{
"type": "FeatureCollection",
"name": "grid",
"crs": { "type": "name", "properties": { "name": "urn:ogc:def:crs:OGC:1.3:CRS84" } },
"features": [
{ "type": "Feature", "properties": { "cell_id": "c0000_0031", "row": 0, "col": 31, "area_m2": 2141.5459864629183 }, "geometry": { "type": "Polygon", "coordinates": [ [ [ -118.330910765226221, 33.99512816390768 ], [ -118.330913804240794, 33.994984394332576 ], [ -118.33220234328256, 33.994966615006881 ], [ -118.332200308276953, 33.995147067979836 ], [ -118.330910765226221, 33.99512816390768 ] ] ] } },
{ "type": "Feature", "properties": { "cell_id": "c0000_0032", "row": 0, "col": 32, "area_m2": 2032.2051033184641 }, "geometry": { "type": "Polygon", "coordinates": [ [ [ -118.330910765226221, 33.99512816390768 ], [ -118.329287473509126, 33.995104346458994 ], [ -118.329289677384537, 33.995000186955536 ], [ -118.329391684992885, 33.99499973701181 ], [ -118.329939318314061, 33.994997554065293 ], [ -118.330803623282634, 33.994985913937555 ], [ -118.330913804240794, 33.994984394332576 ], [ -118.330910765226221, 33.99512816390768 ] ] ] } },
{ "type": "Feature", "properties": { "cell_id": "c0000_0033", "row": 0, "col": 33, "area_m2": 1475.7661833585073 }, "geometry": { "type": "Polygon", "coordinates": [ [ [ -118.329287473509126, 33.995104346458994 ], [ -118.327664182771656, 33.995080505859406 ], [ -118.327665735095692, 33.995007211195862 ], [ -118.328166110218064, 33.995005136830954 ], [ -118.329289677384537, 33.995000186955536 ], [ -118.329287473509126, 33.995104346458994 ] ] ] } },
{ "type": "Feature", "properties": { "cell_id": "c0000_0034", "row": 0, "col": 34, "area_m2": 964.97102805723091 }, "geometry": { "type": "Polygon", "coordinates": [ [ [ -118.327664182771656, 33.995080505859406 ], [ -118.326040893014834, 33.995056642108935 ], [ -118.326041797329751, 33.995013985316987 ], [ -118.326963626989098, 33.99501011816011 ], [ -118.327665735095692, 33.995007211195862 ], [ -118.327664182771656, 33.995080505859406 ] ] ] } },
{ "type": "Feature", "properties": { "cell_id": "c0000_0035", "row": 0, "col": 35, "area_m2": 453.98697531870221 }, "geometry": { "type": "Polygon", "coordinates": [ [ [ -118.326040893014834, 33.995056642108935 ], [ -118.324417604239571, 33.995032755207639 ], [ -118.324417856385068, 33.995020872958541 ], [ -118.324698867902711, 33.995019667716242 ], [ -118.325810628718401, 33.99501495391884 ], [ -118.326041797329751, 33.995013985316987 ], [ -118.326040893014834, 33.995056642108935 ] ] ] } },
{ "type": "Feature", "properties": { "cell_id": "c0000_0036", "row": 0, "col": 36, "area_m2": 38.065070762880673 }, "geometry": { "type": "Polygon", "coordinates": [ [ [ -118.324417604239571, 33.995032755207639 ], [ -118.3237926075834, 33.995023552125581 ], [ -118.324417856385068, 33.995020872958541 ], [ -118.324417604239571, 33.995032755207639 ] ] ] } },
{ "type": "Feature", "properties": { "cell_id": "c0001_0031", "row": 1, "col": 31, "area_m2": 17012.800011190502 }, "geometry": { "type": "Polygon", "coordinates": [ [ [ -118.330882183980279, 33.996480257555262 ], [ -118.330910765226221, 33.99512816390768 ], [ -118.332200308276953, 33.995147067979836 ], [ -118.332195022026426, 33.995615819241252 ], [ -118.332183028763282, 33.99632686234834 ], [ -118.331640300200178, 33.996328355009254 ], [ -118.331639481601741, 33.996491360924161 ], [ -118.330882183980279, 33.996480257555262 ] ] ] } },
{ "type": "Feature", "properties": { "cell_id": "c0001_0032", "row": 1, "col": 32, "area_m2": 22500.0 }, "geometry": { "type": "Polygon", "coordinates": [ [ [ -118.330910765226221, 33.99512816390768 ], [ -118.330882183980279, 33.996480257555262 ], [ -118.32925886447768, 33.996456439734501 ], [ -118.329287473509126, 33.995104346458994 ], [ -118.330910765226221, 33.99512816390768 ] ] ] } },
{ "type": "Feature", "properties": { "cell_id": "c0001_0033", "row": 1, "col": 33, "area_m2": 22500.0 }, "geometry": { "type": "Polygon", "coordinates": [ [ [ -118.329287473509126, 33.995104346458994 ], [ -118.32925886447768, 33.996456439734501 ], [ -118.327635545954791, 33.996432598762496 ], [ -118.327664182771656, 33.995080505859406 ], [ -118.329287473509126, 33.995104346458994 ] ] ] } },
{ "type": "Feature", "properties": { "cell_id": "c0001_0034", "row": 1, "col": 34, "area_m2": 22500.0 }, "geometry": { "type": "Polygon", "coordinates": [ [ [ -118.327664182771656, 33.995080505859406 ], [ -118.327635545954791, 33.996432598762496 ], [ -118.326012228412523, 33.996408734639246 ], [ -118.326040893014834, 33.995056642108935 ], [ -118.327664182771656, 33.995080505859406 ] ] ] } },
{ "type": "Feature", "properties": { "cell_id": "c0001_0035", "row": 1, "col": 35, "area_m2": 22500.0 }, "geometry": { "type": "Polygon", "coordinates": [ [ [ -118.326040893014834, 33.995056642108935 ], [ -118.326012228412523, 33.996408734639246 ], [ -118.324388911851912, 33.996384847364787 ], [ -118.324417604239571, 33.995032755207639 ], [ -118.326040893014834, 33.995056642108935 ] ] ] } },
{ "type": "Feature", "properties": { "cell_id": "c0001_0036", "row": 1, "col": 36, "area_m2": 22402.943399334927 }, "geometry": { "type": "Polygon", "coordinates": [ [ [ -118.324417604239571, 33.995032755207639 ], [ -118.324388911851912, 33.996384847364787 ], [ -118.32276559627384, 33.996360936939112 ], [ -118.322793913601856, 33.995027810672838 ], [ -118.323625045546493, 33.995024269538874 ], [ -118.3237926075834, 33.995023552125581 ], [ -118.324417604239571, 33.995032755207639 ] ] ] } },
{ "type": "Feature", "properties": { "cell_id": "c0001_0037", "row": 1, "col": 37, "area_m2": 21878.725045636125 }, "geometry": { "type": "Polygon", "coordinates": [ [ [ -118.32276559627384, 33.996360936939112 ], [ -118.321142281679286, 33.996337003362264 ], [ -118.321169774400417, 33.995043950033953 ], [ -118.321442783315405, 33.995039375933082 ], [ -118.322419261684018, 33.9950292144363 ], [ -118.32253967654556, 33.995028892667079 ], [ -118.322793913601856, 33.995027810672838 ], [ -118.32276559627384, 33.996360936939112 ] ] ] } },
{ "type": "Feature", "properties": { "cell_id": "c0001_0038", "row": 1, "col": 38, "area_m2": 21101.182537312172 }, "geometry": { "type": "Polygon", "coordinates": [ [ [ -118.321142281679286, 33.996337003362264 ], [ -118.31951896806919, 33.996313046634242 ], [ -118.31954554469597, 33.995064287595675 ], [ -118.31980985884762, 33.995066727642786 ], [ -118.320345920037667, 33.995057749247529 ], [ -118.321169774400417, 33.995043950033953 ], [ -118.321142281679286, 33.996337003362264 ] ] ] } },
{ "type": "Feature", "properties": { "cell_id": "c0001_0039", "row": 1, "col": 39, "area_m2": 20626.109607027563 }, "geometry": { "type": "Polygon", "coordinates": [ [ [ -118.31951896806919, 33.996313046634242 ], [ -118.317895655444531, 33.996289066755082 ], [ -118.317921866297723, 33.995058683029917 ], [ -118.318178450980554, 33.995059361520596 ], [ -118.31868156927554, 33.995062842740374 ], [ -118.319229208524391, 33.995062082312081 ], [ -118.319260547802855, 33.995061655925582 ], [ -118.31954554469597, 33.995064287595675 ], [ -118.31951896806919, 33.996313046634242 ] ] ] } },
{ "type": "Feature", "properties": { "cell_id": "c0001_0040", "row": 1, "col": 40, "area_m2": 9715.0685230032104 }, "geometry": { "type": "Polygon", "coordinates": [ [ [ -118.317895655444531, 33.996289066755082 ], [ -118.31713335071511, 33.996277797852791 ], [ -118.31713759053298, 33.995056605572024 ], [ -118.317921866297723, 33.995058683029917 ], [ -118.317895655444531, 33.996289066755082 ] ] ] } },
{ "type": "Feature", "properties": { "cell_id": "c0002_0015", "row": 2, "col": 15, "area_m2": 10662.150284262592 }, "geometry": { "type": "Polygon", "coordinates": [ [ [ -118.356895148075253, 33.998211271238098 ], [ -118.356904381858882, 33.998159870237487 ], [ -118.356954687979382, 33.997964966572638 ], [ -118.357042919003419, 33.997766515863795 ], [ -118.357187307258116, 33.997584728663767 ], [ -118.357215230939005, 33.997556823889603 ], [ -118.357338396089617, 33.99742730964801 ], [ -118.357394249092081, 33.997372873938659 ], [ -118.357484655977899, 33.997298070355434 ], [ -118.357591492131661, 33.99720776038702 ], [ -118.357718045875743, 33.997099188181537 ], [ -118.358126769975712, 33.997398868028156 ], [ -118.358147147887209, 33.997535170322152 ], [ -118.358255680412995, 33.998226624853693 ], [ -118.358256403204251, 33.998230914463726 ], [ -118.356895148075253, 33.998211271238098 ] ] ] } },
{ "type": "Feature", "properties": { "cell_id": "c0002_0031", "row": 2, "col": 31, "area_m2": 10619.656954381691 }, "geometry": { "type": "Polygon", "coordinates": [ [ [ -118.330853601755607, 33.997832349166991 ], [ -118.330882183980279, 33.996480257555262 ], [ -118.331639481601741, 33.996491360924161 ], [ -118.331635689333339, 33.997246498777365 ], [ -118.331632192411476, 33.99761300535917 ], [ -118.331618056611077, 33.997792343091234 ], [ -118.331611606219397, 33.997843462880581 ], [ -118.330853601755607, 33.997832349166991 ] ] ] } },
{ "type": "Feature", "properties": { "cell_id": "c0002_0032", "row": 2, "col": 32, "area_m2": 22500.0 }, "geometry": { "type": "Polygon", "coordinates": [ [ [ -118.330882183980279, 33.996480257555262 ], [ -118.330853601755607, 33.997832349166991 ], [ -118.329230254466538, 33.997808530974162 ], [ -118.32925886447768, 33.996456439734501 ], [ -118.330882183980279, 33.996480257555262 ] ] ] } },
{ "type": "Feature", "properties": { "cell_id": "c0002_0033", "row": 2, "col": 33, "area_m2": 22500.0 }, "geometry": { "type": "Polygon", "coordinates": [ [ [ -118.32925886447768, 33.996456439734501 ], [ -118.329230254466538, 33.997808530974162 ], [ -118.327606908157236, 33.997784689629718 ], [ -118.327635545954791, 33.996432598762496 ], [ -118.32925886447768, 33.996456439734501 ] ] ] } },
{ "type": "Feature", "properties": { "cell_id": "c0002_0034", "row": 2, "col": 34, "area_m2": 22500.0 }, "geometry": { "type": "Polygon", "coordinates": [ [ [ -118.327635545954791, 33.996432598762496 ], [ -118.327606908157236, 33.997784689629718 ], [ -118.325983562828625, 33.997760825133646 ], [ -118.326012228412523, 33.996408734639246 ], [ -118.327635545954791, 33.996432598762496 ] ] ] } },
{ "type": "Feature", "properties": { "cell_id": "c0002_0035", "row": 2, "col": 35, "area_m2": 22500.0 }, "geometry": { "type": "Polygon", "coordinates": [ [ [ -118.326012228412523, 33.996408734639246 ], [ -118.325983562828625, 33.997760825133646 ], [ -118.324360218481672, 33.997736937486003 ], [ -118.324388911851912, 33.996384847364787 ], [ -118.326012228412523, 33.996408734639246 ] ] ] } },
{ "type": "Feature", "properties": { "cell_id": "c0002_0036", "row": 2, "col": 36, "area_m2": 22500.0 }, "geometry": { "type": "Polygon", "coordinates": [ [ [ -118.324388911851912, 33.996384847364787 ], [ -118.324360218481672, 33.997736937486003 ], [ -118.322736875117357, 33.997713026686803 ], [ -118.32276559627384, 33.996360936939112 ], [ -118.324388911851912, 33.996384847364787 ] ] ] } },
{ "type": "Feature", "properties": { "cell_id": "c0002_0037", "row": 2, "col": 37, "area_m2": 22500.0 }, "geometry": { "type": "Polygon", "coordinates": [ [ [ -118.32276559627384, 33.996360936939112 ], [ -118.322736875117357, 33.997713026686803 ], [ -118.321113532736589, 33.997689092736067 ], [ -118.321142281679286, 33.996337003362264 ], [ -118.32276559627384, 33.996360936939112 ] ] ] } },
{ "type": "Feature", "properties": { "cell_id": "c0002_0038", "row": 2, "col": 38, "area_m2": 22500.0 }, "geometry": { "type": "Polygon", "coordinates": [ [ [ -118.321142281679286, 33.996337003362264 ], [ -118.321113532736589, 33.997689092736067 ], [ -118.31949019134035, 33.997665135633788 ], [ -118.31951896806919, 33.996313046634242 ], [ -118.321142281679286, 33.996337003362264 ] ] ] } },
{ "type": "Feature", "properties": { "cell_id": "c0002_0039", "row": 2, "col": 39, "area_m2": 22500.0 }, "geometry": { "type": "Polygon", "coordinates": [ [ [ -118.31951896806919, 33.996313046634242 ], [ -118.31949019134035, 33.997665135633788 ], [ -118.317866850929548, 33.997641155380023 ], [ -118.317895655444531, 33.996289066755082 ], [ -118.31951896806919, 33.996313046634242 ] ] ] } },
{ "type": "Feature", "properties": { "cell_id": "c0002_0040", "row": 2, "col": 40, "area_m2": 10391.828943153441 }, "geometry": { "type": "Polygon", "coordinates": [ [ [ -118.317895655444531, 33.996289066755082 ], [ -118.317866850929548, 33.997641155380023 ], [ -118.317129778446045, 33.997630259575871 ], [ -118.317132857336404, 33.996419902878657 ], [ -118.31713335071511, 33.996277797852791 ], [ -118.317895655444531, 33.996289066755082 ] ] ] } },
{ "type": "Feature", "properties": { "cell_id": "c0003_0014", "row": 3, "col": 14, "area_m2": 297.16146411130717 }, "geometry": { "type": "Polygon", "coordinates": [ [ [ -118.358422543841627, 33.999585812076056 ], [ -118.358431604826436, 33.999149994979327 ], [ -118.358484864393063, 33.999357035861991 ], [ -118.358565828389118, 33.999587878509864 ], [ -118.358422543841627, 33.999585812076056 ] ] ] } },
{ "type": "Feature", "properties": { "cell_id": "c0003_0015", "row": 3, "col": 15, "area_m2": 21357.161845783026 }, "geometry": { "type": "Polygon", "coordinates": [ [ [ -118.358422543841627, 33.999585812076056 ], [ -118.356799152253899, 33.999562387097704 ], [ -118.35681715317007, 33.998697425715882 ], [ -118.356856121836515, 33.998447852639728 ], [ -118.356888268380672, 33.99824956786442 ], [ -118.356895148075253, 33.998211271238098 ], [ -118.358256403204251, 33.998230914463726 ], [ -118.358301379955719, 33.998497840803608 ], [ -118.358382535448499, 33.99895924198303 ], [ -118.358431604826436, 33.999149994979327 ], [ -118.358422543841627, 33.999585812076056 ] ] ] } },
{ "type": "Feature", "properties": { "cell_id": "c0003_0016", "row": 3, "col": 16, "area_m2": 574.65265911255153 }, "geometry": { "type": "Polygon", "coordinates": [ [ [ -118.356799152253899, 33.999562387097704 ], [ -118.356655574308988, 33.999560314202633 ], [ -118.356746929592546, 33.999147165276952 ], [ -118.35681715317007, 33.998697425715882 ], [ -118.356799152253899, 33.999562387097704 ] ] ] } },
{ "type": "Feature", "properties": { "cell_id": "c0003_0031", "row": 3, "col": 31, "area_m2": 9625.2460280936248 }, "geometry": { "type": "Polygon", "coordinates": [ [ [ -118.330825018552119, 33.999184438743562 ], [ -118.330853601755607, 33.997832349166991 ], [ -118.331611606219397, 33.997843462880581 ], [ -118.331560478976911, 33.998248647270657 ], [ -118.331508374233408, 33.998420875263804 ], [ -118.331505358167419, 33.998908973443569 ], [ -118.331504689444046, 33.999194404164761 ], [ -118.330825018552119, 33.999184438743562 ] ] ] } },
{ "type": "Feature", "properties": { "cell_id": "c0003_0032", "row": 3, "col": 32, "area_m2": 22500.0 }, "geometry": { "type": "Polygon", "coordinates": [ [ [ -118.330853601755607, 33.997832349166991 ], [ -118.330825018552119, 33.999184438743562 ], [ -118.329201643475642, 33.999160620178635 ], [ -118.329230254466538, 33.997808530974162 ], [ -118.330853601755607, 33.997832349166991 ] ] ] } },
{ "type": "Feature", "properties": { "cell_id": "c0003_0033", "row": 3, "col": 33, "area_m2": 22500.0 }, "geometry": { "type": "Polygon", "coordinates": [ [ [ -118.329230254466538, 33.997808530974162 ], [ -118.329201643475642, 33.999160620178635 ], [ -118.327578269378975, 33.999136778461697 ], [ -118.327606908157236, 33.997784689629718 ], [ -118.329230254466538, 33.997808530974162 ] ] ] } },
{ "type": "Feature", "properties": { "cell_id": "c0003_0034", "row": 3, "col": 34, "area_m2": 22500.0 }, "geometry": { "type": "Polygon", "coordinates": [ [ [ -118.327606908157236, 33.997784689629718 ], [ -118.327578269378975, 33.999136778461697 ], [ -118.325954896263056, 33.999112913592811 ], [ -118.325983562828625, 33.997760825133646 ], [ -118.327606908157236, 33.997784689629718 ] ] ] } },
{ "type": "Feature", "properties": { "cell_id": "c0003_0035", "row": 3, "col": 35, "area_m2": 22500.0 }, "geometry": { "type": "Polygon", "coordinates": [ [ [ -118.325983562828625, 33.997760825133646 ], [ -118.325954896263056, 33.999112913592811 ], [ -118.324331524128837, 33.999089025571983 ], [ -118.324360218481672, 33.997736937486003 ], [ -118.325983562828625, 33.997760825133646 ] ] ] } },
{ "type": "Feature", "properties": { "cell_id": "c0003_0036", "row": 3, "col": 36, "area_m2": 22500.0 }, "geometry": { "type": "Polygon", "coordinates": [ [ [ -118.324360218481672, 33.997736937486003 ], [ -118.324331524128837, 33.999089025571983 ], [ -118.322708152977313, 33.99906511439923 ], [ -118.322736875117357, 33.997713026686803 ], [ -118.324360218481672, 33.997736937486003 ] ] ] } },
{ "type": "Feature", "properties": { "cell_id": "c0003_0037", "row": 3, "col": 37, "area_m2": 22500.0 }, "geometry": { "type": "Polygon", "coordinates": [ [ [ -118.322736875117357, 33.997713026686803 ], [ -118.322708152977313, 33.99906511439923 ], [ -118.321084782809393, 33.999041180074556 ], [ -118.321113532736589, 33.997689092736067 ], [ -118.322736875117357, 33.997713026686803 ] ] ] } },
{ "type": "Feature", "properties": { "cell_id": "c0003_0038", "row": 3, "col": 38, "area_m2": 22500.0 }, "geometry": { "type": "Polygon", "coordinates": [ [ [ -118.321113532736589, 33.997689092736067 ], [ -118.321084782809393, 33.999041180074556 ], [ -118.319461413626016, 33.999017222598006 ], [ -118.31949019134035, 33.997665135633788 ], [ -118.321113532736589, 33.997689092736067 ] ] ] } },
{ "type": "Feature", "properties": { "cell_id": "c0003_0039", "row": 3, "col": 39, "area_m2": 22500.0 }, "geometry": { "type": "Polygon", "coordinates": [ [ [ -118.31949019134035, 33.997665135633788 ], [ -118.319461413626016, 33.999017222598006 ], [ -118.317838045428189, 33.998993241969586 ], [ -118.317866850929548, 33.997641155380023 ], [ -118.31949019134035, 33.997665135633788 ] ] ] } },
{ "type": "Feature", "properties": { "cell_id": "c0003_0040", "row": 3, "col": 40, "area_m2": 10040.189058748365 }, "geometry": { "type": "Polygon", "coordinates": [ [ [ -118.317866850929548, 33.997641155380023 ], [ -118.317838045428189, 33.998993241969586 ], [ -118.317126337954349, 33.998982721219839 ], [ -118.317129778446045, 33.997630259575871 ], [ -118.317866850929548, 33.997641155380023 ] ] ] } },
{ "type": "Feature", "properties": { "cell_id": "c0004_0014", "row": 4, "col": 14, "area_m2": 7009.815898360097 }, "geometry": { "type": "Polygon", "coordinates": [ [ [ -118.358394432069119, 34.000937905889174 ], [ -118.358422543841627, 33.999585812076056 ], [ -118.358565828389118, 33.999587878509864 ], [ -118.35860677464386, 33.999704622953381 ], [ -118.358851253604229, 34.000167599356914 ], [ -118.358929369569694, 34.000303729857457 ], [ -118.359205273245166, 34.000785160199214 ], [ -118.35927218506535, 34.000950561892893 ], [ -118.358394432069119, 34.000937905889174 ] ] ] } },
{ "type": "Feature", "properties": { "cell_id": "c0004_0015", "row": 4, "col": 15, "area_m2": 22500.0 }, "geometry": { "type": "Polygon", "coordinates": [ [ [ -118.358422543841627, 33.999585812076056 ], [ -118.358394432069119, 34.000937905889174 ], [ -118.356771012692164, 34.000914480544836 ], [ -118.356799152253899, 33.999562387097704 ], [ -118.358422543841627, 33.999585812076056 ] ] ] } },
{ "type": "Feature", "properties": { "cell_id": "c0004_0016", "row": 4, "col": 16, "area_m2": 6042.1587723748962 }, "geometry": { "type": "Polygon", "coordinates": [ [ [ -118.356799152253899, 33.999562387097704 ], [ -118.356771012692164, 34.000914480544836 ], [ -118.355854500484938, 34.000901245379559 ], [ -118.355907925067214, 34.000851260272348 ], [ -118.356021280822048, 34.000740667864861 ], [ -118.356126330150119, 34.000616704021311 ], [ -118.356233014161234, 34.000489300430516 ], [ -118.356365717262179, 34.000273887349259 ], [ -118.356485294541685, 34.000075344466836 ], [ -118.356560325887173, 33.999875214765304 ], [ -118.356620692344094, 33.999718064638508 ], [ -118.356655574308988, 33.999560314202633 ], [ -118.356799152253899, 33.999562387097704 ] ] ] } },
{ "type": "Feature", "properties": { "cell_id": "c0004_0031", "row": 4, "col": 31, "area_m2": 9592.0484813253952 }, "geometry": { "type": "Polygon", "coordinates": [ [ [ -118.330796434369759, 34.000536526285664 ], [ -118.330825018552119, 33.999184438743562 ], [ -118.331504689444046, 33.999194404164761 ], [ -118.331502905302557, 33.999955917470047 ], [ -118.331500120199692, 34.000546843727264 ], [ -118.330796434369759, 34.000536526285664 ] ] ] } },
{ "type": "Feature", "properties": { "cell_id": "c0004_0032", "row": 4, "col": 32, "area_m2": 22500.0 }, "geometry": { "type": "Polygon", "coordinates": [ [ [ -118.330825018552119, 33.999184438743562 ], [ -118.330796434369759, 34.000536526285664 ], [ -118.329173031504922, 34.00051270734857 ], [ -118.329201643475642, 33.999160620178635 ], [ -118.330825018552119, 33.999184438743562 ] ] ] } },
{ "type": "Feature", "properties": { "cell_id": "c0004_0033", "row": 4, "col": 33, "area_m2": 22500.0 }, "geometry": { "type": "Polygon", "coordinates": [ [ [ -118.329201643475642, 33.999160620178635 ], [ -118.329173031504922, 34.00051270734857 ], [ -118.327549629619924, 34.00048886525915 ], [ -118.327578269378975, 33.999136778461697 ], [ -118.329201643475642, 33.999160620178635 ] ] ] } },
{ "type": "Feature", "properties": { "cell_id": "c0004_0034", "row": 4, "col": 34, "area_m2": 22500.0 }, "geometry": { "type": "Polygon", "coordinates": [ [ [ -118.327578269378975, 33.999136778461697 ], [ -118.327549629619924, 34.00048886525915 ], [ -118.325926228715758, 34.000465000017407 ], [ -118.325954896263056, 33.999112913592811 ], [ -118.327578269378975, 33.999136778461697 ] ] ] } },
{ "type": "Feature", "properties": { "cell_id": "c0004_0035", "row": 4, "col": 35, "area_m2": 22500.0 }, "geometry": { "type": "Polygon", "coordinates": [ [ [ -118.325954896263056, 33.999112913592811 ], [ -118.325926228715758, 34.000465000017407 ], [ -118.32430282879335, 34.000441111623338 ], [ -118.324331524128837, 33.999089025571983 ], [ -118.325954896263056, 33.999112913592811 ] ] ] } },
{ "type": "Feature", "properties": { "cell_id": "c0004_0036", "row": 4, "col": 36, "area_m2": 22500.0 }, "geometry": { "type": "Polygon", "coordinates": [ [ [ -118.324331524128837, 33.999089025571983 ], [ -118.32430282879335, 34.000441111623338 ], [ -118.32267942985365, 34.00041720007701 ], [ -118.322708152977313, 33.99906511439923 ], [ -118.324331524128837, 33.999089025571983 ] ] ] } },
{ "type": "Feature", "properties": { "cell_id": "c0004_0037", "row": 4, "col": 37, "area_m2": 22500.0 }, "geometry": { "type": "Polygon", "coordinates": [ [ [ -118.322708152977313, 33.99906511439923 ], [ -118.32267942985365, 34.00041720007701 ], [ -118.321056031897598, 34.000393265378392 ], [ -118.321084782809393, 33.999041180074556 ], [ -118.322708152977313, 33.99906511439923 ] ] ] } },
{ "type": "Feature", "properties": { "cell_id": "c0004_0038", "row": 4, "col": 38, "area_m2": 22500.0 }, "geometry": { "type": "Polygon", "coordinates": [ [ [ -118.321084782809393, 33.999041180074556 ], [ -118.321056031897598, 34.000393265378392 ], [ -118.319432634926173, 34.000369307527542 ], [ -118.319461413626016, 33.999017222598006 ], [ -118.321084782809393, 33.999041180074556 ] ] ] } },
{ "type": "Feature", "properties": { "cell_id": "c0004_0039", "row": 4, "col": 39, "area_m2": 22500.0 }, "geometry": { "type": "Polygon", "coordinates": [ [ [ -118.319461413626016, 33.999017222598006 ], [ -118.319432634926173, 34.000369307527542 ], [ -118.317809238940328, 34.00034532652446 ], [ -118.317838045428189, 33.998993241969586 ], [ -118.319461413626016, 33.999017222598006 ] ] ] } },
{ "type": "Feature", "properties": { "cell_id": "c0004_0040", "row": 4, "col": 40, "area_m2": 9688.6636262916145 }, "geometry": { "type": "Polygon", "coordinates": [ [ [ -118.317838045428189, 33.998993241969586 ], [ -118.317809238940328, 34.00034532652446 ], [ -118.317122742878766, 34.000335178551346 ], [ -118.317123579469225, 34.000067376053373 ], [ -118.317123775108243, 33.99999014784337 ], [ -118.317126337954349, 33.998982721219839 ], [ -118.317838045428189, 33.998993241969586 ] ] ] } },
{ "type": "Feature", "properties": { "cell_id": "c0005_0014", "row": 5, "col": 14, "area_m2": 13289.165240986968 }, "geometry": { "type": "Polygon", "coordinates": [ [ [ -118.358366319333868, 34.002289997668868 ], [ -118.358394432069119, 34.000937905889174 ], [ -118.35927218506535, 34.000950561892893 ], [ -118.359326989151185, 34.001086033482004 ], [ -118.359340547324564, 34.001170146482636 ], [ -118.359377801850599, 34.001394330946191 ], [ -118.359378932766646, 34.001657779150136 ], [ -118.35936178203508, 34.001889682246087 ], [ -118.359269084164652, 34.002200466994843 ], [ -118.359238136526358, 34.002302568090414 ], [ -118.358366319333868, 34.002289997668868 ] ] ] } },
{ "type": "Feature", "properties": { "cell_id": "c0005_0015", "row": 5, "col": 15, "area_m2": 22500.0 }, "geometry": { "type": "Polygon", "coordinates": [ [ [ -118.358394432069119, 34.000937905889174 ], [ -118.358366319333868, 34.002289997668868 ], [ -118.356742872166748, 34.002266571958515 ], [ -118.356771012692164, 34.000914480544836 ], [ -118.358394432069119, 34.000937905889174 ] ] ] } },
{ "type": "Feature", "properties": { "cell_id": "c0005_0016", "row": 5, "col": 16, "area_m2": 20388.366045734921 }, "geometry": { "type": "Polygon", "coordinates": [ [ [ -118.356771012692164, 34.000914480544836 ], [ -118.356742872166748, 34.002266571958515 ], [ -118.355119425963395, 34.00224312309512 ], [ -118.355136215312271, 34.001437233073673 ], [ -118.355251892799942, 34.001363610778768 ], [ -118.355365422530568, 34.001293892062343 ], [ -118.355513405645098, 34.00117941985453 ], [ -118.355705792773151, 34.001033216157367 ], [ -118.355779762940998, 34.00097117116691 ], [ -118.355854500484938, 34.000901245379559 ], [ -118.356771012692164, 34.000914480544836 ] ] ] } },
{ "type": "Feature", "properties": { "cell_id": "c0005_0017", "row": 5, "col": 17, "area_m2": 4500.8686620434892 }, "geometry": { "type": "Polygon", "coordinates": [ [ [ -118.355119425963395, 34.00224312309512 ], [ -118.354092432752111, 34.002228277364395 ], [ -118.354127064816112, 34.002198833426988 ], [ -118.354258530474823, 34.002078915495453 ], [ -118.354416357612308, 34.001951019899749 ], [ -118.354768247806319, 34.001682755285131 ], [ -118.354868558026851, 34.001607581067297 ], [ -118.355136215312271, 34.001437233073673 ], [ -118.355119425963395, 34.00224312309512 ] ] ] } },
{ "type": "Feature", "properties": { "cell_id": "c0005_0031", "row": 5, "col": 31, "area_m2": 10197.55801091079 }, "geometry": { "type": "Polygon", "coordinates": [ [ [ -118.330767849208499, 34.001888611793902 ], [ -118.330796434369759, 34.000536526285664 ], [ -118.331500120199692, 34.000546843727264 ], [ -118.331499319434627, 34.000716743504192 ], [ -118.331497361227974, 34.001055423827829 ], [ -118.331498426163861, 34.001324367942509 ], [ -118.331497457935967, 34.00149645639344 ], [ -118.331559235653174, 34.001683484829641 ], [ -118.331629798142785, 34.001901249070762 ], [ -118.330767849208499, 34.001888611793902 ] ] ] } },
{ "type": "Feature", "properties": { "cell_id": "c0005_0032", "row": 5, "col": 32, "area_m2": 22500.0 }, "geometry": { "type": "Polygon", "coordinates": [ [ [ -118.330796434369759, 34.000536526285664 ], [ -118.330767849208499, 34.001888611793902 ], [ -118.32914441855435, 34.001864792484668 ], [ -118.329173031504922, 34.00051270734857 ], [ -118.330796434369759, 34.000536526285664 ] ] ] } },
{ "type": "Feature", "properties": { "cell_id": "c0005_0033", "row": 5, "col": 33, "area_m2": 22500.0 }, "geometry": { "type": "Polygon", "coordinates": [ [ [ -118.329173031504922, 34.00051270734857 ], [ -118.32914441855435, 34.001864792484668 ], [ -118.32752098888011, 34.001840950022725 ], [ -118.327549629619924, 34.00048886525915 ], [ -118.329173031504922, 34.00051270734857 ] ] ] } },
{ "type": "Feature", "properties": { "cell_id": "c0005_0034", "row": 5, "col": 34, "area_m2": 22500.0 }, "geometry": { "type": "Polygon", "coordinates": [ [ [ -118.327549629619924, 34.00048886525915 ], [ -118.32752098888011, 34.001840950022725 ], [ -118.325897560186718, 34.001817084408088 ], [ -118.325926228715758, 34.000465000017407 ], [ -118.327549629619924, 34.00048886525915 ] ] ] } },
{ "type": "Feature", "properties": { "cell_id": "c0005_0035", "row": 5, "col": 35, "area_m2": 22500.0 }, "geometry": { "type": "Polygon", "coordinates": [ [ [ -118.325926228715758, 34.000465000017407 ], [ -118.325897560186718, 34.001817084408088 ], [ -118.324274132475139, 34.001793195640793 ], [ -118.32430282879335, 34.000441111623338 ], [ -118.325926228715758, 34.000465000017407 ] ] ] } },
{ "type": "Feature", "properties": { "cell_id": "c0005_0036", "row": 5, "col": 36, "area_m2": 22500.0 }, "geometry": { "type": "Polygon", "coordinates": [ [ [ -118.32430282879335, 34.000441111623338 ], [ -118.324274132475139, 34.001793195640793 ], [ -118.322650705746327, 34.001769283720847 ], [ -118.32267942985365, 34.00041720007701 ], [ -118.32430282879335, 34.000441111623338 ] ] ] } },
{ "type": "Feature", "properties": { "cell_id": "c0005_0037", "row": 5, "col": 37, "area_m2": 22500.0 }, "geometry": { "type": "Polygon", "coordinates": [ [ [ -118.32267942985365, 34.00041720007701 ], [ -118.322650705746327, 34.001769283720847 ], [ -118.321027280001204, 34.001745348648257 ], [ -118.321056031897598, 34.000393265378392 ], [ -118.32267942985365, 34.00041720007701 ] ] ] } },
{ "type": "Feature", "properties": { "cell_id": "c0005_0038", "row": 5, "col": 38, "area_m2": 22500.0 }, "geometry": { "type": "Polygon", "coordinates": [ [ [ -118.321056031897598, 34.000393265378392 ], [ -118.321027280001204, 34.001745348648257 ], [ -118.319403855240793, 34.001721390423079 ], [ -118.319432634926173, 34.000369307527542 ], [ -118.321056031897598, 34.000393265378392 ] ] ] } },
{ "type": "Feature", "properties": { "cell_id": "c0005_0039", "row": 5, "col": 39, "area_m2": 22500.0 }, "geometry": { "type": "Polygon", "coordinates": [ [ [ -118.319432634926173, 34.000369307527542 ], [ -118.319403855240793, 34.001721390423079 ], [ -118.317780431465977, 34.00169740904532 ], [ -118.317809238940328, 34.00034532652446 ], [ -118.319432634926173, 34.000369307527542 ] ] ] } },
{ "type": "Feature", "properties": { "cell_id": "c0005_0040", "row": 5, "col": 40, "area_m2": 9343.5790891377383 }, "geometry": { "type": "Polygon", "coordinates": [ [ [ -118.317809238940328, 34.00034532652446 ], [ -118.317780431465977, 34.00169740904532 ], [ -118.317119257950694, 34.00168763548524 ], [ -118.317119105980836, 34.001499370548551 ], [ -118.317122742878766, 34.000335178551346 ], [ -118.317809238940328, 34.00034532652446 ] ] ] } },
{ "type": "Feature", "properties": { "cell_id": "c0006_0014", "row": 6, "col": 14, "area_m2": 9449.0799884340959 }, "geometry": { "type": "Polygon", "coordinates": [ [ [ -118.358338205635846, 34.003642087415805 ], [ -118.358366319333868, 34.002289997668868 ], [ -118.359238136526358, 34.002302568090414 ], [ -118.358829960305584, 34.003649178662059 ], [ -118.358338205635846, 34.003642087415805 ] ] ] } },
{ "type": "Feature", "properties": { "cell_id": "c0006_0015", "row": 6, "col": 15, "area_m2": 22500.0 }, "geometry": { "type": "Polygon", "coordinates": [ [ [ -118.358366319333868, 34.002289997668868 ], [ -118.358338205635846, 34.003642087415805 ], [ -118.356714730677609, 34.003618661339409 ], [ -118.356742872166748, 34.002266571958515 ], [ -118.358366319333868, 34.002289997668868 ] ] ] } },
{ "type": "Feature", "properties": { "cell_id": "c0006_0016", "row": 6, "col": 16, "area_m2": 22500.0 }, "geometry": { "type": "Polygon", "coordinates": [ [ [ -118.356742872166748, 34.002266571958515 ], [ -118.356714730677609, 34.003618661339409 ], [ -118.355091256683181, 34.003595212109609 ], [ -118.355119425963395, 34.00224312309512 ], [ -118.356742872166748, 34.002266571958515 ] ] ] } },
{ "type": "Feature", "properties": { "cell_id": "c0006_0017", "row": 6, "col": 17, "area_m2": 20660.598563634117 }, "geometry": { "type": "Polygon", "coordinates": [ [ [ -118.355119425963395, 34.00224312309512 ], [ -118.355091256683181, 34.003595212109609 ], [ -118.353467783653471, 34.003571739726439 ], [ -118.353483325361935, 34.002826499242957 ], [ -118.353602974662721, 34.002708726841888 ], [ -118.353867463610086, 34.002446216625628 ], [ -118.354036658356947, 34.00227569629282 ], [ -118.354092432752111, 34.002228277364395 ], [ -118.355119425963395, 34.00224312309512 ] ] ] } },
{ "type": "Feature", "properties": { "cell_id": "c0006_0018", "row": 6, "col": 18, "area_m2": 2784.9138226102482 }, "geometry": { "type": "Polygon", "coordinates": [ [ [ -118.353467783653471, 34.003571739726439 ], [ -118.352739606953762, 34.003561204127465 ], [ -118.352827552288815, 34.003473873055711 ], [ -118.353280975018336, 34.003025674261814 ], [ -118.353483325361935, 34.002826499242957 ], [ -118.353467783653471, 34.003571739726439 ] ] ] } },
{ "type": "Feature", "properties": { "cell_id": "c0006_0031", "row": 6, "col": 31, "area_m2": 16239.470532975267 }, "geometry": { "type": "Polygon", "coordinates": [ [ [ -118.330739263068295, 34.003240695268978 ], [ -118.330767849208499, 34.001888611793902 ], [ -118.331629798142785, 34.001901249070762 ], [ -118.331649419445597, 34.001961802515993 ], [ -118.331727924017471, 34.002206490024015 ], [ -118.331784604092448, 34.002355750156561 ], [ -118.331841204037332, 34.002484744095625 ], [ -118.331904394597188, 34.002611658988393 ], [ -118.331960883215999, 34.002712487587054 ], [ -118.332010706599846, 34.002796504737674 ], [ -118.332063851194803, 34.002886007554821 ], [ -118.332183294405624, 34.003053985466558 ], [ -118.332282734612846, 34.003169465458051 ], [ -118.332360219939716, 34.003264455132971 ], [ -118.330739263068295, 34.003240695268978 ] ] ] } },
{ "type": "Feature", "properties": { "cell_id": "c0006_0032", "row": 6, "col": 32, "area_m2": 22500.0 }, "geometry": { "type": "Polygon", "coordinates": [ [ [ -118.330767849208499, 34.001888611793902 ], [ -118.330739263068295, 34.003240695268978 ], [ -118.329115804623882, 34.003216875587547 ], [ -118.32914441855435, 34.001864792484668 ], [ -118.330767849208499, 34.001888611793902 ] ] ] } },
{ "type": "Feature", "properties": { "cell_id": "c0006_0033", "row": 6, "col": 33, "area_m2": 22500.0 }, "geometry": { "type": "Polygon", "coordinates": [ [ [ -118.32914441855435, 34.001864792484668 ], [ -118.329115804623882, 34.003216875587547 ], [ -118.327492347159406, 34.003193032753067 ], [ -118.32752098888011, 34.001840950022725 ], [ -118.32914441855435, 34.001864792484668 ] ] ] } },
{ "type": "Feature", "properties": { "cell_id": "c0006_0034", "row": 6, "col": 34, "area_m2": 22500.0 }, "geometry": { "type": "Polygon", "coordinates": [ [ [ -118.32752098888011, 34.001840950022725 ], [ -118.327492347159406, 34.003193032753067 ], [ -118.325868890675864, 34.003169166765517 ], [ -118.325897560186718, 34.001817084408088 ], [ -118.32752098888011, 34.001840950022725 ] ] ] } },
{ "type": "Feature", "properties": { "cell_id": "c0006_0035", "row": 6, "col": 35, "area_m2": 22500.0 }, "geometry": { "type": "Polygon", "coordinates": [ [ [ -118.325897560186718, 34.001817084408088 ], [ -118.325868890675864, 34.003169166765517 ], [ -118.324245435174163, 34.003145277624952 ], [ -118.324274132475139, 34.001793195640793 ], [ -118.325897560186718, 34.001817084408088 ] ] ] } },
{ "type": "Feature", "properties": { "cell_id": "c0006_0036", "row": 6, "col": 36, "area_m2": 22500.0 }, "geometry": { "type": "Polygon", "coordinates": [ [ [ -118.324274132475139, 34.001793195640793 ], [ -118.324245435174163, 34.003145277624952 ], [ -118.322621980655285, 34.003121365331374 ], [ -118.322650705746327, 34.001769283720847 ], [ -118.324274132475139, 34.001793195640793 ] ] ] } },
{ "type": "Feature", "properties": { "cell_id": "c0006_0037", "row": 6, "col": 37, "area_m2": 22500.0 }, "geometry": { "type": "Polygon", "coordinates": [ [ [ -118.322650705746327, 34.001769283720847 ], [ -118.322621980655285, 34.003121365331374 ], [ -118.320998527120167, 34.003097429884811 ], [ -118.321027280001204, 34.001745348648257 ], [ -118.322650705746327, 34.001769283720847 ] ] ] } },
{ "type": "Feature", "properties": { "cell_id": "c0006_0038", "row": 6, "col": 38, "area_m2": 22500.0 }, "geometry": { "type": "Polygon", "coordinates": [ [ [ -118.321027280001204, 34.001745348648257 ], [ -118.320998527120167, 34.003097429884811 ], [ -118.319375074569777, 34.00307347128529 ], [ -118.319403855240793, 34.001721390423079 ], [ -118.321027280001204, 34.001745348648257 ] ] ] } },
{ "type": "Feature", "properties": { "cell_id": "c0006_0039", "row": 6, "col": 39, "area_m2": 22500.0 }, "geometry": { "type": "Polygon", "coordinates": [ [ [ -118.319403855240793, 34.001721390423079 ], [ -118.319375074569777, 34.00307347128529 ], [ -118.317751623005051, 34.003049489532799 ], [ -118.317780431465977, 34.00169740904532 ], [ -118.319403855240793, 34.001721390423079 ] ] ] } },
{ "type": "Feature", "properties": { "cell_id": "c0006_0040", "row": 6, "col": 40, "area_m2": 8956.3249228718632 }, "geometry": { "type": "Polygon", "coordinates": [ [ [ -118.317780431465977, 34.00169740904532 ], [ -118.317751623005051, 34.003049489532799 ], [ -118.317120349746446, 34.003040158059463 ], [ -118.317119257950694, 34.00168763548524 ], [ -118.317780431465977, 34.00169740904532 ] ] ] } },
{ "type": "Feature", "properties": { "cell_id": "c0007_0014", "row": 7, "col": 14, "area_m2": 4181.0998790302192 }, "geometry": { "type": "Polygon", "coordinates": [ [ [ -118.358310090974953, 34.004994175130626 ], [ -118.358338205635846, 34.003642087415805 ], [ -118.358829960305584, 34.003649178662059 ], [ -118.358764817637493, 34.003864085692747 ], [ -118.358421696556931, 34.004995784699851 ], [ -118.358310090974953, 34.004994175130626 ] ] ] } },
{ "type": "Feature", "properties": { "cell_id": "c0007_0015", "row": 7, "col": 15, "area_m2": 22500.0 }, "geometry": { "type": "Polygon", "coordinates": [ [ [ -118.358338205635846, 34.003642087415805 ], [ -118.358310090974953, 34.004994175130626 ], [ -118.356686588224676, 34.004970748688166 ], [ -118.356714730677609, 34.003618661339409 ], [ -118.358338205635846, 34.003642087415805 ] ] ] } },
{ "type": "Feature", "properties": { "cell_id": "c0007_0016", "row": 7, "col": 16, "area_m2": 22500.0 }, "geometry": { "type": "Polygon", "coordinates": [ [ [ -118.356714730677609, 34.003618661339409 ], [ -118.356686588224676, 34.004970748688166 ], [ -118.355063086438221, 34.004947299091945 ], [ -118.355091256683181, 34.003595212109609 ], [ -118.356714730677609, 34.003618661339409 ] ] ] } },
{ "type": "Feature", "properties": { "cell_id": "c0007_0017", "row": 7, "col": 17, "area_m2": 22500.0 }, "geometry": { "type": "Polygon", "coordinates": [ [ [ -118.355091256683181, 34.003595212109609 ], [ -118.355063086438221, 34.004947299091945 ], [ -118.353439585616556, 34.00492382634198 ], [ -118.353467783653471, 34.003571739726439 ], [ -118.355091256683181, 34.003595212109609 ] ] ] } },
{ "type": "Feature", "properties": { "cell_id": "c0007_0018", "row": 7, "col": 18, "area_m2": 18383.089806583128 }, "geometry": { "type": "Polygon", "coordinates": [ [ [ -118.353467783653471, 34.003571739726439 ], [ -118.353439585616556, 34.00492382634198 ], [ -118.351816085760632, 34.004900330438318 ], [ -118.351826563164423, 34.004398442808629 ], [ -118.351879400299012, 34.004359051020671 ], [ -118.352006017396064, 34.004261476083968 ], [ -118.352135917669528, 34.004160113120939 ], [ -118.352461202222543, 34.003837662534565 ], [ -118.352739606953762, 34.003561204127465 ], [ -118.353467783653471, 34.003571739726439 ] ] ] } },
{ "type": "Feature", "properties": { "cell_id": "c0007_0019", "row": 7, "col": 19, "area_m2": 1980.0364327159925 }, "geometry": { "type": "Polygon", "coordinates": [ [ [ -118.351816085760632, 34.004900330438318 ], [ -118.350899807439205, 34.00488705948451 ], [ -118.35099889419277, 34.004857261928834 ], [ -118.351059830673407, 34.004832697399216 ], [ -118.351229467930111, 34.004764881171155 ], [ -118.351346400155904, 34.004717827129284 ], [ -118.35150108624272, 34.004625666739869 ], [ -118.351612982490749, 34.004558018118523 ], [ -118.351682057357266, 34.004507324847822 ], [ -118.351775793382259, 34.004436293256944 ], [ -118.351826563164423, 34.004398442808629 ], [ -118.351816085760632, 34.004900330438318 ] ] ] } },
{ "type": "Feature", "properties": { "cell_id": "c0007_0021", "row": 7, "col": 21, "area_m2": 463.07869521137906 }, "geometry": { "type": "Polygon", "coordinates": [ [ [ -118.346945591996842, 34.004829703805235 ], [ -118.346948115636962, 34.004709173368546 ], [ -118.347139727486493, 34.004743051982622 ], [ -118.347696706971419, 34.004840609260668 ], [ -118.346945591996842, 34.004829703805235 ] ] ] } },
{ "type": "Feature", "properties": { "cell_id": "c0007_0022", "row": 7, "col": 22, "area_m2": 3040.9915926488106 }, "geometry": { "type": "Polygon", "coordinates": [ [ [ -118.346945591996842, 34.004829703805235 ], [ -118.345322096013405, 34.004806115286911 ], [ -118.345326245804415, 34.004608113224791 ], [ -118.345707211159336, 34.004607022584082 ], [ -118.345918379820901, 34.004608134959156 ], [ -118.346162619347965, 34.004628043686793 ], [ -118.346454701143045, 34.004647814598023 ], [ -118.346573525895181, 34.004658808392151 ], [ -118.346849165046748, 34.004691677919602 ], [ -118.346948115636962, 34.004709173368546 ], [ -118.346945591996842, 34.004829703805235 ] ] ] } },
{ "type": "Feature", "properties": { "cell_id": "c0007_0023", "row": 7, "col": 23, "area_m2": 3059.9146750362843 }, "geometry": { "type": "Polygon", "coordinates": [ [ [ -118.345322096013405, 34.004806115286911 ], [ -118.343698601000469, 34.004782503614983 ], [ -118.34370216225625, 34.004612749369514 ], [ -118.344969798054905, 34.004609132521132 ], [ -118.345326245804415, 34.004608113224791 ], [ -118.345322096013405, 34.004806115286911 ] ] ] } },
{ "type": "Feature", "properties": { "cell_id": "c0007_0024", "row": 7, "col": 24, "area_m2": 2471.3239379330112 }, "geometry": { "type": "Polygon", "coordinates": [ [ [ -118.343698601000469, 34.004782503614983 ], [ -118.342075106958973, 34.004758868789445 ], [ -118.342077104181044, 34.004663760587277 ], [ -118.342111037246013, 34.004656426675744 ], [ -118.342280917650228, 34.004646670984634 ], [ -118.342381510948414, 34.004637111625556 ], [ -118.342549696291883, 34.004616025425051 ], [ -118.342653626864688, 34.004615730408503 ], [ -118.34370216225625, 34.004612749369514 ], [ -118.343698601000469, 34.004782503614983 ] ] ] } },
{ "type": "Feature", "properties": { "cell_id": "c0007_0025", "row": 7, "col": 25, "area_m2": 197.07513826653442 }, "geometry": { "type": "Polygon", "coordinates": [ [ [ -118.342075106958973, 34.004758868789445 ], [ -118.341679822928825, 34.004753110737589 ], [ -118.341830832482231, 34.004716986640588 ], [ -118.342077104181044, 34.004663760587277 ], [ -118.342075106958973, 34.004758868789445 ] ] ] } },
{ "type": "Feature", "properties": { "cell_id": "c0007_0030", "row": 7, "col": 30, "area_m2": 11260.357028874745 }, "geometry": { "type": "Polygon", "coordinates": [ [ [ -118.332334163163793, 34.004616573611727 ], [ -118.332362660081927, 34.0032674465116 ], [ -118.332377226381325, 34.003285303381318 ], [ -118.332451772346374, 34.003363412158258 ], [ -118.332496969606694, 34.003408052214908 ], [ -118.332532925312819, 34.003443563583595 ], [ -118.332667016670456, 34.003561008685281 ], [ -118.332763041383856, 34.003646958174855 ], [ -118.332854084780649, 34.003725022122204 ], [ -118.33304101862602, 34.003855373419164 ], [ -118.333168408748406, 34.003946731762326 ], [ -118.333280906896704, 34.004026796160197 ], [ -118.333361995361969, 34.004090116551744 ], [ -118.333466253684122, 34.004172265336102 ], [ -118.333575525588657, 34.004270542969593 ], [ -118.33372953648184, 34.004418158344642 ], [ -118.333858765282585, 34.00455622545968 ], [ -118.3339266149992, 34.004639893090996 ], [ -118.332334163163793, 34.004616573611727 ] ] ] } },
{ "type": "Feature", "properties": { "cell_id": "c0007_0031", "row": 7, "col": 31, "area_m2": 22499.962102875441 }, "geometry": { "type": "Polygon", "coordinates": [ [ [ -118.332334163163793, 34.004616573611727 ], [ -118.330710675949064, 34.004592776711533 ], [ -118.330739263068295, 34.003240695268978 ], [ -118.332360219939716, 34.003264455132971 ], [ -118.332362660081927, 34.0032674465116 ], [ -118.332334163163793, 34.004616573611727 ] ] ] } },
{ "type": "Feature", "properties": { "cell_id": "c0007_0032", "row": 7, "col": 32, "area_m2": 22500.0 }, "geometry": { "type": "Polygon", "coordinates": [ [ [ -118.330739263068295, 34.003240695268978 ], [ -118.330710675949064, 34.004592776711533 ], [ -118.329087189713448, 34.004568956657906 ], [ -118.329115804623882, 34.003216875587547 ], [ -118.330739263068295, 34.003240695268978 ] ] ] } },
{ "type": "Feature", "properties": { "cell_id": "c0007_0033", "row": 7, "col": 33, "area_m2": 22500.0 }, "geometry": { "type": "Polygon", "coordinates": [ [ [ -118.329115804623882, 34.003216875587547 ], [ -118.329087189713448, 34.004568956657906 ], [ -118.327463704457784, 34.004545113450831 ], [ -118.327492347159406, 34.003193032753067 ], [ -118.329115804623882, 34.003216875587547 ] ] ] } },
{ "type": "Feature", "properties": { "cell_id": "c0007_0034", "row": 7, "col": 34, "area_m2": 22500.0 }, "geometry": { "type": "Polygon", "coordinates": [ [ [ -118.327492347159406, 34.003193032753067 ], [ -118.327463704457784, 34.004545113450831 ], [ -118.32584022018311, 34.004521247090359 ], [ -118.325868890675864, 34.003169166765517 ], [ -118.327492347159406, 34.003193032753067 ] ] ] } },
{ "type": "Feature", "properties": { "cell_id": "c0007_0035", "row": 7, "col": 35, "area_m2": 22500.0 }, "geometry": { "type": "Polygon", "coordinates": [ [ [ -118.325868890675864, 34.003169166765517 ], [ -118.32584022018311, 34.004521247090359 ], [ -118.324216736890378, 34.004497357576483 ], [ -118.324245435174163, 34.003145277624952 ], [ -118.325868890675864, 34.003169166765517 ] ] ] } },
{ "type": "Feature", "properties": { "cell_id": "c0007_0036", "row": 7, "col": 36, "area_m2": 22500.0 }, "geometry": { "type": "Polygon", "coordinates": [ [ [ -118.324245435174163, 34.003145277624952 ], [ -118.324216736890378, 34.004497357576483 ], [ -118.322593254580468, 34.004473444909273 ], [ -118.322621980655285, 34.003121365331374 ], [ -118.324245435174163, 34.003145277624952 ] ] ] } },
{ "type": "Feature", "properties": { "cell_id": "c0007_0037", "row": 7, "col": 37, "area_m2": 22500.0 }, "geometry": { "type": "Polygon", "coordinates": [ [ [ -118.322621980655285, 34.003121365331374 ], [ -118.322593254580468, 34.004473444909273 ], [ -118.320969773254404, 34.004449509088694 ], [ -118.320998527120167, 34.003097429884811 ], [ -118.322621980655285, 34.003121365331374 ] ] ] } },
{ "type": "Feature", "properties": { "cell_id": "c0007_0038", "row": 7, "col": 38, "area_m2": 22500.0 }, "geometry": { "type": "Polygon", "coordinates": [ [ [ -118.320998527120167, 34.003097429884811 ], [ -118.320969773254404, 34.004449509088694 ], [ -118.319346292913082, 34.004425550114796 ], [ -118.319375074569777, 34.00307347128529 ], [ -118.320998527120167, 34.003097429884811 ] ] ] } },
{ "type": "Feature", "properties": { "cell_id": "c0007_0039", "row": 7, "col": 39, "area_m2": 22500.0 }, "geometry": { "type": "Polygon", "coordinates": [ [ [ -118.319375074569777, 34.00307347128529 ], [ -118.319346292913082, 34.004425550114796 ], [ -118.317722813557481, 34.00440156798755 ], [ -118.317751623005051, 34.003049489532799 ], [ -118.319375074569777, 34.00307347128529 ] ] ] } },
{ "type": "Feature", "properties": { "cell_id": "c0007_0040", "row": 7, "col": 40, "area_m2": 15495.521263522736 }, "geometry": { "type": "Polygon", "coordinates": [ [ [ -118.317751623005051, 34.003049489532799 ], [ -118.317722813557481, 34.00440156798755 ], [ -118.316099335188568, 34.004377562707035 ], [ -118.316113391711994, 34.003718507119082 ], [ -118.316579808821828, 34.003717284589904 ], [ -118.317120892992506, 34.003713116244079 ], [ -118.317120349746446, 34.003040158059463 ], [ -118.317751623005051, 34.003049489532799 ] ] ] } },
{ "type": "Feature", "properties": { "cell_id": "c0007_0041", "row": 7, "col": 41, "area_m2": 10734.978575701658 }, "geometry": { "type": "Polygon", "coordinates": [ [ [ -118.316099335188568, 34.004377562707035 ], [ -118.314475857807253, 34.004353534273264 ], [ -118.314489352507323, 34.003721429960969 ], [ -118.314907034708, 34.003721660706908 ], [ -118.315489371230271, 34.003720139896565 ], [ -118.316010669742312, 34.003718776107561 ], [ -118.316113391711994, 34.003718507119082 ], [ -118.316099335188568, 34.004377562707035 ] ] ] } },
{ "type": "Feature", "properties": { "cell_id": "c0007_0042", "row": 7, "col": 42, "area_m2": 10307.368479173998 }, "geometry": { "type": "Polygon", "coordinates": [ [ [ -118.314475857807253, 34.004353534273264 ], [ -118.31285238141453, 34.004329482686224 ], [ -118.312865332911301, 34.003723406416867 ], [ -118.313287039757938, 34.003723128788664 ], [ -118.313828133143403, 34.003721379560282 ], [ -118.313892470489591, 34.003721212252245 ], [ -118.313928763351427, 34.003721117858234 ], [ -118.314489352507323, 34.003721429960969 ], [ -118.314475857807253, 34.004353534273264 ] ] ] } },
{ "type": "Feature", "properties": { "cell_id": "c0007_0043", "row": 7, "col": 43, "area_m2": 9876.6752845323135 }, "geometry": { "type": "Polygon", "coordinates": [ [ [ -118.31285238141453, 34.004329482686224 ], [ -118.311228906011323, 34.004305407945942 ], [ -118.311241332781051, 34.003724445878824 ], [ -118.311335455013747, 34.00372440048924 ], [ -118.312865332911301, 34.003723406416867 ], [ -118.31285238141453, 34.004329482686224 ] ] ] } },
{ "type": "Feature", "properties": { "cell_id": "c0007_0044", "row": 7, "col": 44, "area_m2": 9460.9111261699582 }, "geometry": { "type": "Polygon", "coordinates": [ [ [ -118.311228906011323, 34.004305407945942 ], [ -118.309605431598584, 34.004281310052448 ], [ -118.309617337862463, 34.003725216780168 ], [ -118.311241332781051, 34.003724445878824 ], [ -118.311228906011323, 34.004305407945942 ] ] ] } },
{ "type": "Feature", "properties": { "cell_id": "c0007_0045", "row": 7, "col": 45, "area_m2": 9041.3090914490276 }, "geometry": { "type": "Polygon", "coordinates": [ [ [ -118.309605431598584, 34.004281310052448 ], [ -118.307981958177294, 34.004257189005777 ], [ -118.307993331871188, 34.00372647972484 ], [ -118.308339618134937, 34.0037269390102 ], [ -118.308920305136255, 34.003725454110153 ], [ -118.309533991795675, 34.003725255719075 ], [ -118.309617337862463, 34.003725216780168 ], [ -118.309605431598584, 34.004281310052448 ] ] ] } },
{ "type": "Feature", "properties": { "cell_id": "c0007_0046", "row": 7, "col": 46, "area_m2": 8627.9071631351489 }, "geometry": { "type": "Polygon", "coordinates": [ [ [ -118.307981958177294, 34.004257189005777 ], [ -118.306358485748348, 34.004233044805908 ], [ -118.306369336479335, 34.00372722299128 ], [ -118.30674601275426, 34.003726877942121 ], [ -118.307808413815309, 34.003726234033422 ], [ -118.307993331871188, 34.00372647972484 ], [ -118.307981958177294, 34.004257189005777 ] ] ] } },
{ "type": "Feature", "properties": { "cell_id": "c0007_0047", "row": 7, "col": 47, "area_m2": 8204.904263684788 }, "geometry": { "type": "Polygon", "coordinates": [ [ [ -118.306358485748348, 34.004233044805908 ], [ -118.30473501431274, 34.004208877452882 ], [ -118.304745328541358, 34.003728525987881 ], [ -118.305688561959457, 34.003727843443606 ], [ -118.306369336479335, 34.00372722299128 ], [ -118.306358485748348, 34.004233044805908 ] ] ] } },
{ "type": "Feature", "properties": { "cell_id": "c0007_0048", "row": 7, "col": 48, "area_m2": 7798.5065357818858 }, "geometry": { "type": "Polygon", "coordinates": [ [ [ -118.30473501431274, 34.004208877452882 ], [ -118.303111543871424, 34.004184686946722 ], [ -118.303121395883608, 34.003726300747125 ], [ -118.303448274939967, 34.003727313200045 ], [ -118.304014126170969, 34.003728980547905 ], [ -118.304546976406598, 34.003728668525255 ], [ -118.304745328541358, 34.003728525987881 ], [ -118.30473501431274, 34.004208877452882 ] ] ] } },
{ "type": "Feature", "properties": { "cell_id": "c0007_0049", "row": 7, "col": 49, "area_m2": 7468.7300177379402 }, "geometry": { "type": "Polygon", "coordinates": [ [ [ -118.303111543871424, 34.004184686946722 ], [ -118.301488074425308, 34.004160473287456 ], [ -118.301497524369694, 34.003721214471732 ], [ -118.302346266716768, 34.003723896162967 ], [ -118.303121395883608, 34.003726300747125 ], [ -118.303111543871424, 34.004184686946722 ] ] ] } },
{ "type": "Feature", "properties": { "cell_id": "c0007_0050", "row": 7, "col": 50, "area_m2": 7148.9177692936464 }, "geometry": { "type": "Polygon", "coordinates": [ [ [ -118.301488074425308, 34.004160473287456 ], [ -118.299864605975401, 34.004136236475077 ], [ -118.299873648902675, 34.00371629834607 ], [ -118.300181844000107, 34.003717276916525 ], [ -118.301254156640681, 34.003720444358251 ], [ -118.301497524369694, 34.003721214471732 ], [ -118.301488074425308, 34.004160473287456 ] ] ] } },
{ "type": "Feature", "properties": { "cell_id": "c0007_0051", "row": 7, "col": 51, "area_m2": 6828.5831311226884 }, "geometry": { "type": "Polygon", "coordinates": [ [ [ -118.299864605975401, 34.004136236475077 ], [ -118.298241138522613, 34.004111976509634 ], [ -118.298249774539684, 34.003711317238604 ], [ -118.299089734099937, 34.003713805526445 ], [ -118.299873648902675, 34.00371629834607 ], [ -118.299864605975401, 34.004136236475077 ] ] ] } },
{ "type": "Feature", "properties": { "cell_id": "c0007_0052", "row": 7, "col": 52, "area_m2": 6505.959056419254 }, "geometry": { "type": "Polygon", "coordinates": [ [ [ -118.298241138522613, 34.004111976509634 ], [ -118.296617672067924, 34.004087693391114 ], [ -118.29662589794296, 34.003706426019001 ], [ -118.296950058263477, 34.003707410478881 ], [ -118.297818121959892, 34.003710028066799 ], [ -118.298015771950531, 34.003710622927834 ], [ -118.298249774539684, 34.003711317238604 ], [ -118.298241138522613, 34.004111976509634 ] ] ] } },
{ "type": "Feature", "properties": { "cell_id": "c0007_0053", "row": 7, "col": 53, "area_m2": 6184.3186773293537 }, "geometry": { "type": "Polygon", "coordinates": [ [ [ -118.296617672067924, 34.004087693391114 ], [ -118.294994206612245, 34.004063387119544 ], [ -118.295002025530806, 34.003701327203217 ], [ -118.295887644010534, 34.003704180530988 ], [ -118.29662589794296, 34.003706426019001 ], [ -118.296617672067924, 34.004087693391114 ] ] ] } },
{ "type": "Feature", "properties": { "cell_id": "c0007_0054", "row": 7, "col": 54, "area_m2": 5826.6878816005474 }, "geometry": { "type": "Polygon", "coordinates": [ [ [ -118.294994206612245, 34.004063387119544 ], [ -118.293370742156569, 34.004039057694982 ], [ -118.293377989471665, 34.003703785548062 ], [ -118.293724888868056, 34.003702250157495 ], [ -118.294335266373395, 34.003699389241397 ], [ -118.294797184136641, 34.003700666254325 ], [ -118.295002025530806, 34.003701327203217 ], [ -118.294994206612245, 34.004063387119544 ] ] ] } },
{ "type": "Feature", "properties": { "cell_id": "c0007_0055", "row": 7, "col": 55, "area_m2": 5316.7716388079098 }, "geometry": { "type": "Polygon", "coordinates": [ [ [ -118.293370742156569, 34.004039057694982 ], [ -118.291747278701806, 34.004014705117399 ], [ -118.291753848635892, 34.003711058614392 ], [ -118.292174201825375, 34.00370910536077 ], [ -118.293377989471665, 34.003703785548062 ], [ -118.293370742156569, 34.004039057694982 ] ] ] } },
{ "type": "Feature", "properties": { "cell_id": "c0007_0056", "row": 7, "col": 56, "area_m2": 4787.0387745699609 }, "geometry": { "type": "Polygon", "coordinates": [ [ [ -118.291747278701806, 34.004014705117399 ], [ -118.290123816248951, 34.003990329386838 ], [ -118.290129700911891, 34.00371861277219 ], [ -118.290964995302446, 34.003714774406596 ], [ -118.291557225469688, 34.003711971288212 ], [ -118.291685319039502, 34.003711376903453 ], [ -118.291753848635892, 34.003711058614392 ], [ -118.291747278701806, 34.004014705117399 ] ] ] } },
{ "type": "Feature", "properties": { "cell_id": "c0007_0057", "row": 7, "col": 57, "area_m2": 4259.1010065571791 }, "geometry": { "type": "Polygon", "coordinates": [ [ [ -118.290123816248951, 34.003990329386838 ], [ -118.288500354798927, 34.003965930503327 ], [ -118.28850555854396, 34.003725882368236 ], [ -118.288977145932009, 34.003723672088626 ], [ -118.289655159418572, 34.003720672881819 ], [ -118.290023036026639, 34.003719102480026 ], [ -118.290129700911891, 34.00371861277219 ], [ -118.290123816248951, 34.003990329386838 ] ] ] } },
{ "type": "Feature", "properties": { "cell_id": "c0007_0058", "row": 7, "col": 58, "area_m2": 3726.3982769848794 }, "geometry": { "type": "Polygon", "coordinates": [ [ [ -118.288500354798927, 34.003965930503327 ], [ -118.28687689435273, 34.003941508466859 ], [ -118.286881378151435, 34.003734867444315 ], [ -118.287150964588847, 34.003732495982746 ], [ -118.287251592532996, 34.003731569564394 ], [ -118.287779486721874, 34.003729281569449 ], [ -118.28850555854396, 34.003725882368236 ], [ -118.288500354798927, 34.003965930503327 ] ] ] } },
{ "type": "Feature", "properties": { "cell_id": "c0007_0059", "row": 7, "col": 59, "area_m2": 3116.5705906387302 }, "geometry": { "type": "Polygon", "coordinates": [ [ [ -118.28687689435273, 34.003941508466859 ], [ -118.285253434911212, 34.003917063277477 ], [ -118.285257081997244, 34.003749142318995 ], [ -118.286881378151435, 34.003734867444315 ], [ -118.28687689435273, 34.003941508466859 ] ] ] } },
{ "type": "Feature", "properties": { "cell_id": "c0007_0060", "row": 7, "col": 60, "area_m2": 2472.2270575277503 }, "geometry": { "type": "Polygon", "coordinates": [ [ [ -118.285253434911212, 34.003917063277477 ], [ -118.283629976475424, 34.003892594935188 ], [ -118.283632785265752, 34.00376339357836 ], [ -118.284445534573166, 34.003756265793037 ], [ -118.285257081997244, 34.003749142318995 ], [ -118.285253434911212, 34.003917063277477 ] ] ] } },
{ "type": "Feature", "properties": { "cell_id": "c0007_0061", "row": 7, "col": 61, "area_m2": 1823.3969563294065 }, "geometry": { "type": "Polygon", "coordinates": [ [ [ -118.283629976475424, 34.003892594935188 ], [ -118.282006519046291, 34.003868103440006 ], [ -118.282008460664457, 34.003778875509916 ], [ -118.282708471283058, 34.003771492728617 ], [ -118.283632785265752, 34.00376339357836 ], [ -118.283629976475424, 34.003892594935188 ] ] ] } },
{ "type": "Feature", "properties": { "cell_id": "c0007_0062", "row": 7, "col": 62, "area_m2": 749.60502578243711 }, "geometry": { "type": "Polygon", "coordinates": [ [ [ -118.282006519046291, 34.003868103440006 ], [ -118.281073610048466, 34.003854019083526 ], [ -118.281074004123397, 34.003786317843449 ], [ -118.28117925102778, 34.003785369503952 ], [ -118.281284478081901, 34.003784312935565 ], [ -118.281491033239433, 34.003782238367414 ], [ -118.281578470811198, 34.003783408336339 ], [ -118.282008460664457, 34.003778875509916 ], [ -118.282006519046291, 34.003868103440006 ] ] ] } },
{ "type": "Feature", "properties": { "cell_id": "c0008_0010", "row": 8, "col": 10, "area_m2": 8500.801242347221 }, "geometry": { "type": "Polygon", "coordinates": [ [ [ -118.36477610714428, 34.006439736506771 ], [ -118.364792795705711, 34.005633999368982 ], [ -118.36484665161997, 34.005616513875118 ], [ -118.365047634660144, 34.005551331301675 ], [ -118.365686289838735, 34.005976692118892 ], [ -118.366242223297263, 34.00634699981039 ], [ -118.366339503110595, 34.006462184464723 ], [ -118.36477610714428, 34.006439736506771 ] ] ] } },
{ "type": "Feature", "properties": { "cell_id": "c0008_0011", "row": 8, "col": 11, "area_m2": 8802.128281616011 }, "geometry": { "type": "Polygon", "coordinates": [ [ [ -118.36477610714428, 34.006439736506771 ], [ -118.363152572754942, 34.006416402314848 ], [ -118.363157806596078, 34.006163960718865 ], [ -118.36386973592748, 34.00593340763929 ], [ -118.364306301973158, 34.00579194861907 ], [ -118.364792795705711, 34.005633999368982 ], [ -118.36477610714428, 34.006439736506771 ] ] ] } },
{ "type": "Feature", "properties": { "cell_id": "c0008_0012", "row": 8, "col": 12, "area_m2": 858.79956815055448 }, "geometry": { "type": "Polygon", "coordinates": [ [ [ -118.363152572754942, 34.006416402314848 ], [ -118.362634616801586, 34.006408953136123 ], [ -118.362652527688525, 34.006383600267355 ], [ -118.362655696195176, 34.006353364217603 ], [ -118.362658875115599, 34.006325532519568 ], [ -118.363157806596078, 34.006163960718865 ], [ -118.363152572754942, 34.006416402314848 ] ] ] } },
{ "type": "Feature", "properties": { "cell_id": "c0008_0014", "row": 8, "col": 14, "area_m2": 227.03441282476408 }, "geometry": { "type": "Polygon", "coordinates": [ [ [ -118.358310090974953, 34.004994175130626 ], [ -118.358421696556931, 34.004995784699851 ], [ -118.358301837271014, 34.005391102332545 ], [ -118.358310090974953, 34.004994175130626 ] ] ] } },
{ "type": "Feature", "properties": { "cell_id": "c0008_0015", "row": 8, "col": 15, "area_m2": 21185.315658152369 }, "geometry": { "type": "Polygon", "coordinates": [ [ [ -118.356658444807877, 34.006322834005438 ], [ -118.356686588224676, 34.004970748688166 ], [ -118.358310090974953, 34.004994175130626 ], [ -118.358301837271014, 34.005391102332545 ], [ -118.35801340490481, 34.006342387063683 ], [ -118.356658444807877, 34.006322834005438 ] ] ] } },
{ "type": "Feature", "properties": { "cell_id": "c0008_0016", "row": 8, "col": 16, "area_m2": 22500.0 }, "geometry": { "type": "Polygon", "coordinates": [ [ [ -118.356686588224676, 34.004970748688166 ], [ -118.356658444807877, 34.006322834005438 ], [ -118.355034915228444, 34.006299384042769 ], [ -118.355063086438221, 34.004947299091945 ], [ -118.356686588224676, 34.004970748688166 ] ] ] } },
{ "type": "Feature", "properties": { "cell_id": "c0008_0017", "row": 8, "col": 17, "area_m2": 22500.0 }, "geometry": { "type": "Polygon", "coordinates": [ [ [ -118.355063086438221, 34.004947299091945 ], [ -118.355034915228444, 34.006299384042769 ], [ -118.353411386613899, 34.006275910926014 ], [ -118.353439585616556, 34.00492382634198 ], [ -118.355063086438221, 34.004947299091945 ] ] ] } },
{ "type": "Feature", "properties": { "cell_id": "c0008_0018", "row": 8, "col": 18, "area_m2": 22500.0 }, "geometry": { "type": "Polygon", "coordinates": [ [ [ -118.353439585616556, 34.00492382634198 ], [ -118.353411386613899, 34.006275910926014 ], [ -118.35178785896511, 34.006252414655158 ], [ -118.351816085760632, 34.004900330438318 ], [ -118.353439585616556, 34.00492382634198 ] ] ] } },
{ "type": "Feature", "properties": { "cell_id": "c0008_0019", "row": 8, "col": 19, "area_m2": 21761.618019233807 }, "geometry": { "type": "Polygon", "coordinates": [ [ [ -118.351816085760632, 34.004900330438318 ], [ -118.35178785896511, 34.006252414655158 ], [ -118.350164332283057, 34.006228895230272 ], [ -118.350188711324947, 34.005062273102354 ], [ -118.35021941604397, 34.005057716913413 ], [ -118.350333159092173, 34.005036777825616 ], [ -118.350483133627719, 34.005000963650119 ], [ -118.35065454655971, 34.004963026106211 ], [ -118.350779758091235, 34.00492316080414 ], [ -118.350899807439205, 34.00488705948451 ], [ -118.351816085760632, 34.004900330438318 ] ] ] } },
{ "type": "Feature", "properties": { "cell_id": "c0008_0020", "row": 8, "col": 20, "area_m2": 19017.358482460248 }, "geometry": { "type": "Polygon", "coordinates": [ [ [ -118.350164332283057, 34.006228895230272 ], [ -118.348540806568707, 34.006205352651342 ], [ -118.348566237928253, 34.00498956890732 ], [ -118.348802187410683, 34.005029877029315 ], [ -118.348952411713228, 34.005053830094347 ], [ -118.349133981491164, 34.005077692303736 ], [ -118.349274283407269, 34.005095834458146 ], [ -118.34934855147344, 34.005103176141922 ], [ -118.349924298142298, 34.005101508282976 ], [ -118.350188711324947, 34.005062273102354 ], [ -118.350164332283057, 34.006228895230272 ] ] ] } },
{ "type": "Feature", "properties": { "cell_id": "c0008_0021", "row": 8, "col": 21, "area_m2": 21888.978804458697 }, "geometry": { "type": "Polygon", "coordinates": [ [ [ -118.348540806568707, 34.006205352651342 ], [ -118.346917281823011, 34.006181786918397 ], [ -118.346945591996842, 34.004829703805235 ], [ -118.347696706971419, 34.004840609260668 ], [ -118.347791839958319, 34.004857271902161 ], [ -118.348566237928253, 34.00498956890732 ], [ -118.348540806568707, 34.006205352651342 ] ] ] } },
{ "type": "Feature", "properties": { "cell_id": "c0008_0022", "row": 8, "col": 22, "area_m2": 22500.0 }, "geometry": { "type": "Polygon", "coordinates": [ [ [ -118.346945591996842, 34.004829703805235 ], [ -118.346917281823011, 34.006181786918397 ], [ -118.345293758046893, 34.006158198031464 ], [ -118.345322096013405, 34.004806115286911 ], [ -118.346945591996842, 34.004829703805235 ] ] ] } },
{ "type": "Feature", "properties": { "cell_id": "c0008_0023", "row": 8, "col": 23, "area_m2": 22500.0 }, "geometry": { "type": "Polygon", "coordinates": [ [ [ -118.345322096013405, 34.004806115286911 ], [ -118.345293758046893, 34.006158198031464 ], [ -118.343670235241362, 34.006134585990544 ], [ -118.343698601000469, 34.004782503614983 ], [ -118.345322096013405, 34.004806115286911 ] ] ] } },
{ "type": "Feature", "properties": { "cell_id": "c0008_0024", "row": 8, "col": 24, "area_m2": 22500.0 }, "geometry": { "type": "Polygon", "coordinates": [ [ [ -118.343698601000469, 34.004782503614983 ], [ -118.343670235241362, 34.006134585990544 ], [ -118.342046713407285, 34.006110950795659 ], [ -118.342075106958973, 34.004758868789445 ], [ -118.343698601000469, 34.004782503614983 ] ] ] } },
{ "type": "Feature", "properties": { "cell_id": "c0008_0025", "row": 8, "col": 25, "area_m2": 19086.212253102145 }, "geometry": { "type": "Polygon", "coordinates": [ [ [ -118.342075106958973, 34.004758868789445 ], [ -118.342046713407285, 34.006110950795659 ], [ -118.340423192545671, 34.006087292446836 ], [ -118.340438227001442, 34.0053720679932 ], [ -118.340572716854595, 34.005274238810642 ], [ -118.340684629789266, 34.005208317714008 ], [ -118.340873896727786, 34.005097525280362 ], [ -118.340964418732682, 34.005045060172449 ], [ -118.34111749794215, 34.004960473387747 ], [ -118.341157022117713, 34.004943531007719 ], [ -118.341262412373467, 34.004896519376189 ], [ -118.341352977653116, 34.004855045309903 ], [ -118.341438648073648, 34.004826637377022 ], [ -118.341585264980182, 34.004775730514801 ], [ -118.341679822928825, 34.004753110737589 ], [ -118.342075106958973, 34.004758868789445 ] ] ] } },
{ "type": "Feature", "properties": { "cell_id": "c0008_0026", "row": 8, "col": 26, "area_m2": 4383.6697367714405 }, "geometry": { "type": "Polygon", "coordinates": [ [ [ -118.340423192545671, 34.006087292446836 ], [ -118.339025557199903, 34.006066907200612 ], [ -118.339244302611533, 34.005993800326557 ], [ -118.339325182588667, 34.005959232781379 ], [ -118.339336529232654, 34.005954384005072 ], [ -118.339443586820835, 34.005911147590602 ], [ -118.339595103037325, 34.005847176116909 ], [ -118.339741707518755, 34.005792493221165 ], [ -118.33987183806417, 34.005743352265668 ], [ -118.340026524726099, 34.005647771786627 ], [ -118.340141731033768, 34.005580124501357 ], [ -118.340255256732277, 34.005504925217636 ], [ -118.340436193644166, 34.005373547073226 ], [ -118.340438227001442, 34.0053720679932 ], [ -118.340423192545671, 34.006087292446836 ] ] ] } },
{ "type": "Feature", "properties": { "cell_id": "c0008_0029", "row": 8, "col": 29, "area_m2": 6729.8759464448485 }, "geometry": { "type": "Polygon", "coordinates": [ [ [ -118.333929118842804, 34.005992427512531 ], [ -118.333956873558165, 34.004677205804256 ], [ -118.334049419967513, 34.004791327207684 ], [ -118.334168869881054, 34.00495930317436 ], [ -118.334303249895839, 34.005147847550347 ], [ -118.334386190523858, 34.0052616541238 ], [ -118.334548787850423, 34.005492711937542 ], [ -118.334772740326528, 34.005802599549376 ], [ -118.334918098401729, 34.006006898378246 ], [ -118.333929118842804, 34.005992427512531 ] ] ] } },
{ "type": "Feature", "properties": { "cell_id": "c0008_0030", "row": 8, "col": 30, "area_m2": 22494.137156965709 }, "geometry": { "type": "Polygon", "coordinates": [ [ [ -118.333929118842804, 34.005992427512531 ], [ -118.33230560285773, 34.005968653394298 ], [ -118.332334163163793, 34.004616573611727 ], [ -118.3339266149992, 34.004639893090996 ], [ -118.333956873558165, 34.004677205804256 ], [ -118.333929118842804, 34.005992427512531 ] ] ] } },
{ "type": "Feature", "properties": { "cell_id": "c0008_0031", "row": 8, "col": 31, "area_m2": 22500.0 }, "geometry": { "type": "Polygon", "coordinates": [ [ [ -118.332334163163793, 34.004616573611727 ], [ -118.33230560285773, 34.005968653394298 ], [ -118.330682087850775, 34.005944856122241 ], [ -118.330710675949064, 34.004592776711533 ], [ -118.332334163163793, 34.004616573611727 ] ] ] } },
{ "type": "Feature", "properties": { "cell_id": "c0008_0032", "row": 8, "col": 32, "area_m2": 22500.0 }, "geometry": { "type": "Polygon", "coordinates": [ [ [ -118.330710675949064, 34.004592776711533 ], [ -118.330682087850775, 34.005944856122241 ], [ -118.329058573822991, 34.00592103569636 ], [ -118.329087189713448, 34.004568956657906 ], [ -118.330710675949064, 34.004592776711533 ] ] ] } },
{ "type": "Feature", "properties": { "cell_id": "c0008_0033", "row": 8, "col": 33, "area_m2": 22500.0 }, "geometry": { "type": "Polygon", "coordinates": [ [ [ -118.329087189713448, 34.004568956657906 ], [ -118.329058573822991, 34.00592103569636 ], [ -118.327435060775244, 34.005897192116713 ], [ -118.327463704457784, 34.004545113450831 ], [ -118.329087189713448, 34.004568956657906 ] ] ] } },
{ "type": "Feature", "properties": { "cell_id": "c0008_0034", "row": 8, "col": 34, "area_m2": 22500.0 }, "geometry": { "type": "Polygon", "coordinates": [ [ [ -118.327463704457784, 34.004545113450831 ], [ -118.327435060775244, 34.005897192116713 ], [ -118.325811548708501, 34.00587332538327 ], [ -118.32584022018311, 34.004521247090359 ], [ -118.327463704457784, 34.004545113450831 ] ] ] } },
{ "type": "Feature", "properties": { "cell_id": "c0008_0035", "row": 8, "col": 35, "area_m2": 22500.0 }, "geometry": { "type": "Polygon", "coordinates": [ [ [ -118.32584022018311, 34.004521247090359 ], [ -118.325811548708501, 34.00587332538327 ], [ -118.324188037623713, 34.005849435496096 ], [ -118.324216736890378, 34.004497357576483 ], [ -118.32584022018311, 34.004521247090359 ] ] ] } },
{ "type": "Feature", "properties": { "cell_id": "c0008_0036", "row": 8, "col": 36, "area_m2": 22500.0 }, "geometry": { "type": "Polygon", "coordinates": [ [ [ -118.324216736890378, 34.004497357576483 ], [ -118.324188037623713, 34.005849435496096 ], [ -118.322564527521848, 34.005825522455183 ], [ -118.322593254580468, 34.004473444909273 ], [ -118.324216736890378, 34.004497357576483 ] ] ] } },
{ "type": "Feature", "properties": { "cell_id": "c0008_0037", "row": 8, "col": 37, "area_m2": 22500.0 }, "geometry": { "type": "Polygon", "coordinates": [ [ [ -118.322593254580468, 34.004473444909273 ], [ -118.322564527521848, 34.005825522455183 ], [ -118.320941018403857, 34.005801586260567 ], [ -118.320969773254404, 34.004449509088694 ], [ -118.322593254580468, 34.004473444909273 ] ] ] } },
{ "type": "Feature", "properties": { "cell_id": "c0008_0038", "row": 8, "col": 38, "area_m2": 22500.0 }, "geometry": { "type": "Polygon", "coordinates": [ [ [ -118.320969773254404, 34.004449509088694 ], [ -118.320941018403857, 34.005801586260567 ], [ -118.319317510270679, 34.005777626912256 ], [ -118.319346292913082, 34.004425550114796 ], [ -118.320969773254404, 34.004449509088694 ] ] ] } },
{ "type": "Feature", "properties": { "cell_id": "c0008_0039", "row": 8, "col": 39, "area_m2": 22500.0 }, "geometry": { "type": "Polygon", "coordinates": [ [ [ -118.319346292913082, 34.004425550114796 ], [ -118.319317510270679, 34.005777626912256 ], [ -118.317694003123265, 34.005753644410269 ], [ -118.317722813557481, 34.00440156798755 ], [ -118.319346292913082, 34.004425550114796 ] ] ] } },
{ "type": "Feature", "properties": { "cell_id": "c0008_0040", "row": 8, "col": 40, "area_m2": 22500.0 }, "geometry": { "type": "Polygon", "coordinates": [ [ [ -118.317722813557481, 34.00440156798755 ], [ -118.317694003123265, 34.005753644410269 ], [ -118.316070496962581, 34.005729638754637 ], [ -118.316099335188568, 34.004377562707035 ], [ -118.317722813557481, 34.00440156798755 ] ] ] } },
{ "type": "Feature", "properties": { "cell_id": "c0008_0041", "row": 8, "col": 41, "area_m2": 22500.0 }, "geometry": { "type": "Polygon", "coordinates": [ [ [ -118.316099335188568, 34.004377562707035 ], [ -118.316070496962581, 34.005729638754637 ], [ -118.314446991789566, 34.005705609945373 ], [ -118.314475857807253, 34.004353534273264 ], [ -118.316099335188568, 34.004377562707035 ] ] ] } },
{ "type": "Feature", "properties": { "cell_id": "c0008_0042", "row": 8, "col": 42, "area_m2": 22500.0 }, "geometry": { "type": "Polygon", "coordinates": [ [ [ -118.314475857807253, 34.004353534273264 ], [ -118.314446991789566, 34.005705609945373 ], [ -118.312823487605172, 34.00568155798247 ], [ -118.31285238141453, 34.004329482686224 ], [ -118.314475857807253, 34.004353534273264 ] ] ] } },
{ "type": "Feature", "properties": { "cell_id": "c0008_0043", "row": 8, "col": 43, "area_m2": 22500.0 }, "geometry": { "type": "Polygon", "coordinates": [ [ [ -118.31285238141453, 34.004329482686224 ], [ -118.312823487605172, 34.00568155798247 ], [ -118.311199984410351, 34.005657482865992 ], [ -118.311228906011323, 34.004305407945942 ], [ -118.31285238141453, 34.004329482686224 ] ] ] } },
{ "type": "Feature", "properties": { "cell_id": "c0008_0044", "row": 8, "col": 44, "area_m2": 22500.0 }, "geometry": { "type": "Polygon", "coordinates": [ [ [ -118.311228906011323, 34.004305407945942 ], [ -118.311199984410351, 34.005657482865992 ], [ -118.309576482206054, 34.005633384595939 ], [ -118.309605431598584, 34.004281310052448 ], [ -118.311228906011323, 34.004305407945942 ] ] ] } },
{ "type": "Feature", "properties": { "cell_id": "c0008_0045", "row": 8, "col": 45, "area_m2": 22500.0 }, "geometry": { "type": "Polygon", "coordinates": [ [ [ -118.309605431598584, 34.004281310052448 ], [ -118.309576482206054, 34.005633384595939 ], [ -118.307952980993221, 34.005609263172303 ], [ -118.307981958177294, 34.004257189005777 ], [ -118.309605431598584, 34.004281310052448 ] ] ] } },
{ "type": "Feature", "properties": { "cell_id": "c0008_0046", "row": 8, "col": 46, "area_m2": 22500.0 }, "geometry": { "type": "Polygon", "coordinates": [ [ [ -118.307981958177294, 34.004257189005777 ], [ -118.307952980993221, 34.005609263172303 ], [ -118.30632948077286, 34.005585118595157 ], [ -118.306358485748348, 34.004233044805908 ], [ -118.307981958177294, 34.004257189005777 ] ] ] } },
{ "type": "Feature", "properties": { "cell_id": "c0008_0047", "row": 8, "col": 47, "area_m2": 22500.0 }, "geometry": { "type": "Polygon", "coordinates": [ [ [ -118.306358485748348, 34.004233044805908 ], [ -118.30632948077286, 34.005585118595157 ], [ -118.304705981545837, 34.005560950864485 ], [ -118.30473501431274, 34.004208877452882 ], [ -118.306358485748348, 34.004233044805908 ] ] ] } },
{ "type": "Feature", "properties": { "cell_id": "c0008_0048", "row": 8, "col": 48, "area_m2": 22500.0 }, "geometry": { "type": "Polygon", "coordinates": [ [ [ -118.30473501431274, 34.004208877452882 ], [ -118.304705981545837, 34.005560950864485 ], [ -118.303082483313133, 34.005536759980323 ], [ -118.303111543871424, 34.004184686946722 ], [ -118.30473501431274, 34.004208877452882 ] ] ] } },
{ "type": "Feature", "properties": { "cell_id": "c0008_0049", "row": 8, "col": 49, "area_m2": 22500.0 }, "geometry": { "type": "Polygon", "coordinates": [ [ [ -118.303111543871424, 34.004184686946722 ], [ -118.303082483313133, 34.005536759980323 ], [ -118.301458986075744, 34.005512545942658 ], [ -118.301488074425308, 34.004160473287456 ], [ -118.303111543871424, 34.004184686946722 ] ] ] } },
{ "type": "Feature", "properties": { "cell_id": "c0008_0050", "row": 8, "col": 50, "area_m2": 22500.0 }, "geometry": { "type": "Polygon", "coordinates": [ [ [ -118.301488074425308, 34.004160473287456 ], [ -118.301458986075744, 34.005512545942658 ], [ -118.299835489834564, 34.005488308751552 ], [ -118.299864605975401, 34.004136236475077 ], [ -118.301488074425308, 34.004160473287456 ] ] ] } },
{ "type": "Feature", "properties": { "cell_id": "c0008_0051", "row": 8, "col": 51, "area_m2": 22500.0 }, "geometry": { "type": "Polygon", "coordinates": [ [ [ -118.299864605975401, 34.004136236475077 ], [ -118.299835489834564, 34.005488308751552 ], [ -118.298211994590588, 34.005464048406985 ], [ -118.298241138522613, 34.004111976509634 ], [ -118.299864605975401, 34.004136236475077 ] ] ] } },
{ "type": "Feature", "properties": { "cell_id": "c0008_0052", "row": 8, "col": 52, "area_m2": 22500.0 }, "geometry": { "type": "Polygon", "coordinates": [ [ [ -118.298241138522613, 34.004111976509634 ], [ -118.298211994590588, 34.005464048406985 ], [ -118.296588500344726, 34.005439764909013 ], [ -118.296617672067924, 34.004087693391114 ], [ -118.298241138522613, 34.004111976509634 ] ] ] } },
{ "type": "Feature", "properties": { "cell_id": "c0008_0053", "row": 8, "col": 53, "area_m2": 22500.0 }, "geometry": { "type": "Polygon", "coordinates": [ [ [ -118.296617672067924, 34.004087693391114 ], [ -118.296588500344726, 34.005439764909013 ], [ -118.294965007097971, 34.005415458257644 ], [ -118.294994206612245, 34.004063387119544 ], [ -118.296617672067924, 34.004087693391114 ] ] ] } },
{ "type": "Feature", "properties": { "cell_id": "c0008_0054", "row": 8, "col": 54, "area_m2": 22500.0 }, "geometry": { "type": "Polygon", "coordinates": [ [ [ -118.294994206612245, 34.004063387119544 ], [ -118.294965007097971, 34.005415458257644 ], [ -118.293341514851221, 34.005391128452878 ], [ -118.293370742156569, 34.004039057694982 ], [ -118.294994206612245, 34.004063387119544 ] ] ] } },
{ "type": "Feature", "properties": { "cell_id": "c0008_0055", "row": 8, "col": 55, "area_m2": 22500.0 }, "geometry": { "type": "Polygon", "coordinates": [ [ [ -118.293370742156569, 34.004039057694982 ], [ -118.293341514851221, 34.005391128452878 ], [ -118.291718023605483, 34.005366775494757 ], [ -118.291747278701806, 34.004014705117399 ], [ -118.293370742156569, 34.004039057694982 ] ] ] } },
{ "type": "Feature", "properties": { "cell_id": "c0008_0056", "row": 8, "col": 56, "area_m2": 22500.0 }, "geometry": { "type": "Polygon", "coordinates": [ [ [ -118.291747278701806, 34.004014705117399 ], [ -118.291718023605483, 34.005366775494757 ], [ -118.290094533361682, 34.005342399383281 ], [ -118.290123816248951, 34.003990329386838 ], [ -118.291747278701806, 34.004014705117399 ] ] ] } },
{ "type": "Feature", "properties": { "cell_id": "c0008_0057", "row": 8, "col": 57, "area_m2": 22500.0 }, "geometry": { "type": "Polygon", "coordinates": [ [ [ -118.290123816248951, 34.003990329386838 ], [ -118.290094533361682, 34.005342399383281 ], [ -118.288471044120769, 34.0053180001185 ], [ -118.288500354798927, 34.003965930503327 ], [ -118.290123816248951, 34.003990329386838 ] ] ] } },
{ "type": "Feature", "properties": { "cell_id": "c0008_0058", "row": 8, "col": 58, "area_m2": 22500.0 }, "geometry": { "type": "Polygon", "coordinates": [ [ [ -118.288500354798927, 34.003965930503327 ], [ -118.288471044120769, 34.0053180001185 ], [ -118.28684755588371, 34.005293577700407 ], [ -118.28687689435273, 34.003941508466859 ], [ -118.288500354798927, 34.003965930503327 ] ] ] } },
{ "type": "Feature", "properties": { "cell_id": "c0008_0059", "row": 8, "col": 59, "area_m2": 22500.0 }, "geometry": { "type": "Polygon", "coordinates": [ [ [ -118.28687689435273, 34.003941508466859 ], [ -118.28684755588371, 34.005293577700407 ], [ -118.285224068651431, 34.00526913212903 ], [ -118.285253434911212, 34.003917063277477 ], [ -118.28687689435273, 34.003941508466859 ] ] ] } },
{ "type": "Feature", "properties": { "cell_id": "c0008_0060", "row": 8, "col": 60, "area_m2": 22500.0 }, "geometry": { "type": "Polygon", "coordinates": [ [ [ -118.285253434911212, 34.003917063277477 ], [ -118.285224068651431, 34.00526913212903 ], [ -118.283600582424882, 34.005244663404383 ], [ -118.283629976475424, 34.003892594935188 ], [ -118.285253434911212, 34.003917063277477 ] ] ] } },
{ "type": "Feature", "properties": { "cell_id": "c0008_0061", "row": 8, "col": 61, "area_m2": 22500.0 }, "geometry": { "type": "Polygon", "coordinates": [ [ [ -118.283629976475424, 34.003892594935188 ], [ -118.283600582424882, 34.005244663404383 ], [ -118.281977097205029, 34.005220171526503 ], [ -118.282006519046291, 34.003868103440006 ], [ -118.283629976475424, 34.003892594935188 ] ] ] } },
{ "type": "Feature", "properties": { "cell_id": "c0008_0062", "row": 8, "col": 62, "area_m2": 12780.04131954076 }, "geometry": { "type": "Polygon", "coordinates": [ [ [ -118.282006519046291, 34.003868103440006 ], [ -118.281977097205029, 34.005220171526503 ], [ -118.281065737897364, 34.005206412617902 ], [ -118.281073610048466, 34.003854019083526 ], [ -118.282006519046291, 34.003868103440006 ] ] ] } },
{ "type": "Feature", "properties": { "cell_id": "c0009_0009", "row": 9, "col": 9, "area_m2": 7253.5318839392094 }, "geometry": { "type": "Polygon", "coordinates": [ [ [ -118.366371664876652, 34.007815133022241 ], [ -118.366398221733022, 34.006531710336191 ], [ -118.366618668853988, 34.00679272966412 ], [ -118.366864114860988, 34.007085318653473 ], [ -118.367180914017567, 34.007095346784041 ], [ -118.367176499633715, 34.00721729770801 ], [ -118.367144667542959, 34.007826223787667 ], [ -118.366371664876652, 34.007815133022241 ] ] ] } },
{ "type": "Feature", "properties": { "cell_id": "c0009_0010", "row": 9, "col": 10, "area_m2": 22478.837517511722 }, "geometry": { "type": "Polygon", "coordinates": [ [ [ -118.366371664876652, 34.007815133022241 ], [ -118.364748101733952, 34.007791821620231 ], [ -118.36477610714428, 34.006439736506771 ], [ -118.366339503110595, 34.006462184464723 ], [ -118.366398221733022, 34.006531710336191 ], [ -118.366371664876652, 34.007815133022241 ] ] ] } },
{ "type": "Feature", "properties": { "cell_id": "c0009_0011", "row": 9, "col": 11, "area_m2": 22500.0 }, "geometry": { "type": "Polygon", "coordinates": [ [ [ -118.36477610714428, 34.006439736506771 ], [ -118.364748101733952, 34.007791821620231 ], [ -118.363124539550412, 34.007768487063615 ], [ -118.363152572754942, 34.006416402314848 ], [ -118.36477610714428, 34.006439736506771 ] ] ] } },
{ "type": "Feature", "properties": { "cell_id": "c0009_0012", "row": 9, "col": 12, "area_m2": 14902.623995974174 }, "geometry": { "type": "Polygon", "coordinates": [ [ [ -118.363152572754942, 34.006416402314848 ], [ -118.363124539550412, 34.007768487063615 ], [ -118.36150097832703, 34.007745129352472 ], [ -118.361503053120032, 34.007645159683619 ], [ -118.361527808238591, 34.007624547421116 ], [ -118.361654662385646, 34.007583291973766 ], [ -118.361689264077313, 34.007573227274158 ], [ -118.361855679358541, 34.007524297327116 ], [ -118.361995734142766, 34.007483689812226 ], [ -118.361990438829224, 34.007403674084102 ], [ -118.361983584382699, 34.007344615513446 ], [ -118.361986750196778, 34.007313692521819 ], [ -118.361989832832691, 34.007263534714788 ], [ -118.361997733982335, 34.00718313592602 ], [ -118.362012362895527, 34.007132255620412 ], [ -118.362039961345843, 34.007028784368231 ], [ -118.362093918361722, 34.006916646954615 ], [ -118.362125079099656, 34.006873961539554 ], [ -118.362185732914043, 34.006784473890143 ], [ -118.362318799358022, 34.006654236927744 ], [ -118.362419089423526, 34.006574591186364 ], [ -118.362522745688764, 34.006510391998894 ], [ -118.362595138411734, 34.006464834745323 ], [ -118.362634616801586, 34.006408953136123 ], [ -118.363152572754942, 34.006416402314848 ] ] ] } },
{ "type": "Feature", "properties": { "cell_id": "c0009_0013", "row": 9, "col": 13, "area_m2": 42.948182198362218 }, "geometry": { "type": "Polygon", "coordinates": [ [ [ -118.36150097832703, 34.007745129352472 ], [ -118.361432665432318, 34.00774414604647 ], [ -118.361434241529253, 34.007733711851692 ], [ -118.361471916971226, 34.007671085064942 ], [ -118.361503053120032, 34.007645159683619 ], [ -118.36150097832703, 34.007745129352472 ] ] ] } },
{ "type": "Feature", "properties": { "cell_id": "c0009_0015", "row": 9, "col": 15, "area_m2": 16409.025325170296 }, "geometry": { "type": "Polygon", "coordinates": [ [ [ -118.356630300427199, 34.007674917291936 ], [ -118.356658444807877, 34.006322834005438 ], [ -118.35801340490481, 34.006342387063683 ], [ -118.357992107790054, 34.006412626539358 ], [ -118.357808271143227, 34.007017359582299 ], [ -118.357730545649744, 34.007359700188971 ], [ -118.357729079380178, 34.007402639941006 ], [ -118.35771183483304, 34.007613933249864 ], [ -118.35772135078021, 34.007690663182935 ], [ -118.356630300427199, 34.007674917291936 ] ] ] } },
{ "type": "Feature", "properties": { "cell_id": "c0009_0016", "row": 9, "col": 16, "area_m2": 22500.0 }, "geometry": { "type": "Polygon", "coordinates": [ [ [ -118.356658444807877, 34.006322834005438 ], [ -118.356630300427199, 34.007674917291936 ], [ -118.355006743053877, 34.007651466962784 ], [ -118.355034915228444, 34.006299384042769 ], [ -118.356658444807877, 34.006322834005438 ] ] ] } },
{ "type": "Feature", "properties": { "cell_id": "c0009_0017", "row": 9, "col": 17, "area_m2": 22500.0 }, "geometry": { "type": "Polygon", "coordinates": [ [ [ -118.355034915228444, 34.006299384042769 ], [ -118.355006743053877, 34.007651466962784 ], [ -118.353383186645416, 34.00762799347919 ], [ -118.353411386613899, 34.006275910926014 ], [ -118.355034915228444, 34.006299384042769 ] ] ] } },
{ "type": "Feature", "properties": { "cell_id": "c0009_0018", "row": 9, "col": 18, "area_m2": 22500.0 }, "geometry": { "type": "Polygon", "coordinates": [ [ [ -118.353411386613899, 34.006275910926014 ], [ -118.353383186645416, 34.00762799347919 ], [ -118.35175963120281, 34.007604496841147 ], [ -118.35178785896511, 34.006252414655158 ], [ -118.353411386613899, 34.006275910926014 ] ] ] } },
{ "type": "Feature", "properties": { "cell_id": "c0009_0019", "row": 9, "col": 19, "area_m2": 22500.0 }, "geometry": { "type": "Polygon", "coordinates": [ [ [ -118.35178785896511, 34.006252414655158 ], [ -118.35175963120281, 34.007604496841147 ], [ -118.350136076727011, 34.00758097704869 ], [ -118.350164332283057, 34.006228895230272 ], [ -118.35178785896511, 34.006252414655158 ] ] ] } },
{ "type": "Feature", "properties": { "cell_id": "c0009_0020", "row": 9, "col": 20, "area_m2": 22500.0 }, "geometry": { "type": "Polygon", "coordinates": [ [ [ -118.350164332283057, 34.006228895230272 ], [ -118.350136076727011, 34.00758097704869 ], [ -118.348512523218943, 34.007557434101841 ], [ -118.348540806568707, 34.006205352651342 ], [ -118.350164332283057, 34.006228895230272 ] ] ] } },
{ "type": "Feature", "properties": { "cell_id": "c0009_0021", "row": 9, "col": 21, "area_m2": 22500.0 }, "geometry": { "type": "Polygon", "coordinates": [ [ [ -118.348540806568707, 34.006205352651342 ], [ -118.348512523218943, 34.007557434101841 ], [ -118.346888970679572, 34.007533868000621 ], [ -118.346917281823011, 34.006181786918397 ], [ -118.348540806568707, 34.006205352651342 ] ] ] } },
{ "type": "Feature", "properties": { "cell_id": "c0009_0022", "row": 9, "col": 22, "area_m2": 22500.0 }, "geometry": { "type": "Polygon", "coordinates": [ [ [ -118.346917281823011, 34.006181786918397 ], [ -118.346888970679572, 34.007533868000621 ], [ -118.345265419109836, 34.007510278745016 ], [ -118.345293758046893, 34.006158198031464 ], [ -118.346917281823011, 34.006181786918397 ] ] ] } },
{ "type": "Feature", "properties": { "cell_id": "c0009_0023", "row": 9, "col": 23, "area_m2": 22500.0 }, "geometry": { "type": "Polygon", "coordinates": [ [ [ -118.345293758046893, 34.006158198031464 ], [ -118.345265419109836, 34.007510278745016 ], [ -118.343641868510716, 34.007486666335112 ], [ -118.343670235241362, 34.006134585990544 ], [ -118.345293758046893, 34.006158198031464 ] ] ] } },
{ "type": "Feature", "properties": { "cell_id": "c0009_0024", "row": 9, "col": 24, "area_m2": 22500.0 }, "geometry": { "type": "Polygon", "coordinates": [ [ [ -118.343670235241362, 34.006134585990544 ], [ -118.343641868510716, 34.007486666335112 ], [ -118.342018318883134, 34.007463030770857 ], [ -118.342046713407285, 34.006110950795659 ], [ -118.343670235241362, 34.006134585990544 ] ] ] } },
{ "type": "Feature", "properties": { "cell_id": "c0009_0025", "row": 9, "col": 25, "area_m2": 22500.0 }, "geometry": { "type": "Polygon", "coordinates": [ [ [ -118.342046713407285, 34.006110950795659 ], [ -118.342018318883134, 34.007463030770857 ], [ -118.340394770228059, 34.007439372052303 ], [ -118.340423192545671, 34.006087292446836 ], [ -118.342046713407285, 34.006110950795659 ] ] ] } },
{ "type": "Feature", "properties": { "cell_id": "c0009_0026", "row": 9, "col": 26, "area_m2": 22378.88528500004 }, "geometry": { "type": "Polygon", "coordinates": [ [ [ -118.340423192545671, 34.006087292446836 ], [ -118.340394770228059, 34.007439372052303 ], [ -118.338771222546427, 34.007415690179485 ], [ -118.338797466525662, 34.006168458134596 ], [ -118.339023536556496, 34.006067582516955 ], [ -118.339025557199903, 34.006066907200612 ], [ -118.340423192545671, 34.006087292446836 ] ] ] } },
{ "type": "Feature", "properties": { "cell_id": "c0009_0027", "row": 9, "col": 27, "area_m2": 12451.503185925978 }, "geometry": { "type": "Polygon", "coordinates": [ [ [ -118.338771222546427, 34.007415690179485 ], [ -118.337147675839233, 34.007391985152381 ], [ -118.337151967727735, 34.007188217221916 ], [ -118.337168709987523, 34.00716814734119 ], [ -118.337281992792086, 34.007031468081543 ], [ -118.337365737767215, 34.006934028343352 ], [ -118.337580580407817, 34.007026855015319 ], [ -118.337728455244687, 34.006877026225403 ], [ -118.337807355681861, 34.006805704443615 ], [ -118.337882956513667, 34.006734390945695 ], [ -118.337958587727002, 34.006670634842827 ], [ -118.338081909825561, 34.006569305469029 ], [ -118.338262852452615, 34.006437931475624 ], [ -118.338335266948306, 34.006394793131406 ], [ -118.338503130753779, 34.006293337558063 ], [ -118.338774874960905, 34.006178538768133 ], [ -118.338797466525662, 34.006168458134596 ], [ -118.338771222546427, 34.007415690179485 ] ] ] } },
{ "type": "Feature", "properties": { "cell_id": "c0009_0028", "row": 9, "col": 28, "area_m2": 199.12213889590478 }, "geometry": { "type": "MultiPolygon", "coordinates": [ [ [ [ -118.335524130107359, 34.007368256971048 ], [ -118.335526837710916, 34.00723983235401 ], [ -118.335534176937401, 34.007263726220835 ], [ -118.335568847059292, 34.007368910821242 ], [ -118.335524130107359, 34.007368256971048 ] ] ], [ [ [ -118.337147675839233, 34.007391985152381 ], [ -118.336985783400266, 34.007389620128301 ], [ -118.337070198754603, 34.007286238062733 ], [ -118.337151967727735, 34.007188217221916 ], [ -118.337147675839233, 34.007391985152381 ] ] ] ] } },
{ "type": "Feature", "properties": { "cell_id": "c0009_0029", "row": 9, "col": 29, "area_m2": 19042.867396830407 }, "geometry": { "type": "Polygon", "coordinates": [ [ [ -118.335524130107359, 34.007368256971048 ], [ -118.333900585351799, 34.00734450563548 ], [ -118.333929118842804, 34.005992427512531 ], [ -118.334918098401729, 34.006006898378246 ], [ -118.334932011471707, 34.006026452944241 ], [ -118.335099665747165, 34.006283943288402 ], [ -118.335199331414955, 34.006454034988749 ], [ -118.335277475311472, 34.006605293930889 ], [ -118.335362338140854, 34.006786417174681 ], [ -118.335487372912468, 34.007111348978164 ], [ -118.335526837710916, 34.00723983235401 ], [ -118.335524130107359, 34.007368256971048 ] ] ] } },
{ "type": "Feature", "properties": { "cell_id": "c0009_0030", "row": 9, "col": 30, "area_m2": 22500.0 }, "geometry": { "type": "Polygon", "coordinates": [ [ [ -118.333929118842804, 34.005992427512531 ], [ -118.333900585351799, 34.00734450563548 ], [ -118.332277041573505, 34.007320731145711 ], [ -118.33230560285773, 34.005968653394298 ], [ -118.333929118842804, 34.005992427512531 ] ] ] } },
{ "type": "Feature", "properties": { "cell_id": "c0009_0031", "row": 9, "col": 31, "area_m2": 22500.0 }, "geometry": { "type": "Polygon", "coordinates": [ [ [ -118.33230560285773, 34.005968653394298 ], [ -118.332277041573505, 34.007320731145711 ], [ -118.330653498773401, 34.007296933501756 ], [ -118.330682087850775, 34.005944856122241 ], [ -118.33230560285773, 34.005968653394298 ] ] ] } },
{ "type": "Feature", "properties": { "cell_id": "c0009_0032", "row": 9, "col": 32, "area_m2": 22500.0 }, "geometry": { "type": "Polygon", "coordinates": [ [ [ -118.330682087850775, 34.005944856122241 ], [ -118.330653498773401, 34.007296933501756 ], [ -118.329029956952468, 34.007273112703615 ], [ -118.329058573822991, 34.00592103569636 ], [ -118.330682087850775, 34.005944856122241 ] ] ] } },
{ "type": "Feature", "properties": { "cell_id": "c0009_0033", "row": 9, "col": 33, "area_m2": 22500.0 }, "geometry": { "type": "Polygon", "coordinates": [ [ [ -118.329058573822991, 34.00592103569636 ], [ -118.329029956952468, 34.007273112703615 ], [ -118.327406416111657, 34.007249268751337 ], [ -118.327435060775244, 34.005897192116713 ], [ -118.329058573822991, 34.00592103569636 ] ] ] } },
{ "type": "Feature", "properties": { "cell_id": "c0009_0034", "row": 9, "col": 34, "area_m2": 22500.0 }, "geometry": { "type": "Polygon", "coordinates": [ [ [ -118.327435060775244, 34.005897192116713 ], [ -118.327406416111657, 34.007249268751337 ], [ -118.325782876251878, 34.007225401644931 ], [ -118.325811548708501, 34.00587332538327 ], [ -118.327435060775244, 34.005897192116713 ] ] ] } },
{ "type": "Feature", "properties": { "cell_id": "c0009_0035", "row": 9, "col": 35, "area_m2": 22500.0 }, "geometry": { "type": "Polygon", "coordinates": [ [ [ -118.325811548708501, 34.00587332538327 ], [ -118.325782876251878, 34.007225401644931 ], [ -118.324159337374127, 34.007201511384416 ], [ -118.324188037623713, 34.005849435496096 ], [ -118.325811548708501, 34.00587332538327 ] ] ] } },
{ "type": "Feature", "properties": { "cell_id": "c0009_0036", "row": 9, "col": 36, "area_m2": 22500.0 }, "geometry": { "type": "Polygon", "coordinates": [ [ [ -118.324188037623713, 34.005849435496096 ], [ -118.324159337374127, 34.007201511384416 ], [ -118.322535799479354, 34.0071775979698 ], [ -118.322564527521848, 34.005825522455183 ], [ -118.324188037623713, 34.005849435496096 ] ] ] } },
{ "type": "Feature", "properties": { "cell_id": "c0009_0037", "row": 9, "col": 37, "area_m2": 22500.0 }, "geometry": { "type": "Polygon", "coordinates": [ [ [ -118.322564527521848, 34.005825522455183 ], [ -118.322535799479354, 34.0071775979698 ], [ -118.320912262568513, 34.007153661401119 ], [ -118.320941018403857, 34.005801586260567 ], [ -118.322564527521848, 34.005825522455183 ] ] ] } },
{ "type": "Feature", "properties": { "cell_id": "c0009_0038", "row": 9, "col": 38, "area_m2": 22500.0 }, "geometry": { "type": "Polygon", "coordinates": [ [ [ -118.320941018403857, 34.005801586260567 ], [ -118.320912262568513, 34.007153661401119 ], [ -118.319288726642498, 34.00712970167838 ], [ -118.319317510270679, 34.005777626912256 ], [ -118.320941018403857, 34.005801586260567 ] ] ] } },
{ "type": "Feature", "properties": { "cell_id": "c0009_0039", "row": 9, "col": 39, "area_m2": 22500.0 }, "geometry": { "type": "Polygon", "coordinates": [ [ [ -118.319317510270679, 34.005777626912256 ], [ -118.319288726642498, 34.00712970167838 ], [ -118.317665191702332, 34.007105718801597 ], [ -118.317694003123265, 34.005753644410269 ], [ -118.319317510270679, 34.005777626912256 ] ] ] } },
{ "type": "Feature", "properties": { "cell_id": "c0009_0040", "row": 9, "col": 40, "area_m2": 22500.0 }, "geometry": { "type": "Polygon", "coordinates": [ [ [ -118.317694003123265, 34.005753644410269 ], [ -118.317665191702332, 34.007105718801597 ], [ -118.316041657748926, 34.007081712770812 ], [ -118.316070496962581, 34.005729638754637 ], [ -118.317694003123265, 34.005753644410269 ] ] ] } },
{ "type": "Feature", "properties": { "cell_id": "c0009_0041", "row": 9, "col": 41, "area_m2": 22500.0 }, "geometry": { "type": "Polygon", "coordinates": [ [ [ -118.316070496962581, 34.005729638754637 ], [ -118.316041657748926, 34.007081712770812 ], [ -118.314418124783245, 34.007057683586034 ], [ -118.314446991789566, 34.005705609945373 ], [ -118.316070496962581, 34.005729638754637 ] ] ] } },
{ "type": "Feature", "properties": { "cell_id": "c0009_0042", "row": 9, "col": 42, "area_m2": 22500.0 }, "geometry": { "type": "Polygon", "coordinates": [ [ [ -118.314446991789566, 34.005705609945373 ], [ -118.314418124783245, 34.007057683586034 ], [ -118.312794592806227, 34.007033631247275 ], [ -118.312823487605172, 34.00568155798247 ], [ -118.314446991789566, 34.005705609945373 ] ] ] } },
{ "type": "Feature", "properties": { "cell_id": "c0009_0043", "row": 9, "col": 43, "area_m2": 22500.0 }, "geometry": { "type": "Polygon", "coordinates": [ [ [ -118.312823487605172, 34.00568155798247 ], [ -118.312794592806227, 34.007033631247275 ], [ -118.311171061818854, 34.007009555754564 ], [ -118.311199984410351, 34.005657482865992 ], [ -118.312823487605172, 34.00568155798247 ] ] ] } },
{ "type": "Feature", "properties": { "cell_id": "c0009_0044", "row": 9, "col": 44, "area_m2": 22500.0 }, "geometry": { "type": "Polygon", "coordinates": [ [ [ -118.311199984410351, 34.005657482865992 ], [ -118.311171061818854, 34.007009555754564 ], [ -118.309547531822062, 34.006985457107902 ], [ -118.309576482206054, 34.005633384595939 ], [ -118.311199984410351, 34.005657482865992 ] ] ] } },
{ "type": "Feature", "properties": { "cell_id": "c0009_0045", "row": 9, "col": 45, "area_m2": 22500.0 }, "geometry": { "type": "Polygon", "coordinates": [ [ [ -118.309576482206054, 34.005633384595939 ], [ -118.309547531822062, 34.006985457107902 ], [ -118.307924002816776, 34.006961335307317 ], [ -118.307952980993221, 34.005609263172303 ], [ -118.309576482206054, 34.005633384595939 ] ] ] } },
{ "type": "Feature", "properties": { "cell_id": "c0009_0046", "row": 9, "col": 46, "area_m2": 22500.0 }, "geometry": { "type": "Polygon", "coordinates": [ [ [ -118.307952980993221, 34.005609263172303 ], [ -118.307924002816776, 34.006961335307317 ], [ -118.306300474803962, 34.006937190352858 ], [ -118.30632948077286, 34.005585118595157 ], [ -118.307952980993221, 34.005609263172303 ] ] ] } },
{ "type": "Feature", "properties": { "cell_id": "c0009_0047", "row": 9, "col": 47, "area_m2": 22500.0 }, "geometry": { "type": "Polygon", "coordinates": [ [ [ -118.30632948077286, 34.005585118595157 ], [ -118.306300474803962, 34.006937190352858 ], [ -118.3046769477846, 34.006913022244497 ], [ -118.304705981545837, 34.005560950864485 ], [ -118.30632948077286, 34.005585118595157 ] ] ] } },
{ "type": "Feature", "properties": { "cell_id": "c0009_0048", "row": 9, "col": 48, "area_m2": 22500.0 }, "geometry": { "type": "Polygon", "coordinates": [ [ [ -118.304705981545837, 34.005560950864485 ], [ -118.3046769477846, 34.006913022244497 ], [ -118.3030534217596, 34.006888830982291 ], [ -118.303082483313133, 34.005536759980323 ], [ -118.304705981545837, 34.005560950864485 ] ] ] } },
{ "type": "Feature", "properties": { "cell_id": "c0009_0049", "row": 9, "col": 49, "area_m2": 22500.0 }, "geometry": { "type": "Polygon", "coordinates": [ [ [ -118.303082483313133, 34.005536759980323 ], [ -118.3030534217596, 34.006888830982291 ], [ -118.301429896729928, 34.006864616566247 ], [ -118.301458986075744, 34.005512545942658 ], [ -118.303082483313133, 34.005536759980323 ] ] ] } },
{ "type": "Feature", "properties": { "cell_id": "c0009_0050", "row": 9, "col": 50, "area_m2": 22500.0 }, "geometry": { "type": "Polygon", "coordinates": [ [ [ -118.301458986075744, 34.005512545942658 ], [ -118.301429896729928, 34.006864616566247 ], [ -118.299806372696551, 34.006840378996351 ], [ -118.299835489834564, 34.005488308751552 ], [ -118.301458986075744, 34.005512545942658 ] ] ] } },
{ "type": "Feature", "properties": { "cell_id": "c0009_0051", "row": 9, "col": 51, "area_m2": 22500.0 }, "geometry": { "type": "Polygon", "coordinates": [ [ [ -118.299835489834564, 34.005488308751552 ], [ -118.299806372696551, 34.006840378996351 ], [ -118.298182849660407, 34.006816118272688 ], [ -118.298211994590588, 34.005464048406985 ], [ -118.299835489834564, 34.005488308751552 ] ] ] } },
{ "type": "Feature", "properties": { "cell_id": "c0009_0052", "row": 9, "col": 52, "area_m2": 22500.0 }, "geometry": { "type": "Polygon", "coordinates": [ [ [ -118.298211994590588, 34.005464048406985 ], [ -118.298182849660407, 34.006816118272688 ], [ -118.296559327622447, 34.006791834395223 ], [ -118.296588500344726, 34.005439764909013 ], [ -118.298211994590588, 34.005464048406985 ] ] ] } },
{ "type": "Feature", "properties": { "cell_id": "c0009_0053", "row": 9, "col": 53, "area_m2": 22500.0 }, "geometry": { "type": "Polygon", "coordinates": [ [ [ -118.296588500344726, 34.005439764909013 ], [ -118.296559327622447, 34.006791834395223 ], [ -118.294935806583652, 34.006767527363991 ], [ -118.294965007097971, 34.005415458257644 ], [ -118.296588500344726, 34.005439764909013 ] ] ] } },
{ "type": "Feature", "properties": { "cell_id": "c0009_0054", "row": 9, "col": 54, "area_m2": 22500.0 }, "geometry": { "type": "Polygon", "coordinates": [ [ [ -118.294965007097971, 34.005415458257644 ], [ -118.294935806583652, 34.006767527363991 ], [ -118.293312286544918, 34.00674319717902 ], [ -118.293341514851221, 34.005391128452878 ], [ -118.294965007097971, 34.005415458257644 ] ] ] } },
{ "type": "Feature", "properties": { "cell_id": "c0009_0055", "row": 9, "col": 55, "area_m2": 22500.0 }, "geometry": { "type": "Polygon", "coordinates": [ [ [ -118.293341514851221, 34.005391128452878 ], [ -118.293312286544918, 34.00674319717902 ], [ -118.29168876750721, 34.006718843840353 ], [ -118.291718023605483, 34.005366775494757 ], [ -118.293341514851221, 34.005391128452878 ] ] ] } },
{ "type": "Feature", "properties": { "cell_id": "c0009_0056", "row": 9, "col": 56, "area_m2": 22500.0 }, "geometry": { "type": "Polygon", "coordinates": [ [ [ -118.291718023605483, 34.005366775494757 ], [ -118.29168876750721, 34.006718843840353 ], [ -118.29006524947151, 34.006694467347948 ], [ -118.290094533361682, 34.005342399383281 ], [ -118.291718023605483, 34.005366775494757 ] ] ] } },
{ "type": "Feature", "properties": { "cell_id": "c0009_0057", "row": 9, "col": 57, "area_m2": 22500.0 }, "geometry": { "type": "Polygon", "coordinates": [ [ [ -118.290094533361682, 34.005342399383281 ], [ -118.29006524947151, 34.006694467347948 ], [ -118.288441732438756, 34.006670067701847 ], [ -118.288471044120769, 34.0053180001185 ], [ -118.290094533361682, 34.005342399383281 ] ] ] } },
{ "type": "Feature", "properties": { "cell_id": "c0009_0058", "row": 9, "col": 58, "area_m2": 22500.0 }, "geometry": { "type": "Polygon", "coordinates": [ [ [ -118.288471044120769, 34.0053180001185 ], [ -118.288441732438756, 34.006670067701847 ], [ -118.286818216409884, 34.0066456449021 ], [ -118.28684755588371, 34.005293577700407 ], [ -118.288471044120769, 34.0053180001185 ] ] ] } },
{ "type": "Feature", "properties": { "cell_id": "c0009_0059", "row": 9, "col": 59, "area_m2": 22500.0 }, "geometry": { "type": "Polygon", "coordinates": [ [ [ -118.28684755588371, 34.005293577700407 ], [ -118.286818216409884, 34.0066456449021 ], [ -118.285194701385862, 34.006621198948714 ], [ -118.285224068651431, 34.00526913212903 ], [ -118.28684755588371, 34.005293577700407 ] ] ] } },
{ "type": "Feature", "properties": { "cell_id": "c0009_0060", "row": 9, "col": 60, "area_m2": 22500.0 }, "geometry": { "type": "Polygon", "coordinates": [ [ [ -118.285224068651431, 34.00526913212903 ], [ -118.285194701385862, 34.006621198948714 ], [ -118.283571187367642, 34.006596729841704 ], [ -118.283600582424882, 34.005244663404383 ], [ -118.285224068651431, 34.00526913212903 ] ] ] } },
{ "type": "Feature", "properties": { "cell_id": "c0009_0061", "row": 9, "col": 61, "area_m2": 22500.0 }, "geometry": { "type": "Polygon", "coordinates": [ [ [ -118.283600582424882, 34.005244663404383 ], [ -118.283571187367642, 34.006596729841704 ], [ -118.281947674356147, 34.006572237581082 ], [ -118.281977097205029, 34.005220171526503 ], [ -118.283600582424882, 34.005244663404383 ] ] ] } },
{ "type": "Feature", "properties": { "cell_id": "c0009_0062", "row": 9, "col": 62, "area_m2": 12498.269267028605 }, "geometry": { "type": "Polygon", "coordinates": [ [ [ -118.281977097205029, 34.005220171526503 ], [ -118.281947674356147, 34.006572237581082 ], [ -118.281053761175599, 34.006558742147625 ], [ -118.281062601123224, 34.005745280201751 ], [ -118.281065737897364, 34.005206412617902 ], [ -118.281977097205029, 34.005220171526503 ] ] ] } },
{ "type": "Feature", "properties": { "cell_id": "c0010_0009", "row": 10, "col": 9, "area_m2": 10416.808629311709 }, "geometry": { "type": "Polygon", "coordinates": [ [ [ -118.366343686302287, 34.009167216470033 ], [ -118.366371664876652, 34.007815133022241 ], [ -118.367144667542959, 34.007826223787667 ], [ -118.367074016482007, 34.009177695107255 ], [ -118.366343686302287, 34.009167216470033 ] ] ] } },
{ "type": "Feature", "properties": { "cell_id": "c0010_0010", "row": 10, "col": 10, "area_m2": 22500.0 }, "geometry": { "type": "Polygon", "coordinates": [ [ [ -118.366371664876652, 34.007815133022241 ], [ -118.366343686302287, 34.009167216470033 ], [ -118.364720095364433, 34.009143904703663 ], [ -118.364748101733952, 34.007791821620231 ], [ -118.366371664876652, 34.007815133022241 ] ] ] } },
{ "type": "Feature", "properties": { "cell_id": "c0010_0011", "row": 10, "col": 11, "area_m2": 22500.0 }, "geometry": { "type": "Polygon", "coordinates": [ [ [ -118.364748101733952, 34.007791821620231 ], [ -118.364720095364433, 34.009143904703663 ], [ -118.363096505385784, 34.009120569782368 ], [ -118.363124539550412, 34.007768487063615 ], [ -118.364748101733952, 34.007791821620231 ] ] ] } },
{ "type": "Feature", "properties": { "cell_id": "c0010_0012", "row": 10, "col": 12, "area_m2": 22500.0 }, "geometry": { "type": "Polygon", "coordinates": [ [ [ -118.363124539550412, 34.007768487063615 ], [ -118.363096505385784, 34.009120569782368 ], [ -118.361472916367333, 34.00909721170617 ], [ -118.36150097832703, 34.007745129352472 ], [ -118.363124539550412, 34.007768487063615 ] ] ] } },
{ "type": "Feature", "properties": { "cell_id": "c0010_0013", "row": 10, "col": 13, "area_m2": 9571.1798187730456 }, "geometry": { "type": "Polygon", "coordinates": [ [ [ -118.36150097832703, 34.007745129352472 ], [ -118.361472916367333, 34.00909721170617 ], [ -118.35984932831002, 34.009073830475074 ], [ -118.359856258884392, 34.008740236298614 ], [ -118.360174494341038, 34.008659045104494 ], [ -118.361450039382333, 34.00833579168593 ], [ -118.361418202239619, 34.007839896221327 ], [ -118.361432665432318, 34.00774414604647 ], [ -118.36150097832703, 34.007745129352472 ] ] ] } },
{ "type": "Feature", "properties": { "cell_id": "c0010_0014", "row": 10, "col": 14, "area_m2": 2104.6914732722457 }, "geometry": { "type": "Polygon", "coordinates": [ [ [ -118.35984932831002, 34.009073830475074 ], [ -118.358618221135416, 34.00905608590196 ], [ -118.359856258884392, 34.008740236298614 ], [ -118.35984932831002, 34.009073830475074 ] ] ] } },
{ "type": "Feature", "properties": { "cell_id": "c0010_0015", "row": 10, "col": 15, "area_m2": 16249.645700181427 }, "geometry": { "type": "Polygon", "coordinates": [ [ [ -118.356602155082584, 34.009026998548293 ], [ -118.356630300427199, 34.007674917291936 ], [ -118.35772135078021, 34.007690663182935 ], [ -118.357725503996932, 34.007724151764627 ], [ -118.357782710115501, 34.008370762092532 ], [ -118.357816424821962, 34.008538969854754 ], [ -118.357823239721014, 34.008589441693182 ], [ -118.357842011202834, 34.008735366435573 ], [ -118.35784279380303, 34.00891844070447 ], [ -118.35781389007397, 34.009044485475037 ], [ -118.356602155082584, 34.009026998548293 ] ] ] } },
{ "type": "Feature", "properties": { "cell_id": "c0010_0016", "row": 10, "col": 16, "area_m2": 22500.0 }, "geometry": { "type": "Polygon", "coordinates": [ [ [ -118.356630300427199, 34.007674917291936 ], [ -118.356602155082584, 34.009026998548293 ], [ -118.354978569914394, 34.009003547852643 ], [ -118.355006743053877, 34.007651466962784 ], [ -118.356630300427199, 34.007674917291936 ] ] ] } },
{ "type": "Feature", "properties": { "cell_id": "c0010_0017", "row": 10, "col": 17, "area_m2": 22500.0 }, "geometry": { "type": "Polygon", "coordinates": [ [ [ -118.355006743053877, 34.007651466962784 ], [ -118.354978569914394, 34.009003547852643 ], [ -118.353354985711121, 34.008980074002196 ], [ -118.353383186645416, 34.00762799347919 ], [ -118.355006743053877, 34.007651466962784 ] ] ] } },
{ "type": "Feature", "properties": { "cell_id": "c0010_0018", "row": 10, "col": 18, "area_m2": 22500.0 }, "geometry": { "type": "Polygon", "coordinates": [ [ [ -118.353383186645416, 34.00762799347919 ], [ -118.353354985711121, 34.008980074002196 ], [ -118.351731402473746, 34.00895657699693 ], [ -118.35175963120281, 34.007604496841147 ], [ -118.353383186645416, 34.00762799347919 ] ] ] } },
{ "type": "Feature", "properties": { "cell_id": "c0010_0019", "row": 10, "col": 19, "area_m2": 22500.0 }, "geometry": { "type": "Polygon", "coordinates": [ [ [ -118.35175963120281, 34.007604496841147 ], [ -118.351731402473746, 34.00895657699693 ], [ -118.350107820203206, 34.008933056836888 ], [ -118.350136076727011, 34.00758097704869 ], [ -118.35175963120281, 34.007604496841147 ] ] ] } },
{ "type": "Feature", "properties": { "cell_id": "c0010_0020", "row": 10, "col": 20, "area_m2": 22500.0 }, "geometry": { "type": "Polygon", "coordinates": [ [ [ -118.350136076727011, 34.00758097704869 ], [ -118.350107820203206, 34.008933056836888 ], [ -118.348484238900468, 34.008909513522106 ], [ -118.348512523218943, 34.007557434101841 ], [ -118.350136076727011, 34.00758097704869 ] ] ] } },
{ "type": "Feature", "properties": { "cell_id": "c0010_0021", "row": 10, "col": 21, "area_m2": 22500.0 }, "geometry": { "type": "Polygon", "coordinates": [ [ [ -118.348512523218943, 34.007557434101841 ], [ -118.348484238900468, 34.008909513522106 ], [ -118.346860658566484, 34.008885947052562 ], [ -118.346888970679572, 34.007533868000621 ], [ -118.348512523218943, 34.007557434101841 ] ] ] } },
{ "type": "Feature", "properties": { "cell_id": "c0010_0022", "row": 10, "col": 22, "area_m2": 22500.0 }, "geometry": { "type": "Polygon", "coordinates": [ [ [ -118.346888970679572, 34.007533868000621 ], [ -118.346860658566484, 34.008885947052562 ], [ -118.345237079202192, 34.00886235742832 ], [ -118.345265419109836, 34.007510278745016 ], [ -118.346888970679572, 34.007533868000621 ] ] ] } },
{ "type": "Feature", "properties": { "cell_id": "c0010_0023", "row": 10, "col": 23, "area_m2": 22500.0 }, "geometry": { "type": "Polygon", "coordinates": [ [ [ -118.345265419109836, 34.007510278745016 ], [ -118.345237079202192, 34.00886235742832 ], [ -118.343613500808544, 34.008838744649353 ], [ -118.343641868510716, 34.007486666335112 ], [ -118.345265419109836, 34.007510278745016 ] ] ] } },
{ "type": "Feature", "properties": { "cell_id": "c0010_0024", "row": 10, "col": 24, "area_m2": 22500.0 }, "geometry": { "type": "Polygon", "coordinates": [ [ [ -118.343641868510716, 34.007486666335112 ], [ -118.343613500808544, 34.008838744649353 ], [ -118.341989923386492, 34.008815108715723 ], [ -118.342018318883134, 34.007463030770857 ], [ -118.343641868510716, 34.007486666335112 ] ] ] } },
{ "type": "Feature", "properties": { "cell_id": "c0010_0025", "row": 10, "col": 25, "area_m2": 22500.0 }, "geometry": { "type": "Polygon", "coordinates": [ [ [ -118.342018318883134, 34.007463030770857 ], [ -118.341989923386492, 34.008815108715723 ], [ -118.340366346936975, 34.008791449627417 ], [ -118.340394770228059, 34.007439372052303 ], [ -118.342018318883134, 34.007463030770857 ] ] ] } },
{ "type": "Feature", "properties": { "cell_id": "c0010_0026", "row": 10, "col": 26, "area_m2": 22500.0 }, "geometry": { "type": "Polygon", "coordinates": [ [ [ -118.340394770228059, 34.007439372052303 ], [ -118.340366346936975, 34.008791449627417 ], [ -118.338742771461, 34.008767767384469 ], [ -118.338771222546427, 34.007415690179485 ], [ -118.340394770228059, 34.007439372052303 ] ] ] } },
{ "type": "Feature", "properties": { "cell_id": "c0010_0027", "row": 10, "col": 27, "area_m2": 22500.0 }, "geometry": { "type": "Polygon", "coordinates": [ [ [ -118.338771222546427, 34.007415690179485 ], [ -118.338742771461, 34.008767767384469 ], [ -118.337119196959435, 34.008744061986896 ], [ -118.337147675839233, 34.007391985152381 ], [ -118.338771222546427, 34.007415690179485 ] ] ] } },
{ "type": "Feature", "properties": { "cell_id": "c0010_0028", "row": 10, "col": 28, "area_m2": 16314.473118702093 }, "geometry": { "type": "Polygon", "coordinates": [ [ [ -118.337147675839233, 34.007391985152381 ], [ -118.337119196959435, 34.008744061986896 ], [ -118.335495623433317, 34.008720333434724 ], [ -118.335524130107359, 34.007368256971048 ], [ -118.335568847059292, 34.007368910821242 ], [ -118.335619350833554, 34.007522132102949 ], [ -118.335685310829987, 34.007925885579994 ], [ -118.335710843722438, 34.008121943360962 ], [ -118.33584259310463, 34.00806387169856 ], [ -118.336102790129729, 34.00794705016969 ], [ -118.336402513219156, 34.007813630736813 ], [ -118.336586955405352, 34.007730680610862 ], [ -118.336764647900097, 34.007610651968818 ], [ -118.336864989683207, 34.007537553562926 ], [ -118.336985783400266, 34.007389620128301 ], [ -118.337147675839233, 34.007391985152381 ] ] ] } },
{ "type": "Feature", "properties": { "cell_id": "c0010_0029", "row": 10, "col": 29, "area_m2": 22500.0 }, "geometry": { "type": "Polygon", "coordinates": [ [ [ -118.335524130107359, 34.007368256971048 ], [ -118.335495623433317, 34.008720333434724 ], [ -118.333872050883542, 34.008696581727953 ], [ -118.333900585351799, 34.00734450563548 ], [ -118.335524130107359, 34.007368256971048 ] ] ] } },
{ "type": "Feature", "properties": { "cell_id": "c0010_0030", "row": 10, "col": 30, "area_m2": 22500.0 }, "geometry": { "type": "Polygon", "coordinates": [ [ [ -118.333900585351799, 34.00734450563548 ], [ -118.333872050883542, 34.008696581727953 ], [ -118.332248479311062, 34.008672806866628 ], [ -118.332277041573505, 34.007320731145711 ], [ -118.333900585351799, 34.00734450563548 ] ] ] } },
{ "type": "Feature", "properties": { "cell_id": "c0010_0031", "row": 10, "col": 31, "area_m2": 22500.0 }, "geometry": { "type": "Polygon", "coordinates": [ [ [ -118.332277041573505, 34.007320731145711 ], [ -118.332248479311062, 34.008672806866628 ], [ -118.330624908716857, 34.008649008850739 ], [ -118.330653498773401, 34.007296933501756 ], [ -118.332277041573505, 34.007320731145711 ] ] ] } },
{ "type": "Feature", "properties": { "cell_id": "c0010_0032", "row": 10, "col": 32, "area_m2": 22500.0 }, "geometry": { "type": "Polygon", "coordinates": [ [ [ -118.330653498773401, 34.007296933501756 ], [ -118.330624908716857, 34.008649008850739 ], [ -118.32900133910185, 34.008625187680323 ], [ -118.329029956952468, 34.007273112703615 ], [ -118.330653498773401, 34.007296933501756 ] ] ] } },
{ "type": "Feature", "properties": { "cell_id": "c0010_0033", "row": 10, "col": 33, "area_m2": 22500.0 }, "geometry": { "type": "Polygon", "coordinates": [ [ [ -118.329029956952468, 34.007273112703615 ], [ -118.32900133910185, 34.008625187680323 ], [ -118.32737777046701, 34.008601343355409 ], [ -118.327406416111657, 34.007249268751337 ], [ -118.329029956952468, 34.007273112703615 ] ] ] } },
{ "type": "Feature", "properties": { "cell_id": "c0010_0034", "row": 10, "col": 34, "area_m2": 22500.0 }, "geometry": { "type": "Polygon", "coordinates": [ [ [ -118.327406416111657, 34.007249268751337 ], [ -118.32737777046701, 34.008601343355409 ], [ -118.325754202813286, 34.008577475875995 ], [ -118.325782876251878, 34.007225401644931 ], [ -118.327406416111657, 34.007249268751337 ] ] ] } },
{ "type": "Feature", "properties": { "cell_id": "c0010_0035", "row": 10, "col": 35, "area_m2": 22500.0 }, "geometry": { "type": "Polygon", "coordinates": [ [ [ -118.325782876251878, 34.007225401644931 ], [ -118.325754202813286, 34.008577475875995 ], [ -118.324130636141604, 34.008553585242119 ], [ -118.324159337374127, 34.007201511384416 ], [ -118.325782876251878, 34.007225401644931 ] ] ] } },
{ "type": "Feature", "properties": { "cell_id": "c0010_0036", "row": 10, "col": 36, "area_m2": 22500.0 }, "geometry": { "type": "Polygon", "coordinates": [ [ [ -118.324159337374127, 34.007201511384416 ], [ -118.324130636141604, 34.008553585242119 ], [ -118.322507070452957, 34.008529671453786 ], [ -118.322535799479354, 34.0071775979698 ], [ -118.324159337374127, 34.007201511384416 ] ] ] } },
{ "type": "Feature", "properties": { "cell_id": "c0010_0037", "row": 10, "col": 37, "area_m2": 22500.0 }, "geometry": { "type": "Polygon", "coordinates": [ [ [ -118.322535799479354, 34.0071775979698 ], [ -118.322507070452957, 34.008529671453786 ], [ -118.32088350574827, 34.008505734510997 ], [ -118.320912262568513, 34.007153661401119 ], [ -118.322535799479354, 34.0071775979698 ] ] ] } },
{ "type": "Feature", "properties": { "cell_id": "c0010_0038", "row": 10, "col": 38, "area_m2": 22500.0 }, "geometry": { "type": "Polygon", "coordinates": [ [ [ -118.320912262568513, 34.007153661401119 ], [ -118.32088350574827, 34.008505734510997 ], [ -118.319259942028509, 34.008481774413809 ], [ -118.319288726642498, 34.00712970167838 ], [ -118.320912262568513, 34.007153661401119 ] ] ] } },
{ "type": "Feature", "properties": { "cell_id": "c0010_0039", "row": 10, "col": 39, "area_m2": 22500.0 }, "geometry": { "type": "Polygon", "coordinates": [ [ [ -118.319288726642498, 34.00712970167838 ], [ -118.319259942028509, 34.008481774413809 ], [ -118.317636379294612, 34.008457791162236 ], [ -118.317665191702332, 34.007105718801597 ], [ -118.319288726642498, 34.00712970167838 ] ] ] } },
{ "type": "Feature", "properties": { "cell_id": "c0010_0040", "row": 10, "col": 40, "area_m2": 22500.0 }, "geometry": { "type": "Polygon", "coordinates": [ [ [ -118.317665191702332, 34.007105718801597 ], [ -118.317636379294612, 34.008457791162236 ], [ -118.316012817547559, 34.008433784756264 ], [ -118.316041657748926, 34.007081712770812 ], [ -118.317665191702332, 34.007105718801597 ] ] ] } },
{ "type": "Feature", "properties": { "cell_id": "c0010_0041", "row": 10, "col": 41, "area_m2": 22500.0 }, "geometry": { "type": "Polygon", "coordinates": [ [ [ -118.316041657748926, 34.007081712770812 ], [ -118.316012817547559, 34.008433784756264 ], [ -118.31438925678826, 34.008409755195942 ], [ -118.314418124783245, 34.007057683586034 ], [ -118.316041657748926, 34.007081712770812 ] ] ] } },
{ "type": "Feature", "properties": { "cell_id": "c0010_0042", "row": 10, "col": 42, "area_m2": 22500.0 }, "geometry": { "type": "Polygon", "coordinates": [ [ [ -118.314418124783245, 34.007057683586034 ], [ -118.31438925678826, 34.008409755195942 ], [ -118.312765697017682, 34.008385702481291 ], [ -118.312794592806227, 34.007033631247275 ], [ -118.314418124783245, 34.007057683586034 ] ] ] } },
{ "type": "Feature", "properties": { "cell_id": "c0010_0043", "row": 10, "col": 43, "area_m2": 22500.0 }, "geometry": { "type": "Polygon", "coordinates": [ [ [ -118.312794592806227, 34.007033631247275 ], [ -118.312765697017682, 34.008385702481291 ], [ -118.311142138236789, 34.00836162661232 ], [ -118.311171061818854, 34.007009555754564 ], [ -118.312794592806227, 34.007033631247275 ] ] ] } },
{ "type": "Feature", "properties": { "cell_id": "c0010_0044", "row": 10, "col": 44, "area_m2": 22500.0 }, "geometry": { "type": "Polygon", "coordinates": [ [ [ -118.311171061818854, 34.007009555754564 ], [ -118.311142138236789, 34.00836162661232 ], [ -118.309518580446522, 34.008337527589028 ], [ -118.309547531822062, 34.006985457107902 ], [ -118.311171061818854, 34.007009555754564 ] ] ] } },
{ "type": "Feature", "properties": { "cell_id": "c0010_0045", "row": 10, "col": 45, "area_m2": 22500.0 }, "geometry": { "type": "Polygon", "coordinates": [ [ [ -118.309547531822062, 34.006985457107902 ], [ -118.309518580446522, 34.008337527589028 ], [ -118.307895023647816, 34.008313405411506 ], [ -118.307924002816776, 34.006961335307317 ], [ -118.309547531822062, 34.006985457107902 ] ] ] } },
{ "type": "Feature", "properties": { "cell_id": "c0010_0046", "row": 10, "col": 46, "area_m2": 22500.0 }, "geometry": { "type": "Polygon", "coordinates": [ [ [ -118.307924002816776, 34.006961335307317 ], [ -118.307895023647816, 34.008313405411506 ], [ -118.306271467841668, 34.008289260079671 ], [ -118.306300474803962, 34.006937190352858 ], [ -118.307924002816776, 34.006961335307317 ] ] ] } },
{ "type": "Feature", "properties": { "cell_id": "c0010_0047", "row": 10, "col": 47, "area_m2": 22500.0 }, "geometry": { "type": "Polygon", "coordinates": [ [ [ -118.306300474803962, 34.006937190352858 ], [ -118.306271467841668, 34.008289260079671 ], [ -118.304647913028987, 34.008265091593621 ], [ -118.3046769477846, 34.006913022244497 ], [ -118.306300474803962, 34.006937190352858 ] ] ] } },
{ "type": "Feature", "properties": { "cell_id": "c0010_0048", "row": 10, "col": 48, "area_m2": 22500.0 }, "geometry": { "type": "Polygon", "coordinates": [ [ [ -118.3046769477846, 34.006913022244497 ], [ -118.304647913028987, 34.008265091593621 ], [ -118.303024359210724, 34.008240899953329 ], [ -118.3030534217596, 34.006888830982291 ], [ -118.3046769477846, 34.006913022244497 ] ] ] } },
{ "type": "Feature", "properties": { "cell_id": "c0010_0049", "row": 10, "col": 49, "area_m2": 22500.0 }, "geometry": { "type": "Polygon", "coordinates": [ [ [ -118.3030534217596, 34.006888830982291 ], [ -118.303024359210724, 34.008240899953329 ], [ -118.301400806387846, 34.008216685158864 ], [ -118.301429896729928, 34.006864616566247 ], [ -118.3030534217596, 34.006888830982291 ] ] ] } },
{ "type": "Feature", "properties": { "cell_id": "c0010_0050", "row": 10, "col": 50, "area_m2": 22500.0 }, "geometry": { "type": "Polygon", "coordinates": [ [ [ -118.301429896729928, 34.006864616566247 ], [ -118.301400806387846, 34.008216685158864 ], [ -118.29977725456132, 34.008192447210192 ], [ -118.299806372696551, 34.006840378996351 ], [ -118.301429896729928, 34.006864616566247 ] ] ] } },
{ "type": "Feature", "properties": { "cell_id": "c0010_0051", "row": 10, "col": 51, "area_m2": 22500.0 }, "geometry": { "type": "Polygon", "coordinates": [ [ [ -118.299806372696551, 34.006840378996351 ], [ -118.29977725456132, 34.008192447210192 ], [ -118.298153703732069, 34.008168186107362 ], [ -118.298182849660407, 34.006816118272688 ], [ -118.299806372696551, 34.006840378996351 ] ] ] } },
{ "type": "Feature", "properties": { "cell_id": "c0010_0052", "row": 10, "col": 52, "area_m2": 22500.0 }, "geometry": { "type": "Polygon", "coordinates": [ [ [ -118.298182849660407, 34.006816118272688 ], [ -118.298153703732069, 34.008168186107362 ], [ -118.296530153901045, 34.008143901850381 ], [ -118.296559327622447, 34.006791834395223 ], [ -118.298182849660407, 34.006816118272688 ] ] ] } },
{ "type": "Feature", "properties": { "cell_id": "c0010_0053", "row": 10, "col": 53, "area_m2": 22500.0 }, "geometry": { "type": "Polygon", "coordinates": [ [ [ -118.296559327622447, 34.006791834395223 ], [ -118.296530153901045, 34.008143901850381 ], [ -118.294906605069244, 34.008119594439307 ], [ -118.294935806583652, 34.006767527363991 ], [ -118.296559327622447, 34.006791834395223 ] ] ] } },
{ "type": "Feature", "properties": { "cell_id": "c0010_0054", "row": 10, "col": 54, "area_m2": 22500.0 }, "geometry": { "type": "Polygon", "coordinates": [ [ [ -118.294935806583652, 34.006767527363991 ], [ -118.294906605069244, 34.008119594439307 ], [ -118.293283057237545, 34.00809526387409 ], [ -118.293312286544918, 34.00674319717902 ], [ -118.294935806583652, 34.006767527363991 ] ] ] } },
{ "type": "Feature", "properties": { "cell_id": "c0010_0055", "row": 10, "col": 55, "area_m2": 22500.0 }, "geometry": { "type": "Polygon", "coordinates": [ [ [ -118.293312286544918, 34.00674319717902 ], [ -118.293283057237545, 34.00809526387409 ], [ -118.291659510406959, 34.008070910154807 ], [ -118.29168876750721, 34.006718843840353 ], [ -118.293312286544918, 34.00674319717902 ] ] ] } },
{ "type": "Feature", "properties": { "cell_id": "c0010_0056", "row": 10, "col": 56, "area_m2": 22500.0 }, "geometry": { "type": "Polygon", "coordinates": [ [ [ -118.29168876750721, 34.006718843840353 ], [ -118.291659510406959, 34.008070910154807 ], [ -118.290035964578408, 34.008046533281451 ], [ -118.29006524947151, 34.006694467347948 ], [ -118.29168876750721, 34.006718843840353 ] ] ] } },
{ "type": "Feature", "properties": { "cell_id": "c0010_0057", "row": 10, "col": 57, "area_m2": 22500.0 }, "geometry": { "type": "Polygon", "coordinates": [ [ [ -118.29006524947151, 34.006694467347948 ], [ -118.290035964578408, 34.008046533281451 ], [ -118.288412419752845, 34.008022133254052 ], [ -118.288441732438756, 34.006670067701847 ], [ -118.29006524947151, 34.006694467347948 ] ] ] } },
{ "type": "Feature", "properties": { "cell_id": "c0010_0058", "row": 10, "col": 58, "area_m2": 22500.0 }, "geometry": { "type": "Polygon", "coordinates": [ [ [ -118.288441732438756, 34.006670067701847 ], [ -118.288412419752845, 34.008022133254052 ], [ -118.286788875931236, 34.00799771007263 ], [ -118.286818216409884, 34.0066456449021 ], [ -118.288441732438756, 34.006670067701847 ] ] ] } },
{ "type": "Feature", "properties": { "cell_id": "c0010_0059", "row": 10, "col": 59, "area_m2": 22500.0 }, "geometry": { "type": "Polygon", "coordinates": [ [ [ -118.286818216409884, 34.0066456449021 ], [ -118.286788875931236, 34.00799771007263 ], [ -118.28516533311452, 34.007973263737192 ], [ -118.285194701385862, 34.006621198948714 ], [ -118.286818216409884, 34.0066456449021 ] ] ] } },
{ "type": "Feature", "properties": { "cell_id": "c0010_0060", "row": 10, "col": 60, "area_m2": 22500.0 }, "geometry": { "type": "Polygon", "coordinates": [ [ [ -118.285194701385862, 34.006621198948714 ], [ -118.28516533311452, 34.007973263737192 ], [ -118.283541791303634, 34.007948794247781 ], [ -118.283571187367642, 34.006596729841704 ], [ -118.285194701385862, 34.006621198948714 ] ] ] } },
{ "type": "Feature", "properties": { "cell_id": "c0010_0061", "row": 10, "col": 61, "area_m2": 22500.0 }, "geometry": { "type": "Polygon", "coordinates": [ [ [ -118.283571187367642, 34.006596729841704 ], [ -118.283541791303634, 34.007948794247781 ], [ -118.281918250499572, 34.007924301604397 ], [ -118.281947674356147, 34.006572237581082 ], [ -118.283571187367642, 34.006596729841704 ] ] ] } },
{ "type": "Feature", "properties": { "cell_id": "c0010_0062", "row": 10, "col": 62, "area_m2": 12286.440682077227 }, "geometry": { "type": "Polygon", "coordinates": [ [ [ -118.281947674356147, 34.006572237581082 ], [ -118.281918250499572, 34.007924301604397 ], [ -118.281039065363814, 34.00791102859742 ], [ -118.281053761175599, 34.006558742147625 ], [ -118.281947674356147, 34.006572237581082 ] ] ] } },
{ "type": "Feature", "properties": { "cell_id": "c0011_0009", "row": 11, "col": 9, "area_m2": 9842.1797822847402 }, "geometry": { "type": "Polygon", "coordinates": [ [ [ -118.366315706769655, 34.010519297888472 ], [ -118.366343686302287, 34.009167216470033 ], [ -118.367074016482007, 34.009177695107255 ], [ -118.367059298257544, 34.009459231268579 ], [ -118.367015356379667, 34.010349332227648 ], [ -118.367006301783405, 34.010529206519024 ], [ -118.366315706769655, 34.010519297888472 ] ] ] } },
{ "type": "Feature", "properties": { "cell_id": "c0011_0010", "row": 11, "col": 10, "area_m2": 22500.0 }, "geometry": { "type": "Polygon", "coordinates": [ [ [ -118.366343686302287, 34.009167216470033 ], [ -118.366315706769655, 34.010519297888472 ], [ -118.364692088035682, 34.01049598575775 ], [ -118.364720095364433, 34.009143904703663 ], [ -118.366343686302287, 34.009167216470033 ] ] ] } },
{ "type": "Feature", "properties": { "cell_id": "c0011_0011", "row": 11, "col": 11, "area_m2": 22500.0 }, "geometry": { "type": "Polygon", "coordinates": [ [ [ -118.364720095364433, 34.009143904703663 ], [ -118.364692088035682, 34.01049598575775 ], [ -118.36306847026097, 34.010472650471741 ], [ -118.363096505385784, 34.009120569782368 ], [ -118.364720095364433, 34.009143904703663 ] ] ] } },
{ "type": "Feature", "properties": { "cell_id": "c0011_0012", "row": 11, "col": 12, "area_m2": 22500.0 }, "geometry": { "type": "Polygon", "coordinates": [ [ [ -118.363096505385784, 34.009120569782368 ], [ -118.36306847026097, 34.010472650471741 ], [ -118.361444853446514, 34.010449292030458 ], [ -118.361472916367333, 34.00909721170617 ], [ -118.363096505385784, 34.009120569782368 ] ] ] } },
{ "type": "Feature", "properties": { "cell_id": "c0011_0013", "row": 11, "col": 13, "area_m2": 22500.0 }, "geometry": { "type": "Polygon", "coordinates": [ [ [ -118.361472916367333, 34.00909721170617 ], [ -118.361444853446514, 34.010449292030458 ], [ -118.359821237593209, 34.010425910433916 ], [ -118.35984932831002, 34.009073830475074 ], [ -118.361472916367333, 34.00909721170617 ] ] ] } },
{ "type": "Feature", "properties": { "cell_id": "c0011_0014", "row": 11, "col": 14, "area_m2": 22399.219672002688 }, "geometry": { "type": "Polygon", "coordinates": [ [ [ -118.35984932831002, 34.009073830475074 ], [ -118.359821237593209, 34.010425910433916 ], [ -118.358197622702065, 34.010402505682158 ], [ -118.358224778101501, 34.009096738222055 ], [ -118.358490171761602, 34.009071775022313 ], [ -118.358587476325113, 34.009063929348159 ], [ -118.358618221135416, 34.00905608590196 ], [ -118.35984932831002, 34.009073830475074 ] ] ] } },
{ "type": "Feature", "properties": { "cell_id": "c0011_0015", "row": 11, "col": 15, "area_m2": 22200.97887324572 }, "geometry": { "type": "Polygon", "coordinates": [ [ [ -118.358197622702065, 34.010402505682158 ], [ -118.35657400877399, 34.010379077775163 ], [ -118.356602155082584, 34.009026998548293 ], [ -118.35781389007397, 34.009044485475037 ], [ -118.357792585938157, 34.009137389300669 ], [ -118.358224778101501, 34.009096738222055 ], [ -118.358197622702065, 34.010402505682158 ] ] ] } },
{ "type": "Feature", "properties": { "cell_id": "c0011_0016", "row": 11, "col": 16, "area_m2": 22500.0 }, "geometry": { "type": "Polygon", "coordinates": [ [ [ -118.356602155082584, 34.009026998548293 ], [ -118.35657400877399, 34.010379077775163 ], [ -118.354950395809979, 34.010355626712993 ], [ -118.354978569914394, 34.009003547852643 ], [ -118.356602155082584, 34.009026998548293 ] ] ] } },
{ "type": "Feature", "properties": { "cell_id": "c0011_0017", "row": 11, "col": 17, "area_m2": 22500.0 }, "geometry": { "type": "Polygon", "coordinates": [ [ [ -118.354978569914394, 34.009003547852643 ], [ -118.354950395809979, 34.010355626712993 ], [ -118.353326783810928, 34.010332152495657 ], [ -118.353354985711121, 34.008980074002196 ], [ -118.354978569914394, 34.009003547852643 ] ] ] } },
{ "type": "Feature", "properties": { "cell_id": "c0011_0018", "row": 11, "col": 18, "area_m2": 22500.0 }, "geometry": { "type": "Polygon", "coordinates": [ [ [ -118.353354985711121, 34.008980074002196 ], [ -118.353326783810928, 34.010332152495657 ], [ -118.351703172777846, 34.010308655123154 ], [ -118.351731402473746, 34.00895657699693 ], [ -118.353354985711121, 34.008980074002196 ] ] ] } },
{ "type": "Feature", "properties": { "cell_id": "c0011_0019", "row": 11, "col": 19, "area_m2": 22500.0 }, "geometry": { "type": "Polygon", "coordinates": [ [ [ -118.351731402473746, 34.00895657699693 ], [ -118.351703172777846, 34.010308655123154 ], [ -118.350079562711628, 34.010285134595513 ], [ -118.350107820203206, 34.008933056836888 ], [ -118.351731402473746, 34.00895657699693 ] ] ] } },
{ "type": "Feature", "properties": { "cell_id": "c0011_0020", "row": 11, "col": 20, "area_m2": 22500.0 }, "geometry": { "type": "Polygon", "coordinates": [ [ [ -118.350107820203206, 34.008933056836888 ], [ -118.350079562711628, 34.010285134595513 ], [ -118.348455953613254, 34.010261590912734 ], [ -118.348484238900468, 34.008909513522106 ], [ -118.350107820203206, 34.008933056836888 ] ] ] } },
{ "type": "Feature", "properties": { "cell_id": "c0011_0021", "row": 11, "col": 21, "area_m2": 22500.0 }, "geometry": { "type": "Polygon", "coordinates": [ [ [ -118.348484238900468, 34.008909513522106 ], [ -118.348455953613254, 34.010261590912734 ], [ -118.346832345483691, 34.01023802407488 ], [ -118.346860658566484, 34.008885947052562 ], [ -118.348484238900468, 34.008909513522106 ] ] ] } },
{ "type": "Feature", "properties": { "cell_id": "c0011_0022", "row": 11, "col": 22, "area_m2": 22500.0 }, "geometry": { "type": "Polygon", "coordinates": [ [ [ -118.346860658566484, 34.008885947052562 ], [ -118.346832345483691, 34.01023802407488 ], [ -118.34520873832389, 34.010214434081938 ], [ -118.345237079202192, 34.00886235742832 ], [ -118.346860658566484, 34.008885947052562 ] ] ] } },
{ "type": "Feature", "properties": { "cell_id": "c0011_0023", "row": 11, "col": 23, "area_m2": 22500.0 }, "geometry": { "type": "Polygon", "coordinates": [ [ [ -118.345237079202192, 34.00886235742832 ], [ -118.34520873832389, 34.010214434081938 ], [ -118.343585132134763, 34.010190820933921 ], [ -118.343613500808544, 34.008838744649353 ], [ -118.345237079202192, 34.00886235742832 ] ] ] } },
{ "type": "Feature", "properties": { "cell_id": "c0011_0024", "row": 11, "col": 24, "area_m2": 22500.0 }, "geometry": { "type": "Polygon", "coordinates": [ [ [ -118.343613500808544, 34.008838744649353 ], [ -118.343585132134763, 34.010190820933921 ], [ -118.341961526917288, 34.010167184630873 ], [ -118.341989923386492, 34.008815108715723 ], [ -118.343613500808544, 34.008838744649353 ] ] ] } },
{ "type": "Feature", "properties": { "cell_id": "c0011_0025", "row": 11, "col": 25, "area_m2": 22500.0 }, "geometry": { "type": "Polygon", "coordinates": [ [ [ -118.341989923386492, 34.008815108715723 ], [ -118.341961526917288, 34.010167184630873 ], [ -118.340337922672404, 34.010143525172801 ], [ -118.340366346936975, 34.008791449627417 ], [ -118.341989923386492, 34.008815108715723 ] ] ] } },
{ "type": "Feature", "properties": { "cell_id": "c0011_0026", "row": 11, "col": 26, "area_m2": 22500.0 }, "geometry": { "type": "Polygon", "coordinates": [ [ [ -118.340366346936975, 34.008791449627417 ], [ -118.340337922672404, 34.010143525172801 ], [ -118.338714319401092, 34.01011984255971 ], [ -118.338742771461, 34.008767767384469 ], [ -118.340366346936975, 34.008791449627417 ] ] ] } },
{ "type": "Feature", "properties": { "cell_id": "c0011_0027", "row": 11, "col": 27, "area_m2": 22500.0 }, "geometry": { "type": "Polygon", "coordinates": [ [ [ -118.338742771461, 34.008767767384469 ], [ -118.338714319401092, 34.01011984255971 ], [ -118.337090717104289, 34.010096136791638 ], [ -118.337119196959435, 34.008744061986896 ], [ -118.338742771461, 34.008767767384469 ] ] ] } },
{ "type": "Feature", "properties": { "cell_id": "c0011_0028", "row": 11, "col": 28, "area_m2": 22500.0 }, "geometry": { "type": "Polygon", "coordinates": [ [ [ -118.337119196959435, 34.008744061986896 ], [ -118.337090717104289, 34.010096136791638 ], [ -118.335467115782905, 34.010072407868606 ], [ -118.335495623433317, 34.008720333434724 ], [ -118.337119196959435, 34.008744061986896 ] ] ] } },
{ "type": "Feature", "properties": { "cell_id": "c0011_0029", "row": 11, "col": 29, "area_m2": 22500.0 }, "geometry": { "type": "Polygon", "coordinates": [ [ [ -118.335495623433317, 34.008720333434724 ], [ -118.335467115782905, 34.010072407868606 ], [ -118.333843515437962, 34.010048655790605 ], [ -118.333872050883542, 34.008696581727953 ], [ -118.335495623433317, 34.008720333434724 ] ] ] } },
{ "type": "Feature", "properties": { "cell_id": "c0011_0030", "row": 11, "col": 30, "area_m2": 22500.0 }, "geometry": { "type": "Polygon", "coordinates": [ [ [ -118.333872050883542, 34.008696581727953 ], [ -118.333843515437962, 34.010048655790605 ], [ -118.332219916070372, 34.010024880557694 ], [ -118.332248479311062, 34.008672806866628 ], [ -118.333872050883542, 34.008696581727953 ] ] ] } },
{ "type": "Feature", "properties": { "cell_id": "c0011_0031", "row": 11, "col": 31, "area_m2": 22500.0 }, "geometry": { "type": "Polygon", "coordinates": [ [ [ -118.332248479311062, 34.008672806866628 ], [ -118.332219916070372, 34.010024880557694 ], [ -118.330596317681085, 34.010001082169872 ], [ -118.330624908716857, 34.008649008850739 ], [ -118.332248479311062, 34.008672806866628 ] ] ] } },
{ "type": "Feature", "properties": { "cell_id": "c0011_0032", "row": 11, "col": 32, "area_m2": 22500.0 }, "geometry": { "type": "Polygon", "coordinates": [ [ [ -118.330624908716857, 34.008649008850739 ], [ -118.330596317681085, 34.010001082169872 ], [ -118.328972720271054, 34.009977260627167 ], [ -118.32900133910185, 34.008625187680323 ], [ -118.330624908716857, 34.008649008850739 ] ] ] } },
{ "type": "Feature", "properties": { "cell_id": "c0011_0033", "row": 11, "col": 33, "area_m2": 22500.0 }, "geometry": { "type": "Polygon", "coordinates": [ [ [ -118.32900133910185, 34.008625187680323 ], [ -118.328972720271054, 34.009977260627167 ], [ -118.327349123841245, 34.009953415929552 ], [ -118.32737777046701, 34.008601343355409 ], [ -118.32900133910185, 34.008625187680323 ] ] ] } },
{ "type": "Feature", "properties": { "cell_id": "c0011_0034", "row": 11, "col": 34, "area_m2": 22500.0 }, "geometry": { "type": "Polygon", "coordinates": [ [ [ -118.32737777046701, 34.008601343355409 ], [ -118.327349123841245, 34.009953415929552 ], [ -118.325725528392582, 34.009929548077125 ], [ -118.325754202813286, 34.008577475875995 ], [ -118.32737777046701, 34.008601343355409 ] ] ] } },
{ "type": "Feature", "properties": { "cell_id": "c0011_0035", "row": 11, "col": 35, "area_m2": 22500.0 }, "geometry": { "type": "Polygon", "coordinates": [ [ [ -118.325754202813286, 34.008577475875995 ], [ -118.325725528392582, 34.009929548077125 ], [ -118.324101933926073, 34.009905657069844 ], [ -118.324130636141604, 34.008553585242119 ], [ -118.325754202813286, 34.008577475875995 ] ] ] } },
{ "type": "Feature", "properties": { "cell_id": "c0011_0036", "row": 11, "col": 36, "area_m2": 22500.0 }, "geometry": { "type": "Polygon", "coordinates": [ [ [ -118.324130636141604, 34.008553585242119 ], [ -118.324101933926073, 34.009905657069844 ], [ -118.322478340442601, 34.009881742907758 ], [ -118.322507070452957, 34.008529671453786 ], [ -118.324130636141604, 34.008553585242119 ] ] ] } },
{ "type": "Feature", "properties": { "cell_id": "c0011_0037", "row": 11, "col": 37, "area_m2": 22500.0 }, "geometry": { "type": "Polygon", "coordinates": [ [ [ -118.322507070452957, 34.008529671453786 ], [ -118.322478340442601, 34.009881742907758 ], [ -118.320854747943145, 34.009857805590869 ], [ -118.32088350574827, 34.008505734510997 ], [ -118.322507070452957, 34.008529671453786 ] ] ] } },
{ "type": "Feature", "properties": { "cell_id": "c0011_0038", "row": 11, "col": 38, "area_m2": 22500.0 }, "geometry": { "type": "Polygon", "coordinates": [ [ [ -118.32088350574827, 34.008505734510997 ], [ -118.320854747943145, 34.009857805590869 ], [ -118.319231156428671, 34.009833845119189 ], [ -118.319259942028509, 34.008481774413809 ], [ -118.32088350574827, 34.008505734510997 ] ] ] } },
{ "type": "Feature", "properties": { "cell_id": "c0011_0039", "row": 11, "col": 39, "area_m2": 22500.0 }, "geometry": { "type": "Polygon", "coordinates": [ [ [ -118.319259942028509, 34.008481774413809 ], [ -118.319231156428671, 34.009833845119189 ], [ -118.31760756590009, 34.009809861492769 ], [ -118.317636379294612, 34.008457791162236 ], [ -118.319259942028509, 34.008481774413809 ] ] ] } },
{ "type": "Feature", "properties": { "cell_id": "c0011_0040", "row": 11, "col": 40, "area_m2": 22500.0 }, "geometry": { "type": "Polygon", "coordinates": [ [ [ -118.317636379294612, 34.008457791162236 ], [ -118.31760756590009, 34.009809861492769 ], [ -118.315983976358424, 34.009785854711616 ], [ -118.316012817547559, 34.008433784756264 ], [ -118.317636379294612, 34.008457791162236 ] ] ] } },
{ "type": "Feature", "properties": { "cell_id": "c0011_0041", "row": 11, "col": 41, "area_m2": 22500.0 }, "geometry": { "type": "Polygon", "coordinates": [ [ [ -118.316012817547559, 34.008433784756264 ], [ -118.315983976358424, 34.009785854711616 ], [ -118.314360387804527, 34.009761824775737 ], [ -118.31438925678826, 34.008409755195942 ], [ -118.316012817547559, 34.008433784756264 ] ] ] } },
{ "type": "Feature", "properties": { "cell_id": "c0011_0042", "row": 11, "col": 42, "area_m2": 22500.0 }, "geometry": { "type": "Polygon", "coordinates": [ [ [ -118.31438925678826, 34.008409755195942 ], [ -118.314360387804527, 34.009761824775737 ], [ -118.312736800239463, 34.00973777168516 ], [ -118.312765697017682, 34.008385702481291 ], [ -118.31438925678826, 34.008409755195942 ] ] ] } },
{ "type": "Feature", "properties": { "cell_id": "c0011_0043", "row": 11, "col": 43, "area_m2": 22500.0 }, "geometry": { "type": "Polygon", "coordinates": [ [ [ -118.312765697017682, 34.008385702481291 ], [ -118.312736800239463, 34.00973777168516 ], [ -118.311113213664086, 34.009713695439899 ], [ -118.311142138236789, 34.00836162661232 ], [ -118.312765697017682, 34.008385702481291 ] ] ] } },
{ "type": "Feature", "properties": { "cell_id": "c0011_0044", "row": 11, "col": 44, "area_m2": 22500.0 }, "geometry": { "type": "Polygon", "coordinates": [ [ [ -118.311142138236789, 34.00836162661232 ], [ -118.311113213664086, 34.009713695439899 ], [ -118.309489628079405, 34.009689596039976 ], [ -118.309518580446522, 34.008337527589028 ], [ -118.311142138236789, 34.00836162661232 ] ] ] } },
{ "type": "Feature", "properties": { "cell_id": "c0011_0045", "row": 11, "col": 45, "area_m2": 22500.0 }, "geometry": { "type": "Polygon", "coordinates": [ [ [ -118.309518580446522, 34.008337527589028 ], [ -118.309489628079405, 34.009689596039976 ], [ -118.307866043486356, 34.009665473485427 ], [ -118.307895023647816, 34.008313405411506 ], [ -118.309518580446522, 34.008337527589028 ] ] ] } },
{ "type": "Feature", "properties": { "cell_id": "c0011_0046", "row": 11, "col": 46, "area_m2": 22500.0 }, "geometry": { "type": "Polygon", "coordinates": [ [ [ -118.307895023647816, 34.008313405411506 ], [ -118.307866043486356, 34.009665473485427 ], [ -118.306242459885866, 34.009641327776237 ], [ -118.306271467841668, 34.008289260079671 ], [ -118.307895023647816, 34.008313405411506 ] ] ] } },
{ "type": "Feature", "properties": { "cell_id": "c0011_0047", "row": 11, "col": 47, "area_m2": 22500.0 }, "geometry": { "type": "Polygon", "coordinates": [ [ [ -118.306271467841668, 34.008289260079671 ], [ -118.306242459885866, 34.009641327776237 ], [ -118.304618877278926, 34.009617158912448 ], [ -118.304647913028987, 34.008265091593621 ], [ -118.306271467841668, 34.008289260079671 ] ] ] } },
{ "type": "Feature", "properties": { "cell_id": "c0011_0048", "row": 11, "col": 48, "area_m2": 22500.0 }, "geometry": { "type": "Polygon", "coordinates": [ [ [ -118.304647913028987, 34.008265091593621 ], [ -118.304618877278926, 34.009617158912448 ], [ -118.302995295666449, 34.009592966894083 ], [ -118.303024359210724, 34.008240899953329 ], [ -118.304647913028987, 34.008265091593621 ] ] ] } },
{ "type": "Feature", "properties": { "cell_id": "c0011_0049", "row": 11, "col": 49, "area_m2": 22500.0 }, "geometry": { "type": "Polygon", "coordinates": [ [ [ -118.303024359210724, 34.008240899953329 ], [ -118.302995295666449, 34.009592966894083 ], [ -118.301371715049427, 34.009568751721154 ], [ -118.301400806387846, 34.008216685158864 ], [ -118.303024359210724, 34.008240899953329 ] ] ] } },
{ "type": "Feature", "properties": { "cell_id": "c0011_0050", "row": 11, "col": 50, "area_m2": 22500.0 }, "geometry": { "type": "Polygon", "coordinates": [ [ [ -118.301400806387846, 34.008216685158864 ], [ -118.301371715049427, 34.009568751721154 ], [ -118.2997481354288, 34.009544513393671 ], [ -118.29977725456132, 34.008192447210192 ], [ -118.301400806387846, 34.008216685158864 ] ] ] } },
{ "type": "Feature", "properties": { "cell_id": "c0011_0051", "row": 11, "col": 51, "area_m2": 22500.0 }, "geometry": { "type": "Polygon", "coordinates": [ [ [ -118.29977725456132, 34.008192447210192 ], [ -118.2997481354288, 34.009544513393671 ], [ -118.29812455680549, 34.009520251911674 ], [ -118.298153703732069, 34.008168186107362 ], [ -118.29977725456132, 34.008192447210192 ] ] ] } },
{ "type": "Feature", "properties": { "cell_id": "c0011_0052", "row": 11, "col": 52, "area_m2": 22500.0 }, "geometry": { "type": "Polygon", "coordinates": [ [ [ -118.298153703732069, 34.008168186107362 ], [ -118.29812455680549, 34.009520251911674 ], [ -118.296500979180479, 34.009495967275164 ], [ -118.296530153901045, 34.008143901850381 ], [ -118.298153703732069, 34.008168186107362 ] ] ] } },
{ "type": "Feature", "properties": { "cell_id": "c0011_0053", "row": 11, "col": 53, "area_m2": 22500.0 }, "geometry": { "type": "Polygon", "coordinates": [ [ [ -118.296530153901045, 34.008143901850381 ], [ -118.296500979180479, 34.009495967275164 ], [ -118.294877402554675, 34.009471659484177 ], [ -118.294906605069244, 34.008119594439307 ], [ -118.296530153901045, 34.008143901850381 ] ] ] } },
{ "type": "Feature", "properties": { "cell_id": "c0011_0054", "row": 11, "col": 54, "area_m2": 22500.0 }, "geometry": { "type": "Polygon", "coordinates": [ [ [ -118.294906605069244, 34.008119594439307 ], [ -118.294877402554675, 34.009471659484177 ], [ -118.293253826929089, 34.009447328538712 ], [ -118.293283057237545, 34.00809526387409 ], [ -118.294906605069244, 34.008119594439307 ] ] ] } },
{ "type": "Feature", "properties": { "cell_id": "c0011_0055", "row": 11, "col": 55, "area_m2": 22500.0 }, "geometry": { "type": "Polygon", "coordinates": [ [ [ -118.293283057237545, 34.00809526387409 ], [ -118.293253826929089, 34.009447328538712 ], [ -118.291630252304657, 34.009422974438806 ], [ -118.291659510406959, 34.008070910154807 ], [ -118.293283057237545, 34.00809526387409 ] ] ] } },
{ "type": "Feature", "properties": { "cell_id": "c0011_0056", "row": 11, "col": 56, "area_m2": 22500.0 }, "geometry": { "type": "Polygon", "coordinates": [ [ [ -118.291659510406959, 34.008070910154807 ], [ -118.291630252304657, 34.009422974438806 ], [ -118.290006678682303, 34.009398597184486 ], [ -118.290035964578408, 34.008046533281451 ], [ -118.291659510406959, 34.008070910154807 ] ] ] } },
{ "type": "Feature", "properties": { "cell_id": "c0011_0057", "row": 11, "col": 57, "area_m2": 22500.0 }, "geometry": { "type": "Polygon", "coordinates": [ [ [ -118.290035964578408, 34.008046533281451 ], [ -118.290006678682303, 34.009398597184486 ], [ -118.288383106062994, 34.009374196775745 ], [ -118.288412419752845, 34.008022133254052 ], [ -118.290035964578408, 34.008046533281451 ] ] ] } },
{ "type": "Feature", "properties": { "cell_id": "c0011_0058", "row": 11, "col": 58, "area_m2": 22500.0 }, "geometry": { "type": "Polygon", "coordinates": [ [ [ -118.288412419752845, 34.008022133254052 ], [ -118.288383106062994, 34.009374196775745 ], [ -118.286759534447697, 34.009349773212605 ], [ -118.286788875931236, 34.00799771007263 ], [ -118.288412419752845, 34.008022133254052 ] ] ] } },
{ "type": "Feature", "properties": { "cell_id": "c0011_0059", "row": 11, "col": 59, "area_m2": 22500.0 }, "geometry": { "type": "Polygon", "coordinates": [ [ [ -118.286788875931236, 34.00799771007263 ], [ -118.286759534447697, 34.009349773212605 ], [ -118.28513596383732, 34.009325326495102 ], [ -118.28516533311452, 34.007973263737192 ], [ -118.286788875931236, 34.00799771007263 ] ] ] } },
{ "type": "Feature", "properties": { "cell_id": "c0011_0060", "row": 11, "col": 60, "area_m2": 22500.0 }, "geometry": { "type": "Polygon", "coordinates": [ [ [ -118.28516533311452, 34.007973263737192 ], [ -118.28513596383732, 34.009325326495102 ], [ -118.283512394232844, 34.009300856623263 ], [ -118.283541791303634, 34.007948794247781 ], [ -118.28516533311452, 34.007973263737192 ] ] ] } },
{ "type": "Feature", "properties": { "cell_id": "c0011_0061", "row": 11, "col": 61, "area_m2": 22500.0 }, "geometry": { "type": "Polygon", "coordinates": [ [ [ -118.283541791303634, 34.007948794247781 ], [ -118.283512394232844, 34.009300856623263 ], [ -118.281888825635235, 34.009276363597081 ], [ -118.281918250499572, 34.007924301604397 ], [ -118.283541791303634, 34.007948794247781 ] ] ] } },
{ "type": "Feature", "properties": { "cell_id": "c0011_0062", "row": 11, "col": 62, "area_m2": 12085.75673458213 }, "geometry": { "type": "Polygon", "coordinates": [ [ [ -118.281918250499572, 34.007924301604397 ], [ -118.281888825635235, 34.009276363597081 ], [ -118.281022472711996, 34.009263284385689 ], [ -118.281028438321741, 34.008888882871744 ], [ -118.281039065363814, 34.00791102859742 ], [ -118.281918250499572, 34.007924301604397 ] ] ] } },
{ "type": "Feature", "properties": { "cell_id": "c0012_0005", "row": 12, "col": 5, "area_m2": 176.46425704708474 }, "geometry": { "type": "Polygon", "coordinates": [ [ [ -118.372873612036784, 34.011965700555649 ], [ -118.372875955829329, 34.011922388164706 ], [ -118.373182759078205, 34.011906670216959 ], [ -118.373207638766118, 34.011970474340323 ], [ -118.372873612036784, 34.011965700555649 ] ] ] } },
{ "type": "Feature", "properties": { "cell_id": "c0012_0009", "row": 12, "col": 9, "area_m2": 9283.7081400094648 }, "geometry": { "type": "Polygon", "coordinates": [ [ [ -118.366287726278685, 34.011871377278233 ], [ -118.366315706769655, 34.010519297888472 ], [ -118.367006301783405, 34.010529206519024 ], [ -118.366977415036075, 34.011103051144204 ], [ -118.366939307388961, 34.011818988307937 ], [ -118.366936169459919, 34.011880681222209 ], [ -118.366287726278685, 34.011871377278233 ] ] ] } },
{ "type": "Feature", "properties": { "cell_id": "c0012_0010", "row": 12, "col": 10, "area_m2": 22500.0 }, "geometry": { "type": "Polygon", "coordinates": [ [ [ -118.366315706769655, 34.010519297888472 ], [ -118.366287726278685, 34.011871377278233 ], [ -118.364664079747641, 34.011848064783123 ], [ -118.364692088035682, 34.01049598575775 ], [ -118.366315706769655, 34.010519297888472 ] ] ] } },
{ "type": "Feature", "properties": { "cell_id": "c0012_0011", "row": 12, "col": 11, "area_m2": 22500.0 }, "geometry": { "type": "Polygon", "coordinates": [ [ [ -118.364692088035682, 34.01049598575775 ], [ -118.364664079747641, 34.011848064783123 ], [ -118.363040434175915, 34.011824729132393 ], [ -118.36306847026097, 34.010472650471741 ], [ -118.364692088035682, 34.01049598575775 ] ] ] } },
{ "type": "Feature", "properties": { "cell_id": "c0012_0012", "row": 12, "col": 12, "area_m2": 22500.0 }, "geometry": { "type": "Polygon", "coordinates": [ [ [ -118.36306847026097, 34.010472650471741 ], [ -118.363040434175915, 34.011824729132393 ], [ -118.361416789564473, 34.011801370325998 ], [ -118.361444853446514, 34.010449292030458 ], [ -118.36306847026097, 34.010472650471741 ] ] ] } },
{ "type": "Feature", "properties": { "cell_id": "c0012_0013", "row": 12, "col": 13, "area_m2": 22500.0 }, "geometry": { "type": "Polygon", "coordinates": [ [ [ -118.361444853446514, 34.010449292030458 ], [ -118.361416789564473, 34.011801370325998 ], [ -118.359793145914267, 34.011777988364003 ], [ -118.359821237593209, 34.010425910433916 ], [ -118.361444853446514, 34.010449292030458 ] ] ] } },
{ "type": "Feature", "properties": { "cell_id": "c0012_0014", "row": 12, "col": 14, "area_m2": 22500.0 }, "geometry": { "type": "Polygon", "coordinates": [ [ [ -118.359821237593209, 34.010425910433916 ], [ -118.359793145914267, 34.011777988364003 ], [ -118.35816950322625, 34.011754583246429 ], [ -118.358197622702065, 34.010402505682158 ], [ -118.359821237593209, 34.010425910433916 ] ] ] } },
{ "type": "Feature", "properties": { "cell_id": "c0012_0015", "row": 12, "col": 15, "area_m2": 22500.0 }, "geometry": { "type": "Polygon", "coordinates": [ [ [ -118.358197622702065, 34.010402505682158 ], [ -118.35816950322625, 34.011754583246429 ], [ -118.356545861501374, 34.011731154973255 ], [ -118.35657400877399, 34.010379077775163 ], [ -118.358197622702065, 34.010402505682158 ] ] ] } },
{ "type": "Feature", "properties": { "cell_id": "c0012_0016", "row": 12, "col": 16, "area_m2": 22500.0 }, "geometry": { "type": "Polygon", "coordinates": [ [ [ -118.35657400877399, 34.010379077775163 ], [ -118.356545861501374, 34.011731154973255 ], [ -118.354922220740562, 34.011707703544531 ], [ -118.354950395809979, 34.010355626712993 ], [ -118.35657400877399, 34.010379077775163 ] ] ] } },
{ "type": "Feature", "properties": { "cell_id": "c0012_0017", "row": 12, "col": 17, "area_m2": 22500.0 }, "geometry": { "type": "Polygon", "coordinates": [ [ [ -118.354950395809979, 34.010355626712993 ], [ -118.354922220740562, 34.011707703544531 ], [ -118.353298580944809, 34.01168422896027 ], [ -118.353326783810928, 34.010332152495657 ], [ -118.354950395809979, 34.010355626712993 ] ] ] } },
{ "type": "Feature", "properties": { "cell_id": "c0012_0018", "row": 12, "col": 18, "area_m2": 22500.0 }, "geometry": { "type": "Polygon", "coordinates": [ [ [ -118.353326783810928, 34.010332152495657 ], [ -118.353298580944809, 34.01168422896027 ], [ -118.351674942115025, 34.011660731220509 ], [ -118.351703172777846, 34.010308655123154 ], [ -118.353326783810928, 34.010332152495657 ] ] ] } },
{ "type": "Feature", "properties": { "cell_id": "c0012_0019", "row": 12, "col": 19, "area_m2": 22500.0 }, "geometry": { "type": "Polygon", "coordinates": [ [ [ -118.351703172777846, 34.010308655123154 ], [ -118.351674942115025, 34.011660731220509 ], [ -118.350051304252176, 34.011637210325226 ], [ -118.350079562711628, 34.010285134595513 ], [ -118.351703172777846, 34.010308655123154 ] ] ] } },
{ "type": "Feature", "properties": { "cell_id": "c0012_0020", "row": 12, "col": 20, "area_m2": 22500.0 }, "geometry": { "type": "Polygon", "coordinates": [ [ [ -118.350079562711628, 34.010285134595513 ], [ -118.350051304252176, 34.011637210325226 ], [ -118.348427667357242, 34.011613666274471 ], [ -118.348455953613254, 34.010261590912734 ], [ -118.350079562711628, 34.010285134595513 ] ] ] } },
{ "type": "Feature", "properties": { "cell_id": "c0012_0021", "row": 12, "col": 21, "area_m2": 22500.0 }, "geometry": { "type": "Polygon", "coordinates": [ [ [ -118.348455953613254, 34.010261590912734 ], [ -118.348427667357242, 34.011613666274471 ], [ -118.346804031431162, 34.01159009906825 ], [ -118.346832345483691, 34.01023802407488 ], [ -118.348455953613254, 34.010261590912734 ] ] ] } },
{ "type": "Feature", "properties": { "cell_id": "c0012_0022", "row": 12, "col": 22, "area_m2": 22500.0 }, "geometry": { "type": "Polygon", "coordinates": [ [ [ -118.346832345483691, 34.01023802407488 ], [ -118.346804031431162, 34.01159009906825 ], [ -118.345180396474859, 34.011566508706601 ], [ -118.34520873832389, 34.010214434081938 ], [ -118.346832345483691, 34.01023802407488 ] ] ] } },
{ "type": "Feature", "properties": { "cell_id": "c0012_0023", "row": 12, "col": 23, "area_m2": 22500.0 }, "geometry": { "type": "Polygon", "coordinates": [ [ [ -118.34520873832389, 34.010214434081938 ], [ -118.345180396474859, 34.011566508706601 ], [ -118.343556762489314, 34.011542895189493 ], [ -118.343585132134763, 34.010190820933921 ], [ -118.34520873832389, 34.010214434081938 ] ] ] } },
{ "type": "Feature", "properties": { "cell_id": "c0012_0024", "row": 12, "col": 24, "area_m2": 22500.0 }, "geometry": { "type": "Polygon", "coordinates": [ [ [ -118.343585132134763, 34.010190820933921 ], [ -118.343556762489314, 34.011542895189493 ], [ -118.341933129475478, 34.011519258517012 ], [ -118.341961526917288, 34.010167184630873 ], [ -118.343585132134763, 34.010190820933921 ] ] ] } },
{ "type": "Feature", "properties": { "cell_id": "c0012_0025", "row": 12, "col": 25, "area_m2": 22500.0 }, "geometry": { "type": "Polygon", "coordinates": [ [ [ -118.341961526917288, 34.010167184630873 ], [ -118.341933129475478, 34.011519258517012 ], [ -118.340309497434291, 34.01149559868913 ], [ -118.340337922672404, 34.010143525172801 ], [ -118.341961526917288, 34.010167184630873 ] ] ] } },
{ "type": "Feature", "properties": { "cell_id": "c0012_0026", "row": 12, "col": 26, "area_m2": 22500.0 }, "geometry": { "type": "Polygon", "coordinates": [ [ [ -118.340337922672404, 34.010143525172801 ], [ -118.340309497434291, 34.01149559868913 ], [ -118.338685866366689, 34.011471915705876 ], [ -118.338714319401092, 34.01011984255971 ], [ -118.340337922672404, 34.010143525172801 ] ] ] } },
{ "type": "Feature", "properties": { "cell_id": "c0012_0027", "row": 12, "col": 27, "area_m2": 22500.0 }, "geometry": { "type": "Polygon", "coordinates": [ [ [ -118.338714319401092, 34.01011984255971 ], [ -118.338685866366689, 34.011471915705876 ], [ -118.337062236273638, 34.011448209567291 ], [ -118.337090717104289, 34.010096136791638 ], [ -118.338714319401092, 34.01011984255971 ] ] ] } },
{ "type": "Feature", "properties": { "cell_id": "c0012_0028", "row": 12, "col": 28, "area_m2": 22500.0 }, "geometry": { "type": "Polygon", "coordinates": [ [ [ -118.337090717104289, 34.010096136791638 ], [ -118.337062236273638, 34.011448209567291 ], [ -118.335438607156107, 34.011424480273369 ], [ -118.335467115782905, 34.010072407868606 ], [ -118.337090717104289, 34.010096136791638 ] ] ] } },
{ "type": "Feature", "properties": { "cell_id": "c0012_0029", "row": 12, "col": 29, "area_m2": 22500.0 }, "geometry": { "type": "Polygon", "coordinates": [ [ [ -118.335467115782905, 34.010072407868606 ], [ -118.335438607156107, 34.011424480273369 ], [ -118.333814979015045, 34.011400727824132 ], [ -118.333843515437962, 34.010048655790605 ], [ -118.335467115782905, 34.010072407868606 ] ] ] } },
{ "type": "Feature", "properties": { "cell_id": "c0012_0030", "row": 12, "col": 30, "area_m2": 22500.0 }, "geometry": { "type": "Polygon", "coordinates": [ [ [ -118.333843515437962, 34.010048655790605 ], [ -118.333814979015045, 34.011400727824132 ], [ -118.332191351851364, 34.011376952219607 ], [ -118.332219916070372, 34.010024880557694 ], [ -118.333843515437962, 34.010048655790605 ] ] ] } },
{ "type": "Feature", "properties": { "cell_id": "c0012_0031", "row": 12, "col": 31, "area_m2": 22500.0 }, "geometry": { "type": "Polygon", "coordinates": [ [ [ -118.332219916070372, 34.010024880557694 ], [ -118.332191351851364, 34.011376952219607 ], [ -118.330567725666072, 34.011353153459822 ], [ -118.330596317681085, 34.010001082169872 ], [ -118.332219916070372, 34.010024880557694 ] ] ] } },
{ "type": "Feature", "properties": { "cell_id": "c0012_0032", "row": 12, "col": 32, "area_m2": 22500.0 }, "geometry": { "type": "Polygon", "coordinates": [ [ [ -118.330596317681085, 34.010001082169872 ], [ -118.330567725666072, 34.011353153459822 ], [ -118.328944100460049, 34.011329331544772 ], [ -118.328972720271054, 34.009977260627167 ], [ -118.330596317681085, 34.010001082169872 ] ] ] } },
{ "type": "Feature", "properties": { "cell_id": "c0012_0033", "row": 12, "col": 33, "area_m2": 22500.0 }, "geometry": { "type": "Polygon", "coordinates": [ [ [ -118.328972720271054, 34.009977260627167 ], [ -118.328944100460049, 34.011329331544772 ], [ -118.327320476234306, 34.01130548647447 ], [ -118.327349123841245, 34.009953415929552 ], [ -118.328972720271054, 34.009977260627167 ] ] ] } },
{ "type": "Feature", "properties": { "cell_id": "c0012_0034", "row": 12, "col": 34, "area_m2": 22500.0 }, "geometry": { "type": "Polygon", "coordinates": [ [ [ -118.327349123841245, 34.009953415929552 ], [ -118.327320476234306, 34.01130548647447 ], [ -118.325696852989807, 34.011281618248979 ], [ -118.325725528392582, 34.009929548077125 ], [ -118.327349123841245, 34.009953415929552 ] ] ] } },
{ "type": "Feature", "properties": { "cell_id": "c0012_0035", "row": 12, "col": 35, "area_m2": 22500.0 }, "geometry": { "type": "Polygon", "coordinates": [ [ [ -118.325725528392582, 34.009929548077125 ], [ -118.325696852989807, 34.011281618248979 ], [ -118.324073230727421, 34.011257726868287 ], [ -118.324101933926073, 34.009905657069844 ], [ -118.325725528392582, 34.009929548077125 ] ] ] } },
{ "type": "Feature", "properties": { "cell_id": "c0012_0036", "row": 12, "col": 36, "area_m2": 22500.0 }, "geometry": { "type": "Polygon", "coordinates": [ [ [ -118.324101933926073, 34.009905657069844 ], [ -118.324073230727421, 34.011257726868287 ], [ -118.322449609448199, 34.011233812332414 ], [ -118.322478340442601, 34.009881742907758 ], [ -118.324101933926073, 34.009905657069844 ] ] ] } },
{ "type": "Feature", "properties": { "cell_id": "c0012_0037", "row": 12, "col": 37, "area_m2": 22500.0 }, "geometry": { "type": "Polygon", "coordinates": [ [ [ -118.322478340442601, 34.009881742907758 ], [ -118.322449609448199, 34.011233812332414 ], [ -118.320825989153036, 34.011209874641395 ], [ -118.320854747943145, 34.009857805590869 ], [ -118.322478340442601, 34.009881742907758 ] ] ] } },
{ "type": "Feature", "properties": { "cell_id": "c0012_0038", "row": 12, "col": 38, "area_m2": 22500.0 }, "geometry": { "type": "Polygon", "coordinates": [ [ [ -118.320854747943145, 34.009857805590869 ], [ -118.320825989153036, 34.011209874641395 ], [ -118.319202369842884, 34.011185913795231 ], [ -118.319231156428671, 34.009833845119189 ], [ -118.320854747943145, 34.009857805590869 ] ] ] } },
{ "type": "Feature", "properties": { "cell_id": "c0012_0039", "row": 12, "col": 39, "area_m2": 22500.0 }, "geometry": { "type": "Polygon", "coordinates": [ [ [ -118.319231156428671, 34.009833845119189 ], [ -118.319202369842884, 34.011185913795231 ], [ -118.317578751518695, 34.011161929793943 ], [ -118.31760756590009, 34.009809861492769 ], [ -118.319231156428671, 34.009833845119189 ] ] ] } },
{ "type": "Feature", "properties": { "cell_id": "c0012_0040", "row": 12, "col": 40, "area_m2": 22500.0 }, "geometry": { "type": "Polygon", "coordinates": [ [ [ -118.31760756590009, 34.009809861492769 ], [ -118.317578751518695, 34.011161929793943 ], [ -118.315955134181451, 34.011137922637566 ], [ -118.315983976358424, 34.009785854711616 ], [ -118.31760756590009, 34.009809861492769 ] ] ] } },
{ "type": "Feature", "properties": { "cell_id": "c0012_0041", "row": 12, "col": 41, "area_m2": 22500.0 }, "geometry": { "type": "Polygon", "coordinates": [ [ [ -118.315983976358424, 34.009785854711616 ], [ -118.315955134181451, 34.011137922637566 ], [ -118.314331517832059, 34.011113892326101 ], [ -118.314360387804527, 34.009761824775737 ], [ -118.315983976358424, 34.009785854711616 ] ] ] } },
{ "type": "Feature", "properties": { "cell_id": "c0012_0042", "row": 12, "col": 42, "area_m2": 22500.0 }, "geometry": { "type": "Polygon", "coordinates": [ [ [ -118.314360387804527, 34.009761824775737 ], [ -118.314331517832059, 34.011113892326101 ], [ -118.312707902471487, 34.011089838859561 ], [ -118.312736800239463, 34.00973777168516 ], [ -118.314360387804527, 34.009761824775737 ] ] ] } },
{ "type": "Feature", "properties": { "cell_id": "c0012_0043", "row": 12, "col": 43, "area_m2": 22500.0 }, "geometry": { "type": "Polygon", "coordinates": [ [ [ -118.312736800239463, 34.00973777168516 ], [ -118.312707902471487, 34.011089838859561 ], [ -118.311084288100702, 34.011065762238005 ], [ -118.311113213664086, 34.009713695439899 ], [ -118.312736800239463, 34.00973777168516 ] ] ] } },
{ "type": "Feature", "properties": { "cell_id": "c0012_0044", "row": 12, "col": 44, "area_m2": 22500.0 }, "geometry": { "type": "Polygon", "coordinates": [ [ [ -118.311113213664086, 34.009713695439899 ], [ -118.311084288100702, 34.011065762238005 ], [ -118.309460674720654, 34.011041662461423 ], [ -118.309489628079405, 34.009689596039976 ], [ -118.311113213664086, 34.009713695439899 ] ] ] } },
{ "type": "Feature", "properties": { "cell_id": "c0012_0045", "row": 12, "col": 45, "area_m2": 22500.0 }, "geometry": { "type": "Polygon", "coordinates": [ [ [ -118.309489628079405, 34.009689596039976 ], [ -118.309460674720654, 34.011041662461423 ], [ -118.307837062332297, 34.011017539529824 ], [ -118.307866043486356, 34.009665473485427 ], [ -118.309489628079405, 34.009689596039976 ] ] ] } },
{ "type": "Feature", "properties": { "cell_id": "c0012_0046", "row": 12, "col": 46, "area_m2": 22500.0 }, "geometry": { "type": "Polygon", "coordinates": [ [ [ -118.307866043486356, 34.009665473485427 ], [ -118.307837062332297, 34.011017539529824 ], [ -118.306213450936553, 34.010993393443258 ], [ -118.306242459885866, 34.009641327776237 ], [ -118.307866043486356, 34.009665473485427 ] ] ] } },
{ "type": "Feature", "properties": { "cell_id": "c0012_0047", "row": 12, "col": 47, "area_m2": 22500.0 }, "geometry": { "type": "Polygon", "coordinates": [ [ [ -118.306242459885866, 34.009641327776237 ], [ -118.306213450936553, 34.010993393443258 ], [ -118.304589840534391, 34.010969224201716 ], [ -118.304618877278926, 34.009617158912448 ], [ -118.306242459885866, 34.009641327776237 ] ] ] } },
{ "type": "Feature", "properties": { "cell_id": "c0012_0048", "row": 12, "col": 48, "area_m2": 22500.0 }, "geometry": { "type": "Polygon", "coordinates": [ [ [ -118.304618877278926, 34.009617158912448 ], [ -118.304589840534391, 34.010969224201716 ], [ -118.30296623112676, 34.010945031805228 ], [ -118.302995295666449, 34.009592966894083 ], [ -118.304618877278926, 34.009617158912448 ] ] ] } },
{ "type": "Feature", "properties": { "cell_id": "c0012_0049", "row": 12, "col": 49, "area_m2": 22500.0 }, "geometry": { "type": "Polygon", "coordinates": [ [ [ -118.302995295666449, 34.009592966894083 ], [ -118.30296623112676, 34.010945031805228 ], [ -118.301342622714628, 34.010920816253837 ], [ -118.301371715049427, 34.009568751721154 ], [ -118.302995295666449, 34.009592966894083 ] ] ] } },
{ "type": "Feature", "properties": { "cell_id": "c0012_0050", "row": 12, "col": 50, "area_m2": 22500.0 }, "geometry": { "type": "Polygon", "coordinates": [ [ [ -118.301371715049427, 34.009568751721154 ], [ -118.301342622714628, 34.010920816253837 ], [ -118.299719015298933, 34.010896577547499 ], [ -118.2997481354288, 34.009544513393671 ], [ -118.301371715049427, 34.009568751721154 ] ] ] } },
{ "type": "Feature", "properties": { "cell_id": "c0012_0051", "row": 12, "col": 51, "area_m2": 22500.0 }, "geometry": { "type": "Polygon", "coordinates": [ [ [ -118.2997481354288, 34.009544513393671 ], [ -118.299719015298933, 34.010896577547499 ], [ -118.298095408880599, 34.010872315686321 ], [ -118.29812455680549, 34.009520251911674 ], [ -118.2997481354288, 34.009544513393671 ] ] ] } },
{ "type": "Feature", "properties": { "cell_id": "c0012_0052", "row": 12, "col": 52, "area_m2": 22500.0 }, "geometry": { "type": "Polygon", "coordinates": [ [ [ -118.29812455680549, 34.009520251911674 ], [ -118.298095408880599, 34.010872315686321 ], [ -118.296471803460634, 34.010848030670246 ], [ -118.296500979180479, 34.009495967275164 ], [ -118.29812455680549, 34.009520251911674 ] ] ] } },
{ "type": "Feature", "properties": { "cell_id": "c0012_0053", "row": 12, "col": 53, "area_m2": 22500.0 }, "geometry": { "type": "Polygon", "coordinates": [ [ [ -118.296500979180479, 34.009495967275164 ], [ -118.296471803460634, 34.010848030670246 ], [ -118.294848199039961, 34.010823722499339 ], [ -118.294877402554675, 34.009471659484177 ], [ -118.296500979180479, 34.009495967275164 ] ] ] } },
{ "type": "Feature", "properties": { "cell_id": "c0012_0054", "row": 12, "col": 54, "area_m2": 22500.0 }, "geometry": { "type": "Polygon", "coordinates": [ [ [ -118.294877402554675, 34.009471659484177 ], [ -118.294848199039961, 34.010823722499339 ], [ -118.293224595619492, 34.010799391173585 ], [ -118.293253826929089, 34.009447328538712 ], [ -118.294877402554675, 34.009471659484177 ] ] ] } },
{ "type": "Feature", "properties": { "cell_id": "c0012_0055", "row": 12, "col": 55, "area_m2": 22500.0 }, "geometry": { "type": "Polygon", "coordinates": [ [ [ -118.293253826929089, 34.009447328538712 ], [ -118.293224595619492, 34.010799391173585 ], [ -118.291600993200248, 34.01077503669304 ], [ -118.291630252304657, 34.009422974438806 ], [ -118.293253826929089, 34.009447328538712 ] ] ] } },
{ "type": "Feature", "properties": { "cell_id": "c0012_0056", "row": 12, "col": 56, "area_m2": 22500.0 }, "geometry": { "type": "Polygon", "coordinates": [ [ [ -118.291630252304657, 34.009422974438806 ], [ -118.291600993200248, 34.01077503669304 ], [ -118.289977391783154, 34.010750659057685 ], [ -118.290006678682303, 34.009398597184486 ], [ -118.291630252304657, 34.009422974438806 ] ] ] } },
{ "type": "Feature", "properties": { "cell_id": "c0012_0057", "row": 12, "col": 57, "area_m2": 22500.0 }, "geometry": { "type": "Polygon", "coordinates": [ [ [ -118.290006678682303, 34.009398597184486 ], [ -118.289977391783154, 34.010750659057685 ], [ -118.288353791369147, 34.010726258267582 ], [ -118.288383106062994, 34.009374196775745 ], [ -118.290006678682303, 34.009398597184486 ] ] ] } },
{ "type": "Feature", "properties": { "cell_id": "c0012_0058", "row": 12, "col": 58, "area_m2": 22500.0 }, "geometry": { "type": "Polygon", "coordinates": [ [ [ -118.288383106062994, 34.009374196775745 ], [ -118.288353791369147, 34.010726258267582 ], [ -118.286730191959194, 34.010701834322731 ], [ -118.286759534447697, 34.009349773212605 ], [ -118.288383106062994, 34.009374196775745 ] ] ] } },
{ "type": "Feature", "properties": { "cell_id": "c0012_0059", "row": 12, "col": 59, "area_m2": 22500.0 }, "geometry": { "type": "Polygon", "coordinates": [ [ [ -118.286759534447697, 34.009349773212605 ], [ -118.286730191959194, 34.010701834322731 ], [ -118.285106593554232, 34.010677387223126 ], [ -118.28513596383732, 34.009325326495102 ], [ -118.286759534447697, 34.009349773212605 ] ] ] } },
{ "type": "Feature", "properties": { "cell_id": "c0012_0060", "row": 12, "col": 60, "area_m2": 22500.0 }, "geometry": { "type": "Polygon", "coordinates": [ [ [ -118.28513596383732, 34.009325326495102 ], [ -118.285106593554232, 34.010677387223126 ], [ -118.283482996155215, 34.01065291696883 ], [ -118.283512394232844, 34.009300856623263 ], [ -118.28513596383732, 34.009325326495102 ] ] ] } },
{ "type": "Feature", "properties": { "cell_id": "c0012_0061", "row": 12, "col": 61, "area_m2": 22500.0 }, "geometry": { "type": "Polygon", "coordinates": [ [ [ -118.283512394232844, 34.009300856623263 ], [ -118.283482996155215, 34.01065291696883 ], [ -118.281859399763121, 34.010628423559844 ], [ -118.281888825635235, 34.009276363597081 ], [ -118.283512394232844, 34.009300856623263 ] ] ] } },
{ "type": "Feature", "properties": { "cell_id": "c0012_0062", "row": 12, "col": 62, "area_m2": 12089.033591894429 }, "geometry": { "type": "Polygon", "coordinates": [ [ [ -118.281888825635235, 34.009276363597081 ], [ -118.281859399763121, 34.010628423559844 ], [ -118.28098847154979, 34.010615275278056 ], [ -118.281009105990876, 34.009459257508773 ], [ -118.281020271121051, 34.009401455240365 ], [ -118.281022472711996, 34.009263284385689 ], [ -118.281888825635235, 34.009276363597081 ] ] ] } },
{ "type": "Feature", "properties": { "cell_id": "c0013_0005", "row": 13, "col": 5, "area_m2": 8993.8624821901358 }, "geometry": { "type": "Polygon", "coordinates": [ [ [ -118.372797473382619, 34.013317089455576 ], [ -118.372828698762831, 34.012795671105444 ], [ -118.372873612036784, 34.011965700555649 ], [ -118.373207638766118, 34.011970474340323 ], [ -118.373456468191407, 34.012608592818836 ], [ -118.373559765811891, 34.012833941874781 ], [ -118.373738063584184, 34.013228396950979 ], [ -118.373786165225994, 34.013331217022525 ], [ -118.372797473382619, 34.013317089455576 ] ] ] } },
{ "type": "Feature", "properties": { "cell_id": "c0013_0009", "row": 13, "col": 9, "area_m2": 8703.420968852879 }, "geometry": { "type": "Polygon", "coordinates": [ [ [ -118.36625974482935, 34.013223454639984 ], [ -118.366287726278685, 34.011871377278233 ], [ -118.366936169459919, 34.011880681222209 ], [ -118.366867426278702, 34.013232173825415 ], [ -118.36625974482935, 34.013223454639984 ] ] ] } },
{ "type": "Feature", "properties": { "cell_id": "c0013_0010", "row": 13, "col": 10, "area_m2": 22500.0 }, "geometry": { "type": "Polygon", "coordinates": [ [ [ -118.366287726278685, 34.011871377278233 ], [ -118.36625974482935, 34.013223454639984 ], [ -118.364636070500282, 34.013200141780494 ], [ -118.364664079747641, 34.011848064783123 ], [ -118.366287726278685, 34.011871377278233 ] ] ] } },
{ "type": "Feature", "properties": { "cell_id": "c0013_0011", "row": 13, "col": 11, "area_m2": 22500.0 }, "geometry": { "type": "Polygon", "coordinates": [ [ [ -118.364664079747641, 34.011848064783123 ], [ -118.364636070500282, 34.013200141780494 ], [ -118.363012397130589, 34.013176805764978 ], [ -118.363040434175915, 34.011824729132393 ], [ -118.364664079747641, 34.011848064783123 ] ] ] } },
{ "type": "Feature", "properties": { "cell_id": "c0013_0012", "row": 13, "col": 12, "area_m2": 22500.0 }, "geometry": { "type": "Polygon", "coordinates": [ [ [ -118.363040434175915, 34.011824729132393 ], [ -118.363012397130589, 34.013176805764978 ], [ -118.361388724721223, 34.013153446593464 ], [ -118.361416789564473, 34.011801370325998 ], [ -118.363040434175915, 34.011824729132393 ] ] ] } },
{ "type": "Feature", "properties": { "cell_id": "c0013_0013", "row": 13, "col": 13, "area_m2": 22500.0 }, "geometry": { "type": "Polygon", "coordinates": [ [ [ -118.361416789564473, 34.011801370325998 ], [ -118.361388724721223, 34.013153446593464 ], [ -118.359765053273151, 34.01313006426598 ], [ -118.359793145914267, 34.011777988364003 ], [ -118.361416789564473, 34.011801370325998 ] ] ] } },
{ "type": "Feature", "properties": { "cell_id": "c0013_0014", "row": 13, "col": 14, "area_m2": 22500.0 }, "geometry": { "type": "Polygon", "coordinates": [ [ [ -118.359793145914267, 34.011777988364003 ], [ -118.359765053273151, 34.01313006426598 ], [ -118.358141382787309, 34.013106658782547 ], [ -118.35816950322625, 34.011754583246429 ], [ -118.359793145914267, 34.011777988364003 ] ] ] } },
{ "type": "Feature", "properties": { "cell_id": "c0013_0015", "row": 13, "col": 15, "area_m2": 22500.0 }, "geometry": { "type": "Polygon", "coordinates": [ [ [ -118.35816950322625, 34.011754583246429 ], [ -118.358141382787309, 34.013106658782547 ], [ -118.356517713264637, 34.013083230143174 ], [ -118.356545861501374, 34.011731154973255 ], [ -118.35816950322625, 34.011754583246429 ] ] ] } },
{ "type": "Feature", "properties": { "cell_id": "c0013_0016", "row": 13, "col": 16, "area_m2": 22500.0 }, "geometry": { "type": "Polygon", "coordinates": [ [ [ -118.356545861501374, 34.011731154973255 ], [ -118.356517713264637, 34.013083230143174 ], [ -118.354894044706114, 34.013059778347881 ], [ -118.354922220740562, 34.011707703544531 ], [ -118.356545861501374, 34.011731154973255 ] ] ] } },
{ "type": "Feature", "properties": { "cell_id": "c0013_0017", "row": 13, "col": 17, "area_m2": 22500.0 }, "geometry": { "type": "Polygon", "coordinates": [ [ [ -118.354922220740562, 34.011707703544531 ], [ -118.354894044706114, 34.013059778347881 ], [ -118.353270377112665, 34.013036303396689 ], [ -118.353298580944809, 34.01168422896027 ], [ -118.354922220740562, 34.011707703544531 ] ] ] } },
{ "type": "Feature", "properties": { "cell_id": "c0013_0018", "row": 13, "col": 18, "area_m2": 22500.0 }, "geometry": { "type": "Polygon", "coordinates": [ [ [ -118.353298580944809, 34.01168422896027 ], [ -118.353270377112665, 34.013036303396689 ], [ -118.351646710485269, 34.013012805289613 ], [ -118.351674942115025, 34.011660731220509 ], [ -118.353298580944809, 34.01168422896027 ] ] ] } },
{ "type": "Feature", "properties": { "cell_id": "c0013_0019", "row": 13, "col": 19, "area_m2": 22500.0 }, "geometry": { "type": "Polygon", "coordinates": [ [ [ -118.351674942115025, 34.011660731220509 ], [ -118.351646710485269, 34.013012805289613 ], [ -118.350023044824866, 34.012989284026673 ], [ -118.350051304252176, 34.011637210325226 ], [ -118.351674942115025, 34.011660731220509 ] ] ] } },
{ "type": "Feature", "properties": { "cell_id": "c0013_0020", "row": 13, "col": 20, "area_m2": 22500.0 }, "geometry": { "type": "Polygon", "coordinates": [ [ [ -118.350051304252176, 34.011637210325226 ], [ -118.350023044824866, 34.012989284026673 ], [ -118.348399380132406, 34.012965739607914 ], [ -118.348427667357242, 34.011613666274471 ], [ -118.350051304252176, 34.011637210325226 ] ] ] } },
{ "type": "Feature", "properties": { "cell_id": "c0013_0021", "row": 13, "col": 21, "area_m2": 22500.0 }, "geometry": { "type": "Polygon", "coordinates": [ [ [ -118.348427667357242, 34.011613666274471 ], [ -118.348399380132406, 34.012965739607914 ], [ -118.346775716408843, 34.012942172033306 ], [ -118.346804031431162, 34.01159009906825 ], [ -118.348427667357242, 34.011613666274471 ] ] ] } },
{ "type": "Feature", "properties": { "cell_id": "c0013_0022", "row": 13, "col": 22, "area_m2": 22500.0 }, "geometry": { "type": "Polygon", "coordinates": [ [ [ -118.346804031431162, 34.01159009906825 ], [ -118.346775716408843, 34.012942172033306 ], [ -118.345152053655127, 34.012918581302898 ], [ -118.345180396474859, 34.011566508706601 ], [ -118.346804031431162, 34.01159009906825 ] ] ] } },
{ "type": "Feature", "properties": { "cell_id": "c0013_0023", "row": 13, "col": 23, "area_m2": 22500.0 }, "geometry": { "type": "Polygon", "coordinates": [ [ [ -118.345180396474859, 34.011566508706601 ], [ -118.345152053655127, 34.012918581302898 ], [ -118.343528391872198, 34.012894967416727 ], [ -118.343556762489314, 34.011542895189493 ], [ -118.345180396474859, 34.011566508706601 ] ] ] } },
{ "type": "Feature", "properties": { "cell_id": "c0013_0024", "row": 13, "col": 24, "area_m2": 22500.0 }, "geometry": { "type": "Polygon", "coordinates": [ [ [ -118.343556762489314, 34.011542895189493 ], [ -118.343528391872198, 34.012894967416727 ], [ -118.341904731061021, 34.01287133037475 ], [ -118.341933129475478, 34.011519258517012 ], [ -118.343556762489314, 34.011542895189493 ] ] ] } },
{ "type": "Feature", "properties": { "cell_id": "c0013_0025", "row": 13, "col": 25, "area_m2": 22500.0 }, "geometry": { "type": "Polygon", "coordinates": [ [ [ -118.341933129475478, 34.011519258517012 ], [ -118.341904731061021, 34.01287133037475 ], [ -118.340281071222549, 34.012847670177067 ], [ -118.340309497434291, 34.01149559868913 ], [ -118.341933129475478, 34.011519258517012 ] ] ] } },
{ "type": "Feature", "properties": { "cell_id": "c0013_0026", "row": 13, "col": 26, "area_m2": 22500.0 }, "geometry": { "type": "Polygon", "coordinates": [ [ [ -118.340309497434291, 34.01149559868913 ], [ -118.340281071222549, 34.012847670177067 ], [ -118.338657412357719, 34.012823986823619 ], [ -118.338685866366689, 34.011471915705876 ], [ -118.340309497434291, 34.01149559868913 ] ] ] } },
{ "type": "Feature", "properties": { "cell_id": "c0013_0027", "row": 13, "col": 27, "area_m2": 22500.0 }, "geometry": { "type": "Polygon", "coordinates": [ [ [ -118.338685866366689, 34.011471915705876 ], [ -118.338657412357719, 34.012823986823619 ], [ -118.337033754467512, 34.012800280314494 ], [ -118.337062236273638, 34.011448209567291 ], [ -118.338685866366689, 34.011471915705876 ] ] ] } },
{ "type": "Feature", "properties": { "cell_id": "c0013_0028", "row": 13, "col": 28, "area_m2": 22500.0 }, "geometry": { "type": "Polygon", "coordinates": [ [ [ -118.337062236273638, 34.011448209567291 ], [ -118.337033754467512, 34.012800280314494 ], [ -118.335410097552867, 34.01277655064964 ], [ -118.335438607156107, 34.011424480273369 ], [ -118.337062236273638, 34.011448209567291 ] ] ] } },
{ "type": "Feature", "properties": { "cell_id": "c0013_0029", "row": 13, "col": 29, "area_m2": 22500.0 }, "geometry": { "type": "Polygon", "coordinates": [ [ [ -118.335438607156107, 34.011424480273369 ], [ -118.335410097552867, 34.01277655064964 ], [ -118.333786441614706, 34.012752797829151 ], [ -118.333814979015045, 34.011400727824132 ], [ -118.335438607156107, 34.011424480273369 ] ] ] } },
{ "type": "Feature", "properties": { "cell_id": "c0013_0030", "row": 13, "col": 30, "area_m2": 22500.0 }, "geometry": { "type": "Polygon", "coordinates": [ [ [ -118.333814979015045, 34.011400727824132 ], [ -118.333786441614706, 34.012752797829151 ], [ -118.33216278665401, 34.012729021852991 ], [ -118.332191351851364, 34.011376952219607 ], [ -118.333814979015045, 34.011400727824132 ] ] ] } },
{ "type": "Feature", "properties": { "cell_id": "c0013_0031", "row": 13, "col": 31, "area_m2": 22500.0 }, "geometry": { "type": "Polygon", "coordinates": [ [ [ -118.332191351851364, 34.011376952219607 ], [ -118.33216278665401, 34.012729021852991 ], [ -118.330539132671717, 34.012705222721209 ], [ -118.330567725666072, 34.011353153459822 ], [ -118.332191351851364, 34.011376952219607 ] ] ] } },
{ "type": "Feature", "properties": { "cell_id": "c0013_0032", "row": 13, "col": 32, "area_m2": 22500.0 }, "geometry": { "type": "Polygon", "coordinates": [ [ [ -118.330567725666072, 34.011353153459822 ], [ -118.330539132671717, 34.012705222721209 ], [ -118.328915479668794, 34.012681400433806 ], [ -118.328944100460049, 34.011329331544772 ], [ -118.330567725666072, 34.011353153459822 ] ] ] } },
{ "type": "Feature", "properties": { "cell_id": "c0013_0033", "row": 13, "col": 33, "area_m2": 22500.0 }, "geometry": { "type": "Polygon", "coordinates": [ [ [ -118.328944100460049, 34.011329331544772 ], [ -118.328915479668794, 34.012681400433806 ], [ -118.327291827646178, 34.012657554990803 ], [ -118.327320476234306, 34.01130548647447 ], [ -118.328944100460049, 34.011329331544772 ] ] ] } },
{ "type": "Feature", "properties": { "cell_id": "c0013_0034", "row": 13, "col": 34, "area_m2": 22500.0 }, "geometry": { "type": "Polygon", "coordinates": [ [ [ -118.327320476234306, 34.01130548647447 ], [ -118.327291827646178, 34.012657554990803 ], [ -118.325668176604836, 34.012633686392213 ], [ -118.325696852989807, 34.011281618248979 ], [ -118.327320476234306, 34.01130548647447 ] ] ] } },
{ "type": "Feature", "properties": { "cell_id": "c0013_0035", "row": 13, "col": 35, "area_m2": 22500.0 }, "geometry": { "type": "Polygon", "coordinates": [ [ [ -118.325696852989807, 34.011281618248979 ], [ -118.325668176604836, 34.012633686392213 ], [ -118.324044526545691, 34.012609794638081 ], [ -118.324073230727421, 34.011257726868287 ], [ -118.325696852989807, 34.011281618248979 ] ] ] } },
{ "type": "Feature", "properties": { "cell_id": "c0013_0036", "row": 13, "col": 36, "area_m2": 22500.0 }, "geometry": { "type": "Polygon", "coordinates": [ [ [ -118.324073230727421, 34.011257726868287 ], [ -118.324044526545691, 34.012609794638081 ], [ -118.322420877469739, 34.012585879728405 ], [ -118.322449609448199, 34.011233812332414 ], [ -118.324073230727421, 34.011257726868287 ] ] ] } },
{ "type": "Feature", "properties": { "cell_id": "c0013_0037", "row": 13, "col": 37, "area_m2": 22500.0 }, "geometry": { "type": "Polygon", "coordinates": [ [ [ -118.322449609448199, 34.011233812332414 ], [ -118.322420877469739, 34.012585879728405 ], [ -118.320797229377902, 34.012561941663222 ], [ -118.320825989153036, 34.011209874641395 ], [ -118.322449609448199, 34.011233812332414 ] ] ] } },
{ "type": "Feature", "properties": { "cell_id": "c0013_0038", "row": 13, "col": 38, "area_m2": 22500.0 }, "geometry": { "type": "Polygon", "coordinates": [ [ [ -118.320825989153036, 34.011209874641395 ], [ -118.320797229377902, 34.012561941663222 ], [ -118.319173582271119, 34.012537980442531 ], [ -118.319202369842884, 34.011185913795231 ], [ -118.320825989153036, 34.011209874641395 ] ] ] } },
{ "type": "Feature", "properties": { "cell_id": "c0013_0039", "row": 13, "col": 39, "area_m2": 22500.0 }, "geometry": { "type": "Polygon", "coordinates": [ [ [ -118.319202369842884, 34.011185913795231 ], [ -118.319173582271119, 34.012537980442531 ], [ -118.317549936150371, 34.012513996066367 ], [ -118.317578751518695, 34.011161929793943 ], [ -118.319202369842884, 34.011185913795231 ] ] ] } },
{ "type": "Feature", "properties": { "cell_id": "c0013_0040", "row": 13, "col": 40, "area_m2": 22500.0 }, "geometry": { "type": "Polygon", "coordinates": [ [ [ -118.317578751518695, 34.011161929793943 ], [ -118.317549936150371, 34.012513996066367 ], [ -118.315926291016595, 34.012489988534739 ], [ -118.315955134181451, 34.011137922637566 ], [ -118.317578751518695, 34.011161929793943 ] ] ] } },
{ "type": "Feature", "properties": { "cell_id": "c0013_0041", "row": 13, "col": 41, "area_m2": 22500.0 }, "geometry": { "type": "Polygon", "coordinates": [ [ [ -118.315955134181451, 34.011137922637566 ], [ -118.315926291016595, 34.012489988534739 ], [ -118.314302646870729, 34.012465957847667 ], [ -118.314331517832059, 34.011113892326101 ], [ -118.315955134181451, 34.011137922637566 ] ] ] } },
{ "type": "Feature", "properties": { "cell_id": "c0013_0042", "row": 13, "col": 42, "area_m2": 22500.0 }, "geometry": { "type": "Polygon", "coordinates": [ [ [ -118.314331517832059, 34.011113892326101 ], [ -118.314302646870729, 34.012465957847667 ], [ -118.312679003713768, 34.012441904005172 ], [ -118.312707902471487, 34.011089838859561 ], [ -118.314331517832059, 34.011113892326101 ] ] ] } },
{ "type": "Feature", "properties": { "cell_id": "c0013_0043", "row": 13, "col": 43, "area_m2": 22500.0 }, "geometry": { "type": "Polygon", "coordinates": [ [ [ -118.312707902471487, 34.011089838859561 ], [ -118.312679003713768, 34.012441904005172 ], [ -118.311055361546622, 34.012417827007276 ], [ -118.311084288100702, 34.011065762238005 ], [ -118.312707902471487, 34.011089838859561 ] ] ] } },
{ "type": "Feature", "properties": { "cell_id": "c0013_0044", "row": 13, "col": 44, "area_m2": 22500.0 }, "geometry": { "type": "Polygon", "coordinates": [ [ [ -118.311084288100702, 34.011065762238005 ], [ -118.311055361546622, 34.012417827007276 ], [ -118.309431720370256, 34.012393726853993 ], [ -118.309460674720654, 34.011041662461423 ], [ -118.311084288100702, 34.011065762238005 ] ] ] } },
{ "type": "Feature", "properties": { "cell_id": "c0013_0045", "row": 13, "col": 45, "area_m2": 22500.0 }, "geometry": { "type": "Polygon", "coordinates": [ [ [ -118.309460674720654, 34.011041662461423 ], [ -118.309431720370256, 34.012393726853993 ], [ -118.307808080185609, 34.012369603545338 ], [ -118.307837062332297, 34.011017539529824 ], [ -118.309460674720654, 34.011041662461423 ] ] ] } },
{ "type": "Feature", "properties": { "cell_id": "c0013_0046", "row": 13, "col": 46, "area_m2": 22500.0 }, "geometry": { "type": "Polygon", "coordinates": [ [ [ -118.307837062332297, 34.011017539529824 ], [ -118.307808080185609, 34.012369603545338 ], [ -118.306184440993647, 34.012345457081352 ], [ -118.306213450936553, 34.010993393443258 ], [ -118.307837062332297, 34.011017539529824 ] ] ] } },
{ "type": "Feature", "properties": { "cell_id": "c0013_0047", "row": 13, "col": 47, "area_m2": 22500.0 }, "geometry": { "type": "Polygon", "coordinates": [ [ [ -118.306213450936553, 34.010993393443258 ], [ -118.306184440993647, 34.012345457081352 ], [ -118.304560802795322, 34.012321287462029 ], [ -118.304589840534391, 34.010969224201716 ], [ -118.306213450936553, 34.010993393443258 ] ] ] } },
{ "type": "Feature", "properties": { "cell_id": "c0013_0048", "row": 13, "col": 48, "area_m2": 22500.0 }, "geometry": { "type": "Polygon", "coordinates": [ [ [ -118.304589840534391, 34.010969224201716 ], [ -118.304560802795322, 34.012321287462029 ], [ -118.302937165591587, 34.012297094687405 ], [ -118.30296623112676, 34.010945031805228 ], [ -118.304589840534391, 34.010969224201716 ] ] ] } },
{ "type": "Feature", "properties": { "cell_id": "c0013_0049", "row": 13, "col": 49, "area_m2": 22500.0 }, "geometry": { "type": "Polygon", "coordinates": [ [ [ -118.30296623112676, 34.010945031805228 ], [ -118.302937165591587, 34.012297094687405 ], [ -118.301313529383378, 34.012272878757507 ], [ -118.301342622714628, 34.010920816253837 ], [ -118.30296623112676, 34.010945031805228 ] ] ] } },
{ "type": "Feature", "properties": { "cell_id": "c0013_0050", "row": 13, "col": 50, "area_m2": 22500.0 }, "geometry": { "type": "Polygon", "coordinates": [ [ [ -118.301342622714628, 34.010920816253837 ], [ -118.301313529383378, 34.012272878757507 ], [ -118.299689894171664, 34.012248639672343 ], [ -118.299719015298933, 34.010896577547499 ], [ -118.301342622714628, 34.010920816253837 ] ] ] } },
{ "type": "Feature", "properties": { "cell_id": "c0013_0051", "row": 13, "col": 51, "area_m2": 22500.0 }, "geometry": { "type": "Polygon", "coordinates": [ [ [ -118.299719015298933, 34.010896577547499 ], [ -118.299689894171664, 34.012248639672343 ], [ -118.298066259957409, 34.012224377431892 ], [ -118.298095408880599, 34.010872315686321 ], [ -118.299719015298933, 34.010896577547499 ] ] ] } },
{ "type": "Feature", "properties": { "cell_id": "c0013_0052", "row": 13, "col": 52, "area_m2": 22500.0 }, "geometry": { "type": "Polygon", "coordinates": [ [ [ -118.298095408880599, 34.010872315686321 ], [ -118.298066259957409, 34.012224377431892 ], [ -118.296442626741509, 34.012200092036245 ], [ -118.296471803460634, 34.010848030670246 ], [ -118.298095408880599, 34.010872315686321 ] ] ] } },
{ "type": "Feature", "properties": { "cell_id": "c0013_0053", "row": 13, "col": 53, "area_m2": 22500.0 }, "geometry": { "type": "Polygon", "coordinates": [ [ [ -118.296471803460634, 34.010848030670246 ], [ -118.296442626741509, 34.012200092036245 ], [ -118.29481899452496, 34.012175783485397 ], [ -118.294848199039961, 34.010823722499339 ], [ -118.296471803460634, 34.010848030670246 ] ] ] } },
{ "type": "Feature", "properties": { "cell_id": "c0013_0054", "row": 13, "col": 54, "area_m2": 22500.0 }, "geometry": { "type": "Polygon", "coordinates": [ [ [ -118.294848199039961, 34.010823722499339 ], [ -118.29481899452496, 34.012175783485397 ], [ -118.293195363308712, 34.012151451779332 ], [ -118.293224595619492, 34.010799391173585 ], [ -118.294848199039961, 34.010823722499339 ] ] ] } },
{ "type": "Feature", "properties": { "cell_id": "c0013_0055", "row": 13, "col": 55, "area_m2": 22500.0 }, "geometry": { "type": "Polygon", "coordinates": [ [ [ -118.293224595619492, 34.010799391173585 ], [ -118.293195363308712, 34.012151451779332 ], [ -118.291571733093704, 34.0121270969181 ], [ -118.291600993200248, 34.01077503669304 ], [ -118.293224595619492, 34.010799391173585 ] ] ] } },
{ "type": "Feature", "properties": { "cell_id": "c0013_0056", "row": 13, "col": 56, "area_m2": 22500.0 }, "geometry": { "type": "Polygon", "coordinates": [ [ [ -118.291600993200248, 34.01077503669304 ], [ -118.291571733093704, 34.0121270969181 ], [ -118.289948103880903, 34.012102718901751 ], [ -118.289977391783154, 34.010750659057685 ], [ -118.291600993200248, 34.01077503669304 ] ] ] } },
{ "type": "Feature", "properties": { "cell_id": "c0013_0057", "row": 13, "col": 57, "area_m2": 22500.0 }, "geometry": { "type": "Polygon", "coordinates": [ [ [ -118.289977391783154, 34.010750659057685 ], [ -118.289948103880903, 34.012102718901751 ], [ -118.288324475671246, 34.012078317730243 ], [ -118.288353791369147, 34.010726258267582 ], [ -118.289977391783154, 34.010750659057685 ] ] ] } },
{ "type": "Feature", "properties": { "cell_id": "c0013_0058", "row": 13, "col": 58, "area_m2": 22500.0 }, "geometry": { "type": "Polygon", "coordinates": [ [ [ -118.288353791369147, 34.010726258267582 ], [ -118.288324475671246, 34.012078317730243 ], [ -118.286700848465685, 34.012053893403632 ], [ -118.286730191959194, 34.010701834322731 ], [ -118.288353791369147, 34.010726258267582 ] ] ] } },
{ "type": "Feature", "properties": { "cell_id": "c0013_0059", "row": 13, "col": 59, "area_m2": 22500.0 }, "geometry": { "type": "Polygon", "coordinates": [ [ [ -118.286730191959194, 34.010701834322731 ], [ -118.286700848465685, 34.012053893403632 ], [ -118.285077222265173, 34.012029445921925 ], [ -118.285106593554232, 34.010677387223126 ], [ -118.286730191959194, 34.010701834322731 ] ] ] } },
{ "type": "Feature", "properties": { "cell_id": "c0013_0060", "row": 13, "col": 60, "area_m2": 22500.0 }, "geometry": { "type": "Polygon", "coordinates": [ [ [ -118.285106593554232, 34.010677387223126 ], [ -118.285077222265173, 34.012029445921925 ], [ -118.283453597070675, 34.012004975285144 ], [ -118.283482996155215, 34.01065291696883 ], [ -118.285106593554232, 34.010677387223126 ] ] ] } },
{ "type": "Feature", "properties": { "cell_id": "c0013_0061", "row": 13, "col": 61, "area_m2": 22500.0 }, "geometry": { "type": "Polygon", "coordinates": [ [ [ -118.283482996155215, 34.01065291696883 ], [ -118.283453597070675, 34.012004975285144 ], [ -118.281829972883131, 34.011980481493318 ], [ -118.281859399763121, 34.010628423559844 ], [ -118.283482996155215, 34.01065291696883 ] ] ] } },
{ "type": "Feature", "properties": { "cell_id": "c0013_0062", "row": 13, "col": 62, "area_m2": 11959.592031363825 }, "geometry": { "type": "Polygon", "coordinates": [ [ [ -118.281859399763121, 34.010628423559844 ], [ -118.281829972883131, 34.011980481493318 ], [ -118.280976087088177, 34.01196759058174 ], [ -118.280982491000231, 34.011400295693861 ], [ -118.280981482483483, 34.011099844615039 ], [ -118.280981219657406, 34.011021544741233 ], [ -118.28098847154979, 34.010615275278056 ], [ -118.281859399763121, 34.010628423559844 ] ] ] } },
{ "type": "Feature", "properties": { "cell_id": "c0014_0005", "row": 14, "col": 5, "area_m2": 17443.433179789714 }, "geometry": { "type": "Polygon", "coordinates": [ [ [ -118.372726580509024, 34.014668551306009 ], [ -118.372729466471853, 34.014528550902583 ], [ -118.3727856999745, 34.013513686347459 ], [ -118.372797473382619, 34.013317089455576 ], [ -118.373786165225994, 34.013331217022525 ], [ -118.373899644963572, 34.013573785407985 ], [ -118.373964773445778, 34.013748760276499 ], [ -118.374013308770245, 34.013902834930477 ], [ -118.374048499448222, 34.014024319077294 ], [ -118.374068704717473, 34.014115279615481 ], [ -118.374117616563353, 34.014353506546726 ], [ -118.374127996376743, 34.014460984742229 ], [ -118.374150278703013, 34.014688892531048 ], [ -118.372726580509024, 34.014668551306009 ] ] ] } },
{ "type": "Feature", "properties": { "cell_id": "c0014_0006", "row": 14, "col": 6, "area_m2": 3.4921855270384454 }, "geometry": { "type": "Polygon", "coordinates": [ [ [ -118.372726580509024, 34.014668551306009 ], [ -118.372721712805983, 34.014668481727668 ], [ -118.372729466471853, 34.014528550902583 ], [ -118.372726580509024, 34.014668551306009 ] ] ] } },
{ "type": "Feature", "properties": { "cell_id": "c0014_0009", "row": 14, "col": 9, "area_m2": 8138.4134042884398 }, "geometry": { "type": "Polygon", "coordinates": [ [ [ -118.366231762421577, 34.014575529974401 ], [ -118.36625974482935, 34.013223454639984 ], [ -118.366867426278702, 34.013232173825415 ], [ -118.366798680743869, 34.014583664368409 ], [ -118.366231762421577, 34.014575529974401 ] ] ] } },
{ "type": "Feature", "properties": { "cell_id": "c0014_0010", "row": 14, "col": 10, "area_m2": 22500.0 }, "geometry": { "type": "Polygon", "coordinates": [ [ [ -118.36625974482935, 34.013223454639984 ], [ -118.366231762421577, 34.014575529974401 ], [ -118.364608060293534, 34.014552216750459 ], [ -118.364636070500282, 34.013200141780494 ], [ -118.36625974482935, 34.013223454639984 ] ] ] } },
{ "type": "Feature", "properties": { "cell_id": "c0014_0011", "row": 14, "col": 11, "area_m2": 22500.0 }, "geometry": { "type": "Polygon", "coordinates": [ [ [ -118.364636070500282, 34.013200141780494 ], [ -118.364608060293534, 34.014552216750459 ], [ -118.362984359124908, 34.014528880370165 ], [ -118.363012397130589, 34.013176805764978 ], [ -118.364636070500282, 34.013200141780494 ] ] ] } },
{ "type": "Feature", "properties": { "cell_id": "c0014_0012", "row": 14, "col": 12, "area_m2": 22500.0 }, "geometry": { "type": "Polygon", "coordinates": [ [ [ -118.363012397130589, 34.013176805764978 ], [ -118.362984359124908, 34.014528880370165 ], [ -118.361360658916681, 34.014505520833509 ], [ -118.361388724721223, 34.013153446593464 ], [ -118.363012397130589, 34.013176805764978 ] ] ] } },
{ "type": "Feature", "properties": { "cell_id": "c0014_0013", "row": 14, "col": 13, "area_m2": 22500.0 }, "geometry": { "type": "Polygon", "coordinates": [ [ [ -118.361388724721223, 34.013153446593464 ], [ -118.361360658916681, 34.014505520833509 ], [ -118.359736959669775, 34.014482138140522 ], [ -118.359765053273151, 34.01313006426598 ], [ -118.361388724721223, 34.013153446593464 ] ] ] } },
{ "type": "Feature", "properties": { "cell_id": "c0014_0014", "row": 14, "col": 14, "area_m2": 22500.0 }, "geometry": { "type": "Polygon", "coordinates": [ [ [ -118.359765053273151, 34.01313006426598 ], [ -118.359736959669775, 34.014482138140522 ], [ -118.358113261385171, 34.014458732291224 ], [ -118.358141382787309, 34.013106658782547 ], [ -118.359765053273151, 34.01313006426598 ] ] ] } },
{ "type": "Feature", "properties": { "cell_id": "c0014_0015", "row": 14, "col": 15, "area_m2": 22500.0 }, "geometry": { "type": "Polygon", "coordinates": [ [ [ -118.358141382787309, 34.013106658782547 ], [ -118.358113261385171, 34.014458732291224 ], [ -118.356489564063764, 34.014435303285595 ], [ -118.356517713264637, 34.013083230143174 ], [ -118.358141382787309, 34.013106658782547 ] ] ] } },
{ "type": "Feature", "properties": { "cell_id": "c0014_0016", "row": 14, "col": 16, "area_m2": 22500.0 }, "geometry": { "type": "Polygon", "coordinates": [ [ [ -118.356517713264637, 34.013083230143174 ], [ -118.356489564063764, 34.014435303285595 ], [ -118.354865867706579, 34.014411851123711 ], [ -118.354894044706114, 34.013059778347881 ], [ -118.356517713264637, 34.013083230143174 ] ] ] } },
{ "type": "Feature", "properties": { "cell_id": "c0014_0017", "row": 14, "col": 17, "area_m2": 22500.0 }, "geometry": { "type": "Polygon", "coordinates": [ [ [ -118.354894044706114, 34.013059778347881 ], [ -118.354865867706579, 34.014411851123711 ], [ -118.353242172314495, 34.014388375805559 ], [ -118.353270377112665, 34.013036303396689 ], [ -118.354894044706114, 34.013059778347881 ] ] ] } },
{ "type": "Feature", "properties": { "cell_id": "c0014_0018", "row": 14, "col": 18, "area_m2": 22500.0 }, "geometry": { "type": "Polygon", "coordinates": [ [ [ -118.353270377112665, 34.013036303396689 ], [ -118.353242172314495, 34.014388375805559 ], [ -118.351618477888522, 34.014364877331168 ], [ -118.351646710485269, 34.013012805289613 ], [ -118.353270377112665, 34.013036303396689 ] ] ] } },
{ "type": "Feature", "properties": { "cell_id": "c0014_0019", "row": 14, "col": 19, "area_m2": 22500.0 }, "geometry": { "type": "Polygon", "coordinates": [ [ [ -118.351646710485269, 34.013012805289613 ], [ -118.351618477888522, 34.014364877331168 ], [ -118.349994784429612, 34.014341355700573 ], [ -118.350023044824866, 34.012989284026673 ], [ -118.351646710485269, 34.013012805289613 ] ] ] } },
{ "type": "Feature", "properties": { "cell_id": "c0014_0020", "row": 14, "col": 20, "area_m2": 22500.0 }, "geometry": { "type": "Polygon", "coordinates": [ [ [ -118.350023044824866, 34.012989284026673 ], [ -118.349994784429612, 34.014341355700573 ], [ -118.34837109193866, 34.014317810913752 ], [ -118.348399380132406, 34.012965739607914 ], [ -118.350023044824866, 34.012989284026673 ] ] ] } },
{ "type": "Feature", "properties": { "cell_id": "c0014_0021", "row": 14, "col": 21, "area_m2": 22500.0 }, "geometry": { "type": "Polygon", "coordinates": [ [ [ -118.348399380132406, 34.012965739607914 ], [ -118.34837109193866, 34.014317810913752 ], [ -118.346747400416675, 34.014294242970749 ], [ -118.346775716408843, 34.012942172033306 ], [ -118.348399380132406, 34.012965739607914 ] ] ] } },
{ "type": "Feature", "properties": { "cell_id": "c0014_0022", "row": 14, "col": 22, "area_m2": 22500.0 }, "geometry": { "type": "Polygon", "coordinates": [ [ [ -118.346775716408843, 34.012942172033306 ], [ -118.346747400416675, 34.014294242970749 ], [ -118.345123709864566, 34.014270651871584 ], [ -118.345152053655127, 34.012918581302898 ], [ -118.346775716408843, 34.012942172033306 ] ] ] } },
{ "type": "Feature", "properties": { "cell_id": "c0014_0023", "row": 14, "col": 23, "area_m2": 22500.0 }, "geometry": { "type": "Polygon", "coordinates": [ [ [ -118.345152053655127, 34.012918581302898 ], [ -118.345123709864566, 34.014270651871584 ], [ -118.343500020283329, 34.014247037616265 ], [ -118.343528391872198, 34.012894967416727 ], [ -118.345152053655127, 34.012918581302898 ] ] ] } },
{ "type": "Feature", "properties": { "cell_id": "c0014_0024", "row": 14, "col": 24, "area_m2": 22500.0 }, "geometry": { "type": "Polygon", "coordinates": [ [ [ -118.343528391872198, 34.012894967416727 ], [ -118.343500020283329, 34.014247037616265 ], [ -118.341876331673873, 34.014223400204813 ], [ -118.341904731061021, 34.01287133037475 ], [ -118.343528391872198, 34.012894967416727 ] ] ] } },
{ "type": "Feature", "properties": { "cell_id": "c0014_0025", "row": 14, "col": 25, "area_m2": 22500.0 }, "geometry": { "type": "Polygon", "coordinates": [ [ [ -118.341904731061021, 34.01287133037475 ], [ -118.341876331673873, 34.014223400204813 ], [ -118.34025264403715, 34.014199739637263 ], [ -118.340281071222549, 34.012847670177067 ], [ -118.341904731061021, 34.01287133037475 ] ] ] } },
{ "type": "Feature", "properties": { "cell_id": "c0014_0026", "row": 14, "col": 26, "area_m2": 22500.0 }, "geometry": { "type": "Polygon", "coordinates": [ [ [ -118.340281071222549, 34.012847670177067 ], [ -118.34025264403715, 34.014199739637263 ], [ -118.338628957374169, 34.014176055913637 ], [ -118.338657412357719, 34.012823986823619 ], [ -118.340281071222549, 34.012847670177067 ] ] ] } },
{ "type": "Feature", "properties": { "cell_id": "c0014_0027", "row": 14, "col": 27, "area_m2": 22500.0 }, "geometry": { "type": "Polygon", "coordinates": [ [ [ -118.338657412357719, 34.012823986823619 ], [ -118.338628957374169, 34.014176055913637 ], [ -118.337005271685811, 34.0141523490339 ], [ -118.337033754467512, 34.012800280314494 ], [ -118.338657412357719, 34.012823986823619 ] ] ] } },
{ "type": "Feature", "properties": { "cell_id": "c0014_0028", "row": 14, "col": 28, "area_m2": 22500.0 }, "geometry": { "type": "Polygon", "coordinates": [ [ [ -118.337033754467512, 34.012800280314494 ], [ -118.337005271685811, 34.0141523490339 ], [ -118.335381586973099, 34.01412861899815 ], [ -118.335410097552867, 34.01277655064964 ], [ -118.337033754467512, 34.012800280314494 ] ] ] } },
{ "type": "Feature", "properties": { "cell_id": "c0014_0029", "row": 14, "col": 29, "area_m2": 22500.0 }, "geometry": { "type": "Polygon", "coordinates": [ [ [ -118.335410097552867, 34.01277655064964 ], [ -118.335381586973099, 34.01412861899815 ], [ -118.333757903236915, 34.014104865806338 ], [ -118.333786441614706, 34.012752797829151 ], [ -118.335410097552867, 34.01277655064964 ] ] ] } },
{ "type": "Feature", "properties": { "cell_id": "c0014_0030", "row": 14, "col": 30, "area_m2": 22500.0 }, "geometry": { "type": "Polygon", "coordinates": [ [ [ -118.333786441614706, 34.012752797829151 ], [ -118.333757903236915, 34.014104865806338 ], [ -118.332134220478224, 34.014081089458536 ], [ -118.33216278665401, 34.012729021852991 ], [ -118.333786441614706, 34.012752797829151 ] ] ] } },
{ "type": "Feature", "properties": { "cell_id": "c0014_0031", "row": 14, "col": 31, "area_m2": 22500.0 }, "geometry": { "type": "Polygon", "coordinates": [ [ [ -118.33216278665401, 34.012729021852991 ], [ -118.332134220478224, 34.014081089458536 ], [ -118.330510538698022, 34.014057289954714 ], [ -118.330539132671717, 34.012705222721209 ], [ -118.33216278665401, 34.012729021852991 ] ] ] } },
{ "type": "Feature", "properties": { "cell_id": "c0014_0032", "row": 14, "col": 32, "area_m2": 22500.0 }, "geometry": { "type": "Polygon", "coordinates": [ [ [ -118.330539132671717, 34.012705222721209 ], [ -118.330510538698022, 34.014057289954714 ], [ -118.328886857897217, 34.014033467294929 ], [ -118.328915479668794, 34.012681400433806 ], [ -118.330539132671717, 34.012705222721209 ] ] ] } },
{ "type": "Feature", "properties": { "cell_id": "c0014_0033", "row": 14, "col": 33, "area_m2": 22500.0 }, "geometry": { "type": "Polygon", "coordinates": [ [ [ -118.328915479668794, 34.012681400433806 ], [ -118.328886857897217, 34.014033467294929 ], [ -118.327263178076777, 34.01400962147919 ], [ -118.327291827646178, 34.012657554990803 ], [ -118.328915479668794, 34.012681400433806 ] ] ] } },
{ "type": "Feature", "properties": { "cell_id": "c0014_0034", "row": 14, "col": 34, "area_m2": 22500.0 }, "geometry": { "type": "Polygon", "coordinates": [ [ [ -118.327291827646178, 34.012657554990803 ], [ -118.327263178076777, 34.01400962147919 ], [ -118.325639499237653, 34.013985752507516 ], [ -118.325668176604836, 34.012633686392213 ], [ -118.327291827646178, 34.012657554990803 ] ] ] } },
{ "type": "Feature", "properties": { "cell_id": "c0014_0035", "row": 14, "col": 35, "area_m2": 22500.0 }, "geometry": { "type": "Polygon", "coordinates": [ [ [ -118.325668176604836, 34.012633686392213 ], [ -118.325639499237653, 34.013985752507516 ], [ -118.324015821380812, 34.013961860379901 ], [ -118.324044526545691, 34.012609794638081 ], [ -118.325668176604836, 34.012633686392213 ] ] ] } },
{ "type": "Feature", "properties": { "cell_id": "c0014_0036", "row": 14, "col": 36, "area_m2": 22500.0 }, "geometry": { "type": "Polygon", "coordinates": [ [ [ -118.324044526545691, 34.012609794638081 ], [ -118.324015821380812, 34.013961860379901 ], [ -118.322392144507162, 34.013937945096423 ], [ -118.322420877469739, 34.012585879728405 ], [ -118.324044526545691, 34.012609794638081 ] ] ] } },
{ "type": "Feature", "properties": { "cell_id": "c0014_0037", "row": 14, "col": 37, "area_m2": 22500.0 }, "geometry": { "type": "Polygon", "coordinates": [ [ [ -118.322420877469739, 34.012585879728405 ], [ -118.322392144507162, 34.013937945096423 ], [ -118.320768468617686, 34.013914006657025 ], [ -118.320797229377902, 34.012561941663222 ], [ -118.322420877469739, 34.012585879728405 ] ] ] } },
{ "type": "Feature", "properties": { "cell_id": "c0014_0038", "row": 14, "col": 38, "area_m2": 22500.0 }, "geometry": { "type": "Polygon", "coordinates": [ [ [ -118.320797229377902, 34.012561941663222 ], [ -118.320768468617686, 34.013914006657025 ], [ -118.319144793713349, 34.013890045061792 ], [ -118.319173582271119, 34.012537980442531 ], [ -118.320797229377902, 34.012561941663222 ] ] ] } },
{ "type": "Feature", "properties": { "cell_id": "c0014_0039", "row": 14, "col": 39, "area_m2": 22500.0 }, "geometry": { "type": "Polygon", "coordinates": [ [ [ -118.319173582271119, 34.012537980442531 ], [ -118.319144793713349, 34.013890045061792 ], [ -118.317521119795074, 34.013866060310704 ], [ -118.317549936150371, 34.012513996066367 ], [ -118.319173582271119, 34.012537980442531 ] ] ] } },
{ "type": "Feature", "properties": { "cell_id": "c0014_0040", "row": 14, "col": 40, "area_m2": 22500.0 }, "geometry": { "type": "Polygon", "coordinates": [ [ [ -118.317549936150371, 34.012513996066367 ], [ -118.317521119795074, 34.013866060310704 ], [ -118.315897446863815, 34.013842052403817 ], [ -118.315926291016595, 34.012489988534739 ], [ -118.317549936150371, 34.012513996066367 ] ] ] } },
{ "type": "Feature", "properties": { "cell_id": "c0014_0041", "row": 14, "col": 41, "area_m2": 22500.0 }, "geometry": { "type": "Polygon", "coordinates": [ [ [ -118.315926291016595, 34.012489988534739 ], [ -118.315897446863815, 34.013842052403817 ], [ -118.314273774920537, 34.013818021341102 ], [ -118.314302646870729, 34.012465957847667 ], [ -118.315926291016595, 34.012489988534739 ] ] ] } },
{ "type": "Feature", "properties": { "cell_id": "c0014_0042", "row": 14, "col": 42, "area_m2": 22500.0 }, "geometry": { "type": "Polygon", "coordinates": [ [ [ -118.314302646870729, 34.012465957847667 ], [ -118.314273774920537, 34.013818021341102 ], [ -118.312650103966192, 34.013793967122616 ], [ -118.312679003713768, 34.012441904005172 ], [ -118.314302646870729, 34.012465957847667 ] ] ] } },
{ "type": "Feature", "properties": { "cell_id": "c0014_0043", "row": 14, "col": 43, "area_m2": 22500.0 }, "geometry": { "type": "Polygon", "coordinates": [ [ [ -118.312679003713768, 34.012441904005172 ], [ -118.312650103966192, 34.013793967122616 ], [ -118.311026434001732, 34.01376988974836 ], [ -118.311055361546622, 34.012417827007276 ], [ -118.312679003713768, 34.012441904005172 ] ] ] } },
{ "type": "Feature", "properties": { "cell_id": "c0014_0044", "row": 14, "col": 44, "area_m2": 22500.0 }, "geometry": { "type": "Polygon", "coordinates": [ [ [ -118.311055361546622, 34.012417827007276 ], [ -118.311026434001732, 34.01376988974836 ], [ -118.309402765028096, 34.013745789218355 ], [ -118.309431720370256, 34.012393726853993 ], [ -118.311055361546622, 34.012417827007276 ] ] ] } },
{ "type": "Feature", "properties": { "cell_id": "c0014_0045", "row": 14, "col": 45, "area_m2": 22500.0 }, "geometry": { "type": "Polygon", "coordinates": [ [ [ -118.309431720370256, 34.012393726853993 ], [ -118.309402765028096, 34.013745789218355 ], [ -118.307779097046222, 34.013721665532643 ], [ -118.307808080185609, 34.012369603545338 ], [ -118.309431720370256, 34.012393726853993 ] ] ] } },
{ "type": "Feature", "properties": { "cell_id": "c0014_0046", "row": 14, "col": 46, "area_m2": 22500.0 }, "geometry": { "type": "Polygon", "coordinates": [ [ [ -118.307808080185609, 34.012369603545338 ], [ -118.307779097046222, 34.013721665532643 ], [ -118.306155430057103, 34.013697518691195 ], [ -118.306184440993647, 34.012345457081352 ], [ -118.307808080185609, 34.012369603545338 ] ] ] } },
{ "type": "Feature", "properties": { "cell_id": "c0014_0047", "row": 14, "col": 47, "area_m2": 22500.0 }, "geometry": { "type": "Polygon", "coordinates": [ [ [ -118.306184440993647, 34.012345457081352 ], [ -118.306155430057103, 34.013697518691195 ], [ -118.304531764061679, 34.013673348694084 ], [ -118.304560802795322, 34.012321287462029 ], [ -118.306184440993647, 34.012345457081352 ] ] ] } },
{ "type": "Feature", "properties": { "cell_id": "c0014_0048", "row": 14, "col": 48, "area_m2": 22500.0 }, "geometry": { "type": "Polygon", "coordinates": [ [ [ -118.304560802795322, 34.012321287462029 ], [ -118.304531764061679, 34.013673348694084 ], [ -118.302908099060858, 34.013649155541287 ], [ -118.302937165591587, 34.012297094687405 ], [ -118.304560802795322, 34.012321287462029 ] ] ] } },
{ "type": "Feature", "properties": { "cell_id": "c0014_0049", "row": 14, "col": 49, "area_m2": 22500.0 }, "geometry": { "type": "Polygon", "coordinates": [ [ [ -118.302937165591587, 34.012297094687405 ], [ -118.302908099060858, 34.013649155541287 ], [ -118.301284435055635, 34.013624939232855 ], [ -118.301313529383378, 34.012272878757507 ], [ -118.302937165591587, 34.012297094687405 ] ] ] } },
{ "type": "Feature", "properties": { "cell_id": "c0014_0050", "row": 14, "col": 50, "area_m2": 22500.0 }, "geometry": { "type": "Polygon", "coordinates": [ [ [ -118.301313529383378, 34.012272878757507 ], [ -118.301284435055635, 34.013624939232855 ], [ -118.299660772046977, 34.013600699768794 ], [ -118.299689894171664, 34.012248639672343 ], [ -118.301313529383378, 34.012272878757507 ] ] ] } },
{ "type": "Feature", "properties": { "cell_id": "c0014_0051", "row": 14, "col": 51, "area_m2": 22500.0 }, "geometry": { "type": "Polygon", "coordinates": [ [ [ -118.299689894171664, 34.012248639672343 ], [ -118.299660772046977, 34.013600699768794 ], [ -118.298037110035793, 34.013576437149119 ], [ -118.298066259957409, 34.012224377431892 ], [ -118.299689894171664, 34.012248639672343 ] ] ] } },
{ "type": "Feature", "properties": { "cell_id": "c0014_0052", "row": 14, "col": 52, "area_m2": 22500.0 }, "geometry": { "type": "Polygon", "coordinates": [ [ [ -118.298066259957409, 34.012224377431892 ], [ -118.298037110035793, 34.013576437149119 ], [ -118.296413449023035, 34.013552151373858 ], [ -118.296442626741509, 34.012200092036245 ], [ -118.298066259957409, 34.012224377431892 ] ] ] } },
{ "type": "Feature", "properties": { "cell_id": "c0014_0053", "row": 14, "col": 53, "area_m2": 22500.0 }, "geometry": { "type": "Polygon", "coordinates": [ [ [ -118.296442626741509, 34.012200092036245 ], [ -118.296413449023035, 34.013552151373858 ], [ -118.294789789009698, 34.013527842443025 ], [ -118.29481899452496, 34.012175783485397 ], [ -118.296442626741509, 34.012200092036245 ] ] ] } },
{ "type": "Feature", "properties": { "cell_id": "c0014_0054", "row": 14, "col": 54, "area_m2": 22500.0 }, "geometry": { "type": "Polygon", "coordinates": [ [ [ -118.29481899452496, 34.012175783485397 ], [ -118.294789789009698, 34.013527842443025 ], [ -118.293166129996692, 34.013503510356635 ], [ -118.293195363308712, 34.012151451779332 ], [ -118.29481899452496, 34.012175783485397 ] ] ] } },
{ "type": "Feature", "properties": { "cell_id": "c0014_0055", "row": 14, "col": 55, "area_m2": 22500.0 }, "geometry": { "type": "Polygon", "coordinates": [ [ [ -118.293195363308712, 34.012151451779332 ], [ -118.293166129996692, 34.013503510356635 ], [ -118.291542471984982, 34.01347915511473 ], [ -118.291571733093704, 34.0121270969181 ], [ -118.293195363308712, 34.012151451779332 ] ] ] } },
{ "type": "Feature", "properties": { "cell_id": "c0014_0056", "row": 14, "col": 56, "area_m2": 22500.0 }, "geometry": { "type": "Polygon", "coordinates": [ [ [ -118.291571733093704, 34.0121270969181 ], [ -118.291542471984982, 34.01347915511473 ], [ -118.289918814975508, 34.013454776717296 ], [ -118.289948103880903, 34.012102718901751 ], [ -118.291571733093704, 34.0121270969181 ] ] ] } },
{ "type": "Feature", "properties": { "cell_id": "c0014_0057", "row": 14, "col": 57, "area_m2": 22500.0 }, "geometry": { "type": "Polygon", "coordinates": [ [ [ -118.289948103880903, 34.012102718901751 ], [ -118.289918814975508, 34.013454776717296 ], [ -118.288295158969262, 34.013430375164376 ], [ -118.288324475671246, 34.012078317730243 ], [ -118.289948103880903, 34.012102718901751 ] ] ] } },
{ "type": "Feature", "properties": { "cell_id": "c0014_0058", "row": 14, "col": 58, "area_m2": 22500.0 }, "geometry": { "type": "Polygon", "coordinates": [ [ [ -118.288324475671246, 34.012078317730243 ], [ -118.288295158969262, 34.013430375164376 ], [ -118.286671503967142, 34.013405950456004 ], [ -118.286700848465685, 34.012053893403632 ], [ -118.288324475671246, 34.012078317730243 ] ] ] } },
{ "type": "Feature", "properties": { "cell_id": "c0014_0059", "row": 14, "col": 59, "area_m2": 22500.0 }, "geometry": { "type": "Polygon", "coordinates": [ [ [ -118.286700848465685, 34.012053893403632 ], [ -118.286671503967142, 34.013405950456004 ], [ -118.285047849970141, 34.013381502592154 ], [ -118.285077222265173, 34.012029445921925 ], [ -118.286700848465685, 34.012053893403632 ] ] ] } },
{ "type": "Feature", "properties": { "cell_id": "c0014_0060", "row": 14, "col": 60, "area_m2": 22500.0 }, "geometry": { "type": "Polygon", "coordinates": [ [ [ -118.285077222265173, 34.012029445921925 ], [ -118.285047849970141, 34.013381502592154 ], [ -118.283424196979183, 34.013357031572873 ], [ -118.283453597070675, 34.012004975285144 ], [ -118.285077222265173, 34.012029445921925 ] ] ] } },
{ "type": "Feature", "properties": { "cell_id": "c0014_0061", "row": 14, "col": 61, "area_m2": 22500.0 }, "geometry": { "type": "Polygon", "coordinates": [ [ [ -118.283453597070675, 34.012004975285144 ], [ -118.283424196979183, 34.013357031572873 ], [ -118.281800544995235, 34.013332537398185 ], [ -118.281829972883131, 34.011980481493318 ], [ -118.283453597070675, 34.012004975285144 ] ] ] } },
{ "type": "Feature", "properties": { "cell_id": "c0014_0062", "row": 14, "col": 62, "area_m2": 11425.620017955151 }, "geometry": { "type": "Polygon", "coordinates": [ [ [ -118.281829972883131, 34.011980481493318 ], [ -118.281800544995235, 34.013332537398185 ], [ -118.280998823818678, 34.013320434205355 ], [ -118.280998514060485, 34.01322816057511 ], [ -118.280996606897205, 34.01266003318549 ], [ -118.280974869114402, 34.012075484651007 ], [ -118.280976087088177, 34.01196759058174 ], [ -118.281829972883131, 34.011980481493318 ] ] ] } },
{ "type": "Feature", "properties": { "cell_id": "c0015_0005", "row": 15, "col": 5, "area_m2": 19213.645795396184 }, "geometry": { "type": "Polygon", "coordinates": [ [ [ -118.372698708342952, 34.016020626067927 ], [ -118.372726580509024, 34.014668551306009 ], [ -118.374150278703013, 34.014688892531048 ], [ -118.374152201715333, 34.014708561395103 ], [ -118.374152891080982, 34.014862784299829 ], [ -118.374158353563658, 34.014977490894012 ], [ -118.37414259616834, 34.015143442321055 ], [ -118.374139744675759, 34.015243748375241 ], [ -118.374123769196217, 34.015360926705718 ], [ -118.374102936064446, 34.015498728205444 ], [ -118.374075441835103, 34.015622811000149 ], [ -118.374036596162071, 34.01579123925324 ], [ -118.374010541387989, 34.015868260317291 ], [ -118.373956149906618, 34.01603859277737 ], [ -118.372698708342952, 34.016020626067927 ] ] ] } },
{ "type": "Feature", "properties": { "cell_id": "c0015_0006", "row": 15, "col": 6, "area_m2": 3752.489432589648 }, "geometry": { "type": "Polygon", "coordinates": [ [ [ -118.372726580509024, 34.014668551306009 ], [ -118.372698708342952, 34.016020626067927 ], [ -118.371074974586591, 34.015997405106681 ], [ -118.371079616589185, 34.015772450018623 ], [ -118.372657416377692, 34.015828822862986 ], [ -118.372721712805983, 34.014668481727668 ], [ -118.372726580509024, 34.014668551306009 ] ] ] } },
{ "type": "Feature", "properties": { "cell_id": "c0015_0007", "row": 15, "col": 7, "area_m2": 4036.8230191998537 }, "geometry": { "type": "Polygon", "coordinates": [ [ [ -118.371074974586591, 34.015997405106681 ], [ -118.369451241785896, 34.015974160988605 ], [ -118.369456623962719, 34.015713596056685 ], [ -118.370391695133193, 34.015747864560723 ], [ -118.371079616589185, 34.015772450018623 ], [ -118.371074974586591, 34.015997405106681 ] ] ] } },
{ "type": "Feature", "properties": { "cell_id": "c0015_0008", "row": 15, "col": 8, "area_m2": 4630.5717589361802 }, "geometry": { "type": "Polygon", "coordinates": [ [ [ -118.369451241785896, 34.015974160988605 ], [ -118.367827509941847, 34.015950893713764 ], [ -118.367833619877075, 34.015655390231124 ], [ -118.368886711023066, 34.015692706095834 ], [ -118.369456623962719, 34.015713596056685 ], [ -118.369451241785896, 34.015974160988605 ] ] ] } },
{ "type": "Feature", "properties": { "cell_id": "c0015_0009", "row": 15, "col": 9, "area_m2": 11005.852953092632 }, "geometry": { "type": "Polygon", "coordinates": [ [ [ -118.367827509941847, 34.015950893713764 ], [ -118.366203779055326, 34.015927603282144 ], [ -118.366231762421577, 34.014575529974401 ], [ -118.366798680743869, 34.014583664368409 ], [ -118.366790444404316, 34.014745581970182 ], [ -118.366744764212953, 34.015616796784158 ], [ -118.367833619877075, 34.015655390231124 ], [ -118.367827509941847, 34.015950893713764 ] ] ] } },
{ "type": "Feature", "properties": { "cell_id": "c0015_0010", "row": 15, "col": 10, "area_m2": 22500.0 }, "geometry": { "type": "Polygon", "coordinates": [ [ [ -118.366231762421577, 34.014575529974401 ], [ -118.366203779055326, 34.015927603282144 ], [ -118.364580049127369, 34.015904289693765 ], [ -118.364608060293534, 34.014552216750459 ], [ -118.366231762421577, 34.014575529974401 ] ] ] } },
{ "type": "Feature", "properties": { "cell_id": "c0015_0011", "row": 15, "col": 11, "area_m2": 22500.0 }, "geometry": { "type": "Polygon", "coordinates": [ [ [ -118.364608060293534, 34.014552216750459 ], [ -118.364580049127369, 34.015904289693765 ], [ -118.362956320158887, 34.015880952948649 ], [ -118.362984359124908, 34.014528880370165 ], [ -118.364608060293534, 34.014552216750459 ] ] ] } },
{ "type": "Feature", "properties": { "cell_id": "c0015_0012", "row": 15, "col": 12, "area_m2": 22500.0 }, "geometry": { "type": "Polygon", "coordinates": [ [ [ -118.362984359124908, 34.014528880370165 ], [ -118.362956320158887, 34.015880952948649 ], [ -118.361332592150831, 34.015857593046803 ], [ -118.361360658916681, 34.014505520833509 ], [ -118.362984359124908, 34.014528880370165 ] ] ] } },
{ "type": "Feature", "properties": { "cell_id": "c0015_0013", "row": 15, "col": 13, "area_m2": 22500.0 }, "geometry": { "type": "Polygon", "coordinates": [ [ [ -118.361360658916681, 34.014505520833509 ], [ -118.361332592150831, 34.015857593046803 ], [ -118.359708865104139, 34.015834209988277 ], [ -118.359736959669775, 34.014482138140522 ], [ -118.361360658916681, 34.014505520833509 ] ] ] } },
{ "type": "Feature", "properties": { "cell_id": "c0015_0014", "row": 15, "col": 14, "area_m2": 22500.0 }, "geometry": { "type": "Polygon", "coordinates": [ [ [ -118.359736959669775, 34.014482138140522 ], [ -118.359708865104139, 34.015834209988277 ], [ -118.358085139019778, 34.015810803773064 ], [ -118.358113261385171, 34.014458732291224 ], [ -118.359736959669775, 34.014482138140522 ] ] ] } },
{ "type": "Feature", "properties": { "cell_id": "c0015_0015", "row": 15, "col": 15, "area_m2": 22500.0 }, "geometry": { "type": "Polygon", "coordinates": [ [ [ -118.358113261385171, 34.014458732291224 ], [ -118.358085139019778, 34.015810803773064 ], [ -118.356461413898728, 34.015787374401214 ], [ -118.356489564063764, 34.014435303285595 ], [ -118.358113261385171, 34.014458732291224 ] ] ] } },
{ "type": "Feature", "properties": { "cell_id": "c0015_0016", "row": 15, "col": 16, "area_m2": 22500.0 }, "geometry": { "type": "Polygon", "coordinates": [ [ [ -118.356489564063764, 34.014435303285595 ], [ -118.356461413898728, 34.015787374401214 ], [ -118.354837689741885, 34.015763921872711 ], [ -118.354865867706579, 34.014411851123711 ], [ -118.356489564063764, 34.014435303285595 ] ] ] } },
{ "type": "Feature", "properties": { "cell_id": "c0015_0017", "row": 15, "col": 17, "area_m2": 22500.0 }, "geometry": { "type": "Polygon", "coordinates": [ [ [ -118.354865867706579, 34.014411851123711 ], [ -118.354837689741885, 34.015763921872711 ], [ -118.353213966550257, 34.015740446187586 ], [ -118.353242172314495, 34.014388375805559 ], [ -118.354865867706579, 34.014411851123711 ] ] ] } },
{ "type": "Feature", "properties": { "cell_id": "c0015_0018", "row": 15, "col": 18, "area_m2": 22500.0 }, "geometry": { "type": "Polygon", "coordinates": [ [ [ -118.353242172314495, 34.014388375805559 ], [ -118.353213966550257, 34.015740446187586 ], [ -118.351590244324754, 34.015716947345837 ], [ -118.351618477888522, 34.014364877331168 ], [ -118.353242172314495, 34.014388375805559 ] ] ] } },
{ "type": "Feature", "properties": { "cell_id": "c0015_0019", "row": 15, "col": 19, "area_m2": 22500.0 }, "geometry": { "type": "Polygon", "coordinates": [ [ [ -118.351618477888522, 34.014364877331168 ], [ -118.351590244324754, 34.015716947345837 ], [ -118.349966523066342, 34.015693425347521 ], [ -118.349994784429612, 34.014341355700573 ], [ -118.351618477888522, 34.014364877331168 ] ] ] } },
{ "type": "Feature", "properties": { "cell_id": "c0015_0020", "row": 15, "col": 20, "area_m2": 22500.0 }, "geometry": { "type": "Polygon", "coordinates": [ [ [ -118.349994784429612, 34.014341355700573 ], [ -118.349966523066342, 34.015693425347521 ], [ -118.348342802775974, 34.01566988019264 ], [ -118.34837109193866, 34.014317810913752 ], [ -118.349994784429612, 34.014341355700573 ] ] ] } },
{ "type": "Feature", "properties": { "cell_id": "c0015_0021", "row": 15, "col": 21, "area_m2": 22500.0 }, "geometry": { "type": "Polygon", "coordinates": [ [ [ -118.34837109193866, 34.014317810913752 ], [ -118.348342802775974, 34.01566988019264 ], [ -118.346719083454602, 34.015646311881206 ], [ -118.346747400416675, 34.014294242970749 ], [ -118.34837109193866, 34.014317810913752 ] ] ] } },
{ "type": "Feature", "properties": { "cell_id": "c0015_0022", "row": 15, "col": 22, "area_m2": 22500.0 }, "geometry": { "type": "Polygon", "coordinates": [ [ [ -118.346747400416675, 34.014294242970749 ], [ -118.346719083454602, 34.015646311881206 ], [ -118.345095365103163, 34.015622720413255 ], [ -118.345123709864566, 34.014270651871584 ], [ -118.346747400416675, 34.014294242970749 ] ] ] } },
{ "type": "Feature", "properties": { "cell_id": "c0015_0023", "row": 15, "col": 23, "area_m2": 22500.0 }, "geometry": { "type": "Polygon", "coordinates": [ [ [ -118.345123709864566, 34.014270651871584 ], [ -118.345095365103163, 34.015622720413255 ], [ -118.343471647722637, 34.01559910578878 ], [ -118.343500020283329, 34.014247037616265 ], [ -118.345123709864566, 34.014270651871584 ] ] ] } },
{ "type": "Feature", "properties": { "cell_id": "c0015_0024", "row": 15, "col": 24, "area_m2": 22500.0 }, "geometry": { "type": "Polygon", "coordinates": [ [ [ -118.343500020283329, 34.014247037616265 ], [ -118.343471647722637, 34.01559910578878 ], [ -118.341847931313964, 34.015575468007832 ], [ -118.341876331673873, 34.014223400204813 ], [ -118.343500020283329, 34.014247037616265 ] ] ] } },
{ "type": "Feature", "properties": { "cell_id": "c0015_0025", "row": 15, "col": 25, "area_m2": 22500.0 }, "geometry": { "type": "Polygon", "coordinates": [ [ [ -118.341876331673873, 34.014223400204813 ], [ -118.341847931313964, 34.015575468007832 ], [ -118.340224215878081, 34.015551807070402 ], [ -118.34025264403715, 34.014199739637263 ], [ -118.341876331673873, 34.014223400204813 ] ] ] } },
{ "type": "Feature", "properties": { "cell_id": "c0015_0026", "row": 15, "col": 26, "area_m2": 22500.0 }, "geometry": { "type": "Polygon", "coordinates": [ [ [ -118.34025264403715, 34.014199739637263 ], [ -118.340224215878081, 34.015551807070402 ], [ -118.338600501415954, 34.015528122976519 ], [ -118.338628957374169, 34.014176055913637 ], [ -118.34025264403715, 34.014199739637263 ] ] ] } },
{ "type": "Feature", "properties": { "cell_id": "c0015_0027", "row": 15, "col": 27, "area_m2": 22500.0 }, "geometry": { "type": "Polygon", "coordinates": [ [ [ -118.338628957374169, 34.014176055913637 ], [ -118.338600501415954, 34.015528122976519 ], [ -118.336976787928521, 34.015504415726213 ], [ -118.337005271685811, 34.0141523490339 ], [ -118.338628957374169, 34.014176055913637 ] ] ] } },
{ "type": "Feature", "properties": { "cell_id": "c0015_0028", "row": 15, "col": 28, "area_m2": 22500.0 }, "geometry": { "type": "Polygon", "coordinates": [ [ [ -118.337005271685811, 34.0141523490339 ], [ -118.336976787928521, 34.015504415726213 ], [ -118.335353075416762, 34.015480685319481 ], [ -118.335381586973099, 34.01412861899815 ], [ -118.337005271685811, 34.0141523490339 ] ] ] } },
{ "type": "Feature", "properties": { "cell_id": "c0015_0029", "row": 15, "col": 29, "area_m2": 22500.0 }, "geometry": { "type": "Polygon", "coordinates": [ [ [ -118.335381586973099, 34.01412861899815 ], [ -118.335353075416762, 34.015480685319481 ], [ -118.333729363881588, 34.015456931756361 ], [ -118.333757903236915, 34.014104865806338 ], [ -118.335381586973099, 34.01412861899815 ] ] ] } },
{ "type": "Feature", "properties": { "cell_id": "c0015_0030", "row": 15, "col": 30, "area_m2": 22500.0 }, "geometry": { "type": "Polygon", "coordinates": [ [ [ -118.333757903236915, 34.014104865806338 ], [ -118.333729363881588, 34.015456931756361 ], [ -118.332105653323993, 34.015433155036867 ], [ -118.332134220478224, 34.014081089458536 ], [ -118.333757903236915, 34.014104865806338 ] ] ] } },
{ "type": "Feature", "properties": { "cell_id": "c0015_0031", "row": 15, "col": 31, "area_m2": 22500.0 }, "geometry": { "type": "Polygon", "coordinates": [ [ [ -118.332134220478224, 34.014081089458536 ], [ -118.332105653323993, 34.015433155036867 ], [ -118.330481943744914, 34.015409355161019 ], [ -118.330510538698022, 34.014057289954714 ], [ -118.332134220478224, 34.014081089458536 ] ] ] } },
{ "type": "Feature", "properties": { "cell_id": "c0015_0032", "row": 15, "col": 32, "area_m2": 22500.0 }, "geometry": { "type": "Polygon", "coordinates": [ [ [ -118.330510538698022, 34.014057289954714 ], [ -118.330481943744914, 34.015409355161019 ], [ -118.32885823514529, 34.015385532128832 ], [ -118.328886857897217, 34.014033467294929 ], [ -118.330510538698022, 34.014057289954714 ] ] ] } },
{ "type": "Feature", "properties": { "cell_id": "c0015_0033", "row": 15, "col": 33, "area_m2": 22500.0 }, "geometry": { "type": "Polygon", "coordinates": [ [ [ -118.328886857897217, 34.014033467294929 ], [ -118.32885823514529, 34.015385532128832 ], [ -118.327234527526059, 34.015361685940313 ], [ -118.327263178076777, 34.01400962147919 ], [ -118.328886857897217, 34.014033467294929 ] ] ] } },
{ "type": "Feature", "properties": { "cell_id": "c0015_0034", "row": 15, "col": 34, "area_m2": 22500.0 }, "geometry": { "type": "Polygon", "coordinates": [ [ [ -118.327263178076777, 34.01400962147919 ], [ -118.327234527526059, 34.015361685940313 ], [ -118.32561082088823, 34.015337816595519 ], [ -118.325639499237653, 34.013985752507516 ], [ -118.327263178076777, 34.01400962147919 ] ] ] } },
{ "type": "Feature", "properties": { "cell_id": "c0015_0035", "row": 15, "col": 35, "area_m2": 22500.0 }, "geometry": { "type": "Polygon", "coordinates": [ [ [ -118.325639499237653, 34.013985752507516 ], [ -118.32561082088823, 34.015337816595519 ], [ -118.323987115232669, 34.015313924094421 ], [ -118.324015821380812, 34.013961860379901 ], [ -118.325639499237653, 34.013985752507516 ] ] ] } },
{ "type": "Feature", "properties": { "cell_id": "c0015_0036", "row": 15, "col": 36, "area_m2": 22500.0 }, "geometry": { "type": "Polygon", "coordinates": [ [ [ -118.324015821380812, 34.013961860379901 ], [ -118.323987115232669, 34.015313924094421 ], [ -118.322363410560428, 34.015290008437077 ], [ -118.322392144507162, 34.013937945096423 ], [ -118.324015821380812, 34.013961860379901 ] ] ] } },
{ "type": "Feature", "properties": { "cell_id": "c0015_0037", "row": 15, "col": 37, "area_m2": 22500.0 }, "geometry": { "type": "Polygon", "coordinates": [ [ [ -118.322392144507162, 34.013937945096423 ], [ -118.322363410560428, 34.015290008437077 ], [ -118.320739706872359, 34.015266069623486 ], [ -118.320768468617686, 34.013914006657025 ], [ -118.322392144507162, 34.013937945096423 ] ] ] } },
{ "type": "Feature", "properties": { "cell_id": "c0015_0038", "row": 15, "col": 38, "area_m2": 22500.0 }, "geometry": { "type": "Polygon", "coordinates": [ [ [ -118.320768468617686, 34.013914006657025 ], [ -118.320739706872359, 34.015266069623486 ], [ -118.319116004169487, 34.015242107653663 ], [ -118.319144793713349, 34.013890045061792 ], [ -118.320768468617686, 34.013914006657025 ] ] ] } },
{ "type": "Feature", "properties": { "cell_id": "c0015_0039", "row": 15, "col": 39, "area_m2": 22500.0 }, "geometry": { "type": "Polygon", "coordinates": [ [ [ -118.319144793713349, 34.013890045061792 ], [ -118.319116004169487, 34.015242107653663 ], [ -118.317492302452763, 34.015218122527649 ], [ -118.317521119795074, 34.013866060310704 ], [ -118.319144793713349, 34.013890045061792 ] ] ] } },
{ "type": "Feature", "properties": { "cell_id": "c0015_0040", "row": 15, "col": 40, "area_m2": 22500.0 }, "geometry": { "type": "Polygon", "coordinates": [ [ [ -118.317521119795074, 34.013866060310704 ], [ -118.317492302452763, 34.015218122527649 ], [ -118.315868601723082, 34.015194114245446 ], [ -118.315897446863815, 34.013842052403817 ], [ -118.317521119795074, 34.013866060310704 ] ] ] } },
{ "type": "Feature", "properties": { "cell_id": "c0015_0041", "row": 15, "col": 41, "area_m2": 22500.0 }, "geometry": { "type": "Polygon", "coordinates": [ [ [ -118.315897446863815, 34.013842052403817 ], [ -118.315868601723082, 34.015194114245446 ], [ -118.314244901981425, 34.015170082807074 ], [ -118.314273774920537, 34.013818021341102 ], [ -118.315897446863815, 34.013842052403817 ] ] ] } },
{ "type": "Feature", "properties": { "cell_id": "c0015_0042", "row": 15, "col": 42, "area_m2": 22500.0 }, "geometry": { "type": "Polygon", "coordinates": [ [ [ -118.314273774920537, 34.013818021341102 ], [ -118.314244901981425, 34.015170082807074 ], [ -118.312621203228744, 34.015146028212577 ], [ -118.312650103966192, 34.013793967122616 ], [ -118.314273774920537, 34.013818021341102 ] ] ] } },
{ "type": "Feature", "properties": { "cell_id": "c0015_0043", "row": 15, "col": 43, "area_m2": 22500.0 }, "geometry": { "type": "Polygon", "coordinates": [ [ [ -118.312650103966192, 34.013793967122616 ], [ -118.312621203228744, 34.015146028212577 ], [ -118.310997505466005, 34.015121950461946 ], [ -118.311026434001732, 34.01376988974836 ], [ -118.312650103966192, 34.013793967122616 ] ] ] } },
{ "type": "Feature", "properties": { "cell_id": "c0015_0044", "row": 15, "col": 44, "area_m2": 22500.0 }, "geometry": { "type": "Polygon", "coordinates": [ [ [ -118.311026434001732, 34.01376988974836 ], [ -118.310997505466005, 34.015121950461946 ], [ -118.309373808694147, 34.015097849555204 ], [ -118.309402765028096, 34.013745789218355 ], [ -118.311026434001732, 34.01376988974836 ] ] ] } },
{ "type": "Feature", "properties": { "cell_id": "c0015_0045", "row": 15, "col": 45, "area_m2": 22500.0 }, "geometry": { "type": "Polygon", "coordinates": [ [ [ -118.309402765028096, 34.013745789218355 ], [ -118.309373808694147, 34.015097849555204 ], [ -118.307750112914121, 34.015073725492371 ], [ -118.307779097046222, 34.013721665532643 ], [ -118.309402765028096, 34.013745789218355 ] ] ] } },
{ "type": "Feature", "properties": { "cell_id": "c0015_0046", "row": 15, "col": 46, "area_m2": 22500.0 }, "geometry": { "type": "Polygon", "coordinates": [ [ [ -118.307779097046222, 34.013721665532643 ], [ -118.307750112914121, 34.015073725492371 ], [ -118.30612641812688, 34.015049578273469 ], [ -118.306155430057103, 34.013697518691195 ], [ -118.307779097046222, 34.013721665532643 ] ] ] } },
{ "type": "Feature", "properties": { "cell_id": "c0015_0047", "row": 15, "col": 47, "area_m2": 22500.0 }, "geometry": { "type": "Polygon", "coordinates": [ [ [ -118.306155430057103, 34.013697518691195 ], [ -118.30612641812688, 34.015049578273469 ], [ -118.304502724333375, 34.015025407898527 ], [ -118.304531764061679, 34.013673348694084 ], [ -118.306155430057103, 34.013697518691195 ] ] ] } },
{ "type": "Feature", "properties": { "cell_id": "c0015_0048", "row": 15, "col": 48, "area_m2": 22500.0 }, "geometry": { "type": "Polygon", "coordinates": [ [ [ -118.304531764061679, 34.013673348694084 ], [ -118.304502724333375, 34.015025407898527 ], [ -118.302879031534573, 34.015001214367551 ], [ -118.302908099060858, 34.013649155541287 ], [ -118.304531764061679, 34.013673348694084 ] ] ] } },
{ "type": "Feature", "properties": { "cell_id": "c0015_0049", "row": 15, "col": 49, "area_m2": 22500.0 }, "geometry": { "type": "Polygon", "coordinates": [ [ [ -118.302908099060858, 34.013649155541287 ], [ -118.302879031534573, 34.015001214367551 ], [ -118.30125533973137, 34.014976997680556 ], [ -118.301284435055635, 34.013624939232855 ], [ -118.302908099060858, 34.013649155541287 ] ] ] } },
{ "type": "Feature", "properties": { "cell_id": "c0015_0050", "row": 15, "col": 50, "area_m2": 22500.0 }, "geometry": { "type": "Polygon", "coordinates": [ [ [ -118.301284435055635, 34.013624939232855 ], [ -118.30125533973137, 34.014976997680556 ], [ -118.299631648924787, 34.014952757837598 ], [ -118.299660772046977, 34.013600699768794 ], [ -118.301284435055635, 34.013624939232855 ] ] ] } },
{ "type": "Feature", "properties": { "cell_id": "c0015_0051", "row": 15, "col": 51, "area_m2": 22500.0 }, "geometry": { "type": "Polygon", "coordinates": [ [ [ -118.299660772046977, 34.013600699768794 ], [ -118.299631648924787, 34.014952757837598 ], [ -118.298007959115736, 34.014928494838649 ], [ -118.298037110035793, 34.013576437149119 ], [ -118.299660772046977, 34.013600699768794 ] ] ] } },
{ "type": "Feature", "properties": { "cell_id": "c0015_0052", "row": 15, "col": 52, "area_m2": 22500.0 }, "geometry": { "type": "Polygon", "coordinates": [ [ [ -118.298037110035793, 34.013576437149119 ], [ -118.298007959115736, 34.014928494838649 ], [ -118.296384270305182, 34.014904208683738 ], [ -118.296413449023035, 34.013552151373858 ], [ -118.298037110035793, 34.013576437149119 ] ] ] } },
{ "type": "Feature", "properties": { "cell_id": "c0015_0053", "row": 15, "col": 53, "area_m2": 22500.0 }, "geometry": { "type": "Polygon", "coordinates": [ [ [ -118.296413449023035, 34.013552151373858 ], [ -118.296384270305182, 34.014904208683738 ], [ -118.294760582494078, 34.014879899372907 ], [ -118.294789789009698, 34.013527842443025 ], [ -118.296413449023035, 34.013552151373858 ] ] ] } },
{ "type": "Feature", "properties": { "cell_id": "c0015_0054", "row": 15, "col": 54, "area_m2": 22500.0 }, "geometry": { "type": "Polygon", "coordinates": [ [ [ -118.294789789009698, 34.013527842443025 ], [ -118.294760582494078, 34.014879899372907 ], [ -118.293136895683361, 34.014855566906171 ], [ -118.293166129996692, 34.013503510356635 ], [ -118.294789789009698, 34.013527842443025 ] ] ] } },
{ "type": "Feature", "properties": { "cell_id": "c0015_0055", "row": 15, "col": 55, "area_m2": 22500.0 }, "geometry": { "type": "Polygon", "coordinates": [ [ [ -118.293166129996692, 34.013503510356635 ], [ -118.293136895683361, 34.014855566906171 ], [ -118.291513209873983, 34.01483121128355 ], [ -118.291542471984982, 34.01347915511473 ], [ -118.293166129996692, 34.013503510356635 ] ] ] } },
{ "type": "Feature", "properties": { "cell_id": "c0015_0056", "row": 15, "col": 56, "area_m2": 22500.0 }, "geometry": { "type": "Polygon", "coordinates": [ [ [ -118.291542471984982, 34.01347915511473 ], [ -118.291513209873983, 34.01483121128355 ], [ -118.289889525066926, 34.01480683250503 ], [ -118.289918814975508, 34.013454776717296 ], [ -118.291542471984982, 34.01347915511473 ] ] ] } },
{ "type": "Feature", "properties": { "cell_id": "c0015_0057", "row": 15, "col": 57, "area_m2": 22500.0 }, "geometry": { "type": "Polygon", "coordinates": [ [ [ -118.289918814975508, 34.013454776717296 ], [ -118.289889525066926, 34.01480683250503 ], [ -118.288265841263112, 34.014782430570676 ], [ -118.288295158969262, 34.013430375164376 ], [ -118.289918814975508, 34.013454776717296 ] ] ] } },
{ "type": "Feature", "properties": { "cell_id": "c0015_0058", "row": 15, "col": 58, "area_m2": 22500.0 }, "geometry": { "type": "Polygon", "coordinates": [ [ [ -118.288295158969262, 34.013430375164376 ], [ -118.288265841263112, 34.014782430570676 ], [ -118.286642158463508, 34.014758005480481 ], [ -118.286671503967142, 34.013405950456004 ], [ -118.288295158969262, 34.013430375164376 ] ] ] } },
{ "type": "Feature", "properties": { "cell_id": "c0015_0059", "row": 15, "col": 59, "area_m2": 22500.0 }, "geometry": { "type": "Polygon", "coordinates": [ [ [ -118.286671503967142, 34.013405950456004 ], [ -118.286642158463508, 34.014758005480481 ], [ -118.285018476669038, 34.014733557234457 ], [ -118.285047849970141, 34.013381502592154 ], [ -118.286671503967142, 34.013405950456004 ] ] ] } },
{ "type": "Feature", "properties": { "cell_id": "c0015_0060", "row": 15, "col": 60, "area_m2": 22500.0 }, "geometry": { "type": "Polygon", "coordinates": [ [ [ -118.285047849970141, 34.013381502592154 ], [ -118.285018476669038, 34.014733557234457 ], [ -118.283394795880682, 34.014709085832649 ], [ -118.283424196979183, 34.013357031572873 ], [ -118.285047849970141, 34.013381502592154 ] ] ] } },
{ "type": "Feature", "properties": { "cell_id": "c0015_0061", "row": 15, "col": 61, "area_m2": 22500.0 }, "geometry": { "type": "Polygon", "coordinates": [ [ [ -118.283424196979183, 34.013357031572873 ], [ -118.283394795880682, 34.014709085832649 ], [ -118.281771116099378, 34.014684591275071 ], [ -118.281800544995235, 34.013332537398185 ], [ -118.283424196979183, 34.013357031572873 ] ] ] } },
{ "type": "Feature", "properties": { "cell_id": "c0015_0062", "row": 15, "col": 62, "area_m2": 10923.016230191308 }, "geometry": { "type": "Polygon", "coordinates": [ [ [ -118.281800544995235, 34.013332537398185 ], [ -118.281771116099378, 34.014684591275071 ], [ -118.280966835216304, 34.014672449448689 ], [ -118.281002494311082, 34.014413817915738 ], [ -118.281000974063247, 34.01396096269039 ], [ -118.280998823818678, 34.013320434205355 ], [ -118.281800544995235, 34.013332537398185 ] ] ] } },
{ "type": "Feature", "properties": { "cell_id": "c0016_0005", "row": 16, "col": 5, "area_m2": 13225.908718858747 }, "geometry": { "type": "Polygon", "coordinates": [ [ [ -118.372670835222166, 34.017372698803925 ], [ -118.372698708342952, 34.016020626067927 ], [ -118.373956149906618, 34.01603859277737 ], [ -118.373947081779647, 34.016066990462846 ], [ -118.373903023967117, 34.016177042604653 ], [ -118.373842665815658, 34.016331453701611 ], [ -118.373803412851132, 34.016408859080116 ], [ -118.373675855169623, 34.016663776295282 ], [ -118.373279310743172, 34.017381394610432 ], [ -118.372670835222166, 34.017372698803925 ] ] ] } },
{ "type": "Feature", "properties": { "cell_id": "c0016_0006", "row": 16, "col": 6, "area_m2": 22500.0 }, "geometry": { "type": "Polygon", "coordinates": [ [ [ -118.372698708342952, 34.016020626067927 ], [ -118.372670835222166, 34.017372698803925 ], [ -118.371047073664727, 34.017349477479655 ], [ -118.371074974586591, 34.015997405106681 ], [ -118.372698708342952, 34.016020626067927 ] ] ] } },
{ "type": "Feature", "properties": { "cell_id": "c0016_0007", "row": 16, "col": 7, "area_m2": 22500.0 }, "geometry": { "type": "Polygon", "coordinates": [ [ [ -118.371074974586591, 34.015997405106681 ], [ -118.371047073664727, 34.017349477479655 ], [ -118.369423313063038, 34.017326232998194 ], [ -118.369451241785896, 34.015974160988605 ], [ -118.371074974586591, 34.015997405106681 ] ] ] } },
{ "type": "Feature", "properties": { "cell_id": "c0016_0008", "row": 16, "col": 8, "area_m2": 22500.0 }, "geometry": { "type": "Polygon", "coordinates": [ [ [ -118.369451241785896, 34.015974160988605 ], [ -118.369423313063038, 34.017326232998194 ], [ -118.367799553417981, 34.01730296535959 ], [ -118.367827509941847, 34.015950893713764 ], [ -118.369451241785896, 34.015974160988605 ] ] ] } },
{ "type": "Feature", "properties": { "cell_id": "c0016_0009", "row": 16, "col": 9, "area_m2": 22500.0 }, "geometry": { "type": "Polygon", "coordinates": [ [ [ -118.367827509941847, 34.015950893713764 ], [ -118.367799553417981, 34.01730296535959 ], [ -118.366175794730566, 34.017279674563859 ], [ -118.366203779055326, 34.015927603282144 ], [ -118.367827509941847, 34.015950893713764 ] ] ] } },
{ "type": "Feature", "properties": { "cell_id": "c0016_0010", "row": 16, "col": 10, "area_m2": 22500.0 }, "geometry": { "type": "Polygon", "coordinates": [ [ [ -118.366203779055326, 34.015927603282144 ], [ -118.366175794730566, 34.017279674563859 ], [ -118.364552037001715, 34.017256360611 ], [ -118.364580049127369, 34.015904289693765 ], [ -118.366203779055326, 34.015927603282144 ] ] ] } },
{ "type": "Feature", "properties": { "cell_id": "c0016_0011", "row": 16, "col": 11, "area_m2": 22500.0 }, "geometry": { "type": "Polygon", "coordinates": [ [ [ -118.364580049127369, 34.015904289693765 ], [ -118.364552037001715, 34.017256360611 ], [ -118.36292828023241, 34.017233023501056 ], [ -118.362956320158887, 34.015880952948649 ], [ -118.364580049127369, 34.015904289693765 ] ] ] } },
{ "type": "Feature", "properties": { "cell_id": "c0016_0012", "row": 16, "col": 12, "area_m2": 22500.0 }, "geometry": { "type": "Polygon", "coordinates": [ [ [ -118.362956320158887, 34.015880952948649 ], [ -118.36292828023241, 34.017233023501056 ], [ -118.361304524423559, 34.017209663234041 ], [ -118.361332592150831, 34.015857593046803 ], [ -118.362956320158887, 34.015880952948649 ] ] ] } },
{ "type": "Feature", "properties": { "cell_id": "c0016_0013", "row": 16, "col": 13, "area_m2": 22500.0 }, "geometry": { "type": "Polygon", "coordinates": [ [ [ -118.361332592150831, 34.015857593046803 ], [ -118.361304524423559, 34.017209663234041 ], [ -118.359680769576144, 34.017186279809934 ], [ -118.359708865104139, 34.015834209988277 ], [ -118.361332592150831, 34.015857593046803 ] ] ] } },
{ "type": "Feature", "properties": { "cell_id": "c0016_0014", "row": 16, "col": 14, "area_m2": 22500.0 }, "geometry": { "type": "Polygon", "coordinates": [ [ [ -118.359708865104139, 34.015834209988277 ], [ -118.359680769576144, 34.017186279809934 ], [ -118.358057015691116, 34.01716287322882 ], [ -118.358085139019778, 34.015810803773064 ], [ -118.359708865104139, 34.015834209988277 ] ] ] } },
{ "type": "Feature", "properties": { "cell_id": "c0016_0015", "row": 16, "col": 15, "area_m2": 22500.0 }, "geometry": { "type": "Polygon", "coordinates": [ [ [ -118.358085139019778, 34.015810803773064 ], [ -118.358057015691116, 34.01716287322882 ], [ -118.356433262769443, 34.01713944349067 ], [ -118.356461413898728, 34.015787374401214 ], [ -118.358085139019778, 34.015810803773064 ] ] ] } },
{ "type": "Feature", "properties": { "cell_id": "c0016_0016", "row": 16, "col": 16, "area_m2": 22500.0 }, "geometry": { "type": "Polygon", "coordinates": [ [ [ -118.356461413898728, 34.015787374401214 ], [ -118.356433262769443, 34.01713944349067 ], [ -118.354809510812018, 34.017115990595521 ], [ -118.354837689741885, 34.015763921872711 ], [ -118.356461413898728, 34.015787374401214 ] ] ] } },
{ "type": "Feature", "properties": { "cell_id": "c0016_0017", "row": 16, "col": 17, "area_m2": 22500.0 }, "geometry": { "type": "Polygon", "coordinates": [ [ [ -118.354837689741885, 34.015763921872711 ], [ -118.354809510812018, 34.017115990595521 ], [ -118.353185759819851, 34.017092514543378 ], [ -118.353213966550257, 34.015740446187586 ], [ -118.354837689741885, 34.015763921872711 ] ] ] } },
{ "type": "Feature", "properties": { "cell_id": "c0016_0018", "row": 16, "col": 18, "area_m2": 22500.0 }, "geometry": { "type": "Polygon", "coordinates": [ [ [ -118.353213966550257, 34.015740446187586 ], [ -118.353185759819851, 34.017092514543378 ], [ -118.351562009793881, 34.017069015334279 ], [ -118.351590244324754, 34.015716947345837 ], [ -118.353213966550257, 34.015740446187586 ] ] ] } },
{ "type": "Feature", "properties": { "cell_id": "c0016_0019", "row": 16, "col": 19, "area_m2": 22500.0 }, "geometry": { "type": "Polygon", "coordinates": [ [ [ -118.351590244324754, 34.015716947345837 ], [ -118.351562009793881, 34.017069015334279 ], [ -118.34993826073503, 34.017045492968229 ], [ -118.349966523066342, 34.015693425347521 ], [ -118.351590244324754, 34.015716947345837 ] ] ] } },
{ "type": "Feature", "properties": { "cell_id": "c0016_0020", "row": 16, "col": 20, "area_m2": 22500.0 }, "geometry": { "type": "Polygon", "coordinates": [ [ [ -118.349966523066342, 34.015693425347521 ], [ -118.34993826073503, 34.017045492968229 ], [ -118.348314512644293, 34.017021947445265 ], [ -118.348342802775974, 34.01566988019264 ], [ -118.349966523066342, 34.015693425347521 ] ] ] } },
{ "type": "Feature", "properties": { "cell_id": "c0016_0021", "row": 16, "col": 21, "area_m2": 22500.0 }, "geometry": { "type": "Polygon", "coordinates": [ [ [ -118.348342802775974, 34.01566988019264 ], [ -118.348314512644293, 34.017021947445265 ], [ -118.346690765522581, 34.016998378765379 ], [ -118.346719083454602, 34.015646311881206 ], [ -118.348342802775974, 34.01566988019264 ] ] ] } },
{ "type": "Feature", "properties": { "cell_id": "c0016_0022", "row": 16, "col": 22, "area_m2": 22500.0 }, "geometry": { "type": "Polygon", "coordinates": [ [ [ -118.346719083454602, 34.015646311881206 ], [ -118.346690765522581, 34.016998378765379 ], [ -118.345067019370873, 34.016974786928614 ], [ -118.345095365103163, 34.015622720413255 ], [ -118.346719083454602, 34.015646311881206 ] ] ] } },
{ "type": "Feature", "properties": { "cell_id": "c0016_0023", "row": 16, "col": 23, "area_m2": 22500.0 }, "geometry": { "type": "Polygon", "coordinates": [ [ [ -118.345095365103163, 34.015622720413255 ], [ -118.345067019370873, 34.016974786928614 ], [ -118.343443274190122, 34.016951171934963 ], [ -118.343471647722637, 34.01559910578878 ], [ -118.345095365103163, 34.015622720413255 ] ] ] } },
{ "type": "Feature", "properties": { "cell_id": "c0016_0024", "row": 16, "col": 24, "area_m2": 22500.0 }, "geometry": { "type": "Polygon", "coordinates": [ [ [ -118.343471647722637, 34.01559910578878 ], [ -118.343443274190122, 34.016951171934963 ], [ -118.341819529981251, 34.016927533784489 ], [ -118.341847931313964, 34.015575468007832 ], [ -118.343471647722637, 34.01559910578878 ] ] ] } },
{ "type": "Feature", "properties": { "cell_id": "c0016_0025", "row": 16, "col": 25, "area_m2": 22500.0 }, "geometry": { "type": "Polygon", "coordinates": [ [ [ -118.341847931313964, 34.015575468007832 ], [ -118.341819529981251, 34.016927533784489 ], [ -118.340195786745241, 34.016903872477158 ], [ -118.340224215878081, 34.015551807070402 ], [ -118.341847931313964, 34.015575468007832 ] ] ] } },
{ "type": "Feature", "properties": { "cell_id": "c0016_0026", "row": 16, "col": 26, "area_m2": 22500.0 }, "geometry": { "type": "Polygon", "coordinates": [ [ [ -118.340224215878081, 34.015551807070402 ], [ -118.340195786745241, 34.016903872477158 ], [ -118.33857204448303, 34.016880188013005 ], [ -118.338600501415954, 34.015528122976519 ], [ -118.340224215878081, 34.015551807070402 ] ] ] } },
{ "type": "Feature", "properties": { "cell_id": "c0016_0027", "row": 16, "col": 27, "area_m2": 22500.0 }, "geometry": { "type": "Polygon", "coordinates": [ [ [ -118.338600501415954, 34.015528122976519 ], [ -118.33857204448303, 34.016880188013005 ], [ -118.33694830319557, 34.016856480392086 ], [ -118.336976787928521, 34.015504415726213 ], [ -118.338600501415954, 34.015528122976519 ] ] ] } },
{ "type": "Feature", "properties": { "cell_id": "c0016_0028", "row": 16, "col": 28, "area_m2": 22500.0 }, "geometry": { "type": "Polygon", "coordinates": [ [ [ -118.336976787928521, 34.015504415726213 ], [ -118.33694830319557, 34.016856480392086 ], [ -118.335324562883827, 34.016832749614373 ], [ -118.335353075416762, 34.015480685319481 ], [ -118.336976787928521, 34.015504415726213 ] ] ] } },
{ "type": "Feature", "properties": { "cell_id": "c0016_0029", "row": 16, "col": 29, "area_m2": 22500.0 }, "geometry": { "type": "Polygon", "coordinates": [ [ [ -118.335353075416762, 34.015480685319481 ], [ -118.335324562883827, 34.016832749614373 ], [ -118.333700823548753, 34.016808995679909 ], [ -118.333729363881588, 34.015456931756361 ], [ -118.335353075416762, 34.015480685319481 ] ] ] } },
{ "type": "Feature", "properties": { "cell_id": "c0016_0030", "row": 16, "col": 30, "area_m2": 22500.0 }, "geometry": { "type": "Polygon", "coordinates": [ [ [ -118.333729363881588, 34.015456931756361 ], [ -118.333700823548753, 34.016808995679909 ], [ -118.332077085191273, 34.016785218588701 ], [ -118.332105653323993, 34.015433155036867 ], [ -118.333729363881588, 34.015456931756361 ] ] ] } },
{ "type": "Feature", "properties": { "cell_id": "c0016_0031", "row": 16, "col": 31, "area_m2": 22500.0 }, "geometry": { "type": "Polygon", "coordinates": [ [ [ -118.332105653323993, 34.015433155036867 ], [ -118.332077085191273, 34.016785218588701 ], [ -118.330453347812337, 34.016761418340778 ], [ -118.330481943744914, 34.015409355161019 ], [ -118.332105653323993, 34.015433155036867 ] ] ] } },
{ "type": "Feature", "properties": { "cell_id": "c0016_0032", "row": 16, "col": 32, "area_m2": 22500.0 }, "geometry": { "type": "Polygon", "coordinates": [ [ [ -118.330481943744914, 34.015409355161019 ], [ -118.330453347812337, 34.016761418340778 ], [ -118.328829611412928, 34.01673759493616 ], [ -118.32885823514529, 34.015385532128832 ], [ -118.330481943744914, 34.015409355161019 ] ] ] } },
{ "type": "Feature", "properties": { "cell_id": "c0016_0033", "row": 16, "col": 33, "area_m2": 22500.0 }, "geometry": { "type": "Polygon", "coordinates": [ [ [ -118.32885823514529, 34.015385532128832 ], [ -118.328829611412928, 34.01673759493616 ], [ -118.327205875993982, 34.016713748374862 ], [ -118.327234527526059, 34.015361685940313 ], [ -118.32885823514529, 34.015385532128832 ] ] ] } },
{ "type": "Feature", "properties": { "cell_id": "c0016_0034", "row": 16, "col": 34, "area_m2": 22500.0 }, "geometry": { "type": "Polygon", "coordinates": [ [ [ -118.327234527526059, 34.015361685940313 ], [ -118.327205875993982, 34.016713748374862 ], [ -118.325582141556438, 34.016689878656905 ], [ -118.32561082088823, 34.015337816595519 ], [ -118.327234527526059, 34.015361685940313 ] ] ] } },
{ "type": "Feature", "properties": { "cell_id": "c0016_0035", "row": 16, "col": 35, "area_m2": 22500.0 }, "geometry": { "type": "Polygon", "coordinates": [ [ [ -118.32561082088823, 34.015337816595519 ], [ -118.325582141556438, 34.016689878656905 ], [ -118.323958408101291, 34.016665985782318 ], [ -118.323987115232669, 34.015313924094421 ], [ -118.32561082088823, 34.015337816595519 ] ] ] } },
{ "type": "Feature", "properties": { "cell_id": "c0016_0036", "row": 16, "col": 36, "area_m2": 22500.0 }, "geometry": { "type": "Polygon", "coordinates": [ [ [ -118.323987115232669, 34.015313924094421 ], [ -118.323958408101291, 34.016665985782318 ], [ -118.322334675629435, 34.016642069751079 ], [ -118.322363410560428, 34.015290008437077 ], [ -118.323987115232669, 34.015313924094421 ] ] ] } },
{ "type": "Feature", "properties": { "cell_id": "c0016_0037", "row": 16, "col": 37, "area_m2": 22500.0 }, "geometry": { "type": "Polygon", "coordinates": [ [ [ -118.322363410560428, 34.015290008437077 ], [ -118.322334675629435, 34.016642069751079 ], [ -118.320710944141879, 34.016618130563259 ], [ -118.320739706872359, 34.015266069623486 ], [ -118.322363410560428, 34.015290008437077 ] ] ] } },
{ "type": "Feature", "properties": { "cell_id": "c0016_0038", "row": 16, "col": 38, "area_m2": 22500.0 }, "geometry": { "type": "Polygon", "coordinates": [ [ [ -118.320739706872359, 34.015266069623486 ], [ -118.320710944141879, 34.016618130563259 ], [ -118.319087213639534, 34.016594168218845 ], [ -118.319116004169487, 34.015242107653663 ], [ -118.320739706872359, 34.015266069623486 ] ] ] } },
{ "type": "Feature", "properties": { "cell_id": "c0016_0039", "row": 16, "col": 39, "area_m2": 22500.0 }, "geometry": { "type": "Polygon", "coordinates": [ [ [ -118.319116004169487, 34.015242107653663 ], [ -118.319087213639534, 34.016594168218845 ], [ -118.317463484123365, 34.016570182717864 ], [ -118.317492302452763, 34.015218122527649 ], [ -118.319116004169487, 34.015242107653663 ] ] ] } },
{ "type": "Feature", "properties": { "cell_id": "c0016_0040", "row": 16, "col": 40, "area_m2": 22500.0 }, "geometry": { "type": "Polygon", "coordinates": [ [ [ -118.317492302452763, 34.015218122527649 ], [ -118.317463484123365, 34.016570182717864 ], [ -118.315839755594297, 34.016546174060352 ], [ -118.315868601723082, 34.015194114245446 ], [ -118.317492302452763, 34.015218122527649 ] ] ] } },
{ "type": "Feature", "properties": { "cell_id": "c0016_0041", "row": 16, "col": 41, "area_m2": 22500.0 }, "geometry": { "type": "Polygon", "coordinates": [ [ [ -118.315868601723082, 34.015194114245446 ], [ -118.315839755594297, 34.016546174060352 ], [ -118.314216028053323, 34.016522142246295 ], [ -118.314244901981425, 34.015170082807074 ], [ -118.315868601723082, 34.015194114245446 ] ] ] } },
{ "type": "Feature", "properties": { "cell_id": "c0016_0042", "row": 16, "col": 42, "area_m2": 22500.0 }, "geometry": { "type": "Polygon", "coordinates": [ [ [ -118.314244901981425, 34.015170082807074 ], [ -118.314216028053323, 34.016522142246295 ], [ -118.312592301501383, 34.016498087275757 ], [ -118.312621203228744, 34.015146028212577 ], [ -118.314244901981425, 34.015170082807074 ] ] ] } },
{ "type": "Feature", "properties": { "cell_id": "c0016_0043", "row": 16, "col": 43, "area_m2": 22500.0 }, "geometry": { "type": "Polygon", "coordinates": [ [ [ -118.312621203228744, 34.015146028212577 ], [ -118.312592301501383, 34.016498087275757 ], [ -118.310968575939427, 34.016474009148695 ], [ -118.310997505466005, 34.015121950461946 ], [ -118.312621203228744, 34.015146028212577 ] ] ] } },
{ "type": "Feature", "properties": { "cell_id": "c0016_0044", "row": 16, "col": 44, "area_m2": 22500.0 }, "geometry": { "type": "Polygon", "coordinates": [ [ [ -118.310997505466005, 34.015121950461946 ], [ -118.310968575939427, 34.016474009148695 ], [ -118.30934485136838, 34.01644990786518 ], [ -118.309373808694147, 34.015097849555204 ], [ -118.310997505466005, 34.015121950461946 ] ] ] } },
{ "type": "Feature", "properties": { "cell_id": "c0016_0045", "row": 16, "col": 45, "area_m2": 22500.0 }, "geometry": { "type": "Polygon", "coordinates": [ [ [ -118.309373808694147, 34.015097849555204 ], [ -118.30934485136838, 34.01644990786518 ], [ -118.307721127789236, 34.01642578342522 ], [ -118.307750112914121, 34.015073725492371 ], [ -118.309373808694147, 34.015097849555204 ] ] ] } },
{ "type": "Feature", "properties": { "cell_id": "c0016_0046", "row": 16, "col": 46, "area_m2": 22500.0 }, "geometry": { "type": "Polygon", "coordinates": [ [ [ -118.307750112914121, 34.015073725492371 ], [ -118.307721127789236, 34.01642578342522 ], [ -118.306097405202934, 34.016401635828842 ], [ -118.30612641812688, 34.015049578273469 ], [ -118.307750112914121, 34.015073725492371 ] ] ] } },
{ "type": "Feature", "properties": { "cell_id": "c0016_0047", "row": 16, "col": 47, "area_m2": 22500.0 }, "geometry": { "type": "Polygon", "coordinates": [ [ [ -118.30612641812688, 34.015049578273469 ], [ -118.306097405202934, 34.016401635828842 ], [ -118.304473683610411, 34.016377465076033 ], [ -118.304502724333375, 34.015025407898527 ], [ -118.30612641812688, 34.015049578273469 ] ] ] } },
{ "type": "Feature", "properties": { "cell_id": "c0016_0048", "row": 16, "col": 48, "area_m2": 22500.0 }, "geometry": { "type": "Polygon", "coordinates": [ [ [ -118.304502724333375, 34.015025407898527 ], [ -118.304473683610411, 34.016377465076033 ], [ -118.302849963012605, 34.016353271166849 ], [ -118.302879031534573, 34.015001214367551 ], [ -118.304502724333375, 34.015025407898527 ] ] ] } },
{ "type": "Feature", "properties": { "cell_id": "c0016_0049", "row": 16, "col": 49, "area_m2": 22500.0 }, "geometry": { "type": "Polygon", "coordinates": [ [ [ -118.302879031534573, 34.015001214367551 ], [ -118.302849963012605, 34.016353271166849 ], [ -118.301226243410511, 34.016329054101284 ], [ -118.30125533973137, 34.014976997680556 ], [ -118.302879031534573, 34.015001214367551 ] ] ] } },
{ "type": "Feature", "properties": { "cell_id": "c0016_0050", "row": 16, "col": 50, "area_m2": 22500.0 }, "geometry": { "type": "Polygon", "coordinates": [ [ [ -118.30125533973137, 34.014976997680556 ], [ -118.301226243410511, 34.016329054101284 ], [ -118.299602524805053, 34.016304813879387 ], [ -118.299631648924787, 34.014952757837598 ], [ -118.30125533973137, 34.014976997680556 ] ] ] } },
{ "type": "Feature", "properties": { "cell_id": "c0016_0051", "row": 16, "col": 51, "area_m2": 22500.0 }, "geometry": { "type": "Polygon", "coordinates": [ [ [ -118.299631648924787, 34.014952757837598 ], [ -118.299602524805053, 34.016304813879387 ], [ -118.297978807197183, 34.016280550501143 ], [ -118.298007959115736, 34.014928494838649 ], [ -118.299631648924787, 34.014952757837598 ] ] ] } },
{ "type": "Feature", "properties": { "cell_id": "c0016_0052", "row": 16, "col": 52, "area_m2": 22500.0 }, "geometry": { "type": "Polygon", "coordinates": [ [ [ -118.298007959115736, 34.014928494838649 ], [ -118.297978807197183, 34.016280550501143 ], [ -118.29635509058788, 34.016256263966568 ], [ -118.296384270305182, 34.014904208683738 ], [ -118.298007959115736, 34.014928494838649 ] ] ] } },
{ "type": "Feature", "properties": { "cell_id": "c0016_0053", "row": 16, "col": 53, "area_m2": 22500.0 }, "geometry": { "type": "Polygon", "coordinates": [ [ [ -118.296384270305182, 34.014904208683738 ], [ -118.29635509058788, 34.016256263966568 ], [ -118.294731374978056, 34.016231954275739 ], [ -118.294760582494078, 34.014879899372907 ], [ -118.296384270305182, 34.014904208683738 ] ] ] } },
{ "type": "Feature", "properties": { "cell_id": "c0016_0054", "row": 16, "col": 54, "area_m2": 22500.0 }, "geometry": { "type": "Polygon", "coordinates": [ [ [ -118.294760582494078, 34.014879899372907 ], [ -118.294731374978056, 34.016231954275739 ], [ -118.29310766036869, 34.016207621428613 ], [ -118.293136895683361, 34.014855566906171 ], [ -118.294760582494078, 34.014879899372907 ] ] ] } },
{ "type": "Feature", "properties": { "cell_id": "c0016_0055", "row": 16, "col": 55, "area_m2": 22500.0 }, "geometry": { "type": "Polygon", "coordinates": [ [ [ -118.293136895683361, 34.014855566906171 ], [ -118.29310766036869, 34.016207621428613 ], [ -118.291483946760707, 34.016183265425212 ], [ -118.291513209873983, 34.01483121128355 ], [ -118.293136895683361, 34.014855566906171 ] ] ] } },
{ "type": "Feature", "properties": { "cell_id": "c0016_0056", "row": 16, "col": 56, "area_m2": 22500.0 }, "geometry": { "type": "Polygon", "coordinates": [ [ [ -118.291513209873983, 34.01483121128355 ], [ -118.291483946760707, 34.016183265425212 ], [ -118.289860234155086, 34.016158886265593 ], [ -118.289889525066926, 34.01480683250503 ], [ -118.291513209873983, 34.01483121128355 ] ] ] } },
{ "type": "Feature", "properties": { "cell_id": "c0016_0057", "row": 16, "col": 57, "area_m2": 22500.0 }, "geometry": { "type": "Polygon", "coordinates": [ [ [ -118.289889525066926, 34.01480683250503 ], [ -118.289860234155086, 34.016158886265593 ], [ -118.288236522552765, 34.01613448394977 ], [ -118.288265841263112, 34.014782430570676 ], [ -118.289889525066926, 34.01480683250503 ] ] ] } },
{ "type": "Feature", "properties": { "cell_id": "c0016_0058", "row": 16, "col": 58, "area_m2": 22500.0 }, "geometry": { "type": "Polygon", "coordinates": [ [ [ -118.288265841263112, 34.014782430570676 ], [ -118.288236522552765, 34.01613448394977 ], [ -118.286612811954683, 34.016110058477757 ], [ -118.286642158463508, 34.014758005480481 ], [ -118.288265841263112, 34.014782430570676 ] ] ] } },
{ "type": "Feature", "properties": { "cell_id": "c0016_0059", "row": 16, "col": 59, "area_m2": 22500.0 }, "geometry": { "type": "Polygon", "coordinates": [ [ [ -118.286642158463508, 34.014758005480481 ], [ -118.286612811954683, 34.016110058477757 ], [ -118.284989102361834, 34.01608560984954 ], [ -118.285018476669038, 34.014733557234457 ], [ -118.286642158463508, 34.014758005480481 ] ] ] } },
{ "type": "Feature", "properties": { "cell_id": "c0016_0060", "row": 16, "col": 60, "area_m2": 22500.0 }, "geometry": { "type": "Polygon", "coordinates": [ [ [ -118.285018476669038, 34.014733557234457 ], [ -118.284989102361834, 34.01608560984954 ], [ -118.283365393775128, 34.01606113806519 ], [ -118.283394795880682, 34.014709085832649 ], [ -118.285018476669038, 34.014733557234457 ] ] ] } },
{ "type": "Feature", "properties": { "cell_id": "c0016_0061", "row": 16, "col": 61, "area_m2": 22500.0 }, "geometry": { "type": "Polygon", "coordinates": [ [ [ -118.283394795880682, 34.014709085832649 ], [ -118.283365393775128, 34.01606113806519 ], [ -118.281741686195517, 34.016036643124686 ], [ -118.281771116099378, 34.014684591275071 ], [ -118.283394795880682, 34.014709085832649 ] ] ] } },
{ "type": "Feature", "properties": { "cell_id": "c0016_0062", "row": 16, "col": 62, "area_m2": 12355.770000889383 }, "geometry": { "type": "Polygon", "coordinates": [ [ [ -118.281771116099378, 34.014684591275071 ], [ -118.281741686195517, 34.016036643124686 ], [ -118.280718716443516, 34.016021198901747 ], [ -118.280730888973437, 34.015978870584505 ], [ -118.280809024096868, 34.015690506050099 ], [ -118.280877077746581, 34.015344529271516 ], [ -118.280925549290686, 34.015056233689847 ], [ -118.280944578120028, 34.014833876843348 ], [ -118.280966835216304, 34.014672449448689 ], [ -118.281771116099378, 34.014684591275071 ] ] ] } },
{ "type": "Feature", "properties": { "cell_id": "c0017_0002", "row": 17, "col": 2, "area_m2": 7235.7016755487848 }, "geometry": { "type": "Polygon", "coordinates": [ [ [ -118.377514334950092, 34.018794295631302 ], [ -118.377529669639742, 34.018048238199761 ], [ -118.377646922987552, 34.018044590678294 ], [ -118.377991626451163, 34.018012941742406 ], [ -118.378786899023041, 34.01873829181536 ], [ -118.378906989177281, 34.018814133795566 ], [ -118.377514334950092, 34.018794295631302 ] ] ] } },
{ "type": "Feature", "properties": { "cell_id": "c0017_0003", "row": 17, "col": 3, "area_m2": 11879.556920482823 }, "geometry": { "type": "Polygon", "coordinates": [ [ [ -118.377514334950092, 34.018794295631302 ], [ -118.375890542729067, 34.018771143416679 ], [ -118.375902885278663, 34.018171259885527 ], [ -118.375926183960445, 34.018087057922791 ], [ -118.376549806280295, 34.018071374874467 ], [ -118.377229537189734, 34.018057574179437 ], [ -118.377529669639742, 34.018048238199761 ], [ -118.377514334950092, 34.018794295631302 ] ] ] } },
{ "type": "Feature", "properties": { "cell_id": "c0017_0004", "row": 17, "col": 4, "area_m2": 4820.300279844153 }, "geometry": { "type": "Polygon", "coordinates": [ [ [ -118.375890542729067, 34.018771143416679 ], [ -118.374266751460922, 34.018747968044465 ], [ -118.37427311678843, 34.018438904911029 ], [ -118.375807658790535, 34.018515408568447 ], [ -118.375902885278663, 34.018171259885527 ], [ -118.375890542729067, 34.018771143416679 ] ] ] } },
{ "type": "Feature", "properties": { "cell_id": "c0017_0005", "row": 17, "col": 5, "area_m2": 9170.2623130528718 }, "geometry": { "type": "Polygon", "coordinates": [ [ [ -118.374266751460922, 34.018747968044465 ], [ -118.372642961146639, 34.01872476951467 ], [ -118.372670835222166, 34.017372698803925 ], [ -118.373279310743172, 34.017381394610432 ], [ -118.372990055392265, 34.017904844627303 ], [ -118.372878743105559, 34.018103722973954 ], [ -118.372759450157474, 34.018363421569525 ], [ -118.37427311678843, 34.018438904911029 ], [ -118.374266751460922, 34.018747968044465 ] ] ] } },
{ "type": "Feature", "properties": { "cell_id": "c0017_0006", "row": 17, "col": 6, "area_m2": 22500.0 }, "geometry": { "type": "Polygon", "coordinates": [ [ [ -118.372670835222166, 34.017372698803925 ], [ -118.372642961146639, 34.01872476951467 ], [ -118.371019171787182, 34.018701547827348 ], [ -118.371047073664727, 34.017349477479655 ], [ -118.372670835222166, 34.017372698803925 ] ] ] } },
{ "type": "Feature", "properties": { "cell_id": "c0017_0007", "row": 17, "col": 7, "area_m2": 22500.0 }, "geometry": { "type": "Polygon", "coordinates": [ [ [ -118.371047073664727, 34.017349477479655 ], [ -118.371019171787182, 34.018701547827348 ], [ -118.369395383383491, 34.01867830298248 ], [ -118.369423313063038, 34.017326232998194 ], [ -118.371047073664727, 34.017349477479655 ] ] ] } },
{ "type": "Feature", "properties": { "cell_id": "c0017_0008", "row": 17, "col": 8, "area_m2": 22500.0 }, "geometry": { "type": "Polygon", "coordinates": [ [ [ -118.369423313063038, 34.017326232998194 ], [ -118.369395383383491, 34.01867830298248 ], [ -118.367771595936517, 34.018655034980114 ], [ -118.367799553417981, 34.01730296535959 ], [ -118.369423313063038, 34.017326232998194 ] ] ] } },
{ "type": "Feature", "properties": { "cell_id": "c0017_0009", "row": 17, "col": 9, "area_m2": 22500.0 }, "geometry": { "type": "Polygon", "coordinates": [ [ [ -118.367799553417981, 34.01730296535959 ], [ -118.367771595936517, 34.018655034980114 ], [ -118.366147809447213, 34.018631743820229 ], [ -118.366175794730566, 34.017279674563859 ], [ -118.367799553417981, 34.01730296535959 ] ] ] } },
{ "type": "Feature", "properties": { "cell_id": "c0017_0010", "row": 17, "col": 10, "area_m2": 22500.0 }, "geometry": { "type": "Polygon", "coordinates": [ [ [ -118.366175794730566, 34.017279674563859 ], [ -118.366147809447213, 34.018631743820229 ], [ -118.364524023916545, 34.018608429502883 ], [ -118.364552037001715, 34.017256360611 ], [ -118.366175794730566, 34.017279674563859 ] ] ] } },
{ "type": "Feature", "properties": { "cell_id": "c0017_0011", "row": 17, "col": 11, "area_m2": 22500.0 }, "geometry": { "type": "Polygon", "coordinates": [ [ [ -118.364552037001715, 34.017256360611 ], [ -118.364524023916545, 34.018608429502883 ], [ -118.36290023934545, 34.018585092028076 ], [ -118.36292828023241, 34.017233023501056 ], [ -118.364552037001715, 34.017256360611 ] ] ] } },
{ "type": "Feature", "properties": { "cell_id": "c0017_0012", "row": 17, "col": 12, "area_m2": 22500.0 }, "geometry": { "type": "Polygon", "coordinates": [ [ [ -118.36292828023241, 34.017233023501056 ], [ -118.36290023934545, 34.018585092028076 ], [ -118.361276455734881, 34.018561731395813 ], [ -118.361304524423559, 34.017209663234041 ], [ -118.36292828023241, 34.017233023501056 ] ] ] } },
{ "type": "Feature", "properties": { "cell_id": "c0017_0013", "row": 17, "col": 13, "area_m2": 22500.0 }, "geometry": { "type": "Polygon", "coordinates": [ [ [ -118.361304524423559, 34.017209663234041 ], [ -118.361276455734881, 34.018561731395813 ], [ -118.35965267308579, 34.018538347606153 ], [ -118.359680769576144, 34.017186279809934 ], [ -118.361304524423559, 34.017209663234041 ] ] ] } },
{ "type": "Feature", "properties": { "cell_id": "c0017_0014", "row": 17, "col": 14, "area_m2": 22500.0 }, "geometry": { "type": "Polygon", "coordinates": [ [ [ -118.359680769576144, 34.017186279809934 ], [ -118.35965267308579, 34.018538347606153 ], [ -118.35802889139913, 34.018514940659074 ], [ -118.358057015691116, 34.01716287322882 ], [ -118.359680769576144, 34.017186279809934 ] ] ] } },
{ "type": "Feature", "properties": { "cell_id": "c0017_0015", "row": 17, "col": 15, "area_m2": 22500.0 }, "geometry": { "type": "Polygon", "coordinates": [ [ [ -118.358057015691116, 34.01716287322882 ], [ -118.35802889139913, 34.018514940659074 ], [ -118.35640511067588, 34.018491510554625 ], [ -118.356433262769443, 34.01713944349067 ], [ -118.358057015691116, 34.01716287322882 ] ] ] } },
{ "type": "Feature", "properties": { "cell_id": "c0017_0016", "row": 17, "col": 16, "area_m2": 22500.0 }, "geometry": { "type": "Polygon", "coordinates": [ [ [ -118.356433262769443, 34.01713944349067 ], [ -118.35640511067588, 34.018491510554625 ], [ -118.354781330916936, 34.0184680572928 ], [ -118.354809510812018, 34.017115990595521 ], [ -118.356433262769443, 34.01713944349067 ] ] ] } },
{ "type": "Feature", "properties": { "cell_id": "c0017_0017", "row": 17, "col": 17, "area_m2": 22500.0 }, "geometry": { "type": "Polygon", "coordinates": [ [ [ -118.354809510812018, 34.017115990595521 ], [ -118.354781330916936, 34.0184680572928 ], [ -118.353157552123278, 34.018444580873627 ], [ -118.353185759819851, 34.017092514543378 ], [ -118.354809510812018, 34.017115990595521 ] ] ] } },
{ "type": "Feature", "properties": { "cell_id": "c0017_0018", "row": 17, "col": 18, "area_m2": 22500.0 }, "geometry": { "type": "Polygon", "coordinates": [ [ [ -118.353185759819851, 34.017092514543378 ], [ -118.353157552123278, 34.018444580873627 ], [ -118.351533774295859, 34.018421081297149 ], [ -118.351562009793881, 34.017069015334279 ], [ -118.353185759819851, 34.017092514543378 ] ] ] } },
{ "type": "Feature", "properties": { "cell_id": "c0017_0019", "row": 17, "col": 19, "area_m2": 22500.0 }, "geometry": { "type": "Polygon", "coordinates": [ [ [ -118.351562009793881, 34.017069015334279 ], [ -118.351533774295859, 34.018421081297149 ], [ -118.349909997435645, 34.01839755856335 ], [ -118.34993826073503, 34.017045492968229 ], [ -118.351562009793881, 34.017069015334279 ] ] ] } },
{ "type": "Feature", "properties": { "cell_id": "c0017_0020", "row": 17, "col": 20, "area_m2": 22500.0 }, "geometry": { "type": "Polygon", "coordinates": [ [ [ -118.34993826073503, 34.017045492968229 ], [ -118.349909997435645, 34.01839755856335 ], [ -118.34828622154356, 34.018374012672268 ], [ -118.348314512644293, 34.017021947445265 ], [ -118.34993826073503, 34.017045492968229 ] ] ] } },
{ "type": "Feature", "properties": { "cell_id": "c0017_0021", "row": 17, "col": 21, "area_m2": 22500.0 }, "geometry": { "type": "Polygon", "coordinates": [ [ [ -118.348314512644293, 34.017021947445265 ], [ -118.34828622154356, 34.018374012672268 ], [ -118.346662446620584, 34.018350443623909 ], [ -118.346690765522581, 34.016998378765379 ], [ -118.348314512644293, 34.017021947445265 ] ] ] } },
{ "type": "Feature", "properties": { "cell_id": "c0017_0022", "row": 17, "col": 22, "area_m2": 22500.0 }, "geometry": { "type": "Polygon", "coordinates": [ [ [ -118.346690765522581, 34.016998378765379 ], [ -118.346662446620584, 34.018350443623909 ], [ -118.345038672667641, 34.018326851418301 ], [ -118.345067019370873, 34.016974786928614 ], [ -118.346690765522581, 34.016998378765379 ] ] ] } },
{ "type": "Feature", "properties": { "cell_id": "c0017_0023", "row": 17, "col": 23, "area_m2": 22500.0 }, "geometry": { "type": "Polygon", "coordinates": [ [ [ -118.345067019370873, 34.016974786928614 ], [ -118.345038672667641, 34.018326851418301 ], [ -118.343414899685698, 34.018303236055466 ], [ -118.343443274190122, 34.016951171934963 ], [ -118.345067019370873, 34.016974786928614 ] ] ] } },
{ "type": "Feature", "properties": { "cell_id": "c0017_0024", "row": 17, "col": 24, "area_m2": 22500.0 }, "geometry": { "type": "Polygon", "coordinates": [ [ [ -118.343443274190122, 34.016951171934963 ], [ -118.343414899685698, 34.018303236055466 ], [ -118.341791127675691, 34.018279597535411 ], [ -118.341819529981251, 34.016927533784489 ], [ -118.343443274190122, 34.016951171934963 ] ] ] } },
{ "type": "Feature", "properties": { "cell_id": "c0017_0025", "row": 17, "col": 25, "area_m2": 22500.0 }, "geometry": { "type": "Polygon", "coordinates": [ [ [ -118.341819529981251, 34.016927533784489 ], [ -118.341791127675691, 34.018279597535411 ], [ -118.340167356638588, 34.018255935858178 ], [ -118.340195786745241, 34.016903872477158 ], [ -118.341819529981251, 34.016927533784489 ] ] ] } },
{ "type": "Feature", "properties": { "cell_id": "c0017_0026", "row": 17, "col": 26, "area_m2": 22500.0 }, "geometry": { "type": "Polygon", "coordinates": [ [ [ -118.340195786745241, 34.016903872477158 ], [ -118.340167356638588, 34.018255935858178 ], [ -118.338543586575355, 34.018232251023747 ], [ -118.33857204448303, 34.016880188013005 ], [ -118.340195786745241, 34.016903872477158 ] ] ] } },
{ "type": "Feature", "properties": { "cell_id": "c0017_0027", "row": 17, "col": 27, "area_m2": 22500.0 }, "geometry": { "type": "Polygon", "coordinates": [ [ [ -118.33857204448303, 34.016880188013005 ], [ -118.338543586575355, 34.018232251023747 ], [ -118.33691981748693, 34.018208543032159 ], [ -118.33694830319557, 34.016856480392086 ], [ -118.33857204448303, 34.016880188013005 ] ] ] } },
{ "type": "Feature", "properties": { "cell_id": "c0017_0028", "row": 17, "col": 28, "area_m2": 22500.0 }, "geometry": { "type": "Polygon", "coordinates": [ [ [ -118.33694830319557, 34.016856480392086 ], [ -118.33691981748693, 34.018208543032159 ], [ -118.335296049374236, 34.018184811883444 ], [ -118.335324562883827, 34.016832749614373 ], [ -118.33694830319557, 34.016856480392086 ] ] ] } },
{ "type": "Feature", "properties": { "cell_id": "c0017_0029", "row": 17, "col": 29, "area_m2": 22500.0 }, "geometry": { "type": "Polygon", "coordinates": [ [ [ -118.335324562883827, 34.016832749614373 ], [ -118.335296049374236, 34.018184811883444 ], [ -118.333672282238254, 34.018161057577608 ], [ -118.333700823548753, 34.016808995679909 ], [ -118.335324562883827, 34.016832749614373 ] ] ] } },
{ "type": "Feature", "properties": { "cell_id": "c0017_0030", "row": 17, "col": 30, "area_m2": 22500.0 }, "geometry": { "type": "Polygon", "coordinates": [ [ [ -118.333700823548753, 34.016808995679909 ], [ -118.333672282238254, 34.018161057577608 ], [ -118.332048516079951, 34.018137280114672 ], [ -118.332077085191273, 34.016785218588701 ], [ -118.333700823548753, 34.016808995679909 ] ] ] } },
{ "type": "Feature", "properties": { "cell_id": "c0017_0031", "row": 17, "col": 31, "area_m2": 22500.0 }, "geometry": { "type": "Polygon", "coordinates": [ [ [ -118.332077085191273, 34.016785218588701 ], [ -118.332048516079951, 34.018137280114672 ], [ -118.330424750900249, 34.018113479494673 ], [ -118.330453347812337, 34.016761418340778 ], [ -118.332077085191273, 34.016785218588701 ] ] ] } },
{ "type": "Feature", "properties": { "cell_id": "c0017_0032", "row": 17, "col": 32, "area_m2": 22500.0 }, "geometry": { "type": "Polygon", "coordinates": [ [ [ -118.330453347812337, 34.016761418340778 ], [ -118.330424750900249, 34.018113479494673 ], [ -118.328800986700102, 34.018089655717596 ], [ -118.328829611412928, 34.01673759493616 ], [ -118.330453347812337, 34.016761418340778 ] ] ] } },
{ "type": "Feature", "properties": { "cell_id": "c0017_0033", "row": 17, "col": 33, "area_m2": 22500.0 }, "geometry": { "type": "Polygon", "coordinates": [ [ [ -118.328829611412928, 34.01673759493616 ], [ -118.328800986700102, 34.018089655717596 ], [ -118.327177223480476, 34.018065808783483 ], [ -118.327205875993982, 34.016713748374862 ], [ -118.328829611412928, 34.01673759493616 ] ] ] } },
{ "type": "Feature", "properties": { "cell_id": "c0017_0034", "row": 17, "col": 34, "area_m2": 22500.0 }, "geometry": { "type": "Polygon", "coordinates": [ [ [ -118.327205875993982, 34.016713748374862 ], [ -118.327177223480476, 34.018065808783483 ], [ -118.325553461242322, 34.018041938692342 ], [ -118.325582141556438, 34.016689878656905 ], [ -118.327205875993982, 34.016713748374862 ] ] ] } },
{ "type": "Feature", "properties": { "cell_id": "c0017_0035", "row": 17, "col": 35, "area_m2": 22500.0 }, "geometry": { "type": "Polygon", "coordinates": [ [ [ -118.325582141556438, 34.016689878656905 ], [ -118.325553461242322, 34.018041938692342 ], [ -118.323929699986579, 34.018018045444208 ], [ -118.323958408101291, 34.016665985782318 ], [ -118.325582141556438, 34.016689878656905 ] ] ] } },
{ "type": "Feature", "properties": { "cell_id": "c0017_0036", "row": 17, "col": 36, "area_m2": 22500.0 }, "geometry": { "type": "Polygon", "coordinates": [ [ [ -118.323958408101291, 34.016665985782318 ], [ -118.323929699986579, 34.018018045444208 ], [ -118.322305939714212, 34.017994129039074 ], [ -118.322334675629435, 34.016642069751079 ], [ -118.323958408101291, 34.016665985782318 ] ] ] } },
{ "type": "Feature", "properties": { "cell_id": "c0017_0037", "row": 17, "col": 37, "area_m2": 22500.0 }, "geometry": { "type": "Polygon", "coordinates": [ [ [ -118.322334675629435, 34.016642069751079 ], [ -118.322305939714212, 34.017994129039074 ], [ -118.320682180426175, 34.017970189476991 ], [ -118.320710944141879, 34.016618130563259 ], [ -118.322334675629435, 34.016642069751079 ] ] ] } },
{ "type": "Feature", "properties": { "cell_id": "c0017_0038", "row": 17, "col": 38, "area_m2": 22500.0 }, "geometry": { "type": "Polygon", "coordinates": [ [ [ -118.320710944141879, 34.016618130563259 ], [ -118.320682180426175, 34.017970189476991 ], [ -118.319058422123376, 34.01794622675795 ], [ -118.319087213639534, 34.016594168218845 ], [ -118.320710944141879, 34.016618130563259 ] ] ] } },
{ "type": "Feature", "properties": { "cell_id": "c0017_0039", "row": 17, "col": 39, "area_m2": 22500.0 }, "geometry": { "type": "Polygon", "coordinates": [ [ [ -118.319087213639534, 34.016594168218845 ], [ -118.319058422123376, 34.01794622675795 ], [ -118.317434664806839, 34.017922240881987 ], [ -118.317463484123365, 34.016570182717864 ], [ -118.319087213639534, 34.016594168218845 ] ] ] } },
{ "type": "Feature", "properties": { "cell_id": "c0017_0040", "row": 17, "col": 40, "area_m2": 22500.0 }, "geometry": { "type": "Polygon", "coordinates": [ [ [ -118.317463484123365, 34.016570182717864 ], [ -118.317434664806839, 34.017922240881987 ], [ -118.315810908477445, 34.017898231849131 ], [ -118.315839755594297, 34.016546174060352 ], [ -118.317463484123365, 34.016570182717864 ] ] ] } },
{ "type": "Feature", "properties": { "cell_id": "c0017_0041", "row": 17, "col": 41, "area_m2": 22500.0 }, "geometry": { "type": "Polygon", "coordinates": [ [ [ -118.315839755594297, 34.016546174060352 ], [ -118.315810908477445, 34.017898231849131 ], [ -118.314187153136217, 34.01787419965936 ], [ -118.314216028053323, 34.016522142246295 ], [ -118.315839755594297, 34.016546174060352 ] ] ] } },
{ "type": "Feature", "properties": { "cell_id": "c0017_0042", "row": 17, "col": 42, "area_m2": 22500.0 }, "geometry": { "type": "Polygon", "coordinates": [ [ [ -118.314216028053323, 34.016522142246295 ], [ -118.314187153136217, 34.01787419965936 ], [ -118.312563398784022, 34.01785014431276 ], [ -118.312592301501383, 34.016498087275757 ], [ -118.314216028053323, 34.016522142246295 ] ] ] } },
{ "type": "Feature", "properties": { "cell_id": "c0017_0043", "row": 17, "col": 43, "area_m2": 22500.0 }, "geometry": { "type": "Polygon", "coordinates": [ [ [ -118.312592301501383, 34.016498087275757 ], [ -118.312563398784022, 34.01785014431276 ], [ -118.310939645421882, 34.017826065809274 ], [ -118.310968575939427, 34.016474009148695 ], [ -118.312592301501383, 34.016498087275757 ] ] ] } },
{ "type": "Feature", "properties": { "cell_id": "c0017_0044", "row": 17, "col": 44, "area_m2": 22500.0 }, "geometry": { "type": "Polygon", "coordinates": [ [ [ -118.310968575939427, 34.016474009148695 ], [ -118.310939645421882, 34.017826065809274 ], [ -118.309315893050737, 34.017801964148966 ], [ -118.30934485136838, 34.01644990786518 ], [ -118.310968575939427, 34.016474009148695 ] ] ] } },
{ "type": "Feature", "properties": { "cell_id": "c0017_0045", "row": 17, "col": 45, "area_m2": 22500.0 }, "geometry": { "type": "Polygon", "coordinates": [ [ [ -118.30934485136838, 34.01644990786518 ], [ -118.309315893050737, 34.017801964148966 ], [ -118.307692141671524, 34.017777839331849 ], [ -118.307721127789236, 34.01642578342522 ], [ -118.30934485136838, 34.01644990786518 ] ] ] } },
{ "type": "Feature", "properties": { "cell_id": "c0017_0046", "row": 17, "col": 46, "area_m2": 22500.0 }, "geometry": { "type": "Polygon", "coordinates": [ [ [ -118.307721127789236, 34.01642578342522 ], [ -118.307692141671524, 34.017777839331849 ], [ -118.306068391285194, 34.017753691357946 ], [ -118.306097405202934, 34.016401635828842 ], [ -118.307721127789236, 34.01642578342522 ] ] ] } },
{ "type": "Feature", "properties": { "cell_id": "c0017_0047", "row": 17, "col": 47, "area_m2": 22500.0 }, "geometry": { "type": "Polygon", "coordinates": [ [ [ -118.306097405202934, 34.016401635828842 ], [ -118.306068391285194, 34.017753691357946 ], [ -118.304444641892687, 34.01772952022727 ], [ -118.304473683610411, 34.016377465076033 ], [ -118.306097405202934, 34.016401635828842 ] ] ] } },
{ "type": "Feature", "properties": { "cell_id": "c0017_0048", "row": 17, "col": 48, "area_m2": 22500.0 }, "geometry": { "type": "Polygon", "coordinates": [ [ [ -118.304473683610411, 34.016377465076033 ], [ -118.304444641892687, 34.01772952022727 ], [ -118.302820893494982, 34.017705325939851 ], [ -118.302849963012605, 34.016353271166849 ], [ -118.304473683610411, 34.016377465076033 ] ] ] } },
{ "type": "Feature", "properties": { "cell_id": "c0017_0049", "row": 17, "col": 49, "area_m2": 22500.0 }, "geometry": { "type": "Polygon", "coordinates": [ [ [ -118.302849963012605, 34.016353271166849 ], [ -118.302820893494982, 34.017705325939851 ], [ -118.301197146093003, 34.017681108495701 ], [ -118.301226243410511, 34.016329054101284 ], [ -118.302849963012605, 34.016353271166849 ] ] ] } },
{ "type": "Feature", "properties": { "cell_id": "c0017_0050", "row": 17, "col": 50, "area_m2": 22500.0 }, "geometry": { "type": "Polygon", "coordinates": [ [ [ -118.301226243410511, 34.016329054101284 ], [ -118.301197146093003, 34.017681108495701 ], [ -118.299573399687745, 34.0176568678948 ], [ -118.299602524805053, 34.016304813879387 ], [ -118.301226243410511, 34.016329054101284 ] ] ] } },
{ "type": "Feature", "properties": { "cell_id": "c0017_0051", "row": 17, "col": 51, "area_m2": 22500.0 }, "geometry": { "type": "Polygon", "coordinates": [ [ [ -118.299602524805053, 34.016304813879387 ], [ -118.299573399687745, 34.0176568678948 ], [ -118.297949654280103, 34.017632604137248 ], [ -118.297978807197183, 34.016280550501143 ], [ -118.299602524805053, 34.016304813879387 ] ] ] } },
{ "type": "Feature", "properties": { "cell_id": "c0017_0052", "row": 17, "col": 52, "area_m2": 22500.0 }, "geometry": { "type": "Polygon", "coordinates": [ [ [ -118.297978807197183, 34.016280550501143 ], [ -118.297949654280103, 34.017632604137248 ], [ -118.296325909871072, 34.017608317223008 ], [ -118.29635509058788, 34.016256263966568 ], [ -118.297978807197183, 34.016280550501143 ] ] ] } },
{ "type": "Feature", "properties": { "cell_id": "c0017_0053", "row": 17, "col": 53, "area_m2": 22500.0 }, "geometry": { "type": "Polygon", "coordinates": [ [ [ -118.29635509058788, 34.016256263966568 ], [ -118.296325909871072, 34.017608317223008 ], [ -118.29470216646159, 34.017584007152102 ], [ -118.294731374978056, 34.016231954275739 ], [ -118.29635509058788, 34.016256263966568 ] ] ] } },
{ "type": "Feature", "properties": { "cell_id": "c0017_0054", "row": 17, "col": 54, "area_m2": 22500.0 }, "geometry": { "type": "Polygon", "coordinates": [ [ [ -118.294731374978056, 34.016231954275739 ], [ -118.29470216646159, 34.017584007152102 ], [ -118.293078424052595, 34.017559673924573 ], [ -118.29310766036869, 34.016207621428613 ], [ -118.294731374978056, 34.016231954275739 ] ] ] } },
{ "type": "Feature", "properties": { "cell_id": "c0017_0055", "row": 17, "col": 55, "area_m2": 22500.0 }, "geometry": { "type": "Polygon", "coordinates": [ [ [ -118.29310766036869, 34.016207621428613 ], [ -118.293078424052595, 34.017559673924573 ], [ -118.291454682645067, 34.017535317540421 ], [ -118.291483946760707, 34.016183265425212 ], [ -118.29310766036869, 34.016207621428613 ] ] ] } },
{ "type": "Feature", "properties": { "cell_id": "c0017_0056", "row": 17, "col": 56, "area_m2": 22500.0 }, "geometry": { "type": "Polygon", "coordinates": [ [ [ -118.291483946760707, 34.016183265425212 ], [ -118.291454682645067, 34.017535317540421 ], [ -118.289830942239945, 34.017510937999681 ], [ -118.289860234155086, 34.016158886265593 ], [ -118.291483946760707, 34.016183265425212 ] ] ] } },
{ "type": "Feature", "properties": { "cell_id": "c0017_0057", "row": 17, "col": 57, "area_m2": 22500.0 }, "geometry": { "type": "Polygon", "coordinates": [ [ [ -118.289860234155086, 34.016158886265593 ], [ -118.289830942239945, 34.017510937999681 ], [ -118.288207202838151, 34.017486535302353 ], [ -118.288236522552765, 34.01613448394977 ], [ -118.289860234155086, 34.016158886265593 ] ] ] } },
{ "type": "Feature", "properties": { "cell_id": "c0017_0058", "row": 17, "col": 58, "area_m2": 22500.0 }, "geometry": { "type": "Polygon", "coordinates": [ [ [ -118.288236522552765, 34.01613448394977 ], [ -118.288207202838151, 34.017486535302353 ], [ -118.286583464440668, 34.017462109448481 ], [ -118.286612811954683, 34.016110058477757 ], [ -118.288236522552765, 34.01613448394977 ] ] ] } },
{ "type": "Feature", "properties": { "cell_id": "c0017_0059", "row": 17, "col": 59, "area_m2": 22500.0 }, "geometry": { "type": "Polygon", "coordinates": [ [ [ -118.286612811954683, 34.016110058477757 ], [ -118.286583464440668, 34.017462109448481 ], [ -118.284959727048474, 34.017437660438048 ], [ -118.284989102361834, 34.01608560984954 ], [ -118.286612811954683, 34.016110058477757 ] ] ] } },
{ "type": "Feature", "properties": { "cell_id": "c0017_0060", "row": 17, "col": 60, "area_m2": 22500.0 }, "geometry": { "type": "Polygon", "coordinates": [ [ [ -118.284989102361834, 34.01608560984954 ], [ -118.284959727048474, 34.017437660438048 ], [ -118.283335990662451, 34.017413188271114 ], [ -118.283365393775128, 34.01606113806519 ], [ -118.284989102361834, 34.01608560984954 ] ] ] } },
{ "type": "Feature", "properties": { "cell_id": "c0017_0061", "row": 17, "col": 61, "area_m2": 22500.0 }, "geometry": { "type": "Polygon", "coordinates": [ [ [ -118.283365393775128, 34.01606113806519 ], [ -118.283335990662451, 34.017413188271114 ], [ -118.281712255283608, 34.017388692947698 ], [ -118.281741686195517, 34.016036643124686 ], [ -118.283365393775128, 34.01606113806519 ] ] ] } },
{ "type": "Feature", "properties": { "cell_id": "c0017_0062", "row": 17, "col": 62, "area_m2": 16733.362780853422 }, "geometry": { "type": "Polygon", "coordinates": [ [ [ -118.281741686195517, 34.016036643124686 ], [ -118.281712255283608, 34.017388692947698 ], [ -118.280283126259462, 34.017367114241551 ], [ -118.280349389825318, 34.017210710505523 ], [ -118.280486619178205, 34.016852221394856 ], [ -118.280545228982845, 34.016638006280154 ], [ -118.280652698098152, 34.016250767870666 ], [ -118.280718716443516, 34.016021198901747 ], [ -118.281741686195517, 34.016036643124686 ] ] ] } },
{ "type": "Feature", "properties": { "cell_id": "c0018_0000", "row": 18, "col": 0, "area_m2": 237.71080678556206 }, "geometry": { "type": "Polygon", "coordinates": [ [ [ -118.380734186232402, 34.020192601083785 ], [ -118.380737855705675, 34.020013725004183 ], [ -118.38092011919079, 34.020139521926566 ], [ -118.380973589201105, 34.020196005721154 ], [ -118.380734186232402, 34.020192601083785 ] ] ] } },
{ "type": "Feature", "properties": { "cell_id": "c0018_0001", "row": 18, "col": 1, "area_m2": 11702.466893292347 }, "geometry": { "type": "Polygon", "coordinates": [ [ [ -118.380734186232402, 34.020192601083785 ], [ -118.379110364305163, 34.020169494823122 ], [ -118.379135235796355, 34.018958280361183 ], [ -118.379476923259531, 34.0191740673244 ], [ -118.379786410196303, 34.019380559129182 ], [ -118.380216654425467, 34.01965399177945 ], [ -118.380737855705675, 34.020013725004183 ], [ -118.380734186232402, 34.020192601083785 ] ] ] } },
{ "type": "Feature", "properties": { "cell_id": "c0018_0002", "row": 18, "col": 2, "area_m2": 22333.171723977539 }, "geometry": { "type": "Polygon", "coordinates": [ [ [ -118.379110364305163, 34.020169494823122 ], [ -118.37748654332897, 34.020146365404479 ], [ -118.377514334950092, 34.018794295631302 ], [ -118.378906989177281, 34.018814133795566 ], [ -118.379135235796355, 34.018958280361183 ], [ -118.379110364305163, 34.020169494823122 ] ] ] } },
{ "type": "Feature", "properties": { "cell_id": "c0018_0003", "row": 18, "col": 3, "area_m2": 22500.0 }, "geometry": { "type": "Polygon", "coordinates": [ [ [ -118.377514334950092, 34.018794295631302 ], [ -118.37748654332897, 34.020146365404479 ], [ -118.375862723304792, 34.020123212827883 ], [ -118.375890542729067, 34.018771143416679 ], [ -118.377514334950092, 34.018794295631302 ] ] ] } },
{ "type": "Feature", "properties": { "cell_id": "c0018_0004", "row": 18, "col": 4, "area_m2": 22500.0 }, "geometry": { "type": "Polygon", "coordinates": [ [ [ -118.375890542729067, 34.018771143416679 ], [ -118.375862723304792, 34.020123212827883 ], [ -118.374238904233579, 34.020100037093314 ], [ -118.374266751460922, 34.018747968044465 ], [ -118.375890542729067, 34.018771143416679 ] ] ] } },
{ "type": "Feature", "properties": { "cell_id": "c0018_0005", "row": 18, "col": 5, "area_m2": 22500.0 }, "geometry": { "type": "Polygon", "coordinates": [ [ [ -118.374266751460922, 34.018747968044465 ], [ -118.374238904233579, 34.020100037093314 ], [ -118.372615086116269, 34.020076838200829 ], [ -118.372642961146639, 34.01872476951467 ], [ -118.374266751460922, 34.018747968044465 ] ] ] } },
{ "type": "Feature", "properties": { "cell_id": "c0018_0006", "row": 18, "col": 6, "area_m2": 22500.0 }, "geometry": { "type": "Polygon", "coordinates": [ [ [ -118.372642961146639, 34.01872476951467 ], [ -118.372615086116269, 34.020076838200829 ], [ -118.37099126895383, 34.020053616150413 ], [ -118.371019171787182, 34.018701547827348 ], [ -118.372642961146639, 34.01872476951467 ] ] ] } },
{ "type": "Feature", "properties": { "cell_id": "c0018_0007", "row": 18, "col": 7, "area_m2": 22500.0 }, "geometry": { "type": "Polygon", "coordinates": [ [ [ -118.371019171787182, 34.018701547827348 ], [ -118.37099126895383, 34.020053616150413 ], [ -118.369367452747213, 34.020030370942116 ], [ -118.369395383383491, 34.01867830298248 ], [ -118.371019171787182, 34.018701547827348 ] ] ] } },
{ "type": "Feature", "properties": { "cell_id": "c0018_0008", "row": 18, "col": 8, "area_m2": 22500.0 }, "geometry": { "type": "Polygon", "coordinates": [ [ [ -118.369395383383491, 34.01867830298248 ], [ -118.369367452747213, 34.020030370942116 ], [ -118.367743637497369, 34.020007102575924 ], [ -118.367771595936517, 34.018655034980114 ], [ -118.369395383383491, 34.01867830298248 ] ] ] } },
{ "type": "Feature", "properties": { "cell_id": "c0018_0009", "row": 18, "col": 9, "area_m2": 22500.0 }, "geometry": { "type": "Polygon", "coordinates": [ [ [ -118.367771595936517, 34.018655034980114 ], [ -118.367743637497369, 34.020007102575924 ], [ -118.366119823205253, 34.019983811051901 ], [ -118.366147809447213, 34.018631743820229 ], [ -118.367771595936517, 34.018655034980114 ] ] ] } },
{ "type": "Feature", "properties": { "cell_id": "c0018_0010", "row": 18, "col": 10, "area_m2": 22500.0 }, "geometry": { "type": "Polygon", "coordinates": [ [ [ -118.366147809447213, 34.018631743820229 ], [ -118.366119823205253, 34.019983811051901 ], [ -118.364496009871786, 34.019960496370039 ], [ -118.364524023916545, 34.018608429502883 ], [ -118.366147809447213, 34.018631743820229 ] ] ] } },
{ "type": "Feature", "properties": { "cell_id": "c0018_0011", "row": 18, "col": 11, "area_m2": 22500.0 }, "geometry": { "type": "Polygon", "coordinates": [ [ [ -118.364524023916545, 34.018608429502883 ], [ -118.364496009871786, 34.019960496370039 ], [ -118.362872197497964, 34.019937158530333 ], [ -118.36290023934545, 34.018585092028076 ], [ -118.364524023916545, 34.018608429502883 ] ] ] } },
{ "type": "Feature", "properties": { "cell_id": "c0018_0012", "row": 18, "col": 12, "area_m2": 22500.0 }, "geometry": { "type": "Polygon", "coordinates": [ [ [ -118.36290023934545, 34.018585092028076 ], [ -118.362872197497964, 34.019937158530333 ], [ -118.361248386084725, 34.019913797532837 ], [ -118.361276455734881, 34.018561731395813 ], [ -118.36290023934545, 34.018585092028076 ] ] ] } },
{ "type": "Feature", "properties": { "cell_id": "c0018_0013", "row": 18, "col": 13, "area_m2": 22500.0 }, "geometry": { "type": "Polygon", "coordinates": [ [ [ -118.361276455734881, 34.018561731395813 ], [ -118.361248386084725, 34.019913797532837 ], [ -118.359624575633006, 34.01989041337756 ], [ -118.35965267308579, 34.018538347606153 ], [ -118.361276455734881, 34.018561731395813 ] ] ] } },
{ "type": "Feature", "properties": { "cell_id": "c0018_0014", "row": 18, "col": 14, "area_m2": 22500.0 }, "geometry": { "type": "Polygon", "coordinates": [ [ [ -118.35965267308579, 34.018538347606153 ], [ -118.359624575633006, 34.01989041337756 ], [ -118.358000766143761, 34.019867006064516 ], [ -118.35802889139913, 34.018514940659074 ], [ -118.35965267308579, 34.018538347606153 ] ] ] } },
{ "type": "Feature", "properties": { "cell_id": "c0018_0015", "row": 18, "col": 15, "area_m2": 22500.0 }, "geometry": { "type": "Polygon", "coordinates": [ [ [ -118.35802889139913, 34.018514940659074 ], [ -118.358000766143761, 34.019867006064516 ], [ -118.356376957617954, 34.01984357559374 ], [ -118.35640511067588, 34.018491510554625 ], [ -118.35802889139913, 34.018514940659074 ] ] ] } },
{ "type": "Feature", "properties": { "cell_id": "c0018_0016", "row": 18, "col": 16, "area_m2": 22500.0 }, "geometry": { "type": "Polygon", "coordinates": [ [ [ -118.35640511067588, 34.018491510554625 ], [ -118.356376957617954, 34.01984357559374 ], [ -118.354753150056538, 34.019820121965232 ], [ -118.354781330916936, 34.0184680572928 ], [ -118.35640511067588, 34.018491510554625 ] ] ] } },
{ "type": "Feature", "properties": { "cell_id": "c0018_0017", "row": 18, "col": 17, "area_m2": 22500.0 }, "geometry": { "type": "Polygon", "coordinates": [ [ [ -118.354781330916936, 34.0184680572928 ], [ -118.354753150056538, 34.019820121965232 ], [ -118.353129343460466, 34.019796645179014 ], [ -118.353157552123278, 34.018444580873627 ], [ -118.354781330916936, 34.0184680572928 ] ] ] } },
{ "type": "Feature", "properties": { "cell_id": "c0018_0018", "row": 18, "col": 18, "area_m2": 22500.0 }, "geometry": { "type": "Polygon", "coordinates": [ [ [ -118.353157552123278, 34.018444580873627 ], [ -118.353129343460466, 34.019796645179014 ], [ -118.351505537830661, 34.019773145235106 ], [ -118.351533774295859, 34.018421081297149 ], [ -118.353157552123278, 34.018444580873627 ] ] ] } },
{ "type": "Feature", "properties": { "cell_id": "c0018_0019", "row": 18, "col": 19, "area_m2": 22500.0 }, "geometry": { "type": "Polygon", "coordinates": [ [ [ -118.351533774295859, 34.018421081297149 ], [ -118.351505537830661, 34.019773145235106 ], [ -118.349881733168118, 34.019749622133531 ], [ -118.349909997435645, 34.01839755856335 ], [ -118.351533774295859, 34.018421081297149 ] ] ] } },
{ "type": "Feature", "properties": { "cell_id": "c0018_0020", "row": 18, "col": 20, "area_m2": 22500.0 }, "geometry": { "type": "Polygon", "coordinates": [ [ [ -118.349909997435645, 34.01839755856335 ], [ -118.349881733168118, 34.019749622133531 ], [ -118.348257929473746, 34.019726075874296 ], [ -118.34828622154356, 34.018374012672268 ], [ -118.349909997435645, 34.01839755856335 ] ] ] } },
{ "type": "Feature", "properties": { "cell_id": "c0018_0021", "row": 18, "col": 21, "area_m2": 22500.0 }, "geometry": { "type": "Polygon", "coordinates": [ [ [ -118.34828622154356, 34.018374012672268 ], [ -118.348257929473746, 34.019726075874296 ], [ -118.346634126748526, 34.019702506457449 ], [ -118.346662446620584, 34.018350443623909 ], [ -118.34828622154356, 34.018374012672268 ] ] ] } },
{ "type": "Feature", "properties": { "cell_id": "c0018_0022", "row": 18, "col": 22, "area_m2": 22500.0 }, "geometry": { "type": "Polygon", "coordinates": [ [ [ -118.346662446620584, 34.018350443623909 ], [ -118.346634126748526, 34.019702506457449 ], [ -118.345010324993382, 34.019678913882977 ], [ -118.345038672667641, 34.018326851418301 ], [ -118.346662446620584, 34.018350443623909 ] ] ] } },
{ "type": "Feature", "properties": { "cell_id": "c0018_0023", "row": 18, "col": 23, "area_m2": 22500.0 }, "geometry": { "type": "Polygon", "coordinates": [ [ [ -118.345038672667641, 34.018326851418301 ], [ -118.345010324993382, 34.019678913882977 ], [ -118.343386524209322, 34.019655298150916 ], [ -118.343414899685698, 34.018303236055466 ], [ -118.345038672667641, 34.018326851418301 ] ] ] } },
{ "type": "Feature", "properties": { "cell_id": "c0018_0024", "row": 18, "col": 24, "area_m2": 22500.0 }, "geometry": { "type": "Polygon", "coordinates": [ [ [ -118.343414899685698, 34.018303236055466 ], [ -118.343386524209322, 34.019655298150916 ], [ -118.341762724397242, 34.019631659261286 ], [ -118.341791127675691, 34.018279597535411 ], [ -118.343414899685698, 34.018303236055466 ] ] ] } },
{ "type": "Feature", "properties": { "cell_id": "c0018_0025", "row": 18, "col": 25, "area_m2": 22500.0 }, "geometry": { "type": "Polygon", "coordinates": [ [ [ -118.341791127675691, 34.018279597535411 ], [ -118.341762724397242, 34.019631659261286 ], [ -118.340138925558108, 34.019607997214074 ], [ -118.340167356638588, 34.018255935858178 ], [ -118.341791127675691, 34.018279597535411 ] ] ] } },
{ "type": "Feature", "properties": { "cell_id": "c0018_0026", "row": 18, "col": 26, "area_m2": 22500.0 }, "geometry": { "type": "Polygon", "coordinates": [ [ [ -118.340167356638588, 34.018255935858178 ], [ -118.340138925558108, 34.019607997214074 ], [ -118.338515127692887, 34.01958431200935 ], [ -118.338543586575355, 34.018232251023747 ], [ -118.340167356638588, 34.018255935858178 ] ] ] } },
{ "type": "Feature", "properties": { "cell_id": "c0018_0027", "row": 18, "col": 27, "area_m2": 22500.0 }, "geometry": { "type": "Polygon", "coordinates": [ [ [ -118.338543586575355, 34.018232251023747 ], [ -118.338515127692887, 34.01958431200935 ], [ -118.336891330802516, 34.019560603647093 ], [ -118.33691981748693, 34.018208543032159 ], [ -118.338543586575355, 34.018232251023747 ] ] ] } },
{ "type": "Feature", "properties": { "cell_id": "c0018_0028", "row": 18, "col": 28, "area_m2": 22500.0 }, "geometry": { "type": "Polygon", "coordinates": [ [ [ -118.33691981748693, 34.018208543032159 ], [ -118.336891330802516, 34.019560603647093 ], [ -118.335267534887961, 34.01953687212734 ], [ -118.335296049374236, 34.018184811883444 ], [ -118.33691981748693, 34.018208543032159 ] ] ] } },
{ "type": "Feature", "properties": { "cell_id": "c0018_0029", "row": 18, "col": 29, "area_m2": 22500.0 }, "geometry": { "type": "Polygon", "coordinates": [ [ [ -118.335296049374236, 34.018184811883444 ], [ -118.335267534887961, 34.01953687212734 ], [ -118.333643739950134, 34.019513117450124 ], [ -118.333672282238254, 34.018161057577608 ], [ -118.335296049374236, 34.018184811883444 ] ] ] } },
{ "type": "Feature", "properties": { "cell_id": "c0018_0030", "row": 18, "col": 30, "area_m2": 22500.0 }, "geometry": { "type": "Polygon", "coordinates": [ [ [ -118.333672282238254, 34.018161057577608 ], [ -118.333643739950134, 34.019513117450124 ], [ -118.332019945990055, 34.019489339615433 ], [ -118.332048516079951, 34.018137280114672 ], [ -118.333672282238254, 34.018161057577608 ] ] ] } },
{ "type": "Feature", "properties": { "cell_id": "c0018_0031", "row": 18, "col": 31, "area_m2": 22500.0 }, "geometry": { "type": "Polygon", "coordinates": [ [ [ -118.332048516079951, 34.018137280114672 ], [ -118.332019945990055, 34.019489339615433 ], [ -118.330396153008607, 34.019465538623315 ], [ -118.330424750900249, 34.018113479494673 ], [ -118.332048516079951, 34.018137280114672 ] ] ] } },
{ "type": "Feature", "properties": { "cell_id": "c0018_0032", "row": 18, "col": 32, "area_m2": 22500.0 }, "geometry": { "type": "Polygon", "coordinates": [ [ [ -118.330424750900249, 34.018113479494673 ], [ -118.330396153008607, 34.019465538623315 ], [ -118.328772361006799, 34.019441714473757 ], [ -118.328800986700102, 34.018089655717596 ], [ -118.330424750900249, 34.018113479494673 ] ] ] } },
{ "type": "Feature", "properties": { "cell_id": "c0018_0033", "row": 18, "col": 33, "area_m2": 22500.0 }, "geometry": { "type": "Polygon", "coordinates": [ [ [ -118.328800986700102, 34.018089655717596 ], [ -118.328772361006799, 34.019441714473757 ], [ -118.327148569985511, 34.019417867166801 ], [ -118.327177223480476, 34.018065808783483 ], [ -118.328800986700102, 34.018089655717596 ] ] ] } },
{ "type": "Feature", "properties": { "cell_id": "c0018_0034", "row": 18, "col": 34, "area_m2": 22500.0 }, "geometry": { "type": "Polygon", "coordinates": [ [ [ -118.327177223480476, 34.018065808783483 ], [ -118.327148569985511, 34.019417867166801 ], [ -118.325524779945781, 34.019393996702469 ], [ -118.325553461242322, 34.018041938692342 ], [ -118.327177223480476, 34.018065808783483 ] ] ] } },
{ "type": "Feature", "properties": { "cell_id": "c0018_0035", "row": 18, "col": 35, "area_m2": 22500.0 }, "geometry": { "type": "Polygon", "coordinates": [ [ [ -118.325553461242322, 34.018041938692342 ], [ -118.325524779945781, 34.019393996702469 ], [ -118.323900990888504, 34.019370103080767 ], [ -118.323929699986579, 34.018018045444208 ], [ -118.325553461242322, 34.018041938692342 ] ] ] } },
{ "type": "Feature", "properties": { "cell_id": "c0018_0036", "row": 18, "col": 36, "area_m2": 22500.0 }, "geometry": { "type": "Polygon", "coordinates": [ [ [ -118.323929699986579, 34.018018045444208 ], [ -118.323900990888504, 34.019370103080767 ], [ -118.322277202814647, 34.019346186301718 ], [ -118.322305939714212, 34.017994129039074 ], [ -118.323929699986579, 34.018018045444208 ] ] ] } },
{ "type": "Feature", "properties": { "cell_id": "c0018_0037", "row": 18, "col": 37, "area_m2": 22500.0 }, "geometry": { "type": "Polygon", "coordinates": [ [ [ -118.322305939714212, 34.017994129039074 ], [ -118.322277202814647, 34.019346186301718 ], [ -118.320653415725175, 34.019322246365327 ], [ -118.320682180426175, 34.017970189476991 ], [ -118.322305939714212, 34.017994129039074 ] ] ] } },
{ "type": "Feature", "properties": { "cell_id": "c0018_0038", "row": 18, "col": 38, "area_m2": 22500.0 }, "geometry": { "type": "Polygon", "coordinates": [ [ [ -118.320682180426175, 34.017970189476991 ], [ -118.320653415725175, 34.019322246365327 ], [ -118.319029629621028, 34.019298283271659 ], [ -118.319058422123376, 34.01794622675795 ], [ -118.320682180426175, 34.017970189476991 ] ] ] } },
{ "type": "Feature", "properties": { "cell_id": "c0018_0039", "row": 18, "col": 39, "area_m2": 22500.0 }, "geometry": { "type": "Polygon", "coordinates": [ [ [ -118.319058422123376, 34.01794622675795 ], [ -118.319029629621028, 34.019298283271659 ], [ -118.317405844503128, 34.019274297020694 ], [ -118.317434664806839, 34.017922240881987 ], [ -118.319058422123376, 34.01794622675795 ] ] ] } },
{ "type": "Feature", "properties": { "cell_id": "c0018_0040", "row": 18, "col": 40, "area_m2": 22500.0 }, "geometry": { "type": "Polygon", "coordinates": [ [ [ -118.317434664806839, 34.017922240881987 ], [ -118.317405844503128, 34.019274297020694 ], [ -118.315782060372484, 34.019250287612437 ], [ -118.315810908477445, 34.017898231849131 ], [ -118.317434664806839, 34.017922240881987 ] ] ] } },
{ "type": "Feature", "properties": { "cell_id": "c0018_0041", "row": 18, "col": 41, "area_m2": 22500.0 }, "geometry": { "type": "Polygon", "coordinates": [ [ [ -118.315810908477445, 34.017898231849131 ], [ -118.315782060372484, 34.019250287612437 ], [ -118.314158277229993, 34.019226255046959 ], [ -118.314187153136217, 34.01787419965936 ], [ -118.315810908477445, 34.017898231849131 ] ] ] } },
{ "type": "Feature", "properties": { "cell_id": "c0018_0042", "row": 18, "col": 42, "area_m2": 22500.0 }, "geometry": { "type": "Polygon", "coordinates": [ [ [ -118.314187153136217, 34.01787419965936 ], [ -118.314158277229993, 34.019226255046959 ], [ -118.312534495076662, 34.019202199324241 ], [ -118.312563398784022, 34.01785014431276 ], [ -118.314187153136217, 34.01787419965936 ] ] ] } },
{ "type": "Feature", "properties": { "cell_id": "c0018_0043", "row": 18, "col": 43, "area_m2": 22500.0 }, "geometry": { "type": "Polygon", "coordinates": [ [ [ -118.312563398784022, 34.01785014431276 ], [ -118.312534495076662, 34.019202199324241 ], [ -118.310910713913387, 34.019178120444323 ], [ -118.310939645421882, 34.017826065809274 ], [ -118.312563398784022, 34.01785014431276 ] ] ] } },
{ "type": "Feature", "properties": { "cell_id": "c0018_0044", "row": 18, "col": 44, "area_m2": 22500.0 }, "geometry": { "type": "Polygon", "coordinates": [ [ [ -118.310939645421882, 34.017826065809274 ], [ -118.310910713913387, 34.019178120444323 ], [ -118.309286933741163, 34.019154018407193 ], [ -118.309315893050737, 34.017801964148966 ], [ -118.310939645421882, 34.017826065809274 ] ] ] } },
{ "type": "Feature", "properties": { "cell_id": "c0018_0045", "row": 18, "col": 45, "area_m2": 22500.0 }, "geometry": { "type": "Polygon", "coordinates": [ [ [ -118.309315893050737, 34.017801964148966 ], [ -118.309286933741163, 34.019154018407193 ], [ -118.307663154560899, 34.019129893212913 ], [ -118.307692141671524, 34.017777839331849 ], [ -118.309315893050737, 34.017801964148966 ] ] ] } },
{ "type": "Feature", "properties": { "cell_id": "c0018_0046", "row": 18, "col": 46, "area_m2": 22500.0 }, "geometry": { "type": "Polygon", "coordinates": [ [ [ -118.307692141671524, 34.017777839331849 ], [ -118.307663154560899, 34.019129893212913 ], [ -118.30603937637359, 34.019105744861456 ], [ -118.306068391285194, 34.017753691357946 ], [ -118.307692141671524, 34.017777839331849 ] ] ] } },
{ "type": "Feature", "properties": { "cell_id": "c0018_0047", "row": 18, "col": 47, "area_m2": 22500.0 }, "geometry": { "type": "Polygon", "coordinates": [ [ [ -118.306068391285194, 34.017753691357946 ], [ -118.30603937637359, 34.019105744861456 ], [ -118.304415599180189, 34.019081573352885 ], [ -118.304444641892687, 34.01772952022727 ], [ -118.306068391285194, 34.017753691357946 ] ] ] } },
{ "type": "Feature", "properties": { "cell_id": "c0018_0048", "row": 18, "col": 48, "area_m2": 22500.0 }, "geometry": { "type": "Polygon", "coordinates": [ [ [ -118.304444641892687, 34.01772952022727 ], [ -118.304415599180189, 34.019081573352885 ], [ -118.30279182298159, 34.019057378687194 ], [ -118.302820893494982, 34.017705325939851 ], [ -118.304444641892687, 34.01772952022727 ] ] ] } },
{ "type": "Feature", "properties": { "cell_id": "c0018_0049", "row": 18, "col": 49, "area_m2": 22500.0 }, "geometry": { "type": "Polygon", "coordinates": [ [ [ -118.302820893494982, 34.017705325939851 ], [ -118.30279182298159, 34.019057378687194 ], [ -118.301168047778816, 34.019033160864396 ], [ -118.301197146093003, 34.017681108495701 ], [ -118.302820893494982, 34.017705325939851 ] ] ] } },
{ "type": "Feature", "properties": { "cell_id": "c0018_0050", "row": 18, "col": 50, "area_m2": 22500.0 }, "geometry": { "type": "Polygon", "coordinates": [ [ [ -118.301197146093003, 34.017681108495701 ], [ -118.301168047778816, 34.019033160864396 ], [ -118.299544273572764, 34.019008919884556 ], [ -118.299573399687745, 34.0176568678948 ], [ -118.301197146093003, 34.017681108495701 ] ] ] } },
{ "type": "Feature", "properties": { "cell_id": "c0018_0051", "row": 18, "col": 51, "area_m2": 22500.0 }, "geometry": { "type": "Polygon", "coordinates": [ [ [ -118.299573399687745, 34.0176568678948 ], [ -118.299544273572764, 34.019008919884556 ], [ -118.297920500364413, 34.018984655747623 ], [ -118.297949654280103, 34.017632604137248 ], [ -118.299573399687745, 34.0176568678948 ] ] ] } },
{ "type": "Feature", "properties": { "cell_id": "c0018_0052", "row": 18, "col": 52, "area_m2": 22500.0 }, "geometry": { "type": "Polygon", "coordinates": [ [ [ -118.297949654280103, 34.017632604137248 ], [ -118.297920500364413, 34.018984655747623 ], [ -118.296296728154715, 34.018960368453669 ], [ -118.296325909871072, 34.017608317223008 ], [ -118.297949654280103, 34.017632604137248 ] ] ] } },
{ "type": "Feature", "properties": { "cell_id": "c0018_0053", "row": 18, "col": 53, "area_m2": 22500.0 }, "geometry": { "type": "Polygon", "coordinates": [ [ [ -118.296325909871072, 34.017608317223008 ], [ -118.296296728154715, 34.018960368453669 ], [ -118.294672956944623, 34.018936058002701 ], [ -118.29470216646159, 34.017584007152102 ], [ -118.296325909871072, 34.017608317223008 ] ] ] } },
{ "type": "Feature", "properties": { "cell_id": "c0018_0054", "row": 18, "col": 54, "area_m2": 22500.0 }, "geometry": { "type": "Polygon", "coordinates": [ [ [ -118.29470216646159, 34.017584007152102 ], [ -118.294672956944623, 34.018936058002701 ], [ -118.293049186735061, 34.018911724394741 ], [ -118.293078424052595, 34.017559673924573 ], [ -118.29470216646159, 34.017584007152102 ] ] ] } },
{ "type": "Feature", "properties": { "cell_id": "c0018_0055", "row": 18, "col": 55, "area_m2": 22500.0 }, "geometry": { "type": "Polygon", "coordinates": [ [ [ -118.293078424052595, 34.017559673924573 ], [ -118.293049186735061, 34.018911724394741 ], [ -118.291425417527023, 34.018887367629787 ], [ -118.291454682645067, 34.017535317540421 ], [ -118.293078424052595, 34.017559673924573 ] ] ] } },
{ "type": "Feature", "properties": { "cell_id": "c0018_0056", "row": 18, "col": 56, "area_m2": 22500.0 }, "geometry": { "type": "Polygon", "coordinates": [ [ [ -118.291454682645067, 34.017535317540421 ], [ -118.291425417527023, 34.018887367629787 ], [ -118.289801649321433, 34.018862987707891 ], [ -118.289830942239945, 34.017510937999681 ], [ -118.291454682645067, 34.017535317540421 ] ] ] } },
{ "type": "Feature", "properties": { "cell_id": "c0018_0057", "row": 18, "col": 57, "area_m2": 22500.0 }, "geometry": { "type": "Polygon", "coordinates": [ [ [ -118.289830942239945, 34.017510937999681 ], [ -118.289801649321433, 34.018862987707891 ], [ -118.288177882119243, 34.018838584629044 ], [ -118.288207202838151, 34.017486535302353 ], [ -118.289830942239945, 34.017510937999681 ] ] ] } },
{ "type": "Feature", "properties": { "cell_id": "c0018_0058", "row": 18, "col": 58, "area_m2": 22500.0 }, "geometry": { "type": "Polygon", "coordinates": [ [ [ -118.288207202838151, 34.017486535302353 ], [ -118.288177882119243, 34.018838584629044 ], [ -118.286554115921405, 34.018814158393283 ], [ -118.286583464440668, 34.017462109448481 ], [ -118.288207202838151, 34.017486535302353 ] ] ] } },
{ "type": "Feature", "properties": { "cell_id": "c0018_0059", "row": 18, "col": 59, "area_m2": 22500.0 }, "geometry": { "type": "Polygon", "coordinates": [ [ [ -118.286583464440668, 34.017462109448481 ], [ -118.286554115921405, 34.018814158393283 ], [ -118.284930350728899, 34.018789709000629 ], [ -118.284959727048474, 34.017437660438048 ], [ -118.286583464440668, 34.017462109448481 ] ] ] } },
{ "type": "Feature", "properties": { "cell_id": "c0018_0060", "row": 18, "col": 60, "area_m2": 22500.0 }, "geometry": { "type": "Polygon", "coordinates": [ [ [ -118.284959727048474, 34.017437660438048 ], [ -118.284930350728899, 34.018789709000629 ], [ -118.283306586542636, 34.018765236451095 ], [ -118.283335990662451, 34.017413188271114 ], [ -118.284959727048474, 34.017437660438048 ] ] ] } },
{ "type": "Feature", "properties": { "cell_id": "c0018_0061", "row": 18, "col": 61, "area_m2": 22500.0 }, "geometry": { "type": "Polygon", "coordinates": [ [ [ -118.283335990662451, 34.017413188271114 ], [ -118.283306586542636, 34.018765236451095 ], [ -118.281682823363582, 34.018740740744697 ], [ -118.281712255283608, 34.017388692947698 ], [ -118.283335990662451, 34.017413188271114 ] ] ] } },
{ "type": "Feature", "properties": { "cell_id": "c0018_0062", "row": 18, "col": 62, "area_m2": 22015.426770548616 }, "geometry": { "type": "Polygon", "coordinates": [ [ [ -118.281712255283608, 34.017388692947698 ], [ -118.281682823363582, 34.018740740744697 ], [ -118.280059061192702, 34.018716221881448 ], [ -118.280077999379287, 34.017847063499566 ], [ -118.280143369733381, 34.017696983207166 ], [ -118.280283126259462, 34.017367114241551 ], [ -118.281712255283608, 34.017388692947698 ] ] ] } },
{ "type": "Feature", "properties": { "cell_id": "c0018_0063", "row": 18, "col": 63, "area_m2": 1848.7924372253947 }, "geometry": { "type": "Polygon", "coordinates": [ [ [ -118.280059061192702, 34.018716221881448 ], [ -118.279617331407749, 34.018709547737572 ], [ -118.279779991352882, 34.018438867639716 ], [ -118.279996178652496, 34.018034910428973 ], [ -118.280077999379287, 34.017847063499566 ], [ -118.280059061192702, 34.018716221881448 ] ] ] } },
{ "type": "Feature", "properties": { "cell_id": "c0019_0000", "row": 19, "col": 0, "area_m2": 3750.4687744961775 }, "geometry": { "type": "Polygon", "coordinates": [ [ [ -118.380734186232402, 34.020192601083785 ], [ -118.380973589201105, 34.020196005721154 ], [ -118.381326329904454, 34.020568625562575 ], [ -118.381383688383366, 34.020844606254769 ], [ -118.380718641648926, 34.0209503446398 ], [ -118.380734186232402, 34.020192601083785 ] ] ] } },
{ "type": "Feature", "properties": { "cell_id": "c0019_0001", "row": 19, "col": 1, "area_m2": 14957.724907129887 }, "geometry": { "type": "Polygon", "coordinates": [ [ [ -118.379110364305163, 34.020169494823122 ], [ -118.380734186232402, 34.020192601083785 ], [ -118.380718641648926, 34.0209503446398 ], [ -118.379089009314498, 34.021209428597118 ], [ -118.379110364305163, 34.020169494823122 ] ] ] } },
{ "type": "Feature", "properties": { "cell_id": "c0019_0002", "row": 19, "col": 2, "area_m2": 20041.311427297933 }, "geometry": { "type": "Polygon", "coordinates": [ [ [ -118.377458750755821, 34.021498433153823 ], [ -118.37748654332897, 34.020146365404479 ], [ -118.379110364305163, 34.020169494823122 ], [ -118.379089009314498, 34.021209428597118 ], [ -118.379034078856165, 34.021218161172982 ], [ -118.377963974277534, 34.021389479955957 ], [ -118.377964202682506, 34.021505635194728 ], [ -118.377458750755821, 34.021498433153823 ] ] ] } },
{ "type": "Feature", "properties": { "cell_id": "c0019_0003", "row": 19, "col": 3, "area_m2": 22500.0 }, "geometry": { "type": "Polygon", "coordinates": [ [ [ -118.37748654332897, 34.020146365404479 ], [ -118.377458750755821, 34.021498433153823 ], [ -118.375834902927579, 34.021475280215206 ], [ -118.375862723304792, 34.020123212827883 ], [ -118.37748654332897, 34.020146365404479 ] ] ] } },
{ "type": "Feature", "properties": { "cell_id": "c0019_0004", "row": 19, "col": 4, "area_m2": 22500.0 }, "geometry": { "type": "Polygon", "coordinates": [ [ [ -118.375862723304792, 34.020123212827883 ], [ -118.375834902927579, 34.021475280215206 ], [ -118.374211056052317, 34.021452104118246 ], [ -118.374238904233579, 34.020100037093314 ], [ -118.375862723304792, 34.020123212827883 ] ] ] } },
{ "type": "Feature", "properties": { "cell_id": "c0019_0005", "row": 19, "col": 5, "area_m2": 22500.0 }, "geometry": { "type": "Polygon", "coordinates": [ [ [ -118.374238904233579, 34.020100037093314 ], [ -118.374211056052317, 34.021452104118246 ], [ -118.372587210131044, 34.021428904863022 ], [ -118.372615086116269, 34.020076838200829 ], [ -118.374238904233579, 34.020100037093314 ] ] ] } },
{ "type": "Feature", "properties": { "cell_id": "c0019_0006", "row": 19, "col": 6, "area_m2": 22500.0 }, "geometry": { "type": "Polygon", "coordinates": [ [ [ -118.372615086116269, 34.020076838200829 ], [ -118.372587210131044, 34.021428904863022 ], [ -118.370963365164684, 34.021405682449519 ], [ -118.37099126895383, 34.020053616150413 ], [ -118.372615086116269, 34.020076838200829 ] ] ] } },
{ "type": "Feature", "properties": { "cell_id": "c0019_0007", "row": 19, "col": 7, "area_m2": 22500.0 }, "geometry": { "type": "Polygon", "coordinates": [ [ [ -118.37099126895383, 34.020053616150413 ], [ -118.370963365164684, 34.021405682449519 ], [ -118.369339521154188, 34.021382436877765 ], [ -118.369367452747213, 34.020030370942116 ], [ -118.37099126895383, 34.020053616150413 ] ] ] } },
{ "type": "Feature", "properties": { "cell_id": "c0019_0008", "row": 19, "col": 8, "area_m2": 22500.0 }, "geometry": { "type": "Polygon", "coordinates": [ [ [ -118.369367452747213, 34.020030370942116 ], [ -118.369339521154188, 34.021382436877765 ], [ -118.36771567810051, 34.021359168147768 ], [ -118.367743637497369, 34.020007102575924 ], [ -118.369367452747213, 34.020030370942116 ] ] ] } },
{ "type": "Feature", "properties": { "cell_id": "c0019_0009", "row": 19, "col": 9, "area_m2": 22500.0 }, "geometry": { "type": "Polygon", "coordinates": [ [ [ -118.367743637497369, 34.020007102575924 ], [ -118.36771567810051, 34.021359168147768 ], [ -118.3660918360046, 34.021335876259549 ], [ -118.366119823205253, 34.019983811051901 ], [ -118.367743637497369, 34.020007102575924 ] ] ] } },
{ "type": "Feature", "properties": { "cell_id": "c0019_0010", "row": 19, "col": 10, "area_m2": 22500.0 }, "geometry": { "type": "Polygon", "coordinates": [ [ [ -118.366119823205253, 34.019983811051901 ], [ -118.3660918360046, 34.021335876259549 ], [ -118.364467994867425, 34.021312561213115 ], [ -118.364496009871786, 34.019960496370039 ], [ -118.366119823205253, 34.019983811051901 ] ] ] } },
{ "type": "Feature", "properties": { "cell_id": "c0019_0011", "row": 19, "col": 11, "area_m2": 22500.0 }, "geometry": { "type": "Polygon", "coordinates": [ [ [ -118.364496009871786, 34.019960496370039 ], [ -118.364467994867425, 34.021312561213115 ], [ -118.36284415468991, 34.021289223008523 ], [ -118.362872197497964, 34.019937158530333 ], [ -118.364496009871786, 34.019960496370039 ] ] ] } },
{ "type": "Feature", "properties": { "cell_id": "c0019_0012", "row": 19, "col": 12, "area_m2": 22500.0 }, "geometry": { "type": "Polygon", "coordinates": [ [ [ -118.362872197497964, 34.019937158530333 ], [ -118.36284415468991, 34.021289223008523 ], [ -118.361220315473048, 34.021265861645752 ], [ -118.361248386084725, 34.019913797532837 ], [ -118.362872197497964, 34.019937158530333 ] ] ] } },
{ "type": "Feature", "properties": { "cell_id": "c0019_0013", "row": 19, "col": 13, "area_m2": 22500.0 }, "geometry": { "type": "Polygon", "coordinates": [ [ [ -118.361248386084725, 34.019913797532837 ], [ -118.361220315473048, 34.021265861645752 ], [ -118.359596477217721, 34.021242477124858 ], [ -118.359624575633006, 34.01989041337756 ], [ -118.361248386084725, 34.019913797532837 ] ] ] } },
{ "type": "Feature", "properties": { "cell_id": "c0019_0014", "row": 19, "col": 14, "area_m2": 22500.0 }, "geometry": { "type": "Polygon", "coordinates": [ [ [ -118.359624575633006, 34.01989041337756 ], [ -118.359596477217721, 34.021242477124858 ], [ -118.357972639924967, 34.02121906944582 ], [ -118.358000766143761, 34.019867006064516 ], [ -118.359624575633006, 34.01989041337756 ] ] ] } },
{ "type": "Feature", "properties": { "cell_id": "c0019_0015", "row": 19, "col": 15, "area_m2": 22500.0 }, "geometry": { "type": "Polygon", "coordinates": [ [ [ -118.358000766143761, 34.019867006064516 ], [ -118.357972639924967, 34.02121906944582 ], [ -118.356348803595665, 34.021195638608674 ], [ -118.356376957617954, 34.01984357559374 ], [ -118.358000766143761, 34.019867006064516 ] ] ] } },
{ "type": "Feature", "properties": { "cell_id": "c0019_0016", "row": 19, "col": 16, "area_m2": 22500.0 }, "geometry": { "type": "Polygon", "coordinates": [ [ [ -118.356376957617954, 34.01984357559374 ], [ -118.356348803595665, 34.021195638608674 ], [ -118.354724968230812, 34.021172184613441 ], [ -118.354753150056538, 34.019820121965232 ], [ -118.356376957617954, 34.01984357559374 ] ] ] } },
{ "type": "Feature", "properties": { "cell_id": "c0019_0017", "row": 19, "col": 17, "area_m2": 22500.0 }, "geometry": { "type": "Polygon", "coordinates": [ [ [ -118.354753150056538, 34.019820121965232 ], [ -118.354724968230812, 34.021172184613441 ], [ -118.353101133831345, 34.021148707460156 ], [ -118.353129343460466, 34.019796645179014 ], [ -118.354753150056538, 34.019820121965232 ] ] ] } },
{ "type": "Feature", "properties": { "cell_id": "c0019_0018", "row": 19, "col": 18, "area_m2": 22500.0 }, "geometry": { "type": "Polygon", "coordinates": [ [ [ -118.353129343460466, 34.019796645179014 ], [ -118.353101133831345, 34.021148707460156 ], [ -118.351477300398201, 34.02112520714882 ], [ -118.351505537830661, 34.019773145235106 ], [ -118.353129343460466, 34.019796645179014 ] ] ] } },
{ "type": "Feature", "properties": { "cell_id": "c0019_0019", "row": 19, "col": 19, "area_m2": 22500.0 }, "geometry": { "type": "Polygon", "coordinates": [ [ [ -118.351505537830661, 34.019773145235106 ], [ -118.351477300398201, 34.02112520714882 ], [ -118.349853467932391, 34.021101683679433 ], [ -118.349881733168118, 34.019749622133531 ], [ -118.351505537830661, 34.019773145235106 ] ] ] } },
{ "type": "Feature", "properties": { "cell_id": "c0019_0020", "row": 19, "col": 20, "area_m2": 22500.0 }, "geometry": { "type": "Polygon", "coordinates": [ [ [ -118.349881733168118, 34.019749622133531 ], [ -118.349853467932391, 34.021101683679433 ], [ -118.34822963643478, 34.021078137052037 ], [ -118.348257929473746, 34.019726075874296 ], [ -118.349881733168118, 34.019749622133531 ] ] ] } },
{ "type": "Feature", "properties": { "cell_id": "c0019_0021", "row": 19, "col": 21, "area_m2": 22500.0 }, "geometry": { "type": "Polygon", "coordinates": [ [ [ -118.348257929473746, 34.019726075874296 ], [ -118.34822963643478, 34.021078137052037 ], [ -118.346605805906378, 34.021054567266667 ], [ -118.346634126748526, 34.019702506457449 ], [ -118.348257929473746, 34.019726075874296 ] ] ] } },
{ "type": "Feature", "properties": { "cell_id": "c0019_0022", "row": 19, "col": 22, "area_m2": 22500.0 }, "geometry": { "type": "Polygon", "coordinates": [ [ [ -118.346634126748526, 34.019702506457449 ], [ -118.346605805906378, 34.021054567266667 ], [ -118.344981976348095, 34.02103097432331 ], [ -118.345010324993382, 34.019678913882977 ], [ -118.346634126748526, 34.019702506457449 ] ] ] } },
{ "type": "Feature", "properties": { "cell_id": "c0019_0023", "row": 19, "col": 23, "area_m2": 22500.0 }, "geometry": { "type": "Polygon", "coordinates": [ [ [ -118.345010324993382, 34.019678913882977 ], [ -118.344981976348095, 34.02103097432331 ], [ -118.343358147760952, 34.021007358221979 ], [ -118.343386524209322, 34.019655298150916 ], [ -118.345010324993382, 34.019678913882977 ] ] ] } },
{ "type": "Feature", "properties": { "cell_id": "c0019_0024", "row": 19, "col": 24, "area_m2": 22500.0 }, "geometry": { "type": "Polygon", "coordinates": [ [ [ -118.343386524209322, 34.019655298150916 ], [ -118.343358147760952, 34.021007358221979 ], [ -118.341734320145832, 34.020983718962746 ], [ -118.341762724397242, 34.019631659261286 ], [ -118.343386524209322, 34.019655298150916 ] ] ] } },
{ "type": "Feature", "properties": { "cell_id": "c0019_0025", "row": 19, "col": 25, "area_m2": 22500.0 }, "geometry": { "type": "Polygon", "coordinates": [ [ [ -118.341762724397242, 34.019631659261286 ], [ -118.341734320145832, 34.020983718962746 ], [ -118.340110493503715, 34.020960056545576 ], [ -118.340138925558108, 34.019607997214074 ], [ -118.341762724397242, 34.019631659261286 ] ] ] } },
{ "type": "Feature", "properties": { "cell_id": "c0019_0026", "row": 19, "col": 26, "area_m2": 22500.0 }, "geometry": { "type": "Polygon", "coordinates": [ [ [ -118.340138925558108, 34.019607997214074 ], [ -118.340110493503715, 34.020960056545576 ], [ -118.338486667835554, 34.020936370970517 ], [ -118.338515127692887, 34.01958431200935 ], [ -118.340138925558108, 34.019607997214074 ] ] ] } },
{ "type": "Feature", "properties": { "cell_id": "c0019_0027", "row": 19, "col": 27, "area_m2": 22500.0 }, "geometry": { "type": "Polygon", "coordinates": [ [ [ -118.338515127692887, 34.01958431200935 ], [ -118.338486667835554, 34.020936370970517 ], [ -118.336862843142299, 34.020912662237578 ], [ -118.336891330802516, 34.019560603647093 ], [ -118.338515127692887, 34.01958431200935 ] ] ] } },
{ "type": "Feature", "properties": { "cell_id": "c0019_0028", "row": 19, "col": 28, "area_m2": 22500.0 }, "geometry": { "type": "Polygon", "coordinates": [ [ [ -118.336891330802516, 34.019560603647093 ], [ -118.336862843142299, 34.020912662237578 ], [ -118.33523901942489, 34.020888930346779 ], [ -118.335267534887961, 34.01953687212734 ], [ -118.336891330802516, 34.019560603647093 ] ] ] } },
{ "type": "Feature", "properties": { "cell_id": "c0019_0029", "row": 19, "col": 29, "area_m2": 22500.0 }, "geometry": { "type": "Polygon", "coordinates": [ [ [ -118.335267534887961, 34.01953687212734 ], [ -118.33523901942489, 34.020888930346779 ], [ -118.333615196684292, 34.020865175298134 ], [ -118.333643739950134, 34.019513117450124 ], [ -118.335267534887961, 34.01953687212734 ] ] ] } },
{ "type": "Feature", "properties": { "cell_id": "c0019_0030", "row": 19, "col": 30, "area_m2": 22500.0 }, "geometry": { "type": "Polygon", "coordinates": [ [ [ -118.333643739950134, 34.019513117450124 ], [ -118.333615196684292, 34.020865175298134 ], [ -118.331991374921472, 34.020841397091658 ], [ -118.332019945990055, 34.019489339615433 ], [ -118.333643739950134, 34.019513117450124 ] ] ] } },
{ "type": "Feature", "properties": { "cell_id": "c0019_0031", "row": 19, "col": 31, "area_m2": 22500.0 }, "geometry": { "type": "Polygon", "coordinates": [ [ [ -118.332019945990055, 34.019489339615433 ], [ -118.331991374921472, 34.020841397091658 ], [ -118.330367554137354, 34.020817595727387 ], [ -118.330396153008607, 34.019465538623315 ], [ -118.332019945990055, 34.019489339615433 ] ] ] } },
{ "type": "Feature", "properties": { "cell_id": "c0019_0032", "row": 19, "col": 32, "area_m2": 22500.0 }, "geometry": { "type": "Polygon", "coordinates": [ [ [ -118.330396153008607, 34.019465538623315 ], [ -118.330367554137354, 34.020817595727387 ], [ -118.328743734332889, 34.020793771205334 ], [ -118.328772361006799, 34.019441714473757 ], [ -118.330396153008607, 34.019465538623315 ] ] ] } },
{ "type": "Feature", "properties": { "cell_id": "c0019_0033", "row": 19, "col": 33, "area_m2": 22500.0 }, "geometry": { "type": "Polygon", "coordinates": [ [ [ -118.328772361006799, 34.019441714473757 ], [ -118.328743734332889, 34.020793771205334 ], [ -118.327119915509059, 34.020769923525535 ], [ -118.327148569985511, 34.019417867166801 ], [ -118.328772361006799, 34.019441714473757 ] ] ] } },
{ "type": "Feature", "properties": { "cell_id": "c0019_0034", "row": 19, "col": 34, "area_m2": 22500.0 }, "geometry": { "type": "Polygon", "coordinates": [ [ [ -118.327148569985511, 34.019417867166801 ], [ -118.327119915509059, 34.020769923525535 ], [ -118.325496097666758, 34.020746052687954 ], [ -118.325524779945781, 34.019393996702469 ], [ -118.327148569985511, 34.019417867166801 ] ] ] } },
{ "type": "Feature", "properties": { "cell_id": "c0019_0035", "row": 19, "col": 35, "area_m2": 22500.0 }, "geometry": { "type": "Polygon", "coordinates": [ [ [ -118.325524779945781, 34.019393996702469 ], [ -118.325496097666758, 34.020746052687954 ], [ -118.323872280807009, 34.020722158692678 ], [ -118.323900990888504, 34.019370103080767 ], [ -118.325524779945781, 34.019393996702469 ] ] ] } },
{ "type": "Feature", "properties": { "cell_id": "c0019_0036", "row": 19, "col": 36, "area_m2": 22500.0 }, "geometry": { "type": "Polygon", "coordinates": [ [ [ -118.323900990888504, 34.019370103080767 ], [ -118.323872280807009, 34.020722158692678 ], [ -118.322248464930709, 34.020698241539655 ], [ -118.322277202814647, 34.019346186301718 ], [ -118.323900990888504, 34.019370103080767 ] ] ] } },
{ "type": "Feature", "properties": { "cell_id": "c0019_0037", "row": 19, "col": 37, "area_m2": 22500.0 }, "geometry": { "type": "Polygon", "coordinates": [ [ [ -118.322277202814647, 34.019346186301718 ], [ -118.322248464930709, 34.020698241539655 ], [ -118.320624650038852, 34.020674301228979 ], [ -118.320653415725175, 34.019322246365327 ], [ -118.322277202814647, 34.019346186301718 ] ] ] } },
{ "type": "Feature", "properties": { "cell_id": "c0019_0038", "row": 19, "col": 38, "area_m2": 22500.0 }, "geometry": { "type": "Polygon", "coordinates": [ [ [ -118.320653415725175, 34.019322246365327 ], [ -118.320624650038852, 34.020674301228979 ], [ -118.319000836132361, 34.020650337760628 ], [ -118.319029629621028, 34.019298283271659 ], [ -118.320653415725175, 34.019322246365327 ] ] ] } },
{ "type": "Feature", "properties": { "cell_id": "c0019_0039", "row": 19, "col": 39, "area_m2": 22500.0 }, "geometry": { "type": "Polygon", "coordinates": [ [ [ -118.319029629621028, 34.019298283271659 ], [ -118.319000836132361, 34.020650337760628 ], [ -118.317377023212202, 34.020626351134624 ], [ -118.317405844503128, 34.019274297020694 ], [ -118.319029629621028, 34.019298283271659 ] ] ] } },
{ "type": "Feature", "properties": { "cell_id": "c0019_0040", "row": 19, "col": 40, "area_m2": 22500.0 }, "geometry": { "type": "Polygon", "coordinates": [ [ [ -118.317405844503128, 34.019274297020694 ], [ -118.317377023212202, 34.020626351134624 ], [ -118.315753211279329, 34.020602341351001 ], [ -118.315782060372484, 34.019250287612437 ], [ -118.317405844503128, 34.019274297020694 ] ] ] } },
{ "type": "Feature", "properties": { "cell_id": "c0019_0041", "row": 19, "col": 41, "area_m2": 22500.0 }, "geometry": { "type": "Polygon", "coordinates": [ [ [ -118.315782060372484, 34.019250287612437 ], [ -118.315753211279329, 34.020602341351001 ], [ -118.314129400334679, 34.020578308409746 ], [ -118.314158277229993, 34.019226255046959 ], [ -118.315782060372484, 34.019250287612437 ] ] ] } },
{ "type": "Feature", "properties": { "cell_id": "c0019_0042", "row": 19, "col": 42, "area_m2": 22500.0 }, "geometry": { "type": "Polygon", "coordinates": [ [ [ -118.314158277229993, 34.019226255046959 ], [ -118.314129400334679, 34.020578308409746 ], [ -118.312505590379189, 34.020554252310916 ], [ -118.312534495076662, 34.019202199324241 ], [ -118.314158277229993, 34.019226255046959 ] ] ] } },
{ "type": "Feature", "properties": { "cell_id": "c0019_0043", "row": 19, "col": 43, "area_m2": 22500.0 }, "geometry": { "type": "Polygon", "coordinates": [ [ [ -118.312534495076662, 34.019202199324241 ], [ -118.312505590379189, 34.020554252310916 ], [ -118.310881781413826, 34.020530173054503 ], [ -118.310910713913387, 34.019178120444323 ], [ -118.312534495076662, 34.019202199324241 ] ] ] } },
{ "type": "Feature", "properties": { "cell_id": "c0019_0044", "row": 19, "col": 44, "area_m2": 22500.0 }, "geometry": { "type": "Polygon", "coordinates": [ [ [ -118.310910713913387, 34.019178120444323 ], [ -118.310881781413826, 34.020530173054503 ], [ -118.309257973439585, 34.020506070640536 ], [ -118.309286933741163, 34.019154018407193 ], [ -118.310910713913387, 34.019178120444323 ] ] ] } },
{ "type": "Feature", "properties": { "cell_id": "c0019_0045", "row": 19, "col": 45, "area_m2": 22500.0 }, "geometry": { "type": "Polygon", "coordinates": [ [ [ -118.309286933741163, 34.019154018407193 ], [ -118.309257973439585, 34.020506070640536 ], [ -118.307634166457362, 34.020481945069051 ], [ -118.307663154560899, 34.019129893212913 ], [ -118.309286933741163, 34.019154018407193 ] ] ] } },
{ "type": "Feature", "properties": { "cell_id": "c0019_0046", "row": 19, "col": 46, "area_m2": 22500.0 }, "geometry": { "type": "Polygon", "coordinates": [ [ [ -118.307663154560899, 34.019129893212913 ], [ -118.307634166457362, 34.020481945069051 ], [ -118.306010360468136, 34.02045779634004 ], [ -118.30603937637359, 34.019105744861456 ], [ -118.307663154560899, 34.019129893212913 ] ] ] } },
{ "type": "Feature", "properties": { "cell_id": "c0019_0047", "row": 19, "col": 47, "area_m2": 22500.0 }, "geometry": { "type": "Polygon", "coordinates": [ [ [ -118.30603937637359, 34.019105744861456 ], [ -118.306010360468136, 34.02045779634004 ], [ -118.304386555472846, 34.020433624453524 ], [ -118.304415599180189, 34.019081573352885 ], [ -118.30603937637359, 34.019105744861456 ] ] ] } },
{ "type": "Feature", "properties": { "cell_id": "c0019_0048", "row": 19, "col": 48, "area_m2": 22500.0 }, "geometry": { "type": "Polygon", "coordinates": [ [ [ -118.304415599180189, 34.019081573352885 ], [ -118.304386555472846, 34.020433624453524 ], [ -118.302762751472429, 34.020409429409554 ], [ -118.30279182298159, 34.019057378687194 ], [ -118.304415599180189, 34.019081573352885 ] ] ] } },
{ "type": "Feature", "properties": { "cell_id": "c0019_0049", "row": 19, "col": 49, "area_m2": 22500.0 }, "geometry": { "type": "Polygon", "coordinates": [ [ [ -118.30279182298159, 34.019057378687194 ], [ -118.302762751472429, 34.020409429409554 ], [ -118.30113894846788, 34.020385211208115 ], [ -118.301168047778816, 34.019033160864396 ], [ -118.30279182298159, 34.019057378687194 ] ] ] } },
{ "type": "Feature", "properties": { "cell_id": "c0019_0050", "row": 19, "col": 50, "area_m2": 22500.0 }, "geometry": { "type": "Polygon", "coordinates": [ [ [ -118.301168047778816, 34.019033160864396 ], [ -118.30113894846788, 34.020385211208115 ], [ -118.299515146460095, 34.020360969849243 ], [ -118.299544273572764, 34.019008919884556 ], [ -118.301168047778816, 34.019033160864396 ] ] ] } },
{ "type": "Feature", "properties": { "cell_id": "c0019_0051", "row": 19, "col": 51, "area_m2": 22500.0 }, "geometry": { "type": "Polygon", "coordinates": [ [ [ -118.299544273572764, 34.019008919884556 ], [ -118.299515146460095, 34.020360969849243 ], [ -118.297891345450097, 34.020336705332944 ], [ -118.297920500364413, 34.018984655747623 ], [ -118.299544273572764, 34.019008919884556 ] ] ] } },
{ "type": "Feature", "properties": { "cell_id": "c0019_0052", "row": 19, "col": 52, "area_m2": 22500.0 }, "geometry": { "type": "Polygon", "coordinates": [ [ [ -118.297920500364413, 34.018984655747623 ], [ -118.297891345450097, 34.020336705332944 ], [ -118.296267545438781, 34.020312417659269 ], [ -118.296296728154715, 34.018960368453669 ], [ -118.297920500364413, 34.018984655747623 ] ] ] } },
{ "type": "Feature", "properties": { "cell_id": "c0019_0053", "row": 19, "col": 53, "area_m2": 22500.0 }, "geometry": { "type": "Polygon", "coordinates": [ [ [ -118.296296728154715, 34.018960368453669 ], [ -118.296267545438781, 34.020312417659269 ], [ -118.294643746427113, 34.020288106828197 ], [ -118.294672956944623, 34.018936058002701 ], [ -118.296296728154715, 34.018960368453669 ] ] ] } },
{ "type": "Feature", "properties": { "cell_id": "c0019_0054", "row": 19, "col": 54, "area_m2": 22500.0 }, "geometry": { "type": "Polygon", "coordinates": [ [ [ -118.294672956944623, 34.018936058002701 ], [ -118.294643746427113, 34.020288106828197 ], [ -118.293019948416031, 34.020263772839769 ], [ -118.293049186735061, 34.018911724394741 ], [ -118.294672956944623, 34.018936058002701 ] ] ] } },
{ "type": "Feature", "properties": { "cell_id": "c0019_0055", "row": 19, "col": 55, "area_m2": 22500.0 }, "geometry": { "type": "Polygon", "coordinates": [ [ [ -118.293049186735061, 34.018911724394741 ], [ -118.293019948416031, 34.020263772839769 ], [ -118.291396151406531, 34.020239415694022 ], [ -118.291425417527023, 34.018887367629787 ], [ -118.293049186735061, 34.018911724394741 ] ] ] } },
{ "type": "Feature", "properties": { "cell_id": "c0019_0056", "row": 19, "col": 56, "area_m2": 22500.0 }, "geometry": { "type": "Polygon", "coordinates": [ [ [ -118.291425417527023, 34.018887367629787 ], [ -118.291396151406531, 34.020239415694022 ], [ -118.289772355399521, 34.020215035390919 ], [ -118.289801649321433, 34.018862987707891 ], [ -118.291425417527023, 34.018887367629787 ] ] ] } },
{ "type": "Feature", "properties": { "cell_id": "c0019_0057", "row": 19, "col": 57, "area_m2": 22500.0 }, "geometry": { "type": "Polygon", "coordinates": [ [ [ -118.289801649321433, 34.018862987707891 ], [ -118.289772355399521, 34.020215035390919 ], [ -118.288148560395982, 34.020190631930546 ], [ -118.288177882119243, 34.018838584629044 ], [ -118.289801649321433, 34.018862987707891 ] ] ] } },
{ "type": "Feature", "properties": { "cell_id": "c0019_0058", "row": 19, "col": 58, "area_m2": 22500.0 }, "geometry": { "type": "Polygon", "coordinates": [ [ [ -118.288177882119243, 34.018838584629044 ], [ -118.288148560395982, 34.020190631930546 ], [ -118.286524766396823, 34.020166205312883 ], [ -118.286554115921405, 34.018814158393283 ], [ -118.288177882119243, 34.018838584629044 ] ] ] } },
{ "type": "Feature", "properties": { "cell_id": "c0019_0059", "row": 19, "col": 59, "area_m2": 22500.0 }, "geometry": { "type": "Polygon", "coordinates": [ [ [ -118.286554115921405, 34.018814158393283 ], [ -118.286524766396823, 34.020166205312883 ], [ -118.284900973403069, 34.020141755537956 ], [ -118.284930350728899, 34.018789709000629 ], [ -118.286554115921405, 34.018814158393283 ] ] ] } },
{ "type": "Feature", "properties": { "cell_id": "c0019_0060", "row": 19, "col": 60, "area_m2": 22500.0 }, "geometry": { "type": "Polygon", "coordinates": [ [ [ -118.284930350728899, 34.018789709000629 ], [ -118.284900973403069, 34.020141755537956 ], [ -118.283277181415585, 34.020117282605781 ], [ -118.283306586542636, 34.018765236451095 ], [ -118.284930350728899, 34.018789709000629 ] ] ] } },
{ "type": "Feature", "properties": { "cell_id": "c0019_0061", "row": 19, "col": 61, "area_m2": 22500.0 }, "geometry": { "type": "Polygon", "coordinates": [ [ [ -118.283306586542636, 34.018765236451095 ], [ -118.283277181415585, 34.020117282605781 ], [ -118.281653390435395, 34.0200927865164 ], [ -118.281682823363582, 34.018740740744697 ], [ -118.283306586542636, 34.018765236451095 ] ] ] } },
{ "type": "Feature", "properties": { "cell_id": "c0019_0062", "row": 19, "col": 62, "area_m2": 22500.0 }, "geometry": { "type": "Polygon", "coordinates": [ [ [ -118.281682823363582, 34.018740740744697 ], [ -118.281653390435395, 34.0200927865164 ], [ -118.280029600463422, 34.020068267269814 ], [ -118.280059061192702, 34.018716221881448 ], [ -118.281682823363582, 34.018740740744697 ] ] ] } },
{ "type": "Feature", "properties": { "cell_id": "c0019_0063", "row": 19, "col": 63, "area_m2": 11539.685564620773 }, "geometry": { "type": "Polygon", "coordinates": [ [ [ -118.280059061192702, 34.018716221881448 ], [ -118.280029600463422, 34.020068267269814 ], [ -118.278796843419968, 34.020049637150855 ], [ -118.279140810697001, 34.019502506578107 ], [ -118.279617331407749, 34.018709547737572 ], [ -118.280059061192702, 34.018716221881448 ] ] ] } },
{ "type": "Feature", "properties": { "cell_id": "c0020_0002", "row": 20, "col": 2, "area_m2": 4192.7852808347352 }, "geometry": { "type": "Polygon", "coordinates": [ [ [ -118.377458750755821, 34.021498433153823 ], [ -118.377964202682506, 34.021505635194728 ], [ -118.377965201028061, 34.022013339151229 ], [ -118.377965248078468, 34.022036944725386 ], [ -118.377665903473755, 34.022251185027862 ], [ -118.377477987996329, 34.022659488945273 ], [ -118.377432894752616, 34.022756246225292 ], [ -118.377458750755821, 34.021498433153823 ] ] ] } },
{ "type": "Feature", "properties": { "cell_id": "c0020_0003", "row": 20, "col": 3, "area_m2": 22479.855711838773 }, "geometry": { "type": "Polygon", "coordinates": [ [ [ -118.375807081597316, 34.022827345579294 ], [ -118.375834902927579, 34.021475280215206 ], [ -118.377458750755821, 34.021498433153823 ], [ -118.377432894752616, 34.022756246225292 ], [ -118.377389245692711, 34.022849904444712 ], [ -118.375807081597316, 34.022827345579294 ] ] ] } },
{ "type": "Feature", "properties": { "cell_id": "c0020_0004", "row": 20, "col": 4, "area_m2": 22500.0 }, "geometry": { "type": "Polygon", "coordinates": [ [ [ -118.375834902927579, 34.021475280215206 ], [ -118.375807081597316, 34.022827345579294 ], [ -118.37418320691711, 34.022804169119958 ], [ -118.374211056052317, 34.021452104118246 ], [ -118.375834902927579, 34.021475280215206 ] ] ] } },
{ "type": "Feature", "properties": { "cell_id": "c0020_0005", "row": 20, "col": 5, "area_m2": 22500.0 }, "geometry": { "type": "Polygon", "coordinates": [ [ [ -118.374211056052317, 34.021452104118246 ], [ -118.37418320691711, 34.022804169119958 ], [ -118.372559333190893, 34.022780969501945 ], [ -118.372587210131044, 34.021428904863022 ], [ -118.374211056052317, 34.021452104118246 ] ] ] } },
{ "type": "Feature", "properties": { "cell_id": "c0020_0006", "row": 20, "col": 6, "area_m2": 22500.0 }, "geometry": { "type": "Polygon", "coordinates": [ [ [ -118.372587210131044, 34.021428904863022 ], [ -118.372559333190893, 34.022780969501945 ], [ -118.370935460419659, 34.022757746725347 ], [ -118.370963365164684, 34.021405682449519 ], [ -118.372587210131044, 34.021428904863022 ] ] ] } },
{ "type": "Feature", "properties": { "cell_id": "c0020_0007", "row": 20, "col": 7, "area_m2": 22500.0 }, "geometry": { "type": "Polygon", "coordinates": [ [ [ -118.370963365164684, 34.021405682449519 ], [ -118.370935460419659, 34.022757746725347 ], [ -118.369311588604333, 34.022734500790079 ], [ -118.369339521154188, 34.021382436877765 ], [ -118.370963365164684, 34.021405682449519 ] ] ] } },
{ "type": "Feature", "properties": { "cell_id": "c0020_0008", "row": 20, "col": 8, "area_m2": 22500.0 }, "geometry": { "type": "Polygon", "coordinates": [ [ [ -118.369339521154188, 34.021382436877765 ], [ -118.369311588604333, 34.022734500790079 ], [ -118.367687717745852, 34.022711231696242 ], [ -118.36771567810051, 34.021359168147768 ], [ -118.369339521154188, 34.021382436877765 ] ] ] } },
{ "type": "Feature", "properties": { "cell_id": "c0020_0009", "row": 20, "col": 9, "area_m2": 22500.0 }, "geometry": { "type": "Polygon", "coordinates": [ [ [ -118.36771567810051, 34.021359168147768 ], [ -118.367687717745852, 34.022711231696242 ], [ -118.36606384784524, 34.022687939443827 ], [ -118.3660918360046, 34.021335876259549 ], [ -118.36771567810051, 34.021359168147768 ] ] ] } },
{ "type": "Feature", "properties": { "cell_id": "c0020_0010", "row": 20, "col": 10, "area_m2": 22500.0 }, "geometry": { "type": "Polygon", "coordinates": [ [ [ -118.3660918360046, 34.021335876259549 ], [ -118.36606384784524, 34.022687939443827 ], [ -118.364439978903377, 34.022664624032828 ], [ -118.364467994867425, 34.021312561213115 ], [ -118.3660918360046, 34.021335876259549 ] ] ] } },
{ "type": "Feature", "properties": { "cell_id": "c0020_0011", "row": 20, "col": 11, "area_m2": 22500.0 }, "geometry": { "type": "Polygon", "coordinates": [ [ [ -118.364467994867425, 34.021312561213115 ], [ -118.364439978903377, 34.022664624032828 ], [ -118.362816110921216, 34.022641285463287 ], [ -118.36284415468991, 34.021289223008523 ], [ -118.364467994867425, 34.021312561213115 ] ] ] } },
{ "type": "Feature", "properties": { "cell_id": "c0020_0012", "row": 20, "col": 12, "area_m2": 22500.0 }, "geometry": { "type": "Polygon", "coordinates": [ [ [ -118.36284415468991, 34.021289223008523 ], [ -118.362816110921216, 34.022641285463287 ], [ -118.361192243899765, 34.022617923735247 ], [ -118.361220315473048, 34.021265861645752 ], [ -118.36284415468991, 34.021289223008523 ] ] ] } },
{ "type": "Feature", "properties": { "cell_id": "c0020_0013", "row": 20, "col": 13, "area_m2": 22500.0 }, "geometry": { "type": "Polygon", "coordinates": [ [ [ -118.361220315473048, 34.021265861645752 ], [ -118.361192243899765, 34.022617923735247 ], [ -118.359568377839935, 34.022594538848672 ], [ -118.359596477217721, 34.021242477124858 ], [ -118.361220315473048, 34.021265861645752 ] ] ] } },
{ "type": "Feature", "properties": { "cell_id": "c0020_0014", "row": 20, "col": 14, "area_m2": 22500.0 }, "geometry": { "type": "Polygon", "coordinates": [ [ [ -118.359596477217721, 34.021242477124858 ], [ -118.359568377839935, 34.022594538848672 ], [ -118.357944512742662, 34.022571130803627 ], [ -118.357972639924967, 34.02121906944582 ], [ -118.359596477217721, 34.021242477124858 ] ] ] } },
{ "type": "Feature", "properties": { "cell_id": "c0020_0015", "row": 20, "col": 15, "area_m2": 22500.0 }, "geometry": { "type": "Polygon", "coordinates": [ [ [ -118.357972639924967, 34.02121906944582 ], [ -118.357944512742662, 34.022571130803627 ], [ -118.356320648608929, 34.022547699600103 ], [ -118.356348803595665, 34.021195638608674 ], [ -118.357972639924967, 34.02121906944582 ] ] ] } },
{ "type": "Feature", "properties": { "cell_id": "c0020_0016", "row": 20, "col": 16, "area_m2": 22500.0 }, "geometry": { "type": "Polygon", "coordinates": [ [ [ -118.356348803595665, 34.021195638608674 ], [ -118.356320648608929, 34.022547699600103 ], [ -118.3546967854397, 34.022524245238131 ], [ -118.354724968230812, 34.021172184613441 ], [ -118.356348803595665, 34.021195638608674 ] ] ] } },
{ "type": "Feature", "properties": { "cell_id": "c0020_0017", "row": 20, "col": 17, "area_m2": 22500.0 }, "geometry": { "type": "Polygon", "coordinates": [ [ [ -118.354724968230812, 34.021172184613441 ], [ -118.3546967854397, 34.022524245238131 ], [ -118.353072923235899, 34.022500767717744 ], [ -118.353101133831345, 34.021148707460156 ], [ -118.354724968230812, 34.021172184613441 ] ] ] } },
{ "type": "Feature", "properties": { "cell_id": "c0020_0018", "row": 20, "col": 18, "area_m2": 22500.0 }, "geometry": { "type": "Polygon", "coordinates": [ [ [ -118.353101133831345, 34.021148707460156 ], [ -118.353072923235899, 34.022500767717744 ], [ -118.351449061998466, 34.02247726703893 ], [ -118.351477300398201, 34.02112520714882 ], [ -118.353101133831345, 34.021148707460156 ] ] ] } },
{ "type": "Feature", "properties": { "cell_id": "c0020_0019", "row": 20, "col": 19, "area_m2": 22500.0 }, "geometry": { "type": "Polygon", "coordinates": [ [ [ -118.351477300398201, 34.02112520714882 ], [ -118.351449061998466, 34.02247726703893 ], [ -118.349825201728393, 34.022453743201723 ], [ -118.349853467932391, 34.021101683679433 ], [ -118.351477300398201, 34.02112520714882 ] ] ] } },
{ "type": "Feature", "properties": { "cell_id": "c0020_0020", "row": 20, "col": 20, "area_m2": 22500.0 }, "geometry": { "type": "Polygon", "coordinates": [ [ [ -118.349853467932391, 34.021101683679433 ], [ -118.349825201728393, 34.022453743201723 ], [ -118.348201342426606, 34.022430196206152 ], [ -118.34822963643478, 34.021078137052037 ], [ -118.349853467932391, 34.021101683679433 ] ] ] } },
{ "type": "Feature", "properties": { "cell_id": "c0020_0021", "row": 20, "col": 21, "area_m2": 22500.0 }, "geometry": { "type": "Polygon", "coordinates": [ [ [ -118.34822963643478, 34.021078137052037 ], [ -118.348201342426606, 34.022430196206152 ], [ -118.346577484094084, 34.022406626052231 ], [ -118.346605805906378, 34.021054567266667 ], [ -118.34822963643478, 34.021078137052037 ] ] ] } },
{ "type": "Feature", "properties": { "cell_id": "c0020_0022", "row": 20, "col": 22, "area_m2": 22500.0 }, "geometry": { "type": "Polygon", "coordinates": [ [ [ -118.346605805906378, 34.021054567266667 ], [ -118.346577484094084, 34.022406626052231 ], [ -118.344953626731723, 34.02238303273996 ], [ -118.344981976348095, 34.02103097432331 ], [ -118.346605805906378, 34.021054567266667 ] ] ] } },
{ "type": "Feature", "properties": { "cell_id": "c0020_0023", "row": 20, "col": 23, "area_m2": 22500.0 }, "geometry": { "type": "Polygon", "coordinates": [ [ [ -118.344981976348095, 34.02103097432331 ], [ -118.344953626731723, 34.02238303273996 ], [ -118.343329770340517, 34.022359416269381 ], [ -118.343358147760952, 34.021007358221979 ], [ -118.344981976348095, 34.02103097432331 ] ] ] } },
{ "type": "Feature", "properties": { "cell_id": "c0020_0024", "row": 20, "col": 24, "area_m2": 22500.0 }, "geometry": { "type": "Polygon", "coordinates": [ [ [ -118.343358147760952, 34.021007358221979 ], [ -118.343329770340517, 34.022359416269381 ], [ -118.341705914921434, 34.022335776640496 ], [ -118.341734320145832, 34.020983718962746 ], [ -118.343358147760952, 34.021007358221979 ] ] ] } },
{ "type": "Feature", "properties": { "cell_id": "c0020_0025", "row": 20, "col": 25, "area_m2": 22500.0 }, "geometry": { "type": "Polygon", "coordinates": [ [ [ -118.341734320145832, 34.020983718962746 ], [ -118.341705914921434, 34.022335776640496 ], [ -118.340082060475353, 34.022312113853346 ], [ -118.340110493503715, 34.020960056545576 ], [ -118.341734320145832, 34.020983718962746 ] ] ] } },
{ "type": "Feature", "properties": { "cell_id": "c0020_0026", "row": 20, "col": 26, "area_m2": 22500.0 }, "geometry": { "type": "Polygon", "coordinates": [ [ [ -118.340110493503715, 34.020960056545576 ], [ -118.340082060475353, 34.022312113853346 ], [ -118.338458207003328, 34.022288427907903 ], [ -118.338486667835554, 34.020936370970517 ], [ -118.340110493503715, 34.020960056545576 ] ] ] } },
{ "type": "Feature", "properties": { "cell_id": "c0020_0027", "row": 20, "col": 27, "area_m2": 22500.0 }, "geometry": { "type": "Polygon", "coordinates": [ [ [ -118.338486667835554, 34.020936370970517 ], [ -118.338458207003328, 34.022288427907903 ], [ -118.336834354506223, 34.022264718804252 ], [ -118.336862843142299, 34.020912662237578 ], [ -118.338486667835554, 34.020936370970517 ] ] ] } },
{ "type": "Feature", "properties": { "cell_id": "c0020_0028", "row": 20, "col": 28, "area_m2": 22500.0 }, "geometry": { "type": "Polygon", "coordinates": [ [ [ -118.336862843142299, 34.020912662237578 ], [ -118.336834354506223, 34.022264718804252 ], [ -118.335210502985035, 34.022240986542378 ], [ -118.33523901942489, 34.020888930346779 ], [ -118.336862843142299, 34.020912662237578 ] ] ] } },
{ "type": "Feature", "properties": { "cell_id": "c0020_0029", "row": 20, "col": 29, "area_m2": 22500.0 }, "geometry": { "type": "Polygon", "coordinates": [ [ [ -118.33523901942489, 34.020888930346779 ], [ -118.335210502985035, 34.022240986542378 ], [ -118.333586652440687, 34.022217231122291 ], [ -118.333615196684292, 34.020865175298134 ], [ -118.33523901942489, 34.020888930346779 ] ] ] } },
{ "type": "Feature", "properties": { "cell_id": "c0020_0030", "row": 20, "col": 30, "area_m2": 22500.0 }, "geometry": { "type": "Polygon", "coordinates": [ [ [ -118.333615196684292, 34.020865175298134 ], [ -118.333586652440687, 34.022217231122291 ], [ -118.331962802874173, 34.022193452544009 ], [ -118.331991374921472, 34.020841397091658 ], [ -118.333615196684292, 34.020865175298134 ] ] ] } },
{ "type": "Feature", "properties": { "cell_id": "c0020_0031", "row": 20, "col": 31, "area_m2": 22500.0 }, "geometry": { "type": "Polygon", "coordinates": [ [ [ -118.331991374921472, 34.020841397091658 ], [ -118.331962802874173, 34.022193452544009 ], [ -118.330338954286432, 34.022169650807584 ], [ -118.330367554137354, 34.020817595727387 ], [ -118.331991374921472, 34.020841397091658 ] ] ] } },
{ "type": "Feature", "properties": { "cell_id": "c0020_0032", "row": 20, "col": 32, "area_m2": 22500.0 }, "geometry": { "type": "Polygon", "coordinates": [ [ [ -118.330367554137354, 34.020817595727387 ], [ -118.330338954286432, 34.022169650807584 ], [ -118.328715106678374, 34.022145825912993 ], [ -118.328743734332889, 34.020793771205334 ], [ -118.330367554137354, 34.020817595727387 ] ] ] } },
{ "type": "Feature", "properties": { "cell_id": "c0020_0033", "row": 20, "col": 33, "area_m2": 22500.0 }, "geometry": { "type": "Polygon", "coordinates": [ [ [ -118.328743734332889, 34.020793771205334 ], [ -118.328715106678374, 34.022145825912993 ], [ -118.327091260050992, 34.022121977860287 ], [ -118.327119915509059, 34.020769923525535 ], [ -118.328743734332889, 34.020793771205334 ] ] ] } },
{ "type": "Feature", "properties": { "cell_id": "c0020_0034", "row": 20, "col": 34, "area_m2": 22500.0 }, "geometry": { "type": "Polygon", "coordinates": [ [ [ -118.327119915509059, 34.020769923525535 ], [ -118.327091260050992, 34.022121977860287 ], [ -118.325467414405239, 34.022098106649473 ], [ -118.325496097666758, 34.020746052687954 ], [ -118.327119915509059, 34.020769923525535 ] ] ] } },
{ "type": "Feature", "properties": { "cell_id": "c0020_0035", "row": 20, "col": 35, "area_m2": 22500.0 }, "geometry": { "type": "Polygon", "coordinates": [ [ [ -118.325496097666758, 34.020746052687954 ], [ -118.325467414405239, 34.022098106649473 ], [ -118.323843569742053, 34.022074212280572 ], [ -118.323872280807009, 34.020722158692678 ], [ -118.325496097666758, 34.020746052687954 ] ] ] } },
{ "type": "Feature", "properties": { "cell_id": "c0020_0036", "row": 20, "col": 36, "area_m2": 22500.0 }, "geometry": { "type": "Polygon", "coordinates": [ [ [ -118.323872280807009, 34.020722158692678 ], [ -118.323843569742053, 34.022074212280572 ], [ -118.322219726062386, 34.022050294753612 ], [ -118.322248464930709, 34.020698241539655 ], [ -118.323872280807009, 34.020722158692678 ] ] ] } },
{ "type": "Feature", "properties": { "cell_id": "c0020_0037", "row": 20, "col": 37, "area_m2": 22500.0 }, "geometry": { "type": "Polygon", "coordinates": [ [ [ -118.322248464930709, 34.020698241539655 ], [ -118.322219726062386, 34.022050294753612 ], [ -118.320595883367162, 34.022026354068586 ], [ -118.320624650038852, 34.020674301228979 ], [ -118.322248464930709, 34.020698241539655 ] ] ] } },
{ "type": "Feature", "properties": { "cell_id": "c0020_0038", "row": 20, "col": 38, "area_m2": 22500.0 }, "geometry": { "type": "Polygon", "coordinates": [ [ [ -118.320624650038852, 34.020674301228979 ], [ -118.320595883367162, 34.022026354068586 ], [ -118.318972041657403, 34.022002390225538 ], [ -118.319000836132361, 34.020650337760628 ], [ -118.320624650038852, 34.020674301228979 ] ] ] } },
{ "type": "Feature", "properties": { "cell_id": "c0020_0039", "row": 20, "col": 39, "area_m2": 22500.0 }, "geometry": { "type": "Polygon", "coordinates": [ [ [ -118.319000836132361, 34.020650337760628 ], [ -118.318972041657403, 34.022002390225538 ], [ -118.317348200934006, 34.021978403224466 ], [ -118.317377023212202, 34.020626351134624 ], [ -118.319000836132361, 34.020650337760628 ] ] ] } },
{ "type": "Feature", "properties": { "cell_id": "c0020_0040", "row": 20, "col": 40, "area_m2": 22500.0 }, "geometry": { "type": "Polygon", "coordinates": [ [ [ -118.317377023212202, 34.020626351134624 ], [ -118.317348200934006, 34.021978403224466 ], [ -118.315724361197937, 34.021954393065421 ], [ -118.315753211279329, 34.020602341351001 ], [ -118.317377023212202, 34.020626351134624 ] ] ] } },
{ "type": "Feature", "properties": { "cell_id": "c0020_0041", "row": 20, "col": 41, "area_m2": 22500.0 }, "geometry": { "type": "Polygon", "coordinates": [ [ [ -118.315753211279329, 34.020602341351001 ], [ -118.315724361197937, 34.021954393065421 ], [ -118.314100522450147, 34.021930359748389 ], [ -118.314129400334679, 34.020578308409746 ], [ -118.315753211279329, 34.020602341351001 ] ] ] } },
{ "type": "Feature", "properties": { "cell_id": "c0020_0042", "row": 20, "col": 42, "area_m2": 22500.0 }, "geometry": { "type": "Polygon", "coordinates": [ [ [ -118.314129400334679, 34.020578308409746 ], [ -118.314100522450147, 34.021930359748389 ], [ -118.312476684691589, 34.021906303273425 ], [ -118.312505590379189, 34.020554252310916 ], [ -118.314129400334679, 34.020578308409746 ] ] ] } },
{ "type": "Feature", "properties": { "cell_id": "c0020_0043", "row": 20, "col": 43, "area_m2": 22500.0 }, "geometry": { "type": "Polygon", "coordinates": [ [ [ -118.312505590379189, 34.020554252310916 ], [ -118.312476684691589, 34.021906303273425 ], [ -118.310852847923215, 34.021882223640496 ], [ -118.310881781413826, 34.020530173054503 ], [ -118.312505590379189, 34.020554252310916 ] ] ] } },
{ "type": "Feature", "properties": { "cell_id": "c0020_0044", "row": 20, "col": 44, "area_m2": 22500.0 }, "geometry": { "type": "Polygon", "coordinates": [ [ [ -118.310881781413826, 34.020530173054503 ], [ -118.310852847923215, 34.021882223640496 ], [ -118.309229012145977, 34.021858120849657 ], [ -118.309257973439585, 34.020506070640536 ], [ -118.310881781413826, 34.020530173054503 ] ] ] } },
{ "type": "Feature", "properties": { "cell_id": "c0020_0045", "row": 20, "col": 45, "area_m2": 22500.0 }, "geometry": { "type": "Polygon", "coordinates": [ [ [ -118.309257973439585, 34.020506070640536 ], [ -118.309229012145977, 34.021858120849657 ], [ -118.307605177360827, 34.021833994900952 ], [ -118.307634166457362, 34.020481945069051 ], [ -118.309257973439585, 34.020506070640536 ] ] ] } },
{ "type": "Feature", "properties": { "cell_id": "c0020_0046", "row": 20, "col": 46, "area_m2": 22500.0 }, "geometry": { "type": "Polygon", "coordinates": [ [ [ -118.307634166457362, 34.020481945069051 ], [ -118.307605177360827, 34.021833994900952 ], [ -118.305981343568718, 34.021809845794344 ], [ -118.306010360468136, 34.02045779634004 ], [ -118.307634166457362, 34.020481945069051 ] ] ] } },
{ "type": "Feature", "properties": { "cell_id": "c0020_0047", "row": 20, "col": 47, "area_m2": 22500.0 }, "geometry": { "type": "Polygon", "coordinates": [ [ [ -118.306010360468136, 34.02045779634004 ], [ -118.305981343568718, 34.021809845794344 ], [ -118.304357510770586, 34.021785673529877 ], [ -118.304386555472846, 34.020433624453524 ], [ -118.306010360468136, 34.02045779634004 ] ] ] } },
{ "type": "Feature", "properties": { "cell_id": "c0020_0048", "row": 20, "col": 48, "area_m2": 22500.0 }, "geometry": { "type": "Polygon", "coordinates": [ [ [ -118.304386555472846, 34.020433624453524 ], [ -118.304357510770586, 34.021785673529877 ], [ -118.302733678967428, 34.021761478107592 ], [ -118.302762751472429, 34.020409429409554 ], [ -118.304386555472846, 34.020433624453524 ] ] ] } },
{ "type": "Feature", "properties": { "cell_id": "c0020_0049", "row": 20, "col": 49, "area_m2": 22500.0 }, "geometry": { "type": "Polygon", "coordinates": [ [ [ -118.302762751472429, 34.020409429409554 ], [ -118.302733678967428, 34.021761478107592 ], [ -118.301109848160152, 34.021737259527484 ], [ -118.30113894846788, 34.020385211208115 ], [ -118.302762751472429, 34.020409429409554 ] ] ] } },
{ "type": "Feature", "properties": { "cell_id": "c0020_0050", "row": 20, "col": 50, "area_m2": 22500.0 }, "geometry": { "type": "Polygon", "coordinates": [ [ [ -118.30113894846788, 34.020385211208115 ], [ -118.301109848160152, 34.021737259527484 ], [ -118.299486018349711, 34.021713017789558 ], [ -118.299515146460095, 34.020360969849243 ], [ -118.30113894846788, 34.020385211208115 ] ] ] } },
{ "type": "Feature", "properties": { "cell_id": "c0020_0051", "row": 20, "col": 51, "area_m2": 22500.0 }, "geometry": { "type": "Polygon", "coordinates": [ [ [ -118.299515146460095, 34.020360969849243 ], [ -118.299486018349711, 34.021713017789558 ], [ -118.297862189537057, 34.021688752893894 ], [ -118.297891345450097, 34.020336705332944 ], [ -118.299515146460095, 34.020360969849243 ] ] ] } },
{ "type": "Feature", "properties": { "cell_id": "c0020_0052", "row": 20, "col": 52, "area_m2": 22500.0 }, "geometry": { "type": "Polygon", "coordinates": [ [ [ -118.297891345450097, 34.020336705332944 ], [ -118.297862189537057, 34.021688752893894 ], [ -118.296238361723198, 34.021664464840434 ], [ -118.296267545438781, 34.020312417659269 ], [ -118.297891345450097, 34.020336705332944 ] ] ] } },
{ "type": "Feature", "properties": { "cell_id": "c0020_0053", "row": 20, "col": 53, "area_m2": 22500.0 }, "geometry": { "type": "Polygon", "coordinates": [ [ [ -118.296267545438781, 34.020312417659269 ], [ -118.296238361723198, 34.021664464840434 ], [ -118.294614534908987, 34.021640153629264 ], [ -118.294643746427113, 34.020288106828197 ], [ -118.296267545438781, 34.020312417659269 ] ] ] } },
{ "type": "Feature", "properties": { "cell_id": "c0020_0054", "row": 20, "col": 54, "area_m2": 22500.0 }, "geometry": { "type": "Polygon", "coordinates": [ [ [ -118.294643746427113, 34.020288106828197 ], [ -118.294614534908987, 34.021640153629264 ], [ -118.292990709095463, 34.02161581926034 ], [ -118.293019948416031, 34.020263772839769 ], [ -118.294643746427113, 34.020288106828197 ] ] ] } },
{ "type": "Feature", "properties": { "cell_id": "c0020_0055", "row": 20, "col": 55, "area_m2": 22500.0 }, "geometry": { "type": "Polygon", "coordinates": [ [ [ -118.293019948416031, 34.020263772839769 ], [ -118.292990709095463, 34.02161581926034 ], [ -118.291366884283534, 34.021591461733742 ], [ -118.291396151406531, 34.020239415694022 ], [ -118.293019948416031, 34.020263772839769 ] ] ] } },
{ "type": "Feature", "properties": { "cell_id": "c0020_0056", "row": 20, "col": 56, "area_m2": 22500.0 }, "geometry": { "type": "Polygon", "coordinates": [ [ [ -118.291396151406531, 34.020239415694022 ], [ -118.291366884283534, 34.021591461733742 ], [ -118.28974306047418, 34.02156708104944 ], [ -118.289772355399521, 34.020215035390919 ], [ -118.291396151406531, 34.020239415694022 ] ] ] } },
{ "type": "Feature", "properties": { "cell_id": "c0020_0057", "row": 20, "col": 57, "area_m2": 22500.0 }, "geometry": { "type": "Polygon", "coordinates": [ [ [ -118.289772355399521, 34.020215035390919 ], [ -118.28974306047418, 34.02156708104944 ], [ -118.288119237668312, 34.021542677207492 ], [ -118.288148560395982, 34.020190631930546 ], [ -118.289772355399521, 34.020215035390919 ] ] ] } },
{ "type": "Feature", "properties": { "cell_id": "c0020_0058", "row": 20, "col": 58, "area_m2": 22500.0 }, "geometry": { "type": "Polygon", "coordinates": [ [ [ -118.288148560395982, 34.020190631930546 ], [ -118.288119237668312, 34.021542677207492 ], [ -118.286495415866895, 34.021518250207897 ], [ -118.286524766396823, 34.020166205312883 ], [ -118.288148560395982, 34.020190631930546 ] ] ] } },
{ "type": "Feature", "properties": { "cell_id": "c0020_0059", "row": 20, "col": 59, "area_m2": 22500.0 }, "geometry": { "type": "Polygon", "coordinates": [ [ [ -118.286524766396823, 34.020166205312883 ], [ -118.286495415866895, 34.021518250207897 ], [ -118.284871595070911, 34.021493800050678 ], [ -118.284900973403069, 34.020141755537956 ], [ -118.286524766396823, 34.020166205312883 ] ] ] } },
{ "type": "Feature", "properties": { "cell_id": "c0020_0060", "row": 20, "col": 60, "area_m2": 22500.0 }, "geometry": { "type": "Polygon", "coordinates": [ [ [ -118.284900973403069, 34.020141755537956 ], [ -118.284871595070911, 34.021493800050678 ], [ -118.283247775281282, 34.021469326735861 ], [ -118.283277181415585, 34.020117282605781 ], [ -118.284900973403069, 34.020141755537956 ] ] ] } },
{ "type": "Feature", "properties": { "cell_id": "c0020_0061", "row": 20, "col": 61, "area_m2": 22500.0 }, "geometry": { "type": "Polygon", "coordinates": [ [ [ -118.283277181415585, 34.020117282605781 ], [ -118.283247775281282, 34.021469326735861 ], [ -118.281623956498976, 34.021444830263462 ], [ -118.281653390435395, 34.0200927865164 ], [ -118.283277181415585, 34.020117282605781 ] ] ] } },
{ "type": "Feature", "properties": { "cell_id": "c0020_0062", "row": 20, "col": 62, "area_m2": 22500.0 }, "geometry": { "type": "Polygon", "coordinates": [ [ [ -118.281653390435395, 34.0200927865164 ], [ -118.281623956498976, 34.021444830263462 ], [ -118.280000138724958, 34.021420310633502 ], [ -118.280029600463422, 34.020068267269814 ], [ -118.281653390435395, 34.0200927865164 ] ] ] } },
{ "type": "Feature", "properties": { "cell_id": "c0020_0063", "row": 20, "col": 63, "area_m2": 21230.089996056948 }, "geometry": { "type": "Polygon", "coordinates": [ [ [ -118.280029600463422, 34.020068267269814 ], [ -118.280000138724958, 34.021420310633502 ], [ -118.27837632196011, 34.021395767845981 ], [ -118.278392028008113, 34.020675679496485 ], [ -118.278757200623204, 34.020112694277579 ], [ -118.278796843419968, 34.020049637150855 ], [ -118.280029600463422, 34.020068267269814 ] ] ] } },
{ "type": "Feature", "properties": { "cell_id": "c0020_0064", "row": 20, "col": 64, "area_m2": 1597.0996010688395 }, "geometry": { "type": "Polygon", "coordinates": [ [ [ -118.27837632196011, 34.021395767845981 ], [ -118.277952985855691, 34.021389365626256 ], [ -118.278118936766461, 34.021109396194845 ], [ -118.2782062776635, 34.020962046425126 ], [ -118.278392028008113, 34.020675679496485 ], [ -118.27837632196011, 34.021395767845981 ] ] ] } },
{ "type": "Feature", "properties": { "cell_id": "c0021_0003", "row": 21, "col": 3, "area_m2": 17626.339526502987 }, "geometry": { "type": "Polygon", "coordinates": [ [ [ -118.375779259314029, 34.024179408920844 ], [ -118.375807081597316, 34.022827345579294 ], [ -118.377389245692711, 34.022849904444712 ], [ -118.376972996130078, 34.023743042755271 ], [ -118.3768365973458, 34.023867123684013 ], [ -118.376781503253426, 34.024193701681725 ], [ -118.375779259314029, 34.024179408920844 ] ] ] } },
{ "type": "Feature", "properties": { "cell_id": "c0021_0004", "row": 21, "col": 4, "area_m2": 22500.0 }, "geometry": { "type": "Polygon", "coordinates": [ [ [ -118.375807081597316, 34.022827345579294 ], [ -118.375779259314029, 34.024179408920844 ], [ -118.374155356827856, 34.024156232099088 ], [ -118.37418320691711, 34.022804169119958 ], [ -118.375807081597316, 34.022827345579294 ] ] ] } },
{ "type": "Feature", "properties": { "cell_id": "c0021_0005", "row": 21, "col": 5, "area_m2": 22500.0 }, "geometry": { "type": "Polygon", "coordinates": [ [ [ -118.37418320691711, 34.022804169119958 ], [ -118.374155356827856, 34.024156232099088 ], [ -118.372531455295785, 34.0241330321183 ], [ -118.372559333190893, 34.022780969501945 ], [ -118.37418320691711, 34.022804169119958 ] ] ] } },
{ "type": "Feature", "properties": { "cell_id": "c0021_0006", "row": 21, "col": 6, "area_m2": 22500.0 }, "geometry": { "type": "Polygon", "coordinates": [ [ [ -118.372559333190893, 34.022780969501945 ], [ -118.372531455295785, 34.0241330321183 ], [ -118.370907554718698, 34.024109808978537 ], [ -118.370935460419659, 34.022757746725347 ], [ -118.372559333190893, 34.022780969501945 ] ] ] } },
{ "type": "Feature", "properties": { "cell_id": "c0021_0007", "row": 21, "col": 7, "area_m2": 22500.0 }, "geometry": { "type": "Polygon", "coordinates": [ [ [ -118.370935460419659, 34.022757746725347 ], [ -118.370907554718698, 34.024109808978537 ], [ -118.369283655097604, 34.024086562679777 ], [ -118.369311588604333, 34.022734500790079 ], [ -118.370935460419659, 34.022757746725347 ] ] ] } },
{ "type": "Feature", "properties": { "cell_id": "c0021_0008", "row": 21, "col": 8, "area_m2": 22500.0 }, "geometry": { "type": "Polygon", "coordinates": [ [ [ -118.369311588604333, 34.022734500790079 ], [ -118.369283655097604, 34.024086562679777 ], [ -118.367659756433397, 34.024063293222056 ], [ -118.367687717745852, 34.022711231696242 ], [ -118.369311588604333, 34.022734500790079 ] ] ] } },
{ "type": "Feature", "properties": { "cell_id": "c0021_0009", "row": 21, "col": 9, "area_m2": 22500.0 }, "geometry": { "type": "Polygon", "coordinates": [ [ [ -118.367687717745852, 34.022711231696242 ], [ -118.367659756433397, 34.024063293222056 ], [ -118.366035858727074, 34.024040000605396 ], [ -118.36606384784524, 34.022687939443827 ], [ -118.367687717745852, 34.022711231696242 ] ] ] } },
{ "type": "Feature", "properties": { "cell_id": "c0021_0010", "row": 21, "col": 10, "area_m2": 22500.0 }, "geometry": { "type": "Polygon", "coordinates": [ [ [ -118.36606384784524, 34.022687939443827 ], [ -118.366035858727074, 34.024040000605396 ], [ -118.364411961979584, 34.02401668482981 ], [ -118.364439978903377, 34.022664624032828 ], [ -118.36606384784524, 34.022687939443827 ] ] ] } },
{ "type": "Feature", "properties": { "cell_id": "c0021_0011", "row": 21, "col": 11, "area_m2": 22500.0 }, "geometry": { "type": "Polygon", "coordinates": [ [ [ -118.364439978903377, 34.022664624032828 ], [ -118.364411961979584, 34.02401668482981 ], [ -118.362788066191868, 34.023993345895327 ], [ -118.362816110921216, 34.022641285463287 ], [ -118.364439978903377, 34.022664624032828 ] ] ] } },
{ "type": "Feature", "properties": { "cell_id": "c0021_0012", "row": 21, "col": 12, "area_m2": 22500.0 }, "geometry": { "type": "Polygon", "coordinates": [ [ [ -118.362816110921216, 34.022641285463287 ], [ -118.362788066191868, 34.023993345895327 ], [ -118.361164171364862, 34.023969983801955 ], [ -118.361192243899765, 34.022617923735247 ], [ -118.362816110921216, 34.022641285463287 ] ] ] } },
{ "type": "Feature", "properties": { "cell_id": "c0021_0013", "row": 21, "col": 13, "area_m2": 22500.0 }, "geometry": { "type": "Polygon", "coordinates": [ [ [ -118.361192243899765, 34.022617923735247 ], [ -118.361164171364862, 34.023969983801955 ], [ -118.359540277499534, 34.023946598549699 ], [ -118.359568377839935, 34.022594538848672 ], [ -118.361192243899765, 34.022617923735247 ] ] ] } },
{ "type": "Feature", "properties": { "cell_id": "c0021_0014", "row": 21, "col": 14, "area_m2": 22500.0 }, "geometry": { "type": "Polygon", "coordinates": [ [ [ -118.359568377839935, 34.022594538848672 ], [ -118.359540277499534, 34.023946598549699 ], [ -118.357916384596834, 34.023923190138625 ], [ -118.357944512742662, 34.022571130803627 ], [ -118.359568377839935, 34.022594538848672 ] ] ] } },
{ "type": "Feature", "properties": { "cell_id": "c0021_0015", "row": 21, "col": 15, "area_m2": 22500.0 }, "geometry": { "type": "Polygon", "coordinates": [ [ [ -118.357944512742662, 34.022571130803627 ], [ -118.357916384596834, 34.023923190138625 ], [ -118.35629249265773, 34.023899758568696 ], [ -118.356320648608929, 34.022547699600103 ], [ -118.357944512742662, 34.022571130803627 ] ] ] } },
{ "type": "Feature", "properties": { "cell_id": "c0021_0016", "row": 21, "col": 16, "area_m2": 22500.0 }, "geometry": { "type": "Polygon", "coordinates": [ [ [ -118.356320648608929, 34.022547699600103 ], [ -118.35629249265773, 34.023899758568696 ], [ -118.354668601683159, 34.02387630383997 ], [ -118.3546967854397, 34.022524245238131 ], [ -118.356320648608929, 34.022547699600103 ] ] ] } },
{ "type": "Feature", "properties": { "cell_id": "c0021_0017", "row": 21, "col": 17, "area_m2": 22500.0 }, "geometry": { "type": "Polygon", "coordinates": [ [ [ -118.3546967854397, 34.022524245238131 ], [ -118.354668601683159, 34.02387630383997 ], [ -118.353044711674059, 34.023852825952439 ], [ -118.353072923235899, 34.022500767717744 ], [ -118.3546967854397, 34.022524245238131 ] ] ] } },
{ "type": "Feature", "properties": { "cell_id": "c0021_0018", "row": 21, "col": 18, "area_m2": 22500.0 }, "geometry": { "type": "Polygon", "coordinates": [ [ [ -118.353072923235899, 34.022500767717744 ], [ -118.353044711674059, 34.023852825952439 ], [ -118.351420822631425, 34.023829324906146 ], [ -118.351449061998466, 34.02247726703893 ], [ -118.353072923235899, 34.022500767717744 ] ] ] } },
{ "type": "Feature", "properties": { "cell_id": "c0021_0019", "row": 21, "col": 19, "area_m2": 22500.0 }, "geometry": { "type": "Polygon", "coordinates": [ [ [ -118.351449061998466, 34.02247726703893 ], [ -118.351420822631425, 34.023829324906146 ], [ -118.349796934556153, 34.023805800701091 ], [ -118.349825201728393, 34.022453743201723 ], [ -118.351449061998466, 34.02247726703893 ] ] ] } },
{ "type": "Feature", "properties": { "cell_id": "c0021_0020", "row": 21, "col": 20, "area_m2": 22500.0 }, "geometry": { "type": "Polygon", "coordinates": [ [ [ -118.349825201728393, 34.022453743201723 ], [ -118.349796934556153, 34.023805800701091 ], [ -118.348173047449208, 34.023782253337316 ], [ -118.348201342426606, 34.022430196206152 ], [ -118.349825201728393, 34.022453743201723 ] ] ] } },
{ "type": "Feature", "properties": { "cell_id": "c0021_0021", "row": 21, "col": 21, "area_m2": 22500.0 }, "geometry": { "type": "Polygon", "coordinates": [ [ [ -118.348201342426606, 34.022430196206152 ], [ -118.348173047449208, 34.023782253337316 ], [ -118.346549161311586, 34.023758682814822 ], [ -118.346577484094084, 34.022406626052231 ], [ -118.348201342426606, 34.022430196206152 ] ] ] } },
{ "type": "Feature", "properties": { "cell_id": "c0021_0022", "row": 21, "col": 22, "area_m2": 22500.0 }, "geometry": { "type": "Polygon", "coordinates": [ [ [ -118.346577484094084, 34.022406626052231 ], [ -118.346549161311586, 34.023758682814822 ], [ -118.344925276144181, 34.023735089133595 ], [ -118.344953626731723, 34.02238303273996 ], [ -118.346577484094084, 34.022406626052231 ] ] ] } },
{ "type": "Feature", "properties": { "cell_id": "c0021_0023", "row": 21, "col": 23, "area_m2": 22500.0 }, "geometry": { "type": "Polygon", "coordinates": [ [ [ -118.344953626731723, 34.02238303273996 ], [ -118.344925276144181, 34.023735089133595 ], [ -118.343301391947989, 34.023711472293719 ], [ -118.343329770340517, 34.022359416269381 ], [ -118.344953626731723, 34.02238303273996 ] ] ] } },
{ "type": "Feature", "properties": { "cell_id": "c0021_0024", "row": 21, "col": 24, "area_m2": 22500.0 }, "geometry": { "type": "Polygon", "coordinates": [ [ [ -118.343329770340517, 34.022359416269381 ], [ -118.343301391947989, 34.023711472293719 ], [ -118.341677508723947, 34.023687832295195 ], [ -118.341705914921434, 34.022335776640496 ], [ -118.343329770340517, 34.022359416269381 ] ] ] } },
{ "type": "Feature", "properties": { "cell_id": "c0021_0025", "row": 21, "col": 25, "area_m2": 22500.0 }, "geometry": { "type": "Polygon", "coordinates": [ [ [ -118.341705914921434, 34.022335776640496 ], [ -118.341677508723947, 34.023687832295195 ], [ -118.340053626473008, 34.023664169138009 ], [ -118.340082060475353, 34.022312113853346 ], [ -118.341705914921434, 34.022335776640496 ] ] ] } },
{ "type": "Feature", "properties": { "cell_id": "c0021_0026", "row": 21, "col": 26, "area_m2": 22500.0 }, "geometry": { "type": "Polygon", "coordinates": [ [ [ -118.340082060475353, 34.022312113853346 ], [ -118.340053626473008, 34.023664169138009 ], [ -118.338429745196109, 34.023640482822209 ], [ -118.338458207003328, 34.022288427907903 ], [ -118.340082060475353, 34.022312113853346 ] ] ] } },
{ "type": "Feature", "properties": { "cell_id": "c0021_0027", "row": 21, "col": 27, "area_m2": 22500.0 }, "geometry": { "type": "Polygon", "coordinates": [ [ [ -118.338458207003328, 34.022288427907903 ], [ -118.338429745196109, 34.023640482822209 ], [ -118.336805864894245, 34.023616773347811 ], [ -118.336834354506223, 34.022264718804252 ], [ -118.338458207003328, 34.022288427907903 ] ] ] } },
{ "type": "Feature", "properties": { "cell_id": "c0021_0028", "row": 21, "col": 28, "area_m2": 22500.0 }, "geometry": { "type": "Polygon", "coordinates": [ [ [ -118.336834354506223, 34.022264718804252 ], [ -118.336805864894245, 34.023616773347811 ], [ -118.335181985568326, 34.023593040714815 ], [ -118.335210502985035, 34.022240986542378 ], [ -118.336834354506223, 34.022264718804252 ] ] ] } },
{ "type": "Feature", "properties": { "cell_id": "c0021_0029", "row": 21, "col": 29, "area_m2": 22500.0 }, "geometry": { "type": "Polygon", "coordinates": [ [ [ -118.335210502985035, 34.022240986542378 ], [ -118.335181985568326, 34.023593040714815 ], [ -118.333558107219289, 34.023569284923276 ], [ -118.333586652440687, 34.022217231122291 ], [ -118.335210502985035, 34.022240986542378 ] ] ] } },
{ "type": "Feature", "properties": { "cell_id": "c0021_0030", "row": 21, "col": 30, "area_m2": 22500.0 }, "geometry": { "type": "Polygon", "coordinates": [ [ [ -118.333586652440687, 34.022217231122291 ], [ -118.333558107219289, 34.023569284923276 ], [ -118.33193422984813, 34.023545505973168 ], [ -118.331962802874173, 34.022193452544009 ], [ -118.333586652440687, 34.022217231122291 ] ] ] } },
{ "type": "Feature", "properties": { "cell_id": "c0021_0031", "row": 21, "col": 31, "area_m2": 22500.0 }, "geometry": { "type": "Polygon", "coordinates": [ [ [ -118.331962802874173, 34.022193452544009 ], [ -118.33193422984813, 34.023545505973168 ], [ -118.330310353455772, 34.023521703864539 ], [ -118.330338954286432, 34.022169650807584 ], [ -118.331962802874173, 34.022193452544009 ] ] ] } },
{ "type": "Feature", "properties": { "cell_id": "c0021_0032", "row": 21, "col": 32, "area_m2": 22500.0 }, "geometry": { "type": "Polygon", "coordinates": [ [ [ -118.330338954286432, 34.022169650807584 ], [ -118.330310353455772, 34.023521703864539 ], [ -118.32868647804321, 34.023497878597411 ], [ -118.328715106678374, 34.022145825912993 ], [ -118.330338954286432, 34.022169650807584 ] ] ] } },
{ "type": "Feature", "properties": { "cell_id": "c0021_0033", "row": 21, "col": 33, "area_m2": 22500.0 }, "geometry": { "type": "Polygon", "coordinates": [ [ [ -118.328715106678374, 34.022145825912993 ], [ -118.32868647804321, 34.023497878597411 ], [ -118.327062603611353, 34.023474030171791 ], [ -118.327091260050992, 34.022121977860287 ], [ -118.328715106678374, 34.022145825912993 ] ] ] } },
{ "type": "Feature", "properties": { "cell_id": "c0021_0034", "row": 21, "col": 34, "area_m2": 22500.0 }, "geometry": { "type": "Polygon", "coordinates": [ [ [ -118.327091260050992, 34.022121977860287 ], [ -118.327062603611353, 34.023474030171791 ], [ -118.325438730161125, 34.023450158587707 ], [ -118.325467414405239, 34.022098106649473 ], [ -118.327091260050992, 34.022121977860287 ] ] ] } },
{ "type": "Feature", "properties": { "cell_id": "c0021_0035", "row": 21, "col": 35, "area_m2": 22500.0 }, "geometry": { "type": "Polygon", "coordinates": [ [ [ -118.325467414405239, 34.022098106649473 ], [ -118.325438730161125, 34.023450158587707 ], [ -118.323814857693549, 34.02342626384516 ], [ -118.323843569742053, 34.022074212280572 ], [ -118.325467414405239, 34.022098106649473 ] ] ] } },
{ "type": "Feature", "properties": { "cell_id": "c0021_0036", "row": 21, "col": 36, "area_m2": 22500.0 }, "geometry": { "type": "Polygon", "coordinates": [ [ [ -118.323843569742053, 34.022074212280572 ], [ -118.323814857693549, 34.02342626384516 ], [ -118.322190986209549, 34.023402345944206 ], [ -118.322219726062386, 34.022050294753612 ], [ -118.323843569742053, 34.022074212280572 ] ] ] } },
{ "type": "Feature", "properties": { "cell_id": "c0021_0037", "row": 21, "col": 37, "area_m2": 22500.0 }, "geometry": { "type": "Polygon", "coordinates": [ [ [ -118.322219726062386, 34.022050294753612 ], [ -118.322190986209549, 34.023402345944206 ], [ -118.320567115710048, 34.023378404884816 ], [ -118.320595883367162, 34.022026354068586 ], [ -118.322219726062386, 34.022050294753612 ] ] ] } },
{ "type": "Feature", "properties": { "cell_id": "c0021_0038", "row": 21, "col": 38, "area_m2": 22500.0 }, "geometry": { "type": "Polygon", "coordinates": [ [ [ -118.320595883367162, 34.022026354068586 ], [ -118.320567115710048, 34.023378404884816 ], [ -118.318943246196071, 34.023354440667042 ], [ -118.318972041657403, 34.022002390225538 ], [ -118.320595883367162, 34.022026354068586 ] ] ] } },
{ "type": "Feature", "properties": { "cell_id": "c0021_0039", "row": 21, "col": 39, "area_m2": 22500.0 }, "geometry": { "type": "Polygon", "coordinates": [ [ [ -118.318972041657403, 34.022002390225538 ], [ -118.318943246196071, 34.023354440667042 ], [ -118.317319377668483, 34.023330453290896 ], [ -118.317348200934006, 34.021978403224466 ], [ -118.318972041657403, 34.022002390225538 ] ] ] } },
{ "type": "Feature", "properties": { "cell_id": "c0021_0040", "row": 21, "col": 40, "area_m2": 22500.0 }, "geometry": { "type": "Polygon", "coordinates": [ [ [ -118.317348200934006, 34.021978403224466 ], [ -118.317319377668483, 34.023330453290896 ], [ -118.315695510128265, 34.023306442756407 ], [ -118.315724361197937, 34.021954393065421 ], [ -118.317348200934006, 34.021978403224466 ] ] ] } },
{ "type": "Feature", "properties": { "cell_id": "c0021_0041", "row": 21, "col": 41, "area_m2": 22500.0 }, "geometry": { "type": "Polygon", "coordinates": [ [ [ -118.315724361197937, 34.021954393065421 ], [ -118.315695510128265, 34.023306442756407 ], [ -118.314071643576398, 34.023282409063569 ], [ -118.314100522450147, 34.021930359748389 ], [ -118.315724361197937, 34.021954393065421 ] ] ] } },
{ "type": "Feature", "properties": { "cell_id": "c0021_0042", "row": 21, "col": 42, "area_m2": 22500.0 }, "geometry": { "type": "Polygon", "coordinates": [ [ [ -118.314100522450147, 34.021930359748389 ], [ -118.314071643576398, 34.023282409063569 ], [ -118.312447778013805, 34.023258352212416 ], [ -118.312476684691589, 34.021906303273425 ], [ -118.314100522450147, 34.021930359748389 ] ] ] } },
{ "type": "Feature", "properties": { "cell_id": "c0021_0043", "row": 21, "col": 43, "area_m2": 22500.0 }, "geometry": { "type": "Polygon", "coordinates": [ [ [ -118.312476684691589, 34.021906303273425 ], [ -118.312447778013805, 34.023258352212416 ], [ -118.310823913441453, 34.023234272202991 ], [ -118.310852847923215, 34.021882223640496 ], [ -118.312476684691589, 34.021906303273425 ] ] ] } },
{ "type": "Feature", "properties": { "cell_id": "c0021_0044", "row": 21, "col": 44, "area_m2": 22500.0 }, "geometry": { "type": "Polygon", "coordinates": [ [ [ -118.310852847923215, 34.021882223640496 ], [ -118.310823913441453, 34.023234272202991 ], [ -118.309200049860294, 34.023210169035259 ], [ -118.309229012145977, 34.021858120849657 ], [ -118.310852847923215, 34.021882223640496 ] ] ] } },
{ "type": "Feature", "properties": { "cell_id": "c0021_0045", "row": 21, "col": 45, "area_m2": 22500.0 }, "geometry": { "type": "Polygon", "coordinates": [ [ [ -118.309229012145977, 34.021858120849657 ], [ -118.309200049860294, 34.023210169035259 ], [ -118.307576187271266, 34.023186042709284 ], [ -118.307605177360827, 34.021833994900952 ], [ -118.309229012145977, 34.021858120849657 ] ] ] } },
{ "type": "Feature", "properties": { "cell_id": "c0021_0046", "row": 21, "col": 46, "area_m2": 22500.0 }, "geometry": { "type": "Polygon", "coordinates": [ [ [ -118.307605177360827, 34.021833994900952 ], [ -118.307576187271266, 34.023186042709284 ], [ -118.305952325675307, 34.023161893225073 ], [ -118.305981343568718, 34.021809845794344 ], [ -118.307605177360827, 34.021833994900952 ] ] ] } },
{ "type": "Feature", "properties": { "cell_id": "c0021_0047", "row": 21, "col": 47, "area_m2": 22500.0 }, "geometry": { "type": "Polygon", "coordinates": [ [ [ -118.305981343568718, 34.021809845794344 ], [ -118.305952325675307, 34.023161893225073 ], [ -118.304328465073411, 34.023137720582625 ], [ -118.304357510770586, 34.021785673529877 ], [ -118.305981343568718, 34.021809845794344 ] ] ] } },
{ "type": "Feature", "properties": { "cell_id": "c0021_0048", "row": 21, "col": 48, "area_m2": 22500.0 }, "geometry": { "type": "Polygon", "coordinates": [ [ [ -118.304357510770586, 34.021785673529877 ], [ -118.304328465073411, 34.023137720582625 ], [ -118.302704605466516, 34.023113524782005 ], [ -118.302733678967428, 34.021761478107592 ], [ -118.304357510770586, 34.021785673529877 ] ] ] } },
{ "type": "Feature", "properties": { "cell_id": "c0021_0049", "row": 21, "col": 49, "area_m2": 22500.0 }, "geometry": { "type": "Polygon", "coordinates": [ [ [ -118.302733678967428, 34.021761478107592 ], [ -118.302704605466516, 34.023113524782005 ], [ -118.301080746855547, 34.023089305823198 ], [ -118.301109848160152, 34.021737259527484 ], [ -118.302733678967428, 34.021761478107592 ] ] ] } },
{ "type": "Feature", "properties": { "cell_id": "c0021_0050", "row": 21, "col": 50, "area_m2": 22500.0 }, "geometry": { "type": "Polygon", "coordinates": [ [ [ -118.301109848160152, 34.021737259527484 ], [ -118.301080746855547, 34.023089305823198 ], [ -118.299456889241497, 34.023065063706206 ], [ -118.299486018349711, 34.021713017789558 ], [ -118.301109848160152, 34.021737259527484 ] ] ] } },
{ "type": "Feature", "properties": { "cell_id": "c0021_0051", "row": 21, "col": 51, "area_m2": 22500.0 }, "geometry": { "type": "Polygon", "coordinates": [ [ [ -118.299486018349711, 34.021713017789558 ], [ -118.299456889241497, 34.023065063706206 ], [ -118.297833032625292, 34.023040798431097 ], [ -118.297862189537057, 34.021688752893894 ], [ -118.299486018349711, 34.021713017789558 ] ] ] } },
{ "type": "Feature", "properties": { "cell_id": "c0021_0052", "row": 21, "col": 52, "area_m2": 22500.0 }, "geometry": { "type": "Polygon", "coordinates": [ [ [ -118.297862189537057, 34.021688752893894 ], [ -118.297833032625292, 34.023040798431097 ], [ -118.296209177007881, 34.023016509997888 ], [ -118.296238361723198, 34.021664464840434 ], [ -118.297862189537057, 34.021688752893894 ] ] ] } },
{ "type": "Feature", "properties": { "cell_id": "c0021_0053", "row": 21, "col": 53, "area_m2": 22500.0 }, "geometry": { "type": "Polygon", "coordinates": [ [ [ -118.296238361723198, 34.021664464840434 ], [ -118.296209177007881, 34.023016509997888 ], [ -118.294585322390219, 34.022992198406548 ], [ -118.294614534908987, 34.021640153629264 ], [ -118.296238361723198, 34.021664464840434 ] ] ] } },
{ "type": "Feature", "properties": { "cell_id": "c0021_0054", "row": 21, "col": 54, "area_m2": 22500.0 }, "geometry": { "type": "Polygon", "coordinates": [ [ [ -118.294614534908987, 34.021640153629264 ], [ -118.294585322390219, 34.022992198406548 ], [ -118.292961468773271, 34.022967863657122 ], [ -118.292990709095463, 34.02161581926034 ], [ -118.294614534908987, 34.021640153629264 ] ] ] } },
{ "type": "Feature", "properties": { "cell_id": "c0021_0055", "row": 21, "col": 55, "area_m2": 22500.0 }, "geometry": { "type": "Polygon", "coordinates": [ [ [ -118.292990709095463, 34.02161581926034 ], [ -118.292961468773271, 34.022967863657122 ], [ -118.291337616157989, 34.022943505749645 ], [ -118.291366884283534, 34.021591461733742 ], [ -118.292990709095463, 34.02161581926034 ] ] ] } },
{ "type": "Feature", "properties": { "cell_id": "c0021_0056", "row": 21, "col": 56, "area_m2": 22500.0 }, "geometry": { "type": "Polygon", "coordinates": [ [ [ -118.291366884283534, 34.021591461733742 ], [ -118.291337616157989, 34.022943505749645 ], [ -118.289713764545297, 34.02291912468413 ], [ -118.28974306047418, 34.02156708104944 ], [ -118.291366884283534, 34.021591461733742 ] ] ] } },
{ "type": "Feature", "properties": { "cell_id": "c0021_0057", "row": 21, "col": 57, "area_m2": 22500.0 }, "geometry": { "type": "Polygon", "coordinates": [ [ [ -118.28974306047418, 34.02156708104944 ], [ -118.289713764545297, 34.02291912468413 ], [ -118.288089913936176, 34.022894720460599 ], [ -118.288119237668312, 34.021542677207492 ], [ -118.28974306047418, 34.02156708104944 ] ] ] } },
{ "type": "Feature", "properties": { "cell_id": "c0021_0058", "row": 21, "col": 58, "area_m2": 22500.0 }, "geometry": { "type": "Polygon", "coordinates": [ [ [ -118.288119237668312, 34.021542677207492 ], [ -118.288089913936176, 34.022894720460599 ], [ -118.286466064331549, 34.022870293079023 ], [ -118.286495415866895, 34.021518250207897 ], [ -118.288119237668312, 34.021542677207492 ] ] ] } },
{ "type": "Feature", "properties": { "cell_id": "c0021_0059", "row": 21, "col": 59, "area_m2": 22500.0 }, "geometry": { "type": "Polygon", "coordinates": [ [ [ -118.286495415866895, 34.021518250207897 ], [ -118.286466064331549, 34.022870293079023 ], [ -118.284842215732397, 34.022845842539496 ], [ -118.284871595070911, 34.021493800050678 ], [ -118.286495415866895, 34.021518250207897 ] ] ] } },
{ "type": "Feature", "properties": { "cell_id": "c0021_0060", "row": 21, "col": 60, "area_m2": 22500.0 }, "geometry": { "type": "Polygon", "coordinates": [ [ [ -118.284871595070911, 34.021493800050678 ], [ -118.284842215732397, 34.022845842539496 ], [ -118.283218368139657, 34.022821368842003 ], [ -118.283247775281282, 34.021469326735861 ], [ -118.284871595070911, 34.021493800050678 ] ] ] } },
{ "type": "Feature", "properties": { "cell_id": "c0021_0061", "row": 21, "col": 61, "area_m2": 22500.0 }, "geometry": { "type": "Polygon", "coordinates": [ [ [ -118.283247775281282, 34.021469326735861 ], [ -118.283218368139657, 34.022821368842003 ], [ -118.281594521554311, 34.022796871986557 ], [ -118.281623956498976, 34.021444830263462 ], [ -118.283247775281282, 34.021469326735861 ] ] ] } },
{ "type": "Feature", "properties": { "cell_id": "c0021_0062", "row": 21, "col": 62, "area_m2": 22500.0 }, "geometry": { "type": "Polygon", "coordinates": [ [ [ -118.281623956498976, 34.021444830263462 ], [ -118.281594521554311, 34.022796871986557 ], [ -118.279970675977253, 34.022772351973202 ], [ -118.280000138724958, 34.021420310633502 ], [ -118.281623956498976, 34.021444830263462 ] ] ] } },
{ "type": "Feature", "properties": { "cell_id": "c0021_0063", "row": 21, "col": 63, "area_m2": 22500.0 }, "geometry": { "type": "Polygon", "coordinates": [ [ [ -118.280000138724958, 34.021420310633502 ], [ -118.279970675977253, 34.022772351973202 ], [ -118.278346831409479, 34.022747808801931 ], [ -118.27837632196011, 34.021395767845981 ], [ -118.280000138724958, 34.021420310633502 ] ] ] } },
{ "type": "Feature", "properties": { "cell_id": "c0021_0064", "row": 21, "col": 64, "area_m2": 11096.805143251819 }, "geometry": { "type": "Polygon", "coordinates": [ [ [ -118.27837632196011, 34.021395767845981 ], [ -118.278346831409479, 34.022747808801931 ], [ -118.277192819441453, 34.02273035270585 ], [ -118.277390101704043, 34.022338968703039 ], [ -118.277952985855691, 34.021389365626256 ], [ -118.27837632196011, 34.021395767845981 ] ] ] } },
{ "type": "Feature", "properties": { "cell_id": "c0022_0003", "row": 22, "col": 3, "area_m2": 12488.778505372282 }, "geometry": { "type": "Polygon", "coordinates": [ [ [ -118.375751436077621, 34.025531470240509 ], [ -118.375779259314029, 34.024179408920844 ], [ -118.376781503253426, 34.024193701681725 ], [ -118.376709627604129, 34.024619750444508 ], [ -118.376551017774759, 34.025542873578736 ], [ -118.375751436077621, 34.025531470240509 ] ] ] } },
{ "type": "Feature", "properties": { "cell_id": "c0022_0004", "row": 22, "col": 4, "area_m2": 22500.0 }, "geometry": { "type": "Polygon", "coordinates": [ [ [ -118.375779259314029, 34.024179408920844 ], [ -118.375751436077621, 34.025531470240509 ], [ -118.374127505784571, 34.025508293056291 ], [ -118.374155356827856, 34.024156232099088 ], [ -118.375779259314029, 34.024179408920844 ] ] ] } },
{ "type": "Feature", "properties": { "cell_id": "c0022_0005", "row": 22, "col": 5, "area_m2": 22500.0 }, "geometry": { "type": "Polygon", "coordinates": [ [ [ -118.374155356827856, 34.024156232099088 ], [ -118.374127505784571, 34.025508293056291 ], [ -118.372503576445652, 34.025485092712707 ], [ -118.372531455295785, 34.0241330321183 ], [ -118.374155356827856, 34.024156232099088 ] ] ] } },
{ "type": "Feature", "properties": { "cell_id": "c0022_0006", "row": 22, "col": 6, "area_m2": 22500.0 }, "geometry": { "type": "Polygon", "coordinates": [ [ [ -118.372531455295785, 34.0241330321183 ], [ -118.372503576445652, 34.025485092712707 ], [ -118.370879648061816, 34.025461869209771 ], [ -118.370907554718698, 34.024109808978537 ], [ -118.372531455295785, 34.0241330321183 ] ] ] } },
{ "type": "Feature", "properties": { "cell_id": "c0022_0007", "row": 22, "col": 7, "area_m2": 22500.0 }, "geometry": { "type": "Polygon", "coordinates": [ [ [ -118.370907554718698, 34.024109808978537 ], [ -118.370879648061816, 34.025461869209771 ], [ -118.369255720633973, 34.025438622547469 ], [ -118.369283655097604, 34.024086562679777 ], [ -118.370907554718698, 34.024109808978537 ] ] ] } },
{ "type": "Feature", "properties": { "cell_id": "c0022_0008", "row": 22, "col": 8, "area_m2": 22500.0 }, "geometry": { "type": "Polygon", "coordinates": [ [ [ -118.369283655097604, 34.024086562679777 ], [ -118.369255720633973, 34.025438622547469 ], [ -118.367631794163088, 34.025415352725851 ], [ -118.367659756433397, 34.024063293222056 ], [ -118.369283655097604, 34.024086562679777 ] ] ] } },
{ "type": "Feature", "properties": { "cell_id": "c0022_0009", "row": 22, "col": 9, "area_m2": 22500.0 }, "geometry": { "type": "Polygon", "coordinates": [ [ [ -118.367659756433397, 34.024063293222056 ], [ -118.367631794163088, 34.025415352725851 ], [ -118.366007868650115, 34.025392059744938 ], [ -118.366035858727074, 34.024040000605396 ], [ -118.367659756433397, 34.024063293222056 ] ] ] } },
{ "type": "Feature", "properties": { "cell_id": "c0022_0010", "row": 22, "col": 10, "area_m2": 22500.0 }, "geometry": { "type": "Polygon", "coordinates": [ [ [ -118.366035858727074, 34.024040000605396 ], [ -118.366007868650115, 34.025392059744938 ], [ -118.364383944096048, 34.025368743604744 ], [ -118.364411961979584, 34.02401668482981 ], [ -118.366035858727074, 34.024040000605396 ] ] ] } },
{ "type": "Feature", "properties": { "cell_id": "c0022_0011", "row": 22, "col": 11, "area_m2": 22500.0 }, "geometry": { "type": "Polygon", "coordinates": [ [ [ -118.364411961979584, 34.02401668482981 ], [ -118.364383944096048, 34.025368743604744 ], [ -118.362760020501767, 34.025345404305277 ], [ -118.362788066191868, 34.023993345895327 ], [ -118.364411961979584, 34.02401668482981 ] ] ] } },
{ "type": "Feature", "properties": { "cell_id": "c0022_0012", "row": 22, "col": 12, "area_m2": 22500.0 }, "geometry": { "type": "Polygon", "coordinates": [ [ [ -118.362788066191868, 34.023993345895327 ], [ -118.362760020501767, 34.025345404305277 ], [ -118.361136097868297, 34.025322041846557 ], [ -118.361164171364862, 34.023969983801955 ], [ -118.362788066191868, 34.023993345895327 ] ] ] } },
{ "type": "Feature", "properties": { "cell_id": "c0022_0013", "row": 22, "col": 13, "area_m2": 22500.0 }, "geometry": { "type": "Polygon", "coordinates": [ [ [ -118.361164171364862, 34.023969983801955 ], [ -118.361136097868297, 34.025322041846557 ], [ -118.359512176196517, 34.025298656228621 ], [ -118.359540277499534, 34.023946598549699 ], [ -118.361164171364862, 34.023969983801955 ] ] ] } },
{ "type": "Feature", "properties": { "cell_id": "c0022_0014", "row": 22, "col": 14, "area_m2": 22500.0 }, "geometry": { "type": "Polygon", "coordinates": [ [ [ -118.359540277499534, 34.023946598549699 ], [ -118.359512176196517, 34.025298656228621 ], [ -118.357888255487453, 34.025275247451447 ], [ -118.357916384596834, 34.023923190138625 ], [ -118.359540277499534, 34.023946598549699 ] ] ] } },
{ "type": "Feature", "properties": { "cell_id": "c0022_0015", "row": 22, "col": 15, "area_m2": 22500.0 }, "geometry": { "type": "Polygon", "coordinates": [ [ [ -118.357916384596834, 34.023923190138625 ], [ -118.357888255487453, 34.025275247451447 ], [ -118.356264335741997, 34.025251815515112 ], [ -118.35629249265773, 34.023899758568696 ], [ -118.357916384596834, 34.023923190138625 ] ] ] } },
{ "type": "Feature", "properties": { "cell_id": "c0022_0016", "row": 22, "col": 16, "area_m2": 22500.0 }, "geometry": { "type": "Polygon", "coordinates": [ [ [ -118.35629249265773, 34.023899758568696 ], [ -118.356264335741997, 34.025251815515112 ], [ -118.354640416961118, 34.025228360419597 ], [ -118.354668601683159, 34.02387630383997 ], [ -118.35629249265773, 34.023899758568696 ] ] ] } },
{ "type": "Feature", "properties": { "cell_id": "c0022_0017", "row": 22, "col": 17, "area_m2": 22500.0 }, "geometry": { "type": "Polygon", "coordinates": [ [ [ -118.354668601683159, 34.02387630383997 ], [ -118.354640416961118, 34.025228360419597 ], [ -118.353016499145809, 34.025204882164914 ], [ -118.353044711674059, 34.023852825952439 ], [ -118.354668601683159, 34.02387630383997 ] ] ] } },
{ "type": "Feature", "properties": { "cell_id": "c0022_0018", "row": 22, "col": 18, "area_m2": 22500.0 }, "geometry": { "type": "Polygon", "coordinates": [ [ [ -118.353044711674059, 34.023852825952439 ], [ -118.353016499145809, 34.025204882164914 ], [ -118.351392582296938, 34.0251813807511 ], [ -118.351420822631425, 34.023829324906146 ], [ -118.353044711674059, 34.023852825952439 ] ] ] } },
{ "type": "Feature", "properties": { "cell_id": "c0022_0019", "row": 22, "col": 19, "area_m2": 22500.0 }, "geometry": { "type": "Polygon", "coordinates": [ [ [ -118.351420822631425, 34.023829324906146 ], [ -118.351392582296938, 34.0251813807511 ], [ -118.349768666415528, 34.025157856178197 ], [ -118.349796934556153, 34.023805800701091 ], [ -118.351420822631425, 34.023829324906146 ] ] ] } },
{ "type": "Feature", "properties": { "cell_id": "c0022_0020", "row": 22, "col": 20, "area_m2": 22500.0 }, "geometry": { "type": "Polygon", "coordinates": [ [ [ -118.349796934556153, 34.023805800701091 ], [ -118.349768666415528, 34.025157856178197 ], [ -118.348144751502517, 34.025134308446162 ], [ -118.348173047449208, 34.023782253337316 ], [ -118.349796934556153, 34.023805800701091 ] ] ] } },
{ "type": "Feature", "properties": { "cell_id": "c0022_0021", "row": 22, "col": 21, "area_m2": 22500.0 }, "geometry": { "type": "Polygon", "coordinates": [ [ [ -118.348173047449208, 34.023782253337316 ], [ -118.348144751502517, 34.025134308446162 ], [ -118.346520837558842, 34.025110737555067 ], [ -118.346549161311586, 34.023758682814822 ], [ -118.348173047449208, 34.023782253337316 ] ] ] } },
{ "type": "Feature", "properties": { "cell_id": "c0022_0022", "row": 22, "col": 22, "area_m2": 22500.0 }, "geometry": { "type": "Polygon", "coordinates": [ [ [ -118.346549161311586, 34.023758682814822 ], [ -118.346520837558842, 34.025110737555067 ], [ -118.344896924585456, 34.025087143504912 ], [ -118.344925276144181, 34.023735089133595 ], [ -118.346549161311586, 34.023758682814822 ] ] ] } },
{ "type": "Feature", "properties": { "cell_id": "c0022_0023", "row": 22, "col": 23, "area_m2": 22500.0 }, "geometry": { "type": "Polygon", "coordinates": [ [ [ -118.344925276144181, 34.023735089133595 ], [ -118.344896924585456, 34.025087143504912 ], [ -118.343273012583325, 34.025063526295718 ], [ -118.343301391947989, 34.023711472293719 ], [ -118.344925276144181, 34.023735089133595 ] ] ] } },
{ "type": "Feature", "properties": { "cell_id": "c0022_0024", "row": 22, "col": 24, "area_m2": 22500.0 }, "geometry": { "type": "Polygon", "coordinates": [ [ [ -118.343301391947989, 34.023711472293719 ], [ -118.343273012583325, 34.025063526295718 ], [ -118.341649101553401, 34.025039885927491 ], [ -118.341677508723947, 34.023687832295195 ], [ -118.343301391947989, 34.023711472293719 ] ] ] } },
{ "type": "Feature", "properties": { "cell_id": "c0022_0025", "row": 22, "col": 25, "area_m2": 22500.0 }, "geometry": { "type": "Polygon", "coordinates": [ [ [ -118.341677508723947, 34.023687832295195 ], [ -118.341649101553401, 34.025039885927491 ], [ -118.340025191496608, 34.025016222400261 ], [ -118.340053626473008, 34.023664169138009 ], [ -118.341677508723947, 34.023687832295195 ] ] ] } },
{ "type": "Feature", "properties": { "cell_id": "c0022_0026", "row": 22, "col": 26, "area_m2": 22500.0 }, "geometry": { "type": "Polygon", "coordinates": [ [ [ -118.340053626473008, 34.023664169138009 ], [ -118.340025191496608, 34.025016222400261 ], [ -118.338401282413926, 34.024992535714055 ], [ -118.338429745196109, 34.023640482822209 ], [ -118.340053626473008, 34.023664169138009 ] ] ] } },
{ "type": "Feature", "properties": { "cell_id": "c0022_0027", "row": 22, "col": 27, "area_m2": 22500.0 }, "geometry": { "type": "Polygon", "coordinates": [ [ [ -118.338429745196109, 34.023640482822209 ], [ -118.338401282413926, 34.024992535714055 ], [ -118.336777374306294, 34.024968825868896 ], [ -118.336805864894245, 34.023616773347811 ], [ -118.338429745196109, 34.023640482822209 ] ] ] } },
{ "type": "Feature", "properties": { "cell_id": "c0022_0028", "row": 22, "col": 28, "area_m2": 22500.0 }, "geometry": { "type": "Polygon", "coordinates": [ [ [ -118.336805864894245, 34.023616773347811 ], [ -118.336777374306294, 34.024968825868896 ], [ -118.335153467174692, 34.024945092864762 ], [ -118.335181985568326, 34.023593040714815 ], [ -118.336805864894245, 34.023616773347811 ] ] ] } },
{ "type": "Feature", "properties": { "cell_id": "c0022_0029", "row": 22, "col": 29, "area_m2": 22500.0 }, "geometry": { "type": "Polygon", "coordinates": [ [ [ -118.335181985568326, 34.023593040714815 ], [ -118.335153467174692, 34.024945092864762 ], [ -118.333529561020029, 34.02492133670173 ], [ -118.333558107219289, 34.023569284923276 ], [ -118.335181985568326, 34.023593040714815 ] ] ] } },
{ "type": "Feature", "properties": { "cell_id": "c0022_0030", "row": 22, "col": 30, "area_m2": 22500.0 }, "geometry": { "type": "Polygon", "coordinates": [ [ [ -118.333558107219289, 34.023569284923276 ], [ -118.333529561020029, 34.02492133670173 ], [ -118.331905655843272, 34.024897557379767 ], [ -118.33193422984813, 34.023545505973168 ], [ -118.333558107219289, 34.023569284923276 ] ] ] } },
{ "type": "Feature", "properties": { "cell_id": "c0022_0031", "row": 22, "col": 31, "area_m2": 22500.0 }, "geometry": { "type": "Polygon", "coordinates": [ [ [ -118.33193422984813, 34.023545505973168 ], [ -118.331905655843272, 34.024897557379767 ], [ -118.330281751645387, 34.024873754898934 ], [ -118.330310353455772, 34.023521703864539 ], [ -118.33193422984813, 34.023545505973168 ] ] ] } },
{ "type": "Feature", "properties": { "cell_id": "c0022_0032", "row": 22, "col": 32, "area_m2": 22500.0 }, "geometry": { "type": "Polygon", "coordinates": [ [ [ -118.330310353455772, 34.023521703864539 ], [ -118.330281751645387, 34.024873754898934 ], [ -118.328657848427312, 34.024849929259226 ], [ -118.32868647804321, 34.023497878597411 ], [ -118.330310353455772, 34.023521703864539 ] ] ] } },
{ "type": "Feature", "properties": { "cell_id": "c0022_0033", "row": 22, "col": 33, "area_m2": 22500.0 }, "geometry": { "type": "Polygon", "coordinates": [ [ [ -118.32868647804321, 34.023497878597411 ], [ -118.328657848427312, 34.024849929259226 ], [ -118.327033946189999, 34.02482608046067 ], [ -118.327062603611353, 34.023474030171791 ], [ -118.32868647804321, 34.023497878597411 ] ] ] } },
{ "type": "Feature", "properties": { "cell_id": "c0022_0034", "row": 22, "col": 34, "area_m2": 22500.0 }, "geometry": { "type": "Polygon", "coordinates": [ [ [ -118.327062603611353, 34.023474030171791 ], [ -118.327033946189999, 34.02482608046067 ], [ -118.325410044934401, 34.024802208503296 ], [ -118.325438730161125, 34.023450158587707 ], [ -118.327062603611353, 34.023474030171791 ] ] ] } },
{ "type": "Feature", "properties": { "cell_id": "c0022_0035", "row": 22, "col": 35, "area_m2": 22500.0 }, "geometry": { "type": "Polygon", "coordinates": [ [ [ -118.325438730161125, 34.023450158587707 ], [ -118.325410044934401, 34.024802208503296 ], [ -118.323786144661497, 34.024778313387074 ], [ -118.323814857693549, 34.02342626384516 ], [ -118.325438730161125, 34.023450158587707 ] ] ] } },
{ "type": "Feature", "properties": { "cell_id": "c0022_0036", "row": 22, "col": 36, "area_m2": 22500.0 }, "geometry": { "type": "Polygon", "coordinates": [ [ [ -118.323814857693549, 34.02342626384516 ], [ -118.323786144661497, 34.024778313387074 ], [ -118.322162245372198, 34.024754395112097 ], [ -118.322190986209549, 34.023402345944206 ], [ -118.323814857693549, 34.02342626384516 ] ] ] } },
{ "type": "Feature", "properties": { "cell_id": "c0022_0037", "row": 22, "col": 37, "area_m2": 22500.0 }, "geometry": { "type": "Polygon", "coordinates": [ [ [ -118.322190986209549, 34.023402345944206 ], [ -118.322162245372198, 34.024754395112097 ], [ -118.320538347067483, 34.024730453678337 ], [ -118.320567115710048, 34.023378404884816 ], [ -118.322190986209549, 34.023402345944206 ] ] ] } },
{ "type": "Feature", "properties": { "cell_id": "c0022_0038", "row": 22, "col": 38, "area_m2": 22500.0 }, "geometry": { "type": "Polygon", "coordinates": [ [ [ -118.320567115710048, 34.023378404884816 ], [ -118.320538347067483, 34.024730453678337 ], [ -118.318914449748263, 34.024706489085801 ], [ -118.318943246196071, 34.023354440667042 ], [ -118.320567115710048, 34.023378404884816 ] ] ] } },
{ "type": "Feature", "properties": { "cell_id": "c0022_0039", "row": 22, "col": 39, "area_m2": 22500.0 }, "geometry": { "type": "Polygon", "coordinates": [ [ [ -118.318943246196071, 34.023354440667042 ], [ -118.318914449748263, 34.024706489085801 ], [ -118.31729055341556, 34.024682501334546 ], [ -118.317319377668483, 34.023330453290896 ], [ -118.318943246196071, 34.023354440667042 ] ] ] } },
{ "type": "Feature", "properties": { "cell_id": "c0022_0040", "row": 22, "col": 40, "area_m2": 22500.0 }, "geometry": { "type": "Polygon", "coordinates": [ [ [ -118.317319377668483, 34.023330453290896 ], [ -118.31729055341556, 34.024682501334546 ], [ -118.315666658070285, 34.024658490424599 ], [ -118.315695510128265, 34.023306442756407 ], [ -118.317319377668483, 34.023330453290896 ] ] ] } },
{ "type": "Feature", "properties": { "cell_id": "c0022_0041", "row": 22, "col": 41, "area_m2": 22500.0 }, "geometry": { "type": "Polygon", "coordinates": [ [ [ -118.315695510128265, 34.023306442756407 ], [ -118.315666658070285, 34.024658490424599 ], [ -118.31404276371336, 34.024634456355919 ], [ -118.314071643576398, 34.023282409063569 ], [ -118.315695510128265, 34.023306442756407 ] ] ] } },
{ "type": "Feature", "properties": { "cell_id": "c0022_0042", "row": 22, "col": 42, "area_m2": 22500.0 }, "geometry": { "type": "Polygon", "coordinates": [ [ [ -118.314071643576398, 34.023282409063569 ], [ -118.31404276371336, 34.024634456355919 ], [ -118.312418870345795, 34.024610399128584 ], [ -118.312447778013805, 34.023258352212416 ], [ -118.314071643576398, 34.023282409063569 ] ] ] } },
{ "type": "Feature", "properties": { "cell_id": "c0022_0043", "row": 22, "col": 43, "area_m2": 22500.0 }, "geometry": { "type": "Polygon", "coordinates": [ [ [ -118.312447778013805, 34.023258352212416 ], [ -118.312418870345795, 34.024610399128584 ], [ -118.310794977968513, 34.024586318742585 ], [ -118.310823913441453, 34.023234272202991 ], [ -118.312447778013805, 34.023258352212416 ] ] ] } },
{ "type": "Feature", "properties": { "cell_id": "c0022_0044", "row": 22, "col": 44, "area_m2": 22500.0 }, "geometry": { "type": "Polygon", "coordinates": [ [ [ -118.310823913441453, 34.023234272202991 ], [ -118.310794977968513, 34.024586318742585 ], [ -118.309171086582452, 34.024562215197953 ], [ -118.309200049860294, 34.023210169035259 ], [ -118.310823913441453, 34.023234272202991 ] ] ] } },
{ "type": "Feature", "properties": { "cell_id": "c0022_0045", "row": 22, "col": 45, "area_m2": 22500.0 }, "geometry": { "type": "Polygon", "coordinates": [ [ [ -118.309200049860294, 34.023210169035259 ], [ -118.309171086582452, 34.024562215197953 ], [ -118.30754719618858, 34.024538088494701 ], [ -118.307576187271266, 34.023186042709284 ], [ -118.309200049860294, 34.023210169035259 ] ] ] } },
{ "type": "Feature", "properties": { "cell_id": "c0022_0046", "row": 22, "col": 46, "area_m2": 22500.0 }, "geometry": { "type": "Polygon", "coordinates": [ [ [ -118.307576187271266, 34.023186042709284 ], [ -118.30754719618858, 34.024538088494701 ], [ -118.305923306787861, 34.024513938632843 ], [ -118.305952325675307, 34.023161893225073 ], [ -118.307576187271266, 34.023186042709284 ] ] ] } },
{ "type": "Feature", "properties": { "cell_id": "c0022_0047", "row": 22, "col": 47, "area_m2": 22500.0 }, "geometry": { "type": "Polygon", "coordinates": [ [ [ -118.305952325675307, 34.023161893225073 ], [ -118.305923306787861, 34.024513938632843 ], [ -118.304299418381248, 34.024489765612408 ], [ -118.304328465073411, 34.023137720582625 ], [ -118.305952325675307, 34.023161893225073 ] ] ] } },
{ "type": "Feature", "properties": { "cell_id": "c0022_0048", "row": 22, "col": 48, "area_m2": 22500.0 }, "geometry": { "type": "Polygon", "coordinates": [ [ [ -118.304328465073411, 34.023137720582625 ], [ -118.304299418381248, 34.024489765612408 ], [ -118.30267553096968, 34.024465569433403 ], [ -118.302704605466516, 34.023113524782005 ], [ -118.304328465073411, 34.023137720582625 ] ] ] } },
{ "type": "Feature", "properties": { "cell_id": "c0022_0049", "row": 22, "col": 49, "area_m2": 22500.0 }, "geometry": { "type": "Polygon", "coordinates": [ [ [ -118.302704605466516, 34.023113524782005 ], [ -118.30267553096968, 34.024465569433403 ], [ -118.301051644554093, 34.024441350095877 ], [ -118.301080746855547, 34.023089305823198 ], [ -118.302704605466516, 34.023113524782005 ] ] ] } },
{ "type": "Feature", "properties": { "cell_id": "c0022_0050", "row": 22, "col": 50, "area_m2": 22500.0 }, "geometry": { "type": "Polygon", "coordinates": [ [ [ -118.301080746855547, 34.023089305823198 ], [ -118.301051644554093, 34.024441350095877 ], [ -118.29942775913544, 34.024417107599824 ], [ -118.299456889241497, 34.023065063706206 ], [ -118.301080746855547, 34.023089305823198 ] ] ] } },
{ "type": "Feature", "properties": { "cell_id": "c0022_0051", "row": 22, "col": 51, "area_m2": 22500.0 }, "geometry": { "type": "Polygon", "coordinates": [ [ [ -118.299456889241497, 34.023065063706206 ], [ -118.29942775913544, 34.024417107599824 ], [ -118.297803874714702, 34.024392841945264 ], [ -118.297833032625292, 34.023040798431097 ], [ -118.299456889241497, 34.023065063706206 ] ] ] } },
{ "type": "Feature", "properties": { "cell_id": "c0022_0052", "row": 22, "col": 52, "area_m2": 22500.0 }, "geometry": { "type": "Polygon", "coordinates": [ [ [ -118.297833032625292, 34.023040798431097 ], [ -118.297803874714702, 34.024392841945264 ], [ -118.296179991292817, 34.024368553132213 ], [ -118.296209177007881, 34.023016509997888 ], [ -118.297833032625292, 34.023040798431097 ] ] ] } },
{ "type": "Feature", "properties": { "cell_id": "c0022_0053", "row": 22, "col": 53, "area_m2": 22500.0 }, "geometry": { "type": "Polygon", "coordinates": [ [ [ -118.296209177007881, 34.023016509997888 ], [ -118.296179991292817, 34.024368553132213 ], [ -118.294556108870736, 34.024344241160712 ], [ -118.294585322390219, 34.022992198406548 ], [ -118.296209177007881, 34.023016509997888 ] ] ] } },
{ "type": "Feature", "properties": { "cell_id": "c0022_0054", "row": 22, "col": 54, "area_m2": 22500.0 }, "geometry": { "type": "Polygon", "coordinates": [ [ [ -118.294585322390219, 34.022992198406548 ], [ -118.294556108870736, 34.024344241160712 ], [ -118.292932227449413, 34.024319906030769 ], [ -118.292961468773271, 34.022967863657122 ], [ -118.294585322390219, 34.022992198406548 ] ] ] } },
{ "type": "Feature", "properties": { "cell_id": "c0022_0055", "row": 22, "col": 55, "area_m2": 22500.0 }, "geometry": { "type": "Polygon", "coordinates": [ [ [ -118.292961468773271, 34.022967863657122 ], [ -118.292932227449413, 34.024319906030769 ], [ -118.291308347029812, 34.024295547742398 ], [ -118.291337616157989, 34.022943505749645 ], [ -118.292961468773271, 34.022967863657122 ] ] ] } },
{ "type": "Feature", "properties": { "cell_id": "c0022_0056", "row": 22, "col": 56, "area_m2": 22500.0 }, "geometry": { "type": "Polygon", "coordinates": [ [ [ -118.291337616157989, 34.022943505749645 ], [ -118.291308347029812, 34.024295547742398 ], [ -118.289684467612858, 34.02427116629562 ], [ -118.289713764545297, 34.02291912468413 ], [ -118.291337616157989, 34.022943505749645 ] ] ] } },
{ "type": "Feature", "properties": { "cell_id": "c0022_0057", "row": 22, "col": 57, "area_m2": 22500.0 }, "geometry": { "type": "Polygon", "coordinates": [ [ [ -118.289713764545297, 34.02291912468413 ], [ -118.289684467612858, 34.02427116629562 ], [ -118.288060589199517, 34.024246761690442 ], [ -118.288089913936176, 34.022894720460599 ], [ -118.289713764545297, 34.02291912468413 ] ] ] } },
{ "type": "Feature", "properties": { "cell_id": "c0022_0058", "row": 22, "col": 58, "area_m2": 22500.0 }, "geometry": { "type": "Polygon", "coordinates": [ [ [ -118.288089913936176, 34.022894720460599 ], [ -118.288060589199517, 34.024246761690442 ], [ -118.286436711790728, 34.024222333926915 ], [ -118.286466064331549, 34.022870293079023 ], [ -118.288089913936176, 34.022894720460599 ] ] ] } },
{ "type": "Feature", "properties": { "cell_id": "c0022_0059", "row": 22, "col": 59, "area_m2": 22500.0 }, "geometry": { "type": "Polygon", "coordinates": [ [ [ -118.286466064331549, 34.022870293079023 ], [ -118.286436711790728, 34.024222333926915 ], [ -118.284812835387484, 34.024197883005051 ], [ -118.284842215732397, 34.022845842539496 ], [ -118.286466064331549, 34.022870293079023 ] ] ] } },
{ "type": "Feature", "properties": { "cell_id": "c0022_0060", "row": 22, "col": 60, "area_m2": 22500.0 }, "geometry": { "type": "Polygon", "coordinates": [ [ [ -118.284842215732397, 34.022845842539496 ], [ -118.284812835387484, 34.024197883005051 ], [ -118.283188959990696, 34.02417340892486 ], [ -118.283218368139657, 34.022821368842003 ], [ -118.284842215732397, 34.022845842539496 ] ] ] } },
{ "type": "Feature", "properties": { "cell_id": "c0022_0061", "row": 22, "col": 61, "area_m2": 22500.0 }, "geometry": { "type": "Polygon", "coordinates": [ [ [ -118.283218368139657, 34.022821368842003 ], [ -118.283188959990696, 34.02417340892486 ], [ -118.281565085601301, 34.024148911686346 ], [ -118.281594521554311, 34.022796871986557 ], [ -118.283218368139657, 34.022821368842003 ] ] ] } },
{ "type": "Feature", "properties": { "cell_id": "c0022_0062", "row": 22, "col": 62, "area_m2": 22500.0 }, "geometry": { "type": "Polygon", "coordinates": [ [ [ -118.281594521554311, 34.022796871986557 ], [ -118.281565085601301, 34.024148911686346 ], [ -118.279941212220308, 34.024124391289554 ], [ -118.279970675977253, 34.022772351973202 ], [ -118.281594521554311, 34.022796871986557 ] ] ] } },
{ "type": "Feature", "properties": { "cell_id": "c0022_0063", "row": 22, "col": 63, "area_m2": 22500.0 }, "geometry": { "type": "Polygon", "coordinates": [ [ [ -118.279970675977253, 34.022772351973202 ], [ -118.279941212220308, 34.024124391289554 ], [ -118.278317339848641, 34.024099847734512 ], [ -118.278346831409479, 34.022747808801931 ], [ -118.279970675977253, 34.022772351973202 ] ] ] } },
{ "type": "Feature", "properties": { "cell_id": "c0022_0064", "row": 22, "col": 64, "area_m2": 20136.580477576161 }, "geometry": { "type": "Polygon", "coordinates": [ [ [ -118.278346831409479, 34.022747808801931 ], [ -118.278317339848641, 34.024099847734512 ], [ -118.276693468487224, 34.02407528102119 ], [ -118.276701557839658, 34.02370477933524 ], [ -118.276702413131005, 34.023703240124142 ], [ -118.277192819441453, 34.02273035270585 ], [ -118.278346831409479, 34.022747808801931 ] ] ] } },
{ "type": "Feature", "properties": { "cell_id": "c0022_0065", "row": 22, "col": 65, "area_m2": 372.36138753050807 }, "geometry": { "type": "Polygon", "coordinates": [ [ [ -118.276693468487224, 34.02407528102119 ], [ -118.276497330263311, 34.024072312178518 ], [ -118.276701557839658, 34.02370477933524 ], [ -118.276693468487224, 34.02407528102119 ] ] ] } },
{ "type": "Feature", "properties": { "cell_id": "c0023_0003", "row": 23, "col": 3, "area_m2": 15173.546344516024 }, "geometry": { "type": "Polygon", "coordinates": [ [ [ -118.375723611888034, 34.026883529538914 ], [ -118.375751436077621, 34.025531470240509 ], [ -118.376551017774759, 34.025542873578736 ], [ -118.376487721400068, 34.025911257686232 ], [ -118.376926192595178, 34.02617437296589 ], [ -118.377101387955435, 34.02623668339389 ], [ -118.377020882840114, 34.026681060388789 ], [ -118.376976186790301, 34.026856254135275 ], [ -118.3769647133348, 34.026901227234703 ], [ -118.375723611888034, 34.026883529538914 ] ] ] } },
{ "type": "Feature", "properties": { "cell_id": "c0023_0004", "row": 23, "col": 4, "area_m2": 22500.0 }, "geometry": { "type": "Polygon", "coordinates": [ [ [ -118.375751436077621, 34.025531470240509 ], [ -118.375723611888034, 34.026883529538914 ], [ -118.374099653787184, 34.026860351992234 ], [ -118.374127505784571, 34.025508293056291 ], [ -118.375751436077621, 34.025531470240509 ] ] ] } },
{ "type": "Feature", "properties": { "cell_id": "c0023_0005", "row": 23, "col": 5, "area_m2": 22500.0 }, "geometry": { "type": "Polygon", "coordinates": [ [ [ -118.374127505784571, 34.025508293056291 ], [ -118.374099653787184, 34.026860351992234 ], [ -118.372475696640493, 34.026837151285804 ], [ -118.372503576445652, 34.025485092712707 ], [ -118.374127505784571, 34.025508293056291 ] ] ] } },
{ "type": "Feature", "properties": { "cell_id": "c0023_0006", "row": 23, "col": 6, "area_m2": 22500.0 }, "geometry": { "type": "Polygon", "coordinates": [ [ [ -118.372503576445652, 34.025485092712707 ], [ -118.372475696640493, 34.026837151285804 ], [ -118.37085174044887, 34.026813927419674 ], [ -118.370879648061816, 34.025461869209771 ], [ -118.372503576445652, 34.025485092712707 ] ] ] } },
{ "type": "Feature", "properties": { "cell_id": "c0023_0007", "row": 23, "col": 7, "area_m2": 22500.0 }, "geometry": { "type": "Polygon", "coordinates": [ [ [ -118.370879648061816, 34.025461869209771 ], [ -118.37085174044887, 34.026813927419674 ], [ -118.36922778521334, 34.02679068039383 ], [ -118.369255720633973, 34.025438622547469 ], [ -118.370879648061816, 34.025461869209771 ] ] ] } },
{ "type": "Feature", "properties": { "cell_id": "c0023_0008", "row": 23, "col": 8, "area_m2": 22500.0 }, "geometry": { "type": "Polygon", "coordinates": [ [ [ -118.369255720633973, 34.025438622547469 ], [ -118.36922778521334, 34.02679068039383 ], [ -118.367603830934854, 34.026767410208301 ], [ -118.367631794163088, 34.025415352725851 ], [ -118.369255720633973, 34.025438622547469 ] ] ] } },
{ "type": "Feature", "properties": { "cell_id": "c0023_0009", "row": 23, "col": 9, "area_m2": 22500.0 }, "geometry": { "type": "Polygon", "coordinates": [ [ [ -118.367631794163088, 34.025415352725851 ], [ -118.367603830934854, 34.026767410208301 ], [ -118.365979877614294, 34.026744116863085 ], [ -118.366007868650115, 34.025392059744938 ], [ -118.367631794163088, 34.025415352725851 ] ] ] } },
{ "type": "Feature", "properties": { "cell_id": "c0023_0010", "row": 23, "col": 10, "area_m2": 22500.0 }, "geometry": { "type": "Polygon", "coordinates": [ [ [ -118.366007868650115, 34.025392059744938 ], [ -118.365979877614294, 34.026744116863085 ], [ -118.364355925252681, 34.026720800358255 ], [ -118.364383944096048, 34.025368743604744 ], [ -118.366007868650115, 34.025392059744938 ] ] ] } },
{ "type": "Feature", "properties": { "cell_id": "c0023_0011", "row": 23, "col": 11, "area_m2": 22500.0 }, "geometry": { "type": "Polygon", "coordinates": [ [ [ -118.364383944096048, 34.025368743604744 ], [ -118.364355925252681, 34.026720800358255 ], [ -118.362731973850913, 34.026697460693789 ], [ -118.362760020501767, 34.025345404305277 ], [ -118.364383944096048, 34.025368743604744 ] ] ] } },
{ "type": "Feature", "properties": { "cell_id": "c0023_0012", "row": 23, "col": 12, "area_m2": 22500.0 }, "geometry": { "type": "Polygon", "coordinates": [ [ [ -118.362760020501767, 34.025345404305277 ], [ -118.362731973850913, 34.026697460693789 ], [ -118.361108023409997, 34.026674097869702 ], [ -118.361136097868297, 34.025322041846557 ], [ -118.362760020501767, 34.025345404305277 ] ] ] } },
{ "type": "Feature", "properties": { "cell_id": "c0023_0013", "row": 23, "col": 13, "area_m2": 22500.0 }, "geometry": { "type": "Polygon", "coordinates": [ [ [ -118.361136097868297, 34.025322041846557 ], [ -118.361108023409997, 34.026674097869702 ], [ -118.35948407393083, 34.026650711886035 ], [ -118.359512176196517, 34.025298656228621 ], [ -118.361136097868297, 34.025322041846557 ] ] ] } },
{ "type": "Feature", "properties": { "cell_id": "c0023_0014", "row": 23, "col": 14, "area_m2": 22500.0 }, "geometry": { "type": "Polygon", "coordinates": [ [ [ -118.359512176196517, 34.025298656228621 ], [ -118.35948407393083, 34.026650711886035 ], [ -118.357860125414419, 34.026627302742796 ], [ -118.357888255487453, 34.025275247451447 ], [ -118.359512176196517, 34.025298656228621 ] ] ] } },
{ "type": "Feature", "properties": { "cell_id": "c0023_0015", "row": 23, "col": 15, "area_m2": 22500.0 }, "geometry": { "type": "Polygon", "coordinates": [ [ [ -118.357888255487453, 34.025275247451447 ], [ -118.357860125414419, 34.026627302742796 ], [ -118.356236177861675, 34.026603870439978 ], [ -118.356264335741997, 34.025251815515112 ], [ -118.357888255487453, 34.025275247451447 ] ] ] } },
{ "type": "Feature", "properties": { "cell_id": "c0023_0016", "row": 23, "col": 16, "area_m2": 22500.0 }, "geometry": { "type": "Polygon", "coordinates": [ [ [ -118.356264335741997, 34.025251815515112 ], [ -118.356236177861675, 34.026603870439978 ], [ -118.354612231273563, 34.026580414977659 ], [ -118.354640416961118, 34.025228360419597 ], [ -118.356264335741997, 34.025251815515112 ] ] ] } },
{ "type": "Feature", "properties": { "cell_id": "c0023_0017", "row": 23, "col": 17, "area_m2": 22500.0 }, "geometry": { "type": "Polygon", "coordinates": [ [ [ -118.354640416961118, 34.025228360419597 ], [ -118.354612231273563, 34.026580414977659 ], [ -118.352988285651037, 34.02655693635581 ], [ -118.353016499145809, 34.025204882164914 ], [ -118.354640416961118, 34.025228360419597 ] ] ] } },
{ "type": "Feature", "properties": { "cell_id": "c0023_0018", "row": 23, "col": 18, "area_m2": 22500.0 }, "geometry": { "type": "Polygon", "coordinates": [ [ [ -118.353016499145809, 34.025204882164914 ], [ -118.352988285651037, 34.02655693635581 ], [ -118.351364340995048, 34.026533434574461 ], [ -118.351392582296938, 34.0251813807511 ], [ -118.353016499145809, 34.025204882164914 ] ] ] } },
{ "type": "Feature", "properties": { "cell_id": "c0023_0019", "row": 23, "col": 19, "area_m2": 22500.0 }, "geometry": { "type": "Polygon", "coordinates": [ [ [ -118.351392582296938, 34.0251813807511 ], [ -118.351364340995048, 34.026533434574461 ], [ -118.349740397306547, 34.026509909633639 ], [ -118.349768666415528, 34.025157856178197 ], [ -118.351392582296938, 34.0251813807511 ] ] ] } },
{ "type": "Feature", "properties": { "cell_id": "c0023_0020", "row": 23, "col": 20, "area_m2": 22500.0 }, "geometry": { "type": "Polygon", "coordinates": [ [ [ -118.349768666415528, 34.025157856178197 ], [ -118.349740397306547, 34.026509909633639 ], [ -118.348116454586474, 34.026486361533365 ], [ -118.348144751502517, 34.025134308446162 ], [ -118.349768666415528, 34.025157856178197 ] ] ] } },
{ "type": "Feature", "properties": { "cell_id": "c0023_0021", "row": 23, "col": 21, "area_m2": 22500.0 }, "geometry": { "type": "Polygon", "coordinates": [ [ [ -118.348144751502517, 34.025134308446162 ], [ -118.348116454586474, 34.026486361533365 ], [ -118.346492512835809, 34.026462790273641 ], [ -118.346520837558842, 34.025110737555067 ], [ -118.348144751502517, 34.025134308446162 ] ] ] } },
{ "type": "Feature", "properties": { "cell_id": "c0023_0022", "row": 23, "col": 22, "area_m2": 22500.0 }, "geometry": { "type": "Polygon", "coordinates": [ [ [ -118.346520837558842, 34.025110737555067 ], [ -118.346492512835809, 34.026462790273641 ], [ -118.344868572055489, 34.026439195854493 ], [ -118.344896924585456, 34.025087143504912 ], [ -118.346520837558842, 34.025110737555067 ] ] ] } },
{ "type": "Feature", "properties": { "cell_id": "c0023_0023", "row": 23, "col": 23, "area_m2": 22500.0 }, "geometry": { "type": "Polygon", "coordinates": [ [ [ -118.344896924585456, 34.025087143504912 ], [ -118.344868572055489, 34.026439195854493 ], [ -118.343244632246453, 34.026415578275952 ], [ -118.343273012583325, 34.025063526295718 ], [ -118.344896924585456, 34.025087143504912 ] ] ] } },
{ "type": "Feature", "properties": { "cell_id": "c0023_0024", "row": 23, "col": 24, "area_m2": 22500.0 }, "geometry": { "type": "Polygon", "coordinates": [ [ [ -118.343273012583325, 34.025063526295718 ], [ -118.343244632246453, 34.026415578275952 ], [ -118.341620693409681, 34.026391937538037 ], [ -118.341649101553401, 34.025039885927491 ], [ -118.343273012583325, 34.025063526295718 ] ] ] } },
{ "type": "Feature", "properties": { "cell_id": "c0023_0025", "row": 23, "col": 25, "area_m2": 22500.0 }, "geometry": { "type": "Polygon", "coordinates": [ [ [ -118.341649101553401, 34.025039885927491 ], [ -118.341620693409681, 34.026391937538037 ], [ -118.33999675554611, 34.026368273640742 ], [ -118.340025191496608, 34.025016222400261 ], [ -118.341649101553401, 34.025039885927491 ] ] ] } },
{ "type": "Feature", "properties": { "cell_id": "c0023_0026", "row": 23, "col": 26, "area_m2": 22500.0 }, "geometry": { "type": "Polygon", "coordinates": [ [ [ -118.340025191496608, 34.025016222400261 ], [ -118.33999675554611, 34.026368273640742 ], [ -118.33837281865668, 34.026344586584102 ], [ -118.338401282413926, 34.024992535714055 ], [ -118.340025191496608, 34.025016222400261 ] ] ] } },
{ "type": "Feature", "properties": { "cell_id": "c0023_0027", "row": 23, "col": 27, "area_m2": 22500.0 }, "geometry": { "type": "Polygon", "coordinates": [ [ [ -118.338401282413926, 34.024992535714055 ], [ -118.33837281865668, 34.026344586584102 ], [ -118.336748882742356, 34.026320876368139 ], [ -118.336777374306294, 34.024968825868896 ], [ -118.338401282413926, 34.024992535714055 ] ] ] } },
{ "type": "Feature", "properties": { "cell_id": "c0023_0028", "row": 23, "col": 28, "area_m2": 22500.0 }, "geometry": { "type": "Polygon", "coordinates": [ [ [ -118.336777374306294, 34.024968825868896 ], [ -118.336748882742356, 34.026320876368139 ], [ -118.335124947804104, 34.026297142992867 ], [ -118.335153467174692, 34.024945092864762 ], [ -118.336777374306294, 34.024968825868896 ] ] ] } },
{ "type": "Feature", "properties": { "cell_id": "c0023_0029", "row": 23, "col": 29, "area_m2": 22500.0 }, "geometry": { "type": "Polygon", "coordinates": [ [ [ -118.335153467174692, 34.024945092864762 ], [ -118.335124947804104, 34.026297142992867 ], [ -118.333501013842834, 34.026273386458314 ], [ -118.333529561020029, 34.02492133670173 ], [ -118.335153467174692, 34.024945092864762 ] ] ] } },
{ "type": "Feature", "properties": { "cell_id": "c0023_0030", "row": 23, "col": 30, "area_m2": 22500.0 }, "geometry": { "type": "Polygon", "coordinates": [ [ [ -118.333529561020029, 34.02492133670173 ], [ -118.333501013842834, 34.026273386458314 ], [ -118.331877080859556, 34.026249606764488 ], [ -118.331905655843272, 34.024897557379767 ], [ -118.333529561020029, 34.02492133670173 ] ] ] } },
{ "type": "Feature", "properties": { "cell_id": "c0023_0031", "row": 23, "col": 31, "area_m2": 22500.0 }, "geometry": { "type": "Polygon", "coordinates": [ [ [ -118.331905655843272, 34.024897557379767 ], [ -118.331877080859556, 34.026249606764488 ], [ -118.330253148855178, 34.026225803911409 ], [ -118.330281751645387, 34.024873754898934 ], [ -118.331905655843272, 34.024897557379767 ] ] ] } },
{ "type": "Feature", "properties": { "cell_id": "c0023_0032", "row": 23, "col": 32, "area_m2": 22500.0 }, "geometry": { "type": "Polygon", "coordinates": [ [ [ -118.330281751645387, 34.024873754898934 ], [ -118.330253148855178, 34.026225803911409 ], [ -118.328629217830667, 34.026201977899085 ], [ -118.328657848427312, 34.024849929259226 ], [ -118.330281751645387, 34.024873754898934 ] ] ] } },
{ "type": "Feature", "properties": { "cell_id": "c0023_0033", "row": 23, "col": 33, "area_m2": 22500.0 }, "geometry": { "type": "Polygon", "coordinates": [ [ [ -118.328657848427312, 34.024849929259226 ], [ -118.328629217830667, 34.026201977899085 ], [ -118.327005287786946, 34.026178128727572 ], [ -118.327033946189999, 34.02482608046067 ], [ -118.328657848427312, 34.024849929259226 ] ] ] } },
{ "type": "Feature", "properties": { "cell_id": "c0023_0034", "row": 23, "col": 34, "area_m2": 22500.0 }, "geometry": { "type": "Polygon", "coordinates": [ [ [ -118.327033946189999, 34.02482608046067 ], [ -118.327005287786946, 34.026178128727572 ], [ -118.325381358725011, 34.026154256396879 ], [ -118.325410044934401, 34.024802208503296 ], [ -118.327033946189999, 34.02482608046067 ] ] ] } },
{ "type": "Feature", "properties": { "cell_id": "c0023_0035", "row": 23, "col": 35, "area_m2": 22500.0 }, "geometry": { "type": "Polygon", "coordinates": [ [ [ -118.325410044934401, 34.024802208503296 ], [ -118.325381358725011, 34.026154256396879 ], [ -118.323757430645827, 34.026130360906983 ], [ -118.323786144661497, 34.024778313387074 ], [ -118.325410044934401, 34.024802208503296 ] ] ] } },
{ "type": "Feature", "properties": { "cell_id": "c0023_0036", "row": 23, "col": 36, "area_m2": 22500.0 }, "geometry": { "type": "Polygon", "coordinates": [ [ [ -118.323786144661497, 34.024778313387074 ], [ -118.323757430645827, 34.026130360906983 ], [ -118.322133503550276, 34.026106442257941 ], [ -118.322162245372198, 34.024754395112097 ], [ -118.323786144661497, 34.024778313387074 ] ] ] } },
{ "type": "Feature", "properties": { "cell_id": "c0023_0037", "row": 23, "col": 37, "area_m2": 22500.0 }, "geometry": { "type": "Polygon", "coordinates": [ [ [ -118.322162245372198, 34.024754395112097 ], [ -118.322133503550276, 34.026106442257941 ], [ -118.320509577439367, 34.026082500449782 ], [ -118.320538347067483, 34.024730453678337 ], [ -118.322162245372198, 34.024754395112097 ] ] ] } },
{ "type": "Feature", "properties": { "cell_id": "c0023_0038", "row": 23, "col": 38, "area_m2": 22500.0 }, "geometry": { "type": "Polygon", "coordinates": [ [ [ -118.320538347067483, 34.024730453678337 ], [ -118.320509577439367, 34.026082500449782 ], [ -118.318885652314023, 34.026058535482484 ], [ -118.318914449748263, 34.024706489085801 ], [ -118.320538347067483, 34.024730453678337 ] ] ] } },
{ "type": "Feature", "properties": { "cell_id": "c0023_0039", "row": 23, "col": 39, "area_m2": 22500.0 }, "geometry": { "type": "Polygon", "coordinates": [ [ [ -118.318914449748263, 34.024706489085801 ], [ -118.318885652314023, 34.026058535482484 ], [ -118.317261728175225, 34.026034547356105 ], [ -118.31729055341556, 34.024682501334546 ], [ -118.318914449748263, 34.024706489085801 ] ] ] } },
{ "type": "Feature", "properties": { "cell_id": "c0023_0040", "row": 23, "col": 40, "area_m2": 22500.0 }, "geometry": { "type": "Polygon", "coordinates": [ [ [ -118.31729055341556, 34.024682501334546 ], [ -118.317261728175225, 34.026034547356105 ], [ -118.315637805023911, 34.026010536070636 ], [ -118.315666658070285, 34.024658490424599 ], [ -118.31729055341556, 34.024682501334546 ] ] ] } },
{ "type": "Feature", "properties": { "cell_id": "c0023_0041", "row": 23, "col": 41, "area_m2": 22500.0 }, "geometry": { "type": "Polygon", "coordinates": [ [ [ -118.315666658070285, 34.024658490424599 ], [ -118.315637805023911, 34.026010536070636 ], [ -118.314013882861005, 34.025986501626107 ], [ -118.31404276371336, 34.024634456355919 ], [ -118.315666658070285, 34.024658490424599 ] ] ] } },
{ "type": "Feature", "properties": { "cell_id": "c0023_0042", "row": 23, "col": 42, "area_m2": 22500.0 }, "geometry": { "type": "Polygon", "coordinates": [ [ [ -118.31404276371336, 34.024634456355919 ], [ -118.314013882861005, 34.025986501626107 ], [ -118.312389961687472, 34.025962444022575 ], [ -118.312418870345795, 34.024610399128584 ], [ -118.31404276371336, 34.024634456355919 ] ] ] } },
{ "type": "Feature", "properties": { "cell_id": "c0023_0043", "row": 23, "col": 43, "area_m2": 22500.0 }, "geometry": { "type": "Polygon", "coordinates": [ [ [ -118.312418870345795, 34.024610399128584 ], [ -118.312389961687472, 34.025962444022575 ], [ -118.310766041504323, 34.025938363259982 ], [ -118.310794977968513, 34.024586318742585 ], [ -118.312418870345795, 34.024610399128584 ] ] ] } },
{ "type": "Feature", "properties": { "cell_id": "c0023_0044", "row": 23, "col": 44, "area_m2": 22500.0 }, "geometry": { "type": "Polygon", "coordinates": [ [ [ -118.310794977968513, 34.024586318742585 ], [ -118.310766041504323, 34.025938363259982 ], [ -118.309142122312437, 34.025914259338407 ], [ -118.309171086582452, 34.024562215197953 ], [ -118.310794977968513, 34.024586318742585 ] ] ] } },
{ "type": "Feature", "properties": { "cell_id": "c0023_0045", "row": 23, "col": 45, "area_m2": 22500.0 }, "geometry": { "type": "Polygon", "coordinates": [ [ [ -118.309171086582452, 34.024562215197953 ], [ -118.309142122312437, 34.025914259338407 ], [ -118.307518204112782, 34.02589013225785 ], [ -118.30754719618858, 34.024538088494701 ], [ -118.309171086582452, 34.024562215197953 ] ] ] } },
{ "type": "Feature", "properties": { "cell_id": "c0023_0046", "row": 23, "col": 46, "area_m2": 22500.0 }, "geometry": { "type": "Polygon", "coordinates": [ [ [ -118.30754719618858, 34.024538088494701 ], [ -118.307518204112782, 34.02589013225785 ], [ -118.305894286906323, 34.025865982018331 ], [ -118.305923306787861, 34.024513938632843 ], [ -118.30754719618858, 34.024538088494701 ] ] ] } },
{ "type": "Feature", "properties": { "cell_id": "c0023_0047", "row": 23, "col": 47, "area_m2": 22500.0 }, "geometry": { "type": "Polygon", "coordinates": [ [ [ -118.305923306787861, 34.024513938632843 ], [ -118.305894286906323, 34.025865982018331 ], [ -118.304270370694013, 34.025841808619859 ], [ -118.304299418381248, 34.024489765612408 ], [ -118.305923306787861, 34.024513938632843 ] ] ] } },
{ "type": "Feature", "properties": { "cell_id": "c0023_0048", "row": 23, "col": 48, "area_m2": 22500.0 }, "geometry": { "type": "Polygon", "coordinates": [ [ [ -118.304299418381248, 34.024489765612408 ], [ -118.304270370694013, 34.025841808619859 ], [ -118.302646455476804, 34.025817612062497 ], [ -118.30267553096968, 34.024465569433403 ], [ -118.304299418381248, 34.024489765612408 ] ] ] } },
{ "type": "Feature", "properties": { "cell_id": "c0023_0049", "row": 23, "col": 49, "area_m2": 22500.0 }, "geometry": { "type": "Polygon", "coordinates": [ [ [ -118.30267553096968, 34.024465569433403 ], [ -118.302646455476804, 34.025817612062497 ], [ -118.301022541255648, 34.025793392346195 ], [ -118.301051644554093, 34.024441350095877 ], [ -118.30267553096968, 34.024465569433403 ] ] ] } },
{ "type": "Feature", "properties": { "cell_id": "c0023_0050", "row": 23, "col": 50, "area_m2": 22500.0 }, "geometry": { "type": "Polygon", "coordinates": [ [ [ -118.301051644554093, 34.024441350095877 ], [ -118.301022541255648, 34.025793392346195 ], [ -118.299398628031497, 34.025769149471024 ], [ -118.29942775913544, 34.024417107599824 ], [ -118.301051644554093, 34.024441350095877 ] ] ] } },
{ "type": "Feature", "properties": { "cell_id": "c0023_0051", "row": 23, "col": 51, "area_m2": 22500.0 }, "geometry": { "type": "Polygon", "coordinates": [ [ [ -118.29942775913544, 34.024417107599824 ], [ -118.299398628031497, 34.025769149471024 ], [ -118.297774715805275, 34.025744883436992 ], [ -118.297803874714702, 34.024392841945264 ], [ -118.29942775913544, 34.024417107599824 ] ] ] } },
{ "type": "Feature", "properties": { "cell_id": "c0023_0052", "row": 23, "col": 52, "area_m2": 22500.0 }, "geometry": { "type": "Polygon", "coordinates": [ [ [ -118.297803874714702, 34.024392841945264 ], [ -118.297774715805275, 34.025744883436992 ], [ -118.296150804577962, 34.025720594244127 ], [ -118.296179991292817, 34.024368553132213 ], [ -118.297803874714702, 34.024392841945264 ] ] ] } },
{ "type": "Feature", "properties": { "cell_id": "c0023_0053", "row": 23, "col": 53, "area_m2": 22500.0 }, "geometry": { "type": "Polygon", "coordinates": [ [ [ -118.296179991292817, 34.024368553132213 ], [ -118.296150804577962, 34.025720594244127 ], [ -118.294526894350511, 34.025696281892436 ], [ -118.294556108870736, 34.024344241160712 ], [ -118.296179991292817, 34.024368553132213 ] ] ] } },
{ "type": "Feature", "properties": { "cell_id": "c0023_0054", "row": 23, "col": 54, "area_m2": 22500.0 }, "geometry": { "type": "Polygon", "coordinates": [ [ [ -118.294556108870736, 34.024344241160712 ], [ -118.294526894350511, 34.025696281892436 ], [ -118.292902985123888, 34.025671946381912 ], [ -118.292932227449413, 34.024319906030769 ], [ -118.294556108870736, 34.024344241160712 ] ] ] } },
{ "type": "Feature", "properties": { "cell_id": "c0023_0055", "row": 23, "col": 55, "area_m2": 22500.0 }, "geometry": { "type": "Polygon", "coordinates": [ [ [ -118.292932227449413, 34.024319906030769 ], [ -118.292902985123888, 34.025671946381912 ], [ -118.291279076898988, 34.025647587712612 ], [ -118.291308347029812, 34.024295547742398 ], [ -118.292932227449413, 34.024319906030769 ] ] ] } },
{ "type": "Feature", "properties": { "cell_id": "c0023_0056", "row": 23, "col": 56, "area_m2": 22500.0 }, "geometry": { "type": "Polygon", "coordinates": [ [ [ -118.291308347029812, 34.024295547742398 ], [ -118.291279076898988, 34.025647587712612 ], [ -118.28965516967682, 34.025623205884571 ], [ -118.289684467612858, 34.02427116629562 ], [ -118.291308347029812, 34.024295547742398 ] ] ] } },
{ "type": "Feature", "properties": { "cell_id": "c0023_0057", "row": 23, "col": 57, "area_m2": 22500.0 }, "geometry": { "type": "Polygon", "coordinates": [ [ [ -118.289684467612858, 34.02427116629562 ], [ -118.28965516967682, 34.025623205884571 ], [ -118.288031263458322, 34.025598800897768 ], [ -118.288060589199517, 34.024246761690442 ], [ -118.289684467612858, 34.02427116629562 ] ] ] } },
{ "type": "Feature", "properties": { "cell_id": "c0023_0058", "row": 23, "col": 58, "area_m2": 22500.0 }, "geometry": { "type": "Polygon", "coordinates": [ [ [ -118.288060589199517, 34.024246761690442 ], [ -118.288031263458322, 34.025598800897768 ], [ -118.286407358244404, 34.025574372752239 ], [ -118.286436711790728, 34.024222333926915 ], [ -118.288060589199517, 34.024246761690442 ] ] ] } },
{ "type": "Feature", "properties": { "cell_id": "c0023_0059", "row": 23, "col": 59, "area_m2": 22500.0 }, "geometry": { "type": "Polygon", "coordinates": [ [ [ -118.286436711790728, 34.024222333926915 ], [ -118.286407358244404, 34.025574372752239 ], [ -118.284783454036088, 34.025549921447983 ], [ -118.284812835387484, 34.024197883005051 ], [ -118.286436711790728, 34.024222333926915 ] ] ] } },
{ "type": "Feature", "properties": { "cell_id": "c0023_0060", "row": 23, "col": 60, "area_m2": 22500.0 }, "geometry": { "type": "Polygon", "coordinates": [ [ [ -118.284812835387484, 34.024197883005051 ], [ -118.284783454036088, 34.025549921447983 ], [ -118.283159550834284, 34.025525446985064 ], [ -118.283188959990696, 34.02417340892486 ], [ -118.284812835387484, 34.024197883005051 ] ] ] } },
{ "type": "Feature", "properties": { "cell_id": "c0023_0061", "row": 23, "col": 61, "area_m2": 22500.0 }, "geometry": { "type": "Polygon", "coordinates": [ [ [ -118.283188959990696, 34.02417340892486 ], [ -118.283159550834284, 34.025525446985064 ], [ -118.281535648639945, 34.025500949363455 ], [ -118.281565085601301, 34.024148911686346 ], [ -118.283188959990696, 34.02417340892486 ] ] ] } },
{ "type": "Feature", "properties": { "cell_id": "c0023_0062", "row": 23, "col": 62, "area_m2": 22500.0 }, "geometry": { "type": "Polygon", "coordinates": [ [ [ -118.281565085601301, 34.024148911686346 ], [ -118.281535648639945, 34.025500949363455 ], [ -118.279911747454037, 34.025476428583239 ], [ -118.279941212220308, 34.024124391289554 ], [ -118.281565085601301, 34.024148911686346 ] ] ] } },
{ "type": "Feature", "properties": { "cell_id": "c0023_0063", "row": 23, "col": 63, "area_m2": 22500.0 }, "geometry": { "type": "Polygon", "coordinates": [ [ [ -118.279941212220308, 34.024124391289554 ], [ -118.279911747454037, 34.025476428583239 ], [ -118.278287847277497, 34.025451884644355 ], [ -118.278317339848641, 34.024099847734512 ], [ -118.279941212220308, 34.024124391289554 ] ] ] } },
{ "type": "Feature", "properties": { "cell_id": "c0023_0064", "row": 23, "col": 64, "area_m2": 22500.0 }, "geometry": { "type": "Polygon", "coordinates": [ [ [ -118.278317339848641, 34.024099847734512 ], [ -118.278287847277497, 34.025451884644355 ], [ -118.276663948111278, 34.025427317546864 ], [ -118.276693468487224, 34.02407528102119 ], [ -118.278317339848641, 34.024099847734512 ] ] ] } },
{ "type": "Feature", "properties": { "cell_id": "c0023_0065", "row": 23, "col": 65, "area_m2": 7878.2374762706195 }, "geometry": { "type": "Polygon", "coordinates": [ [ [ -118.276693468487224, 34.02407528102119 ], [ -118.276663948111278, 34.025427317546864 ], [ -118.275702788463576, 34.025412765761928 ], [ -118.275738775638374, 34.025360438470955 ], [ -118.276230554625002, 34.024552402082605 ], [ -118.276497330263311, 34.024072312178518 ], [ -118.276693468487224, 34.02407528102119 ] ] ] } },
{ "type": "Feature", "properties": { "cell_id": "c0024_0003", "row": 24, "col": 3, "area_m2": 13097.605031339157 }, "geometry": { "type": "Polygon", "coordinates": [ [ [ -118.375695786745254, 34.028235586816749 ], [ -118.375723611888034, 34.026883529538914 ], [ -118.3769647133348, 34.026901227234703 ], [ -118.376944671336645, 34.026979786764791 ], [ -118.376891853241204, 34.026976860312992 ], [ -118.376550787391253, 34.02782530024934 ], [ -118.37638240713396, 34.02824537945439 ], [ -118.375695786745254, 34.028235586816749 ] ] ] } },
{ "type": "Feature", "properties": { "cell_id": "c0024_0004", "row": 24, "col": 4, "area_m2": 22500.0 }, "geometry": { "type": "Polygon", "coordinates": [ [ [ -118.375723611888034, 34.026883529538914 ], [ -118.375695786745254, 34.028235586816749 ], [ -118.374071800835608, 34.028212408907564 ], [ -118.374099653787184, 34.026860351992234 ], [ -118.375723611888034, 34.026883529538914 ] ] ] } },
{ "type": "Feature", "properties": { "cell_id": "c0024_0005", "row": 24, "col": 5, "area_m2": 22500.0 }, "geometry": { "type": "Polygon", "coordinates": [ [ [ -118.374099653787184, 34.026860351992234 ], [ -118.374071800835608, 34.028212408907564 ], [ -118.372447815880179, 34.028189207838288 ], [ -118.372475696640493, 34.026837151285804 ], [ -118.374099653787184, 34.026860351992234 ] ] ] } },
{ "type": "Feature", "properties": { "cell_id": "c0024_0006", "row": 24, "col": 6, "area_m2": 22500.0 }, "geometry": { "type": "Polygon", "coordinates": [ [ [ -118.372475696640493, 34.026837151285804 ], [ -118.372447815880179, 34.028189207838288 ], [ -118.370823831879889, 34.028165983608929 ], [ -118.37085174044887, 34.026813927419674 ], [ -118.372475696640493, 34.026837151285804 ] ] ] } },
{ "type": "Feature", "properties": { "cell_id": "c0024_0007", "row": 24, "col": 7, "area_m2": 22500.0 }, "geometry": { "type": "Polygon", "coordinates": [ [ [ -118.37085174044887, 34.026813927419674 ], [ -118.370823831879889, 34.028165983608929 ], [ -118.36919984883572, 34.0281427362195 ], [ -118.36922778521334, 34.02679068039383 ], [ -118.37085174044887, 34.026813927419674 ] ] ] } },
{ "type": "Feature", "properties": { "cell_id": "c0024_0008", "row": 24, "col": 8, "area_m2": 22500.0 }, "geometry": { "type": "Polygon", "coordinates": [ [ [ -118.36922778521334, 34.02679068039383 ], [ -118.36919984883572, 34.0281427362195 ], [ -118.367575866748624, 34.028119465670038 ], [ -118.367603830934854, 34.026767410208301 ], [ -118.36922778521334, 34.02679068039383 ] ] ] } },
{ "type": "Feature", "properties": { "cell_id": "c0024_0009", "row": 24, "col": 9, "area_m2": 22500.0 }, "geometry": { "type": "Polygon", "coordinates": [ [ [ -118.367603830934854, 34.026767410208301 ], [ -118.367575866748624, 34.028119465670038 ], [ -118.365951885619538, 34.028096171960534 ], [ -118.365979877614294, 34.026744116863085 ], [ -118.367603830934854, 34.026767410208301 ] ] ] } },
{ "type": "Feature", "properties": { "cell_id": "c0024_0010", "row": 24, "col": 10, "area_m2": 22500.0 }, "geometry": { "type": "Polygon", "coordinates": [ [ [ -118.365979877614294, 34.026744116863085 ], [ -118.365951885619538, 34.028096171960534 ], [ -118.364327905449414, 34.028072855091025 ], [ -118.364355925252681, 34.026720800358255 ], [ -118.365979877614294, 34.026744116863085 ] ] ] } },
{ "type": "Feature", "properties": { "cell_id": "c0024_0011", "row": 24, "col": 11, "area_m2": 22500.0 }, "geometry": { "type": "Polygon", "coordinates": [ [ [ -118.364355925252681, 34.026720800358255 ], [ -118.364327905449414, 34.028072855091025 ], [ -118.362703926239249, 34.028049515061525 ], [ -118.362731973850913, 34.026697460693789 ], [ -118.364355925252681, 34.026720800358255 ] ] ] } },
{ "type": "Feature", "properties": { "cell_id": "c0024_0012", "row": 24, "col": 12, "area_m2": 22500.0 }, "geometry": { "type": "Polygon", "coordinates": [ [ [ -118.362731973850913, 34.026697460693789 ], [ -118.362703926239249, 34.028049515061525 ], [ -118.361079947989907, 34.028026151872055 ], [ -118.361108023409997, 34.026674097869702 ], [ -118.362731973850913, 34.026697460693789 ] ] ] } },
{ "type": "Feature", "properties": { "cell_id": "c0024_0013", "row": 24, "col": 13, "area_m2": 22500.0 }, "geometry": { "type": "Polygon", "coordinates": [ [ [ -118.361108023409997, 34.026674097869702 ], [ -118.361079947989907, 34.028026151872055 ], [ -118.359455970702413, 34.028002765522629 ], [ -118.35948407393083, 34.026650711886035 ], [ -118.361108023409997, 34.026674097869702 ] ] ] } },
{ "type": "Feature", "properties": { "cell_id": "c0024_0014", "row": 24, "col": 14, "area_m2": 22500.0 }, "geometry": { "type": "Polygon", "coordinates": [ [ [ -118.35948407393083, 34.026650711886035 ], [ -118.359455970702413, 34.028002765522629 ], [ -118.35783199437769, 34.027979356013276 ], [ -118.357860125414419, 34.026627302742796 ], [ -118.35948407393083, 34.026650711886035 ] ] ] } },
{ "type": "Feature", "properties": { "cell_id": "c0024_0015", "row": 24, "col": 15, "area_m2": 22500.0 }, "geometry": { "type": "Polygon", "coordinates": [ [ [ -118.357860125414419, 34.026627302742796 ], [ -118.35783199437769, 34.027979356013276 ], [ -118.356208019016719, 34.02795592334401 ], [ -118.356236177861675, 34.026603870439978 ], [ -118.357860125414419, 34.026627302742796 ] ] ] } },
{ "type": "Feature", "properties": { "cell_id": "c0024_0016", "row": 24, "col": 16, "area_m2": 22500.0 }, "geometry": { "type": "Polygon", "coordinates": [ [ [ -118.356236177861675, 34.026603870439978 ], [ -118.356208019016719, 34.02795592334401 ], [ -118.35458404462041, 34.027932467514837 ], [ -118.354612231273563, 34.026580414977659 ], [ -118.356236177861675, 34.026603870439978 ] ] ] } },
{ "type": "Feature", "properties": { "cell_id": "c0024_0017", "row": 24, "col": 17, "area_m2": 22500.0 }, "geometry": { "type": "Polygon", "coordinates": [ [ [ -118.354612231273563, 34.026580414977659 ], [ -118.35458404462041, 34.027932467514837 ], [ -118.352960071189742, 34.027908988525795 ], [ -118.352988285651037, 34.02655693635581 ], [ -118.354612231273563, 34.026580414977659 ] ] ] } },
{ "type": "Feature", "properties": { "cell_id": "c0024_0018", "row": 24, "col": 18, "area_m2": 22500.0 }, "geometry": { "type": "Polygon", "coordinates": [ [ [ -118.352988285651037, 34.02655693635581 ], [ -118.352960071189742, 34.027908988525795 ], [ -118.351336098725639, 34.027885486376903 ], [ -118.351364340995048, 34.026533434574461 ], [ -118.352988285651037, 34.02655693635581 ] ] ] } },
{ "type": "Feature", "properties": { "cell_id": "c0024_0019", "row": 24, "col": 19, "area_m2": 22500.0 }, "geometry": { "type": "Polygon", "coordinates": [ [ [ -118.351364340995048, 34.026533434574461 ], [ -118.351336098725639, 34.027885486376903 ], [ -118.349712127229111, 34.027861961068147 ], [ -118.349740397306547, 34.026509909633639 ], [ -118.351364340995048, 34.026533434574461 ] ] ] } },
{ "type": "Feature", "properties": { "cell_id": "c0024_0020", "row": 24, "col": 20, "area_m2": 22500.0 }, "geometry": { "type": "Polygon", "coordinates": [ [ [ -118.349740397306547, 34.026509909633639 ], [ -118.349712127229111, 34.027861961068147 ], [ -118.348088156701053, 34.027838412599593 ], [ -118.348116454586474, 34.026486361533365 ], [ -118.349740397306547, 34.026509909633639 ] ] ] } },
{ "type": "Feature", "properties": { "cell_id": "c0024_0021", "row": 24, "col": 21, "area_m2": 22500.0 }, "geometry": { "type": "Polygon", "coordinates": [ [ [ -118.348116454586474, 34.026486361533365 ], [ -118.348088156701053, 34.027838412599593 ], [ -118.346464187142445, 34.027814840971217 ], [ -118.346492512835809, 34.026462790273641 ], [ -118.348116454586474, 34.026486361533365 ] ] ] } },
{ "type": "Feature", "properties": { "cell_id": "c0024_0022", "row": 24, "col": 22, "area_m2": 22500.0 }, "geometry": { "type": "Polygon", "coordinates": [ [ [ -118.346492512835809, 34.026462790273641 ], [ -118.346464187142445, 34.027814840971217 ], [ -118.344840218554225, 34.027791246183078 ], [ -118.344868572055489, 34.026439195854493 ], [ -118.346492512835809, 34.026462790273641 ] ] ] } },
{ "type": "Feature", "properties": { "cell_id": "c0024_0023", "row": 24, "col": 23, "area_m2": 22500.0 }, "geometry": { "type": "Polygon", "coordinates": [ [ [ -118.344868572055489, 34.026439195854493 ], [ -118.344840218554225, 34.027791246183078 ], [ -118.34321625093736, 34.027767628235154 ], [ -118.343244632246453, 34.026415578275952 ], [ -118.344868572055489, 34.026439195854493 ] ] ] } },
{ "type": "Feature", "properties": { "cell_id": "c0024_0024", "row": 24, "col": 24, "area_m2": 22500.0 }, "geometry": { "type": "Polygon", "coordinates": [ [ [ -118.343244632246453, 34.026415578275952 ], [ -118.34321625093736, 34.027767628235154 ], [ -118.341592284292759, 34.027743987127501 ], [ -118.341620693409681, 34.026391937538037 ], [ -118.343244632246453, 34.026415578275952 ] ] ] } },
{ "type": "Feature", "properties": { "cell_id": "c0024_0025", "row": 24, "col": 25, "area_m2": 22500.0 }, "geometry": { "type": "Polygon", "coordinates": [ [ [ -118.341620693409681, 34.026391937538037 ], [ -118.341592284292759, 34.027743987127501 ], [ -118.339968318621445, 34.027720322860119 ], [ -118.33999675554611, 34.026368273640742 ], [ -118.341620693409681, 34.026391937538037 ] ] ] } },
{ "type": "Feature", "properties": { "cell_id": "c0024_0026", "row": 24, "col": 26, "area_m2": 22500.0 }, "geometry": { "type": "Polygon", "coordinates": [ [ [ -118.33999675554611, 34.026368273640742 ], [ -118.339968318621445, 34.027720322860119 ], [ -118.338344353924327, 34.027696635433031 ], [ -118.33837281865668, 34.026344586584102 ], [ -118.33999675554611, 34.026368273640742 ] ] ] } },
{ "type": "Feature", "properties": { "cell_id": "c0024_0027", "row": 24, "col": 27, "area_m2": 22500.0 }, "geometry": { "type": "Polygon", "coordinates": [ [ [ -118.33837281865668, 34.026344586584102 ], [ -118.338344353924327, 34.027696635433031 ], [ -118.336720390202359, 34.027672924846243 ], [ -118.336748882742356, 34.026320876368139 ], [ -118.33837281865668, 34.026344586584102 ] ] ] } },
{ "type": "Feature", "properties": { "cell_id": "c0024_0028", "row": 24, "col": 28, "area_m2": 22500.0 }, "geometry": { "type": "Polygon", "coordinates": [ [ [ -118.336748882742356, 34.026320876368139 ], [ -118.336720390202359, 34.027672924846243 ], [ -118.33509642745652, 34.027649191099812 ], [ -118.335124947804104, 34.026297142992867 ], [ -118.336748882742356, 34.026320876368139 ] ] ] } },
{ "type": "Feature", "properties": { "cell_id": "c0024_0029", "row": 24, "col": 29, "area_m2": 22500.0 }, "geometry": { "type": "Polygon", "coordinates": [ [ [ -118.335124947804104, 34.026297142992867 ], [ -118.33509642745652, 34.027649191099812 ], [ -118.33347246568772, 34.027625434193702 ], [ -118.333501013842834, 34.026273386458314 ], [ -118.335124947804104, 34.026297142992867 ] ] ] } },
{ "type": "Feature", "properties": { "cell_id": "c0024_0030", "row": 24, "col": 30, "area_m2": 22500.0 }, "geometry": { "type": "Polygon", "coordinates": [ [ [ -118.333501013842834, 34.026273386458314 ], [ -118.33347246568772, 34.027625434193702 ], [ -118.331848504896925, 34.027601654127963 ], [ -118.331877080859556, 34.026249606764488 ], [ -118.333501013842834, 34.026273386458314 ] ] ] } },
{ "type": "Feature", "properties": { "cell_id": "c0024_0031", "row": 24, "col": 31, "area_m2": 22500.0 }, "geometry": { "type": "Polygon", "coordinates": [ [ [ -118.331877080859556, 34.026249606764488 ], [ -118.331848504896925, 34.027601654127963 ], [ -118.330224545085073, 34.027577850902631 ], [ -118.330253148855178, 34.026225803911409 ], [ -118.331877080859556, 34.026249606764488 ] ] ] } },
{ "type": "Feature", "properties": { "cell_id": "c0024_0032", "row": 24, "col": 32, "area_m2": 22500.0 }, "geometry": { "type": "Polygon", "coordinates": [ [ [ -118.330253148855178, 34.026225803911409 ], [ -118.330224545085073, 34.027577850902631 ], [ -118.328600586253174, 34.027554024517705 ], [ -118.328629217830667, 34.026201977899085 ], [ -118.330253148855178, 34.026225803911409 ] ] ] } },
{ "type": "Feature", "properties": { "cell_id": "c0024_0033", "row": 24, "col": 33, "area_m2": 22500.0 }, "geometry": { "type": "Polygon", "coordinates": [ [ [ -118.328629217830667, 34.026201977899085 ], [ -118.328600586253174, 34.027554024517705 ], [ -118.326976628402136, 34.027530174973194 ], [ -118.327005287786946, 34.026178128727572 ], [ -118.328629217830667, 34.026201977899085 ] ] ] } },
{ "type": "Feature", "properties": { "cell_id": "c0024_0034", "row": 24, "col": 34, "area_m2": 22500.0 }, "geometry": { "type": "Polygon", "coordinates": [ [ [ -118.327005287786946, 34.026178128727572 ], [ -118.326976628402136, 34.027530174973194 ], [ -118.325352671532912, 34.027506302269138 ], [ -118.325381358725011, 34.026154256396879 ], [ -118.327005287786946, 34.026178128727572 ] ] ] } },
{ "type": "Feature", "properties": { "cell_id": "c0024_0035", "row": 24, "col": 35, "area_m2": 22500.0 }, "geometry": { "type": "Polygon", "coordinates": [ [ [ -118.325381358725011, 34.026154256396879 ], [ -118.325352671532912, 34.027506302269138 ], [ -118.323728715646453, 34.027482406405539 ], [ -118.323757430645827, 34.026130360906983 ], [ -118.325381358725011, 34.026154256396879 ] ] ] } },
{ "type": "Feature", "properties": { "cell_id": "c0024_0036", "row": 24, "col": 36, "area_m2": 22500.0 }, "geometry": { "type": "Polygon", "coordinates": [ [ [ -118.323757430645827, 34.026130360906983 ], [ -118.323728715646453, 34.027482406405539 ], [ -118.322104760743741, 34.027458487382418 ], [ -118.322133503550276, 34.026106442257941 ], [ -118.323757430645827, 34.026130360906983 ] ] ] } },
{ "type": "Feature", "properties": { "cell_id": "c0024_0037", "row": 24, "col": 37, "area_m2": 22500.0 }, "geometry": { "type": "Polygon", "coordinates": [ [ [ -118.322133503550276, 34.026106442257941 ], [ -118.322104760743741, 34.027458487382418 ], [ -118.320480806825671, 34.027434545199831 ], [ -118.320509577439367, 34.026082500449782 ], [ -118.322133503550276, 34.026106442257941 ] ] ] } },
{ "type": "Feature", "properties": { "cell_id": "c0024_0038", "row": 24, "col": 38, "area_m2": 22500.0 }, "geometry": { "type": "Polygon", "coordinates": [ [ [ -118.320509577439367, 34.026082500449782 ], [ -118.320480806825671, 34.027434545199831 ], [ -118.318856853893237, 34.027410579857737 ], [ -118.318885652314023, 34.026058535482484 ], [ -118.320509577439367, 34.026082500449782 ] ] ] } },
{ "type": "Feature", "properties": { "cell_id": "c0024_0039", "row": 24, "col": 39, "area_m2": 22500.0 }, "geometry": { "type": "Polygon", "coordinates": [ [ [ -118.318885652314023, 34.026058535482484 ], [ -118.318856853893237, 34.027410579857737 ], [ -118.317232901947392, 34.027386591356205 ], [ -118.317261728175225, 34.026034547356105 ], [ -118.318885652314023, 34.026058535482484 ] ] ] } },
{ "type": "Feature", "properties": { "cell_id": "c0024_0040", "row": 24, "col": 40, "area_m2": 22500.0 }, "geometry": { "type": "Polygon", "coordinates": [ [ [ -118.317261728175225, 34.026034547356105 ], [ -118.317232901947392, 34.027386591356205 ], [ -118.315608950989088, 34.027362579695222 ], [ -118.315637805023911, 34.026010536070636 ], [ -118.317261728175225, 34.026034547356105 ] ] ] } },
{ "type": "Feature", "properties": { "cell_id": "c0024_0041", "row": 24, "col": 41, "area_m2": 22500.0 }, "geometry": { "type": "Polygon", "coordinates": [ [ [ -118.315637805023911, 34.026010536070636 ], [ -118.315608950989088, 34.027362579695222 ], [ -118.313985001019248, 34.027338544874823 ], [ -118.314013882861005, 34.025986501626107 ], [ -118.315637805023911, 34.026010536070636 ] ] ] } },
{ "type": "Feature", "properties": { "cell_id": "c0024_0042", "row": 24, "col": 42, "area_m2": 22500.0 }, "geometry": { "type": "Polygon", "coordinates": [ [ [ -118.314013882861005, 34.025986501626107 ], [ -118.313985001019248, 34.027338544874823 ], [ -118.312361052038852, 34.027314486895015 ], [ -118.312389961687472, 34.025962444022575 ], [ -118.314013882861005, 34.025986501626107 ] ] ] } },
{ "type": "Feature", "properties": { "cell_id": "c0024_0043", "row": 24, "col": 43, "area_m2": 22500.0 }, "geometry": { "type": "Polygon", "coordinates": [ [ [ -118.312389961687472, 34.025962444022575 ], [ -118.312361052038852, 34.027314486895015 ], [ -118.310737104048854, 34.027290405755835 ], [ -118.310766041504323, 34.025938363259982 ], [ -118.312389961687472, 34.025962444022575 ] ] ] } },
{ "type": "Feature", "properties": { "cell_id": "c0024_0044", "row": 24, "col": 44, "area_m2": 22500.0 }, "geometry": { "type": "Polygon", "coordinates": [ [ [ -118.310766041504323, 34.025938363259982 ], [ -118.310737104048854, 34.027290405755835 ], [ -118.309113157050163, 34.027266301457296 ], [ -118.309142122312437, 34.025914259338407 ], [ -118.310766041504323, 34.025938363259982 ] ] ] } },
{ "type": "Feature", "properties": { "cell_id": "c0024_0045", "row": 24, "col": 45, "area_m2": 22500.0 }, "geometry": { "type": "Polygon", "coordinates": [ [ [ -118.309142122312437, 34.025914259338407 ], [ -118.309113157050163, 34.027266301457296 ], [ -118.307489211043787, 34.027242173999404 ], [ -118.307518204112782, 34.02589013225785 ], [ -118.309142122312437, 34.025914259338407 ] ] ] } },
{ "type": "Feature", "properties": { "cell_id": "c0024_0046", "row": 24, "col": 46, "area_m2": 22500.0 }, "geometry": { "type": "Polygon", "coordinates": [ [ [ -118.307518204112782, 34.02589013225785 ], [ -118.307489211043787, 34.027242173999404 ], [ -118.305865266030651, 34.027218023382204 ], [ -118.305894286906323, 34.025865982018331 ], [ -118.307518204112782, 34.02589013225785 ] ] ] } },
{ "type": "Feature", "properties": { "cell_id": "c0024_0047", "row": 24, "col": 47, "area_m2": 22500.0 }, "geometry": { "type": "Polygon", "coordinates": [ [ [ -118.305894286906323, 34.025865982018331 ], [ -118.305865266030651, 34.027218023382204 ], [ -118.30424132201172, 34.027193849605688 ], [ -118.304270370694013, 34.025841808619859 ], [ -118.305894286906323, 34.025865982018331 ] ] ] } },
{ "type": "Feature", "properties": { "cell_id": "c0024_0048", "row": 24, "col": 48, "area_m2": 22500.0 }, "geometry": { "type": "Polygon", "coordinates": [ [ [ -118.304270370694013, 34.025841808619859 ], [ -118.30424132201172, 34.027193849605688 ], [ -118.302617378987904, 34.027169652669905 ], [ -118.302646455476804, 34.025817612062497 ], [ -118.304270370694013, 34.025841808619859 ] ] ] } },
{ "type": "Feature", "properties": { "cell_id": "c0024_0049", "row": 24, "col": 49, "area_m2": 22500.0 }, "geometry": { "type": "Polygon", "coordinates": [ [ [ -118.302646455476804, 34.025817612062497 ], [ -118.302617378987904, 34.027169652669905 ], [ -118.300993436960226, 34.027145432574834 ], [ -118.301022541255648, 34.025793392346195 ], [ -118.302646455476804, 34.025817612062497 ] ] ] } },
{ "type": "Feature", "properties": { "cell_id": "c0024_0050", "row": 24, "col": 50, "area_m2": 22500.0 }, "geometry": { "type": "Polygon", "coordinates": [ [ [ -118.301022541255648, 34.025793392346195 ], [ -118.300993436960226, 34.027145432574834 ], [ -118.299369495929582, 34.027121189320525 ], [ -118.299398628031497, 34.025769149471024 ], [ -118.301022541255648, 34.025793392346195 ] ] ] } },
{ "type": "Feature", "properties": { "cell_id": "c0024_0051", "row": 24, "col": 51, "area_m2": 22500.0 }, "geometry": { "type": "Polygon", "coordinates": [ [ [ -118.299398628031497, 34.025769149471024 ], [ -118.299369495929582, 34.027121189320525 ], [ -118.297745555896952, 34.027096922906999 ], [ -118.297774715805275, 34.025744883436992 ], [ -118.299398628031497, 34.025769149471024 ] ] ] } },
{ "type": "Feature", "properties": { "cell_id": "c0024_0052", "row": 24, "col": 52, "area_m2": 22500.0 }, "geometry": { "type": "Polygon", "coordinates": [ [ [ -118.297774715805275, 34.025744883436992 ], [ -118.297745555896952, 34.027096922906999 ], [ -118.29612161686326, 34.027072633334278 ], [ -118.296150804577962, 34.025720594244127 ], [ -118.297774715805275, 34.025744883436992 ] ] ] } },
{ "type": "Feature", "properties": { "cell_id": "c0024_0053", "row": 24, "col": 53, "area_m2": 22500.0 }, "geometry": { "type": "Polygon", "coordinates": [ [ [ -118.296150804577962, 34.025720594244127 ], [ -118.29612161686326, 34.027072633334278 ], [ -118.294497678829472, 34.027048320602347 ], [ -118.294526894350511, 34.025696281892436 ], [ -118.296150804577962, 34.025720594244127 ] ] ] } },
{ "type": "Feature", "properties": { "cell_id": "c0024_0054", "row": 24, "col": 54, "area_m2": 22500.0 }, "geometry": { "type": "Polygon", "coordinates": [ [ [ -118.294526894350511, 34.025696281892436 ], [ -118.294497678829472, 34.027048320602347 ], [ -118.292873741796555, 34.027023984711256 ], [ -118.292902985123888, 34.025671946381912 ], [ -118.294526894350511, 34.025696281892436 ] ] ] } },
{ "type": "Feature", "properties": { "cell_id": "c0024_0055", "row": 24, "col": 55, "area_m2": 22500.0 }, "geometry": { "type": "Polygon", "coordinates": [ [ [ -118.292902985123888, 34.025671946381912 ], [ -118.292873741796555, 34.027023984711256 ], [ -118.29124980576546, 34.026999625661013 ], [ -118.291279076898988, 34.025647587712612 ], [ -118.292902985123888, 34.025671946381912 ] ] ] } },
{ "type": "Feature", "properties": { "cell_id": "c0024_0056", "row": 24, "col": 56, "area_m2": 22500.0 }, "geometry": { "type": "Polygon", "coordinates": [ [ [ -118.291279076898988, 34.025647587712612 ], [ -118.29124980576546, 34.026999625661013 ], [ -118.289625870737112, 34.026975243451645 ], [ -118.28965516967682, 34.025623205884571 ], [ -118.291279076898988, 34.025647587712612 ] ] ] } },
{ "type": "Feature", "properties": { "cell_id": "c0024_0057", "row": 24, "col": 57, "area_m2": 22500.0 }, "geometry": { "type": "Polygon", "coordinates": [ [ [ -118.28965516967682, 34.025623205884571 ], [ -118.289625870737112, 34.026975243451645 ], [ -118.288001936712462, 34.026950838083181 ], [ -118.288031263458322, 34.025598800897768 ], [ -118.28965516967682, 34.025623205884571 ] ] ] } },
{ "type": "Feature", "properties": { "cell_id": "c0024_0058", "row": 24, "col": 58, "area_m2": 22500.0 }, "geometry": { "type": "Polygon", "coordinates": [ [ [ -118.288031263458322, 34.025598800897768 ], [ -118.288001936712462, 34.026950838083181 ], [ -118.286378003692519, 34.026926409555635 ], [ -118.286407358244404, 34.025574372752239 ], [ -118.288031263458322, 34.025598800897768 ] ] ] } },
{ "type": "Feature", "properties": { "cell_id": "c0024_0059", "row": 24, "col": 59, "area_m2": 22500.0 }, "geometry": { "type": "Polygon", "coordinates": [ [ [ -118.286407358244404, 34.025574372752239 ], [ -118.286378003692519, 34.026926409555635 ], [ -118.284754071678165, 34.026901957869001 ], [ -118.284783454036088, 34.025549921447983 ], [ -118.286407358244404, 34.025574372752239 ] ] ] } },
{ "type": "Feature", "properties": { "cell_id": "c0024_0060", "row": 24, "col": 60, "area_m2": 22500.0 }, "geometry": { "type": "Polygon", "coordinates": [ [ [ -118.284783454036088, 34.025549921447983 ], [ -118.284754071678165, 34.026901957869001 ], [ -118.283130140670394, 34.026877483023299 ], [ -118.283159550834284, 34.025525446985064 ], [ -118.284783454036088, 34.025549921447983 ] ] ] } },
{ "type": "Feature", "properties": { "cell_id": "c0024_0061", "row": 24, "col": 61, "area_m2": 22500.0 }, "geometry": { "type": "Polygon", "coordinates": [ [ [ -118.283159550834284, 34.025525446985064 ], [ -118.283130140670394, 34.026877483023299 ], [ -118.281506210670145, 34.026852985018593 ], [ -118.281535648639945, 34.025500949363455 ], [ -118.283159550834284, 34.025525446985064 ] ] ] } },
{ "type": "Feature", "properties": { "cell_id": "c0024_0062", "row": 24, "col": 62, "area_m2": 22500.0 }, "geometry": { "type": "Polygon", "coordinates": [ [ [ -118.281535648639945, 34.025500949363455 ], [ -118.281506210670145, 34.026852985018593 ], [ -118.279882281678383, 34.026828463854876 ], [ -118.279911747454037, 34.025476428583239 ], [ -118.281535648639945, 34.025500949363455 ] ] ] } },
{ "type": "Feature", "properties": { "cell_id": "c0024_0063", "row": 24, "col": 63, "area_m2": 22500.0 }, "geometry": { "type": "Polygon", "coordinates": [ [ [ -118.279911747454037, 34.025476428583239 ], [ -118.279882281678383, 34.026828463854876 ], [ -118.278258353696032, 34.026803919532163 ], [ -118.278287847277497, 34.025451884644355 ], [ -118.279911747454037, 34.025476428583239 ] ] ] } },
{ "type": "Feature", "properties": { "cell_id": "c0024_0064", "row": 24, "col": 64, "area_m2": 22500.0 }, "geometry": { "type": "Polygon", "coordinates": [ [ [ -118.278287847277497, 34.025451884644355 ], [ -118.278258353696032, 34.026803919532163 ], [ -118.276634426724044, 34.026779352050482 ], [ -118.276663948111278, 34.025427317546864 ], [ -118.278287847277497, 34.025451884644355 ] ] ] } },
{ "type": "Feature", "properties": { "cell_id": "c0024_0065", "row": 24, "col": 65, "area_m2": 18884.309412616658 }, "geometry": { "type": "Polygon", "coordinates": [ [ [ -118.276663948111278, 34.025427317546864 ], [ -118.276634426724044, 34.026779352050482 ], [ -118.275010500763429, 34.026754761409862 ], [ -118.2750157963753, 34.026512462308148 ], [ -118.27503048318097, 34.026490083912485 ], [ -118.275168144147031, 34.02625099111679 ], [ -118.275404151427679, 34.025846996869603 ], [ -118.275702788463576, 34.025412765761928 ], [ -118.276663948111278, 34.025427317546864 ] ] ] } },
{ "type": "Feature", "properties": { "cell_id": "c0024_0066", "row": 24, "col": 66, "area_m2": 179.3058282533149 }, "geometry": { "type": "Polygon", "coordinates": [ [ [ -118.275010500763429, 34.026754761409862 ], [ -118.274877464006536, 34.026752745845755 ], [ -118.274922244638717, 34.026655007433803 ], [ -118.2750157963753, 34.026512462308148 ], [ -118.275010500763429, 34.026754761409862 ] ] ] } },
{ "type": "Feature", "properties": { "cell_id": "c0025_0003", "row": 25, "col": 3, "area_m2": 3427.1927163642877 }, "geometry": { "type": "Polygon", "coordinates": [ [ [ -118.375695786745254, 34.028235586816749 ], [ -118.37638240713396, 34.02824537945439 ], [ -118.376248891906684, 34.028578473032042 ], [ -118.375679654693826, 34.029019440534377 ], [ -118.375695786745254, 34.028235586816749 ] ] ] } },
{ "type": "Feature", "properties": { "cell_id": "c0025_0004", "row": 25, "col": 4, "area_m2": 20436.698017715091 }, "geometry": { "type": "Polygon", "coordinates": [ [ [ -118.374043946929845, 34.029564463802991 ], [ -118.374071800835608, 34.028212408907564 ], [ -118.375695786745254, 34.028235586816749 ], [ -118.375679654693826, 34.029019440534377 ], [ -118.374959618222107, 34.029577215333873 ], [ -118.374959133270409, 34.029577528388479 ], [ -118.374043946929845, 34.029564463802991 ] ] ] } },
{ "type": "Feature", "properties": { "cell_id": "c0025_0005", "row": 25, "col": 5, "area_m2": 22500.0 }, "geometry": { "type": "Polygon", "coordinates": [ [ [ -118.374071800835608, 34.028212408907564 ], [ -118.374043946929845, 34.029564463802991 ], [ -118.372419934164725, 34.029541262370834 ], [ -118.372447815880179, 34.028189207838288 ], [ -118.374071800835608, 34.028212408907564 ] ] ] } },
{ "type": "Feature", "properties": { "cell_id": "c0025_0006", "row": 25, "col": 6, "area_m2": 22500.0 }, "geometry": { "type": "Polygon", "coordinates": [ [ [ -118.372447815880179, 34.028189207838288 ], [ -118.372419934164725, 34.029541262370834 ], [ -118.370795922354802, 34.029518037778217 ], [ -118.370823831879889, 34.028165983608929 ], [ -118.372447815880179, 34.028189207838288 ] ] ] } },
{ "type": "Feature", "properties": { "cell_id": "c0025_0007", "row": 25, "col": 7, "area_m2": 22500.0 }, "geometry": { "type": "Polygon", "coordinates": [ [ [ -118.370823831879889, 34.028165983608929 ], [ -118.370795922354802, 34.029518037778217 ], [ -118.369171911501041, 34.029494790025204 ], [ -118.36919984883572, 34.0281427362195 ], [ -118.370823831879889, 34.028165983608929 ] ] ] } },
{ "type": "Feature", "properties": { "cell_id": "c0025_0008", "row": 25, "col": 8, "area_m2": 22500.0 }, "geometry": { "type": "Polygon", "coordinates": [ [ [ -118.36919984883572, 34.0281427362195 ], [ -118.369171911501041, 34.029494790025204 ], [ -118.367547901604397, 34.029471519111759 ], [ -118.367575866748624, 34.028119465670038 ], [ -118.36919984883572, 34.0281427362195 ] ] ] } },
{ "type": "Feature", "properties": { "cell_id": "c0025_0009", "row": 25, "col": 9, "area_m2": 22500.0 }, "geometry": { "type": "Polygon", "coordinates": [ [ [ -118.367575866748624, 34.028119465670038 ], [ -118.367547901604397, 34.029471519111759 ], [ -118.365923892665833, 34.029448225037918 ], [ -118.365951885619538, 34.028096171960534 ], [ -118.367575866748624, 34.028119465670038 ] ] ] } },
{ "type": "Feature", "properties": { "cell_id": "c0025_0010", "row": 25, "col": 10, "area_m2": 22500.0 }, "geometry": { "type": "Polygon", "coordinates": [ [ [ -118.365951885619538, 34.028096171960534 ], [ -118.365923892665833, 34.029448225037918 ], [ -118.364299884686261, 34.029424907803737 ], [ -118.364327905449414, 34.028072855091025 ], [ -118.365951885619538, 34.028096171960534 ] ] ] } },
{ "type": "Feature", "properties": { "cell_id": "c0025_0011", "row": 25, "col": 11, "area_m2": 22500.0 }, "geometry": { "type": "Polygon", "coordinates": [ [ [ -118.364327905449414, 34.028072855091025 ], [ -118.364299884686261, 34.029424907803737 ], [ -118.362675877666675, 34.029401567409181 ], [ -118.362703926239249, 34.028049515061525 ], [ -118.364327905449414, 34.028072855091025 ] ] ] } },
{ "type": "Feature", "properties": { "cell_id": "c0025_0012", "row": 25, "col": 12, "area_m2": 22500.0 }, "geometry": { "type": "Polygon", "coordinates": [ [ [ -118.362703926239249, 34.028049515061525 ], [ -118.362675877666675, 34.029401567409181 ], [ -118.361051871608012, 34.029378203854307 ], [ -118.361079947989907, 34.028026151872055 ], [ -118.362703926239249, 34.028049515061525 ] ] ] } },
{ "type": "Feature", "properties": { "cell_id": "c0025_0013", "row": 25, "col": 13, "area_m2": 22500.0 }, "geometry": { "type": "Polygon", "coordinates": [ [ [ -118.361079947989907, 34.028026151872055 ], [ -118.361051871608012, 34.029378203854307 ], [ -118.359427866511226, 34.029354817139094 ], [ -118.359455970702413, 34.028002765522629 ], [ -118.361079947989907, 34.028026151872055 ] ] ] } },
{ "type": "Feature", "properties": { "cell_id": "c0025_0014", "row": 25, "col": 14, "area_m2": 22500.0 }, "geometry": { "type": "Polygon", "coordinates": [ [ [ -118.359455970702413, 34.028002765522629 ], [ -118.359427866511226, 34.029354817139094 ], [ -118.357803862377253, 34.029331407263619 ], [ -118.35783199437769, 34.027979356013276 ], [ -118.359455970702413, 34.028002765522629 ] ] ] } },
{ "type": "Feature", "properties": { "cell_id": "c0025_0015", "row": 25, "col": 15, "area_m2": 22500.0 }, "geometry": { "type": "Polygon", "coordinates": [ [ [ -118.35783199437769, 34.027979356013276 ], [ -118.357803862377253, 34.029331407263619 ], [ -118.356179859207074, 34.029307974227834 ], [ -118.356208019016719, 34.02795592334401 ], [ -118.35783199437769, 34.027979356013276 ] ] ] } },
{ "type": "Feature", "properties": { "cell_id": "c0025_0016", "row": 25, "col": 16, "area_m2": 22500.0 }, "geometry": { "type": "Polygon", "coordinates": [ [ [ -118.356208019016719, 34.02795592334401 ], [ -118.356179859207074, 34.029307974227834 ], [ -118.354555857001614, 34.029284518031815 ], [ -118.35458404462041, 34.027932467514837 ], [ -118.356208019016719, 34.02795592334401 ] ] ] } },
{ "type": "Feature", "properties": { "cell_id": "c0025_0017", "row": 25, "col": 17, "area_m2": 22500.0 }, "geometry": { "type": "Polygon", "coordinates": [ [ [ -118.35458404462041, 34.027932467514837 ], [ -118.354555857001614, 34.029284518031815 ], [ -118.352931855761852, 34.029261038675543 ], [ -118.352960071189742, 34.027908988525795 ], [ -118.35458404462041, 34.027932467514837 ] ] ] } },
{ "type": "Feature", "properties": { "cell_id": "c0025_0018", "row": 25, "col": 18, "area_m2": 22500.0 }, "geometry": { "type": "Polygon", "coordinates": [ [ [ -118.352960071189742, 34.027908988525795 ], [ -118.352931855761852, 34.029261038675543 ], [ -118.351307855488727, 34.029237536159044 ], [ -118.351336098725639, 34.027885486376903 ], [ -118.352960071189742, 34.027908988525795 ] ] ] } },
{ "type": "Feature", "properties": { "cell_id": "c0025_0019", "row": 25, "col": 19, "area_m2": 22500.0 }, "geometry": { "type": "Polygon", "coordinates": [ [ [ -118.351336098725639, 34.027885486376903 ], [ -118.351307855488727, 34.029237536159044 ], [ -118.349683856183162, 34.029214010482363 ], [ -118.349712127229111, 34.027861961068147 ], [ -118.351336098725639, 34.027885486376903 ] ] ] } },
{ "type": "Feature", "properties": { "cell_id": "c0025_0020", "row": 25, "col": 20, "area_m2": 22500.0 }, "geometry": { "type": "Polygon", "coordinates": [ [ [ -118.349712127229111, 34.027861961068147 ], [ -118.349683856183162, 34.029214010482363 ], [ -118.348059857846181, 34.029190461645484 ], [ -118.348088156701053, 34.027838412599593 ], [ -118.349712127229111, 34.027861961068147 ] ] ] } },
{ "type": "Feature", "properties": { "cell_id": "c0025_0021", "row": 25, "col": 21, "area_m2": 22500.0 }, "geometry": { "type": "Polygon", "coordinates": [ [ [ -118.348088156701053, 34.027838412599593 ], [ -118.348059857846181, 34.029190461645484 ], [ -118.34643586047865, 34.029166889648451 ], [ -118.346464187142445, 34.027814840971217 ], [ -118.348088156701053, 34.027838412599593 ] ] ] } },
{ "type": "Feature", "properties": { "cell_id": "c0025_0022", "row": 25, "col": 22, "area_m2": 22500.0 }, "geometry": { "type": "Polygon", "coordinates": [ [ [ -118.346464187142445, 34.027814840971217 ], [ -118.34643586047865, 34.029166889648451 ], [ -118.344811864081606, 34.029143294491277 ], [ -118.344840218554225, 34.027791246183078 ], [ -118.346464187142445, 34.027814840971217 ] ] ] } },
{ "type": "Feature", "properties": { "cell_id": "c0025_0023", "row": 25, "col": 23, "area_m2": 22500.0 }, "geometry": { "type": "Polygon", "coordinates": [ [ [ -118.344840218554225, 34.027791246183078 ], [ -118.344811864081606, 34.029143294491277 ], [ -118.343187868655917, 34.029119676173963 ], [ -118.34321625093736, 34.027767628235154 ], [ -118.344840218554225, 34.027791246183078 ] ] ] } },
{ "type": "Feature", "properties": { "cell_id": "c0025_0024", "row": 25, "col": 24, "area_m2": 22500.0 }, "geometry": { "type": "Polygon", "coordinates": [ [ [ -118.34321625093736, 34.027767628235154 ], [ -118.343187868655917, 34.029119676173963 ], [ -118.34156387420262, 34.029096034696558 ], [ -118.341592284292759, 34.027743987127501 ], [ -118.34321625093736, 34.027767628235154 ] ] ] } },
{ "type": "Feature", "properties": { "cell_id": "c0025_0025", "row": 25, "col": 25, "area_m2": 22500.0 }, "geometry": { "type": "Polygon", "coordinates": [ [ [ -118.341592284292759, 34.027743987127501 ], [ -118.34156387420262, 34.029096034696558 ], [ -118.339939880722596, 34.029072370059062 ], [ -118.339968318621445, 34.027720322860119 ], [ -118.341592284292759, 34.027743987127501 ] ] ] } },
{ "type": "Feature", "properties": { "cell_id": "c0025_0026", "row": 25, "col": 26, "area_m2": 22500.0 }, "geometry": { "type": "Polygon", "coordinates": [ [ [ -118.339968318621445, 34.027720322860119 ], [ -118.339939880722596, 34.029072370059062 ], [ -118.338315888216812, 34.029048682261489 ], [ -118.338344353924327, 34.027696635433031 ], [ -118.339968318621445, 34.027720322860119 ] ] ] } },
{ "type": "Feature", "properties": { "cell_id": "c0025_0027", "row": 25, "col": 27, "area_m2": 22500.0 }, "geometry": { "type": "Polygon", "coordinates": [ [ [ -118.338344353924327, 34.027696635433031 ], [ -118.338315888216812, 34.029048682261489 ], [ -118.336691896686261, 34.029024971303869 ], [ -118.336720390202359, 34.027672924846243 ], [ -118.338344353924327, 34.027696635433031 ] ] ] } },
{ "type": "Feature", "properties": { "cell_id": "c0025_0028", "row": 25, "col": 28, "area_m2": 22500.0 }, "geometry": { "type": "Polygon", "coordinates": [ [ [ -118.336720390202359, 34.027672924846243 ], [ -118.336691896686261, 34.029024971303869 ], [ -118.33506790613184, 34.029001237186208 ], [ -118.33509642745652, 34.027649191099812 ], [ -118.336720390202359, 34.027672924846243 ] ] ] } },
{ "type": "Feature", "properties": { "cell_id": "c0025_0029", "row": 25, "col": 29, "area_m2": 22500.0 }, "geometry": { "type": "Polygon", "coordinates": [ [ [ -118.33509642745652, 34.027649191099812 ], [ -118.33506790613184, 34.029001237186208 ], [ -118.333443916554558, 34.028977479908562 ], [ -118.33347246568772, 34.027625434193702 ], [ -118.33509642745652, 34.027649191099812 ] ] ] } },
{ "type": "Feature", "properties": { "cell_id": "c0025_0030", "row": 25, "col": 30, "area_m2": 22500.0 }, "geometry": { "type": "Polygon", "coordinates": [ [ [ -118.33347246568772, 34.027625434193702 ], [ -118.333443916554558, 34.028977479908562 ], [ -118.331819927955308, 34.028953699470897 ], [ -118.331848504896925, 34.027601654127963 ], [ -118.33347246568772, 34.027625434193702 ] ] ] } },
{ "type": "Feature", "properties": { "cell_id": "c0025_0031", "row": 25, "col": 31, "area_m2": 22500.0 }, "geometry": { "type": "Polygon", "coordinates": [ [ [ -118.331848504896925, 34.027601654127963 ], [ -118.331819927955308, 34.028953699470897 ], [ -118.330195940335088, 34.028929895873283 ], [ -118.330224545085073, 34.027577850902631 ], [ -118.331848504896925, 34.027601654127963 ] ] ] } },
{ "type": "Feature", "properties": { "cell_id": "c0025_0032", "row": 25, "col": 32, "area_m2": 22500.0 }, "geometry": { "type": "Polygon", "coordinates": [ [ [ -118.330224545085073, 34.027577850902631 ], [ -118.330195940335088, 34.028929895873283 ], [ -118.328571953694833, 34.028906069115692 ], [ -118.328600586253174, 34.027554024517705 ], [ -118.330224545085073, 34.027577850902631 ] ] ] } },
{ "type": "Feature", "properties": { "cell_id": "c0025_0033", "row": 25, "col": 33, "area_m2": 22500.0 }, "geometry": { "type": "Polygon", "coordinates": [ [ [ -118.328600586253174, 34.027554024517705 ], [ -118.328571953694833, 34.028906069115692 ], [ -118.326947968035483, 34.028882219198188 ], [ -118.326976628402136, 34.027530174973194 ], [ -118.328600586253174, 34.027554024517705 ] ] ] } },
{ "type": "Feature", "properties": { "cell_id": "c0025_0034", "row": 25, "col": 34, "area_m2": 22500.0 }, "geometry": { "type": "Polygon", "coordinates": [ [ [ -118.326976628402136, 34.027530174973194 ], [ -118.326947968035483, 34.028882219198188 ], [ -118.325323983358018, 34.028858346120742 ], [ -118.325352671532912, 34.027506302269138 ], [ -118.326976628402136, 34.027530174973194 ] ] ] } },
{ "type": "Feature", "properties": { "cell_id": "c0025_0035", "row": 25, "col": 35, "area_m2": 22500.0 }, "geometry": { "type": "Polygon", "coordinates": [ [ [ -118.325352671532912, 34.027506302269138 ], [ -118.325323983358018, 34.028858346120742 ], [ -118.32369999966339, 34.028834449883419 ], [ -118.323728715646453, 34.027482406405539 ], [ -118.325352671532912, 34.027506302269138 ] ] ] } },
{ "type": "Feature", "properties": { "cell_id": "c0025_0036", "row": 25, "col": 36, "area_m2": 22500.0 }, "geometry": { "type": "Polygon", "coordinates": [ [ [ -118.323728715646453, 34.027482406405539 ], [ -118.32369999966339, 34.028834449883419 ], [ -118.322076016952494, 34.028810530486204 ], [ -118.322104760743741, 34.027458487382418 ], [ -118.323728715646453, 34.027482406405539 ] ] ] } },
{ "type": "Feature", "properties": { "cell_id": "c0025_0037", "row": 25, "col": 37, "area_m2": 22500.0 }, "geometry": { "type": "Polygon", "coordinates": [ [ [ -118.322104760743741, 34.027458487382418 ], [ -118.322076016952494, 34.028810530486204 ], [ -118.320452035226353, 34.028786587929147 ], [ -118.320480806825671, 34.027434545199831 ], [ -118.322104760743741, 34.027458487382418 ] ] ] } },
{ "type": "Feature", "properties": { "cell_id": "c0025_0038", "row": 25, "col": 38, "area_m2": 22500.0 }, "geometry": { "type": "Polygon", "coordinates": [ [ [ -118.320480806825671, 34.027434545199831 ], [ -118.320452035226353, 34.028786587929147 ], [ -118.318828054485891, 34.028762622212255 ], [ -118.318856853893237, 34.027410579857737 ], [ -118.320480806825671, 34.027434545199831 ] ] ] } },
{ "type": "Feature", "properties": { "cell_id": "c0025_0039", "row": 25, "col": 39, "area_m2": 22500.0 }, "geometry": { "type": "Polygon", "coordinates": [ [ [ -118.318856853893237, 34.027410579857737 ], [ -118.318828054485891, 34.028762622212255 ], [ -118.317204074732047, 34.028738633335514 ], [ -118.317232901947392, 34.027386591356205 ], [ -118.318856853893237, 34.027410579857737 ] ] ] } },
{ "type": "Feature", "properties": { "cell_id": "c0025_0040", "row": 25, "col": 40, "area_m2": 22500.0 }, "geometry": { "type": "Polygon", "coordinates": [ [ [ -118.317232901947392, 34.027386591356205 ], [ -118.317204074732047, 34.028738633335514 ], [ -118.315580095965785, 34.028714621298995 ], [ -118.315608950989088, 34.027362579695222 ], [ -118.317232901947392, 34.027386591356205 ] ] ] } },
{ "type": "Feature", "properties": { "cell_id": "c0025_0041", "row": 25, "col": 41, "area_m2": 22500.0 }, "geometry": { "type": "Polygon", "coordinates": [ [ [ -118.315608950989088, 34.027362579695222 ], [ -118.315580095965785, 34.028714621298995 ], [ -118.313956118188045, 34.028690586102684 ], [ -118.313985001019248, 34.027338544874823 ], [ -118.315608950989088, 34.027362579695222 ] ] ] } },
{ "type": "Feature", "properties": { "cell_id": "c0025_0042", "row": 25, "col": 42, "area_m2": 22500.0 }, "geometry": { "type": "Polygon", "coordinates": [ [ [ -118.313985001019248, 34.027338544874823 ], [ -118.313956118188045, 34.028690586102684 ], [ -118.312332141399835, 34.02866652774663 ], [ -118.312361052038852, 34.027314486895015 ], [ -118.313985001019248, 34.027338544874823 ] ] ] } },
{ "type": "Feature", "properties": { "cell_id": "c0025_0043", "row": 25, "col": 43, "area_m2": 22500.0 }, "geometry": { "type": "Polygon", "coordinates": [ [ [ -118.312361052038852, 34.027314486895015 ], [ -118.312332141399835, 34.02866652774663 ], [ -118.310708165602009, 34.028642446230812 ], [ -118.310737104048854, 34.027290405755835 ], [ -118.312361052038852, 34.027314486895015 ] ] ] } },
{ "type": "Feature", "properties": { "cell_id": "c0025_0044", "row": 25, "col": 44, "area_m2": 22500.0 }, "geometry": { "type": "Polygon", "coordinates": [ [ [ -118.310737104048854, 34.027290405755835 ], [ -118.310708165602009, 34.028642446230812 ], [ -118.309084190795602, 34.028618341555287 ], [ -118.309113157050163, 34.027266301457296 ], [ -118.310737104048854, 34.027290405755835 ] ] ] } },
{ "type": "Feature", "properties": { "cell_id": "c0025_0045", "row": 25, "col": 45, "area_m2": 22500.0 }, "geometry": { "type": "Polygon", "coordinates": [ [ [ -118.309113157050163, 34.027266301457296 ], [ -118.309084190795602, 34.028618341555287 ], [ -118.307460216981539, 34.028594213720041 ], [ -118.307489211043787, 34.027242173999404 ], [ -118.309113157050163, 34.027266301457296 ] ] ] } },
{ "type": "Feature", "properties": { "cell_id": "c0025_0046", "row": 25, "col": 46, "area_m2": 22500.0 }, "geometry": { "type": "Polygon", "coordinates": [ [ [ -118.307489211043787, 34.027242173999404 ], [ -118.307460216981539, 34.028594213720041 ], [ -118.305836244160773, 34.028570062725123 ], [ -118.305865266030651, 34.027218023382204 ], [ -118.307489211043787, 34.027242173999404 ] ] ] } },
{ "type": "Feature", "properties": { "cell_id": "c0025_0047", "row": 25, "col": 47, "area_m2": 22500.0 }, "geometry": { "type": "Polygon", "coordinates": [ [ [ -118.305865266030651, 34.027218023382204 ], [ -118.305836244160773, 34.028570062725123 ], [ -118.30421227233424, 34.028545888570541 ], [ -118.30424132201172, 34.027193849605688 ], [ -118.305865266030651, 34.027218023382204 ] ] ] } },
{ "type": "Feature", "properties": { "cell_id": "c0025_0048", "row": 25, "col": 48, "area_m2": 22500.0 }, "geometry": { "type": "Polygon", "coordinates": [ [ [ -118.30424132201172, 34.027193849605688 ], [ -118.30421227233424, 34.028545888570541 ], [ -118.302588301502922, 34.028521691256294 ], [ -118.302617378987904, 34.027169652669905 ], [ -118.30424132201172, 34.027193849605688 ] ] ] } },
{ "type": "Feature", "properties": { "cell_id": "c0025_0049", "row": 25, "col": 49, "area_m2": 22500.0 }, "geometry": { "type": "Polygon", "coordinates": [ [ [ -118.302617378987904, 34.027169652669905 ], [ -118.302588301502922, 34.028521691256294 ], [ -118.300964331667743, 34.028497470782455 ], [ -118.300993436960226, 34.027145432574834 ], [ -118.302617378987904, 34.027169652669905 ] ] ] } },
{ "type": "Feature", "properties": { "cell_id": "c0025_0050", "row": 25, "col": 50, "area_m2": 22500.0 }, "geometry": { "type": "Polygon", "coordinates": [ [ [ -118.300993436960226, 34.027145432574834 ], [ -118.300964331667743, 34.028497470782455 ], [ -118.299340362829668, 34.028473227148979 ], [ -118.299369495929582, 34.027121189320525 ], [ -118.300993436960226, 34.027145432574834 ] ] ] } },
{ "type": "Feature", "properties": { "cell_id": "c0025_0051", "row": 25, "col": 51, "area_m2": 22500.0 }, "geometry": { "type": "Polygon", "coordinates": [ [ [ -118.299369495929582, 34.027121189320525 ], [ -118.299340362829668, 34.028473227148979 ], [ -118.297716394989649, 34.028448960355917 ], [ -118.297745555896952, 34.027096922906999 ], [ -118.299369495929582, 34.027121189320525 ] ] ] } },
{ "type": "Feature", "properties": { "cell_id": "c0025_0052", "row": 25, "col": 52, "area_m2": 22500.0 }, "geometry": { "type": "Polygon", "coordinates": [ [ [ -118.297745555896952, 34.027096922906999 ], [ -118.297716394989649, 34.028448960355917 ], [ -118.296092428148626, 34.028424670403304 ], [ -118.29612161686326, 34.027072633334278 ], [ -118.297745555896952, 34.027096922906999 ] ] ] } },
{ "type": "Feature", "properties": { "cell_id": "c0025_0053", "row": 25, "col": 53, "area_m2": 22500.0 }, "geometry": { "type": "Polygon", "coordinates": [ [ [ -118.29612161686326, 34.027072633334278 ], [ -118.296092428148626, 34.028424670403304 ], [ -118.294468462307563, 34.028400357291133 ], [ -118.294497678829472, 34.027048320602347 ], [ -118.29612161686326, 34.027072633334278 ] ] ] } },
{ "type": "Feature", "properties": { "cell_id": "c0025_0054", "row": 25, "col": 54, "area_m2": 22500.0 }, "geometry": { "type": "Polygon", "coordinates": [ [ [ -118.294497678829472, 34.027048320602347 ], [ -118.294468462307563, 34.028400357291133 ], [ -118.292844497467428, 34.028376021019433 ], [ -118.292873741796555, 34.027023984711256 ], [ -118.294497678829472, 34.027048320602347 ] ] ] } },
{ "type": "Feature", "properties": { "cell_id": "c0025_0055", "row": 25, "col": 55, "area_m2": 22500.0 }, "geometry": { "type": "Polygon", "coordinates": [ [ [ -118.292873741796555, 34.027023984711256 ], [ -118.292844497467428, 34.028376021019433 ], [ -118.291220533629144, 34.028351661588246 ], [ -118.29124980576546, 34.026999625661013 ], [ -118.292873741796555, 34.027023984711256 ] ] ] } },
{ "type": "Feature", "properties": { "cell_id": "c0025_0056", "row": 25, "col": 56, "area_m2": 22500.0 }, "geometry": { "type": "Polygon", "coordinates": [ [ [ -118.29124980576546, 34.026999625661013 ], [ -118.291220533629144, 34.028351661588246 ], [ -118.289596570793691, 34.028327278997537 ], [ -118.289625870737112, 34.026975243451645 ], [ -118.29124980576546, 34.026999625661013 ] ] ] } },
{ "type": "Feature", "properties": { "cell_id": "c0025_0057", "row": 25, "col": 57, "area_m2": 22500.0 }, "geometry": { "type": "Polygon", "coordinates": [ [ [ -118.289625870737112, 34.026975243451645 ], [ -118.289596570793691, 34.028327278997537 ], [ -118.287972608961994, 34.028302873247377 ], [ -118.288001936712462, 34.026950838083181 ], [ -118.289625870737112, 34.026975243451645 ] ] ] } },
{ "type": "Feature", "properties": { "cell_id": "c0025_0058", "row": 25, "col": 58, "area_m2": 22500.0 }, "geometry": { "type": "Polygon", "coordinates": [ [ [ -118.288001936712462, 34.026950838083181 ], [ -118.287972608961994, 34.028302873247377 ], [ -118.28634864813499, 34.028278444337751 ], [ -118.286378003692519, 34.026926409555635 ], [ -118.288001936712462, 34.026950838083181 ] ] ] } },
{ "type": "Feature", "properties": { "cell_id": "c0025_0059", "row": 25, "col": 59, "area_m2": 22500.0 }, "geometry": { "type": "Polygon", "coordinates": [ [ [ -118.286378003692519, 34.026926409555635 ], [ -118.28634864813499, 34.028278444337751 ], [ -118.284724688313688, 34.028253992268716 ], [ -118.284754071678165, 34.026901957869001 ], [ -118.286378003692519, 34.026926409555635 ] ] ] } },
{ "type": "Feature", "properties": { "cell_id": "c0025_0060", "row": 25, "col": 60, "area_m2": 22500.0 }, "geometry": { "type": "Polygon", "coordinates": [ [ [ -118.284754071678165, 34.026901957869001 ], [ -118.284724688313688, 34.028253992268716 ], [ -118.283100729499012, 34.028229517040245 ], [ -118.283130140670394, 34.026877483023299 ], [ -118.284754071678165, 34.026901957869001 ] ] ] } },
{ "type": "Feature", "properties": { "cell_id": "c0025_0061", "row": 25, "col": 61, "area_m2": 22500.0 }, "geometry": { "type": "Polygon", "coordinates": [ [ [ -118.283130140670394, 34.026877483023299 ], [ -118.283100729499012, 34.028229517040245 ], [ -118.281476771691885, 34.0282050186524 ], [ -118.281506210670145, 34.026852985018593 ], [ -118.283130140670394, 34.026877483023299 ] ] ] } },
{ "type": "Feature", "properties": { "cell_id": "c0025_0062", "row": 25, "col": 62, "area_m2": 22500.0 }, "geometry": { "type": "Polygon", "coordinates": [ [ [ -118.281506210670145, 34.026852985018593 ], [ -118.281476771691885, 34.0282050186524 ], [ -118.279852814893289, 34.028180497105176 ], [ -118.279882281678383, 34.026828463854876 ], [ -118.281506210670145, 34.026852985018593 ] ] ] } },
{ "type": "Feature", "properties": { "cell_id": "c0025_0063", "row": 25, "col": 63, "area_m2": 22500.0 }, "geometry": { "type": "Polygon", "coordinates": [ [ [ -118.279882281678383, 34.026828463854876 ], [ -118.279852814893289, 34.028180497105176 ], [ -118.278228859104189, 34.028155952398613 ], [ -118.278258353696032, 34.026803919532163 ], [ -118.279882281678383, 34.026828463854876 ] ] ] } },
{ "type": "Feature", "properties": { "cell_id": "c0025_0064", "row": 25, "col": 64, "area_m2": 22500.0 }, "geometry": { "type": "Polygon", "coordinates": [ [ [ -118.278258353696032, 34.026803919532163 ], [ -118.278228859104189, 34.028155952398613 ], [ -118.276604904325509, 34.028131384532692 ], [ -118.276634426724044, 34.026779352050482 ], [ -118.278258353696032, 34.026803919532163 ] ] ] } },
{ "type": "Feature", "properties": { "cell_id": "c0025_0065", "row": 25, "col": 65, "area_m2": 22500.0 }, "geometry": { "type": "Polygon", "coordinates": [ [ [ -118.276634426724044, 34.026779352050482 ], [ -118.276604904325509, 34.028131384532692 ], [ -118.274980950558231, 34.028106793507469 ], [ -118.275010500763429, 34.026754761409862 ], [ -118.276634426724044, 34.026779352050482 ] ] ] } },
{ "type": "Feature", "properties": { "cell_id": "c0025_0066", "row": 25, "col": 66, "area_m2": 5467.0931480586914 }, "geometry": { "type": "Polygon", "coordinates": [ [ [ -118.275010500763429, 34.026754761409862 ], [ -118.274980950558231, 34.028106793507469 ], [ -118.274416057560032, 34.028098234076332 ], [ -118.274422347066832, 34.028010604572358 ], [ -118.274441705536205, 34.027882936435141 ], [ -118.274510065487277, 34.027619299987251 ], [ -118.274551553621905, 34.027504177685188 ], [ -118.274608065919608, 34.027347361515687 ], [ -118.274706172736643, 34.027108358303835 ], [ -118.274824057859618, 34.026869309992193 ], [ -118.274877464006536, 34.026752745845755 ], [ -118.275010500763429, 34.026754761409862 ] ] ] } },
{ "type": "Feature", "properties": { "cell_id": "c0026_0004", "row": 26, "col": 4, "area_m2": 2870.9319457448169 }, "geometry": { "type": "Polygon", "coordinates": [ [ [ -118.374043946929845, 34.029564463802991 ], [ -118.374959133270409, 34.029577528388479 ], [ -118.374344217522605, 34.029974475937522 ], [ -118.374031321357037, 34.030177305111195 ], [ -118.374043946929845, 34.029564463802991 ] ] ] } },
{ "type": "Feature", "properties": { "cell_id": "c0026_0005", "row": 26, "col": 5, "area_m2": 11672.486607304965 }, "geometry": { "type": "Polygon", "coordinates": [ [ [ -118.372419934164725, 34.029541262370834 ], [ -118.374043946929845, 34.029564463802991 ], [ -118.374031321357037, 34.030177305111195 ], [ -118.373998672810814, 34.030198468817481 ], [ -118.373653099723981, 34.030416277181288 ], [ -118.372592329020705, 34.030118319249887 ], [ -118.372409109261284, 34.030066176146576 ], [ -118.372419934164725, 34.029541262370834 ] ] ] } },
{ "type": "Feature", "properties": { "cell_id": "c0026_0006", "row": 26, "col": 6, "area_m2": 15951.397026192564 }, "geometry": { "type": "Polygon", "coordinates": [ [ [ -118.370768011873551, 34.030870089928207 ], [ -118.370795922354802, 34.029518037778217 ], [ -118.372419934164725, 34.029541262370834 ], [ -118.372409109261284, 34.030066176146576 ], [ -118.371916535190778, 34.029925991082401 ], [ -118.371493309800826, 34.030867754777091 ], [ -118.371487600928603, 34.030880383437932 ], [ -118.370768011873551, 34.030870089928207 ] ] ] } },
{ "type": "Feature", "properties": { "cell_id": "c0026_0007", "row": 26, "col": 7, "area_m2": 22500.0 }, "geometry": { "type": "Polygon", "coordinates": [ [ [ -118.370795922354802, 34.029518037778217 ], [ -118.370768011873551, 34.030870089928207 ], [ -118.369143973209233, 34.030846841811552 ], [ -118.369171911501041, 34.029494790025204 ], [ -118.370795922354802, 34.029518037778217 ] ] ] } },
{ "type": "Feature", "properties": { "cell_id": "c0026_0008", "row": 26, "col": 8, "area_m2": 22500.0 }, "geometry": { "type": "Polygon", "coordinates": [ [ [ -118.369171911501041, 34.029494790025204 ], [ -118.369143973209233, 34.030846841811552 ], [ -118.367519935502102, 34.030823570534118 ], [ -118.367547901604397, 34.029471519111759 ], [ -118.369171911501041, 34.029494790025204 ] ] ] } },
{ "type": "Feature", "properties": { "cell_id": "c0026_0009", "row": 26, "col": 9, "area_m2": 22500.0 }, "geometry": { "type": "Polygon", "coordinates": [ [ [ -118.367547901604397, 34.029471519111759 ], [ -118.367519935502102, 34.030823570534118 ], [ -118.365895898753067, 34.030800276095931 ], [ -118.365923892665833, 34.029448225037918 ], [ -118.367547901604397, 34.029471519111759 ] ] ] } },
{ "type": "Feature", "properties": { "cell_id": "c0026_0010", "row": 26, "col": 10, "area_m2": 22500.0 }, "geometry": { "type": "Polygon", "coordinates": [ [ [ -118.365923892665833, 34.029448225037918 ], [ -118.365895898753067, 34.030800276095931 ], [ -118.364271862963122, 34.030776958497029 ], [ -118.364299884686261, 34.029424907803737 ], [ -118.365923892665833, 34.029448225037918 ] ] ] } },
{ "type": "Feature", "properties": { "cell_id": "c0026_0011", "row": 26, "col": 11, "area_m2": 22500.0 }, "geometry": { "type": "Polygon", "coordinates": [ [ [ -118.364299884686261, 34.029424907803737 ], [ -118.364271862963122, 34.030776958497029 ], [ -118.362647828133191, 34.030753617737403 ], [ -118.362675877666675, 34.029401567409181 ], [ -118.364299884686261, 34.029424907803737 ] ] ] } },
{ "type": "Feature", "properties": { "cell_id": "c0026_0012", "row": 26, "col": 12, "area_m2": 22500.0 }, "geometry": { "type": "Polygon", "coordinates": [ [ [ -118.362675877666675, 34.029401567409181 ], [ -118.362647828133191, 34.030753617737403 ], [ -118.361023794264241, 34.030730253817083 ], [ -118.361051871608012, 34.029378203854307 ], [ -118.362675877666675, 34.029401567409181 ] ] ] } },
{ "type": "Feature", "properties": { "cell_id": "c0026_0013", "row": 26, "col": 13, "area_m2": 22500.0 }, "geometry": { "type": "Polygon", "coordinates": [ [ [ -118.361051871608012, 34.029378203854307 ], [ -118.361023794264241, 34.030730253817083 ], [ -118.359399761357196, 34.030706866736082 ], [ -118.359427866511226, 34.029354817139094 ], [ -118.361051871608012, 34.029378203854307 ] ] ] } },
{ "type": "Feature", "properties": { "cell_id": "c0026_0014", "row": 26, "col": 14, "area_m2": 22500.0 }, "geometry": { "type": "Polygon", "coordinates": [ [ [ -118.359427866511226, 34.029354817139094 ], [ -118.359399761357196, 34.030706866736082 ], [ -118.357775729413035, 34.030683456494437 ], [ -118.357803862377253, 34.029331407263619 ], [ -118.359427866511226, 34.029354817139094 ] ] ] } },
{ "type": "Feature", "properties": { "cell_id": "c0026_0015", "row": 26, "col": 15, "area_m2": 22500.0 }, "geometry": { "type": "Polygon", "coordinates": [ [ [ -118.357803862377253, 34.029331407263619 ], [ -118.357775729413035, 34.030683456494437 ], [ -118.356151698432697, 34.030660023092146 ], [ -118.356179859207074, 34.029307974227834 ], [ -118.357803862377253, 34.029331407263619 ] ] ] } },
{ "type": "Feature", "properties": { "cell_id": "c0026_0016", "row": 26, "col": 16, "area_m2": 22500.0 }, "geometry": { "type": "Polygon", "coordinates": [ [ [ -118.356179859207074, 34.029307974227834 ], [ -118.356151698432697, 34.030660023092146 ], [ -118.354527668417163, 34.030636566529232 ], [ -118.354555857001614, 34.029284518031815 ], [ -118.356179859207074, 34.029307974227834 ] ] ] } },
{ "type": "Feature", "properties": { "cell_id": "c0026_0017", "row": 26, "col": 17, "area_m2": 22500.0 }, "geometry": { "type": "Polygon", "coordinates": [ [ [ -118.354555857001614, 34.029284518031815 ], [ -118.354527668417163, 34.030636566529232 ], [ -118.352903639367341, 34.030613086805722 ], [ -118.352931855761852, 34.029261038675543 ], [ -118.354555857001614, 34.029284518031815 ] ] ] } },
{ "type": "Feature", "properties": { "cell_id": "c0026_0018", "row": 26, "col": 18, "area_m2": 22500.0 }, "geometry": { "type": "Polygon", "coordinates": [ [ [ -118.352931855761852, 34.029261038675543 ], [ -118.352903639367341, 34.030613086805722 ], [ -118.351279611284198, 34.030589583921625 ], [ -118.351307855488727, 34.029237536159044 ], [ -118.352931855761852, 34.029261038675543 ] ] ] } },
{ "type": "Feature", "properties": { "cell_id": "c0026_0019", "row": 26, "col": 19, "area_m2": 22500.0 }, "geometry": { "type": "Polygon", "coordinates": [ [ [ -118.351307855488727, 34.029237536159044 ], [ -118.351279611284198, 34.030589583921625 ], [ -118.349655584168715, 34.03056605787696 ], [ -118.349683856183162, 34.029214010482363 ], [ -118.351307855488727, 34.029237536159044 ] ] ] } },
{ "type": "Feature", "properties": { "cell_id": "c0026_0020", "row": 26, "col": 20, "area_m2": 22500.0 }, "geometry": { "type": "Polygon", "coordinates": [ [ [ -118.349683856183162, 34.029214010482363 ], [ -118.349655584168715, 34.03056605787696 ], [ -118.348031558021816, 34.030542508671751 ], [ -118.348059857846181, 34.029190461645484 ], [ -118.349683856183162, 34.029214010482363 ] ] ] } },
{ "type": "Feature", "properties": { "cell_id": "c0026_0021", "row": 26, "col": 21, "area_m2": 22500.0 }, "geometry": { "type": "Polygon", "coordinates": [ [ [ -118.348059857846181, 34.029190461645484 ], [ -118.348031558021816, 34.030542508671751 ], [ -118.346407532844438, 34.030518936306017 ], [ -118.34643586047865, 34.029166889648451 ], [ -118.348059857846181, 34.029190461645484 ] ] ] } },
{ "type": "Feature", "properties": { "cell_id": "c0026_0022", "row": 26, "col": 22, "area_m2": 22500.0 }, "geometry": { "type": "Polygon", "coordinates": [ [ [ -118.34643586047865, 34.029166889648451 ], [ -118.346407532844438, 34.030518936306017 ], [ -118.34478350863759, 34.030495340779787 ], [ -118.344811864081606, 34.029143294491277 ], [ -118.34643586047865, 34.029166889648451 ] ] ] } },
{ "type": "Feature", "properties": { "cell_id": "c0026_0023", "row": 26, "col": 23, "area_m2": 22500.0 }, "geometry": { "type": "Polygon", "coordinates": [ [ [ -118.344811864081606, 34.029143294491277 ], [ -118.34478350863759, 34.030495340779787 ], [ -118.343159485402168, 34.030471722093075 ], [ -118.343187868655917, 34.029119676173963 ], [ -118.344811864081606, 34.029143294491277 ] ] ] } },
{ "type": "Feature", "properties": { "cell_id": "c0026_0024", "row": 26, "col": 24, "area_m2": 22500.0 }, "geometry": { "type": "Polygon", "coordinates": [ [ [ -118.343187868655917, 34.029119676173963 ], [ -118.343159485402168, 34.030471722093075 ], [ -118.341535463139152, 34.030448080245883 ], [ -118.34156387420262, 34.029096034696558 ], [ -118.343187868655917, 34.029119676173963 ] ] ] } },
{ "type": "Feature", "properties": { "cell_id": "c0026_0025", "row": 26, "col": 25, "area_m2": 22500.0 }, "geometry": { "type": "Polygon", "coordinates": [ [ [ -118.34156387420262, 34.029096034696558 ], [ -118.341535463139152, 34.030448080245883 ], [ -118.339911441849466, 34.03042441523823 ], [ -118.339939880722596, 34.029072370059062 ], [ -118.34156387420262, 34.029096034696558 ] ] ] } },
{ "type": "Feature", "properties": { "cell_id": "c0026_0026", "row": 26, "col": 26, "area_m2": 22500.0 }, "geometry": { "type": "Polygon", "coordinates": [ [ [ -118.339939880722596, 34.029072370059062 ], [ -118.339911441849466, 34.03042441523823 ], [ -118.338287421534119, 34.030400727070159 ], [ -118.338315888216812, 34.029048682261489 ], [ -118.339939880722596, 34.029072370059062 ] ] ] } },
{ "type": "Feature", "properties": { "cell_id": "c0026_0027", "row": 26, "col": 27, "area_m2": 22500.0 }, "geometry": { "type": "Polygon", "coordinates": [ [ [ -118.338315888216812, 34.029048682261489 ], [ -118.338287421534119, 34.030400727070159 ], [ -118.336663402193992, 34.030377015741685 ], [ -118.336691896686261, 34.029024971303869 ], [ -118.338315888216812, 34.029048682261489 ] ] ] } },
{ "type": "Feature", "properties": { "cell_id": "c0026_0028", "row": 26, "col": 28, "area_m2": 22500.0 }, "geometry": { "type": "Polygon", "coordinates": [ [ [ -118.336691896686261, 34.029024971303869 ], [ -118.336663402193992, 34.030377015741685 ], [ -118.335039383830093, 34.030353281252808 ], [ -118.33506790613184, 34.029001237186208 ], [ -118.336691896686261, 34.029024971303869 ] ] ] } },
{ "type": "Feature", "properties": { "cell_id": "c0026_0029", "row": 26, "col": 29, "area_m2": 22500.0 }, "geometry": { "type": "Polygon", "coordinates": [ [ [ -118.33506790613184, 34.029001237186208 ], [ -118.335039383830093, 34.030353281252808 ], [ -118.333415366443347, 34.030329523603555 ], [ -118.333443916554558, 34.028977479908562 ], [ -118.33506790613184, 34.029001237186208 ] ] ] } },
{ "type": "Feature", "properties": { "cell_id": "c0026_0030", "row": 26, "col": 30, "area_m2": 22500.0 }, "geometry": { "type": "Polygon", "coordinates": [ [ [ -118.333443916554558, 34.028977479908562 ], [ -118.333415366443347, 34.030329523603555 ], [ -118.331791350034706, 34.030305742793956 ], [ -118.331819927955308, 34.028953699470897 ], [ -118.333443916554558, 34.028977479908562 ] ] ] } },
{ "type": "Feature", "properties": { "cell_id": "c0026_0031", "row": 26, "col": 31, "area_m2": 22500.0 }, "geometry": { "type": "Polygon", "coordinates": [ [ [ -118.331819927955308, 34.028953699470897 ], [ -118.331791350034706, 34.030305742793956 ], [ -118.330167334605136, 34.030281938824004 ], [ -118.330195940335088, 34.028929895873283 ], [ -118.331819927955308, 34.028953699470897 ] ] ] } },
{ "type": "Feature", "properties": { "cell_id": "c0026_0032", "row": 26, "col": 32, "area_m2": 22500.0 }, "geometry": { "type": "Polygon", "coordinates": [ [ [ -118.330195940335088, 34.028929895873283 ], [ -118.330167334605136, 34.030281938824004 ], [ -118.328543320155589, 34.030258111693755 ], [ -118.328571953694833, 34.028906069115692 ], [ -118.330195940335088, 34.028929895873283 ] ] ] } },
{ "type": "Feature", "properties": { "cell_id": "c0026_0033", "row": 26, "col": 33, "area_m2": 22500.0 }, "geometry": { "type": "Polygon", "coordinates": [ [ [ -118.328571953694833, 34.028906069115692 ], [ -118.328543320155589, 34.030258111693755 ], [ -118.326919306686989, 34.030234261403201 ], [ -118.326947968035483, 34.028882219198188 ], [ -118.328571953694833, 34.028906069115692 ] ] ] } },
{ "type": "Feature", "properties": { "cell_id": "c0026_0034", "row": 26, "col": 34, "area_m2": 22500.0 }, "geometry": { "type": "Polygon", "coordinates": [ [ [ -118.326947968035483, 34.028882219198188 ], [ -118.326919306686989, 34.030234261403201 ], [ -118.32529529420033, 34.030210387952373 ], [ -118.325323983358018, 34.028858346120742 ], [ -118.326947968035483, 34.028882219198188 ] ] ] } },
{ "type": "Feature", "properties": { "cell_id": "c0026_0035", "row": 26, "col": 35, "area_m2": 22500.0 }, "geometry": { "type": "Polygon", "coordinates": [ [ [ -118.325323983358018, 34.028858346120742 ], [ -118.32529529420033, 34.030210387952373 ], [ -118.323671282696537, 34.030186491341283 ], [ -118.32369999966339, 34.028834449883419 ], [ -118.325323983358018, 34.028858346120742 ] ] ] } },
{ "type": "Feature", "properties": { "cell_id": "c0026_0036", "row": 26, "col": 36, "area_m2": 22500.0 }, "geometry": { "type": "Polygon", "coordinates": [ [ [ -118.32369999966339, 34.028834449883419 ], [ -118.323671282696537, 34.030186491341283 ], [ -118.322047272176547, 34.030162571569967 ], [ -118.322076016952494, 34.028810530486204 ], [ -118.32369999966339, 34.028834449883419 ] ] ] } },
{ "type": "Feature", "properties": { "cell_id": "c0026_0037", "row": 26, "col": 37, "area_m2": 22500.0 }, "geometry": { "type": "Polygon", "coordinates": [ [ [ -118.322076016952494, 34.028810530486204 ], [ -118.322047272176547, 34.030162571569967 ], [ -118.32042326264137, 34.030138628638404 ], [ -118.320452035226353, 34.028786587929147 ], [ -118.322076016952494, 34.028810530486204 ] ] ] } },
{ "type": "Feature", "properties": { "cell_id": "c0026_0038", "row": 26, "col": 38, "area_m2": 22500.0 }, "geometry": { "type": "Polygon", "coordinates": [ [ [ -118.320452035226353, 34.028786587929147 ], [ -118.32042326264137, 34.030138628638404 ], [ -118.3187992540919, 34.030114662546666 ], [ -118.318828054485891, 34.028762622212255 ], [ -118.320452035226353, 34.028786587929147 ] ] ] } },
{ "type": "Feature", "properties": { "cell_id": "c0026_0039", "row": 26, "col": 39, "area_m2": 22500.0 }, "geometry": { "type": "Polygon", "coordinates": [ [ [ -118.318828054485891, 34.028762622212255 ], [ -118.3187992540919, 34.030114662546666 ], [ -118.317175246529118, 34.030090673294737 ], [ -118.317204074732047, 34.028738633335514 ], [ -118.318828054485891, 34.028762622212255 ] ] ] } },
{ "type": "Feature", "properties": { "cell_id": "c0026_0040", "row": 26, "col": 40, "area_m2": 22500.0 }, "geometry": { "type": "Polygon", "coordinates": [ [ [ -118.317204074732047, 34.028738633335514 ], [ -118.317175246529118, 34.030090673294737 ], [ -118.315551239953962, 34.030066660882646 ], [ -118.315580095965785, 34.028714621298995 ], [ -118.317204074732047, 34.028738633335514 ] ] ] } },
{ "type": "Feature", "properties": { "cell_id": "c0026_0041", "row": 26, "col": 41, "area_m2": 22500.0 }, "geometry": { "type": "Polygon", "coordinates": [ [ [ -118.315580095965785, 34.028714621298995 ], [ -118.315551239953962, 34.030066660882646 ], [ -118.313927234367384, 34.030042625310415 ], [ -118.313956118188045, 34.028690586102684 ], [ -118.315580095965785, 34.028714621298995 ] ] ] } },
{ "type": "Feature", "properties": { "cell_id": "c0026_0042", "row": 26, "col": 42, "area_m2": 22500.0 }, "geometry": { "type": "Polygon", "coordinates": [ [ [ -118.313956118188045, 34.028690586102684 ], [ -118.313927234367384, 34.030042625310415 ], [ -118.312303229770365, 34.03001856657805 ], [ -118.312332141399835, 34.02866652774663 ], [ -118.313956118188045, 34.028690586102684 ] ] ] } },
{ "type": "Feature", "properties": { "cell_id": "c0026_0043", "row": 26, "col": 43, "area_m2": 22500.0 }, "geometry": { "type": "Polygon", "coordinates": [ [ [ -118.312332141399835, 34.02866652774663 ], [ -118.312303229770365, 34.03001856657805 ], [ -118.310679226163828, 34.029994484685588 ], [ -118.310708165602009, 34.028642446230812 ], [ -118.312332141399835, 34.02866652774663 ] ] ] } },
{ "type": "Feature", "properties": { "cell_id": "c0026_0044", "row": 26, "col": 44, "area_m2": 22500.0 }, "geometry": { "type": "Polygon", "coordinates": [ [ [ -118.310708165602009, 34.028642446230812 ], [ -118.310679226163828, 34.029994484685588 ], [ -118.309055223548725, 34.029970379633042 ], [ -118.309084190795602, 34.028618341555287 ], [ -118.310708165602009, 34.028642446230812 ] ] ] } },
{ "type": "Feature", "properties": { "cell_id": "c0026_0045", "row": 26, "col": 45, "area_m2": 22500.0 }, "geometry": { "type": "Polygon", "coordinates": [ [ [ -118.309084190795602, 34.028618341555287 ], [ -118.309055223548725, 34.029970379633042 ], [ -118.307431221926009, 34.029946251420427 ], [ -118.307460216981539, 34.028594213720041 ], [ -118.309084190795602, 34.028618341555287 ] ] ] } },
{ "type": "Feature", "properties": { "cell_id": "c0026_0046", "row": 26, "col": 46, "area_m2": 22500.0 }, "geometry": { "type": "Polygon", "coordinates": [ [ [ -118.307460216981539, 34.028594213720041 ], [ -118.307431221926009, 34.029946251420427 ], [ -118.305807221296632, 34.029922100047763 ], [ -118.305836244160773, 34.028570062725123 ], [ -118.307460216981539, 34.028594213720041 ] ] ] } },
{ "type": "Feature", "properties": { "cell_id": "c0026_0047", "row": 26, "col": 47, "area_m2": 22500.0 }, "geometry": { "type": "Polygon", "coordinates": [ [ [ -118.305836244160773, 34.028570062725123 ], [ -118.305807221296632, 34.029922100047763 ], [ -118.304183221661575, 34.02989792551508 ], [ -118.30421227233424, 34.028545888570541 ], [ -118.305836244160773, 34.028570062725123 ] ] ] } },
{ "type": "Feature", "properties": { "cell_id": "c0026_0048", "row": 26, "col": 48, "area_m2": 22500.0 }, "geometry": { "type": "Polygon", "coordinates": [ [ [ -118.30421227233424, 34.028545888570541 ], [ -118.304183221661575, 34.02989792551508 ], [ -118.302559223021774, 34.029873727822384 ], [ -118.302588301502922, 34.028521691256294 ], [ -118.30421227233424, 34.028545888570541 ] ] ] } },
{ "type": "Feature", "properties": { "cell_id": "c0026_0049", "row": 26, "col": 49, "area_m2": 22500.0 }, "geometry": { "type": "Polygon", "coordinates": [ [ [ -118.302588301502922, 34.028521691256294 ], [ -118.302559223021774, 34.029873727822384 ], [ -118.300935225378154, 34.029849506969697 ], [ -118.300964331667743, 34.028497470782455 ], [ -118.302588301502922, 34.028521691256294 ] ] ] } },
{ "type": "Feature", "properties": { "cell_id": "c0026_0050", "row": 26, "col": 50, "area_m2": 22500.0 }, "geometry": { "type": "Polygon", "coordinates": [ [ [ -118.300964331667743, 34.028497470782455 ], [ -118.300935225378154, 34.029849506969697 ], [ -118.299311228731696, 34.029825262957047 ], [ -118.299340362829668, 34.028473227148979 ], [ -118.300964331667743, 34.028497470782455 ] ] ] } },
{ "type": "Feature", "properties": { "cell_id": "c0026_0051", "row": 26, "col": 51, "area_m2": 22500.0 }, "geometry": { "type": "Polygon", "coordinates": [ [ [ -118.299340362829668, 34.028473227148979 ], [ -118.299311228731696, 34.029825262957047 ], [ -118.297687233083352, 34.029800995784449 ], [ -118.297716394989649, 34.028448960355917 ], [ -118.299340362829668, 34.028473227148979 ] ] ] } },
{ "type": "Feature", "properties": { "cell_id": "c0026_0052", "row": 26, "col": 52, "area_m2": 22500.0 }, "geometry": { "type": "Polygon", "coordinates": [ [ [ -118.297716394989649, 34.028448960355917 ], [ -118.297687233083352, 34.029800995784449 ], [ -118.296063238434044, 34.029776705451923 ], [ -118.296092428148626, 34.028424670403304 ], [ -118.297716394989649, 34.028448960355917 ] ] ] } },
{ "type": "Feature", "properties": { "cell_id": "c0026_0053", "row": 26, "col": 53, "area_m2": 22500.0 }, "geometry": { "type": "Polygon", "coordinates": [ [ [ -118.296092428148626, 34.028424670403304 ], [ -118.296063238434044, 34.029776705451923 ], [ -118.294439244784769, 34.029752391959484 ], [ -118.294468462307563, 34.028400357291133 ], [ -118.296092428148626, 34.028424670403304 ] ] ] } },
{ "type": "Feature", "properties": { "cell_id": "c0026_0054", "row": 26, "col": 54, "area_m2": 22500.0 }, "geometry": { "type": "Polygon", "coordinates": [ [ [ -118.294468462307563, 34.028400357291133 ], [ -118.294439244784769, 34.029752391959484 ], [ -118.29281525213645, 34.029728055307146 ], [ -118.292844497467428, 34.028376021019433 ], [ -118.294468462307563, 34.028400357291133 ] ] ] } },
{ "type": "Feature", "properties": { "cell_id": "c0026_0055", "row": 26, "col": 55, "area_m2": 22500.0 }, "geometry": { "type": "Polygon", "coordinates": [ [ [ -118.292844497467428, 34.028376021019433 ], [ -118.29281525213645, 34.029728055307146 ], [ -118.291191260490052, 34.029703695494952 ], [ -118.291220533629144, 34.028351661588246 ], [ -118.292844497467428, 34.028376021019433 ] ] ] } },
{ "type": "Feature", "properties": { "cell_id": "c0026_0056", "row": 26, "col": 56, "area_m2": 22500.0 }, "geometry": { "type": "Polygon", "coordinates": [ [ [ -118.291220533629144, 34.028351661588246 ], [ -118.291191260490052, 34.029703695494952 ], [ -118.289567269846486, 34.029679312522894 ], [ -118.289596570793691, 34.028327278997537 ], [ -118.291220533629144, 34.028351661588246 ] ] ] } },
{ "type": "Feature", "properties": { "cell_id": "c0026_0057", "row": 26, "col": 57, "area_m2": 22500.0 }, "geometry": { "type": "Polygon", "coordinates": [ [ [ -118.289596570793691, 34.028327278997537 ], [ -118.289567269846486, 34.029679312522894 ], [ -118.287943280206775, 34.029654906391002 ], [ -118.287972608961994, 34.028302873247377 ], [ -118.289596570793691, 34.028327278997537 ] ] ] } },
{ "type": "Feature", "properties": { "cell_id": "c0026_0058", "row": 26, "col": 58, "area_m2": 22500.0 }, "geometry": { "type": "Polygon", "coordinates": [ [ [ -118.287972608961994, 34.028302873247377 ], [ -118.287943280206775, 34.029654906391002 ], [ -118.286319291571829, 34.02963047709931 ], [ -118.28634864813499, 34.028278444337751 ], [ -118.287972608961994, 34.028302873247377 ] ] ] } },
{ "type": "Feature", "properties": { "cell_id": "c0026_0059", "row": 26, "col": 59, "area_m2": 22500.0 }, "geometry": { "type": "Polygon", "coordinates": [ [ [ -118.28634864813499, 34.028278444337751 ], [ -118.286319291571829, 34.02963047709931 ], [ -118.284695303942598, 34.029606024647833 ], [ -118.284724688313688, 34.028253992268716 ], [ -118.28634864813499, 34.028278444337751 ] ] ] } },
{ "type": "Feature", "properties": { "cell_id": "c0026_0060", "row": 26, "col": 60, "area_m2": 22500.0 }, "geometry": { "type": "Polygon", "coordinates": [ [ [ -118.284724688313688, 34.028253992268716 ], [ -118.284695303942598, 34.029606024647833 ], [ -118.283071317320022, 34.029581549036571 ], [ -118.283100729499012, 34.028229517040245 ], [ -118.284724688313688, 34.028253992268716 ] ] ] } },
{ "type": "Feature", "properties": { "cell_id": "c0026_0061", "row": 26, "col": 61, "area_m2": 22500.0 }, "geometry": { "type": "Polygon", "coordinates": [ [ [ -118.283100729499012, 34.028229517040245 ], [ -118.283071317320022, 34.029581549036571 ], [ -118.28144733170511, 34.029557050265552 ], [ -118.281476771691885, 34.0282050186524 ], [ -118.283100729499012, 34.028229517040245 ] ] ] } },
{ "type": "Feature", "properties": { "cell_id": "c0026_0062", "row": 26, "col": 62, "area_m2": 22500.0 }, "geometry": { "type": "Polygon", "coordinates": [ [ [ -118.281476771691885, 34.0282050186524 ], [ -118.28144733170511, 34.029557050265552 ], [ -118.279823347098755, 34.029532528334805 ], [ -118.279852814893289, 34.028180497105176 ], [ -118.281476771691885, 34.0282050186524 ] ] ] } },
{ "type": "Feature", "properties": { "cell_id": "c0026_0063", "row": 26, "col": 63, "area_m2": 22500.0 }, "geometry": { "type": "Polygon", "coordinates": [ [ [ -118.279852814893289, 34.028180497105176 ], [ -118.279823347098755, 34.029532528334805 ], [ -118.278199363501926, 34.029507983244343 ], [ -118.278228859104189, 34.028155952398613 ], [ -118.279852814893289, 34.028180497105176 ] ] ] } },
{ "type": "Feature", "properties": { "cell_id": "c0026_0064", "row": 26, "col": 64, "area_m2": 22500.0 }, "geometry": { "type": "Polygon", "coordinates": [ [ [ -118.278228859104189, 34.028155952398613 ], [ -118.278199363501926, 34.029507983244343 ], [ -118.276575380915588, 34.029483414994189 ], [ -118.276604904325509, 34.028131384532692 ], [ -118.278228859104189, 34.028155952398613 ] ] ] } },
{ "type": "Feature", "properties": { "cell_id": "c0026_0065", "row": 26, "col": 65, "area_m2": 22500.0 }, "geometry": { "type": "Polygon", "coordinates": [ [ [ -118.276604904325509, 34.028131384532692 ], [ -118.276575380915588, 34.029483414994189 ], [ -118.274951399340679, 34.029458823584342 ], [ -118.274980950558231, 34.028106793507469 ], [ -118.276604904325509, 34.028131384532692 ] ] ] } },
{ "type": "Feature", "properties": { "cell_id": "c0026_0066", "row": 26, "col": 66, "area_m2": 8313.7985275087158 }, "geometry": { "type": "Polygon", "coordinates": [ [ [ -118.274980950558231, 34.028106793507469 ], [ -118.274951399340679, 34.029458823584342 ], [ -118.27436820180634, 34.029449986763531 ], [ -118.274367708562536, 34.029443409866431 ], [ -118.27434695848568, 34.029147039483874 ], [ -118.274355875936806, 34.028850602589237 ], [ -118.274364928288904, 34.028595334643036 ], [ -118.274373980582808, 34.028340065798176 ], [ -118.27441288999438, 34.028142366586209 ], [ -118.274416057560032, 34.028098234076332 ], [ -118.274980950558231, 34.028106793507469 ] ] ] } },
{ "type": "Feature", "properties": { "cell_id": "c0027_0006", "row": 27, "col": 6, "area_m2": 5986.8108905501977 }, "geometry": { "type": "Polygon", "coordinates": [ [ [ -118.370740100436052, 34.032222140059524 ], [ -118.370768011873551, 34.030870089928207 ], [ -118.371487600928603, 34.030880383437932 ], [ -118.371409966285015, 34.031052119464064 ], [ -118.370885442748147, 34.032224219502133 ], [ -118.370740100436052, 34.032222140059524 ] ] ] } },
{ "type": "Feature", "properties": { "cell_id": "c0027_0007", "row": 27, "col": 7, "area_m2": 22500.0 }, "geometry": { "type": "Polygon", "coordinates": [ [ [ -118.370768011873551, 34.030870089928207 ], [ -118.370740100436052, 34.032222140059524 ], [ -118.369116033960267, 34.032198891579213 ], [ -118.369143973209233, 34.030846841811552 ], [ -118.370768011873551, 34.030870089928207 ] ] ] } },
{ "type": "Feature", "properties": { "cell_id": "c0027_0008", "row": 27, "col": 8, "area_m2": 22500.0 }, "geometry": { "type": "Polygon", "coordinates": [ [ [ -118.369143973209233, 34.030846841811552 ], [ -118.369116033960267, 34.032198891579213 ], [ -118.367491968441698, 34.032175619937767 ], [ -118.367519935502102, 34.030823570534118 ], [ -118.369143973209233, 34.030846841811552 ] ] ] } },
{ "type": "Feature", "properties": { "cell_id": "c0027_0009", "row": 27, "col": 9, "area_m2": 22500.0 }, "geometry": { "type": "Polygon", "coordinates": [ [ [ -118.367519935502102, 34.030823570534118 ], [ -118.367491968441698, 34.032175619937767 ], [ -118.365867903881252, 34.032152325135229 ], [ -118.365895898753067, 34.030800276095931 ], [ -118.367519935502102, 34.030823570534118 ] ] ] } },
{ "type": "Feature", "properties": { "cell_id": "c0027_0010", "row": 27, "col": 10, "area_m2": 22500.0 }, "geometry": { "type": "Polygon", "coordinates": [ [ [ -118.365895898753067, 34.030800276095931 ], [ -118.365867903881252, 34.032152325135229 ], [ -118.364243840279983, 34.032129007171569 ], [ -118.364271862963122, 34.030776958497029 ], [ -118.365895898753067, 34.030800276095931 ] ] ] } },
{ "type": "Feature", "properties": { "cell_id": "c0027_0011", "row": 27, "col": 11, "area_m2": 22500.0 }, "geometry": { "type": "Polygon", "coordinates": [ [ [ -118.364271862963122, 34.030776958497029 ], [ -118.364243840279983, 34.032129007171569 ], [ -118.362619777638741, 34.032105666046853 ], [ -118.362647828133191, 34.030753617737403 ], [ -118.364271862963122, 34.030776958497029 ] ] ] } },
{ "type": "Feature", "properties": { "cell_id": "c0027_0012", "row": 27, "col": 12, "area_m2": 22500.0 }, "geometry": { "type": "Polygon", "coordinates": [ [ [ -118.362647828133191, 34.030753617737403 ], [ -118.362619777638741, 34.032105666046853 ], [ -118.360995715958538, 34.032082301761058 ], [ -118.361023794264241, 34.030730253817083 ], [ -118.362647828133191, 34.030753617737403 ] ] ] } },
{ "type": "Feature", "properties": { "cell_id": "c0027_0013", "row": 27, "col": 13, "area_m2": 22500.0 }, "geometry": { "type": "Polygon", "coordinates": [ [ [ -118.361023794264241, 34.030730253817083 ], [ -118.360995715958538, 34.032082301761058 ], [ -118.359371655240295, 34.032058914314241 ], [ -118.359399761357196, 34.030706866736082 ], [ -118.361023794264241, 34.030730253817083 ] ] ] } },
{ "type": "Feature", "properties": { "cell_id": "c0027_0014", "row": 27, "col": 14, "area_m2": 22500.0 }, "geometry": { "type": "Polygon", "coordinates": [ [ [ -118.359399761357196, 34.030706866736082 ], [ -118.359371655240295, 34.032058914314241 ], [ -118.35774759548498, 34.032035503706403 ], [ -118.357775729413035, 34.030683456494437 ], [ -118.359399761357196, 34.030706866736082 ] ] ] } },
{ "type": "Feature", "properties": { "cell_id": "c0027_0015", "row": 27, "col": 15, "area_m2": 22500.0 }, "geometry": { "type": "Polygon", "coordinates": [ [ [ -118.357775729413035, 34.030683456494437 ], [ -118.35774759548498, 34.032035503706403 ], [ -118.356123536693545, 34.032012069937558 ], [ -118.356151698432697, 34.030660023092146 ], [ -118.357775729413035, 34.030683456494437 ] ] ] } },
{ "type": "Feature", "properties": { "cell_id": "c0027_0016", "row": 27, "col": 16, "area_m2": 22500.0 }, "geometry": { "type": "Polygon", "coordinates": [ [ [ -118.356151698432697, 34.030660023092146 ], [ -118.356123536693545, 34.032012069937558 ], [ -118.354499478866956, 34.031988613007748 ], [ -118.354527668417163, 34.030636566529232 ], [ -118.356151698432697, 34.030660023092146 ] ] ] } },
{ "type": "Feature", "properties": { "cell_id": "c0027_0017", "row": 27, "col": 17, "area_m2": 22500.0 }, "geometry": { "type": "Polygon", "coordinates": [ [ [ -118.354527668417163, 34.030636566529232 ], [ -118.354499478866956, 34.031988613007748 ], [ -118.352875422006136, 34.031965132916952 ], [ -118.352903639367341, 34.030613086805722 ], [ -118.354527668417163, 34.030636566529232 ] ] ] } },
{ "type": "Feature", "properties": { "cell_id": "c0027_0018", "row": 27, "col": 18, "area_m2": 22500.0 }, "geometry": { "type": "Polygon", "coordinates": [ [ [ -118.352903639367341, 34.030613086805722 ], [ -118.352875422006136, 34.031965132916952 ], [ -118.351251366112052, 34.031941629665219 ], [ -118.351279611284198, 34.030589583921625 ], [ -118.352903639367341, 34.030613086805722 ] ] ] } },
{ "type": "Feature", "properties": { "cell_id": "c0027_0019", "row": 27, "col": 19, "area_m2": 22500.0 }, "geometry": { "type": "Polygon", "coordinates": [ [ [ -118.351279611284198, 34.030589583921625 ], [ -118.351251366112052, 34.031941629665219 ], [ -118.349627311185671, 34.031918103252579 ], [ -118.349655584168715, 34.03056605787696 ], [ -118.351279611284198, 34.030589583921625 ] ] ] } },
{ "type": "Feature", "properties": { "cell_id": "c0027_0020", "row": 27, "col": 20, "area_m2": 22500.0 }, "geometry": { "type": "Polygon", "coordinates": [ [ [ -118.349655584168715, 34.03056605787696 ], [ -118.349627311185671, 34.031918103252579 ], [ -118.348003257227901, 34.031894553679031 ], [ -118.348031558021816, 34.030542508671751 ], [ -118.349655584168715, 34.03056605787696 ] ] ] } },
{ "type": "Feature", "properties": { "cell_id": "c0027_0021", "row": 27, "col": 21, "area_m2": 22500.0 }, "geometry": { "type": "Polygon", "coordinates": [ [ [ -118.348031558021816, 34.030542508671751 ], [ -118.348003257227901, 34.031894553679031 ], [ -118.346379204239753, 34.031870980944568 ], [ -118.346407532844438, 34.030518936306017 ], [ -118.348031558021816, 34.030542508671751 ] ] ] } },
{ "type": "Feature", "properties": { "cell_id": "c0027_0022", "row": 27, "col": 22, "area_m2": 22500.0 }, "geometry": { "type": "Polygon", "coordinates": [ [ [ -118.346407532844438, 34.030518936306017 ], [ -118.346379204239753, 34.031870980944568 ], [ -118.34475515222212, 34.031847385049254 ], [ -118.34478350863759, 34.030495340779787 ], [ -118.346407532844438, 34.030518936306017 ] ] ] } },
{ "type": "Feature", "properties": { "cell_id": "c0027_0023", "row": 27, "col": 23, "area_m2": 22500.0 }, "geometry": { "type": "Polygon", "coordinates": [ [ [ -118.34478350863759, 34.030495340779787 ], [ -118.34475515222212, 34.031847385049254 ], [ -118.343131101175999, 34.031823765993089 ], [ -118.343159485402168, 34.030471722093075 ], [ -118.34478350863759, 34.030495340779787 ] ] ] } },
{ "type": "Feature", "properties": { "cell_id": "c0027_0024", "row": 27, "col": 24, "area_m2": 22500.0 }, "geometry": { "type": "Polygon", "coordinates": [ [ [ -118.343159485402168, 34.030471722093075 ], [ -118.343131101175999, 34.031823765993089 ], [ -118.341507051102326, 34.031800123776101 ], [ -118.341535463139152, 34.030448080245883 ], [ -118.343159485402168, 34.030471722093075 ] ] ] } },
{ "type": "Feature", "properties": { "cell_id": "c0027_0025", "row": 27, "col": 25, "area_m2": 22500.0 }, "geometry": { "type": "Polygon", "coordinates": [ [ [ -118.341535463139152, 34.030448080245883 ], [ -118.341507051102326, 34.031800123776101 ], [ -118.339883002002054, 34.031776458398291 ], [ -118.339911441849466, 34.03042441523823 ], [ -118.341535463139152, 34.030448080245883 ] ] ] } },
{ "type": "Feature", "properties": { "cell_id": "c0027_0026", "row": 27, "col": 26, "area_m2": 22500.0 }, "geometry": { "type": "Polygon", "coordinates": [ [ [ -118.339911441849466, 34.03042441523823 ], [ -118.339883002002054, 34.031776458398291 ], [ -118.338258953876135, 34.0317527698597 ], [ -118.338287421534119, 34.030400727070159 ], [ -118.339911441849466, 34.03042441523823 ] ] ] } },
{ "type": "Feature", "properties": { "cell_id": "c0027_0027", "row": 27, "col": 27, "area_m2": 22500.0 }, "geometry": { "type": "Polygon", "coordinates": [ [ [ -118.338287421534119, 34.030400727070159 ], [ -118.338258953876135, 34.0317527698597 ], [ -118.336634906725521, 34.031729058160323 ], [ -118.336663402193992, 34.030377015741685 ], [ -118.338287421534119, 34.030400727070159 ] ] ] } },
{ "type": "Feature", "properties": { "cell_id": "c0027_0028", "row": 27, "col": 28, "area_m2": 22500.0 }, "geometry": { "type": "Polygon", "coordinates": [ [ [ -118.336663402193992, 34.030377015741685 ], [ -118.336634906725521, 34.031729058160323 ], [ -118.335010860551165, 34.031705323300201 ], [ -118.335039383830093, 34.030353281252808 ], [ -118.336663402193992, 34.030377015741685 ] ] ] } },
{ "type": "Feature", "properties": { "cell_id": "c0027_0029", "row": 27, "col": 29, "area_m2": 22500.0 }, "geometry": { "type": "Polygon", "coordinates": [ [ [ -118.335039383830093, 34.030353281252808 ], [ -118.335010860551165, 34.031705323300201 ], [ -118.333386815354018, 34.031681565279321 ], [ -118.333415366443347, 34.030329523603555 ], [ -118.335039383830093, 34.030353281252808 ] ] ] } },
{ "type": "Feature", "properties": { "cell_id": "c0027_0030", "row": 27, "col": 30, "area_m2": 22500.0 }, "geometry": { "type": "Polygon", "coordinates": [ [ [ -118.333415366443347, 34.030329523603555 ], [ -118.333386815354018, 34.031681565279321 ], [ -118.331762771135033, 34.031657784097753 ], [ -118.331791350034706, 34.030305742793956 ], [ -118.333415366443347, 34.030329523603555 ] ] ] } },
{ "type": "Feature", "properties": { "cell_id": "c0027_0031", "row": 27, "col": 31, "area_m2": 22500.0 }, "geometry": { "type": "Polygon", "coordinates": [ [ [ -118.331791350034706, 34.030305742793956 ], [ -118.331762771135033, 34.031657784097753 ], [ -118.330138727895161, 34.031633979755476 ], [ -118.330167334605136, 34.030281938824004 ], [ -118.331791350034706, 34.030305742793956 ] ] ] } },
{ "type": "Feature", "properties": { "cell_id": "c0027_0032", "row": 27, "col": 32, "area_m2": 22500.0 }, "geometry": { "type": "Polygon", "coordinates": [ [ [ -118.330167334605136, 34.030281938824004 ], [ -118.330138727895161, 34.031633979755476 ], [ -118.328514685635355, 34.031610152252519 ], [ -118.328543320155589, 34.030258111693755 ], [ -118.330167334605136, 34.030281938824004 ] ] ] } },
{ "type": "Feature", "properties": { "cell_id": "c0027_0033", "row": 27, "col": 33, "area_m2": 22500.0 }, "geometry": { "type": "Polygon", "coordinates": [ [ [ -118.328543320155589, 34.030258111693755 ], [ -118.328514685635355, 34.031610152252519 ], [ -118.326890644356553, 34.031586301588924 ], [ -118.326919306686989, 34.030234261403201 ], [ -118.328543320155589, 34.030258111693755 ] ] ] } },
{ "type": "Feature", "properties": { "cell_id": "c0027_0034", "row": 27, "col": 34, "area_m2": 22500.0 }, "geometry": { "type": "Polygon", "coordinates": [ [ [ -118.326919306686989, 34.030234261403201 ], [ -118.326890644356553, 34.031586301588924 ], [ -118.325266604059749, 34.031562427764655 ], [ -118.32529529420033, 34.030210387952373 ], [ -118.326919306686989, 34.030234261403201 ] ] ] } },
{ "type": "Feature", "properties": { "cell_id": "c0027_0035", "row": 27, "col": 35, "area_m2": 22500.0 }, "geometry": { "type": "Polygon", "coordinates": [ [ [ -118.32529529420033, 34.030210387952373 ], [ -118.325266604059749, 34.031562427764655 ], [ -118.323642564745853, 34.031538530779798 ], [ -118.323671282696537, 34.030186491341283 ], [ -118.32529529420033, 34.030210387952373 ] ] ] } },
{ "type": "Feature", "properties": { "cell_id": "c0027_0036", "row": 27, "col": 36, "area_m2": 22500.0 }, "geometry": { "type": "Polygon", "coordinates": [ [ [ -118.323671282696537, 34.030186491341283 ], [ -118.323642564745853, 34.031538530779798 ], [ -118.322018526415832, 34.031514610634318 ], [ -118.322047272176547, 34.030162571569967 ], [ -118.323671282696537, 34.030186491341283 ] ] ] } },
{ "type": "Feature", "properties": { "cell_id": "c0027_0037", "row": 27, "col": 37, "area_m2": 22500.0 }, "geometry": { "type": "Polygon", "coordinates": [ [ [ -118.322047272176547, 34.030162571569967 ], [ -118.322018526415832, 34.031514610634318 ], [ -118.320394489070637, 34.031490667328271 ], [ -118.32042326264137, 34.030138628638404 ], [ -118.322047272176547, 34.030162571569967 ] ] ] } },
{ "type": "Feature", "properties": { "cell_id": "c0027_0038", "row": 27, "col": 38, "area_m2": 22500.0 }, "geometry": { "type": "Polygon", "coordinates": [ [ [ -118.32042326264137, 34.030138628638404 ], [ -118.320394489070637, 34.031490667328271 ], [ -118.318770452711206, 34.031466700861642 ], [ -118.3187992540919, 34.030114662546666 ], [ -118.32042326264137, 34.030138628638404 ] ] ] } },
{ "type": "Feature", "properties": { "cell_id": "c0027_0039", "row": 27, "col": 39, "area_m2": 22500.0 }, "geometry": { "type": "Polygon", "coordinates": [ [ [ -118.3187992540919, 34.030114662546666 ], [ -118.318770452711206, 34.031466700861642 ], [ -118.317146417338549, 34.031442711234483 ], [ -118.317175246529118, 34.030090673294737 ], [ -118.3187992540919, 34.030114662546666 ] ] ] } },
{ "type": "Feature", "properties": { "cell_id": "c0027_0040", "row": 27, "col": 40, "area_m2": 22500.0 }, "geometry": { "type": "Polygon", "coordinates": [ [ [ -118.317175246529118, 34.030090673294737 ], [ -118.317146417338549, 34.031442711234483 ], [ -118.315522382953532, 34.031418698446814 ], [ -118.315551239953962, 34.030066660882646 ], [ -118.317175246529118, 34.030090673294737 ] ] ] } },
{ "type": "Feature", "properties": { "cell_id": "c0027_0041", "row": 27, "col": 41, "area_m2": 22500.0 }, "geometry": { "type": "Polygon", "coordinates": [ [ [ -118.315551239953962, 34.030066660882646 ], [ -118.315522382953532, 34.031418698446814 ], [ -118.313898349557164, 34.031394662498613 ], [ -118.313927234367384, 34.030042625310415 ], [ -118.315551239953962, 34.030066660882646 ] ] ] } },
{ "type": "Feature", "properties": { "cell_id": "c0027_0042", "row": 27, "col": 42, "area_m2": 22500.0 }, "geometry": { "type": "Polygon", "coordinates": [ [ [ -118.313927234367384, 34.030042625310415 ], [ -118.313898349557164, 34.031394662498613 ], [ -118.312274317150411, 34.031370603389952 ], [ -118.312303229770365, 34.03001856657805 ], [ -118.313927234367384, 34.030042625310415 ] ] ] } },
{ "type": "Feature", "properties": { "cell_id": "c0027_0043", "row": 27, "col": 43, "area_m2": 22500.0 }, "geometry": { "type": "Polygon", "coordinates": [ [ [ -118.312303229770365, 34.03001856657805 ], [ -118.312274317150411, 34.031370603389952 ], [ -118.310650285734184, 34.031346521120803 ], [ -118.310679226163828, 34.029994484685588 ], [ -118.312303229770365, 34.03001856657805 ] ] ] } },
{ "type": "Feature", "properties": { "cell_id": "c0027_0044", "row": 27, "col": 44, "area_m2": 22500.0 }, "geometry": { "type": "Polygon", "coordinates": [ [ [ -118.310679226163828, 34.029994484685588 ], [ -118.310650285734184, 34.031346521120803 ], [ -118.309026255309419, 34.031322415691207 ], [ -118.309055223548725, 34.029970379633042 ], [ -118.310679226163828, 34.029994484685588 ] ] ] } },
{ "type": "Feature", "properties": { "cell_id": "c0027_0045", "row": 27, "col": 45, "area_m2": 22500.0 }, "geometry": { "type": "Polygon", "coordinates": [ [ [ -118.309055223548725, 34.029970379633042 ], [ -118.309026255309419, 34.031322415691207 ], [ -118.307402225877141, 34.031298287101194 ], [ -118.307431221926009, 34.029946251420427 ], [ -118.309055223548725, 34.029970379633042 ] ] ] } },
{ "type": "Feature", "properties": { "cell_id": "c0027_0046", "row": 27, "col": 46, "area_m2": 22500.0 }, "geometry": { "type": "Polygon", "coordinates": [ [ [ -118.307431221926009, 34.029946251420427 ], [ -118.307402225877141, 34.031298287101194 ], [ -118.305778197438244, 34.031274135350763 ], [ -118.305807221296632, 34.029922100047763 ], [ -118.307431221926009, 34.029946251420427 ] ] ] } },
{ "type": "Feature", "properties": { "cell_id": "c0027_0047", "row": 27, "col": 47, "area_m2": 22500.0 }, "geometry": { "type": "Polygon", "coordinates": [ [ [ -118.305807221296632, 34.029922100047763 ], [ -118.305778197438244, 34.031274135350763 ], [ -118.30415416999368, 34.031249960439951 ], [ -118.304183221661575, 34.02989792551508 ], [ -118.305807221296632, 34.029922100047763 ] ] ] } },
{ "type": "Feature", "properties": { "cell_id": "c0027_0048", "row": 27, "col": 48, "area_m2": 22500.0 }, "geometry": { "type": "Polygon", "coordinates": [ [ [ -118.304183221661575, 34.02989792551508 ], [ -118.30415416999368, 34.031249960439951 ], [ -118.302530143544431, 34.03122576236877 ], [ -118.302559223021774, 34.029873727822384 ], [ -118.304183221661575, 34.02989792551508 ] ] ] } },
{ "type": "Feature", "properties": { "cell_id": "c0027_0049", "row": 27, "col": 49, "area_m2": 22500.0 }, "geometry": { "type": "Polygon", "coordinates": [ [ [ -118.302559223021774, 34.029873727822384 ], [ -118.302530143544431, 34.03122576236877 ], [ -118.300906118091419, 34.031201541137243 ], [ -118.300935225378154, 34.029849506969697 ], [ -118.302559223021774, 34.029873727822384 ] ] ] } },
{ "type": "Feature", "properties": { "cell_id": "c0027_0050", "row": 27, "col": 50, "area_m2": 22500.0 }, "geometry": { "type": "Polygon", "coordinates": [ [ [ -118.300935225378154, 34.029849506969697 ], [ -118.300906118091419, 34.031201541137243 ], [ -118.29928209363564, 34.031177296745369 ], [ -118.299311228731696, 34.029825262957047 ], [ -118.300935225378154, 34.029849506969697 ] ] ] } },
{ "type": "Feature", "properties": { "cell_id": "c0027_0051", "row": 27, "col": 51, "area_m2": 22500.0 }, "geometry": { "type": "Polygon", "coordinates": [ [ [ -118.299311228731696, 34.029825262957047 ], [ -118.29928209363564, 34.031177296745369 ], [ -118.297658070177988, 34.031153029193206 ], [ -118.297687233083352, 34.029800995784449 ], [ -118.299311228731696, 34.029825262957047 ] ] ] } },
{ "type": "Feature", "properties": { "cell_id": "c0027_0052", "row": 27, "col": 52, "area_m2": 22500.0 }, "geometry": { "type": "Polygon", "coordinates": [ [ [ -118.297687233083352, 34.029800995784449 ], [ -118.297658070177988, 34.031153029193206 ], [ -118.296034047719473, 34.031128738480746 ], [ -118.296063238434044, 34.029776705451923 ], [ -118.297687233083352, 34.029800995784449 ] ] ] } },
{ "type": "Feature", "properties": { "cell_id": "c0027_0053", "row": 27, "col": 53, "area_m2": 22500.0 }, "geometry": { "type": "Polygon", "coordinates": [ [ [ -118.296063238434044, 34.029776705451923 ], [ -118.296034047719473, 34.031128738480746 ], [ -118.294410026261005, 34.031104424608024 ], [ -118.294439244784769, 34.029752391959484 ], [ -118.296063238434044, 34.029776705451923 ] ] ] } },
{ "type": "Feature", "properties": { "cell_id": "c0027_0054", "row": 27, "col": 54, "area_m2": 22500.0 }, "geometry": { "type": "Polygon", "coordinates": [ [ [ -118.294439244784769, 34.029752391959484 ], [ -118.294410026261005, 34.031104424608024 ], [ -118.292786005803535, 34.031080087575027 ], [ -118.29281525213645, 34.029728055307146 ], [ -118.294439244784769, 34.029752391959484 ] ] ] } },
{ "type": "Feature", "properties": { "cell_id": "c0027_0055", "row": 27, "col": 55, "area_m2": 22500.0 }, "geometry": { "type": "Polygon", "coordinates": [ [ [ -118.29281525213645, 34.029728055307146 ], [ -118.292786005803535, 34.031080087575027 ], [ -118.291161986348058, 34.031055727381798 ], [ -118.291191260490052, 34.029703695494952 ], [ -118.29281525213645, 34.029728055307146 ] ] ] } },
{ "type": "Feature", "properties": { "cell_id": "c0027_0056", "row": 27, "col": 56, "area_m2": 22500.0 }, "geometry": { "type": "Polygon", "coordinates": [ [ [ -118.291191260490052, 34.029703695494952 ], [ -118.291161986348058, 34.031055727381798 ], [ -118.289537967895484, 34.031031344028371 ], [ -118.289567269846486, 34.029679312522894 ], [ -118.291191260490052, 34.029703695494952 ] ] ] } },
{ "type": "Feature", "properties": { "cell_id": "c0027_0057", "row": 27, "col": 57, "area_m2": 22500.0 }, "geometry": { "type": "Polygon", "coordinates": [ [ [ -118.289567269846486, 34.029679312522894 ], [ -118.289537967895484, 34.031031344028371 ], [ -118.287913950446793, 34.031006937514725 ], [ -118.287943280206775, 34.029654906391002 ], [ -118.289567269846486, 34.029679312522894 ] ] ] } },
{ "type": "Feature", "properties": { "cell_id": "c0027_0058", "row": 27, "col": 58, "area_m2": 22500.0 }, "geometry": { "type": "Polygon", "coordinates": [ [ [ -118.287943280206775, 34.029654906391002 ], [ -118.287913950446793, 34.031006937514725 ], [ -118.286289934002909, 34.030982507840946 ], [ -118.286319291571829, 34.02963047709931 ], [ -118.287943280206775, 34.029654906391002 ] ] ] } },
{ "type": "Feature", "properties": { "cell_id": "c0027_0059", "row": 27, "col": 59, "area_m2": 22500.0 }, "geometry": { "type": "Polygon", "coordinates": [ [ [ -118.286319291571829, 34.02963047709931 ], [ -118.286289934002909, 34.030982507840946 ], [ -118.284665918564798, 34.030958055006991 ], [ -118.284695303942598, 34.029606024647833 ], [ -118.286319291571829, 34.02963047709931 ] ] ] } },
{ "type": "Feature", "properties": { "cell_id": "c0027_0060", "row": 27, "col": 60, "area_m2": 22500.0 }, "geometry": { "type": "Polygon", "coordinates": [ [ [ -118.284695303942598, 34.029606024647833 ], [ -118.284665918564798, 34.030958055006991 ], [ -118.283041904133412, 34.030933579012896 ], [ -118.283071317320022, 34.029581549036571 ], [ -118.284695303942598, 34.029606024647833 ] ] ] } },
{ "type": "Feature", "properties": { "cell_id": "c0027_0061", "row": 27, "col": 61, "area_m2": 22500.0 }, "geometry": { "type": "Polygon", "coordinates": [ [ [ -118.283071317320022, 34.029581549036571 ], [ -118.283041904133412, 34.030933579012896 ], [ -118.281417890709733, 34.030909079858695 ], [ -118.28144733170511, 34.029557050265552 ], [ -118.283071317320022, 34.029581549036571 ] ] ] } },
{ "type": "Feature", "properties": { "cell_id": "c0027_0062", "row": 27, "col": 62, "area_m2": 22500.0 }, "geometry": { "type": "Polygon", "coordinates": [ [ [ -118.28144733170511, 34.029557050265552 ], [ -118.281417890709733, 34.030909079858695 ], [ -118.27979387829464, 34.030884557544375 ], [ -118.279823347098755, 34.029532528334805 ], [ -118.28144733170511, 34.029557050265552 ] ] ] } },
{ "type": "Feature", "properties": { "cell_id": "c0027_0063", "row": 27, "col": 63, "area_m2": 22500.0 }, "geometry": { "type": "Polygon", "coordinates": [ [ [ -118.279823347098755, 34.029532528334805 ], [ -118.27979387829464, 34.030884557544375 ], [ -118.278169866889172, 34.030860012070008 ], [ -118.278199363501926, 34.029507983244343 ], [ -118.279823347098755, 34.029532528334805 ] ] ] } },
{ "type": "Feature", "properties": { "cell_id": "c0027_0064", "row": 27, "col": 64, "area_m2": 22500.0 }, "geometry": { "type": "Polygon", "coordinates": [ [ [ -118.278199363501926, 34.029507983244343 ], [ -118.278169866889172, 34.030860012070008 ], [ -118.276545856494209, 34.030835443435578 ], [ -118.276575380915588, 34.029483414994189 ], [ -118.278199363501926, 34.029507983244343 ] ] ] } },
{ "type": "Feature", "properties": { "cell_id": "c0027_0065", "row": 27, "col": 65, "area_m2": 22500.0 }, "geometry": { "type": "Polygon", "coordinates": [ [ [ -118.276575380915588, 34.029483414994189 ], [ -118.276545856494209, 34.030835443435578 ], [ -118.274921847110761, 34.030810851641107 ], [ -118.274951399340679, 34.029458823584342 ], [ -118.276575380915588, 34.029483414994189 ] ] ] } },
{ "type": "Feature", "properties": { "cell_id": "c0027_0066", "row": 27, "col": 66, "area_m2": 7178.7634224308013 }, "geometry": { "type": "Polygon", "coordinates": [ [ [ -118.274951399340679, 34.029458823584342 ], [ -118.274921847110761, 34.030810851641107 ], [ -118.27446567932887, 34.030803939886077 ], [ -118.27445342695404, 34.030616618118756 ], [ -118.274450441394563, 34.03054655080458 ], [ -118.27436820180634, 34.029449986763531 ], [ -118.274951399340679, 34.029458823584342 ] ] ] } },
{ "type": "Feature", "properties": { "cell_id": "c0028_0006", "row": 28, "col": 6, "area_m2": 254.65931805295784 }, "geometry": { "type": "Polygon", "coordinates": [ [ [ -118.370740100436052, 34.032222140059524 ], [ -118.370885442748147, 34.032224219502133 ], [ -118.370797194544977, 34.032421415086624 ], [ -118.370777920216668, 34.032464024814459 ], [ -118.370733059416409, 34.032563204487154 ], [ -118.370740100436052, 34.032222140059524 ] ] ] } },
{ "type": "Feature", "properties": { "cell_id": "c0028_0007", "row": 28, "col": 7, "area_m2": 20254.059238122652 }, "geometry": { "type": "Polygon", "coordinates": [ [ [ -118.369088093754101, 34.033550939328876 ], [ -118.369116033960267, 34.032198891579213 ], [ -118.370740100436052, 34.032222140059524 ], [ -118.370733059416409, 34.032563204487154 ], [ -118.370278572315854, 34.033567983249057 ], [ -118.369088093754101, 34.033550939328876 ] ] ] } },
{ "type": "Feature", "properties": { "cell_id": "c0028_0008", "row": 28, "col": 8, "area_m2": 22500.0 }, "geometry": { "type": "Polygon", "coordinates": [ [ [ -118.369116033960267, 34.032198891579213 ], [ -118.369088093754101, 34.033550939328876 ], [ -118.367464000423098, 34.033527667323398 ], [ -118.367491968441698, 34.032175619937767 ], [ -118.369116033960267, 34.032198891579213 ] ] ] } },
{ "type": "Feature", "properties": { "cell_id": "c0028_0009", "row": 28, "col": 9, "area_m2": 22500.0 }, "geometry": { "type": "Polygon", "coordinates": [ [ [ -118.367491968441698, 34.032175619937767 ], [ -118.367464000423098, 34.033527667323398 ], [ -118.365839908050347, 34.033504372156443 ], [ -118.365867903881252, 34.032152325135229 ], [ -118.367491968441698, 34.032175619937767 ] ] ] } },
{ "type": "Feature", "properties": { "cell_id": "c0028_0010", "row": 28, "col": 10, "area_m2": 22500.0 }, "geometry": { "type": "Polygon", "coordinates": [ [ [ -118.365867903881252, 34.032152325135229 ], [ -118.365839908050347, 34.033504372156443 ], [ -118.364215816636744, 34.033481053828041 ], [ -118.364243840279983, 34.032129007171569 ], [ -118.365867903881252, 34.032152325135229 ] ] ] } },
{ "type": "Feature", "properties": { "cell_id": "c0028_0011", "row": 28, "col": 11, "area_m2": 22500.0 }, "geometry": { "type": "Polygon", "coordinates": [ [ [ -118.364243840279983, 34.032129007171569 ], [ -118.364215816636744, 34.033481053828041 ], [ -118.362591726183254, 34.033457712338183 ], [ -118.362619777638741, 34.032105666046853 ], [ -118.364243840279983, 34.032129007171569 ] ] ] } },
{ "type": "Feature", "properties": { "cell_id": "c0028_0012", "row": 28, "col": 12, "area_m2": 22500.0 }, "geometry": { "type": "Polygon", "coordinates": [ [ [ -118.362619777638741, 34.032105666046853 ], [ -118.362591726183254, 34.033457712338183 ], [ -118.360967636690845, 34.033434347686928 ], [ -118.360995715958538, 34.032082301761058 ], [ -118.362619777638741, 34.032105666046853 ] ] ] } },
{ "type": "Feature", "properties": { "cell_id": "c0028_0013", "row": 28, "col": 13, "area_m2": 22500.0 }, "geometry": { "type": "Polygon", "coordinates": [ [ [ -118.360995715958538, 34.032082301761058 ], [ -118.360967636690845, 34.033434347686928 ], [ -118.359343548160467, 34.03341095987426 ], [ -118.359371655240295, 34.032058914314241 ], [ -118.360995715958538, 34.032082301761058 ] ] ] } },
{ "type": "Feature", "properties": { "cell_id": "c0028_0014", "row": 28, "col": 14, "area_m2": 22500.0 }, "geometry": { "type": "Polygon", "coordinates": [ [ [ -118.359371655240295, 34.032058914314241 ], [ -118.359343548160467, 34.03341095987426 ], [ -118.357719460593046, 34.033387548900194 ], [ -118.35774759548498, 34.032035503706403 ], [ -118.359371655240295, 34.032058914314241 ] ] ] } },
{ "type": "Feature", "properties": { "cell_id": "c0028_0015", "row": 28, "col": 15, "area_m2": 22500.0 }, "geometry": { "type": "Polygon", "coordinates": [ [ [ -118.35774759548498, 34.032035503706403 ], [ -118.357719460593046, 34.033387548900194 ], [ -118.356095373989561, 34.033364114764794 ], [ -118.356123536693545, 34.032012069937558 ], [ -118.35774759548498, 34.032035503706403 ] ] ] } },
{ "type": "Feature", "properties": { "cell_id": "c0028_0016", "row": 28, "col": 16, "area_m2": 22500.0 }, "geometry": { "type": "Polygon", "coordinates": [ [ [ -118.356123536693545, 34.032012069937558 ], [ -118.356095373989561, 34.033364114764794 ], [ -118.35447128835095, 34.033340657468045 ], [ -118.354499478866956, 34.031988613007748 ], [ -118.356123536693545, 34.032012069937558 ] ] ] } },
{ "type": "Feature", "properties": { "cell_id": "c0028_0017", "row": 28, "col": 17, "area_m2": 22500.0 }, "geometry": { "type": "Polygon", "coordinates": [ [ [ -118.354499478866956, 34.031988613007748 ], [ -118.35447128835095, 34.033340657468045 ], [ -118.352847203678195, 34.033317177009977 ], [ -118.352875422006136, 34.031965132916952 ], [ -118.354499478866956, 34.031988613007748 ] ] ] } },
{ "type": "Feature", "properties": { "cell_id": "c0028_0018", "row": 28, "col": 18, "area_m2": 22500.0 }, "geometry": { "type": "Polygon", "coordinates": [ [ [ -118.352875422006136, 34.031965132916952 ], [ -118.352847203678195, 34.033317177009977 ], [ -118.351223119972218, 34.033293673390581 ], [ -118.351251366112052, 34.031941629665219 ], [ -118.352875422006136, 34.031965132916952 ] ] ] } },
{ "type": "Feature", "properties": { "cell_id": "c0028_0019", "row": 28, "col": 19, "area_m2": 22500.0 }, "geometry": { "type": "Polygon", "coordinates": [ [ [ -118.351251366112052, 34.031941629665219 ], [ -118.351223119972218, 34.033293673390581 ], [ -118.349599037233972, 34.033270146609901 ], [ -118.349627311185671, 34.031918103252579 ], [ -118.351251366112052, 34.031941629665219 ] ] ] } },
{ "type": "Feature", "properties": { "cell_id": "c0028_0020", "row": 28, "col": 20, "area_m2": 22500.0 }, "geometry": { "type": "Polygon", "coordinates": [ [ [ -118.349627311185671, 34.031918103252579 ], [ -118.349599037233972, 34.033270146609901 ], [ -118.347974955464394, 34.033246596667958 ], [ -118.348003257227901, 34.031894553679031 ], [ -118.349627311185671, 34.031918103252579 ] ] ] } },
{ "type": "Feature", "properties": { "cell_id": "c0028_0021", "row": 28, "col": 21, "area_m2": 22500.0 }, "geometry": { "type": "Polygon", "coordinates": [ [ [ -118.348003257227901, 34.031894553679031 ], [ -118.347974955464394, 34.033246596667958 ], [ -118.346350874664481, 34.033223023564794 ], [ -118.346379204239753, 34.031870980944568 ], [ -118.348003257227901, 34.031894553679031 ] ] ] } },
{ "type": "Feature", "properties": { "cell_id": "c0028_0022", "row": 28, "col": 22, "area_m2": 22500.0 }, "geometry": { "type": "Polygon", "coordinates": [ [ [ -118.346379204239753, 34.031870980944568 ], [ -118.346350874664481, 34.033223023564794 ], [ -118.344726794835168, 34.03319942730036 ], [ -118.34475515222212, 34.031847385049254 ], [ -118.346379204239753, 34.031870980944568 ] ] ] } },
{ "type": "Feature", "properties": { "cell_id": "c0028_0023", "row": 28, "col": 23, "area_m2": 22500.0 }, "geometry": { "type": "Polygon", "coordinates": [ [ [ -118.34475515222212, 34.031847385049254 ], [ -118.344726794835168, 34.03319942730036 ], [ -118.343102715977381, 34.03317580787472 ], [ -118.343131101175999, 34.031823765993089 ], [ -118.34475515222212, 34.031847385049254 ] ] ] } },
{ "type": "Feature", "properties": { "cell_id": "c0028_0024", "row": 28, "col": 24, "area_m2": 22500.0 }, "geometry": { "type": "Polygon", "coordinates": [ [ [ -118.343131101175999, 34.031823765993089 ], [ -118.343102715977381, 34.03317580787472 ], [ -118.341478638092099, 34.033152165287902 ], [ -118.341507051102326, 34.031800123776101 ], [ -118.343131101175999, 34.031823765993089 ] ] ] } },
{ "type": "Feature", "properties": { "cell_id": "c0028_0025", "row": 28, "col": 25, "area_m2": 22500.0 }, "geometry": { "type": "Polygon", "coordinates": [ [ [ -118.341507051102326, 34.031800123776101 ], [ -118.341478638092099, 34.033152165287902 ], [ -118.339854561180275, 34.033128499539913 ], [ -118.339883002002054, 34.031776458398291 ], [ -118.341507051102326, 34.031800123776101 ] ] ] } },
{ "type": "Feature", "properties": { "cell_id": "c0028_0026", "row": 28, "col": 26, "area_m2": 22500.0 }, "geometry": { "type": "Polygon", "coordinates": [ [ [ -118.339883002002054, 34.031776458398291 ], [ -118.339854561180275, 34.033128499539913 ], [ -118.338230485242875, 34.033104810630768 ], [ -118.338258953876135, 34.0317527698597 ], [ -118.339883002002054, 34.031776458398291 ] ] ] } },
{ "type": "Feature", "properties": { "cell_id": "c0028_0027", "row": 28, "col": 27, "area_m2": 22500.0 }, "geometry": { "type": "Polygon", "coordinates": [ [ [ -118.338258953876135, 34.0317527698597 ], [ -118.338230485242875, 34.033104810630768 ], [ -118.336606410280794, 34.03308109856048 ], [ -118.336634906725521, 34.031729058160323 ], [ -118.338258953876135, 34.0317527698597 ] ] ] } },
{ "type": "Feature", "properties": { "cell_id": "c0028_0028", "row": 28, "col": 28, "area_m2": 22500.0 }, "geometry": { "type": "Polygon", "coordinates": [ [ [ -118.336634906725521, 34.031729058160323 ], [ -118.336606410280794, 34.03308109856048 ], [ -118.334982336295027, 34.033057363329078 ], [ -118.335010860551165, 34.031705323300201 ], [ -118.336634906725521, 34.031729058160323 ] ] ] } },
{ "type": "Feature", "properties": { "cell_id": "c0028_0029", "row": 28, "col": 29, "area_m2": 22500.0 }, "geometry": { "type": "Polygon", "coordinates": [ [ [ -118.335010860551165, 34.031705323300201 ], [ -118.334982336295027, 34.033057363329078 ], [ -118.333358263286527, 34.03303360493657 ], [ -118.333386815354018, 34.031681565279321 ], [ -118.335010860551165, 34.031705323300201 ] ] ] } },
{ "type": "Feature", "properties": { "cell_id": "c0028_0030", "row": 28, "col": 30, "area_m2": 22500.0 }, "geometry": { "type": "Polygon", "coordinates": [ [ [ -118.333386815354018, 34.031681565279321 ], [ -118.333358263286527, 34.03303360493657 ], [ -118.331734191256245, 34.033009823382997 ], [ -118.331762771135033, 34.031657784097753 ], [ -118.333386815354018, 34.031681565279321 ] ] ] } },
{ "type": "Feature", "properties": { "cell_id": "c0028_0031", "row": 28, "col": 31, "area_m2": 22500.0 }, "geometry": { "type": "Polygon", "coordinates": [ [ [ -118.331762771135033, 34.031657784097753 ], [ -118.331734191256245, 34.033009823382997 ], [ -118.33011012020512, 34.032986018668367 ], [ -118.330138727895161, 34.031633979755476 ], [ -118.331762771135033, 34.031657784097753 ] ] ] } },
{ "type": "Feature", "properties": { "cell_id": "c0028_0032", "row": 28, "col": 32, "area_m2": 22500.0 }, "geometry": { "type": "Polygon", "coordinates": [ [ [ -118.330138727895161, 34.031633979755476 ], [ -118.33011012020512, 34.032986018668367 ], [ -118.328486050134103, 34.032962190792688 ], [ -118.328514685635355, 34.031610152252519 ], [ -118.330138727895161, 34.031633979755476 ] ] ] } },
{ "type": "Feature", "properties": { "cell_id": "c0028_0033", "row": 28, "col": 33, "area_m2": 22500.0 }, "geometry": { "type": "Polygon", "coordinates": [ [ [ -118.328514685635355, 34.031610152252519 ], [ -118.328486050134103, 34.032962190792688 ], [ -118.326861981044146, 34.032938339755994 ], [ -118.326890644356553, 34.031586301588924 ], [ -118.328514685635355, 34.031610152252519 ] ] ] } },
{ "type": "Feature", "properties": { "cell_id": "c0028_0034", "row": 28, "col": 34, "area_m2": 22500.0 }, "geometry": { "type": "Polygon", "coordinates": [ [ [ -118.326890644356553, 34.031586301588924 ], [ -118.326861981044146, 34.032938339755994 ], [ -118.325237912936259, 34.032914465558292 ], [ -118.325266604059749, 34.031562427764655 ], [ -118.326890644356553, 34.031586301588924 ] ] ] } },
{ "type": "Feature", "properties": { "cell_id": "c0028_0035", "row": 28, "col": 35, "area_m2": 22500.0 }, "geometry": { "type": "Polygon", "coordinates": [ [ [ -118.325266604059749, 34.031562427764655 ], [ -118.325237912936259, 34.032914465558292 ], [ -118.323613845811295, 34.032890568199619 ], [ -118.323642564745853, 34.031538530779798 ], [ -118.325266604059749, 34.031562427764655 ] ] ] } },
{ "type": "Feature", "properties": { "cell_id": "c0028_0036", "row": 28, "col": 36, "area_m2": 22500.0 }, "geometry": { "type": "Polygon", "coordinates": [ [ [ -118.323642564745853, 34.031538530779798 ], [ -118.323613845811295, 34.032890568199619 ], [ -118.321989779670275, 34.032866647679967 ], [ -118.322018526415832, 34.031514610634318 ], [ -118.323642564745853, 34.031538530779798 ] ] ] } },
{ "type": "Feature", "properties": { "cell_id": "c0028_0037", "row": 28, "col": 37, "area_m2": 22500.0 }, "geometry": { "type": "Polygon", "coordinates": [ [ [ -118.322018526415832, 34.031514610634318 ], [ -118.321989779670275, 34.032866647679967 ], [ -118.320365714514139, 34.032842703999393 ], [ -118.320394489070637, 34.031490667328271 ], [ -118.322018526415832, 34.031514610634318 ] ] ] } },
{ "type": "Feature", "properties": { "cell_id": "c0028_0038", "row": 28, "col": 38, "area_m2": 22500.0 }, "geometry": { "type": "Polygon", "coordinates": [ [ [ -118.320394489070637, 34.031490667328271 ], [ -118.320365714514139, 34.032842703999393 ], [ -118.318741650343824, 34.032818737157868 ], [ -118.318770452711206, 34.031466700861642 ], [ -118.320394489070637, 34.031490667328271 ] ] ] } },
{ "type": "Feature", "properties": { "cell_id": "c0028_0039", "row": 28, "col": 39, "area_m2": 22500.0 }, "geometry": { "type": "Polygon", "coordinates": [ [ [ -118.318770452711206, 34.031466700861642 ], [ -118.318741650343824, 34.032818737157868 ], [ -118.317117587160283, 34.032794747155464 ], [ -118.317146417338549, 34.031442711234483 ], [ -118.318770452711206, 34.031466700861642 ] ] ] } },
{ "type": "Feature", "properties": { "cell_id": "c0028_0040", "row": 28, "col": 40, "area_m2": 22500.0 }, "geometry": { "type": "Polygon", "coordinates": [ [ [ -118.317146417338549, 34.031442711234483 ], [ -118.317117587160283, 34.032794747155464 ], [ -118.315493524964509, 34.032770733992159 ], [ -118.315522382953532, 34.031418698446814 ], [ -118.317146417338549, 34.031442711234483 ] ] ] } },
{ "type": "Feature", "properties": { "cell_id": "c0028_0041", "row": 28, "col": 41, "area_m2": 22500.0 }, "geometry": { "type": "Polygon", "coordinates": [ [ [ -118.315522382953532, 34.031418698446814 ], [ -118.315493524964509, 34.032770733992159 ], [ -118.313869463757385, 34.032746697667989 ], [ -118.313898349557164, 34.031394662498613 ], [ -118.315522382953532, 34.031418698446814 ] ] ] } },
{ "type": "Feature", "properties": { "cell_id": "c0028_0042", "row": 28, "col": 42, "area_m2": 22500.0 }, "geometry": { "type": "Polygon", "coordinates": [ [ [ -118.313898349557164, 34.031394662498613 ], [ -118.313869463757385, 34.032746697667989 ], [ -118.312245403539919, 34.032722638182982 ], [ -118.312274317150411, 34.031370603389952 ], [ -118.313898349557164, 34.031394662498613 ] ] ] } },
{ "type": "Feature", "properties": { "cell_id": "c0028_0043", "row": 28, "col": 43, "area_m2": 22500.0 }, "geometry": { "type": "Polygon", "coordinates": [ [ [ -118.312274317150411, 34.031370603389952 ], [ -118.312245403539919, 34.032722638182982 ], [ -118.310621344313034, 34.032698555537138 ], [ -118.310650285734184, 34.031346521120803 ], [ -118.312274317150411, 34.031370603389952 ] ] ] } },
{ "type": "Feature", "properties": { "cell_id": "c0028_0044", "row": 28, "col": 44, "area_m2": 22500.0 }, "geometry": { "type": "Polygon", "coordinates": [ [ [ -118.310650285734184, 34.031346521120803 ], [ -118.310621344313034, 34.032698555537138 ], [ -118.308997286077684, 34.032674449730479 ], [ -118.309026255309419, 34.031322415691207 ], [ -118.310650285734184, 34.031346521120803 ] ] ] } },
{ "type": "Feature", "properties": { "cell_id": "c0028_0045", "row": 28, "col": 45, "area_m2": 22500.0 }, "geometry": { "type": "Polygon", "coordinates": [ [ [ -118.309026255309419, 34.031322415691207 ], [ -118.308997286077684, 34.032674449730479 ], [ -118.307373228834848, 34.032650320763047 ], [ -118.307402225877141, 34.031298287101194 ], [ -118.309026255309419, 34.031322415691207 ] ] ] } },
{ "type": "Feature", "properties": { "cell_id": "c0028_0046", "row": 28, "col": 46, "area_m2": 22500.0 }, "geometry": { "type": "Polygon", "coordinates": [ [ [ -118.307402225877141, 34.031298287101194 ], [ -118.307373228834848, 34.032650320763047 ], [ -118.30574917258545, 34.03262616863482 ], [ -118.305778197438244, 34.031274135350763 ], [ -118.307402225877141, 34.031298287101194 ] ] ] } },
{ "type": "Feature", "properties": { "cell_id": "c0028_0047", "row": 28, "col": 47, "area_m2": 22500.0 }, "geometry": { "type": "Polygon", "coordinates": [ [ [ -118.305778197438244, 34.031274135350763 ], [ -118.30574917258545, 34.03262616863482 ], [ -118.304125117330457, 34.03260199334585 ], [ -118.30415416999368, 34.031249960439951 ], [ -118.305778197438244, 34.031274135350763 ] ] ] } },
{ "type": "Feature", "properties": { "cell_id": "c0028_0048", "row": 28, "col": 48, "area_m2": 22500.0 }, "geometry": { "type": "Polygon", "coordinates": [ [ [ -118.30415416999368, 34.031249960439951 ], [ -118.304125117330457, 34.03260199334585 ], [ -118.302501063070821, 34.03257779489617 ], [ -118.302530143544431, 34.03122576236877 ], [ -118.30415416999368, 34.031249960439951 ] ] ] } },
{ "type": "Feature", "properties": { "cell_id": "c0028_0049", "row": 28, "col": 49, "area_m2": 22500.0 }, "geometry": { "type": "Polygon", "coordinates": [ [ [ -118.302530143544431, 34.03122576236877 ], [ -118.302501063070821, 34.03257779489617 ], [ -118.300877009807479, 34.032553573285774 ], [ -118.300906118091419, 34.031201541137243 ], [ -118.302530143544431, 34.03122576236877 ] ] ] } },
{ "type": "Feature", "properties": { "cell_id": "c0028_0050", "row": 28, "col": 50, "area_m2": 22500.0 }, "geometry": { "type": "Polygon", "coordinates": [ [ [ -118.300906118091419, 34.031201541137243 ], [ -118.300877009807479, 34.032553573285774 ], [ -118.299252957541398, 34.032529328514663 ], [ -118.29928209363564, 34.031177296745369 ], [ -118.300906118091419, 34.031201541137243 ] ] ] } },
{ "type": "Feature", "properties": { "cell_id": "c0028_0051", "row": 28, "col": 51, "area_m2": 22500.0 }, "geometry": { "type": "Polygon", "coordinates": [ [ [ -118.29928209363564, 34.031177296745369 ], [ -118.299252957541398, 34.032529328514663 ], [ -118.297628906273516, 34.032505060582899 ], [ -118.297658070177988, 34.031153029193206 ], [ -118.29928209363564, 34.031177296745369 ] ] ] } },
{ "type": "Feature", "properties": { "cell_id": "c0028_0052", "row": 28, "col": 52, "area_m2": 22500.0 }, "geometry": { "type": "Polygon", "coordinates": [ [ [ -118.297658070177988, 34.031153029193206 ], [ -118.297628906273516, 34.032505060582899 ], [ -118.296004856004814, 34.032480769490469 ], [ -118.296034047719473, 34.031128738480746 ], [ -118.297658070177988, 34.031153029193206 ] ] ] } },
{ "type": "Feature", "properties": { "cell_id": "c0028_0053", "row": 28, "col": 53, "area_m2": 22500.0 }, "geometry": { "type": "Polygon", "coordinates": [ [ [ -118.296034047719473, 34.031128738480746 ], [ -118.296004856004814, 34.032480769490469 ], [ -118.2943808067362, 34.032456455237423 ], [ -118.294410026261005, 34.031104424608024 ], [ -118.296034047719473, 34.031128738480746 ] ] ] } },
{ "type": "Feature", "properties": { "cell_id": "c0028_0054", "row": 28, "col": 54, "area_m2": 22500.0 }, "geometry": { "type": "Polygon", "coordinates": [ [ [ -118.294410026261005, 34.031104424608024 ], [ -118.2943808067362, 34.032456455237423 ], [ -118.292756758468684, 34.032432117823745 ], [ -118.292786005803535, 34.031080087575027 ], [ -118.294410026261005, 34.031104424608024 ] ] ] } },
{ "type": "Feature", "properties": { "cell_id": "c0028_0055", "row": 28, "col": 55, "area_m2": 22500.0 }, "geometry": { "type": "Polygon", "coordinates": [ [ [ -118.292786005803535, 34.031080087575027 ], [ -118.292756758468684, 34.032432117823745 ], [ -118.291132711203161, 34.032407757249466 ], [ -118.291161986348058, 34.031055727381798 ], [ -118.292786005803535, 34.031080087575027 ] ] ] } },
{ "type": "Feature", "properties": { "cell_id": "c0028_0056", "row": 28, "col": 56, "area_m2": 22500.0 }, "geometry": { "type": "Polygon", "coordinates": [ [ [ -118.291161986348058, 34.031055727381798 ], [ -118.291132711203161, 34.032407757249466 ], [ -118.289508664940612, 34.032383373514641 ], [ -118.289537967895484, 34.031031344028371 ], [ -118.291161986348058, 34.031055727381798 ] ] ] } },
{ "type": "Feature", "properties": { "cell_id": "c0028_0057", "row": 28, "col": 57, "area_m2": 22500.0 }, "geometry": { "type": "Polygon", "coordinates": [ [ [ -118.289537967895484, 34.031031344028371 ], [ -118.289508664940612, 34.032383373514641 ], [ -118.287884619681975, 34.032358966619242 ], [ -118.287913950446793, 34.031006937514725 ], [ -118.289537967895484, 34.031031344028371 ] ] ] } },
{ "type": "Feature", "properties": { "cell_id": "c0028_0058", "row": 28, "col": 58, "area_m2": 22500.0 }, "geometry": { "type": "Polygon", "coordinates": [ [ [ -118.287913950446793, 34.031006937514725 ], [ -118.287884619681975, 34.032358966619242 ], [ -118.28626057542823, 34.032334536563319 ], [ -118.286289934002909, 34.030982507840946 ], [ -118.287913950446793, 34.031006937514725 ] ] ] } },
{ "type": "Feature", "properties": { "cell_id": "c0028_0059", "row": 28, "col": 59, "area_m2": 22500.0 }, "geometry": { "type": "Polygon", "coordinates": [ [ [ -118.286289934002909, 34.030982507840946 ], [ -118.28626057542823, 34.032334536563319 ], [ -118.284636532180286, 34.032310083346879 ], [ -118.284665918564798, 34.030958055006991 ], [ -118.286289934002909, 34.030982507840946 ] ] ] } },
{ "type": "Feature", "properties": { "cell_id": "c0028_0060", "row": 28, "col": 60, "area_m2": 22500.0 }, "geometry": { "type": "Polygon", "coordinates": [ [ [ -118.284665918564798, 34.030958055006991 ], [ -118.284636532180286, 34.032310083346879 ], [ -118.283012489939154, 34.032285606969914 ], [ -118.283041904133412, 34.030933579012896 ], [ -118.284665918564798, 34.030958055006991 ] ] ] } },
{ "type": "Feature", "properties": { "cell_id": "c0028_0061", "row": 28, "col": 61, "area_m2": 22500.0 }, "geometry": { "type": "Polygon", "coordinates": [ [ [ -118.283041904133412, 34.030933579012896 ], [ -118.283012489939154, 34.032285606969914 ], [ -118.281388448705727, 34.032261107432511 ], [ -118.281417890709733, 34.030909079858695 ], [ -118.283041904133412, 34.030933579012896 ] ] ] } },
{ "type": "Feature", "properties": { "cell_id": "c0028_0062", "row": 28, "col": 62, "area_m2": 22500.0 }, "geometry": { "type": "Polygon", "coordinates": [ [ [ -118.281417890709733, 34.030909079858695 ], [ -118.281388448705727, 34.032261107432511 ], [ -118.279764408480986, 34.032236584734626 ], [ -118.27979387829464, 34.030884557544375 ], [ -118.281417890709733, 34.030909079858695 ] ] ] } },
{ "type": "Feature", "properties": { "cell_id": "c0028_0063", "row": 28, "col": 63, "area_m2": 22500.0 }, "geometry": { "type": "Polygon", "coordinates": [ [ [ -118.27979387829464, 34.030884557544375 ], [ -118.279764408480986, 34.032236584734626 ], [ -118.278140369265884, 34.032212038876303 ], [ -118.278169866889172, 34.030860012070008 ], [ -118.27979387829464, 34.030884557544375 ] ] ] } },
{ "type": "Feature", "properties": { "cell_id": "c0028_0064", "row": 28, "col": 64, "area_m2": 22500.0 }, "geometry": { "type": "Polygon", "coordinates": [ [ [ -118.278169866889172, 34.030860012070008 ], [ -118.278140369265884, 34.032212038876303 ], [ -118.276516331061359, 34.032187469857583 ], [ -118.276545856494209, 34.030835443435578 ], [ -118.278169866889172, 34.030860012070008 ] ] ] } },
{ "type": "Feature", "properties": { "cell_id": "c0028_0065", "row": 28, "col": 65, "area_m2": 22500.0 }, "geometry": { "type": "Polygon", "coordinates": [ [ [ -118.276545856494209, 34.030835443435578 ], [ -118.276516331061359, 34.032187469857583 ], [ -118.27489229386839, 34.032162877678445 ], [ -118.274921847110761, 34.030810851641107 ], [ -118.276545856494209, 34.030835443435578 ] ] ] } },
{ "type": "Feature", "properties": { "cell_id": "c0028_0066", "row": 28, "col": 66, "area_m2": 5455.2504174103406 }, "geometry": { "type": "Polygon", "coordinates": [ [ [ -118.274921847110761, 34.030810851641107 ], [ -118.27489229386839, 34.032162877678445 ], [ -118.274547823406721, 34.032157658513711 ], [ -118.274525689231183, 34.03154689201282 ], [ -118.274510068366709, 34.031335645018572 ], [ -118.27448962148857, 34.031169979522069 ], [ -118.27446567932887, 34.030803939886077 ], [ -118.274921847110761, 34.030810851641107 ] ] ] } },
{ "type": "Feature", "properties": { "cell_id": "c0029_0007", "row": 29, "col": 7, "area_m2": 10440.50085805357 }, "geometry": { "type": "Polygon", "coordinates": [ [ [ -118.369088093754101, 34.033550939328876 ], [ -118.370278572315854, 34.033567983249057 ], [ -118.370025809754381, 34.03412677765057 ], [ -118.369898843023236, 34.034410670768651 ], [ -118.369621650173229, 34.034537449364691 ], [ -118.369376252711191, 34.034650177033249 ], [ -118.369092969676586, 34.034779506350745 ], [ -118.369062415169481, 34.034793502870635 ], [ -118.369088093754101, 34.033550939328876 ] ] ] } },
{ "type": "Feature", "properties": { "cell_id": "c0029_0008", "row": 29, "col": 8, "area_m2": 22348.976518003536 }, "geometry": { "type": "Polygon", "coordinates": [ [ [ -118.367464000423098, 34.033527667323398 ], [ -118.369088093754101, 34.033550939328876 ], [ -118.369062415169481, 34.034793502870635 ], [ -118.368830591556176, 34.034899697039762 ], [ -118.367581809726474, 34.034881802525675 ], [ -118.367436648082673, 34.034849904459264 ], [ -118.367464000423098, 34.033527667323398 ] ] ] } },
{ "type": "Feature", "properties": { "cell_id": "c0029_0009", "row": 29, "col": 9, "area_m2": 19320.560050635562 }, "geometry": { "type": "Polygon", "coordinates": [ [ [ -118.365839908050347, 34.033504372156443 ], [ -118.367464000423098, 34.033527667323398 ], [ -118.367436648082673, 34.034849904459264 ], [ -118.36700791036769, 34.03475569166752 ], [ -118.365870138231145, 34.034518250823005 ], [ -118.365819147912461, 34.034506943176666 ], [ -118.365839908050347, 34.033504372156443 ] ] ] } },
{ "type": "Feature", "properties": { "cell_id": "c0029_0010", "row": 29, "col": 10, "area_m2": 13988.790936685598 }, "geometry": { "type": "Polygon", "coordinates": [ [ [ -118.364215816636744, 34.033481053828041 ], [ -118.365839908050347, 34.033504372156443 ], [ -118.365819147912461, 34.034506943176666 ], [ -118.365104688591742, 34.034348501455419 ], [ -118.364339315882518, 34.034195952760449 ], [ -118.364201542473026, 34.034169715699591 ], [ -118.364215816636744, 34.033481053828041 ] ] ] } },
{ "type": "Feature", "properties": { "cell_id": "c0029_0011", "row": 29, "col": 11, "area_m2": 9444.7178778286016 }, "geometry": { "type": "Polygon", "coordinates": [ [ [ -118.362591726183254, 34.033457712338183 ], [ -118.364215816636744, 34.033481053828041 ], [ -118.364201542473026, 34.034169715699591 ], [ -118.363449867047919, 34.034026566143183 ], [ -118.362602130309384, 34.033943081856506 ], [ -118.362581685886639, 34.033941630768673 ], [ -118.362591726183254, 34.033457712338183 ] ] ] } },
{ "type": "Feature", "properties": { "cell_id": "c0029_0012", "row": 29, "col": 12, "area_m2": 7434.7761539238063 }, "geometry": { "type": "Polygon", "coordinates": [ [ [ -118.360967636690845, 34.033434347686928 ], [ -118.362591726183254, 34.033457712338183 ], [ -118.362581685886639, 34.033941630768673 ], [ -118.361671798177539, 34.033877045716729 ], [ -118.36095866623775, 34.033866274140095 ], [ -118.360967636690845, 34.033434347686928 ] ] ] } },
{ "type": "Feature", "properties": { "cell_id": "c0029_0013", "row": 29, "col": 13, "area_m2": 7244.3562199632042 }, "geometry": { "type": "Polygon", "coordinates": [ [ [ -118.359343548160467, 34.03341095987426 ], [ -118.360967636690845, 34.033434347686928 ], [ -118.36095866623775, 34.033866274140095 ], [ -118.359770249727632, 34.033848313649166 ], [ -118.359333977108605, 34.033871348792225 ], [ -118.359343548160467, 34.03341095987426 ] ] ] } },
{ "type": "Feature", "properties": { "cell_id": "c0029_0014", "row": 29, "col": 14, "area_m2": 8570.7414365591831 }, "geometry": { "type": "Polygon", "coordinates": [ [ [ -118.357719460593046, 34.033387548900194 ], [ -118.359343548160467, 34.03341095987426 ], [ -118.359333977108605, 34.033871348792225 ], [ -118.35770760621719, 34.033957206132662 ], [ -118.357719460593046, 34.033387548900194 ] ] ] } },
{ "type": "Feature", "properties": { "cell_id": "c0029_0015", "row": 29, "col": 15, "area_m2": 10273.837823368525 }, "geometry": { "type": "Polygon", "coordinates": [ [ [ -118.356095373989561, 34.033364114764794 ], [ -118.357719460593046, 34.033387548900194 ], [ -118.35770760621719, 34.033957206132662 ], [ -118.357352679929235, 34.033975939844616 ], [ -118.356081600984226, 34.034025316366332 ], [ -118.356095373989561, 34.033364114764794 ] ] ] } },
{ "type": "Feature", "properties": { "cell_id": "c0029_0016", "row": 29, "col": 16, "area_m2": 11736.54769301552 }, "geometry": { "type": "Polygon", "coordinates": [ [ [ -118.35447128835095, 34.033340657468045 ], [ -118.356095373989561, 34.033364114764794 ], [ -118.356081600984226, 34.034025316366332 ], [ -118.355668953515291, 34.034041343067074 ], [ -118.354955623100622, 34.034069044922262 ], [ -118.35445559324279, 34.034093389115547 ], [ -118.35447128835095, 34.033340657468045 ] ] ] } },
{ "type": "Feature", "properties": { "cell_id": "c0029_0017", "row": 29, "col": 17, "area_m2": 13380.611235556717 }, "geometry": { "type": "Polygon", "coordinates": [ [ [ -118.352847203678195, 34.033317177009977 ], [ -118.35447128835095, 34.033340657468045 ], [ -118.35445559324279, 34.034093389115547 ], [ -118.352829350821295, 34.034172548217811 ], [ -118.352847203678195, 34.033317177009977 ] ] ] } },
{ "type": "Feature", "properties": { "cell_id": "c0029_0018", "row": 29, "col": 18, "area_m2": 15088.690501305973 }, "geometry": { "type": "Polygon", "coordinates": [ [ [ -118.351223119972218, 34.033293673390581 ], [ -118.352847203678195, 34.033317177009977 ], [ -118.352829350821295, 34.034172548217811 ], [ -118.351203105138211, 34.034251684091124 ], [ -118.351223119972218, 34.033293673390581 ] ] ] } },
{ "type": "Feature", "properties": { "cell_id": "c0029_0019", "row": 29, "col": 19, "area_m2": 16796.76976705523 }, "geometry": { "type": "Polygon", "coordinates": [ [ [ -118.349599037233972, 34.033270146609901 ], [ -118.351223119972218, 34.033293673390581 ], [ -118.351203105138211, 34.034251684091124 ], [ -118.349576856194503, 34.034330796735432 ], [ -118.349599037233972, 34.033270146609901 ] ] ] } },
{ "type": "Feature", "properties": { "cell_id": "c0029_0020", "row": 29, "col": 20, "area_m2": 18504.853081888828 }, "geometry": { "type": "Polygon", "coordinates": [ [ [ -118.347974955464394, 34.033246596667958 ], [ -118.349599037233972, 34.033270146609901 ], [ -118.349576856194503, 34.034330796735432 ], [ -118.348780017954951, 34.0343695522388 ], [ -118.348390666595293, 34.034388487019285 ], [ -118.34795060395723, 34.034409887767957 ], [ -118.347974955464394, 34.033246596667958 ] ] ] } },
{ "type": "Feature", "properties": { "cell_id": "c0029_0021", "row": 29, "col": 21, "area_m2": 20213.001990578778 }, "geometry": { "type": "Polygon", "coordinates": [ [ [ -118.346350874664481, 34.033223023564794 ], [ -118.347974955464394, 34.033246596667958 ], [ -118.34795060395723, 34.034409887767957 ], [ -118.346324348377266, 34.034488959575803 ], [ -118.346350874664481, 34.033223023564794 ] ] ] } },
{ "type": "Feature", "properties": { "cell_id": "c0029_0022", "row": 29, "col": 22, "area_m2": 21898.99651114611 }, "geometry": { "type": "Polygon", "coordinates": [ [ [ -118.344698436476676, 34.034551467533738 ], [ -118.344726794835168, 34.03319942730036 ], [ -118.346350874664481, 34.033223023564794 ], [ -118.346324348377266, 34.034488959575803 ], [ -118.344960151062537, 34.03455527154712 ], [ -118.344698436476676, 34.034551467533738 ] ] ] } },
{ "type": "Feature", "properties": { "cell_id": "c0029_0023", "row": 29, "col": 23, "area_m2": 22500.0 }, "geometry": { "type": "Polygon", "coordinates": [ [ [ -118.344726794835168, 34.03319942730036 ], [ -118.344698436476676, 34.034551467533738 ], [ -118.343074329806285, 34.034527847738616 ], [ -118.343102715977381, 34.03317580787472 ], [ -118.344726794835168, 34.03319942730036 ] ] ] } },
{ "type": "Feature", "properties": { "cell_id": "c0029_0024", "row": 29, "col": 24, "area_m2": 22500.0 }, "geometry": { "type": "Polygon", "coordinates": [ [ [ -118.343102715977381, 34.03317580787472 ], [ -118.343074329806285, 34.034527847738616 ], [ -118.341450224108442, 34.034504204781946 ], [ -118.341478638092099, 34.033152165287902 ], [ -118.343102715977381, 34.03317580787472 ] ] ] } },
{ "type": "Feature", "properties": { "cell_id": "c0029_0025", "row": 29, "col": 25, "area_m2": 22500.0 }, "geometry": { "type": "Polygon", "coordinates": [ [ [ -118.341478638092099, 34.033152165287902 ], [ -118.341450224108442, 34.034504204781946 ], [ -118.339826119384128, 34.034480538663729 ], [ -118.339854561180275, 34.033128499539913 ], [ -118.341478638092099, 34.033152165287902 ] ] ] } },
{ "type": "Feature", "properties": { "cell_id": "c0029_0026", "row": 29, "col": 26, "area_m2": 22500.0 }, "geometry": { "type": "Polygon", "coordinates": [ [ [ -118.339854561180275, 34.033128499539913 ], [ -118.339826119384128, 34.034480538663729 ], [ -118.338202015634238, 34.034456849384007 ], [ -118.338230485242875, 34.033104810630768 ], [ -118.339854561180275, 34.033128499539913 ] ] ] } },
{ "type": "Feature", "properties": { "cell_id": "c0029_0027", "row": 29, "col": 27, "area_m2": 22500.0 }, "geometry": { "type": "Polygon", "coordinates": [ [ [ -118.338230485242875, 34.033104810630768 ], [ -118.338202015634238, 34.034456849384007 ], [ -118.336577912859752, 34.034433136942795 ], [ -118.336606410280794, 34.03308109856048 ], [ -118.338230485242875, 34.033104810630768 ] ] ] } },
{ "type": "Feature", "properties": { "cell_id": "c0029_0028", "row": 29, "col": 28, "area_m2": 22500.0 }, "geometry": { "type": "Polygon", "coordinates": [ [ [ -118.336606410280794, 34.03308109856048 ], [ -118.336577912859752, 34.034433136942795 ], [ -118.334953811061638, 34.034409401340078 ], [ -118.334982336295027, 34.033057363329078 ], [ -118.336606410280794, 34.03308109856048 ] ] ] } },
{ "type": "Feature", "properties": { "cell_id": "c0029_0029", "row": 29, "col": 29, "area_m2": 22500.0 }, "geometry": { "type": "Polygon", "coordinates": [ [ [ -118.334982336295027, 34.033057363329078 ], [ -118.334953811061638, 34.034409401340078 ], [ -118.333329710240832, 34.03438564257592 ], [ -118.333358263286527, 34.03303360493657 ], [ -118.334982336295027, 34.033057363329078 ] ] ] } },
{ "type": "Feature", "properties": { "cell_id": "c0029_0030", "row": 29, "col": 30, "area_m2": 22500.0 }, "geometry": { "type": "Polygon", "coordinates": [ [ [ -118.333358263286527, 34.03303360493657 ], [ -118.333329710240832, 34.03438564257592 ], [ -118.331705610398288, 34.034361860650321 ], [ -118.331734191256245, 34.033009823382997 ], [ -118.333358263286527, 34.03303360493657 ] ] ] } },
{ "type": "Feature", "properties": { "cell_id": "c0029_0031", "row": 29, "col": 31, "area_m2": 22500.0 }, "geometry": { "type": "Polygon", "coordinates": [ [ [ -118.331734191256245, 34.033009823382997 ], [ -118.331705610398288, 34.034361860650321 ], [ -118.330081511534956, 34.03433805556331 ], [ -118.33011012020512, 34.032986018668367 ], [ -118.331734191256245, 34.033009823382997 ] ] ] } },
{ "type": "Feature", "properties": { "cell_id": "c0029_0032", "row": 29, "col": 32, "area_m2": 22500.0 }, "geometry": { "type": "Polygon", "coordinates": [ [ [ -118.33011012020512, 34.032986018668367 ], [ -118.330081511534956, 34.03433805556331 ], [ -118.32845741365179, 34.034314227314887 ], [ -118.328486050134103, 34.032962190792688 ], [ -118.33011012020512, 34.032986018668367 ] ] ] } },
{ "type": "Feature", "properties": { "cell_id": "c0029_0033", "row": 29, "col": 33, "area_m2": 22500.0 }, "geometry": { "type": "Polygon", "coordinates": [ [ [ -118.328486050134103, 34.032962190792688 ], [ -118.32845741365179, 34.034314227314887 ], [ -118.326833316749756, 34.034290375905066 ], [ -118.326861981044146, 34.032938339755994 ], [ -118.328486050134103, 34.032962190792688 ] ] ] } },
{ "type": "Feature", "properties": { "cell_id": "c0029_0034", "row": 29, "col": 34, "area_m2": 22500.0 }, "geometry": { "type": "Polygon", "coordinates": [ [ [ -118.326861981044146, 34.032938339755994 ], [ -118.326833316749756, 34.034290375905066 ], [ -118.325209220829763, 34.03426650133391 ], [ -118.325237912936259, 34.032914465558292 ], [ -118.326861981044146, 34.032938339755994 ] ] ] } },
{ "type": "Feature", "properties": { "cell_id": "c0029_0035", "row": 29, "col": 35, "area_m2": 22500.0 }, "geometry": { "type": "Polygon", "coordinates": [ [ [ -118.325237912936259, 34.032914465558292 ], [ -118.325209220829763, 34.03426650133391 ], [ -118.323585125892819, 34.034242603601406 ], [ -118.323613845811295, 34.032890568199619 ], [ -118.325237912936259, 34.032914465558292 ] ] ] } },
{ "type": "Feature", "properties": { "cell_id": "c0029_0036", "row": 29, "col": 36, "area_m2": 22500.0 }, "geometry": { "type": "Polygon", "coordinates": [ [ [ -118.323613845811295, 34.032890568199619 ], [ -118.323585125892819, 34.034242603601406 ], [ -118.32196103193985, 34.034218682707561 ], [ -118.321989779670275, 34.032866647679967 ], [ -118.323613845811295, 34.032890568199619 ] ] ] } },
{ "type": "Feature", "properties": { "cell_id": "c0029_0037", "row": 29, "col": 37, "area_m2": 22500.0 }, "geometry": { "type": "Polygon", "coordinates": [ [ [ -118.321989779670275, 34.032866647679967 ], [ -118.32196103193985, 34.034218682707561 ], [ -118.320336938971806, 34.034194738652417 ], [ -118.320365714514139, 34.032842703999393 ], [ -118.321989779670275, 34.032866647679967 ] ] ] } },
{ "type": "Feature", "properties": { "cell_id": "c0029_0038", "row": 29, "col": 38, "area_m2": 22500.0 }, "geometry": { "type": "Polygon", "coordinates": [ [ [ -118.320365714514139, 34.032842703999393 ], [ -118.320336938971806, 34.034194738652417 ], [ -118.318712846989641, 34.034170771435988 ], [ -118.318741650343824, 34.032818737157868 ], [ -118.320365714514139, 34.032842703999393 ] ] ] } },
{ "type": "Feature", "properties": { "cell_id": "c0029_0039", "row": 29, "col": 39, "area_m2": 22500.0 }, "geometry": { "type": "Polygon", "coordinates": [ [ [ -118.318741650343824, 34.032818737157868 ], [ -118.318712846989641, 34.034170771435988 ], [ -118.31708875599432, 34.03414678105829 ], [ -118.317117587160283, 34.032794747155464 ], [ -118.318741650343824, 34.032818737157868 ] ] ] } },
{ "type": "Feature", "properties": { "cell_id": "c0029_0040", "row": 29, "col": 40, "area_m2": 22500.0 }, "geometry": { "type": "Polygon", "coordinates": [ [ [ -118.317117587160283, 34.032794747155464 ], [ -118.31708875599432, 34.03414678105829 ], [ -118.315464665986752, 34.034122767519349 ], [ -118.315493524964509, 34.032770733992159 ], [ -118.317117587160283, 34.032794747155464 ] ] ] } },
{ "type": "Feature", "properties": { "cell_id": "c0029_0041", "row": 29, "col": 41, "area_m2": 22500.0 }, "geometry": { "type": "Polygon", "coordinates": [ [ [ -118.315493524964509, 34.032770733992159 ], [ -118.315464665986752, 34.034122767519349 ], [ -118.313840576967948, 34.034098730819181 ], [ -118.313869463757385, 34.032746697667989 ], [ -118.315493524964509, 34.032770733992159 ] ] ] } },
{ "type": "Feature", "properties": { "cell_id": "c0029_0042", "row": 29, "col": 42, "area_m2": 22500.0 }, "geometry": { "type": "Polygon", "coordinates": [ [ [ -118.313869463757385, 34.032746697667989 ], [ -118.313840576967948, 34.034098730819181 ], [ -118.312216488938844, 34.0340746709578 ], [ -118.312245403539919, 34.032722638182982 ], [ -118.313869463757385, 34.032746697667989 ] ] ] } },
{ "type": "Feature", "properties": { "cell_id": "c0029_0043", "row": 29, "col": 43, "area_m2": 22500.0 }, "geometry": { "type": "Polygon", "coordinates": [ [ [ -118.312245403539919, 34.032722638182982 ], [ -118.312216488938844, 34.0340746709578 ], [ -118.310592401900351, 34.034050587935226 ], [ -118.310621344313034, 34.032698555537138 ], [ -118.312245403539919, 34.032722638182982 ] ] ] } },
{ "type": "Feature", "properties": { "cell_id": "c0029_0044", "row": 29, "col": 44, "area_m2": 22500.0 }, "geometry": { "type": "Polygon", "coordinates": [ [ [ -118.310621344313034, 34.032698555537138 ], [ -118.310592401900351, 34.034050587935226 ], [ -118.308968315853463, 34.034026481751489 ], [ -118.308997286077684, 34.032674449730479 ], [ -118.310621344313034, 34.032698555537138 ] ] ] } },
{ "type": "Feature", "properties": { "cell_id": "c0029_0045", "row": 29, "col": 45, "area_m2": 22500.0 }, "geometry": { "type": "Polygon", "coordinates": [ [ [ -118.308997286077684, 34.032674449730479 ], [ -118.308968315853463, 34.034026481751489 ], [ -118.307344230799146, 34.034002352406596 ], [ -118.307373228834848, 34.032650320763047 ], [ -118.308997286077684, 34.032674449730479 ] ] ] } },
{ "type": "Feature", "properties": { "cell_id": "c0029_0046", "row": 29, "col": 46, "area_m2": 22500.0 }, "geometry": { "type": "Polygon", "coordinates": [ [ [ -118.307373228834848, 34.032650320763047 ], [ -118.307344230799146, 34.034002352406596 ], [ -118.305720146738295, 34.033978199900567 ], [ -118.30574917258545, 34.03262616863482 ], [ -118.307373228834848, 34.032650320763047 ] ] ] } },
{ "type": "Feature", "properties": { "cell_id": "c0029_0047", "row": 29, "col": 47, "area_m2": 22500.0 }, "geometry": { "type": "Polygon", "coordinates": [ [ [ -118.30574917258545, 34.03262616863482 ], [ -118.305720146738295, 34.033978199900567 ], [ -118.304096063671921, 34.033954024233438 ], [ -118.304125117330457, 34.03260199334585 ], [ -118.30574917258545, 34.03262616863482 ] ] ] } },
{ "type": "Feature", "properties": { "cell_id": "c0029_0048", "row": 29, "col": 48, "area_m2": 22500.0 }, "geometry": { "type": "Polygon", "coordinates": [ [ [ -118.304125117330457, 34.03260199334585 ], [ -118.304096063671921, 34.033954024233438 ], [ -118.302471981600917, 34.033929825405195 ], [ -118.302501063070821, 34.03257779489617 ], [ -118.304125117330457, 34.03260199334585 ] ] ] } },
{ "type": "Feature", "properties": { "cell_id": "c0029_0049", "row": 29, "col": 49, "area_m2": 22500.0 }, "geometry": { "type": "Polygon", "coordinates": [ [ [ -118.302501063070821, 34.03257779489617 ], [ -118.302471981600917, 34.033929825405195 ], [ -118.300847900526279, 34.033905603415903 ], [ -118.300877009807479, 34.032553573285774 ], [ -118.302501063070821, 34.03257779489617 ] ] ] } },
{ "type": "Feature", "properties": { "cell_id": "c0029_0050", "row": 29, "col": 50, "area_m2": 22500.0 }, "geometry": { "type": "Polygon", "coordinates": [ [ [ -118.300877009807479, 34.032553573285774 ], [ -118.300847900526279, 34.033905603415903 ], [ -118.299223820448972, 34.033881358265539 ], [ -118.299252957541398, 34.032529328514663 ], [ -118.300877009807479, 34.032553573285774 ] ] ] } },
{ "type": "Feature", "properties": { "cell_id": "c0029_0051", "row": 29, "col": 51, "area_m2": 22500.0 }, "geometry": { "type": "Polygon", "coordinates": [ [ [ -118.299252957541398, 34.032529328514663 ], [ -118.299223820448972, 34.033881358265539 ], [ -118.297599741369908, 34.033857089954147 ], [ -118.297628906273516, 34.032505060582899 ], [ -118.299252957541398, 34.032529328514663 ] ] ] } },
{ "type": "Feature", "properties": { "cell_id": "c0029_0052", "row": 29, "col": 52, "area_m2": 22500.0 }, "geometry": { "type": "Polygon", "coordinates": [ [ [ -118.297628906273516, 34.032505060582899 ], [ -118.297599741369908, 34.033857089954147 ], [ -118.295975663290051, 34.03383279848174 ], [ -118.296004856004814, 34.032480769490469 ], [ -118.297628906273516, 34.032505060582899 ] ] ] } },
{ "type": "Feature", "properties": { "cell_id": "c0029_0053", "row": 29, "col": 53, "area_m2": 22500.0 }, "geometry": { "type": "Polygon", "coordinates": [ [ [ -118.296004856004814, 34.032480769490469 ], [ -118.295975663290051, 34.03383279848174 ], [ -118.294351586210368, 34.033808483848325 ], [ -118.2943808067362, 34.032456455237423 ], [ -118.296004856004814, 34.032480769490469 ] ] ] } },
{ "type": "Feature", "properties": { "cell_id": "c0029_0054", "row": 29, "col": 54, "area_m2": 22500.0 }, "geometry": { "type": "Polygon", "coordinates": [ [ [ -118.2943808067362, 34.032456455237423 ], [ -118.294351586210368, 34.033808483848325 ], [ -118.292727510131797, 34.033784146053961 ], [ -118.292756758468684, 34.032432117823745 ], [ -118.2943808067362, 34.032456455237423 ] ] ] } },
{ "type": "Feature", "properties": { "cell_id": "c0029_0055", "row": 29, "col": 55, "area_m2": 22500.0 }, "geometry": { "type": "Polygon", "coordinates": [ [ [ -118.292756758468684, 34.032432117823745 ], [ -118.292727510131797, 34.033784146053961 ], [ -118.291103435055277, 34.033759785098603 ], [ -118.291132711203161, 34.032407757249466 ], [ -118.292756758468684, 34.032432117823745 ] ] ] } },
{ "type": "Feature", "properties": { "cell_id": "c0029_0056", "row": 29, "col": 56, "area_m2": 22500.0 }, "geometry": { "type": "Polygon", "coordinates": [ [ [ -118.291132711203161, 34.032407757249466 ], [ -118.291103435055277, 34.033759785098603 ], [ -118.289479360981815, 34.033735400982358 ], [ -118.289508664940612, 34.032383373514641 ], [ -118.291132711203161, 34.032407757249466 ] ] ] } },
{ "type": "Feature", "properties": { "cell_id": "c0029_0057", "row": 29, "col": 57, "area_m2": 22500.0 }, "geometry": { "type": "Polygon", "coordinates": [ [ [ -118.289508664940612, 34.032383373514641 ], [ -118.289479360981815, 34.033735400982358 ], [ -118.287855287912294, 34.033710993705157 ], [ -118.287884619681975, 34.032358966619242 ], [ -118.289508664940612, 34.032383373514641 ] ] ] } },
{ "type": "Feature", "properties": { "cell_id": "c0029_0058", "row": 29, "col": 58, "area_m2": 22500.0 }, "geometry": { "type": "Polygon", "coordinates": [ [ [ -118.287884619681975, 34.032358966619242 ], [ -118.287855287912294, 34.033710993705157 ], [ -118.286231215847707, 34.033686563267082 ], [ -118.28626057542823, 34.032334536563319 ], [ -118.287884619681975, 34.032358966619242 ] ] ] } },
{ "type": "Feature", "properties": { "cell_id": "c0029_0059", "row": 29, "col": 59, "area_m2": 22500.0 }, "geometry": { "type": "Polygon", "coordinates": [ [ [ -118.28626057542823, 34.032334536563319 ], [ -118.286231215847707, 34.033686563267082 ], [ -118.284607144789021, 34.0336621096681 ], [ -118.284636532180286, 34.032310083346879 ], [ -118.28626057542823, 34.032334536563319 ] ] ] } },
{ "type": "Feature", "properties": { "cell_id": "c0029_0060", "row": 29, "col": 60, "area_m2": 22500.0 }, "geometry": { "type": "Polygon", "coordinates": [ [ [ -118.284636532180286, 34.032310083346879 ], [ -118.284607144789021, 34.0336621096681 ], [ -118.282983074737146, 34.033637632908281 ], [ -118.283012489939154, 34.032285606969914 ], [ -118.284636532180286, 34.032310083346879 ] ] ] } },
{ "type": "Feature", "properties": { "cell_id": "c0029_0061", "row": 29, "col": 61, "area_m2": 22500.0 }, "geometry": { "type": "Polygon", "coordinates": [ [ [ -118.283012489939154, 34.032285606969914 ], [ -118.282983074737146, 34.033637632908281 ], [ -118.281359005693048, 34.033613132987625 ], [ -118.281388448705727, 34.032261107432511 ], [ -118.283012489939154, 34.032285606969914 ] ] ] } },
{ "type": "Feature", "properties": { "cell_id": "c0029_0062", "row": 29, "col": 62, "area_m2": 22500.0 }, "geometry": { "type": "Polygon", "coordinates": [ [ [ -118.281388448705727, 34.032261107432511 ], [ -118.281359005693048, 34.033613132987625 ], [ -118.279734937657679, 34.033588609906147 ], [ -118.279764408480986, 34.032236584734626 ], [ -118.281388448705727, 34.032261107432511 ] ] ] } },
{ "type": "Feature", "properties": { "cell_id": "c0029_0063", "row": 29, "col": 63, "area_m2": 22500.0 }, "geometry": { "type": "Polygon", "coordinates": [ [ [ -118.279764408480986, 34.032236584734626 ], [ -118.279734937657679, 34.033588609906147 ], [ -118.27811087063202, 34.033564063663853 ], [ -118.278140369265884, 34.032212038876303 ], [ -118.279764408480986, 34.032236584734626 ] ] ] } },
{ "type": "Feature", "properties": { "cell_id": "c0029_0064", "row": 29, "col": 64, "area_m2": 22500.0 }, "geometry": { "type": "Polygon", "coordinates": [ [ [ -118.278140369265884, 34.032212038876303 ], [ -118.27811087063202, 34.033564063663853 ], [ -118.276486804616965, 34.033539494260815 ], [ -118.276516331061359, 34.032187469857583 ], [ -118.278140369265884, 34.032212038876303 ] ] ] } },
{ "type": "Feature", "properties": { "cell_id": "c0029_0065", "row": 29, "col": 65, "area_m2": 22500.0 }, "geometry": { "type": "Polygon", "coordinates": [ [ [ -118.276516331061359, 34.032187469857583 ], [ -118.276486804616965, 34.033539494260815 ], [ -118.274862739613525, 34.033514901696982 ], [ -118.27489229386839, 34.032162877678445 ], [ -118.276516331061359, 34.032187469857583 ] ] ] } },
{ "type": "Feature", "properties": { "cell_id": "c0029_0066", "row": 29, "col": 66, "area_m2": 4240.1082120227884 }, "geometry": { "type": "Polygon", "coordinates": [ [ [ -118.27489229386839, 34.032162877678445 ], [ -118.274862739613525, 34.033514901696982 ], [ -118.274592937708135, 34.03351081395023 ], [ -118.274574929845528, 34.032905615322676 ], [ -118.274547823406721, 34.032157658513711 ], [ -118.27489229386839, 34.032162877678445 ] ] ] } },
{ "type": "Feature", "properties": { "cell_id": "c0030_0008", "row": 30, "col": 8, "area_m2": 1143.0854346251874 }, "geometry": { "type": "Polygon", "coordinates": [ [ [ -118.368830591556176, 34.034899697039762 ], [ -118.368621932345903, 34.034995279359862 ], [ -118.368451591534921, 34.03507292541989 ], [ -118.367581809726474, 34.034881802525675 ], [ -118.368830591556176, 34.034899697039762 ] ] ] } },
{ "type": "Feature", "properties": { "cell_id": "c0030_0022", "row": 30, "col": 22, "area_m2": 22.178300565677105 }, "geometry": { "type": "Polygon", "coordinates": [ [ [ -118.344698436476676, 34.034551467533738 ], [ -118.344960151062537, 34.03455527154712 ], [ -118.34469808953925, 34.034568008154466 ], [ -118.344698436476676, 34.034551467533738 ] ] ] } },
{ "type": "Feature", "properties": { "cell_id": "c0030_0023", "row": 30, "col": 23, "area_m2": 1129.3476328472025 }, "geometry": { "type": "Polygon", "coordinates": [ [ [ -118.343074329806285, 34.034527847738616 ], [ -118.344698436476676, 34.034551467533738 ], [ -118.34469808953925, 34.034568008154466 ], [ -118.343071827444177, 34.03464703350383 ], [ -118.343074329806285, 34.034527847738616 ] ] ] } },
{ "type": "Feature", "properties": { "cell_id": "c0030_0024", "row": 30, "col": 24, "area_m2": 2836.9567927840349 }, "geometry": { "type": "Polygon", "coordinates": [ [ [ -118.341450224108442, 34.034504204781946 ], [ -118.343074329806285, 34.034527847738616 ], [ -118.343071827444177, 34.03464703350383 ], [ -118.34197889019535, 34.034700129728868 ], [ -118.341445566434103, 34.034725829061195 ], [ -118.341450224108442, 34.034504204781946 ] ] ] } },
{ "type": "Feature", "properties": { "cell_id": "c0030_0025", "row": 30, "col": 25, "area_m2": 4537.0147728652228 }, "geometry": { "type": "Polygon", "coordinates": [ [ [ -118.339826119384128, 34.034480538663729 ], [ -118.341450224108442, 34.034504204781946 ], [ -118.341445566434103, 34.034725829061195 ], [ -118.339819311082309, 34.034804178084883 ], [ -118.339826119384128, 34.034480538663729 ] ] ] } },
{ "type": "Feature", "properties": { "cell_id": "c0030_0026", "row": 30, "col": 26, "area_m2": 6234.7107773242788 }, "geometry": { "type": "Polygon", "coordinates": [ [ [ -118.338202015634238, 34.034456849384007 ], [ -118.339826119384128, 34.034480538663729 ], [ -118.339819311082309, 34.034804178084883 ], [ -118.338828689311043, 34.034851892369417 ], [ -118.338655590289164, 34.034860229456214 ], [ -118.3381930524707, 34.034882505379215 ], [ -118.338202015634238, 34.034456849384007 ] ] ] } },
{ "type": "Feature", "properties": { "cell_id": "c0030_0027", "row": 30, "col": 27, "area_m2": 7932.4509537036647 }, "geometry": { "type": "Polygon", "coordinates": [ [ [ -118.336577912859752, 34.034433136942795 ], [ -118.338202015634238, 34.034456849384007 ], [ -118.3381930524707, 34.034882505379215 ], [ -118.336566790588591, 34.034960811491139 ], [ -118.336577912859752, 34.034433136942795 ] ] ] } },
{ "type": "Feature", "properties": { "cell_id": "c0030_0028", "row": 30, "col": 28, "area_m2": 9630.2008277038112 }, "geometry": { "type": "Polygon", "coordinates": [ [ [ -118.334953811061638, 34.034409401340078 ], [ -118.336577912859752, 34.034433136942795 ], [ -118.336566790588591, 34.034960811491139 ], [ -118.334940525479979, 34.035039094373943 ], [ -118.334953811061638, 34.034409401340078 ] ] ] } },
{ "type": "Feature", "properties": { "cell_id": "c0030_0029", "row": 30, "col": 29, "area_m2": 11327.953093186923 }, "geometry": { "type": "Polygon", "coordinates": [ [ [ -118.333329710240832, 34.03438564257592 ], [ -118.334953811061638, 34.034409401340078 ], [ -118.334940525479979, 34.035039094373943 ], [ -118.333726803026877, 34.035097503614729 ], [ -118.333314257121856, 34.035117355160551 ], [ -118.333329710240832, 34.03438564257592 ] ] ] } },
{ "type": "Feature", "properties": { "cell_id": "c0030_0030", "row": 30, "col": 30, "area_m2": 13025.75659306749 }, "geometry": { "type": "Polygon", "coordinates": [ [ [ -118.331705610398288, 34.034361860650321 ], [ -118.333329710240832, 34.03438564257592 ], [ -118.333314257121856, 34.035117355160551 ], [ -118.331687985468633, 34.035195596051196 ], [ -118.331705610398288, 34.034361860650321 ] ] ] } },
{ "type": "Feature", "properties": { "cell_id": "c0030_0031", "row": 30, "col": 31, "area_m2": 14723.580792572466 }, "geometry": { "type": "Polygon", "coordinates": [ [ [ -118.330081511534956, 34.03433805556331 ], [ -118.331705610398288, 34.034361860650321 ], [ -118.331687985468633, 34.035195596051196 ], [ -118.330061710591536, 34.035273813712529 ], [ -118.330081511534956, 34.03433805556331 ] ] ] } },
{ "type": "Feature", "properties": { "cell_id": "c0030_0032", "row": 30, "col": 32, "area_m2": 16421.404992077441 }, "geometry": { "type": "Polygon", "coordinates": [ [ [ -118.32845741365179, 34.034314227314887 ], [ -118.330081511534956, 34.03433805556331 ], [ -118.330061710591536, 34.035273813712529 ], [ -118.32843543249156, 34.035352008144535 ], [ -118.32845741365179, 34.034314227314887 ] ] ] } },
{ "type": "Feature", "properties": { "cell_id": "c0030_0033", "row": 30, "col": 33, "area_m2": 18178.77230269822 }, "geometry": { "type": "Polygon", "coordinates": [ [ [ -118.326833316749756, 34.034290375905066 ], [ -118.32845741365179, 34.034314227314887 ], [ -118.32843543249156, 34.035352008144535 ], [ -118.328383134084916, 34.035354522359675 ], [ -118.327183494296463, 34.035412189288856 ], [ -118.326808492188533, 34.035461260632601 ], [ -118.326833316749756, 34.034290375905066 ] ] ] } },
{ "type": "Feature", "properties": { "cell_id": "c0030_0034", "row": 30, "col": 34, "area_m2": 21348.114277124725 }, "geometry": { "type": "Polygon", "coordinates": [ [ [ -118.325180527740272, 34.035618535092183 ], [ -118.325209220829763, 34.03426650133391 ], [ -118.326833316749756, 34.034290375905066 ], [ -118.326808492188533, 34.035461260632601 ], [ -118.325563495158121, 34.0356241668782 ], [ -118.325180527740272, 34.035618535092183 ] ] ] } },
{ "type": "Feature", "properties": { "cell_id": "c0030_0035", "row": 30, "col": 35, "area_m2": 22500.0 }, "geometry": { "type": "Polygon", "coordinates": [ [ [ -118.325209220829763, 34.03426650133391 ], [ -118.325180527740272, 34.035618535092183 ], [ -118.32355640499037, 34.035594636985813 ], [ -118.323585125892819, 34.034242603601406 ], [ -118.325209220829763, 34.03426650133391 ] ] ] } },
{ "type": "Feature", "properties": { "cell_id": "c0030_0036", "row": 30, "col": 36, "area_m2": 22500.0 }, "geometry": { "type": "Polygon", "coordinates": [ [ [ -118.323585125892819, 34.034242603601406 ], [ -118.32355640499037, 34.035594636985813 ], [ -118.321932283224498, 34.035570715717768 ], [ -118.32196103193985, 34.034218682707561 ], [ -118.323585125892819, 34.034242603601406 ] ] ] } },
{ "type": "Feature", "properties": { "cell_id": "c0030_0037", "row": 30, "col": 37, "area_m2": 22500.0 }, "geometry": { "type": "Polygon", "coordinates": [ [ [ -118.32196103193985, 34.034218682707561 ], [ -118.321932283224498, 34.035570715717768 ], [ -118.320308162443595, 34.035546771288033 ], [ -118.320336938971806, 34.034194738652417 ], [ -118.32196103193985, 34.034218682707561 ] ] ] } },
{ "type": "Feature", "properties": { "cell_id": "c0030_0038", "row": 30, "col": 38, "area_m2": 22500.0 }, "geometry": { "type": "Polygon", "coordinates": [ [ [ -118.320336938971806, 34.034194738652417 ], [ -118.320308162443595, 34.035546771288033 ], [ -118.318684042648627, 34.035522803696651 ], [ -118.318712846989641, 34.034170771435988 ], [ -118.320336938971806, 34.034194738652417 ] ] ] } },
{ "type": "Feature", "properties": { "cell_id": "c0030_0039", "row": 30, "col": 39, "area_m2": 22500.0 }, "geometry": { "type": "Polygon", "coordinates": [ [ [ -118.318712846989641, 34.034170771435988 ], [ -118.318684042648627, 34.035522803696651 ], [ -118.317059923840546, 34.035498812943665 ], [ -118.31708875599432, 34.03414678105829 ], [ -118.318712846989641, 34.034170771435988 ] ] ] } },
{ "type": "Feature", "properties": { "cell_id": "c0030_0040", "row": 30, "col": 40, "area_m2": 22500.0 }, "geometry": { "type": "Polygon", "coordinates": [ [ [ -118.31708875599432, 34.03414678105829 ], [ -118.317059923840546, 34.035498812943665 ], [ -118.315435806020275, 34.03547479902906 ], [ -118.315464665986752, 34.034122767519349 ], [ -118.31708875599432, 34.03414678105829 ] ] ] } },
{ "type": "Feature", "properties": { "cell_id": "c0030_0041", "row": 30, "col": 41, "area_m2": 22500.0 }, "geometry": { "type": "Polygon", "coordinates": [ [ [ -118.315464665986752, 34.034122767519349 ], [ -118.315435806020275, 34.03547479902906 ], [ -118.313811689188825, 34.035450761952859 ], [ -118.313840576967948, 34.034098730819181 ], [ -118.315464665986752, 34.034122767519349 ] ] ] } },
{ "type": "Feature", "properties": { "cell_id": "c0030_0042", "row": 30, "col": 42, "area_m2": 22500.0 }, "geometry": { "type": "Polygon", "coordinates": [ [ [ -118.313840576967948, 34.034098730819181 ], [ -118.313811689188825, 34.035450761952859 ], [ -118.312187573347103, 34.035426701715082 ], [ -118.312216488938844, 34.0340746709578 ], [ -118.313840576967948, 34.034098730819181 ] ] ] } },
{ "type": "Feature", "properties": { "cell_id": "c0030_0043", "row": 30, "col": 43, "area_m2": 22500.0 }, "geometry": { "type": "Polygon", "coordinates": [ [ [ -118.312216488938844, 34.0340746709578 ], [ -118.312187573347103, 34.035426701715082 ], [ -118.310563458496077, 34.035402618315764 ], [ -118.310592401900351, 34.034050587935226 ], [ -118.312216488938844, 34.0340746709578 ] ] ] } },
{ "type": "Feature", "properties": { "cell_id": "c0030_0044", "row": 30, "col": 44, "area_m2": 22500.0 }, "geometry": { "type": "Polygon", "coordinates": [ [ [ -118.310592401900351, 34.034050587935226 ], [ -118.310563458496077, 34.035402618315764 ], [ -118.308939344636684, 34.035378511754899 ], [ -118.308968315853463, 34.034026481751489 ], [ -118.310592401900351, 34.034050587935226 ] ] ] } },
{ "type": "Feature", "properties": { "cell_id": "c0030_0045", "row": 30, "col": 45, "area_m2": 22500.0 }, "geometry": { "type": "Polygon", "coordinates": [ [ [ -118.308968315853463, 34.034026481751489 ], [ -118.308939344636684, 34.035378511754899 ], [ -118.307315231769905, 34.03535438203253 ], [ -118.307344230799146, 34.034002352406596 ], [ -118.308968315853463, 34.034026481751489 ] ] ] } },
{ "type": "Feature", "properties": { "cell_id": "c0030_0046", "row": 30, "col": 46, "area_m2": 22500.0 }, "geometry": { "type": "Polygon", "coordinates": [ [ [ -118.307344230799146, 34.034002352406596 ], [ -118.307315231769905, 34.03535438203253 ], [ -118.305691119896665, 34.035330229148677 ], [ -118.305720146738295, 34.033978199900567 ], [ -118.307344230799146, 34.034002352406596 ] ] ] } },
{ "type": "Feature", "properties": { "cell_id": "c0030_0047", "row": 30, "col": 47, "area_m2": 22500.0 }, "geometry": { "type": "Polygon", "coordinates": [ [ [ -118.305720146738295, 34.033978199900567 ], [ -118.305691119896665, 34.035330229148677 ], [ -118.304067009017942, 34.035306053103334 ], [ -118.304096063671921, 34.033954024233438 ], [ -118.305720146738295, 34.033978199900567 ] ] ] } },
{ "type": "Feature", "properties": { "cell_id": "c0030_0048", "row": 30, "col": 48, "area_m2": 22500.0 }, "geometry": { "type": "Polygon", "coordinates": [ [ [ -118.304096063671921, 34.033954024233438 ], [ -118.304067009017942, 34.035306053103334 ], [ -118.302442899134647, 34.035281853896542 ], [ -118.302471981600917, 34.033929825405195 ], [ -118.304096063671921, 34.033954024233438 ] ] ] } },
{ "type": "Feature", "properties": { "cell_id": "c0030_0049", "row": 30, "col": 49, "area_m2": 22500.0 }, "geometry": { "type": "Polygon", "coordinates": [ [ [ -118.302471981600917, 34.033929825405195 ], [ -118.302442899134647, 34.035281853896542 ], [ -118.300818790247789, 34.035257631528332 ], [ -118.300847900526279, 34.033905603415903 ], [ -118.302471981600917, 34.033929825405195 ] ] ] } },
{ "type": "Feature", "properties": { "cell_id": "c0030_0050", "row": 30, "col": 50, "area_m2": 22500.0 }, "geometry": { "type": "Polygon", "coordinates": [ [ [ -118.300847900526279, 34.033905603415903 ], [ -118.300818790247789, 34.035257631528332 ], [ -118.299194682358277, 34.035233385998666 ], [ -118.299223820448972, 34.033881358265539 ], [ -118.300847900526279, 34.033905603415903 ] ] ] } },
{ "type": "Feature", "properties": { "cell_id": "c0030_0051", "row": 30, "col": 51, "area_m2": 22500.0 }, "geometry": { "type": "Polygon", "coordinates": [ [ [ -118.299223820448972, 34.033881358265539 ], [ -118.299194682358277, 34.035233385998666 ], [ -118.297570575467077, 34.035209117307645 ], [ -118.297599741369908, 34.033857089954147 ], [ -118.299223820448972, 34.033881358265539 ] ] ] } },
{ "type": "Feature", "properties": { "cell_id": "c0030_0052", "row": 30, "col": 52, "area_m2": 22500.0 }, "geometry": { "type": "Polygon", "coordinates": [ [ [ -118.297599741369908, 34.033857089954147 ], [ -118.297570575467077, 34.035209117307645 ], [ -118.295946469575128, 34.035184825455225 ], [ -118.295975663290051, 34.03383279848174 ], [ -118.297599741369908, 34.033857089954147 ] ] ] } },
{ "type": "Feature", "properties": { "cell_id": "c0030_0053", "row": 30, "col": 53, "area_m2": 22500.0 }, "geometry": { "type": "Polygon", "coordinates": [ [ [ -118.295975663290051, 34.03383279848174 ], [ -118.295946469575128, 34.035184825455225 ], [ -118.29432236468341, 34.035160510441443 ], [ -118.294351586210368, 34.033808483848325 ], [ -118.295975663290051, 34.03383279848174 ] ] ] } },
{ "type": "Feature", "properties": { "cell_id": "c0030_0054", "row": 30, "col": 54, "area_m2": 22500.0 }, "geometry": { "type": "Polygon", "coordinates": [ [ [ -118.294351586210368, 34.033808483848325 ], [ -118.29432236468341, 34.035160510441443 ], [ -118.292698260792847, 34.035136172266327 ], [ -118.292727510131797, 34.033784146053961 ], [ -118.294351586210368, 34.033808483848325 ] ] ] } },
{ "type": "Feature", "properties": { "cell_id": "c0030_0055", "row": 30, "col": 55, "area_m2": 22500.0 }, "geometry": { "type": "Polygon", "coordinates": [ [ [ -118.292727510131797, 34.033784146053961 ], [ -118.292698260792847, 34.035136172266327 ], [ -118.291074157904404, 34.035111810929905 ], [ -118.291103435055277, 34.033759785098603 ], [ -118.292727510131797, 34.033784146053961 ] ] ] } },
{ "type": "Feature", "properties": { "cell_id": "c0030_0056", "row": 30, "col": 56, "area_m2": 22500.0 }, "geometry": { "type": "Polygon", "coordinates": [ [ [ -118.291103435055277, 34.033759785098603 ], [ -118.291074157904404, 34.035111810929905 ], [ -118.289450056019049, 34.035087426432185 ], [ -118.289479360981815, 34.033735400982358 ], [ -118.291103435055277, 34.033759785098603 ] ] ] } },
{ "type": "Feature", "properties": { "cell_id": "c0030_0057", "row": 30, "col": 57, "area_m2": 22500.0 }, "geometry": { "type": "Polygon", "coordinates": [ [ [ -118.289479360981815, 34.033735400982358 ], [ -118.289450056019049, 34.035087426432185 ], [ -118.287825955137691, 34.03506301877318 ], [ -118.287855287912294, 34.033710993705157 ], [ -118.289479360981815, 34.033735400982358 ] ] ] } },
{ "type": "Feature", "properties": { "cell_id": "c0030_0058", "row": 30, "col": 58, "area_m2": 22500.0 }, "geometry": { "type": "Polygon", "coordinates": [ [ [ -118.287855287912294, 34.033710993705157 ], [ -118.287825955137691, 34.03506301877318 ], [ -118.286201855261339, 34.035038587952897 ], [ -118.286231215847707, 34.033686563267082 ], [ -118.287855287912294, 34.033710993705157 ] ] ] } },
{ "type": "Feature", "properties": { "cell_id": "c0030_0059", "row": 30, "col": 59, "area_m2": 22500.0 }, "geometry": { "type": "Polygon", "coordinates": [ [ [ -118.286231215847707, 34.033686563267082 ], [ -118.286201855261339, 34.035038587952897 ], [ -118.284577756390888, 34.035014133971387 ], [ -118.284607144789021, 34.0336621096681 ], [ -118.286231215847707, 34.033686563267082 ] ] ] } },
{ "type": "Feature", "properties": { "cell_id": "c0030_0060", "row": 30, "col": 60, "area_m2": 22500.0 }, "geometry": { "type": "Polygon", "coordinates": [ [ [ -118.284607144789021, 34.0336621096681 ], [ -118.284577756390888, 34.035014133971387 ], [ -118.282953658527347, 34.034989656828664 ], [ -118.282983074737146, 34.033637632908281 ], [ -118.284607144789021, 34.0336621096681 ] ] ] } },
{ "type": "Feature", "properties": { "cell_id": "c0030_0061", "row": 30, "col": 61, "area_m2": 22500.0 }, "geometry": { "type": "Polygon", "coordinates": [ [ [ -118.282983074737146, 34.033637632908281 ], [ -118.282953658527347, 34.034989656828664 ], [ -118.281329561671612, 34.034965156524741 ], [ -118.281359005693048, 34.033613132987625 ], [ -118.282983074737146, 34.033637632908281 ] ] ] } },
{ "type": "Feature", "properties": { "cell_id": "c0030_0062", "row": 30, "col": 62, "area_m2": 22500.0 }, "geometry": { "type": "Polygon", "coordinates": [ [ [ -118.281359005693048, 34.033613132987625 ], [ -118.281329561671612, 34.034965156524741 ], [ -118.279705465824705, 34.034940633059641 ], [ -118.279734937657679, 34.033588609906147 ], [ -118.281359005693048, 34.033613132987625 ] ] ] } },
{ "type": "Feature", "properties": { "cell_id": "c0030_0063", "row": 30, "col": 63, "area_m2": 22500.0 }, "geometry": { "type": "Polygon", "coordinates": [ [ [ -118.279734937657679, 34.033588609906147 ], [ -118.279705465824705, 34.034940633059641 ], [ -118.278081370987493, 34.034916086433363 ], [ -118.27811087063202, 34.033564063663853 ], [ -118.279734937657679, 34.033588609906147 ] ] ] } },
{ "type": "Feature", "properties": { "cell_id": "c0030_0064", "row": 30, "col": 64, "area_m2": 22500.0 }, "geometry": { "type": "Polygon", "coordinates": [ [ [ -118.27811087063202, 34.033564063663853 ], [ -118.278081370987493, 34.034916086433363 ], [ -118.276457277161001, 34.034891516645956 ], [ -118.276486804616965, 34.033539494260815 ], [ -118.27811087063202, 34.033564063663853 ] ] ] } },
{ "type": "Feature", "properties": { "cell_id": "c0030_0065", "row": 30, "col": 65, "area_m2": 22500.0 }, "geometry": { "type": "Polygon", "coordinates": [ [ [ -118.276486804616965, 34.033539494260815 ], [ -118.276457277161001, 34.034891516645956 ], [ -118.274833184346122, 34.034866923697429 ], [ -118.274862739613525, 34.033514901696982 ], [ -118.276486804616965, 34.033539494260815 ] ] ] } },
{ "type": "Feature", "properties": { "cell_id": "c0030_0066", "row": 30, "col": 66, "area_m2": 4102.0092469387837 }, "geometry": { "type": "Polygon", "coordinates": [ [ [ -118.274862739613525, 34.033514901696982 ], [ -118.274833184346122, 34.034866923697429 ], [ -118.274478084867013, 34.034861543488958 ], [ -118.274578594104511, 34.034022089503623 ], [ -118.274588042617651, 34.033868784497237 ], [ -118.274597301869605, 34.033657480899599 ], [ -118.274592937708135, 34.03351081395023 ], [ -118.274862739613525, 34.033514901696982 ] ] ] } },
{ "type": "Feature", "properties": { "cell_id": "c0031_0034", "row": 31, "col": 34, "area_m2": 109.66810738359794 }, "geometry": { "type": "Polygon", "coordinates": [ [ [ -118.325180527740272, 34.035618535092183 ], [ -118.325563495158121, 34.0356241668782 ], [ -118.325179341507081, 34.035674429995588 ], [ -118.325180527740272, 34.035618535092183 ] ] ] } },
{ "type": "Feature", "properties": { "cell_id": "c0031_0035", "row": 31, "col": 35, "area_m2": 2954.1569391414587 }, "geometry": { "type": "Polygon", "coordinates": [ [ [ -118.32355640499037, 34.035594636985813 ], [ -118.325180527740272, 34.035618535092183 ], [ -118.325179341507081, 34.035674429995588 ], [ -118.32476656538492, 34.035728436592265 ], [ -118.323550005663279, 34.035895878033671 ], [ -118.32355640499037, 34.035594636985813 ] ] ] } },
{ "type": "Feature", "properties": { "cell_id": "c0031_0036", "row": 31, "col": 36, "area_m2": 7078.0582571882405 }, "geometry": { "type": "Polygon", "coordinates": [ [ [ -118.321932283224498, 34.035570715717768 ], [ -118.32355640499037, 34.035594636985813 ], [ -118.323550005663279, 34.035895878033671 ], [ -118.321920600770113, 34.036120119983302 ], [ -118.321932283224498, 34.035570715717768 ] ] ] } },
{ "type": "Feature", "properties": { "cell_id": "c0031_0037", "row": 31, "col": 37, "area_m2": 11232.775263964277 }, "geometry": { "type": "Polygon", "coordinates": [ [ [ -118.320308162443595, 34.035546771288033 ], [ -118.321932283224498, 34.035570715717768 ], [ -118.321920600770113, 34.036120119983302 ], [ -118.321068928794247, 34.036237318972553 ], [ -118.320291053302199, 34.036350602035185 ], [ -118.320308162443595, 34.035546771288033 ] ] ] } },
{ "type": "Feature", "properties": { "cell_id": "c0031_0038", "row": 31, "col": 38, "area_m2": 15551.162849081447 }, "geometry": { "type": "Polygon", "coordinates": [ [ [ -118.318684042648627, 34.035522803696651 ], [ -118.320308162443595, 34.035546771288033 ], [ -118.320291053302199, 34.036350602035185 ], [ -118.318661350185835, 34.036587919584044 ], [ -118.318684042648627, 34.035522803696651 ] ] ] } },
{ "type": "Feature", "properties": { "cell_id": "c0031_0039", "row": 31, "col": 39, "area_m2": 19865.176766782715 }, "geometry": { "type": "Polygon", "coordinates": [ [ [ -118.317059923840546, 34.035498812943665 ], [ -118.318684042648627, 34.035522803696651 ], [ -118.318661350185835, 34.036587919584044 ], [ -118.318300920662708, 34.036640402021064 ], [ -118.317700811284112, 34.036725293957893 ], [ -118.317031749830662, 34.036819935662862 ], [ -118.317059923840546, 34.035498812943665 ] ] ] } },
{ "type": "Feature", "properties": { "cell_id": "c0031_0040", "row": 31, "col": 40, "area_m2": 22468.769201964609 }, "geometry": { "type": "Polygon", "coordinates": [ [ [ -118.315406945065021, 34.036826828521939 ], [ -118.315435806020275, 34.03547479902906 ], [ -118.317059923840546, 34.035498812943665 ], [ -118.317031749830662, 34.036819935662862 ], [ -118.316833856299198, 34.036847927780485 ], [ -118.315406945065021, 34.036826828521939 ] ] ] } },
{ "type": "Feature", "properties": { "cell_id": "c0031_0041", "row": 31, "col": 41, "area_m2": 22500.0 }, "geometry": { "type": "Polygon", "coordinates": [ [ [ -118.315435806020275, 34.03547479902906 ], [ -118.315406945065021, 34.036826828521939 ], [ -118.313782800419958, 34.036802791069661 ], [ -118.313811689188825, 34.035450761952859 ], [ -118.315435806020275, 34.03547479902906 ] ] ] } },
{ "type": "Feature", "properties": { "cell_id": "c0031_0042", "row": 31, "col": 42, "area_m2": 22500.0 }, "geometry": { "type": "Polygon", "coordinates": [ [ [ -118.313811689188825, 34.035450761952859 ], [ -118.313782800419958, 34.036802791069661 ], [ -118.312158656764666, 34.036778730455488 ], [ -118.312187573347103, 34.035426701715082 ], [ -118.313811689188825, 34.035450761952859 ] ] ] } },
{ "type": "Feature", "properties": { "cell_id": "c0031_0043", "row": 31, "col": 43, "area_m2": 22500.0 }, "geometry": { "type": "Polygon", "coordinates": [ [ [ -118.312187573347103, 34.035426701715082 ], [ -118.312158656764666, 34.036778730455488 ], [ -118.310534514100141, 34.036754646679391 ], [ -118.310563458496077, 34.035402618315764 ], [ -118.312187573347103, 34.035426701715082 ] ] ] } },
{ "type": "Feature", "properties": { "cell_id": "c0031_0044", "row": 31, "col": 44, "area_m2": 22500.0 }, "geometry": { "type": "Polygon", "coordinates": [ [ [ -118.310563458496077, 34.035402618315764 ], [ -118.310534514100141, 34.036754646679391 ], [ -118.30891037242732, 34.036730539741399 ], [ -118.308939344636684, 34.035378511754899 ], [ -118.310563458496077, 34.035402618315764 ] ] ] } },
{ "type": "Feature", "properties": { "cell_id": "c0031_0045", "row": 31, "col": 45, "area_m2": 22500.0 }, "geometry": { "type": "Polygon", "coordinates": [ [ [ -118.308939344636684, 34.035378511754899 ], [ -118.30891037242732, 34.036730539741399 ], [ -118.307286231747128, 34.036706409641532 ], [ -118.307315231769905, 34.03535438203253 ], [ -118.308939344636684, 34.035378511754899 ] ] ] } },
{ "type": "Feature", "properties": { "cell_id": "c0031_0046", "row": 31, "col": 46, "area_m2": 22500.0 }, "geometry": { "type": "Polygon", "coordinates": [ [ [ -118.307315231769905, 34.03535438203253 ], [ -118.307286231747128, 34.036706409641532 ], [ -118.30566209206053, 34.036682256379805 ], [ -118.305691119896665, 34.035330229148677 ], [ -118.307315231769905, 34.03535438203253 ] ] ] } },
{ "type": "Feature", "properties": { "cell_id": "c0031_0047", "row": 31, "col": 47, "area_m2": 22500.0 }, "geometry": { "type": "Polygon", "coordinates": [ [ [ -118.305691119896665, 34.035330229148677 ], [ -118.30566209206053, 34.036682256379805 ], [ -118.304037953368521, 34.03665807995624 ], [ -118.304067009017942, 34.035306053103334 ], [ -118.305691119896665, 34.035330229148677 ] ] ] } },
{ "type": "Feature", "properties": { "cell_id": "c0031_0048", "row": 31, "col": 48, "area_m2": 22500.0 }, "geometry": { "type": "Polygon", "coordinates": [ [ [ -118.304067009017942, 34.035306053103334 ], [ -118.304037953368521, 34.03665807995624 ], [ -118.302413815671997, 34.036633880370864 ], [ -118.302442899134647, 34.035281853896542 ], [ -118.304067009017942, 34.035306053103334 ] ] ] } },
{ "type": "Feature", "properties": { "cell_id": "c0031_0049", "row": 31, "col": 49, "area_m2": 22500.0 }, "geometry": { "type": "Polygon", "coordinates": [ [ [ -118.302442899134647, 34.035281853896542 ], [ -118.302413815671997, 34.036633880370864 ], [ -118.300789678971924, 34.036609657623693 ], [ -118.300818790247789, 34.035257631528332 ], [ -118.302442899134647, 34.035281853896542 ] ] ] } },
{ "type": "Feature", "properties": { "cell_id": "c0031_0050", "row": 31, "col": 50, "area_m2": 22500.0 }, "geometry": { "type": "Polygon", "coordinates": [ [ [ -118.300818790247789, 34.035257631528332 ], [ -118.300789678971924, 34.036609657623693 ], [ -118.299165543269254, 34.036585411714732 ], [ -118.299194682358277, 34.035233385998666 ], [ -118.300818790247789, 34.035257631528332 ] ] ] } },
{ "type": "Feature", "properties": { "cell_id": "c0031_0051", "row": 31, "col": 51, "area_m2": 22500.0 }, "geometry": { "type": "Polygon", "coordinates": [ [ [ -118.299194682358277, 34.035233385998666 ], [ -118.299165543269254, 34.036585411714732 ], [ -118.297541408564967, 34.036561142644025 ], [ -118.297570575467077, 34.035209117307645 ], [ -118.299194682358277, 34.035233385998666 ] ] ] } },
{ "type": "Feature", "properties": { "cell_id": "c0031_0052", "row": 31, "col": 52, "area_m2": 22500.0 }, "geometry": { "type": "Polygon", "coordinates": [ [ [ -118.297570575467077, 34.035209117307645 ], [ -118.297541408564967, 34.036561142644025 ], [ -118.295917274859988, 34.036536850411579 ], [ -118.295946469575128, 34.035184825455225 ], [ -118.297570575467077, 34.035209117307645 ] ] ] } },
{ "type": "Feature", "properties": { "cell_id": "c0031_0053", "row": 31, "col": 53, "area_m2": 22500.0 }, "geometry": { "type": "Polygon", "coordinates": [ [ [ -118.295946469575128, 34.035184825455225 ], [ -118.295917274859988, 34.036536850411579 ], [ -118.294293142155269, 34.036512535017408 ], [ -118.29432236468341, 34.035160510441443 ], [ -118.295946469575128, 34.035184825455225 ] ] ] } },
{ "type": "Feature", "properties": { "cell_id": "c0031_0054", "row": 31, "col": 54, "area_m2": 22500.0 }, "geometry": { "type": "Polygon", "coordinates": [ [ [ -118.29432236468341, 34.035160510441443 ], [ -118.294293142155269, 34.036512535017408 ], [ -118.292669010451775, 34.036488196461534 ], [ -118.292698260792847, 34.035136172266327 ], [ -118.29432236468341, 34.035160510441443 ] ] ] } },
{ "type": "Feature", "properties": { "cell_id": "c0031_0055", "row": 31, "col": 55, "area_m2": 22500.0 }, "geometry": { "type": "Polygon", "coordinates": [ [ [ -118.292698260792847, 34.035136172266327 ], [ -118.292669010451775, 34.036488196461534 ], [ -118.29104487975043, 34.036463834743991 ], [ -118.291074157904404, 34.035111810929905 ], [ -118.292698260792847, 34.035136172266327 ] ] ] } },
{ "type": "Feature", "properties": { "cell_id": "c0031_0056", "row": 31, "col": 56, "area_m2": 22500.0 }, "geometry": { "type": "Polygon", "coordinates": [ [ [ -118.291074157904404, 34.035111810929905 ], [ -118.29104487975043, 34.036463834743991 ], [ -118.289420750052244, 34.036439449864773 ], [ -118.289450056019049, 34.035087426432185 ], [ -118.291074157904404, 34.035111810929905 ] ] ] } },
{ "type": "Feature", "properties": { "cell_id": "c0031_0057", "row": 31, "col": 57, "area_m2": 22500.0 }, "geometry": { "type": "Polygon", "coordinates": [ [ [ -118.289450056019049, 34.035087426432185 ], [ -118.289420750052244, 34.036439449864773 ], [ -118.287796621358112, 34.036415041823922 ], [ -118.287825955137691, 34.03506301877318 ], [ -118.289450056019049, 34.035087426432185 ] ] ] } },
{ "type": "Feature", "properties": { "cell_id": "c0031_0058", "row": 31, "col": 58, "area_m2": 22500.0 }, "geometry": { "type": "Polygon", "coordinates": [ [ [ -118.287825955137691, 34.03506301877318 ], [ -118.287796621358112, 34.036415041823922 ], [ -118.286172493669028, 34.036390610621446 ], [ -118.286201855261339, 34.035038587952897 ], [ -118.287825955137691, 34.03506301877318 ] ] ] } },
{ "type": "Feature", "properties": { "cell_id": "c0031_0059", "row": 31, "col": 59, "area_m2": 22500.0 }, "geometry": { "type": "Polygon", "coordinates": [ [ [ -118.286201855261339, 34.035038587952897 ], [ -118.286172493669028, 34.036390610621446 ], [ -118.284548366985902, 34.036366156257387 ], [ -118.284577756390888, 34.035014133971387 ], [ -118.286201855261339, 34.035038587952897 ] ] ] } },
{ "type": "Feature", "properties": { "cell_id": "c0031_0060", "row": 31, "col": 60, "area_m2": 22500.0 }, "geometry": { "type": "Polygon", "coordinates": [ [ [ -118.284577756390888, 34.035014133971387 ], [ -118.284548366985902, 34.036366156257387 ], [ -118.282924241309729, 34.036341678731731 ], [ -118.282953658527347, 34.034989656828664 ], [ -118.284577756390888, 34.035014133971387 ] ] ] } },
{ "type": "Feature", "properties": { "cell_id": "c0031_0061", "row": 31, "col": 61, "area_m2": 22500.0 }, "geometry": { "type": "Polygon", "coordinates": [ [ [ -118.282953658527347, 34.034989656828664 ], [ -118.282924241309729, 34.036341678731731 ], [ -118.281300116641418, 34.036317178044499 ], [ -118.281329561671612, 34.034965156524741 ], [ -118.282953658527347, 34.034989656828664 ] ] ] } },
{ "type": "Feature", "properties": { "cell_id": "c0031_0062", "row": 31, "col": 62, "area_m2": 22500.0 }, "geometry": { "type": "Polygon", "coordinates": [ [ [ -118.281329561671612, 34.034965156524741 ], [ -118.281300116641418, 34.036317178044499 ], [ -118.27967599298195, 34.036292654195741 ], [ -118.279705465824705, 34.034940633059641 ], [ -118.281329561671612, 34.034965156524741 ] ] ] } },
{ "type": "Feature", "properties": { "cell_id": "c0031_0063", "row": 31, "col": 63, "area_m2": 22500.0 }, "geometry": { "type": "Polygon", "coordinates": [ [ [ -118.279705465824705, 34.034940633059641 ], [ -118.27967599298195, 34.036292654195741 ], [ -118.278051870332305, 34.036268107185464 ], [ -118.278081370987493, 34.034916086433363 ], [ -118.279705465824705, 34.034940633059641 ] ] ] } },
{ "type": "Feature", "properties": { "cell_id": "c0031_0064", "row": 31, "col": 64, "area_m2": 22500.0 }, "geometry": { "type": "Polygon", "coordinates": [ [ [ -118.278081370987493, 34.034916086433363 ], [ -118.278051870332305, 34.036268107185464 ], [ -118.276427748693379, 34.036243537013682 ], [ -118.276457277161001, 34.034891516645956 ], [ -118.278081370987493, 34.034916086433363 ] ] ] } },
{ "type": "Feature", "properties": { "cell_id": "c0031_0065", "row": 31, "col": 65, "area_m2": 22500.0 }, "geometry": { "type": "Polygon", "coordinates": [ [ [ -118.276457277161001, 34.034891516645956 ], [ -118.276427748693379, 34.036243537013682 ], [ -118.274803628066124, 34.036218943680382 ], [ -118.274833184346122, 34.034866923697429 ], [ -118.276457277161001, 34.034891516645956 ] ] ] } },
{ "type": "Feature", "properties": { "cell_id": "c0031_0066", "row": 31, "col": 66, "area_m2": 6075.2130221771868 }, "geometry": { "type": "Polygon", "coordinates": [ [ [ -118.274833184346122, 34.034866923697429 ], [ -118.274803628066124, 34.036218943680382 ], [ -118.274276864796875, 34.036210962161903 ], [ -118.274391905404002, 34.035459219932278 ], [ -118.274462375515128, 34.035000052106682 ], [ -118.274476881657989, 34.034871592587415 ], [ -118.274478084867013, 34.034861543488958 ], [ -118.274833184346122, 34.034866923697429 ] ] ] } },
{ "type": "Feature", "properties": { "cell_id": "c0032_0040", "row": 32, "col": 40, "area_m2": 1162.7881070242061 }, "geometry": { "type": "Polygon", "coordinates": [ [ [ -118.315406945065021, 34.036826828521939 ], [ -118.316833856299198, 34.036847927780485 ], [ -118.316813598182804, 34.036850793278425 ], [ -118.315403569407366, 34.036984962497279 ], [ -118.315406945065021, 34.036826828521939 ] ] ] } },
{ "type": "Feature", "properties": { "cell_id": "c0032_0041", "row": 32, "col": 41, "area_m2": 3969.4735688019464 }, "geometry": { "type": "Polygon", "coordinates": [ [ [ -118.313782800419958, 34.036802791069661 ], [ -118.315406945065021, 34.036826828521939 ], [ -118.315403569407366, 34.036984962497279 ], [ -118.315140060547108, 34.037010034307357 ], [ -118.313776060795348, 34.037118206650909 ], [ -118.313782800419958, 34.036802791069661 ] ] ] } },
{ "type": "Feature", "properties": { "cell_id": "c0032_0042", "row": 32, "col": 42, "area_m2": 5963.0623123502673 }, "geometry": { "type": "Polygon", "coordinates": [ [ [ -118.312158656764666, 34.036778730455488 ], [ -118.313782800419958, 34.036802791069661 ], [ -118.313776060795348, 34.037118206650909 ], [ -118.313569731686613, 34.037134568183433 ], [ -118.31215028427367, 34.037170187072228 ], [ -118.312158656764666, 34.036778730455488 ] ] ] } },
{ "type": "Feature", "properties": { "cell_id": "c0032_0043", "row": 32, "col": 43, "area_m2": 7079.6077968786167 }, "geometry": { "type": "Polygon", "coordinates": [ [ [ -118.310534514100141, 34.036754646679391 ], [ -118.312158656764666, 34.036778730455488 ], [ -118.31215028427367, 34.037170187072228 ], [ -118.31204041049277, 34.037172943449711 ], [ -118.310655765180016, 34.03721092719114 ], [ -118.310524738538263, 34.037211264288899 ], [ -118.310534514100141, 34.036754646679391 ] ] ] } },
{ "type": "Feature", "properties": { "cell_id": "c0032_0044", "row": 32, "col": 44, "area_m2": 7834.1525732190357 }, "geometry": { "type": "Polygon", "coordinates": [ [ [ -118.30891037242732, 34.036730539741399 ], [ -118.310534514100141, 34.036754646679391 ], [ -118.310524738538263, 34.037211264288899 ], [ -118.308997218650305, 34.037215183081159 ], [ -118.30889998156384, 34.037215431895532 ], [ -118.30891037242732, 34.036730539741399 ] ] ] } },
{ "type": "Feature", "properties": { "cell_id": "c0032_0045", "row": 32, "col": 45, "area_m2": 8098.5112895470902 }, "geometry": { "type": "Polygon", "coordinates": [ [ [ -118.307286231747128, 34.036706409641532 ], [ -118.30891037242732, 34.036730539741399 ], [ -118.30889998156384, 34.037215431895532 ], [ -118.308588940225533, 34.037216227243775 ], [ -118.307275881765563, 34.03718893069091 ], [ -118.307286231747128, 34.036706409641532 ] ] ] } },
{ "type": "Feature", "properties": { "cell_id": "c0032_0046", "row": 32, "col": 46, "area_m2": 7952.9378459250956 }, "geometry": { "type": "Polygon", "coordinates": [ [ [ -118.30566209206053, 34.036682256379805 ], [ -118.307286231747128, 34.036706409641532 ], [ -118.307275881765563, 34.03718893069091 ], [ -118.306377246539185, 34.037170240650276 ], [ -118.305651921070847, 34.037155978327796 ], [ -118.30566209206053, 34.036682256379805 ] ] ] } },
{ "type": "Feature", "properties": { "cell_id": "c0032_0047", "row": 32, "col": 47, "area_m2": 7818.8564956901246 }, "geometry": { "type": "Polygon", "coordinates": [ [ [ -118.304037953368521, 34.03665807995624 ], [ -118.30566209206053, 34.036682256379805 ], [ -118.305651921070847, 34.037155978327796 ], [ -118.304027939686065, 34.037124028657956 ], [ -118.304037953368521, 34.03665807995624 ] ] ] } },
{ "type": "Feature", "properties": { "cell_id": "c0032_0048", "row": 32, "col": 48, "area_m2": 7689.4986504485132 }, "geometry": { "type": "Polygon", "coordinates": [ [ [ -118.302413815671997, 34.036633880370864 ], [ -118.304037953368521, 34.03665807995624 ], [ -118.304027939686065, 34.037124028657956 ], [ -118.302403959616612, 34.037092055830477 ], [ -118.302413815671997, 34.036633880370864 ] ] ] } },
{ "type": "Feature", "properties": { "cell_id": "c0032_0049", "row": 32, "col": 49, "area_m2": 7648.3401069471129 }, "geometry": { "type": "Polygon", "coordinates": [ [ [ -118.300789678971924, 34.036609657623693 ], [ -118.302413815671997, 34.036633880370864 ], [ -118.302403959616612, 34.037092055830477 ], [ -118.301726518903763, 34.037078711563531 ], [ -118.300779589276118, 34.037078245935987 ], [ -118.300789678971924, 34.036609657623693 ] ] ] } },
{ "type": "Feature", "properties": { "cell_id": "c0032_0050", "row": 32, "col": 50, "area_m2": 7868.4168344579166 }, "geometry": { "type": "Polygon", "coordinates": [ [ [ -118.299165543269254, 34.036585411714732 ], [ -118.300789678971924, 34.036609657623693 ], [ -118.300779589276118, 34.037078245935987 ], [ -118.300285882234547, 34.037078000046115 ], [ -118.299155402759325, 34.037055910288395 ], [ -118.299165543269254, 34.036585411714732 ] ] ] } },
{ "type": "Feature", "properties": { "cell_id": "c0032_0051", "row": 32, "col": 51, "area_m2": 7776.6747597257072 }, "geometry": { "type": "Polygon", "coordinates": [ [ [ -118.297541408564967, 34.036561142644025 ], [ -118.299165543269254, 34.036585411714732 ], [ -118.299155402759325, 34.037055910288395 ], [ -118.29790310920221, 34.037031427148108 ], [ -118.297531317401962, 34.037028905032088 ], [ -118.297541408564967, 34.036561142644025 ] ] ] } },
{ "type": "Feature", "properties": { "cell_id": "c0032_0052", "row": 32, "col": 52, "area_m2": 7890.7717356970925 }, "geometry": { "type": "Polygon", "coordinates": [ [ [ -118.295917274859988, 34.036536850411579 ], [ -118.297541408564967, 34.036561142644025 ], [ -118.297531317401962, 34.037028905032088 ], [ -118.296677954451923, 34.037023111501654 ], [ -118.295906909200241, 34.037016878769556 ], [ -118.295917274859988, 34.036536850411579 ] ] ] } },
{ "type": "Feature", "properties": { "cell_id": "c0032_0053", "row": 32, "col": 53, "area_m2": 8057.5453072952841 }, "geometry": { "type": "Polygon", "coordinates": [ [ [ -118.294293142155269, 34.036512535017408 ], [ -118.295917274859988, 34.036536850411579 ], [ -118.295906909200241, 34.037016878769556 ], [ -118.295602535159446, 34.037014416929509 ], [ -118.294282601563907, 34.037000199597131 ], [ -118.294293142155269, 34.036512535017408 ] ] ] } },
{ "type": "Feature", "properties": { "cell_id": "c0032_0054", "row": 32, "col": 54, "area_m2": 8140.4173905831167 }, "geometry": { "type": "Polygon", "coordinates": [ [ [ -118.292669010451775, 34.036488196461534 ], [ -118.294293142155269, 34.036512535017408 ], [ -118.294282601563907, 34.037000199597131 ], [ -118.293887295148579, 34.036995938675815 ], [ -118.292658421952382, 34.036977611568439 ], [ -118.292669010451775, 34.036488196461534 ] ] ] } },
{ "type": "Feature", "properties": { "cell_id": "c0032_0055", "row": 32, "col": 55, "area_m2": 8152.9787926823374 }, "geometry": { "type": "Polygon", "coordinates": [ [ [ -118.29104487975043, 34.036463834743991 ], [ -118.292669010451775, 34.036488196461534 ], [ -118.292658421952382, 34.036977611568439 ], [ -118.291557544206469, 34.036961182085804 ], [ -118.291273560597332, 34.036956942435658 ], [ -118.291034150173331, 34.036959299363168 ], [ -118.29104487975043, 34.036463834743991 ] ] ] } },
{ "type": "Feature", "properties": { "cell_id": "c0032_0056", "row": 32, "col": 56, "area_m2": 8384.881485138987 }, "geometry": { "type": "Polygon", "coordinates": [ [ [ -118.289420750052244, 34.036439449864773 ], [ -118.29104487975043, 34.036463834743991 ], [ -118.291034150173331, 34.036959299363168 ], [ -118.290511288282943, 34.03696444503948 ], [ -118.289571956484977, 34.036944037007082 ], [ -118.28940989409341, 34.036940274534693 ], [ -118.289420750052244, 34.036439449864773 ] ] ] } },
{ "type": "Feature", "properties": { "cell_id": "c0032_0057", "row": 32, "col": 57, "area_m2": 8263.2832147666377 }, "geometry": { "type": "Polygon", "coordinates": [ [ [ -118.287796621358112, 34.036415041823922 ], [ -118.289420750052244, 34.036439449864773 ], [ -118.28940989409341, 34.036940274534693 ], [ -118.28868707416396, 34.036923490592287 ], [ -118.287979191371321, 34.036913848799962 ], [ -118.28778586823239, 34.036910651966423 ], [ -118.287796621358112, 34.036415041823922 ] ] ] } },
{ "type": "Feature", "properties": { "cell_id": "c0032_0058", "row": 32, "col": 58, "area_m2": 8536.7618579446898 }, "geometry": { "type": "Polygon", "coordinates": [ [ [ -118.286172493669028, 34.036390610621446 ], [ -118.287796621358112, 34.036415041823922 ], [ -118.28778586823239, 34.036910651966423 ], [ -118.287380207844208, 34.036903942810234 ], [ -118.286835752238844, 34.036916570598997 ], [ -118.286359358564638, 34.036929033628695 ], [ -118.286160689746211, 34.036934136022353 ], [ -118.286172493669028, 34.036390610621446 ] ] ] } },
{ "type": "Feature", "properties": { "cell_id": "c0032_0059", "row": 32, "col": 59, "area_m2": 9975.8330993031541 }, "geometry": { "type": "Polygon", "coordinates": [ [ [ -118.284548366985902, 34.036366156257387 ], [ -118.286172493669028, 34.036390610621446 ], [ -118.286160689746211, 34.036934136022353 ], [ -118.285956392476024, 34.03693938260885 ], [ -118.285599373073339, 34.03695615315803 ], [ -118.285197736839095, 34.036978336257256 ], [ -118.284770667207226, 34.037021811750421 ], [ -118.284533475980197, 34.03705117963041 ], [ -118.284548366985902, 34.036366156257387 ] ] ] } },
{ "type": "Feature", "properties": { "cell_id": "c0032_0060", "row": 32, "col": 60, "area_m2": 13935.554780111257 }, "geometry": { "type": "Polygon", "coordinates": [ [ [ -118.282924241309729, 34.036341678731731 ], [ -118.284548366985902, 34.036366156257387 ], [ -118.284533475980197, 34.03705117963041 ], [ -118.284464730299788, 34.037059691294203 ], [ -118.284016037535196, 34.037134444968082 ], [ -118.284012262493988, 34.037135074100746 ], [ -118.282954445988395, 34.037331314579298 ], [ -118.282902472927617, 34.037342127324834 ], [ -118.282924241309729, 34.036341678731731 ] ] ] } },
{ "type": "Feature", "properties": { "cell_id": "c0032_0061", "row": 32, "col": 61, "area_m2": 19599.242192036869 }, "geometry": { "type": "Polygon", "coordinates": [ [ [ -118.281300116641418, 34.036317178044499 ], [ -118.282924241309729, 34.036341678731731 ], [ -118.282902472927617, 34.037342127324834 ], [ -118.282438320556324, 34.037438690806404 ], [ -118.28177562564322, 34.037572949815669 ], [ -118.281304040981567, 34.037653675284439 ], [ -118.281270890046784, 34.037659121902713 ], [ -118.281300116641418, 34.036317178044499 ] ] ] } },
{ "type": "Feature", "properties": { "cell_id": "c0032_0062", "row": 32, "col": 62, "area_m2": 22497.111090762341 }, "geometry": { "type": "Polygon", "coordinates": [ [ [ -118.279646519129443, 34.037644673315164 ], [ -118.27967599298195, 34.036292654195741 ], [ -118.281300116641418, 34.036317178044499 ], [ -118.281270890046784, 34.037659121902713 ], [ -118.281214705433484, 34.037668352874782 ], [ -118.279646519129443, 34.037644673315164 ] ] ] } },
{ "type": "Feature", "properties": { "cell_id": "c0032_0063", "row": 32, "col": 63, "area_m2": 22500.0 }, "geometry": { "type": "Polygon", "coordinates": [ [ [ -118.27967599298195, 34.036292654195741 ], [ -118.279646519129443, 34.037644673315164 ], [ -118.278022368666356, 34.037620125920832 ], [ -118.278051870332305, 34.036268107185464 ], [ -118.27967599298195, 34.036292654195741 ] ] ] } },
{ "type": "Feature", "properties": { "cell_id": "c0032_0064", "row": 32, "col": 64, "area_m2": 22500.0 }, "geometry": { "type": "Polygon", "coordinates": [ [ [ -118.278051870332305, 34.036268107185464 ], [ -118.278022368666356, 34.037620125920832 ], [ -118.276398219214059, 34.037595555364646 ], [ -118.276427748693379, 34.036243537013682 ], [ -118.278051870332305, 34.036268107185464 ] ] ] } },
{ "type": "Feature", "properties": { "cell_id": "c0032_0065", "row": 32, "col": 65, "area_m2": 22500.0 }, "geometry": { "type": "Polygon", "coordinates": [ [ [ -118.276427748693379, 34.036243537013682 ], [ -118.276398219214059, 34.037595555364646 ], [ -118.274774070773489, 34.037570961646615 ], [ -118.274803628066124, 34.036218943680382 ], [ -118.276427748693379, 34.036243537013682 ] ] ] } },
{ "type": "Feature", "properties": { "cell_id": "c0032_0066", "row": 32, "col": 66, "area_m2": 8523.2512628429686 }, "geometry": { "type": "Polygon", "coordinates": [ [ [ -118.274803628066124, 34.036218943680382 ], [ -118.274774070773489, 34.037570961646615 ], [ -118.274069814555332, 34.037560290221109 ], [ -118.274075939803282, 34.037523886804166 ], [ -118.274276864796875, 34.036210962161903 ], [ -118.274803628066124, 34.036218943680382 ] ] ] } },
{ "type": "Feature", "properties": { "cell_id": "c0033_0062", "row": 33, "col": 62, "area_m2": 2141.0311773305802 }, "geometry": { "type": "Polygon", "coordinates": [ [ [ -118.279646519129443, 34.037644673315164 ], [ -118.281214705433484, 34.037668352874782 ], [ -118.281074617164066, 34.037691368848208 ], [ -118.280583902710788, 34.037772136032125 ], [ -118.279747341663622, 34.037886142765089 ], [ -118.279640994831425, 34.037898077514413 ], [ -118.279646519129443, 34.037644673315164 ] ] ] } },
{ "type": "Feature", "properties": { "cell_id": "c0033_0063", "row": 33, "col": 63, "area_m2": 5761.9679140978442 }, "geometry": { "type": "Polygon", "coordinates": [ [ [ -118.278022368666356, 34.037620125920832 ], [ -118.279646519129443, 34.037644673315164 ], [ -118.279640994831425, 34.037898077514413 ], [ -118.279184636529806, 34.037949291052023 ], [ -118.278656333141981, 34.038000222729501 ], [ -118.278194167937926, 34.038030516963026 ], [ -118.278013237016495, 34.038038606447543 ], [ -118.278022368666356, 34.037620125920832 ] ] ] } },
{ "type": "Feature", "properties": { "cell_id": "c0033_0064", "row": 33, "col": 64, "area_m2": 7871.1739621071129 }, "geometry": { "type": "Polygon", "coordinates": [ [ [ -118.276398219214059, 34.037595555364646 ], [ -118.278022368666356, 34.037620125920832 ], [ -118.278013237016495, 34.038038606447543 ], [ -118.277421508200533, 34.038065060829723 ], [ -118.276386551962275, 34.038129731566613 ], [ -118.276398219214059, 34.037595555364646 ] ] ] } },
{ "type": "Feature", "properties": { "cell_id": "c0033_0065", "row": 33, "col": 65, "area_m2": 9993.2605958542845 }, "geometry": { "type": "Polygon", "coordinates": [ [ [ -118.274774070773489, 34.037570961646615 ], [ -118.276398219214059, 34.037595555364646 ], [ -118.276386551962275, 34.038129731566613 ], [ -118.275830839894951, 34.038164452112326 ], [ -118.274910960723048, 34.038230381958513 ], [ -118.274759441203528, 34.038240133653943 ], [ -118.274774070773489, 34.037570961646615 ] ] ] } },
{ "type": "Feature", "properties": { "cell_id": "c0033_0066", "row": 33, "col": 66, "area_m2": 5451.7617053163995 }, "geometry": { "type": "Polygon", "coordinates": [ [ [ -118.274774070773489, 34.037570961646615 ], [ -118.274759441203528, 34.038240133653943 ], [ -118.27393314811134, 34.03829330973614 ], [ -118.274002067388111, 34.037962921093744 ], [ -118.274069814555332, 34.037560290221109 ], [ -118.274774070773489, 34.037570961646615 ] ] ] } }
]
}
