model,model_label,frame_index,forecast_date,q,q_eff,selected_cells,hit_count,hit_rate,miss_rate,area_coverage,hotspot_density_per_km2,pai,gain,lift,pei_star,oracle_hit_count,iou_jaccard,dice,centroid_distance_m
our_vol1,Our vol1 STNPP-GAT,0,2020-01-01,0.01,0.010012823440546666,570,22.0,0.13924050632911392,0.8607594936708861,0.010012823440546666,1.7153996101364524,13.906218076837662,0.13924050632911392,13.906218076837662,0.13924050632911392,158.0,0.01967799642218247,0.03859649122807018,1226.343129574201
our_vol1,Our vol1 STNPP-GAT,0,2020-01-01,0.02,0.02000808052418009,1139,35.0,0.22151898734177214,0.7784810126582279,0.02000808052418009,1.3657204175202418,11.071476200531222,0.22151898734177214,11.071476200531222,0.22151898734177214,158.0,0.017873100983020553,0.03511852502194908,1226.343129574201
our_vol1,Our vol1 STNPP-GAT,0,2020-01-01,0.03,0.030003337607813516,1708,49.0,0.310126582278481,0.689873417721519,0.030003337607813516,1.2750455373406193,10.336402780659887,0.310126582278481,10.336402780659887,0.310126582278481,158.0,0.01939719486720382,0.038056206088992975,1226.343129574201
our_vol1,Our vol1 STNPP-GAT,0,2020-01-01,0.04,0.04001616104836018,2278,57.0,0.36075949367088606,0.639240506329114,0.04001616104836018,1.1120866256950541,9.015344906146852,0.36075949367088606,9.015344906146852,0.36075949367088606,158.0,0.018783542039355994,0.03687445127304653,1226.343129574201
our_vol1,Our vol1 STNPP-GAT,0,2020-01-01,0.05,0.050011418131993605,2847,68.0,0.43037974683544306,0.5696202531645569,0.050011418131993605,1.061546267025719,8.605629732385411,0.43037974683544306,8.605629732385411,0.43037974683544306,158.0,0.020795984223736106,0.040744643484369514,1226.343129574201
our_vol1,Our vol1 STNPP-GAT,0,2020-01-01,0.06,0.06000667521562703,3416,70.0,0.4430379746835443,0.5569620253164558,0.06000667521562703,0.9107468123861566,7.383144843328491,0.4430379746835443,7.383144843328491,0.4430379746835443,158.0,0.02459508098380324,0.04800936768149883,1226.343129574201
our_vol1,Our vol1 STNPP-GAT,0,2020-01-01,0.07,0.07000193229926045,3985,77.0,0.4873417721518987,0.5126582278481013,0.07000193229926045,0.8587759654259027,6.961833140098153,0.4873417721518987,6.961833140098153,0.4873417721518987,158.0,0.026400515132002575,0.05144291091593475,1226.343129574201
our_vol1,Our vol1 STNPP-GAT,0,2020-01-01,0.08,0.08001475573980713,4555,83.0,0.5253164556962026,0.47468354430379744,0.08001475573980713,0.809854860348823,6.565244758159763,0.5253164556962026,6.565244758159763,0.5253164556962026,158.0,0.032879818594104306,0.06366630076838639,1226.343129574201
our_vol1,Our vol1 STNPP-GAT,0,2020-01-01,0.09,0.09001001282344055,5124,90.0,0.569620253164557,0.430379746835443,0.09001001282344055,0.78064012490242,6.328409865710135,0.569620253164557,6.328409865710135,0.569620253164557,158.0,0.04199288256227758,0.08060109289617487,1226.343129574201
our_vol1,Our vol1 STNPP-GAT,0,2020-01-01,0.1,0.10000526990707397,5693,95.0,0.6012658227848101,0.3987341772151899,0.10000526990707397,0.7416515408786619,6.012341383044245,0.6012658227848101,6.012341383044245,0.6012658227848101,158.0,0.04911084492766977,0.09362374846302476,1226.343129574201
our_vol1,Our vol1 STNPP-GAT,1,2020-01-15,0.01,0.010012823440546666,570,35.0,0.2023121387283237,0.7976878612716762,0.010012823440546666,2.7290448343079925,20.205303721732076,0.2023121387283237,20.205303721732076,0.2023121387283237,173.0,0.02702702702702703,0.05263157894736842,475.59514226472817
our_vol1,Our vol1 STNPP-GAT,1,2020-01-15,0.02,0.02000808052418009,1139,50.0,0.28901734104046245,0.7109826589595376,0.02000808052418009,1.9510291678860598,14.445030880957336,0.28901734104046245,14.445030880957336,0.28901734104046245,173.0,0.02244165170556553,0.043898156277436345,475.59514226472817
our_vol1,Our vol1 STNPP-GAT,1,2020-01-15,0.03,0.030003337607813516,1708,68.0,0.3930635838150289,0.6069364161849711,0.030003337607813516,1.7694509497788187,13.100661964776435,0.3930635838150289,13.100661964776435,0.3930635838150289,173.0,0.023367285799880167,0.04566744730679157,475.59514226472817
our_vol1,Our vol1 STNPP-GAT,1,2020-01-15,0.04,0.04001616104836018,2278,74.0,0.4277456647398844,0.5722543352601156,0.04001616104836018,1.4437615842356843,10.689322851908429,0.4277456647398844,10.689322851908429,0.4277456647398844,173.0,0.02244165170556553,0.043898156277436345,475.59514226472817
our_vol1,Our vol1 STNPP-GAT,1,2020-01-15,0.05,0.050011418131993605,2847,80.0,0.4624277456647399,0.5375722543352601,0.050011418131993605,1.2488779612067282,9.24644337107715,0.4624277456647399,9.24644337107715,0.4624277456647399,173.0,0.022996766079770033,0.04495960660344222,475.59514226472817
our_vol1,Our vol1 STNPP-GAT,1,2020-01-15,0.06,0.06000667521562703,3416,85.0,0.4913294797687861,0.5086705202312138,0.06000667521562703,1.1059068436117616,8.18791372798527,0.4913294797687861,8.18791372798527,0.4913294797687861,173.0,0.027059530968129887,0.05269320843091335,475.59514226472817
our_vol1,Our vol1 STNPP-GAT,1,2020-01-15,0.07,0.07000193229926045,3985,91.0,0.5260115606936416,0.47398843930635837,0.07000193229926045,1.014917050048794,7.514243441808516,0.5260115606936416,7.514243441808516,0.5260115606936416,173.0,0.027856590147020893,0.054203262233375155,475.59514226472817
our_vol1,Our vol1 STNPP-GAT,1,2020-01-15,0.08,0.08001475573980713,4555,92.0,0.5317919075144508,0.4682080924855492,0.08001475573980713,0.8976704476155629,6.646172978940755,0.5317919075144508,6.646172978940755,0.5317919075144508,173.0,0.03299693842839324,0.06388583973655323,475.59514226472817
our_vol1,Our vol1 STNPP-GAT,1,2020-01-15,0.09,0.09001001282344055,5124,100.0,0.5780346820809249,0.4219653179190751,0.09001001282344055,0.8673779165582444,6.421893119988448,0.5780346820809249,6.421893119988448,0.5780346820809249,173.0,0.04231082180634662,0.08118657298985169,475.59514226472817
our_vol1,Our vol1 STNPP-GAT,1,2020-01-15,0.1,0.10000526990707397,5693,104.0,0.6011560693641619,0.3988439306358381,0.10000526990707397,0.8119132658040088,6.011243906673748,0.6011560693641619,6.011243906673748,0.6011560693641619,173.0,0.05007839158904362,0.09538029158615843,475.59514226472817
our_vol1,Our vol1 STNPP-GAT,2,2020-01-29,0.01,0.010012823440546666,570,28.0,0.1564245810055866,0.8435754189944134,0.010012823440546666,2.183235867446394,15.622424777026364,0.1564245810055866,15.622424777026364,0.1564245810055866,179.0,0.025179856115107913,0.04912280701754386,1337.8059624817477
our_vol1,Our vol1 STNPP-GAT,2,2020-01-29,0.02,0.02000808052418009,1139,42.0,0.2346368715083799,0.7653631284916201,0.02000808052418009,1.6388645010242902,11.72710551743419,0.2346368715083799,11.72710551743419,0.2346368715083799,179.0,0.020152261531571878,0.03950834064969271,1337.8059624817477
our_vol1,Our vol1 STNPP-GAT,2,2020-01-29,0.03,0.030003337607813516,1708,54.0,0.3016759776536313,0.6983240223463687,0.030003337607813516,1.405152224824356,10.05474729501655,0.3016759776536313,10.05474729501655,0.3016759776536313,179.0,0.022142429682824656,0.04332552693208431,1337.8059624817477
our_vol1,Our vol1 STNPP-GAT,2,2020-01-29,0.04,0.04001616104836018,2278,63.0,0.35195530726256985,0.6480446927374302,0.04001616104836018,1.2291483757682178,8.795329138075642,0.35195530726256985,8.795329138075642,0.35195530726256985,179.0,0.021295673615781215,0.04170324846356453,1337.8059624817477
our_vol1,Our vol1 STNPP-GAT,2,2020-01-29,0.05,0.050011418131993605,2847,78.0,0.43575418994413406,0.5642458100558659,0.050011418131993605,1.21765601217656,8.713094053723118,0.43575418994413406,8.713094053723118,0.43575418994413406,179.0,0.02410071942446043,0.047067088162978575,1337.8059624817477
our_vol1,Our vol1 STNPP-GAT,2,2020-01-29,0.06,0.06000667521562703,3416,81.0,0.45251396648044695,0.547486033519553,0.06000667521562703,1.053864168618267,7.541060471262413,0.45251396648044695,7.541060471262413,0.45251396648044695,179.0,0.027213952789054276,0.05298594847775176,1337.8059624817477
our_vol1,Our vol1 STNPP-GAT,2,2020-01-29,0.07,0.07000193229926045,3985,93.0,0.5195530726256983,0.4804469273743017,0.07000193229926045,1.0372229192806357,7.421981873365904,0.5195530726256983,7.421981873365904,0.5195530726256983,179.0,0.029449754585378456,0.057214554579673775,1337.8059624817477
our_vol1,Our vol1 STNPP-GAT,2,2020-01-29,0.08,0.08001475573980713,4555,94.0,0.5251396648044693,0.4748603351955307,0.08001475573980713,0.9171850225637274,6.563035279544242,0.5251396648044693,6.563035279544242,0.5251396648044693,179.0,0.034287011807447774,0.06630076838638858,1337.8059624817477
our_vol1,Our vol1 STNPP-GAT,2,2020-01-29,0.09,0.09001001282344055,5124,102.0,0.5698324022346368,0.4301675977653632,0.09001001282344055,0.8847254748894092,6.33076681538079,0.5698324022346368,6.33076681538079,0.5698324022346368,179.0,0.04305343511450382,0.08255269320843091,1337.8059624817477
our_vol1,Our vol1 STNPP-GAT,2,2020-01-29,0.1,0.10000526990707397,5693,107.0,0.5977653631284916,0.4022346368715084,0.10000526990707397,0.8353338407791244,5.977338631093561,0.5977653631284916,5.977338631093561,0.5977653631284916,179.0,0.05133887349953832,0.09766379764623222,1337.8059624817477
our_vol1,Our vol1 STNPP-GAT,3,2020-02-12,0.01,0.010012823440546666,570,21.0,0.1320754716981132,0.8679245283018868,0.010012823440546666,1.6374269005847955,13.190632240979808,0.1320754716981132,13.190632240979808,0.1320754716981132,159.0,0.017857142857142856,0.03508771929824561,2232.4894371347937
our_vol1,Our vol1 STNPP-GAT,3,2020-02-12,0.02,0.02000808052418009,1139,39.0,0.24528301886792453,0.7547169811320755,0.02000808052418009,1.5218027509511267,12.259197906140773,0.24528301886792453,12.259197906140773,0.24528301886792453,159.0,0.018328118015198926,0.035996488147497806,2232.4894371347937
our_vol1,Our vol1 STNPP-GAT,3,2020-02-12,0.03,0.030003337607813516,1708,50.0,0.31446540880503143,0.6855345911949686,0.030003337607813516,1.3010668748373666,10.481014243000015,0.31446540880503143,10.481014243000015,0.31446540880503143,159.0,0.02031063321385902,0.03981264637002342,2232.4894371347937
our_vol1,Our vol1 STNPP-GAT,3,2020-02-12,0.04,0.04001616104836018,2278,61.0,0.3836477987421384,0.6163522012578616,0.04001616104836018,1.1901277924104965,9.587321439417785,0.3836477987421384,9.587321439417785,0.3836477987421384,159.0,0.019695613249776187,0.038630377524143986,2232.4894371347937
our_vol1,Our vol1 STNPP-GAT,3,2020-02-12,0.05,0.050011418131993605,2847,65.0,0.4088050314465409,0.5911949685534591,0.050011418131993605,1.0147133434804667,8.17423393928951,0.4088050314465409,8.17423393928951,0.4088050314465409,159.0,0.020795984223736106,0.040744643484369514,2232.4894371347937
our_vol1,Our vol1 STNPP-GAT,3,2020-02-12,0.06,0.06000667521562703,3416,70.0,0.44025157232704404,0.559748427672956,0.06000667521562703,0.9107468123861566,7.33670997010001,0.44025157232704404,7.33670997010001,0.44025157232704404,159.0,0.025517862503752625,0.049765807962529274,2232.4894371347937
our_vol1,Our vol1 STNPP-GAT,3,2020-02-12,0.07,0.07000193229926045,3985,75.0,0.4716981132075472,0.5283018867924528,0.07000193229926045,0.8364700961940611,6.738358466892357,0.4716981132075472,6.738358466892357,0.4716981132075472,159.0,0.026797217212058747,0.05219573400250941,2232.4894371347937
our_vol1,Our vol1 STNPP-GAT,3,2020-02-12,0.08,0.08001475573980713,4555,81.0,0.5094339622641509,0.49056603773584906,0.08001475573980713,0.7903402854006586,6.366750201934428,0.5094339622641509,6.366750201934428,0.5094339622641509,159.0,0.03276272531459018,0.06344676180021953,2232.4894371347937
our_vol1,Our vol1 STNPP-GAT,3,2020-02-12,0.09,0.09001001282344055,5124,84.0,0.5283018867924528,0.4716981132075472,0.09001001282344055,0.7285974499089253,5.8693679760800075,0.5283018867924528,5.8693679760800075,0.5283018867924528,159.0,0.04156926516922452,0.07982045277127245,2232.4894371347937
our_vol1,Our vol1 STNPP-GAT,3,2020-02-12,0.1,0.10000526990707397,5693,90.0,0.5660377358490566,0.4339622641509434,0.10000526990707397,0.7026172492534691,5.660079077582864,0.5660377358490566,5.660079077582864,0.5660377358490566,159.0,0.04949764955295419,0.09432636571227823,2232.4894371347937
our_vol1,Our vol1 STNPP-GAT,4,2020-02-26,0.01,0.010012823440546666,570,15.0,0.08928571428571429,0.9107142857142857,0.010012823440546666,1.169590643274854,8.917136591478696,0.08928571428571429,8.917136591478696,0.08928571428571429,168.0,0.013333333333333334,0.02631578947368421,2938.0187323084574
our_vol1,Our vol1 STNPP-GAT,4,2020-02-26,0.02,0.02000808052418009,1139,26.0,0.15476190476190477,0.8452380952380952,0.02000808052418009,1.014535167300751,7.734970107445964,0.15476190476190477,7.734970107445964,0.15476190476190477,168.0,0.011994669035984007,0.02370500438981563,2938.0187323084574
our_vol1,Our vol1 STNPP-GAT,4,2020-02-26,0.03,0.030003337607813516,1708,36.0,0.21428571428571427,0.7857142857142857,0.030003337607813516,0.936768149882904,7.142062562730009,0.21428571428571427,7.142062562730009,0.21428571428571427,168.0,0.016061867935752528,0.03161592505854801,2938.0187323084574
our_vol1,Our vol1 STNPP-GAT,4,2020-02-26,0.04,0.04001616104836018,2278,45.0,0.26785714285714285,0.7321428571428572,0.04001616104836018,0.8779631255487269,6.693724131443623,0.26785714285714285,6.693724131443623,0.26785714285714285,168.0,0.016283738567923266,0.03204565408252853,2938.0187323084574
our_vol1,Our vol1 STNPP-GAT,4,2020-02-26,0.05,0.050011418131993605,2847,53.0,0.31547619047619047,0.6845238095238095,0.050011418131993605,0.8273816492994575,6.308083278973689,0.31547619047619047,6.308083278973689,0.31547619047619047,168.0,0.01896921975662133,0.03723217421847559,2938.0187323084574
our_vol1,Our vol1 STNPP-GAT,4,2020-02-26,0.06,0.06000667521562703,3416,64.0,0.38095238095238093,0.6190476190476191,0.06000667521562703,0.8326827998959146,6.348500055760009,0.38095238095238093,6.348500055760009,0.38095238095238093,168.0,0.024902490249024904,0.04859484777517564,2938.0187323084574
our_vol1,Our vol1 STNPP-GAT,4,2020-02-26,0.07,0.07000193229926045,3985,71.0,0.4226190476190476,0.5773809523809523,0.07000193229926045,0.7918583577303778,6.037248312122842,0.4226190476190476,6.037248312122842,0.4226190476190476,168.0,0.026136217329728338,0.05094102885821832,2938.0187323084574
our_vol1,Our vol1 STNPP-GAT,4,2020-02-26,0.08,0.08001475573980713,4555,78.0,0.4642857142857143,0.5357142857142857,0.08001475573980713,0.761068422978412,5.802501176101615,0.4642857142857143,5.802501176101615,0.4642857142857143,168.0,0.03194381513366561,0.061909989023051594,2938.0187323084574
our_vol1,Our vol1 STNPP-GAT,4,2020-02-26,0.09,0.09001001282344055,5124,85.0,0.5059523809523809,0.49404761904761907,0.09001001282344055,0.7372712290745077,5.621067757704174,0.5059523809523809,5.621067757704174,0.5059523809523809,168.0,0.0417810308020738,0.08021077283372366,2938.0187323084574
our_vol1,Our vol1 STNPP-GAT,4,2020-02-26,0.1,0.10000526990707397,5693,90.0,0.5357142857142857,0.4642857142857143,0.10000526990707397,0.7026172492534691,5.356860555569496,0.5357142857142857,5.356860555569496,0.5357142857142857,168.0,0.048820928518791454,0.09309678552608466,2938.0187323084574
our_vol1,Our vol1 STNPP-GAT,5,2020-03-11,0.01,0.010012823440546666,570,34.0,0.20118343195266272,0.7988165680473372,0.010012823440546666,2.6510721247563356,20.092577597840755,0.20118343195266272,20.092577597840755,0.20118343195266272,169.0,0.03074141048824593,0.05964912280701754,326.4934471666019
our_vol1,Our vol1 STNPP-GAT,5,2020-03-11,0.02,0.02000808052418009,1139,41.0,0.24260355029585798,0.757396449704142,0.02000808052418009,1.599843917666569,12.1252785844533,0.24260355029585798,12.1252785844533,0.24260355029585798,169.0,0.018783542039355994,0.03687445127304653,326.4934471666019
our_vol1,Our vol1 STNPP-GAT,5,2020-03-11,0.03,0.030003337607813516,1708,51.0,0.30177514792899407,0.6982248520710059,0.030003337607813516,1.327088212334114,10.05805260313457,0.30177514792899407,10.05805260313457,0.30177514792899407,169.0,0.019701492537313434,0.03864168618266979,326.4934471666019
our_vol1,Our vol1 STNPP-GAT,5,2020-03-11,0.04,0.04001616104836018,2278,64.0,0.378698224852071,0.6213017751479291,0.04001616104836018,1.2486586674470783,9.463632065914771,0.378698224852071,9.463632065914771,0.378698224852071,169.0,0.021295673615781215,0.04170324846356453,326.4934471666019
our_vol1,Our vol1 STNPP-GAT,5,2020-03-11,0.05,0.050011418131993605,2847,77.0,0.4556213017751479,0.5443786982248521,0.050011418131993605,1.202045037661476,9.110345572937776,0.4556213017751479,9.110345572937776,0.4556213017751479,169.0,0.022996766079770033,0.04495960660344222,326.4934471666019
our_vol1,Our vol1 STNPP-GAT,5,2020-03-11,0.06,0.06000667521562703,3416,84.0,0.4970414201183432,0.5029585798816568,0.06000667521562703,1.092896174863388,8.283102143757882,0.4970414201183432,8.283102143757882,0.4970414201183432,169.0,0.028141459744168547,0.0547423887587822,326.4934471666019
our_vol1,Our vol1 STNPP-GAT,5,2020-03-11,0.07,0.07000193229926045,3985,88.0,0.5207100591715976,0.47928994082840237,0.07000193229926045,0.9814582462010317,7.4385097963517035,0.5207100591715976,7.4385097963517035,0.5207100591715976,169.0,0.028918151303898788,0.056210790464240906,326.4934471666019
our_vol1,Our vol1 STNPP-GAT,5,2020-03-11,0.08,0.08001475573980713,4555,92.0,0.5443786982248521,0.4556213017751479,0.08001475573980713,0.8976704476155629,6.803478848264797,0.5443786982248521,6.803478848264797,0.5443786982248521,169.0,0.0340522133938706,0.06586169045005488,326.4934471666019
our_vol1,Our vol1 STNPP-GAT,5,2020-03-11,0.09,0.09001001282344055,5124,95.0,0.5621301775147929,0.4378698224852071,0.09001001282344055,0.8240090207303321,6.245196060769831,0.5621301775147929,6.245196060769831,0.5621301775147929,169.0,0.04284115192836064,0.0821623731459797,326.4934471666019
our_vol1,Our vol1 STNPP-GAT,5,2020-03-11,0.1,0.10000526990707397,5693,99.0,0.5857988165680473,0.41420118343195267,0.10000526990707397,0.7728789741788161,5.857679471415639,0.5857988165680473,5.857679471415639,0.5857988165680473,169.0,0.04988473951129553,0.0950289829615317,326.4934471666019
our_vol1,Our vol1 STNPP-GAT,6,2020-03-25,0.01,0.010012823440546666,570,21.0,0.12574850299401197,0.874251497005988,0.010012823440546666,1.6374269005847955,12.558745666561611,0.12574850299401197,12.558745666561611,0.12574850299401197,167.0,0.01876675603217158,0.03684210526315789,954.0809341816686
our_vol1,Our vol1 STNPP-GAT,6,2020-03-25,0.02,0.02000808052418009,1139,32.0,0.19161676646706588,0.8083832335329342,0.02000808052418009,1.2486586674470783,9.57696897688381,0.19161676646706588,9.57696897688381,0.19161676646706588,167.0,0.015151515151515152,0.029850746268656716,954.0809341816686
our_vol1,Our vol1 STNPP-GAT,6,2020-03-25,0.03,0.030003337607813516,1708,40.0,0.23952095808383234,0.7604790419161677,0.030003337607813516,1.0408534998698933,7.983143782692227,0.23952095808383234,7.983143782692227,0.23952095808383234,167.0,0.01696933611193808,0.03337236533957846,954.0809341816686
our_vol1,Our vol1 STNPP-GAT,6,2020-03-25,0.04,0.04001616104836018,2278,47.0,0.281437125748503,0.718562874251497,0.04001616104836018,0.9169837089064481,7.033086592399048,0.281437125748503,7.033086592399048,0.281437125748503,167.0,0.016964285714285713,0.033362598770851626,954.0809341816686
our_vol1,Our vol1 STNPP-GAT,6,2020-03-25,0.05,0.050011418131993605,2847,56.0,0.33532934131736525,0.6646706586826348,0.050011418131993605,0.8742145728447097,6.705055642140376,0.33532934131736525,6.705055642140376,0.33532934131736525,167.0,0.019151601933058888,0.03758342114506498,954.0809341816686
our_vol1,Our vol1 STNPP-GAT,6,2020-03-25,0.06,0.06000667521562703,3416,66.0,0.39520958083832336,0.6047904191616766,0.06000667521562703,0.8587041373926619,6.586093620721087,0.39520958083832336,6.586093620721087,0.39520958083832336,167.0,0.024441445494077074,0.04771662763466042,954.0809341816686
our_vol1,Our vol1 STNPP-GAT,6,2020-03-25,0.07,0.07000193229926045,3985,73.0,0.437125748502994,0.562874251497006,0.07000193229926045,0.8141642269622195,6.244481175666234,0.437125748502994,6.244481175666234,0.437125748502994,167.0,0.0252122459480319,0.04918444165621079,954.0809341816686
our_vol1,Our vol1 STNPP-GAT,6,2020-03-25,0.08,0.08001475573980713,4555,81.0,0.48502994011976047,0.5149700598802396,0.08001475573980713,0.7903402854006586,6.061756180284874,0.48502994011976047,6.061756180284874,0.48502994011976047,167.0,0.03229461756373938,0.06256860592755215,954.0809341816686
our_vol1,Our vol1 STNPP-GAT,6,2020-03-25,0.09,0.09001001282344055,5124,89.0,0.5329341317365269,0.46706586826347307,0.09001001282344055,0.7719663457368375,5.920831638830068,0.5329341317365269,5.920831638830068,0.5329341317365269,167.0,0.04241684467500763,0.08138173302107728,954.0809341816686
our_vol1,Our vol1 STNPP-GAT,6,2020-03-25,0.1,0.10000526990707397,5693,97.0,0.5808383233532934,0.41916167664670656,0.10000526990707397,0.757265257528739,5.808077153264173,0.5808383233532934,5.808077153264173,0.5808383233532934,167.0,0.050465910139311745,0.09608290883541191,954.0809341816686
our_vol1,Our vol1 STNPP-GAT,7,2020-04-08,0.01,0.010012823440546666,570,18.0,0.12080536912751678,0.8791946308724832,0.010012823440546666,1.4035087719298247,12.065065347933592,0.12080536912751678,12.065065347933592,0.12080536912751678,149.0,0.015138023152270703,0.02982456140350877,1554.3158766261163
our_vol1,Our vol1 STNPP-GAT,7,2020-04-08,0.02,0.02000808052418009,1139,26.0,0.174496644295302,0.825503355704698,0.02000808052418009,1.014535167300751,8.721308577522965,0.174496644295302,8.721308577522965,0.174496644295302,149.0,0.012894619831036016,0.025460930640913083,1554.3158766261163
our_vol1,Our vol1 STNPP-GAT,7,2020-04-08,0.03,0.030003337607813516,1708,40.0,0.2684563758389262,0.7315436241610738,0.030003337607813516,1.0408534998698933,8.947550414158401,0.2684563758389262,8.947550414158401,0.2684563758389262,149.0,0.017272185824895772,0.03395784543325527,1554.3158766261163
our_vol1,Our vol1 STNPP-GAT,7,2020-04-08,0.04,0.04001616104836018,2278,46.0,0.3087248322147651,0.6912751677852349,0.04001616104836018,0.8974734172275876,7.7150037416549315,0.3087248322147651,7.7150037416549315,0.3087248322147651,149.0,0.017418490397498883,0.03424056189640035,1554.3158766261163
our_vol1,Our vol1 STNPP-GAT,7,2020-04-08,0.05,0.050011418131993605,2847,55.0,0.3691275167785235,0.6308724832214765,0.050011418131993605,0.8586035983296256,7.3808648217952255,0.3691275167785235,7.3808648217952255,0.3691275167785235,149.0,0.019516562220232767,0.03828591499824376,1554.3158766261163
our_vol1,Our vol1 STNPP-GAT,7,2020-04-08,0.06,0.06000667521562703,3416,60.0,0.40268456375838924,0.5973154362416108,0.06000667521562703,0.78064012490242,6.710662810618801,0.40268456375838924,6.710662810618801,0.40268456375838924,149.0,0.025056264066016503,0.04888758782201405,1554.3158766261163
our_vol1,Our vol1 STNPP-GAT,7,2020-04-08,0.07,0.07000193229926045,3985,69.0,0.46308724832214765,0.5369127516778524,0.07000193229926045,0.7695524884985362,6.6153495069598245,0.46308724832214765,6.6153495069598245,0.46308724832214765,149.0,0.02574002574002574,0.050188205771643665,1554.3158766261163
our_vol1,Our vol1 STNPP-GAT,7,2020-04-08,0.08,0.08001475573980713,4555,72.0,0.48322147651006714,0.5167785234899329,0.08001475573980713,0.7025246981339188,6.039154553960174,0.48322147651006714,6.039154553960174,0.48322147651006714,149.0,0.030776193708983934,0.059714599341383096,1554.3158766261163
our_vol1,Our vol1 STNPP-GAT,7,2020-04-08,0.09,0.09001001282344055,5124,75.0,0.5033557046979866,0.49664429530201337,0.09001001282344055,0.6505334374186833,5.592219008849002,0.5033557046979866,5.592219008849002,0.5033557046979866,149.0,0.040723062861785314,0.07825917252146761,1554.3158766261163
our_vol1,Our vol1 STNPP-GAT,7,2020-04-08,0.1,0.10000526990707397,5693,79.0,0.5302013422818792,0.4697986577181208,0.10000526990707397,0.6167418076780452,5.301734026362294,0.5302013422818792,5.301734026362294,0.5302013422818792,149.0,0.04911084492766977,0.09362374846302476,1554.3158766261163
our_vol1,Our vol1 STNPP-GAT,8,2020-04-22,0.01,0.010012823440546666,570,24.0,0.14545454545454545,0.8545454545454545,0.010012823440546666,1.8713450292397662,14.526826156299839,0.14545454545454545,14.526826156299839,0.14545454545454545,165.0,0.021505376344086023,0.042105263157894736,358.42931574636816
our_vol1,Our vol1 STNPP-GAT,8,2020-04-22,0.02,0.02000808052418009,1139,38.0,0.23030303030303031,0.7696969696969697,0.02000808052418009,1.4827821675934054,11.510500971080427,0.23030303030303031,11.510500971080427,0.23030303030303031,165.0,0.018328118015198926,0.035996488147497806,358.42931574636816
our_vol1,Our vol1 STNPP-GAT,8,2020-04-22,0.03,0.030003337607813516,1708,50.0,0.30303030303030304,0.696969696969697,0.030003337607813516,1.3010668748373666,10.09988645234547,0.30303030303030304,10.09988645234547,0.30303030303030304,165.0,0.019701492537313434,0.03864168618266979,358.42931574636816
our_vol1,Our vol1 STNPP-GAT,8,2020-04-22,0.04,0.04001616104836018,2278,59.0,0.3575757575757576,0.6424242424242423,0.04001616104836018,1.1511072090527752,8.93578364860191,0.3575757575757576,8.93578364860191,0.3575757575757576,165.0,0.019695613249776187,0.038630377524143986,358.42931574636816
our_vol1,Our vol1 STNPP-GAT,8,2020-04-22,0.05,0.050011418131993605,2847,68.0,0.4121212121212121,0.5878787878787879,0.050011418131993605,1.061546267025719,8.240542410405425,0.4121212121212121,8.240542410405425,0.4121212121212121,165.0,0.02244568145088885,0.04390586582367404,358.42931574636816
our_vol1,Our vol1 STNPP-GAT,8,2020-04-22,0.06,0.06000667521562703,3416,76.0,0.46060606060606063,0.5393939393939393,0.06000667521562703,0.9888108248763987,7.675913703782556,0.46060606060606063,7.675913703782556,0.46060606060606063,165.0,0.027213952789054276,0.05298594847775176,358.42931574636816
our_vol1,Our vol1 STNPP-GAT,8,2020-04-22,0.07,0.07000193229926045,3985,81.0,0.4909090909090909,0.509090909090909,0.07000193229926045,0.903387703889586,7.0127934299076085,0.4909090909090909,7.0127934299076085,0.4909090909090909,165.0,0.027326630574890435,0.053199498117942286,358.42931574636816
our_vol1,Our vol1 STNPP-GAT,8,2020-04-22,0.08,0.08001475573980713,4555,84.0,0.509090909090909,0.49090909090909096,0.08001475573980713,0.8196121478229053,6.362462828061071,0.509090909090909,6.362462828061071,0.509090909090909,165.0,0.03276272531459018,0.06344676180021953,358.42931574636816
our_vol1,Our vol1 STNPP-GAT,8,2020-04-22,0.09,0.09001001282344055,5124,89.0,0.5393939393939394,0.4606060606060606,0.09001001282344055,0.7719663457368375,5.992599295058311,0.5393939393939394,5.992599295058311,0.5393939393939394,165.0,0.042735042735042736,0.08196721311475409,358.42931574636816
our_vol1,Our vol1 STNPP-GAT,8,2020-04-22,0.1,0.10000526990707397,5693,91.0,0.5515151515151515,0.4484848484848485,0.10000526990707397,0.7104241075785077,5.514860887107506,0.5515151515151515,5.514860887107506,0.5515151515151515,165.0,0.05007839158904362,0.09538029158615843,358.42931574636816
our_vol1,Our vol1 STNPP-GAT,9,2020-05-06,0.01,0.010012823440546666,570,22.0,0.13414634146341464,0.8658536585365854,0.010012823440546666,1.7153996101364524,13.397454000855799,0.13414634146341464,13.397454000855799,0.13414634146341464,164.0,0.01967799642218247,0.03859649122807018,378.1590282901034
our_vol1,Our vol1 STNPP-GAT,9,2020-05-06,0.02,0.02000808052418009,1139,42.0,0.25609756097560976,0.7439024390243902,0.02000808052418009,1.6388645010242902,12.79970663183366,0.25609756097560976,12.79970663183366,0.25609756097560976,164.0,0.020152261531571878,0.03950834064969271,378.1590282901034
our_vol1,Our vol1 STNPP-GAT,9,2020-05-06,0.03,0.030003337607813516,1708,50.0,0.3048780487804878,0.6951219512195121,0.030003337607813516,1.3010668748373666,10.16147112583538,0.3048780487804878,10.16147112583538,0.3048780487804878,164.0,0.020615476546160742,0.04039812646370024,378.1590282901034
our_vol1,Our vol1 STNPP-GAT,9,2020-05-06,0.04,0.04001616104836018,2278,56.0,0.34146341463414637,0.6585365853658536,0.04001616104836018,1.0925763340161936,8.533137754555773,0.34146341463414637,8.533137754555773,0.34146341463414637,164.0,0.019467442380845825,0.038191395961369626,378.1590282901034
our_vol1,Our vol1 STNPP-GAT,9,2020-05-06,0.05,0.050011418131993605,2847,65.0,0.39634146341463417,0.6036585365853658,0.050011418131993605,1.0147133434804667,7.925019489920927,0.39634146341463417,7.925019489920927,0.39634146341463417,164.0,0.02244568145088885,0.04390586582367404,378.1590282901034
our_vol1,Our vol1 STNPP-GAT,9,2020-05-06,0.06,0.06000667521562703,3416,74.0,0.45121951219512196,0.5487804878048781,0.06000667521562703,0.9627894873796513,7.519488633118181,0.45121951219512196,7.519488633118181,0.45121951219512196,164.0,0.027986758952753536,0.05444964871194379,378.1590282901034
our_vol1,Our vol1 STNPP-GAT,9,2020-05-06,0.07,0.07000193229926045,3985,79.0,0.4817073170731707,0.5182926829268293,0.07000193229926045,0.8810818346577444,6.881343146555682,0.4817073170731707,6.881343146555682,0.4817073170731707,164.0,0.027591542031975246,0.053701380175658724,378.1590282901034
our_vol1,Our vol1 STNPP-GAT,9,2020-05-06,0.08,0.08001475573980713,4555,87.0,0.5304878048780488,0.4695121951219512,0.08001475573980713,0.8488840102451519,6.629874702149875,0.5304878048780488,6.629874702149875,0.5304878048780488,164.0,0.034756928668786914,0.06717892425905599,378.1590282901034
our_vol1,Our vol1 STNPP-GAT,9,2020-05-06,0.09,0.09001001282344055,5124,91.0,0.5548780487804879,0.44512195121951215,0.09001001282344055,0.7893139040680024,6.164625816340131,0.5548780487804879,6.164625816340131,0.5548780487804879,164.0,0.043478260869565216,0.08333333333333333,378.1590282901034
our_vol1,Our vol1 STNPP-GAT,9,2020-05-06,0.1,0.10000526990707397,5693,94.0,0.573170731707317,0.426829268292683,0.10000526990707397,0.7338446825536233,5.731405277341022,0.573170731707317,5.731405277341022,0.573170731707317,164.0,0.05056283447130467,0.09625856314772528,378.1590282901034
our_vol1,Our vol1 STNPP-GAT,10,2020-05-20,0.01,0.010012823440546666,570,25.0,0.13227513227513227,0.8677248677248677,0.010012823440546666,1.9493177387914231,13.210572728116587,0.13227513227513227,13.210572728116587,0.13227513227513227,189.0,0.02242152466367713,0.043859649122807015,749.3479011197973
our_vol1,Our vol1 STNPP-GAT,10,2020-05-20,0.02,0.02000808052418009,1139,37.0,0.19576719576719576,0.8042328042328042,0.02000808052418009,1.4437615842356843,9.784406631641048,0.19576719576719576,9.784406631641048,0.19576719576719576,189.0,0.016964285714285713,0.033362598770851626,749.3479011197973
our_vol1,Our vol1 STNPP-GAT,10,2020-05-20,0.03,0.030003337607813516,1708,47.0,0.24867724867724866,0.7513227513227514,0.030003337607813516,1.2230028623471247,8.288319517242233,0.24867724867724866,8.288319517242233,0.24867724867724866,189.0,0.01939719486720382,0.038056206088992975,749.3479011197973
our_vol1,Our vol1 STNPP-GAT,10,2020-05-20,0.04,0.04001616104836018,2278,58.0,0.30687830687830686,0.6931216931216931,0.04001616104836018,1.1315969173739147,7.668859251826767,0.30687830687830686,7.668859251826767,0.30687830687830686,189.0,0.01923937360178971,0.03775241439859526,749.3479011197973
our_vol1,Our vol1 STNPP-GAT,10,2020-05-20,0.05,0.050011418131993605,2847,61.0,0.32275132275132273,0.6772486772486772,0.050011418131993605,0.9522694454201303,6.453552704694257,0.32275132275132273,6.453552704694257,0.32275132275132273,189.0,0.02097902097902098,0.0410958904109589,749.3479011197973
our_vol1,Our vol1 STNPP-GAT,10,2020-05-20,0.06,0.06000667521562703,3416,71.0,0.37566137566137564,0.6243386243386244,0.06000667521562703,0.9237574811345303,6.260326443874453,0.37566137566137564,6.260326443874453,0.37566137566137564,189.0,0.02783210470889123,0.054156908665105384,749.3479011197973
our_vol1,Our vol1 STNPP-GAT,10,2020-05-20,0.07,0.07000193229926045,3985,78.0,0.4126984126984127,0.5873015873015873,0.07000193229926045,0.8699289000418235,5.895528868176296,0.4126984126984127,5.895528868176296,0.4126984126984127,189.0,0.027856590147020893,0.054203262233375155,749.3479011197973
our_vol1,Our vol1 STNPP-GAT,10,2020-05-20,0.08,0.08001475573980713,4555,87.0,0.4603174603174603,0.5396825396825398,0.08001475573980713,0.8488840102451519,5.752907148955447,0.4603174603174603,5.752907148955447,0.4603174603174603,189.0,0.03581580443433769,0.06915477497255763,749.3479011197973
our_vol1,Our vol1 STNPP-GAT,10,2020-05-20,0.09,0.09001001282344055,5124,94.0,0.4973544973544973,0.5026455026455027,0.09001001282344055,0.8153352415647497,5.525546344828156,0.4973544973544973,5.525546344828156,0.4973544973544973,189.0,0.04443538524256013,0.08508977361436378,749.3479011197973
our_vol1,Our vol1 STNPP-GAT,10,2020-05-20,0.1,0.10000526990707397,5693,101.0,0.5343915343915344,0.4656084656084656,0.10000526990707397,0.7884926908288932,5.343633739382906,0.5343915343915344,5.343633739382906,0.5343915343915344,189.0,0.052505084119060824,0.09977164939399262,749.3479011197973
our_vol1,Our vol1 STNPP-GAT,11,2020-06-03,0.01,0.010012823440546666,570,21.0,0.13548387096774195,0.864516129032258,0.010012823440546666,1.6374269005847955,13.531035653650255,0.13548387096774195,13.531035653650255,0.13548387096774195,155.0,0.017857142857142856,0.03508771929824561,1446.4058235282764
our_vol1,Our vol1 STNPP-GAT,11,2020-06-03,0.02,0.02000808052418009,1139,34.0,0.21935483870967742,0.7806451612903226,0.02000808052418009,1.3266998341625207,10.963312469908523,0.21935483870967742,10.963312469908523,0.21935483870967742,155.0,0.016057091882247992,0.03160667251975417,1446.4058235282764
our_vol1,Our vol1 STNPP-GAT,11,2020-06-03,0.03,0.030003337607813516,1708,43.0,0.27741935483870966,0.7225806451612904,0.030003337607813516,1.1189175123601354,9.246283145727883,0.27741935483870966,9.246283145727883,0.27741935483870966,155.0,0.017878426698450536,0.0351288056206089,1446.4058235282764
our_vol1,Our vol1 STNPP-GAT,11,2020-06-03,0.04,0.04001616104836018,2278,51.0,0.32903225806451614,0.6709677419354838,0.04001616104836018,0.9950248756218905,8.222484352431392,0.32903225806451614,8.222484352431392,0.32903225806451614,155.0,0.018100558659217877,0.03555750658472344,1446.4058235282764
our_vol1,Our vol1 STNPP-GAT,11,2020-06-03,0.05,0.050011418131993605,2847,58.0,0.3741935483870968,0.6258064516129032,0.050011418131993605,0.905436521874878,7.482162321402269,0.3741935483870968,7.482162321402269,0.3741935483870968,155.0,0.021528525296017224,0.04214963119072708,1446.4058235282764
our_vol1,Our vol1 STNPP-GAT,11,2020-06-03,0.06,0.06000667521562703,3416,60.0,0.3870967741935484,0.6129032258064516,0.06000667521562703,0.78064012490242,6.450895217949686,0.3870967741935484,6.450895217949686,0.3870967741935484,155.0,0.027522935779816515,0.05357142857142857,1446.4058235282764
our_vol1,Our vol1 STNPP-GAT,11,2020-06-03,0.07,0.07000193229926045,3985,62.0,0.4,0.6,0.07000193229926045,0.6914819461870905,5.714127979924719,0.4,5.714127979924719,0.4,155.0,0.026400515132002575,0.05144291091593475,1446.4058235282764
our_vol1,Our vol1 STNPP-GAT,11,2020-06-03,0.08,0.08001475573980713,4555,70.0,0.45161290322580644,0.5483870967741935,0.08001475573980713,0.6830101231857544,5.644120250699338,0.45161290322580644,5.644120250699338,0.45161290322580644,155.0,0.035227272727272725,0.06805708013172337,1446.4058235282764
our_vol1,Our vol1 STNPP-GAT,11,2020-06-03,0.09,0.09001001282344055,5124,72.0,0.4645161290322581,0.5354838709677419,0.09001001282344055,0.6245120999219359,5.160716174359749,0.4645161290322581,5.160716174359749,0.4645161290322581,155.0,0.04337202199144777,0.08313817330210772,1446.4058235282764
our_vol1,Our vol1 STNPP-GAT,11,2020-06-03,0.1,0.10000526990707397,5693,79.0,0.5096774193548387,0.4903225806451613,0.10000526990707397,0.6167418076780452,5.096505612438592,0.5096774193548387,5.096505612438592,0.5096774193548387,155.0,0.05153306243073513,0.09801510627085895,1446.4058235282764
our_vol1,Our vol1 STNPP-GAT,12,2020-06-17,0.01,0.010012823440546666,570,31.0,0.15121951219512195,0.848780487804878,0.010012823440546666,2.417153996101365,15.102584510055625,0.15121951219512195,15.102584510055625,0.15121951219512195,205.0,0.027953110910730387,0.054385964912280704,1365.2090431801623
our_vol1,Our vol1 STNPP-GAT,12,2020-06-17,0.02,0.02000808052418009,1139,46.0,0.22439024390243903,0.775609756097561,0.02000808052418009,1.794946834455175,11.214981048844729,0.22439024390243903,11.214981048844729,0.22439024390243903,205.0,0.021524663677130046,0.04214223002633889,1365.2090431801623
our_vol1,Our vol1 STNPP-GAT,12,2020-06-17,0.03,0.030003337607813516,1708,60.0,0.2926829268292683,0.7073170731707317,0.030003337607813516,1.56128024980484,9.755012280801964,0.2926829268292683,9.755012280801964,0.2926829268292683,205.0,0.022754491017964073,0.04449648711943794,1365.2090431801623
our_vol1,Our vol1 STNPP-GAT,12,2020-06-17,0.04,0.04001616104836018,2278,79.0,0.3853658536585366,0.6146341463414634,0.04001616104836018,1.5413130426299873,9.6302554658558,0.3853658536585366,9.6302554658558,0.3853658536585366,205.0,0.024280575539568347,0.04741000877963126,1365.2090431801623
our_vol1,Our vol1 STNPP-GAT,12,2020-06-17,0.05,0.050011418131993605,2847,88.0,0.4292682926829268,0.5707317073170732,0.050011418131993605,1.3737657573274011,8.583405724468204,0.4292682926829268,8.583405724468204,0.4292682926829268,205.0,0.02650081124932396,0.051633298208640675,1365.2090431801623
our_vol1,Our vol1 STNPP-GAT,12,2020-06-17,0.06,0.06000667521562703,3416,94.0,0.4585365853658537,0.5414634146341464,0.06000667521562703,1.2230028623471247,7.641426286628206,0.4585365853658537,7.641426286628206,0.4585365853658537,205.0,0.03202416918429003,0.06206088992974239,1365.2090431801623
our_vol1,Our vol1 STNPP-GAT,12,2020-06-17,0.07,0.07000193229926045,3985,98.0,0.47804878048780486,0.5219512195121951,0.07000193229926045,1.09298759236024,6.829079780885638,0.47804878048780486,6.829079780885638,0.47804878048780486,205.0,0.030248190279214063,0.05872020075282309,1365.2090431801623
our_vol1,Our vol1 STNPP-GAT,12,2020-06-17,0.08,0.08001475573980713,4555,105.0,0.5121951219512195,0.4878048780487805,0.08001475573980713,1.0245151847786316,6.401258333110224,0.5121951219512195,6.401258333110224,0.5121951219512195,205.0,0.03699487763232783,0.07135016465422613,1365.2090431801623
our_vol1,Our vol1 STNPP-GAT,12,2020-06-17,0.09,0.09001001282344055,5124,109.0,0.5317073170731708,0.46829268292682924,0.09001001282344055,0.9454419290484863,5.907201881152301,0.5317073170731708,5.907201881152301,0.5317073170731708,205.0,0.04528763769889841,0.08665105386416862,1365.2090431801623
our_vol1,Our vol1 STNPP-GAT,12,2020-06-17,0.1,0.10000526990707397,5693,115.0,0.5609756097560976,0.4390243902439024,0.10000526990707397,0.8977887073794328,5.6094604842061075,0.5609756097560976,5.6094604842061075,0.5609756097560976,205.0,0.05124180592743052,0.09748814333391885,1365.2090431801623
our_vol1,Our vol1 STNPP-GAT,13,2020-07-01,0.01,0.010012823440546666,570,26.0,0.12322274881516587,0.8767772511848342,0.010012823440546666,2.0272904483430803,12.306493722457802,0.12322274881516587,12.306493722457802,0.12322274881516587,211.0,0.02242152466367713,0.043859649122807015,245.92355601648308
our_vol1,Our vol1 STNPP-GAT,13,2020-07-01,0.02,0.02000808052418009,1139,38.0,0.18009478672985782,0.8199052132701422,0.02000808052418009,1.4827821675934054,9.001102655110287,0.18009478672985782,9.001102655110287,0.18009478672985782,211.0,0.017418490397498883,0.03424056189640035,245.92355601648308
our_vol1,Our vol1 STNPP-GAT,13,2020-07-01,0.03,0.030003337607813516,1708,51.0,0.24170616113744076,0.7582938388625593,0.030003337607813516,1.327088212334114,8.055975781657546,0.24170616113744076,8.055975781657546,0.24170616113744076,211.0,0.02031063321385902,0.03981264637002342,245.92355601648308
our_vol1,Our vol1 STNPP-GAT,13,2020-07-01,0.04,0.04001616104836018,2278,56.0,0.26540284360189575,0.7345971563981042,0.04001616104836018,1.0925763340161936,6.632391430081264,0.26540284360189575,6.632391430081264,0.26540284360189575,211.0,0.019011406844106463,0.03731343283582089,245.92355601648308
our_vol1,Our vol1 STNPP-GAT,13,2020-07-01,0.05,0.050011418131993605,2847,66.0,0.3127962085308057,0.6872037914691943,0.050011418131993605,1.0303243179955508,6.254495877426476,0.3127962085308057,6.254495877426476,0.3127962085308057,211.0,0.022813005209268905,0.04460835967685283,245.92355601648308
our_vol1,Our vol1 STNPP-GAT,13,2020-07-01,0.06,0.06000667521562703,3416,73.0,0.3459715639810427,0.6540284360189573,0.06000667521562703,0.9497788186312777,5.765551294715696,0.3459715639810427,5.765551294715696,0.3459715639810427,211.0,0.029380744312189244,0.05708430913348946,245.92355601648308
our_vol1,Our vol1 STNPP-GAT,13,2020-07-01,0.07,0.07000193229926045,3985,79.0,0.3744075829383886,0.6255924170616114,0.07000193229926045,0.8810818346577444,5.348532113910577,0.3744075829383886,5.348532113910577,0.3744075829383886,211.0,0.02838709677419355,0.05520702634880803,245.92355601648308
our_vol1,Our vol1 STNPP-GAT,13,2020-07-01,0.08,0.08001475573980713,4555,82.0,0.3886255924170616,0.6113744075829384,0.08001475573980713,0.8000975728747408,4.856924061366864,0.3886255924170616,4.856924061366864,0.3886255924170616,211.0,0.035227272727272725,0.06805708013172337,245.92355601648308
our_vol1,Our vol1 STNPP-GAT,13,2020-07-01,0.09,0.09001001282344055,5124,85.0,0.4028436018957346,0.5971563981042654,0.09001001282344055,0.7372712290745077,4.475542100920859,0.4028436018957346,4.475542100920859,0.4028436018957346,211.0,0.043478260869565216,0.08333333333333333,245.92355601648308
our_vol1,Our vol1 STNPP-GAT,13,2020-07-01,0.1,0.10000526990707397,5693,93.0,0.44075829383886256,0.5592417061611374,0.10000526990707397,0.7260378242285848,4.407350675103624,0.44075829383886256,4.407350675103624,0.44075829383886256,211.0,0.049787940254471696,0.09485332864921833,245.92355601648308
our_vol1,Our vol1 STNPP-GAT,14,2020-07-15,0.01,0.010012823440546666,570,21.0,0.11864406779661017,0.8813559322033898,0.010012823440546666,1.6374269005847955,11.849212013083555,0.11864406779661017,11.849212013083555,0.11864406779661017,177.0,0.01876675603217158,0.03684210526315789,3122.483549468982
our_vol1,Our vol1 STNPP-GAT,14,2020-07-15,0.02,0.02000808052418009,1139,34.0,0.192090395480226,0.807909604519774,0.02000808052418009,1.3266998341625207,9.600640863479216,0.192090395480226,9.600640863479216,0.192090395480226,177.0,0.016057091882247992,0.03160667251975417,3122.483549468982
our_vol1,Our vol1 STNPP-GAT,14,2020-07-15,0.03,0.030003337607813516,1708,49.0,0.2768361581920904,0.7231638418079096,0.030003337607813516,1.2750455373406193,9.22684542002408,0.2768361581920904,9.22684542002408,0.2768361581920904,177.0,0.02092050209205021,0.040983606557377046,3122.483549468982
our_vol1,Our vol1 STNPP-GAT,14,2020-07-15,0.04,0.04001616104836018,2278,58.0,0.327683615819209,0.672316384180791,0.04001616104836018,1.1315969173739147,8.188781912967565,0.327683615819209,8.188781912967565,0.327683615819209,177.0,0.02038073908174692,0.03994732221246708,3122.483549468982
our_vol1,Our vol1 STNPP-GAT,14,2020-07-15,0.05,0.050011418131993605,2847,66.0,0.3728813559322034,0.6271186440677966,0.050011418131993605,1.0303243179955508,7.45592446405077,0.3728813559322034,7.45592446405077,0.3728813559322034,177.0,0.022629310344827586,0.044257112750263436,3122.483549468982
our_vol1,Our vol1 STNPP-GAT,14,2020-07-15,0.06,0.06000667521562703,3416,72.0,0.4067796610169492,0.5932203389830508,0.06000667521562703,0.936768149882904,6.778906839201365,0.4067796610169492,6.778906839201365,0.4067796610169492,177.0,0.029691032403918613,0.05766978922716628,3122.483549468982
our_vol1,Our vol1 STNPP-GAT,14,2020-07-15,0.07,0.07000193229926045,3985,75.0,0.423728813559322,0.576271186440678,0.07000193229926045,0.8364700961940611,6.053101673649065,0.423728813559322,6.053101673649065,0.423728813559322,177.0,0.027989165484328647,0.054454203262233374,3122.483549468982
our_vol1,Our vol1 STNPP-GAT,14,2020-07-15,0.08,0.08001475573980713,4555,79.0,0.4463276836158192,0.5536723163841808,0.08001475573980713,0.7708257104524943,5.578067188846924,0.4463276836158192,5.578067188846924,0.4463276836158192,177.0,0.03546260513753126,0.06849615806805708,3122.483549468982
our_vol1,Our vol1 STNPP-GAT,14,2020-07-15,0.09,0.09001001282344055,5124,85.0,0.480225988700565,0.519774011299435,0.09001001282344055,0.7372712290745077,5.335250753075148,0.480225988700565,5.335250753075148,0.480225988700565,177.0,0.04411614875191034,0.08450429352068696,3122.483549468982
our_vol1,Our vol1 STNPP-GAT,14,2020-07-15,0.1,0.10000526990707397,5693,88.0,0.4971751412429379,0.5028248587570621,0.10000526990707397,0.6870035326033921,4.971489419556776,0.4971751412429379,4.971489419556776,0.4971751412429379,177.0,0.05017524441984873,0.09555594589847181,3122.483549468982
our_vol1,Our vol1 STNPP-GAT,15,2020-07-29,0.01,0.010012823440546666,570,20.0,0.12422360248447205,0.8757763975155279,0.010012823440546666,1.5594541910331385,12.406450909883404,0.12422360248447205,12.406450909883404,0.12422360248447205,161.0,0.017857142857142856,0.03508771929824561,1240.7484157028903
our_vol1,Our vol1 STNPP-GAT,15,2020-07-29,0.02,0.02000808052418009,1139,29.0,0.18012422360248448,0.8198757763975155,0.02000808052418009,1.1315969173739147,9.00257390431838,0.18012422360248448,9.00257390431838,0.18012422360248448,161.0,0.013796172674677348,0.027216856892010536,1240.7484157028903
our_vol1,Our vol1 STNPP-GAT,15,2020-07-29,0.03,0.030003337607813516,1708,37.0,0.22981366459627328,0.7701863354037267,0.030003337607813516,0.9627894873796513,7.659603328145228,0.22981366459627328,7.659603328145228,0.22981366459627328,161.0,0.016666666666666666,0.03278688524590164,1240.7484157028903
our_vol1,Our vol1 STNPP-GAT,15,2020-07-29,0.04,0.04001616104836018,2278,43.0,0.2670807453416149,0.7329192546583851,0.04001616104836018,0.8389425421910057,6.674322032511902,0.2670807453416149,6.674322032511902,0.2670807453416149,161.0,0.016283738567923266,0.03204565408252853,1240.7484157028903
our_vol1,Our vol1 STNPP-GAT,15,2020-07-29,0.05,0.050011418131993605,2847,52.0,0.32298136645962733,0.6770186335403727,0.050011418131993605,0.8117706747843734,6.458152528432457,0.32298136645962733,6.458152528432457,0.32298136645962733,161.0,0.01969914040114613,0.03863716192483316,1240.7484157028903
our_vol1,Our vol1 STNPP-GAT,15,2020-07-29,0.06,0.06000667521562703,3416,54.0,0.33540372670807456,0.6645962732919255,0.06000667521562703,0.702576112412178,5.589440266484356,0.33540372670807456,5.589440266484356,0.33540372670807456,161.0,0.027213952789054276,0.05298594847775176,1240.7484157028903
our_vol1,Our vol1 STNPP-GAT,15,2020-07-29,0.07,0.07000193229926045,3985,57.0,0.35403726708074534,0.6459627329192547,0.07000193229926045,0.6357172731074865,5.0575356344054185,0.35403726708074534,5.0575356344054185,0.35403726708074534,161.0,0.026004119464469618,0.0506900878293601,1240.7484157028903
our_vol1,Our vol1 STNPP-GAT,15,2020-07-29,0.08,0.08001475573980713,4555,65.0,0.40372670807453415,0.5962732919254659,0.08001475573980713,0.6342236858153434,5.0456531966100995,0.40372670807453415,5.0456531966100995,0.40372670807453415,161.0,0.033114084826491266,0.06410537870472009,1240.7484157028903
our_vol1,Our vol1 STNPP-GAT,15,2020-07-29,0.09,0.09001001282344055,5124,74.0,0.45962732919254656,0.5403726708074534,0.09001001282344055,0.6418596582531009,5.106402218763485,0.45962732919254656,5.106402218763485,0.45962732919254656,161.0,0.042735042735042736,0.08196721311475409,1240.7484157028903
our_vol1,Our vol1 STNPP-GAT,15,2020-07-29,0.1,0.10000526990707397,5693,85.0,0.5279503105590062,0.4720496894409938,0.10000526990707397,0.6635829576282765,5.279224895343852,0.5279503105590062,5.279224895343852,0.5279503105590062,161.0,0.04930421159340153,0.0939750570876515,1240.7484157028903
our_vol1,Our vol1 STNPP-GAT,16,2020-08-12,0.01,0.010012823440546666,570,17.0,0.10967741935483871,0.8903225806451613,0.010012823440546666,1.3255360623781678,10.953695529145444,0.10967741935483871,10.953695529145444,0.10967741935483871,155.0,0.015138023152270703,0.02982456140350877,287.40587984010335
our_vol1,Our vol1 STNPP-GAT,16,2020-08-12,0.02,0.02000808052418009,1139,27.0,0.17419354838709677,0.8258064516129032,0.02000808052418009,1.0535557506584723,8.706159902574415,0.17419354838709677,8.706159902574415,0.17419354838709677,155.0,0.013345195729537367,0.02633889376646181,287.40587984010335
our_vol1,Our vol1 STNPP-GAT,16,2020-08-12,0.03,0.030003337607813516,1708,39.0,0.25161290322580643,0.7483870967741936,0.030003337607813516,1.014832162373146,8.386163783334592,0.25161290322580643,8.386163783334592,0.25161290322580643,155.0,0.017272185824895772,0.03395784543325527,287.40587984010335
our_vol1,Our vol1 STNPP-GAT,16,2020-08-12,0.04,0.04001616104836018,2278,52.0,0.33548387096774196,0.6645161290322581,0.04001616104836018,1.014535167300751,8.3837095358124,0.33548387096774196,8.3837095358124,0.33548387096774196,155.0,0.017873100983020553,0.03511852502194908,287.40587984010335
our_vol1,Our vol1 STNPP-GAT,16,2020-08-12,0.05,0.050011418131993605,2847,55.0,0.3548387096774194,0.6451612903225806,0.050011418131993605,0.8586035983296256,7.0951539254676685,0.3548387096774194,7.0951539254676685,0.3548387096774194,155.0,0.020795984223736106,0.040744643484369514,287.40587984010335
our_vol1,Our vol1 STNPP-GAT,16,2020-08-12,0.06,0.06000667521562703,3416,59.0,0.38064516129032255,0.6193548387096774,0.06000667521562703,0.7676294561540463,6.3433802976505245,0.38064516129032255,6.3433802976505245,0.38064516129032255,155.0,0.028296207104154123,0.05503512880562061,287.40587984010335
our_vol1,Our vol1 STNPP-GAT,16,2020-08-12,0.07,0.07000193229926045,3985,66.0,0.4258064516129032,0.5741935483870968,0.07000193229926045,0.7360936846507737,6.082781397984377,0.4258064516129032,6.082781397984377,0.4258064516129032,155.0,0.027194226060059286,0.05294855708908407,287.40587984010335
our_vol1,Our vol1 STNPP-GAT,16,2020-08-12,0.08,0.08001475573980713,4555,72.0,0.4645161290322581,0.5354838709677419,0.08001475573980713,0.7025246981339188,5.805380829290748,0.4645161290322581,5.805380829290748,0.4645161290322581,155.0,0.034287011807447774,0.06630076838638858,287.40587984010335
our_vol1,Our vol1 STNPP-GAT,16,2020-08-12,0.09,0.09001001282344055,5124,77.0,0.4967741935483871,0.5032258064516129,0.09001001282344055,0.6678809957498482,5.5190992420236205,0.4967741935483871,5.5190992420236205,0.4967741935483871,155.0,0.04284115192836064,0.0821623731459797,287.40587984010335
our_vol1,Our vol1 STNPP-GAT,16,2020-08-12,0.1,0.10000526990707397,5693,85.0,0.5483870967741935,0.4516129032258065,0.10000526990707397,0.6635829576282765,5.483581988066839,0.5483870967741935,5.483581988066839,0.5483870967741935,155.0,0.04756647345661975,0.0908132794660109,287.40587984010335
our_vol1,Our vol1 STNPP-GAT,17,2020-08-26,0.01,0.010012823440546666,570,20.0,0.11976047904191617,0.8802395209580838,0.010012823440546666,1.5594541910331385,11.960710158630107,0.11976047904191617,11.960710158630107,0.11976047904191617,167.0,0.017857142857142856,0.03508771929824561,515.757131407073
our_vol1,Our vol1 STNPP-GAT,17,2020-08-26,0.02,0.02000808052418009,1139,40.0,0.23952095808383234,0.7604790419161677,0.02000808052418009,1.5608233343088478,11.971211221104761,0.23952095808383234,11.971211221104761,0.23952095808383234,167.0,0.018328118015198926,0.035996488147497806,515.757131407073
our_vol1,Our vol1 STNPP-GAT,17,2020-08-26,0.03,0.030003337607813516,1708,50.0,0.2994011976047904,0.7005988023952097,0.030003337607813516,1.3010668748373666,9.978929728365282,0.2994011976047904,9.978929728365282,0.2994011976047904,167.0,0.020005971931919976,0.039227166276346606,515.757131407073
our_vol1,Our vol1 STNPP-GAT,17,2020-08-26,0.04,0.04001616104836018,2278,55.0,0.32934131736526945,0.6706586826347305,0.04001616104836018,1.0730660423373328,8.230207714509524,0.32934131736526945,8.230207714509524,0.32934131736526945,167.0,0.018328118015198926,0.035996488147497806,515.757131407073
our_vol1,Our vol1 STNPP-GAT,17,2020-08-26,0.05,0.050011418131993605,2847,59.0,0.3532934131736527,0.6467065868263473,0.050011418131993605,0.9210474963899621,7.064255051540754,0.3532934131736527,7.064255051540754,0.3532934131736527,167.0,0.021162123385939743,0.0414471373375483,515.757131407073
our_vol1,Our vol1 STNPP-GAT,17,2020-08-26,0.06,0.06000667521562703,3416,65.0,0.38922155688622756,0.6107784431137724,0.06000667521562703,0.8456934686442883,6.486304323437435,0.38922155688622756,6.486304323437435,0.38922155688622756,167.0,0.028760728805902726,0.05591334894613583,515.757131407073
our_vol1,Our vol1 STNPP-GAT,17,2020-08-26,0.07,0.07000193229926045,3985,71.0,0.4251497005988024,0.5748502994011976,0.07000193229926045,0.7918583577303778,6.073399499620584,0.4251497005988024,6.073399499620584,0.4251497005988024,167.0,0.027591542031975246,0.053701380175658724,515.757131407073
our_vol1,Our vol1 STNPP-GAT,17,2020-08-26,0.08,0.08001475573980713,4555,76.0,0.4550898203592814,0.5449101796407185,0.08001475573980713,0.7415538480302476,5.687573700020375,0.4550898203592814,5.687573700020375,0.4550898203592814,167.0,0.03416959927347032,0.06608122941822174,515.757131407073
our_vol1,Our vol1 STNPP-GAT,17,2020-08-26,0.09,0.09001001282344055,5124,78.0,0.46706586826347307,0.5329341317365269,0.09001001282344055,0.6765547749154306,5.189043458749947,0.46706586826347307,5.189043458749947,0.46706586826347307,167.0,0.041886945912972755,0.08040593286494926,515.757131407073
our_vol1,Our vol1 STNPP-GAT,17,2020-08-26,0.1,0.10000526990707397,5693,84.0,0.5029940119760479,0.4970059880239521,0.10000526990707397,0.6557760993032379,5.029675060558665,0.5029940119760479,5.029675060558665,0.5029940119760479,167.0,0.04775927118800037,0.09116458809063763,515.757131407073
our_vol1,Our vol1 STNPP-GAT,18,2020-09-09,0.01,0.010012823440546666,570,15.0,0.1048951048951049,0.8951048951048951,0.010012823440546666,1.169590643274854,10.476076555023923,0.1048951048951049,10.476076555023923,0.1048951048951049,143.0,0.013333333333333334,0.02631578947368421,1682.1591800777644
our_vol1,Our vol1 STNPP-GAT,18,2020-09-09,0.02,0.02000808052418009,1139,24.0,0.16783216783216784,0.8321678321678322,0.02000808052418009,0.9364940005853087,8.38821933115173,0.16783216783216784,8.38821933115173,0.16783216783216784,143.0,0.011545293072824156,0.0228270412642669,1682.1591800777644
our_vol1,Our vol1 STNPP-GAT,18,2020-09-09,0.03,0.030003337607813516,1708,30.0,0.2097902097902098,0.7902097902097902,0.030003337607813516,0.78064012490242,6.992229082393017,0.2097902097902098,6.992229082393017,0.2097902097902098,143.0,0.014251781472684086,0.02810304449648712,1682.1591800777644
our_vol1,Our vol1 STNPP-GAT,18,2020-09-09,0.04,0.04001616104836018,2278,35.0,0.24475524475524477,0.7552447552447552,0.04001616104836018,0.6828602087601209,6.116409928964802,0.24475524475524477,6.116409928964802,0.24475524475524477,143.0,0.0135706340378198,0.026777875329236173,1682.1591800777644
our_vol1,Our vol1 STNPP-GAT,18,2020-09-09,0.05,0.050011418131993605,2847,42.0,0.2937062937062937,0.7062937062937062,0.050011418131993605,0.6556609296335323,5.872784749497078,0.2937062937062937,5.872784749497078,0.2937062937062937,143.0,0.017512508934953538,0.03442219880576045,1682.1591800777644
our_vol1,Our vol1 STNPP-GAT,18,2020-09-09,0.06,0.06000667521562703,3416,47.0,0.32867132867132864,0.6713286713286714,0.06000667521562703,0.6115014311735624,5.477246114541196,0.32867132867132864,5.477246114541196,0.32867132867132864,143.0,0.025210084033613446,0.04918032786885246,1682.1591800777644
our_vol1,Our vol1 STNPP-GAT,18,2020-09-09,0.07,0.07000193229926045,3985,52.0,0.36363636363636365,0.6363636363636364,0.07000193229926045,0.5799526000278824,5.194661799931562,0.36363636363636365,5.194661799931562,0.36363636363636365,143.0,0.02442159383033419,0.04767879548306148,1682.1591800777644
our_vol1,Our vol1 STNPP-GAT,18,2020-09-09,0.08,0.08001475573980713,4555,58.0,0.40559440559440557,0.5944055944055944,0.08001475573980713,0.565922673496768,5.068995110268435,0.40559440559440557,5.068995110268435,0.40559440559440557,143.0,0.032060722782372264,0.062129527991218444,1682.1591800777644
our_vol1,Our vol1 STNPP-GAT,18,2020-09-09,0.09,0.09001001282344055,5124,69.0,0.4825174825174825,0.5174825174825175,0.09001001282344055,0.5984907624251886,5.360708963167979,0.4825174825174825,5.360708963167979,0.4825174825174825,143.0,0.04061738424045491,0.078064012490242,1682.1591800777644
our_vol1,Our vol1 STNPP-GAT,18,2020-09-09,0.1,0.10000526990707397,5693,70.0,0.48951048951048953,0.5104895104895104,0.10000526990707397,0.5464800827526982,4.89484694121968,0.48951048951048953,4.89484694121968,0.48951048951048953,143.0,0.04621887347238813,0.08835411909362374,1682.1591800777644
our_vol1,Our vol1 STNPP-GAT,19,2020-09-23,0.01,0.010012823440546666,570,18.0,0.11920529801324503,0.880794701986755,0.010012823440546666,1.4035087719298247,11.905263157894735,0.11920529801324503,11.905263157894735,0.11920529801324503,151.0,0.016042780748663103,0.031578947368421054,327.7993237138788
our_vol1,Our vol1 STNPP-GAT,19,2020-09-23,0.02,0.02000808052418009,1139,29.0,0.19205298013245034,0.8079470198675497,0.02000808052418009,1.1315969173739147,9.598770851624232,0.19205298013245034,9.598770851624232,0.19205298013245034,151.0,0.012444444444444444,0.024582967515364356,327.7993237138788
our_vol1,Our vol1 STNPP-GAT,19,2020-09-23,0.03,0.030003337607813516,1708,41.0,0.271523178807947,0.7284768211920529,0.030003337607813516,1.0668748373666406,9.04976580796253,0.271523178807947,9.04976580796253,0.271523178807947,151.0,0.01696933611193808,0.03337236533957846,327.7993237138788
our_vol1,Our vol1 STNPP-GAT,19,2020-09-23,0.04,0.04001616104836018,2278,50.0,0.33112582781456956,0.6688741721854304,0.04001616104836018,0.9755145839430299,8.274802458296753,0.33112582781456956,8.274802458296753,0.33112582781456956,151.0,0.01651048639000446,0.0324846356453029,327.7993237138788
our_vol1,Our vol1 STNPP-GAT,19,2020-09-23,0.05,0.050011418131993605,2847,54.0,0.3576158940397351,0.6423841059602649,0.050011418131993605,0.8429926238145415,7.1506849315068495,0.3576158940397351,7.1506849315068495,0.3576158940397351,151.0,0.019151601933058888,0.03758342114506498,327.7993237138788
our_vol1,Our vol1 STNPP-GAT,19,2020-09-23,0.06,0.06000667521562703,3416,57.0,0.37748344370860926,0.6225165562913908,0.06000667521562703,0.741608118657299,6.2906908665105385,0.37748344370860926,6.2906908665105385,0.37748344370860926,151.0,0.025979876858387145,0.0506440281030445,327.7993237138788
our_vol1,Our vol1 STNPP-GAT,19,2020-09-23,0.07,0.07000193229926045,3985,63.0,0.41721854304635764,0.5827814569536424,0.07000193229926045,0.7026348808030113,5.960100376411544,0.41721854304635764,5.960100376411544,0.41721854304635764,151.0,0.025344139971696898,0.04943538268506901,327.7993237138788
our_vol1,Our vol1 STNPP-GAT,19,2020-09-23,0.08,0.08001475573980713,4555,68.0,0.4503311258278146,0.5496688741721854,0.08001475573980713,0.6634955482375899,5.6281009879253565,0.4503311258278146,5.6281009879253565,0.4503311258278146,151.0,0.033114084826491266,0.06410537870472009,327.7993237138788
our_vol1,Our vol1 STNPP-GAT,19,2020-09-23,0.09,0.09001001282344055,5124,73.0,0.48344370860927155,0.5165562913907285,0.09001001282344055,0.6331858790875184,5.3709992193598755,0.48344370860927155,5.3709992193598755,0.48344370860927155,151.0,0.041463414634146344,0.07962529274004684,327.7993237138788
our_vol1,Our vol1 STNPP-GAT,19,2020-09-23,0.1,0.10000526990707397,5693,78.0,0.5165562913907285,0.48344370860927155,0.10000526990707397,0.6089349493530066,5.165290707886879,0.5165562913907285,5.165290707886879,0.5165562913907285,151.0,0.04727740986019132,0.09028631652907079,327.7993237138788
our_vol1,Our vol1 STNPP-GAT,20,2020-10-07,0.01,0.010012823440546666,570,22.0,0.1456953642384106,0.8543046357615894,0.010012823440546666,1.7153996101364524,14.550877192982455,0.1456953642384106,14.550877192982455,0.1456953642384106,151.0,0.01876675603217158,0.03684210526315789,698.6572256197953
our_vol1,Our vol1 STNPP-GAT,20,2020-10-07,0.02,0.02000808052418009,1139,30.0,0.1986754966887417,0.8013245033112583,0.02000808052418009,1.170617500731636,9.929762949956102,0.1986754966887417,9.929762949956102,0.1986754966887417,151.0,0.013796172674677348,0.027216856892010536,698.6572256197953
our_vol1,Our vol1 STNPP-GAT,20,2020-10-07,0.03,0.030003337607813516,1708,40.0,0.26490066225165565,0.7350993377483444,0.030003337607813516,1.0408534998698933,8.829039812646371,0.26490066225165565,8.829039812646371,0.26490066225165565,151.0,0.017272185824895772,0.03395784543325527,698.6572256197953
our_vol1,Our vol1 STNPP-GAT,20,2020-10-07,0.04,0.04001616104836018,2278,50.0,0.33112582781456956,0.6688741721854304,0.04001616104836018,0.9755145839430299,8.274802458296753,0.33112582781456956,8.274802458296753,0.33112582781456956,151.0,0.017418490397498883,0.03424056189640035,698.6572256197953
our_vol1,Our vol1 STNPP-GAT,20,2020-10-07,0.05,0.050011418131993605,2847,58.0,0.3841059602649007,0.6158940397350994,0.050011418131993605,0.905436521874878,7.680365296803654,0.3841059602649007,7.680365296803654,0.3841059602649007,151.0,0.019881783987103708,0.03898840885142255,698.6572256197953
our_vol1,Our vol1 STNPP-GAT,20,2020-10-07,0.06,0.06000667521562703,3416,68.0,0.4503311258278146,0.5496688741721854,0.06000667521562703,0.8847254748894093,7.504683840749415,0.4503311258278146,7.504683840749415,0.4503311258278146,151.0,0.027059530968129887,0.05269320843091335,698.6572256197953
our_vol1,Our vol1 STNPP-GAT,20,2020-10-07,0.07,0.07000193229926045,3985,72.0,0.4768211920529801,0.5231788079470199,0.07000193229926045,0.8030112923462986,6.811543287327479,0.4768211920529801,6.811543287327479,0.4768211920529801,151.0,0.02574002574002574,0.050188205771643665,698.6572256197953
our_vol1,Our vol1 STNPP-GAT,20,2020-10-07,0.08,0.08001475573980713,4555,77.0,0.5099337748344371,0.49006622516556286,0.08001475573980713,0.7513111355043298,6.372996706915478,0.5099337748344371,6.372996706915478,0.5099337748344371,151.0,0.033700215590604786,0.06520307354555434,698.6572256197953
our_vol1,Our vol1 STNPP-GAT,20,2020-10-07,0.09,0.09001001282344055,5124,80.0,0.5298013245033113,0.4701986754966887,0.09001001282344055,0.6939023332465954,5.886026541764247,0.5298013245033113,5.886026541764247,0.5298013245033113,151.0,0.04167513722301281,0.08001561280249805,698.6572256197953
our_vol1,Our vol1 STNPP-GAT,20,2020-10-07,0.1,0.10000526990707397,5693,85.0,0.5629139072847682,0.4370860927152318,0.10000526990707397,0.6635829576282765,5.628842438081855,0.5629139072847682,5.628842438081855,0.5629139072847682,151.0,0.04708478940592238,0.08993500790444406,698.6572256197953
our_vol1,Our vol1 STNPP-GAT,21,2020-10-21,0.01,0.010012823440546666,570,25.0,0.14367816091954022,0.8563218390804598,0.010012823440546666,1.9493177387914231,14.34941520467836,0.14367816091954022,14.34941520467836,0.14367816091954022,174.0,0.01967799642218247,0.03859649122807018,1831.6268539277085
our_vol1,Our vol1 STNPP-GAT,21,2020-10-21,0.02,0.02000808052418009,1139,39.0,0.22413793103448276,0.7758620689655172,0.02000808052418009,1.5218027509511267,11.202370500438983,0.22413793103448276,11.202370500438983,0.22413793103448276,174.0,0.01651048639000446,0.0324846356453029,1831.6268539277085
our_vol1,Our vol1 STNPP-GAT,21,2020-10-21,0.03,0.030003337607813516,1708,50.0,0.28735632183908044,0.7126436781609196,0.030003337607813516,1.3010668748373666,9.577478532396565,0.28735632183908044,9.577478532396565,0.28735632183908044,174.0,0.01909307875894988,0.03747072599531616,1831.6268539277085
our_vol1,Our vol1 STNPP-GAT,21,2020-10-21,0.04,0.04001616104836018,2278,57.0,0.3275862068965517,0.6724137931034483,0.04001616104836018,1.1120866256950541,8.186347673397718,0.3275862068965517,8.186347673397718,0.3275862068965517,174.0,0.018100558659217877,0.03555750658472344,1831.6268539277085
our_vol1,Our vol1 STNPP-GAT,21,2020-10-21,0.05,0.050011418131993605,2847,65.0,0.3735632183908046,0.6264367816091954,0.050011418131993605,1.0147133434804667,7.469558599695586,0.3735632183908046,7.469558599695586,0.3735632183908046,174.0,0.02043010752688172,0.040042149631190724,1831.6268539277085
our_vol1,Our vol1 STNPP-GAT,21,2020-10-21,0.06,0.06000667521562703,3416,74.0,0.42528735632183906,0.5747126436781609,0.06000667521562703,0.9627894873796513,7.087334113973458,0.42528735632183906,7.087334113973458,0.42528735632183906,174.0,0.027986758952753536,0.05444964871194379,1831.6268539277085
our_vol1,Our vol1 STNPP-GAT,21,2020-10-21,0.07,0.07000193229926045,3985,84.0,0.4827586206896552,0.5172413793103448,0.07000193229926045,0.9368465077373485,6.896361355081557,0.4827586206896552,6.896361355081557,0.4827586206896552,174.0,0.026797217212058747,0.05219573400250941,1831.6268539277085
our_vol1,Our vol1 STNPP-GAT,21,2020-10-21,0.08,0.08001475573980713,4555,91.0,0.5229885057471264,0.4770114942528736,0.08001475573980713,0.8879131601414807,6.5361507500914735,0.5229885057471264,6.5361507500914735,0.5229885057471264,174.0,0.034287011807447774,0.06630076838638858,1831.6268539277085
our_vol1,Our vol1 STNPP-GAT,21,2020-10-21,0.09,0.09001001282344055,5124,96.0,0.5517241379310345,0.4482758620689655,0.09001001282344055,0.8326827998959146,6.129586260733801,0.5517241379310345,6.129586260733801,0.5517241379310345,174.0,0.04199288256227758,0.08060109289617487,1831.6268539277085
our_vol1,Our vol1 STNPP-GAT,21,2020-10-21,0.1,0.10000526990707397,5693,100.0,0.5747126436781609,0.4252873563218391,0.10000526990707397,0.7806858325038546,5.746823584519,0.5747126436781609,5.746823584519,0.5747126436781609,174.0,0.04804860088365243,0.09169155102757773,1831.6268539277085
our_vol1,Our vol1 STNPP-GAT,22,2020-11-04,0.01,0.010012823440546666,570,16.0,0.09696969696969697,0.9030303030303031,0.010012823440546666,1.2475633528265109,9.68455077086656,0.09696969696969697,9.68455077086656,0.09696969696969697,165.0,0.013333333333333334,0.02631578947368421,680.6632780303754
our_vol1,Our vol1 STNPP-GAT,22,2020-11-04,0.02,0.02000808052418009,1139,29.0,0.17575757575757575,0.8242424242424242,0.02000808052418009,1.1315969173739147,8.784329688456115,0.17575757575757575,8.784329688456115,0.17575757575757575,165.0,0.012894619831036016,0.025460930640913083,680.6632780303754
our_vol1,Our vol1 STNPP-GAT,22,2020-11-04,0.03,0.030003337607813516,1708,40.0,0.24242424242424243,0.7575757575757576,0.030003337607813516,1.0408534998698933,8.079909161876374,0.24242424242424243,8.079909161876374,0.24242424242424243,165.0,0.017272185824895772,0.03395784543325527,680.6632780303754
our_vol1,Our vol1 STNPP-GAT,22,2020-11-04,0.04,0.04001616104836018,2278,55.0,0.3333333333333333,0.6666666666666667,0.04001616104836018,1.0730660423373328,8.32996780801873,0.3333333333333333,8.32996780801873,0.3333333333333333,165.0,0.017418490397498883,0.03424056189640035,680.6632780303754
our_vol1,Our vol1 STNPP-GAT,22,2020-11-04,0.05,0.050011418131993605,2847,60.0,0.36363636363636365,0.6363636363636364,0.050011418131993605,0.9366584709050462,7.271066832710669,0.36363636363636365,7.271066832710669,0.36363636363636365,165.0,0.02043010752688172,0.040042149631190724,680.6632780303754
our_vol1,Our vol1 STNPP-GAT,22,2020-11-04,0.06,0.06000667521562703,3416,64.0,0.3878787878787879,0.6121212121212121,0.06000667521562703,0.8326827998959146,6.4639273295011,0.3878787878787879,6.4639273295011,0.3878787878787879,165.0,0.026442307692307692,0.05152224824355972,680.6632780303754
our_vol1,Our vol1 STNPP-GAT,22,2020-11-04,0.07,0.07000193229926045,3985,67.0,0.40606060606060607,0.593939393939394,0.07000193229926045,0.7472466192666946,5.800705676590244,0.40606060606060607,5.800705676590244,0.40606060606060607,165.0,0.0252122459480319,0.04918444165621079,680.6632780303754
our_vol1,Our vol1 STNPP-GAT,22,2020-11-04,0.08,0.08001475573980713,4555,74.0,0.4484848484848485,0.5515151515151515,0.08001475573980713,0.7220392730820832,5.60502677710142,0.4484848484848485,5.60502677710142,0.4484848484848485,165.0,0.033465683494044246,0.06476399560922064,680.6632780303754
our_vol1,Our vol1 STNPP-GAT,22,2020-11-04,0.09,0.09001001282344055,5124,79.0,0.47878787878787876,0.5212121212121212,0.09001001282344055,0.685228554081013,5.319273531568613,0.47878787878787876,5.319273531568613,0.47878787878787876,165.0,0.0417810308020738,0.08021077283372366,680.6632780303754
our_vol1,Our vol1 STNPP-GAT,22,2020-11-04,0.1,0.10000526990707397,5693,87.0,0.5272727272727272,0.4727272727272728,0.10000526990707397,0.6791966742783535,5.27244941954234,0.5272727272727272,5.27244941954234,0.5272727272727272,165.0,0.04766286345233714,0.09098893377832426,680.6632780303754
our_vol1,Our vol1 STNPP-GAT,23,2020-11-18,0.01,0.010012823440546666,570,24.0,0.12631578947368421,0.8736842105263158,0.010012823440546666,1.8713450292397662,12.61540166204986,0.12631578947368421,12.61540166204986,0.12631578947368421,190.0,0.01694915254237288,0.03333333333333333,1068.6686124697285
our_vol1,Our vol1 STNPP-GAT,23,2020-11-18,0.02,0.02000808052418009,1139,34.0,0.17894736842105263,0.8210526315789474,0.02000808052418009,1.3266998341625207,8.943754909662216,0.17894736842105263,8.943754909662216,0.17894736842105263,190.0,0.012894619831036016,0.025460930640913083,1068.6686124697285
our_vol1,Our vol1 STNPP-GAT,23,2020-11-18,0.03,0.030003337607813516,1708,44.0,0.23157894736842105,0.7684210526315789,0.030003337607813516,1.1449388498568827,7.718439541476642,0.23157894736842105,7.718439541476642,0.23157894736842105,190.0,0.01757521596663688,0.03454332552693208,1068.6686124697285
our_vol1,Our vol1 STNPP-GAT,23,2020-11-18,0.04,0.04001616104836018,2278,54.0,0.28421052631578947,0.7157894736842105,0.04001616104836018,1.0535557506584723,7.102393604731759,0.28421052631578947,7.102393604731759,0.28421052631578947,190.0,0.017645744918472192,0.03467954345917471,1068.6686124697285
our_vol1,Our vol1 STNPP-GAT,23,2020-11-18,0.05,0.050011418131993605,2847,59.0,0.3105263157894737,0.6894736842105262,0.050011418131993605,0.9210474963899621,6.209108387406874,0.3105263157894737,6.209108387406874,0.3105263157894737,190.0,0.019516562220232767,0.03828591499824376,1068.6686124697285
our_vol1,Our vol1 STNPP-GAT,23,2020-11-18,0.06,0.06000667521562703,3416,72.0,0.37894736842105264,0.6210526315789473,0.06000667521562703,0.936768149882904,6.315086897571798,0.37894736842105264,6.315086897571798,0.37894736842105264,190.0,0.02736842105263158,0.05327868852459016,1068.6686124697285
our_vol1,Our vol1 STNPP-GAT,23,2020-11-18,0.07,0.07000193229926045,3985,83.0,0.4368421052631579,0.5631578947368421,0.07000193229926045,0.9256935731214276,6.240429241233574,0.4368421052631579,6.240429241233574,0.4368421052631579,190.0,0.026797217212058747,0.05219573400250941,1068.6686124697285
our_vol1,Our vol1 STNPP-GAT,23,2020-11-18,0.08,0.08001475573980713,4555,91.0,0.4789473684210526,0.5210526315789474,0.08001475573980713,0.8879131601414807,5.985738055346929,0.4789473684210526,5.985738055346929,0.4789473684210526,190.0,0.03381752156150704,0.06542261251372118,1068.6686124697285
our_vol1,Our vol1 STNPP-GAT,23,2020-11-18,0.09,0.09001001282344055,5124,97.0,0.5105263157894737,0.4894736842105263,0.09001001282344055,0.8413565790614971,5.6718836024487445,0.5105263157894737,5.6718836024487445,0.5105263157894737,190.0,0.04199288256227758,0.08060109289617487,1068.6686124697285
our_vol1,Our vol1 STNPP-GAT,23,2020-11-18,0.1,0.10000526990707397,5693,105.0,0.5526315789473685,0.4473684210526315,0.10000526990707397,0.8197201241290474,5.526024573113797,0.5526315789473685,5.526024573113797,0.5526315789473685,190.0,0.047952139898757476,0.09151589671526436,1068.6686124697285
our_vol1,Our vol1 STNPP-GAT,24,2020-12-02,0.01,0.010012823440546666,570,37.0,0.193717277486911,0.806282722513089,0.010012823440546666,2.8849902534113063,19.34691834297786,0.193717277486911,19.34691834297786,0.193717277486911,191.0,0.03074141048824593,0.05964912280701754,123.18534929069958
our_vol1,Our vol1 STNPP-GAT,24,2020-12-02,0.02,0.02000808052418009,1139,52.0,0.27225130890052357,0.7277486910994764,0.02000808052418009,2.029070334601502,13.607067832993947,0.27225130890052357,13.607067832993947,0.27225130890052357,191.0,0.021982951996410947,0.04302019315188762,123.18534929069958
our_vol1,Our vol1 STNPP-GAT,24,2020-12-02,0.03,0.030003337607813516,1708,63.0,0.3298429319371728,0.6701570680628273,0.030003337607813516,1.639344262295082,10.993541326924728,0.3298429319371728,10.993541326924728,0.3298429319371728,191.0,0.023980815347721823,0.0468384074941452,123.18534929069958
our_vol1,Our vol1 STNPP-GAT,24,2020-12-02,0.04,0.04001616104836018,2278,76.0,0.39790575916230364,0.6020942408376964,0.04001616104836018,1.4827821675934054,9.94362649334173,0.39790575916230364,9.94362649334173,0.39790575916230364,191.0,0.02244165170556553,0.043898156277436345,123.18534929069958
our_vol1,Our vol1 STNPP-GAT,24,2020-12-02,0.05,0.050011418131993605,2847,82.0,0.4293193717277487,0.5706806282722513,0.050011418131993605,1.2800999102368964,8.584427072126994,0.4293193717277487,8.584427072126994,0.4293193717277487,191.0,0.024838012958963283,0.04847207586933614,123.18534929069958
our_vol1,Our vol1 STNPP-GAT,24,2020-12-02,0.06,0.06000667521562703,3416,87.0,0.45549738219895286,0.5445026178010471,0.06000667521562703,1.131928181108509,7.59077853525755,0.45549738219895286,7.59077853525755,0.45549738219895286,191.0,0.031556696361165634,0.061182669789227165,123.18534929069958
our_vol1,Our vol1 STNPP-GAT,24,2020-12-02,0.07,0.07000193229926045,3985,97.0,0.5078534031413613,0.4921465968586387,0.07000193229926045,1.081834657744319,7.2548483514751005,0.5078534031413613,7.2548483514751005,0.5078534031413613,191.0,0.030248190279214063,0.05872020075282309,123.18534929069958
our_vol1,Our vol1 STNPP-GAT,24,2020-12-02,0.08,0.08001475573980713,4555,104.0,0.5445026178010471,0.45549738219895286,0.08001475573980713,1.0147578973045495,6.805027557312889,0.5445026178010471,6.805027557312889,0.5445026178010471,191.0,0.03640500568828214,0.07025246981339188,123.18534929069958
our_vol1,Our vol1 STNPP-GAT,24,2020-12-02,0.09,0.09001001282344055,5124,109.0,0.5706806282722513,0.4293193717277487,0.09001001282344055,0.9454419290484863,6.340190500713202,0.5706806282722513,6.340190500713202,0.5706806282722513,191.0,0.04443538524256013,0.08508977361436378,123.18534929069958
our_vol1,Our vol1 STNPP-GAT,24,2020-12-02,0.1,0.10000526990707397,5693,114.0,0.5968586387434555,0.40314136125654454,0.10000526990707397,0.8899818490543943,5.968271865053345,0.5968586387434555,5.968271865053345,0.5968586387434555,191.0,0.04930421159340153,0.0939750570876515,123.18534929069958
our_vol1,Our vol1 STNPP-GAT,25,2020-12-16,0.01,0.010012823440546666,570,22.0,0.13253012048192772,0.8674698795180723,0.010012823440546666,1.7153996101364524,13.236038892411752,0.13253012048192772,13.236038892411752,0.13253012048192772,166.0,0.01876675603217158,0.03684210526315789,1193.3073523738328
our_vol1,Our vol1 STNPP-GAT,25,2020-12-16,0.02,0.02000808052418009,1139,37.0,0.22289156626506024,0.7771084337349398,0.02000808052418009,1.4437615842356843,11.140077430000952,0.22289156626506024,11.140077430000952,0.22289156626506024,166.0,0.016964285714285713,0.033362598770851626,1193.3073523738328
our_vol1,Our vol1 STNPP-GAT,25,2020-12-16,0.03,0.030003337607813516,1708,45.0,0.2710843373493976,0.7289156626506024,0.030003337607813516,1.17096018735363,9.035139386586156,0.2710843373493976,9.035139386586156,0.2710843373493976,166.0,0.01939719486720382,0.038056206088992975,1193.3073523738328
our_vol1,Our vol1 STNPP-GAT,25,2020-12-16,0.04,0.04001616104836018,2278,52.0,0.3132530120481928,0.6867469879518072,0.04001616104836018,1.014535167300751,7.828162518379048,0.3132530120481928,7.828162518379048,0.3132530120481928,166.0,0.018555779119159403,0.036435469710272166,1193.3073523738328
our_vol1,Our vol1 STNPP-GAT,25,2020-12-16,0.05,0.050011418131993605,2847,61.0,0.3674698795180723,0.6325301204819277,0.050011418131993605,0.9522694454201303,7.347719645706112,0.3674698795180723,7.347719645706112,0.3674698795180723,166.0,0.02244568145088885,0.04390586582367404,1193.3073523738328
our_vol1,Our vol1 STNPP-GAT,25,2020-12-16,0.06,0.06000667521562703,3416,66.0,0.39759036144578314,0.6024096385542168,0.06000667521562703,0.8587041373926619,6.625768883496515,0.39759036144578314,6.625768883496515,0.39759036144578314,166.0,0.029380744312189244,0.05708430913348946,1193.3073523738328
our_vol1,Our vol1 STNPP-GAT,25,2020-12-16,0.07,0.07000193229926045,3985,70.0,0.42168674698795183,0.5783132530120482,0.07000193229926045,0.780705423114457,6.023930099318227,0.42168674698795183,6.023930099318227,0.42168674698795183,166.0,0.027989165484328647,0.054454203262233374,1193.3073523738328
our_vol1,Our vol1 STNPP-GAT,25,2020-12-16,0.08,0.08001475573980713,4555,78.0,0.46987951807228917,0.5301204819277108,0.08001475573980713,0.761068422978412,5.872410828825731,0.46987951807228917,5.872410828825731,0.46987951807228917,166.0,0.034521916874858054,0.06673984632272228,1193.3073523738328
our_vol1,Our vol1 STNPP-GAT,25,2020-12-16,0.09,0.09001001282344055,5124,85.0,0.5120481927710844,0.4879518072289156,0.09001001282344055,0.7372712290745077,5.688791465628321,0.5120481927710844,5.688791465628321,0.5120481927710844,166.0,0.04284115192836064,0.0821623731459797,1193.3073523738328
our_vol1,Our vol1 STNPP-GAT,25,2020-12-16,0.1,0.10000526990707397,5693,89.0,0.536144578313253,0.463855421686747,0.10000526990707397,0.6948103909284307,5.3611632548109185,0.536144578313253,5.3611632548109185,0.536144578313253,166.0,0.047952139898757476,0.09151589671526436,1193.3073523738328
our_vol1,Our vol1 STNPP-GAT,26,2020-12-30,0.01,0.010012823440546666,570,27.0,0.16265060240963855,0.8373493975903614,0.010012823440546666,2.105263157894737,16.24422954977806,0.16265060240963855,16.24422954977806,0.16265060240963855,166.0,0.020590868397493287,0.04035087719298246,188.8492786246182
our_vol1,Our vol1 STNPP-GAT,26,2020-12-30,0.02,0.02000808052418009,1139,40.0,0.24096385542168675,0.7590361445783133,0.02000808052418009,1.5608233343088478,12.04332695135238,0.24096385542168675,12.04332695135238,0.24096385542168675,166.0,0.01651048639000446,0.0324846356453029,188.8492786246182
our_vol1,Our vol1 STNPP-GAT,26,2020-12-30,0.03,0.030003337607813516,1708,47.0,0.28313253012048195,0.7168674698795181,0.030003337607813516,1.2230028623471247,9.436701137101098,0.28313253012048195,9.436701137101098,0.28313253012048195,166.0,0.018789144050104383,0.036885245901639344,188.8492786246182
our_vol1,Our vol1 STNPP-GAT,26,2020-12-30,0.04,0.04001616104836018,2278,55.0,0.3313253012048193,0.6686746987951807,0.04001616104836018,1.0730660423373328,8.279787279054762,0.3313253012048193,8.279787279054762,0.3313253012048193,166.0,0.018100558659217877,0.03555750658472344,188.8492786246182
our_vol1,Our vol1 STNPP-GAT,26,2020-12-30,0.05,0.050011418131993605,2847,61.0,0.3674698795180723,0.6325301204819277,0.050011418131993605,0.9522694454201303,7.347719645706112,0.3674698795180723,7.347719645706112,0.3674698795180723,166.0,0.021162123385939743,0.0414471373375483,188.8492786246182
our_vol1,Our vol1 STNPP-GAT,26,2020-12-30,0.06,0.06000667521562703,3416,76.0,0.4578313253012048,0.5421686746987953,0.06000667521562703,0.9888108248763987,7.629673259783866,0.4578313253012048,7.629673259783866,0.4578313253012048,166.0,0.03046757164404223,0.05913348946135832,188.8492786246182
our_vol1,Our vol1 STNPP-GAT,26,2020-12-30,0.07,0.07000193229926045,3985,82.0,0.4939759036144578,0.5060240963855422,0.07000193229926045,0.9145406385055068,7.056603830629922,0.4939759036144578,7.056603830629922,0.4939759036144578,166.0,0.029449754585378456,0.057214554579673775,188.8492786246182
our_vol1,Our vol1 STNPP-GAT,26,2020-12-30,0.08,0.08001475573980713,4555,86.0,0.5180722891566265,0.4819277108433735,0.08001475573980713,0.8391267227710697,6.47470937537196,0.5180722891566265,6.47470937537196,0.5180722891566265,166.0,0.036169244767970885,0.06981339187705818,188.8492786246182
our_vol1,Our vol1 STNPP-GAT,26,2020-12-30,0.09,0.09001001282344055,5124,94.0,0.5662650602409639,0.4337349397590361,0.09001001282344055,0.8153352415647497,6.291134091400732,0.5662650602409639,6.291134091400732,0.5662650602409639,166.0,0.0436908035441491,0.08372365339578454,188.8492786246182
our_vol1,Our vol1 STNPP-GAT,26,2020-12-30,0.1,0.10000526990707397,5693,101.0,0.608433734939759,0.39156626506024095,0.10000526990707397,0.7884926908288932,6.0840167273696935,0.608433734939759,6.0840167273696935,0.608433734939759,166.0,0.049981556621173,0.09520463727384507,188.8492786246182
our_vol1,Our vol1 STNPP-GAT,27,2021-01-13,0.01,0.010012823440546666,570,17.0,0.1,0.9,0.010012823440546666,1.3255360623781678,9.98719298245614,0.1,9.98719298245614,0.1,170.0,0.015138023152270703,0.02982456140350877,2361.3649393075157
our_vol1,Our vol1 STNPP-GAT,27,2021-01-13,0.02,0.02000808052418009,1139,31.0,0.18235294117647058,0.8176470588235294,0.02000808052418009,1.209638084089357,9.1139647781852,0.18235294117647058,9.1139647781852,0.18235294117647058,170.0,0.014699331848552339,0.02897278314310799,2361.3649393075157
our_vol1,Our vol1 STNPP-GAT,27,2021-01-13,0.03,0.030003337607813516,1708,42.0,0.24705882352941178,0.7529411764705882,0.030003337607813516,1.092896174863388,8.234378013500482,0.24705882352941178,8.234378013500482,0.24705882352941178,170.0,0.01757521596663688,0.03454332552693208,2361.3649393075157
our_vol1,Our vol1 STNPP-GAT,27,2021-01-13,0.04,0.04001616104836018,2278,50.0,0.29411764705882354,0.7058823529411764,0.04001616104836018,0.9755145839430299,7.349971595310644,0.29411764705882354,7.349971595310644,0.29411764705882354,170.0,0.018100558659217877,0.03555750658472344,2361.3649393075157
our_vol1,Our vol1 STNPP-GAT,27,2021-01-13,0.05,0.050011418131993605,2847,62.0,0.36470588235294116,0.6352941176470588,0.050011418131993605,0.9678804199352143,7.2924523233951115,0.36470588235294116,7.2924523233951115,0.36470588235294116,170.0,0.02207862143241788,0.04320337197049526,2361.3649393075157
our_vol1,Our vol1 STNPP-GAT,27,2021-01-13,0.06,0.06000667521562703,3416,70.0,0.4117647058823529,0.5882352941176471,0.06000667521562703,0.9107468123861566,6.861981677917068,0.4117647058823529,6.861981677917068,0.4117647058823529,170.0,0.03000150761344791,0.058255269320843094,2361.3649393075157
our_vol1,Our vol1 STNPP-GAT,27,2021-01-13,0.07,0.07000193229926045,3985,74.0,0.43529411764705883,0.5647058823529412,0.07000193229926045,0.8253171615781403,6.218315742859252,0.43529411764705883,6.218315742859252,0.43529411764705883,170.0,0.028918151303898788,0.056210790464240906,2361.3649393075157
our_vol1,Our vol1 STNPP-GAT,27,2021-01-13,0.08,0.08001475573980713,4555,79.0,0.4647058823529412,0.5352941176470588,0.08001475573980713,0.7708257104524943,5.80775230838768,0.4647058823529412,5.80775230838768,0.4647058823529412,170.0,0.035698044565711684,0.06893523600439078,2361.3649393075157
our_vol1,Our vol1 STNPP-GAT,27,2021-01-13,0.09,0.09001001282344055,5124,84.0,0.49411764705882355,0.5058823529411764,0.09001001282344055,0.7285974499089253,5.489585342333655,0.49411764705882355,5.489585342333655,0.49411764705882355,170.0,0.04305343511450382,0.08255269320843091,2361.3649393075157
our_vol1,Our vol1 STNPP-GAT,27,2021-01-13,0.1,0.10000526990707397,5693,91.0,0.5352941176470588,0.4647058823529412,0.10000526990707397,0.7104241075785077,5.3526590963102265,0.5352941176470588,5.3526590963102265,0.5352941176470588,170.0,0.048820928518791454,0.09309678552608466,2361.3649393075157
our_vol1,Our vol1 STNPP-GAT,28,2021-01-27,0.01,0.010012823440546666,570,28.0,0.19310344827586207,0.806896551724138,0.010012823440546666,2.183235867446394,19.28561403508772,0.19310344827586207,19.28561403508772,0.19310344827586207,145.0,0.021505376344086023,0.042105263157894736,815.6281303643194
our_vol1,Our vol1 STNPP-GAT,28,2021-01-27,0.02,0.02000808052418009,1139,43.0,0.296551724137931,0.703448275862069,0.02000808052418009,1.6778850843820114,14.821597892888498,0.296551724137931,14.821597892888498,0.296551724137931,145.0,0.018783542039355994,0.03687445127304653,815.6281303643194
our_vol1,Our vol1 STNPP-GAT,28,2021-01-27,0.03,0.030003337607813516,1708,54.0,0.3724137931034483,0.6275862068965516,0.030003337607813516,1.405152224824356,12.41241217798595,0.3724137931034483,12.41241217798595,0.3724137931034483,145.0,0.020615476546160742,0.04039812646370024,815.6281303643194
our_vol1,Our vol1 STNPP-GAT,28,2021-01-27,0.04,0.04001616104836018,2278,60.0,0.41379310344827586,0.5862068965517242,0.04001616104836018,1.170617500731636,10.340649692712907,0.41379310344827586,10.340649692712907,0.41379310344827586,145.0,0.019467442380845825,0.038191395961369626,815.6281303643194
our_vol1,Our vol1 STNPP-GAT,28,2021-01-27,0.05,0.050011418131993605,2847,66.0,0.45517241379310347,0.5448275862068965,0.050011418131993605,1.0303243179955508,9.1013698630137,0.45517241379310347,9.1013698630137,0.45517241379310347,145.0,0.022262118491921005,0.04355461889708465,815.6281303643194
our_vol1,Our vol1 STNPP-GAT,28,2021-01-27,0.06,0.06000667521562703,3416,71.0,0.4896551724137931,0.5103448275862069,0.06000667521562703,0.9237574811345303,8.160011709601873,0.4896551724137931,8.160011709601873,0.4896551724137931,145.0,0.031556696361165634,0.061182669789227165,815.6281303643194
our_vol1,Our vol1 STNPP-GAT,28,2021-01-27,0.07,0.07000193229926045,3985,75.0,0.5172413793103449,0.48275862068965514,0.07000193229926045,0.8364700961940611,7.388958594730239,0.5172413793103449,7.388958594730239,0.5172413793103449,145.0,0.029848817676702416,0.05796737766624843,815.6281303643194
our_vol1,Our vol1 STNPP-GAT,28,2021-01-27,0.08,0.08001475573980713,4555,79.0,0.5448275862068965,0.45517241379310347,0.08001475573980713,0.7708257104524943,6.809088913282107,0.5448275862068965,6.809088913282107,0.5448275862068965,145.0,0.036169244767970885,0.06981339187705818,815.6281303643194
our_vol1,Our vol1 STNPP-GAT,28,2021-01-27,0.09,0.09001001282344055,5124,87.0,0.6,0.4,0.09001001282344055,0.7546187874056726,6.665925058548009,0.6,6.665925058548009,0.6,145.0,0.043584521384928715,0.08352849336455893,815.6281303643194
our_vol1,Our vol1 STNPP-GAT,28,2021-01-27,0.1,0.10000526990707397,5693,90.0,0.6206896551724138,0.3793103448275862,0.10000526990707397,0.7026172492534691,6.20656947128052,0.6206896551724138,6.20656947128052,0.6206896551724138,145.0,0.04891754951635191,0.09327243983839803,815.6281303643194
our_vol1,Our vol1 STNPP-GAT,29,2021-02-10,0.01,0.010012823440546666,570,28.0,0.15053763440860216,0.8494623655913979,0.010012823440546666,2.183235867446394,15.034484059611394,0.15053763440860216,15.034484059611394,0.15053763440860216,186.0,0.025179856115107913,0.04912280701754386,1881.527376668426
our_vol1,Our vol1 STNPP-GAT,29,2021-02-10,0.02,0.02000808052418009,1139,43.0,0.23118279569892472,0.7688172043010753,0.02000808052418009,1.6778850843820114,11.554471475638884,0.23118279569892472,11.554471475638884,0.23118279569892472,186.0,0.01923937360178971,0.03775241439859526,1881.527376668426
our_vol1,Our vol1 STNPP-GAT,29,2021-02-10,0.03,0.030003337607813516,1708,57.0,0.3064516129032258,0.6935483870967742,0.030003337607813516,1.483216237314598,10.213917428420336,0.3064516129032258,10.213917428420336,0.3064516129032258,186.0,0.022754491017964073,0.04449648711943794,1881.527376668426
our_vol1,Our vol1 STNPP-GAT,29,2021-02-10,0.04,0.04001616104836018,2278,62.0,0.3333333333333333,0.6666666666666667,0.04001616104836018,1.209638084089357,8.32996780801873,0.3333333333333333,8.32996780801873,0.3333333333333333,186.0,0.02038073908174692,0.03994732221246708,1881.527376668426
our_vol1,Our vol1 STNPP-GAT,29,2021-02-10,0.05,0.050011418131993605,2847,74.0,0.3978494623655914,0.6021505376344086,0.050011418131993605,1.1552121141162237,7.955172583100112,0.3978494623655914,7.955172583100112,0.3978494623655914,186.0,0.02410071942446043,0.047067088162978575,1881.527376668426
our_vol1,Our vol1 STNPP-GAT,29,2021-02-10,0.06,0.06000667521562703,3416,84.0,0.45161290322580644,0.5483870967741935,0.06000667521562703,1.092896174863388,7.5260444209413,0.45161290322580644,7.5260444209413,0.45161290322580644,186.0,0.03311658853772872,0.06411007025761124,1881.527376668426
our_vol1,Our vol1 STNPP-GAT,29,2021-02-10,0.07,0.07000193229926045,3985,93.0,0.5,0.5,0.07000193229926045,1.0372229192806357,7.142659974905897,0.5,7.142659974905897,0.5,186.0,0.031982390262851226,0.06198243412797993,1881.527376668426
our_vol1,Our vol1 STNPP-GAT,29,2021-02-10,0.08,0.08001475573980713,4555,98.0,0.5268817204301075,0.4731182795698925,0.08001475573980713,0.9562141724600561,6.584806959149227,0.5268817204301075,6.584806959149227,0.5268817204301075,186.0,0.03758542141230068,0.07244785949506037,1881.527376668426
our_vol1,Our vol1 STNPP-GAT,29,2021-02-10,0.09,0.09001001282344055,5124,104.0,0.5591397849462365,0.4408602150537635,0.09001001282344055,0.9020730332205742,6.2119731728404375,0.5591397849462365,6.2119731728404375,0.5591397849462365,186.0,0.044009779951100246,0.08430913348946135,1881.527376668426
our_vol1,Our vol1 STNPP-GAT,29,2021-02-10,0.1,0.10000526990707397,5693,110.0,0.5913978494623656,0.4086021505376344,0.10000526990707397,0.85875441575424,5.913666849876003,0.5913978494623656,5.913666849876003,0.5913978494623656,186.0,0.049014188317670904,0.0934480941507114,1881.527376668426
our_vol1,Our vol1 STNPP-GAT,30,2021-02-24,0.01,0.010012823440546666,570,20.0,0.11428571428571428,0.8857142857142857,0.010012823440546666,1.5594541910331385,11.41393483709273,0.11428571428571428,11.41393483709273,0.11428571428571428,175.0,0.017857142857142856,0.03508771929824561,428.80057744003125
our_vol1,Our vol1 STNPP-GAT,30,2021-02-24,0.02,0.02000808052418009,1139,38.0,0.21714285714285714,0.7828571428571429,0.02000808052418009,1.4827821675934054,10.85275805844726,0.21714285714285714,10.85275805844726,0.21714285714285714,175.0,0.016964285714285713,0.033362598770851626,428.80057744003125
our_vol1,Our vol1 STNPP-GAT,30,2021-02-24,0.03,0.030003337607813516,1708,46.0,0.26285714285714284,0.7371428571428571,0.030003337607813516,1.1969815248503772,8.760930076948812,0.26285714285714284,8.760930076948812,0.26285714285714284,175.0,0.02031063321385902,0.03981264637002342,428.80057744003125
our_vol1,Our vol1 STNPP-GAT,30,2021-02-24,0.04,0.04001616104836018,2278,59.0,0.33714285714285713,0.6628571428571428,0.04001616104836018,1.1511072090527752,8.425167440110373,0.33714285714285713,8.425167440110373,0.33714285714285713,175.0,0.02038073908174692,0.03994732221246708,428.80057744003125
our_vol1,Our vol1 STNPP-GAT,30,2021-02-24,0.05,0.050011418131993605,2847,64.0,0.3657142857142857,0.6342857142857143,0.050011418131993605,0.9991023689653826,7.3126157860404435,0.3657142857142857,7.3126157860404435,0.3657142857142857,175.0,0.02336448598130841,0.045662100456621,428.80057744003125
our_vol1,Our vol1 STNPP-GAT,30,2021-02-24,0.06,0.06000667521562703,3416,72.0,0.4114285714285714,0.5885714285714285,0.06000667521562703,0.936768149882904,6.856380060220809,0.4114285714285714,6.856380060220809,0.4114285714285714,175.0,0.03186829784020541,0.06176814988290398,428.80057744003125
our_vol1,Our vol1 STNPP-GAT,30,2021-02-24,0.07,0.07000193229926045,3985,72.0,0.4114285714285714,0.5885714285714285,0.07000193229926045,0.8030112923462986,5.877388779351138,0.4114285714285714,5.877388779351138,0.4114285714285714,175.0,0.03011503166602042,0.05846925972396487,428.80057744003125
our_vol1,Our vol1 STNPP-GAT,30,2021-02-24,0.08,0.08001475573980713,4555,79.0,0.4514285714285714,0.5485714285714286,0.08001475573980713,0.7708257104524943,5.6418165281480315,0.4514285714285714,5.6418165281480315,0.4514285714285714,175.0,0.03664087391898043,0.07069154774972558,428.80057744003125
our_vol1,Our vol1 STNPP-GAT,30,2021-02-24,0.09,0.09001001282344055,5124,87.0,0.49714285714285716,0.5028571428571429,0.09001001282344055,0.7546187874056726,5.523195048511208,0.49714285714285716,5.523195048511208,0.49714285714285716,175.0,0.0436908035441491,0.08372365339578454,428.80057744003125
our_vol1,Our vol1 STNPP-GAT,30,2021-02-24,0.1,0.10000526990707397,5693,93.0,0.5314285714285715,0.4685714285714285,0.10000526990707397,0.7260378242285848,5.314005671124941,0.5314285714285715,5.314005671124941,0.5314285714285715,175.0,0.04862773991526985,0.09274547690145793,428.80057744003125
our_vol1,Our vol1 STNPP-GAT,31,2021-03-10,0.01,0.010012823440546666,570,27.0,0.1534090909090909,0.8465909090909091,0.010012823440546666,2.105263157894737,15.321261961722488,0.1534090909090909,15.321261961722488,0.1534090909090909,176.0,0.02242152466367713,0.043859649122807015,2059.1246436432134
our_vol1,Our vol1 STNPP-GAT,31,2021-03-10,0.02,0.02000808052418009,1139,36.0,0.20454545454545456,0.7954545454545454,0.02000808052418009,1.404741000877963,10.223142309841169,0.20454545454545456,10.223142309841169,0.20454545454545456,176.0,0.016057091882247992,0.03160667251975417,2059.1246436432134
our_vol1,Our vol1 STNPP-GAT,31,2021-03-10,0.03,0.030003337607813516,1708,42.0,0.23863636363636365,0.7613636363636364,0.030003337607813516,1.092896174863388,7.953660581222056,0.23863636363636365,7.953660581222056,0.23863636363636365,176.0,0.01909307875894988,0.03747072599531616,2059.1246436432134
our_vol1,Our vol1 STNPP-GAT,31,2021-03-10,0.04,0.04001616104836018,2278,51.0,0.2897727272727273,0.7102272727272727,0.04001616104836018,0.9950248756218905,7.241392469470829,0.2897727272727273,7.241392469470829,0.2897727272727273,176.0,0.018783542039355994,0.03687445127304653,2059.1246436432134
our_vol1,Our vol1 STNPP-GAT,31,2021-03-10,0.05,0.050011418131993605,2847,61.0,0.3465909090909091,0.6534090909090908,0.050011418131993605,0.9522694454201303,6.930235574927356,0.3465909090909091,6.930235574927356,0.3465909090909091,176.0,0.02244568145088885,0.04390586582367404,2059.1246436432134
our_vol1,Our vol1 STNPP-GAT,31,2021-03-10,0.06,0.06000667521562703,3416,69.0,0.39204545454545453,0.6079545454545454,0.06000667521562703,0.897736143637783,6.5333640488609745,0.39204545454545453,6.5333640488609745,0.39204545454545453,176.0,0.027986758952753536,0.05444964871194379,2059.1246436432134
our_vol1,Our vol1 STNPP-GAT,31,2021-03-10,0.07,0.07000193229926045,3985,74.0,0.42045454545454547,0.5795454545454546,0.07000193229926045,0.8253171615781403,6.006327706170868,0.42045454545454547,6.006327706170868,0.42045454545454547,176.0,0.029848817676702416,0.05796737766624843,2059.1246436432134
our_vol1,Our vol1 STNPP-GAT,31,2021-03-10,0.08,0.08001475573980713,4555,82.0,0.4659090909090909,0.5340909090909092,0.08001475573980713,0.8000975728747408,5.82278964175232,0.4659090909090909,5.82278964175232,0.4659090909090909,176.0,0.03675884829862296,0.07091108671789242,2059.1246436432134
our_vol1,Our vol1 STNPP-GAT,31,2021-03-10,0.09,0.09001001282344055,5124,87.0,0.4943181818181818,0.5056818181818181,0.09001001282344055,0.7546187874056726,5.491813258462848,0.4943181818181818,5.491813258462848,0.4943181818181818,176.0,0.04411614875191034,0.08450429352068696,2059.1246436432134
our_vol1,Our vol1 STNPP-GAT,31,2021-03-10,0.1,0.10000526990707397,5693,93.0,0.5284090909090909,0.47159090909090906,0.10000526990707397,0.7260378242285848,5.2838124570844585,0.5284090909090909,5.2838124570844585,0.5284090909090909,176.0,0.04891754951635191,0.09327243983839803,2059.1246436432134
our_vol1,Our vol1 STNPP-GAT,32,2021-03-24,0.01,0.010012823440546666,570,23.0,0.14935064935064934,0.8506493506493507,0.010012823440546666,1.7933723196881093,14.915937571200727,0.14935064935064934,14.915937571200727,0.14935064935064934,154.0,0.01967799642218247,0.03859649122807018,1751.2318125074887
our_vol1,Our vol1 STNPP-GAT,32,2021-03-24,0.02,0.02000808052418009,1139,35.0,0.22727272727272727,0.7727272727272727,0.02000808052418009,1.3657204175202418,11.359047010934631,0.22727272727272727,11.359047010934631,0.22727272727272727,154.0,0.01560410164957646,0.030728709394205442,1751.2318125074887
our_vol1,Our vol1 STNPP-GAT,32,2021-03-24,0.03,0.030003337607813516,1708,42.0,0.2727272727272727,0.7272727272727273,0.030003337607813516,1.092896174863388,9.08989780711092,0.2727272727272727,9.08989780711092,0.2727272727272727,154.0,0.01909307875894988,0.03747072599531616,1751.2318125074887
our_vol1,Our vol1 STNPP-GAT,32,2021-03-24,0.04,0.04001616104836018,2278,51.0,0.33116883116883117,0.6688311688311688,0.04001616104836018,0.9950248756218905,8.27587710796666,0.33116883116883117,8.27587710796666,0.33116883116883117,154.0,0.01923937360178971,0.03775241439859526,1751.2318125074887
our_vol1,Our vol1 STNPP-GAT,32,2021-03-24,0.05,0.050011418131993605,2847,55.0,0.35714285714285715,0.6428571428571428,0.050011418131993605,0.8586035983296256,7.141226353555121,0.35714285714285715,7.141226353555121,0.35714285714285715,154.0,0.023180592991913745,0.045310853530031614,1751.2318125074887
our_vol1,Our vol1 STNPP-GAT,32,2021-03-24,0.06,0.06000667521562703,3416,63.0,0.4090909090909091,0.5909090909090908,0.06000667521562703,0.819672131147541,6.817423355333192,0.4090909090909091,6.817423355333192,0.4090909090909091,154.0,0.031245283018867923,0.06059718969555035,1751.2318125074887
our_vol1,Our vol1 STNPP-GAT,32,2021-03-24,0.07,0.07000193229926045,3985,67.0,0.43506493506493504,0.564935064935065,0.07000193229926045,0.7472466192666946,6.215041796346689,0.43506493506493504,6.215041796346689,0.43506493506493504,154.0,0.02958274124790079,0.057465495608531994,1751.2318125074887
our_vol1,Our vol1 STNPP-GAT,32,2021-03-24,0.08,0.08001475573980713,4555,75.0,0.487012987012987,0.512987012987013,0.08001475573980713,0.7317965605561654,6.086539695211484,0.487012987012987,6.086539695211484,0.487012987012987,154.0,0.037467258854344605,0.07222832052689353,1751.2318125074887
our_vol1,Our vol1 STNPP-GAT,32,2021-03-24,0.09,0.09001001282344055,5124,77.0,0.5,0.5,0.09001001282344055,0.6678809957498482,5.554937548790008,0.5,5.554937548790008,0.5,154.0,0.0436908035441491,0.08372365339578454,1751.2318125074887
our_vol1,Our vol1 STNPP-GAT,32,2021-03-24,0.1,0.10000526990707397,5693,82.0,0.5324675324675324,0.4675324675324676,0.10000526990707397,0.6401623826531608,5.32439473402059,0.5324675324675324,5.32439473402059,0.5324675324675324,154.0,0.049691158845763805,0.09467767433690497,1751.2318125074887
our_vol1,Our vol1 STNPP-GAT,33,2021-04-07,0.01,0.010012823440546666,570,25.0,0.176056338028169,0.823943661971831,0.010012823440546666,1.9493177387914231,17.583086236718554,0.176056338028169,17.583086236718554,0.176056338028169,142.0,0.02242152466367713,0.043859649122807015,665.9870498163948
our_vol1,Our vol1 STNPP-GAT,33,2021-04-07,0.02,0.02000808052418009,1139,38.0,0.2676056338028169,0.7323943661971831,0.02000808052418009,1.4827821675934054,13.374877888931481,0.2676056338028169,13.374877888931481,0.2676056338028169,142.0,0.01651048639000446,0.0324846356453029,665.9870498163948
our_vol1,Our vol1 STNPP-GAT,33,2021-04-07,0.03,0.030003337607813516,1708,45.0,0.31690140845070425,0.6830985915492958,0.030003337607813516,1.17096018735363,10.562205198403536,0.31690140845070425,10.562205198403536,0.31690140845070425,142.0,0.019701492537313434,0.03864168618266979,665.9870498163948
our_vol1,Our vol1 STNPP-GAT,33,2021-04-07,0.04,0.04001616104836018,2278,50.0,0.352112676056338,0.647887323943662,0.04001616104836018,0.9755145839430299,8.799261769033869,0.352112676056338,8.799261769033869,0.352112676056338,142.0,0.01923937360178971,0.03775241439859526,665.9870498163948
our_vol1,Our vol1 STNPP-GAT,33,2021-04-07,0.05,0.050011418131993605,2847,54.0,0.38028169014084506,0.619718309859155,0.050011418131993605,0.8429926238145415,7.603897356743198,0.38028169014084506,7.603897356743198,0.38028169014084506,142.0,0.02189519023689878,0.04285212504390586,665.9870498163948
our_vol1,Our vol1 STNPP-GAT,33,2021-04-07,0.06,0.06000667521562703,3416,66.0,0.4647887323943662,0.5352112676056338,0.06000667521562703,0.8587041373926619,7.745617145495926,0.4647887323943662,7.745617145495926,0.4647887323943662,142.0,0.030778515389257695,0.059718969555035126,665.9870498163948
our_vol1,Our vol1 STNPP-GAT,33,2021-04-07,0.07,0.07000193229926045,3985,69.0,0.4859154929577465,0.5140845070422535,0.07000193229926045,0.7695524884985362,6.941458285471929,0.4859154929577465,6.941458285471929,0.4859154929577465,142.0,0.030381383322559793,0.05897114178168131,665.9870498163948
our_vol1,Our vol1 STNPP-GAT,33,2021-04-07,0.08,0.08001475573980713,4555,75.0,0.528169014084507,0.471830985915493,0.08001475573980713,0.7317965605561654,6.6008951624124546,0.528169014084507,6.6008951624124546,0.528169014084507,142.0,0.038058340929808566,0.07332601536772777,665.9870498163948
our_vol1,Our vol1 STNPP-GAT,33,2021-04-07,0.09,0.09001001282344055,5124,79.0,0.5563380281690141,0.4436619718309859,0.09001001282344055,0.685228554081013,6.1808460049916985,0.5563380281690141,6.1808460049916985,0.5563380281690141,142.0,0.044648318042813454,0.08548009367681499,665.9870498163948
our_vol1,Our vol1 STNPP-GAT,33,2021-04-07,0.1,0.10000526990707397,5693,83.0,0.5845070422535211,0.4154929577464789,0.10000526990707397,0.6479692409781993,5.844762408987563,0.5845070422535211,5.844762408987563,0.5845070422535211,142.0,0.0503690036900369,0.09590725452309855,665.9870498163948
our_vol1,Our vol1 STNPP-GAT,34,2021-04-21,0.01,0.010012823440546666,570,18.0,0.10843373493975904,0.891566265060241,0.010012823440546666,1.4035087719298247,10.829486366518706,0.10843373493975904,10.829486366518706,0.10843373493975904,166.0,0.016042780748663103,0.031578947368421054,1781.769019632853
our_vol1,Our vol1 STNPP-GAT,34,2021-04-21,0.02,0.02000808052418009,1139,32.0,0.1927710843373494,0.8072289156626506,0.02000808052418009,1.2486586674470783,9.634661561081906,0.1927710843373494,9.634661561081906,0.1927710843373494,166.0,0.013796172674677348,0.027216856892010536,1781.769019632853
our_vol1,Our vol1 STNPP-GAT,34,2021-04-21,0.03,0.030003337607813516,1708,44.0,0.26506024096385544,0.7349397590361446,0.030003337607813516,1.1449388498568827,8.834358511328688,0.26506024096385544,8.834358511328688,0.26506024096385544,166.0,0.019701492537313434,0.03864168618266979,1781.769019632853
our_vol1,Our vol1 STNPP-GAT,34,2021-04-21,0.04,0.04001616104836018,2278,56.0,0.3373493975903614,0.6626506024096386,0.04001616104836018,1.0925763340161936,8.430328865946667,0.3373493975903614,8.430328865946667,0.3373493975903614,166.0,0.019695613249776187,0.038630377524143986,1781.769019632853
our_vol1,Our vol1 STNPP-GAT,34,2021-04-21,0.05,0.050011418131993605,2847,69.0,0.41566265060240964,0.5843373493975903,0.050011418131993605,1.077157241540803,8.311355009077406,0.41566265060240964,8.311355009077406,0.41566265060240964,166.0,0.02410071942446043,0.047067088162978575,1781.769019632853
our_vol1,Our vol1 STNPP-GAT,34,2021-04-21,0.06,0.06000667521562703,3416,75.0,0.45180722891566266,0.5481927710843373,0.06000667521562703,0.975800156128025,7.529282822155131,0.45180722891566266,7.529282822155131,0.45180722891566266,166.0,0.030623020063357972,0.05942622950819672,1781.769019632853
our_vol1,Our vol1 STNPP-GAT,34,2021-04-21,0.07,0.07000193229926045,3985,81.0,0.4879518072289157,0.5120481927710843,0.07000193229926045,0.903387703889586,6.970547686353949,0.4879518072289157,6.970547686353949,0.4879518072289157,166.0,0.030381383322559793,0.05897114178168131,1781.769019632853
our_vol1,Our vol1 STNPP-GAT,34,2021-04-21,0.08,0.08001475573980713,4555,88.0,0.5301204819277109,0.4698795180722891,0.08001475573980713,0.858641297719234,6.6252840120085175,0.5301204819277109,6.6252840120085175,0.5301204819277109,166.0,0.03841331357574376,0.07398463227222832,1781.769019632853
our_vol1,Our vol1 STNPP-GAT,34,2021-04-21,0.09,0.09001001282344055,5124,93.0,0.5602409638554217,0.43975903614457834,0.09001001282344055,0.8066614623991673,6.224207132981574,0.5602409638554217,6.224207132981574,0.5602409638554217,166.0,0.045607591062136514,0.08723653395784543,1781.769019632853
our_vol1,Our vol1 STNPP-GAT,34,2021-04-21,0.1,0.10000526990707397,5693,96.0,0.5783132530120482,0.42168674698795183,0.10000526990707397,0.7494583992037005,5.782827780470203,0.5783132530120482,5.782827780470203,0.5783132530120482,166.0,0.051047724545370626,0.09713683470929212,1781.769019632853
our_vol1,Our vol1 STNPP-GAT,35,2021-05-05,0.01,0.010012823440546666,570,16.0,0.0935672514619883,0.9064327485380117,0.010012823440546666,1.2475633528265109,9.344741971888785,0.0935672514619883,9.344741971888785,0.0935672514619883,171.0,0.014234875444839857,0.028070175438596492,540.0165473034582
our_vol1,Our vol1 STNPP-GAT,35,2021-05-05,0.02,0.02000808052418009,1139,29.0,0.1695906432748538,0.8304093567251463,0.02000808052418009,1.1315969173739147,8.476107594124322,0.1695906432748538,8.476107594124322,0.1695906432748538,171.0,0.013345195729537367,0.02633889376646181,540.0165473034582
our_vol1,Our vol1 STNPP-GAT,35,2021-05-05,0.03,0.030003337607813516,1708,42.0,0.24561403508771928,0.7543859649122807,0.030003337607813516,1.092896174863388,8.18622375611159,0.24561403508771928,8.18622375611159,0.24561403508771928,171.0,0.018485390578413835,0.03629976580796253,540.0165473034582
our_vol1,Our vol1 STNPP-GAT,35,2021-05-05,0.04,0.04001616104836018,2278,52.0,0.30409356725146197,0.695906432748538,0.04001616104836018,1.014535167300751,7.599268877490771,0.30409356725146197,7.599268877490771,0.30409356725146197,171.0,0.018555779119159403,0.036435469710272166,540.0165473034582
our_vol1,Our vol1 STNPP-GAT,35,2021-05-05,0.05,0.050011418131993605,2847,59.0,0.34502923976608185,0.6549707602339181,0.050011418131993605,0.9210474963899621,6.89900931934097,0.34502923976608185,6.89900931934097,0.34502923976608185,171.0,0.021528525296017224,0.04214963119072708,540.0165473034582
our_vol1,Our vol1 STNPP-GAT,35,2021-05-05,0.06,0.06000667521562703,3416,66.0,0.38596491228070173,0.6140350877192983,0.06000667521562703,0.8587041373926619,6.432032951230535,0.38596491228070173,6.432032951230535,0.38596491228070173,171.0,0.028760728805902726,0.05591334894613583,540.0165473034582
our_vol1,Our vol1 STNPP-GAT,35,2021-05-05,0.07,0.07000193229926045,3985,71.0,0.4152046783625731,0.5847953216374269,0.07000193229926045,0.7918583577303778,5.931331675068055,0.4152046783625731,5.931331675068055,0.4152046783625731,171.0,0.028121775025799794,0.05470514429109159,540.0165473034582
our_vol1,Our vol1 STNPP-GAT,35,2021-05-05,0.08,0.08001475573980713,4555,77.0,0.4502923976608187,0.5497076023391814,0.08001475573980713,0.7513111355043298,5.627616975112497,0.4502923976608187,5.627616975112497,0.4502923976608187,171.0,0.03675884829862296,0.07091108671789242,540.0165473034582
our_vol1,Our vol1 STNPP-GAT,35,2021-05-05,0.09,0.09001001282344055,5124,80.0,0.4678362573099415,0.5321637426900585,0.09001001282344055,0.6939023332465954,5.197602384832755,0.4678362573099415,5.197602384832755,0.4678362573099415,171.0,0.04432895139101192,0.08489461358313817,540.0165473034582
our_vol1,Our vol1 STNPP-GAT,35,2021-05-05,0.1,0.10000526990707397,5693,85.0,0.49707602339181284,0.5029239766081872,0.10000526990707397,0.6635829576282765,4.970498293276959,0.49707602339181284,4.970498293276959,0.49707602339181284,171.0,0.05017524441984873,0.09555594589847181,540.0165473034582
our_vol1,Our vol1 STNPP-GAT,36,2021-05-19,0.01,0.010012823440546666,570,27.0,0.17532467532467533,0.8246753246753247,0.010012823440546666,2.105263157894737,17.510013670539987,0.17532467532467533,17.510013670539987,0.17532467532467533,154.0,0.02333931777378815,0.0456140350877193,338.83418581685777
our_vol1,Our vol1 STNPP-GAT,36,2021-05-19,0.02,0.02000808052418009,1139,38.0,0.24675324675324675,0.7532467532467533,0.02000808052418009,1.4827821675934054,12.332679611871887,0.24675324675324675,12.332679611871887,0.24675324675324675,154.0,0.016964285714285713,0.033362598770851626,338.83418581685777
our_vol1,Our vol1 STNPP-GAT,36,2021-05-19,0.03,0.030003337607813516,1708,48.0,0.3116883116883117,0.6883116883116883,0.030003337607813516,1.249024199843872,10.388454636698196,0.3116883116883117,10.388454636698196,0.3116883116883117,154.0,0.020005971931919976,0.039227166276346606,338.83418581685777
our_vol1,Our vol1 STNPP-GAT,36,2021-05-19,0.04,0.04001616104836018,2278,54.0,0.35064935064935066,0.6493506493506493,0.04001616104836018,1.0535557506584723,8.762693408435288,0.35064935064935066,8.762693408435288,0.35064935064935066,154.0,0.019467442380845825,0.038191395961369626,338.83418581685777
our_vol1,Our vol1 STNPP-GAT,36,2021-05-19,0.05,0.050011418131993605,2847,60.0,0.38961038961038963,0.6103896103896104,0.050011418131993605,0.9366584709050462,7.790428749332859,0.38961038961038963,7.790428749332859,0.38961038961038963,154.0,0.02244568145088885,0.04390586582367404,338.83418581685777
our_vol1,Our vol1 STNPP-GAT,36,2021-05-19,0.06,0.06000667521562703,3416,66.0,0.42857142857142855,0.5714285714285714,0.06000667521562703,0.8587041373926619,7.142062562730009,0.42857142857142855,7.142062562730009,0.42857142857142855,154.0,0.029380744312189244,0.05708430913348946,338.83418581685777
our_vol1,Our vol1 STNPP-GAT,36,2021-05-19,0.07,0.07000193229926045,3985,68.0,0.44155844155844154,0.5584415584415585,0.07000193229926045,0.7583995538826154,6.30780361420261,0.44155844155844154,6.30780361420261,0.44155844155844154,154.0,0.027989165484328647,0.054454203262233374,338.83418581685777
our_vol1,Our vol1 STNPP-GAT,36,2021-05-19,0.08,0.08001475573980713,4555,75.0,0.487012987012987,0.512987012987013,0.08001475573980713,0.7317965605561654,6.086539695211484,0.487012987012987,6.086539695211484,0.487012987012987,154.0,0.03687684953334851,0.07113062568605928,338.83418581685777
our_vol1,Our vol1 STNPP-GAT,36,2021-05-19,0.09,0.09001001282344055,5124,77.0,0.5,0.5,0.09001001282344055,0.6678809957498482,5.554937548790008,0.5,5.554937548790008,0.5,154.0,0.044009779951100246,0.08430913348946135,338.83418581685777
our_vol1,Our vol1 STNPP-GAT,36,2021-05-19,0.1,0.10000526990707397,5693,83.0,0.538961038961039,0.461038961038961,0.10000526990707397,0.6479692409781993,5.389326377118403,0.538961038961039,5.389326377118403,0.538961038961039,154.0,0.04891754951635191,0.09327243983839803,338.83418581685777
our_vol1,Our vol1 STNPP-GAT,37,2021-06-02,0.01,0.010012823440546666,570,23.0,0.15862068965517243,0.8413793103448276,0.010012823440546666,1.7933723196881093,15.841754385964913,0.15862068965517243,15.841754385964913,0.15862068965517243,145.0,0.01876675603217158,0.03684210526315789,1569.9175669521449
our_vol1,Our vol1 STNPP-GAT,37,2021-06-02,0.02,0.02000808052418009,1139,30.0,0.20689655172413793,0.7931034482758621,0.02000808052418009,1.170617500731636,10.340649692712907,0.20689655172413793,10.340649692712907,0.20689655172413793,145.0,0.012894619831036016,0.025460930640913083,1569.9175669521449
our_vol1,Our vol1 STNPP-GAT,37,2021-06-02,0.03,0.030003337607813516,1708,38.0,0.2620689655172414,0.7379310344827585,0.030003337607813516,0.9888108248763987,8.734660421545668,0.2620689655172414,8.734660421545668,0.2620689655172414,145.0,0.01696933611193808,0.03337236533957846,1569.9175669521449
our_vol1,Our vol1 STNPP-GAT,37,2021-06-02,0.04,0.04001616104836018,2278,52.0,0.3586206896551724,0.6413793103448275,0.04001616104836018,1.014535167300751,8.961896400351186,0.3586206896551724,8.961896400351186,0.3586206896551724,145.0,0.018100558659217877,0.03555750658472344,1569.9175669521449
our_vol1,Our vol1 STNPP-GAT,37,2021-06-02,0.05,0.050011418131993605,2847,55.0,0.3793103448275862,0.6206896551724138,0.050011418131993605,0.8586035983296256,7.584474885844749,0.3793103448275862,7.584474885844749,0.3793103448275862,145.0,0.021345291479820627,0.04179838426413769,1569.9175669521449
our_vol1,Our vol1 STNPP-GAT,37,2021-06-02,0.06,0.06000667521562703,3416,58.0,0.4,0.6,0.06000667521562703,0.7546187874056727,6.66592505854801,0.4,6.66592505854801,0.4,145.0,0.027986758952753536,0.05444964871194379,1569.9175669521449
our_vol1,Our vol1 STNPP-GAT,37,2021-06-02,0.07,0.07000193229926045,3985,64.0,0.4413793103448276,0.5586206896551724,0.07000193229926045,0.7137878154189321,6.305244667503137,0.4413793103448276,6.305244667503137,0.4413793103448276,145.0,0.02745906922779425,0.053450439146800505,1569.9175669521449
our_vol1,Our vol1 STNPP-GAT,37,2021-06-02,0.08,0.08001475573980713,4555,72.0,0.496551724137931,0.503448275862069,0.08001475573980713,0.7025246981339188,6.205751920965971,0.496551724137931,6.205751920965971,0.496551724137931,145.0,0.03699487763232783,0.07135016465422613,1569.9175669521449
our_vol1,Our vol1 STNPP-GAT,37,2021-06-02,0.09,0.09001001282344055,5124,76.0,0.5241379310344828,0.4758620689655172,0.09001001282344055,0.6592072165842657,5.823106947697112,0.5241379310344828,5.823106947697112,0.5241379310344828,145.0,0.04379710735383988,0.08391881342701014,1569.9175669521449
our_vol1,Our vol1 STNPP-GAT,37,2021-06-02,0.1,0.10000526990707397,5693,78.0,0.5379310344827586,0.4620689655172414,0.10000526990707397,0.6089349493530066,5.379026875109784,0.5379310344827586,5.379026875109784,0.5379310344827586,145.0,0.04959439528023599,0.0945020200245916,1569.9175669521449
our_vol1,Our vol1 STNPP-GAT,38,2021-06-16,0.01,0.010012823440546666,570,29.0,0.17901234567901234,0.8209876543209876,0.010012823440546666,2.261208576998051,17.878308425384446,0.17901234567901234,17.878308425384446,0.17901234567901234,162.0,0.02333931777378815,0.0456140350877193,1004.6118826121306
our_vol1,Our vol1 STNPP-GAT,38,2021-06-16,0.02,0.02000808052418009,1139,34.0,0.20987654320987653,0.7901234567901234,0.02000808052418009,1.3266998341625207,10.489589091579141,0.20987654320987653,10.489589091579141,0.20987654320987653,162.0,0.014247551202137132,0.028094820017559263,1004.6118826121306
our_vol1,Our vol1 STNPP-GAT,38,2021-06-16,0.03,0.030003337607813516,1708,41.0,0.25308641975308643,0.7469135802469136,0.030003337607813516,1.0668748373666406,8.435275537051494,0.25308641975308643,8.435275537051494,0.25308641975308643,162.0,0.017272185824895772,0.03395784543325527,1004.6118826121306
our_vol1,Our vol1 STNPP-GAT,38,2021-06-16,0.04,0.04001616104836018,2278,49.0,0.30246913580246915,0.6975308641975309,0.04001616104836018,0.9560042922641693,7.55867449246144,0.30246913580246915,7.55867449246144,0.30246913580246915,162.0,0.01719133735208752,0.033801580333625986,1004.6118826121306
our_vol1,Our vol1 STNPP-GAT,38,2021-06-16,0.05,0.050011418131993605,2847,58.0,0.35802469135802467,0.6419753086419753,0.050011418131993605,0.905436521874878,7.15885901121822,0.35802469135802467,7.15885901121822,0.35802469135802467,162.0,0.021711824869908487,0.042500878117316475,1004.6118826121306
our_vol1,Our vol1 STNPP-GAT,38,2021-06-16,0.06,0.06000667521562703,3416,60.0,0.37037037037037035,0.6296296296296297,0.06000667521562703,0.78064012490242,6.172152831988897,0.37037037037037035,6.172152831988897,0.37037037037037035,162.0,0.02845100105374078,0.055327868852459015,1004.6118826121306
our_vol1,Our vol1 STNPP-GAT,38,2021-06-16,0.07,0.07000193229926045,3985,67.0,0.41358024691358025,0.5864197530864197,0.07000193229926045,0.7472466192666946,5.908126152082656,0.41358024691358025,5.908126152082656,0.41358024691358025,162.0,0.027989165484328647,0.054454203262233374,1004.6118826121306
our_vol1,Our vol1 STNPP-GAT,38,2021-06-16,0.08,0.08001475573980713,4555,72.0,0.4444444444444444,0.5555555555555556,0.08001475573980713,0.7025246981339188,5.554531040370776,0.4444444444444444,5.554531040370776,0.4444444444444444,162.0,0.0365229263852543,0.07047200878155872,1004.6118826121306
our_vol1,Our vol1 STNPP-GAT,38,2021-06-16,0.09,0.09001001282344055,5124,84.0,0.5185185185185185,0.4814814814814815,0.09001001282344055,0.7285974499089253,5.76067597652297,0.5185185185185185,5.76067597652297,0.5185185185185185,162.0,0.0442225392296719,0.08469945355191257,1004.6118826121306
our_vol1,Our vol1 STNPP-GAT,38,2021-06-16,0.1,0.10000526990707397,5693,91.0,0.5617283950617284,0.43827160493827155,0.10000526990707397,0.7104241075785077,5.616987940572461,0.5617283950617284,5.616987940572461,0.5617283950617284,162.0,0.0502721151185315,0.09573160021078518,1004.6118826121306
our_vol1,Our vol1 STNPP-GAT,39,2021-06-30,0.01,0.010012823440546666,570,27.0,0.13432835820895522,0.8656716417910448,0.010012823440546666,2.105263157894737,13.415632364493321,0.13432835820895522,13.415632364493321,0.13432835820895522,201.0,0.02425876010781671,0.04736842105263158,1770.042596863675
our_vol1,Our vol1 STNPP-GAT,39,2021-06-30,0.02,0.02000808052418009,1139,38.0,0.1890547263681592,0.8109452736318408,0.02000808052418009,1.4827821675934054,9.448918707603337,0.1890547263681592,9.448918707603337,0.1890547263681592,201.0,0.017418490397498883,0.03424056189640035,1770.042596863675
our_vol1,Our vol1 STNPP-GAT,39,2021-06-30,0.03,0.030003337607813516,1708,56.0,0.27860696517412936,0.7213930348258706,0.030003337607813516,1.4571948998178506,9.285865753201207,0.27860696517412936,9.285865753201207,0.27860696517412936,201.0,0.021836673646425366,0.04274004683840749,1770.042596863675
our_vol1,Our vol1 STNPP-GAT,39,2021-06-30,0.04,0.04001616104836018,2278,67.0,0.3333333333333333,0.6666666666666667,0.04001616104836018,1.3071895424836601,8.32996780801873,0.3333333333333333,8.32996780801873,0.3333333333333333,201.0,0.021982951996410947,0.04302019315188762,1770.042596863675
our_vol1,Our vol1 STNPP-GAT,39,2021-06-30,0.05,0.050011418131993605,2847,76.0,0.3781094527363184,0.6218905472636815,0.050011418131993605,1.1864340631463919,7.5604625275449235,0.3781094527363184,7.5604625275449235,0.3781094527363184,201.0,0.024838012958963283,0.04847207586933614,1770.042596863675
our_vol1,Our vol1 STNPP-GAT,39,2021-06-30,0.06,0.06000667521562703,3416,81.0,0.40298507462686567,0.5970149253731343,0.06000667521562703,1.053864168618267,6.715670767940159,0.40298507462686567,6.715670767940159,0.40298507462686567,201.0,0.03186829784020541,0.06176814988290398,1770.042596863675
our_vol1,Our vol1 STNPP-GAT,39,2021-06-30,0.07,0.07000193229926045,3985,92.0,0.4577114427860697,0.5422885572139303,0.07000193229926045,1.026069984664715,6.538554404888981,0.4577114427860697,6.538554404888981,0.4577114427860697,201.0,0.031314699792960664,0.06072772898368883,1770.042596863675
our_vol1,Our vol1 STNPP-GAT,39,2021-06-30,0.08,0.08001475573980713,4555,98.0,0.48756218905472637,0.5124378109452736,0.08001475573980713,0.9562141724600561,6.093403454735106,0.48756218905472637,6.093403454735106,0.48756218905472637,201.0,0.03924252794889345,0.07552140504939626,1770.042596863675
our_vol1,Our vol1 STNPP-GAT,39,2021-06-30,0.09,0.09001001282344055,5124,105.0,0.5223880597014925,0.4776119402985075,0.09001001282344055,0.9107468123861566,5.803666095750754,0.5223880597014925,5.803666095750754,0.5223880597014925,201.0,0.04603450035725222,0.08801717408274785,1770.042596863675
our_vol1,Our vol1 STNPP-GAT,39,2021-06-30,0.1,0.10000526990707397,5693,113.0,0.5621890547263682,0.43781094527363185,0.10000526990707397,0.8821749907293557,5.621594294468288,0.5621890547263682,5.621594294468288,0.5621890547263682,201.0,0.05338144139143307,0.10135253820481292,1770.042596863675
our_vol1,Our vol1 STNPP-GAT,40,2021-07-14,0.01,0.010012823440546666,570,25.0,0.1366120218579235,0.8633879781420765,0.010012823440546666,1.9493177387914231,13.643706260185985,0.1366120218579235,13.643706260185985,0.1366120218579235,183.0,0.020590868397493287,0.04035087719298246,2214.9019981060123
our_vol1,Our vol1 STNPP-GAT,40,2021-07-14,0.02,0.02000808052418009,1139,39.0,0.21311475409836064,0.7868852459016393,0.02000808052418009,1.5218027509511267,10.651434246319031,0.21311475409836064,10.651434246319031,0.21311475409836064,183.0,0.016964285714285713,0.033362598770851626,2214.9019981060123
our_vol1,Our vol1 STNPP-GAT,40,2021-07-14,0.03,0.030003337607813516,1708,50.0,0.273224043715847,0.7267759562841529,0.030003337607813516,1.3010668748373666,9.106454998016407,0.273224043715847,9.106454998016407,0.273224043715847,183.0,0.018485390578413835,0.03629976580796253,2214.9019981060123
our_vol1,Our vol1 STNPP-GAT,40,2021-07-14,0.04,0.04001616104836018,2278,60.0,0.32786885245901637,0.6721311475409837,0.04001616104836018,1.170617500731636,8.193410958706947,0.32786885245901637,8.193410958706947,0.32786885245901637,183.0,0.020152261531571878,0.03950834064969271,2214.9019981060123
our_vol1,Our vol1 STNPP-GAT,40,2021-07-14,0.05,0.050011418131993605,2847,65.0,0.3551912568306011,0.644808743169399,0.050011418131993605,1.0147133434804667,7.10220325872695,0.3551912568306011,7.10220325872695,0.3551912568306011,183.0,0.022629310344827586,0.044257112750263436,2214.9019981060123
our_vol1,Our vol1 STNPP-GAT,40,2021-07-14,0.06,0.06000667521562703,3416,74.0,0.40437158469945356,0.5956284153005464,0.06000667521562703,0.9627894873796513,6.73877669853214,0.40437158469945356,6.73877669853214,0.40437158469945356,183.0,0.030623020063357972,0.05942622950819672,2214.9019981060123
our_vol1,Our vol1 STNPP-GAT,40,2021-07-14,0.07,0.07000193229926045,3985,82.0,0.44808743169398907,0.5519125683060109,0.07000193229926045,0.9145406385055068,6.401072327238072,0.44808743169398907,6.401072327238072,0.44808743169398907,183.0,0.030248190279214063,0.05872020075282309,2214.9019981060123
our_vol1,Our vol1 STNPP-GAT,40,2021-07-14,0.08,0.08001475573980713,4555,88.0,0.4808743169398907,0.5191256830601093,0.08001475573980713,0.858641297719234,6.009820469909364,0.4808743169398907,6.009820469909364,0.4808743169398907,183.0,0.037703610889622964,0.07266739846322723,2214.9019981060123
our_vol1,Our vol1 STNPP-GAT,40,2021-07-14,0.09,0.09001001282344055,5124,101.0,0.5519125683060109,0.4480874316939891,0.09001001282344055,0.8760516957238268,6.131679698664379,0.5519125683060109,6.131679698664379,0.5519125683060109,183.0,0.04624808575803982,0.08840749414519906,2214.9019981060123
our_vol1,Our vol1 STNPP-GAT,40,2021-07-14,0.1,0.10000526990707397,5693,105.0,0.5737704918032787,0.42622950819672134,0.10000526990707397,0.8197201241290474,5.737402562249296,0.5737704918032787,5.737402562249296,0.5737704918032787,183.0,0.05221328897514093,0.09924468645705252,2214.9019981060123
our_vol1,Our vol1 STNPP-GAT,41,2021-07-28,0.01,0.010012823440546666,570,28.0,0.16766467065868262,0.8323353293413174,0.010012823440546666,2.183235867446394,16.74499422208215,0.16766467065868262,16.74499422208215,0.16766467065868262,167.0,0.025179856115107913,0.04912280701754386,827.5498440826774
our_vol1,Our vol1 STNPP-GAT,41,2021-07-28,0.02,0.02000808052418009,1139,37.0,0.2215568862275449,0.7784431137724551,0.02000808052418009,1.4437615842356843,11.073370379521904,0.2215568862275449,11.073370379521904,0.2215568862275449,167.0,0.016964285714285713,0.033362598770851626,827.5498440826774
our_vol1,Our vol1 STNPP-GAT,41,2021-07-28,0.03,0.030003337607813516,1708,45.0,0.2694610778443114,0.7305389221556886,0.030003337607813516,1.17096018735363,8.981036755528756,0.2694610778443114,8.981036755528756,0.2694610778443114,167.0,0.01696933611193808,0.03337236533957846,827.5498440826774
our_vol1,Our vol1 STNPP-GAT,41,2021-07-28,0.04,0.04001616104836018,2278,56.0,0.33532934131736525,0.6646706586826348,0.04001616104836018,1.0925763340161936,8.379847854773333,0.33532934131736525,8.379847854773333,0.33532934131736525,167.0,0.019467442380845825,0.038191395961369626,827.5498440826774
our_vol1,Our vol1 STNPP-GAT,41,2021-07-28,0.05,0.050011418131993605,2847,72.0,0.4311377245508982,0.5688622754491017,0.050011418131993605,1.1239901650860553,8.620785825609056,0.4311377245508982,8.620785825609056,0.4311377245508982,167.0,0.023916561769465924,0.04671584123638918,827.5498440826774
our_vol1,Our vol1 STNPP-GAT,41,2021-07-28,0.06,0.06000667521562703,3416,81.0,0.48502994011976047,0.5149700598802396,0.06000667521562703,1.053864168618267,8.082933079975879,0.48502994011976047,8.082933079975879,0.48502994011976047,167.0,0.030623020063357972,0.05942622950819672,827.5498440826774
our_vol1,Our vol1 STNPP-GAT,41,2021-07-28,0.07,0.07000193229926045,3985,89.0,0.5329341317365269,0.46706586826347307,0.07000193229926045,0.9926111808169525,7.613134584031435,0.5329341317365269,7.613134584031435,0.5329341317365269,167.0,0.03064787275313591,0.05947302383939774,827.5498440826774
our_vol1,Our vol1 STNPP-GAT,41,2021-07-28,0.08,0.08001475573980713,4555,93.0,0.5568862275449101,0.44311377245508987,0.08001475573980713,0.9074277350896451,6.95979413291967,0.5568862275449101,6.95979413291967,0.5568862275449101,167.0,0.03876852907639681,0.07464324917672886,827.5498440826774
our_vol1,Our vol1 STNPP-GAT,41,2021-07-28,0.09,0.09001001282344055,5124,100.0,0.5988023952095808,0.4011976047904192,0.09001001282344055,0.8673779165582444,6.652619818910188,0.5988023952095808,6.652619818910188,0.5988023952095808,167.0,0.04614128215598203,0.08821233411397346,827.5498440826774
our_vol1,Our vol1 STNPP-GAT,41,2021-07-28,0.1,0.10000526990707397,5693,105.0,0.6287425149700598,0.37125748502994016,0.10000526990707397,0.8197201241290474,6.2870938256983315,0.6287425149700598,6.2870938256983315,0.6287425149700598,167.0,0.05231053604436229,0.09942034076936589,827.5498440826774
our_vol1,Our vol1 STNPP-GAT,42,2021-08-11,0.01,0.010012823440546666,570,28.0,0.17391304347826086,0.8260869565217391,0.010012823440546666,2.183235867446394,17.369031273836764,0.17391304347826086,17.369031273836764,0.17391304347826086,161.0,0.02242152466367713,0.043859649122807015,422.3977340197286
our_vol1,Our vol1 STNPP-GAT,42,2021-08-11,0.02,0.02000808052418009,1139,41.0,0.2546583850931677,0.7453416149068324,0.02000808052418009,1.599843917666569,12.727776899208742,0.2546583850931677,12.727776899208742,0.2546583850931677,161.0,0.016964285714285713,0.033362598770851626,422.3977340197286
our_vol1,Our vol1 STNPP-GAT,42,2021-08-11,0.03,0.030003337607813516,1708,53.0,0.32919254658385094,0.670807453416149,0.030003337607813516,1.3791308873276087,10.971864226802625,0.32919254658385094,10.971864226802625,0.32919254658385094,161.0,0.01909307875894988,0.03747072599531616,422.3977340197286
our_vol1,Our vol1 STNPP-GAT,42,2021-08-11,0.04,0.04001616104836018,2278,64.0,0.39751552795031053,0.6024844720496895,0.04001616104836018,1.2486586674470783,9.93387465304097,0.39751552795031053,9.93387465304097,0.39751552795031053,161.0,0.021295673615781215,0.04170324846356453,422.3977340197286
our_vol1,Our vol1 STNPP-GAT,42,2021-08-11,0.05,0.050011418131993605,2847,69.0,0.42857142857142855,0.5714285714285714,0.050011418131993605,1.077157241540803,8.569471624266145,0.42857142857142855,8.569471624266145,0.42857142857142855,161.0,0.02336448598130841,0.045662100456621,422.3977340197286
our_vol1,Our vol1 STNPP-GAT,42,2021-08-11,0.06,0.06000667521562703,3416,77.0,0.4782608695652174,0.5217391304347826,0.06000667521562703,1.0018214936247722,7.970127787394359,0.4782608695652174,7.970127787394359,0.4782608695652174,161.0,0.02891566265060241,0.05620608899297424,422.3977340197286
our_vol1,Our vol1 STNPP-GAT,42,2021-08-11,0.07,0.07000193229926045,3985,93.0,0.577639751552795,0.422360248447205,0.07000193229926045,1.0372229192806357,8.251768666661471,0.577639751552795,8.251768666661471,0.577639751552795,161.0,0.029715762273901807,0.05771643663739021,422.3977340197286
our_vol1,Our vol1 STNPP-GAT,42,2021-08-11,0.08,0.08001475573980713,4555,97.0,0.6024844720496895,0.39751552795031053,0.08001475573980713,0.9464568849859739,7.529667078018149,0.6024844720496895,7.529667078018149,0.6024844720496895,161.0,0.03876852907639681,0.07464324917672886,422.3977340197286
our_vol1,Our vol1 STNPP-GAT,42,2021-08-11,0.09,0.09001001282344055,5124,102.0,0.6335403726708074,0.36645962732919257,0.09001001282344055,0.8847254748894092,7.038554409646966,0.6335403726708074,7.038554409646966,0.6335403726708074,161.0,0.04582100214307582,0.08762685402029664,422.3977340197286
our_vol1,Our vol1 STNPP-GAT,42,2021-08-11,0.1,0.10000526990707397,5693,107.0,0.6645962732919255,0.3354037267080745,0.10000526990707397,0.8353338407791244,6.645612515315202,0.6645962732919255,6.645612515315202,0.6645962732919255,161.0,0.052602385134510495,0.09994730370630599,422.3977340197286
our_vol1,Our vol1 STNPP-GAT,43,2021-08-25,0.01,0.010012823440546666,570,22.0,0.13253012048192772,0.8674698795180723,0.010012823440546666,1.7153996101364524,13.236038892411752,0.13253012048192772,13.236038892411752,0.13253012048192772,166.0,0.01694915254237288,0.03333333333333333,1564.9217438582064
our_vol1,Our vol1 STNPP-GAT,43,2021-08-25,0.02,0.02000808052418009,1139,35.0,0.21084337349397592,0.7891566265060241,0.02000808052418009,1.3657204175202418,10.537911082433334,0.21084337349397592,10.537911082433334,0.21084337349397592,166.0,0.014699331848552339,0.02897278314310799,1564.9217438582064
our_vol1,Our vol1 STNPP-GAT,43,2021-08-25,0.03,0.030003337607813516,1708,45.0,0.2710843373493976,0.7289156626506024,0.030003337607813516,1.17096018735363,9.035139386586156,0.2710843373493976,9.035139386586156,0.2710843373493976,166.0,0.017272185824895772,0.03395784543325527,1564.9217438582064
our_vol1,Our vol1 STNPP-GAT,43,2021-08-25,0.04,0.04001616104836018,2278,50.0,0.30120481927710846,0.6987951807228916,0.04001616104836018,0.9755145839430299,7.527079344595239,0.30120481927710846,7.527079344595239,0.30120481927710846,166.0,0.017873100983020553,0.03511852502194908,1564.9217438582064
our_vol1,Our vol1 STNPP-GAT,43,2021-08-25,0.05,0.050011418131993605,2847,61.0,0.3674698795180723,0.6325301204819277,0.050011418131993605,0.9522694454201303,7.347719645706112,0.3674698795180723,7.347719645706112,0.3674698795180723,166.0,0.02189519023689878,0.04285212504390586,1564.9217438582064
our_vol1,Our vol1 STNPP-GAT,43,2021-08-25,0.06,0.06000667521562703,3416,67.0,0.4036144578313253,0.5963855421686747,0.06000667521562703,0.8717148061410357,6.726159321125251,0.4036144578313253,6.726159321125251,0.4036144578313253,166.0,0.027059530968129887,0.05269320843091335,1564.9217438582064
our_vol1,Our vol1 STNPP-GAT,43,2021-08-25,0.07,0.07000193229926045,3985,75.0,0.45180722891566266,0.5481927710843373,0.07000193229926045,0.8364700961940611,6.4542108206981,0.45180722891566266,6.4542108206981,0.45180722891566266,166.0,0.026400515132002575,0.05144291091593475,1564.9217438582064
our_vol1,Our vol1 STNPP-GAT,43,2021-08-25,0.08,0.08001475573980713,4555,87.0,0.5240963855421686,0.47590361445783136,0.08001475573980713,0.8488840102451519,6.549996693690238,0.5240963855421686,6.549996693690238,0.5240963855421686,166.0,0.03723101445975179,0.07178924259055983,1564.9217438582064
our_vol1,Our vol1 STNPP-GAT,43,2021-08-25,0.09,0.09001001282344055,5124,91.0,0.5481927710843374,0.4518072289156626,0.09001001282344055,0.7893139040680024,6.090353216143262,0.5481927710843374,6.090353216143262,0.5481927710843374,166.0,0.04454184079094894,0.08528493364558938,1564.9217438582064
our_vol1,Our vol1 STNPP-GAT,43,2021-08-25,0.1,0.10000526990707397,5693,92.0,0.5542168674698795,0.4457831325301205,0.10000526990707397,0.7182309659035463,5.541876622950612,0.5542168674698795,5.541876622950612,0.5542168674698795,166.0,0.04988473951129553,0.0950289829615317,1564.9217438582064
our_vol1,Our vol1 STNPP-GAT,44,2021-09-08,0.01,0.010012823440546666,570,29.0,0.1657142857142857,0.8342857142857143,0.010012823440546666,2.261208576998051,16.55020551378446,0.1657142857142857,16.55020551378446,0.1657142857142857,175.0,0.026102610261026102,0.05087719298245614,534.4140385766381
our_vol1,Our vol1 STNPP-GAT,44,2021-09-08,0.02,0.02000808052418009,1139,42.0,0.24,0.76,0.02000808052418009,1.6388645010242902,11.99515364354697,0.24,11.99515364354697,0.24,175.0,0.01923937360178971,0.03775241439859526,534.4140385766381
our_vol1,Our vol1 STNPP-GAT,44,2021-09-08,0.03,0.030003337607813516,1708,51.0,0.2914285714285714,0.7085714285714286,0.030003337607813516,1.327088212334114,9.713205085312813,0.2914285714285714,9.713205085312813,0.2914285714285714,175.0,0.019701492537313434,0.03864168618266979,534.4140385766381
our_vol1,Our vol1 STNPP-GAT,44,2021-09-08,0.04,0.04001616104836018,2278,58.0,0.3314285714285714,0.6685714285714286,0.04001616104836018,1.1315969173739147,8.282367991972908,0.3314285714285714,8.282367991972908,0.3314285714285714,175.0,0.019467442380845825,0.038191395961369626,534.4140385766381
our_vol1,Our vol1 STNPP-GAT,44,2021-09-08,0.05,0.050011418131993605,2847,65.0,0.37142857142857144,0.6285714285714286,0.050011418131993605,1.0147133434804667,7.426875407697326,0.37142857142857144,7.426875407697326,0.37142857142857144,175.0,0.023180592991913745,0.045310853530031614,534.4140385766381
our_vol1,Our vol1 STNPP-GAT,44,2021-09-08,0.06,0.06000667521562703,3416,75.0,0.42857142857142855,0.5714285714285714,0.06000667521562703,0.975800156128025,7.142062562730009,0.42857142857142855,7.142062562730009,0.42857142857142855,175.0,0.029225670382645376,0.056791569086651054,534.4140385766381
our_vol1,Our vol1 STNPP-GAT,44,2021-09-08,0.07,0.07000193229926045,3985,86.0,0.49142857142857144,0.5085714285714286,0.07000193229926045,0.9591523769691901,7.020214375336082,0.49142857142857144,7.020214375336082,0.49142857142857144,175.0,0.02878533625919711,0.05595984943538269,534.4140385766381
our_vol1,Our vol1 STNPP-GAT,44,2021-09-08,0.08,0.08001475573980713,4555,91.0,0.52,0.48,0.08001475573980713,0.8879131601414807,6.498801317233809,0.52,6.498801317233809,0.52,175.0,0.038058340929808566,0.07332601536772777,534.4140385766381
our_vol1,Our vol1 STNPP-GAT,44,2021-09-08,0.09,0.09001001282344055,5124,99.0,0.5657142857142857,0.4342857142857143,0.09001001282344055,0.8587041373926619,6.285015055202408,0.5657142857142857,6.285015055202408,0.5657142857142857,175.0,0.04582100214307582,0.08762685402029664,534.4140385766381
our_vol1,Our vol1 STNPP-GAT,44,2021-09-08,0.1,0.10000526990707397,5693,103.0,0.5885714285714285,0.4114285714285715,0.10000526990707397,0.8041064074789702,5.8854041303856865,0.5885714285714285,5.8854041303856865,0.5885714285714285,175.0,0.05075673680324843,0.09660987177235202,534.4140385766381
our_vol1,Our vol1 STNPP-GAT,45,2021-09-22,0.01,0.010012823440546666,570,27.0,0.13432835820895522,0.8656716417910448,0.010012823440546666,2.105263157894737,13.415632364493321,0.13432835820895522,13.415632364493321,0.13432835820895522,201.0,0.02425876010781671,0.04736842105263158,2352.3739429004554
our_vol1,Our vol1 STNPP-GAT,45,2021-09-22,0.02,0.02000808052418009,1139,46.0,0.22885572139303484,0.7711442786069651,0.02000808052418009,1.794946834455175,11.438164751309301,0.22885572139303484,11.438164751309301,0.22885572139303484,201.0,0.02060931899641577,0.04038630377524144,2352.3739429004554
our_vol1,Our vol1 STNPP-GAT,45,2021-09-22,0.03,0.030003337607813516,1708,64.0,0.31840796019900497,0.681592039800995,0.030003337607813516,1.6653655997918293,10.612418003658522,0.31840796019900497,10.612418003658522,0.31840796019900497,201.0,0.023980815347721823,0.0468384074941452,2352.3739429004554
our_vol1,Our vol1 STNPP-GAT,45,2021-09-22,0.04,0.04001616104836018,2278,70.0,0.3482587064676617,0.6517412935323383,0.04001616104836018,1.3657204175202418,8.7029514412136,0.3482587064676617,8.7029514412136,0.3482587064676617,201.0,0.021982951996410947,0.04302019315188762,2352.3739429004554
our_vol1,Our vol1 STNPP-GAT,45,2021-09-22,0.05,0.050011418131993605,2847,78.0,0.3880597014925373,0.6119402985074627,0.050011418131993605,1.21765601217656,7.759422067743475,0.3880597014925373,7.759422067743475,0.3880597014925373,201.0,0.025391680172879523,0.04952581664910432,2352.3739429004554
our_vol1,Our vol1 STNPP-GAT,45,2021-09-22,0.06,0.06000667521562703,3416,92.0,0.4577114427860697,0.5422885572139303,0.06000667521562703,1.1969815248503772,7.627675440129563,0.4577114427860697,7.627675440129563,0.4577114427860697,201.0,0.03046757164404223,0.05913348946135832,2352.3739429004554
our_vol1,Our vol1 STNPP-GAT,45,2021-09-22,0.07,0.07000193229926045,3985,102.0,0.5074626865671642,0.4925373134328358,0.07000193229926045,1.1375993308239232,7.249266840203001,0.5074626865671642,7.249266840203001,0.5074626865671642,201.0,0.03064787275313591,0.05947302383939774,2352.3739429004554
our_vol1,Our vol1 STNPP-GAT,45,2021-09-22,0.08,0.08001475573980713,4555,106.0,0.527363184079602,0.47263681592039797,0.08001475573980713,1.0342724722527137,6.590824144917564,0.527363184079602,6.590824144917564,0.527363184079602,201.0,0.03983563520146102,0.07661909989023051,2352.3739429004554
our_vol1,Our vol1 STNPP-GAT,45,2021-09-22,0.09,0.09001001282344055,5124,113.0,0.5621890547263682,0.43781094527363185,0.09001001282344055,0.9801370457108162,6.245850179236526,0.5621890547263682,6.245850179236526,0.5621890547263682,201.0,0.04688936561446522,0.0895784543325527,2352.3739429004554
our_vol1,Our vol1 STNPP-GAT,45,2021-09-22,0.1,0.10000526990707397,5693,120.0,0.5970149253731343,0.4029850746268657,0.10000526990707397,0.9368229990046255,5.9698346489928715,0.5970149253731343,5.9698346489928715,0.5970149253731343,201.0,0.05221328897514093,0.09924468645705252,2352.3739429004554
our_vol1,Our vol1 STNPP-GAT,46,2021-10-06,0.01,0.010012823440546666,570,29.0,0.14871794871794872,0.8512820512820513,0.010012823440546666,2.261208576998051,14.852748538011696,0.14871794871794872,14.852748538011696,0.14871794871794872,195.0,0.025179856115107913,0.04912280701754386,720.2327146573147
our_vol1,Our vol1 STNPP-GAT,46,2021-10-06,0.02,0.02000808052418009,1139,45.0,0.23076923076923078,0.7692307692307692,0.02000808052418009,1.7559262510974538,11.533801580333627,0.23076923076923078,11.533801580333627,0.23076923076923078,195.0,0.019695613249776187,0.038630377524143986,720.2327146573147
our_vol1,Our vol1 STNPP-GAT,46,2021-10-06,0.03,0.030003337607813516,1708,61.0,0.3128205128205128,0.6871794871794872,0.030003337607813516,1.5873015873015872,10.426190476190476,0.3128205128205128,10.426190476190476,0.3128205128205128,195.0,0.023367285799880167,0.04566744730679157,720.2327146573147
our_vol1,Our vol1 STNPP-GAT,46,2021-10-06,0.04,0.04001616104836018,2278,70.0,0.358974358974359,0.641025641025641,0.04001616104836018,1.3657204175202418,8.97073456248171,0.358974358974359,8.97073456248171,0.358974358974359,195.0,0.021753756447634,0.04258121158911326,720.2327146573147
our_vol1,Our vol1 STNPP-GAT,46,2021-10-06,0.05,0.050011418131993605,2847,78.0,0.4,0.6,0.050011418131993605,1.21765601217656,7.998173515981736,0.4,7.998173515981736,0.4,195.0,0.025391680172879523,0.04952581664910432,720.2327146573147
our_vol1,Our vol1 STNPP-GAT,46,2021-10-06,0.06,0.06000667521562703,3416,87.0,0.4461538461538462,0.5538461538461539,0.06000667521562703,1.131928181108509,7.435070257611241,0.4461538461538462,7.435070257611241,0.4461538461538462,195.0,0.02907064316915198,0.05649882903981265,720.2327146573147
our_vol1,Our vol1 STNPP-GAT,46,2021-10-06,0.07,0.07000193229926045,3985,96.0,0.49230769230769234,0.5076923076923077,0.07000193229926045,1.0706817231283983,7.032772898368884,0.49230769230769234,7.032772898368884,0.49230769230769234,195.0,0.030914500064674687,0.05997490589711418,720.2327146573147
our_vol1,Our vol1 STNPP-GAT,46,2021-10-06,0.08,0.08001475573980713,4555,103.0,0.5282051282051282,0.4717948717948718,0.08001475573980713,1.0050006098304671,6.601346505671423,0.5282051282051282,6.601346505671423,0.5282051282051282,195.0,0.03900547445255474,0.07508232711306256,720.2327146573147
our_vol1,Our vol1 STNPP-GAT,46,2021-10-06,0.09,0.09001001282344055,5124,106.0,0.5435897435897435,0.45641025641025645,0.09001001282344055,0.919420591551739,6.039214155607597,0.5435897435897435,6.039214155607597,0.5435897435897435,195.0,0.047959914101646385,0.09153005464480875,720.2327146573147
our_vol1,Our vol1 STNPP-GAT,46,2021-10-06,0.1,0.10000526990707397,5693,112.0,0.5743589743589743,0.4256410256410257,0.10000526990707397,0.8743681324043172,5.743287077697757,0.5743589743589743,5.743287077697757,0.5743589743589743,195.0,0.052602385134510495,0.09994730370630599,720.2327146573147
our_vol1,Our vol1 STNPP-GAT,47,2021-10-20,0.01,0.010012823440546666,570,26.0,0.14285714285714285,0.8571428571428572,0.010012823440546666,2.0272904483430803,14.267418546365914,0.14285714285714285,14.267418546365914,0.14285714285714285,182.0,0.02242152466367713,0.043859649122807015,2849.282249444594
our_vol1,Our vol1 STNPP-GAT,47,2021-10-20,0.02,0.02000808052418009,1139,44.0,0.24175824175824176,0.7582417582417582,0.02000808052418009,1.7169056677397325,12.083030227016181,0.24175824175824176,12.083030227016181,0.24175824175824176,182.0,0.019695613249776187,0.038630377524143986,2849.282249444594
our_vol1,Our vol1 STNPP-GAT,47,2021-10-20,0.03,0.030003337607813516,1708,56.0,0.3076923076923077,0.6923076923076923,0.030003337607813516,1.4571948998178506,10.255269320843091,0.3076923076923077,10.255269320843091,0.3076923076923077,182.0,0.0215311004784689,0.04215456674473068,2849.282249444594
our_vol1,Our vol1 STNPP-GAT,47,2021-10-20,0.04,0.04001616104836018,2278,68.0,0.37362637362637363,0.6263736263736264,0.04001616104836018,1.3266998341625207,9.336886993603413,0.37362637362637363,9.336886993603413,0.37362637362637363,182.0,0.021295673615781215,0.04170324846356453,2849.282249444594
our_vol1,Our vol1 STNPP-GAT,47,2021-10-20,0.05,0.050011418131993605,2847,72.0,0.3956043956043956,0.6043956043956045,0.050011418131993605,1.1239901650860553,7.910281499322595,0.3956043956043956,7.910281499322595,0.3956043956043956,182.0,0.025022502250225023,0.048823322795925536,2849.282249444594
our_vol1,Our vol1 STNPP-GAT,47,2021-10-20,0.06,0.06000667521562703,3416,78.0,0.42857142857142855,0.5714285714285714,0.06000667521562703,1.014832162373146,7.142062562730009,0.42857142857142855,7.142062562730009,0.42857142857142855,182.0,0.027986758952753536,0.05444964871194379,2849.282249444594
our_vol1,Our vol1 STNPP-GAT,47,2021-10-20,0.07,0.07000193229926045,3985,83.0,0.45604395604395603,0.543956043956044,0.07000193229926045,0.9256935731214276,6.514733823265819,0.45604395604395603,6.514733823265819,0.45604395604395603,182.0,0.029715762273901807,0.05771643663739021,2849.282249444594
our_vol1,Our vol1 STNPP-GAT,47,2021-10-20,0.08,0.08001475573980713,4555,95.0,0.521978021978022,0.478021978021978,0.08001475573980713,0.9269423100378095,6.523522032303591,0.521978021978022,6.523522032303591,0.521978021978022,182.0,0.03711293260473588,0.07156970362239297,2849.282249444594
our_vol1,Our vol1 STNPP-GAT,47,2021-10-20,0.09,0.09001001282344055,5124,97.0,0.532967032967033,0.46703296703296704,0.09001001282344055,0.8413565790614971,5.921197167391546,0.532967032967033,5.921197167391546,0.532967032967033,182.0,0.04688936561446522,0.0895784543325527,2849.282249444594
our_vol1,Our vol1 STNPP-GAT,47,2021-10-20,0.1,0.10000526990707397,5693,103.0,0.5659340659340659,0.4340659340659341,0.10000526990707397,0.8041064074789702,5.659042433063161,0.5659340659340659,5.659042433063161,0.5659340659340659,182.0,0.050950710725493814,0.09696118039697875,2849.282249444594
our_vol1,Our vol1 STNPP-GAT,48,2021-11-03,0.01,0.010012823440546666,570,38.0,0.19095477386934673,0.8090452261306533,0.010012823440546666,2.9629629629629632,19.071021775544388,0.19095477386934673,19.071021775544388,0.19095477386934673,199.0,0.033544877606527655,0.06491228070175438,1885.518199811853
our_vol1,Our vol1 STNPP-GAT,48,2021-11-03,0.02,0.02000808052418009,1139,56.0,0.2814070351758794,0.7185929648241206,0.02000808052418009,2.185152668032387,14.06466926379042,0.2814070351758794,14.06466926379042,0.2814070351758794,199.0,0.024741340530814216,0.048287971905179985,1885.518199811853
our_vol1,Our vol1 STNPP-GAT,48,2021-11-03,0.03,0.030003337607813516,1708,74.0,0.37185929648241206,0.6281407035175879,0.030003337607813516,1.9255789747593026,12.39393101338072,0.37185929648241206,12.39393101338072,0.37185929648241206,199.0,0.02613397416641634,0.050936768149882905,1885.518199811853
our_vol1,Our vol1 STNPP-GAT,48,2021-11-03,0.04,0.04001616104836018,2278,81.0,0.40703517587939697,0.592964824120603,0.04001616104836018,1.5803336259877085,10.171769735419856,0.40703517587939697,10.171769735419856,0.40703517587939697,199.0,0.024510906228918373,0.04784899034240562,1885.518199811853
our_vol1,Our vol1 STNPP-GAT,48,2021-11-03,0.05,0.050011418131993605,2847,88.0,0.44221105527638194,0.5577889447236181,0.050011418131993605,1.3737657573274011,8.842201876964733,0.44221105527638194,8.842201876964733,0.44221105527638194,199.0,0.02650081124932396,0.051633298208640675,1885.518199811853
our_vol1,Our vol1 STNPP-GAT,48,2021-11-03,0.06,0.06000667521562703,3416,100.0,0.5025125628140703,0.4974874371859297,0.06000667521562703,1.3010668748373666,8.37427771174373,0.5025125628140703,8.37427771174373,0.5025125628140703,199.0,0.029846246608381068,0.057962529274004686,1885.518199811853
our_vol1,Our vol1 STNPP-GAT,48,2021-11-03,0.07,0.07000193229926045,3985,107.0,0.5376884422110553,0.4623115577889447,0.07000193229926045,1.1933640039035271,7.681051430300815,0.5376884422110553,7.681051430300815,0.5376884422110553,199.0,0.03238341968911917,0.06273525721455459,1885.518199811853
our_vol1,Our vol1 STNPP-GAT,48,2021-11-03,0.08,0.08001475573980713,4555,117.0,0.5879396984924623,0.4120603015075377,0.08001475573980713,1.141602634467618,7.347890936570889,0.5879396984924623,7.347890936570889,0.5879396984924623,199.0,0.037940070639170556,0.07310647639956092,1885.518199811853
our_vol1,Our vol1 STNPP-GAT,48,2021-11-03,0.09,0.09001001282344055,5124,124.0,0.6231155778894473,0.37688442211055273,0.09001001282344055,1.075548616532223,6.92273624170815,0.6231155778894473,6.92273624170815,0.6231155778894473,199.0,0.04785276073619632,0.09133489461358314,1885.518199811853
our_vol1,Our vol1 STNPP-GAT,48,2021-11-03,0.1,0.10000526990707397,5693,128.0,0.6432160804020101,0.35678391959798994,0.10000526990707397,0.9992778656049339,6.431821852985285,0.6432160804020101,6.431821852985285,0.6432160804020101,199.0,0.05192165558019216,0.09871772352011242,1885.518199811853
our_vol1,Our vol1 STNPP-GAT,49,2021-11-17,0.01,0.010012823440546666,570,24.0,0.13259668508287292,0.8674033149171271,0.010012823440546666,1.8713450292397662,13.242686827566152,0.13259668508287292,13.242686827566152,0.13259668508287292,181.0,0.01967799642218247,0.03859649122807018,1489.6998158613053
our_vol1,Our vol1 STNPP-GAT,49,2021-11-17,0.02,0.02000808052418009,1139,40.0,0.22099447513812154,0.7790055248618785,0.02000808052418009,1.5608233343088478,11.045261181903289,0.22099447513812154,11.045261181903289,0.22099447513812154,181.0,0.017418490397498883,0.03424056189640035,1489.6998158613053
our_vol1,Our vol1 STNPP-GAT,49,2021-11-17,0.03,0.030003337607813516,1708,56.0,0.30939226519337015,0.6906077348066298,0.030003337607813516,1.4571948998178506,10.311928267367085,0.30939226519337015,10.311928267367085,0.30939226519337015,181.0,0.02092050209205021,0.040983606557377046,1489.6998158613053
our_vol1,Our vol1 STNPP-GAT,49,2021-11-17,0.04,0.04001616104836018,2278,67.0,0.3701657458563536,0.6298342541436464,0.04001616104836018,1.3071895424836601,9.250406239844004,0.3701657458563536,9.250406239844004,0.3701657458563536,181.0,0.020838001344387184,0.040825285338015806,1489.6998158613053
our_vol1,Our vol1 STNPP-GAT,49,2021-11-17,0.05,0.050011418131993605,2847,77.0,0.425414364640884,0.574585635359116,0.050011418131993605,1.202045037661476,8.506344761472288,0.425414364640884,8.506344761472288,0.425414364640884,181.0,0.02410071942446043,0.047067088162978575,1489.6998158613053
our_vol1,Our vol1 STNPP-GAT,49,2021-11-17,0.06,0.06000667521562703,3416,87.0,0.48066298342541436,0.5193370165745856,0.06000667521562703,1.131928181108509,8.01015856482979,0.48066298342541436,8.01015856482979,0.48066298342541436,181.0,0.027522935779816515,0.05357142857142857,1489.6998158613053
our_vol1,Our vol1 STNPP-GAT,49,2021-11-17,0.07,0.07000193229926045,3985,92.0,0.5082872928176796,0.4917127071823204,0.07000193229926045,1.026069984664715,7.261046604324227,0.5082872928176796,7.261046604324227,0.5082872928176796,181.0,0.030514610809412982,0.05922208281053953,1489.6998158613053
our_vol1,Our vol1 STNPP-GAT,49,2021-11-17,0.08,0.08001475573980713,4555,100.0,0.5524861878453039,0.4475138121546961,0.08001475573980713,0.9757287474082206,6.904803779466436,0.5524861878453039,6.904803779466436,0.5524861878453039,181.0,0.035227272727272725,0.06805708013172337,1489.6998158613053
our_vol1,Our vol1 STNPP-GAT,49,2021-11-17,0.09,0.09001001282344055,5124,108.0,0.5966850828729282,0.4033149171270718,0.09001001282344055,0.9367681498829039,6.629096743307413,0.5966850828729282,6.629096743307413,0.5966850828729282,181.0,0.04220482050238991,0.08099141295862608,1489.6998158613053
our_vol1,Our vol1 STNPP-GAT,49,2021-11-17,0.1,0.10000526990707397,5693,112.0,0.6187845303867403,0.3812154696132597,0.10000526990707397,0.8743681324043172,6.1875192273539374,0.6187845303867403,6.1875192273539374,0.6187845303867403,181.0,0.049207519351271656,0.09379940277533813,1489.6998158613053
our_vol1,Our vol1 STNPP-GAT,50,2021-12-01,0.01,0.010012823440546666,570,39.0,0.15476190476190477,0.8452380952380952,0.010012823440546666,3.04093567251462,15.456370091896407,0.15476190476190477,15.456370091896407,0.15476190476190477,252.0,0.033544877606527655,0.06491228070175438,970.3661144305911
our_vol1,Our vol1 STNPP-GAT,50,2021-12-01,0.02,0.02000808052418009,1139,61.0,0.24206349206349206,0.7579365079365079,0.02000808052418009,2.380255584820993,12.098286578312917,0.24206349206349206,12.098286578312917,0.24206349206349206,252.0,0.02658855340243353,0.05179982440737489,970.3661144305911
our_vol1,Our vol1 STNPP-GAT,50,2021-12-01,0.03,0.030003337607813516,1708,74.0,0.29365079365079366,0.7063492063492063,0.030003337607813516,1.9255789747593026,9.787270919296681,0.29365079365079366,9.787270919296681,0.29365079365079366,252.0,0.02675082657048392,0.052107728337236536,970.3661144305911
our_vol1,Our vol1 STNPP-GAT,50,2021-12-01,0.04,0.04001616104836018,2278,88.0,0.3492063492063492,0.6507936507936508,0.04001616104836018,1.7169056677397325,8.726632941733907,0.3492063492063492,8.726632941733907,0.3492063492063492,252.0,0.024971878515185602,0.048726953467954345,970.3661144305911
our_vol1,Our vol1 STNPP-GAT,50,2021-12-01,0.05,0.050011418131993605,2847,94.0,0.373015873015873,0.626984126984127,0.050011418131993605,1.4674316044179057,7.458614191490904,0.373015873015873,7.458614191490904,0.373015873015873,252.0,0.0261308343845738,0.05093080435546189,970.3661144305911
our_vol1,Our vol1 STNPP-GAT,50,2021-12-01,0.06,0.06000667521562703,3416,99.0,0.39285714285714285,0.6071428571428572,0.06000667521562703,1.288056206088993,6.546890682502509,0.39285714285714285,6.546890682502509,0.39285714285714285,252.0,0.029225670382645376,0.056791569086651054,970.3661144305911
our_vol1,Our vol1 STNPP-GAT,50,2021-12-01,0.07,0.07000193229926045,3985,111.0,0.44047619047619047,0.5595238095238095,0.07000193229926045,1.2379757423672104,6.292343311226624,0.44047619047619047,6.292343311226624,0.44047619047619047,252.0,0.03278476091745497,0.06348808030112923,970.3661144305911
our_vol1,Our vol1 STNPP-GAT,50,2021-12-01,0.08,0.08001475573980713,4555,122.0,0.48412698412698413,0.5158730158730158,0.08001475573980713,1.190389071838029,6.050471311832453,0.48412698412698413,6.050471311832453,0.48412698412698413,252.0,0.03664087391898043,0.07069154774972558,970.3661144305911
our_vol1,Our vol1 STNPP-GAT,50,2021-12-01,0.09,0.09001001282344055,5124,130.0,0.5158730158730159,0.4841269841269841,0.09001001282344055,1.1275912915257178,5.73128477256112,0.5158730158730159,5.73128477256112,0.5158730158730159,252.0,0.0436908035441491,0.08372365339578454,970.3661144305911
our_vol1,Our vol1 STNPP-GAT,50,2021-12-01,0.1,0.10000526990707397,5693,137.0,0.5436507936507936,0.4563492063492064,0.10000526990707397,1.069539590530281,5.436221452689044,0.5436507936507936,5.436221452689044,0.5436507936507936,252.0,0.05114475627769571,0.09731248902160548,970.3661144305911
our_vol1,Our vol1 STNPP-GAT,51,2021-12-15,0.01,0.010012823440546666,570,32.0,0.17204301075268819,0.8279569892473118,0.010012823440546666,2.4951267056530217,17.182267496698735,0.17204301075268819,17.182267496698735,0.17204301075268819,186.0,0.027953110910730387,0.054385964912280704,288.0755297245683
our_vol1,Our vol1 STNPP-GAT,51,2021-12-15,0.02,0.02000808052418009,1139,45.0,0.24193548387096775,0.7580645161290323,0.02000808052418009,1.7559262510974538,12.091888753575576,0.24193548387096775,12.091888753575576,0.24193548387096775,186.0,0.020152261531571878,0.03950834064969271,288.0755297245683
our_vol1,Our vol1 STNPP-GAT,51,2021-12-15,0.03,0.030003337607813516,1708,56.0,0.3010752688172043,0.6989247311827957,0.030003337607813516,1.4571948998178506,10.034725894588401,0.3010752688172043,10.034725894588401,0.3010752688172043,186.0,0.0215311004784689,0.04215456674473068,288.0755297245683
our_vol1,Our vol1 STNPP-GAT,51,2021-12-15,0.04,0.04001616104836018,2278,69.0,0.3709677419354839,0.6290322580645161,0.04001616104836018,1.3462101258413812,9.270448044407942,0.3709677419354839,9.270448044407942,0.3709677419354839,186.0,0.021753756447634,0.04258121158911326,288.0755297245683
our_vol1,Our vol1 STNPP-GAT,51,2021-12-15,0.05,0.050011418131993605,2847,78.0,0.41935483870967744,0.5806451612903225,0.050011418131993605,1.21765601217656,8.385181911916336,0.41935483870967744,8.385181911916336,0.41935483870967744,186.0,0.024469233537243614,0.04776958201615736,288.0755297245683
our_vol1,Our vol1 STNPP-GAT,51,2021-12-15,0.06,0.06000667521562703,3416,86.0,0.46236559139784944,0.5376344086021505,0.06000667521562703,1.1189175123601354,7.7052359547732365,0.46236559139784944,7.7052359547732365,0.46236559139784944,186.0,0.02783210470889123,0.054156908665105384,288.0755297245683
our_vol1,Our vol1 STNPP-GAT,51,2021-12-15,0.07,0.07000193229926045,3985,89.0,0.478494623655914,0.521505376344086,0.07000193229926045,0.9926111808169525,6.835448793189515,0.478494623655914,6.835448793189515,0.478494623655914,186.0,0.030914500064674687,0.05997490589711418,288.0755297245683
our_vol1,Our vol1 STNPP-GAT,51,2021-12-15,0.08,0.08001475573980713,4555,93.0,0.5,0.5,0.08001475573980713,0.9074277350896451,6.248847420417124,0.5,6.248847420417124,0.5,186.0,0.03499204726198591,0.06761800219538969,288.0755297245683
our_vol1,Our vol1 STNPP-GAT,51,2021-12-15,0.09,0.09001001282344055,5124,102.0,0.5483870967741935,0.4516129032258065,0.09001001282344055,0.8847254748894092,6.092512150285814,0.5483870967741935,6.092512150285814,0.5483870967741935,186.0,0.04220482050238991,0.08099141295862608,288.0755297245683
our_vol1,Our vol1 STNPP-GAT,51,2021-12-15,0.1,0.10000526990707397,5693,110.0,0.5913978494623656,0.4086021505376344,0.10000526990707397,0.85875441575424,5.913666849876003,0.5913978494623656,5.913666849876003,0.5913978494623656,186.0,0.04940092165898618,0.09415071139996486,288.0755297245683
our_vol1,Our vol1 STNPP-GAT,52,2021-12-29,0.01,0.010012823440546666,570,22.0,0.1073170731707317,0.8926829268292683,0.010012823440546666,1.7153996101364524,10.717963200684638,0.1073170731707317,10.717963200684638,0.1073170731707317,205.0,0.016042780748663103,0.031578947368421054,1554.980601478195
our_vol1,Our vol1 STNPP-GAT,52,2021-12-29,0.02,0.02000808052418009,1139,44.0,0.2146341463414634,0.7853658536585366,0.02000808052418009,1.7169056677397325,10.727373177155828,0.2146341463414634,10.727373177155828,0.2146341463414634,205.0,0.018328118015198926,0.035996488147497806,1554.980601478195
our_vol1,Our vol1 STNPP-GAT,52,2021-12-29,0.03,0.030003337607813516,1708,52.0,0.25365853658536586,0.7463414634146341,0.030003337607813516,1.3531095498308614,8.454343976695036,0.25365853658536586,8.454343976695036,0.25365853658536586,205.0,0.01939719486720382,0.038056206088992975,1554.980601478195
our_vol1,Our vol1 STNPP-GAT,52,2021-12-29,0.04,0.04001616104836018,2278,68.0,0.33170731707317075,0.6682926829268292,0.04001616104836018,1.3266998341625207,8.289333818711322,0.33170731707317075,8.289333818711322,0.33170731707317075,205.0,0.021524663677130046,0.04214223002633889,1554.980601478195
our_vol1,Our vol1 STNPP-GAT,52,2021-12-29,0.05,0.050011418131993605,2847,78.0,0.3804878048780488,0.6195121951219512,0.050011418131993605,1.21765601217656,7.60801871032409,0.3804878048780488,7.60801871032409,0.3804878048780488,205.0,0.023548445083587992,0.0460133473832104,1554.980601478195
our_vol1,Our vol1 STNPP-GAT,52,2021-12-29,0.06,0.06000667521562703,3416,85.0,0.4146341463414634,0.5853658536585367,0.06000667521562703,1.1059068436117616,6.909800365568058,0.4146341463414634,6.909800365568058,0.4146341463414634,205.0,0.026442307692307692,0.05152224824355972,1554.980601478195
our_vol1,Our vol1 STNPP-GAT,52,2021-12-29,0.07,0.07000193229926045,3985,87.0,0.424390243902439,0.575609756097561,0.07000193229926045,0.9703053115851109,6.062550417725006,0.424390243902439,6.062550417725006,0.424390243902439,205.0,0.029981907469630396,0.05821831869510665,1554.980601478195
our_vol1,Our vol1 STNPP-GAT,52,2021-12-29,0.08,0.08001475573980713,4555,95.0,0.4634146341463415,0.5365853658536586,0.08001475573980713,0.9269423100378095,5.791614682337823,0.4634146341463415,5.791614682337823,0.4634146341463415,205.0,0.034287011807447774,0.06630076838638858,1554.980601478195
our_vol1,Our vol1 STNPP-GAT,52,2021-12-29,0.09,0.09001001282344055,5124,101.0,0.4926829268292683,0.5073170731707317,0.09001001282344055,0.8760516957238268,5.4736457797833244,0.4926829268292683,5.4736457797833244,0.4926829268292683,205.0,0.0417810308020738,0.08021077283372366,1554.980601478195
our_vol1,Our vol1 STNPP-GAT,52,2021-12-29,0.1,0.10000526990707397,5693,106.0,0.5170731707317073,0.48292682926829267,0.10000526990707397,0.827526982454086,5.170459228920412,0.5170731707317073,5.170459228920412,0.5170731707317073,205.0,0.04940092165898618,0.09415071139996486,1554.980601478195
our_vol1,Our vol1 STNPP-GAT,53,2022-01-12,0.01,0.010012823440546666,570,43.0,0.2037914691943128,0.7962085308056872,0.010012823440546666,3.352826510721248,20.353047310218674,0.2037914691943128,20.353047310218674,0.2037914691943128,211.0,0.0373066424021838,0.07192982456140351,330.7559821577326
our_vol1,Our vol1 STNPP-GAT,53,2022-01-12,0.02,0.02000808052418009,1139,64.0,0.3033175355450237,0.6966824644549763,0.02000808052418009,2.4973173348941566,15.159751840185747,0.3033175355450237,15.159751840185747,0.3033175355450237,211.0,0.027978339350180504,0.05443371378402107,330.7559821577326
our_vol1,Our vol1 STNPP-GAT,53,2022-01-12,0.03,0.030003337607813516,1708,73.0,0.3459715639810427,0.6540284360189573,0.030003337607813516,1.8995576372625553,11.531102589431391,0.3459715639810427,11.531102589431391,0.3459715639810427,211.0,0.025825825825825825,0.05035128805620609,330.7559821577326
our_vol1,Our vol1 STNPP-GAT,53,2022-01-12,0.04,0.04001616104836018,2278,78.0,0.3696682464454976,0.6303317535545023,0.04001616104836018,1.5218027509511267,9.237973777613188,0.3696682464454976,9.237973777613188,0.3696682464454976,211.0,0.023590204448438554,0.046093064091308165,330.7559821577326
our_vol1,Our vol1 STNPP-GAT,53,2022-01-12,0.05,0.050011418131993605,2847,85.0,0.4028436018957346,0.5971563981042654,0.050011418131993605,1.3269328337821487,8.055032569412885,0.4028436018957346,8.055032569412885,0.4028436018957346,211.0,0.024469233537243614,0.04776958201615736,330.7559821577326
our_vol1,Our vol1 STNPP-GAT,53,2022-01-12,0.06,0.06000667521562703,3416,94.0,0.44549763033175355,0.5545023696682465,0.06000667521562703,1.2230028623471247,7.424134543880484,0.44549763033175355,7.424134543880484,0.44549763033175355,211.0,0.027522935779816515,0.05357142857142857,330.7559821577326
our_vol1,Our vol1 STNPP-GAT,53,2022-01-12,0.07,0.07000193229926045,3985,100.0,0.47393364928909953,0.5260663507109005,0.07000193229926045,1.1152934615920815,6.7702938150766805,0.47393364928909953,6.7702938150766805,0.47393364928909953,211.0,0.030914500064674687,0.05997490589711418,330.7559821577326
our_vol1,Our vol1 STNPP-GAT,53,2022-01-12,0.08,0.08001475573980713,4555,115.0,0.5450236966824644,0.4549763033175356,0.08001475573980713,1.1220880595194536,6.811539842160846,0.5450236966824644,6.811539842160846,0.5450236966824644,211.0,0.035698044565711684,0.06893523600439078,330.7559821577326
our_vol1,Our vol1 STNPP-GAT,53,2022-01-12,0.09,0.09001001282344055,5124,116.0,0.5497630331753555,0.45023696682464454,0.09001001282344055,1.0061583832075636,6.107798631844937,0.5497630331753555,6.107798631844937,0.5497630331753555,211.0,0.042628955132770374,0.08177205308352849,330.7559821577326
our_vol1,Our vol1 STNPP-GAT,53,2022-01-12,0.1,0.10000526990707397,5693,124.0,0.5876777251184834,0.4123222748815166,0.10000526990707397,0.9680504323047797,5.876467566804831,0.5876777251184834,5.876467566804831,0.5876777251184834,211.0,0.050659776690966135,0.09643421746003865,330.7559821577326
our_vol1,Our vol1 STNPP-GAT,54,2022-01-26,0.01,0.010012823440546666,570,29.0,0.16111111111111112,0.8388888888888889,0.010012823440546666,2.261208576998051,16.090477582846002,0.16111111111111112,16.090477582846002,0.16111111111111112,180.0,0.02333931777378815,0.0456140350877193,2504.676487282423
our_vol1,Our vol1 STNPP-GAT,54,2022-01-26,0.02,0.02000808052418009,1139,36.0,0.2,0.8,0.02000808052418009,1.404741000877963,9.995961369622476,0.2,9.995961369622476,0.2,180.0,0.015151515151515152,0.029850746268656716,2504.676487282423
our_vol1,Our vol1 STNPP-GAT,54,2022-01-26,0.03,0.030003337607813516,1708,47.0,0.2611111111111111,0.7388888888888889,0.030003337607813516,1.2230028623471247,8.702735493104345,0.2611111111111111,8.702735493104345,0.2611111111111111,180.0,0.017878426698450536,0.0351288056206089,2504.676487282423
our_vol1,Our vol1 STNPP-GAT,54,2022-01-26,0.04,0.04001616104836018,2278,59.0,0.3277777777777778,0.6722222222222223,0.04001616104836018,1.1511072090527752,8.191135011218417,0.3277777777777778,8.191135011218417,0.3277777777777778,180.0,0.018783542039355994,0.03687445127304653,2504.676487282423
our_vol1,Our vol1 STNPP-GAT,54,2022-01-26,0.05,0.050011418131993605,2847,65.0,0.3611111111111111,0.6388888888888888,0.050011418131993605,1.0147133434804667,7.220573313039067,0.3611111111111111,7.220573313039067,0.3611111111111111,180.0,0.020247267514782296,0.039690902704601336,2504.676487282423
our_vol1,Our vol1 STNPP-GAT,54,2022-01-26,0.06,0.06000667521562703,3416,67.0,0.37222222222222223,0.6277777777777778,0.06000667521562703,0.8717148061410357,6.203013596148842,0.37222222222222223,6.203013596148842,0.37222222222222223,180.0,0.02352059925093633,0.04596018735362998,2504.676487282423
our_vol1,Our vol1 STNPP-GAT,54,2022-01-26,0.07,0.07000193229926045,3985,73.0,0.40555555555555556,0.5944444444444444,0.07000193229926045,0.8141642269622195,5.793490868534784,0.40555555555555556,5.793490868534784,0.40555555555555556,180.0,0.027061855670103094,0.05269761606022585,2504.676487282423
our_vol1,Our vol1 STNPP-GAT,54,2022-01-26,0.08,0.08001475573980713,4555,83.0,0.46111111111111114,0.5388888888888889,0.08001475573980713,0.809854860348823,5.762825954384681,0.46111111111111114,5.762825954384681,0.46111111111111114,180.0,0.03229461756373938,0.06256860592755215,2504.676487282423
our_vol1,Our vol1 STNPP-GAT,54,2022-01-26,0.09,0.09001001282344055,5124,88.0,0.4888888888888889,0.5111111111111111,0.09001001282344055,0.7632925665712551,5.43149449215023,0.4888888888888889,5.43149449215023,0.4888888888888889,180.0,0.04061738424045491,0.078064012490242,2504.676487282423
our_vol1,Our vol1 STNPP-GAT,54,2022-01-26,0.1,0.10000526990707397,5693,97.0,0.5388888888888889,0.46111111111111114,0.10000526990707397,0.757265257528739,5.388604914417316,0.5388888888888889,5.388604914417316,0.5388888888888889,180.0,0.047952139898757476,0.09151589671526436,2504.676487282423
our_vol1,Our vol1 STNPP-GAT,55,2022-02-09,0.01,0.010012823440546666,570,28.0,0.14583333333333334,0.8541666666666666,0.010012823440546666,2.183235867446394,14.564656432748539,0.14583333333333334,14.564656432748539,0.14583333333333334,192.0,0.021505376344086023,0.042105263157894736,1541.6757218329278
our_vol1,Our vol1 STNPP-GAT,55,2022-02-09,0.02,0.02000808052418009,1139,40.0,0.20833333333333334,0.7916666666666666,0.02000808052418009,1.5608233343088478,10.412459760023413,0.20833333333333334,10.412459760023413,0.20833333333333334,192.0,0.01651048639000446,0.0324846356453029,1541.6757218329278
our_vol1,Our vol1 STNPP-GAT,55,2022-02-09,0.03,0.030003337607813516,1708,49.0,0.2552083333333333,0.7447916666666667,0.030003337607813516,1.2750455373406193,8.505998121584698,0.2552083333333333,8.505998121584698,0.2552083333333333,192.0,0.018789144050104383,0.036885245901639344,1541.6757218329278
our_vol1,Our vol1 STNPP-GAT,55,2022-02-09,0.04,0.04001616104836018,2278,56.0,0.2916666666666667,0.7083333333333333,0.04001616104836018,1.0925763340161936,7.28872183201639,0.2916666666666667,7.28872183201639,0.2916666666666667,192.0,0.018328118015198926,0.035996488147497806,1541.6757218329278
our_vol1,Our vol1 STNPP-GAT,55,2022-02-09,0.05,0.050011418131993605,2847,71.0,0.3697916666666667,0.6302083333333333,0.050011418131993605,1.1083791905709712,7.394144786910198,0.3697916666666667,7.394144786910198,0.3697916666666667,192.0,0.022996766079770033,0.04495960660344222,1541.6757218329278
our_vol1,Our vol1 STNPP-GAT,55,2022-02-09,0.06,0.06000667521562703,3416,75.0,0.390625,0.609375,0.06000667521562703,0.975800156128025,6.5096924399882905,0.390625,6.5096924399882905,0.390625,192.0,0.025363950172594928,0.049473067915690866,1541.6757218329278
our_vol1,Our vol1 STNPP-GAT,55,2022-02-09,0.07,0.07000193229926045,3985,82.0,0.4270833333333333,0.5729166666666667,0.07000193229926045,0.9145406385055068,6.101022061898787,0.4270833333333333,6.101022061898787,0.4270833333333333,192.0,0.028254418784672945,0.05495608531994981,1541.6757218329278
our_vol1,Our vol1 STNPP-GAT,55,2022-02-09,0.08,0.08001475573980713,4555,88.0,0.4583333333333333,0.5416666666666667,0.08001475573980713,0.858641297719234,5.728110135382363,0.4583333333333333,5.728110135382363,0.4583333333333333,192.0,0.032060722782372264,0.062129527991218444,1541.6757218329278
our_vol1,Our vol1 STNPP-GAT,55,2022-02-09,0.09,0.09001001282344055,5124,96.0,0.5,0.5,0.09001001282344055,0.8326827998959146,5.554937548790008,0.5,5.554937548790008,0.5,192.0,0.0409344845099035,0.07864949258391882,1541.6757218329278
our_vol1,Our vol1 STNPP-GAT,55,2022-02-09,0.1,0.10000526990707397,5693,102.0,0.53125,0.46875,0.10000526990707397,0.7962995491539318,5.312220050939751,0.53125,5.312220050939751,0.53125,192.0,0.04911084492766977,0.09362374846302476,1541.6757218329278
our_vol1,Our vol1 STNPP-GAT,56,2022-02-23,0.01,0.010012823440546666,570,27.0,0.16265060240963855,0.8373493975903614,0.010012823440546666,2.105263157894737,16.24422954977806,0.16265060240963855,16.24422954977806,0.16265060240963855,166.0,0.02333931777378815,0.0456140350877193,2675.0159371244035
our_vol1,Our vol1 STNPP-GAT,56,2022-02-23,0.02,0.02000808052418009,1139,44.0,0.26506024096385544,0.7349397590361446,0.02000808052418009,1.7169056677397325,13.24765964648762,0.26506024096385544,13.24765964648762,0.26506024096385544,166.0,0.01923937360178971,0.03775241439859526,2675.0159371244035
our_vol1,Our vol1 STNPP-GAT,56,2022-02-23,0.03,0.030003337607813516,1708,52.0,0.3132530120481928,0.6867469879518072,0.030003337607813516,1.3531095498308614,10.440605513388448,0.3132530120481928,10.440605513388448,0.3132530120481928,166.0,0.020005971931919976,0.039227166276346606,2675.0159371244035
our_vol1,Our vol1 STNPP-GAT,56,2022-02-23,0.04,0.04001616104836018,2278,64.0,0.3855421686746988,0.6144578313253012,0.04001616104836018,1.2486586674470783,9.634661561081906,0.3855421686746988,9.634661561081906,0.3855421686746988,166.0,0.02060931899641577,0.04038630377524144,2675.0159371244035
our_vol1,Our vol1 STNPP-GAT,56,2022-02-23,0.05,0.050011418131993605,2847,72.0,0.43373493975903615,0.5662650602409638,0.050011418131993605,1.1239901650860553,8.67271827034164,0.43373493975903615,8.67271827034164,0.43373493975903615,166.0,0.021711824869908487,0.042500878117316475,2675.0159371244035
our_vol1,Our vol1 STNPP-GAT,56,2022-02-23,0.06,0.06000667521562703,3416,79.0,0.4759036144578313,0.5240963855421688,0.06000667521562703,1.0278428311215198,7.930844572670071,0.4759036144578313,7.930844572670071,0.4759036144578313,166.0,0.025825825825825825,0.05035128805620609,2675.0159371244035
our_vol1,Our vol1 STNPP-GAT,56,2022-02-23,0.07,0.07000193229926045,3985,84.0,0.5060240963855421,0.49397590361445787,0.07000193229926045,0.9368465077373485,7.228716119181872,0.5060240963855421,7.228716119181872,0.5060240963855421,166.0,0.02918388429752066,0.05671267252195734,2675.0159371244035
our_vol1,Our vol1 STNPP-GAT,56,2022-02-23,0.08,0.08001475573980713,4555,89.0,0.536144578313253,0.463855421686747,0.08001475573980713,0.8683985851933163,6.700571330326795,0.536144578313253,6.700571330326795,0.536144578313253,166.0,0.03358293623780349,0.06498353457738748,2675.0159371244035
our_vol1,Our vol1 STNPP-GAT,56,2022-02-23,0.09,0.09001001282344055,5124,97.0,0.5843373493975904,0.4156626506024096,0.09001001282344055,0.8413565790614971,6.491914966658202,0.5843373493975904,6.491914966658202,0.5843373493975904,166.0,0.041463414634146344,0.07962529274004684,2675.0159371244035
our_vol1,Our vol1 STNPP-GAT,56,2022-02-23,0.1,0.10000526990707397,5693,99.0,0.5963855421686747,0.4036144578313253,0.10000526990707397,0.7728789741788161,5.963541148609897,0.5963855421686747,5.963541148609897,0.5963855421686747,166.0,0.049691158845763805,0.09467767433690497,2675.0159371244035
our_vol1,Our vol1 STNPP-GAT,57,2022-03-09,0.01,0.010012823440546666,570,22.0,0.11827956989247312,0.8817204301075269,0.010012823440546666,1.7153996101364524,11.81280890398038,0.11827956989247312,11.81280890398038,0.11827956989247312,186.0,0.017857142857142856,0.03508771929824561,210.09342206218895
our_vol1,Our vol1 STNPP-GAT,57,2022-03-09,0.02,0.02000808052418009,1139,36.0,0.1935483870967742,0.8064516129032258,0.02000808052418009,1.404741000877963,9.673511002860462,0.1935483870967742,9.673511002860462,0.1935483870967742,186.0,0.016057091882247992,0.03160667251975417,210.09342206218895
our_vol1,Our vol1 STNPP-GAT,57,2022-03-09,0.03,0.030003337607813516,1708,43.0,0.23118279569892472,0.7688172043010753,0.030003337607813516,1.1189175123601354,7.7052359547732365,0.23118279569892472,7.7052359547732365,0.23118279569892472,186.0,0.01636417732817614,0.032201405152224825,210.09342206218895
our_vol1,Our vol1 STNPP-GAT,57,2022-03-09,0.04,0.04001616104836018,2278,52.0,0.27956989247311825,0.7204301075268817,0.04001616104836018,1.014535167300751,6.986424613176999,0.27956989247311825,6.986424613176999,0.27956989247311825,186.0,0.018783542039355994,0.03687445127304653,210.09342206218895
our_vol1,Our vol1 STNPP-GAT,57,2022-03-09,0.05,0.050011418131993605,2847,58.0,0.3118279569892473,0.6881720430107527,0.050011418131993605,0.905436521874878,6.235135267835224,0.3118279569892473,6.235135267835224,0.3118279569892473,186.0,0.01933404940923738,0.037934668071654375,210.09342206218895
our_vol1,Our vol1 STNPP-GAT,57,2022-03-09,0.06,0.06000667521562703,3416,70.0,0.3763440860215054,0.6236559139784946,0.06000667521562703,0.9107468123861566,6.2717036841177505,0.3763440860215054,6.2717036841177505,0.3763440860215054,186.0,0.025363950172594928,0.049473067915690866,210.09342206218895
our_vol1,Our vol1 STNPP-GAT,57,2022-03-09,0.07,0.07000193229926045,3985,74.0,0.3978494623655914,0.6021505376344086,0.07000193229926045,0.8253171615781403,5.683406861753079,0.3978494623655914,5.683406861753079,0.3978494623655914,186.0,0.028254418784672945,0.05495608531994981,210.09342206218895
our_vol1,Our vol1 STNPP-GAT,57,2022-03-09,0.08,0.08001475573980713,4555,83.0,0.44623655913978494,0.553763440860215,0.08001475573980713,0.809854860348823,5.576928342952916,0.44623655913978494,5.576928342952916,0.44623655913978494,186.0,0.03252861838376969,0.06300768386388585,210.09342206218895
our_vol1,Our vol1 STNPP-GAT,57,2022-03-09,0.09,0.09001001282344055,5124,91.0,0.489247311827957,0.510752688172043,0.09001001282344055,0.7893139040680024,5.435476526235384,0.489247311827957,5.435476526235384,0.489247311827957,186.0,0.04082876294942109,0.07845433255269321,210.09342206218895
our_vol1,Our vol1 STNPP-GAT,57,2022-03-09,0.1,0.10000526990707397,5693,97.0,0.521505376344086,0.478494623655914,0.10000526990707397,0.757265257528739,5.214778949436112,0.521505376344086,5.214778949436112,0.521505376344086,186.0,0.04930421159340153,0.0939750570876515,210.09342206218895
our_vol1,Our vol1 STNPP-GAT,58,2022-03-23,0.01,0.010012823440546666,570,36.0,0.17733990147783252,0.8226600985221675,0.010012823440546666,2.8070175438596494,17.71127819548872,0.17733990147783252,17.71127819548872,0.17733990147783252,203.0,0.03260869565217391,0.06315789473684211,1378.0781963533818
our_vol1,Our vol1 STNPP-GAT,58,2022-03-23,0.02,0.02000808052418009,1139,46.0,0.22660098522167488,0.7733990147783252,0.02000808052418009,1.794946834455175,11.325473472971279,0.22660098522167488,11.325473472971279,0.22660098522167488,203.0,0.0210667861945316,0.041264266900790166,1378.0781963533818
our_vol1,Our vol1 STNPP-GAT,58,2022-03-23,0.03,0.030003337607813516,1708,58.0,0.2857142857142857,0.7142857142857143,0.030003337607813516,1.5092375748113454,9.522750083640013,0.2857142857142857,9.522750083640013,0.2857142857142857,203.0,0.023060796645702306,0.045081967213114756,1378.0781963533818
our_vol1,Our vol1 STNPP-GAT,58,2022-03-23,0.04,0.04001616104836018,2278,70.0,0.3448275862068966,0.6551724137931034,0.04001616104836018,1.3657204175202418,8.617208077260756,0.3448275862068966,8.617208077260756,0.3448275862068966,203.0,0.022900763358778626,0.04477611940298507,1378.0781963533818
our_vol1,Our vol1 STNPP-GAT,58,2022-03-23,0.05,0.050011418131993605,2847,79.0,0.3891625615763547,0.6108374384236452,0.050011418131993605,1.2332669866916441,7.781474233529028,0.3891625615763547,7.781474233529028,0.3891625615763547,203.0,0.022996766079770033,0.04495960660344222,1378.0781963533818
our_vol1,Our vol1 STNPP-GAT,58,2022-03-23,0.06,0.06000667521562703,3416,94.0,0.4630541871921182,0.5369458128078818,0.06000667521562703,1.2230028623471247,7.716711274673804,0.4630541871921182,7.716711274673804,0.4630541871921182,203.0,0.029225670382645376,0.056791569086651054,1378.0781963533818
our_vol1,Our vol1 STNPP-GAT,58,2022-03-23,0.07,0.07000193229926045,3985,103.0,0.5073891625615764,0.4926108374384236,0.07000193229926045,1.1487522654398439,7.2482165262591876,0.5073891625615764,7.2482165262591876,0.5073891625615764,203.0,0.03318641431164117,0.06424090338770388,1378.0781963533818
our_vol1,Our vol1 STNPP-GAT,58,2022-03-23,0.08,0.08001475573980713,4555,108.0,0.5320197044334976,0.46798029556650245,0.08001475573980713,1.0537870472008781,6.649019915320683,0.5320197044334976,6.649019915320683,0.5320197044334976,203.0,0.03499204726198591,0.06761800219538969,1378.0781963533818
our_vol1,Our vol1 STNPP-GAT,58,2022-03-23,0.09,0.09001001282344055,5124,115.0,0.5665024630541872,0.43349753694581283,0.09001001282344055,0.997484604041981,6.293771607003457,0.5665024630541872,6.293771607003457,0.5665024630541872,203.0,0.04167513722301281,0.08001561280249805,1378.0781963533818
our_vol1,Our vol1 STNPP-GAT,58,2022-03-23,0.1,0.10000526990707397,5693,122.0,0.6009852216748769,0.3990147783251231,0.10000526990707397,0.9524367156547027,6.009535519811298,0.6009852216748769,6.009535519811298,0.6009852216748769,203.0,0.05056283447130467,0.09625856314772528,1378.0781963533818
our_vol1,Our vol1 STNPP-GAT,59,2022-04-06,0.01,0.010012823440546666,570,33.0,0.15789473684210525,0.8421052631578947,0.010012823440546666,2.5730994152046787,15.769252077562324,0.15789473684210525,15.769252077562324,0.15789473684210525,209.0,0.02888086642599278,0.056140350877192984,833.2592261579401
our_vol1,Our vol1 STNPP-GAT,59,2022-04-06,0.02,0.02000808052418009,1139,48.0,0.22966507177033493,0.7703349282296651,0.02000808052418009,1.8729880011706175,11.478615926839208,0.22966507177033493,11.478615926839208,0.22966507177033493,209.0,0.021524663677130046,0.04214223002633889,833.2592261579401
our_vol1,Our vol1 STNPP-GAT,59,2022-04-06,0.03,0.030003337607813516,1708,60.0,0.28708133971291866,0.7129186602870814,0.030003337607813516,1.56128024980484,9.56831348116939,0.28708133971291866,9.56831348116939,0.28708133971291866,209.0,0.022754491017964073,0.04449648711943794,833.2592261579401
our_vol1,Our vol1 STNPP-GAT,59,2022-04-06,0.04,0.04001616104836018,2278,69.0,0.33014354066985646,0.6698564593301435,0.04001616104836018,1.3462101258413812,8.25025519741568,0.33014354066985646,8.25025519741568,0.33014354066985646,209.0,0.021753756447634,0.04258121158911326,833.2592261579401
our_vol1,Our vol1 STNPP-GAT,59,2022-04-06,0.05,0.050011418131993605,2847,85.0,0.40669856459330145,0.5933014354066986,0.050011418131993605,1.3269328337821487,8.132114220794827,0.40669856459330145,8.132114220794827,0.40669856459330145,209.0,0.02336448598130841,0.045662100456621,833.2592261579401
our_vol1,Our vol1 STNPP-GAT,59,2022-04-06,0.06,0.06000667521562703,3416,93.0,0.4449760765550239,0.5550239234449761,0.06000667521562703,1.209992193598751,7.4154429479062784,0.4449760765550239,7.4154429479062784,0.4449760765550239,209.0,0.02891566265060241,0.05620608899297424,833.2592261579401
our_vol1,Our vol1 STNPP-GAT,59,2022-04-06,0.07,0.07000193229926045,3985,99.0,0.47368421052631576,0.5263157894736843,0.07000193229926045,1.1041405269761606,6.766730502542429,0.47368421052631576,6.766730502542429,0.47368421052631576,209.0,0.0333203682095164,0.06449184441656211,833.2592261579401
our_vol1,Our vol1 STNPP-GAT,59,2022-04-06,0.08,0.08001475573980713,4555,107.0,0.5119617224880383,0.4880382775119617,0.08001475573980713,1.044029759726796,6.398341377843371,0.5119617224880383,6.398341377843371,0.5119617224880383,209.0,0.0365229263852543,0.07047200878155872,833.2592261579401
our_vol1,Our vol1 STNPP-GAT,59,2022-04-06,0.09,0.09001001282344055,5124,119.0,0.569377990430622,0.430622009569378,0.09001001282344055,1.0321797207043109,6.325718356995319,0.569377990430622,6.325718356995319,0.569377990430622,209.0,0.04337202199144777,0.08313817330210772,833.2592261579401
our_vol1,Our vol1 STNPP-GAT,59,2022-04-06,0.1,0.10000526990707397,5693,124.0,0.5933014354066986,0.40669856459330145,0.10000526990707397,0.9680504323047797,5.932701706200093,0.5933014354066986,5.932701706200093,0.5933014354066986,209.0,0.0502721151185315,0.09573160021078518,833.2592261579401
our_vol1,Our vol1 STNPP-GAT,60,2022-04-20,0.01,0.010012823440546666,570,33.0,0.16097560975609757,0.8390243902439024,0.010012823440546666,2.5730994152046787,16.076944801026958,0.16097560975609757,16.076944801026958,0.16097560975609757,205.0,0.027953110910730387,0.054385964912280704,1519.7745776838542
our_vol1,Our vol1 STNPP-GAT,60,2022-04-20,0.02,0.02000808052418009,1139,47.0,0.22926829268292684,0.7707317073170732,0.02000808052418009,1.8339674178128962,11.458784984689181,0.22926829268292684,11.458784984689181,0.22926829268292684,205.0,0.020152261531571878,0.03950834064969271,1519.7745776838542
our_vol1,Our vol1 STNPP-GAT,60,2022-04-20,0.03,0.030003337607813516,1708,61.0,0.2975609756097561,0.7024390243902439,0.030003337607813516,1.5873015873015872,9.91759581881533,0.2975609756097561,9.91759581881533,0.2975609756097561,205.0,0.023060796645702306,0.045081967213114756,1519.7745776838542
our_vol1,Our vol1 STNPP-GAT,60,2022-04-20,0.04,0.04001616104836018,2278,68.0,0.33170731707317075,0.6682926829268292,0.04001616104836018,1.3266998341625207,8.289333818711322,0.33170731707317075,8.289333818711322,0.33170731707317075,205.0,0.022671156004489337,0.04433713784021071,1519.7745776838542
our_vol1,Our vol1 STNPP-GAT,60,2022-04-20,0.05,0.050011418131993605,2847,77.0,0.375609756097561,0.624390243902439,0.050011418131993605,1.202045037661476,7.510480008909679,0.375609756097561,7.510480008909679,0.375609756097561,205.0,0.02244568145088885,0.04390586582367404,1519.7745776838542
our_vol1,Our vol1 STNPP-GAT,60,2022-04-20,0.06,0.06000667521562703,3416,84.0,0.4097560975609756,0.5902439024390245,0.06000667521562703,1.092896174863388,6.828508596561375,0.4097560975609756,6.828508596561375,0.4097560975609756,205.0,0.02783210470889123,0.054156908665105384,1519.7745776838542
our_vol1,Our vol1 STNPP-GAT,60,2022-04-20,0.07,0.07000193229926045,3985,88.0,0.4292682926829268,0.5707317073170732,0.07000193229926045,0.9814582462010317,6.132234905285063,0.4292682926829268,6.132234905285063,0.4292682926829268,205.0,0.031982390262851226,0.06198243412797993,1519.7745776838542
our_vol1,Our vol1 STNPP-GAT,60,2022-04-20,0.08,0.08001475573980713,4555,96.0,0.4682926829268293,0.5317073170731708,0.08001475573980713,0.9366995975118917,5.8525790474150625,0.4682926829268293,5.8525790474150625,0.4682926829268293,205.0,0.034521916874858054,0.06673984632272228,1519.7745776838542
our_vol1,Our vol1 STNPP-GAT,60,2022-04-20,0.09,0.09001001282344055,5124,101.0,0.4926829268292683,0.5073170731707317,0.09001001282344055,0.8760516957238268,5.4736457797833244,0.4926829268292683,5.4736457797833244,0.4926829268292683,205.0,0.04220482050238991,0.08099141295862608,1519.7745776838542
our_vol1,Our vol1 STNPP-GAT,60,2022-04-20,0.1,0.10000526990707397,5693,108.0,0.526829268292683,0.47317073170731705,0.10000526990707397,0.843140699104163,5.2680150634283445,0.526829268292683,5.2680150634283445,0.526829268292683,205.0,0.04988473951129553,0.0950289829615317,1519.7745776838542
our_vol1,Our vol1 STNPP-GAT,61,2022-05-04,0.01,0.010012823440546666,570,40.0,0.17699115044247787,0.8230088495575221,0.010012823440546666,3.118908382066277,17.67644775655954,0.17699115044247787,17.67644775655954,0.17699115044247787,226.0,0.03260869565217391,0.06315789473684211,996.730318005373
our_vol1,Our vol1 STNPP-GAT,61,2022-05-04,0.02,0.02000808052418009,1139,61.0,0.26991150442477874,0.7300884955752213,0.02000808052418009,2.380255584820993,13.490124857233871,0.26991150442477874,13.490124857233871,0.26991150442477874,226.0,0.026126126126126126,0.050921861281826165,996.730318005373
our_vol1,Our vol1 STNPP-GAT,61,2022-05-04,0.03,0.030003337607813516,1708,76.0,0.336283185840708,0.663716814159292,0.030003337607813516,1.9776216497527974,11.208192576319663,0.336283185840708,11.208192576319663,0.336283185840708,226.0,0.027986758952753536,0.05444964871194379,996.730318005373
our_vol1,Our vol1 STNPP-GAT,61,2022-05-04,0.04,0.04001616104836018,2278,87.0,0.38495575221238937,0.6150442477876106,0.04001616104836018,1.697395376060872,9.620007070322515,0.38495575221238937,9.620007070322515,0.38495575221238937,226.0,0.026126126126126126,0.050921861281826165,996.730318005373
our_vol1,Our vol1 STNPP-GAT,61,2022-05-04,0.05,0.050011418131993605,2847,96.0,0.4247787610619469,0.5752212389380531,0.050011418131993605,1.4986535534480738,8.493635592192993,0.4247787610619469,8.493635592192993,0.4247787610619469,226.0,0.025576368876080693,0.049877063575693714,996.730318005373
our_vol1,Our vol1 STNPP-GAT,61,2022-05-04,0.06,0.06000667521562703,3416,100.0,0.4424778761061947,0.5575221238938053,0.06000667521562703,1.3010668748373666,7.373810905473462,0.4424778761061947,7.373810905473462,0.4424778761061947,226.0,0.028296207104154123,0.05503512880562061,996.730318005373
our_vol1,Our vol1 STNPP-GAT,61,2022-05-04,0.07,0.07000193229926045,3985,107.0,0.47345132743362833,0.5265486725663717,0.07000193229926045,1.1933640039035271,6.763403693052487,0.47345132743362833,6.763403693052487,0.47345132743362833,226.0,0.03278476091745497,0.06348808030112923,996.730318005373
our_vol1,Our vol1 STNPP-GAT,61,2022-05-04,0.08,0.08001475573980713,4555,123.0,0.5442477876106194,0.4557522123893806,0.08001475573980713,1.2001463593121113,6.801842767356692,0.5442477876106194,6.801842767356692,0.5442477876106194,226.0,0.036169244767970885,0.06981339187705818,996.730318005373
our_vol1,Our vol1 STNPP-GAT,61,2022-05-04,0.09,0.09001001282344055,5124,129.0,0.5707964601769911,0.42920353982300885,0.09001001282344055,1.1189175123601351,6.341477378707177,0.5707964601769911,6.341477378707177,0.5707964601769911,226.0,0.04326580474396824,0.08294301327088212,996.730318005373
our_vol1,Our vol1 STNPP-GAT,61,2022-05-04,0.1,0.10000526990707397,5693,130.0,0.5752212389380531,0.4247787610619469,0.10000526990707397,1.014891582255011,5.75190926910707,0.5752212389380531,5.75190926910707,0.5752212389380531,226.0,0.04988473951129553,0.0950289829615317,996.730318005373
our_vol1,Our vol1 STNPP-GAT,62,2022-05-18,0.01,0.010012823440546666,570,44.0,0.21153846153846154,0.7884615384615384,0.010012823440546666,3.4307992202729047,21.12675438596491,0.21153846153846154,21.12675438596491,0.21153846153846154,208.0,0.03636363636363636,0.07017543859649122,509.24775524187527
our_vol1,Our vol1 STNPP-GAT,62,2022-05-18,0.02,0.02000808052418009,1139,60.0,0.28846153846153844,0.7115384615384616,0.02000808052418009,2.341235001463272,14.417251975417033,0.28846153846153844,14.417251975417033,0.28846153846153844,208.0,0.025664115263394866,0.05004389815627744,509.24775524187527
our_vol1,Our vol1 STNPP-GAT,62,2022-05-18,0.03,0.030003337607813516,1708,70.0,0.33653846153846156,0.6634615384615384,0.030003337607813516,1.8214936247723132,11.216700819672132,0.33653846153846156,11.216700819672132,0.33653846153846156,208.0,0.02675082657048392,0.052107728337236536,509.24775524187527
our_vol1,Our vol1 STNPP-GAT,62,2022-05-18,0.04,0.04001616104836018,2278,82.0,0.3942307692307692,0.6057692307692308,0.04001616104836018,1.599843917666569,9.851788849868306,0.3942307692307692,9.851788849868306,0.3942307692307692,208.0,0.025664115263394866,0.05004389815627744,509.24775524187527
our_vol1,Our vol1 STNPP-GAT,62,2022-05-18,0.05,0.050011418131993605,2847,90.0,0.4326923076923077,0.5673076923076923,0.050011418131993605,1.4049877063575693,8.651870389884088,0.4326923076923077,8.651870389884088,0.4326923076923077,208.0,0.025576368876080693,0.049877063575693714,509.24775524187527
our_vol1,Our vol1 STNPP-GAT,62,2022-05-18,0.06,0.06000667521562703,3416,100.0,0.4807692307692308,0.5192307692307692,0.06000667521562703,1.3010668748373666,8.011929156908666,0.4807692307692308,8.011929156908666,0.4807692307692308,208.0,0.02891566265060241,0.05620608899297424,509.24775524187527
our_vol1,Our vol1 STNPP-GAT,62,2022-05-18,0.07,0.07000193229926045,3985,106.0,0.5096153846153846,0.4903846153846154,0.07000193229926045,1.1822110692876064,7.2800188205771645,0.5096153846153846,7.2800188205771645,0.5096153846153846,208.0,0.033588380236026456,0.06499372647427855,509.24775524187527
our_vol1,Our vol1 STNPP-GAT,62,2022-05-18,0.08,0.08001475573980713,4555,116.0,0.5576923076923077,0.4423076923076923,0.08001475573980713,1.131845346993536,6.9698682766191,0.5576923076923077,6.9698682766191,0.5576923076923077,208.0,0.0365229263852543,0.07047200878155872,509.24775524187527
our_vol1,Our vol1 STNPP-GAT,62,2022-05-18,0.09,0.09001001282344055,5124,118.0,0.5673076923076923,0.4326923076923077,0.09001001282344055,1.0235059415387284,6.302717603434816,0.5673076923076923,6.302717603434816,0.5673076923076923,208.0,0.04305343511450382,0.08255269320843091,509.24775524187527
our_vol1,Our vol1 STNPP-GAT,62,2022-05-18,0.1,0.10000526990707397,5693,126.0,0.6057692307692307,0.3942307692307693,0.10000526990707397,0.9836641489548569,6.057373089759354,0.6057692307692307,6.057373089759354,0.6057692307692307,208.0,0.04988473951129553,0.0950289829615317,509.24775524187527
our_vol1,Our vol1 STNPP-GAT,63,2022-06-01,0.01,0.010012823440546666,570,35.0,0.16587677725118483,0.8341232227488151,0.010012823440546666,2.7290448343079925,16.566433857154735,0.16587677725118483,16.566433857154735,0.16587677725118483,211.0,0.02981029810298103,0.05789473684210526,341.8689133659266
our_vol1,Our vol1 STNPP-GAT,63,2022-06-01,0.02,0.02000808052418009,1139,47.0,0.22274881516587677,0.7772511848341233,0.02000808052418009,1.8339674178128962,11.132942757636407,0.22274881516587677,11.132942757636407,0.22274881516587677,211.0,0.020152261531571878,0.03950834064969271,341.8689133659266
our_vol1,Our vol1 STNPP-GAT,63,2022-06-01,0.03,0.030003337607813516,1708,61.0,0.2890995260663507,0.7109004739336493,0.030003337607813516,1.5873015873015872,9.635578876100203,0.2890995260663507,9.635578876100203,0.2890995260663507,211.0,0.022448368751870697,0.043911007025761124,341.8689133659266
our_vol1,Our vol1 STNPP-GAT,63,2022-06-01,0.04,0.04001616104836018,2278,73.0,0.3459715639810427,0.6540284360189573,0.04001616104836018,1.4242512925568236,8.645795971355934,0.3459715639810427,8.645795971355934,0.3459715639810427,211.0,0.02221225039264079,0.043459174714661986,341.8689133659266
our_vol1,Our vol1 STNPP-GAT,63,2022-06-01,0.05,0.050011418131993605,2847,89.0,0.4218009478672986,0.5781990521327014,0.050011418131993605,1.3893767318424852,8.43409292562055,0.4218009478672986,8.43409292562055,0.4218009478672986,211.0,0.02336448598130841,0.045662100456621,341.8689133659266
our_vol1,Our vol1 STNPP-GAT,63,2022-06-01,0.06,0.06000667521562703,3416,97.0,0.4597156398104265,0.5402843601895735,0.06000667521562703,1.2620348685922456,7.661075008046883,0.4597156398104265,7.661075008046883,0.4597156398104265,211.0,0.026442307692307692,0.05152224824355972,341.8689133659266
our_vol1,Our vol1 STNPP-GAT,63,2022-06-01,0.07,0.07000193229926045,3985,100.0,0.47393364928909953,0.5260663507109005,0.07000193229926045,1.1152934615920815,6.7702938150766805,0.47393364928909953,6.7702938150766805,0.47393364928909953,211.0,0.03171521035598705,0.06148055207026349,341.8689133659266
our_vol1,Our vol1 STNPP-GAT,63,2022-06-01,0.08,0.08001475573980713,4555,106.0,0.5023696682464455,0.49763033175355453,0.08001475573980713,1.0342724722527137,6.278462811035214,0.5023696682464455,6.278462811035214,0.5023696682464455,211.0,0.034521916874858054,0.06673984632272228,341.8689133659266
our_vol1,Our vol1 STNPP-GAT,63,2022-06-01,0.09,0.09001001282344055,5124,110.0,0.5213270142180095,0.47867298578199047,0.09001001282344055,0.9541157082140688,5.791878012956406,0.5213270142180095,5.791878012956406,0.5213270142180095,211.0,0.04061738424045491,0.078064012490242,341.8689133659266
our_vol1,Our vol1 STNPP-GAT,63,2022-06-01,0.1,0.10000526990707397,5693,115.0,0.5450236966824644,0.4549763033175356,0.10000526990707397,0.8977887073794328,5.4499497595367385,0.5450236966824644,5.4499497595367385,0.5450236966824644,211.0,0.04775927118800037,0.09116458809063763,341.8689133659266
our_vol1,Our vol1 STNPP-GAT,64,2022-06-15,0.01,0.010012823440546666,570,41.0,0.19523809523809524,0.8047619047619048,0.010012823440546666,3.196881091617934,19.49880534670008,0.19523809523809524,19.49880534670008,0.19523809523809524,210.0,0.034482758620689655,0.06666666666666667,1059.8969438274817
our_vol1,Our vol1 STNPP-GAT,64,2022-06-15,0.02,0.02000808052418009,1139,62.0,0.29523809523809524,0.7047619047619047,0.02000808052418009,2.419276168178714,14.755942974204608,0.29523809523809524,14.755942974204608,0.29523809523809524,210.0,0.027051397655545536,0.05267778753292362,1059.8969438274817
our_vol1,Our vol1 STNPP-GAT,64,2022-06-15,0.03,0.030003337607813516,1708,78.0,0.37142857142857144,0.6285714285714286,0.030003337607813516,2.029664324746292,12.379575108732018,0.37142857142857144,12.379575108732018,0.37142857142857144,210.0,0.029535864978902954,0.05737704918032787,1059.8969438274817
our_vol1,Our vol1 STNPP-GAT,64,2022-06-15,0.04,0.04001616104836018,2278,91.0,0.43333333333333335,0.5666666666666667,0.04001616104836018,1.7754365427763144,10.82895815042435,0.43333333333333335,10.82895815042435,0.43333333333333335,210.0,0.027051397655545536,0.05267778753292362,1059.8969438274817
our_vol1,Our vol1 STNPP-GAT,64,2022-06-15,0.05,0.050011418131993605,2847,99.0,0.4714285714285714,0.5285714285714286,0.050011418131993605,1.5454864769933263,9.426418786692759,0.4714285714285714,9.426418786692759,0.4714285714285714,210.0,0.02576112412177986,0.0502283105022831,1059.8969438274817
our_vol1,Our vol1 STNPP-GAT,64,2022-06-15,0.06,0.06000667521562703,3416,108.0,0.5142857142857142,0.48571428571428577,0.06000667521562703,1.405152224824356,8.570475075276011,0.5142857142857142,8.570475075276011,0.5142857142857142,210.0,0.02891566265060241,0.05620608899297424,1059.8969438274817
our_vol1,Our vol1 STNPP-GAT,64,2022-06-15,0.07,0.07000193229926045,3985,112.0,0.5333333333333333,0.4666666666666667,0.07000193229926045,1.2491286769831313,7.618837306566291,0.5333333333333333,7.618837306566291,0.5333333333333333,210.0,0.03265094584089142,0.06323713927227102,1059.8969438274817
our_vol1,Our vol1 STNPP-GAT,64,2022-06-15,0.08,0.08001475573980713,4555,119.0,0.5666666666666667,0.43333333333333335,0.08001475573980713,1.1611172094157824,7.08202707647274,0.5666666666666667,7.08202707647274,0.5666666666666667,210.0,0.035227272727272725,0.06805708013172337,1059.8969438274817
our_vol1,Our vol1 STNPP-GAT,64,2022-06-15,0.09,0.09001001282344055,5124,126.0,0.6,0.4,0.09001001282344055,1.0928961748633879,6.665925058548009,0.6,6.665925058548009,0.6,210.0,0.04241684467500763,0.08138173302107728,1059.8969438274817
our_vol1,Our vol1 STNPP-GAT,64,2022-06-15,0.1,0.10000526990707397,5693,131.0,0.6238095238095238,0.3761904761904762,0.10000526990707397,1.0226984405800497,6.237766513596481,0.6238095238095238,6.237766513596481,0.6238095238095238,210.0,0.04930421159340153,0.0939750570876515,1059.8969438274817
our_vol1,Our vol1 STNPP-GAT,65,2022-06-29,0.01,0.010012823440546666,570,23.0,0.116751269035533,0.883248730964467,0.010012823440546666,1.7933723196881093,11.660174548045239,0.116751269035533,11.660174548045239,0.116751269035533,197.0,0.01876675603217158,0.03684210526315789,1601.3167218988897
our_vol1,Our vol1 STNPP-GAT,65,2022-06-29,0.02,0.02000808052418009,1139,44.0,0.2233502538071066,0.7766497461928934,0.02000808052418009,1.7169056677397325,11.163002544756065,0.2233502538071066,11.163002544756065,0.2233502538071066,197.0,0.019695613249776187,0.038630377524143986,1601.3167218988897
our_vol1,Our vol1 STNPP-GAT,65,2022-06-29,0.03,0.030003337607813516,1708,57.0,0.2893401015228426,0.7106598984771574,0.030003337607813516,1.483216237314598,9.643597165919708,0.2893401015228426,9.643597165919708,0.2893401015228426,197.0,0.023673958645489962,0.04625292740046839,1601.3167218988897
our_vol1,Our vol1 STNPP-GAT,65,2022-06-29,0.04,0.04001616104836018,2278,74.0,0.3756345177664975,0.6243654822335025,0.04001616104836018,1.4437615842356843,9.387070321726691,0.3756345177664975,9.387070321726691,0.3756345177664975,197.0,0.02405034839289728,0.04697102721685689,1601.3167218988897
our_vol1,Our vol1 STNPP-GAT,65,2022-06-29,0.05,0.050011418131993605,2847,85.0,0.43147208121827413,0.5685279187817258,0.050011418131993605,1.3269328337821487,8.6274714322138,0.43147208121827413,8.6274714322138,0.43147208121827413,197.0,0.023916561769465924,0.04671584123638918,1601.3167218988897
our_vol1,Our vol1 STNPP-GAT,65,2022-06-29,0.06,0.06000667521562703,3416,93.0,0.4720812182741117,0.5279187817258884,0.06000667521562703,1.209992193598751,7.867145056408184,0.4720812182741117,7.867145056408184,0.4720812182741117,197.0,0.027522935779816515,0.05357142857142857,1601.3167218988897
our_vol1,Our vol1 STNPP-GAT,65,2022-06-29,0.07,0.07000193229926045,3985,101.0,0.5126903553299492,0.4873096446700508,0.07000193229926045,1.1264463962080022,7.3239457610710215,0.5126903553299492,7.3239457610710215,0.5126903553299492,197.0,0.03211603211603212,0.06223337515683814,1601.3167218988897
our_vol1,Our vol1 STNPP-GAT,65,2022-06-29,0.08,0.08001475573980713,4555,108.0,0.5482233502538071,0.4517766497461929,0.08001475573980713,1.0537870472008781,6.851528136091871,0.5482233502538071,6.851528136091871,0.5482233502538071,197.0,0.03499204726198591,0.06761800219538969,1601.3167218988897
our_vol1,Our vol1 STNPP-GAT,65,2022-06-29,0.09,0.09001001282344055,5124,116.0,0.5888324873096447,0.41116751269035534,0.09001001282344055,1.0061583832075636,6.541855387407521,0.5888324873096447,6.541855387407521,0.5888324873096447,197.0,0.042735042735042736,0.08196721311475409,1601.3167218988897
our_vol1,Our vol1 STNPP-GAT,65,2022-06-29,0.1,0.10000526990707397,5693,120.0,0.6091370558375635,0.3908629441624365,0.10000526990707397,0.9368229990046255,6.091049565723692,0.6091370558375635,6.091049565723692,0.6091370558375635,197.0,0.04949764955295419,0.09432636571227823,1601.3167218988897
our_vol1,Our vol1 STNPP-GAT,66,2022-07-13,0.01,0.010012823440546666,570,35.0,0.17326732673267325,0.8267326732673268,0.010012823440546666,2.7290448343079925,17.304542296334894,0.17326732673267325,17.304542296334894,0.17326732673267325,202.0,0.03074141048824593,0.05964912280701754,760.7423852384416
our_vol1,Our vol1 STNPP-GAT,66,2022-07-13,0.02,0.02000808052418009,1139,53.0,0.2623762376237624,0.7376237623762376,0.02000808052418009,2.0680909179592235,13.113513677970081,0.2623762376237624,13.113513677970081,0.2623762376237624,202.0,0.022900763358778626,0.04477611940298507,760.7423852384416
our_vol1,Our vol1 STNPP-GAT,66,2022-07-13,0.03,0.030003337607813516,1708,68.0,0.33663366336633666,0.6633663366336633,0.030003337607813516,1.7694509497788187,11.219873860922393,0.33663366336633666,11.219873860922393,0.33663366336633666,202.0,0.027059530968129887,0.05269320843091335,760.7423852384416
our_vol1,Our vol1 STNPP-GAT,66,2022-07-13,0.04,0.04001616104836018,2278,72.0,0.3564356435643564,0.6435643564356436,0.04001616104836018,1.404741000877963,8.907292309564582,0.3564356435643564,8.907292309564582,0.3564356435643564,202.0,0.023590204448438554,0.046093064091308165,760.7423852384416
our_vol1,Our vol1 STNPP-GAT,66,2022-07-13,0.05,0.050011418131993605,2847,83.0,0.41089108910891087,0.5891089108910892,0.050011418131993605,1.2957108847519805,8.215945567159455,0.41089108910891087,8.215945567159455,0.41089108910891087,202.0,0.023548445083587992,0.0460133473832104,760.7423852384416
our_vol1,Our vol1 STNPP-GAT,66,2022-07-13,0.06,0.06000667521562703,3416,95.0,0.47029702970297027,0.5297029702970297,0.06000667521562703,1.2360135310954983,7.8374118881443176,0.47029702970297027,7.8374118881443176,0.47029702970297027,202.0,0.027059530968129887,0.05269320843091335,760.7423852384416
our_vol1,Our vol1 STNPP-GAT,66,2022-07-13,0.07,0.07000193229926045,3985,102.0,0.504950495049505,0.49504950495049505,0.07000193229926045,1.1375993308239232,7.2133793805980355,0.504950495049505,7.2133793805980355,0.504950495049505,202.0,0.03211603211603212,0.06223337515683814,760.7423852384416
our_vol1,Our vol1 STNPP-GAT,66,2022-07-13,0.08,0.08001475573980713,4555,106.0,0.5247524752475248,0.4752475247524752,0.08001475573980713,1.0342724722527137,6.5581963026159915,0.5247524752475248,6.5581963026159915,0.5247524752475248,202.0,0.03416959927347032,0.06608122941822174,760.7423852384416
our_vol1,Our vol1 STNPP-GAT,66,2022-07-13,0.09,0.09001001282344055,5124,110.0,0.5445544554455446,0.4554455445544554,0.09001001282344055,0.9541157082140688,6.049931983830701,0.5445544554455446,6.049931983830701,0.5445544554455446,202.0,0.04114599207558671,0.07903981264637003,760.7423852384416
our_vol1,Our vol1 STNPP-GAT,66,2022-07-13,0.1,0.10000526990707397,5693,115.0,0.5693069306930693,0.43069306930693074,0.10000526990707397,0.8977887073794328,5.6927693032784745,0.5693069306930693,5.6927693032784745,0.5693069306930693,202.0,0.04940092165898618,0.09415071139996486,760.7423852384416
our_vol1,Our vol1 STNPP-GAT,67,2022-07-27,0.01,0.010012823440546666,570,47.0,0.20704845814977973,0.7929515418502202,0.010012823440546666,3.6647173489278755,20.67832908261844,0.20704845814977973,20.67832908261844,0.20704845814977973,227.0,0.0410958904109589,0.07894736842105263,569.4832984518565
our_vol1,Our vol1 STNPP-GAT,67,2022-07-27,0.02,0.02000808052418009,1139,69.0,0.3039647577092511,0.696035242290749,0.02000808052418009,2.6924202516827624,15.192099878941647,0.3039647577092511,15.192099878941647,0.3039647577092511,227.0,0.03123585332729742,0.06057945566286216,569.4832984518565
our_vol1,Our vol1 STNPP-GAT,67,2022-07-27,0.03,0.030003337607813516,1708,83.0,0.3656387665198238,0.6343612334801763,0.030003337607813516,2.1597710122300287,12.186603080605392,0.3656387665198238,12.186603080605392,0.3656387665198238,227.0,0.03202416918429003,0.06206088992974239,569.4832984518565
our_vol1,Our vol1 STNPP-GAT,67,2022-07-27,0.04,0.04001616104836018,2278,96.0,0.42290748898678415,0.5770925110132159,0.04001616104836018,1.8729880011706175,10.568417307089844,0.42290748898678415,10.568417307089844,0.42290748898678415,227.0,0.0296045197740113,0.05750658472344162,569.4832984518565
our_vol1,Our vol1 STNPP-GAT,67,2022-07-27,0.05,0.050011418131993605,2847,104.0,0.4581497797356828,0.5418502202643172,0.050011418131993605,1.6235413495687467,9.16090358658701,0.4581497797356828,9.16090358658701,0.4581497797356828,227.0,0.027612344342176503,0.05374077976817703,569.4832984518565
our_vol1,Our vol1 STNPP-GAT,67,2022-07-27,0.06,0.06000667521562703,3416,113.0,0.4977973568281938,0.5022026431718062,0.06000667521562703,1.4702055685662243,8.295699687400056,0.4977973568281938,8.295699687400056,0.4977973568281938,227.0,0.030156815440289506,0.0585480093676815,569.4832984518565
our_vol1,Our vol1 STNPP-GAT,67,2022-07-27,0.07,0.07000193229926045,3985,119.0,0.5242290748898678,0.4757709251101322,0.07000193229926045,1.327199219294577,7.48878006179561,0.5242290748898678,7.48878006179561,0.5242290748898678,227.0,0.03439325113562622,0.06649937264742785,569.4832984518565
our_vol1,Our vol1 STNPP-GAT,67,2022-07-27,0.08,0.08001475573980713,4555,132.0,0.5814977973568282,0.41850220264317184,0.08001475573980713,1.2879619465788512,7.26738202198291,0.5814977973568282,7.26738202198291,0.5814977973568282,227.0,0.0365229263852543,0.07047200878155872,569.4832984518565
our_vol1,Our vol1 STNPP-GAT,67,2022-07-27,0.09,0.09001001282344055,5124,136.0,0.5991189427312775,0.4008810572687225,0.09001001282344055,1.1796339665192124,6.656136622338687,0.5991189427312775,6.656136622338687,0.5991189427312775,227.0,0.043478260869565216,0.08333333333333333,569.4832984518565
our_vol1,Our vol1 STNPP-GAT,67,2022-07-27,0.1,0.10000526990707397,5693,142.0,0.6255506607929515,0.3744493392070485,0.10000526990707397,1.1085738821554736,6.2551769659161,0.6255506607929515,6.2551769659161,0.6255506607929515,227.0,0.05133887349953832,0.09766379764623222,569.4832984518565
our_vol1,Our vol1 STNPP-GAT,68,2022-08-10,0.01,0.010012823440546666,570,26.0,0.15028901734104047,0.8497109826589595,0.010012823440546666,2.0272904483430803,15.009654193286686,0.15028901734104047,15.009654193286686,0.15028901734104047,173.0,0.02242152466367713,0.043859649122807015,414.5842508187507
our_vol1,Our vol1 STNPP-GAT,68,2022-08-10,0.02,0.02000808052418009,1139,50.0,0.28901734104046245,0.7109826589595376,0.02000808052418009,1.9510291678860598,14.445030880957336,0.28901734104046245,14.445030880957336,0.28901734104046245,173.0,0.02244165170556553,0.043898156277436345,414.5842508187507
our_vol1,Our vol1 STNPP-GAT,68,2022-08-10,0.03,0.030003337607813516,1708,61.0,0.35260115606936415,0.6473988439306358,0.030003337607813516,1.5873015873015872,11.75206440957886,0.35260115606936415,11.75206440957886,0.35260115606936415,173.0,0.02613397416641634,0.050936768149882905,414.5842508187507
our_vol1,Our vol1 STNPP-GAT,68,2022-08-10,0.04,0.04001616104836018,2278,67.0,0.3872832369942196,0.6127167630057804,0.04001616104836018,1.3071895424836601,9.678170690241414,0.3872832369942196,9.678170690241414,0.3872832369942196,173.0,0.02336028751123091,0.0456540825285338,414.5842508187507
our_vol1,Our vol1 STNPP-GAT,68,2022-08-10,0.05,0.050011418131993605,2847,70.0,0.4046242774566474,0.5953757225433526,0.050011418131993605,1.0927682160558871,8.090637949692507,0.4046242774566474,8.090637949692507,0.4046242774566474,173.0,0.02189519023689878,0.04285212504390586,414.5842508187507
our_vol1,Our vol1 STNPP-GAT,68,2022-08-10,0.06,0.06000667521562703,3416,76.0,0.4393063583815029,0.5606936416184971,0.06000667521562703,0.9888108248763987,7.320958156786831,0.4393063583815029,7.320958156786831,0.4393063583815029,173.0,0.024902490249024904,0.04859484777517564,414.5842508187507
our_vol1,Our vol1 STNPP-GAT,68,2022-08-10,0.07,0.07000193229926045,3985,84.0,0.48554913294797686,0.5144508670520231,0.07000193229926045,0.9368465077373485,6.936224715515554,0.48554913294797686,6.936224715515554,0.48554913294797686,173.0,0.029449754585378456,0.057214554579673775,414.5842508187507
our_vol1,Our vol1 STNPP-GAT,68,2022-08-10,0.08,0.08001475573980713,4555,87.0,0.5028901734104047,0.49710982658959535,0.08001475573980713,0.8488840102451519,6.284967925737455,0.5028901734104047,6.284967925737455,0.5028901734104047,173.0,0.0311262026032824,0.06037321624588365,414.5842508187507
our_vol1,Our vol1 STNPP-GAT,68,2022-08-10,0.09,0.09001001282344055,5124,91.0,0.5260115606936416,0.47398843930635837,0.09001001282344055,0.7893139040680024,5.8439227391894875,0.5260115606936416,5.8439227391894875,0.5260115606936416,173.0,0.039983762938908055,0.07689305230288837,414.5842508187507
our_vol1,Our vol1 STNPP-GAT,68,2022-08-10,0.1,0.10000526990707397,5693,99.0,0.5722543352601156,0.4277456647398844,0.10000526990707397,0.7728789741788161,5.722241795775971,0.5722543352601156,5.722241795775971,0.5722543352601156,173.0,0.047952139898757476,0.09151589671526436,414.5842508187507
our_vol1,Our vol1 STNPP-GAT,69,2022-08-24,0.01,0.010012823440546666,570,39.0,0.20634920634920634,0.7936507936507937,0.010012823440546666,3.04093567251462,20.608493455861876,0.20634920634920634,20.608493455861876,0.20634920634920634,189.0,0.034482758620689655,0.06666666666666667,1917.182294494367
our_vol1,Our vol1 STNPP-GAT,69,2022-08-24,0.02,0.02000808052418009,1139,56.0,0.2962962962962963,0.7037037037037037,0.02000808052418009,2.185152668032387,14.808831658699964,0.2962962962962963,14.808831658699964,0.2962962962962963,189.0,0.024280575539568347,0.04741000877963126,1917.182294494367
our_vol1,Our vol1 STNPP-GAT,69,2022-08-24,0.03,0.030003337607813516,1708,68.0,0.35978835978835977,0.6402116402116402,0.030003337607813516,1.7694509497788187,11.99161121643557,0.35978835978835977,11.99161121643557,0.35978835978835977,189.0,0.027677496991576414,0.053864168618266976,1917.182294494367
our_vol1,Our vol1 STNPP-GAT,69,2022-08-24,0.04,0.04001616104836018,2278,81.0,0.42857142857142855,0.5714285714285714,0.04001616104836018,1.5803336259877085,10.709958610309796,0.42857142857142855,10.709958610309796,0.42857142857142855,189.0,0.02658855340243353,0.05179982440737489,1917.182294494367
our_vol1,Our vol1 STNPP-GAT,69,2022-08-24,0.05,0.050011418131993605,2847,88.0,0.4656084656084656,0.5343915343915344,0.050011418131993605,1.3737657573274011,9.310043246116305,0.4656084656084656,9.310043246116305,0.4656084656084656,189.0,0.025022502250225023,0.048823322795925536,1917.182294494367
our_vol1,Our vol1 STNPP-GAT,69,2022-08-24,0.06,0.06000667521562703,3416,100.0,0.5291005291005291,0.47089947089947093,0.06000667521562703,1.3010668748373666,8.817361188555568,0.5291005291005291,8.817361188555568,0.5291005291005291,189.0,0.028760728805902726,0.05591334894613583,1917.182294494367
our_vol1,Our vol1 STNPP-GAT,69,2022-08-24,0.07,0.07000193229926045,3985,102.0,0.5396825396825397,0.46031746031746035,0.07000193229926045,1.1375993308239232,7.709537750692079,0.5396825396825397,7.709537750692079,0.5396825396825397,189.0,0.0322497085869706,0.06248431618569636,1917.182294494367
our_vol1,Our vol1 STNPP-GAT,69,2022-08-24,0.08,0.08001475573980713,4555,112.0,0.5925925925925926,0.40740740740740744,0.08001475573980713,1.092816197097207,7.406041387161035,0.5925925925925926,7.406041387161035,0.5925925925925926,189.0,0.03416959927347032,0.06608122941822174,1917.182294494367
our_vol1,Our vol1 STNPP-GAT,69,2022-08-24,0.09,0.09001001282344055,5124,116.0,0.6137566137566137,0.3862433862433863,0.09001001282344055,1.0061583832075636,6.818759319149638,0.6137566137566137,6.818759319149638,0.6137566137566137,189.0,0.04231082180634662,0.08118657298985169,1917.182294494367
our_vol1,Our vol1 STNPP-GAT,69,2022-08-24,0.1,0.10000526990707397,5693,123.0,0.6507936507936508,0.3492063492063492,0.10000526990707397,0.9602435739797412,6.507593563802945,0.6507936507936508,6.507593563802945,0.6507936507936508,189.0,0.05007839158904362,0.09538029158615843,1917.182294494367
our_vol1,Our vol1 STNPP-GAT,70,2022-09-07,0.01,0.010012823440546666,570,36.0,0.18181818181818182,0.8181818181818181,0.010012823440546666,2.8070175438596494,18.1585326953748,0.18181818181818182,18.1585326953748,0.18181818181818182,198.0,0.02981029810298103,0.05789473684210526,1639.9029698156796
our_vol1,Our vol1 STNPP-GAT,70,2022-09-07,0.02,0.02000808052418009,1139,60.0,0.30303030303030304,0.696969696969697,0.02000808052418009,2.341235001463272,15.14539601457951,0.30303030303030304,15.14539601457951,0.30303030303030304,198.0,0.025202520252025202,0.04916593503072871,1639.9029698156796
our_vol1,Our vol1 STNPP-GAT,70,2022-09-07,0.03,0.030003337607813516,1708,72.0,0.36363636363636365,0.6363636363636364,0.030003337607813516,1.873536299765808,12.119863742814562,0.36363636363636365,12.119863742814562,0.36363636363636365,198.0,0.028605841613971696,0.05562060889929742,1639.9029698156796
our_vol1,Our vol1 STNPP-GAT,70,2022-09-07,0.04,0.04001616104836018,2278,84.0,0.42424242424242425,0.5757575757575757,0.04001616104836018,1.6388645010242902,10.601777210205658,0.42424242424242425,10.601777210205658,0.42424242424242425,198.0,0.02774644710128581,0.053994732221246705,1639.9029698156796
our_vol1,Our vol1 STNPP-GAT,70,2022-09-07,0.05,0.050011418131993605,2847,91.0,0.4595959595959596,0.5404040404040404,0.050011418131993605,1.4205986808726534,9.18982058023154,0.4595959595959596,9.18982058023154,0.4595959595959596,198.0,0.026685899747565814,0.05198454513523006,1639.9029698156796
our_vol1,Our vol1 STNPP-GAT,70,2022-09-07,0.06,0.06000667521562703,3416,98.0,0.494949494949495,0.505050505050505,0.06000667521562703,1.2750455373406193,8.2482406027488,0.494949494949495,8.2482406027488,0.494949494949495,198.0,0.02891566265060241,0.05620608899297424,1639.9029698156796
our_vol1,Our vol1 STNPP-GAT,70,2022-09-07,0.07,0.07000193229926045,3985,100.0,0.5050505050505051,0.4949494949494949,0.07000193229926045,1.1152934615920815,7.214808055460503,0.5050505050505051,7.214808055460503,0.5050505050505051,198.0,0.0325171654359373,0.0629861982434128,1639.9029698156796
our_vol1,Our vol1 STNPP-GAT,70,2022-09-07,0.08,0.08001475573980713,4555,104.0,0.5252525252525253,0.4747474747474747,0.08001475573980713,1.0147578973045495,6.564445774983646,0.5252525252525253,6.564445774983646,0.5252525252525253,198.0,0.03381752156150704,0.06542261251372118,1639.9029698156796
our_vol1,Our vol1 STNPP-GAT,70,2022-09-07,0.09,0.09001001282344055,5124,107.0,0.5404040404040404,0.45959595959595956,0.09001001282344055,0.9280943707173215,6.003821391116473,0.5404040404040404,6.003821391116473,0.5404040404040404,198.0,0.04082876294942109,0.07845433255269321,1639.9029698156796
our_vol1,Our vol1 STNPP-GAT,70,2022-09-07,0.1,0.10000526990707397,5693,114.0,0.5757575757575758,0.4242424242424242,0.10000526990707397,0.8899818490543943,5.757272354672672,0.5757575757575758,5.757272354672672,0.5757575757575758,198.0,0.049691158845763805,0.09467767433690497,1639.9029698156796
our_vol1,Our vol1 STNPP-GAT,71,2022-09-21,0.01,0.010012823440546666,570,31.0,0.1409090909090909,0.8590909090909091,0.010012823440546666,2.417153996101365,14.07286283891547,0.1409090909090909,14.07286283891547,0.1409090909090909,220.0,0.02702702702702703,0.05263157894736842,212.21884998772194
our_vol1,Our vol1 STNPP-GAT,71,2022-09-21,0.02,0.02000808052418009,1139,51.0,0.2318181818181818,0.7681818181818182,0.02000808052418009,1.990049751243781,11.586227951153324,0.2318181818181818,11.586227951153324,0.2318181818181818,220.0,0.02244165170556553,0.043898156277436345,212.21884998772194
our_vol1,Our vol1 STNPP-GAT,71,2022-09-21,0.03,0.030003337607813516,1708,63.0,0.2863636363636364,0.7136363636363636,0.030003337607813516,1.639344262295082,9.544392697466469,0.2863636363636364,9.544392697466469,0.2863636363636364,220.0,0.025825825825825825,0.05035128805620609,212.21884998772194
our_vol1,Our vol1 STNPP-GAT,71,2022-09-21,0.04,0.04001616104836018,2278,72.0,0.32727272727272727,0.6727272727272727,0.04001616104836018,1.404741000877963,8.178513847872935,0.32727272727272727,8.178513847872935,0.32727272727272727,220.0,0.023590204448438554,0.046093064091308165,212.21884998772194
our_vol1,Our vol1 STNPP-GAT,71,2022-09-21,0.05,0.050011418131993605,2847,79.0,0.35909090909090907,0.6409090909090909,0.050011418131993605,1.2332669866916441,7.180178497301784,0.35909090909090907,7.180178497301784,0.35909090909090907,220.0,0.024653590066582687,0.04812082894274675,212.21884998772194
our_vol1,Our vol1 STNPP-GAT,71,2022-09-21,0.06,0.06000667521562703,3416,90.0,0.4090909090909091,0.5909090909090908,0.06000667521562703,1.17096018735363,6.817423355333192,0.4090909090909091,6.817423355333192,0.4090909090909091,220.0,0.028296207104154123,0.05503512880562061,212.21884998772194
our_vol1,Our vol1 STNPP-GAT,71,2022-09-21,0.07,0.07000193229926045,3985,101.0,0.4590909090909091,0.5409090909090909,0.07000193229926045,1.1264463962080022,6.558260522413597,0.4590909090909091,6.558260522413597,0.4590909090909091,220.0,0.031982390262851226,0.06198243412797993,212.21884998772194
our_vol1,Our vol1 STNPP-GAT,71,2022-09-21,0.08,0.08001475573980713,4555,109.0,0.4954545454545455,0.5045454545454545,0.08001475573980713,1.0635443346749605,6.192039716595151,0.4954545454545455,6.192039716595151,0.4954545454545455,220.0,0.03393485415957326,0.06564215148188804,212.21884998772194
our_vol1,Our vol1 STNPP-GAT,71,2022-09-21,0.09,0.09001001282344055,5124,115.0,0.5227272727272727,0.4772727272727273,0.09001001282344055,0.997484604041981,5.807434710098644,0.5227272727272727,5.807434710098644,0.5227272727272727,220.0,0.04199288256227758,0.08060109289617487,212.21884998772194
our_vol1,Our vol1 STNPP-GAT,71,2022-09-21,0.1,0.10000526990707397,5693,125.0,0.5681818181818182,0.43181818181818177,0.10000526990707397,0.9758572906298183,5.681518771058558,0.5681818181818182,5.681518771058558,0.5681818181818182,220.0,0.05075673680324843,0.09660987177235202,212.21884998772194
our_vol1,Our vol1 STNPP-GAT,72,2022-10-05,0.01,0.010012823440546666,570,32.0,0.16326530612244897,0.8367346938775511,0.010012823440546666,2.4951267056530217,16.305621195846758,0.16326530612244897,16.305621195846758,0.16326530612244897,196.0,0.027953110910730387,0.054385964912280704,1767.442885115977
our_vol1,Our vol1 STNPP-GAT,72,2022-10-05,0.02,0.02000808052418009,1139,43.0,0.2193877551020408,0.7806122448979592,0.02000808052418009,1.6778850843820114,10.96495762484098,0.2193877551020408,10.96495762484098,0.2193877551020408,196.0,0.01923937360178971,0.03775241439859526,1767.442885115977
our_vol1,Our vol1 STNPP-GAT,72,2022-10-05,0.03,0.030003337607813516,1708,57.0,0.29081632653061223,0.7091836734693877,0.030003337607813516,1.483216237314598,9.692799192276441,0.29081632653061223,9.692799192276441,0.29081632653061223,196.0,0.023980815347721823,0.0468384074941452,1767.442885115977
our_vol1,Our vol1 STNPP-GAT,72,2022-10-05,0.04,0.04001616104836018,2278,71.0,0.3622448979591837,0.6377551020408163,0.04001616104836018,1.3852307091991025,9.05246501585709,0.3622448979591837,9.05246501585709,0.3622448979591837,196.0,0.023590204448438554,0.046093064091308165,1767.442885115977
our_vol1,Our vol1 STNPP-GAT,72,2022-10-05,0.05,0.050011418131993605,2847,82.0,0.41836734693877553,0.5816326530612245,0.050011418131993605,1.2800999102368964,8.365436585593141,0.41836734693877553,8.365436585593141,0.41836734693877553,196.0,0.023916561769465924,0.04671584123638918,1767.442885115977
our_vol1,Our vol1 STNPP-GAT,72,2022-10-05,0.06,0.06000667521562703,3416,87.0,0.44387755102040816,0.5561224489795918,0.06000667521562703,1.131928181108509,7.397136225684653,0.44387755102040816,7.397136225684653,0.44387755102040816,196.0,0.027059530968129887,0.05269320843091335,1767.442885115977
our_vol1,Our vol1 STNPP-GAT,72,2022-10-05,0.07,0.07000193229926045,3985,95.0,0.4846938775510204,0.5153061224489797,0.07000193229926045,1.0595287885124773,6.924007118531227,0.4846938775510204,6.924007118531227,0.4846938775510204,196.0,0.031047865459249677,0.060225846925972396,1767.442885115977
our_vol1,Our vol1 STNPP-GAT,72,2022-10-05,0.08,0.08001475573980713,4555,99.0,0.5051020408163265,0.4948979591836735,0.08001475573980713,0.9659714599341384,6.312611169605053,0.5051020408163265,6.312611169605053,0.5051020408163265,196.0,0.03299693842839324,0.06388583973655323,1767.442885115977
our_vol1,Our vol1 STNPP-GAT,72,2022-10-05,0.09,0.09001001282344055,5124,104.0,0.5306122448979592,0.4693877551020408,0.09001001282344055,0.9020730332205742,5.895035766062866,0.5306122448979592,5.895035766062866,0.5306122448979592,196.0,0.0409344845099035,0.07864949258391882,1767.442885115977
our_vol1,Our vol1 STNPP-GAT,72,2022-10-05,0.1,0.10000526990707397,5693,113.0,0.576530612244898,0.423469387755102,0.10000526990707397,0.8821749907293557,5.765002312184316,0.576530612244898,5.765002312184316,0.576530612244898,196.0,0.04959439528023599,0.0945020200245916,1767.442885115977
our_vol1,Our vol1 STNPP-GAT,73,2022-10-19,0.01,0.010012823440546666,570,31.0,0.15656565656565657,0.8434343434343434,0.010012823440546666,2.417153996101365,15.636514265461633,0.15656565656565657,15.636514265461633,0.15656565656565657,198.0,0.025179856115107913,0.04912280701754386,1317.8889294960845
our_vol1,Our vol1 STNPP-GAT,73,2022-10-19,0.02,0.02000808052418009,1139,50.0,0.25252525252525254,0.7474747474747474,0.02000808052418009,1.9510291678860598,12.621163345482925,0.25252525252525254,12.621163345482925,0.25252525252525254,198.0,0.021982951996410947,0.04302019315188762,1317.8889294960845
our_vol1,Our vol1 STNPP-GAT,73,2022-10-19,0.03,0.030003337607813516,1708,65.0,0.3282828282828283,0.6717171717171717,0.030003337607813516,1.6913869372885766,10.94154365670759,0.3282828282828283,10.94154365670759,0.3282828282828283,198.0,0.02613397416641634,0.050936768149882905,1317.8889294960845
our_vol1,Our vol1 STNPP-GAT,73,2022-10-19,0.04,0.04001616104836018,2278,68.0,0.3434343434343434,0.6565656565656566,0.04001616104836018,1.3266998341625207,8.582391074928388,0.3434343434343434,8.582391074928388,0.3434343434343434,198.0,0.02221225039264079,0.043459174714661986,1317.8889294960845
our_vol1,Our vol1 STNPP-GAT,73,2022-10-19,0.05,0.050011418131993605,2847,80.0,0.40404040404040403,0.595959595959596,0.050011418131993605,1.2488779612067282,8.078963147456298,0.40404040404040403,8.078963147456298,0.40404040404040403,198.0,0.022996766079770033,0.04495960660344222,1317.8889294960845
our_vol1,Our vol1 STNPP-GAT,73,2022-10-19,0.06,0.06000667521562703,3416,84.0,0.42424242424242425,0.5757575757575757,0.06000667521562703,1.092896174863388,7.069920516641828,0.42424242424242425,7.069920516641828,0.42424242424242425,198.0,0.026442307692307692,0.05152224824355972,1317.8889294960845
our_vol1,Our vol1 STNPP-GAT,73,2022-10-19,0.07,0.07000193229926045,3985,96.0,0.48484848484848486,0.5151515151515151,0.07000193229926045,1.0706817231283983,6.926215733242083,0.48484848484848486,6.926215733242083,0.48484848484848486,198.0,0.031314699792960664,0.06072772898368883,1317.8889294960845
our_vol1,Our vol1 STNPP-GAT,73,2022-10-19,0.08,0.08001475573980713,4555,102.0,0.5151515151515151,0.48484848484848486,0.08001475573980713,0.9952433223563849,6.438206433157037,0.5151515151515151,6.438206433157037,0.5151515151515151,198.0,0.03299693842839324,0.06388583973655323,1317.8889294960845
our_vol1,Our vol1 STNPP-GAT,73,2022-10-19,0.09,0.09001001282344055,5124,103.0,0.5202020202020202,0.4797979797979798,0.09001001282344055,0.8933992540549918,5.77937946995324,0.5202020202020202,5.77937946995324,0.5202020202020202,198.0,0.041463414634146344,0.07962529274004684,1317.8889294960845
our_vol1,Our vol1 STNPP-GAT,73,2022-10-19,0.1,0.10000526990707397,5693,112.0,0.5656565656565656,0.43434343434343436,0.10000526990707397,0.8743681324043172,5.656267576520519,0.5656565656565656,5.656267576520519,0.5656565656565656,198.0,0.04940092165898618,0.09415071139996486,1317.8889294960845
our_vol1,Our vol1 STNPP-GAT,74,2022-11-02,0.01,0.010012823440546666,570,38.0,0.17757009345794392,0.822429906542056,0.010012823440546666,2.9629629629629632,17.734267912772584,0.17757009345794392,17.734267912772584,0.17757009345794392,214.0,0.033544877606527655,0.06491228070175438,1443.84956037232
our_vol1,Our vol1 STNPP-GAT,74,2022-11-02,0.02,0.02000808052418009,1139,59.0,0.2757009345794392,0.7242990654205608,0.02000808052418009,2.3022144181055504,13.77947945812444,0.2757009345794392,13.77947945812444,0.2757009345794392,214.0,0.025664115263394866,0.05004389815627744,1443.84956037232
our_vol1,Our vol1 STNPP-GAT,74,2022-11-02,0.03,0.030003337607813516,1708,69.0,0.32242990654205606,0.677570093457944,0.030003337607813516,1.795472287275566,10.746467968219921,0.32242990654205606,10.746467968219921,0.32242990654205606,214.0,0.027059530968129887,0.05269320843091335,1443.84956037232
our_vol1,Our vol1 STNPP-GAT,74,2022-11-02,0.04,0.04001616104836018,2278,81.0,0.37850467289719625,0.6214953271028038,0.04001616104836018,1.5803336259877085,9.458795221254913,0.37850467289719625,9.458795221254913,0.37850467289719625,214.0,0.024510906228918373,0.04784899034240562,1443.84956037232
our_vol1,Our vol1 STNPP-GAT,74,2022-11-02,0.05,0.050011418131993605,2847,89.0,0.4158878504672897,0.5841121495327103,0.050011418131993605,1.3893767318424852,8.315857978065122,0.4158878504672897,8.315857978065122,0.4158878504672897,214.0,0.024469233537243614,0.04776958201615736,1443.84956037232
our_vol1,Our vol1 STNPP-GAT,74,2022-11-02,0.06,0.06000667521562703,3416,96.0,0.4485981308411215,0.5514018691588785,0.06000667521562703,1.249024199843872,7.475803803979075,0.4485981308411215,7.475803803979075,0.4485981308411215,214.0,0.02783210470889123,0.054156908665105384,1443.84956037232
our_vol1,Our vol1 STNPP-GAT,74,2022-11-02,0.07,0.07000193229926045,3985,102.0,0.4766355140186916,0.5233644859813085,0.07000193229926045,1.1375993308239232,6.808890817200014,0.4766355140186916,6.808890817200014,0.4766355140186916,214.0,0.0325171654359373,0.0629861982434128,1443.84956037232
our_vol1,Our vol1 STNPP-GAT,74,2022-11-02,0.08,0.08001475573980713,4555,113.0,0.5280373831775701,0.4719626168224299,0.08001475573980713,1.1025734845712891,6.599250079505935,0.5280373831775701,6.599250079505935,0.5280373831775701,214.0,0.03440445100488248,0.06652030735455543,1443.84956037232
our_vol1,Our vol1 STNPP-GAT,74,2022-11-02,0.09,0.09001001282344055,5124,119.0,0.5560747663551402,0.4439252336448598,0.09001001282344055,1.0321797207043109,6.177921199121597,0.5560747663551402,6.177921199121597,0.5560747663551402,214.0,0.04199288256227758,0.08060109289617487,1443.84956037232
our_vol1,Our vol1 STNPP-GAT,74,2022-11-02,0.1,0.10000526990707397,5693,125.0,0.5841121495327103,0.4158878504672897,0.10000526990707397,0.9758572906298183,5.840813689873283,0.5841121495327103,5.840813689873283,0.5841121495327103,214.0,0.0502721151185315,0.09573160021078518,1443.84956037232
our_vol1,Our vol1 STNPP-GAT,75,2022-11-16,0.01,0.010012823440546666,570,36.0,0.1565217391304348,0.8434782608695652,0.010012823440546666,2.8070175438596494,15.63212814645309,0.1565217391304348,15.63212814645309,0.1565217391304348,230.0,0.03074141048824593,0.05964912280701754,1012.0353216574194
our_vol1,Our vol1 STNPP-GAT,75,2022-11-16,0.02,0.02000808052418009,1139,52.0,0.22608695652173913,0.7739130434782608,0.02000808052418009,2.029070334601502,11.299782417834104,0.22608695652173913,11.299782417834104,0.22608695652173913,230.0,0.02336028751123091,0.0456540825285338,1012.0353216574194
our_vol1,Our vol1 STNPP-GAT,75,2022-11-16,0.03,0.030003337607813516,1708,75.0,0.32608695652173914,0.6739130434782609,0.030003337607813516,1.95160031225605,10.86835607371958,0.32608695652173914,10.86835607371958,0.32608695652173914,230.0,0.02891566265060241,0.05620608899297424,1012.0353216574194
our_vol1,Our vol1 STNPP-GAT,75,2022-11-16,0.04,0.04001616104836018,2278,86.0,0.3739130434782609,0.6260869565217391,0.04001616104836018,1.6778850843820114,9.344050845516662,0.3739130434782609,9.344050845516662,0.3739130434782609,230.0,0.02774644710128581,0.053994732221246705,1012.0353216574194
our_vol1,Our vol1 STNPP-GAT,75,2022-11-16,0.05,0.050011418131993605,2847,97.0,0.4217391304347826,0.5782608695652174,0.050011418131993605,1.514264527963158,8.432856859241612,0.4217391304347826,8.432856859241612,0.4217391304347826,230.0,0.026685899747565814,0.05198454513523006,1012.0353216574194
our_vol1,Our vol1 STNPP-GAT,75,2022-11-16,0.06,0.06000667521562703,3416,104.0,0.45217391304347826,0.5478260869565217,0.06000667521562703,1.3531095498308614,7.535393544445576,0.45217391304347826,7.535393544445576,0.45217391304347826,230.0,0.03000150761344791,0.058255269320843094,1012.0353216574194
our_vol1,Our vol1 STNPP-GAT,75,2022-11-16,0.07,0.07000193229926045,3985,117.0,0.508695652173913,0.491304347826087,0.07000193229926045,1.3048933500627353,7.266880148382521,0.508695652173913,7.266880148382521,0.508695652173913,230.0,0.03425901894627563,0.06624843161856964,1012.0353216574194
our_vol1,Our vol1 STNPP-GAT,75,2022-11-16,0.08,0.08001475573980713,4555,121.0,0.5260869565217391,0.4739130434782609,0.08001475573980713,1.180631784363947,6.57487424235193,0.5260869565217391,6.57487424235193,0.5260869565217391,230.0,0.034639409426462237,0.06695938529088913,1012.0353216574194
our_vol1,Our vol1 STNPP-GAT,75,2022-11-16,0.09,0.09001001282344055,5124,126.0,0.5478260869565217,0.4521739130434783,0.09001001282344055,1.0928961748633879,6.086279401282964,0.5478260869565217,6.086279401282964,0.5478260869565217,230.0,0.04167513722301281,0.08001561280249805,1012.0353216574194
our_vol1,Our vol1 STNPP-GAT,75,2022-11-16,0.1,0.10000526990707397,5693,133.0,0.5782608695652174,0.4217391304347826,0.10000526990707397,1.0383121572301266,5.78230397360603,0.5782608695652174,5.78230397360603,0.5782608695652174,230.0,0.0503690036900369,0.09590725452309855,1012.0353216574194
our_vol1,Our vol1 STNPP-GAT,76,2022-11-30,0.01,0.010012823440546666,570,31.0,0.15577889447236182,0.8442211055276382,0.010012823440546666,2.417153996101365,15.557938816891475,0.15577889447236182,15.557938816891475,0.15577889447236182,199.0,0.02425876010781671,0.04736842105263158,1449.5216568549176
our_vol1,Our vol1 STNPP-GAT,76,2022-11-30,0.02,0.02000808052418009,1139,51.0,0.2562814070351759,0.7437185929648241,0.02000808052418009,1.990049751243781,12.80889522238056,0.2562814070351759,12.80889522238056,0.2562814070351759,199.0,0.021524663677130046,0.04214223002633889,1449.5216568549176
our_vol1,Our vol1 STNPP-GAT,76,2022-11-30,0.03,0.030003337607813516,1708,62.0,0.31155778894472363,0.6884422110552764,0.030003337607813516,1.6133229247983347,10.384104362562226,0.31155778894472363,10.384104362562226,0.31155778894472363,199.0,0.024287856071964018,0.04742388758782201,1449.5216568549176
our_vol1,Our vol1 STNPP-GAT,76,2022-11-30,0.04,0.04001616104836018,2278,68.0,0.3417085427135678,0.6582914572864322,0.04001616104836018,1.3266998341625207,8.53926348158704,0.3417085427135678,8.53926348158704,0.3417085427135678,199.0,0.02336028751123091,0.0456540825285338,1449.5216568549176
our_vol1,Our vol1 STNPP-GAT,76,2022-11-30,0.05,0.050011418131993605,2847,82.0,0.4120603015075377,0.5879396984924623,0.050011418131993605,1.2800999102368964,8.239324476262592,0.4120603015075377,8.239324476262592,0.4120603015075377,199.0,0.023916561769465924,0.04671584123638918,1449.5216568549176
our_vol1,Our vol1 STNPP-GAT,76,2022-11-30,0.06,0.06000667521562703,3416,90.0,0.45226130653266333,0.5477386934673367,0.06000667521562703,1.17096018735363,7.536849940569358,0.45226130653266333,7.536849940569358,0.45226130653266333,199.0,0.027522935779816515,0.05357142857142857,1449.5216568549176
our_vol1,Our vol1 STNPP-GAT,76,2022-11-30,0.07,0.07000193229926045,3985,98.0,0.49246231155778897,0.507537688442211,0.07000193229926045,1.09298759236024,7.034981683826914,0.49246231155778897,7.034981683826914,0.49246231155778897,199.0,0.03211603211603212,0.06223337515683814,1449.5216568549176
our_vol1,Our vol1 STNPP-GAT,76,2022-11-30,0.08,0.08001475573980713,4555,101.0,0.507537688442211,0.49246231155778897,0.08001475573980713,0.9854860348823028,6.34305115037316,0.507537688442211,6.34305115037316,0.507537688442211,199.0,0.032879818594104306,0.06366630076838639,1449.5216568549176
our_vol1,Our vol1 STNPP-GAT,76,2022-11-30,0.09,0.09001001282344055,5124,110.0,0.5527638190954773,0.44723618090452266,0.09001001282344055,0.9541157082140688,6.141136988612068,0.5527638190954773,6.141136988612068,0.5527638190954773,199.0,0.040300477108922955,0.07747853239656519,1449.5216568549176
our_vol1,Our vol1 STNPP-GAT,76,2022-11-30,0.1,0.10000526990707397,5693,113.0,0.5678391959798995,0.4321608040201005,0.10000526990707397,0.8821749907293557,5.678092729588572,0.5678391959798995,5.678092729588572,0.5678391959798995,199.0,0.049691158845763805,0.09467767433690497,1449.5216568549176
our_vol1,Our vol1 STNPP-GAT,77,2022-12-14,0.01,0.010012823440546666,570,49.0,0.23333333333333334,0.7666666666666666,0.010012823440546666,3.8206627680311893,23.30345029239766,0.23333333333333334,23.30345029239766,0.23333333333333334,210.0,0.03825136612021858,0.07368421052631578,1304.94285244843
our_vol1,Our vol1 STNPP-GAT,77,2022-12-14,0.02,0.02000808052418009,1139,62.0,0.29523809523809524,0.7047619047619047,0.02000808052418009,2.419276168178714,14.755942974204608,0.29523809523809524,14.755942974204608,0.29523809523809524,210.0,0.025664115263394866,0.05004389815627744,1304.94285244843
our_vol1,Our vol1 STNPP-GAT,77,2022-12-14,0.03,0.030003337607813516,1708,72.0,0.34285714285714286,0.6571428571428571,0.030003337607813516,1.873536299765808,11.427300100368015,0.34285714285714286,11.427300100368015,0.34285714285714286,210.0,0.027059530968129887,0.05269320843091335,1304.94285244843
our_vol1,Our vol1 STNPP-GAT,77,2022-12-14,0.04,0.04001616104836018,2278,83.0,0.3952380952380952,0.6047619047619048,0.04001616104836018,1.6193542093454296,9.876961829507923,0.3952380952380952,9.876961829507923,0.3952380952380952,210.0,0.025664115263394866,0.05004389815627744,1304.94285244843
our_vol1,Our vol1 STNPP-GAT,77,2022-12-14,0.05,0.050011418131993605,2847,95.0,0.4523809523809524,0.5476190476190477,0.050011418131993605,1.4830425789329897,9.04555338116982,0.4523809523809524,9.04555338116982,0.4523809523809524,210.0,0.025391680172879523,0.04952581664910432,1304.94285244843
our_vol1,Our vol1 STNPP-GAT,77,2022-12-14,0.06,0.06000667521562703,3416,108.0,0.5142857142857142,0.48571428571428577,0.06000667521562703,1.405152224824356,8.570475075276011,0.5142857142857142,8.570475075276011,0.5142857142857142,210.0,0.029691032403918613,0.05766978922716628,1304.94285244843
our_vol1,Our vol1 STNPP-GAT,77,2022-12-14,0.07,0.07000193229926045,3985,110.0,0.5238095238095238,0.47619047619047616,0.07000193229926045,1.2268228077512897,7.482786640377607,0.5238095238095238,7.482786640377607,0.5238095238095238,210.0,0.033588380236026456,0.06499372647427855,1304.94285244843
our_vol1,Our vol1 STNPP-GAT,77,2022-12-14,0.08,0.08001475573980713,4555,114.0,0.5428571428571428,0.4571428571428572,0.08001475573980713,1.1123307720453715,6.784462913595734,0.5428571428571428,6.784462913595734,0.5428571428571428,210.0,0.03381752156150704,0.06542261251372118,1304.94285244843
our_vol1,Our vol1 STNPP-GAT,77,2022-12-14,0.09,0.09001001282344055,5124,120.0,0.5714285714285714,0.4285714285714286,0.09001001282344055,1.0408534998698933,6.348500055760008,0.5714285714285714,6.348500055760008,0.5714285714285714,210.0,0.041463414634146344,0.07962529274004684,1304.94285244843
our_vol1,Our vol1 STNPP-GAT,77,2022-12-14,0.1,0.10000526990707397,5693,128.0,0.6095238095238096,0.3904761904761904,0.10000526990707397,0.9992778656049339,6.094916898781294,0.6095238095238096,6.094916898781294,0.6095238095238096,210.0,0.050465910139311745,0.09608290883541191,1304.94285244843
our_vol1,Our vol1 STNPP-GAT,78,2022-12-28,0.01,0.010012823440546666,570,46.0,0.22115384615384615,0.7788461538461539,0.010012823440546666,3.5867446393762186,22.08706140350877,0.22115384615384615,22.08706140350877,0.22115384615384615,208.0,0.03636363636363636,0.07017543859649122,552.6495316031707
our_vol1,Our vol1 STNPP-GAT,78,2022-12-28,0.02,0.02000808052418009,1139,61.0,0.2932692307692308,0.7067307692307692,0.02000808052418009,2.380255584820993,14.657539508340651,0.2932692307692308,14.657539508340651,0.2932692307692308,208.0,0.025202520252025202,0.04916593503072871,552.6495316031707
our_vol1,Our vol1 STNPP-GAT,78,2022-12-28,0.03,0.030003337607813516,1708,69.0,0.3317307692307692,0.6682692307692308,0.030003337607813516,1.795472287275566,11.056462236533957,0.3317307692307692,11.056462236533957,0.3317307692307692,208.0,0.02736842105263158,0.05327868852459016,552.6495316031707
our_vol1,Our vol1 STNPP-GAT,78,2022-12-28,0.04,0.04001616104836018,2278,82.0,0.3942307692307692,0.6057692307692308,0.04001616104836018,1.599843917666569,9.851788849868306,0.3942307692307692,9.851788849868306,0.3942307692307692,208.0,0.025202520252025202,0.04916593503072871,552.6495316031707
our_vol1,Our vol1 STNPP-GAT,78,2022-12-28,0.05,0.050011418131993605,2847,87.0,0.4182692307692308,0.5817307692307692,0.050011418131993605,1.358154782812317,8.363474710221286,0.4182692307692308,8.363474710221286,0.4182692307692308,208.0,0.023548445083587992,0.0460133473832104,552.6495316031707
our_vol1,Our vol1 STNPP-GAT,78,2022-12-28,0.06,0.06000667521562703,3416,96.0,0.46153846153846156,0.5384615384615384,0.06000667521562703,1.249024199843872,7.691451990632319,0.46153846153846156,7.691451990632319,0.46153846153846156,208.0,0.027522935779816515,0.05357142857142857,552.6495316031707
our_vol1,Our vol1 STNPP-GAT,78,2022-12-28,0.07,0.07000193229926045,3985,100.0,0.4807692307692308,0.5192307692307692,0.07000193229926045,1.1152934615920815,6.867942283563363,0.4807692307692308,6.867942283563363,0.4807692307692308,208.0,0.029981907469630396,0.05821831869510665,552.6495316031707
our_vol1,Our vol1 STNPP-GAT,78,2022-12-28,0.08,0.08001475573980713,4555,104.0,0.5,0.5,0.08001475573980713,1.0147578973045495,6.248847420417124,0.5,6.248847420417124,0.5,208.0,0.03276272531459018,0.06344676180021953,552.6495316031707
our_vol1,Our vol1 STNPP-GAT,78,2022-12-28,0.09,0.09001001282344055,5124,108.0,0.5192307692307693,0.4807692307692307,0.09001001282344055,0.9367681498829039,5.768588992974239,0.5192307692307693,5.768588992974239,0.5192307692307693,208.0,0.04082876294942109,0.07845433255269321,552.6495316031707
our_vol1,Our vol1 STNPP-GAT,78,2022-12-28,0.1,0.10000526990707397,5693,112.0,0.5384615384615384,0.46153846153846156,0.10000526990707397,0.8743681324043172,5.384331635341648,0.5384615384615384,5.384331635341648,0.5384615384615384,208.0,0.04862773991526985,0.09274547690145793,552.6495316031707
our_vol1,Our vol1 STNPP-GAT,79,2023-01-11,0.01,0.010012823440546666,570,30.0,0.14218009478672985,0.8578199052132701,0.010012823440546666,2.339181286549708,14.199800448989771,0.14218009478672985,14.199800448989771,0.14218009478672985,211.0,0.02333931777378815,0.0456140350877193,869.0171935683366
our_vol1,Our vol1 STNPP-GAT,79,2023-01-11,0.02,0.02000808052418009,1139,54.0,0.2559241706161137,0.7440758293838863,0.02000808052418009,2.1071115013169446,12.791040615156723,0.2559241706161137,12.791040615156723,0.2559241706161137,211.0,0.0210667861945316,0.041264266900790166,869.0171935683366
our_vol1,Our vol1 STNPP-GAT,79,2023-01-11,0.03,0.030003337607813516,1708,71.0,0.33649289099526064,0.6635071090047393,0.030003337607813516,1.8475149622690605,11.215181970542858,0.33649289099526064,11.215181970542858,0.33649289099526064,211.0,0.025825825825825825,0.05035128805620609,869.0171935683366
our_vol1,Our vol1 STNPP-GAT,79,2023-01-11,0.04,0.04001616104836018,2278,84.0,0.3981042654028436,0.6018957345971564,0.04001616104836018,1.6388645010242902,9.948587145121897,0.3981042654028436,9.948587145121897,0.3981042654028436,211.0,0.025202520252025202,0.04916593503072871,869.0171935683366
our_vol1,Our vol1 STNPP-GAT,79,2023-01-11,0.05,0.050011418131993605,2847,99.0,0.46919431279620855,0.5308056872037914,0.050011418131993605,1.5454864769933263,9.381743816139714,0.46919431279620855,9.381743816139714,0.46919431279620855,211.0,0.025207057976233346,0.04917456972251493,869.0171935683366
our_vol1,Our vol1 STNPP-GAT,79,2023-01-11,0.06,0.06000667521562703,3416,116.0,0.5497630331753555,0.45023696682464454,0.06000667521562703,1.5092375748113454,9.161697947767406,0.5497630331753555,9.161697947767406,0.5497630331753555,211.0,0.03000150761344791,0.058255269320843094,869.0171935683366
our_vol1,Our vol1 STNPP-GAT,79,2023-01-11,0.07,0.07000193229926045,3985,123.0,0.5829383886255924,0.41706161137440756,0.07000193229926045,1.3718109577582602,8.327461392544317,0.5829383886255924,8.327461392544317,0.5829383886255924,211.0,0.03011503166602042,0.05846925972396487,869.0171935683366
our_vol1,Our vol1 STNPP-GAT,79,2023-01-11,0.08,0.08001475573980713,4555,131.0,0.6208530805687204,0.37914691943127965,0.08001475573980713,1.2782046591047689,7.759232341939746,0.6208530805687204,7.759232341939746,0.6208530805687204,211.0,0.03510964663106465,0.06783754116355653,869.0171935683366
our_vol1,Our vol1 STNPP-GAT,79,2023-01-11,0.09,0.09001001282344055,5124,134.0,0.6350710900473934,0.36492890995260663,0.09001001282344055,1.1622864081880475,7.0555604885105305,0.6350710900473934,7.0555604885105305,0.6350710900473934,211.0,0.0436908035441491,0.08372365339578454,869.0171935683366
our_vol1,Our vol1 STNPP-GAT,79,2023-01-11,0.1,0.10000526990707397,5693,141.0,0.6682464454976303,0.33175355450236965,0.10000526990707397,1.100767023830435,6.682112313866785,0.6682464454976303,6.682112313866785,0.6682464454976303,211.0,0.05153306243073513,0.09801510627085895,869.0171935683366
our_vol1,Our vol1 STNPP-GAT,80,2023-01-25,0.01,0.010012823440546666,570,45.0,0.20089285714285715,0.7991071428571428,0.010012823440546666,3.5087719298245617,20.063557330827066,0.20089285714285715,20.063557330827066,0.20089285714285715,224.0,0.033544877606527655,0.06491228070175438,1029.6077749888568
our_vol1,Our vol1 STNPP-GAT,80,2023-01-25,0.02,0.02000808052418009,1139,68.0,0.30357142857142855,0.6964285714285714,0.02000808052418009,2.6533996683250414,15.172441364605543,0.30357142857142855,15.172441364605543,0.30357142857142855,224.0,0.027978339350180504,0.05443371378402107,1029.6077749888568
our_vol1,Our vol1 STNPP-GAT,80,2023-01-25,0.03,0.030003337607813516,1708,78.0,0.3482142857142857,0.6517857142857143,0.030003337607813516,2.029664324746292,11.605851664436265,0.3482142857142857,11.605851664436265,0.3482142857142857,224.0,0.029225670382645376,0.056791569086651054,1029.6077749888568
our_vol1,Our vol1 STNPP-GAT,80,2023-01-25,0.04,0.04001616104836018,2278,86.0,0.38392857142857145,0.6160714285714286,0.04001616104836018,1.6778850843820114,9.59433792173586,0.38392857142857145,9.59433792173586,0.38392857142857145,224.0,0.02774644710128581,0.053994732221246705,1029.6077749888568
our_vol1,Our vol1 STNPP-GAT,80,2023-01-25,0.05,0.050011418131993605,2847,92.0,0.4107142857142857,0.5892857142857143,0.050011418131993605,1.4362096553877375,8.212410306588389,0.4107142857142857,8.212410306588389,0.4107142857142857,224.0,0.02576112412177986,0.0502283105022831,1029.6077749888568
our_vol1,Our vol1 STNPP-GAT,80,2023-01-25,0.06,0.06000667521562703,3416,105.0,0.46875,0.53125,0.06000667521562703,1.366120218579235,7.811630927985949,0.46875,7.811630927985949,0.46875,224.0,0.029535864978902954,0.05737704918032787,1029.6077749888568
our_vol1,Our vol1 STNPP-GAT,80,2023-01-25,0.07,0.07000193229926045,3985,112.0,0.5,0.5,0.07000193229926045,1.2491286769831313,7.142659974905897,0.5,7.142659974905897,0.5,224.0,0.02958274124790079,0.057465495608531994,1029.6077749888568
our_vol1,Our vol1 STNPP-GAT,80,2023-01-25,0.08,0.08001475573980713,4555,120.0,0.5357142857142857,0.4642857142857143,0.08001475573980713,1.1708744968898646,6.695193664732632,0.5357142857142857,6.695193664732632,0.5357142857142857,224.0,0.03381752156150704,0.06542261251372118,1029.6077749888568
our_vol1,Our vol1 STNPP-GAT,80,2023-01-25,0.09,0.09001001282344055,5124,127.0,0.5669642857142857,0.4330357142857143,0.09001001282344055,1.1015699540289703,6.298902399074383,0.5669642857142857,6.298902399074383,0.5669642857142857,224.0,0.04156926516922452,0.07982045277127245,1029.6077749888568
our_vol1,Our vol1 STNPP-GAT,80,2023-01-25,0.1,0.10000526990707397,5693,137.0,0.6116071428571429,0.3883928571428571,0.10000526990707397,1.069539590530281,6.115749134275176,0.6116071428571429,6.115749134275176,0.6116071428571429,224.0,0.04949764955295419,0.09432636571227823,1029.6077749888568
our_vol1,Our vol1 STNPP-GAT,81,2023-02-08,0.01,0.010012823440546666,570,40.0,0.2127659574468085,0.7872340425531915,0.010012823440546666,3.118908382066277,21.249346771183276,0.2127659574468085,21.249346771183276,0.2127659574468085,188.0,0.034482758620689655,0.06666666666666667,1429.3602887136765
our_vol1,Our vol1 STNPP-GAT,81,2023-02-08,0.02,0.02000808052418009,1139,52.0,0.2765957446808511,0.7234042553191489,0.02000808052418009,2.029070334601502,13.824201894158744,0.2765957446808511,13.824201894158744,0.2765957446808511,188.0,0.022900763358778626,0.04477611940298507,1429.3602887136765
our_vol1,Our vol1 STNPP-GAT,81,2023-02-08,0.03,0.030003337607813516,1708,64.0,0.3404255319148936,0.6595744680851063,0.030003337607813516,1.6653655997918293,11.346255418805121,0.3404255319148936,11.346255418805121,0.3404255319148936,188.0,0.025825825825825825,0.05035128805620609,1429.3602887136765
our_vol1,Our vol1 STNPP-GAT,81,2023-02-08,0.04,0.04001616104836018,2278,72.0,0.3829787234042553,0.6170212765957447,0.04001616104836018,1.404741000877963,9.570601311340669,0.3829787234042553,9.570601311340669,0.3829787234042553,188.0,0.024510906228918373,0.04784899034240562,1429.3602887136765
our_vol1,Our vol1 STNPP-GAT,81,2023-02-08,0.05,0.050011418131993605,2847,76.0,0.40425531914893614,0.5957446808510638,0.050011418131993605,1.1864340631463919,8.083260468279413,0.40425531914893614,8.083260468279413,0.40425531914893614,188.0,0.023548445083587992,0.0460133473832104,1429.3602887136765
our_vol1,Our vol1 STNPP-GAT,81,2023-02-08,0.06,0.06000667521562703,3416,85.0,0.4521276595744681,0.5478723404255319,0.06000667521562703,1.1059068436117616,7.534622739050277,0.4521276595744681,7.534622739050277,0.4521276595744681,188.0,0.02783210470889123,0.054156908665105384,1429.3602887136765
our_vol1,Our vol1 STNPP-GAT,81,2023-02-08,0.07,0.07000193229926045,3985,88.0,0.46808510638297873,0.5319148936170213,0.07000193229926045,0.9814582462010317,6.6867455084225424,0.46808510638297873,6.6867455084225424,0.46808510638297873,188.0,0.028121775025799794,0.05470514429109159,1429.3602887136765
our_vol1,Our vol1 STNPP-GAT,81,2023-02-08,0.08,0.08001475573980713,4555,94.0,0.5,0.5,0.08001475573980713,0.9171850225637274,6.248847420417124,0.5,6.248847420417124,0.5,188.0,0.03252861838376969,0.06300768386388585,1429.3602887136765
our_vol1,Our vol1 STNPP-GAT,81,2023-02-08,0.09,0.09001001282344055,5124,101.0,0.5372340425531915,0.4627659574468085,0.09001001282344055,0.8760516957238268,5.968603110933945,0.5372340425531915,5.968603110933945,0.5372340425531915,188.0,0.03798237617745366,0.07318501170960187,1429.3602887136765
our_vol1,Our vol1 STNPP-GAT,81,2023-02-08,0.1,0.10000526990707397,5693,104.0,0.5531914893617021,0.44680851063829785,0.10000526990707397,0.8119132658040088,5.5316233822050975,0.5531914893617021,5.5316233822050975,0.5531914893617021,188.0,0.04814507962809537,0.0918672053398911,1429.3602887136765
our_vol1,Our vol1 STNPP-GAT,82,2023-02-22,0.01,0.010012823440546666,570,38.0,0.1890547263681592,0.8109452736318408,0.010012823440546666,2.9629629629629632,18.881260364842454,0.1890547263681592,18.881260364842454,0.1890547263681592,201.0,0.03167420814479638,0.06140350877192982,1043.6994284943776
our_vol1,Our vol1 STNPP-GAT,82,2023-02-22,0.02,0.02000808052418009,1139,52.0,0.25870646766169153,0.7412935323383085,0.02000808052418009,2.029070334601502,12.930099284088774,0.25870646766169153,12.930099284088774,0.25870646766169153,201.0,0.02244165170556553,0.043898156277436345,1043.6994284943776
our_vol1,Our vol1 STNPP-GAT,82,2023-02-22,0.03,0.030003337607813516,1708,60.0,0.29850746268656714,0.7014925373134329,0.030003337607813516,1.56128024980484,9.949141878429863,0.29850746268656714,9.949141878429863,0.29850746268656714,201.0,0.024902490249024904,0.04859484777517564,1043.6994284943776
our_vol1,Our vol1 STNPP-GAT,82,2023-02-22,0.04,0.04001616104836018,2278,68.0,0.3383084577114428,0.6616915422885572,0.04001616104836018,1.3266998341625207,8.454295685750354,0.3383084577114428,8.454295685750354,0.3383084577114428,201.0,0.023590204448438554,0.046093064091308165,1043.6994284943776
our_vol1,Our vol1 STNPP-GAT,82,2023-02-22,0.05,0.050011418131993605,2847,71.0,0.35323383084577115,0.6467661691542288,0.050011418131993605,1.1083791905709712,7.0630636770485475,0.35323383084577115,7.0630636770485475,0.35323383084577115,201.0,0.022262118491921005,0.04355461889708465,1043.6994284943776
our_vol1,Our vol1 STNPP-GAT,82,2023-02-22,0.06,0.06000667521562703,3416,79.0,0.39303482587064675,0.6069651741293532,0.06000667521562703,1.0278428311215198,6.549851736632994,0.39303482587064675,6.549851736632994,0.39303482587064675,201.0,0.02613397416641634,0.050936768149882905,1043.6994284943776
our_vol1,Our vol1 STNPP-GAT,82,2023-02-22,0.07,0.07000193229926045,3985,95.0,0.472636815920398,0.527363184079602,0.07000193229926045,1.0595287885124773,6.751768135483187,0.472636815920398,6.751768135483187,0.472636815920398,201.0,0.02838709677419355,0.05520702634880803,1043.6994284943776
our_vol1,Our vol1 STNPP-GAT,82,2023-02-22,0.08,0.08001475573980713,4555,107.0,0.5323383084577115,0.46766169154228854,0.08001475573980713,1.044029759726796,6.653001731190371,0.5323383084577115,6.653001731190371,0.5323383084577115,201.0,0.03440445100488248,0.06652030735455543,1043.6994284943776
our_vol1,Our vol1 STNPP-GAT,82,2023-02-22,0.09,0.09001001282344055,5124,113.0,0.5621890547263682,0.43781094527363185,0.09001001282344055,0.9801370457108162,6.245850179236526,0.5621890547263682,6.245850179236526,0.5621890547263682,201.0,0.04135758561121837,0.07943013270882124,1043.6994284943776
our_vol1,Our vol1 STNPP-GAT,82,2023-02-22,0.1,0.10000526990707397,5693,119.0,0.5920398009950248,0.40796019900497515,0.10000526990707397,0.929016140679587,5.920086026917931,0.5920398009950248,5.920086026917931,0.5920398009950248,201.0,0.04988473951129553,0.0950289829615317,1043.6994284943776
our_vol1,Our vol1 STNPP-GAT,83,2023-03-08,0.01,0.010012823440546666,570,26.0,0.14054054054054055,0.8594594594594595,0.010012823440546666,2.0272904483430803,14.03605500237079,0.14054054054054055,14.03605500237079,0.14054054054054055,185.0,0.02425876010781671,0.04736842105263158,1112.6576222846948
our_vol1,Our vol1 STNPP-GAT,83,2023-03-08,0.02,0.02000808052418009,1139,34.0,0.1837837837837838,0.8162162162162162,0.02000808052418009,1.3266998341625207,9.185478015328762,0.1837837837837838,9.185478015328762,0.1837837837837838,185.0,0.016057091882247992,0.03160667251975417,1112.6576222846948
our_vol1,Our vol1 STNPP-GAT,83,2023-03-08,0.03,0.030003337607813516,1708,46.0,0.24864864864864866,0.7513513513513513,0.030003337607813516,1.1969815248503772,8.287366289005634,0.24864864864864866,8.287366289005634,0.24864864864864866,185.0,0.021225710014947684,0.04156908665105386,1112.6576222846948
our_vol1,Our vol1 STNPP-GAT,83,2023-03-08,0.04,0.04001616104836018,2278,57.0,0.3081081081081081,0.6918918918918919,0.04001616104836018,1.1120866256950541,7.699591865790286,0.3081081081081081,7.699591865790286,0.3081081081081081,185.0,0.021524663677130046,0.04214223002633889,1112.6576222846948
our_vol1,Our vol1 STNPP-GAT,83,2023-03-08,0.05,0.050011418131993605,2847,66.0,0.3567567567567568,0.6432432432432432,0.050011418131993605,1.0303243179955508,7.133506108848575,0.3567567567567568,7.133506108848575,0.3567567567567568,185.0,0.02189519023689878,0.04285212504390586,1112.6576222846948
our_vol1,Our vol1 STNPP-GAT,83,2023-03-08,0.06,0.06000667521562703,3416,70.0,0.3783783783783784,0.6216216216216216,0.06000667521562703,0.9107468123861566,6.305604785112982,0.3783783783783784,6.305604785112982,0.3783783783783784,185.0,0.025363950172594928,0.049473067915690866,1112.6576222846948
our_vol1,Our vol1 STNPP-GAT,83,2023-03-08,0.07,0.07000193229926045,3985,78.0,0.42162162162162165,0.5783783783783784,0.07000193229926045,0.8699289000418235,6.022999762623352,0.42162162162162165,6.022999762623352,0.42162162162162165,185.0,0.026136217329728338,0.05094102885821832,1112.6576222846948
our_vol1,Our vol1 STNPP-GAT,83,2023-03-08,0.08,0.08001475573980713,4555,85.0,0.4594594594594595,0.5405405405405406,0.08001475573980713,0.8293694352969875,5.742184116058979,0.4594594594594595,5.742184116058979,0.4594594594594595,185.0,0.031710079275198186,0.06147091108671789,1112.6576222846948
our_vol1,Our vol1 STNPP-GAT,83,2023-03-08,0.09,0.09001001282344055,5124,90.0,0.4864864864864865,0.5135135135135135,0.09001001282344055,0.78064012490242,5.404804101525413,0.4864864864864865,5.404804101525413,0.4864864864864865,185.0,0.038508309687880014,0.0741608118657299,1112.6576222846948
our_vol1,Our vol1 STNPP-GAT,83,2023-03-08,0.1,0.10000526990707397,5693,95.0,0.5135135135135135,0.4864864864864865,0.10000526990707397,0.7416515408786619,5.134864532545896,0.5135135135135135,5.134864532545896,0.5135135135135135,185.0,0.04804860088365243,0.09169155102757773,1112.6576222846948
our_vol1,Our vol1 STNPP-GAT,84,2023-03-22,0.01,0.010012823440546666,570,31.0,0.1631578947368421,0.8368421052631578,0.010012823440546666,2.417153996101365,16.29489381348107,0.1631578947368421,16.29489381348107,0.1631578947368421,190.0,0.027953110910730387,0.054385964912280704,811.0060929433566
our_vol1,Our vol1 STNPP-GAT,84,2023-03-22,0.02,0.02000808052418009,1139,47.0,0.24736842105263157,0.7526315789473684,0.02000808052418009,1.8339674178128962,12.363425904533063,0.24736842105263157,12.363425904533063,0.24736842105263157,190.0,0.021982951996410947,0.04302019315188762,811.0060929433566
our_vol1,Our vol1 STNPP-GAT,84,2023-03-22,0.03,0.030003337607813516,1708,62.0,0.3263157894736842,0.6736842105263158,0.030003337607813516,1.6133229247983347,10.875982990262543,0.3263157894736842,10.875982990262543,0.3263157894736842,190.0,0.025210084033613446,0.04918032786885246,811.0060929433566
our_vol1,Our vol1 STNPP-GAT,84,2023-03-22,0.04,0.04001616104836018,2278,73.0,0.38421052631578945,0.6157894736842106,0.04001616104836018,1.4242512925568236,9.601383947137379,0.38421052631578945,9.601383947137379,0.38421052631578945,190.0,0.024741340530814216,0.048287971905179985,811.0060929433566
our_vol1,Our vol1 STNPP-GAT,84,2023-03-22,0.05,0.050011418131993605,2847,81.0,0.4263157894736842,0.5736842105263158,0.050011418131993605,1.2644889357218123,8.524369142033166,0.4263157894736842,8.524369142033166,0.4263157894736842,190.0,0.024653590066582687,0.04812082894274675,811.0060929433566
our_vol1,Our vol1 STNPP-GAT,84,2023-03-22,0.06,0.06000667521562703,3416,91.0,0.4789473684210526,0.5210526315789474,0.06000667521562703,1.1839708561020037,7.9815681622088,0.4789473684210526,7.9815681622088,0.4789473684210526,190.0,0.02891566265060241,0.05620608899297424,811.0060929433566
our_vol1,Our vol1 STNPP-GAT,84,2023-03-22,0.07,0.07000193229926045,3985,100.0,0.5263157894736842,0.4736842105263158,0.07000193229926045,1.1152934615920815,7.518589447269365,0.5263157894736842,7.518589447269365,0.5263157894736842,190.0,0.030381383322559793,0.05897114178168131,811.0060929433566
our_vol1,Our vol1 STNPP-GAT,84,2023-03-22,0.08,0.08001475573980713,4555,110.0,0.5789473684210527,0.42105263157894735,0.08001475573980713,1.0733016221490426,7.235507539430354,0.5789473684210527,7.235507539430354,0.5789473684210527,190.0,0.036169244767970885,0.06981339187705818,811.0060929433566
our_vol1,Our vol1 STNPP-GAT,84,2023-03-22,0.09,0.09001001282344055,5124,119.0,0.6263157894736842,0.37368421052631584,0.09001001282344055,1.0321797207043109,6.958290192694851,0.6263157894736842,6.958290192694851,0.6263157894736842,190.0,0.04156926516922452,0.07982045277127245,811.0060929433566
our_vol1,Our vol1 STNPP-GAT,84,2023-03-22,0.1,0.10000526990707397,5693,126.0,0.6631578947368421,0.33684210526315794,0.10000526990707397,0.9836641489548569,6.631229487736555,0.6631578947368421,6.631229487736555,0.6631578947368421,190.0,0.05163018379975986,0.09819076058317232,811.0060929433566
our_vol1,Our vol1 STNPP-GAT,85,2023-04-05,0.01,0.010012823440546666,570,31.0,0.1791907514450867,0.8208092485549133,0.010012823440546666,2.417153996101365,17.896126153534123,0.1791907514450867,17.896126153534123,0.1791907514450867,173.0,0.026102610261026102,0.05087719298245614,769.2126074612779
our_vol1,Our vol1 STNPP-GAT,85,2023-04-05,0.02,0.02000808052418009,1139,47.0,0.27167630057803466,0.7283236994219653,0.02000808052418009,1.8339674178128962,13.578329028099894,0.27167630057803466,13.578329028099894,0.27167630057803466,173.0,0.020152261531571878,0.03950834064969271,769.2126074612779
our_vol1,Our vol1 STNPP-GAT,85,2023-04-05,0.03,0.030003337607813516,1708,60.0,0.3468208092485549,0.653179190751445,0.030003337607813516,1.56128024980484,11.559407615979206,0.3468208092485549,11.559407615979206,0.3468208092485549,173.0,0.023980815347721823,0.0468384074941452,769.2126074612779
our_vol1,Our vol1 STNPP-GAT,85,2023-04-05,0.04,0.04001616104836018,2278,64.0,0.3699421965317919,0.630057803468208,0.04001616104836018,1.2486586674470783,9.244819763812695,0.3699421965317919,9.244819763812695,0.3699421965317919,173.0,0.021982951996410947,0.04302019315188762,769.2126074612779
our_vol1,Our vol1 STNPP-GAT,85,2023-04-05,0.05,0.050011418131993605,2847,76.0,0.4393063583815029,0.5606936416184971,0.050011418131993605,1.1864340631463919,8.784121202523293,0.4393063583815029,8.784121202523293,0.4393063583815029,173.0,0.02244568145088885,0.04390586582367404,769.2126074612779
our_vol1,Our vol1 STNPP-GAT,85,2023-04-05,0.06,0.06000667521562703,3416,83.0,0.4797687861271676,0.5202312138728324,0.06000667521562703,1.0798855061150143,7.995256934385618,0.4797687861271676,7.995256934385618,0.4797687861271676,173.0,0.02690515556891628,0.052400468384074944,769.2126074612779
our_vol1,Our vol1 STNPP-GAT,85,2023-04-05,0.07,0.07000193229926045,3985,88.0,0.5086705202312138,0.49132947976878616,0.07000193229926045,0.9814582462010317,7.266521130540103,0.5086705202312138,7.266521130540103,0.5086705202312138,173.0,0.028121775025799794,0.05470514429109159,769.2126074612779
our_vol1,Our vol1 STNPP-GAT,85,2023-04-05,0.08,0.08001475573980713,4555,93.0,0.5375722543352601,0.4624277456647399,0.08001475573980713,0.9074277350896451,6.718413989581417,0.5375722543352601,6.718413989581417,0.5375722543352601,173.0,0.03416959927347032,0.06608122941822174,769.2126074612779
our_vol1,Our vol1 STNPP-GAT,85,2023-04-05,0.09,0.09001001282344055,5124,98.0,0.5664739884393064,0.4335260115606936,0.09001001282344055,0.8500303582270795,6.29345525758868,0.5664739884393064,6.29345525758868,0.5664739884393064,173.0,0.039456334313824934,0.07591725214676034,769.2126074612779
our_vol1,Our vol1 STNPP-GAT,85,2023-04-05,0.1,0.10000526990707397,5693,103.0,0.5953757225433526,0.4046242774566474,0.10000526990707397,0.8041064074789702,5.953443484494192,0.5953757225433526,5.953443484494192,0.5953757225433526,173.0,0.049981556621173,0.09520463727384507,769.2126074612779
our_vol1,Our vol1 STNPP-GAT,86,2023-04-19,0.01,0.010012823440546666,570,32.0,0.1509433962264151,0.8490566037735849,0.010012823440546666,2.4951267056530217,15.075008275405493,0.1509433962264151,15.075008275405493,0.1509433962264151,212.0,0.02702702702702703,0.05263157894736842,898.4239754591614
our_vol1,Our vol1 STNPP-GAT,86,2023-04-19,0.02,0.02000808052418009,1139,51.0,0.24056603773584906,0.7594339622641509,0.02000808052418009,1.990049751243781,12.023444100253451,0.24056603773584906,12.023444100253451,0.24056603773584906,212.0,0.02244165170556553,0.043898156277436345,898.4239754591614
our_vol1,Our vol1 STNPP-GAT,86,2023-04-19,0.03,0.030003337607813516,1708,64.0,0.3018867924528302,0.6981132075471699,0.030003337607813516,1.6653655997918293,10.061773673280014,0.3018867924528302,10.061773673280014,0.3018867924528302,212.0,0.025517862503752625,0.049765807962529274,898.4239754591614
our_vol1,Our vol1 STNPP-GAT,86,2023-04-19,0.04,0.04001616104836018,2278,76.0,0.3584905660377358,0.6415094339622642,0.04001616104836018,1.4827821675934054,8.958644623718257,0.3584905660377358,8.958644623718257,0.3584905660377358,212.0,0.025664115263394866,0.05004389815627744,898.4239754591614
our_vol1,Our vol1 STNPP-GAT,86,2023-04-19,0.05,0.050011418131993605,2847,89.0,0.419811320754717,0.5801886792452831,0.050011418131993605,1.3893767318424852,8.394309468424227,0.419811320754717,8.394309468424227,0.419811320754717,212.0,0.02576112412177986,0.0502283105022831,898.4239754591614
our_vol1,Our vol1 STNPP-GAT,86,2023-04-19,0.06,0.06000667521562703,3416,104.0,0.49056603773584906,0.5094339622641509,0.06000667521562703,1.3531095498308614,8.17519110954001,0.49056603773584906,8.17519110954001,0.49056603773584906,212.0,0.030934057642975705,0.060011709601873534,898.4239754591614
our_vol1,Our vol1 STNPP-GAT,86,2023-04-19,0.07,0.07000193229926045,3985,107.0,0.5047169811320755,0.4952830188679245,0.07000193229926045,1.1933640039035271,7.210043559574822,0.5047169811320755,7.210043559574822,0.5047169811320755,212.0,0.0351993765424081,0.06800501882057716,898.4239754591614
our_vol1,Our vol1 STNPP-GAT,86,2023-04-19,0.08,0.08001475573980713,4555,111.0,0.5235849056603774,0.4764150943396226,0.08001475573980713,1.083058909623125,6.543604374210385,0.5235849056603774,6.543604374210385,0.5235849056603774,212.0,0.035580311469819256,0.06871569703622393,898.4239754591614
our_vol1,Our vol1 STNPP-GAT,86,2023-04-19,0.09,0.09001001282344055,5124,118.0,0.5566037735849056,0.44339622641509435,0.09001001282344055,1.0235059415387284,6.183798403370008,0.5566037735849056,6.183798403370008,0.5566037735849056,212.0,0.0429472827193161,0.0823575331772053,898.4239754591614
our_vol1,Our vol1 STNPP-GAT,86,2023-04-19,0.1,0.10000526990707397,5693,123.0,0.5801886792452831,0.41981132075471694,0.10000526990707397,0.9602435739797412,5.801581054522437,0.5801886792452831,5.801581054522437,0.5801886792452831,212.0,0.05163018379975986,0.09819076058317232,898.4239754591614
our_vol1,Our vol1 STNPP-GAT,87,2023-05-03,0.01,0.010012823440546666,570,27.0,0.17307692307692307,0.8269230769230769,0.010012823440546666,2.105263157894737,17.285526315789472,0.17307692307692307,17.285526315789472,0.17307692307692307,156.0,0.025179856115107913,0.04912280701754386,2253.909050752081
our_vol1,Our vol1 STNPP-GAT,87,2023-05-03,0.02,0.02000808052418009,1139,39.0,0.25,0.75,0.02000808052418009,1.5218027509511267,12.494951712028096,0.25,12.494951712028096,0.25,156.0,0.018328118015198926,0.035996488147497806,2253.909050752081
our_vol1,Our vol1 STNPP-GAT,87,2023-05-03,0.03,0.030003337607813516,1708,54.0,0.34615384615384615,0.6538461538461539,0.030003337607813516,1.405152224824356,11.537177985948476,0.34615384615384615,11.537177985948476,0.34615384615384615,156.0,0.022754491017964073,0.04449648711943794,2253.909050752081
our_vol1,Our vol1 STNPP-GAT,87,2023-05-03,0.04,0.04001616104836018,2278,58.0,0.3717948717948718,0.6282051282051282,0.04001616104836018,1.1315969173739147,9.2911179397132,0.3717948717948718,9.2911179397132,0.3717948717948718,156.0,0.021295673615781215,0.04170324846356453,2253.909050752081
our_vol1,Our vol1 STNPP-GAT,87,2023-05-03,0.05,0.050011418131993605,2847,64.0,0.41025641025641024,0.5897435897435898,0.050011418131993605,0.9991023689653826,8.203254888186395,0.41025641025641024,8.203254888186395,0.41025641025641024,156.0,0.022262118491921005,0.04355461889708465,2253.909050752081
our_vol1,Our vol1 STNPP-GAT,87,2023-05-03,0.06,0.06000667521562703,3416,70.0,0.44871794871794873,0.5512820512820513,0.06000667521562703,0.9107468123861566,7.477800546448088,0.44871794871794873,7.477800546448088,0.44871794871794873,156.0,0.02613397416641634,0.050936768149882905,2253.909050752081
our_vol1,Our vol1 STNPP-GAT,87,2023-05-03,0.07,0.07000193229926045,3985,74.0,0.47435897435897434,0.5256410256410257,0.07000193229926045,0.8253171615781403,6.776369719782518,0.47435897435897434,6.776369719782518,0.47435897435897434,156.0,0.031181265364212705,0.060476787954830614,2253.909050752081
our_vol1,Our vol1 STNPP-GAT,87,2023-05-03,0.08,0.08001475573980713,4555,84.0,0.5384615384615384,0.46153846153846156,0.08001475573980713,0.8196121478229053,6.729527991218441,0.5384615384615384,6.729527991218441,0.5384615384615384,156.0,0.033114084826491266,0.06410537870472009,2253.909050752081
our_vol1,Our vol1 STNPP-GAT,87,2023-05-03,0.09,0.09001001282344055,5124,91.0,0.5833333333333334,0.41666666666666663,0.09001001282344055,0.7893139040680024,6.480760473588343,0.5833333333333334,6.480760473588343,0.5833333333333334,156.0,0.04135758561121837,0.07943013270882124,2253.909050752081
our_vol1,Our vol1 STNPP-GAT,87,2023-05-03,0.1,0.10000526990707397,5693,94.0,0.6025641025641025,0.39743589743589747,0.10000526990707397,0.7338446825536233,6.025323496691844,0.6025641025641025,6.025323496691844,0.6025641025641025,156.0,0.04930421159340153,0.0939750570876515,2253.909050752081
our_vol1,Our vol1 STNPP-GAT,88,2023-05-17,0.01,0.010012823440546666,570,30.0,0.16129032258064516,0.8387096774193549,0.010012823440546666,2.339181286549708,16.108375778155064,0.16129032258064516,16.108375778155064,0.16129032258064516,186.0,0.026102610261026102,0.05087719298245614,958.2208500352003
our_vol1,Our vol1 STNPP-GAT,88,2023-05-17,0.02,0.02000808052418009,1139,43.0,0.23118279569892472,0.7688172043010753,0.02000808052418009,1.6778850843820114,11.554471475638884,0.23118279569892472,11.554471475638884,0.23118279569892472,186.0,0.01923937360178971,0.03775241439859526,958.2208500352003
our_vol1,Our vol1 STNPP-GAT,88,2023-05-17,0.03,0.030003337607813516,1708,60.0,0.3225806451612903,0.6774193548387097,0.030003337607813516,1.56128024980484,10.751492029916143,0.3225806451612903,10.751492029916143,0.3225806451612903,186.0,0.023673958645489962,0.04625292740046839,958.2208500352003
our_vol1,Our vol1 STNPP-GAT,88,2023-05-17,0.04,0.04001616104836018,2278,68.0,0.3655913978494624,0.6344086021505376,0.04001616104836018,1.3266998341625207,9.13609372492377,0.3655913978494624,9.13609372492377,0.3655913978494624,186.0,0.022900763358778626,0.04477611940298507,958.2208500352003
our_vol1,Our vol1 STNPP-GAT,88,2023-05-17,0.05,0.050011418131993605,2847,75.0,0.4032258064516129,0.5967741935483871,0.050011418131993605,1.1708230886313078,8.062674915304168,0.4032258064516129,8.062674915304168,0.4032258064516129,186.0,0.024284943335132217,0.04741833508956796,958.2208500352003
our_vol1,Our vol1 STNPP-GAT,88,2023-05-17,0.06,0.06000667521562703,3416,80.0,0.43010752688172044,0.5698924731182795,0.06000667521562703,1.0408534998698933,7.167661353277429,0.43010752688172044,7.167661353277429,0.43010752688172044,186.0,0.02845100105374078,0.055327868852459015,958.2208500352003
our_vol1,Our vol1 STNPP-GAT,88,2023-05-17,0.07,0.07000193229926045,3985,85.0,0.45698924731182794,0.543010752688172,0.07000193229926045,0.9479994423532693,6.5282376114731315,0.45698924731182794,6.5282376114731315,0.45698924731182794,186.0,0.03211603211603212,0.06223337515683814,958.2208500352003
our_vol1,Our vol1 STNPP-GAT,88,2023-05-17,0.08,0.08001475573980713,4555,87.0,0.46774193548387094,0.532258064516129,0.08001475573980713,0.8488840102451519,5.845695973938599,0.46774193548387094,5.845695973938599,0.46774193548387094,186.0,0.032879818594104306,0.06366630076838639,958.2208500352003
our_vol1,Our vol1 STNPP-GAT,88,2023-05-17,0.09,0.09001001282344055,5124,96.0,0.5161290322580645,0.4838709677419355,0.09001001282344055,0.8326827998959146,5.734129082621943,0.5161290322580645,5.734129082621943,0.5161290322580645,186.0,0.040406091370558374,0.07767369242779079,958.2208500352003
our_vol1,Our vol1 STNPP-GAT,88,2023-05-17,0.1,0.10000526990707397,5693,106.0,0.5698924731182796,0.4301075268817204,0.10000526990707397,0.827526982454086,5.698624418971422,0.5698924731182796,5.698624418971422,0.5698924731182796,186.0,0.049207519351271656,0.09379940277533813,958.2208500352003
our_vol1,Our vol1 STNPP-GAT,89,2023-05-31,0.01,0.010012823440546666,570,43.0,0.22994652406417113,0.7700534759358288,0.010012823440546666,3.352826510721248,22.965203114738717,0.22994652406417113,22.965203114738717,0.22994652406417113,187.0,0.03636363636363636,0.07017543859649122,122.11790077393907
our_vol1,Our vol1 STNPP-GAT,89,2023-05-31,0.02,0.02000808052418009,1139,59.0,0.3155080213903743,0.6844919786096257,0.02000808052418009,2.3022144181055504,15.769029968121018,0.3155080213903743,15.769029968121018,0.3155080213903743,187.0,0.025664115263394866,0.05004389815627744,122.11790077393907
our_vol1,Our vol1 STNPP-GAT,89,2023-05-31,0.03,0.030003337607813516,1708,73.0,0.39037433155080214,0.6096256684491979,0.030003337607813516,1.8995576372625553,13.011030194492104,0.39037433155080214,13.011030194492104,0.39037433155080214,187.0,0.027059530968129887,0.05269320843091335,122.11790077393907
our_vol1,Our vol1 STNPP-GAT,89,2023-05-31,0.04,0.04001616104836018,2278,79.0,0.42245989304812837,0.5775401069518716,0.04001616104836018,1.5413130426299873,10.557231927809836,0.42245989304812837,10.557231927809836,0.42245989304812837,187.0,0.025202520252025202,0.04916593503072871,122.11790077393907
our_vol1,Our vol1 STNPP-GAT,89,2023-05-31,0.05,0.050011418131993605,2847,83.0,0.44385026737967914,0.5561497326203209,0.050011418131993605,1.2957108847519805,8.874978634043904,0.44385026737967914,8.874978634043904,0.44385026737967914,187.0,0.024653590066582687,0.04812082894274675,122.11790077393907
our_vol1,Our vol1 STNPP-GAT,89,2023-05-31,0.06,0.06000667521562703,3416,89.0,0.47593582887700536,0.5240641711229946,0.06000667521562703,1.1579495186052564,7.931381419930118,0.47593582887700536,7.931381419930118,0.47593582887700536,187.0,0.029846246608381068,0.057962529274004686,122.11790077393907
our_vol1,Our vol1 STNPP-GAT,89,2023-05-31,0.07,0.07000193229926045,3985,97.0,0.5187165775401069,0.4812834224598931,0.07000193229926045,1.081834657744319,7.410032273431786,0.5187165775401069,7.410032273431786,0.5187165775401069,187.0,0.0333203682095164,0.06449184441656211,122.11790077393907
our_vol1,Our vol1 STNPP-GAT,89,2023-05-31,0.08,0.08001475573980713,4555,103.0,0.5508021390374331,0.44919786096256686,0.08001475573980713,1.0050006098304671,6.883757051368596,0.5508021390374331,6.883757051368596,0.5508021390374331,187.0,0.034287011807447774,0.06630076838638858,122.11790077393907
our_vol1,Our vol1 STNPP-GAT,89,2023-05-31,0.09,0.09001001282344055,5124,108.0,0.5775401069518716,0.42245989304812837,0.09001001282344055,0.9367681498829039,6.4163984520782975,0.5775401069518716,6.4163984520782975,0.5775401069518716,187.0,0.040406091370558374,0.07767369242779079,122.11790077393907
our_vol1,Our vol1 STNPP-GAT,89,2023-05-31,0.1,0.10000526990707397,5693,108.0,0.5775401069518716,0.42245989304812837,0.10000526990707397,0.843140699104163,5.775096727287757,0.5775401069518716,5.775096727287757,0.5775401069518716,187.0,0.048820928518791454,0.09309678552608466,122.11790077393907
our_vol1,Our vol1 STNPP-GAT,90,2023-06-14,0.01,0.010012823440546666,570,37.0,0.2138728323699422,0.7861271676300579,0.010012823440546666,2.8849902534113063,21.359892505831052,0.2138728323699422,21.359892505831052,0.2138728323699422,173.0,0.03260869565217391,0.06315789473684211,952.7218464929804
our_vol1,Our vol1 STNPP-GAT,90,2023-06-14,0.02,0.02000808052418009,1139,49.0,0.2832369942196532,0.7167630057803468,0.02000808052418009,1.9120085845283386,14.15613026333819,0.2832369942196532,14.15613026333819,0.2832369942196532,173.0,0.022900763358778626,0.04477611940298507,952.7218464929804
our_vol1,Our vol1 STNPP-GAT,90,2023-06-14,0.03,0.030003337607813516,1708,59.0,0.34104046242774566,0.6589595375722543,0.030003337607813516,1.5352589123080926,11.366750822379553,0.34104046242774566,11.366750822379553,0.34104046242774566,173.0,0.024287856071964018,0.04742388758782201,952.7218464929804
our_vol1,Our vol1 STNPP-GAT,90,2023-06-14,0.04,0.04001616104836018,2278,68.0,0.3930635838150289,0.6069364161849711,0.04001616104836018,1.3266998341625207,9.822620999050988,0.3930635838150289,9.822620999050988,0.3930635838150289,173.0,0.022900763358778626,0.04477611940298507,952.7218464929804
our_vol1,Our vol1 STNPP-GAT,90,2023-06-14,0.05,0.050011418131993605,2847,73.0,0.42196531791907516,0.5780346820809248,0.050011418131993605,1.1396011396011396,8.437379576107901,0.42196531791907516,8.437379576107901,0.42196531791907516,173.0,0.023180592991913745,0.045310853530031614,952.7218464929804
our_vol1,Our vol1 STNPP-GAT,90,2023-06-14,0.06,0.06000667521562703,3416,76.0,0.4393063583815029,0.5606936416184971,0.06000667521562703,0.9888108248763987,7.320958156786831,0.4393063583815029,7.320958156786831,0.4393063583815029,173.0,0.027677496991576414,0.053864168618266976,952.7218464929804
our_vol1,Our vol1 STNPP-GAT,90,2023-06-14,0.07,0.07000193229926045,3985,87.0,0.5028901734104047,0.49710982658959535,0.07000193229926045,0.9703053115851109,7.183947026783967,0.5028901734104047,7.183947026783967,0.5028901734104047,173.0,0.0322497085869706,0.06248431618569636,952.7218464929804
our_vol1,Our vol1 STNPP-GAT,90,2023-06-14,0.08,0.08001475573980713,4555,94.0,0.5433526011560693,0.4566473988439307,0.08001475573980713,0.9171850225637274,6.790655000222076,0.5433526011560693,6.790655000222076,0.5433526011560693,173.0,0.032879818594104306,0.06366630076838639,952.7218464929804
our_vol1,Our vol1 STNPP-GAT,90,2023-06-14,0.09,0.09001001282344055,5124,100.0,0.5780346820809249,0.4219653179190751,0.09001001282344055,0.8673779165582444,6.421893119988448,0.5780346820809249,6.421893119988448,0.5780346820809249,173.0,0.04051172707889126,0.0778688524590164,952.7218464929804
our_vol1,Our vol1 STNPP-GAT,90,2023-06-14,0.1,0.10000526990707397,5693,102.0,0.5895953757225434,0.4104046242774566,0.10000526990707397,0.7962995491539318,5.895643062314638,0.5895953757225434,5.895643062314638,0.5895953757225434,173.0,0.04862773991526985,0.09274547690145793,952.7218464929804
our_vol1,Our vol1 STNPP-GAT,91,2023-06-28,0.01,0.010012823440546666,570,25.0,0.12755102040816327,0.8724489795918368,0.010012823440546666,1.9493177387914231,12.73876655925528,0.12755102040816327,12.73876655925528,0.12755102040816327,196.0,0.021505376344086023,0.042105263157894736,1659.1510345774109
our_vol1,Our vol1 STNPP-GAT,91,2023-06-28,0.02,0.02000808052418009,1139,42.0,0.21428571428571427,0.7857142857142857,0.02000808052418009,1.6388645010242902,10.709958610309796,0.21428571428571427,10.709958610309796,0.21428571428571427,196.0,0.019695613249776187,0.038630377524143986,1659.1510345774109
our_vol1,Our vol1 STNPP-GAT,91,2023-06-28,0.03,0.030003337607813516,1708,55.0,0.28061224489795916,0.7193877551020409,0.030003337607813516,1.4311735623211033,9.352700975003584,0.28061224489795916,9.352700975003584,0.28061224489795916,196.0,0.022448368751870697,0.043911007025761124,1659.1510345774109
our_vol1,Our vol1 STNPP-GAT,91,2023-06-28,0.04,0.04001616104836018,2278,67.0,0.34183673469387754,0.6581632653061225,0.04001616104836018,1.3071895424836601,8.542466986794718,0.34183673469387754,8.542466986794718,0.34183673469387754,196.0,0.023130473837862115,0.04521510096575944,1659.1510345774109
our_vol1,Our vol1 STNPP-GAT,91,2023-06-28,0.05,0.050011418131993605,2847,76.0,0.3877551020408163,0.6122448979591837,0.050011418131993605,1.1864340631463919,7.753331469574131,0.3877551020408163,7.753331469574131,0.3877551020408163,196.0,0.022813005209268905,0.04460835967685283,1659.1510345774109
our_vol1,Our vol1 STNPP-GAT,91,2023-06-28,0.06,0.06000667521562703,3416,82.0,0.41836734693877553,0.5816326530612245,0.06000667521562703,1.0668748373666406,6.972013454093581,0.41836734693877553,6.972013454093581,0.41836734693877553,196.0,0.02845100105374078,0.055327868852459015,1659.1510345774109
our_vol1,Our vol1 STNPP-GAT,91,2023-06-28,0.07,0.07000193229926045,3985,88.0,0.4489795918367347,0.5510204081632653,0.07000193229926045,0.9814582462010317,6.413817120323663,0.4489795918367347,6.413817120323663,0.4489795918367347,196.0,0.03184878301398239,0.06173149309912171,1659.1510345774109
our_vol1,Our vol1 STNPP-GAT,91,2023-06-28,0.08,0.08001475573980713,4555,94.0,0.47959183673469385,0.5204081632653061,0.08001475573980713,0.9171850225637274,5.993792423665404,0.47959183673469385,5.993792423665404,0.47959183673469385,196.0,0.03299693842839324,0.06388583973655323,1659.1510345774109
our_vol1,Our vol1 STNPP-GAT,91,2023-06-28,0.09,0.09001001282344055,5124,97.0,0.49489795918367346,0.5051020408163265,0.09001001282344055,0.8413565790614971,5.498254512577865,0.49489795918367346,5.498254512577865,0.49489795918367346,196.0,0.04061738424045491,0.078064012490242,1659.1510345774109
our_vol1,Our vol1 STNPP-GAT,91,2023-06-28,0.1,0.10000526990707397,5693,102.0,0.5204081632653061,0.47959183673469385,0.10000526990707397,0.7962995491539318,5.20380739683894,0.5204081632653061,5.20380739683894,0.5204081632653061,196.0,0.048724325320070004,0.0929211312137713,1659.1510345774109
our_vol1,Our vol1 STNPP-GAT,92,2023-07-12,0.01,0.010012823440546666,570,34.0,0.1452991452991453,0.8547008547008547,0.010012823440546666,2.6510721247563356,14.511306042884991,0.1452991452991453,14.511306042884991,0.1452991452991453,234.0,0.02981029810298103,0.05789473684210526,1410.8691111690528
our_vol1,Our vol1 STNPP-GAT,92,2023-07-12,0.02,0.02000808052418009,1139,49.0,0.2094017094017094,0.7905982905982906,0.02000808052418009,1.9120085845283386,10.465856989561996,0.2094017094017094,10.465856989561996,0.2094017094017094,234.0,0.022900763358778626,0.04477611940298507,1410.8691111690528
our_vol1,Our vol1 STNPP-GAT,92,2023-07-12,0.03,0.030003337607813516,1708,60.0,0.2564102564102564,0.7435897435897436,0.030003337607813516,1.56128024980484,8.546057767369241,0.2564102564102564,8.546057767369241,0.2564102564102564,234.0,0.023367285799880167,0.04566744730679157,1410.8691111690528
our_vol1,Our vol1 STNPP-GAT,92,2023-07-12,0.04,0.04001616104836018,2278,72.0,0.3076923076923077,0.6923076923076923,0.04001616104836018,1.404741000877963,7.689201053555752,0.3076923076923077,7.689201053555752,0.3076923076923077,234.0,0.023590204448438554,0.046093064091308165,1410.8691111690528
our_vol1,Our vol1 STNPP-GAT,92,2023-07-12,0.05,0.050011418131993605,2847,83.0,0.3547008547008547,0.6452991452991452,0.050011418131993605,1.2957108847519805,7.092397455411154,0.3547008547008547,7.092397455411154,0.3547008547008547,234.0,0.024469233537243614,0.04776958201615736,1410.8691111690528
our_vol1,Our vol1 STNPP-GAT,92,2023-07-12,0.06,0.06000667521562703,3416,97.0,0.41452991452991456,0.5854700854700854,0.06000667521562703,1.2620348685922456,6.908063361956805,0.41452991452991456,6.908063361956805,0.41452991452991456,234.0,0.030156815440289506,0.0585480093676815,1410.8691111690528
our_vol1,Our vol1 STNPP-GAT,92,2023-07-12,0.07,0.07000193229926045,3985,105.0,0.44871794871794873,0.5512820512820513,0.07000193229926045,1.1710581346716855,6.410079464659139,0.44871794871794873,6.410079464659139,0.44871794871794873,234.0,0.034930528502791845,0.06750313676286072,1410.8691111690528
our_vol1,Our vol1 STNPP-GAT,92,2023-07-12,0.08,0.08001475573980713,4555,112.0,0.47863247863247865,0.5213675213675213,0.08001475573980713,1.092816197097207,5.981802658860837,0.47863247863247865,5.981802658860837,0.47863247863247865,234.0,0.0362871118189057,0.07003293084522502,1410.8691111690528
our_vol1,Our vol1 STNPP-GAT,92,2023-07-12,0.09,0.09001001282344055,5124,117.0,0.5,0.5,0.09001001282344055,1.014832162373146,5.554937548790008,0.5,5.554937548790008,0.5,234.0,0.04379710735383988,0.08391881342701014,1410.8691111690528
our_vol1,Our vol1 STNPP-GAT,92,2023-07-12,0.1,0.10000526990707397,5693,124.0,0.5299145299145299,0.4700854700854701,0.10000526990707397,0.9680504323047797,5.298866053828289,0.5299145299145299,5.298866053828289,0.5299145299145299,234.0,0.05114475627769571,0.09731248902160548,1410.8691111690528
our_vol1,Our vol1 STNPP-GAT,93,2023-07-26,0.01,0.010012823440546666,570,21.0,0.11229946524064172,0.8877005347593583,0.010012823440546666,1.6374269005847955,11.21556431184914,0.11229946524064172,11.21556431184914,0.11229946524064172,187.0,0.017857142857142856,0.03508771929824561,1157.5997546708272
our_vol1,Our vol1 STNPP-GAT,93,2023-07-26,0.02,0.02000808052418009,1139,33.0,0.17647058823529413,0.8235294117647058,0.02000808052418009,1.2876792508047994,8.819965914372775,0.17647058823529413,8.819965914372775,0.17647058823529413,187.0,0.015151515151515152,0.029850746268656716,1157.5997546708272
our_vol1,Our vol1 STNPP-GAT,93,2023-07-26,0.03,0.030003337607813516,1708,47.0,0.25133689839572193,0.7486631016042781,0.030003337607813516,1.2230028623471247,8.376964645768888,0.25133689839572193,8.376964645768888,0.25133689839572193,187.0,0.01939719486720382,0.038056206088992975,1157.5997546708272
our_vol1,Our vol1 STNPP-GAT,93,2023-07-26,0.04,0.04001616104836018,2278,57.0,0.3048128342245989,0.6951871657754011,0.04001616104836018,1.1120866256950541,7.617243289685577,0.3048128342245989,7.617243289685577,0.3048128342245989,187.0,0.02060931899641577,0.04038630377524144,1157.5997546708272
our_vol1,Our vol1 STNPP-GAT,93,2023-07-26,0.05,0.050011418131993605,2847,66.0,0.35294117647058826,0.6470588235294117,0.050011418131993605,1.0303243179955508,7.057211925866238,0.35294117647058826,7.057211925866238,0.35294117647058826,187.0,0.021711824869908487,0.042500878117316475,1157.5997546708272
our_vol1,Our vol1 STNPP-GAT,93,2023-07-26,0.06,0.06000667521562703,3416,73.0,0.39037433155080214,0.6096256684491979,0.06000667521562703,0.9497788186312777,6.505515097246052,0.39037433155080214,6.505515097246052,0.39037433155080214,187.0,0.026596543951915852,0.05181498829039813,1157.5997546708272
our_vol1,Our vol1 STNPP-GAT,93,2023-07-26,0.07,0.07000193229926045,3985,80.0,0.42780748663101603,0.572192513368984,0.07000193229926045,0.8922347692736652,6.111366823448896,0.42780748663101603,6.111366823448896,0.42780748663101603,187.0,0.03211603211603212,0.06223337515683814,1157.5997546708272
our_vol1,Our vol1 STNPP-GAT,93,2023-07-26,0.08,0.08001475573980713,4555,86.0,0.45989304812834225,0.5401069518716577,0.08001475573980713,0.8391267227710697,5.747602974929119,0.45989304812834225,5.747602974929119,0.45989304812834225,187.0,0.033465683494044246,0.06476399560922064,1157.5997546708272
our_vol1,Our vol1 STNPP-GAT,93,2023-07-26,0.09,0.09001001282344055,5124,98.0,0.5240641711229946,0.47593582887700536,0.09001001282344055,0.8500303582270795,5.82228748429327,0.5240641711229946,5.82228748429327,0.5240641711229946,187.0,0.04337202199144777,0.08313817330210772,1157.5997546708272
our_vol1,Our vol1 STNPP-GAT,93,2023-07-26,0.1,0.10000526990707397,5693,103.0,0.5508021390374331,0.44919786096256686,0.10000526990707397,0.8041064074789702,5.507731138061471,0.5508021390374331,5.507731138061471,0.5508021390374331,187.0,0.05133887349953832,0.09766379764623222,1157.5997546708272
our_vol1,Our vol1 STNPP-GAT,94,2023-08-09,0.01,0.010012823440546666,570,26.0,0.15294117647058825,0.8470588235294118,0.010012823440546666,2.0272904483430803,15.27453044375645,0.15294117647058825,15.27453044375645,0.15294117647058825,170.0,0.02333931777378815,0.0456140350877193,1654.5882596489942
our_vol1,Our vol1 STNPP-GAT,94,2023-08-09,0.02,0.02000808052418009,1139,43.0,0.2529411764705882,0.7470588235294118,0.02000808052418009,1.6778850843820114,12.641951143934309,0.2529411764705882,12.641951143934309,0.2529411764705882,170.0,0.02060931899641577,0.04038630377524144,1654.5882596489942
our_vol1,Our vol1 STNPP-GAT,94,2023-08-09,0.03,0.030003337607813516,1708,55.0,0.3235294117647059,0.6764705882352942,0.030003337607813516,1.4311735623211033,10.783114065298252,0.3235294117647059,10.783114065298252,0.3235294117647059,170.0,0.0215311004784689,0.04215456674473068,1654.5882596489942
our_vol1,Our vol1 STNPP-GAT,94,2023-08-09,0.04,0.04001616104836018,2278,66.0,0.38823529411764707,0.611764705882353,0.04001616104836018,1.2876792508047994,9.701962505810052,0.38823529411764707,9.701962505810052,0.38823529411764707,170.0,0.022900763358778626,0.04477611940298507,1654.5882596489942
our_vol1,Our vol1 STNPP-GAT,94,2023-08-09,0.05,0.050011418131993605,2847,77.0,0.45294117647058824,0.5470588235294118,0.050011418131993605,1.202045037661476,9.056755304861671,0.45294117647058824,9.056755304861671,0.45294117647058824,170.0,0.024469233537243614,0.04776958201615736,1654.5882596489942
our_vol1,Our vol1 STNPP-GAT,94,2023-08-09,0.06,0.06000667521562703,3416,81.0,0.4764705882352941,0.5235294117647059,0.06000667521562703,1.053864168618267,7.940293084446893,0.4764705882352941,7.940293084446893,0.4764705882352941,170.0,0.028760728805902726,0.05591334894613583,1654.5882596489942
our_vol1,Our vol1 STNPP-GAT,94,2023-08-09,0.07,0.07000193229926045,3985,85.0,0.5,0.5,0.07000193229926045,0.9479994423532693,7.142659974905897,0.5,7.142659974905897,0.5,170.0,0.03318641431164117,0.06424090338770388,1654.5882596489942
our_vol1,Our vol1 STNPP-GAT,94,2023-08-09,0.08,0.08001475573980713,4555,88.0,0.5176470588235295,0.48235294117647054,0.08001475573980713,0.858641297719234,6.469394976431847,0.5176470588235295,6.469394976431847,0.5176470588235295,170.0,0.03440445100488248,0.06652030735455543,1654.5882596489942
our_vol1,Our vol1 STNPP-GAT,94,2023-08-09,0.09,0.09001001282344055,5124,94.0,0.5529411764705883,0.44705882352941173,0.09001001282344055,0.8153352415647497,6.143107406897185,0.5529411764705883,6.143107406897185,0.5529411764705883,170.0,0.044009779951100246,0.08430913348946135,1654.5882596489942
our_vol1,Our vol1 STNPP-GAT,94,2023-08-09,0.1,0.10000526990707397,5693,96.0,0.5647058823529412,0.43529411764705883,0.10000526990707397,0.7494583992037005,5.64676124445914,0.5647058823529412,5.64676124445914,0.5647058823529412,170.0,0.05153306243073513,0.09801510627085895,1654.5882596489942
our_vol1,Our vol1 STNPP-GAT,95,2023-08-23,0.01,0.010012823440546666,570,28.0,0.15469613259668508,0.8453038674033149,0.010012823440546666,2.183235867446394,15.449801298827177,0.15469613259668508,15.449801298827177,0.15469613259668508,181.0,0.025179856115107913,0.04912280701754386,1676.8039015157951
our_vol1,Our vol1 STNPP-GAT,95,2023-08-23,0.02,0.02000808052418009,1139,49.0,0.27071823204419887,0.7292817679558011,0.02000808052418009,1.9120085845283386,13.530444947831528,0.27071823204419887,13.530444947831528,0.27071823204419887,181.0,0.022900763358778626,0.04477611940298507,1676.8039015157951
our_vol1,Our vol1 STNPP-GAT,95,2023-08-23,0.03,0.030003337607813516,1708,61.0,0.3370165745856354,0.6629834254143646,0.030003337607813516,1.5873015873015872,11.232636148382005,0.3370165745856354,11.232636148382005,0.3370165745856354,181.0,0.024287856071964018,0.04742388758782201,1676.8039015157951
our_vol1,Our vol1 STNPP-GAT,95,2023-08-23,0.04,0.04001616104836018,2278,70.0,0.3867403314917127,0.6132596685082873,0.04001616104836018,1.3657204175202418,9.664603534165378,0.3867403314917127,9.664603534165378,0.3867403314917127,181.0,0.023820224719101123,0.046532045654082525,1676.8039015157951
our_vol1,Our vol1 STNPP-GAT,95,2023-08-23,0.05,0.050011418131993605,2847,75.0,0.4143646408839779,0.5856353591160222,0.050011418131993605,1.1708230886313078,8.285400741693786,0.4143646408839779,8.285400741693786,0.4143646408839779,181.0,0.02410071942446043,0.047067088162978575,1676.8039015157951
our_vol1,Our vol1 STNPP-GAT,95,2023-08-23,0.06,0.06000667521562703,3416,85.0,0.4696132596685083,0.5303867403314917,0.06000667521562703,1.1059068436117616,7.826016988626807,0.4696132596685083,7.826016988626807,0.4696132596685083,181.0,0.029225670382645376,0.056791569086651054,1676.8039015157951
our_vol1,Our vol1 STNPP-GAT,95,2023-08-23,0.07,0.07000193229926045,3985,90.0,0.4972375690607735,0.5027624309392265,0.07000193229926045,1.0037641154328734,7.103197765099788,0.4972375690607735,7.103197765099788,0.4972375690607735,181.0,0.03278476091745497,0.06348808030112923,1676.8039015157951
our_vol1,Our vol1 STNPP-GAT,95,2023-08-23,0.08,0.08001475573980713,4555,98.0,0.5414364640883977,0.45856353591160226,0.08001475573980713,0.9562141724600561,6.766707703877106,0.5414364640883977,6.766707703877106,0.5414364640883977,181.0,0.0340522133938706,0.06586169045005488,1676.8039015157951
our_vol1,Our vol1 STNPP-GAT,95,2023-08-23,0.09,0.09001001282344055,5124,104.0,0.574585635359116,0.425414364640884,0.09001001282344055,0.9020730332205742,6.383574641703434,0.574585635359116,6.383574641703434,0.574585635359116,181.0,0.04475481700479152,0.08567525370804059,1676.8039015157951
our_vol1,Our vol1 STNPP-GAT,95,2023-08-23,0.1,0.10000526990707397,5693,106.0,0.585635359116022,0.41436464088397795,0.10000526990707397,0.827526982454086,5.856044983031405,0.585635359116022,5.856044983031405,0.585635359116022,181.0,0.05201884874803659,0.09889337783242579,1676.8039015157951
our_vol1,Our vol1 STNPP-GAT,96,2023-09-06,0.01,0.010012823440546666,570,22.0,0.11282051282051282,0.8871794871794871,0.010012823440546666,1.7153996101364524,11.267602339181286,0.11282051282051282,11.267602339181286,0.11282051282051282,195.0,0.01967799642218247,0.03859649122807018,1045.5818056026942
our_vol1,Our vol1 STNPP-GAT,96,2023-09-06,0.02,0.02000808052418009,1139,40.0,0.20512820512820512,0.7948717948717949,0.02000808052418009,1.5608233343088478,10.252268071407668,0.20512820512820512,10.252268071407668,0.20512820512820512,195.0,0.017873100983020553,0.03511852502194908,1045.5818056026942
our_vol1,Our vol1 STNPP-GAT,96,2023-09-06,0.03,0.030003337607813516,1708,53.0,0.2717948717948718,0.7282051282051283,0.030003337607813516,1.3791308873276087,9.058821233411397,0.2717948717948718,9.058821233411397,0.2717948717948718,195.0,0.0215311004784689,0.04215456674473068,1045.5818056026942
our_vol1,Our vol1 STNPP-GAT,96,2023-09-06,0.04,0.04001616104836018,2278,61.0,0.3128205128205128,0.6871794871794872,0.04001616104836018,1.1901277924104965,7.817354404448347,0.3128205128205128,7.817354404448347,0.3128205128205128,195.0,0.02244165170556553,0.043898156277436345,1045.5818056026942
our_vol1,Our vol1 STNPP-GAT,96,2023-09-06,0.05,0.050011418131993605,2847,69.0,0.35384615384615387,0.6461538461538461,0.050011418131993605,1.077157241540803,7.075307341060766,0.35384615384615387,7.075307341060766,0.35384615384615387,195.0,0.022262118491921005,0.04355461889708465,1045.5818056026942
our_vol1,Our vol1 STNPP-GAT,96,2023-09-06,0.06,0.06000667521562703,3416,80.0,0.41025641025641024,0.5897435897435898,0.06000667521562703,1.0408534998698933,6.836846213895394,0.41025641025641024,6.836846213895394,0.41025641025641024,195.0,0.028296207104154123,0.05503512880562061,1045.5818056026942
our_vol1,Our vol1 STNPP-GAT,96,2023-09-06,0.07,0.07000193229926045,3985,90.0,0.46153846153846156,0.5384615384615384,0.07000193229926045,1.0037641154328734,6.593224592220829,0.46153846153846156,6.593224592220829,0.46153846153846156,195.0,0.03278476091745497,0.06348808030112923,1045.5818056026942
our_vol1,Our vol1 STNPP-GAT,96,2023-09-06,0.08,0.08001475573980713,4555,92.0,0.4717948717948718,0.5282051282051282,0.08001475573980713,0.8976704476155629,5.896348335162824,0.4717948717948718,5.896348335162824,0.4717948717948718,195.0,0.033700215590604786,0.06520307354555434,1045.5818056026942
our_vol1,Our vol1 STNPP-GAT,96,2023-09-06,0.09,0.09001001282344055,5124,101.0,0.517948717948718,0.482051282051282,0.09001001282344055,0.8760516957238268,5.754345563361957,0.517948717948718,5.754345563361957,0.517948717948718,195.0,0.0442225392296719,0.08469945355191257,1045.5818056026942
our_vol1,Our vol1 STNPP-GAT,96,2023-09-06,0.1,0.10000526990707397,5693,105.0,0.5384615384615384,0.46153846153846156,0.10000526990707397,0.8197201241290474,5.384331635341648,0.5384615384615384,5.384331635341648,0.5384615384615384,195.0,0.051824480369515015,0.09854206920779905,1045.5818056026942
our_vol1,Our vol1 STNPP-GAT,97,2023-09-20,0.01,0.010012823440546666,570,44.0,0.2233502538071066,0.7766497461928934,0.010012823440546666,3.4307992202729047,22.30642087452133,0.2233502538071066,22.30642087452133,0.2233502538071066,197.0,0.03636363636363636,0.07017543859649122,359.26898128470106
our_vol1,Our vol1 STNPP-GAT,97,2023-09-20,0.02,0.02000808052418009,1139,63.0,0.3197969543147208,0.6802030456852792,0.02000808052418009,2.4582967515364356,15.983390007264367,0.3197969543147208,15.983390007264367,0.3197969543147208,197.0,0.027051397655545536,0.05267778753292362,359.26898128470106
our_vol1,Our vol1 STNPP-GAT,97,2023-09-20,0.03,0.030003337607813516,1708,80.0,0.40609137055837563,0.5939086294416244,0.030003337607813516,2.0817069997397866,13.534873215325907,0.40609137055837563,13.534873215325907,0.40609137055837563,197.0,0.02891566265060241,0.05620608899297424,359.26898128470106
our_vol1,Our vol1 STNPP-GAT,97,2023-09-20,0.04,0.04001616104836018,2278,93.0,0.4720812182741117,0.5279187817258884,0.04001616104836018,1.8144571261340356,11.797264052980841,0.4720812182741117,11.797264052980841,0.4720812182741117,197.0,0.028906955736224028,0.056189640035118525,359.26898128470106
our_vol1,Our vol1 STNPP-GAT,97,2023-09-20,0.05,0.050011418131993605,2847,101.0,0.5126903553299492,0.4873096446700508,0.050011418131993605,1.5767084260234945,10.251466054748162,0.5126903553299492,10.251466054748162,0.5126903553299492,197.0,0.029098138442074824,0.05655075518089217,359.26898128470106
our_vol1,Our vol1 STNPP-GAT,97,2023-09-20,0.06,0.06000667521562703,3416,110.0,0.5583756345177665,0.4416243654822335,0.06000667521562703,1.4311735623211033,9.30522533553656,0.5583756345177665,9.30522533553656,0.5583756345177665,197.0,0.03202416918429003,0.06206088992974239,359.26898128470106
our_vol1,Our vol1 STNPP-GAT,97,2023-09-20,0.07,0.07000193229926045,3985,112.0,0.5685279187817259,0.4314720812182741,0.07000193229926045,1.2491286769831313,8.121603220197569,0.5685279187817259,8.121603220197569,0.5685279187817259,197.0,0.034796156842378606,0.06725219573400251,359.26898128470106
our_vol1,Our vol1 STNPP-GAT,97,2023-09-20,0.08,0.08001475573980713,4555,119.0,0.6040609137055838,0.3959390862944162,0.08001475573980713,1.1611172094157824,7.549368964767896,0.6040609137055838,7.549368964767896,0.6040609137055838,197.0,0.03593359108483057,0.06937431394072448,359.26898128470106
our_vol1,Our vol1 STNPP-GAT,97,2023-09-20,0.09,0.09001001282344055,5124,121.0,0.6142131979695431,0.3857868020304569,0.09001001282344055,1.0495272790354757,6.823831912726811,0.6142131979695431,6.823831912726811,0.6142131979695431,197.0,0.04507444421782582,0.0862607338017174,359.26898128470106
our_vol1,Our vol1 STNPP-GAT,97,2023-09-20,0.1,0.10000526990707397,5693,126.0,0.6395939086294417,0.36040609137055835,0.10000526990707397,0.9836641489548569,6.395602044009877,0.6395939086294417,6.395602044009877,0.6395939086294417,197.0,0.05338144139143307,0.10135253820481292,359.26898128470106
our_vol1,Our vol1 STNPP-GAT,98,2023-10-04,0.01,0.010012823440546666,570,33.0,0.15714285714285714,0.8428571428571429,0.010012823440546666,2.5730994152046787,15.694160401002504,0.15714285714285714,15.694160401002504,0.15714285714285714,210.0,0.02702702702702703,0.05263157894736842,861.272060568447
our_vol1,Our vol1 STNPP-GAT,98,2023-10-04,0.02,0.02000808052418009,1139,50.0,0.23809523809523808,0.7619047619047619,0.02000808052418009,1.9510291678860598,11.899954011455328,0.23809523809523808,11.899954011455328,0.23809523809523808,210.0,0.021982951996410947,0.04302019315188762,861.272060568447
our_vol1,Our vol1 STNPP-GAT,98,2023-10-04,0.03,0.030003337607813516,1708,67.0,0.319047619047619,0.680952380952381,0.030003337607813516,1.7434296122820714,10.633737593398013,0.319047619047619,10.633737593398013,0.319047619047619,210.0,0.025825825825825825,0.05035128805620609,861.272060568447
our_vol1,Our vol1 STNPP-GAT,98,2023-10-04,0.04,0.04001616104836018,2278,79.0,0.3761904761904762,0.6238095238095238,0.04001616104836018,1.5413130426299873,9.40096366904971,0.3761904761904762,9.40096366904971,0.3761904761904762,210.0,0.02751465944970681,0.053555750658472345,861.272060568447
our_vol1,Our vol1 STNPP-GAT,98,2023-10-04,0.05,0.050011418131993605,2847,87.0,0.4142857142857143,0.5857142857142856,0.050011418131993605,1.358154782812317,8.28382257012394,0.4142857142857143,8.28382257012394,0.4142857142857143,210.0,0.02724156593902219,0.05303828591499824,861.272060568447
our_vol1,Our vol1 STNPP-GAT,98,2023-10-04,0.06,0.06000667521562703,3416,96.0,0.45714285714285713,0.5428571428571429,0.06000667521562703,1.249024199843872,7.61820006691201,0.45714285714285713,7.61820006691201,0.45714285714285713,210.0,0.029846246608381068,0.057962529274004686,861.272060568447
our_vol1,Our vol1 STNPP-GAT,98,2023-10-04,0.07,0.07000193229926045,3985,105.0,0.5,0.5,0.07000193229926045,1.1710581346716855,7.142659974905897,0.5,7.142659974905897,0.5,210.0,0.03399065905552673,0.0657465495608532,861.272060568447
our_vol1,Our vol1 STNPP-GAT,98,2023-10-04,0.08,0.08001475573980713,4555,119.0,0.5666666666666667,0.43333333333333335,0.08001475573980713,1.1611172094157824,7.08202707647274,0.5666666666666667,7.08202707647274,0.5666666666666667,210.0,0.03499204726198591,0.06761800219538969,861.272060568447
our_vol1,Our vol1 STNPP-GAT,98,2023-10-04,0.09,0.09001001282344055,5124,126.0,0.6,0.4,0.09001001282344055,1.0928961748633879,6.665925058548009,0.6,6.665925058548009,0.6,210.0,0.045500918179963275,0.08704137392661983,861.272060568447
our_vol1,Our vol1 STNPP-GAT,98,2023-10-04,0.1,0.10000526990707397,5693,128.0,0.6095238095238096,0.3904761904761904,0.10000526990707397,0.9992778656049339,6.094916898781294,0.6095238095238096,6.094916898781294,0.6095238095238096,210.0,0.05299176916674373,0.10064992095555945,861.272060568447
our_vol1,Our vol1 STNPP-GAT,99,2023-10-18,0.01,0.010012823440546666,570,30.0,0.15873015873015872,0.8412698412698413,0.010012823440546666,2.339181286549708,15.852687273739903,0.15873015873015872,15.852687273739903,0.15873015873015872,189.0,0.027953110910730387,0.054385964912280704,1365.4536785941425
our_vol1,Our vol1 STNPP-GAT,99,2023-10-18,0.02,0.02000808052418009,1139,44.0,0.2328042328042328,0.7671957671957672,0.02000808052418009,1.7169056677397325,11.635510588978544,0.2328042328042328,11.635510588978544,0.2328042328042328,189.0,0.020152261531571878,0.03950834064969271,1365.4536785941425
our_vol1,Our vol1 STNPP-GAT,99,2023-10-18,0.03,0.030003337607813516,1708,60.0,0.31746031746031744,0.6825396825396826,0.030003337607813516,1.56128024980484,10.58083342626668,0.31746031746031744,10.58083342626668,0.31746031746031744,189.0,0.024287856071964018,0.04742388758782201,1365.4536785941425
our_vol1,Our vol1 STNPP-GAT,99,2023-10-18,0.04,0.04001616104836018,2278,71.0,0.37566137566137564,0.6243386243386244,0.04001616104836018,1.3852307091991025,9.38774149792587,0.37566137566137564,9.38774149792587,0.37566137566137564,189.0,0.025433265811388703,0.04960491659350307,1365.4536785941425
our_vol1,Our vol1 STNPP-GAT,99,2023-10-18,0.05,0.050011418131993605,2847,85.0,0.4497354497354497,0.5502645502645502,0.050011418131993605,1.3269328337821487,8.992655408180521,0.4497354497354497,8.992655408180521,0.4497354497354497,189.0,0.02724156593902219,0.05303828591499824,1365.4536785941425
our_vol1,Our vol1 STNPP-GAT,99,2023-10-18,0.06,0.06000667521562703,3416,94.0,0.4973544973544973,0.5026455026455027,0.06000667521562703,1.2230028623471247,8.288319517242233,0.4973544973544973,8.288319517242233,0.4973544973544973,189.0,0.030156815440289506,0.0585480093676815,1365.4536785941425
our_vol1,Our vol1 STNPP-GAT,99,2023-10-18,0.07,0.07000193229926045,3985,104.0,0.5502645502645502,0.44973544973544977,0.07000193229926045,1.1599052000557648,7.860705157568395,0.5502645502645502,7.860705157568395,0.5502645502645502,189.0,0.033856531327020364,0.06549560853199499,1365.4536785941425
our_vol1,Our vol1 STNPP-GAT,99,2023-10-18,0.08,0.08001475573980713,4555,109.0,0.5767195767195767,0.42328042328042326,0.08001475573980713,1.0635443346749605,7.207665278576365,0.5767195767195767,7.207665278576365,0.5767195767195767,189.0,0.03416959927347032,0.06608122941822174,1365.4536785941425
our_vol1,Our vol1 STNPP-GAT,99,2023-10-18,0.09,0.09001001282344055,5124,115.0,0.6084656084656085,0.3915343915343915,0.09001001282344055,0.997484604041981,6.759976911225936,0.6084656084656085,6.759976911225936,0.6084656084656085,189.0,0.04432895139101192,0.08489461358313817,1365.4536785941425
our_vol1,Our vol1 STNPP-GAT,99,2023-10-18,0.1,0.10000526990707397,5693,121.0,0.6402116402116402,0.35978835978835977,0.10000526990707397,0.9446298573296641,6.401779034310214,0.6402116402116402,6.401779034310214,0.6402116402116402,189.0,0.052602385134510495,0.09994730370630599,1365.4536785941425
our_vol1,Our vol1 STNPP-GAT,100,2023-11-01,0.01,0.010012823440546666,570,43.0,0.19724770642201836,0.8027522935779816,0.010012823440546666,3.352826510721248,19.699509093835506,0.19724770642201836,19.699509093835506,0.19724770642201836,218.0,0.0373066424021838,0.07192982456140351,1097.1591113465477
our_vol1,Our vol1 STNPP-GAT,100,2023-11-01,0.02,0.02000808052418009,1139,61.0,0.2798165137614679,0.7201834862385321,0.02000808052418009,2.380255584820993,13.985175310710344,0.2798165137614679,13.985175310710344,0.2798165137614679,218.0,0.02751465944970681,0.053555750658472345,1097.1591113465477
our_vol1,Our vol1 STNPP-GAT,100,2023-11-01,0.03,0.030003337607813516,1708,75.0,0.3440366972477064,0.6559633027522935,0.030003337607813516,1.95160031225605,11.466614206217905,0.3440366972477064,11.466614206217905,0.3440366972477064,218.0,0.027677496991576414,0.053864168618266976,1097.1591113465477
our_vol1,Our vol1 STNPP-GAT,100,2023-11-01,0.04,0.04001616104836018,2278,82.0,0.3761467889908257,0.6238532110091743,0.04001616104836018,1.599843917666569,9.399871930149576,0.3761467889908257,9.399871930149576,0.3761467889908257,218.0,0.027282976324689966,0.05311676909569798,1097.1591113465477
our_vol1,Our vol1 STNPP-GAT,100,2023-11-01,0.05,0.050011418131993605,2847,94.0,0.43119266055045874,0.5688073394495412,0.050011418131993605,1.4674316044179057,8.621884294750954,0.43119266055045874,8.621884294750954,0.43119266055045874,218.0,0.028540462427745664,0.05549701440112399,1097.1591113465477
our_vol1,Our vol1 STNPP-GAT,100,2023-11-01,0.06,0.06000667521562703,3416,103.0,0.4724770642201835,0.5275229357798166,0.06000667521562703,1.3400988810824876,7.873741754936296,0.4724770642201835,7.873741754936296,0.4724770642201835,218.0,0.03108964684575913,0.06030444964871194,1097.1591113465477
our_vol1,Our vol1 STNPP-GAT,100,2023-11-01,0.07,0.07000193229926045,3985,114.0,0.5229357798165137,0.47706422018348627,0.07000193229926045,1.271434546214973,7.470304927883232,0.5229357798165137,7.470304927883232,0.5229357798165137,218.0,0.03533385294881788,0.06825595984943539,1097.1591113465477
our_vol1,Our vol1 STNPP-GAT,100,2023-11-01,0.08,0.08001475573980713,4555,119.0,0.5458715596330275,0.45412844036697253,0.08001475573980713,1.1611172094157824,6.822136174583831,0.5458715596330275,6.822136174583831,0.5458715596330275,218.0,0.03499204726198591,0.06761800219538969,1097.1591113465477
our_vol1,Our vol1 STNPP-GAT,100,2023-11-01,0.09,0.09001001282344055,5124,125.0,0.573394495412844,0.42660550458715596,0.09001001282344055,1.0842223956978054,6.370341225676614,0.573394495412844,6.370341225676614,0.573394495412844,218.0,0.04284115192836064,0.0821623731459797,1097.1591113465477
our_vol1,Our vol1 STNPP-GAT,100,2023-11-01,0.1,0.10000526990707397,5693,129.0,0.591743119266055,0.40825688073394495,0.10000526990707397,1.0070847239299725,5.917119365968508,0.591743119266055,5.917119365968508,0.591743119266055,218.0,0.051824480369515015,0.09854206920779905,1097.1591113465477
our_vol1,Our vol1 STNPP-GAT,101,2023-11-15,0.01,0.010012823440546666,570,36.0,0.18652849740932642,0.8134715025906736,0.010012823440546666,2.8070175438596494,18.62896100354513,0.18652849740932642,18.62896100354513,0.18652849740932642,193.0,0.02981029810298103,0.05789473684210526,45.07022398508688
our_vol1,Our vol1 STNPP-GAT,101,2023-11-15,0.02,0.02000808052418009,1139,52.0,0.2694300518134715,0.7305699481865284,0.02000808052418009,2.029070334601502,13.466061948714218,0.2694300518134715,13.466061948714218,0.2694300518134715,193.0,0.02336028751123091,0.0456540825285338,45.07022398508688
our_vol1,Our vol1 STNPP-GAT,101,2023-11-15,0.03,0.030003337607813516,1708,63.0,0.32642487046632124,0.6735751295336787,0.030003337607813516,1.639344262295082,10.879618618873694,0.32642487046632124,10.879618618873694,0.32642487046632124,193.0,0.02459508098380324,0.04800936768149883,45.07022398508688
our_vol1,Our vol1 STNPP-GAT,101,2023-11-15,0.04,0.04001616104836018,2278,72.0,0.37305699481865284,0.6269430051813472,0.04001616104836018,1.404741000877963,9.322658272186766,0.37305699481865284,9.322658272186766,0.37305699481865284,193.0,0.025433265811388703,0.04960491659350307,45.07022398508688
our_vol1,Our vol1 STNPP-GAT,101,2023-11-15,0.05,0.050011418131993605,2847,86.0,0.44559585492227977,0.5544041450777202,0.050011418131993605,1.342543808297233,8.909882414176543,0.44559585492227977,8.909882414176543,0.44559585492227977,193.0,0.02631578947368421,0.05128205128205128,45.07022398508688
our_vol1,Our vol1 STNPP-GAT,101,2023-11-15,0.06,0.06000667521562703,3416,90.0,0.46632124352331605,0.533678756476684,0.06000667521562703,1.17096018735363,7.771156156338352,0.46632124352331605,7.771156156338352,0.46632124352331605,193.0,0.02907064316915198,0.05649882903981265,45.07022398508688
our_vol1,Our vol1 STNPP-GAT,101,2023-11-15,0.07,0.07000193229926045,3985,96.0,0.49740932642487046,0.5025906735751295,0.07000193229926045,1.0706817231283983,7.105651373999649,0.49740932642487046,7.105651373999649,0.49740932642487046,193.0,0.03211603211603212,0.06223337515683814,45.07022398508688
our_vol1,Our vol1 STNPP-GAT,101,2023-11-15,0.08,0.08001475573980713,4555,103.0,0.533678756476684,0.46632124352331605,0.08001475573980713,1.0050006098304671,6.66975424148149,0.533678756476684,6.66975424148149,0.533678756476684,193.0,0.03299693842839324,0.06388583973655323,45.07022398508688
our_vol1,Our vol1 STNPP-GAT,101,2023-11-15,0.09,0.09001001282344055,5124,106.0,0.5492227979274611,0.4507772020725389,0.09001001282344055,0.919420591551739,6.10179668571752,0.5492227979274611,6.10179668571752,0.5492227979274611,193.0,0.04082876294942109,0.07845433255269321,45.07022398508688
our_vol1,Our vol1 STNPP-GAT,101,2023-11-15,0.1,0.10000526990707397,5693,110.0,0.5699481865284974,0.43005181347150256,0.10000526990707397,0.85875441575424,5.699181523714698,0.5699481865284974,5.699181523714698,0.5699481865284974,193.0,0.05133887349953832,0.09766379764623222,45.07022398508688
our_vol1,Our vol1 STNPP-GAT,102,2023-11-29,0.01,0.010012823440546666,570,41.0,0.18385650224215247,0.8161434977578476,0.010012823440546666,3.196881091617934,18.362103689717568,0.18385650224215247,18.362103689717568,0.18385650224215247,223.0,0.03636363636363636,0.07017543859649122,707.176113648841
our_vol1,Our vol1 STNPP-GAT,102,2023-11-29,0.02,0.02000808052418009,1139,57.0,0.2556053811659193,0.7443946188340806,0.02000808052418009,2.2241732513901082,12.77510758001079,0.2556053811659193,12.77510758001079,0.2556053811659193,223.0,0.026126126126126126,0.050921861281826165,707.176113648841
our_vol1,Our vol1 STNPP-GAT,102,2023-11-29,0.03,0.030003337607813516,1708,76.0,0.34080717488789236,0.6591928251121076,0.030003337607813516,1.9776216497527974,11.358975436090777,0.34080717488789236,11.358975436090777,0.34080717488789236,223.0,0.028296207104154123,0.05503512880562061,707.176113648841
our_vol1,Our vol1 STNPP-GAT,102,2023-11-29,0.04,0.04001616104836018,2278,89.0,0.3991031390134529,0.600896860986547,0.04001616104836018,1.7364159594185933,9.97354890018386,0.3991031390134529,9.97354890018386,0.3991031390134529,223.0,0.02774644710128581,0.053994732221246705,707.176113648841
our_vol1,Our vol1 STNPP-GAT,102,2023-11-29,0.05,0.050011418131993605,2847,98.0,0.43946188340807174,0.5605381165919283,0.050011418131993605,1.529875502478242,8.787230992894731,0.43946188340807174,8.787230992894731,0.43946188340807174,223.0,0.028169014084507043,0.0547945205479452,707.176113648841
our_vol1,Our vol1 STNPP-GAT,102,2023-11-29,0.06,0.06000667521562703,3416,103.0,0.4618834080717489,0.5381165919282511,0.06000667521562703,1.3400988810824876,7.697200459982566,0.4618834080717489,7.697200459982566,0.4618834080717489,223.0,0.030156815440289506,0.0585480093676815,707.176113648841
our_vol1,Our vol1 STNPP-GAT,102,2023-11-29,0.07,0.07000193229926045,3985,113.0,0.5067264573991032,0.49327354260089684,0.07000193229926045,1.260281611599052,7.238749570980865,0.5067264573991032,7.238749570980865,0.5067264573991032,223.0,0.03318641431164117,0.06424090338770388,707.176113648841
our_vol1,Our vol1 STNPP-GAT,102,2023-11-29,0.08,0.08001475573980713,4555,123.0,0.5515695067264574,0.44843049327354256,0.08001475573980713,1.2001463593121113,6.893347378576738,0.5515695067264574,6.893347378576738,0.5515695067264574,223.0,0.034639409426462237,0.06695938529088913,707.176113648841
our_vol1,Our vol1 STNPP-GAT,102,2023-11-29,0.09,0.09001001282344055,5124,132.0,0.5919282511210763,0.4080717488789237,0.09001001282344055,1.1449388498568827,6.576248936684135,0.5919282511210763,6.576248936684135,0.5919282511210763,223.0,0.041463414634146344,0.07962529274004684,707.176113648841
our_vol1,Our vol1 STNPP-GAT,102,2023-11-29,0.1,0.10000526990707397,5693,136.0,0.6098654708520179,0.3901345291479821,0.10000526990707397,1.0617327322052423,6.098333332020521,0.6098654708520179,6.098333332020521,0.6098654708520179,223.0,0.05201884874803659,0.09889337783242579,707.176113648841
our_vol1,Our vol1 STNPP-GAT,103,2023-12-13,0.01,0.010012823440546666,570,37.0,0.1778846153846154,0.8221153846153846,0.010012823440546666,2.8849902534113063,17.765679824561403,0.1778846153846154,17.765679824561403,0.1778846153846154,208.0,0.03167420814479638,0.06140350877192982,956.9303371053409
our_vol1,Our vol1 STNPP-GAT,103,2023-12-13,0.02,0.02000808052418009,1139,55.0,0.2644230769230769,0.7355769230769231,0.02000808052418009,2.1461320846746657,13.215814310798947,0.2644230769230769,13.215814310798947,0.2644230769230769,208.0,0.02336028751123091,0.0456540825285338,956.9303371053409
our_vol1,Our vol1 STNPP-GAT,103,2023-12-13,0.03,0.030003337607813516,1708,66.0,0.3173076923076923,0.6826923076923077,0.030003337607813516,1.7174082747853239,10.575746487119437,0.3173076923076923,10.575746487119437,0.3173076923076923,208.0,0.023980815347721823,0.0468384074941452,956.9303371053409
our_vol1,Our vol1 STNPP-GAT,103,2023-12-13,0.04,0.04001616104836018,2278,79.0,0.3798076923076923,0.6201923076923077,0.04001616104836018,1.5413130426299873,9.49135755048288,0.3798076923076923,9.49135755048288,0.3798076923076923,208.0,0.025664115263394866,0.05004389815627744,956.9303371053409
our_vol1,Our vol1 STNPP-GAT,103,2023-12-13,0.05,0.050011418131993605,2847,87.0,0.4182692307692308,0.5817307692307692,0.050011418131993605,1.358154782812317,8.363474710221286,0.4182692307692308,8.363474710221286,0.4182692307692308,208.0,0.02650081124932396,0.051633298208640675,956.9303371053409
our_vol1,Our vol1 STNPP-GAT,103,2023-12-13,0.06,0.06000667521562703,3416,95.0,0.4567307692307692,0.5432692307692308,0.06000667521562703,1.2360135310954983,7.611332699063231,0.4567307692307692,7.611332699063231,0.4567307692307692,208.0,0.029380744312189244,0.05708430913348946,956.9303371053409
our_vol1,Our vol1 STNPP-GAT,103,2023-12-13,0.07,0.07000193229926045,3985,102.0,0.49038461538461536,0.5096153846153846,0.07000193229926045,1.1375993308239232,7.00530112923463,0.49038461538461536,7.00530112923463,0.49038461538461536,208.0,0.0325171654359373,0.0629861982434128,956.9303371053409
our_vol1,Our vol1 STNPP-GAT,103,2023-12-13,0.08,0.08001475573980713,4555,113.0,0.5432692307692307,0.4567307692307693,0.08001475573980713,1.1025734845712891,6.789613062568605,0.5432692307692307,6.789613062568605,0.5432692307692307,208.0,0.03416959927347032,0.06608122941822174,956.9303371053409
our_vol1,Our vol1 STNPP-GAT,103,2023-12-13,0.09,0.09001001282344055,5124,121.0,0.5817307692307693,0.4182692307692307,0.09001001282344055,1.0495272790354757,6.46295618657299,0.5817307692307693,6.46295618657299,0.5817307692307693,208.0,0.04315960912052117,0.08274785323965651,956.9303371053409
our_vol1,Our vol1 STNPP-GAT,103,2023-12-13,0.1,0.10000526990707397,5693,132.0,0.6346153846153846,0.3653846153846154,0.10000526990707397,1.030505298905088,6.345819427366942,0.6346153846153846,6.345819427366942,0.6346153846153846,208.0,0.05143595899898421,0.09783945195854558,956.9303371053409
our_vol1,Our vol1 STNPP-GAT,104,2023-12-27,0.01,0.010012823440546666,570,34.0,0.17258883248730963,0.8274111675126904,0.010012823440546666,2.6510721247563356,17.23677976667557,0.17258883248730963,17.23677976667557,0.17258883248730963,197.0,0.03074141048824593,0.05964912280701754,1424.5911880812896
our_vol1,Our vol1 STNPP-GAT,104,2023-12-27,0.02,0.02000808052418009,1139,52.0,0.2639593908629442,0.7360406091370558,0.02000808052418009,2.029070334601502,13.19263937107535,0.2639593908629442,13.19263937107535,0.2639593908629442,197.0,0.024741340530814216,0.048287971905179985,1424.5911880812896
our_vol1,Our vol1 STNPP-GAT,104,2023-12-27,0.03,0.030003337607813516,1708,63.0,0.3197969543147208,0.6802030456852792,0.030003337607813516,1.639344262295082,10.658712657069152,0.3197969543147208,10.658712657069152,0.3197969543147208,197.0,0.025517862503752625,0.049765807962529274,1424.5911880812896
our_vol1,Our vol1 STNPP-GAT,104,2023-12-27,0.04,0.04001616104836018,2278,73.0,0.37055837563451777,0.6294416243654822,0.04001616104836018,1.4242512925568236,9.260218020081735,0.37055837563451777,9.260218020081735,0.37055837563451777,197.0,0.02658855340243353,0.05179982440737489,1424.5911880812896
our_vol1,Our vol1 STNPP-GAT,104,2023-12-27,0.05,0.050011418131993605,2847,90.0,0.45685279187817257,0.5431472081218274,0.050011418131993605,1.4049877063575693,9.134969751755788,0.45685279187817257,9.134969751755788,0.45685279187817257,197.0,0.02798339050370103,0.054443273621355814,1424.5911880812896
our_vol1,Our vol1 STNPP-GAT,104,2023-12-27,0.06,0.06000667521562703,3416,97.0,0.49238578680203043,0.5076142131979695,0.06000667521562703,1.2620348685922456,8.205516886791331,0.49238578680203043,8.205516886791331,0.49238578680203043,197.0,0.029846246608381068,0.057962529274004686,1424.5911880812896
our_vol1,Our vol1 STNPP-GAT,104,2023-12-27,0.07,0.07000193229926045,3985,101.0,0.5126903553299492,0.4873096446700508,0.07000193229926045,1.1264463962080022,7.3239457610710215,0.5126903553299492,7.3239457610710215,0.5126903553299492,197.0,0.03345435684647303,0.06474278544542032,1424.5911880812896
our_vol1,Our vol1 STNPP-GAT,104,2023-12-27,0.08,0.08001475573980713,4555,107.0,0.5431472081218274,0.4568527918781726,0.08001475573980713,1.044029759726796,6.788088060757687,0.5431472081218274,6.788088060757687,0.5431472081218274,197.0,0.03381752156150704,0.06542261251372118,1424.5911880812896
our_vol1,Our vol1 STNPP-GAT,104,2023-12-27,0.09,0.09001001282344055,5124,111.0,0.5634517766497462,0.4365482233502538,0.09001001282344055,0.9627894873796513,6.259878862088232,0.5634517766497462,6.259878862088232,0.5634517766497462,197.0,0.04199288256227758,0.08060109289617487,1424.5911880812896
our_vol1,Our vol1 STNPP-GAT,104,2023-12-27,0.1,0.10000526990707397,5693,116.0,0.5888324873096447,0.41116751269035534,0.10000526990707397,0.9055955657044714,5.8880145801995685,0.5888324873096447,5.8880145801995685,0.5888324873096447,197.0,0.051824480369515015,0.09854206920779905,1424.5911880812896
our_vol1,Our vol1 STNPP-GAT,105,2024-01-10,0.01,0.010012823440546666,570,38.0,0.19387755102040816,0.8061224489795918,0.010012823440546666,2.9629629629629632,19.362925170068024,0.19387755102040816,19.362925170068024,0.19387755102040816,196.0,0.03074141048824593,0.05964912280701754,2554.6191776382893
our_vol1,Our vol1 STNPP-GAT,105,2024-01-10,0.02,0.02000808052418009,1139,56.0,0.2857142857142857,0.7142857142857143,0.02000808052418009,2.185152668032387,14.279944813746393,0.2857142857142857,14.279944813746393,0.2857142857142857,196.0,0.024741340530814216,0.048287971905179985,2554.6191776382893
our_vol1,Our vol1 STNPP-GAT,105,2024-01-10,0.03,0.030003337607813516,1708,67.0,0.34183673469387754,0.6581632653061225,0.030003337607813516,1.7434296122820714,11.39329027864073,0.34183673469387754,11.39329027864073,0.34183673469387754,196.0,0.026442307692307692,0.05152224824355972,2554.6191776382893
our_vol1,Our vol1 STNPP-GAT,105,2024-01-10,0.04,0.04001616104836018,2278,77.0,0.39285714285714285,0.6071428571428572,0.04001616104836018,1.502292459272266,9.817462059450646,0.39285714285714285,9.817462059450646,0.39285714285714285,196.0,0.02658855340243353,0.05179982440737489,2554.6191776382893
our_vol1,Our vol1 STNPP-GAT,105,2024-01-10,0.05,0.050011418131993605,2847,89.0,0.45408163265306123,0.5459183673469388,0.050011418131993605,1.3893767318424852,9.079559220948653,0.45408163265306123,9.079559220948653,0.45408163265306123,196.0,0.028912179255511383,0.056199508254302775,2554.6191776382893
our_vol1,Our vol1 STNPP-GAT,105,2024-01-10,0.06,0.06000667521562703,3416,98.0,0.5,0.5,0.06000667521562703,1.2750455373406193,8.332406323185012,0.5,8.332406323185012,0.5,196.0,0.030778515389257695,0.059718969555035126,2554.6191776382893
our_vol1,Our vol1 STNPP-GAT,105,2024-01-10,0.07,0.07000193229926045,3985,101.0,0.5153061224489796,0.48469387755102045,0.07000193229926045,1.1264463962080022,7.361312831280567,0.5153061224489796,7.361312831280567,0.5153061224489796,196.0,0.03372243839169909,0.06524466750313676,2554.6191776382893
our_vol1,Our vol1 STNPP-GAT,105,2024-01-10,0.08,0.08001475573980713,4555,108.0,0.5510204081632653,0.44897959183673475,0.08001475573980713,1.0537870472008781,6.886484912296422,0.5510204081632653,6.886484912296422,0.5510204081632653,196.0,0.03440445100488248,0.06652030735455543,2554.6191776382893
our_vol1,Our vol1 STNPP-GAT,105,2024-01-10,0.09,0.09001001282344055,5124,113.0,0.576530612244898,0.423469387755102,0.09001001282344055,0.9801370457108162,6.405183091972152,0.576530612244898,6.405183091972152,0.576530612244898,196.0,0.0442225392296719,0.08469945355191257,2554.6191776382893
our_vol1,Our vol1 STNPP-GAT,105,2024-01-10,0.1,0.10000526990707397,5693,116.0,0.5918367346938775,0.40816326530612246,0.10000526990707397,0.9055955657044714,5.918055470914872,0.5918367346938775,5.918055470914872,0.5918367346938775,196.0,0.05163018379975986,0.09819076058317232,2554.6191776382893
our_vol1,Our vol1 STNPP-GAT,106,2024-01-24,0.01,0.010012823440546666,570,34.0,0.1504424778761062,0.8495575221238938,0.010012823440546666,2.6510721247563356,15.02498059307561,0.1504424778761062,15.02498059307561,0.1504424778761062,226.0,0.02888086642599278,0.056140350877192984,257.27316669898636
our_vol1,Our vol1 STNPP-GAT,106,2024-01-24,0.02,0.02000808052418009,1139,54.0,0.23893805309734514,0.7610619469026548,0.02000808052418009,2.1071115013169446,11.94207774246933,0.23893805309734514,11.94207774246933,0.23893805309734514,226.0,0.025202520252025202,0.04916593503072871,257.27316669898636
our_vol1,Our vol1 STNPP-GAT,106,2024-01-24,0.03,0.030003337607813516,1708,71.0,0.3141592920353982,0.6858407079646018,0.030003337607813516,1.8475149622690605,10.470811485772314,0.3141592920353982,10.470811485772314,0.3141592920353982,226.0,0.026442307692307692,0.05152224824355972,257.27316669898636
our_vol1,Our vol1 STNPP-GAT,106,2024-01-24,0.04,0.04001616104836018,2278,88.0,0.3893805309734513,0.6106194690265487,0.04001616104836018,1.7169056677397325,9.730581864234269,0.3893805309734513,9.730581864234269,0.3893805309734513,226.0,0.027282976324689966,0.05311676909569798,257.27316669898636
our_vol1,Our vol1 STNPP-GAT,106,2024-01-24,0.05,0.050011418131993605,2847,95.0,0.42035398230088494,0.5796460176991151,0.050011418131993605,1.4830425789329897,8.405160221440983,0.42035398230088494,8.405160221440983,0.42035398230088494,226.0,0.028540462427745664,0.05549701440112399,257.27316669898636
our_vol1,Our vol1 STNPP-GAT,106,2024-01-24,0.06,0.06000667521562703,3416,105.0,0.4646017699115044,0.5353982300884956,0.06000667521562703,1.366120218579235,7.742501450747135,0.4646017699115044,7.742501450747135,0.4646017699115044,226.0,0.031556696361165634,0.061182669789227165,257.27316669898636
our_vol1,Our vol1 STNPP-GAT,106,2024-01-24,0.07,0.07000193229926045,3985,113.0,0.5,0.5,0.07000193229926045,1.260281611599052,7.142659974905897,0.5,7.142659974905897,0.5,226.0,0.03399065905552673,0.0657465495608532,257.27316669898636
our_vol1,Our vol1 STNPP-GAT,106,2024-01-24,0.08,0.08001475573980713,4555,125.0,0.5530973451327433,0.44690265486725667,0.08001475573980713,1.2196609342602758,6.912441836744605,0.5530973451327433,6.912441836744605,0.5530973451327433,226.0,0.034639409426462237,0.06695938529088913,257.27316669898636
our_vol1,Our vol1 STNPP-GAT,106,2024-01-24,0.09,0.09001001282344055,5124,126.0,0.5575221238938053,0.4424778761061947,0.09001001282344055,1.0928961748633879,6.194001160597707,0.5575221238938053,6.194001160597707,0.5575221238938053,226.0,0.04454184079094894,0.08528493364558938,257.27316669898636
our_vol1,Our vol1 STNPP-GAT,106,2024-01-24,0.1,0.10000526990707397,5693,135.0,0.5973451327433629,0.40265486725663713,0.10000526990707397,1.0539258738802038,5.973136548688112,0.5973451327433629,5.973136548688112,0.5973451327433629,226.0,0.05221328897514093,0.09924468645705252,257.27316669898636
our_vol1,Our vol1 STNPP-GAT,107,2024-02-07,0.01,0.010012823440546666,570,36.0,0.16822429906542055,0.8317757009345794,0.010012823440546666,2.8070175438596494,16.80088539104771,0.16822429906542055,16.80088539104771,0.16822429906542055,214.0,0.02981029810298103,0.05789473684210526,1530.349823374285
our_vol1,Our vol1 STNPP-GAT,107,2024-02-07,0.02,0.02000808052418009,1139,52.0,0.24299065420560748,0.7570093457943925,0.02000808052418009,2.029070334601502,12.144625963092729,0.24299065420560748,12.144625963092729,0.24299065420560748,214.0,0.024280575539568347,0.04741000877963126,1530.349823374285
our_vol1,Our vol1 STNPP-GAT,107,2024-02-07,0.03,0.030003337607813516,1708,69.0,0.32242990654205606,0.677570093457944,0.030003337607813516,1.795472287275566,10.746467968219921,0.32242990654205606,10.746467968219921,0.32242990654205606,214.0,0.024902490249024904,0.04859484777517564,1530.349823374285
our_vol1,Our vol1 STNPP-GAT,107,2024-02-07,0.04,0.04001616104836018,2278,80.0,0.37383177570093457,0.6261682242990654,0.04001616104836018,1.5608233343088478,9.34201997160979,0.37383177570093457,9.34201997160979,0.37383177570093457,214.0,0.02658855340243353,0.05179982440737489,1530.349823374285
our_vol1,Our vol1 STNPP-GAT,107,2024-02-07,0.05,0.050011418131993605,2847,88.0,0.411214953271028,0.5887850467289719,0.050011418131993605,1.3737657573274011,8.222421371570007,0.411214953271028,8.222421371570007,0.411214953271028,214.0,0.02724156593902219,0.05303828591499824,1530.349823374285
our_vol1,Our vol1 STNPP-GAT,107,2024-02-07,0.06,0.06000667521562703,3416,96.0,0.4485981308411215,0.5514018691588785,0.06000667521562703,1.249024199843872,7.475803803979075,0.4485981308411215,7.475803803979075,0.4485981308411215,214.0,0.030623020063357972,0.05942622950819672,1530.349823374285
our_vol1,Our vol1 STNPP-GAT,107,2024-02-07,0.07,0.07000193229926045,3985,104.0,0.48598130841121495,0.514018691588785,0.07000193229926045,1.1599052000557648,6.9423984802823675,0.48598130841121495,6.9423984802823675,0.48598130841121495,214.0,0.03265094584089142,0.06323713927227102,1530.349823374285
our_vol1,Our vol1 STNPP-GAT,107,2024-02-07,0.08,0.08001475573980713,4555,110.0,0.514018691588785,0.485981308411215,0.08001475573980713,1.0733016221490426,6.424048749961528,0.514018691588785,6.424048749961528,0.514018691588785,214.0,0.03276272531459018,0.06344676180021953,1530.349823374285
our_vol1,Our vol1 STNPP-GAT,107,2024-02-07,0.09,0.09001001282344055,5124,121.0,0.5654205607476636,0.43457943925233644,0.09001001282344055,1.0495272790354757,6.2817518075101955,0.5654205607476636,6.2817518075101955,0.5654205607476636,214.0,0.04284115192836064,0.0821623731459797,1530.349823374285
our_vol1,Our vol1 STNPP-GAT,107,2024-02-07,0.1,0.10000526990707397,5693,127.0,0.5934579439252337,0.40654205607476634,0.10000526990707397,0.9914710072798953,5.934266708911256,0.5934579439252337,5.934266708911256,0.5934579439252337,214.0,0.05143595899898421,0.09783945195854558,1530.349823374285
our_vol1,Our vol1 STNPP-GAT,108,2024-02-21,0.01,0.010012823440546666,570,28.0,0.13526570048309178,0.8647342995169083,0.010012823440546666,2.183235867446394,13.509246546317483,0.13526570048309178,13.509246546317483,0.13526570048309178,207.0,0.02333931777378815,0.0456140350877193,1871.5835196094347
our_vol1,Our vol1 STNPP-GAT,108,2024-02-21,0.02,0.02000808052418009,1139,47.0,0.22705314009661837,0.7729468599033816,0.02000808052418009,1.8339674178128962,11.348072086286386,0.22705314009661837,11.348072086286386,0.22705314009661837,207.0,0.021982951996410947,0.04302019315188762,1871.5835196094347
our_vol1,Our vol1 STNPP-GAT,108,2024-02-21,0.03,0.030003337607813516,1708,65.0,0.3140096618357488,0.6859903381642511,0.030003337607813516,1.6913869372885766,10.465824367285522,0.3140096618357488,10.465824367285522,0.3140096618357488,207.0,0.026442307692307692,0.05152224824355972,1871.5835196094347
our_vol1,Our vol1 STNPP-GAT,108,2024-02-21,0.04,0.04001616104836018,2278,77.0,0.3719806763285024,0.6280193236714976,0.04001616104836018,1.502292459272266,9.29576117706438,0.3719806763285024,9.29576117706438,0.3719806763285024,207.0,0.027051397655545536,0.05267778753292362,1871.5835196094347
our_vol1,Our vol1 STNPP-GAT,108,2024-02-21,0.05,0.050011418131993605,2847,85.0,0.4106280193236715,0.5893719806763285,0.050011418131993605,1.3269328337821487,8.210685372686564,0.4106280193236715,8.210685372686564,0.4106280193236715,207.0,0.02631578947368421,0.05128205128205128,1871.5835196094347
our_vol1,Our vol1 STNPP-GAT,108,2024-02-21,0.06,0.06000667521562703,3416,95.0,0.45893719806763283,0.5410628019323671,0.06000667521562703,1.2360135310954983,7.648102422247112,0.45893719806763283,7.648102422247112,0.45893719806763283,207.0,0.031556696361165634,0.061182669789227165,1871.5835196094347
our_vol1,Our vol1 STNPP-GAT,108,2024-02-21,0.07,0.07000193229926045,3985,104.0,0.5024154589371981,0.4975845410628019,0.07000193229926045,1.1599052000557648,7.177165578649404,0.5024154589371981,7.177165578649404,0.5024154589371981,207.0,0.03372243839169909,0.06524466750313676,1871.5835196094347
our_vol1,Our vol1 STNPP-GAT,108,2024-02-21,0.08,0.08001475573980713,4555,109.0,0.5265700483091788,0.47342995169082125,0.08001475573980713,1.0635443346749605,6.5809117760914635,0.5265700483091788,6.5809117760914635,0.5265700483091788,207.0,0.03358293623780349,0.06498353457738748,1871.5835196094347
our_vol1,Our vol1 STNPP-GAT,108,2024-02-21,0.09,0.09001001282344055,5124,116.0,0.5603864734299517,0.43961352657004826,0.09001001282344055,1.0061583832075636,6.2258237261801055,0.5603864734299517,6.2258237261801055,0.5603864734299517,207.0,0.042735042735042736,0.08196721311475409,1871.5835196094347
our_vol1,Our vol1 STNPP-GAT,108,2024-02-21,0.1,0.10000526990707397,5693,122.0,0.5893719806763285,0.41062801932367154,0.10000526990707397,0.9524367156547027,5.893409229573398,0.5893719806763285,5.893409229573398,0.5893719806763285,207.0,0.05114475627769571,0.09731248902160548,1871.5835196094347
our_vol1,Our vol1 STNPP-GAT,109,2024-03-06,0.01,0.010012823440546666,570,39.0,0.20207253886010362,0.7979274611398963,0.010012823440546666,3.04093567251462,20.181374420507225,0.20207253886010362,20.181374420507225,0.20207253886010362,193.0,0.03167420814479638,0.06140350877192982,340.1615046276946
our_vol1,Our vol1 STNPP-GAT,109,2024-03-06,0.02,0.02000808052418009,1139,50.0,0.25906735751295334,0.7409326424870466,0.02000808052418009,1.9510291678860598,12.948136489148284,0.25906735751295334,12.948136489148284,0.25906735751295334,193.0,0.021982951996410947,0.04302019315188762,340.1615046276946
our_vol1,Our vol1 STNPP-GAT,109,2024-03-06,0.03,0.030003337607813516,1708,65.0,0.33678756476683935,0.6632124352331606,0.030003337607813516,1.6913869372885766,11.225003336933176,0.33678756476683935,11.225003336933176,0.33678756476683935,193.0,0.024902490249024904,0.04859484777517564,340.1615046276946
our_vol1,Our vol1 STNPP-GAT,109,2024-03-06,0.04,0.04001616104836018,2278,75.0,0.38860103626943004,0.6113989637305699,0.04001616104836018,1.4632718759145449,9.711102366861214,0.38860103626943004,9.711102366861214,0.38860103626943004,193.0,0.026126126126126126,0.050921861281826165,340.1615046276946
our_vol1,Our vol1 STNPP-GAT,109,2024-03-06,0.05,0.050011418131993605,2847,82.0,0.42487046632124353,0.5751295336787565,0.050011418131993605,1.2800999102368964,8.495469278633449,0.42487046632124353,8.495469278633449,0.42487046632124353,193.0,0.02576112412177986,0.0502283105022831,340.1615046276946
our_vol1,Our vol1 STNPP-GAT,109,2024-03-06,0.06,0.06000667521562703,3416,90.0,0.46632124352331605,0.533678756476684,0.06000667521562703,1.17096018735363,7.771156156338352,0.46632124352331605,7.771156156338352,0.46632124352331605,193.0,0.029535864978902954,0.05737704918032787,340.1615046276946
our_vol1,Our vol1 STNPP-GAT,109,2024-03-06,0.07,0.07000193229926045,3985,98.0,0.5077720207253886,0.49222797927461137,0.07000193229926045,1.09298759236024,7.253685777624643,0.5077720207253886,7.253685777624643,0.5077720207253886,193.0,0.0322497085869706,0.06248431618569636,340.1615046276946
our_vol1,Our vol1 STNPP-GAT,109,2024-03-06,0.08,0.08001475573980713,4555,104.0,0.538860103626943,0.46113989637305697,0.08001475573980713,1.0147578973045495,6.734509137029854,0.538860103626943,6.734509137029854,0.538860103626943,193.0,0.03323125779743677,0.06432491767288694,340.1615046276946
our_vol1,Our vol1 STNPP-GAT,109,2024-03-06,0.09,0.09001001282344055,5124,110.0,0.5699481865284974,0.43005181347150256,0.09001001282344055,0.9541157082140688,6.332053164423843,0.5699481865284974,6.332053164423843,0.5699481865284974,193.0,0.04252288911495422,0.08157689305230288,340.1615046276946
our_vol1,Our vol1 STNPP-GAT,109,2024-03-06,0.1,0.10000526990707397,5693,113.0,0.5854922279792746,0.4145077720207254,0.10000526990707397,0.8821749907293557,5.8546137470887345,0.5854922279792746,5.8546137470887345,0.5854922279792746,193.0,0.0503690036900369,0.09590725452309855,340.1615046276946
our_vol1,Our vol1 STNPP-GAT,110,2024-03-20,0.01,0.010012823440546666,570,27.0,0.14516129032258066,0.8548387096774194,0.010012823440546666,2.105263157894737,14.497538200339559,0.14516129032258066,14.497538200339559,0.14516129032258066,186.0,0.02333931777378815,0.0456140350877193,1253.8097998684577
our_vol1,Our vol1 STNPP-GAT,110,2024-03-20,0.02,0.02000808052418009,1139,36.0,0.1935483870967742,0.8064516129032258,0.02000808052418009,1.404741000877963,9.673511002860462,0.1935483870967742,9.673511002860462,0.1935483870967742,186.0,0.017873100983020553,0.03511852502194908,1253.8097998684577
our_vol1,Our vol1 STNPP-GAT,110,2024-03-20,0.03,0.030003337607813516,1708,44.0,0.23655913978494625,0.7634408602150538,0.030003337607813516,1.1449388498568827,7.884427488605173,0.23655913978494625,7.884427488605173,0.23655913978494625,186.0,0.02031063321385902,0.03981264637002342,1253.8097998684577
our_vol1,Our vol1 STNPP-GAT,110,2024-03-20,0.04,0.04001616104836018,2278,56.0,0.3010752688172043,0.6989247311827957,0.04001616104836018,1.0925763340161936,7.523841891113692,0.3010752688172043,7.523841891113692,0.3010752688172043,186.0,0.023130473837862115,0.04521510096575944,1253.8097998684577
our_vol1,Our vol1 STNPP-GAT,110,2024-03-20,0.05,0.050011418131993605,2847,60.0,0.3225806451612903,0.6774193548387097,0.050011418131993605,0.9366584709050462,6.450139932243335,0.3225806451612903,6.450139932243335,0.3225806451612903,186.0,0.023548445083587992,0.0460133473832104,1253.8097998684577
our_vol1,Our vol1 STNPP-GAT,110,2024-03-20,0.06,0.06000667521562703,3416,69.0,0.3709677419354839,0.6290322580645161,0.06000667521562703,0.897736143637783,6.182107917201783,0.3709677419354839,6.182107917201783,0.3709677419354839,186.0,0.02690515556891628,0.052400468384074944,1253.8097998684577
our_vol1,Our vol1 STNPP-GAT,110,2024-03-20,0.07,0.07000193229926045,3985,80.0,0.43010752688172044,0.5698924731182795,0.07000193229926045,0.8922347692736652,6.144223634327654,0.43010752688172044,6.144223634327654,0.43010752688172044,186.0,0.030781169167097777,0.05972396486825596,1253.8097998684577
our_vol1,Our vol1 STNPP-GAT,110,2024-03-20,0.08,0.08001475573980713,4555,89.0,0.478494623655914,0.521505376344086,0.08001475573980713,0.8683985851933163,5.980079789431441,0.478494623655914,5.980079789431441,0.478494623655914,186.0,0.03194381513366561,0.061909989023051594,1253.8097998684577
our_vol1,Our vol1 STNPP-GAT,110,2024-03-20,0.09,0.09001001282344055,5124,96.0,0.5161290322580645,0.4838709677419355,0.09001001282344055,0.8326827998959146,5.734129082621943,0.5161290322580645,5.734129082621943,0.5161290322580645,186.0,0.040406091370558374,0.07767369242779079,1253.8097998684577
our_vol1,Our vol1 STNPP-GAT,110,2024-03-20,0.1,0.10000526990707397,5693,105.0,0.5645161290322581,0.4354838709677419,0.10000526990707397,0.8197201241290474,5.644863811245276,0.5645161290322581,5.644863811245276,0.5645161290322581,186.0,0.048724325320070004,0.0929211312137713,1253.8097998684577
our_vol1,Our vol1 STNPP-GAT,111,2024-04-03,0.01,0.010012823440546666,570,16.0,0.10666666666666667,0.8933333333333333,0.010012823440546666,1.2475633528265109,10.653005847953215,0.10666666666666667,10.653005847953215,0.10666666666666667,150.0,0.014234875444839857,0.028070175438596492,1434.186115070944
our_vol1,Our vol1 STNPP-GAT,111,2024-04-03,0.02,0.02000808052418009,1139,28.0,0.18666666666666668,0.8133333333333334,0.02000808052418009,1.0925763340161936,9.329563944980979,0.18666666666666668,9.329563944980979,0.18666666666666668,150.0,0.015151515151515152,0.029850746268656716,1434.186115070944
our_vol1,Our vol1 STNPP-GAT,111,2024-04-03,0.03,0.030003337607813516,1708,39.0,0.26,0.74,0.030003337607813516,1.014832162373146,8.665702576112412,0.26,8.665702576112412,0.26,150.0,0.020615476546160742,0.04039812646370024,1434.186115070944
our_vol1,Our vol1 STNPP-GAT,111,2024-04-03,0.04,0.04001616104836018,2278,44.0,0.29333333333333333,0.7066666666666667,0.04001616104836018,0.8584528338698663,7.330371671056483,0.29333333333333333,7.330371671056483,0.29333333333333333,150.0,0.021524663677130046,0.04214223002633889,1434.186115070944
our_vol1,Our vol1 STNPP-GAT,111,2024-04-03,0.05,0.050011418131993605,2847,47.0,0.31333333333333335,0.6866666666666666,0.050011418131993605,0.7337158022089528,6.265235920852359,0.31333333333333335,6.265235920852359,0.31333333333333335,150.0,0.021528525296017224,0.04214963119072708,1434.186115070944
our_vol1,Our vol1 STNPP-GAT,111,2024-04-03,0.06,0.06000667521562703,3416,54.0,0.36,0.64,0.06000667521562703,0.702576112412178,5.999332552693208,0.36,5.999332552693208,0.36,150.0,0.025056264066016503,0.04888758782201405,1434.186115070944
our_vol1,Our vol1 STNPP-GAT,111,2024-04-03,0.07,0.07000193229926045,3985,63.0,0.42,0.5800000000000001,0.07000193229926045,0.7026348808030113,5.999834378920954,0.42,5.999834378920954,0.42,150.0,0.029449754585378456,0.057214554579673775,1434.186115070944
our_vol1,Our vol1 STNPP-GAT,111,2024-04-03,0.08,0.08001475573980713,4555,68.0,0.4533333333333333,0.5466666666666666,0.08001475573980713,0.6634955482375899,5.665621661178192,0.4533333333333333,5.665621661178192,0.4533333333333333,150.0,0.030892836935611633,0.059934138309549946,1434.186115070944
our_vol1,Our vol1 STNPP-GAT,111,2024-04-03,0.09,0.09001001282344055,5124,75.0,0.5,0.5,0.09001001282344055,0.6505334374186833,5.554937548790008,0.5,5.554937548790008,0.5,150.0,0.03966724155422542,0.07630757220921155,1434.186115070944
our_vol1,Our vol1 STNPP-GAT,111,2024-04-03,0.1,0.10000526990707397,5693,79.0,0.5266666666666666,0.4733333333333334,0.10000526990707397,0.6167418076780452,5.266389132853211,0.5266666666666666,5.266389132853211,0.5266666666666666,150.0,0.047952139898757476,0.09151589671526436,1434.186115070944
our_vol1,Our vol1 STNPP-GAT,112,2024-04-17,0.01,0.010012823440546666,570,24.0,0.14035087719298245,0.8596491228070176,0.010012823440546666,1.8713450292397662,14.017112957833177,0.14035087719298245,14.017112957833177,0.14035087719298245,171.0,0.021505376344086023,0.042105263157894736,2466.858917290147
our_vol1,Our vol1 STNPP-GAT,112,2024-04-17,0.02,0.02000808052418009,1139,35.0,0.2046783625730994,0.7953216374269005,0.02000808052418009,1.3657204175202418,10.229785027391422,0.2046783625730994,10.229785027391422,0.2046783625730994,171.0,0.017418490397498883,0.03424056189640035,2466.858917290147
our_vol1,Our vol1 STNPP-GAT,112,2024-04-17,0.03,0.030003337607813516,1708,50.0,0.29239766081871343,0.7076023391812866,0.030003337607813516,1.3010668748373666,9.745504471561416,0.29239766081871343,9.745504471561416,0.29239766081871343,171.0,0.022754491017964073,0.04449648711943794,2466.858917290147
our_vol1,Our vol1 STNPP-GAT,112,2024-04-17,0.04,0.04001616104836018,2278,59.0,0.34502923976608185,0.6549707602339181,0.04001616104836018,1.1511072090527752,8.622247380229913,0.34502923976608185,8.622247380229913,0.34502923976608185,171.0,0.024280575539568347,0.04741000877963126,2466.858917290147
our_vol1,Our vol1 STNPP-GAT,112,2024-04-17,0.05,0.050011418131993605,2847,63.0,0.3684210526315789,0.631578947368421,0.050011418131993605,0.9834913944502985,7.366738764720019,0.3684210526315789,7.366738764720019,0.3684210526315789,171.0,0.02336448598130841,0.045662100456621,2466.858917290147
our_vol1,Our vol1 STNPP-GAT,112,2024-04-17,0.06,0.06000667521562703,3416,72.0,0.42105263157894735,0.5789473684210527,0.06000667521562703,0.936768149882904,7.01676321952422,0.42105263157894735,7.01676321952422,0.42105263157894735,171.0,0.027677496991576414,0.053864168618266976,2466.858917290147
our_vol1,Our vol1 STNPP-GAT,112,2024-04-17,0.07,0.07000193229926045,3985,81.0,0.47368421052631576,0.5263157894736843,0.07000193229926045,0.903387703889586,6.766730502542429,0.47368421052631576,6.766730502542429,0.47368421052631576,171.0,0.03184878301398239,0.06173149309912171,2466.858917290147
our_vol1,Our vol1 STNPP-GAT,112,2024-04-17,0.08,0.08001475573980713,4555,89.0,0.52046783625731,0.47953216374269003,0.08001475573980713,0.8683985851933163,6.504648192013146,0.52046783625731,6.504648192013146,0.52046783625731,171.0,0.03299693842839324,0.06388583973655323,2466.858917290147
our_vol1,Our vol1 STNPP-GAT,112,2024-04-17,0.09,0.09001001282344055,5124,92.0,0.5380116959064327,0.4619883040935673,0.09001001282344055,0.7979876832335848,5.977242742557668,0.5380116959064327,5.977242742557668,0.5380116959064327,171.0,0.0409344845099035,0.07864949258391882,2466.858917290147
our_vol1,Our vol1 STNPP-GAT,112,2024-04-17,0.1,0.10000526990707397,5693,97.0,0.5672514619883041,0.4327485380116959,0.10000526990707397,0.757265257528739,5.672215699386649,0.5672514619883041,5.672215699386649,0.5672514619883041,171.0,0.04843462246777164,0.0923941682768312,2466.858917290147
our_vol1,Our vol1 STNPP-GAT,113,2024-05-01,0.01,0.010012823440546666,570,25.0,0.13966480446927373,0.8603351955307262,0.010012823440546666,1.9493177387914231,13.948593550916396,0.13966480446927373,13.948593550916396,0.13966480446927373,179.0,0.020590868397493287,0.04035087719298246,2849.9836056123363
our_vol1,Our vol1 STNPP-GAT,113,2024-05-01,0.02,0.02000808052418009,1139,40.0,0.22346368715083798,0.776536312849162,0.02000808052418009,1.5608233343088478,11.168671921365895,0.22346368715083798,11.168671921365895,0.22346368715083798,179.0,0.018783542039355994,0.03687445127304653,2849.9836056123363
our_vol1,Our vol1 STNPP-GAT,113,2024-05-01,0.03,0.030003337607813516,1708,52.0,0.2905027932960894,0.7094972067039106,0.030003337607813516,1.3531095498308614,9.682349247052976,0.2905027932960894,9.682349247052976,0.2905027932960894,179.0,0.023060796645702306,0.045081967213114756,2849.9836056123363
our_vol1,Our vol1 STNPP-GAT,113,2024-05-01,0.04,0.04001616104836018,2278,66.0,0.3687150837988827,0.6312849162011174,0.04001616104836018,1.2876792508047994,9.214154335126864,0.3687150837988827,9.214154335126864,0.3687150837988827,179.0,0.025664115263394866,0.05004389815627744,2849.9836056123363
our_vol1,Our vol1 STNPP-GAT,113,2024-05-01,0.05,0.050011418131993605,2847,74.0,0.4134078212290503,0.5865921787709497,0.050011418131993605,1.1552121141162237,8.266268717634754,0.4134078212290503,8.266268717634754,0.4134078212290503,179.0,0.0261308343845738,0.05093080435546189,2849.9836056123363
our_vol1,Our vol1 STNPP-GAT,113,2024-05-01,0.06,0.06000667521562703,3416,77.0,0.4301675977653631,0.5698324022346368,0.06000667521562703,1.0018214936247722,7.168662423298836,0.4301675977653631,7.168662423298836,0.4301675977653631,179.0,0.02907064316915198,0.05649882903981265,2849.9836056123363
our_vol1,Our vol1 STNPP-GAT,113,2024-05-01,0.07,0.07000193229926045,3985,85.0,0.4748603351955307,0.5251396648044693,0.07000193229926045,0.9479994423532693,6.783531819743031,0.4748603351955307,6.783531819743031,0.4748603351955307,179.0,0.03278476091745497,0.06348808030112923,2849.9836056123363
our_vol1,Our vol1 STNPP-GAT,113,2024-05-01,0.08,0.08001475573980713,4555,93.0,0.5195530726256983,0.4804469273743017,0.08001475573980713,0.9074277350896451,6.493215755293771,0.5195530726256983,6.493215755293771,0.5195530726256983,179.0,0.03393485415957326,0.06564215148188804,2849.9836056123363
our_vol1,Our vol1 STNPP-GAT,113,2024-05-01,0.09,0.09001001282344055,5124,97.0,0.5418994413407822,0.45810055865921784,0.09001001282344055,0.8413565790614971,6.020435108744477,0.5418994413407822,6.020435108744477,0.5418994413407822,179.0,0.041251778093883355,0.07923497267759563,2849.9836056123363
our_vol1,Our vol1 STNPP-GAT,113,2024-05-01,0.1,0.10000526990707397,5693,105.0,0.5865921787709497,0.4134078212290503,0.10000526990707397,0.8197201241290474,5.865612675372186,0.5865921787709497,5.865612675372186,0.5865921787709497,179.0,0.04862773991526985,0.09274547690145793,2849.9836056123363
our_vol1,Our vol1 STNPP-GAT,114,2024-05-15,0.01,0.010012823440546666,570,17.0,0.1452991452991453,0.8547008547008547,0.010012823440546666,1.3255360623781678,14.511306042884991,0.1452991452991453,14.511306042884991,0.1452991452991453,117.0,0.015138023152270703,0.02982456140350877,434.9382299995189
our_vol1,Our vol1 STNPP-GAT,114,2024-05-15,0.02,0.02000808052418009,1139,28.0,0.23931623931623933,0.7606837606837606,0.02000808052418009,1.0925763340161936,11.96097941664228,0.23931623931623933,11.96097941664228,0.23931623931623933,117.0,0.015151515151515152,0.029850746268656716,434.9382299995189
our_vol1,Our vol1 STNPP-GAT,114,2024-05-15,0.03,0.030003337607813516,1708,35.0,0.29914529914529914,0.7008547008547008,0.030003337607813516,0.9107468123861566,9.970400728597449,0.29914529914529914,9.970400728597449,0.29914529914529914,117.0,0.01939719486720382,0.038056206088992975,434.9382299995189
our_vol1,Our vol1 STNPP-GAT,114,2024-05-15,0.04,0.04001616104836018,2278,46.0,0.39316239316239315,0.6068376068376069,0.04001616104836018,0.8974734172275876,9.825090235099015,0.39316239316239315,9.825090235099015,0.39316239316239315,117.0,0.021295673615781215,0.04170324846356453,434.9382299995189
our_vol1,Our vol1 STNPP-GAT,114,2024-05-15,0.05,0.050011418131993605,2847,51.0,0.4358974358974359,0.5641025641025641,0.050011418131993605,0.7961597002692893,8.715958318698044,0.4358974358974359,8.715958318698044,0.4358974358974359,117.0,0.022262118491921005,0.04355461889708465,434.9382299995189
our_vol1,Our vol1 STNPP-GAT,114,2024-05-15,0.06,0.06000667521562703,3416,55.0,0.4700854700854701,0.5299145299145299,0.06000667521562703,0.7155867811605516,7.833886286755139,0.4700854700854701,7.833886286755139,0.4700854700854701,117.0,0.025825825825825825,0.05035128805620609,434.9382299995189
our_vol1,Our vol1 STNPP-GAT,114,2024-05-15,0.07,0.07000193229926045,3985,57.0,0.48717948717948717,0.5128205128205128,0.07000193229926045,0.6357172731074865,6.959514847344208,0.48717948717948717,6.959514847344208,0.48717948717948717,117.0,0.02878533625919711,0.05595984943538269,434.9382299995189
our_vol1,Our vol1 STNPP-GAT,114,2024-05-15,0.08,0.08001475573980713,4555,61.0,0.5213675213675214,0.4786324786324786,0.08001475573980713,0.5951945359190145,6.5158921819734115,0.5213675213675214,6.5158921819734115,0.5213675213675214,117.0,0.030542986425339366,0.059275521405049394,434.9382299995189
our_vol1,Our vol1 STNPP-GAT,114,2024-05-15,0.09,0.09001001282344055,5124,64.0,0.5470085470085471,0.45299145299145294,0.09001001282344055,0.5551218665972764,6.077196634573684,0.5470085470085471,6.077196634573684,0.5470085470085471,117.0,0.038508309687880014,0.0741608118657299,434.9382299995189
our_vol1,Our vol1 STNPP-GAT,114,2024-05-15,0.1,0.10000526990707397,5693,65.0,0.5555555555555556,0.4444444444444444,0.10000526990707397,0.5074457911275055,5.555262798368367,0.5555555555555556,5.555262798368367,0.5555555555555556,117.0,0.04564239140416935,0.08730019321974354,434.9382299995189
our_vol1,Our vol1 STNPP-GAT,115,2024-05-29,0.01,0.010012823440546666,570,16.0,0.14414414414414414,0.8558558558558559,0.010012823440546666,1.2475633528265109,14.395953848585426,0.14414414414414414,14.395953848585426,0.14414414414414414,111.0,0.013333333333333334,0.02631578947368421,1868.3755811177298
our_vol1,Our vol1 STNPP-GAT,115,2024-05-29,0.02,0.02000808052418009,1139,26.0,0.23423423423423423,0.7657657657657657,0.02000808052418009,1.014535167300751,11.70698178424254,0.23423423423423423,11.70698178424254,0.23423423423423423,111.0,0.013796172674677348,0.027216856892010536,1868.3755811177298
our_vol1,Our vol1 STNPP-GAT,115,2024-05-29,0.03,0.030003337607813516,1708,31.0,0.27927927927927926,0.7207207207207207,0.030003337607813516,0.8066614623991674,9.308273730404878,0.27927927927927926,9.308273730404878,0.27927927927927926,111.0,0.017878426698450536,0.0351288056206089,1868.3755811177298
our_vol1,Our vol1 STNPP-GAT,115,2024-05-29,0.04,0.04001616104836018,2278,37.0,0.3333333333333333,0.6666666666666667,0.04001616104836018,0.7218807921178422,8.32996780801873,0.3333333333333333,8.32996780801873,0.3333333333333333,111.0,0.019467442380845825,0.038191395961369626,1868.3755811177298
our_vol1,Our vol1 STNPP-GAT,115,2024-05-29,0.05,0.050011418131993605,2847,40.0,0.36036036036036034,0.6396396396396397,0.050011418131993605,0.6244389806033641,7.205561726109671,0.36036036036036034,7.205561726109671,0.36036036036036034,111.0,0.019881783987103708,0.03898840885142255,1868.3755811177298
our_vol1,Our vol1 STNPP-GAT,115,2024-05-29,0.06,0.06000667521562703,3416,41.0,0.36936936936936937,0.6306306306306306,0.06000667521562703,0.5334374186833203,6.155471337848387,0.36936936936936937,6.155471337848387,0.36936936936936937,111.0,0.022754491017964073,0.04449648711943794,1868.3755811177298
our_vol1,Our vol1 STNPP-GAT,115,2024-05-29,0.07,0.07000193229926045,3985,46.0,0.4144144144144144,0.5855855855855856,0.07000193229926045,0.5130349923323575,5.920042501723807,0.4144144144144144,5.920042501723807,0.4144144144144144,111.0,0.02745906922779425,0.053450439146800505,1868.3755811177298
our_vol1,Our vol1 STNPP-GAT,115,2024-05-29,0.08,0.08001475573980713,4555,52.0,0.46846846846846846,0.5315315315315315,0.08001475573980713,0.5073789486522747,5.8547759614718995,0.46846846846846846,5.8547759614718995,0.46846846846846846,111.0,0.029843997286909337,0.0579582875960483,1868.3755811177298
our_vol1,Our vol1 STNPP-GAT,115,2024-05-29,0.09,0.09001001282344055,5124,58.0,0.5225225225225225,0.4774774774774775,0.09001001282344055,0.5030791916037818,5.805159960897665,0.5225225225225225,5.805159960897665,0.5225225225225225,111.0,0.03672230652503793,0.07084309133489461,1868.3755811177298
our_vol1,Our vol1 STNPP-GAT,115,2024-05-29,0.1,0.10000526990707397,5693,59.0,0.5315315315315315,0.46846846846846846,0.10000526990707397,0.46060464117727423,5.315035217898384,0.5315315315315315,5.315035217898384,0.5315315315315315,111.0,0.04516247475674683,0.0864219216581767,1868.3755811177298
our_vol1,Our vol1 STNPP-GAT,116,2024-06-12,0.01,0.010012823440546666,570,20.0,0.13986013986013987,0.8601398601398601,0.010012823440546666,1.5594541910331385,13.968102073365232,0.13986013986013987,13.968102073365232,0.13986013986013987,143.0,0.016042780748663103,0.031578947368421054,442.53112785500207
our_vol1,Our vol1 STNPP-GAT,116,2024-06-12,0.02,0.02000808052418009,1139,36.0,0.2517482517482518,0.7482517482517482,0.02000808052418009,1.404741000877963,12.582328996727593,0.2517482517482518,12.582328996727593,0.2517482517482518,143.0,0.017873100983020553,0.03511852502194908,442.53112785500207
our_vol1,Our vol1 STNPP-GAT,116,2024-06-12,0.03,0.030003337607813516,1708,47.0,0.32867132867132864,0.6713286713286714,0.030003337607813516,1.2230028623471247,10.954492229082392,0.32867132867132864,10.954492229082392,0.32867132867132864,143.0,0.021225710014947684,0.04156908665105386,442.53112785500207
our_vol1,Our vol1 STNPP-GAT,116,2024-06-12,0.04,0.04001616104836018,2278,53.0,0.3706293706293706,0.6293706293706294,0.04001616104836018,1.0340454589796118,9.2619921781467,0.3706293706293706,9.2619921781467,0.3706293706293706,143.0,0.02405034839289728,0.04697102721685689,442.53112785500207
our_vol1,Our vol1 STNPP-GAT,116,2024-06-12,0.05,0.050011418131993605,2847,66.0,0.46153846153846156,0.5384615384615384,0.050011418131993605,1.0303243179955508,9.228661749209696,0.46153846153846156,9.228661749209696,0.46153846153846156,143.0,0.02410071942446043,0.047067088162978575,442.53112785500207
our_vol1,Our vol1 STNPP-GAT,116,2024-06-12,0.06,0.06000667521562703,3416,71.0,0.4965034965034965,0.5034965034965035,0.06000667521562703,0.9237574811345303,8.274137747498402,0.4965034965034965,8.274137747498402,0.4965034965034965,143.0,0.025671821047890706,0.05005854800936768,442.53112785500207
our_vol1,Our vol1 STNPP-GAT,116,2024-06-12,0.07,0.07000193229926045,3985,73.0,0.5104895104895105,0.4895104895104895,0.07000193229926045,0.8141642269622195,7.292505988365463,0.5104895104895105,7.292505988365463,0.5104895104895105,143.0,0.02878533625919711,0.05595984943538269,442.53112785500207
our_vol1,Our vol1 STNPP-GAT,116,2024-06-12,0.08,0.08001475573980713,4555,74.0,0.5174825174825175,0.4825174825174825,0.08001475573980713,0.7220392730820832,6.467338588963178,0.5174825174825175,6.467338588963178,0.5174825174825175,143.0,0.030776193708983934,0.059714599341383096,442.53112785500207
our_vol1,Our vol1 STNPP-GAT,116,2024-06-12,0.09,0.09001001282344055,5124,81.0,0.5664335664335665,0.43356643356643354,0.09001001282344055,0.702576112412178,6.293006174153715,0.5664335664335665,6.293006174153715,0.5664335664335665,143.0,0.036827195467422094,0.07103825136612021,442.53112785500207
our_vol1,Our vol1 STNPP-GAT,116,2024-06-12,0.1,0.10000526990707397,5693,83.0,0.5804195804195804,0.4195804195804196,0.10000526990707397,0.6479692409781993,5.8038899445890495,0.5804195804195804,5.8038899445890495,0.5804195804195804,143.0,0.04583448149168733,0.08765150184437027,442.53112785500207
our_vol1,Our vol1 STNPP-GAT,117,2024-06-26,0.01,0.010012823440546666,570,17.0,0.1588785046728972,0.8411214953271028,0.010012823440546666,1.3255360623781678,15.867502869322838,0.1588785046728972,15.867502869322838,0.1588785046728972,107.0,0.014234875444839857,0.028070175438596492,1231.0150063418134
our_vol1,Our vol1 STNPP-GAT,117,2024-06-26,0.02,0.02000808052418009,1139,24.0,0.22429906542056074,0.7757009345794392,0.02000808052418009,0.9364940005853087,11.21042396593175,0.22429906542056074,11.21042396593175,0.22429906542056074,107.0,0.012444444444444444,0.024582967515364356,1231.0150063418134
our_vol1,Our vol1 STNPP-GAT,117,2024-06-26,0.03,0.030003337607813516,1708,34.0,0.3177570093457944,0.6822429906542056,0.030003337607813516,0.8847254748894093,10.590722055637023,0.3177570093457944,10.590722055637023,0.3177570093457944,107.0,0.017878426698450536,0.0351288056206089,1231.0150063418134
our_vol1,Our vol1 STNPP-GAT,117,2024-06-26,0.04,0.04001616104836018,2278,42.0,0.3925233644859813,0.6074766355140186,0.04001616104836018,0.8194322505121451,9.80912097019028,0.3925233644859813,9.80912097019028,0.3925233644859813,107.0,0.021524663677130046,0.04214223002633889,1231.0150063418134
our_vol1,Our vol1 STNPP-GAT,117,2024-06-26,0.05,0.050011418131993605,2847,47.0,0.4392523364485981,0.5607476635514019,0.050011418131993605,0.7337158022089528,8.78304101054069,0.4392523364485981,8.78304101054069,0.4392523364485981,107.0,0.022629310344827586,0.044257112750263436,1231.0150063418134
our_vol1,Our vol1 STNPP-GAT,117,2024-06-26,0.06,0.06000667521562703,3416,55.0,0.514018691588785,0.485981308411215,0.06000667521562703,0.7155867811605516,8.566025192059357,0.514018691588785,8.566025192059357,0.514018691588785,107.0,0.023980815347721823,0.0468384074941452,1231.0150063418134
our_vol1,Our vol1 STNPP-GAT,117,2024-06-26,0.07,0.07000193229926045,3985,58.0,0.5420560747663551,0.4579439252336449,0.07000193229926045,0.6468702077234073,7.743444458776486,0.5420560747663551,7.743444458776486,0.5420560747663551,107.0,0.027194226060059286,0.05294855708908407,1231.0150063418134
our_vol1,Our vol1 STNPP-GAT,117,2024-06-26,0.08,0.08001475573980713,4555,62.0,0.5794392523364486,0.42056074766355145,0.08001475573980713,0.6049518233930967,7.241654954502087,0.5794392523364486,7.241654954502087,0.5794392523364486,107.0,0.029843997286909337,0.0579582875960483,1231.0150063418134
our_vol1,Our vol1 STNPP-GAT,117,2024-06-26,0.09,0.09001001282344055,5124,64.0,0.5981308411214953,0.4018691588785047,0.09001001282344055,0.5551218665972764,6.645158936870289,0.5981308411214953,6.645158936870289,0.5981308411214953,107.0,0.034733441033925685,0.06713505074160812,1231.0150063418134
our_vol1,Our vol1 STNPP-GAT,117,2024-06-26,0.1,0.10000526990707397,5693,65.0,0.6074766355140186,0.39252336448598135,0.10000526990707397,0.5074457911275055,6.074446237468214,0.6074766355140186,6.074446237468214,0.6074766355140186,107.0,0.04391675071055286,0.08413841559810294,1231.0150063418134
our_vol1,Our vol1 STNPP-GAT,118,2024-07-10,0.01,0.010012823440546666,570,20.0,0.15267175572519084,0.8473282442748091,0.010012823440546666,1.5594541910331385,15.24762287397884,0.15267175572519084,15.24762287397884,0.15267175572519084,131.0,0.016042780748663103,0.031578947368421054,772.2003820723136
our_vol1,Our vol1 STNPP-GAT,118,2024-07-10,0.02,0.02000808052418009,1139,26.0,0.1984732824427481,0.8015267175572519,0.02000808052418009,1.014535167300751,9.919656320999405,0.1984732824427481,9.919656320999405,0.1984732824427481,131.0,0.012894619831036016,0.025460930640913083,772.2003820723136
our_vol1,Our vol1 STNPP-GAT,118,2024-07-10,0.03,0.030003337607813516,1708,32.0,0.24427480916030533,0.7557251908396947,0.030003337607813516,0.8326827998959146,8.141587857768561,0.24427480916030533,8.141587857768561,0.24427480916030533,131.0,0.01636417732817614,0.032201405152224825,772.2003820723136
our_vol1,Our vol1 STNPP-GAT,118,2024-07-10,0.04,0.04001616104836018,2278,38.0,0.2900763358778626,0.7099236641221374,0.04001616104836018,0.7413910837967027,7.248979619191871,0.2900763358778626,7.248979619191871,0.2900763358778626,131.0,0.019923886277143497,0.03906935908691835,772.2003820723136
our_vol1,Our vol1 STNPP-GAT,118,2024-07-10,0.05,0.050011418131993605,2847,43.0,0.3282442748091603,0.6717557251908397,0.050011418131993605,0.6712719041486165,6.563386663878141,0.3282442748091603,6.563386663878141,0.3282442748091603,131.0,0.02207862143241788,0.04320337197049526,772.2003820723136
our_vol1,Our vol1 STNPP-GAT,118,2024-07-10,0.06,0.06000667521562703,3416,48.0,0.366412213740458,0.633587786259542,0.06000667521562703,0.624512099921936,6.106190893326421,0.366412213740458,6.106190893326421,0.366412213740458,131.0,0.024134312696747113,0.0471311475409836,772.2003820723136
our_vol1,Our vol1 STNPP-GAT,118,2024-07-10,0.07,0.07000193229926045,3985,50.0,0.3816793893129771,0.6183206106870229,0.07000193229926045,0.5576467307960408,5.452412194584655,0.3816793893129771,5.452412194584655,0.3816793893129771,131.0,0.026797217212058747,0.05219573400250941,772.2003820723136
our_vol1,Our vol1 STNPP-GAT,118,2024-07-10,0.08,0.08001475573980713,4555,58.0,0.44274809160305345,0.5572519083969465,0.08001475573980713,0.565922673496768,5.53333054021669,0.44274809160305345,5.53333054021669,0.44274809160305345,131.0,0.031593251047446494,0.06125137211855104,772.2003820723136
our_vol1,Our vol1 STNPP-GAT,118,2024-07-10,0.09,0.09001001282344055,5124,62.0,0.4732824427480916,0.5267175572519084,0.09001001282344055,0.5377743082661115,5.258108824808862,0.4732824427480916,5.258108824808862,0.4732824427480916,131.0,0.037037037037037035,0.07142857142857142,772.2003820723136
our_vol1,Our vol1 STNPP-GAT,118,2024-07-10,0.1,0.10000526990707397,5693,63.0,0.48091603053435117,0.5190839694656488,0.10000526990707397,0.49183207447742844,4.80890688041964,0.48091603053435117,4.80890688041964,0.48091603053435117,131.0,0.04296052028945681,0.08238187247496927,772.2003820723136
our_vol1,Our vol1 STNPP-GAT,119,2024-07-24,0.01,0.010012823440546666,570,25.0,0.18248175182481752,0.8175182481751825,0.010012823440546666,1.9493177387914231,18.224804712511204,0.18248175182481752,18.224804712511204,0.18248175182481752,137.0,0.021505376344086023,0.042105263157894736,1440.9227105791383
our_vol1,Our vol1 STNPP-GAT,119,2024-07-24,0.02,0.02000808052418009,1139,39.0,0.2846715328467153,0.7153284671532847,0.02000808052418009,1.5218027509511267,14.22782822683491,0.2846715328467153,14.22782822683491,0.2846715328467153,137.0,0.018328118015198926,0.035996488147497806,1440.9227105791383
our_vol1,Our vol1 STNPP-GAT,119,2024-07-24,0.03,0.030003337607813516,1708,44.0,0.32116788321167883,0.6788321167883211,0.030003337607813516,1.1449388498568827,10.704405203507752,0.32116788321167883,10.704405203507752,0.32116788321167883,137.0,0.02031063321385902,0.03981264637002342,1440.9227105791383
our_vol1,Our vol1 STNPP-GAT,119,2024-07-24,0.04,0.04001616104836018,2278,53.0,0.38686131386861317,0.6131386861313868,0.04001616104836018,1.0340454589796118,9.667626872080133,0.38686131386861317,9.667626872080133,0.38686131386861317,137.0,0.02221225039264079,0.043459174714661986,1440.9227105791383
our_vol1,Our vol1 STNPP-GAT,119,2024-07-24,0.05,0.050011418131993605,2847,60.0,0.43795620437956206,0.5620437956204379,0.050011418131993605,0.9366584709050462,8.757124287571243,0.43795620437956206,8.757124287571243,0.43795620437956206,137.0,0.02410071942446043,0.047067088162978575,1440.9227105791383
our_vol1,Our vol1 STNPP-GAT,119,2024-07-24,0.06,0.06000667521562703,3416,64.0,0.46715328467153283,0.5328467153284672,0.06000667521562703,0.8326827998959146,7.785021966187456,0.46715328467153283,7.785021966187456,0.46715328467153283,137.0,0.02907064316915198,0.05649882903981265,1440.9227105791383
our_vol1,Our vol1 STNPP-GAT,119,2024-07-24,0.07,0.07000193229926045,3985,68.0,0.49635036496350365,0.5036496350364963,0.07000193229926045,0.7583995538826154,7.090523770709504,0.49635036496350365,7.090523770709504,0.49635036496350365,137.0,0.028254418784672945,0.05495608531994981,1440.9227105791383
our_vol1,Our vol1 STNPP-GAT,119,2024-07-24,0.08,0.08001475573980713,4555,77.0,0.5620437956204379,0.43795620437956206,0.08001475573980713,0.7513111355043298,7.024251844848445,0.5620437956204379,7.024251844848445,0.5620437956204379,137.0,0.0353449255597227,0.06827661909989023,1440.9227105791383
our_vol1,Our vol1 STNPP-GAT,119,2024-07-24,0.09,0.09001001282344055,5124,80.0,0.583941605839416,0.416058394160584,0.09001001282344055,0.6939023332465954,6.487518305156213,0.583941605839416,6.487518305156213,0.583941605839416,137.0,0.04199288256227758,0.08060109289617487,1440.9227105791383
our_vol1,Our vol1 STNPP-GAT,119,2024-07-24,0.1,0.10000526990707397,5693,82.0,0.5985401459854015,0.4014598540145985,0.10000526990707397,0.6401623826531608,5.985086051380811,0.5985401459854015,5.985086051380811,0.5985401459854015,137.0,0.04583448149168733,0.08765150184437027,1440.9227105791383
our_vol1,Our vol1 STNPP-GAT,120,2024-08-07,0.01,0.010012823440546666,570,23.0,0.2,0.8,0.010012823440546666,1.7933723196881093,19.97438596491228,0.2,19.97438596491228,0.2,115.0,0.01876675603217158,0.03684210526315789,411.60146712436244
our_vol1,Our vol1 STNPP-GAT,120,2024-08-07,0.02,0.02000808052418009,1139,33.0,0.28695652173913044,0.7130434782608696,0.02000808052418009,1.2876792508047994,14.342031530327901,0.28695652173913044,14.342031530327901,0.28695652173913044,115.0,0.016057091882247992,0.03160667251975417,411.60146712436244
our_vol1,Our vol1 STNPP-GAT,120,2024-08-07,0.03,0.030003337607813516,1708,38.0,0.33043478260869563,0.6695652173913044,0.030003337607813516,0.9888108248763987,11.01326748803584,0.33043478260869563,11.01326748803584,0.33043478260869563,115.0,0.018789144050104383,0.036885245901639344,411.60146712436244
our_vol1,Our vol1 STNPP-GAT,120,2024-08-07,0.04,0.04001616104836018,2278,50.0,0.43478260869565216,0.5652173913043479,0.04001616104836018,0.9755145839430299,10.865175401763562,0.43478260869565216,10.865175401763562,0.43478260869565216,115.0,0.02060931899641577,0.04038630377524144,411.60146712436244
our_vol1,Our vol1 STNPP-GAT,120,2024-08-07,0.05,0.050011418131993605,2847,53.0,0.4608695652173913,0.5391304347826087,0.050011418131993605,0.8273816492994575,9.21528687710939,0.4608695652173913,9.21528687710939,0.4608695652173913,115.0,0.02207862143241788,0.04320337197049526,411.60146712436244
our_vol1,Our vol1 STNPP-GAT,120,2024-08-07,0.06,0.06000667521562703,3416,57.0,0.4956521739130435,0.5043478260869565,0.06000667521562703,0.741608118657299,8.259950616026881,0.4956521739130435,8.259950616026881,0.4956521739130435,115.0,0.028605841613971696,0.05562060889929742,411.60146712436244
our_vol1,Our vol1 STNPP-GAT,120,2024-08-07,0.07,0.07000193229926045,3985,58.0,0.5043478260869565,0.4956521739130435,0.07000193229926045,0.6468702077234073,7.20477006164421,0.5043478260869565,7.20477006164421,0.5043478260869565,115.0,0.026400515132002575,0.05144291091593475,411.60146712436244
our_vol1,Our vol1 STNPP-GAT,120,2024-08-07,0.08,0.08001475573980713,4555,64.0,0.5565217391304348,0.4434782608695652,0.08001475573980713,0.6244663983412612,6.955238867942538,0.5565217391304348,6.955238867942538,0.5565217391304348,115.0,0.03241160471441523,0.06278814489571899,411.60146712436244
our_vol1,Our vol1 STNPP-GAT,120,2024-08-07,0.09,0.09001001282344055,5124,65.0,0.5652173913043478,0.4347826086956522,0.09001001282344055,0.5637956457628589,6.279494620371312,0.5652173913043478,6.279494620371312,0.5652173913043478,115.0,0.03882412569690826,0.07474629195940671,411.60146712436244
our_vol1,Our vol1 STNPP-GAT,120,2024-08-07,0.1,0.10000526990707397,5693,67.0,0.5826086956521739,0.4173913043478261,0.10000526990707397,0.5230595077775826,5.825779943332392,0.5826086956521739,5.825779943332392,0.5826086956521739,115.0,0.04315162620247366,0.082733181099596,411.60146712436244
our_vol1,Our vol1 STNPP-GAT,121,2024-08-21,0.01,0.010012823440546666,570,34.0,0.2677165354330709,0.7322834645669292,0.010012823440546666,2.6510721247563356,26.73736703964636,0.2677165354330709,26.73736703964636,0.2677165354330709,127.0,0.02888086642599278,0.056140350877192984,1413.4910930987016
our_vol1,Our vol1 STNPP-GAT,121,2024-08-21,0.02,0.02000808052418009,1139,42.0,0.33070866141732286,0.6692913385826771,0.02000808052418009,1.6388645010242902,16.528755020635593,0.33070866141732286,16.528755020635593,0.33070866141732286,127.0,0.020152261531571878,0.03950834064969271,1413.4910930987016
our_vol1,Our vol1 STNPP-GAT,121,2024-08-21,0.03,0.030003337607813516,1708,49.0,0.3858267716535433,0.6141732283464567,0.030003337607813516,1.2750455373406193,12.859461727120175,0.3858267716535433,12.859461727120175,0.3858267716535433,127.0,0.022754491017964073,0.04449648711943794,1413.4910930987016
our_vol1,Our vol1 STNPP-GAT,121,2024-08-21,0.04,0.04001616104836018,2278,58.0,0.4566929133858268,0.5433070866141732,0.04001616104836018,1.1315969173739147,11.41271179996267,0.4566929133858268,11.41271179996267,0.4566929133858268,127.0,0.021295673615781215,0.04170324846356453,1413.4910930987016
our_vol1,Our vol1 STNPP-GAT,121,2024-08-21,0.05,0.050011418131993605,2847,63.0,0.49606299212598426,0.5039370078740157,0.050011418131993605,0.9834913944502985,9.918994714701759,0.49606299212598426,9.918994714701759,0.49606299212598426,127.0,0.024284943335132217,0.04741833508956796,1413.4910930987016
our_vol1,Our vol1 STNPP-GAT,121,2024-08-21,0.06,0.06000667521562703,3416,70.0,0.5511811023622047,0.44881889763779526,0.06000667521562703,0.9107468123861566,9.18532980508584,0.5511811023622047,9.18532980508584,0.5511811023622047,127.0,0.03000150761344791,0.058255269320843094,1413.4910930987016
our_vol1,Our vol1 STNPP-GAT,121,2024-08-21,0.07,0.07000193229926045,3985,73.0,0.5748031496062992,0.4251968503937008,0.07000193229926045,0.8141642269622195,8.21124690028552,0.5748031496062992,8.21124690028552,0.5748031496062992,127.0,0.028519809007613885,0.05545796737766625,1413.4910930987016
our_vol1,Our vol1 STNPP-GAT,121,2024-08-21,0.08,0.08001475573980713,4555,75.0,0.5905511811023622,0.40944881889763785,0.08001475573980713,0.7317965605561654,7.380528449311563,0.5905511811023622,7.380528449311563,0.5905511811023622,127.0,0.03334845735027223,0.0645444566410538,1413.4910930987016
our_vol1,Our vol1 STNPP-GAT,121,2024-08-21,0.09,0.09001001282344055,5124,80.0,0.6299212598425197,0.3700787401574803,0.09001001282344055,0.6939023332465954,6.9983465181606395,0.6299212598425197,6.9983465181606395,0.6299212598425197,127.0,0.040406091370558374,0.07767369242779079,1413.4910930987016
our_vol1,Our vol1 STNPP-GAT,121,2024-08-21,0.1,0.10000526990707397,5693,85.0,0.6692913385826772,0.3307086614173228,0.10000526990707397,0.6635829576282765,6.692560694097324,0.6692913385826772,6.692560694097324,0.6692913385826772,127.0,0.04573842762674504,0.08747584753205691,1413.4910930987016
our_vol1,Our vol1 STNPP-GAT,122,2024-09-04,0.01,0.010012823440546666,570,16.0,0.14545454545454545,0.8545454545454545,0.010012823440546666,1.2475633528265109,14.526826156299839,0.14545454545454545,14.526826156299839,0.14545454545454545,110.0,0.014234875444839857,0.028070175438596492,3248.2375399030398
our_vol1,Our vol1 STNPP-GAT,122,2024-09-04,0.02,0.02000808052418009,1139,28.0,0.2545454545454545,0.7454545454545455,0.02000808052418009,1.0925763340161936,12.722132652246787,0.2545454545454545,12.722132652246787,0.2545454545454545,110.0,0.014247551202137132,0.028094820017559263,3248.2375399030398
our_vol1,Our vol1 STNPP-GAT,122,2024-09-04,0.03,0.030003337607813516,1708,34.0,0.3090909090909091,0.6909090909090909,0.030003337607813516,0.8847254748894093,10.301884181392378,0.3090909090909091,10.301884181392378,0.3090909090909091,110.0,0.017878426698450536,0.0351288056206089,3248.2375399030398
our_vol1,Our vol1 STNPP-GAT,122,2024-09-04,0.04,0.04001616104836018,2278,41.0,0.37272727272727274,0.6272727272727272,0.04001616104836018,0.7999219588332845,9.3144185489664,0.37272727272727274,9.3144185489664,0.37272727272727274,110.0,0.018328118015198926,0.035996488147497806,3248.2375399030398
our_vol1,Our vol1 STNPP-GAT,122,2024-09-04,0.05,0.050011418131993605,2847,50.0,0.45454545454545453,0.5454545454545454,0.050011418131993605,0.7805487257542052,9.088833540888336,0.45454545454545453,9.088833540888336,0.45454545454545453,110.0,0.021711824869908487,0.042500878117316475,3248.2375399030398
our_vol1,Our vol1 STNPP-GAT,122,2024-09-04,0.06,0.06000667521562703,3416,58.0,0.5272727272727272,0.4727272727272728,0.06000667521562703,0.7546187874056727,8.786901213540556,0.5272727272727272,8.786901213540556,0.5272727272727272,110.0,0.028141459744168547,0.0547423887587822,3248.2375399030398
our_vol1,Our vol1 STNPP-GAT,122,2024-09-04,0.07,0.07000193229926045,3985,59.0,0.5363636363636364,0.4636363636363636,0.07000193229926045,0.6580231423393281,7.662126154899054,0.5363636363636364,7.662126154899054,0.5363636363636364,110.0,0.027194226060059286,0.05294855708908407,3248.2375399030398
our_vol1,Our vol1 STNPP-GAT,122,2024-09-04,0.08,0.08001475573980713,4555,61.0,0.5545454545454546,0.44545454545454544,0.08001475573980713,0.5951945359190145,6.93053986628081,0.5545454545454546,6.93053986628081,0.5545454545454546,110.0,0.031593251047446494,0.06125137211855104,3248.2375399030398
our_vol1,Our vol1 STNPP-GAT,122,2024-09-04,0.09,0.09001001282344055,5124,66.0,0.6,0.4,0.09001001282344055,0.5724694249284413,6.665925058548009,0.6,6.665925058548009,0.6,110.0,0.03756201275690999,0.07240437158469945,3248.2375399030398
our_vol1,Our vol1 STNPP-GAT,122,2024-09-04,0.1,0.10000526990707397,5693,70.0,0.6363636363636364,0.36363636363636365,0.10000526990707397,0.5464800827526982,6.363301023585584,0.6363636363636364,6.363301023585584,0.6363636363636364,110.0,0.04487473616591722,0.0858949587212366,3248.2375399030398
our_vol1,Our vol1 STNPP-GAT,123,2024-09-18,0.01,0.010012823440546666,570,17.0,0.13385826771653545,0.8661417322834646,0.010012823440546666,1.3255360623781678,13.36868351982318,0.13385826771653545,13.36868351982318,0.13385826771653545,127.0,0.014234875444839857,0.028070175438596492,637.7345855309767
our_vol1,Our vol1 STNPP-GAT,123,2024-09-18,0.02,0.02000808052418009,1139,28.0,0.2204724409448819,0.7795275590551181,0.02000808052418009,1.0925763340161936,11.01917001375706,0.2204724409448819,11.01917001375706,0.2204724409448819,127.0,0.013796172674677348,0.027216856892010536,637.7345855309767
our_vol1,Our vol1 STNPP-GAT,123,2024-09-18,0.03,0.030003337607813516,1708,33.0,0.25984251968503935,0.7401574803149606,0.030003337607813516,0.8587041373926619,8.660453816223791,0.25984251968503935,8.660453816223791,0.25984251968503935,127.0,0.017272185824895772,0.03395784543325527,637.7345855309767
our_vol1,Our vol1 STNPP-GAT,123,2024-09-18,0.04,0.04001616104836018,2278,41.0,0.3228346456692913,0.6771653543307087,0.04001616104836018,0.7999219588332845,8.06760661721499,0.3228346456692913,8.06760661721499,0.3228346456692913,127.0,0.018328118015198926,0.035996488147497806,637.7345855309767
our_vol1,Our vol1 STNPP-GAT,123,2024-09-18,0.05,0.050011418131993605,2847,47.0,0.3700787401574803,0.6299212598425197,0.050011418131993605,0.7337158022089528,7.399884945888614,0.3700787401574803,7.399884945888614,0.3700787401574803,127.0,0.02097902097902098,0.0410958904109589,637.7345855309767
our_vol1,Our vol1 STNPP-GAT,123,2024-09-18,0.06,0.06000667521562703,3416,52.0,0.4094488188976378,0.5905511811023623,0.06000667521562703,0.6765547749154307,6.823387855206623,0.4094488188976378,6.823387855206623,0.4094488188976378,127.0,0.02690515556891628,0.052400468384074944,637.7345855309767
our_vol1,Our vol1 STNPP-GAT,123,2024-09-18,0.07,0.07000193229926045,3985,56.0,0.4409448818897638,0.5590551181102362,0.07000193229926045,0.6245643384915657,6.299038718027248,0.4409448818897638,6.299038718027248,0.4409448818897638,127.0,0.02692951939183095,0.05244667503136763,637.7345855309767
our_vol1,Our vol1 STNPP-GAT,123,2024-09-18,0.08,0.08001475573980713,4555,63.0,0.49606299212598426,0.5039370078740157,0.08001475573980713,0.6147091108671789,6.199643897421714,0.49606299212598426,6.199643897421714,0.49606299212598426,127.0,0.03147644927536232,0.06103183315038419,637.7345855309767
our_vol1,Our vol1 STNPP-GAT,123,2024-09-18,0.09,0.09001001282344055,5124,66.0,0.5196850393700787,0.4803149606299213,0.09001001282344055,0.5724694249284413,5.773635877482527,0.5196850393700787,5.773635877482527,0.5196850393700787,127.0,0.037037037037037035,0.07142857142857142,637.7345855309767
our_vol1,Our vol1 STNPP-GAT,123,2024-09-18,0.1,0.10000526990707397,5693,71.0,0.5590551181102362,0.4409448818897638,0.10000526990707397,0.5542869410777368,5.590256579775412,0.5590551181102362,5.590256579775412,0.5590551181102362,127.0,0.056313201595695334,0.10662216757421394,637.7345855309767
our_vol1,Our vol1 STNPP-GAT,124,2024-10-02,0.01,0.010012823440546666,570,19.0,0.15966386554621848,0.8403361344537815,0.010012823440546666,1.4814814814814816,15.945938375350138,0.15966386554621848,15.945938375350138,0.15966386554621848,119.0,0.01694915254237288,0.03333333333333333,809.0903776563795
our_vol1,Our vol1 STNPP-GAT,124,2024-10-02,0.02,0.02000808052418009,1139,34.0,0.2857142857142857,0.7142857142857143,0.02000808052418009,1.3266998341625207,14.279944813746393,0.2857142857142857,14.279944813746393,0.2857142857142857,119.0,0.016964285714285713,0.033362598770851626,809.0903776563795
our_vol1,Our vol1 STNPP-GAT,124,2024-10-02,0.03,0.030003337607813516,1708,42.0,0.35294117647058826,0.6470588235294117,0.030003337607813516,1.092896174863388,11.763397162143546,0.35294117647058826,11.763397162143546,0.35294117647058826,119.0,0.020615476546160742,0.04039812646370024,809.0903776563795
our_vol1,Our vol1 STNPP-GAT,124,2024-10-02,0.04,0.04001616104836018,2278,47.0,0.3949579831932773,0.6050420168067228,0.04001616104836018,0.9169837089064481,9.869961856560009,0.3949579831932773,9.869961856560009,0.3949579831932773,119.0,0.019923886277143497,0.03906935908691835,809.0903776563795
our_vol1,Our vol1 STNPP-GAT,124,2024-10-02,0.05,0.050011418131993605,2847,52.0,0.4369747899159664,0.5630252100840336,0.050011418131993605,0.8117706747843734,8.737500479643913,0.4369747899159664,8.737500479643913,0.4369747899159664,119.0,0.021711824869908487,0.042500878117316475,809.0903776563795
our_vol1,Our vol1 STNPP-GAT,124,2024-10-02,0.06,0.06000667521562703,3416,61.0,0.5126050420168067,0.4873949579831933,0.06000667521562703,0.7936507936507936,8.542466986794716,0.5126050420168067,8.542466986794716,0.5126050420168067,119.0,0.028605841613971696,0.05562060889929742,809.0903776563795
our_vol1,Our vol1 STNPP-GAT,124,2024-10-02,0.07,0.07000193229926045,3985,61.0,0.5126050420168067,0.4873949579831933,0.07000193229926045,0.6803290115711698,7.322727033096802,0.5126050420168067,7.322727033096802,0.5126050420168067,119.0,0.027856590147020893,0.054203262233375155,809.0903776563795
our_vol1,Our vol1 STNPP-GAT,124,2024-10-02,0.08,0.08001475573980713,4555,63.0,0.5294117647058824,0.47058823529411764,0.08001475573980713,0.6147091108671789,6.616426680441661,0.5294117647058824,6.616426680441661,0.5294117647058824,119.0,0.0311262026032824,0.06037321624588365,809.0903776563795
our_vol1,Our vol1 STNPP-GAT,124,2024-10-02,0.09,0.09001001282344055,5124,66.0,0.5546218487394958,0.4453781512605042,0.09001001282344055,0.5724694249284413,6.161779465884714,0.5546218487394958,6.161779465884714,0.5546218487394958,119.0,0.037456975096173316,0.07220921155347385,809.0903776563795
our_vol1,Our vol1 STNPP-GAT,124,2024-10-02,0.1,0.10000526990707397,5693,71.0,0.5966386554621849,0.40336134453781514,0.10000526990707397,0.5542869410777368,5.966072148163675,0.5966386554621849,5.966072148163675,0.5966386554621849,119.0,0.05945845352191309,0.1122431055682417,809.0903776563795
our_vol1,Our vol1 STNPP-GAT,125,2024-10-16,0.01,0.010012823440546666,570,16.0,0.12698412698412698,0.873015873015873,0.010012823440546666,1.2475633528265109,12.682149818991922,0.12698412698412698,12.682149818991922,0.12698412698412698,126.0,0.014234875444839857,0.028070175438596492,1104.7590320131678
our_vol1,Our vol1 STNPP-GAT,125,2024-10-16,0.02,0.02000808052418009,1139,30.0,0.23809523809523808,0.7619047619047619,0.02000808052418009,1.170617500731636,11.899954011455328,0.23809523809523808,11.899954011455328,0.23809523809523808,126.0,0.015151515151515152,0.029850746268656716,1104.7590320131678
our_vol1,Our vol1 STNPP-GAT,125,2024-10-16,0.03,0.030003337607813516,1708,36.0,0.2857142857142857,0.7142857142857143,0.030003337607813516,0.936768149882904,9.522750083640013,0.2857142857142857,9.522750083640013,0.2857142857142857,126.0,0.017878426698450536,0.0351288056206089,1104.7590320131678
our_vol1,Our vol1 STNPP-GAT,125,2024-10-16,0.04,0.04001616104836018,2278,43.0,0.3412698412698413,0.6587301587301587,0.04001616104836018,0.8389425421910057,8.52830037487632,0.3412698412698413,8.52830037487632,0.3412698412698413,126.0,0.021753756447634,0.04258121158911326,1104.7590320131678
our_vol1,Our vol1 STNPP-GAT,125,2024-10-16,0.05,0.050011418131993605,2847,48.0,0.38095238095238093,0.6190476190476191,0.050011418131993605,0.7493267767240369,7.617308110458795,0.38095238095238093,7.617308110458795,0.38095238095238093,126.0,0.02043010752688172,0.040042149631190724,1104.7590320131678
our_vol1,Our vol1 STNPP-GAT,125,2024-10-16,0.06,0.06000667521562703,3416,50.0,0.3968253968253968,0.6031746031746033,0.06000667521562703,0.6505334374186833,6.613020891416675,0.3968253968253968,6.613020891416675,0.3968253968253968,126.0,0.025363950172594928,0.049473067915690866,1104.7590320131678
our_vol1,Our vol1 STNPP-GAT,125,2024-10-16,0.07,0.07000193229926045,3985,56.0,0.4444444444444444,0.5555555555555556,0.07000193229926045,0.6245643384915657,6.3490310888052415,0.4444444444444444,6.3490310888052415,0.4444444444444444,126.0,0.028652555498193084,0.05570890840652447,1104.7590320131678
our_vol1,Our vol1 STNPP-GAT,125,2024-10-16,0.08,0.08001475573980713,4555,62.0,0.49206349206349204,0.5079365079365079,0.08001475573980713,0.6049518233930967,6.149659366124788,0.49206349206349204,6.149659366124788,0.49206349206349204,126.0,0.035580311469819256,0.06871569703622393,1104.7590320131678
our_vol1,Our vol1 STNPP-GAT,125,2024-10-16,0.09,0.09001001282344055,5124,64.0,0.5079365079365079,0.4920634920634921,0.09001001282344055,0.5551218665972764,5.643111160675563,0.5079365079365079,5.643111160675563,0.5079365079365079,126.0,0.037772151898734174,0.07279469164715066,1104.7590320131678
our_vol1,Our vol1 STNPP-GAT,125,2024-10-16,0.1,0.10000526990707397,5693,65.0,0.5158730158730159,0.4841269841269841,0.10000526990707397,0.5074457911275055,5.158458312770627,0.5158730158730159,5.158458312770627,0.5158730158730159,126.0,0.05876883020271527,0.11101352538204813,1104.7590320131678
our_vol1,Our vol1 STNPP-GAT,126,2024-10-30,0.01,0.010012823440546666,570,18.0,0.15789473684210525,0.8421052631578947,0.010012823440546666,1.4035087719298247,15.769252077562324,0.15789473684210525,15.769252077562324,0.15789473684210525,114.0,0.014234875444839857,0.028070175438596492,2234.4836773550287
our_vol1,Our vol1 STNPP-GAT,126,2024-10-30,0.02,0.02000808052418009,1139,31.0,0.2719298245614035,0.7280701754385965,0.02000808052418009,1.209638084089357,13.591000107820035,0.2719298245614035,13.591000107820035,0.2719298245614035,114.0,0.015151515151515152,0.029850746268656716,2234.4836773550287
our_vol1,Our vol1 STNPP-GAT,126,2024-10-30,0.03,0.030003337607813516,1708,39.0,0.34210526315789475,0.6578947368421053,0.030003337607813516,1.014832162373146,11.402240231726859,0.34210526315789475,11.402240231726859,0.34210526315789475,114.0,0.02092050209205021,0.040983606557377046,2234.4836773550287
our_vol1,Our vol1 STNPP-GAT,126,2024-10-30,0.04,0.04001616104836018,2278,40.0,0.3508771929824561,0.6491228070175439,0.04001616104836018,0.7804116671544239,8.768387166335506,0.3508771929824561,8.768387166335506,0.3508771929824561,114.0,0.02060931899641577,0.04038630377524144,2234.4836773550287
our_vol1,Our vol1 STNPP-GAT,126,2024-10-30,0.05,0.050011418131993605,2847,43.0,0.37719298245614036,0.6228070175438596,0.050011418131993605,0.6712719041486165,7.542137306737163,0.37719298245614036,7.542137306737163,0.37719298245614036,114.0,0.022996766079770033,0.04495960660344222,2234.4836773550287
our_vol1,Our vol1 STNPP-GAT,126,2024-10-30,0.06,0.06000667521562703,3416,49.0,0.4298245614035088,0.5701754385964912,0.06000667521562703,0.6375227686703097,7.162945786597642,0.4298245614035088,7.162945786597642,0.4298245614035088,114.0,0.024748762561871907,0.048302107728337235,2234.4836773550287
our_vol1,Our vol1 STNPP-GAT,126,2024-10-30,0.07,0.07000193229926045,3985,57.0,0.5,0.5,0.07000193229926045,0.6357172731074865,7.142659974905897,0.5,7.142659974905897,0.5,114.0,0.027856590147020893,0.054203262233375155,2234.4836773550287
our_vol1,Our vol1 STNPP-GAT,126,2024-10-30,0.08,0.08001475573980713,4555,60.0,0.5263157894736842,0.4736842105263158,0.08001475573980713,0.5854372484449323,6.577734126754867,0.5263157894736842,6.577734126754867,0.5263157894736842,114.0,0.0340522133938706,0.06586169045005488,2234.4836773550287
our_vol1,Our vol1 STNPP-GAT,126,2024-10-30,0.09,0.09001001282344055,5124,65.0,0.5701754385964912,0.4298245614035088,0.09001001282344055,0.5637956457628589,6.33457790651492,0.5701754385964912,6.33457790651492,0.5701754385964912,114.0,0.03756201275690999,0.07240437158469945,2234.4836773550287
our_vol1,Our vol1 STNPP-GAT,126,2024-10-30,0.1,0.10000526990707397,5693,67.0,0.5877192982456141,0.4122807017543859,0.10000526990707397,0.5230595077775826,5.876883276168641,0.5877192982456141,5.876883276168641,0.5877192982456141,114.0,0.05808010407954651,0.10978394519585456,2234.4836773550287
our_vol1,Our vol1 STNPP-GAT,127,2024-11-13,0.01,0.010012823440546666,570,27.0,0.25471698113207547,0.7452830188679245,0.010012823440546666,2.105263157894737,25.43907646474677,0.25471698113207547,25.43907646474677,0.25471698113207547,106.0,0.02242152466367713,0.043859649122807015,752.5399177432839
our_vol1,Our vol1 STNPP-GAT,127,2024-11-13,0.02,0.02000808052418009,1139,35.0,0.330188679245283,0.6698113207547169,0.02000808052418009,1.3657204175202418,16.502766412112578,0.330188679245283,16.502766412112578,0.330188679245283,106.0,0.017873100983020553,0.03511852502194908,752.5399177432839
our_vol1,Our vol1 STNPP-GAT,127,2024-11-13,0.03,0.030003337607813516,1708,39.0,0.36792452830188677,0.6320754716981132,0.030003337607813516,1.014832162373146,12.262786664310017,0.36792452830188677,12.262786664310017,0.36792452830188677,106.0,0.02092050209205021,0.040983606557377046,752.5399177432839
our_vol1,Our vol1 STNPP-GAT,127,2024-11-13,0.04,0.04001616104836018,2278,41.0,0.3867924528301887,0.6132075471698113,0.04001616104836018,0.7999219588332845,9.665906041380225,0.3867924528301887,9.665906041380225,0.3867924528301887,106.0,0.020838001344387184,0.040825285338015806,752.5399177432839
our_vol1,Our vol1 STNPP-GAT,127,2024-11-13,0.05,0.050011418131993605,2847,49.0,0.46226415094339623,0.5377358490566038,0.050011418131993605,0.764937751239121,9.243172223658137,0.46226415094339623,9.243172223658137,0.46226415094339623,106.0,0.024653590066582687,0.04812082894274675,752.5399177432839
our_vol1,Our vol1 STNPP-GAT,127,2024-11-13,0.06,0.06000667521562703,3416,52.0,0.49056603773584906,0.5094339622641509,0.06000667521562703,0.6765547749154307,8.17519110954001,0.49056603773584906,8.17519110954001,0.49056603773584906,106.0,0.025517862503752625,0.049765807962529274,752.5399177432839
our_vol1,Our vol1 STNPP-GAT,127,2024-11-13,0.07,0.07000193229926045,3985,54.0,0.5094339622641509,0.49056603773584906,0.07000193229926045,0.602258469259724,7.277427144243744,0.5094339622641509,7.277427144243744,0.5094339622641509,106.0,0.028121775025799794,0.05470514429109159,752.5399177432839
our_vol1,Our vol1 STNPP-GAT,127,2024-11-13,0.08,0.08001475573980713,4555,57.0,0.5377358490566038,0.46226415094339623,0.08001475573980713,0.5561653860226857,6.7204585464863404,0.5377358490566038,6.7204585464863404,0.5377358490566038,106.0,0.03381752156150704,0.06542261251372118,752.5399177432839
our_vol1,Our vol1 STNPP-GAT,127,2024-11-13,0.09,0.09001001282344055,5124,60.0,0.5660377358490566,0.4339622641509434,0.09001001282344055,0.5204267499349466,6.288608545800009,0.5660377358490566,6.288608545800009,0.5660377358490566,106.0,0.037456975096173316,0.07220921155347385,752.5399177432839
our_vol1,Our vol1 STNPP-GAT,127,2024-11-13,0.1,0.10000526990707397,5693,63.0,0.5943396226415094,0.4056603773584906,0.10000526990707397,0.49183207447742844,5.943083031462008,0.5943396226415094,5.943083031462008,0.5943396226415094,106.0,0.05749048017089254,0.10873001932197436,752.5399177432839
our_vol1,Our vol1 STNPP-GAT,128,2024-11-27,0.01,0.010012823440546666,570,15.0,0.12295081967213115,0.8770491803278688,0.010012823440546666,1.169590643274854,12.279335634167385,0.12295081967213115,12.279335634167385,0.12295081967213115,122.0,0.012433392539964476,0.02456140350877193,816.5011253766054
our_vol1,Our vol1 STNPP-GAT,128,2024-11-27,0.02,0.02000808052418009,1139,26.0,0.21311475409836064,0.7868852459016393,0.02000808052418009,1.014535167300751,10.651434246319031,0.21311475409836064,10.651434246319031,0.21311475409836064,122.0,0.013796172674677348,0.027216856892010536,816.5011253766054
our_vol1,Our vol1 STNPP-GAT,128,2024-11-27,0.03,0.030003337607813516,1708,33.0,0.27049180327868855,0.7295081967213115,0.030003337607813516,0.8587041373926619,9.015390448036243,0.27049180327868855,9.015390448036243,0.27049180327868855,122.0,0.017878426698450536,0.0351288056206089,816.5011253766054
our_vol1,Our vol1 STNPP-GAT,128,2024-11-27,0.04,0.04001616104836018,2278,43.0,0.3524590163934426,0.6475409836065573,0.04001616104836018,0.8389425421910057,8.807916780609968,0.3524590163934426,8.807916780609968,0.3524590163934426,122.0,0.02038073908174692,0.03994732221246708,816.5011253766054
our_vol1,Our vol1 STNPP-GAT,128,2024-11-27,0.05,0.050011418131993605,2847,50.0,0.4098360655737705,0.5901639344262295,0.050011418131993605,0.7805487257542052,8.194849913915712,0.4098360655737705,8.194849913915712,0.4098360655737705,122.0,0.024284943335132217,0.04741833508956796,816.5011253766054
our_vol1,Our vol1 STNPP-GAT,128,2024-11-27,0.06,0.06000667521562703,3416,52.0,0.4262295081967213,0.5737704918032787,0.06000667521562703,0.6765547749154307,7.103034898452797,0.4262295081967213,7.103034898452797,0.4262295081967213,122.0,0.025979876858387145,0.0506440281030445,816.5011253766054
our_vol1,Our vol1 STNPP-GAT,128,2024-11-27,0.07,0.07000193229926045,3985,57.0,0.4672131147540984,0.5327868852459017,0.07000193229926045,0.6357172731074865,6.674288829010429,0.4672131147540984,6.674288829010429,0.4672131147540984,122.0,0.029051000645577793,0.056461731493099125,816.5011253766054
our_vol1,Our vol1 STNPP-GAT,128,2024-11-27,0.08,0.08001475573980713,4555,65.0,0.5327868852459017,0.4672131147540983,0.08001475573980713,0.6342236858153434,6.658607907001854,0.5327868852459017,6.658607907001854,0.5327868852459017,122.0,0.034874474610928095,0.06739846322722283,816.5011253766054
our_vol1,Our vol1 STNPP-GAT,128,2024-11-27,0.09,0.09001001282344055,5124,68.0,0.5573770491803278,0.4426229508196722,0.09001001282344055,0.5898169832596062,6.192389398651155,0.5573770491803278,6.192389398651155,0.5573770491803278,122.0,0.0442225392296719,0.08469945355191257,816.5011253766054
our_vol1,Our vol1 STNPP-GAT,128,2024-11-27,0.1,0.10000526990707397,5693,70.0,0.5737704918032787,0.42622950819672134,0.10000526990707397,0.5464800827526982,5.737402562249296,0.5737704918032787,5.737402562249296,0.5737704918032787,122.0,0.05739227340267459,0.108554365009661,816.5011253766054
our_vol1,Our vol1 STNPP-GAT,129,2024-12-11,0.01,0.010012823440546666,570,22.0,0.23157894736842105,0.7684210526315789,0.010012823440546666,1.7153996101364524,23.128236380424745,0.23157894736842105,23.128236380424745,0.23157894736842105,95.0,0.01876675603217158,0.03684210526315789,1867.2616645931632
our_vol1,Our vol1 STNPP-GAT,129,2024-12-11,0.02,0.02000808052418009,1139,26.0,0.2736842105263158,0.7263157894736842,0.02000808052418009,1.014535167300751,13.67868397948339,0.2736842105263158,13.67868397948339,0.2736842105263158,95.0,0.013345195729537367,0.02633889376646181,1867.2616645931632
our_vol1,Our vol1 STNPP-GAT,129,2024-12-11,0.03,0.030003337607813516,1708,29.0,0.30526315789473685,0.6947368421052631,0.030003337607813516,0.7546187874056727,10.17430666831012,0.30526315789473685,10.17430666831012,0.30526315789473685,95.0,0.017272185824895772,0.03395784543325527,1867.2616645931632
our_vol1,Our vol1 STNPP-GAT,129,2024-12-11,0.04,0.04001616104836018,2278,36.0,0.37894736842105264,0.6210526315789473,0.04001616104836018,0.7023705004389815,9.469858139642346,0.37894736842105264,9.469858139642346,0.37894736842105264,95.0,0.017873100983020553,0.03511852502194908,1867.2616645931632
our_vol1,Our vol1 STNPP-GAT,129,2024-12-11,0.05,0.050011418131993605,2847,39.0,0.4105263157894737,0.5894736842105264,0.050011418131993605,0.60882800608828,8.208651766402307,0.4105263157894737,8.208651766402307,0.4105263157894737,95.0,0.021345291479820627,0.04179838426413769,1867.2616645931632
our_vol1,Our vol1 STNPP-GAT,129,2024-12-11,0.06,0.06000667521562703,3416,43.0,0.45263157894736844,0.5473684210526315,0.06000667521562703,0.5594587561800677,7.543020460988537,0.45263157894736844,7.543020460988537,0.45263157894736844,95.0,0.024441445494077074,0.04771662763466042,1867.2616645931632
our_vol1,Our vol1 STNPP-GAT,129,2024-12-11,0.07,0.07000193229926045,3985,45.0,0.47368421052631576,0.5263157894736843,0.07000193229926045,0.5018820577164367,6.766730502542429,0.47368421052631576,6.766730502542429,0.47368421052631576,95.0,0.027061855670103094,0.05269761606022585,1867.2616645931632
our_vol1,Our vol1 STNPP-GAT,129,2024-12-11,0.08,0.08001475573980713,4555,48.0,0.5052631578947369,0.49473684210526314,0.08001475573980713,0.46834979875594585,6.314624761684673,0.5052631578947369,6.314624761684673,0.5052631578947369,95.0,0.03241160471441523,0.06278814489571899,1867.2616645931632
our_vol1,Our vol1 STNPP-GAT,129,2024-12-11,0.09,0.09001001282344055,5124,52.0,0.5473684210526316,0.4526315789473684,0.09001001282344055,0.4510365166102871,6.081194790254324,0.5473684210526316,6.081194790254324,0.5473684210526316,95.0,0.05053818554587391,0.09621389539422326,1867.2616645931632
our_vol1,Our vol1 STNPP-GAT,129,2024-12-11,0.1,0.10000526990707397,5693,54.0,0.5684210526315789,0.43157894736842106,0.10000526990707397,0.4215703495520815,5.683910989488476,0.5684210526315789,5.683910989488476,0.5684210526315789,95.0,0.056117243298395326,0.10627085894958721,1867.2616645931632
our_vol1,Our vol1 STNPP-GAT,130,2024-12-25,0.01,0.010012823440546666,570,5.0,0.29411764705882354,0.7058823529411764,0.010012823440546666,0.38986354775828463,29.37409700722394,0.29411764705882354,29.37409700722394,0.29411764705882354,17.0,0.004405286343612335,0.008771929824561403,2107.445923688777
our_vol1,Our vol1 STNPP-GAT,130,2024-12-25,0.02,0.02000808052418009,1139,7.0,0.4117647058823529,0.5882352941176471,0.02000808052418009,0.2731440835040484,20.579920466869805,0.4117647058823529,20.579920466869805,0.4117647058823529,17.0,0.005739514348785872,0.01141352063213345,2107.445923688777
our_vol1,Our vol1 STNPP-GAT,130,2024-12-25,0.03,0.030003337607813516,1708,7.0,0.4117647058823529,0.5882352941176471,0.030003337607813516,0.18214936247723132,13.723963355834137,0.4117647058823529,13.723963355834137,0.4117647058823529,17.0,0.00975465563109666,0.019320843091334895,2107.445923688777
our_vol1,Our vol1 STNPP-GAT,130,2024-12-25,0.04,0.04001616104836018,2278,9.0,0.5294117647058824,0.47058823529411764,0.04001616104836018,0.17559262510974538,13.22994887155916,0.5294117647058824,13.22994887155916,0.5294117647058824,17.0,0.011545293072824156,0.0228270412642669,2107.445923688777
our_vol1,Our vol1 STNPP-GAT,130,2024-12-25,0.05,0.050011418131993605,2847,11.0,0.6470588235294118,0.3529411764705882,0.050011418131993605,0.17172071966592514,12.938221864088101,0.6470588235294118,12.938221864088101,0.6470588235294118,17.0,0.015516318887105404,0.030558482613277135,2107.445923688777
our_vol1,Our vol1 STNPP-GAT,130,2024-12-25,0.06,0.06000667521562703,3416,11.0,0.6470588235294118,0.3529411764705882,0.06000667521562703,0.14311735623211033,10.783114065298252,0.6470588235294118,10.783114065298252,0.6470588235294118,17.0,0.02198952879581152,0.0430327868852459,2107.445923688777
our_vol1,Our vol1 STNPP-GAT,130,2024-12-25,0.07,0.07000193229926045,3985,12.0,0.7058823529411765,0.2941176470588235,0.07000193229926045,0.13383521539104978,10.08375525869068,0.7058823529411765,10.08375525869068,0.7058823529411765,17.0,0.026532715095311694,0.05169385194479297,2107.445923688777
our_vol1,Our vol1 STNPP-GAT,130,2024-12-25,0.08,0.08001475573980713,4555,13.0,0.7647058823529411,0.23529411764705888,0.08001475573980713,0.12684473716306868,9.557060760637953,0.7647058823529411,9.557060760637953,0.7647058823529411,17.0,0.02902970744380436,0.05642151481888035,2107.445923688777
our_vol1,Our vol1 STNPP-GAT,130,2024-12-25,0.09,0.09001001282344055,5124,13.0,0.7647058823529411,0.23529411764705888,0.09001001282344055,0.11275912915257177,8.495786839325893,0.7647058823529411,8.495786839325893,0.7647058823529411,17.0,0.045500918179963275,0.08704137392661983,2107.445923688777
our_vol1,Our vol1 STNPP-GAT,130,2024-12-25,0.1,0.10000526990707397,5693,13.0,0.7647058823529411,0.23529411764705888,0.10000526990707397,0.1014891582255011,7.646655851871752,0.7647058823529411,7.646655851871752,0.7647058823529411,17.0,0.050950710725493814,0.09696118039697875,2107.445923688777
