model,model_label,frame_index,forecast_date,q,q_eff,selected_cells,hit_count,hit_rate,miss_rate,area_coverage,hotspot_density_per_km2,pai,gain,lift,pei_star,oracle_hit_count,iou_jaccard,dice,centroid_distance_m
etas_ref,Reference ETAS,0,2020-01-01,0.01,0.010012823440546666,570,23.0,0.14556962025316456,0.8544303797468354,0.010012823440546666,1.7933723196881093,14.538318898512102,0.14556962025316456,14.538318898512102,0.14556962025316456,158.0,0.020590868397493287,0.04035087719298246,1223.5826642902205
etas_ref,Reference ETAS,0,2020-01-01,0.02,0.02000808052418009,1139,36.0,0.22784810126582278,0.7721518987341772,0.02000808052418009,1.404741000877963,11.387804091974973,0.22784810126582278,11.387804091974973,0.22784810126582278,158.0,0.018328118015198926,0.035996488147497806,1223.5826642902205
etas_ref,Reference ETAS,0,2020-01-01,0.03,0.030003337607813516,1708,49.0,0.310126582278481,0.689873417721519,0.030003337607813516,1.2750455373406193,10.336402780659887,0.310126582278481,10.336402780659887,0.310126582278481,158.0,0.01939719486720382,0.038056206088992975,1223.5826642902205
etas_ref,Reference ETAS,0,2020-01-01,0.04,0.04001616104836018,2278,56.0,0.35443037974683544,0.6455696202531646,0.04001616104836018,1.0925763340161936,8.857180960424978,0.35443037974683544,8.857180960424978,0.35443037974683544,158.0,0.018328118015198926,0.035996488147497806,1223.5826642902205
etas_ref,Reference ETAS,0,2020-01-01,0.05,0.050011418131993605,2847,68.0,0.43037974683544306,0.5696202531645569,0.050011418131993605,1.061546267025719,8.605629732385411,0.43037974683544306,8.605629732385411,0.43037974683544306,158.0,0.020795984223736106,0.040744643484369514,1223.5826642902205
etas_ref,Reference ETAS,0,2020-01-01,0.06,0.06000667521562703,3416,71.0,0.44936708860759494,0.5506329113924051,0.06000667521562703,0.9237574811345303,7.488618341090327,0.44936708860759494,7.488618341090327,0.44936708860759494,158.0,0.02352059925093633,0.04596018735362998,1223.5826642902205
etas_ref,Reference ETAS,0,2020-01-01,0.07,0.07000193229926045,3985,76.0,0.4810126582278481,0.5189873417721519,0.07000193229926045,0.8476230308099819,6.871419722694282,0.4810126582278481,6.871419722694282,0.4810126582278481,158.0,0.02692951939183095,0.05244667503136763,1223.5826642902205
etas_ref,Reference ETAS,0,2020-01-01,0.08,0.08001475573980713,4555,84.0,0.5316455696202531,0.4683544303797469,0.08001475573980713,0.8196121478229053,6.644344092595422,0.5316455696202531,6.644344092595422,0.5316455696202531,158.0,0.032060722782372264,0.062129527991218444,1223.5826642902205
etas_ref,Reference ETAS,0,2020-01-01,0.09,0.09001001282344055,5124,88.0,0.5569620253164557,0.44303797468354433,0.09001001282344055,0.7632925665712551,6.187778535361021,0.5569620253164557,6.187778535361021,0.5569620253164557,158.0,0.04082876294942109,0.07845433255269321,1223.5826642902205
etas_ref,Reference ETAS,0,2020-01-01,0.1,0.10000526990707397,5693,95.0,0.6012658227848101,0.3987341772151899,0.10000526990707397,0.7416515408786619,6.012341383044245,0.6012658227848101,6.012341383044245,0.6012658227848101,158.0,0.049981556621173,0.09520463727384507,1223.5826642902205
etas_ref,Reference ETAS,1,2020-01-15,0.01,0.010012823440546666,570,33.0,0.1907514450867052,0.8092485549132948,0.010012823440546666,2.5730994152046787,19.0507149376331,0.1907514450867052,19.0507149376331,0.1907514450867052,173.0,0.02702702702702703,0.05263157894736842,482.6526753567725
etas_ref,Reference ETAS,1,2020-01-15,0.02,0.02000808052418009,1139,47.0,0.27167630057803466,0.7283236994219653,0.02000808052418009,1.8339674178128962,13.578329028099894,0.27167630057803466,13.578329028099894,0.27167630057803466,173.0,0.0210667861945316,0.041264266900790166,482.6526753567725
etas_ref,Reference ETAS,1,2020-01-15,0.03,0.030003337607813516,1708,68.0,0.3930635838150289,0.6069364161849711,0.030003337607813516,1.7694509497788187,13.100661964776435,0.3930635838150289,13.100661964776435,0.3930635838150289,173.0,0.022754491017964073,0.04449648711943794,482.6526753567725
etas_ref,Reference ETAS,1,2020-01-15,0.04,0.04001616104836018,2278,72.0,0.4161849710982659,0.5838150289017341,0.04001616104836018,1.404741000877963,10.400422234289282,0.4161849710982659,10.400422234289282,0.4161849710982659,173.0,0.021524663677130046,0.04214223002633889,482.6526753567725
etas_ref,Reference ETAS,1,2020-01-15,0.05,0.050011418131993605,2847,78.0,0.4508670520231214,0.5491329479768786,0.050011418131993605,1.21765601217656,9.015282286800222,0.4508670520231214,9.015282286800222,0.4508670520231214,173.0,0.021711824869908487,0.042500878117316475,482.6526753567725
etas_ref,Reference ETAS,1,2020-01-15,0.06,0.06000667521562703,3416,89.0,0.5144508670520231,0.48554913294797686,0.06000667521562703,1.1579495186052564,8.573227315184578,0.5144508670520231,8.573227315184578,0.5144508670520231,173.0,0.025517862503752625,0.049765807962529274,482.6526753567725
etas_ref,Reference ETAS,1,2020-01-15,0.07,0.07000193229926045,3985,94.0,0.5433526011560693,0.4566473988439307,0.07000193229926045,1.0483758538965566,7.761965753076928,0.5433526011560693,7.761965753076928,0.5433526011560693,173.0,0.02838709677419355,0.05520702634880803,482.6526753567725
etas_ref,Reference ETAS,1,2020-01-15,0.08,0.08001475573980713,4555,99.0,0.5722543352601156,0.4277456647398844,0.08001475573980713,0.9659714599341384,7.151860053425379,0.5722543352601156,7.151860053425379,0.5722543352601156,173.0,0.033465683494044246,0.06476399560922064,482.6526753567725
etas_ref,Reference ETAS,1,2020-01-15,0.09,0.09001001282344055,5124,102.0,0.5895953757225434,0.4104046242774566,0.09001001282344055,0.8847254748894092,6.550330982388218,0.5895953757225434,6.550330982388218,0.5895953757225434,173.0,0.041886945912972755,0.08040593286494926,482.6526753567725
etas_ref,Reference ETAS,1,2020-01-15,0.1,0.10000526990707397,5693,105.0,0.6069364161849711,0.3930635838150289,0.10000526990707397,0.8197201241290474,6.069044328853303,0.6069364161849711,6.069044328853303,0.6069364161849711,173.0,0.0503690036900369,0.09590725452309855,482.6526753567725
etas_ref,Reference ETAS,2,2020-01-29,0.01,0.010012823440546666,570,29.0,0.16201117318435754,0.8379888268156425,0.010012823440546666,2.261208576998051,16.18036851906302,0.16201117318435754,16.18036851906302,0.16201117318435754,179.0,0.026102610261026102,0.05087719298245614,1330.3701238512267
etas_ref,Reference ETAS,2,2020-01-29,0.02,0.02000808052418009,1139,43.0,0.24022346368715083,0.7597765363128491,0.02000808052418009,1.6778850843820114,12.006322315468337,0.24022346368715083,12.006322315468337,0.24022346368715083,179.0,0.02060931899641577,0.04038630377524144,1330.3701238512267
etas_ref,Reference ETAS,2,2020-01-29,0.03,0.030003337607813516,1708,53.0,0.29608938547486036,0.7039106145251397,0.030003337607813516,1.3791308873276087,9.868548271034763,0.29608938547486036,9.868548271034763,0.29608938547486036,179.0,0.021836673646425366,0.04274004683840749,1330.3701238512267
etas_ref,Reference ETAS,2,2020-01-29,0.04,0.04001616104836018,2278,65.0,0.36312849162011174,0.6368715083798883,0.04001616104836018,1.2681689591259389,9.07454593610979,0.36312849162011174,9.07454593610979,0.36312849162011174,179.0,0.021524663677130046,0.04214223002633889,1330.3701238512267
etas_ref,Reference ETAS,2,2020-01-29,0.05,0.050011418131993605,2847,78.0,0.43575418994413406,0.5642458100558659,0.050011418131993605,1.21765601217656,8.713094053723118,0.43575418994413406,8.713094053723118,0.43575418994413406,179.0,0.02410071942446043,0.047067088162978575,1330.3701238512267
etas_ref,Reference ETAS,2,2020-01-29,0.06,0.06000667521562703,3416,82.0,0.4581005586592179,0.541899441340782,0.06000667521562703,1.0668748373666406,7.634159983253307,0.4581005586592179,7.634159983253307,0.4581005586592179,179.0,0.02613397416641634,0.050936768149882905,1330.3701238512267
etas_ref,Reference ETAS,2,2020-01-29,0.07,0.07000193229926045,3985,93.0,0.5195530726256983,0.4804469273743017,0.07000193229926045,1.0372229192806357,7.421981873365904,0.5195530726256983,7.421981873365904,0.5195530726256983,179.0,0.029715762273901807,0.05771643663739021,1330.3701238512267
etas_ref,Reference ETAS,2,2020-01-29,0.08,0.08001475573980713,4555,95.0,0.5307262569832403,0.4692737430167597,0.08001475573980713,0.9269423100378095,6.632854803794713,0.5307262569832403,6.632854803794713,0.5307262569832403,179.0,0.03393485415957326,0.06564215148188804,1330.3701238512267
etas_ref,Reference ETAS,2,2020-01-29,0.09,0.09001001282344055,5124,103.0,0.5754189944134078,0.4245810055865922,0.09001001282344055,0.8933992540549918,6.392833156708053,0.5754189944134078,6.392833156708053,0.5754189944134078,179.0,0.04241684467500763,0.08138173302107728,1330.3701238512267
etas_ref,Reference ETAS,2,2020-01-29,0.1,0.10000526990707397,5693,108.0,0.6033519553072626,0.3966480446927374,0.10000526990707397,0.843140699104163,6.033201608954249,0.6033519553072626,6.033201608954249,0.6033519553072626,179.0,0.05153306243073513,0.09801510627085895,1330.3701238512267
etas_ref,Reference ETAS,3,2020-02-12,0.01,0.010012823440546666,570,21.0,0.1320754716981132,0.8679245283018868,0.010012823440546666,1.6374269005847955,13.190632240979808,0.1320754716981132,13.190632240979808,0.1320754716981132,159.0,0.017857142857142856,0.03508771929824561,2186.3145532126746
etas_ref,Reference ETAS,3,2020-02-12,0.02,0.02000808052418009,1139,40.0,0.25157232704402516,0.7484276729559749,0.02000808052418009,1.5608233343088478,12.573536313990536,0.25157232704402516,12.573536313990536,0.25157232704402516,159.0,0.01923937360178971,0.03775241439859526,2186.3145532126746
etas_ref,Reference ETAS,3,2020-02-12,0.03,0.030003337607813516,1708,53.0,0.3333333333333333,0.6666666666666667,0.030003337607813516,1.3791308873276087,11.109875097580014,0.3333333333333333,11.109875097580014,0.3333333333333333,159.0,0.021225710014947684,0.04156908665105386,2186.3145532126746
etas_ref,Reference ETAS,3,2020-02-12,0.04,0.04001616104836018,2278,61.0,0.3836477987421384,0.6163522012578616,0.04001616104836018,1.1901277924104965,9.587321439417785,0.3836477987421384,9.587321439417785,0.3836477987421384,159.0,0.019695613249776187,0.038630377524143986,2186.3145532126746
etas_ref,Reference ETAS,3,2020-02-12,0.05,0.050011418131993605,2847,64.0,0.4025157232704403,0.5974842767295597,0.050011418131993605,0.9991023689653826,8.048476494069671,0.4025157232704403,8.048476494069671,0.4025157232704403,159.0,0.02097902097902098,0.0410958904109589,2186.3145532126746
etas_ref,Reference ETAS,3,2020-02-12,0.06,0.06000667521562703,3416,69.0,0.4339622641509434,0.5660377358490566,0.06000667521562703,0.897736143637783,7.23189982767001,0.4339622641509434,7.23189982767001,0.4339622641509434,159.0,0.023980815347721823,0.0468384074941452,2186.3145532126746
etas_ref,Reference ETAS,3,2020-02-12,0.07,0.07000193229926045,3985,73.0,0.4591194968553459,0.5408805031446541,0.07000193229926045,0.8141642269622195,6.5586689077752265,0.4591194968553459,6.5586689077752265,0.4591194968553459,159.0,0.027061855670103094,0.05269761606022585,2186.3145532126746
etas_ref,Reference ETAS,3,2020-02-12,0.08,0.08001475573980713,4555,75.0,0.4716981132075472,0.5283018867924528,0.08001475573980713,0.7317965605561654,5.895139075865211,0.4716981132075472,5.895139075865211,0.4716981132075472,159.0,0.0321776569227283,0.06234906695938529,2186.3145532126746
etas_ref,Reference ETAS,3,2020-02-12,0.09,0.09001001282344055,5124,83.0,0.5220125786163522,0.4779874213836478,0.09001001282344055,0.7199236707433428,5.7994945477933415,0.5220125786163522,5.7994945477933415,0.5220125786163522,159.0,0.04061738424045491,0.078064012490242,2186.3145532126746
etas_ref,Reference ETAS,3,2020-02-12,0.1,0.10000526990707397,5693,87.0,0.5471698113207547,0.4528301886792453,0.10000526990707397,0.6791966742783535,5.4714097749967685,0.5471698113207547,5.4714097749967685,0.5471698113207547,159.0,0.04988473951129553,0.0950289829615317,2186.3145532126746
etas_ref,Reference ETAS,4,2020-02-26,0.01,0.010012823440546666,570,15.0,0.08928571428571429,0.9107142857142857,0.010012823440546666,1.169590643274854,8.917136591478696,0.08928571428571429,8.917136591478696,0.08928571428571429,168.0,0.013333333333333334,0.02631578947368421,2946.9918950869287
etas_ref,Reference ETAS,4,2020-02-26,0.02,0.02000808052418009,1139,27.0,0.16071428571428573,0.8392857142857143,0.02000808052418009,1.0535557506584723,8.032468957732348,0.16071428571428573,8.032468957732348,0.16071428571428573,168.0,0.012444444444444444,0.024582967515364356,2946.9918950869287
etas_ref,Reference ETAS,4,2020-02-26,0.03,0.030003337607813516,1708,36.0,0.21428571428571427,0.7857142857142857,0.030003337607813516,0.936768149882904,7.142062562730009,0.21428571428571427,7.142062562730009,0.21428571428571427,168.0,0.016061867935752528,0.03161592505854801,2946.9918950869287
etas_ref,Reference ETAS,4,2020-02-26,0.04,0.04001616104836018,2278,45.0,0.26785714285714285,0.7321428571428572,0.04001616104836018,0.8779631255487269,6.693724131443623,0.26785714285714285,6.693724131443623,0.26785714285714285,168.0,0.015830546265328874,0.031167690956979806,2946.9918950869287
etas_ref,Reference ETAS,4,2020-02-26,0.05,0.050011418131993605,2847,52.0,0.30952380952380953,0.6904761904761905,0.050011418131993605,0.8117706747843734,6.189062839747772,0.30952380952380953,6.189062839747772,0.30952380952380953,168.0,0.01896921975662133,0.03723217421847559,2946.9918950869287
etas_ref,Reference ETAS,4,2020-02-26,0.06,0.06000667521562703,3416,67.0,0.39880952380952384,0.6011904761904762,0.06000667521562703,0.8717148061410357,6.64608599587376,0.39880952380952384,6.64608599587376,0.39880952380952384,168.0,0.024287856071964018,0.04742388758782201,2946.9918950869287
etas_ref,Reference ETAS,4,2020-02-26,0.07,0.07000193229926045,3985,73.0,0.43452380952380953,0.5654761904761905,0.07000193229926045,0.8141642269622195,6.207311644858697,0.43452380952380953,6.207311644858697,0.43452380952380953,168.0,0.026268349214524853,0.051191969887076534,2946.9918950869287
etas_ref,Reference ETAS,4,2020-02-26,0.08,0.08001475573980713,4555,80.0,0.47619047619047616,0.5238095238095238,0.08001475573980713,0.7805829979265765,5.951283257540117,0.47619047619047616,5.951283257540117,0.47619047619047616,168.0,0.031710079275198186,0.06147091108671789,2946.9918950869287
etas_ref,Reference ETAS,4,2020-02-26,0.09,0.09001001282344055,5124,87.0,0.5178571428571429,0.4821428571428571,0.09001001282344055,0.7546187874056726,5.753328175532508,0.5178571428571429,5.753328175532508,0.5178571428571429,168.0,0.04135758561121837,0.07943013270882124,2946.9918950869287
etas_ref,Reference ETAS,4,2020-02-26,0.1,0.10000526990707397,5693,90.0,0.5357142857142857,0.4642857142857143,0.10000526990707397,0.7026172492534691,5.356860555569496,0.5357142857142857,5.356860555569496,0.5357142857142857,168.0,0.048820928518791454,0.09309678552608466,2946.9918950869287
etas_ref,Reference ETAS,5,2020-03-11,0.01,0.010012823440546666,570,32.0,0.1893491124260355,0.8106508875739645,0.010012823440546666,2.4951267056530217,18.910661268556005,0.1893491124260355,18.910661268556005,0.1893491124260355,169.0,0.02888086642599278,0.056140350877192984,298.3655649246948
etas_ref,Reference ETAS,5,2020-03-11,0.02,0.02000808052418009,1139,45.0,0.26627218934911245,0.7337278106508875,0.02000808052418009,1.7559262510974538,13.308232592692647,0.26627218934911245,13.308232592692647,0.26627218934911245,169.0,0.02060931899641577,0.04038630377524144,298.3655649246948
etas_ref,Reference ETAS,5,2020-03-11,0.03,0.030003337607813516,1708,52.0,0.3076923076923077,0.6923076923076923,0.030003337607813516,1.3531095498308614,10.255269320843091,0.3076923076923077,10.255269320843091,0.3076923076923077,169.0,0.02092050209205021,0.040983606557377046,298.3655649246948
etas_ref,Reference ETAS,5,2020-03-11,0.04,0.04001616104836018,2278,61.0,0.3609467455621302,0.6390532544378698,0.04001616104836018,1.1901277924104965,9.020024312825017,0.3609467455621302,9.020024312825017,0.3609467455621302,169.0,0.019923886277143497,0.03906935908691835,298.3655649246948
etas_ref,Reference ETAS,5,2020-03-11,0.05,0.050011418131993605,2847,76.0,0.44970414201183434,0.5502958579881656,0.050011418131993605,1.1864340631463919,8.992029396665856,0.44970414201183434,8.992029396665856,0.44970414201183434,169.0,0.023180592991913745,0.045310853530031614,298.3655649246948
etas_ref,Reference ETAS,5,2020-03-11,0.06,0.06000667521562703,3416,84.0,0.4970414201183432,0.5029585798816568,0.06000667521562703,1.092896174863388,8.283102143757882,0.4970414201183432,8.283102143757882,0.4970414201183432,169.0,0.02690515556891628,0.052400468384074944,298.3655649246948
etas_ref,Reference ETAS,5,2020-03-11,0.07,0.07000193229926045,3985,93.0,0.5502958579881657,0.4497041420118343,0.07000193229926045,1.0372229192806357,7.8611523984171425,0.5502958579881657,7.8611523984171425,0.5502958579881657,169.0,0.02958274124790079,0.057465495608531994,298.3655649246948
etas_ref,Reference ETAS,5,2020-03-11,0.08,0.08001475573980713,4555,95.0,0.5621301775147929,0.4378698224852071,0.08001475573980713,0.9269423100378095,7.025331419403867,0.5621301775147929,7.025331419403867,0.5621301775147929,169.0,0.033114084826491266,0.06410537870472009,298.3655649246948
etas_ref,Reference ETAS,5,2020-03-11,0.09,0.09001001282344055,5124,99.0,0.5857988165680473,0.41420118343195267,0.09001001282344055,0.8587041373926619,6.508151684381192,0.5857988165680473,6.508151684381192,0.5857988165680473,169.0,0.04241684467500763,0.08138173302107728,298.3655649246948
etas_ref,Reference ETAS,5,2020-03-11,0.1,0.10000526990707397,5693,103.0,0.6094674556213018,0.3905325443786982,0.10000526990707397,0.8041064074789702,6.0943533894526345,0.6094674556213018,6.0943533894526345,0.6094674556213018,169.0,0.050950710725493814,0.09696118039697875,298.3655649246948
etas_ref,Reference ETAS,6,2020-03-25,0.01,0.010012823440546666,570,20.0,0.11976047904191617,0.8802395209580838,0.010012823440546666,1.5594541910331385,11.960710158630107,0.11976047904191617,11.960710158630107,0.11976047904191617,167.0,0.017857142857142856,0.03508771929824561,946.9423472918381
etas_ref,Reference ETAS,6,2020-03-25,0.02,0.02000808052418009,1139,30.0,0.17964071856287425,0.8203592814371258,0.02000808052418009,1.170617500731636,8.978408415828572,0.17964071856287425,8.978408415828572,0.17964071856287425,167.0,0.013345195729537367,0.02633889376646181,946.9423472918381
etas_ref,Reference ETAS,6,2020-03-25,0.03,0.030003337607813516,1708,40.0,0.23952095808383234,0.7604790419161677,0.030003337607813516,1.0408534998698933,7.983143782692227,0.23952095808383234,7.983143782692227,0.23952095808383234,167.0,0.01696933611193808,0.03337236533957846,946.9423472918381
etas_ref,Reference ETAS,6,2020-03-25,0.04,0.04001616104836018,2278,48.0,0.2874251497005988,0.7125748502994012,0.04001616104836018,0.9364940005853087,7.182726732662857,0.2874251497005988,7.182726732662857,0.2874251497005988,167.0,0.017873100983020553,0.03511852502194908,946.9423472918381
etas_ref,Reference ETAS,6,2020-03-25,0.05,0.050011418131993605,2847,57.0,0.3413173652694611,0.6586826347305389,0.050011418131993605,0.8898255473597939,6.82478877860717,0.3413173652694611,6.82478877860717,0.3413173652694611,167.0,0.01933404940923738,0.037934668071654375,946.9423472918381
etas_ref,Reference ETAS,6,2020-03-25,0.06,0.06000667521562703,3416,62.0,0.3712574850299401,0.6287425149700598,0.06000667521562703,0.8066614623991674,6.186936431586475,0.3712574850299401,6.186936431586475,0.3712574850299401,167.0,0.023367285799880167,0.04566744730679157,946.9423472918381
etas_ref,Reference ETAS,6,2020-03-25,0.07,0.07000193229926045,3985,72.0,0.4311377245508982,0.5688622754491017,0.07000193229926045,0.8030112923462986,6.158940337643409,0.4311377245508982,6.158940337643409,0.4311377245508982,167.0,0.02560802985458757,0.049937264742785446,946.9423472918381
etas_ref,Reference ETAS,6,2020-03-25,0.08,0.08001475573980713,4555,80.0,0.47904191616766467,0.5209580838323353,0.08001475573980713,0.7805829979265765,5.9869196842319745,0.47904191616766467,5.9869196842319745,0.47904191616766467,167.0,0.03147644927536232,0.06103183315038419,946.9423472918381
etas_ref,Reference ETAS,6,2020-03-25,0.09,0.09001001282344055,5124,88.0,0.5269461077844312,0.4730538922155688,0.09001001282344055,0.7632925665712551,5.8543054406409665,0.5269461077844312,5.8543054406409665,0.5269461077844312,167.0,0.04135758561121837,0.07943013270882124,946.9423472918381
etas_ref,Reference ETAS,6,2020-03-25,0.1,0.10000526990707397,5693,94.0,0.562874251497006,0.437125748502994,0.10000526990707397,0.7338446825536233,5.6284459011013634,0.562874251497006,5.6284459011013634,0.562874251497006,167.0,0.049787940254471696,0.09485332864921833,946.9423472918381
etas_ref,Reference ETAS,7,2020-04-08,0.01,0.010012823440546666,570,19.0,0.12751677852348994,0.87248322147651,0.010012823440546666,1.4814814814814816,12.735346756152126,0.12751677852348994,12.735346756152126,0.12751677852348994,149.0,0.016042780748663103,0.031578947368421054,1580.4147958634
etas_ref,Reference ETAS,7,2020-04-08,0.02,0.02000808052418009,1139,26.0,0.174496644295302,0.825503355704698,0.02000808052418009,1.014535167300751,8.721308577522965,0.174496644295302,8.721308577522965,0.174496644295302,149.0,0.012444444444444444,0.024582967515364356,1580.4147958634
etas_ref,Reference ETAS,7,2020-04-08,0.03,0.030003337607813516,1708,38.0,0.2550335570469799,0.7449664429530201,0.030003337607813516,0.9888108248763987,8.500172893450483,0.2550335570469799,8.500172893450483,0.2550335570469799,149.0,0.016666666666666666,0.03278688524590164,1580.4147958634
etas_ref,Reference ETAS,7,2020-04-08,0.04,0.04001616104836018,2278,46.0,0.3087248322147651,0.6912751677852349,0.04001616104836018,0.8974734172275876,7.7150037416549315,0.3087248322147651,7.7150037416549315,0.3087248322147651,149.0,0.017418490397498883,0.03424056189640035,1580.4147958634
etas_ref,Reference ETAS,7,2020-04-08,0.05,0.050011418131993605,2847,56.0,0.37583892617449666,0.6241610738255033,0.050011418131993605,0.8742145728447097,7.515062364009684,0.37583892617449666,7.515062364009684,0.37583892617449666,149.0,0.01933404940923738,0.037934668071654375,1580.4147958634
etas_ref,Reference ETAS,7,2020-04-08,0.06,0.06000667521562703,3416,58.0,0.38926174496644295,0.610738255033557,0.06000667521562703,0.7546187874056727,6.486974050264841,0.38926174496644295,6.486974050264841,0.38926174496644295,149.0,0.022142429682824656,0.04332552693208431,1580.4147958634
etas_ref,Reference ETAS,7,2020-04-08,0.07,0.07000193229926045,3985,63.0,0.4228187919463087,0.5771812080536913,0.07000193229926045,0.7026348808030113,6.040101723745927,0.4228187919463087,6.040101723745927,0.4228187919463087,149.0,0.02455328448386682,0.0479297365119197,1580.4147958634
etas_ref,Reference ETAS,7,2020-04-08,0.08,0.08001475573980713,4555,67.0,0.44966442953020136,0.5503355704697986,0.08001475573980713,0.6537382607635077,5.619768821046272,0.44966442953020136,5.619768821046272,0.44966442953020136,149.0,0.03042642235041285,0.059055982436882544,1580.4147958634
etas_ref,Reference ETAS,7,2020-04-08,0.09,0.09001001282344055,5124,70.0,0.4697986577181208,0.5302013422818792,0.09001001282344055,0.607164541590771,5.219404408259067,0.4697986577181208,5.219404408259067,0.4697986577181208,149.0,0.039456334313824934,0.07591725214676034,1580.4147958634
etas_ref,Reference ETAS,7,2020-04-08,0.1,0.10000526990707397,5693,77.0,0.5167785234899329,0.4832214765100671,0.10000526990707397,0.601128091027968,5.167512911770844,0.5167785234899329,5.167512911770844,0.5167785234899329,149.0,0.04814507962809537,0.0918672053398911,1580.4147958634
etas_ref,Reference ETAS,8,2020-04-22,0.01,0.010012823440546666,570,24.0,0.14545454545454545,0.8545454545454545,0.010012823440546666,1.8713450292397662,14.526826156299839,0.14545454545454545,14.526826156299839,0.14545454545454545,165.0,0.021505376344086023,0.042105263157894736,356.7142940897649
etas_ref,Reference ETAS,8,2020-04-22,0.02,0.02000808052418009,1139,39.0,0.23636363636363636,0.7636363636363637,0.02000808052418009,1.5218027509511267,11.813408891372017,0.23636363636363636,11.813408891372017,0.23636363636363636,165.0,0.018783542039355994,0.03687445127304653,356.7142940897649
etas_ref,Reference ETAS,8,2020-04-22,0.03,0.030003337607813516,1708,50.0,0.30303030303030304,0.696969696969697,0.030003337607813516,1.3010668748373666,10.09988645234547,0.30303030303030304,10.09988645234547,0.30303030303030304,165.0,0.020005971931919976,0.039227166276346606,356.7142940897649
etas_ref,Reference ETAS,8,2020-04-22,0.04,0.04001616104836018,2278,59.0,0.3575757575757576,0.6424242424242423,0.04001616104836018,1.1511072090527752,8.93578364860191,0.3575757575757576,8.93578364860191,0.3575757575757576,165.0,0.020152261531571878,0.03950834064969271,356.7142940897649
etas_ref,Reference ETAS,8,2020-04-22,0.05,0.050011418131993605,2847,68.0,0.4121212121212121,0.5878787878787879,0.050011418131993605,1.061546267025719,8.240542410405425,0.4121212121212121,8.240542410405425,0.4121212121212121,165.0,0.02244568145088885,0.04390586582367404,356.7142940897649
etas_ref,Reference ETAS,8,2020-04-22,0.06,0.06000667521562703,3416,77.0,0.4666666666666667,0.5333333333333333,0.06000667521562703,1.0018214936247722,7.7769125683060105,0.4666666666666667,7.7769125683060105,0.4666666666666667,165.0,0.026288117770767613,0.05122950819672131,356.7142940897649
etas_ref,Reference ETAS,8,2020-04-22,0.07,0.07000193229926045,3985,81.0,0.4909090909090909,0.509090909090909,0.07000193229926045,0.903387703889586,7.0127934299076085,0.4909090909090909,7.0127934299076085,0.4909090909090909,165.0,0.027326630574890435,0.053199498117942286,356.7142940897649
etas_ref,Reference ETAS,8,2020-04-22,0.08,0.08001475573980713,4555,85.0,0.5151515151515151,0.48484848484848486,0.08001475573980713,0.8293694352969875,6.438206433157037,0.5151515151515151,6.438206433157037,0.5151515151515151,165.0,0.03252861838376969,0.06300768386388585,356.7142940897649
etas_ref,Reference ETAS,8,2020-04-22,0.09,0.09001001282344055,5124,90.0,0.5454545454545454,0.4545454545454546,0.09001001282344055,0.78064012490242,6.05993187140728,0.5454545454545454,6.05993187140728,0.5454545454545454,165.0,0.04220482050238991,0.08099141295862608,356.7142940897649
etas_ref,Reference ETAS,8,2020-04-22,0.1,0.10000526990707397,5693,91.0,0.5515151515151515,0.4484848484848485,0.10000526990707397,0.7104241075785077,5.514860887107506,0.5515151515151515,5.514860887107506,0.5515151515151515,165.0,0.050659776690966135,0.09643421746003865,356.7142940897649
etas_ref,Reference ETAS,9,2020-05-06,0.01,0.010012823440546666,570,23.0,0.1402439024390244,0.8597560975609756,0.010012823440546666,1.7933723196881093,14.00642918271288,0.1402439024390244,14.00642918271288,0.1402439024390244,164.0,0.020590868397493287,0.04035087719298246,393.8548766143644
etas_ref,Reference ETAS,9,2020-05-06,0.02,0.02000808052418009,1139,43.0,0.2621951219512195,0.7378048780487805,0.02000808052418009,1.6778850843820114,13.104461551639222,0.2621951219512195,13.104461551639222,0.2621951219512195,164.0,0.02060931899641577,0.04038630377524144,393.8548766143644
etas_ref,Reference ETAS,9,2020-05-06,0.03,0.030003337607813516,1708,50.0,0.3048780487804878,0.6951219512195121,0.030003337607813516,1.3010668748373666,10.16147112583538,0.3048780487804878,10.16147112583538,0.3048780487804878,164.0,0.02031063321385902,0.03981264637002342,393.8548766143644
etas_ref,Reference ETAS,9,2020-05-06,0.04,0.04001616104836018,2278,55.0,0.3353658536585366,0.6646341463414633,0.04001616104836018,1.0730660423373328,8.380760294652992,0.3353658536585366,8.380760294652992,0.3353658536585366,164.0,0.01923937360178971,0.03775241439859526,393.8548766143644
etas_ref,Reference ETAS,9,2020-05-06,0.05,0.050011418131993605,2847,63.0,0.38414634146341464,0.6158536585365854,0.050011418131993605,0.9834913944502985,7.681172736384898,0.38414634146341464,7.681172736384898,0.38414634146341464,164.0,0.021711824869908487,0.042500878117316475,393.8548766143644
etas_ref,Reference ETAS,9,2020-05-06,0.06,0.06000667521562703,3416,70.0,0.4268292682926829,0.5731707317073171,0.06000667521562703,0.9107468123861566,7.1130297880847655,0.4268292682926829,7.1130297880847655,0.4268292682926829,164.0,0.025210084033613446,0.04918032786885246,393.8548766143644
etas_ref,Reference ETAS,9,2020-05-06,0.07,0.07000193229926045,3985,77.0,0.4695121951219512,0.5304878048780488,0.07000193229926045,0.8587759654259027,6.707131927655538,0.4695121951219512,6.707131927655538,0.4695121951219512,164.0,0.027061855670103094,0.05269761606022585,393.8548766143644
etas_ref,Reference ETAS,9,2020-05-06,0.08,0.08001475573980713,4555,82.0,0.5,0.5,0.08001475573980713,0.8000975728747408,6.248847420417124,0.5,6.248847420417124,0.5,164.0,0.03229461756373938,0.06256860592755215,393.8548766143644
etas_ref,Reference ETAS,9,2020-05-06,0.09,0.09001001282344055,5124,90.0,0.5487804878048781,0.4512195121951219,0.09001001282344055,0.78064012490242,6.096882675501228,0.5487804878048781,6.096882675501228,0.5487804878048781,164.0,0.04220482050238991,0.08099141295862608,393.8548766143644
etas_ref,Reference ETAS,9,2020-05-06,0.1,0.10000526990707397,5693,97.0,0.5914634146341463,0.4085365853658537,0.10000526990707397,0.757265257528739,5.914322467043395,0.5914634146341463,5.914322467043395,0.5914634146341463,164.0,0.05056283447130467,0.09625856314772528,393.8548766143644
etas_ref,Reference ETAS,10,2020-05-20,0.01,0.010012823440546666,570,24.0,0.12698412698412698,0.873015873015873,0.010012823440546666,1.8713450292397662,12.682149818991922,0.12698412698412698,12.682149818991922,0.12698412698412698,189.0,0.021505376344086023,0.042105263157894736,741.2933659023167
etas_ref,Reference ETAS,10,2020-05-20,0.02,0.02000808052418009,1139,37.0,0.19576719576719576,0.8042328042328042,0.02000808052418009,1.4437615842356843,9.784406631641048,0.19576719576719576,9.784406631641048,0.19576719576719576,189.0,0.016964285714285713,0.033362598770851626,741.2933659023167
etas_ref,Reference ETAS,10,2020-05-20,0.03,0.030003337607813516,1708,47.0,0.24867724867724866,0.7513227513227514,0.030003337607813516,1.2230028623471247,8.288319517242233,0.24867724867724866,8.288319517242233,0.24867724867724866,189.0,0.01939719486720382,0.038056206088992975,741.2933659023167
etas_ref,Reference ETAS,10,2020-05-20,0.04,0.04001616104836018,2278,57.0,0.30158730158730157,0.6984126984126984,0.04001616104836018,1.1120866256950541,7.536637540588375,0.30158730158730157,7.536637540588375,0.30158730158730157,189.0,0.01923937360178971,0.03775241439859526,741.2933659023167
etas_ref,Reference ETAS,10,2020-05-20,0.05,0.050011418131993605,2847,62.0,0.328042328042328,0.671957671957672,0.050011418131993605,0.9678804199352143,6.5593486506728516,0.328042328042328,6.5593486506728516,0.328042328042328,189.0,0.020795984223736106,0.040744643484369514,741.2933659023167
etas_ref,Reference ETAS,10,2020-05-20,0.06,0.06000667521562703,3416,69.0,0.36507936507936506,0.6349206349206349,0.06000667521562703,0.897736143637783,6.083979220103341,0.36507936507936506,6.083979220103341,0.36507936507936506,189.0,0.025517862503752625,0.049765807962529274,741.2933659023167
etas_ref,Reference ETAS,10,2020-05-20,0.07,0.07000193229926045,3985,78.0,0.4126984126984127,0.5873015873015873,0.07000193229926045,0.8699289000418235,5.895528868176296,0.4126984126984127,5.895528868176296,0.4126984126984127,189.0,0.02838709677419355,0.05520702634880803,741.2933659023167
etas_ref,Reference ETAS,10,2020-05-20,0.08,0.08001475573980713,4555,89.0,0.4708994708994709,0.5291005291005291,0.08001475573980713,0.8683985851933163,5.885157888011894,0.4708994708994709,5.885157888011894,0.4708994708994709,189.0,0.034521916874858054,0.06673984632272228,741.2933659023167
etas_ref,Reference ETAS,10,2020-05-20,0.09,0.09001001282344055,5124,96.0,0.5079365079365079,0.4920634920634921,0.09001001282344055,0.8326827998959146,5.643111160675563,0.5079365079365079,5.643111160675563,0.5079365079365079,189.0,0.04379710735383988,0.08391881342701014,741.2933659023167
etas_ref,Reference ETAS,10,2020-05-20,0.1,0.10000526990707397,5693,101.0,0.5343915343915344,0.4656084656084656,0.10000526990707397,0.7884926908288932,5.343633739382906,0.5343915343915344,5.343633739382906,0.5343915343915344,189.0,0.05211605987802624,0.09906903214473915,741.2933659023167
etas_ref,Reference ETAS,11,2020-06-03,0.01,0.010012823440546666,570,19.0,0.12258064516129032,0.8774193548387097,0.010012823440546666,1.4814814814814816,12.242365591397848,0.12258064516129032,12.242365591397848,0.12258064516129032,155.0,0.016042780748663103,0.031578947368421054,1440.9082016470675
etas_ref,Reference ETAS,11,2020-06-03,0.02,0.02000808052418009,1139,37.0,0.23870967741935484,0.7612903225806451,0.02000808052418009,1.4437615842356843,11.930663570194568,0.23870967741935484,11.930663570194568,0.23870967741935484,155.0,0.017418490397498883,0.03424056189640035,1440.9082016470675
etas_ref,Reference ETAS,11,2020-06-03,0.03,0.030003337607813516,1708,47.0,0.3032258064516129,0.6967741935483871,0.030003337607813516,1.2230028623471247,10.106402508121175,0.3032258064516129,10.106402508121175,0.3032258064516129,155.0,0.019701492537313434,0.03864168618266979,1440.9082016470675
etas_ref,Reference ETAS,11,2020-06-03,0.04,0.04001616104836018,2278,55.0,0.3548387096774194,0.6451612903225806,0.04001616104836018,1.0730660423373328,8.867385085955423,0.3548387096774194,8.867385085955423,0.3548387096774194,155.0,0.019011406844106463,0.03731343283582089,1440.9082016470675
etas_ref,Reference ETAS,11,2020-06-03,0.05,0.050011418131993605,2847,60.0,0.3870967741935484,0.6129032258064516,0.050011418131993605,0.9366584709050462,7.740167918692002,0.3870967741935484,7.740167918692002,0.3870967741935484,155.0,0.020795984223736106,0.040744643484369514,1440.9082016470675
etas_ref,Reference ETAS,11,2020-06-03,0.06,0.06000667521562703,3416,61.0,0.3935483870967742,0.6064516129032258,0.06000667521562703,0.7936507936507936,6.558410138248848,0.3935483870967742,6.558410138248848,0.3935483870967742,155.0,0.024441445494077074,0.04771662763466042,1440.9082016470675
etas_ref,Reference ETAS,11,2020-06-03,0.07,0.07000193229926045,3985,64.0,0.4129032258064516,0.5870967741935484,0.07000193229926045,0.7137878154189321,5.898454688954548,0.4129032258064516,5.898454688954548,0.4129032258064516,155.0,0.026532715095311694,0.05169385194479297,1440.9082016470675
etas_ref,Reference ETAS,11,2020-06-03,0.08,0.08001475573980713,4555,69.0,0.44516129032258067,0.5548387096774193,0.08001475573980713,0.6732528357116722,5.563489961403633,0.44516129032258067,5.563489961403633,0.44516129032258067,155.0,0.03323125779743677,0.06432491767288694,1440.9082016470675
etas_ref,Reference ETAS,11,2020-06-03,0.09,0.09001001282344055,5124,80.0,0.5161290322580645,0.4838709677419355,0.09001001282344055,0.6939023332465954,5.734129082621943,0.5161290322580645,5.734129082621943,0.5161290322580645,155.0,0.04337202199144777,0.08313817330210772,1440.9082016470675
etas_ref,Reference ETAS,11,2020-06-03,0.1,0.10000526990707397,5693,85.0,0.5483870967741935,0.4516129032258065,0.10000526990707397,0.6635829576282765,5.483581988066839,0.5483870967741935,5.483581988066839,0.5483870967741935,155.0,0.051824480369515015,0.09854206920779905,1440.9082016470675
etas_ref,Reference ETAS,12,2020-06-17,0.01,0.010012823440546666,570,31.0,0.15121951219512195,0.848780487804878,0.010012823440546666,2.417153996101365,15.102584510055625,0.15121951219512195,15.102584510055625,0.15121951219512195,205.0,0.027953110910730387,0.054385964912280704,1351.1318057977944
etas_ref,Reference ETAS,12,2020-06-17,0.02,0.02000808052418009,1139,45.0,0.21951219512195122,0.7804878048780488,0.02000808052418009,1.7559262510974538,10.971177113000278,0.21951219512195122,10.971177113000278,0.21951219512195122,205.0,0.0210667861945316,0.041264266900790166,1351.1318057977944
etas_ref,Reference ETAS,12,2020-06-17,0.03,0.030003337607813516,1708,62.0,0.3024390243902439,0.697560975609756,0.030003337607813516,1.6133229247983347,10.080179356828696,0.3024390243902439,10.080179356828696,0.3024390243902439,205.0,0.023367285799880167,0.04566744730679157,1351.1318057977944
etas_ref,Reference ETAS,12,2020-06-17,0.04,0.04001616104836018,2278,80.0,0.3902439024390244,0.6097560975609756,0.04001616104836018,1.5608233343088478,9.752157433778025,0.3902439024390244,9.752157433778025,0.3902439024390244,205.0,0.024510906228918373,0.04784899034240562,1351.1318057977944
etas_ref,Reference ETAS,12,2020-06-17,0.05,0.050011418131993605,2847,89.0,0.43414634146341463,0.5658536585365854,0.050011418131993605,1.3893767318424852,8.680944425882615,0.43414634146341463,8.680944425882615,0.43414634146341463,205.0,0.0261308343845738,0.05093080435546189,1351.1318057977944
etas_ref,Reference ETAS,12,2020-06-17,0.06,0.06000667521562703,3416,92.0,0.44878048780487806,0.551219512195122,0.06000667521562703,1.1969815248503772,7.47884274861484,0.44878048780487806,7.47884274861484,0.44878048780487806,205.0,0.029535864978902954,0.05737704918032787,1351.1318057977944
etas_ref,Reference ETAS,12,2020-06-17,0.07,0.07000193229926045,3985,99.0,0.48292682926829267,0.5170731707317073,0.07000193229926045,1.1041405269761606,6.898764268445696,0.48292682926829267,6.898764268445696,0.48292682926829267,205.0,0.03064787275313591,0.05947302383939774,1351.1318057977944
etas_ref,Reference ETAS,12,2020-06-17,0.08,0.08001475573980713,4555,104.0,0.5073170731707317,0.4926829268292683,0.08001475573980713,1.0147578973045495,6.340293968032984,0.5073170731707317,6.340293968032984,0.5073170731707317,205.0,0.03605140452632776,0.06959385290889133,1351.1318057977944
etas_ref,Reference ETAS,12,2020-06-17,0.09,0.09001001282344055,5124,108.0,0.526829268292683,0.47317073170731705,0.09001001282344055,0.9367681498829039,5.853007368481179,0.526829268292683,5.853007368481179,0.526829268292683,205.0,0.0429472827193161,0.0823575331772053,1351.1318057977944
etas_ref,Reference ETAS,12,2020-06-17,0.1,0.10000526990707397,5693,114.0,0.5560975609756098,0.4439024390243902,0.10000526990707397,0.8899818490543943,5.560682566952141,0.5560975609756098,5.560682566952141,0.5560975609756098,205.0,0.05201884874803659,0.09889337783242579,1351.1318057977944
etas_ref,Reference ETAS,13,2020-07-01,0.01,0.010012823440546666,570,24.0,0.11374407582938388,0.8862559241706162,0.010012823440546666,1.8713450292397662,11.359840359191818,0.11374407582938388,11.359840359191818,0.11374407582938388,211.0,0.020590868397493287,0.04035087719298246,256.2752752099443
etas_ref,Reference ETAS,13,2020-07-01,0.02,0.02000808052418009,1139,38.0,0.18009478672985782,0.8199052132701422,0.02000808052418009,1.4827821675934054,9.001102655110287,0.18009478672985782,9.001102655110287,0.18009478672985782,211.0,0.017418490397498883,0.03424056189640035,256.2752752099443
etas_ref,Reference ETAS,13,2020-07-01,0.03,0.030003337607813516,1708,49.0,0.23222748815165878,0.7677725118483412,0.030003337607813516,1.2750455373406193,7.740055162769016,0.23222748815165878,7.740055162769016,0.23222748815165878,211.0,0.01939719486720382,0.038056206088992975,256.2752752099443
etas_ref,Reference ETAS,13,2020-07-01,0.04,0.04001616104836018,2278,56.0,0.26540284360189575,0.7345971563981042,0.04001616104836018,1.0925763340161936,6.632391430081264,0.26540284360189575,6.632391430081264,0.26540284360189575,211.0,0.019467442380845825,0.038191395961369626,256.2752752099443
etas_ref,Reference ETAS,13,2020-07-01,0.05,0.050011418131993605,2847,68.0,0.3222748815165877,0.6777251184834123,0.050011418131993605,1.061546267025719,6.4440260555303075,0.3222748815165877,6.4440260555303075,0.3222748815165877,211.0,0.02189519023689878,0.04285212504390586,256.2752752099443
etas_ref,Reference ETAS,13,2020-07-01,0.06,0.06000667521562703,3416,71.0,0.33649289099526064,0.6635071090047393,0.06000667521562703,0.9237574811345303,5.607590985271429,0.33649289099526064,5.607590985271429,0.33649289099526064,211.0,0.02613397416641634,0.050936768149882905,256.2752752099443
etas_ref,Reference ETAS,13,2020-07-01,0.07,0.07000193229926045,3985,75.0,0.35545023696682465,0.6445497630331753,0.07000193229926045,0.8364700961940611,5.07772036130751,0.35545023696682465,5.07772036130751,0.35545023696682465,211.0,0.027724049000644745,0.053952321204516936,256.2752752099443
etas_ref,Reference ETAS,13,2020-07-01,0.08,0.08001475573980713,4555,81.0,0.38388625592417064,0.6161137440758293,0.08001475573980713,0.7903402854006586,4.797693280130683,0.38388625592417064,4.797693280130683,0.38388625592417064,211.0,0.03334845735027223,0.0645444566410538,256.2752752099443
etas_ref,Reference ETAS,13,2020-07-01,0.09,0.09001001282344055,5124,87.0,0.41232227488151657,0.5876777251184835,0.09001001282344055,0.7546187874056726,4.580848973883703,0.41232227488151657,4.580848973883703,0.41232227488151657,211.0,0.041251778093883355,0.07923497267759563,256.2752752099443
etas_ref,Reference ETAS,13,2020-07-01,0.1,0.10000526990707397,5693,90.0,0.4265402843601896,0.5734597156398105,0.10000526990707397,0.7026172492534691,4.265178072680927,0.4265402843601896,4.265178072680927,0.4265402843601896,211.0,0.05017524441984873,0.09555594589847181,256.2752752099443
etas_ref,Reference ETAS,14,2020-07-15,0.01,0.010012823440546666,570,20.0,0.11299435028248588,0.8870056497175142,0.010012823440546666,1.5594541910331385,11.284963821984338,0.11299435028248588,11.284963821984338,0.11299435028248588,177.0,0.017857142857142856,0.03508771929824561,3137.7185137805523
etas_ref,Reference ETAS,14,2020-07-15,0.02,0.02000808052418009,1139,32.0,0.1807909604519774,0.8192090395480226,0.02000808052418009,1.2486586674470783,9.035897283274554,0.1807909604519774,9.035897283274554,0.1807909604519774,177.0,0.015151515151515152,0.029850746268656716,3137.7185137805523
etas_ref,Reference ETAS,14,2020-07-15,0.03,0.030003337607813516,1708,49.0,0.2768361581920904,0.7231638418079096,0.030003337607813516,1.2750455373406193,9.22684542002408,0.2768361581920904,9.22684542002408,0.2768361581920904,177.0,0.02092050209205021,0.040983606557377046,3137.7185137805523
etas_ref,Reference ETAS,14,2020-07-15,0.04,0.04001616104836018,2278,58.0,0.327683615819209,0.672316384180791,0.04001616104836018,1.1315969173739147,8.188781912967565,0.327683615819209,8.188781912967565,0.327683615819209,177.0,0.02038073908174692,0.03994732221246708,3137.7185137805523
etas_ref,Reference ETAS,14,2020-07-15,0.05,0.050011418131993605,2847,65.0,0.3672316384180791,0.6327683615819208,0.050011418131993605,1.0147133434804667,7.342955911565152,0.3672316384180791,7.342955911565152,0.3672316384180791,177.0,0.021711824869908487,0.042500878117316475,3137.7185137805523
etas_ref,Reference ETAS,14,2020-07-15,0.06,0.06000667521562703,3416,70.0,0.3954802259887006,0.6045197740112994,0.06000667521562703,0.9107468123861566,6.590603871445772,0.3954802259887006,6.590603871445772,0.3954802259887006,177.0,0.027059530968129887,0.05269320843091335,3137.7185137805523
etas_ref,Reference ETAS,14,2020-07-15,0.07,0.07000193229926045,3985,75.0,0.423728813559322,0.576271186440678,0.07000193229926045,0.8364700961940611,6.053101673649065,0.423728813559322,6.053101673649065,0.423728813559322,177.0,0.028254418784672945,0.05495608531994981,3137.7185137805523
etas_ref,Reference ETAS,14,2020-07-15,0.08,0.08001475573980713,4555,82.0,0.4632768361581921,0.536723163841808,0.08001475573980713,0.8000975728747408,5.789892525132251,0.4632768361581921,5.789892525132251,0.4632768361581921,177.0,0.03299693842839324,0.06388583973655323,3137.7185137805523
etas_ref,Reference ETAS,14,2020-07-15,0.09,0.09001001282344055,5124,85.0,0.480225988700565,0.519774011299435,0.09001001282344055,0.7372712290745077,5.335250753075148,0.480225988700565,5.335250753075148,0.480225988700565,177.0,0.04082876294942109,0.07845433255269321,3137.7185137805523
etas_ref,Reference ETAS,14,2020-07-15,0.1,0.10000526990707397,5693,88.0,0.4971751412429379,0.5028248587570621,0.10000526990707397,0.6870035326033921,4.971489419556776,0.4971751412429379,4.971489419556776,0.4971751412429379,177.0,0.04988473951129553,0.0950289829615317,3137.7185137805523
etas_ref,Reference ETAS,15,2020-07-29,0.01,0.010012823440546666,570,19.0,0.11801242236024845,0.8819875776397516,0.010012823440546666,1.4814814814814816,11.786128364389233,0.11801242236024845,11.786128364389233,0.11801242236024845,161.0,0.01694915254237288,0.03333333333333333,1312.8025175367868
etas_ref,Reference ETAS,15,2020-07-29,0.02,0.02000808052418009,1139,28.0,0.17391304347826086,0.8260869565217391,0.02000808052418009,1.0925763340161936,8.692140321410848,0.17391304347826086,8.692140321410848,0.17391304347826086,161.0,0.013796172674677348,0.027216856892010536,1312.8025175367868
etas_ref,Reference ETAS,15,2020-07-29,0.03,0.030003337607813516,1708,35.0,0.21739130434782608,0.782608695652174,0.030003337607813516,0.9107468123861566,7.245570715813053,0.21739130434782608,7.245570715813053,0.21739130434782608,161.0,0.016666666666666666,0.03278688524590164,1312.8025175367868
etas_ref,Reference ETAS,15,2020-07-29,0.04,0.04001616104836018,2278,43.0,0.2670807453416149,0.7329192546583851,0.04001616104836018,0.8389425421910057,6.674322032511902,0.2670807453416149,6.674322032511902,0.2670807453416149,161.0,0.016737335416201742,0.03292361720807726,1312.8025175367868
etas_ref,Reference ETAS,15,2020-07-29,0.05,0.050011418131993605,2847,49.0,0.30434782608695654,0.6956521739130435,0.050011418131993605,0.764937751239121,6.085566805638277,0.30434782608695654,6.085566805638277,0.30434782608695654,161.0,0.01878690284487386,0.0368809272918862,1312.8025175367868
etas_ref,Reference ETAS,15,2020-07-29,0.06,0.06000667521562703,3416,53.0,0.32919254658385094,0.670807453416149,0.06000667521562703,0.6895654436638043,5.485932113401312,0.32919254658385094,5.485932113401312,0.32919254658385094,161.0,0.024441445494077074,0.04771662763466042,1312.8025175367868
etas_ref,Reference ETAS,15,2020-07-29,0.07,0.07000193229926045,3985,58.0,0.36024844720496896,0.639751552795031,0.07000193229926045,0.6468702077234073,5.146264329745864,0.36024844720496896,5.146264329745864,0.36024844720496896,161.0,0.02574002574002574,0.050188205771643665,1312.8025175367868
etas_ref,Reference ETAS,15,2020-07-29,0.08,0.08001475573980713,4555,67.0,0.4161490683229814,0.5838509316770186,0.08001475573980713,0.6537382607635077,5.200904064198103,0.4161490683229814,5.200904064198103,0.4161490683229814,161.0,0.03147644927536232,0.06103183315038419,1312.8025175367868
etas_ref,Reference ETAS,15,2020-07-29,0.09,0.09001001282344055,5124,74.0,0.45962732919254656,0.5403726708074534,0.09001001282344055,0.6418596582531009,5.106402218763485,0.45962732919254656,5.106402218763485,0.45962732919254656,161.0,0.039983762938908055,0.07689305230288837,1312.8025175367868
etas_ref,Reference ETAS,15,2020-07-29,0.1,0.10000526990707397,5693,82.0,0.5093167701863354,0.49068322981366463,0.10000526990707397,0.6401623826531608,5.092899310802304,0.5093167701863354,5.092899310802304,0.5093167701863354,161.0,0.04911084492766977,0.09362374846302476,1312.8025175367868
etas_ref,Reference ETAS,16,2020-08-12,0.01,0.010012823440546666,570,18.0,0.11612903225806452,0.8838709677419355,0.010012823440546666,1.4035087719298247,11.598030560271647,0.11612903225806452,11.598030560271647,0.11612903225806452,155.0,0.016042780748663103,0.031578947368421054,306.16312790822127
etas_ref,Reference ETAS,16,2020-08-12,0.02,0.02000808052418009,1139,26.0,0.16774193548387098,0.832258064516129,0.02000808052418009,1.014535167300751,8.3837095358124,0.16774193548387098,8.3837095358124,0.16774193548387098,155.0,0.012894619831036016,0.025460930640913083,306.16312790822127
etas_ref,Reference ETAS,16,2020-08-12,0.03,0.030003337607813516,1708,40.0,0.25806451612903225,0.7419354838709677,0.030003337607813516,1.0408534998698933,8.601193623932915,0.25806451612903225,8.601193623932915,0.25806451612903225,155.0,0.01757521596663688,0.03454332552693208,306.16312790822127
etas_ref,Reference ETAS,16,2020-08-12,0.04,0.04001616104836018,2278,52.0,0.33548387096774196,0.6645161290322581,0.04001616104836018,1.014535167300751,8.3837095358124,0.33548387096774196,8.3837095358124,0.33548387096774196,155.0,0.017873100983020553,0.03511852502194908,306.16312790822127
etas_ref,Reference ETAS,16,2020-08-12,0.05,0.050011418131993605,2847,56.0,0.36129032258064514,0.6387096774193548,0.050011418131993605,0.8742145728447097,7.224156724112534,0.36129032258064514,7.224156724112534,0.36129032258064514,155.0,0.020247267514782296,0.039690902704601336,306.16312790822127
etas_ref,Reference ETAS,16,2020-08-12,0.06,0.06000667521562703,3416,60.0,0.3870967741935484,0.6129032258064516,0.06000667521562703,0.78064012490242,6.450895217949686,0.3870967741935484,6.450895217949686,0.3870967741935484,155.0,0.025210084033613446,0.04918032786885246,306.16312790822127
etas_ref,Reference ETAS,16,2020-08-12,0.07,0.07000193229926045,3985,66.0,0.4258064516129032,0.5741935483870968,0.07000193229926045,0.7360936846507737,6.082781397984377,0.4258064516129032,6.082781397984377,0.4258064516129032,155.0,0.027194226060059286,0.05294855708908407,306.16312790822127
etas_ref,Reference ETAS,16,2020-08-12,0.08,0.08001475573980713,4555,77.0,0.4967741935483871,0.5032258064516129,0.08001475573980713,0.7513111355043298,6.208532275769271,0.4967741935483871,6.208532275769271,0.4967741935483871,155.0,0.032879818594104306,0.06366630076838639,306.16312790822127
etas_ref,Reference ETAS,16,2020-08-12,0.09,0.09001001282344055,5124,81.0,0.5225806451612903,0.4774193548387097,0.09001001282344055,0.702576112412178,5.805805696154717,0.5225806451612903,5.805805696154717,0.5225806451612903,155.0,0.04156926516922452,0.07982045277127245,306.16312790822127
etas_ref,Reference ETAS,16,2020-08-12,0.1,0.10000526990707397,5693,86.0,0.5548387096774193,0.44516129032258067,0.10000526990707397,0.6713898159533149,5.548094717338214,0.5548387096774193,5.548094717338214,0.5548387096774193,155.0,0.04862773991526985,0.09274547690145793,306.16312790822127
etas_ref,Reference ETAS,17,2020-08-26,0.01,0.010012823440546666,570,21.0,0.12574850299401197,0.874251497005988,0.010012823440546666,1.6374269005847955,12.558745666561611,0.12574850299401197,12.558745666561611,0.12574850299401197,167.0,0.01876675603217158,0.03684210526315789,558.4056513211658
etas_ref,Reference ETAS,17,2020-08-26,0.02,0.02000808052418009,1139,41.0,0.24550898203592814,0.7544910179640718,0.02000808052418009,1.599843917666569,12.270491501632382,0.24550898203592814,12.270491501632382,0.24550898203592814,167.0,0.01923937360178971,0.03775241439859526,558.4056513211658
etas_ref,Reference ETAS,17,2020-08-26,0.03,0.030003337607813516,1708,49.0,0.2934131736526946,0.7065868263473054,0.030003337607813516,1.2750455373406193,9.779351133797977,0.2934131736526946,9.779351133797977,0.2934131736526946,167.0,0.020005971931919976,0.039227166276346606,558.4056513211658
etas_ref,Reference ETAS,17,2020-08-26,0.04,0.04001616104836018,2278,56.0,0.33532934131736525,0.6646706586826348,0.04001616104836018,1.0925763340161936,8.379847854773333,0.33532934131736525,8.379847854773333,0.33532934131736525,167.0,0.018555779119159403,0.036435469710272166,558.4056513211658
etas_ref,Reference ETAS,17,2020-08-26,0.05,0.050011418131993605,2847,62.0,0.3712574850299401,0.6287425149700598,0.050011418131993605,0.9678804199352143,7.423454460941131,0.3712574850299401,7.423454460941131,0.3712574850299401,167.0,0.021162123385939743,0.0414471373375483,558.4056513211658
etas_ref,Reference ETAS,17,2020-08-26,0.06,0.06000667521562703,3416,67.0,0.40119760479041916,0.5988023952095809,0.06000667521562703,0.8717148061410357,6.68588291800474,0.40119760479041916,6.68588291800474,0.40119760479041916,167.0,0.025979876858387145,0.0506440281030445,558.4056513211658
etas_ref,Reference ETAS,17,2020-08-26,0.07,0.07000193229926045,3985,72.0,0.4311377245508982,0.5688622754491017,0.07000193229926045,0.8030112923462986,6.158940337643409,0.4311377245508982,6.158940337643409,0.4311377245508982,167.0,0.028121775025799794,0.05470514429109159,558.4056513211658
etas_ref,Reference ETAS,17,2020-08-26,0.08,0.08001475573980713,4555,75.0,0.4491017964071856,0.5508982035928144,0.08001475573980713,0.7317965605561654,5.612737203967476,0.4491017964071856,5.612737203967476,0.4491017964071856,167.0,0.03264565858082068,0.06322722283205269,558.4056513211658
etas_ref,Reference ETAS,17,2020-08-26,0.09,0.09001001282344055,5124,78.0,0.46706586826347307,0.5329341317365269,0.09001001282344055,0.6765547749154306,5.189043458749947,0.46706586826347307,5.189043458749947,0.46706586826347307,167.0,0.04167513722301281,0.08001561280249805,558.4056513211658
etas_ref,Reference ETAS,17,2020-08-26,0.1,0.10000526990707397,5693,83.0,0.49700598802395207,0.5029940119760479,0.10000526990707397,0.6479692409781993,4.969797976504395,0.49700598802395207,4.969797976504395,0.49700598802395207,167.0,0.048820928518791454,0.09309678552608466,558.4056513211658
etas_ref,Reference ETAS,18,2020-09-09,0.01,0.010012823440546666,570,15.0,0.1048951048951049,0.8951048951048951,0.010012823440546666,1.169590643274854,10.476076555023923,0.1048951048951049,10.476076555023923,0.1048951048951049,143.0,0.013333333333333334,0.02631578947368421,1713.5867720939223
etas_ref,Reference ETAS,18,2020-09-09,0.02,0.02000808052418009,1139,24.0,0.16783216783216784,0.8321678321678322,0.02000808052418009,0.9364940005853087,8.38821933115173,0.16783216783216784,8.38821933115173,0.16783216783216784,143.0,0.011545293072824156,0.0228270412642669,1713.5867720939223
etas_ref,Reference ETAS,18,2020-09-09,0.03,0.030003337607813516,1708,29.0,0.20279720279720279,0.7972027972027972,0.030003337607813516,0.7546187874056727,6.7591547796465825,0.20279720279720279,6.7591547796465825,0.20279720279720279,143.0,0.013950727218759276,0.027517564402810304,1713.5867720939223
etas_ref,Reference ETAS,18,2020-09-09,0.04,0.04001616104836018,2278,35.0,0.24475524475524477,0.7552447552447552,0.04001616104836018,0.6828602087601209,6.116409928964802,0.24475524475524477,6.116409928964802,0.24475524475524477,143.0,0.014021811707099933,0.0276558384547849,1713.5867720939223
etas_ref,Reference ETAS,18,2020-09-09,0.05,0.050011418131993605,2847,44.0,0.3076923076923077,0.6923076923076923,0.050011418131993605,0.6868828786637006,6.152441166139797,0.3076923076923077,6.152441166139797,0.3076923076923077,143.0,0.01787629603146228,0.035124692658939236,1713.5867720939223
etas_ref,Reference ETAS,18,2020-09-09,0.06,0.06000667521562703,3416,45.0,0.3146853146853147,0.6853146853146853,0.06000667521562703,0.585480093676815,5.244171811794763,0.3146853146853147,5.244171811794763,0.3146853146853147,143.0,0.021378382418896696,0.04186182669789227,1713.5867720939223
etas_ref,Reference ETAS,18,2020-09-09,0.07,0.07000193229926045,3985,52.0,0.36363636363636365,0.6363636363636364,0.07000193229926045,0.5799526000278824,5.194661799931562,0.36363636363636365,5.194661799931562,0.36363636363636365,143.0,0.02455328448386682,0.0479297365119197,1713.5867720939223
etas_ref,Reference ETAS,18,2020-09-09,0.08,0.08001475573980713,4555,59.0,0.4125874125874126,0.5874125874125874,0.08001475573980713,0.5756799609708502,5.156391577686858,0.4125874125874126,5.156391577686858,0.4125874125874126,143.0,0.030776193708983934,0.059714599341383096,1713.5867720939223
etas_ref,Reference ETAS,18,2020-09-09,0.09,0.09001001282344055,5124,66.0,0.46153846153846156,0.5384615384615384,0.09001001282344055,0.5724694249284413,5.1276346604215455,0.46153846153846156,5.1276346604215455,0.46153846153846156,143.0,0.039456334313824934,0.07591725214676034,1713.5867720939223
etas_ref,Reference ETAS,18,2020-09-09,0.1,0.10000526990707397,5693,71.0,0.4965034965034965,0.5034965034965035,0.10000526990707397,0.5542869410777368,4.964773326094247,0.4965034965034965,4.964773326094247,0.4965034965034965,143.0,0.04650735294117647,0.08888108203056386,1713.5867720939223
etas_ref,Reference ETAS,19,2020-09-23,0.01,0.010012823440546666,570,14.0,0.09271523178807947,0.9072847682119205,0.010012823440546666,1.091617933723197,9.259649122807017,0.09271523178807947,9.259649122807017,0.09271523178807947,151.0,0.012433392539964476,0.02456140350877193,321.96976022573466
etas_ref,Reference ETAS,19,2020-09-23,0.02,0.02000808052418009,1139,27.0,0.17880794701986755,0.8211920529801324,0.02000808052418009,1.0535557506584723,8.936786654960493,0.17880794701986755,8.936786654960493,0.17880794701986755,151.0,0.011994669035984007,0.02370500438981563,321.96976022573466
etas_ref,Reference ETAS,19,2020-09-23,0.03,0.030003337607813516,1708,39.0,0.2582781456953642,0.7417218543046358,0.030003337607813516,1.014832162373146,8.60831381733021,0.2582781456953642,8.60831381733021,0.2582781456953642,151.0,0.01636417732817614,0.032201405152224825,321.96976022573466
etas_ref,Reference ETAS,19,2020-09-23,0.04,0.04001616104836018,2278,46.0,0.304635761589404,0.695364238410596,0.04001616104836018,0.8974734172275876,7.612818261633012,0.304635761589404,7.612818261633012,0.304635761589404,151.0,0.015830546265328874,0.031167690956979806,321.96976022573466
etas_ref,Reference ETAS,19,2020-09-23,0.05,0.050011418131993605,2847,51.0,0.33774834437086093,0.6622516556291391,0.050011418131993605,0.7961597002692893,6.7534246575342465,0.33774834437086093,6.7534246575342465,0.33774834437086093,151.0,0.01896921975662133,0.03723217421847559,321.96976022573466
etas_ref,Reference ETAS,19,2020-09-23,0.06,0.06000667521562703,3416,57.0,0.37748344370860926,0.6225165562913908,0.06000667521562703,0.741608118657299,6.2906908665105385,0.37748344370860926,6.2906908665105385,0.37748344370860926,151.0,0.022754491017964073,0.04449648711943794,321.96976022573466
etas_ref,Reference ETAS,19,2020-09-23,0.07,0.07000193229926045,3985,63.0,0.41721854304635764,0.5827814569536424,0.07000193229926045,0.7026348808030113,5.960100376411544,0.41721854304635764,5.960100376411544,0.41721854304635764,151.0,0.025344139971696898,0.04943538268506901,321.96976022573466
etas_ref,Reference ETAS,19,2020-09-23,0.08,0.08001475573980713,4555,69.0,0.45695364238410596,0.543046357615894,0.08001475573980713,0.6732528357116722,5.710867178924259,0.45695364238410596,5.710867178924259,0.45695364238410596,151.0,0.03135967394996038,0.06081229418221734,321.96976022573466
etas_ref,Reference ETAS,19,2020-09-23,0.09,0.09001001282344055,5124,72.0,0.4768211920529801,0.5231788079470199,0.09001001282344055,0.6245120999219359,5.297423887587821,0.4768211920529801,5.297423887587821,0.4768211920529801,151.0,0.04008931289962448,0.07708821233411398,321.96976022573466
etas_ref,Reference ETAS,19,2020-09-23,0.1,0.10000526990707397,5693,76.0,0.5033112582781457,0.4966887417218543,0.10000526990707397,0.5933212327029295,5.0328473564026,0.5033112582781457,5.0328473564026,0.5033112582781457,151.0,0.047470101195952165,0.09063762515369753,321.96976022573466
etas_ref,Reference ETAS,20,2020-10-07,0.01,0.010012823440546666,570,22.0,0.1456953642384106,0.8543046357615894,0.010012823440546666,1.7153996101364524,14.550877192982455,0.1456953642384106,14.550877192982455,0.1456953642384106,151.0,0.01876675603217158,0.03684210526315789,692.8006997154491
etas_ref,Reference ETAS,20,2020-10-07,0.02,0.02000808052418009,1139,30.0,0.1986754966887417,0.8013245033112583,0.02000808052418009,1.170617500731636,9.929762949956102,0.1986754966887417,9.929762949956102,0.1986754966887417,151.0,0.013796172674677348,0.027216856892010536,692.8006997154491
etas_ref,Reference ETAS,20,2020-10-07,0.03,0.030003337607813516,1708,40.0,0.26490066225165565,0.7350993377483444,0.030003337607813516,1.0408534998698933,8.829039812646371,0.26490066225165565,8.829039812646371,0.26490066225165565,151.0,0.017272185824895772,0.03395784543325527,692.8006997154491
etas_ref,Reference ETAS,20,2020-10-07,0.04,0.04001616104836018,2278,50.0,0.33112582781456956,0.6688741721854304,0.04001616104836018,0.9755145839430299,8.274802458296753,0.33112582781456956,8.274802458296753,0.33112582781456956,151.0,0.01719133735208752,0.033801580333625986,692.8006997154491
etas_ref,Reference ETAS,20,2020-10-07,0.05,0.050011418131993605,2847,60.0,0.3973509933774834,0.6026490066225165,0.050011418131993605,0.9366584709050462,7.945205479452055,0.3973509933774834,7.945205479452055,0.3973509933774834,151.0,0.020247267514782296,0.039690902704601336,692.8006997154491
etas_ref,Reference ETAS,20,2020-10-07,0.06,0.06000667521562703,3416,68.0,0.4503311258278146,0.5496688741721854,0.06000667521562703,0.8847254748894093,7.504683840749415,0.4503311258278146,7.504683840749415,0.4503311258278146,151.0,0.024287856071964018,0.04742388758782201,692.8006997154491
etas_ref,Reference ETAS,20,2020-10-07,0.07,0.07000193229926045,3985,72.0,0.4768211920529801,0.5231788079470199,0.07000193229926045,0.8030112923462986,6.811543287327479,0.4768211920529801,6.811543287327479,0.4768211920529801,151.0,0.02574002574002574,0.050188205771643665,692.8006997154491
etas_ref,Reference ETAS,20,2020-10-07,0.08,0.08001475573980713,4555,78.0,0.5165562913907285,0.48344370860927155,0.08001475573980713,0.761068422978412,6.455762897914379,0.5165562913907285,6.455762897914379,0.5165562913907285,151.0,0.03264565858082068,0.06322722283205269,692.8006997154491
etas_ref,Reference ETAS,20,2020-10-07,0.09,0.09001001282344055,5124,82.0,0.543046357615894,0.45695364238410596,0.09001001282344055,0.7112498915777604,6.033177205308353,0.543046357615894,6.033177205308353,0.543046357615894,151.0,0.0409344845099035,0.07864949258391882,692.8006997154491
etas_ref,Reference ETAS,20,2020-10-07,0.1,0.10000526990707397,5693,84.0,0.5562913907284768,0.4437086092715232,0.10000526990707397,0.6557760993032379,5.562620762339716,0.5562913907284768,5.562620762339716,0.5562913907284768,151.0,0.04727740986019132,0.09028631652907079,692.8006997154491
etas_ref,Reference ETAS,21,2020-10-21,0.01,0.010012823440546666,570,27.0,0.15517241379310345,0.8448275862068966,0.010012823440546666,2.105263157894737,15.49736842105263,0.15517241379310345,15.49736842105263,0.15517241379310345,174.0,0.021505376344086023,0.042105263157894736,1881.288228657852
etas_ref,Reference ETAS,21,2020-10-21,0.02,0.02000808052418009,1139,38.0,0.21839080459770116,0.7816091954022988,0.02000808052418009,1.4827821675934054,10.915130231196958,0.21839080459770116,10.915130231196958,0.21839080459770116,174.0,0.016057091882247992,0.03160667251975417,1881.288228657852
etas_ref,Reference ETAS,21,2020-10-21,0.03,0.030003337607813516,1708,47.0,0.27011494252873564,0.7298850574712643,0.030003337607813516,1.2230028623471247,9.00282982045277,0.27011494252873564,9.00282982045277,0.27011494252873564,174.0,0.018485390578413835,0.03629976580796253,1881.288228657852
etas_ref,Reference ETAS,21,2020-10-21,0.04,0.04001616104836018,2278,54.0,0.3103448275862069,0.6896551724137931,0.04001616104836018,1.0535557506584723,7.75548726953468,0.3103448275862069,7.75548726953468,0.3103448275862069,174.0,0.017645744918472192,0.03467954345917471,1881.288228657852
etas_ref,Reference ETAS,21,2020-10-21,0.05,0.050011418131993605,2847,63.0,0.3620689655172414,0.6379310344827587,0.050011418131993605,0.9834913944502985,7.239726027397261,0.3620689655172414,7.239726027397261,0.3620689655172414,174.0,0.0200644930132569,0.03933965577801194,1881.288228657852
etas_ref,Reference ETAS,21,2020-10-21,0.06,0.06000667521562703,3416,68.0,0.39080459770114945,0.6091954022988506,0.06000667521562703,0.8847254748894093,6.512685402029665,0.39080459770114945,6.512685402029665,0.39080459770114945,174.0,0.023673958645489962,0.04625292740046839,1881.288228657852
etas_ref,Reference ETAS,21,2020-10-21,0.07,0.07000193229926045,3985,81.0,0.46551724137931033,0.5344827586206897,0.07000193229926045,0.903387703889586,6.650062735257214,0.46551724137931033,6.650062735257214,0.46551724137931033,174.0,0.026268349214524853,0.051191969887076534,1881.288228657852
etas_ref,Reference ETAS,21,2020-10-21,0.08,0.08001475573980713,4555,90.0,0.5172413793103449,0.48275862068965514,0.08001475573980713,0.8781558726673985,6.464324917672887,0.5172413793103449,6.464324917672887,0.5172413793103449,174.0,0.03334845735027223,0.0645444566410538,1881.288228657852
etas_ref,Reference ETAS,21,2020-10-21,0.09,0.09001001282344055,5124,95.0,0.5459770114942529,0.45402298850574707,0.09001001282344055,0.8240090207303321,6.065736403851158,0.5459770114942529,6.065736403851158,0.5459770114942529,174.0,0.041251778093883355,0.07923497267759563,1881.288228657852
etas_ref,Reference ETAS,21,2020-10-21,0.1,0.10000526990707397,5693,98.0,0.5632183908045977,0.4367816091954023,0.10000526990707397,0.7650721158537775,5.63188711282862,0.5632183908045977,5.63188711282862,0.5632183908045977,174.0,0.04775927118800037,0.09116458809063763,1881.288228657852
etas_ref,Reference ETAS,22,2020-11-04,0.01,0.010012823440546666,570,15.0,0.09090909090909091,0.9090909090909091,0.010012823440546666,1.169590643274854,9.0792663476874,0.09090909090909091,9.0792663476874,0.09090909090909091,165.0,0.012433392539964476,0.02456140350877193,674.1511315321119
etas_ref,Reference ETAS,22,2020-11-04,0.02,0.02000808052418009,1139,29.0,0.17575757575757575,0.8242424242424242,0.02000808052418009,1.1315969173739147,8.784329688456115,0.17575757575757575,8.784329688456115,0.17575757575757575,165.0,0.012894619831036016,0.025460930640913083,674.1511315321119
etas_ref,Reference ETAS,22,2020-11-04,0.03,0.030003337607813516,1708,42.0,0.2545454545454545,0.7454545454545455,0.030003337607813516,1.092896174863388,8.483904619970193,0.2545454545454545,8.483904619970193,0.2545454545454545,165.0,0.017878426698450536,0.0351288056206089,674.1511315321119
etas_ref,Reference ETAS,22,2020-11-04,0.04,0.04001616104836018,2278,54.0,0.32727272727272727,0.6727272727272727,0.04001616104836018,1.0535557506584723,8.178513847872935,0.32727272727272727,8.178513847872935,0.32727272727272727,165.0,0.017418490397498883,0.03424056189640035,674.1511315321119
etas_ref,Reference ETAS,22,2020-11-04,0.05,0.050011418131993605,2847,61.0,0.3696969696969697,0.6303030303030304,0.050011418131993605,0.9522694454201303,7.392251279922513,0.3696969696969697,7.392251279922513,0.3696969696969697,165.0,0.02061301308478222,0.04039339655778012,674.1511315321119
etas_ref,Reference ETAS,22,2020-11-04,0.06,0.06000667521562703,3416,64.0,0.3878787878787879,0.6121212121212121,0.06000667521562703,0.8326827998959146,6.4639273295011,0.3878787878787879,6.4639273295011,0.3878787878787879,165.0,0.025517862503752625,0.049765807962529274,674.1511315321119
etas_ref,Reference ETAS,22,2020-11-04,0.07,0.07000193229926045,3985,66.0,0.4,0.6,0.07000193229926045,0.7360936846507737,5.714127979924719,0.4,5.714127979924719,0.4,165.0,0.0252122459480319,0.04918444165621079,674.1511315321119
etas_ref,Reference ETAS,22,2020-11-04,0.08,0.08001475573980713,4555,74.0,0.4484848484848485,0.5515151515151515,0.08001475573980713,0.7220392730820832,5.60502677710142,0.4484848484848485,5.60502677710142,0.4484848484848485,165.0,0.034874474610928095,0.06739846322722283,674.1511315321119
etas_ref,Reference ETAS,22,2020-11-04,0.09,0.09001001282344055,5124,79.0,0.47878787878787876,0.5212121212121212,0.09001001282344055,0.685228554081013,5.319273531568613,0.47878787878787876,5.319273531568613,0.47878787878787876,165.0,0.04167513722301281,0.08001561280249805,674.1511315321119
etas_ref,Reference ETAS,22,2020-11-04,0.1,0.10000526990707397,5693,86.0,0.5212121212121212,0.47878787878787876,0.10000526990707397,0.6713898159533149,5.21184655265105,0.5212121212121212,5.21184655265105,0.5212121212121212,165.0,0.04824157613699134,0.09204285965220446,674.1511315321119
etas_ref,Reference ETAS,23,2020-11-18,0.01,0.010012823440546666,570,23.0,0.12105263157894737,0.8789473684210526,0.010012823440546666,1.7933723196881093,12.089759926131117,0.12105263157894737,12.089759926131117,0.12105263157894737,190.0,0.016042780748663103,0.031578947368421054,1085.9106523328037
etas_ref,Reference ETAS,23,2020-11-18,0.02,0.02000808052418009,1139,36.0,0.18947368421052632,0.8105263157894737,0.02000808052418009,1.404741000877963,9.469858139642346,0.18947368421052632,9.469858139642346,0.18947368421052632,190.0,0.013796172674677348,0.027216856892010536,1085.9106523328037
etas_ref,Reference ETAS,23,2020-11-18,0.03,0.030003337607813516,1708,43.0,0.22631578947368422,0.7736842105263158,0.030003337607813516,1.1189175123601354,7.543020460988537,0.22631578947368422,7.543020460988537,0.22631578947368422,190.0,0.01696933611193808,0.03337236533957846,1085.9106523328037
etas_ref,Reference ETAS,23,2020-11-18,0.04,0.04001616104836018,2278,53.0,0.2789473684210526,0.7210526315789474,0.04001616104836018,1.0340454589796118,6.970867797236727,0.2789473684210526,6.970867797236727,0.2789473684210526,190.0,0.01651048639000446,0.0324846356453029,1085.9106523328037
etas_ref,Reference ETAS,23,2020-11-18,0.05,0.050011418131993605,2847,58.0,0.30526315789473685,0.6947368421052631,0.050011418131993605,0.905436521874878,6.1038692621965875,0.30526315789473685,6.1038692621965875,0.30526315789473685,190.0,0.01933404940923738,0.037934668071654375,1085.9106523328037
etas_ref,Reference ETAS,23,2020-11-18,0.06,0.06000667521562703,3416,75.0,0.39473684210526316,0.6052631578947368,0.06000667521562703,0.975800156128025,6.578215518303956,0.39473684210526316,6.578215518303956,0.39473684210526316,190.0,0.025671821047890706,0.05005854800936768,1085.9106523328037
etas_ref,Reference ETAS,23,2020-11-18,0.07,0.07000193229926045,3985,82.0,0.43157894736842106,0.5684210526315789,0.07000193229926045,0.9145406385055068,6.16524334676088,0.43157894736842106,6.16524334676088,0.43157894736842106,190.0,0.02574002574002574,0.050188205771643665,1085.9106523328037
etas_ref,Reference ETAS,23,2020-11-18,0.08,0.08001475573980713,4555,93.0,0.48947368421052634,0.5105263157894737,0.08001475573980713,0.9074277350896451,6.1172927378820265,0.48947368421052634,6.1172927378820265,0.48947368421052634,190.0,0.03546260513753126,0.06849615806805708,1085.9106523328037
etas_ref,Reference ETAS,23,2020-11-18,0.09,0.09001001282344055,5124,96.0,0.5052631578947369,0.49473684210526314,0.09001001282344055,0.8326827998959146,5.613410575619376,0.5052631578947369,5.613410575619376,0.5052631578947369,190.0,0.042098840756558877,0.08079625292740047,1085.9106523328037
etas_ref,Reference ETAS,23,2020-11-18,0.1,0.10000526990707397,5693,102.0,0.5368421052631579,0.4631578947368421,0.10000526990707397,0.7962995491539318,5.368138156739117,0.5368421052631579,5.368138156739117,0.5368421052631579,190.0,0.048820928518791454,0.09309678552608466,1085.9106523328037
etas_ref,Reference ETAS,24,2020-12-02,0.01,0.010012823440546666,570,38.0,0.19895287958115182,0.8010471204188482,0.010012823440546666,2.9629629629629632,19.86980802792321,0.19895287958115182,19.86980802792321,0.19895287958115182,191.0,0.03167420814479638,0.06140350877192982,145.45507629832719
etas_ref,Reference ETAS,24,2020-12-02,0.02,0.02000808052418009,1139,52.0,0.27225130890052357,0.7277486910994764,0.02000808052418009,2.029070334601502,13.607067832993947,0.27225130890052357,13.607067832993947,0.27225130890052357,191.0,0.021982951996410947,0.04302019315188762,145.45507629832719
etas_ref,Reference ETAS,24,2020-12-02,0.03,0.030003337607813516,1708,64.0,0.33507853403141363,0.6649214659685864,0.030003337607813516,1.6653655997918293,11.16804198290766,0.33507853403141363,11.16804198290766,0.33507853403141363,191.0,0.024287856071964018,0.04742388758782201,145.45507629832719
etas_ref,Reference ETAS,24,2020-12-02,0.04,0.04001616104836018,2278,76.0,0.39790575916230364,0.6020942408376964,0.04001616104836018,1.4827821675934054,9.94362649334173,0.39790575916230364,9.94362649334173,0.39790575916230364,191.0,0.02244165170556553,0.043898156277436345,145.45507629832719
etas_ref,Reference ETAS,24,2020-12-02,0.05,0.050011418131993605,2847,83.0,0.43455497382198954,0.5654450261780104,0.050011418131993605,1.2957108847519805,8.689115207152932,0.43455497382198954,8.689115207152932,0.43455497382198954,191.0,0.024838012958963283,0.04847207586933614,145.45507629832719
etas_ref,Reference ETAS,24,2020-12-02,0.06,0.06000667521562703,3416,86.0,0.450261780104712,0.549738219895288,0.06000667521562703,1.1189175123601354,7.503528207266084,0.450261780104712,7.503528207266084,0.450261780104712,191.0,0.030934057642975705,0.060011709601873534,145.45507629832719
etas_ref,Reference ETAS,24,2020-12-02,0.07,0.07000193229926045,3985,97.0,0.5078534031413613,0.4921465968586387,0.07000193229926045,1.081834657744319,7.2548483514751005,0.5078534031413613,7.2548483514751005,0.5078534031413613,191.0,0.03011503166602042,0.05846925972396487,145.45507629832719
etas_ref,Reference ETAS,24,2020-12-02,0.08,0.08001475573980713,4555,102.0,0.5340314136125655,0.46596858638743455,0.08001475573980713,0.9952433223563849,6.674161642749179,0.5340314136125655,6.674161642749179,0.5340314136125655,191.0,0.03876852907639681,0.07464324917672886,145.45507629832719
etas_ref,Reference ETAS,24,2020-12-02,0.09,0.09001001282344055,5124,111.0,0.581151832460733,0.418848167539267,0.09001001282344055,0.9627894873796513,6.45652427136849,0.581151832460733,6.45652427136849,0.581151832460733,191.0,0.044648318042813454,0.08548009367681499,145.45507629832719
etas_ref,Reference ETAS,24,2020-12-02,0.1,0.10000526990707397,5693,114.0,0.5968586387434555,0.40314136125654454,0.10000526990707397,0.8899818490543943,5.968271865053345,0.5968586387434555,5.968271865053345,0.5968586387434555,191.0,0.05124180592743052,0.09748814333391885,145.45507629832719
etas_ref,Reference ETAS,25,2020-12-16,0.01,0.010012823440546666,570,24.0,0.14457831325301204,0.8554216867469879,0.010012823440546666,1.8713450292397662,14.439315155358274,0.14457831325301204,14.439315155358274,0.14457831325301204,166.0,0.020590868397493287,0.04035087719298246,1201.8451533316074
etas_ref,Reference ETAS,25,2020-12-16,0.02,0.02000808052418009,1139,39.0,0.23493975903614459,0.7650602409638554,0.02000808052418009,1.5218027509511267,11.742243777568572,0.23493975903614459,11.742243777568572,0.23493975903614459,166.0,0.017418490397498883,0.03424056189640035,1201.8451533316074
etas_ref,Reference ETAS,25,2020-12-16,0.03,0.030003337607813516,1708,47.0,0.28313253012048195,0.7168674698795181,0.030003337607813516,1.2230028623471247,9.436701137101098,0.28313253012048195,9.436701137101098,0.28313253012048195,166.0,0.020005971931919976,0.039227166276346606,1201.8451533316074
etas_ref,Reference ETAS,25,2020-12-16,0.04,0.04001616104836018,2278,51.0,0.3072289156626506,0.6927710843373494,0.04001616104836018,0.9950248756218905,7.677620931487143,0.3072289156626506,7.677620931487143,0.3072289156626506,166.0,0.017418490397498883,0.03424056189640035,1201.8451533316074
etas_ref,Reference ETAS,25,2020-12-16,0.05,0.050011418131993605,2847,58.0,0.3493975903614458,0.6506024096385542,0.050011418131993605,0.905436521874878,6.986356384441877,0.3493975903614458,6.986356384441877,0.3493975903614458,166.0,0.021528525296017224,0.04214963119072708,1201.8451533316074
etas_ref,Reference ETAS,25,2020-12-16,0.06,0.06000667521562703,3416,66.0,0.39759036144578314,0.6024096385542168,0.06000667521562703,0.8587041373926619,6.625768883496515,0.39759036144578314,6.625768883496515,0.39759036144578314,166.0,0.02907064316915198,0.05649882903981265,1201.8451533316074
etas_ref,Reference ETAS,25,2020-12-16,0.07,0.07000193229926045,3985,72.0,0.43373493975903615,0.5662650602409638,0.07000193229926045,0.8030112923462986,6.196042387870176,0.43373493975903615,6.196042387870176,0.43373493975903615,166.0,0.027856590147020893,0.054203262233375155,1201.8451533316074
etas_ref,Reference ETAS,25,2020-12-16,0.08,0.08001475573980713,4555,79.0,0.4759036144578313,0.5240963855421688,0.08001475573980713,0.7708257104524943,5.947698147144009,0.4759036144578313,5.947698147144009,0.4759036144578313,166.0,0.037467258854344605,0.07222832052689353,1201.8451533316074
etas_ref,Reference ETAS,25,2020-12-16,0.09,0.09001001282344055,5124,85.0,0.5120481927710844,0.4879518072289156,0.09001001282344055,0.7372712290745077,5.688791465628321,0.5120481927710844,5.688791465628321,0.5120481927710844,166.0,0.04305343511450382,0.08255269320843091,1201.8451533316074
etas_ref,Reference ETAS,25,2020-12-16,0.1,0.10000526990707397,5693,92.0,0.5542168674698795,0.4457831325301205,0.10000526990707397,0.7182309659035463,5.541876622950612,0.5542168674698795,5.541876622950612,0.5542168674698795,166.0,0.05007839158904362,0.09538029158615843,1201.8451533316074
etas_ref,Reference ETAS,26,2020-12-30,0.01,0.010012823440546666,570,27.0,0.16265060240963855,0.8373493975903614,0.010012823440546666,2.105263157894737,16.24422954977806,0.16265060240963855,16.24422954977806,0.16265060240963855,166.0,0.021505376344086023,0.042105263157894736,189.10645539826206
etas_ref,Reference ETAS,26,2020-12-30,0.02,0.02000808052418009,1139,42.0,0.25301204819277107,0.7469879518072289,0.02000808052418009,1.6388645010242902,12.64549329892,0.25301204819277107,12.64549329892,0.25301204819277107,166.0,0.017418490397498883,0.03424056189640035,189.10645539826206
etas_ref,Reference ETAS,26,2020-12-30,0.03,0.030003337607813516,1708,48.0,0.2891566265060241,0.7108433734939759,0.030003337607813516,1.249024199843872,9.637482012358568,0.2891566265060241,9.637482012358568,0.2891566265060241,166.0,0.01909307875894988,0.03747072599531616,189.10645539826206
etas_ref,Reference ETAS,26,2020-12-30,0.04,0.04001616104836018,2278,56.0,0.3373493975903614,0.6626506024096386,0.04001616104836018,1.0925763340161936,8.430328865946667,0.3373493975903614,8.430328865946667,0.3373493975903614,166.0,0.018328118015198926,0.035996488147497806,189.10645539826206
etas_ref,Reference ETAS,26,2020-12-30,0.05,0.050011418131993605,2847,62.0,0.37349397590361444,0.6265060240963856,0.050011418131993605,0.9678804199352143,7.468174066127523,0.37349397590361444,7.468174066127523,0.37349397590361444,166.0,0.021345291479820627,0.04179838426413769,189.10645539826206
etas_ref,Reference ETAS,26,2020-12-30,0.06,0.06000667521562703,3416,70.0,0.42168674698795183,0.5783132530120482,0.06000667521562703,0.9107468123861566,7.027330634011456,0.42168674698795183,7.027330634011456,0.42168674698795183,166.0,0.029691032403918613,0.05766978922716628,189.10645539826206
etas_ref,Reference ETAS,26,2020-12-30,0.07,0.07000193229926045,3985,82.0,0.4939759036144578,0.5060240963855422,0.07000193229926045,0.9145406385055068,7.056603830629922,0.4939759036144578,7.056603830629922,0.4939759036144578,166.0,0.029316802273020793,0.056963613550815556,189.10645539826206
etas_ref,Reference ETAS,26,2020-12-30,0.08,0.08001475573980713,4555,86.0,0.5180722891566265,0.4819277108433735,0.08001475573980713,0.8391267227710697,6.47470937537196,0.5180722891566265,6.47470937537196,0.5180722891566265,166.0,0.040667123600639704,0.07815587266739846,189.10645539826206
etas_ref,Reference ETAS,26,2020-12-30,0.09,0.09001001282344055,5124,94.0,0.5662650602409639,0.4337349397590361,0.09001001282344055,0.8153352415647497,6.291134091400732,0.5662650602409639,6.291134091400732,0.5662650602409639,166.0,0.043584521384928715,0.08352849336455893,189.10645539826206
etas_ref,Reference ETAS,26,2020-12-30,0.1,0.10000526990707397,5693,100.0,0.6024096385542169,0.3975903614457831,0.10000526990707397,0.7806858325038546,6.023778937989796,0.6024096385542169,6.023778937989796,0.6024096385542169,166.0,0.05357638567595077,0.10170384682943966,189.10645539826206
etas_ref,Reference ETAS,27,2021-01-13,0.01,0.010012823440546666,570,16.0,0.09411764705882353,0.9058823529411765,0.010012823440546666,1.2475633528265109,9.39971104231166,0.09411764705882353,9.39971104231166,0.09411764705882353,170.0,0.014234875444839857,0.028070175438596492,2350.8370758071683
etas_ref,Reference ETAS,27,2021-01-13,0.02,0.02000808052418009,1139,34.0,0.2,0.8,0.02000808052418009,1.3266998341625207,9.995961369622476,0.2,9.995961369622476,0.2,170.0,0.016057091882247992,0.03160667251975417,2350.8370758071683
etas_ref,Reference ETAS,27,2021-01-13,0.03,0.030003337607813516,1708,43.0,0.2529411764705882,0.7470588235294118,0.030003337607813516,1.1189175123601354,8.43043463286954,0.2529411764705882,8.43043463286954,0.2529411764705882,170.0,0.018789144050104383,0.036885245901639344,2350.8370758071683
etas_ref,Reference ETAS,27,2021-01-13,0.04,0.04001616104836018,2278,49.0,0.28823529411764703,0.711764705882353,0.04001616104836018,0.9560042922641693,7.202972163404431,0.28823529411764703,7.202972163404431,0.28823529411764703,170.0,0.017873100983020553,0.03511852502194908,2350.8370758071683
etas_ref,Reference ETAS,27,2021-01-13,0.05,0.050011418131993605,2847,61.0,0.3588235294117647,0.6411764705882352,0.050011418131993605,0.9522694454201303,7.174832124630674,0.3588235294117647,7.174832124630674,0.3588235294117647,170.0,0.022262118491921005,0.04355461889708465,2350.8370758071683
etas_ref,Reference ETAS,27,2021-01-13,0.06,0.06000667521562703,3416,65.0,0.38235294117647056,0.6176470588235294,0.06000667521562703,0.8456934686442883,6.37184012949442,0.38235294117647056,6.37184012949442,0.38235294117647056,170.0,0.029691032403918613,0.05766978922716628,2350.8370758071683
etas_ref,Reference ETAS,27,2021-01-13,0.07,0.07000193229926045,3985,74.0,0.43529411764705883,0.5647058823529412,0.07000193229926045,0.8253171615781403,6.218315742859252,0.43529411764705883,6.218315742859252,0.43529411764705883,170.0,0.028918151303898788,0.056210790464240906,2350.8370758071683
etas_ref,Reference ETAS,27,2021-01-13,0.08,0.08001475573980713,4555,81.0,0.4764705882352941,0.5235294117647059,0.08001475573980713,0.7903402854006586,5.954784012397494,0.4764705882352941,5.954784012397494,0.4764705882352941,170.0,0.040667123600639704,0.07815587266739846,2350.8370758071683
etas_ref,Reference ETAS,27,2021-01-13,0.09,0.09001001282344055,5124,84.0,0.49411764705882355,0.5058823529411764,0.09001001282344055,0.7285974499089253,5.489585342333655,0.49411764705882355,5.489585342333655,0.49411764705882355,170.0,0.04326580474396824,0.08294301327088212,2350.8370758071683
etas_ref,Reference ETAS,27,2021-01-13,0.1,0.10000526990707397,5693,89.0,0.5235294117647059,0.4764705882352941,0.10000526990707397,0.6948103909284307,5.235018237050661,0.5235294117647059,5.235018237050661,0.5235294117647059,170.0,0.05221328897514093,0.09924468645705252,2350.8370758071683
etas_ref,Reference ETAS,28,2021-01-27,0.01,0.010012823440546666,570,28.0,0.19310344827586207,0.806896551724138,0.010012823440546666,2.183235867446394,19.28561403508772,0.19310344827586207,19.28561403508772,0.19310344827586207,145.0,0.021505376344086023,0.042105263157894736,807.6931982181791
etas_ref,Reference ETAS,28,2021-01-27,0.02,0.02000808052418009,1139,42.0,0.2896551724137931,0.7103448275862069,0.02000808052418009,1.6388645010242902,14.476909569798071,0.2896551724137931,14.476909569798071,0.2896551724137931,145.0,0.018328118015198926,0.035996488147497806,807.6931982181791
etas_ref,Reference ETAS,28,2021-01-27,0.03,0.030003337607813516,1708,54.0,0.3724137931034483,0.6275862068965516,0.030003337607813516,1.405152224824356,12.41241217798595,0.3724137931034483,12.41241217798595,0.3724137931034483,145.0,0.020615476546160742,0.04039812646370024,807.6931982181791
etas_ref,Reference ETAS,28,2021-01-27,0.04,0.04001616104836018,2278,59.0,0.4068965517241379,0.5931034482758621,0.04001616104836018,1.1511072090527752,10.168305531167691,0.4068965517241379,10.168305531167691,0.4068965517241379,145.0,0.01923937360178971,0.03775241439859526,807.6931982181791
etas_ref,Reference ETAS,28,2021-01-27,0.05,0.050011418131993605,2847,66.0,0.45517241379310347,0.5448275862068965,0.050011418131993605,1.0303243179955508,9.1013698630137,0.45517241379310347,9.1013698630137,0.45517241379310347,145.0,0.02207862143241788,0.04320337197049526,807.6931982181791
etas_ref,Reference ETAS,28,2021-01-27,0.06,0.06000667521562703,3416,69.0,0.47586206896551725,0.5241379310344827,0.06000667521562703,0.897736143637783,7.930152224824356,0.47586206896551725,7.930152224824356,0.47586206896551725,145.0,0.03140096618357488,0.06088992974238876,807.6931982181791
etas_ref,Reference ETAS,28,2021-01-27,0.07,0.07000193229926045,3985,75.0,0.5172413793103449,0.48275862068965514,0.07000193229926045,0.8364700961940611,7.388958594730239,0.5172413793103449,7.388958594730239,0.5172413793103449,145.0,0.029848817676702416,0.05796737766624843,807.6931982181791
etas_ref,Reference ETAS,28,2021-01-27,0.08,0.08001475573980713,4555,79.0,0.5448275862068965,0.45517241379310347,0.08001475573980713,0.7708257104524943,6.809088913282107,0.5448275862068965,6.809088913282107,0.5448275862068965,145.0,0.040667123600639704,0.07815587266739846,807.6931982181791
etas_ref,Reference ETAS,28,2021-01-27,0.09,0.09001001282344055,5124,84.0,0.5793103448275863,0.42068965517241375,0.09001001282344055,0.7285974499089253,6.436065573770492,0.5793103448275863,6.436065573770492,0.5793103448275863,145.0,0.04326580474396824,0.08294301327088212,807.6931982181791
etas_ref,Reference ETAS,28,2021-01-27,0.1,0.10000526990707397,5693,90.0,0.6206896551724138,0.3793103448275862,0.10000526990707397,0.7026172492534691,6.20656947128052,0.6206896551724138,6.20656947128052,0.6206896551724138,145.0,0.05269970414201183,0.10012295801861935,807.6931982181791
etas_ref,Reference ETAS,29,2021-02-10,0.01,0.010012823440546666,570,27.0,0.14516129032258066,0.8548387096774194,0.010012823440546666,2.105263157894737,14.497538200339559,0.14516129032258066,14.497538200339559,0.14516129032258066,186.0,0.02425876010781671,0.04736842105263158,1901.145377219196
etas_ref,Reference ETAS,29,2021-02-10,0.02,0.02000808052418009,1139,42.0,0.22580645161290322,0.7741935483870968,0.02000808052418009,1.6388645010242902,11.285762836670537,0.22580645161290322,11.285762836670537,0.22580645161290322,186.0,0.01923937360178971,0.03775241439859526,1901.145377219196
etas_ref,Reference ETAS,29,2021-02-10,0.03,0.030003337607813516,1708,56.0,0.3010752688172043,0.6989247311827957,0.030003337607813516,1.4571948998178506,10.034725894588401,0.3010752688172043,10.034725894588401,0.3010752688172043,186.0,0.021836673646425366,0.04274004683840749,1901.145377219196
etas_ref,Reference ETAS,29,2021-02-10,0.04,0.04001616104836018,2278,63.0,0.3387096774193548,0.6612903225806452,0.04001616104836018,1.2291483757682178,8.464322127502903,0.3387096774193548,8.464322127502903,0.3387096774193548,186.0,0.02038073908174692,0.03994732221246708,1901.145377219196
etas_ref,Reference ETAS,29,2021-02-10,0.05,0.050011418131993605,2847,69.0,0.3709677419354839,0.6290322580645161,0.050011418131993605,1.077157241540803,7.417660922079835,0.3709677419354839,7.417660922079835,0.3709677419354839,186.0,0.02244568145088885,0.04390586582367404,1901.145377219196
etas_ref,Reference ETAS,29,2021-02-10,0.06,0.06000667521562703,3416,78.0,0.41935483870967744,0.5806451612903225,0.06000667521562703,1.014832162373146,6.988469819445494,0.41935483870967744,6.988469819445494,0.41935483870967744,186.0,0.03202416918429003,0.06206088992974239,1901.145377219196
etas_ref,Reference ETAS,29,2021-02-10,0.07,0.07000193229926045,3985,87.0,0.46774193548387094,0.532258064516129,0.07000193229926045,0.9703053115851109,6.681843202331323,0.46774193548387094,6.681843202331323,0.46774193548387094,186.0,0.030781169167097777,0.05972396486825596,1901.145377219196
etas_ref,Reference ETAS,29,2021-02-10,0.08,0.08001475573980713,4555,100.0,0.5376344086021505,0.4623655913978495,0.08001475573980713,0.9757287474082206,6.719190774642068,0.5376344086021505,6.719190774642068,0.5376344086021505,186.0,0.04209563029055136,0.08079034028540066,1901.145377219196
etas_ref,Reference ETAS,29,2021-02-10,0.09,0.09001001282344055,5124,105.0,0.5645161290322581,0.4354838709677419,0.09001001282344055,0.9107468123861566,6.271703684117751,0.5645161290322581,6.271703684117751,0.5645161290322581,186.0,0.04454184079094894,0.08528493364558938,1901.145377219196
etas_ref,Reference ETAS,29,2021-02-10,0.1,0.10000526990707397,5693,110.0,0.5913978494623656,0.4086021505376344,0.10000526990707397,0.85875441575424,5.913666849876003,0.5913978494623656,5.913666849876003,0.5913978494623656,186.0,0.05416165169891677,0.10275777270331987,1901.145377219196
etas_ref,Reference ETAS,30,2021-02-24,0.01,0.010012823440546666,570,19.0,0.10857142857142857,0.8914285714285715,0.010012823440546666,1.4814814814814816,10.843238095238094,0.10857142857142857,10.843238095238094,0.10857142857142857,175.0,0.01694915254237288,0.03333333333333333,428.51436322626375
etas_ref,Reference ETAS,30,2021-02-24,0.02,0.02000808052418009,1139,39.0,0.22285714285714286,0.7771428571428571,0.02000808052418009,1.5218027509511267,11.13835695472219,0.22285714285714286,11.13835695472219,0.22285714285714286,175.0,0.017418490397498883,0.03424056189640035,428.51436322626375
etas_ref,Reference ETAS,30,2021-02-24,0.03,0.030003337607813516,1708,46.0,0.26285714285714284,0.7371428571428571,0.030003337607813516,1.1969815248503772,8.760930076948812,0.26285714285714284,8.760930076948812,0.26285714285714284,175.0,0.02031063321385902,0.03981264637002342,428.51436322626375
etas_ref,Reference ETAS,30,2021-02-24,0.04,0.04001616104836018,2278,58.0,0.3314285714285714,0.6685714285714286,0.04001616104836018,1.1315969173739147,8.282367991972908,0.3314285714285714,8.282367991972908,0.3314285714285714,175.0,0.020152261531571878,0.03950834064969271,428.51436322626375
etas_ref,Reference ETAS,30,2021-02-24,0.05,0.050011418131993605,2847,69.0,0.3942857142857143,0.6057142857142856,0.050011418131993605,1.077157241540803,7.883913894324854,0.3942857142857143,7.883913894324854,0.3942857142857143,175.0,0.024284943335132217,0.04741833508956796,428.51436322626375
etas_ref,Reference ETAS,30,2021-02-24,0.06,0.06000667521562703,3416,69.0,0.3942857142857143,0.6057142857142856,0.06000667521562703,0.897736143637783,6.570697557711609,0.3942857142857143,6.570697557711609,0.3942857142857143,175.0,0.03186829784020541,0.06176814988290398,428.51436322626375
etas_ref,Reference ETAS,30,2021-02-24,0.07,0.07000193229926045,3985,72.0,0.4114285714285714,0.5885714285714285,0.07000193229926045,0.8030112923462986,5.877388779351138,0.4114285714285714,5.877388779351138,0.4114285714285714,175.0,0.029981907469630396,0.05821831869510665,428.51436322626375
etas_ref,Reference ETAS,30,2021-02-24,0.08,0.08001475573980713,4555,78.0,0.44571428571428573,0.5542857142857143,0.08001475573980713,0.761068422978412,5.570401129057551,0.44571428571428573,5.570401129057551,0.44571428571428573,175.0,0.04090493601462523,0.07859495060373216,428.51436322626375
etas_ref,Reference ETAS,30,2021-02-24,0.09,0.09001001282344055,5124,84.0,0.48,0.52,0.09001001282344055,0.7285974499089253,5.332740046838407,0.48,5.332740046838407,0.48,175.0,0.04337202199144777,0.08313817330210772,428.51436322626375
etas_ref,Reference ETAS,30,2021-02-24,0.1,0.10000526990707397,5693,92.0,0.5257142857142857,0.4742857142857143,0.10000526990707397,0.7182309659035463,5.256865825198866,0.5257142857142857,5.256865825198866,0.5257142857142857,175.0,0.0502721151185315,0.09573160021078518,428.51436322626375
etas_ref,Reference ETAS,31,2021-03-10,0.01,0.010012823440546666,570,24.0,0.13636363636363635,0.8636363636363636,0.010012823440546666,1.8713450292397662,13.618899521531098,0.13636363636363635,13.618899521531098,0.13636363636363635,176.0,0.01967799642218247,0.03859649122807018,2130.3413969053736
etas_ref,Reference ETAS,31,2021-03-10,0.02,0.02000808052418009,1139,36.0,0.20454545454545456,0.7954545454545454,0.02000808052418009,1.404741000877963,10.223142309841169,0.20454545454545456,10.223142309841169,0.20454545454545456,176.0,0.016057091882247992,0.03160667251975417,2130.3413969053736
etas_ref,Reference ETAS,31,2021-03-10,0.03,0.030003337607813516,1708,40.0,0.22727272727272727,0.7727272727272727,0.030003337607813516,1.0408534998698933,7.574914839259101,0.22727272727272727,7.574914839259101,0.22727272727272727,176.0,0.018789144050104383,0.036885245901639344,2130.3413969053736
etas_ref,Reference ETAS,31,2021-03-10,0.04,0.04001616104836018,2278,53.0,0.30113636363636365,0.6988636363636364,0.04001616104836018,1.0340454589796118,7.525368644744194,0.30113636363636365,7.525368644744194,0.30113636363636365,176.0,0.018555779119159403,0.036435469710272166,2130.3413969053736
etas_ref,Reference ETAS,31,2021-03-10,0.05,0.050011418131993605,2847,60.0,0.3409090909090909,0.6590909090909092,0.050011418131993605,0.9366584709050462,6.816625155666251,0.3409090909090909,6.816625155666251,0.3409090909090909,176.0,0.02207862143241788,0.04320337197049526,2130.3413969053736
etas_ref,Reference ETAS,31,2021-03-10,0.06,0.06000667521562703,3416,68.0,0.38636363636363635,0.6136363636363636,0.06000667521562703,0.8847254748894093,6.438677613370236,0.38636363636363635,6.438677613370236,0.38636363636363635,176.0,0.030778515389257695,0.059718969555035126,2130.3413969053736
etas_ref,Reference ETAS,31,2021-03-10,0.07,0.07000193229926045,3985,75.0,0.42613636363636365,0.5738636363636364,0.07000193229926045,0.8364700961940611,6.087494296794799,0.42613636363636365,6.087494296794799,0.42613636363636365,176.0,0.02958274124790079,0.057465495608531994,2130.3413969053736
etas_ref,Reference ETAS,31,2021-03-10,0.08,0.08001475573980713,4555,80.0,0.45454545454545453,0.5454545454545454,0.08001475573980713,0.7805829979265765,5.680770382197385,0.45454545454545453,5.680770382197385,0.45454545454545453,176.0,0.03995433789954338,0.07683863885839737,2130.3413969053736
etas_ref,Reference ETAS,31,2021-03-10,0.09,0.09001001282344055,5124,87.0,0.4943181818181818,0.5056818181818181,0.09001001282344055,0.7546187874056726,5.491813258462848,0.4943181818181818,5.491813258462848,0.4943181818181818,176.0,0.04326580474396824,0.08294301327088212,2130.3413969053736
etas_ref,Reference ETAS,31,2021-03-10,0.1,0.10000526990707397,5693,94.0,0.5340909090909091,0.46590909090909094,0.10000526990707397,0.7338446825536233,5.340627644795044,0.5340909090909091,5.340627644795044,0.5340909090909091,176.0,0.050659776690966135,0.09643421746003865,2130.3413969053736
etas_ref,Reference ETAS,32,2021-03-24,0.01,0.010012823440546666,570,20.0,0.12987012987012986,0.8701298701298701,0.010012823440546666,1.5594541910331385,12.970380496696285,0.12987012987012986,12.970380496696285,0.12987012987012986,154.0,0.017857142857142856,0.03508771929824561,1769.2952452813777
etas_ref,Reference ETAS,32,2021-03-24,0.02,0.02000808052418009,1139,35.0,0.22727272727272727,0.7727272727272727,0.02000808052418009,1.3657204175202418,11.359047010934631,0.22727272727272727,11.359047010934631,0.22727272727272727,154.0,0.01560410164957646,0.030728709394205442,1769.2952452813777
etas_ref,Reference ETAS,32,2021-03-24,0.03,0.030003337607813516,1708,39.0,0.2532467532467532,0.7467532467532467,0.030003337607813516,1.014832162373146,8.440619392317284,0.2532467532467532,8.440619392317284,0.2532467532467532,154.0,0.01818181818181818,0.03571428571428571,1769.2952452813777
etas_ref,Reference ETAS,32,2021-03-24,0.04,0.04001616104836018,2278,51.0,0.33116883116883117,0.6688311688311688,0.04001616104836018,0.9950248756218905,8.27587710796666,0.33116883116883117,8.27587710796666,0.33116883116883117,154.0,0.01923937360178971,0.03775241439859526,1769.2952452813777
etas_ref,Reference ETAS,32,2021-03-24,0.05,0.050011418131993605,2847,57.0,0.37012987012987014,0.6298701298701299,0.050011418131993605,0.8898255473597939,7.4009073118662165,0.37012987012987014,7.4009073118662165,0.37012987012987014,154.0,0.02336448598130841,0.045662100456621,1769.2952452813777
etas_ref,Reference ETAS,32,2021-03-24,0.06,0.06000667521562703,3416,61.0,0.3961038961038961,0.6038961038961039,0.06000667521562703,0.7936507936507936,6.600997217068646,0.3961038961038961,6.600997217068646,0.3961038961038961,154.0,0.031245283018867923,0.06059718969555035,1769.2952452813777
etas_ref,Reference ETAS,32,2021-03-24,0.07,0.07000193229926045,3985,68.0,0.44155844155844154,0.5584415584415585,0.07000193229926045,0.7583995538826154,6.30780361420261,0.44155844155844154,6.30780361420261,0.44155844155844154,154.0,0.03011503166602042,0.05846925972396487,1769.2952452813777
etas_ref,Reference ETAS,32,2021-03-24,0.08,0.08001475573980713,4555,71.0,0.461038961038961,0.538961038961039,0.08001475573980713,0.6927674106598366,5.761924244800205,0.461038961038961,5.761924244800205,0.461038961038961,154.0,0.04007306770179244,0.07705817782656421,1769.2952452813777
etas_ref,Reference ETAS,32,2021-03-24,0.09,0.09001001282344055,5124,77.0,0.5,0.5,0.09001001282344055,0.6678809957498482,5.554937548790008,0.5,5.554937548790008,0.5,154.0,0.043478260869565216,0.08333333333333333,1769.2952452813777
etas_ref,Reference ETAS,32,2021-03-24,0.1,0.10000526990707397,5693,82.0,0.5324675324675324,0.4675324675324676,0.10000526990707397,0.6401623826531608,5.32439473402059,0.5324675324675324,5.32439473402059,0.5324675324675324,154.0,0.050465910139311745,0.09608290883541191,1769.2952452813777
etas_ref,Reference ETAS,33,2021-04-07,0.01,0.010012823440546666,570,25.0,0.176056338028169,0.823943661971831,0.010012823440546666,1.9493177387914231,17.583086236718554,0.176056338028169,17.583086236718554,0.176056338028169,142.0,0.02242152466367713,0.043859649122807015,691.1944165781738
etas_ref,Reference ETAS,33,2021-04-07,0.02,0.02000808052418009,1139,37.0,0.2605633802816901,0.7394366197183099,0.02000808052418009,1.4437615842356843,13.022907418170128,0.2605633802816901,13.022907418170128,0.2605633802816901,142.0,0.017418490397498883,0.03424056189640035,691.1944165781738
etas_ref,Reference ETAS,33,2021-04-07,0.03,0.030003337607813516,1708,43.0,0.3028169014084507,0.6971830985915493,0.030003337607813516,1.1189175123601354,10.092773856252267,0.3028169014084507,10.092773856252267,0.3028169014084507,142.0,0.020005971931919976,0.039227166276346606,691.1944165781738
etas_ref,Reference ETAS,33,2021-04-07,0.04,0.04001616104836018,2278,49.0,0.34507042253521125,0.6549295774647887,0.04001616104836018,0.9560042922641693,8.623276533653192,0.34507042253521125,8.623276533653192,0.34507042253521125,142.0,0.01923937360178971,0.03775241439859526,691.1944165781738
etas_ref,Reference ETAS,33,2021-04-07,0.05,0.050011418131993605,2847,57.0,0.4014084507042254,0.5985915492957746,0.050011418131993605,0.8898255473597939,8.026336098784489,0.4014084507042254,8.026336098784489,0.4014084507042254,142.0,0.023548445083587992,0.0460133473832104,691.1944165781738
etas_ref,Reference ETAS,33,2021-04-07,0.06,0.06000667521562703,3416,61.0,0.4295774647887324,0.5704225352112676,0.06000667521562703,0.7936507936507936,7.1588279678068405,0.4295774647887324,7.1588279678068405,0.4295774647887324,142.0,0.031556696361165634,0.061182669789227165,691.1944165781738
etas_ref,Reference ETAS,33,2021-04-07,0.07,0.07000193229926045,3985,68.0,0.4788732394366197,0.5211267605633803,0.07000193229926045,0.7583995538826154,6.840857440754943,0.4788732394366197,6.840857440754943,0.4788732394366197,142.0,0.030381383322559793,0.05897114178168131,691.1944165781738
etas_ref,Reference ETAS,33,2021-04-07,0.08,0.08001475573980713,4555,71.0,0.5,0.5,0.08001475573980713,0.6927674106598366,6.248847420417124,0.5,6.248847420417124,0.5,142.0,0.040310608655932396,0.07749725576289791,691.1944165781738
etas_ref,Reference ETAS,33,2021-04-07,0.09,0.09001001282344055,5124,76.0,0.5352112676056338,0.46478873239436624,0.09001001282344055,0.6592072165842657,5.946130333916064,0.5352112676056338,5.946130333916064,0.5352112676056338,142.0,0.043478260869565216,0.08333333333333333,691.1944165781738
etas_ref,Reference ETAS,33,2021-04-07,0.1,0.10000526990707397,5693,81.0,0.5704225352112676,0.4295774647887324,0.10000526990707397,0.6323555243281223,5.703924760578225,0.5704225352112676,5.703924760578225,0.5704225352112676,142.0,0.050659776690966135,0.09643421746003865,691.1944165781738
etas_ref,Reference ETAS,34,2021-04-21,0.01,0.010012823440546666,570,18.0,0.10843373493975904,0.891566265060241,0.010012823440546666,1.4035087719298247,10.829486366518706,0.10843373493975904,10.829486366518706,0.10843373493975904,166.0,0.016042780748663103,0.031578947368421054,1809.5847773057956
etas_ref,Reference ETAS,34,2021-04-21,0.02,0.02000808052418009,1139,32.0,0.1927710843373494,0.8072289156626506,0.02000808052418009,1.2486586674470783,9.634661561081906,0.1927710843373494,9.634661561081906,0.1927710843373494,166.0,0.013796172674677348,0.027216856892010536,1809.5847773057956
etas_ref,Reference ETAS,34,2021-04-21,0.03,0.030003337607813516,1708,48.0,0.2891566265060241,0.7108433734939759,0.030003337607813516,1.249024199843872,9.637482012358568,0.2891566265060241,9.637482012358568,0.2891566265060241,166.0,0.02092050209205021,0.040983606557377046,1809.5847773057956
etas_ref,Reference ETAS,34,2021-04-21,0.04,0.04001616104836018,2278,58.0,0.3493975903614458,0.6506024096385542,0.04001616104836018,1.1315969173739147,8.731412039730477,0.3493975903614458,8.731412039730477,0.3493975903614458,166.0,0.020152261531571878,0.03950834064969271,1809.5847773057956
etas_ref,Reference ETAS,34,2021-04-21,0.05,0.050011418131993605,2847,68.0,0.40963855421686746,0.5903614457831325,0.050011418131993605,1.061546267025719,8.190900588655994,0.40963855421686746,8.190900588655994,0.40963855421686746,166.0,0.023916561769465924,0.04671584123638918,1809.5847773057956
etas_ref,Reference ETAS,34,2021-04-21,0.06,0.06000667521562703,3416,76.0,0.4578313253012048,0.5421686746987953,0.06000667521562703,0.9888108248763987,7.629673259783866,0.4578313253012048,7.629673259783866,0.4578313253012048,166.0,0.03186829784020541,0.06176814988290398,1809.5847773057956
etas_ref,Reference ETAS,34,2021-04-21,0.07,0.07000193229926045,3985,84.0,0.5060240963855421,0.49397590361445787,0.07000193229926045,0.9368465077373485,7.228716119181872,0.5060240963855421,7.228716119181872,0.5060240963855421,166.0,0.030781169167097777,0.05972396486825596,1809.5847773057956
etas_ref,Reference ETAS,34,2021-04-21,0.08,0.08001475573980713,4555,89.0,0.536144578313253,0.463855421686747,0.08001475573980713,0.8683985851933163,6.700571330326795,0.536144578313253,6.700571330326795,0.536144578313253,166.0,0.043647611410241725,0.0836443468715697,1809.5847773057956
etas_ref,Reference ETAS,34,2021-04-21,0.09,0.09001001282344055,5124,92.0,0.5542168674698795,0.4457831325301205,0.09001001282344055,0.7979876832335848,6.157280174562418,0.5542168674698795,6.157280174562418,0.5542168674698795,166.0,0.04539426706110374,0.08684621389539422,1809.5847773057956
etas_ref,Reference ETAS,34,2021-04-21,0.1,0.10000526990707397,5693,97.0,0.5843373493975904,0.4156626506024096,0.10000526990707397,0.757265257528739,5.843065569850102,0.5843373493975904,5.843065569850102,0.5843373493975904,166.0,0.053966490789595485,0.10240646407869314,1809.5847773057956
etas_ref,Reference ETAS,35,2021-05-05,0.01,0.010012823440546666,570,18.0,0.10526315789473684,0.8947368421052632,0.010012823440546666,1.4035087719298247,10.512834718374883,0.10526315789473684,10.512834718374883,0.10526315789473684,171.0,0.016042780748663103,0.031578947368421054,562.5871855655558
etas_ref,Reference ETAS,35,2021-05-05,0.02,0.02000808052418009,1139,28.0,0.16374269005847952,0.8362573099415205,0.02000808052418009,1.0925763340161936,8.183828021913138,0.16374269005847952,8.183828021913138,0.16374269005847952,171.0,0.012444444444444444,0.024582967515364356,562.5871855655558
etas_ref,Reference ETAS,35,2021-05-05,0.03,0.030003337607813516,1708,42.0,0.24561403508771928,0.7543859649122807,0.030003337607813516,1.092896174863388,8.18622375611159,0.24561403508771928,8.18622375611159,0.24561403508771928,171.0,0.01909307875894988,0.03747072599531616,562.5871855655558
etas_ref,Reference ETAS,35,2021-05-05,0.04,0.04001616104836018,2278,52.0,0.30409356725146197,0.695906432748538,0.04001616104836018,1.014535167300751,7.599268877490771,0.30409356725146197,7.599268877490771,0.30409356725146197,171.0,0.018783542039355994,0.03687445127304653,562.5871855655558
etas_ref,Reference ETAS,35,2021-05-05,0.05,0.050011418131993605,2847,60.0,0.3508771929824561,0.6491228070175439,0.050011418131993605,0.9366584709050462,7.015941680685732,0.3508771929824561,7.015941680685732,0.3508771929824561,171.0,0.02207862143241788,0.04320337197049526,562.5871855655558
etas_ref,Reference ETAS,35,2021-05-05,0.06,0.06000667521562703,3416,67.0,0.391812865497076,0.6081871345029239,0.06000667521562703,0.8717148061410357,6.529487995946149,0.391812865497076,6.529487995946149,0.391812865497076,171.0,0.03000150761344791,0.058255269320843094,562.5871855655558
etas_ref,Reference ETAS,35,2021-05-05,0.07,0.07000193229926045,3985,70.0,0.4093567251461988,0.5906432748538012,0.07000193229926045,0.780705423114457,5.847791792320617,0.4093567251461988,5.847791792320617,0.4093567251461988,171.0,0.028519809007613885,0.05545796737766625,562.5871855655558
etas_ref,Reference ETAS,35,2021-05-05,0.08,0.08001475573980713,4555,75.0,0.43859649122807015,0.5614035087719298,0.08001475573980713,0.7317965605561654,5.481445105629056,0.43859649122807015,5.481445105629056,0.43859649122807015,171.0,0.0413808870598994,0.07947310647639956,562.5871855655558
etas_ref,Reference ETAS,35,2021-05-05,0.09,0.09001001282344055,5124,81.0,0.47368421052631576,0.5263157894736843,0.09001001282344055,0.702576112412178,5.262572414643165,0.47368421052631576,5.262572414643165,0.47368421052631576,171.0,0.0436908035441491,0.08372365339578454,562.5871855655558
etas_ref,Reference ETAS,35,2021-05-05,0.1,0.10000526990707397,5693,87.0,0.5087719298245614,0.49122807017543857,0.10000526990707397,0.6791966742783535,5.087451194295242,0.5087719298245614,5.087451194295242,0.5087719298245614,171.0,0.052505084119060824,0.09977164939399262,562.5871855655558
etas_ref,Reference ETAS,36,2021-05-19,0.01,0.010012823440546666,570,28.0,0.18181818181818182,0.8181818181818181,0.010012823440546666,2.183235867446394,18.1585326953748,0.18181818181818182,18.1585326953748,0.18181818181818182,154.0,0.02425876010781671,0.04736842105263158,362.52716607908377
etas_ref,Reference ETAS,36,2021-05-19,0.02,0.02000808052418009,1139,39.0,0.2532467532467532,0.7467532467532467,0.02000808052418009,1.5218027509511267,12.657223812184304,0.2532467532467532,12.657223812184304,0.2532467532467532,154.0,0.017418490397498883,0.03424056189640035,362.52716607908377
etas_ref,Reference ETAS,36,2021-05-19,0.03,0.030003337607813516,1708,49.0,0.3181818181818182,0.6818181818181819,0.030003337607813516,1.2750455373406193,10.604880774962743,0.3181818181818182,10.604880774962743,0.3181818181818182,154.0,0.02031063321385902,0.03981264637002342,362.52716607908377
etas_ref,Reference ETAS,36,2021-05-19,0.04,0.04001616104836018,2278,56.0,0.36363636363636365,0.6363636363636364,0.04001616104836018,1.0925763340161936,9.087237608747706,0.36363636363636365,9.087237608747706,0.36363636363636365,154.0,0.019923886277143497,0.03906935908691835,362.52716607908377
etas_ref,Reference ETAS,36,2021-05-19,0.05,0.050011418131993605,2847,60.0,0.38961038961038963,0.6103896103896104,0.050011418131993605,0.9366584709050462,7.790428749332859,0.38961038961038963,7.790428749332859,0.38961038961038963,154.0,0.02244568145088885,0.04390586582367404,362.52716607908377
etas_ref,Reference ETAS,36,2021-05-19,0.06,0.06000667521562703,3416,66.0,0.42857142857142855,0.5714285714285714,0.06000667521562703,0.8587041373926619,7.142062562730009,0.42857142857142855,7.142062562730009,0.42857142857142855,154.0,0.029846246608381068,0.057962529274004686,362.52716607908377
etas_ref,Reference ETAS,36,2021-05-19,0.07,0.07000193229926045,3985,68.0,0.44155844155844154,0.5584415584415585,0.07000193229926045,0.7583995538826154,6.30780361420261,0.44155844155844154,6.30780361420261,0.44155844155844154,154.0,0.027989165484328647,0.054454203262233374,362.52716607908377
etas_ref,Reference ETAS,36,2021-05-19,0.08,0.08001475573980713,4555,73.0,0.474025974025974,0.525974025974026,0.08001475573980713,0.712281985608001,5.924231970005844,0.474025974025974,5.924231970005844,0.474025974025974,154.0,0.0414999428375443,0.0796926454445664,362.52716607908377
etas_ref,Reference ETAS,36,2021-05-19,0.09,0.09001001282344055,5124,77.0,0.5,0.5,0.09001001282344055,0.6678809957498482,5.554937548790008,0.5,5.554937548790008,0.5,154.0,0.043903432820617296,0.08411397345823575,362.52716607908377
etas_ref,Reference ETAS,36,2021-05-19,0.1,0.10000526990707397,5693,81.0,0.525974025974026,0.474025974025974,0.10000526990707397,0.6323555243281223,5.259463090922779,0.525974025974026,5.259463090922779,0.525974025974026,154.0,0.05289439615313483,0.10047426664324609,362.52716607908377
etas_ref,Reference ETAS,37,2021-06-02,0.01,0.010012823440546666,570,20.0,0.13793103448275862,0.8620689655172413,0.010012823440546666,1.5594541910331385,13.775438596491227,0.13793103448275862,13.775438596491227,0.13793103448275862,145.0,0.01694915254237288,0.03333333333333333,1539.1411253664521
etas_ref,Reference ETAS,37,2021-06-02,0.02,0.02000808052418009,1139,31.0,0.21379310344827587,0.7862068965517242,0.02000808052418009,1.209638084089357,10.685338015803337,0.21379310344827587,10.685338015803337,0.21379310344827587,145.0,0.013345195729537367,0.02633889376646181,1539.1411253664521
etas_ref,Reference ETAS,37,2021-06-02,0.03,0.030003337607813516,1708,38.0,0.2620689655172414,0.7379310344827585,0.030003337607813516,0.9888108248763987,8.734660421545668,0.2620689655172414,8.734660421545668,0.2620689655172414,145.0,0.016666666666666666,0.03278688524590164,1539.1411253664521
etas_ref,Reference ETAS,37,2021-06-02,0.04,0.04001616104836018,2278,49.0,0.33793103448275863,0.6620689655172414,0.04001616104836018,0.9560042922641693,8.44486391571554,0.33793103448275863,8.44486391571554,0.33793103448275863,145.0,0.017645744918472192,0.03467954345917471,1539.1411253664521
etas_ref,Reference ETAS,37,2021-06-02,0.05,0.050011418131993605,2847,52.0,0.3586206896551724,0.6413793103448275,0.050011418131993605,0.8117706747843734,7.170776255707763,0.3586206896551724,7.170776255707763,0.3586206896551724,145.0,0.02043010752688172,0.040042149631190724,1539.1411253664521
etas_ref,Reference ETAS,37,2021-06-02,0.06,0.06000667521562703,3416,58.0,0.4,0.6,0.06000667521562703,0.7546187874056727,6.66592505854801,0.4,6.66592505854801,0.4,145.0,0.028296207104154123,0.05503512880562061,1539.1411253664521
etas_ref,Reference ETAS,37,2021-06-02,0.07,0.07000193229926045,3985,63.0,0.43448275862068964,0.5655172413793104,0.07000193229926045,0.7026348808030113,6.2067252195734,0.43448275862068964,6.2067252195734,0.43448275862068964,145.0,0.02692951939183095,0.05244667503136763,1539.1411253664521
etas_ref,Reference ETAS,37,2021-06-02,0.08,0.08001475573980713,4555,70.0,0.4827586206896552,0.5172413793103448,0.08001475573980713,0.6830101231857544,6.033369923161361,0.4827586206896552,6.033369923161361,0.4827586206896552,145.0,0.04102388298480174,0.07881448957189902,1539.1411253664521
etas_ref,Reference ETAS,37,2021-06-02,0.09,0.09001001282344055,5124,72.0,0.496551724137931,0.503448275862069,0.09001001282344055,0.6245120999219359,5.516627634660421,0.496551724137931,5.516627634660421,0.496551724137931,145.0,0.0429472827193161,0.0823575331772053,1539.1411253664521
etas_ref,Reference ETAS,37,2021-06-02,0.1,0.10000526990707397,5693,76.0,0.5241379310344828,0.4758620689655172,0.10000526990707397,0.5933212327029295,5.241103109081329,0.5241379310344828,5.241103109081329,0.5241379310344828,145.0,0.05163018379975986,0.09819076058317232,1539.1411253664521
etas_ref,Reference ETAS,38,2021-06-16,0.01,0.010012823440546666,570,29.0,0.17901234567901234,0.8209876543209876,0.010012823440546666,2.261208576998051,17.878308425384446,0.17901234567901234,17.878308425384446,0.17901234567901234,162.0,0.02333931777378815,0.0456140350877193,985.3786845588677
etas_ref,Reference ETAS,38,2021-06-16,0.02,0.02000808052418009,1139,33.0,0.2037037037037037,0.7962962962962963,0.02000808052418009,1.2876792508047994,10.181071765356226,0.2037037037037037,10.181071765356226,0.2037037037037037,162.0,0.013796172674677348,0.027216856892010536,985.3786845588677
etas_ref,Reference ETAS,38,2021-06-16,0.03,0.030003337607813516,1708,41.0,0.25308641975308643,0.7469135802469136,0.030003337607813516,1.0668748373666406,8.435275537051494,0.25308641975308643,8.435275537051494,0.25308641975308643,162.0,0.017272185824895772,0.03395784543325527,985.3786845588677
etas_ref,Reference ETAS,38,2021-06-16,0.04,0.04001616104836018,2278,49.0,0.30246913580246915,0.6975308641975309,0.04001616104836018,0.9560042922641693,7.55867449246144,0.30246913580246915,7.55867449246144,0.30246913580246915,162.0,0.01719133735208752,0.033801580333625986,985.3786845588677
etas_ref,Reference ETAS,38,2021-06-16,0.05,0.050011418131993605,2847,54.0,0.3333333333333333,0.6666666666666667,0.050011418131993605,0.8429926238145415,6.665144596651445,0.3333333333333333,6.665144596651445,0.3333333333333333,162.0,0.02097902097902098,0.0410958904109589,985.3786845588677
etas_ref,Reference ETAS,38,2021-06-16,0.06,0.06000667521562703,3416,61.0,0.3765432098765432,0.6234567901234568,0.06000667521562703,0.7936507936507936,6.275022045855379,0.3765432098765432,6.275022045855379,0.3765432098765432,162.0,0.029225670382645376,0.056791569086651054,985.3786845588677
etas_ref,Reference ETAS,38,2021-06-16,0.07,0.07000193229926045,3985,67.0,0.41358024691358025,0.5864197530864197,0.07000193229926045,0.7472466192666946,5.908126152082656,0.41358024691358025,5.908126152082656,0.41358024691358025,162.0,0.027989165484328647,0.054454203262233374,985.3786845588677
etas_ref,Reference ETAS,38,2021-06-16,0.08,0.08001475573980713,4555,77.0,0.47530864197530864,0.5246913580246914,0.08001475573980713,0.7513111355043298,5.940262362618747,0.47530864197530864,5.940262362618747,0.47530864197530864,162.0,0.0414999428375443,0.0796926454445664,985.3786845588677
etas_ref,Reference ETAS,38,2021-06-16,0.09,0.09001001282344055,5124,85.0,0.5246913580246914,0.47530864197530864,0.09001001282344055,0.7372712290745077,5.829255452433959,0.5246913580246914,5.829255452433959,0.5246913580246914,162.0,0.04432895139101192,0.08489461358313817,985.3786845588677
etas_ref,Reference ETAS,38,2021-06-16,0.1,0.10000526990707397,5693,92.0,0.5679012345679012,0.4320987654320988,0.10000526990707397,0.7182309659035463,5.678713082776553,0.5679012345679012,5.678713082776553,0.5679012345679012,162.0,0.05474756831866605,0.10381169857720007,985.3786845588677
etas_ref,Reference ETAS,39,2021-06-30,0.01,0.010012823440546666,570,27.0,0.13432835820895522,0.8656716417910448,0.010012823440546666,2.105263157894737,13.415632364493321,0.13432835820895522,13.415632364493321,0.13432835820895522,201.0,0.02425876010781671,0.04736842105263158,1761.7957321954927
etas_ref,Reference ETAS,39,2021-06-30,0.02,0.02000808052418009,1139,40.0,0.19900497512437812,0.8009950248756219,0.02000808052418009,1.5608233343088478,9.946230218529827,0.19900497512437812,9.946230218529827,0.19900497512437812,201.0,0.018328118015198926,0.035996488147497806,1761.7957321954927
etas_ref,Reference ETAS,39,2021-06-30,0.03,0.030003337607813516,1708,51.0,0.2537313432835821,0.7462686567164178,0.030003337607813516,1.327088212334114,8.456770596665384,0.2537313432835821,8.456770596665384,0.2537313432835821,201.0,0.020615476546160742,0.04039812646370024,1761.7957321954927
etas_ref,Reference ETAS,39,2021-06-30,0.04,0.04001616104836018,2278,66.0,0.3283582089552239,0.6716417910447761,0.04001616104836018,1.2876792508047994,8.205639930287107,0.3283582089552239,8.205639930287107,0.3283582089552239,201.0,0.021295673615781215,0.04170324846356453,1761.7957321954927
etas_ref,Reference ETAS,39,2021-06-30,0.05,0.050011418131993605,2847,74.0,0.3681592039800995,0.6318407960199005,0.050011418131993605,1.1552121141162237,7.361502987346373,0.3681592039800995,7.361502987346373,0.3681592039800995,201.0,0.024838012958963283,0.04847207586933614,1761.7957321954927
etas_ref,Reference ETAS,39,2021-06-30,0.06,0.06000667521562703,3416,84.0,0.417910447761194,0.582089552238806,0.06000667521562703,1.092896174863388,6.964399314900905,0.417910447761194,6.964399314900905,0.417910447761194,201.0,0.03327283726557774,0.06440281030444965,1761.7957321954927
etas_ref,Reference ETAS,39,2021-06-30,0.07,0.07000193229926045,3985,92.0,0.4577114427860697,0.5422885572139303,0.07000193229926045,1.026069984664715,6.538554404888981,0.4577114427860697,6.538554404888981,0.4577114427860697,201.0,0.031448168758897374,0.06097867001254705,1761.7957321954927
etas_ref,Reference ETAS,39,2021-06-30,0.08,0.08001475573980713,4555,101.0,0.5024875621890548,0.49751243781094523,0.08001475573980713,0.9854860348823028,6.279936213553528,0.5024875621890548,6.279936213553528,0.5024875621890548,201.0,0.04436547059497879,0.0849615806805708,1761.7957321954927
etas_ref,Reference ETAS,39,2021-06-30,0.09,0.09001001282344055,5124,107.0,0.5323383084577115,0.46766169154228854,0.09001001282344055,0.9280943707173215,5.914212116622197,0.5323383084577115,5.914212116622197,0.5323383084577115,201.0,0.04656862745098039,0.08899297423887588,1761.7957321954927
etas_ref,Reference ETAS,39,2021-06-30,0.1,0.10000526990707397,5693,112.0,0.5572139303482587,0.4427860696517413,0.10000526990707397,0.8743681324043172,5.571845672393347,0.5572139303482587,5.571845672393347,0.5572139303482587,201.0,0.0568034156302209,0.10750043913578078,1761.7957321954927
etas_ref,Reference ETAS,40,2021-07-14,0.01,0.010012823440546666,570,25.0,0.1366120218579235,0.8633879781420765,0.010012823440546666,1.9493177387914231,13.643706260185985,0.1366120218579235,13.643706260185985,0.1366120218579235,183.0,0.020590868397493287,0.04035087719298246,2242.8904414601298
etas_ref,Reference ETAS,40,2021-07-14,0.02,0.02000808052418009,1139,39.0,0.21311475409836064,0.7868852459016393,0.02000808052418009,1.5218027509511267,10.651434246319031,0.21311475409836064,10.651434246319031,0.21311475409836064,183.0,0.016964285714285713,0.033362598770851626,2242.8904414601298
etas_ref,Reference ETAS,40,2021-07-14,0.03,0.030003337607813516,1708,52.0,0.28415300546448086,0.7158469945355191,0.030003337607813516,1.3531095498308614,9.470713197937062,0.28415300546448086,9.470713197937062,0.28415300546448086,183.0,0.01909307875894988,0.03747072599531616,2242.8904414601298
etas_ref,Reference ETAS,40,2021-07-14,0.04,0.04001616104836018,2278,59.0,0.3224043715846995,0.6775956284153005,0.04001616104836018,1.1511072090527752,8.056854109395166,0.3224043715846995,8.056854109395166,0.3224043715846995,183.0,0.019923886277143497,0.03906935908691835,2242.8904414601298
etas_ref,Reference ETAS,40,2021-07-14,0.05,0.050011418131993605,2847,69.0,0.3770491803278688,0.6229508196721312,0.050011418131993605,1.077157241540803,7.5392619208024545,0.3770491803278688,7.5392619208024545,0.3770491803278688,183.0,0.023180592991913745,0.045310853530031614,2242.8904414601298
etas_ref,Reference ETAS,40,2021-07-14,0.06,0.06000667521562703,3416,75.0,0.4098360655737705,0.5901639344262295,0.06000667521562703,0.975800156128025,6.829841248512305,0.4098360655737705,6.829841248512305,0.4098360655737705,183.0,0.031245283018867923,0.06059718969555035,2242.8904414601298
etas_ref,Reference ETAS,40,2021-07-14,0.07,0.07000193229926045,3985,84.0,0.45901639344262296,0.540983606557377,0.07000193229926045,0.9368465077373485,6.557196042536562,0.45901639344262296,6.557196042536562,0.45901639344262296,183.0,0.030248190279214063,0.05872020075282309,2242.8904414601298
etas_ref,Reference ETAS,40,2021-07-14,0.08,0.08001475573980713,4555,95.0,0.5191256830601093,0.4808743169398907,0.08001475573980713,0.9269423100378095,6.4878743709248825,0.5191256830601093,6.4878743709248825,0.5191256830601093,183.0,0.04316958662544372,0.08276619099890231,2242.8904414601298
etas_ref,Reference ETAS,40,2021-07-14,0.09,0.09001001282344055,5124,100.0,0.546448087431694,0.45355191256830596,0.09001001282344055,0.8673779165582444,6.0709699986776045,0.546448087431694,6.0709699986776045,0.546448087431694,183.0,0.04603450035725222,0.08801717408274785,2242.8904414601298
etas_ref,Reference ETAS,40,2021-07-14,0.1,0.10000526990707397,5693,106.0,0.5792349726775956,0.4207650273224044,0.10000526990707397,0.827526982454086,5.792044491413576,0.5792349726775956,5.792044491413576,0.5792349726775956,183.0,0.0568034156302209,0.10750043913578078,2242.8904414601298
etas_ref,Reference ETAS,41,2021-07-28,0.01,0.010012823440546666,570,27.0,0.16167664670658682,0.8383233532934131,0.010012823440546666,2.105263157894737,16.146958714150646,0.16167664670658682,16.146958714150646,0.16167664670658682,167.0,0.02425876010781671,0.04736842105263158,749.5134988478113
etas_ref,Reference ETAS,41,2021-07-28,0.02,0.02000808052418009,1139,34.0,0.20359281437125748,0.7964071856287425,0.02000808052418009,1.3266998341625207,10.175529537939047,0.20359281437125748,10.175529537939047,0.20359281437125748,167.0,0.01560410164957646,0.030728709394205442,749.5134988478113
etas_ref,Reference ETAS,41,2021-07-28,0.03,0.030003337607813516,1708,45.0,0.2694610778443114,0.7305389221556886,0.030003337607813516,1.17096018735363,8.981036755528756,0.2694610778443114,8.981036755528756,0.2694610778443114,167.0,0.017272185824895772,0.03395784543325527,749.5134988478113
etas_ref,Reference ETAS,41,2021-07-28,0.04,0.04001616104836018,2278,60.0,0.3592814371257485,0.6407185628742516,0.04001616104836018,1.170617500731636,8.978408415828572,0.3592814371257485,8.978408415828572,0.3592814371257485,167.0,0.02060931899641577,0.04038630377524144,749.5134988478113
etas_ref,Reference ETAS,41,2021-07-28,0.05,0.050011418131993605,2847,73.0,0.437125748502994,0.562874251497006,0.050011418131993605,1.1396011396011396,8.740518962075848,0.437125748502994,8.740518962075848,0.437125748502994,167.0,0.024469233537243614,0.04776958201615736,749.5134988478113
etas_ref,Reference ETAS,41,2021-07-28,0.06,0.06000667521562703,3416,80.0,0.47904191616766467,0.5209580838323353,0.06000667521562703,1.0408534998698933,7.983143782692227,0.47904191616766467,7.983143782692227,0.47904191616766467,167.0,0.032180087626529685,0.062353629976580796,749.5134988478113
etas_ref,Reference ETAS,41,2021-07-28,0.07,0.07000193229926045,3985,89.0,0.5329341317365269,0.46706586826347307,0.07000193229926045,0.9926111808169525,7.613134584031435,0.5329341317365269,7.613134584031435,0.5329341317365269,167.0,0.030781169167097777,0.05972396486825596,749.5134988478113
etas_ref,Reference ETAS,41,2021-07-28,0.08,0.08001475573980713,4555,95.0,0.5688622754491018,0.43113772455089816,0.08001475573980713,0.9269423100378095,7.10946712502547,0.5688622754491018,7.10946712502547,0.5688622754491018,167.0,0.0434085442675524,0.083205268935236,749.5134988478113
etas_ref,Reference ETAS,41,2021-07-28,0.09,0.09001001282344055,5124,101.0,0.6047904191616766,0.39520958083832336,0.09001001282344055,0.8760516957238268,6.71914601709929,0.6047904191616766,6.71914601709929,0.6047904191616766,167.0,0.04614128215598203,0.08821233411397346,749.5134988478113
etas_ref,Reference ETAS,41,2021-07-28,0.1,0.10000526990707397,5693,104.0,0.6227544910179641,0.3772455089820359,0.10000526990707397,0.8119132658040088,6.227216741644062,0.6227544910179641,6.227216741644062,0.6227544910179641,167.0,0.056509232625034794,0.10697347619884068,749.5134988478113
etas_ref,Reference ETAS,42,2021-08-11,0.01,0.010012823440546666,570,27.0,0.16770186335403728,0.8322981366459627,0.010012823440546666,2.105263157894737,16.748708728342596,0.16770186335403728,16.748708728342596,0.16770186335403728,161.0,0.021505376344086023,0.042105263157894736,423.64469603139713
etas_ref,Reference ETAS,42,2021-08-11,0.02,0.02000808052418009,1139,41.0,0.2546583850931677,0.7453416149068324,0.02000808052418009,1.599843917666569,12.727776899208742,0.2546583850931677,12.727776899208742,0.2546583850931677,161.0,0.016964285714285713,0.033362598770851626,423.64469603139713
etas_ref,Reference ETAS,42,2021-08-11,0.03,0.030003337607813516,1708,52.0,0.32298136645962733,0.6770186335403727,0.030003337607813516,1.3531095498308614,10.764847920636537,0.32298136645962733,10.764847920636537,0.32298136645962733,161.0,0.018789144050104383,0.036885245901639344,423.64469603139713
etas_ref,Reference ETAS,42,2021-08-11,0.04,0.04001616104836018,2278,64.0,0.39751552795031053,0.6024844720496895,0.04001616104836018,1.2486586674470783,9.93387465304097,0.39751552795031053,9.93387465304097,0.39751552795031053,161.0,0.021295673615781215,0.04170324846356453,423.64469603139713
etas_ref,Reference ETAS,42,2021-08-11,0.05,0.050011418131993605,2847,69.0,0.42857142857142855,0.5714285714285714,0.050011418131993605,1.077157241540803,8.569471624266145,0.42857142857142855,8.569471624266145,0.42857142857142855,161.0,0.02336448598130841,0.045662100456621,423.64469603139713
etas_ref,Reference ETAS,42,2021-08-11,0.06,0.06000667521562703,3416,83.0,0.515527950310559,0.484472049689441,0.06000667521562703,1.0798855061150143,8.59117670589262,0.515527950310559,8.59117670589262,0.515527950310559,161.0,0.030778515389257695,0.059718969555035126,423.64469603139713
etas_ref,Reference ETAS,42,2021-08-11,0.07,0.07000193229926045,3985,91.0,0.5652173913043478,0.4347826086956522,0.07000193229926045,1.014917050048794,8.074311275980579,0.5652173913043478,8.074311275980579,0.5652173913043478,161.0,0.029715762273901807,0.05771643663739021,423.64469603139713
etas_ref,Reference ETAS,42,2021-08-11,0.08,0.08001475573980713,4555,95.0,0.5900621118012422,0.40993788819875776,0.08001475573980713,0.9269423100378095,7.374416210430146,0.5900621118012422,7.374416210430146,0.5900621118012422,161.0,0.04305014884359973,0.08254665203073545,423.64469603139713
etas_ref,Reference ETAS,42,2021-08-11,0.09,0.09001001282344055,5124,102.0,0.6335403726708074,0.36645962732919257,0.09001001282344055,0.8847254748894092,7.038554409646966,0.6335403726708074,7.038554409646966,0.6335403726708074,161.0,0.045714285714285714,0.08743169398907104,423.64469603139713
etas_ref,Reference ETAS,42,2021-08-11,0.1,0.10000526990707397,5693,108.0,0.6708074534161491,0.3291925465838509,0.10000526990707397,0.843140699104163,6.707721043495718,0.6708074534161491,6.707721043495718,0.6708074534161491,161.0,0.0568034156302209,0.10750043913578078,423.64469603139713
etas_ref,Reference ETAS,43,2021-08-25,0.01,0.010012823440546666,570,20.0,0.12048192771084337,0.8795180722891567,0.010012823440546666,1.5594541910331385,12.032762629465228,0.12048192771084337,12.032762629465228,0.12048192771084337,166.0,0.016042780748663103,0.031578947368421054,1513.6843100119697
etas_ref,Reference ETAS,43,2021-08-25,0.02,0.02000808052418009,1139,33.0,0.19879518072289157,0.8012048192771084,0.02000808052418009,1.2876792508047994,9.935744734865715,0.19879518072289157,9.935744734865715,0.19879518072289157,166.0,0.013796172674677348,0.027216856892010536,1513.6843100119697
etas_ref,Reference ETAS,43,2021-08-25,0.03,0.030003337607813516,1708,45.0,0.2710843373493976,0.7289156626506024,0.030003337607813516,1.17096018735363,9.035139386586156,0.2710843373493976,9.035139386586156,0.2710843373493976,166.0,0.01696933611193808,0.03337236533957846,1513.6843100119697
etas_ref,Reference ETAS,43,2021-08-25,0.04,0.04001616104836018,2278,49.0,0.29518072289156627,0.7048192771084337,0.04001616104836018,0.9560042922641693,7.376537757703334,0.29518072289156627,7.376537757703334,0.29518072289156627,166.0,0.018100558659217877,0.03555750658472344,1513.6843100119697
etas_ref,Reference ETAS,43,2021-08-25,0.05,0.050011418131993605,2847,60.0,0.3614457831325301,0.6385542168674698,0.050011418131993605,0.9366584709050462,7.2272652252847,0.3614457831325301,7.2272652252847,0.3614457831325301,166.0,0.021528525296017224,0.04214963119072708,1513.6843100119697
etas_ref,Reference ETAS,43,2021-08-25,0.06,0.06000667521562703,3416,65.0,0.39156626506024095,0.608433734939759,0.06000667521562703,0.8456934686442883,6.52537844586778,0.39156626506024095,6.52537844586778,0.39156626506024095,166.0,0.027986758952753536,0.05444964871194379,1513.6843100119697
etas_ref,Reference ETAS,43,2021-08-25,0.07,0.07000193229926045,3985,73.0,0.4397590361445783,0.5602409638554218,0.07000193229926045,0.8141642269622195,6.282098532146151,0.4397590361445783,6.282098532146151,0.4397590361445783,166.0,0.02692951939183095,0.05244667503136763,1513.6843100119697
etas_ref,Reference ETAS,43,2021-08-25,0.08,0.08001475573980713,4555,79.0,0.4759036144578313,0.5240963855421688,0.08001475573980713,0.7708257104524943,5.947698147144009,0.4759036144578313,5.947698147144009,0.4759036144578313,166.0,0.04126185849811407,0.07925356750823272,1513.6843100119697
etas_ref,Reference ETAS,43,2021-08-25,0.09,0.09001001282344055,5124,86.0,0.5180722891566265,0.4819277108433735,0.09001001282344055,0.7459450082400901,5.755718424047478,0.5180722891566265,5.755718424047478,0.5180722891566265,166.0,0.04411614875191034,0.08450429352068696,1513.6843100119697
etas_ref,Reference ETAS,43,2021-08-25,0.1,0.10000526990707397,5693,90.0,0.5421686746987951,0.45783132530120485,0.10000526990707397,0.7026172492534691,5.421401044190816,0.5421686746987951,5.421401044190816,0.5421686746987951,166.0,0.05543196143863552,0.10504127876339364,1513.6843100119697
etas_ref,Reference ETAS,44,2021-09-08,0.01,0.010012823440546666,570,30.0,0.17142857142857143,0.8285714285714285,0.010012823440546666,2.339181286549708,17.1209022556391,0.17142857142857143,17.1209022556391,0.17142857142857143,175.0,0.02702702702702703,0.05263157894736842,502.4541376351761
etas_ref,Reference ETAS,44,2021-09-08,0.02,0.02000808052418009,1139,43.0,0.24571428571428572,0.7542857142857142,0.02000808052418009,1.6778850843820114,12.2807525398219,0.24571428571428572,12.2807525398219,0.24571428571428572,175.0,0.019695613249776187,0.038630377524143986,502.4541376351761
etas_ref,Reference ETAS,44,2021-09-08,0.03,0.030003337607813516,1708,49.0,0.28,0.72,0.030003337607813516,1.2750455373406193,9.332295081967214,0.28,9.332295081967214,0.28,175.0,0.01909307875894988,0.03747072599531616,502.4541376351761
etas_ref,Reference ETAS,44,2021-09-08,0.04,0.04001616104836018,2278,58.0,0.3314285714285714,0.6685714285714286,0.04001616104836018,1.1315969173739147,8.282367991972908,0.3314285714285714,8.282367991972908,0.3314285714285714,175.0,0.019467442380845825,0.038191395961369626,502.4541376351761
etas_ref,Reference ETAS,44,2021-09-08,0.05,0.050011418131993605,2847,66.0,0.37714285714285717,0.6228571428571428,0.050011418131993605,1.0303243179955508,7.541135029354208,0.37714285714285717,7.541135029354208,0.37714285714285717,175.0,0.02336448598130841,0.045662100456621,502.4541376351761
etas_ref,Reference ETAS,44,2021-09-08,0.06,0.06000667521562703,3416,72.0,0.4114285714285714,0.5885714285714285,0.06000667521562703,0.936768149882904,6.856380060220809,0.4114285714285714,6.856380060220809,0.4114285714285714,175.0,0.02907064316915198,0.05649882903981265,502.4541376351761
etas_ref,Reference ETAS,44,2021-09-08,0.07,0.07000193229926045,3985,84.0,0.48,0.52,0.07000193229926045,0.9368465077373485,6.856953575909661,0.48,6.856953575909661,0.48,175.0,0.028519809007613885,0.05545796737766625,502.4541376351761
etas_ref,Reference ETAS,44,2021-09-08,0.08,0.08001475573980713,4555,92.0,0.5257142857142857,0.4742857142857143,0.08001475573980713,0.8976704476155629,6.57021671632429,0.5257142857142857,6.57021671632429,0.5257142857142857,175.0,0.04269199954217695,0.08188803512623491,502.4541376351761
etas_ref,Reference ETAS,44,2021-09-08,0.09,0.09001001282344055,5124,96.0,0.5485714285714286,0.4514285714285714,0.09001001282344055,0.8326827998959146,6.094560053529609,0.5485714285714286,6.094560053529609,0.5485714285714286,175.0,0.04528763769889841,0.08665105386416862,502.4541376351761
etas_ref,Reference ETAS,44,2021-09-08,0.1,0.10000526990707397,5693,103.0,0.5885714285714285,0.4114285714285715,0.10000526990707397,0.8041064074789702,5.8854041303856865,0.5885714285714285,5.8854041303856865,0.5885714285714285,175.0,0.05494301862318169,0.10416300720182681,502.4541376351761
etas_ref,Reference ETAS,45,2021-09-22,0.01,0.010012823440546666,570,30.0,0.14925373134328357,0.8507462686567164,0.010012823440546666,2.339181286549708,14.906258182770356,0.14925373134328357,14.906258182770356,0.14925373134328357,201.0,0.02702702702702703,0.05263157894736842,2404.8546094220433
etas_ref,Reference ETAS,45,2021-09-22,0.02,0.02000808052418009,1139,44.0,0.21890547263681592,0.7810945273631841,0.02000808052418009,1.7169056677397325,10.94085324038281,0.21890547263681592,10.94085324038281,0.21890547263681592,201.0,0.019695613249776187,0.038630377524143986,2404.8546094220433
etas_ref,Reference ETAS,45,2021-09-22,0.03,0.030003337607813516,1708,61.0,0.3034825870646766,0.6965174129353233,0.030003337607813516,1.5873015873015872,10.114960909737029,0.3034825870646766,10.114960909737029,0.3034825870646766,201.0,0.022448368751870697,0.043911007025761124,2404.8546094220433
etas_ref,Reference ETAS,45,2021-09-22,0.04,0.04001616104836018,2278,68.0,0.3383084577114428,0.6616915422885572,0.04001616104836018,1.3266998341625207,8.454295685750354,0.3383084577114428,8.454295685750354,0.3383084577114428,201.0,0.021295673615781215,0.04170324846356453,2404.8546094220433
etas_ref,Reference ETAS,45,2021-09-22,0.05,0.050011418131993605,2847,79.0,0.39303482587064675,0.6069651741293532,0.050011418131993605,1.2332669866916441,7.858901837842749,0.39303482587064675,7.858901837842749,0.39303482587064675,201.0,0.025207057976233346,0.04917456972251493,2404.8546094220433
etas_ref,Reference ETAS,45,2021-09-22,0.06,0.06000667521562703,3416,87.0,0.43283582089552236,0.5671641791044777,0.06000667521562703,1.131928181108509,7.2131278618616514,0.43283582089552236,7.2131278618616514,0.43283582089552236,201.0,0.03140096618357488,0.06088992974238876,2404.8546094220433
etas_ref,Reference ETAS,45,2021-09-22,0.07,0.07000193229926045,3985,96.0,0.47761194029850745,0.5223880597014925,0.07000193229926045,1.0706817231283983,6.822839379014589,0.47761194029850745,6.822839379014589,0.47761194029850745,201.0,0.02958274124790079,0.057465495608531994,2404.8546094220433
etas_ref,Reference ETAS,45,2021-09-22,0.08,0.08001475573980713,4555,99.0,0.4925373134328358,0.5074626865671642,0.08001475573980713,0.9659714599341384,6.155581041007912,0.4925373134328358,6.155581041007912,0.4925373134328358,201.0,0.04328905176362804,0.08298572996706916,2404.8546094220433
etas_ref,Reference ETAS,45,2021-09-22,0.09,0.09001001282344055,5124,110.0,0.5472636815920398,0.45273631840796025,0.09001001282344055,0.9541157082140688,6.080031147929361,0.5472636815920398,6.080031147929361,0.5472636815920398,201.0,0.04624808575803982,0.08840749414519906,2404.8546094220433
etas_ref,Reference ETAS,45,2021-09-22,0.1,0.10000526990707397,5693,121.0,0.6019900497512438,0.3980099502487562,0.10000526990707397,0.9446298573296641,6.0195832710678125,0.6019900497512438,6.0195832710678125,0.6019900497512438,201.0,0.056019291411611945,0.10609520463727384,2404.8546094220433
etas_ref,Reference ETAS,46,2021-10-06,0.01,0.010012823440546666,570,30.0,0.15384615384615385,0.8461538461538461,0.010012823440546666,2.339181286549708,15.364912280701754,0.15384615384615385,15.364912280701754,0.15384615384615385,195.0,0.026102610261026102,0.05087719298245614,708.0927115742576
etas_ref,Reference ETAS,46,2021-10-06,0.02,0.02000808052418009,1139,46.0,0.2358974358974359,0.764102564102564,0.02000808052418009,1.794946834455175,11.790108282118817,0.2358974358974359,11.790108282118817,0.2358974358974359,195.0,0.020152261531571878,0.03950834064969271,708.0927115742576
etas_ref,Reference ETAS,46,2021-10-06,0.03,0.030003337607813516,1708,61.0,0.3128205128205128,0.6871794871794872,0.030003337607813516,1.5873015873015872,10.426190476190476,0.3128205128205128,10.426190476190476,0.3128205128205128,195.0,0.023367285799880167,0.04566744730679157,708.0927115742576
etas_ref,Reference ETAS,46,2021-10-06,0.04,0.04001616104836018,2278,71.0,0.3641025641025641,0.6358974358974359,0.04001616104836018,1.3852307091991025,9.098887913374305,0.3641025641025641,9.098887913374305,0.3641025641025641,195.0,0.021753756447634,0.04258121158911326,708.0927115742576
etas_ref,Reference ETAS,46,2021-10-06,0.05,0.050011418131993605,2847,80.0,0.41025641025641024,0.5897435897435898,0.050011418131993605,1.2488779612067282,8.203254888186395,0.41025641025641024,8.203254888186395,0.41025641025641024,195.0,0.02576112412177986,0.0502283105022831,708.0927115742576
etas_ref,Reference ETAS,46,2021-10-06,0.06,0.06000667521562703,3416,87.0,0.4461538461538462,0.5538461538461539,0.06000667521562703,1.131928181108509,7.435070257611241,0.4461538461538462,7.435070257611241,0.4461538461538462,195.0,0.03202416918429003,0.06206088992974239,708.0927115742576
etas_ref,Reference ETAS,46,2021-10-06,0.07,0.07000193229926045,3985,94.0,0.48205128205128206,0.5179487179487179,0.07000193229926045,1.0483758538965566,6.8862567963195325,0.48205128205128206,6.8862567963195325,0.48205128205128206,195.0,0.030914500064674687,0.05997490589711418,708.0927115742576
etas_ref,Reference ETAS,46,2021-10-06,0.08,0.08001475573980713,4555,104.0,0.5333333333333333,0.4666666666666667,0.08001475573980713,1.0147578973045495,6.665437248444932,0.5333333333333333,6.665437248444932,0.5333333333333333,195.0,0.04376718606782768,0.08386388583973656,708.0927115742576
etas_ref,Reference ETAS,46,2021-10-06,0.09,0.09001001282344055,5124,108.0,0.5538461538461539,0.4461538461538461,0.09001001282344055,0.9367681498829039,6.153161592505855,0.5538461538461539,6.153161592505855,0.5538461538461539,195.0,0.04785276073619632,0.09133489461358314,708.0927115742576
etas_ref,Reference ETAS,46,2021-10-06,0.1,0.10000526990707397,5693,113.0,0.5794871794871795,0.42051282051282046,0.10000526990707397,0.8821749907293557,5.794566426605774,0.5794871794871795,5.794566426605774,0.5794871794871795,195.0,0.054356884896749696,0.1031090813279466,708.0927115742576
etas_ref,Reference ETAS,47,2021-10-20,0.01,0.010012823440546666,570,30.0,0.16483516483516483,0.8351648351648352,0.010012823440546666,2.339181286549708,16.462406015037594,0.16483516483516483,16.462406015037594,0.16483516483516483,182.0,0.026102610261026102,0.05087719298245614,2906.3703668576727
etas_ref,Reference ETAS,47,2021-10-20,0.02,0.02000808052418009,1139,43.0,0.23626373626373626,0.7637362637362637,0.02000808052418009,1.6778850843820114,11.808415903674904,0.23626373626373626,11.808415903674904,0.23626373626373626,182.0,0.01923937360178971,0.03775241439859526,2906.3703668576727
etas_ref,Reference ETAS,47,2021-10-20,0.03,0.030003337607813516,1708,52.0,0.2857142857142857,0.7142857142857143,0.030003337607813516,1.3531095498308614,9.522750083640013,0.2857142857142857,9.522750083640013,0.2857142857142857,182.0,0.02092050209205021,0.040983606557377046,2906.3703668576727
etas_ref,Reference ETAS,47,2021-10-20,0.04,0.04001616104836018,2278,62.0,0.34065934065934067,0.6593406593406593,0.04001616104836018,1.209638084089357,8.513044023579582,0.34065934065934067,8.513044023579582,0.34065934065934067,182.0,0.020152261531571878,0.03950834064969271,2906.3703668576727
etas_ref,Reference ETAS,47,2021-10-20,0.05,0.050011418131993605,2847,72.0,0.3956043956043956,0.6043956043956045,0.050011418131993605,1.1239901650860553,7.910281499322595,0.3956043956043956,7.910281499322595,0.3956043956043956,182.0,0.025207057976233346,0.04917456972251493,2906.3703668576727
etas_ref,Reference ETAS,47,2021-10-20,0.06,0.06000667521562703,3416,79.0,0.4340659340659341,0.5659340659340659,0.06000667521562703,1.0278428311215198,7.233627467380395,0.4340659340659341,7.233627467380395,0.4340659340659341,182.0,0.03108964684575913,0.06030444964871194,2906.3703668576727
etas_ref,Reference ETAS,47,2021-10-20,0.07,0.07000193229926045,3985,88.0,0.4835164835164835,0.5164835164835164,0.07000193229926045,0.9814582462010317,6.907187668040868,0.4835164835164835,6.907187668040868,0.4835164835164835,182.0,0.030514610809412982,0.05922208281053953,2906.3703668576727
etas_ref,Reference ETAS,47,2021-10-20,0.08,0.08001475573980713,4555,93.0,0.510989010989011,0.48901098901098905,0.08001475573980713,0.9074277350896451,6.386184726360357,0.510989010989011,6.386184726360357,0.510989010989011,182.0,0.04281135531135531,0.08210757409440175,2906.3703668576727
etas_ref,Reference ETAS,47,2021-10-20,0.09,0.09001001282344055,5124,95.0,0.521978021978022,0.478021978021978,0.09001001282344055,0.8240090207303321,5.799110627857701,0.521978021978022,5.799110627857701,0.521978021978022,182.0,0.04688936561446522,0.0895784543325527,2906.3703668576727
etas_ref,Reference ETAS,47,2021-10-20,0.1,0.10000526990707397,5693,100.0,0.5494505494505495,0.4505494505494505,0.10000526990707397,0.7806858325038546,5.494215954430254,0.5494505494505495,5.494215954430254,0.5494505494505495,182.0,0.05308916019237884,0.10082557526787282,2906.3703668576727
etas_ref,Reference ETAS,48,2021-11-03,0.01,0.010012823440546666,570,37.0,0.18592964824120603,0.8140703517587939,0.010012823440546666,2.8849902534113063,18.569152781451113,0.18592964824120603,18.569152781451113,0.18592964824120603,199.0,0.03260869565217391,0.06315789473684211,1859.4666484320182
etas_ref,Reference ETAS,48,2021-11-03,0.02,0.02000808052418009,1139,55.0,0.27638190954773867,0.7236180904522613,0.02000808052418009,2.1461320846746657,13.813514455508447,0.27638190954773867,13.813514455508447,0.27638190954773867,199.0,0.024280575539568347,0.04741000877963126,1859.4666484320182
etas_ref,Reference ETAS,48,2021-11-03,0.03,0.030003337607813516,1708,71.0,0.35678391959798994,0.6432160804020101,0.030003337607813516,1.8475149622690605,11.891474350676097,0.35678391959798994,11.891474350676097,0.35678391959798994,199.0,0.025825825825825825,0.05035128805620609,1859.4666484320182
etas_ref,Reference ETAS,48,2021-11-03,0.04,0.04001616104836018,2278,81.0,0.40703517587939697,0.592964824120603,0.04001616104836018,1.5803336259877085,10.171769735419856,0.40703517587939697,10.171769735419856,0.40703517587939697,199.0,0.024741340530814216,0.048287971905179985,1859.4666484320182
etas_ref,Reference ETAS,48,2021-11-03,0.05,0.050011418131993605,2847,88.0,0.44221105527638194,0.5577889447236181,0.050011418131993605,1.3737657573274011,8.842201876964733,0.44221105527638194,8.842201876964733,0.44221105527638194,199.0,0.02650081124932396,0.051633298208640675,1859.4666484320182
etas_ref,Reference ETAS,48,2021-11-03,0.06,0.06000667521562703,3416,98.0,0.49246231155778897,0.507537688442211,0.06000667521562703,1.2750455373406193,8.206792157508856,0.49246231155778897,8.206792157508856,0.49246231155778897,199.0,0.03202416918429003,0.06206088992974239,1859.4666484320182
etas_ref,Reference ETAS,48,2021-11-03,0.07,0.07000193229926045,3985,108.0,0.542713567839196,0.457286432160804,0.07000193229926045,1.204516938519448,7.752836957686804,0.542713567839196,7.752836957686804,0.542713567839196,199.0,0.0325171654359373,0.0629861982434128,1859.4666484320182
etas_ref,Reference ETAS,48,2021-11-03,0.08,0.08001475573980713,4555,114.0,0.5728643216080402,0.42713567839195976,0.08001475573980713,1.1123307720453715,7.159483476658815,0.5728643216080402,7.159483476658815,0.5728643216080402,199.0,0.04257267109178302,0.08166849615806805,1859.4666484320182
etas_ref,Reference ETAS,48,2021-11-03,0.09,0.09001001282344055,5124,121.0,0.6080402010050251,0.3919597989949749,0.09001001282344055,1.0495272790354757,6.755250687473275,0.6080402010050251,6.755250687473275,0.6080402010050251,199.0,0.04785276073619632,0.09133489461358314,1859.4666484320182
etas_ref,Reference ETAS,48,2021-11-03,0.1,0.10000526990707397,5693,128.0,0.6432160804020101,0.35678391959798994,0.10000526990707397,0.9992778656049339,6.431821852985285,0.6432160804020101,6.431821852985285,0.6432160804020101,199.0,0.05211605987802624,0.09906903214473915,1859.4666484320182
etas_ref,Reference ETAS,49,2021-11-17,0.01,0.010012823440546666,570,24.0,0.13259668508287292,0.8674033149171271,0.010012823440546666,1.8713450292397662,13.242686827566152,0.13259668508287292,13.242686827566152,0.13259668508287292,181.0,0.01967799642218247,0.03859649122807018,1466.8245748820732
etas_ref,Reference ETAS,49,2021-11-17,0.02,0.02000808052418009,1139,39.0,0.2154696132596685,0.7845303867403315,0.02000808052418009,1.5218027509511267,10.769129652355707,0.2154696132596685,10.769129652355707,0.2154696132596685,181.0,0.016964285714285713,0.033362598770851626,1466.8245748820732
etas_ref,Reference ETAS,49,2021-11-17,0.03,0.030003337607813516,1708,50.0,0.27624309392265195,0.7237569060773481,0.030003337607813516,1.3010668748373666,9.207078810149184,0.27624309392265195,9.207078810149184,0.27624309392265195,181.0,0.019701492537313434,0.03864168618266979,1466.8245748820732
etas_ref,Reference ETAS,49,2021-11-17,0.04,0.04001616104836018,2278,63.0,0.34806629834254144,0.6519337016574586,0.04001616104836018,1.2291483757682178,8.69814318074884,0.34806629834254144,8.69814318074884,0.34806629834254144,181.0,0.020838001344387184,0.040825285338015806,1466.8245748820732
etas_ref,Reference ETAS,49,2021-11-17,0.05,0.050011418131993605,2847,72.0,0.39779005524861877,0.6022099447513812,0.050011418131993605,1.1239901650860553,7.953984712026035,0.39779005524861877,7.953984712026035,0.39779005524861877,181.0,0.023916561769465924,0.04671584123638918,1466.8245748820732
etas_ref,Reference ETAS,49,2021-11-17,0.06,0.06000667521562703,3416,78.0,0.430939226519337,0.569060773480663,0.06000667521562703,1.014832162373146,7.181521471916364,0.430939226519337,7.181521471916364,0.430939226519337,181.0,0.029380744312189244,0.05708430913348946,1466.8245748820732
etas_ref,Reference ETAS,49,2021-11-17,0.07,0.07000193229926045,3985,85.0,0.4696132596685083,0.5303867403314917,0.07000193229926045,0.9479994423532693,6.708575667038689,0.4696132596685083,6.708575667038689,0.4696132596685083,181.0,0.029449754585378456,0.057214554579673775,1466.8245748820732
etas_ref,Reference ETAS,49,2021-11-17,0.08,0.08001475573980713,4555,95.0,0.5248618784530387,0.47513812154696133,0.08001475573980713,0.9269423100378095,6.559563590493113,0.5248618784530387,6.559563590493113,0.5248618784530387,181.0,0.04042941982640475,0.07771679473106477,1466.8245748820732
etas_ref,Reference ETAS,49,2021-11-17,0.09,0.09001001282344055,5124,100.0,0.5524861878453039,0.4475138121546961,0.09001001282344055,0.8673779165582444,6.138052540099456,0.5524861878453039,6.138052540099456,0.5524861878453039,181.0,0.04603450035725222,0.08801717408274785,1466.8245748820732
etas_ref,Reference ETAS,49,2021-11-17,0.1,0.10000526990707397,5693,113.0,0.6243093922651933,0.37569060773480667,0.10000526990707397,0.8821749907293557,6.242764934741026,0.6243093922651933,6.242764934741026,0.6243093922651933,181.0,0.049981556621173,0.09520463727384507,1466.8245748820732
etas_ref,Reference ETAS,50,2021-12-01,0.01,0.010012823440546666,570,40.0,0.15873015873015872,0.8412698412698413,0.010012823440546666,3.118908382066277,15.852687273739903,0.15873015873015872,15.852687273739903,0.15873015873015872,252.0,0.034482758620689655,0.06666666666666667,969.8067681147636
etas_ref,Reference ETAS,50,2021-12-01,0.02,0.02000808052418009,1139,60.0,0.23809523809523808,0.7619047619047619,0.02000808052418009,2.341235001463272,11.899954011455328,0.23809523809523808,11.899954011455328,0.23809523809523808,252.0,0.026126126126126126,0.050921861281826165,969.8067681147636
etas_ref,Reference ETAS,50,2021-12-01,0.03,0.030003337607813516,1708,75.0,0.2976190476190476,0.7023809523809523,0.030003337607813516,1.95160031225605,9.919531337125013,0.2976190476190476,9.919531337125013,0.2976190476190476,252.0,0.02736842105263158,0.05327868852459016,969.8067681147636
etas_ref,Reference ETAS,50,2021-12-01,0.04,0.04001616104836018,2278,87.0,0.34523809523809523,0.6547619047619048,0.04001616104836018,1.697395376060872,8.627466658305114,0.34523809523809523,8.627466658305114,0.34523809523809523,252.0,0.024741340530814216,0.048287971905179985,969.8067681147636
etas_ref,Reference ETAS,50,2021-12-01,0.05,0.050011418131993605,2847,94.0,0.373015873015873,0.626984126984127,0.050011418131993605,1.4674316044179057,7.458614191490904,0.373015873015873,7.458614191490904,0.373015873015873,252.0,0.025945945945945945,0.0505795574288725,969.8067681147636
etas_ref,Reference ETAS,50,2021-12-01,0.06,0.06000667521562703,3416,100.0,0.3968253968253968,0.6031746031746033,0.06000667521562703,1.3010668748373666,6.613020891416675,0.3968253968253968,6.613020891416675,0.3968253968253968,252.0,0.031556696361165634,0.061182669789227165,969.8067681147636
etas_ref,Reference ETAS,50,2021-12-01,0.07,0.07000193229926045,3985,110.0,0.4365079365079365,0.5634920634920635,0.07000193229926045,1.2268228077512897,6.235655533648006,0.4365079365079365,6.235655533648006,0.4365079365079365,252.0,0.03291861067910835,0.06373902132998745,969.8067681147636
etas_ref,Reference ETAS,50,2021-12-01,0.08,0.08001475573980713,4555,123.0,0.4880952380952381,0.5119047619047619,0.08001475573980713,1.2001463593121113,6.100065338978621,0.4880952380952381,6.100065338978621,0.4880952380952381,252.0,0.03971695959826524,0.07639956092206367,969.8067681147636
etas_ref,Reference ETAS,50,2021-12-01,0.09,0.09001001282344055,5124,133.0,0.5277777777777778,0.4722222222222222,0.09001001282344055,1.153612629022465,5.863545190389453,0.5277777777777778,5.863545190389453,0.5277777777777778,252.0,0.048174286590978825,0.09192037470725996,969.8067681147636
etas_ref,Reference ETAS,50,2021-12-01,0.1,0.10000526990707397,5693,138.0,0.5476190476190477,0.45238095238095233,0.10000526990707397,1.0773464488553195,5.475901901248819,0.5476190476190477,5.475901901248819,0.5476190476190477,252.0,0.05124180592743052,0.09748814333391885,969.8067681147636
etas_ref,Reference ETAS,51,2021-12-15,0.01,0.010012823440546666,570,31.0,0.16666666666666666,0.8333333333333334,0.010012823440546666,2.417153996101365,16.6453216374269,0.16666666666666666,16.6453216374269,0.16666666666666666,186.0,0.02702702702702703,0.05263157894736842,281.28444989740694
etas_ref,Reference ETAS,51,2021-12-15,0.02,0.02000808052418009,1139,45.0,0.24193548387096775,0.7580645161290323,0.02000808052418009,1.7559262510974538,12.091888753575576,0.24193548387096775,12.091888753575576,0.24193548387096775,186.0,0.020152261531571878,0.03950834064969271,281.28444989740694
etas_ref,Reference ETAS,51,2021-12-15,0.03,0.030003337607813516,1708,58.0,0.3118279569892473,0.6881720430107527,0.030003337607813516,1.5092375748113454,10.393108962252272,0.3118279569892473,10.393108962252272,0.3118279569892473,186.0,0.023060796645702306,0.045081967213114756,281.28444989740694
etas_ref,Reference ETAS,51,2021-12-15,0.04,0.04001616104836018,2278,68.0,0.3655913978494624,0.6344086021505376,0.04001616104836018,1.3266998341625207,9.13609372492377,0.3655913978494624,9.13609372492377,0.3655913978494624,186.0,0.021295673615781215,0.04170324846356453,281.28444989740694
etas_ref,Reference ETAS,51,2021-12-15,0.05,0.050011418131993605,2847,74.0,0.3978494623655914,0.6021505376344086,0.050011418131993605,1.1552121141162237,7.955172583100112,0.3978494623655914,7.955172583100112,0.3978494623655914,186.0,0.023732470334412083,0.04636459430979979,281.28444989740694
etas_ref,Reference ETAS,51,2021-12-15,0.06,0.06000667521562703,3416,85.0,0.45698924731182794,0.543010752688172,0.06000667521562703,1.1059068436117616,7.615640187857268,0.45698924731182794,7.615640187857268,0.45698924731182794,186.0,0.030156815440289506,0.0585480093676815,281.28444989740694
etas_ref,Reference ETAS,51,2021-12-15,0.07,0.07000193229926045,3985,89.0,0.478494623655914,0.521505376344086,0.07000193229926045,0.9926111808169525,6.835448793189515,0.478494623655914,6.835448793189515,0.478494623655914,186.0,0.030914500064674687,0.05997490589711418,281.28444989740694
etas_ref,Reference ETAS,51,2021-12-15,0.08,0.08001475573980713,4555,97.0,0.521505376344086,0.478494623655914,0.08001475573980713,0.9464568849859739,6.517615051402807,0.521505376344086,6.517615051402807,0.521505376344086,186.0,0.038176638176638175,0.07354555433589462,281.28444989740694
etas_ref,Reference ETAS,51,2021-12-15,0.09,0.09001001282344055,5124,101.0,0.543010752688172,0.456989247311828,0.09001001282344055,0.8760516957238268,6.032781639008502,0.543010752688172,6.032781639008502,0.543010752688172,186.0,0.04582100214307582,0.08762685402029664,281.28444989740694
etas_ref,Reference ETAS,51,2021-12-15,0.1,0.10000526990707397,5693,108.0,0.5806451612903226,0.4193548387096774,0.10000526990707397,0.843140699104163,5.806145634423713,0.5806451612903226,5.806145634423713,0.5806451612903226,186.0,0.049691158845763805,0.09467767433690497,281.28444989740694
etas_ref,Reference ETAS,52,2021-12-29,0.01,0.010012823440546666,570,24.0,0.11707317073170732,0.8829268292682927,0.010012823440546666,1.8713450292397662,11.69232349165597,0.11707317073170732,11.69232349165597,0.11707317073170732,205.0,0.017857142857142856,0.03508771929824561,1552.3467470978023
etas_ref,Reference ETAS,52,2021-12-29,0.02,0.02000808052418009,1139,42.0,0.2048780487804878,0.7951219512195122,0.02000808052418009,1.6388645010242902,10.239765305466927,0.2048780487804878,10.239765305466927,0.2048780487804878,205.0,0.017418490397498883,0.03424056189640035,1552.3467470978023
etas_ref,Reference ETAS,52,2021-12-29,0.03,0.030003337607813516,1708,53.0,0.25853658536585367,0.7414634146341463,0.030003337607813516,1.3791308873276087,8.616927514708403,0.25853658536585367,8.616927514708403,0.25853658536585367,205.0,0.020615476546160742,0.04039812646370024,1552.3467470978023
etas_ref,Reference ETAS,52,2021-12-29,0.04,0.04001616104836018,2278,68.0,0.33170731707317075,0.6682926829268292,0.04001616104836018,1.3266998341625207,8.289333818711322,0.33170731707317075,8.289333818711322,0.33170731707317075,205.0,0.021524663677130046,0.04214223002633889,1552.3467470978023
etas_ref,Reference ETAS,52,2021-12-29,0.05,0.050011418131993605,2847,76.0,0.37073170731707317,0.6292682926829268,0.050011418131993605,1.1864340631463919,7.412941307495267,0.37073170731707317,7.412941307495267,0.37073170731707317,205.0,0.023180592991913745,0.045310853530031614,1552.3467470978023
etas_ref,Reference ETAS,52,2021-12-29,0.06,0.06000667521562703,3416,83.0,0.40487804878048783,0.5951219512195122,0.06000667521562703,1.0798855061150143,6.747216827554693,0.40487804878048783,6.747216827554693,0.40487804878048783,205.0,0.02736842105263158,0.05327868852459016,1552.3467470978023
etas_ref,Reference ETAS,52,2021-12-29,0.07,0.07000193229926045,3985,89.0,0.43414634146341463,0.5658536585365854,0.07000193229926045,0.9926111808169525,6.201919392845121,0.43414634146341463,6.201919392845121,0.43414634146341463,205.0,0.030514610809412982,0.05922208281053953,1552.3467470978023
etas_ref,Reference ETAS,52,2021-12-29,0.08,0.08001475573980713,4555,92.0,0.44878048780487806,0.551219512195122,0.08001475573980713,0.8976704476155629,5.608721587106102,0.44878048780487806,5.608721587106102,0.44878048780487806,205.0,0.03605140452632776,0.06959385290889133,1552.3467470978023
etas_ref,Reference ETAS,52,2021-12-29,0.09,0.09001001282344055,5124,98.0,0.47804878048780486,0.5219512195121951,0.09001001282344055,0.8500303582270795,5.3110622417699584,0.47804878048780486,5.3110622417699584,0.47804878048780486,205.0,0.04475481700479152,0.08567525370804059,1552.3467470978023
etas_ref,Reference ETAS,52,2021-12-29,0.1,0.10000526990707397,5693,106.0,0.5170731707317073,0.48292682926829267,0.10000526990707397,0.827526982454086,5.170459228920412,0.5170731707317073,5.170459228920412,0.5170731707317073,205.0,0.04949764955295419,0.09432636571227823,1552.3467470978023
etas_ref,Reference ETAS,53,2022-01-12,0.01,0.010012823440546666,570,41.0,0.1943127962085308,0.8056872037914692,0.010012823440546666,3.196881091617934,19.40639394695269,0.1943127962085308,19.40639394695269,0.1943127962085308,211.0,0.03636363636363636,0.07017543859649122,299.5685469468979
etas_ref,Reference ETAS,53,2022-01-12,0.02,0.02000808052418009,1139,60.0,0.2843601895734597,0.7156398104265402,0.02000808052418009,2.341235001463272,14.212267350174137,0.2843601895734597,14.212267350174137,0.2843601895734597,211.0,0.026126126126126126,0.050921861281826165,299.5685469468979
etas_ref,Reference ETAS,53,2022-01-12,0.03,0.030003337607813516,1708,71.0,0.33649289099526064,0.6635071090047393,0.030003337607813516,1.8475149622690605,11.215181970542858,0.33649289099526064,11.215181970542858,0.33649289099526064,211.0,0.02613397416641634,0.050936768149882905,299.5685469468979
etas_ref,Reference ETAS,53,2022-01-12,0.04,0.04001616104836018,2278,78.0,0.3696682464454976,0.6303317535545023,0.04001616104836018,1.5218027509511267,9.237973777613188,0.3696682464454976,9.237973777613188,0.3696682464454976,211.0,0.02405034839289728,0.04697102721685689,299.5685469468979
etas_ref,Reference ETAS,53,2022-01-12,0.05,0.050011418131993605,2847,84.0,0.3981042654028436,0.6018957345971564,0.050011418131993605,1.3113218592670646,7.960267480360969,0.3981042654028436,7.960267480360969,0.3981042654028436,211.0,0.024469233537243614,0.04776958201615736,299.5685469468979
etas_ref,Reference ETAS,53,2022-01-12,0.06,0.06000667521562703,3416,92.0,0.43601895734597157,0.5639810426540284,0.06000667521562703,1.1969815248503772,7.266174234436218,0.43601895734597157,7.266174234436218,0.43601895734597157,211.0,0.02907064316915198,0.05649882903981265,299.5685469468979
etas_ref,Reference ETAS,53,2022-01-12,0.07,0.07000193229926045,3985,99.0,0.46919431279620855,0.5308056872037914,0.07000193229926045,1.1041405269761606,6.702590876925914,0.46919431279620855,6.702590876925914,0.46919431279620855,211.0,0.031448168758897374,0.06097867001254705,299.5685469468979
etas_ref,Reference ETAS,53,2022-01-12,0.08,0.08001475573980713,4555,105.0,0.4976303317535545,0.5023696682464456,0.08001475573980713,1.0245151847786316,6.2192320297990324,0.4976303317535545,6.2192320297990324,0.4976303317535545,211.0,0.03675884829862296,0.07091108671789242,299.5685469468979
etas_ref,Reference ETAS,53,2022-01-12,0.09,0.09001001282344055,5124,111.0,0.5260663507109005,0.47393364928909953,0.09001001282344055,0.9627894873796513,5.844531449437827,0.5260663507109005,5.844531449437827,0.5260663507109005,211.0,0.04539426706110374,0.08684621389539422,299.5685469468979
etas_ref,Reference ETAS,53,2022-01-12,0.1,0.10000526990707397,5693,121.0,0.5734597156398105,0.42654028436018954,0.10000526990707397,0.9446298573296641,5.734294964382134,0.5734597156398105,5.734294964382134,0.5734597156398105,211.0,0.0502721151185315,0.09573160021078518,299.5685469468979
etas_ref,Reference ETAS,54,2022-01-26,0.01,0.010012823440546666,570,26.0,0.14444444444444443,0.8555555555555556,0.010012823440546666,2.0272904483430803,14.42594541910331,0.14444444444444443,14.42594541910331,0.14444444444444443,180.0,0.021505376344086023,0.042105263157894736,2506.2429216927762
etas_ref,Reference ETAS,54,2022-01-26,0.02,0.02000808052418009,1139,38.0,0.2111111111111111,0.7888888888888889,0.02000808052418009,1.4827821675934054,10.551292556823725,0.2111111111111111,10.551292556823725,0.2111111111111111,180.0,0.016057091882247992,0.03160667251975417,2506.2429216927762
etas_ref,Reference ETAS,54,2022-01-26,0.03,0.030003337607813516,1708,45.0,0.25,0.75,0.030003337607813516,1.17096018735363,8.332406323185012,0.25,8.332406323185012,0.25,180.0,0.01818181818181818,0.03571428571428571,2506.2429216927762
etas_ref,Reference ETAS,54,2022-01-26,0.04,0.04001616104836018,2278,57.0,0.31666666666666665,0.6833333333333333,0.04001616104836018,1.1120866256950541,7.913469417617794,0.31666666666666665,7.913469417617794,0.31666666666666665,180.0,0.018555779119159403,0.036435469710272166,2506.2429216927762
etas_ref,Reference ETAS,54,2022-01-26,0.05,0.050011418131993605,2847,66.0,0.36666666666666664,0.6333333333333333,0.050011418131993605,1.0303243179955508,7.33165905631659,0.36666666666666664,7.33165905631659,0.36666666666666664,180.0,0.02097902097902098,0.0410958904109589,2506.2429216927762
etas_ref,Reference ETAS,54,2022-01-26,0.06,0.06000667521562703,3416,71.0,0.39444444444444443,0.6055555555555556,0.06000667521562703,0.9237574811345303,6.573342766068175,0.39444444444444443,6.573342766068175,0.39444444444444443,180.0,0.024902490249024904,0.04859484777517564,2506.2429216927762
etas_ref,Reference ETAS,54,2022-01-26,0.07,0.07000193229926045,3985,77.0,0.42777777777777776,0.5722222222222222,0.07000193229926045,0.8587759654259027,6.110942422975046,0.42777777777777776,6.110942422975046,0.42777777777777776,180.0,0.027856590147020893,0.054203262233375155,2506.2429216927762
etas_ref,Reference ETAS,54,2022-01-26,0.08,0.08001475573980713,4555,84.0,0.4666666666666667,0.5333333333333333,0.08001475573980713,0.8196121478229053,5.832257592389316,0.4666666666666667,5.832257592389316,0.4666666666666667,180.0,0.03416959927347032,0.06608122941822174,2506.2429216927762
etas_ref,Reference ETAS,54,2022-01-26,0.09,0.09001001282344055,5124,86.0,0.4777777777777778,0.5222222222222221,0.09001001282344055,0.7459450082400901,5.3080514355104516,0.4777777777777778,5.3080514355104516,0.4777777777777778,180.0,0.04443538524256013,0.08508977361436378,2506.2429216927762
etas_ref,Reference ETAS,54,2022-01-26,0.1,0.10000526990707397,5693,98.0,0.5444444444444444,0.4555555555555556,0.10000526990707397,0.7650721158537775,5.444157542400999,0.5444444444444444,5.444157542400999,0.5444444444444444,180.0,0.04814507962809537,0.0918672053398911,2506.2429216927762
etas_ref,Reference ETAS,55,2022-02-09,0.01,0.010012823440546666,570,28.0,0.14583333333333334,0.8541666666666666,0.010012823440546666,2.183235867446394,14.564656432748539,0.14583333333333334,14.564656432748539,0.14583333333333334,192.0,0.021505376344086023,0.042105263157894736,1604.8164321153183
etas_ref,Reference ETAS,55,2022-02-09,0.02,0.02000808052418009,1139,38.0,0.19791666666666666,0.8020833333333334,0.02000808052418009,1.4827821675934054,9.891836772022241,0.19791666666666666,9.891836772022241,0.19791666666666666,192.0,0.01560410164957646,0.030728709394205442,1604.8164321153183
etas_ref,Reference ETAS,55,2022-02-09,0.03,0.030003337607813516,1708,49.0,0.2552083333333333,0.7447916666666667,0.030003337607813516,1.2750455373406193,8.505998121584698,0.2552083333333333,8.505998121584698,0.2552083333333333,192.0,0.019701492537313434,0.03864168618266979,1604.8164321153183
etas_ref,Reference ETAS,55,2022-02-09,0.04,0.04001616104836018,2278,54.0,0.28125,0.71875,0.04001616104836018,1.0535557506584723,7.028410338015804,0.28125,7.028410338015804,0.28125,192.0,0.018100558659217877,0.03555750658472344,1604.8164321153183
etas_ref,Reference ETAS,55,2022-02-09,0.05,0.050011418131993605,2847,66.0,0.34375,0.65625,0.050011418131993605,1.0303243179955508,6.873430365296803,0.34375,6.873430365296803,0.34375,192.0,0.020795984223736106,0.040744643484369514,1604.8164321153183
etas_ref,Reference ETAS,55,2022-02-09,0.06,0.06000667521562703,3416,74.0,0.3854166666666667,0.6145833333333333,0.06000667521562703,0.9627894873796513,6.422896540788447,0.3854166666666667,6.422896540788447,0.3854166666666667,192.0,0.025363950172594928,0.049473067915690866,1604.8164321153183
etas_ref,Reference ETAS,55,2022-02-09,0.07,0.07000193229926045,3985,77.0,0.4010416666666667,0.5989583333333333,0.07000193229926045,0.8587759654259027,5.729008521539106,0.4010416666666667,5.729008521539106,0.4010416666666667,192.0,0.027989165484328647,0.054454203262233374,1604.8164321153183
etas_ref,Reference ETAS,55,2022-02-09,0.08,0.08001475573980713,4555,82.0,0.4270833333333333,0.5729166666666667,0.08001475573980713,0.8000975728747408,5.337557171606293,0.4270833333333333,5.337557171606293,0.4270833333333333,192.0,0.03381752156150704,0.06542261251372118,1604.8164321153183
etas_ref,Reference ETAS,55,2022-02-09,0.09,0.09001001282344055,5124,87.0,0.453125,0.546875,0.09001001282344055,0.7546187874056726,5.034162153590945,0.453125,5.034162153590945,0.453125,192.0,0.04432895139101192,0.08489461358313817,1604.8164321153183
etas_ref,Reference ETAS,55,2022-02-09,0.1,0.10000526990707397,5693,94.0,0.4895833333333333,0.5104166666666667,0.10000526990707397,0.7338446825536233,4.895575341062123,0.4895833333333333,4.895575341062123,0.4895833333333333,192.0,0.047855696668507273,0.091340242402951,1604.8164321153183
etas_ref,Reference ETAS,56,2022-02-23,0.01,0.010012823440546666,570,30.0,0.18072289156626506,0.8192771084337349,0.010012823440546666,2.339181286549708,18.049143944197844,0.18072289156626506,18.049143944197844,0.18072289156626506,166.0,0.02425876010781671,0.04736842105263158,2673.1143191599244
etas_ref,Reference ETAS,56,2022-02-23,0.02,0.02000808052418009,1139,44.0,0.26506024096385544,0.7349397590361446,0.02000808052418009,1.7169056677397325,13.24765964648762,0.26506024096385544,13.24765964648762,0.26506024096385544,166.0,0.01923937360178971,0.03775241439859526,2673.1143191599244
etas_ref,Reference ETAS,56,2022-02-23,0.03,0.030003337607813516,1708,54.0,0.3253012048192771,0.6746987951807228,0.030003337607813516,1.405152224824356,10.842167263903388,0.3253012048192771,10.842167263903388,0.3253012048192771,166.0,0.021836673646425366,0.04274004683840749,2673.1143191599244
etas_ref,Reference ETAS,56,2022-02-23,0.04,0.04001616104836018,2278,60.0,0.3614457831325301,0.6385542168674698,0.04001616104836018,1.170617500731636,9.032495213514286,0.3614457831325301,9.032495213514286,0.3614457831325301,166.0,0.019695613249776187,0.038630377524143986,2673.1143191599244
etas_ref,Reference ETAS,56,2022-02-23,0.05,0.050011418131993605,2847,72.0,0.43373493975903615,0.5662650602409638,0.050011418131993605,1.1239901650860553,8.67271827034164,0.43373493975903615,8.67271827034164,0.43373493975903615,166.0,0.023180592991913745,0.045310853530031614,2673.1143191599244
etas_ref,Reference ETAS,56,2022-02-23,0.06,0.06000667521562703,3416,80.0,0.4819277108433735,0.5180722891566265,0.06000667521562703,1.0408534998698933,8.031235010298806,0.4819277108433735,8.031235010298806,0.4819277108433735,166.0,0.02690515556891628,0.052400468384074944,2673.1143191599244
etas_ref,Reference ETAS,56,2022-02-23,0.07,0.07000193229926045,3985,87.0,0.5240963855421686,0.47590361445783136,0.07000193229926045,0.9703053115851109,7.486884552009796,0.5240963855421686,7.486884552009796,0.5240963855421686,166.0,0.03011503166602042,0.05846925972396487,2673.1143191599244
etas_ref,Reference ETAS,56,2022-02-23,0.08,0.08001475573980713,4555,91.0,0.5481927710843374,0.4518072289156626,0.08001475573980713,0.8879131601414807,6.851145966963353,0.5481927710843374,6.851145966963353,0.5481927710843374,166.0,0.0353449255597227,0.06827661909989023,2673.1143191599244
etas_ref,Reference ETAS,56,2022-02-23,0.09,0.09001001282344055,5124,95.0,0.572289156626506,0.42771084337349397,0.09001001282344055,0.8240090207303321,6.358061049819888,0.572289156626506,6.358061049819888,0.572289156626506,166.0,0.04646175839885633,0.08879781420765027,2673.1143191599244
etas_ref,Reference ETAS,56,2022-02-23,0.1,0.10000526990707397,5693,100.0,0.6024096385542169,0.3975903614457831,0.10000526990707397,0.7806858325038546,6.023778937989796,0.6024096385542169,6.023778937989796,0.6024096385542169,166.0,0.04949764955295419,0.09432636571227823,2673.1143191599244
etas_ref,Reference ETAS,57,2022-03-09,0.01,0.010012823440546666,570,20.0,0.10752688172043011,0.8924731182795699,0.010012823440546666,1.5594541910331385,10.73891718543671,0.10752688172043011,10.73891718543671,0.10752688172043011,186.0,0.016042780748663103,0.031578947368421054,277.7999516737279
etas_ref,Reference ETAS,57,2022-03-09,0.02,0.02000808052418009,1139,37.0,0.1989247311827957,0.8010752688172043,0.02000808052418009,1.4437615842356843,9.942219641828807,0.1989247311827957,9.942219641828807,0.1989247311827957,186.0,0.01651048639000446,0.0324846356453029,277.7999516737279
etas_ref,Reference ETAS,57,2022-03-09,0.03,0.030003337607813516,1708,44.0,0.23655913978494625,0.7634408602150538,0.030003337607813516,1.1449388498568827,7.884427488605173,0.23655913978494625,7.884427488605173,0.23655913978494625,186.0,0.018485390578413835,0.03629976580796253,277.7999516737279
etas_ref,Reference ETAS,57,2022-03-09,0.04,0.04001616104836018,2278,52.0,0.27956989247311825,0.7204301075268817,0.04001616104836018,1.014535167300751,6.986424613176999,0.27956989247311825,6.986424613176999,0.27956989247311825,186.0,0.018100558659217877,0.03555750658472344,277.7999516737279
etas_ref,Reference ETAS,57,2022-03-09,0.05,0.050011418131993605,2847,56.0,0.3010752688172043,0.6989247311827957,0.050011418131993605,0.8742145728447097,6.020130603427113,0.3010752688172043,6.020130603427113,0.3010752688172043,186.0,0.02043010752688172,0.040042149631190724,277.7999516737279
etas_ref,Reference ETAS,57,2022-03-09,0.06,0.06000667521562703,3416,66.0,0.3548387096774194,0.6451612903225806,0.06000667521562703,0.8587041373926619,5.91332061645388,0.3548387096774194,5.91332061645388,0.3548387096774194,186.0,0.025825825825825825,0.05035128805620609,277.7999516737279
etas_ref,Reference ETAS,57,2022-03-09,0.07,0.07000193229926045,3985,71.0,0.3817204301075269,0.6182795698924731,0.07000193229926045,0.7918583577303778,5.452998475465793,0.3817204301075269,5.452998475465793,0.3817204301075269,186.0,0.028254418784672945,0.05495608531994981,277.7999516737279
etas_ref,Reference ETAS,57,2022-03-09,0.08,0.08001475573980713,4555,79.0,0.42473118279569894,0.575268817204301,0.08001475573980713,0.7708257104524943,5.3081607119672345,0.42473118279569894,5.3081607119672345,0.42473118279569894,186.0,0.03393485415957326,0.06564215148188804,277.7999516737279
etas_ref,Reference ETAS,57,2022-03-09,0.09,0.09001001282344055,5124,83.0,0.44623655913978494,0.553763440860215,0.09001001282344055,0.7199236707433428,4.957632436016889,0.44623655913978494,4.957632436016889,0.44623655913978494,186.0,0.04528763769889841,0.08665105386416862,277.7999516737279
etas_ref,Reference ETAS,57,2022-03-09,0.1,0.10000526990707397,5693,88.0,0.4731182795698925,0.5268817204301075,0.10000526990707397,0.6870035326033921,4.730933479900803,0.4731182795698925,4.730933479900803,0.4731182795698925,186.0,0.04862773991526985,0.09274547690145793,277.7999516737279
etas_ref,Reference ETAS,58,2022-03-23,0.01,0.010012823440546666,570,37.0,0.18226600985221675,0.8177339901477833,0.010012823440546666,2.8849902534113063,18.203258145363407,0.18226600985221675,18.203258145363407,0.18226600985221675,203.0,0.033544877606527655,0.06491228070175438,1378.1465292068597
etas_ref,Reference ETAS,58,2022-03-23,0.02,0.02000808052418009,1139,47.0,0.2315270935960591,0.7684729064039408,0.02000808052418009,1.8339674178128962,11.571679418035872,0.2315270935960591,11.571679418035872,0.2315270935960591,203.0,0.021524663677130046,0.04214223002633889,1378.1465292068597
etas_ref,Reference ETAS,58,2022-03-23,0.03,0.030003337607813516,1708,61.0,0.30049261083743845,0.6995073891625616,0.030003337607813516,1.5873015873015872,10.01530612244898,0.30049261083743845,10.01530612244898,0.30049261083743845,203.0,0.024902490249024904,0.04859484777517564,1378.1465292068597
etas_ref,Reference ETAS,58,2022-03-23,0.04,0.04001616104836018,2278,73.0,0.35960591133004927,0.6403940886699507,0.04001616104836018,1.4242512925568236,8.986516994857645,0.35960591133004927,8.986516994857645,0.35960591133004927,203.0,0.023820224719101123,0.046532045654082525,1378.1465292068597
etas_ref,Reference ETAS,58,2022-03-23,0.05,0.050011418131993605,2847,83.0,0.4088669950738916,0.5911330049261083,0.050011418131993605,1.2957108847519805,8.175472928897587,0.4088669950738916,8.175472928897587,0.4088669950738916,203.0,0.02650081124932396,0.051633298208640675,1378.1465292068597
etas_ref,Reference ETAS,58,2022-03-23,0.06,0.06000667521562703,3416,92.0,0.45320197044334976,0.5467980295566502,0.06000667521562703,1.1969815248503772,7.552525928404148,0.45320197044334976,7.552525928404148,0.45320197044334976,203.0,0.029535864978902954,0.05737704918032787,1378.1465292068597
etas_ref,Reference ETAS,58,2022-03-23,0.07,0.07000193229926045,3985,99.0,0.4876847290640394,0.5123152709359606,0.07000193229926045,1.1041405269761606,6.966732389317083,0.4876847290640394,6.966732389317083,0.4876847290640394,203.0,0.03265094584089142,0.06323713927227102,1378.1465292068597
etas_ref,Reference ETAS,58,2022-03-23,0.08,0.08001475573980713,4555,108.0,0.5320197044334976,0.46798029556650245,0.08001475573980713,1.0537870472008781,6.649019915320683,0.5320197044334976,6.649019915320683,0.5320197044334976,203.0,0.03687684953334851,0.07113062568605928,1378.1465292068597
etas_ref,Reference ETAS,58,2022-03-23,0.09,0.09001001282344055,5124,113.0,0.5566502463054187,0.4433497536945813,0.09001001282344055,0.9801370457108162,6.184314709490353,0.5566502463054187,6.184314709490353,0.5566502463054187,203.0,0.046782431052093974,0.08938329430132709,1378.1465292068597
etas_ref,Reference ETAS,58,2022-03-23,0.1,0.10000526990707397,5693,123.0,0.6059113300492611,0.3940886699507389,0.10000526990707397,0.9602435739797412,6.058794007678603,0.6059113300492611,6.058794007678603,0.6059113300492611,203.0,0.050465910139311745,0.09608290883541191,1378.1465292068597
etas_ref,Reference ETAS,59,2022-04-06,0.01,0.010012823440546666,570,34.0,0.16267942583732056,0.8373205741626795,0.010012823440546666,2.6510721247563356,16.24710820112482,0.16267942583732056,16.24710820112482,0.16267942583732056,209.0,0.03074141048824593,0.05964912280701754,826.4444983541424
etas_ref,Reference ETAS,59,2022-04-06,0.02,0.02000808052418009,1139,51.0,0.24401913875598086,0.7559808612440191,0.02000808052418009,1.990049751243781,12.196029422266658,0.24401913875598086,12.196029422266658,0.24401913875598086,209.0,0.022900763358778626,0.04477611940298507,826.4444983541424
etas_ref,Reference ETAS,59,2022-04-06,0.03,0.030003337607813516,1708,59.0,0.2822966507177033,0.7177033492822966,0.030003337607813516,1.5352589123080926,9.408841589816568,0.2822966507177033,9.408841589816568,0.2822966507177033,209.0,0.023673958645489962,0.04625292740046839,826.4444983541424
etas_ref,Reference ETAS,59,2022-04-06,0.04,0.04001616104836018,2278,70.0,0.3349282296650718,0.6650717703349283,0.04001616104836018,1.3657204175202418,8.369824113320256,0.3349282296650718,8.369824113320256,0.3349282296650718,209.0,0.02244165170556553,0.043898156277436345,826.4444983541424
etas_ref,Reference ETAS,59,2022-04-06,0.05,0.050011418131993605,2847,78.0,0.37320574162679426,0.6267942583732058,0.050011418131993605,1.21765601217656,7.46241069672937,0.37320574162679426,7.46241069672937,0.37320574162679426,209.0,0.025391680172879523,0.04952581664910432,826.4444983541424
etas_ref,Reference ETAS,59,2022-04-06,0.06,0.06000667521562703,3416,90.0,0.430622009569378,0.569377990430622,0.06000667521562703,1.17096018735363,7.176235110877044,0.430622009569378,7.176235110877044,0.430622009569378,209.0,0.028760728805902726,0.05591334894613583,826.4444983541424
etas_ref,Reference ETAS,59,2022-04-06,0.07,0.07000193229926045,3985,96.0,0.45933014354066987,0.5406698564593302,0.07000193229926045,1.0706817231283983,6.561678063071446,0.45933014354066987,6.561678063071446,0.45933014354066987,209.0,0.0322497085869706,0.06248431618569636,826.4444983541424
etas_ref,Reference ETAS,59,2022-04-06,0.08,0.08001475573980713,4555,103.0,0.49282296650717705,0.507177033492823,0.08001475573980713,1.0050006098304671,6.159151045961376,0.49282296650717705,6.159151045961376,0.49282296650717705,209.0,0.0365229263852543,0.07047200878155872,826.4444983541424
etas_ref,Reference ETAS,59,2022-04-06,0.09,0.09001001282344055,5124,106.0,0.507177033492823,0.49282296650717705,0.09001001282344055,0.919420591551739,5.634673494466419,0.507177033492823,5.634673494466419,0.507177033492823,209.0,0.045714285714285714,0.08743169398907104,826.4444983541424
etas_ref,Reference ETAS,59,2022-04-06,0.1,0.10000526990707397,5693,114.0,0.5454545454545454,0.4545454545454546,0.10000526990707397,0.8899818490543943,5.454258020216215,0.5454545454545454,5.454258020216215,0.5454545454545454,209.0,0.04930421159340153,0.0939750570876515,826.4444983541424
etas_ref,Reference ETAS,60,2022-04-20,0.01,0.010012823440546666,570,31.0,0.15121951219512195,0.848780487804878,0.010012823440546666,2.417153996101365,15.102584510055625,0.15121951219512195,15.102584510055625,0.15121951219512195,205.0,0.026102610261026102,0.05087719298245614,1495.7798145374434
etas_ref,Reference ETAS,60,2022-04-20,0.02,0.02000808052418009,1139,46.0,0.22439024390243903,0.775609756097561,0.02000808052418009,1.794946834455175,11.214981048844729,0.22439024390243903,11.214981048844729,0.22439024390243903,205.0,0.019695613249776187,0.038630377524143986,1495.7798145374434
etas_ref,Reference ETAS,60,2022-04-20,0.03,0.030003337607813516,1708,62.0,0.3024390243902439,0.697560975609756,0.030003337607813516,1.6133229247983347,10.080179356828696,0.3024390243902439,10.080179356828696,0.3024390243902439,205.0,0.024287856071964018,0.04742388758782201,1495.7798145374434
etas_ref,Reference ETAS,60,2022-04-20,0.04,0.04001616104836018,2278,67.0,0.32682926829268294,0.673170731707317,0.04001616104836018,1.3071895424836601,8.167431850789097,0.32682926829268294,8.167431850789097,0.32682926829268294,205.0,0.022900763358778626,0.04477611940298507,1495.7798145374434
etas_ref,Reference ETAS,60,2022-04-20,0.05,0.050011418131993605,2847,76.0,0.37073170731707317,0.6292682926829268,0.050011418131993605,1.1864340631463919,7.412941307495267,0.37073170731707317,7.412941307495267,0.37073170731707317,205.0,0.025022502250225023,0.048823322795925536,1495.7798145374434
etas_ref,Reference ETAS,60,2022-04-20,0.06,0.06000667521562703,3416,83.0,0.40487804878048783,0.5951219512195122,0.06000667521562703,1.0798855061150143,6.747216827554693,0.40487804878048783,6.747216827554693,0.40487804878048783,205.0,0.027677496991576414,0.053864168618266976,1495.7798145374434
etas_ref,Reference ETAS,60,2022-04-20,0.07,0.07000193229926045,3985,90.0,0.43902439024390244,0.5609756097560976,0.07000193229926045,1.0037641154328734,6.271603880405178,0.43902439024390244,6.271603880405178,0.43902439024390244,205.0,0.03238341968911917,0.06273525721455459,1495.7798145374434
etas_ref,Reference ETAS,60,2022-04-20,0.08,0.08001475573980713,4555,96.0,0.4682926829268293,0.5317073170731708,0.08001475573980713,0.9366995975118917,5.8525790474150625,0.4682926829268293,5.8525790474150625,0.4682926829268293,205.0,0.035580311469819256,0.06871569703622393,1495.7798145374434
etas_ref,Reference ETAS,60,2022-04-20,0.09,0.09001001282344055,5124,102.0,0.4975609756097561,0.5024390243902439,0.09001001282344055,0.8847254748894092,5.527840292454447,0.4975609756097561,5.527840292454447,0.4975609756097561,205.0,0.04603450035725222,0.08801717408274785,1495.7798145374434
etas_ref,Reference ETAS,60,2022-04-20,0.1,0.10000526990707397,5693,108.0,0.526829268292683,0.47317073170731705,0.10000526990707397,0.843140699104163,5.2680150634283445,0.526829268292683,5.2680150634283445,0.526829268292683,205.0,0.049787940254471696,0.09485332864921833,1495.7798145374434
etas_ref,Reference ETAS,61,2022-05-04,0.01,0.010012823440546666,570,42.0,0.18584070796460178,0.8141592920353982,0.010012823440546666,3.274853801169591,18.560270144387516,0.18584070796460178,18.560270144387516,0.18584070796460178,226.0,0.034482758620689655,0.06666666666666667,983.3650722064693
etas_ref,Reference ETAS,61,2022-05-04,0.02,0.02000808052418009,1139,57.0,0.252212389380531,0.747787610619469,0.02000808052418009,2.2241732513901082,12.60552650593985,0.252212389380531,12.60552650593985,0.252212389380531,226.0,0.024280575539568347,0.04741000877963126,983.3650722064693
etas_ref,Reference ETAS,61,2022-05-04,0.03,0.030003337607813516,1708,71.0,0.3141592920353982,0.6858407079646018,0.030003337607813516,1.8475149622690605,10.470811485772314,0.3141592920353982,10.470811485772314,0.3141592920353982,226.0,0.027059530968129887,0.05269320843091335,983.3650722064693
etas_ref,Reference ETAS,61,2022-05-04,0.04,0.04001616104836018,2278,83.0,0.3672566371681416,0.6327433628318584,0.04001616104836018,1.6193542093454296,9.177707894675503,0.3672566371681416,9.177707894675503,0.3672566371681416,226.0,0.026126126126126126,0.050921861281826165,983.3650722064693
etas_ref,Reference ETAS,61,2022-05-04,0.05,0.050011418131993605,2847,91.0,0.4026548672566372,0.5973451327433628,0.050011418131993605,1.4205986808726534,8.051258738432942,0.4026548672566372,8.051258738432942,0.4026548672566372,226.0,0.027056277056277056,0.05268703898840885,983.3650722064693
etas_ref,Reference ETAS,61,2022-05-04,0.06,0.06000667521562703,3416,100.0,0.4424778761061947,0.5575221238938053,0.06000667521562703,1.3010668748373666,7.373810905473462,0.4424778761061947,7.373810905473462,0.4424778761061947,226.0,0.02891566265060241,0.05620608899297424,983.3650722064693
etas_ref,Reference ETAS,61,2022-05-04,0.07,0.07000193229926045,3985,109.0,0.4823008849557522,0.5176991150442478,0.07000193229926045,1.2156698731353688,6.88982245367029,0.4823008849557522,6.88982245367029,0.4823008849557522,226.0,0.03372243839169909,0.06524466750313676,983.3650722064693
etas_ref,Reference ETAS,61,2022-05-04,0.08,0.08001475573980713,4555,121.0,0.5353982300884956,0.46460176991150437,0.08001475573980713,1.180631784363947,6.691243697968779,0.5353982300884956,6.691243697968779,0.5353982300884956,226.0,0.03640500568828214,0.07025246981339188,983.3650722064693
etas_ref,Reference ETAS,61,2022-05-04,0.09,0.09001001282344055,5124,123.0,0.5442477876106194,0.4557522123893806,0.09001001282344055,1.0668748373666406,6.0465249424882375,0.5442477876106194,6.0465249424882375,0.5442477876106194,226.0,0.04753143207605029,0.09074941451990633,983.3650722064693
etas_ref,Reference ETAS,61,2022-05-04,0.1,0.10000526990707397,5693,128.0,0.5663716814159292,0.4336283185840708,0.10000526990707397,0.9992778656049339,5.6634183572746535,0.5663716814159292,5.6634183572746535,0.5663716814159292,226.0,0.05056283447130467,0.09625856314772528,983.3650722064693
etas_ref,Reference ETAS,62,2022-05-18,0.01,0.010012823440546666,570,43.0,0.20673076923076922,0.7932692307692308,0.010012823440546666,3.352826510721248,20.64660087719298,0.20673076923076922,20.64660087719298,0.20673076923076922,208.0,0.035422343324250684,0.06842105263157895,485.1314463837002
etas_ref,Reference ETAS,62,2022-05-18,0.02,0.02000808052418009,1139,59.0,0.28365384615384615,0.7163461538461539,0.02000808052418009,2.3022144181055504,14.176964442493416,0.28365384615384615,14.176964442493416,0.28365384615384615,208.0,0.025202520252025202,0.04916593503072871,485.1314463837002
etas_ref,Reference ETAS,62,2022-05-18,0.03,0.030003337607813516,1708,71.0,0.34134615384615385,0.6586538461538461,0.030003337607813516,1.8475149622690605,11.376939402810304,0.34134615384615385,11.376939402810304,0.34134615384615385,208.0,0.02675082657048392,0.052107728337236536,485.1314463837002
etas_ref,Reference ETAS,62,2022-05-18,0.04,0.04001616104836018,2278,81.0,0.3894230769230769,0.6105769230769231,0.04001616104836018,1.5803336259877085,9.731645083406498,0.3894230769230769,9.731645083406498,0.3894230769230769,208.0,0.027282976324689966,0.05311676909569798,485.1314463837002
etas_ref,Reference ETAS,62,2022-05-18,0.05,0.050011418131993605,2847,90.0,0.4326923076923077,0.5673076923076923,0.050011418131993605,1.4049877063575693,8.651870389884088,0.4326923076923077,8.651870389884088,0.4326923076923077,208.0,0.026871055004508565,0.05233579206181946,485.1314463837002
etas_ref,Reference ETAS,62,2022-05-18,0.06,0.06000667521562703,3416,99.0,0.47596153846153844,0.5240384615384616,0.06000667521562703,1.288056206088993,7.931809865339578,0.47596153846153844,7.931809865339578,0.47596153846153844,208.0,0.028760728805902726,0.05591334894613583,485.1314463837002
etas_ref,Reference ETAS,62,2022-05-18,0.07,0.07000193229926045,3985,106.0,0.5096153846153846,0.4903846153846154,0.07000193229926045,1.1822110692876064,7.2800188205771645,0.5096153846153846,7.2800188205771645,0.5096153846153846,208.0,0.03412482159076165,0.06599749058971142,485.1314463837002
etas_ref,Reference ETAS,62,2022-05-18,0.08,0.08001475573980713,4555,116.0,0.5576923076923077,0.4423076923076923,0.08001475573980713,1.131845346993536,6.9698682766191,0.5576923076923077,6.9698682766191,0.5576923076923077,208.0,0.0365229263852543,0.07047200878155872,485.1314463837002
etas_ref,Reference ETAS,62,2022-05-18,0.09,0.09001001282344055,5124,122.0,0.5865384615384616,0.41346153846153844,0.09001001282344055,1.0582010582010581,6.5163690476190474,0.5865384615384616,6.5163690476190474,0.5865384615384616,208.0,0.046782431052093974,0.08938329430132709,485.1314463837002
etas_ref,Reference ETAS,62,2022-05-18,0.1,0.10000526990707397,5693,125.0,0.6009615384615384,0.39903846153846156,0.10000526990707397,0.9758572906298183,6.009298700158089,0.6009615384615384,6.009298700158089,0.6009615384615384,208.0,0.04949764955295419,0.09432636571227823,485.1314463837002
etas_ref,Reference ETAS,63,2022-06-01,0.01,0.010012823440546666,570,36.0,0.17061611374407584,0.8293838862559242,0.010012823440546666,2.8070175438596494,17.03976053878773,0.17061611374407584,17.03976053878773,0.17061611374407584,211.0,0.03074141048824593,0.05964912280701754,334.62904835540616
etas_ref,Reference ETAS,63,2022-06-01,0.02,0.02000808052418009,1139,46.0,0.21800947867298578,0.7819905213270142,0.02000808052418009,1.794946834455175,10.896071635133506,0.21800947867298578,10.896071635133506,0.21800947867298578,211.0,0.019695613249776187,0.038630377524143986,334.62904835540616
etas_ref,Reference ETAS,63,2022-06-01,0.03,0.030003337607813516,1708,62.0,0.2938388625592417,0.7061611374407584,0.030003337607813516,1.6133229247983347,9.793539185544468,0.2938388625592417,9.793539185544468,0.2938388625592417,211.0,0.023060796645702306,0.045081967213114756,334.62904835540616
etas_ref,Reference ETAS,63,2022-06-01,0.04,0.04001616104836018,2278,75.0,0.35545023696682465,0.6445497630331753,0.04001616104836018,1.4632718759145449,8.882667093858835,0.35545023696682465,8.882667093858835,0.35545023696682465,211.0,0.024741340530814216,0.048287971905179985,334.62904835540616
etas_ref,Reference ETAS,63,2022-06-01,0.05,0.050011418131993605,2847,83.0,0.3933649289099526,0.6066350710900474,0.050011418131993605,1.2957108847519805,7.865502391309053,0.3933649289099526,7.865502391309053,0.3933649289099526,211.0,0.024653590066582687,0.04812082894274675,334.62904835540616
etas_ref,Reference ETAS,63,2022-06-01,0.06,0.06000667521562703,3416,95.0,0.45023696682464454,0.5497630331753555,0.06000667521562703,1.2360135310954983,7.503114698602617,0.45023696682464454,7.503114698602617,0.45023696682464454,211.0,0.027059530968129887,0.05269320843091335,334.62904835540616
etas_ref,Reference ETAS,63,2022-06-01,0.07,0.07000193229926045,3985,99.0,0.46919431279620855,0.5308056872037914,0.07000193229926045,1.1041405269761606,6.702590876925914,0.46919431279620855,6.702590876925914,0.46919431279620855,211.0,0.03238341968911917,0.06273525721455459,334.62904835540616
etas_ref,Reference ETAS,63,2022-06-01,0.08,0.08001475573980713,4555,105.0,0.4976303317535545,0.5023696682464456,0.08001475573980713,1.0245151847786316,6.2192320297990324,0.4976303317535545,6.2192320297990324,0.4976303317535545,211.0,0.03440445100488248,0.06652030735455543,334.62904835540616
etas_ref,Reference ETAS,63,2022-06-01,0.09,0.09001001282344055,5124,114.0,0.5402843601895735,0.4597156398104265,0.09001001282344055,0.9888108248763986,6.002491758882094,0.5402843601895735,6.002491758882094,0.5402843601895735,211.0,0.045181030086690464,0.08645589383294301,334.62904835540616
etas_ref,Reference ETAS,63,2022-06-01,0.1,0.10000526990707397,5693,118.0,0.5592417061611374,0.44075829383886256,0.10000526990707397,0.9212092823545485,5.5921223619594365,0.5592417061611374,5.5921223619594365,0.5592417061611374,211.0,0.04853117229947509,0.09256982258914456,334.62904835540616
etas_ref,Reference ETAS,64,2022-06-15,0.01,0.010012823440546666,570,42.0,0.2,0.8,0.010012823440546666,3.274853801169591,19.97438596491228,0.2,19.97438596491228,0.2,210.0,0.035422343324250684,0.06842105263157895,1083.945780463488
etas_ref,Reference ETAS,64,2022-06-15,0.02,0.02000808052418009,1139,62.0,0.29523809523809524,0.7047619047619047,0.02000808052418009,2.419276168178714,14.755942974204608,0.29523809523809524,14.755942974204608,0.29523809523809524,210.0,0.027051397655545536,0.05267778753292362,1083.945780463488
etas_ref,Reference ETAS,64,2022-06-15,0.03,0.030003337607813516,1708,80.0,0.38095238095238093,0.6190476190476191,0.030003337607813516,2.0817069997397866,12.697000111520017,0.38095238095238093,12.697000111520017,0.38095238095238093,210.0,0.030156815440289506,0.0585480093676815,1083.945780463488
etas_ref,Reference ETAS,64,2022-06-15,0.04,0.04001616104836018,2278,91.0,0.43333333333333335,0.5666666666666667,0.04001616104836018,1.7754365427763144,10.82895815042435,0.43333333333333335,10.82895815042435,0.43333333333333335,210.0,0.02774644710128581,0.053994732221246705,1083.945780463488
etas_ref,Reference ETAS,64,2022-06-15,0.05,0.050011418131993605,2847,99.0,0.4714285714285714,0.5285714285714286,0.050011418131993605,1.5454864769933263,9.426418786692759,0.4714285714285714,9.426418786692759,0.4714285714285714,210.0,0.02724156593902219,0.05303828591499824,1083.945780463488
etas_ref,Reference ETAS,64,2022-06-15,0.06,0.06000667521562703,3416,108.0,0.5142857142857142,0.48571428571428577,0.06000667521562703,1.405152224824356,8.570475075276011,0.5142857142857142,8.570475075276011,0.5142857142857142,210.0,0.02891566265060241,0.05620608899297424,1083.945780463488
etas_ref,Reference ETAS,64,2022-06-15,0.07,0.07000193229926045,3985,111.0,0.5285714285714286,0.4714285714285714,0.07000193229926045,1.2379757423672104,7.550811973471949,0.5285714285714286,7.550811973471949,0.5285714285714286,210.0,0.03345435684647303,0.06474278544542032,1083.945780463488
etas_ref,Reference ETAS,64,2022-06-15,0.08,0.08001475573980713,4555,115.0,0.5476190476190477,0.45238095238095233,0.08001475573980713,1.1220880595194536,6.843975746171136,0.5476190476190477,6.843975746171136,0.5476190476190477,210.0,0.034874474610928095,0.06739846322722283,1083.945780463488
etas_ref,Reference ETAS,64,2022-06-15,0.09,0.09001001282344055,5124,126.0,0.6,0.4,0.09001001282344055,1.0928961748633879,6.665925058548009,0.6,6.665925058548009,0.6,210.0,0.044648318042813454,0.08548009367681499,1083.945780463488
etas_ref,Reference ETAS,64,2022-06-15,0.1,0.10000526990707397,5693,133.0,0.6333333333333333,0.3666666666666667,0.10000526990707397,1.0383121572301266,6.332999590139938,0.6333333333333333,6.332999590139938,0.6333333333333333,210.0,0.04930421159340153,0.0939750570876515,1083.945780463488
etas_ref,Reference ETAS,65,2022-06-29,0.01,0.010012823440546666,570,24.0,0.1218274111675127,0.8781725888324873,0.010012823440546666,1.8713450292397662,12.167138658829815,0.1218274111675127,12.167138658829815,0.1218274111675127,197.0,0.01967799642218247,0.03859649122807018,1654.220003825105
etas_ref,Reference ETAS,65,2022-06-29,0.02,0.02000808052418009,1139,44.0,0.2233502538071066,0.7766497461928934,0.02000808052418009,1.7169056677397325,11.163002544756065,0.2233502538071066,11.163002544756065,0.2233502538071066,197.0,0.01923937360178971,0.03775241439859526,1654.220003825105
etas_ref,Reference ETAS,65,2022-06-29,0.03,0.030003337607813516,1708,56.0,0.28426395939086296,0.7157360406091371,0.030003337607813516,1.4571948998178506,9.474411250728135,0.28426395939086296,9.474411250728135,0.28426395939086296,197.0,0.022754491017964073,0.04449648711943794,1654.220003825105
etas_ref,Reference ETAS,65,2022-06-29,0.04,0.04001616104836018,2278,72.0,0.36548223350253806,0.6345177664974619,0.04001616104836018,1.404741000877963,9.13336571843678,0.36548223350253806,9.13336571843678,0.36548223350253806,197.0,0.023820224719101123,0.046532045654082525,1654.220003825105
etas_ref,Reference ETAS,65,2022-06-29,0.05,0.050011418131993605,2847,83.0,0.4213197969543147,0.5786802030456852,0.050011418131993605,1.2957108847519805,8.424472104397005,0.4213197969543147,8.424472104397005,0.4213197969543147,197.0,0.024469233537243614,0.04776958201615736,1654.220003825105
etas_ref,Reference ETAS,65,2022-06-29,0.06,0.06000667521562703,3416,94.0,0.47715736040609136,0.5228426395939086,0.06000667521562703,1.2230028623471247,7.95173801400397,0.47715736040609136,7.95173801400397,0.47715736040609136,197.0,0.02690515556891628,0.052400468384074944,1654.220003825105
etas_ref,Reference ETAS,65,2022-06-29,0.07,0.07000193229926045,3985,97.0,0.49238578680203043,0.5076142131979695,0.07000193229926045,1.081834657744319,7.033888503206823,0.49238578680203043,7.033888503206823,0.49238578680203043,197.0,0.031982390262851226,0.06198243412797993,1654.220003825105
etas_ref,Reference ETAS,65,2022-06-29,0.08,0.08001475573980713,4555,106.0,0.5380710659898477,0.46192893401015234,0.08001475573980713,1.0342724722527137,6.724647985423503,0.5380710659898477,6.724647985423503,0.5380710659898477,197.0,0.034287011807447774,0.06630076838638858,1654.220003825105
etas_ref,Reference ETAS,65,2022-06-29,0.09,0.09001001282344055,5124,109.0,0.5532994923857868,0.4467005076142132,0.09001001282344055,0.9454419290484863,6.147088251960516,0.5532994923857868,6.147088251960516,0.5532994923857868,197.0,0.044009779951100246,0.08430913348946135,1654.220003825105
etas_ref,Reference ETAS,65,2022-06-29,0.1,0.10000526990707397,5693,117.0,0.5939086294416244,0.40609137055837563,0.10000526990707397,0.9134024240295099,5.938773326580599,0.5939086294416244,5.938773326580599,0.5939086294416244,197.0,0.04843462246777164,0.0923941682768312,1654.220003825105
etas_ref,Reference ETAS,66,2022-07-13,0.01,0.010012823440546666,570,34.0,0.16831683168316833,0.8316831683168316,0.010012823440546666,2.6510721247563356,16.8101268021539,0.16831683168316833,16.8101268021539,0.16831683168316833,202.0,0.02981029810298103,0.05789473684210526,782.2967568558745
etas_ref,Reference ETAS,66,2022-07-13,0.02,0.02000808052418009,1139,53.0,0.2623762376237624,0.7376237623762376,0.02000808052418009,2.0680909179592235,13.113513677970081,0.2623762376237624,13.113513677970081,0.2623762376237624,202.0,0.022900763358778626,0.04477611940298507,782.2967568558745
etas_ref,Reference ETAS,66,2022-07-13,0.03,0.030003337607813516,1708,68.0,0.33663366336633666,0.6633663366336633,0.030003337607813516,1.7694509497788187,11.219873860922393,0.33663366336633666,11.219873860922393,0.33663366336633666,202.0,0.027059530968129887,0.05269320843091335,782.2967568558745
etas_ref,Reference ETAS,66,2022-07-13,0.04,0.04001616104836018,2278,72.0,0.3564356435643564,0.6435643564356436,0.04001616104836018,1.404741000877963,8.907292309564582,0.3564356435643564,8.907292309564582,0.3564356435643564,202.0,0.024971878515185602,0.048726953467954345,782.2967568558745
etas_ref,Reference ETAS,66,2022-07-13,0.05,0.050011418131993605,2847,84.0,0.4158415841584158,0.5841584158415842,0.050011418131993605,1.3113218592670646,8.314932863149329,0.4158415841584158,8.314932863149329,0.4158415841584158,202.0,0.023916561769465924,0.04671584123638918,782.2967568558745
etas_ref,Reference ETAS,66,2022-07-13,0.06,0.06000667521562703,3416,95.0,0.47029702970297027,0.5297029702970297,0.06000667521562703,1.2360135310954983,7.8374118881443176,0.47029702970297027,7.8374118881443176,0.47029702970297027,202.0,0.027059530968129887,0.05269320843091335,782.2967568558745
etas_ref,Reference ETAS,66,2022-07-13,0.07,0.07000193229926045,3985,101.0,0.5,0.5,0.07000193229926045,1.1264463962080022,7.142659974905897,0.5,7.142659974905897,0.5,202.0,0.0325171654359373,0.0629861982434128,782.2967568558745
etas_ref,Reference ETAS,66,2022-07-13,0.08,0.08001475573980713,4555,106.0,0.5247524752475248,0.4752475247524752,0.08001475573980713,1.0342724722527137,6.5581963026159915,0.5247524752475248,6.5581963026159915,0.5247524752475248,202.0,0.03416959927347032,0.06608122941822174,782.2967568558745
etas_ref,Reference ETAS,66,2022-07-13,0.09,0.09001001282344055,5124,112.0,0.5544554455445545,0.4455445544554455,0.09001001282344055,0.9714632665452337,6.159930747173078,0.5544554455445545,6.159930747173078,0.5544554455445545,202.0,0.044967880085653104,0.0860655737704918,782.2967568558745
etas_ref,Reference ETAS,66,2022-07-13,0.1,0.10000526990707397,5693,119.0,0.5891089108910891,0.4108910891089109,0.10000526990707397,0.929016140679587,5.890778670349031,0.5891089108910891,5.890778670349031,0.5891089108910891,202.0,0.049691158845763805,0.09467767433690497,782.2967568558745
etas_ref,Reference ETAS,67,2022-07-27,0.01,0.010012823440546666,570,46.0,0.2026431718061674,0.7973568281938326,0.010012823440546666,3.5867446393762186,20.23836463405209,0.2026431718061674,20.23836463405209,0.2026431718061674,227.0,0.0410958904109589,0.07894736842105263,536.2733169515942
etas_ref,Reference ETAS,67,2022-07-27,0.02,0.02000808052418009,1139,68.0,0.29955947136563876,0.7004405286343612,0.02000808052418009,2.6533996683250414,14.971924518377277,0.29955947136563876,14.971924518377277,0.29955947136563876,227.0,0.030303030303030304,0.058823529411764705,536.2733169515942
etas_ref,Reference ETAS,67,2022-07-27,0.03,0.030003337607813516,1708,80.0,0.3524229074889868,0.6475770925110131,0.030003337607813516,2.0817069997397866,11.74612345118592,0.3524229074889868,11.74612345118592,0.3524229074889868,227.0,0.030778515389257695,0.059718969555035126,536.2733169515942
etas_ref,Reference ETAS,67,2022-07-27,0.04,0.04001616104836018,2278,96.0,0.42290748898678415,0.5770925110132159,0.04001616104836018,1.8729880011706175,10.568417307089844,0.42290748898678415,10.568417307089844,0.42290748898678415,227.0,0.031002489250961756,0.0601404741000878,536.2733169515942
etas_ref,Reference ETAS,67,2022-07-27,0.05,0.050011418131993605,2847,102.0,0.44933920704845814,0.5506607929515419,0.050011418131993605,1.5923194005385786,8.984732363768028,0.44933920704845814,8.984732363768028,0.44933920704845814,227.0,0.02779783393501805,0.05409202669476642,536.2733169515942
etas_ref,Reference ETAS,67,2022-07-27,0.06,0.06000667521562703,3416,115.0,0.5066079295154186,0.49339207048458145,0.06000667521562703,1.4962269060629716,8.44252623053988,0.5066079295154186,8.44252623053988,0.5066079295154186,227.0,0.030312170110088976,0.05884074941451991,536.2733169515942
etas_ref,Reference ETAS,67,2022-07-27,0.07,0.07000193229926045,3985,124.0,0.5462555066079295,0.45374449339207046,0.07000193229926045,1.382963892374181,7.803434686240805,0.5462555066079295,7.803434686240805,0.5462555066079295,227.0,0.03546836429777835,0.0685069008782936,536.2733169515942
etas_ref,Reference ETAS,67,2022-07-27,0.08,0.08001475573980713,4555,132.0,0.5814977973568282,0.41850220264317184,0.08001475573980713,1.2879619465788512,7.26738202198291,0.5814977973568282,7.26738202198291,0.5814977973568282,227.0,0.03711293260473588,0.07156970362239297,536.2733169515942
etas_ref,Reference ETAS,67,2022-07-27,0.09,0.09001001282344055,5124,136.0,0.5991189427312775,0.4008810572687225,0.09001001282344055,1.1796339665192124,6.656136622338687,0.5991189427312775,6.656136622338687,0.5991189427312775,227.0,0.04731732243229433,0.09035909445745512,536.2733169515942
etas_ref,Reference ETAS,67,2022-07-27,0.1,0.10000526990707397,5693,138.0,0.6079295154185022,0.39207048458149785,0.10000526990707397,1.0773464488553195,6.0789747978621245,0.6079295154185022,6.0789747978621245,0.6079295154185022,227.0,0.05075673680324843,0.09660987177235202,536.2733169515942
etas_ref,Reference ETAS,68,2022-08-10,0.01,0.010012823440546666,570,25.0,0.14450867052023122,0.8554913294797688,0.010012823440546666,1.9493177387914231,14.432359801237197,0.14450867052023122,14.432359801237197,0.14450867052023122,173.0,0.021505376344086023,0.042105263157894736,425.72744749382315
etas_ref,Reference ETAS,68,2022-08-10,0.02,0.02000808052418009,1139,50.0,0.28901734104046245,0.7109826589595376,0.02000808052418009,1.9510291678860598,14.445030880957336,0.28901734104046245,14.445030880957336,0.28901734104046245,173.0,0.02244165170556553,0.043898156277436345,425.72744749382315
etas_ref,Reference ETAS,68,2022-08-10,0.03,0.030003337607813516,1708,62.0,0.3583815028901734,0.6416184971098267,0.030003337607813516,1.6133229247983347,11.944721203178513,0.3583815028901734,11.944721203178513,0.3583815028901734,173.0,0.026442307692307692,0.05152224824355972,425.72744749382315
etas_ref,Reference ETAS,68,2022-08-10,0.04,0.04001616104836018,2278,66.0,0.3815028901734104,0.6184971098265897,0.04001616104836018,1.2876792508047994,9.533720381431841,0.3815028901734104,9.533720381431841,0.3815028901734104,173.0,0.024280575539568347,0.04741000877963126,425.72744749382315
etas_ref,Reference ETAS,68,2022-08-10,0.05,0.050011418131993605,2847,69.0,0.3988439306358382,0.6011560693641618,0.050011418131993605,1.077157241540803,7.975057407554043,0.3988439306358382,7.975057407554043,0.3988439306358382,173.0,0.021711824869908487,0.042500878117316475,425.72744749382315
etas_ref,Reference ETAS,68,2022-08-10,0.06,0.06000667521562703,3416,76.0,0.4393063583815029,0.5606936416184971,0.06000667521562703,0.9888108248763987,7.320958156786831,0.4393063583815029,7.320958156786831,0.4393063583815029,173.0,0.024902490249024904,0.04859484777517564,425.72744749382315
etas_ref,Reference ETAS,68,2022-08-10,0.07,0.07000193229926045,3985,82.0,0.47398843930635837,0.5260115606936416,0.07000193229926045,0.9145406385055068,6.771076508003278,0.47398843930635837,6.771076508003278,0.47398843930635837,173.0,0.029449754585378456,0.057214554579673775,425.72744749382315
etas_ref,Reference ETAS,68,2022-08-10,0.08,0.08001475573980713,4555,86.0,0.49710982658959535,0.5028901734104047,0.08001475573980713,0.8391267227710697,6.212726915096793,0.49710982658959535,6.212726915096793,0.49710982658959535,173.0,0.031009506564056134,0.0601536772777168,425.72744749382315
etas_ref,Reference ETAS,68,2022-08-10,0.09,0.09001001282344055,5124,93.0,0.5375722543352601,0.4624277456647399,0.09001001282344055,0.8066614623991673,5.972360601589257,0.5375722543352601,5.972360601589257,0.5375722543352601,173.0,0.043584521384928715,0.08352849336455893,425.72744749382315
etas_ref,Reference ETAS,68,2022-08-10,0.1,0.10000526990707397,5693,98.0,0.5664739884393064,0.4335260115606936,0.10000526990707397,0.7650721158537775,5.664441373596416,0.5664739884393064,5.664441373596416,0.5664739884393064,173.0,0.047855696668507273,0.091340242402951,425.72744749382315
etas_ref,Reference ETAS,69,2022-08-24,0.01,0.010012823440546666,570,37.0,0.19576719576719576,0.8042328042328042,0.010012823440546666,2.8849902534113063,19.551647637612547,0.19576719576719576,19.551647637612547,0.19576719576719576,189.0,0.03260869565217391,0.06315789473684211,2003.2793441770339
etas_ref,Reference ETAS,69,2022-08-24,0.02,0.02000808052418009,1139,56.0,0.2962962962962963,0.7037037037037037,0.02000808052418009,2.185152668032387,14.808831658699964,0.2962962962962963,14.808831658699964,0.2962962962962963,189.0,0.024741340530814216,0.048287971905179985,2003.2793441770339
etas_ref,Reference ETAS,69,2022-08-24,0.03,0.030003337607813516,1708,72.0,0.38095238095238093,0.6190476190476191,0.030003337607813516,1.873536299765808,12.697000111520017,0.38095238095238093,12.697000111520017,0.38095238095238093,189.0,0.028605841613971696,0.05562060889929742,2003.2793441770339
etas_ref,Reference ETAS,69,2022-08-24,0.04,0.04001616104836018,2278,78.0,0.4126984126984127,0.5873015873015873,0.04001616104836018,1.5218027509511267,10.313293476594618,0.4126984126984127,10.313293476594618,0.4126984126984127,189.0,0.026126126126126126,0.050921861281826165,2003.2793441770339
etas_ref,Reference ETAS,69,2022-08-24,0.05,0.050011418131993605,2847,84.0,0.4444444444444444,0.5555555555555556,0.050011418131993605,1.3113218592670646,8.886859462201928,0.4444444444444444,8.886859462201928,0.4444444444444444,189.0,0.023916561769465924,0.04671584123638918,2003.2793441770339
etas_ref,Reference ETAS,69,2022-08-24,0.06,0.06000667521562703,3416,96.0,0.5079365079365079,0.4920634920634921,0.06000667521562703,1.249024199843872,8.464666741013344,0.5079365079365079,8.464666741013344,0.5079365079365079,189.0,0.02736842105263158,0.05327868852459016,2003.2793441770339
etas_ref,Reference ETAS,69,2022-08-24,0.07,0.07000193229926045,3985,102.0,0.5396825396825397,0.46031746031746035,0.07000193229926045,1.1375993308239232,7.709537750692079,0.5396825396825397,7.709537750692079,0.5396825396825397,189.0,0.031448168758897374,0.06097867001254705,2003.2793441770339
etas_ref,Reference ETAS,69,2022-08-24,0.08,0.08001475573980713,4555,110.0,0.582010582010582,0.417989417989418,0.08001475573980713,1.0733016221490426,7.273790648104588,0.582010582010582,7.273790648104588,0.582010582010582,189.0,0.03323125779743677,0.06432491767288694,2003.2793441770339
etas_ref,Reference ETAS,69,2022-08-24,0.09,0.09001001282344055,5124,117.0,0.6190476190476191,0.38095238095238093,0.09001001282344055,1.014832162373146,6.877541727073343,0.6190476190476191,6.877541727073343,0.6190476190476191,189.0,0.04539426706110374,0.08684621389539422,2003.2793441770339
etas_ref,Reference ETAS,69,2022-08-24,0.1,0.10000526990707397,5693,121.0,0.6402116402116402,0.35978835978835977,0.10000526990707397,0.9446298573296641,6.401779034310214,0.6402116402116402,6.401779034310214,0.6402116402116402,189.0,0.049787940254471696,0.09485332864921833,2003.2793441770339
etas_ref,Reference ETAS,70,2022-09-07,0.01,0.010012823440546666,570,36.0,0.18181818181818182,0.8181818181818181,0.010012823440546666,2.8070175438596494,18.1585326953748,0.18181818181818182,18.1585326953748,0.18181818181818182,198.0,0.02981029810298103,0.05789473684210526,1638.4242278737665
etas_ref,Reference ETAS,70,2022-09-07,0.02,0.02000808052418009,1139,58.0,0.29292929292929293,0.7070707070707071,0.02000808052418009,2.2631938347478293,14.640549480760193,0.29292929292929293,14.640549480760193,0.29292929292929293,198.0,0.024280575539568347,0.04741000877963126,1638.4242278737665
etas_ref,Reference ETAS,70,2022-09-07,0.03,0.030003337607813516,1708,75.0,0.3787878787878788,0.6212121212121212,0.030003337607813516,1.95160031225605,12.624858065431836,0.3787878787878788,12.624858065431836,0.3787878787878788,198.0,0.029535864978902954,0.05737704918032787,1638.4242278737665
etas_ref,Reference ETAS,70,2022-09-07,0.04,0.04001616104836018,2278,84.0,0.42424242424242425,0.5757575757575757,0.04001616104836018,1.6388645010242902,10.601777210205658,0.42424242424242425,10.601777210205658,0.42424242424242425,198.0,0.028442437923250564,0.0553116769095698,1638.4242278737665
etas_ref,Reference ETAS,70,2022-09-07,0.05,0.050011418131993605,2847,91.0,0.4595959595959596,0.5404040404040404,0.050011418131993605,1.4205986808726534,9.18982058023154,0.4595959595959596,9.18982058023154,0.4595959595959596,198.0,0.026871055004508565,0.05233579206181946,1638.4242278737665
etas_ref,Reference ETAS,70,2022-09-07,0.06,0.06000667521562703,3416,95.0,0.4797979797979798,0.5202020202020202,0.06000667521562703,1.2360135310954983,7.995743441440163,0.4797979797979798,7.995743441440163,0.4797979797979798,198.0,0.02845100105374078,0.055327868852459015,1638.4242278737665
etas_ref,Reference ETAS,70,2022-09-07,0.07,0.07000193229926045,3985,101.0,0.51010101010101,0.48989898989898994,0.07000193229926045,1.1264463962080022,7.286956136015107,0.51010101010101,7.286956136015107,0.51010101010101,198.0,0.03291861067910835,0.06373902132998745,1638.4242278737665
etas_ref,Reference ETAS,70,2022-09-07,0.08,0.08001475573980713,4555,106.0,0.5353535353535354,0.46464646464646464,0.08001475573980713,1.0342724722527137,6.690685116810254,0.5353535353535354,6.690685116810254,0.5353535353535354,198.0,0.034287011807447774,0.06630076838638858,1638.4242278737665
etas_ref,Reference ETAS,70,2022-09-07,0.09,0.09001001282344055,5124,109.0,0.5505050505050505,0.4494949494949495,0.09001001282344055,0.9454419290484863,6.116042351698089,0.5505050505050505,6.116042351698089,0.5505050505050505,198.0,0.0442225392296719,0.08469945355191257,1638.4242278737665
etas_ref,Reference ETAS,70,2022-09-07,0.1,0.10000526990707397,5693,114.0,0.5757575757575758,0.4242424242424242,0.10000526990707397,0.8899818490543943,5.757272354672672,0.5757575757575758,5.757272354672672,0.5757575757575758,198.0,0.04959439528023599,0.0945020200245916,1638.4242278737665
etas_ref,Reference ETAS,71,2022-09-21,0.01,0.010012823440546666,570,30.0,0.13636363636363635,0.8636363636363636,0.010012823440546666,2.339181286549708,13.618899521531098,0.13636363636363635,13.618899521531098,0.13636363636363635,220.0,0.026102610261026102,0.05087719298245614,176.93469606132086
etas_ref,Reference ETAS,71,2022-09-21,0.02,0.02000808052418009,1139,52.0,0.23636363636363636,0.7636363636363637,0.02000808052418009,2.029070334601502,11.813408891372017,0.23636363636363636,11.813408891372017,0.23636363636363636,220.0,0.022900763358778626,0.04477611940298507,176.93469606132086
etas_ref,Reference ETAS,71,2022-09-21,0.03,0.030003337607813516,1708,65.0,0.29545454545454547,0.7045454545454546,0.030003337607813516,1.6913869372885766,9.847389291036832,0.29545454545454547,9.847389291036832,0.29545454545454547,220.0,0.027059530968129887,0.05269320843091335,176.93469606132086
etas_ref,Reference ETAS,71,2022-09-21,0.04,0.04001616104836018,2278,71.0,0.32272727272727275,0.6772727272727272,0.04001616104836018,1.3852307091991025,8.06492337776359,0.32272727272727275,8.06492337776359,0.32272727272727275,220.0,0.025433265811388703,0.04960491659350307,176.93469606132086
etas_ref,Reference ETAS,71,2022-09-21,0.05,0.050011418131993605,2847,79.0,0.35909090909090907,0.6409090909090909,0.050011418131993605,1.2332669866916441,7.180178497301784,0.35909090909090907,7.180178497301784,0.35909090909090907,220.0,0.025022502250225023,0.048823322795925536,176.93469606132086
etas_ref,Reference ETAS,71,2022-09-21,0.06,0.06000667521562703,3416,92.0,0.41818181818181815,0.5818181818181818,0.06000667521562703,1.1969815248503772,6.968921652118373,0.41818181818181815,6.968921652118373,0.41818181818181815,220.0,0.028296207104154123,0.05503512880562061,176.93469606132086
etas_ref,Reference ETAS,71,2022-09-21,0.07,0.07000193229926045,3985,100.0,0.45454545454545453,0.5454545454545454,0.07000193229926045,1.1152934615920815,6.493327249914452,0.45454545454545453,6.493327249914452,0.45454545454545453,220.0,0.03291861067910835,0.06373902132998745,176.93469606132086
etas_ref,Reference ETAS,71,2022-09-21,0.08,0.08001475573980713,4555,105.0,0.4772727272727273,0.5227272727272727,0.08001475573980713,1.0245151847786316,5.964808901307255,0.4772727272727273,5.964808901307255,0.4772727272727273,220.0,0.03416959927347032,0.06608122941822174,176.93469606132086
etas_ref,Reference ETAS,71,2022-09-21,0.09,0.09001001282344055,5124,112.0,0.509090909090909,0.49090909090909096,0.09001001282344055,0.9714632665452337,5.655936413313461,0.509090909090909,5.655936413313461,0.509090909090909,220.0,0.04432895139101192,0.08489461358313817,176.93469606132086
etas_ref,Reference ETAS,71,2022-09-21,0.1,0.10000526990707397,5693,119.0,0.5409090909090909,0.4590909090909091,0.10000526990707397,0.929016140679587,5.408805870047746,0.5409090909090909,5.408805870047746,0.5409090909090909,220.0,0.04940092165898618,0.09415071139996486,176.93469606132086
etas_ref,Reference ETAS,72,2022-10-05,0.01,0.010012823440546666,570,31.0,0.15816326530612246,0.8418367346938775,0.010012823440546666,2.417153996101365,15.796070533476549,0.15816326530612246,15.796070533476549,0.15816326530612246,196.0,0.02702702702702703,0.05263157894736842,1804.12743086307
etas_ref,Reference ETAS,72,2022-10-05,0.02,0.02000808052418009,1139,43.0,0.2193877551020408,0.7806122448979592,0.02000808052418009,1.6778850843820114,10.96495762484098,0.2193877551020408,10.96495762484098,0.2193877551020408,196.0,0.01923937360178971,0.03775241439859526,1804.12743086307
etas_ref,Reference ETAS,72,2022-10-05,0.03,0.030003337607813516,1708,55.0,0.28061224489795916,0.7193877551020409,0.030003337607813516,1.4311735623211033,9.352700975003584,0.28061224489795916,9.352700975003584,0.28061224489795916,196.0,0.023367285799880167,0.04566744730679157,1804.12743086307
etas_ref,Reference ETAS,72,2022-10-05,0.04,0.04001616104836018,2278,71.0,0.3622448979591837,0.6377551020408163,0.04001616104836018,1.3852307091991025,9.05246501585709,0.3622448979591837,9.05246501585709,0.3622448979591837,196.0,0.023820224719101123,0.046532045654082525,1804.12743086307
etas_ref,Reference ETAS,72,2022-10-05,0.05,0.050011418131993605,2847,82.0,0.41836734693877553,0.5816326530612245,0.050011418131993605,1.2800999102368964,8.365436585593141,0.41836734693877553,8.365436585593141,0.41836734693877553,196.0,0.024284943335132217,0.04741833508956796,1804.12743086307
etas_ref,Reference ETAS,72,2022-10-05,0.06,0.06000667521562703,3416,90.0,0.45918367346938777,0.5408163265306123,0.06000667521562703,1.17096018735363,7.652209888639296,0.45918367346938777,7.652209888639296,0.45918367346938777,196.0,0.027522935779816515,0.05357142857142857,1804.12743086307
etas_ref,Reference ETAS,72,2022-10-05,0.07,0.07000193229926045,3985,94.0,0.47959183673469385,0.5204081632653061,0.07000193229926045,1.0483758538965566,6.851122833073004,0.47959183673469385,6.851122833073004,0.47959183673469385,196.0,0.031314699792960664,0.06072772898368883,1804.12743086307
etas_ref,Reference ETAS,72,2022-10-05,0.08,0.08001475573980713,4555,99.0,0.5051020408163265,0.4948979591836735,0.08001475573980713,0.9659714599341384,6.312611169605053,0.5051020408163265,6.312611169605053,0.5051020408163265,196.0,0.03299693842839324,0.06388583973655323,1804.12743086307
etas_ref,Reference ETAS,72,2022-10-05,0.09,0.09001001282344055,5124,105.0,0.5357142857142857,0.4642857142857143,0.09001001282344055,0.9107468123861566,5.951718802275008,0.5357142857142857,5.951718802275008,0.5357142857142857,196.0,0.044861337683523655,0.0858704137392662,1804.12743086307
etas_ref,Reference ETAS,72,2022-10-05,0.1,0.10000526990707397,5693,111.0,0.5663265306122449,0.4336734693877551,0.10000526990707397,0.8665612740792786,5.662966873030611,0.5663265306122449,5.662966873030611,0.5663265306122449,196.0,0.04911084492766977,0.09362374846302476,1804.12743086307
etas_ref,Reference ETAS,73,2022-10-19,0.01,0.010012823440546666,570,31.0,0.15656565656565657,0.8434343434343434,0.010012823440546666,2.417153996101365,15.636514265461633,0.15656565656565657,15.636514265461633,0.15656565656565657,198.0,0.025179856115107913,0.04912280701754386,1396.8232094103623
etas_ref,Reference ETAS,73,2022-10-19,0.02,0.02000808052418009,1139,48.0,0.24242424242424243,0.7575757575757576,0.02000808052418009,1.8729880011706175,12.116316811663609,0.24242424242424243,12.116316811663609,0.24242424242424243,198.0,0.02060931899641577,0.04038630377524144,1396.8232094103623
etas_ref,Reference ETAS,73,2022-10-19,0.03,0.030003337607813516,1708,62.0,0.31313131313131315,0.6868686868686869,0.030003337607813516,1.6133229247983347,10.436549334090317,0.31313131313131315,10.436549334090317,0.31313131313131315,198.0,0.024902490249024904,0.04859484777517564,1396.8232094103623
etas_ref,Reference ETAS,73,2022-10-19,0.04,0.04001616104836018,2278,68.0,0.3434343434343434,0.6565656565656566,0.04001616104836018,1.3266998341625207,8.582391074928388,0.3434343434343434,8.582391074928388,0.3434343434343434,198.0,0.022671156004489337,0.04433713784021071,1396.8232094103623
etas_ref,Reference ETAS,73,2022-10-19,0.05,0.050011418131993605,2847,76.0,0.3838383838383838,0.6161616161616161,0.050011418131993605,1.1864340631463919,7.675014990083483,0.3838383838383838,7.675014990083483,0.3838383838383838,198.0,0.022996766079770033,0.04495960660344222,1396.8232094103623
etas_ref,Reference ETAS,73,2022-10-19,0.06,0.06000667521562703,3416,80.0,0.40404040404040403,0.595959595959596,0.06000667521562703,1.0408534998698933,6.733257634896979,0.40404040404040403,6.733257634896979,0.40404040404040403,198.0,0.025671821047890706,0.05005854800936768,1396.8232094103623
etas_ref,Reference ETAS,73,2022-10-19,0.07,0.07000193229926045,3985,91.0,0.4595959595959596,0.5404040404040404,0.07000193229926045,1.014917050048794,6.565475330469058,0.4595959595959596,6.565475330469058,0.4595959595959596,198.0,0.03064787275313591,0.05947302383939774,1396.8232094103623
etas_ref,Reference ETAS,73,2022-10-19,0.08,0.08001475573980713,4555,96.0,0.48484848484848486,0.5151515151515151,0.08001475573980713,0.9366995975118917,6.059488407677211,0.48484848484848486,6.059488407677211,0.48484848484848486,198.0,0.03229461756373938,0.06256860592755215,1396.8232094103623
etas_ref,Reference ETAS,73,2022-10-19,0.09,0.09001001282344055,5124,102.0,0.5151515151515151,0.48484848484848486,0.09001001282344055,0.8847254748894092,5.723268989662432,0.5151515151515151,5.723268989662432,0.5151515151515151,198.0,0.04379710735383988,0.08391881342701014,1396.8232094103623
etas_ref,Reference ETAS,73,2022-10-19,0.1,0.10000526990707397,5693,109.0,0.5505050505050505,0.4494949494949495,0.10000526990707397,0.8509475574292016,5.504760409292291,0.5505050505050505,5.504760409292291,0.5505050505050505,198.0,0.04843462246777164,0.0923941682768312,1396.8232094103623
etas_ref,Reference ETAS,74,2022-11-02,0.01,0.010012823440546666,570,36.0,0.16822429906542055,0.8317757009345794,0.010012823440546666,2.8070175438596494,16.80088539104771,0.16822429906542055,16.80088539104771,0.16822429906542055,214.0,0.03167420814479638,0.06140350877192982,1424.6925332743
etas_ref,Reference ETAS,74,2022-11-02,0.02,0.02000808052418009,1139,59.0,0.2757009345794392,0.7242990654205608,0.02000808052418009,2.3022144181055504,13.77947945812444,0.2757009345794392,13.77947945812444,0.2757009345794392,214.0,0.025664115263394866,0.05004389815627744,1424.6925332743
etas_ref,Reference ETAS,74,2022-11-02,0.03,0.030003337607813516,1708,72.0,0.3364485981308411,0.6635514018691588,0.030003337607813516,1.873536299765808,11.213705705968612,0.3364485981308411,11.213705705968612,0.3364485981308411,214.0,0.027677496991576414,0.053864168618266976,1424.6925332743
etas_ref,Reference ETAS,74,2022-11-02,0.04,0.04001616104836018,2278,81.0,0.37850467289719625,0.6214953271028038,0.04001616104836018,1.5803336259877085,9.458795221254913,0.37850467289719625,9.458795221254913,0.37850467289719625,214.0,0.024741340530814216,0.048287971905179985,1424.6925332743
etas_ref,Reference ETAS,74,2022-11-02,0.05,0.050011418131993605,2847,90.0,0.4205607476635514,0.5794392523364487,0.050011418131993605,1.4049877063575693,8.409294584560236,0.4205607476635514,8.409294584560236,0.4205607476635514,214.0,0.024469233537243614,0.04776958201615736,1424.6925332743
etas_ref,Reference ETAS,74,2022-11-02,0.06,0.06000667521562703,3416,98.0,0.45794392523364486,0.5420560747663552,0.06000667521562703,1.2750455373406193,7.631549716561973,0.45794392523364486,7.631549716561973,0.45794392523364486,214.0,0.028141459744168547,0.0547423887587822,1424.6925332743
etas_ref,Reference ETAS,74,2022-11-02,0.07,0.07000193229926045,3985,104.0,0.48598130841121495,0.514018691588785,0.07000193229926045,1.1599052000557648,6.9423984802823675,0.48598130841121495,6.9423984802823675,0.48598130841121495,214.0,0.03318641431164117,0.06424090338770388,1424.6925332743
etas_ref,Reference ETAS,74,2022-11-02,0.08,0.08001475573980713,4555,114.0,0.5327102803738317,0.4672897196261683,0.08001475573980713,1.1123307720453715,6.657650522687402,0.5327102803738317,6.657650522687402,0.5327102803738317,214.0,0.034521916874858054,0.06673984632272228,1424.6925332743
etas_ref,Reference ETAS,74,2022-11-02,0.09,0.09001001282344055,5124,120.0,0.5607476635514018,0.4392523364485982,0.09001001282344055,1.0408534998698933,6.229836503315895,0.5607476635514018,6.229836503315895,0.5607476635514018,214.0,0.04624808575803982,0.08840749414519906,1424.6925332743
etas_ref,Reference ETAS,74,2022-11-02,0.1,0.10000526990707397,5693,125.0,0.5841121495327103,0.4158878504672897,0.10000526990707397,0.9758572906298183,5.840813689873283,0.5841121495327103,5.840813689873283,0.5841121495327103,214.0,0.05007839158904362,0.09538029158615843,1424.6925332743
etas_ref,Reference ETAS,75,2022-11-16,0.01,0.010012823440546666,570,34.0,0.14782608695652175,0.8521739130434782,0.010012823440546666,2.6510721247563356,14.763676582761251,0.14782608695652175,14.763676582761251,0.14782608695652175,230.0,0.02888086642599278,0.056140350877192984,1025.210263527115
etas_ref,Reference ETAS,75,2022-11-16,0.02,0.02000808052418009,1139,57.0,0.24782608695652175,0.7521739130434782,0.02000808052418009,2.2241732513901082,12.386299958010461,0.24782608695652175,12.386299958010461,0.24782608695652175,230.0,0.025664115263394866,0.05004389815627744,1025.210263527115
etas_ref,Reference ETAS,75,2022-11-16,0.03,0.030003337607813516,1708,71.0,0.30869565217391304,0.691304347826087,0.030003337607813516,1.8475149622690605,10.288710416454537,0.30869565217391304,10.288710416454537,0.30869565217391304,230.0,0.028605841613971696,0.05562060889929742,1025.210263527115
etas_ref,Reference ETAS,75,2022-11-16,0.04,0.04001616104836018,2278,87.0,0.3782608695652174,0.6217391304347826,0.04001616104836018,1.697395376060872,9.452702599534298,0.3782608695652174,9.452702599534298,0.3782608695652174,230.0,0.027282976324689966,0.05311676909569798,1025.210263527115
etas_ref,Reference ETAS,75,2022-11-16,0.05,0.050011418131993605,2847,98.0,0.4260869565217391,0.5739130434782609,0.050011418131993605,1.529875502478242,8.519793527893587,0.4260869565217391,8.519793527893587,0.4260869565217391,230.0,0.026685899747565814,0.05198454513523006,1025.210263527115
etas_ref,Reference ETAS,75,2022-11-16,0.06,0.06000667521562703,3416,103.0,0.44782608695652176,0.5521739130434782,0.06000667521562703,1.3400988810824876,7.462937837287446,0.44782608695652176,7.462937837287446,0.44782608695652176,230.0,0.029535864978902954,0.05737704918032787,1025.210263527115
etas_ref,Reference ETAS,75,2022-11-16,0.07,0.07000193229926045,3985,114.0,0.4956521739130435,0.5043478260869565,0.07000193229926045,1.271434546214973,7.080549888167586,0.4956521739130435,7.080549888167586,0.4956521739130435,230.0,0.034796156842378606,0.06725219573400251,1025.210263527115
etas_ref,Reference ETAS,75,2022-11-16,0.08,0.08001475573980713,4555,122.0,0.5304347826086957,0.4695652173913043,0.08001475573980713,1.190389071838029,6.629212046007732,0.5304347826086957,6.629212046007732,0.5304347826086957,230.0,0.035227272727272725,0.06805708013172337,1025.210263527115
etas_ref,Reference ETAS,75,2022-11-16,0.09,0.09001001282344055,5124,132.0,0.5739130434782609,0.4260869565217391,0.09001001282344055,1.1449388498568827,6.376102229915487,0.5739130434782609,6.376102229915487,0.5739130434782609,230.0,0.0469963220269718,0.0897736143637783,1025.210263527115
etas_ref,Reference ETAS,75,2022-11-16,0.1,0.10000526990707397,5693,141.0,0.6130434782608696,0.3869565217391304,0.10000526990707397,1.100767023830435,6.13011173141692,0.6130434782608696,6.13011173141692,0.6130434782608696,230.0,0.05143595899898421,0.09783945195854558,1025.210263527115
etas_ref,Reference ETAS,76,2022-11-30,0.01,0.010012823440546666,570,29.0,0.1457286432160804,0.8542713567839196,0.010012823440546666,2.261208576998051,14.554200828704927,0.1457286432160804,14.554200828704927,0.1457286432160804,199.0,0.02333931777378815,0.0456140350877193,1473.7059701138037
etas_ref,Reference ETAS,76,2022-11-30,0.02,0.02000808052418009,1139,48.0,0.24120603015075376,0.7587939698492463,0.02000808052418009,1.8729880011706175,12.055430797534644,0.24120603015075376,12.055430797534644,0.24120603015075376,199.0,0.020152261531571878,0.03950834064969271,1473.7059701138037
etas_ref,Reference ETAS,76,2022-11-30,0.03,0.030003337607813516,1708,62.0,0.31155778894472363,0.6884422110552764,0.030003337607813516,1.6133229247983347,10.384104362562226,0.31155778894472363,10.384104362562226,0.31155778894472363,199.0,0.02459508098380324,0.04800936768149883,1473.7059701138037
etas_ref,Reference ETAS,76,2022-11-30,0.04,0.04001616104836018,2278,68.0,0.3417085427135678,0.6582914572864322,0.04001616104836018,1.3266998341625207,8.53926348158704,0.3417085427135678,8.53926348158704,0.3417085427135678,199.0,0.022900763358778626,0.04477611940298507,1473.7059701138037
etas_ref,Reference ETAS,76,2022-11-30,0.05,0.050011418131993605,2847,81.0,0.40703517587939697,0.592964824120603,0.050011418131993605,1.2644889357218123,8.138844909478902,0.40703517587939697,8.138844909478902,0.40703517587939697,199.0,0.023732470334412083,0.04636459430979979,1473.7059701138037
etas_ref,Reference ETAS,76,2022-11-30,0.06,0.06000667521562703,3416,88.0,0.44221105527638194,0.5577889447236181,0.06000667521562703,1.1449388498568827,7.369364386334483,0.44221105527638194,7.369364386334483,0.44221105527638194,199.0,0.027213952789054276,0.05298594847775176,1473.7059701138037
etas_ref,Reference ETAS,76,2022-11-30,0.07,0.07000193229926045,3985,97.0,0.48743718592964824,0.5125628140703518,0.07000193229926045,1.081834657744319,6.963196156440925,0.48743718592964824,6.963196156440925,0.48743718592964824,199.0,0.0325171654359373,0.0629861982434128,1473.7059701138037
etas_ref,Reference ETAS,76,2022-11-30,0.08,0.08001475573980713,4555,103.0,0.5175879396984925,0.4824120603015075,0.08001475573980713,1.0050006098304671,6.468656123647877,0.5175879396984925,6.468656123647877,0.5175879396984925,199.0,0.03393485415957326,0.06564215148188804,1473.7059701138037
etas_ref,Reference ETAS,76,2022-11-30,0.09,0.09001001282344055,5124,109.0,0.5477386934673367,0.4522613065326633,0.09001001282344055,0.9454419290484863,6.085308470533778,0.5477386934673367,6.085308470533778,0.5477386934673367,199.0,0.043903432820617296,0.08411397345823575,1473.7059701138037
etas_ref,Reference ETAS,76,2022-11-30,0.1,0.10000526990707397,5693,112.0,0.5628140703517588,0.4371859296482412,0.10000526990707397,0.8743681324043172,5.627844121362124,0.5628140703517588,5.627844121362124,0.5628140703517588,199.0,0.04949764955295419,0.09432636571227823,1473.7059701138037
etas_ref,Reference ETAS,77,2022-12-14,0.01,0.010012823440546666,570,48.0,0.22857142857142856,0.7714285714285715,0.010012823440546666,3.7426900584795324,22.82786967418546,0.22857142857142856,22.82786967418546,0.22857142857142856,210.0,0.0373066424021838,0.07192982456140351,1329.837150131818
etas_ref,Reference ETAS,77,2022-12-14,0.02,0.02000808052418009,1139,62.0,0.29523809523809524,0.7047619047619047,0.02000808052418009,2.419276168178714,14.755942974204608,0.29523809523809524,14.755942974204608,0.29523809523809524,210.0,0.025664115263394866,0.05004389815627744,1329.837150131818
etas_ref,Reference ETAS,77,2022-12-14,0.03,0.030003337607813516,1708,72.0,0.34285714285714286,0.6571428571428571,0.030003337607813516,1.873536299765808,11.427300100368015,0.34285714285714286,11.427300100368015,0.34285714285714286,210.0,0.027059530968129887,0.05269320843091335,1329.837150131818
etas_ref,Reference ETAS,77,2022-12-14,0.04,0.04001616104836018,2278,84.0,0.4,0.6,0.04001616104836018,1.6388645010242902,9.995961369622476,0.4,9.995961369622476,0.4,210.0,0.02635728767740482,0.051360842844600525,1329.837150131818
etas_ref,Reference ETAS,77,2022-12-14,0.05,0.050011418131993605,2847,92.0,0.4380952380952381,0.5619047619047619,0.050011418131993605,1.4362096553877375,8.759904327027614,0.4380952380952381,8.759904327027614,0.4380952380952381,210.0,0.025022502250225023,0.048823322795925536,1329.837150131818
etas_ref,Reference ETAS,77,2022-12-14,0.06,0.06000667521562703,3416,103.0,0.49047619047619045,0.5095238095238095,0.06000667521562703,1.3400988810824876,8.17369382179101,0.49047619047619045,8.17369382179101,0.49047619047619045,210.0,0.02891566265060241,0.05620608899297424,1329.837150131818
etas_ref,Reference ETAS,77,2022-12-14,0.07,0.07000193229926045,3985,111.0,0.5285714285714286,0.4714285714285714,0.07000193229926045,1.2379757423672104,7.550811973471949,0.5285714285714286,7.550811973471949,0.5285714285714286,210.0,0.033856531327020364,0.06549560853199499,1329.837150131818
etas_ref,Reference ETAS,77,2022-12-14,0.08,0.08001475573980713,4555,114.0,0.5428571428571428,0.4571428571428572,0.08001475573980713,1.1123307720453715,6.784462913595734,0.5428571428571428,6.784462913595734,0.5428571428571428,210.0,0.034639409426462237,0.06695938529088913,1329.837150131818
etas_ref,Reference ETAS,77,2022-12-14,0.09,0.09001001282344055,5124,120.0,0.5714285714285714,0.4285714285714286,0.09001001282344055,1.0408534998698933,6.348500055760008,0.5714285714285714,6.348500055760008,0.5714285714285714,210.0,0.044861337683523655,0.0858704137392662,1329.837150131818
etas_ref,Reference ETAS,77,2022-12-14,0.1,0.10000526990707397,5693,125.0,0.5952380952380952,0.40476190476190477,0.10000526990707397,0.9758572906298183,5.952067283966107,0.5952380952380952,5.952067283966107,0.5952380952380952,210.0,0.05017524441984873,0.09555594589847181,1329.837150131818
etas_ref,Reference ETAS,78,2022-12-28,0.01,0.010012823440546666,570,46.0,0.22115384615384615,0.7788461538461539,0.010012823440546666,3.5867446393762186,22.08706140350877,0.22115384615384615,22.08706140350877,0.22115384615384615,208.0,0.03636363636363636,0.07017543859649122,582.5355402827859
etas_ref,Reference ETAS,78,2022-12-28,0.02,0.02000808052418009,1139,61.0,0.2932692307692308,0.7067307692307692,0.02000808052418009,2.380255584820993,14.657539508340651,0.2932692307692308,14.657539508340651,0.2932692307692308,208.0,0.025202520252025202,0.04916593503072871,582.5355402827859
etas_ref,Reference ETAS,78,2022-12-28,0.03,0.030003337607813516,1708,67.0,0.32211538461538464,0.6778846153846154,0.030003337607813516,1.7434296122820714,10.735985070257613,0.32211538461538464,10.735985070257613,0.32211538461538464,208.0,0.02675082657048392,0.052107728337236536,582.5355402827859
etas_ref,Reference ETAS,78,2022-12-28,0.04,0.04001616104836018,2278,83.0,0.39903846153846156,0.6009615384615384,0.04001616104836018,1.6193542093454296,9.971932616330115,0.39903846153846156,9.971932616330115,0.39903846153846156,208.0,0.025433265811388703,0.04960491659350307,582.5355402827859
etas_ref,Reference ETAS,78,2022-12-28,0.05,0.050011418131993605,2847,87.0,0.4182692307692308,0.5817307692307692,0.050011418131993605,1.358154782812317,8.363474710221286,0.4182692307692308,8.363474710221286,0.4182692307692308,208.0,0.023548445083587992,0.0460133473832104,582.5355402827859
etas_ref,Reference ETAS,78,2022-12-28,0.06,0.06000667521562703,3416,95.0,0.4567307692307692,0.5432692307692308,0.06000667521562703,1.2360135310954983,7.611332699063231,0.4567307692307692,7.611332699063231,0.4567307692307692,208.0,0.02736842105263158,0.05327868852459016,582.5355402827859
etas_ref,Reference ETAS,78,2022-12-28,0.07,0.07000193229926045,3985,101.0,0.4855769230769231,0.5144230769230769,0.07000193229926045,1.1264463962080022,6.936621706398997,0.4855769230769231,6.936621706398997,0.4855769230769231,208.0,0.03184878301398239,0.06173149309912171,582.5355402827859
etas_ref,Reference ETAS,78,2022-12-28,0.08,0.08001475573980713,4555,104.0,0.5,0.5,0.08001475573980713,1.0147578973045495,6.248847420417124,0.5,6.248847420417124,0.5,208.0,0.03323125779743677,0.06432491767288694,582.5355402827859
etas_ref,Reference ETAS,78,2022-12-28,0.09,0.09001001282344055,5124,112.0,0.5384615384615384,0.46153846153846156,0.09001001282344055,0.9714632665452337,5.982240437158469,0.5384615384615384,5.982240437158469,0.5384615384615384,208.0,0.0436908035441491,0.08372365339578454,582.5355402827859
etas_ref,Reference ETAS,78,2022-12-28,0.1,0.10000526990707397,5693,113.0,0.5432692307692307,0.4567307692307693,0.10000526990707397,0.8821749907293557,5.432406024942912,0.5432692307692307,5.432406024942912,0.5432692307692307,208.0,0.04843462246777164,0.0923941682768312,582.5355402827859
etas_ref,Reference ETAS,79,2023-01-11,0.01,0.010012823440546666,570,29.0,0.13744075829383887,0.8625592417061612,0.010012823440546666,2.261208576998051,13.72647376735678,0.13744075829383887,13.72647376735678,0.13744075829383887,211.0,0.02242152466367713,0.043859649122807015,914.528144354972
etas_ref,Reference ETAS,79,2023-01-11,0.02,0.02000808052418009,1139,47.0,0.22274881516587677,0.7772511848341233,0.02000808052418009,1.8339674178128962,11.132942757636407,0.22274881516587677,11.132942757636407,0.22274881516587677,211.0,0.01923937360178971,0.03775241439859526,914.528144354972
etas_ref,Reference ETAS,79,2023-01-11,0.03,0.030003337607813516,1708,73.0,0.3459715639810427,0.6540284360189573,0.030003337607813516,1.8995576372625553,11.531102589431391,0.3459715639810427,11.531102589431391,0.3459715639810427,211.0,0.02675082657048392,0.052107728337236536,914.528144354972
etas_ref,Reference ETAS,79,2023-01-11,0.04,0.04001616104836018,2278,87.0,0.41232227488151657,0.5876777251184835,0.04001616104836018,1.697395376060872,10.303893828876248,0.41232227488151657,10.303893828876248,0.41232227488151657,211.0,0.025433265811388703,0.04960491659350307,914.528144354972
etas_ref,Reference ETAS,79,2023-01-11,0.05,0.050011418131993605,2847,101.0,0.4786729857819905,0.5213270142180095,0.050011418131993605,1.5767084260234945,9.571273994243546,0.4786729857819905,9.571273994243546,0.4786729857819905,211.0,0.025391680172879523,0.04952581664910432,914.528144354972
etas_ref,Reference ETAS,79,2023-01-11,0.06,0.06000667521562703,3416,109.0,0.5165876777251185,0.4834123222748815,0.06000667521562703,1.4181628935727297,8.608836864712476,0.5165876777251185,8.608836864712476,0.5165876777251185,211.0,0.02907064316915198,0.05649882903981265,914.528144354972
etas_ref,Reference ETAS,79,2023-01-11,0.07,0.07000193229926045,3985,122.0,0.5781990521327014,0.4218009478672986,0.07000193229926045,1.3606580231423395,8.25975845439355,0.5781990521327014,8.25975845439355,0.5781990521327014,211.0,0.03399065905552673,0.0657465495608532,914.528144354972
etas_ref,Reference ETAS,79,2023-01-11,0.08,0.08001475573980713,4555,131.0,0.6208530805687204,0.37914691943127965,0.08001475573980713,1.2782046591047689,7.759232341939746,0.6208530805687204,7.759232341939746,0.6208530805687204,211.0,0.03581580443433769,0.06915477497255763,914.528144354972
etas_ref,Reference ETAS,79,2023-01-11,0.09,0.09001001282344055,5124,132.0,0.6255924170616114,0.3744075829383886,0.09001001282344055,1.1449388498568827,6.9502536155476875,0.6255924170616114,6.9502536155476875,0.6255924170616114,211.0,0.045181030086690464,0.08645589383294301,914.528144354972
etas_ref,Reference ETAS,79,2023-01-11,0.1,0.10000526990707397,5693,138.0,0.6540284360189573,0.3459715639810427,0.10000526990707397,1.0773464488553195,6.539939711444087,0.6540284360189573,6.539939711444087,0.6540284360189573,211.0,0.050659776690966135,0.09643421746003865,914.528144354972
etas_ref,Reference ETAS,80,2023-01-25,0.01,0.010012823440546666,570,45.0,0.20089285714285715,0.7991071428571428,0.010012823440546666,3.5087719298245617,20.063557330827066,0.20089285714285715,20.063557330827066,0.20089285714285715,224.0,0.033544877606527655,0.06491228070175438,1052.7132224510601
etas_ref,Reference ETAS,80,2023-01-25,0.02,0.02000808052418009,1139,64.0,0.2857142857142857,0.7142857142857143,0.02000808052418009,2.4973173348941566,14.279944813746393,0.2857142857142857,14.279944813746393,0.2857142857142857,224.0,0.026126126126126126,0.050921861281826165,1052.7132224510601
etas_ref,Reference ETAS,80,2023-01-25,0.03,0.030003337607813516,1708,79.0,0.35267857142857145,0.6473214285714286,0.030003337607813516,2.0556856622430395,11.754644634493141,0.35267857142857145,11.754644634493141,0.35267857142857145,224.0,0.029225670382645376,0.056791569086651054,1052.7132224510601
etas_ref,Reference ETAS,80,2023-01-25,0.04,0.04001616104836018,2278,87.0,0.38839285714285715,0.6116071428571428,0.04001616104836018,1.697395376060872,9.705899990593252,0.38839285714285715,9.705899990593252,0.38839285714285715,224.0,0.02751465944970681,0.053555750658472345,1052.7132224510601
etas_ref,Reference ETAS,80,2023-01-25,0.05,0.050011418131993605,2847,92.0,0.4107142857142857,0.5892857142857143,0.050011418131993605,1.4362096553877375,8.212410306588389,0.4107142857142857,8.212410306588389,0.4107142857142857,224.0,0.02576112412177986,0.0502283105022831,1052.7132224510601
etas_ref,Reference ETAS,80,2023-01-25,0.06,0.06000667521562703,3416,108.0,0.48214285714285715,0.5178571428571428,0.06000667521562703,1.405152224824356,8.034820383071262,0.48214285714285715,8.034820383071262,0.48214285714285715,224.0,0.03000150761344791,0.058255269320843094,1052.7132224510601
etas_ref,Reference ETAS,80,2023-01-25,0.07,0.07000193229926045,3985,112.0,0.5,0.5,0.07000193229926045,1.2491286769831313,7.142659974905897,0.5,7.142659974905897,0.5,224.0,0.033588380236026456,0.06499372647427855,1052.7132224510601
etas_ref,Reference ETAS,80,2023-01-25,0.08,0.08001475573980713,4555,121.0,0.5401785714285714,0.4598214285714286,0.08001475573980713,1.180631784363947,6.7509869452720705,0.5401785714285714,6.7509869452720705,0.5401785714285714,224.0,0.034874474610928095,0.06739846322722283,1052.7132224510601
etas_ref,Reference ETAS,80,2023-01-25,0.09,0.09001001282344055,5124,131.0,0.5848214285714286,0.4151785714285714,0.09001001282344055,1.1362650706913002,6.497293025816884,0.5848214285714286,6.497293025816884,0.5848214285714286,224.0,0.04379710735383988,0.08391881342701014,1052.7132224510601
etas_ref,Reference ETAS,80,2023-01-25,0.1,0.10000526990707397,5693,135.0,0.6026785714285714,0.3973214285714286,0.10000526990707397,1.0539258738802038,6.0264681250156835,0.6026785714285714,6.0264681250156835,0.6026785714285714,224.0,0.049207519351271656,0.09379940277533813,1052.7132224510601
etas_ref,Reference ETAS,81,2023-02-08,0.01,0.010012823440546666,570,40.0,0.2127659574468085,0.7872340425531915,0.010012823440546666,3.118908382066277,21.249346771183276,0.2127659574468085,21.249346771183276,0.2127659574468085,188.0,0.034482758620689655,0.06666666666666667,1381.9540197066565
etas_ref,Reference ETAS,81,2023-02-08,0.02,0.02000808052418009,1139,52.0,0.2765957446808511,0.7234042553191489,0.02000808052418009,2.029070334601502,13.824201894158744,0.2765957446808511,13.824201894158744,0.2765957446808511,188.0,0.022900763358778626,0.04477611940298507,1381.9540197066565
etas_ref,Reference ETAS,81,2023-02-08,0.03,0.030003337607813516,1708,59.0,0.31382978723404253,0.6861702127659575,0.030003337607813516,1.5352589123080926,10.459829214210972,0.31382978723404253,10.459829214210972,0.31382978723404253,188.0,0.02459508098380324,0.04800936768149883,1381.9540197066565
etas_ref,Reference ETAS,81,2023-02-08,0.04,0.04001616104836018,2278,69.0,0.3670212765957447,0.6329787234042553,0.04001616104836018,1.3462101258413812,9.171826256701474,0.3670212765957447,9.171826256701474,0.3670212765957447,188.0,0.024280575539568347,0.04741000877963126,1381.9540197066565
etas_ref,Reference ETAS,81,2023-02-08,0.05,0.050011418131993605,2847,75.0,0.39893617021276595,0.601063829787234,0.050011418131993605,1.1708230886313078,7.976901777907315,0.39893617021276595,7.976901777907315,0.39893617021276595,188.0,0.02336448598130841,0.045662100456621,1381.9540197066565
etas_ref,Reference ETAS,81,2023-02-08,0.06,0.06000667521562703,3416,82.0,0.43617021276595747,0.5638297872340425,0.06000667521562703,1.0668748373666406,7.268694877672032,0.43617021276595747,7.268694877672032,0.43617021276595747,188.0,0.02675082657048392,0.052107728337236536,1381.9540197066565
etas_ref,Reference ETAS,81,2023-02-08,0.07,0.07000193229926045,3985,89.0,0.4734042553191489,0.5265957446808511,0.07000193229926045,0.9926111808169525,6.762731252836435,0.4734042553191489,6.762731252836435,0.4734042553191489,188.0,0.031448168758897374,0.06097867001254705,1381.9540197066565
etas_ref,Reference ETAS,81,2023-02-08,0.08,0.08001475573980713,4555,99.0,0.526595744680851,0.473404255319149,0.08001475573980713,0.9659714599341384,6.58123292150314,0.526595744680851,6.58123292150314,0.526595744680851,188.0,0.033465683494044246,0.06476399560922064,1381.9540197066565
etas_ref,Reference ETAS,81,2023-02-08,0.09,0.09001001282344055,5124,101.0,0.5372340425531915,0.4627659574468085,0.09001001282344055,0.8760516957238268,5.968603110933945,0.5372340425531915,5.968603110933945,0.5372340425531915,188.0,0.0429472827193161,0.0823575331772053,1381.9540197066565
etas_ref,Reference ETAS,81,2023-02-08,0.1,0.10000526990707397,5693,103.0,0.5478723404255319,0.4521276595744681,0.10000526990707397,0.8041064074789702,5.47843469583774,0.5478723404255319,5.47843469583774,0.5478723404255319,188.0,0.04804860088365243,0.09169155102757773,1381.9540197066565
etas_ref,Reference ETAS,82,2023-02-22,0.01,0.010012823440546666,570,36.0,0.1791044776119403,0.8208955223880597,0.010012823440546666,2.8070175438596494,17.88750981932443,0.1791044776119403,17.88750981932443,0.1791044776119403,201.0,0.03074141048824593,0.05964912280701754,1069.0385900483625
etas_ref,Reference ETAS,82,2023-02-22,0.02,0.02000808052418009,1139,50.0,0.24875621890547264,0.7512437810945274,0.02000808052418009,1.9510291678860598,12.432787773162284,0.24875621890547264,12.432787773162284,0.24875621890547264,201.0,0.021982951996410947,0.04302019315188762,1069.0385900483625
etas_ref,Reference ETAS,82,2023-02-22,0.03,0.030003337607813516,1708,60.0,0.29850746268656714,0.7014925373134329,0.030003337607813516,1.56128024980484,9.949141878429863,0.29850746268656714,9.949141878429863,0.29850746268656714,201.0,0.02459508098380324,0.04800936768149883,1069.0385900483625
etas_ref,Reference ETAS,82,2023-02-22,0.04,0.04001616104836018,2278,70.0,0.3482587064676617,0.6517412935323383,0.04001616104836018,1.3657204175202418,8.7029514412136,0.3482587064676617,8.7029514412136,0.3482587064676617,201.0,0.023820224719101123,0.046532045654082525,1069.0385900483625
etas_ref,Reference ETAS,82,2023-02-22,0.05,0.050011418131993605,2847,73.0,0.36318407960199006,0.6368159203980099,0.050011418131993605,1.1396011396011396,7.262023217247098,0.36318407960199006,7.262023217247098,0.36318407960199006,201.0,0.022629310344827586,0.044257112750263436,1069.0385900483625
etas_ref,Reference ETAS,82,2023-02-22,0.06,0.06000667521562703,3416,84.0,0.417910447761194,0.582089552238806,0.06000667521562703,1.092896174863388,6.964399314900905,0.417910447761194,6.964399314900905,0.417910447761194,201.0,0.02675082657048392,0.052107728337236536,1069.0385900483625
etas_ref,Reference ETAS,82,2023-02-22,0.07,0.07000193229926045,3985,90.0,0.44776119402985076,0.5522388059701493,0.07000193229926045,1.0037641154328734,6.396411917826177,0.44776119402985076,6.396411917826177,0.44776119402985076,201.0,0.03184878301398239,0.06173149309912171,1069.0385900483625
etas_ref,Reference ETAS,82,2023-02-22,0.08,0.08001475573980713,4555,106.0,0.527363184079602,0.47263681592039797,0.08001475573980713,1.0342724722527137,6.590824144917564,0.527363184079602,6.590824144917564,0.527363184079602,201.0,0.03499204726198591,0.06761800219538969,1069.0385900483625
etas_ref,Reference ETAS,82,2023-02-22,0.09,0.09001001282344055,5124,110.0,0.5472636815920398,0.45273631840796025,0.09001001282344055,0.9541157082140688,6.080031147929361,0.5472636815920398,6.080031147929361,0.5472636815920398,201.0,0.04432895139101192,0.08489461358313817,1069.0385900483625
etas_ref,Reference ETAS,82,2023-02-22,0.1,0.10000526990707397,5693,114.0,0.5671641791044776,0.4328358208955224,0.10000526990707397,0.8899818490543943,5.671342916543228,0.5671641791044776,5.671342916543228,0.5671641791044776,201.0,0.04911084492766977,0.09362374846302476,1069.0385900483625
etas_ref,Reference ETAS,83,2023-03-08,0.01,0.010012823440546666,570,27.0,0.14594594594594595,0.854054054054054,0.010012823440546666,2.105263157894737,14.575903271692745,0.14594594594594595,14.575903271692745,0.14594594594594595,185.0,0.025179856115107913,0.04912280701754386,1023.1898264641712
etas_ref,Reference ETAS,83,2023-03-08,0.02,0.02000808052418009,1139,34.0,0.1837837837837838,0.8162162162162162,0.02000808052418009,1.3266998341625207,9.185478015328762,0.1837837837837838,9.185478015328762,0.1837837837837838,185.0,0.016057091882247992,0.03160667251975417,1023.1898264641712
etas_ref,Reference ETAS,83,2023-03-08,0.03,0.030003337607813516,1708,45.0,0.24324324324324326,0.7567567567567568,0.030003337607813516,1.17096018735363,8.10720615228812,0.24324324324324326,8.10720615228812,0.24324324324324326,185.0,0.020615476546160742,0.04039812646370024,1023.1898264641712
etas_ref,Reference ETAS,83,2023-03-08,0.04,0.04001616104836018,2278,56.0,0.3027027027027027,0.6972972972972973,0.04001616104836018,1.0925763340161936,7.564511306741334,0.3027027027027027,7.564511306741334,0.3027027027027027,185.0,0.021295673615781215,0.04170324846356453,1023.1898264641712
etas_ref,Reference ETAS,83,2023-03-08,0.05,0.050011418131993605,2847,62.0,0.33513513513513515,0.6648648648648648,0.050011418131993605,0.9678804199352143,6.701172405281994,0.33513513513513515,6.701172405281994,0.33513513513513515,185.0,0.021162123385939743,0.0414471373375483,1023.1898264641712
etas_ref,Reference ETAS,83,2023-03-08,0.06,0.06000667521562703,3416,74.0,0.4,0.6,0.06000667521562703,0.9627894873796513,6.66592505854801,0.4,6.66592505854801,0.4,185.0,0.025671821047890706,0.05005854800936768,1023.1898264641712
etas_ref,Reference ETAS,83,2023-03-08,0.07,0.07000193229926045,3985,79.0,0.42702702702702705,0.5729729729729729,0.07000193229926045,0.8810818346577444,6.10021770829801,0.42702702702702705,6.10021770829801,0.42702702702702705,185.0,0.031181265364212705,0.060476787954830614,1023.1898264641712
etas_ref,Reference ETAS,83,2023-03-08,0.08,0.08001475573980713,4555,86.0,0.4648648648648649,0.5351351351351351,0.08001475573980713,0.8391267227710697,5.809739223306732,0.4648648648648649,5.809739223306732,0.4648648648648649,185.0,0.03299693842839324,0.06388583973655323,1023.1898264641712
etas_ref,Reference ETAS,83,2023-03-08,0.09,0.09001001282344055,5124,92.0,0.4972972972972973,0.5027027027027027,0.09001001282344055,0.7979876832335848,5.524910859337089,0.4972972972972973,5.524910859337089,0.4972972972972973,185.0,0.042628955132770374,0.08177205308352849,1023.1898264641712
etas_ref,Reference ETAS,83,2023-03-08,0.1,0.10000526990707397,5693,97.0,0.5243243243243243,0.4756756756756757,0.10000526990707397,0.757265257528739,5.242966943757388,0.5243243243243243,5.242966943757388,0.5243243243243243,185.0,0.04756647345661975,0.0908132794660109,1023.1898264641712
etas_ref,Reference ETAS,84,2023-03-22,0.01,0.010012823440546666,570,31.0,0.1631578947368421,0.8368421052631578,0.010012823440546666,2.417153996101365,16.29489381348107,0.1631578947368421,16.29489381348107,0.1631578947368421,190.0,0.027953110910730387,0.054385964912280704,828.1273845622309
etas_ref,Reference ETAS,84,2023-03-22,0.02,0.02000808052418009,1139,47.0,0.24736842105263157,0.7526315789473684,0.02000808052418009,1.8339674178128962,12.363425904533063,0.24736842105263157,12.363425904533063,0.24736842105263157,190.0,0.021982951996410947,0.04302019315188762,828.1273845622309
etas_ref,Reference ETAS,84,2023-03-22,0.03,0.030003337607813516,1708,63.0,0.33157894736842103,0.668421052631579,0.030003337607813516,1.639344262295082,11.051402070750646,0.33157894736842103,11.051402070750646,0.33157894736842103,190.0,0.025517862503752625,0.049765807962529274,828.1273845622309
etas_ref,Reference ETAS,84,2023-03-22,0.04,0.04001616104836018,2278,72.0,0.37894736842105264,0.6210526315789473,0.04001616104836018,1.404741000877963,9.469858139642346,0.37894736842105264,9.469858139642346,0.37894736842105264,190.0,0.024510906228918373,0.04784899034240562,828.1273845622309
etas_ref,Reference ETAS,84,2023-03-22,0.05,0.050011418131993605,2847,81.0,0.4263157894736842,0.5736842105263158,0.050011418131993605,1.2644889357218123,8.524369142033166,0.4263157894736842,8.524369142033166,0.4263157894736842,190.0,0.024653590066582687,0.04812082894274675,828.1273845622309
etas_ref,Reference ETAS,84,2023-03-22,0.06,0.06000667521562703,3416,88.0,0.4631578947368421,0.5368421052631579,0.06000667521562703,1.1449388498568827,7.718439541476642,0.4631578947368421,7.718439541476642,0.4631578947368421,190.0,0.02845100105374078,0.055327868852459015,828.1273845622309
etas_ref,Reference ETAS,84,2023-03-22,0.07,0.07000193229926045,3985,101.0,0.531578947368421,0.46842105263157896,0.07000193229926045,1.1264463962080022,7.5937753417420595,0.531578947368421,7.5937753417420595,0.531578947368421,190.0,0.03506493506493506,0.06775407779171895,828.1273845622309
etas_ref,Reference ETAS,84,2023-03-22,0.08,0.08001475573980713,4555,109.0,0.5736842105263158,0.4263157894736842,0.08001475573980713,1.0635443346749605,7.169730198162806,0.5736842105263158,7.169730198162806,0.5736842105263158,190.0,0.03675884829862296,0.07091108671789242,828.1273845622309
etas_ref,Reference ETAS,84,2023-03-22,0.09,0.09001001282344055,5124,118.0,0.6210526315789474,0.3789473684210526,0.09001001282344055,1.0235059415387284,6.899817165865484,0.6210526315789474,6.899817165865484,0.6210526315789474,190.0,0.04528763769889841,0.08665105386416862,828.1273845622309
etas_ref,Reference ETAS,84,2023-03-22,0.1,0.10000526990707397,5693,124.0,0.6526315789473685,0.34736842105263155,0.10000526990707397,0.9680504323047797,6.525971876820103,0.6526315789473685,6.525971876820103,0.6526315789473685,190.0,0.05124180592743052,0.09748814333391885,828.1273845622309
etas_ref,Reference ETAS,85,2023-04-05,0.01,0.010012823440546666,570,31.0,0.1791907514450867,0.8208092485549133,0.010012823440546666,2.417153996101365,17.896126153534123,0.1791907514450867,17.896126153534123,0.1791907514450867,173.0,0.026102610261026102,0.05087719298245614,780.0398617253338
etas_ref,Reference ETAS,85,2023-04-05,0.02,0.02000808052418009,1139,47.0,0.27167630057803466,0.7283236994219653,0.02000808052418009,1.8339674178128962,13.578329028099894,0.27167630057803466,13.578329028099894,0.27167630057803466,173.0,0.02060931899641577,0.04038630377524144,780.0398617253338
etas_ref,Reference ETAS,85,2023-04-05,0.03,0.030003337607813516,1708,55.0,0.3179190751445087,0.6820809248554913,0.030003337607813516,1.4311735623211033,10.59612364798094,0.3179190751445087,10.59612364798094,0.3179190751445087,173.0,0.0215311004784689,0.04215456674473068,780.0398617253338
etas_ref,Reference ETAS,85,2023-04-05,0.04,0.04001616104836018,2278,64.0,0.3699421965317919,0.630057803468208,0.04001616104836018,1.2486586674470783,9.244819763812695,0.3699421965317919,9.244819763812695,0.3699421965317919,173.0,0.021753756447634,0.04258121158911326,780.0398617253338
etas_ref,Reference ETAS,85,2023-04-05,0.05,0.050011418131993605,2847,72.0,0.4161849710982659,0.5838150289017341,0.050011418131993605,1.1239901650860553,8.321799033969436,0.4161849710982659,8.321799033969436,0.4161849710982659,173.0,0.021711824869908487,0.042500878117316475,780.0398617253338
etas_ref,Reference ETAS,85,2023-04-05,0.06,0.06000667521562703,3416,79.0,0.45664739884393063,0.5433526011560694,0.06000667521562703,1.0278428311215198,7.609943347186311,0.45664739884393063,7.609943347186311,0.45664739884393063,173.0,0.025825825825825825,0.05035128805620609,780.0398617253338
etas_ref,Reference ETAS,85,2023-04-05,0.07,0.07000193229926045,3985,85.0,0.4913294797687861,0.5086705202312138,0.07000193229926045,0.9479994423532693,7.018798819271691,0.4913294797687861,7.018798819271691,0.4913294797687861,173.0,0.0322497085869706,0.06248431618569636,780.0398617253338
etas_ref,Reference ETAS,85,2023-04-05,0.08,0.08001475573980713,4555,89.0,0.5144508670520231,0.48554913294797686,0.08001475573980713,0.8683985851933163,6.429449947018775,0.5144508670520231,6.429449947018775,0.5144508670520231,173.0,0.03393485415957326,0.06564215148188804,780.0398617253338
etas_ref,Reference ETAS,85,2023-04-05,0.09,0.09001001282344055,5124,94.0,0.5433526011560693,0.4566473988439307,0.09001001282344055,0.8153352415647497,6.0365795327891405,0.5433526011560693,6.0365795327891405,0.5433526011560693,173.0,0.0429472827193161,0.0823575331772053,780.0398617253338
etas_ref,Reference ETAS,85,2023-04-05,0.1,0.10000526990707397,5693,102.0,0.5895953757225434,0.4104046242774566,0.10000526990707397,0.7962995491539318,5.895643062314638,0.5895953757225434,5.895643062314638,0.5895953757225434,173.0,0.04843462246777164,0.0923941682768312,780.0398617253338
etas_ref,Reference ETAS,86,2023-04-19,0.01,0.010012823440546666,570,32.0,0.1509433962264151,0.8490566037735849,0.010012823440546666,2.4951267056530217,15.075008275405493,0.1509433962264151,15.075008275405493,0.1509433962264151,212.0,0.02702702702702703,0.05263157894736842,913.9346072245457
etas_ref,Reference ETAS,86,2023-04-19,0.02,0.02000808052418009,1139,49.0,0.23113207547169812,0.7688679245283019,0.02000808052418009,1.9120085845283386,11.551936488478805,0.23113207547169812,11.551936488478805,0.23113207547169812,212.0,0.021524663677130046,0.04214223002633889,913.9346072245457
etas_ref,Reference ETAS,86,2023-04-19,0.03,0.030003337607813516,1708,63.0,0.2971698113207547,0.7028301886792453,0.030003337607813516,1.639344262295082,9.904558459635012,0.2971698113207547,9.904558459635012,0.2971698113207547,212.0,0.025210084033613446,0.04918032786885246,913.9346072245457
etas_ref,Reference ETAS,86,2023-04-19,0.04,0.04001616104836018,2278,76.0,0.3584905660377358,0.6415094339622642,0.04001616104836018,1.4827821675934054,8.958644623718257,0.3584905660377358,8.958644623718257,0.3584905660377358,212.0,0.025895068678225625,0.0504828797190518,913.9346072245457
etas_ref,Reference ETAS,86,2023-04-19,0.05,0.050011418131993605,2847,89.0,0.419811320754717,0.5801886792452831,0.050011418131993605,1.3893767318424852,8.394309468424227,0.419811320754717,8.394309468424227,0.419811320754717,212.0,0.02576112412177986,0.0502283105022831,913.9346072245457
etas_ref,Reference ETAS,86,2023-04-19,0.06,0.06000667521562703,3416,102.0,0.4811320754716981,0.5188679245283019,0.06000667521562703,1.327088212334114,8.017975895895011,0.4811320754716981,8.017975895895011,0.4811320754716981,212.0,0.030623020063357972,0.05942622950819672,913.9346072245457
etas_ref,Reference ETAS,86,2023-04-19,0.07,0.07000193229926045,3985,108.0,0.5094339622641509,0.49056603773584906,0.07000193229926045,1.204516938519448,7.277427144243744,0.5094339622641509,7.277427144243744,0.5094339622641509,212.0,0.03600675939165475,0.06951066499372648,913.9346072245457
etas_ref,Reference ETAS,86,2023-04-19,0.08,0.08001475573980713,4555,111.0,0.5235849056603774,0.4764150943396226,0.08001475573980713,1.083058909623125,6.543604374210385,0.5235849056603774,6.543604374210385,0.5235849056603774,212.0,0.036169244767970885,0.06981339187705818,913.9346072245457
etas_ref,Reference ETAS,86,2023-04-19,0.09,0.09001001282344055,5124,117.0,0.5518867924528302,0.44811320754716977,0.09001001282344055,1.014832162373146,6.1313933321550085,0.5518867924528302,6.1313933321550085,0.5518867924528302,212.0,0.044967880085653104,0.0860655737704918,913.9346072245457
etas_ref,Reference ETAS,86,2023-04-19,0.1,0.10000526990707397,5693,123.0,0.5801886792452831,0.41981132075471694,0.10000526990707397,0.9602435739797412,5.801581054522437,0.5801886792452831,5.801581054522437,0.5801886792452831,212.0,0.05124180592743052,0.09748814333391885,913.9346072245457
etas_ref,Reference ETAS,87,2023-05-03,0.01,0.010012823440546666,570,27.0,0.17307692307692307,0.8269230769230769,0.010012823440546666,2.105263157894737,17.285526315789472,0.17307692307692307,17.285526315789472,0.17307692307692307,156.0,0.025179856115107913,0.04912280701754386,2343.042602300704
etas_ref,Reference ETAS,87,2023-05-03,0.02,0.02000808052418009,1139,41.0,0.26282051282051283,0.7371794871794872,0.02000808052418009,1.599843917666569,13.135718466491076,0.26282051282051283,13.135718466491076,0.26282051282051283,156.0,0.01923937360178971,0.03775241439859526,2343.042602300704
etas_ref,Reference ETAS,87,2023-05-03,0.03,0.030003337607813516,1708,55.0,0.3525641025641026,0.6474358974358974,0.030003337607813516,1.4311735623211033,11.75082943013271,0.3525641025641026,11.75082943013271,0.3525641025641026,156.0,0.023980815347721823,0.0468384074941452,2343.042602300704
etas_ref,Reference ETAS,87,2023-05-03,0.04,0.04001616104836018,2278,59.0,0.3782051282051282,0.6217948717948718,0.04001616104836018,1.1511072090527752,9.451309628328945,0.3782051282051282,9.451309628328945,0.3782051282051282,156.0,0.023130473837862115,0.04521510096575944,2343.042602300704
etas_ref,Reference ETAS,87,2023-05-03,0.05,0.050011418131993605,2847,64.0,0.41025641025641024,0.5897435897435898,0.050011418131993605,0.9991023689653826,8.203254888186395,0.41025641025641024,8.203254888186395,0.41025641025641024,156.0,0.02189519023689878,0.04285212504390586,2343.042602300704
etas_ref,Reference ETAS,87,2023-05-03,0.06,0.06000667521562703,3416,68.0,0.4358974358974359,0.5641025641025641,0.06000667521562703,0.8847254748894093,7.264149102263857,0.4358974358974359,7.264149102263857,0.4358974358974359,156.0,0.026288117770767613,0.05122950819672131,2343.042602300704
etas_ref,Reference ETAS,87,2023-05-03,0.07,0.07000193229926045,3985,74.0,0.47435897435897434,0.5256410256410257,0.07000193229926045,0.8253171615781403,6.776369719782518,0.47435897435897434,6.776369719782518,0.47435897435897434,156.0,0.03211603211603212,0.06223337515683814,2343.042602300704
etas_ref,Reference ETAS,87,2023-05-03,0.08,0.08001475573980713,4555,79.0,0.5064102564102564,0.4935897435897436,0.08001475573980713,0.7708257104524943,6.32896084888401,0.5064102564102564,6.32896084888401,0.5064102564102564,156.0,0.03416959927347032,0.06608122941822174,2343.042602300704
etas_ref,Reference ETAS,87,2023-05-03,0.09,0.09001001282344055,5124,82.0,0.5256410256410257,0.47435897435897434,0.09001001282344055,0.7112498915777604,5.839806141035649,0.5256410256410257,5.839806141035649,0.5256410256410257,156.0,0.04315960912052117,0.08274785323965651,2343.042602300704
etas_ref,Reference ETAS,87,2023-05-03,0.1,0.10000526990707397,5693,85.0,0.5448717948717948,0.4551282051282052,0.10000526990707397,0.6635829576282765,5.448430821476667,0.5448717948717948,5.448430821476667,0.5448717948717948,156.0,0.04891754951635191,0.09327243983839803,2343.042602300704
etas_ref,Reference ETAS,88,2023-05-17,0.01,0.010012823440546666,570,31.0,0.16666666666666666,0.8333333333333334,0.010012823440546666,2.417153996101365,16.6453216374269,0.16666666666666666,16.6453216374269,0.16666666666666666,186.0,0.02702702702702703,0.05263157894736842,957.5583917636019
etas_ref,Reference ETAS,88,2023-05-17,0.02,0.02000808052418009,1139,44.0,0.23655913978494625,0.7634408602150538,0.02000808052418009,1.7169056677397325,11.823180114607231,0.23655913978494625,11.823180114607231,0.23655913978494625,186.0,0.019695613249776187,0.038630377524143986,957.5583917636019
etas_ref,Reference ETAS,88,2023-05-17,0.03,0.030003337607813516,1708,59.0,0.3172043010752688,0.6827956989247312,0.030003337607813516,1.5352589123080926,10.572300496084209,0.3172043010752688,10.572300496084209,0.3172043010752688,186.0,0.023367285799880167,0.04566744730679157,957.5583917636019
etas_ref,Reference ETAS,88,2023-05-17,0.04,0.04001616104836018,2278,69.0,0.3709677419354839,0.6290322580645161,0.04001616104836018,1.3462101258413812,9.270448044407942,0.3709677419354839,9.270448044407942,0.3709677419354839,186.0,0.024510906228918373,0.04784899034240562,957.5583917636019
etas_ref,Reference ETAS,88,2023-05-17,0.05,0.050011418131993605,2847,76.0,0.40860215053763443,0.5913978494623655,0.050011418131993605,1.1864340631463919,8.170177247508224,0.40860215053763443,8.170177247508224,0.40860215053763443,186.0,0.02576112412177986,0.0502283105022831,957.5583917636019
etas_ref,Reference ETAS,88,2023-05-17,0.06,0.06000667521562703,3416,82.0,0.44086021505376344,0.5591397849462365,0.06000667521562703,1.0668748373666406,7.346852887109365,0.44086021505376344,7.346852887109365,0.44086021505376344,186.0,0.028760728805902726,0.05591334894613583,957.5583917636019
etas_ref,Reference ETAS,88,2023-05-17,0.07,0.07000193229926045,3985,86.0,0.46236559139784944,0.5376344086021505,0.07000193229926045,0.9591523769691901,6.605040406902227,0.46236559139784944,6.605040406902227,0.46236559139784944,186.0,0.03278476091745497,0.06348808030112923,957.5583917636019
etas_ref,Reference ETAS,88,2023-05-17,0.08,0.08001475573980713,4555,88.0,0.4731182795698925,0.5268817204301075,0.08001475573980713,0.858641297719234,5.9128878816850206,0.4731182795698925,5.9128878816850206,0.4731182795698925,186.0,0.03299693842839324,0.06388583973655323,957.5583917636019
etas_ref,Reference ETAS,88,2023-05-17,0.09,0.09001001282344055,5124,93.0,0.5,0.5,0.09001001282344055,0.8066614623991673,5.554937548790008,0.5,5.554937548790008,0.5,186.0,0.04252288911495422,0.08157689305230288,957.5583917636019
etas_ref,Reference ETAS,88,2023-05-17,0.1,0.10000526990707397,5693,104.0,0.5591397849462365,0.4408602150537635,0.10000526990707397,0.8119132658040088,5.59110320351913,0.5591397849462365,5.59110320351913,0.5591397849462365,186.0,0.04853117229947509,0.09256982258914456,957.5583917636019
etas_ref,Reference ETAS,89,2023-05-31,0.01,0.010012823440546666,570,43.0,0.22994652406417113,0.7700534759358288,0.010012823440546666,3.352826510721248,22.965203114738717,0.22994652406417113,22.965203114738717,0.22994652406417113,187.0,0.03636363636363636,0.07017543859649122,169.6156865354561
etas_ref,Reference ETAS,89,2023-05-31,0.02,0.02000808052418009,1139,59.0,0.3155080213903743,0.6844919786096257,0.02000808052418009,2.3022144181055504,15.769029968121018,0.3155080213903743,15.769029968121018,0.3155080213903743,187.0,0.025664115263394866,0.05004389815627744,169.6156865354561
etas_ref,Reference ETAS,89,2023-05-31,0.03,0.030003337607813516,1708,73.0,0.39037433155080214,0.6096256684491979,0.030003337607813516,1.8995576372625553,13.011030194492104,0.39037433155080214,13.011030194492104,0.39037433155080214,187.0,0.027059530968129887,0.05269320843091335,169.6156865354561
etas_ref,Reference ETAS,89,2023-05-31,0.04,0.04001616104836018,2278,79.0,0.42245989304812837,0.5775401069518716,0.04001616104836018,1.5413130426299873,10.557231927809836,0.42245989304812837,10.557231927809836,0.42245989304812837,187.0,0.025895068678225625,0.0504828797190518,169.6156865354561
etas_ref,Reference ETAS,89,2023-05-31,0.05,0.050011418131993605,2847,84.0,0.44919786096256686,0.5508021390374331,0.050011418131993605,1.3113218592670646,8.98190608746612,0.44919786096256686,8.98190608746612,0.44919786096256686,187.0,0.02650081124932396,0.051633298208640675,169.6156865354561
etas_ref,Reference ETAS,89,2023-05-31,0.06,0.06000667521562703,3416,89.0,0.47593582887700536,0.5240641711229946,0.06000667521562703,1.1579495186052564,7.931381419930118,0.47593582887700536,7.931381419930118,0.47593582887700536,187.0,0.029225670382645376,0.056791569086651054,169.6156865354561
etas_ref,Reference ETAS,89,2023-05-31,0.07,0.07000193229926045,3985,92.0,0.4919786096256685,0.5080213903743316,0.07000193229926045,1.026069984664715,7.028071846966231,0.4919786096256685,7.028071846966231,0.4919786096256685,187.0,0.0333203682095164,0.06449184441656211,169.6156865354561
etas_ref,Reference ETAS,89,2023-05-31,0.08,0.08001475573980713,4555,101.0,0.5401069518716578,0.4598930481283422,0.08001475573980713,0.9854860348823028,6.750091865905129,0.5401069518716578,6.750091865905129,0.5401069518716578,187.0,0.034287011807447774,0.06630076838638858,169.6156865354561
etas_ref,Reference ETAS,89,2023-05-31,0.09,0.09001001282344055,5124,103.0,0.5508021390374331,0.44919786096256686,0.09001001282344055,0.8933992540549918,6.119342968185784,0.5508021390374331,6.119342968185784,0.5508021390374331,187.0,0.043478260869565216,0.08333333333333333,169.6156865354561
etas_ref,Reference ETAS,89,2023-05-31,0.1,0.10000526990707397,5693,107.0,0.5721925133689839,0.4278074866310161,0.10000526990707397,0.8353338407791244,5.721623609442499,0.5721925133689839,5.721623609442499,0.5721925133689839,187.0,0.048820928518791454,0.09309678552608466,169.6156865354561
etas_ref,Reference ETAS,90,2023-06-14,0.01,0.010012823440546666,570,37.0,0.2138728323699422,0.7861271676300579,0.010012823440546666,2.8849902534113063,21.359892505831052,0.2138728323699422,21.359892505831052,0.2138728323699422,173.0,0.03260869565217391,0.06315789473684211,956.0943802105598
etas_ref,Reference ETAS,90,2023-06-14,0.02,0.02000808052418009,1139,50.0,0.28901734104046245,0.7109826589595376,0.02000808052418009,1.9510291678860598,14.445030880957336,0.28901734104046245,14.445030880957336,0.28901734104046245,173.0,0.02336028751123091,0.0456540825285338,956.0943802105598
etas_ref,Reference ETAS,90,2023-06-14,0.03,0.030003337607813516,1708,59.0,0.34104046242774566,0.6589595375722543,0.030003337607813516,1.5352589123080926,11.366750822379553,0.34104046242774566,11.366750822379553,0.34104046242774566,173.0,0.024287856071964018,0.04742388758782201,956.0943802105598
etas_ref,Reference ETAS,90,2023-06-14,0.04,0.04001616104836018,2278,70.0,0.4046242774566474,0.5953757225433526,0.04001616104836018,1.3657204175202418,10.111521616670135,0.4046242774566474,10.111521616670135,0.4046242774566474,173.0,0.024510906228918373,0.04784899034240562,956.0943802105598
etas_ref,Reference ETAS,90,2023-06-14,0.05,0.050011418131993605,2847,75.0,0.43352601156069365,0.5664739884393064,0.050011418131993605,1.1708230886313078,8.66854066038483,0.43352601156069365,8.66854066038483,0.43352601156069365,173.0,0.02576112412177986,0.0502283105022831,956.0943802105598
etas_ref,Reference ETAS,90,2023-06-14,0.06,0.06000667521562703,3416,78.0,0.4508670520231214,0.5491329479768786,0.06000667521562703,1.014832162373146,7.513614950386485,0.4508670520231214,7.513614950386485,0.4508670520231214,173.0,0.027986758952753536,0.05444964871194379,956.0943802105598
etas_ref,Reference ETAS,90,2023-06-14,0.07,0.07000193229926045,3985,86.0,0.49710982658959535,0.5028901734104047,0.07000193229926045,0.9591523769691901,7.101372923027828,0.49710982658959535,7.101372923027828,0.49710982658959535,173.0,0.03278476091745497,0.06348808030112923,956.0943802105598
etas_ref,Reference ETAS,90,2023-06-14,0.08,0.08001475573980713,4555,94.0,0.5433526011560693,0.4566473988439307,0.08001475573980713,0.9171850225637274,6.790655000222076,0.5433526011560693,6.790655000222076,0.5433526011560693,173.0,0.032879818594104306,0.06366630076838639,956.0943802105598
etas_ref,Reference ETAS,90,2023-06-14,0.09,0.09001001282344055,5124,98.0,0.5664739884393064,0.4335260115606936,0.09001001282344055,0.8500303582270795,6.29345525758868,0.5664739884393064,6.29345525758868,0.5664739884393064,173.0,0.04454184079094894,0.08528493364558938,956.0943802105598
etas_ref,Reference ETAS,90,2023-06-14,0.1,0.10000526990707397,5693,103.0,0.5953757225433526,0.4046242774566474,0.10000526990707397,0.8041064074789702,5.953443484494192,0.5953757225433526,5.953443484494192,0.5953757225433526,173.0,0.04843462246777164,0.0923941682768312,956.0943802105598
etas_ref,Reference ETAS,91,2023-06-28,0.01,0.010012823440546666,570,26.0,0.1326530612244898,0.8673469387755102,0.010012823440546666,2.0272904483430803,13.248317221625491,0.1326530612244898,13.248317221625491,0.1326530612244898,196.0,0.02242152466367713,0.043859649122807015,1681.0095993060193
etas_ref,Reference ETAS,91,2023-06-28,0.02,0.02000808052418009,1139,44.0,0.22448979591836735,0.7755102040816326,0.02000808052418009,1.7169056677397325,11.219956639372167,0.22448979591836735,11.219956639372167,0.22448979591836735,196.0,0.02060931899641577,0.04038630377524144,1681.0095993060193
etas_ref,Reference ETAS,91,2023-06-28,0.03,0.030003337607813516,1708,58.0,0.29591836734693877,0.7040816326530612,0.030003337607813516,1.5092375748113454,9.862848300912871,0.29591836734693877,9.862848300912871,0.29591836734693877,196.0,0.023673958645489962,0.04625292740046839,1681.0095993060193
etas_ref,Reference ETAS,91,2023-06-28,0.04,0.04001616104836018,2278,69.0,0.3520408163265306,0.6479591836734694,0.04001616104836018,1.3462101258413812,8.797466001325905,0.3520408163265306,8.797466001325905,0.3520408163265306,196.0,0.024280575539568347,0.04741000877963126,1681.0095993060193
etas_ref,Reference ETAS,91,2023-06-28,0.05,0.050011418131993605,2847,73.0,0.37244897959183676,0.6275510204081632,0.050011418131993605,1.1396011396011396,7.447278911564626,0.37244897959183676,7.447278911564626,0.37244897959183676,196.0,0.025207057976233346,0.04917456972251493,1681.0095993060193
etas_ref,Reference ETAS,91,2023-06-28,0.06,0.06000667521562703,3416,81.0,0.413265306122449,0.5867346938775511,0.06000667521562703,1.053864168618267,6.886988899775367,0.413265306122449,6.886988899775367,0.413265306122449,196.0,0.02845100105374078,0.055327868852459015,1681.0095993060193
etas_ref,Reference ETAS,91,2023-06-28,0.07,0.07000193229926045,3985,90.0,0.45918367346938777,0.5408163265306123,0.07000193229926045,1.0037641154328734,6.55958569124011,0.45918367346938777,6.55958569124011,0.45918367346938777,196.0,0.03291861067910835,0.06373902132998745,1681.0095993060193
etas_ref,Reference ETAS,91,2023-06-28,0.08,0.08001475573980713,4555,93.0,0.4744897959183674,0.5255102040816326,0.08001475573980713,0.9074277350896451,5.930028674477475,0.4744897959183674,5.930028674477475,0.4744897959183674,196.0,0.03264565858082068,0.06322722283205269,1681.0095993060193
etas_ref,Reference ETAS,91,2023-06-28,0.09,0.09001001282344055,5124,98.0,0.5,0.5,0.09001001282344055,0.8500303582270795,5.554937548790008,0.5,5.554937548790008,0.5,196.0,0.0442225392296719,0.08469945355191257,1681.0095993060193
etas_ref,Reference ETAS,91,2023-06-28,0.1,0.10000526990707397,5693,103.0,0.5255102040816326,0.4744897959183674,0.10000526990707397,0.8041064074789702,5.254825116415792,0.5255102040816326,5.254825116415792,0.5255102040816326,196.0,0.04843462246777164,0.0923941682768312,1681.0095993060193
etas_ref,Reference ETAS,92,2023-07-12,0.01,0.010012823440546666,570,34.0,0.1452991452991453,0.8547008547008547,0.010012823440546666,2.6510721247563356,14.511306042884991,0.1452991452991453,14.511306042884991,0.1452991452991453,234.0,0.02981029810298103,0.05789473684210526,1364.0786119716756
etas_ref,Reference ETAS,92,2023-07-12,0.02,0.02000808052418009,1139,49.0,0.2094017094017094,0.7905982905982906,0.02000808052418009,1.9120085845283386,10.465856989561996,0.2094017094017094,10.465856989561996,0.2094017094017094,234.0,0.022900763358778626,0.04477611940298507,1364.0786119716756
etas_ref,Reference ETAS,92,2023-07-12,0.03,0.030003337607813516,1708,59.0,0.25213675213675213,0.7478632478632479,0.030003337607813516,1.5352589123080926,8.403623471246421,0.25213675213675213,8.403623471246421,0.25213675213675213,234.0,0.023060796645702306,0.045081967213114756,1364.0786119716756
etas_ref,Reference ETAS,92,2023-07-12,0.04,0.04001616104836018,2278,70.0,0.29914529914529914,0.7008547008547008,0.04001616104836018,1.3657204175202418,7.475612135401424,0.29914529914529914,7.475612135401424,0.29914529914529914,234.0,0.024510906228918373,0.04784899034240562,1364.0786119716756
etas_ref,Reference ETAS,92,2023-07-12,0.05,0.050011418131993605,2847,83.0,0.3547008547008547,0.6452991452991452,0.050011418131993605,1.2957108847519805,7.092397455411154,0.3547008547008547,7.092397455411154,0.3547008547008547,234.0,0.025945945945945945,0.0505795574288725,1364.0786119716756
etas_ref,Reference ETAS,92,2023-07-12,0.06,0.06000667521562703,3416,96.0,0.41025641025641024,0.5897435897435898,0.06000667521562703,1.249024199843872,6.836846213895394,0.41025641025641024,6.836846213895394,0.41025641025641024,234.0,0.03000150761344791,0.058255269320843094,1364.0786119716756
etas_ref,Reference ETAS,92,2023-07-12,0.07,0.07000193229926045,3985,105.0,0.44871794871794873,0.5512820512820513,0.07000193229926045,1.1710581346716855,6.410079464659139,0.44871794871794873,6.410079464659139,0.44871794871794873,234.0,0.03546836429777835,0.0685069008782936,1364.0786119716756
etas_ref,Reference ETAS,92,2023-07-12,0.08,0.08001475573980713,4555,111.0,0.47435897435897434,0.5256410256410257,0.08001475573980713,1.083058909623125,5.928393706549579,0.47435897435897434,5.928393706549579,0.47435897435897434,234.0,0.036169244767970885,0.06981339187705818,1364.0786119716756
etas_ref,Reference ETAS,92,2023-07-12,0.09,0.09001001282344055,5124,119.0,0.5085470085470085,0.4914529914529915,0.09001001282344055,1.0321797207043109,5.649893746205221,0.5085470085470085,5.649893746205221,0.5085470085470085,234.0,0.04763851973011654,0.09094457455113193,1364.0786119716756
etas_ref,Reference ETAS,92,2023-07-12,0.1,0.10000526990707397,5693,125.0,0.5341880341880342,0.4658119658119658,0.10000526990707397,0.9758572906298183,5.3415988445849685,0.5341880341880342,5.3415988445849685,0.5341880341880342,234.0,0.051047724545370626,0.09713683470929212,1364.0786119716756
etas_ref,Reference ETAS,93,2023-07-26,0.01,0.010012823440546666,570,20.0,0.10695187165775401,0.893048128342246,0.010012823440546666,1.5594541910331385,10.681489820808705,0.10695187165775401,10.681489820808705,0.10695187165775401,187.0,0.01694915254237288,0.03333333333333333,1153.5128079645533
etas_ref,Reference ETAS,93,2023-07-26,0.02,0.02000808052418009,1139,31.0,0.1657754010695187,0.8342245989304813,0.02000808052418009,1.209638084089357,8.285422525622907,0.1657754010695187,8.285422525622907,0.1657754010695187,187.0,0.014247551202137132,0.028094820017559263,1153.5128079645533
etas_ref,Reference ETAS,93,2023-07-26,0.03,0.030003337607813516,1708,45.0,0.24064171122994651,0.7593582887700535,0.030003337607813516,1.17096018735363,8.020498065097872,0.24064171122994651,8.020498065097872,0.24064171122994651,187.0,0.01909307875894988,0.03747072599531616,1153.5128079645533
etas_ref,Reference ETAS,93,2023-07-26,0.04,0.04001616104836018,2278,56.0,0.2994652406417112,0.7005347593582888,0.04001616104836018,1.0925763340161936,7.48360744249811,0.2994652406417112,7.48360744249811,0.2994652406417112,187.0,0.021295673615781215,0.04170324846356453,1153.5128079645533
etas_ref,Reference ETAS,93,2023-07-26,0.05,0.050011418131993605,2847,63.0,0.33689839572192515,0.6631016042780749,0.050011418131993605,0.9834913944502985,6.7364295655995905,0.33689839572192515,6.7364295655995905,0.33689839572192515,187.0,0.021345291479820627,0.04179838426413769,1153.5128079645533
etas_ref,Reference ETAS,93,2023-07-26,0.06,0.06000667521562703,3416,69.0,0.3689839572192513,0.6310160427807487,0.06000667521562703,0.897736143637783,6.149048516575035,0.3689839572192513,6.149048516575035,0.3689839572192513,187.0,0.025671821047890706,0.05005854800936768,1153.5128079645533
etas_ref,Reference ETAS,93,2023-07-26,0.07,0.07000193229926045,3985,78.0,0.41711229946524064,0.5828877005347594,0.07000193229926045,0.8699289000418235,5.958582652862674,0.41711229946524064,5.958582652862674,0.41711229946524064,187.0,0.03171521035598705,0.06148055207026349,1153.5128079645533
etas_ref,Reference ETAS,93,2023-07-26,0.08,0.08001475573980713,4555,87.0,0.46524064171123,0.53475935828877,0.08001475573980713,0.8488840102451519,5.814435567660853,0.46524064171123,5.814435567660853,0.46524064171123,187.0,0.03323125779743677,0.06432491767288694,1153.5128079645533
etas_ref,Reference ETAS,93,2023-07-26,0.09,0.09001001282344055,5124,91.0,0.48663101604278075,0.5133689839572193,0.09001001282344055,0.7893139040680024,5.406409806843751,0.48663101604278075,5.406409806843751,0.48663101604278075,187.0,0.044861337683523655,0.0858704137392662,1153.5128079645533
etas_ref,Reference ETAS,93,2023-07-26,0.1,0.10000526990707397,5693,97.0,0.5187165775401069,0.4812834224598931,0.10000526990707397,0.757265257528739,5.186892430989929,0.5187165775401069,5.186892430989929,0.5187165775401069,187.0,0.04911084492766977,0.09362374846302476,1153.5128079645533
etas_ref,Reference ETAS,94,2023-08-09,0.01,0.010012823440546666,570,24.0,0.1411764705882353,0.8588235294117648,0.010012823440546666,1.8713450292397662,14.09956656346749,0.1411764705882353,14.09956656346749,0.1411764705882353,170.0,0.021505376344086023,0.042105263157894736,1679.835353696728
etas_ref,Reference ETAS,94,2023-08-09,0.02,0.02000808052418009,1139,46.0,0.27058823529411763,0.7294117647058824,0.02000808052418009,1.794946834455175,13.523947735371586,0.27058823529411763,13.523947735371586,0.27058823529411763,170.0,0.021982951996410947,0.04302019315188762,1679.835353696728
etas_ref,Reference ETAS,94,2023-08-09,0.03,0.030003337607813516,1708,53.0,0.31176470588235294,0.6882352941176471,0.030003337607813516,1.3791308873276087,10.391000826560132,0.31176470588235294,10.391000826560132,0.31176470588235294,170.0,0.02092050209205021,0.040983606557377046,1679.835353696728
etas_ref,Reference ETAS,94,2023-08-09,0.04,0.04001616104836018,2278,65.0,0.38235294117647056,0.6176470588235294,0.04001616104836018,1.2681689591259389,9.554963073903837,0.38235294117647056,9.554963073903837,0.38235294117647056,170.0,0.024280575539568347,0.04741000877963126,1679.835353696728
etas_ref,Reference ETAS,94,2023-08-09,0.05,0.050011418131993605,2847,75.0,0.4411764705882353,0.5588235294117647,0.050011418131993605,1.1708230886313078,8.821514907332796,0.4411764705882353,8.821514907332796,0.4411764705882353,170.0,0.025576368876080693,0.049877063575693714,1679.835353696728
etas_ref,Reference ETAS,94,2023-08-09,0.06,0.06000667521562703,3416,77.0,0.45294117647058824,0.5470588235294118,0.06000667521562703,1.0018214936247722,7.548179845708775,0.45294117647058824,7.548179845708775,0.45294117647058824,170.0,0.028141459744168547,0.0547423887587822,1679.835353696728
etas_ref,Reference ETAS,94,2023-08-09,0.07,0.07000193229926045,3985,83.0,0.48823529411764705,0.5117647058823529,0.07000193229926045,0.9256935731214276,6.974597387261053,0.48823529411764705,6.974597387261053,0.48823529411764705,170.0,0.03305249513933895,0.06398996235884567,1679.835353696728
etas_ref,Reference ETAS,94,2023-08-09,0.08,0.08001475573980713,4555,87.0,0.5117647058823529,0.4882352941176471,0.08001475573980713,0.8488840102451519,6.395879124426938,0.5117647058823529,6.395879124426938,0.5117647058823529,170.0,0.03416959927347032,0.06608122941822174,1679.835353696728
etas_ref,Reference ETAS,94,2023-08-09,0.09,0.09001001282344055,5124,90.0,0.5294117647058824,0.47058823529411764,0.09001001282344055,0.78064012490242,5.881698581071773,0.5294117647058824,5.881698581071773,0.5294117647058824,170.0,0.047424366312346686,0.09055425448868072,1679.835353696728
etas_ref,Reference ETAS,94,2023-08-09,0.1,0.10000526990707397,5693,93.0,0.5470588235294118,0.4529411764705882,0.10000526990707397,0.7260378242285848,5.470299955569793,0.5470588235294118,5.470299955569793,0.5470588235294118,170.0,0.050853714813105674,0.09678552608466538,1679.835353696728
etas_ref,Reference ETAS,95,2023-08-23,0.01,0.010012823440546666,570,30.0,0.16574585635359115,0.8342541436464088,0.010012823440546666,2.339181286549708,16.55335853445769,0.16574585635359115,16.55335853445769,0.16574585635359115,181.0,0.02702702702702703,0.05263157894736842,1668.6000467647543
etas_ref,Reference ETAS,95,2023-08-23,0.02,0.02000808052418009,1139,50.0,0.27624309392265195,0.7237569060773481,0.02000808052418009,1.9510291678860598,13.806576477379112,0.27624309392265195,13.806576477379112,0.27624309392265195,181.0,0.02336028751123091,0.0456540825285338,1668.6000467647543
etas_ref,Reference ETAS,95,2023-08-23,0.03,0.030003337607813516,1708,61.0,0.3370165745856354,0.6629834254143646,0.030003337607813516,1.5873015873015872,11.232636148382005,0.3370165745856354,11.232636148382005,0.3370165745856354,181.0,0.023367285799880167,0.04566744730679157,1668.6000467647543
etas_ref,Reference ETAS,95,2023-08-23,0.04,0.04001616104836018,2278,64.0,0.35359116022099446,0.6464088397790055,0.04001616104836018,1.2486586674470783,8.83620894552263,0.35359116022099446,8.83620894552263,0.35359116022099446,181.0,0.02405034839289728,0.04697102721685689,1668.6000467647543
etas_ref,Reference ETAS,95,2023-08-23,0.05,0.050011418131993605,2847,73.0,0.40331491712707185,0.5966850828729282,0.050011418131993605,1.1396011396011396,8.064456721915287,0.40331491712707185,8.064456721915287,0.40331491712707185,181.0,0.025207057976233346,0.04917456972251493,1668.6000467647543
etas_ref,Reference ETAS,95,2023-08-23,0.06,0.06000667521562703,3416,84.0,0.46408839779005523,0.5359116022099448,0.06000667521562703,1.092896174863388,7.733946200525314,0.46408839779005523,7.733946200525314,0.46408839779005523,181.0,0.02907064316915198,0.05649882903981265,1668.6000467647543
etas_ref,Reference ETAS,95,2023-08-23,0.07,0.07000193229926045,3985,92.0,0.5082872928176796,0.4917127071823204,0.07000193229926045,1.026069984664715,7.261046604324227,0.5082872928176796,7.261046604324227,0.5082872928176796,181.0,0.03425901894627563,0.06624843161856964,1668.6000467647543
etas_ref,Reference ETAS,95,2023-08-23,0.08,0.08001475573980713,4555,97.0,0.5359116022099447,0.4640883977900553,0.08001475573980713,0.9464568849859739,6.6976596660824415,0.5359116022099447,6.6976596660824415,0.5359116022099447,181.0,0.03510964663106465,0.06783754116355653,1668.6000467647543
etas_ref,Reference ETAS,95,2023-08-23,0.09,0.09001001282344055,5124,103.0,0.569060773480663,0.430939226519337,0.09001001282344055,0.8933992540549918,6.322194116302439,0.569060773480663,6.322194116302439,0.569060773480663,181.0,0.04806708938433218,0.09172521467603435,1668.6000467647543
etas_ref,Reference ETAS,95,2023-08-23,0.1,0.10000526990707397,5693,111.0,0.6132596685082873,0.3867403314917127,0.10000526990707397,0.8665612740792786,6.132273519966849,0.6132596685082873,6.132273519966849,0.6132596685082873,181.0,0.05240780109067381,0.09959599508167925,1668.6000467647543
etas_ref,Reference ETAS,96,2023-09-06,0.01,0.010012823440546666,570,21.0,0.1076923076923077,0.8923076923076922,0.010012823440546666,1.6374269005847955,10.755438596491228,0.1076923076923077,10.755438596491228,0.1076923076923077,195.0,0.01876675603217158,0.03684210526315789,1030.8868344304174
etas_ref,Reference ETAS,96,2023-09-06,0.02,0.02000808052418009,1139,41.0,0.21025641025641026,0.7897435897435897,0.02000808052418009,1.599843917666569,10.50857477319286,0.21025641025641026,10.50857477319286,0.21025641025641026,195.0,0.018783542039355994,0.03687445127304653,1030.8868344304174
etas_ref,Reference ETAS,96,2023-09-06,0.03,0.030003337607813516,1708,54.0,0.27692307692307694,0.7230769230769231,0.030003337607813516,1.405152224824356,9.229742388758783,0.27692307692307694,9.229742388758783,0.27692307692307694,195.0,0.021836673646425366,0.04274004683840749,1030.8868344304174
etas_ref,Reference ETAS,96,2023-09-06,0.04,0.04001616104836018,2278,64.0,0.3282051282051282,0.6717948717948719,0.04001616104836018,1.2486586674470783,8.201814457126135,0.3282051282051282,8.201814457126135,0.3282051282051282,195.0,0.024971878515185602,0.048726953467954345,1030.8868344304174
etas_ref,Reference ETAS,96,2023-09-06,0.05,0.050011418131993605,2847,70.0,0.358974358974359,0.641025641025641,0.050011418131993605,1.0927682160558871,7.177848027163096,0.358974358974359,7.177848027163096,0.358974358974359,195.0,0.023732470334412083,0.04636459430979979,1030.8868344304174
etas_ref,Reference ETAS,96,2023-09-06,0.06,0.06000667521562703,3416,80.0,0.41025641025641024,0.5897435897435898,0.06000667521562703,1.0408534998698933,6.836846213895394,0.41025641025641024,6.836846213895394,0.41025641025641024,195.0,0.028296207104154123,0.05503512880562061,1030.8868344304174
etas_ref,Reference ETAS,96,2023-09-06,0.07,0.07000193229926045,3985,85.0,0.4358974358974359,0.5641025641025641,0.07000193229926045,0.9479994423532693,6.2269343370974495,0.4358974358974359,6.2269343370974495,0.4358974358974359,195.0,0.03238341968911917,0.06273525721455459,1030.8868344304174
etas_ref,Reference ETAS,96,2023-09-06,0.08,0.08001475573980713,4555,90.0,0.46153846153846156,0.5384615384615384,0.08001475573980713,0.8781558726673985,5.768166849615807,0.46153846153846156,5.768166849615807,0.46153846153846156,195.0,0.033700215590604786,0.06520307354555434,1030.8868344304174
etas_ref,Reference ETAS,96,2023-09-06,0.09,0.09001001282344055,5124,98.0,0.5025641025641026,0.49743589743589745,0.09001001282344055,0.8500303582270795,5.583424408014571,0.5025641025641026,5.583424408014571,0.5025641025641026,195.0,0.04582100214307582,0.08762685402029664,1030.8868344304174
etas_ref,Reference ETAS,96,2023-09-06,0.1,0.10000526990707397,5693,103.0,0.5282051282051282,0.4717948717948718,0.10000526990707397,0.8041064074789702,5.281772937525616,0.5282051282051282,5.281772937525616,0.5282051282051282,195.0,0.05133887349953832,0.09766379764623222,1030.8868344304174
etas_ref,Reference ETAS,97,2023-09-20,0.01,0.010012823440546666,570,38.0,0.19289340101522842,0.8071065989847716,0.010012823440546666,2.9629629629629632,19.264636209813872,0.19289340101522842,19.264636209813872,0.19289340101522842,197.0,0.03167420814479638,0.06140350877192982,388.9427109640853
etas_ref,Reference ETAS,97,2023-09-20,0.02,0.02000808052418009,1139,61.0,0.3096446700507614,0.6903553299492386,0.02000808052418009,2.380255584820993,15.475980800684544,0.3096446700507614,15.475980800684544,0.3096446700507614,197.0,0.026126126126126126,0.050921861281826165,388.9427109640853
etas_ref,Reference ETAS,97,2023-09-20,0.03,0.030003337607813516,1708,83.0,0.4213197969543147,0.5786802030456852,0.030003337607813516,2.1597710122300287,14.042430960900628,0.4213197969543147,14.042430960900628,0.4213197969543147,197.0,0.029535864978902954,0.05737704918032787,388.9427109640853
etas_ref,Reference ETAS,97,2023-09-20,0.04,0.04001616104836018,2278,92.0,0.467005076142132,0.532994923857868,0.04001616104836018,1.794946834455175,11.670411751335886,0.467005076142132,11.670411751335886,0.467005076142132,197.0,0.030536077810450125,0.05926251097453907,388.9427109640853
etas_ref,Reference ETAS,97,2023-09-20,0.05,0.050011418131993605,2847,100.0,0.5076142131979695,0.4923857868020305,0.050011418131993605,1.5610974515084104,10.149966390839765,0.5076142131979695,10.149966390839765,0.5076142131979695,197.0,0.02872628726287263,0.05584826132771338,388.9427109640853
etas_ref,Reference ETAS,97,2023-09-20,0.06,0.06000667521562703,3416,108.0,0.5482233502538071,0.4517766497461929,0.06000667521562703,1.405152224824356,9.136039420344988,0.5482233502538071,9.136039420344988,0.5482233502538071,197.0,0.03186829784020541,0.06176814988290398,388.9427109640853
etas_ref,Reference ETAS,97,2023-09-20,0.07,0.07000193229926045,3985,112.0,0.5685279187817259,0.4314720812182741,0.07000193229926045,1.2491286769831313,8.121603220197569,0.5685279187817259,8.121603220197569,0.5685279187817259,197.0,0.03546836429777835,0.0685069008782936,388.9427109640853
etas_ref,Reference ETAS,97,2023-09-20,0.08,0.08001475573980713,4555,121.0,0.6142131979695431,0.3857868020304569,0.08001475573980713,1.180631784363947,7.6762491154362635,0.6142131979695431,7.6762491154362635,0.6142131979695431,197.0,0.03687684953334851,0.07113062568605928,388.9427109640853
etas_ref,Reference ETAS,97,2023-09-20,0.09,0.09001001282344055,5124,123.0,0.6243654822335025,0.3756345177664975,0.09001001282344055,1.0668748373666406,6.936622522854527,0.6243654822335025,6.936622522854527,0.6243654822335025,197.0,0.04753143207605029,0.09074941451990633,388.9427109640853
etas_ref,Reference ETAS,97,2023-09-20,0.1,0.10000526990707397,5693,126.0,0.6395939086294417,0.36040609137055835,0.10000526990707397,0.9836641489548569,6.395602044009877,0.6395939086294417,6.395602044009877,0.6395939086294417,197.0,0.05318656923503839,0.10100122958018619,388.9427109640853
etas_ref,Reference ETAS,98,2023-10-04,0.01,0.010012823440546666,570,31.0,0.14761904761904762,0.8523809523809524,0.010012823440546666,2.417153996101365,14.74299916457811,0.14761904761904762,14.74299916457811,0.14761904761904762,210.0,0.025179856115107913,0.04912280701754386,863.9491674215041
etas_ref,Reference ETAS,98,2023-10-04,0.02,0.02000808052418009,1139,47.0,0.22380952380952382,0.7761904761904762,0.02000808052418009,1.8339674178128962,11.18595677076801,0.22380952380952382,11.18595677076801,0.22380952380952382,210.0,0.02060931899641577,0.04038630377524144,863.9491674215041
etas_ref,Reference ETAS,98,2023-10-04,0.03,0.030003337607813516,1708,65.0,0.30952380952380953,0.6904761904761905,0.030003337607813516,1.6913869372885766,10.316312590610014,0.30952380952380953,10.316312590610014,0.30952380952380953,210.0,0.025210084033613446,0.04918032786885246,863.9491674215041
etas_ref,Reference ETAS,98,2023-10-04,0.04,0.04001616104836018,2278,76.0,0.3619047619047619,0.638095238095238,0.04001616104836018,1.4827821675934054,9.043965048706049,0.3619047619047619,9.043965048706049,0.3619047619047619,210.0,0.027978339350180504,0.05443371378402107,863.9491674215041
etas_ref,Reference ETAS,98,2023-10-04,0.05,0.050011418131993605,2847,87.0,0.4142857142857143,0.5857142857142856,0.050011418131993605,1.358154782812317,8.28382257012394,0.4142857142857143,8.28382257012394,0.4142857142857143,210.0,0.028169014084507043,0.0547945205479452,863.9491674215041
etas_ref,Reference ETAS,98,2023-10-04,0.06,0.06000667521562703,3416,92.0,0.4380952380952381,0.5619047619047619,0.06000667521562703,1.1969815248503772,7.30077506412401,0.4380952380952381,7.30077506412401,0.4380952380952381,210.0,0.029380744312189244,0.05708430913348946,863.9491674215041
etas_ref,Reference ETAS,98,2023-10-04,0.07,0.07000193229926045,3985,101.0,0.48095238095238096,0.519047619047619,0.07000193229926045,1.1264463962080022,6.87055864252853,0.48095238095238096,6.87055864252853,0.48095238095238096,210.0,0.03372243839169909,0.06524466750313676,863.9491674215041
etas_ref,Reference ETAS,98,2023-10-04,0.08,0.08001475573980713,4555,118.0,0.5619047619047619,0.4380952380952381,0.08001475573980713,1.1513599219417003,7.022514243897339,0.5619047619047619,7.022514243897339,0.5619047619047619,210.0,0.03510964663106465,0.06783754116355653,863.9491674215041
etas_ref,Reference ETAS,98,2023-10-04,0.09,0.09001001282344055,5124,123.0,0.5857142857142857,0.41428571428571426,0.09001001282344055,1.0668748373666406,6.507212557154009,0.5857142857142857,6.507212557154009,0.5857142857142857,210.0,0.04774562928125958,0.09113973458235754,863.9491674215041
etas_ref,Reference ETAS,98,2023-10-04,0.1,0.10000526990707397,5693,124.0,0.5904761904761905,0.4095238095238095,0.10000526990707397,0.9680504323047797,5.904450745694379,0.5904761904761905,5.904450745694379,0.5904761904761905,210.0,0.05221328897514093,0.09924468645705252,863.9491674215041
etas_ref,Reference ETAS,99,2023-10-18,0.01,0.010012823440546666,570,31.0,0.164021164021164,0.835978835978836,0.010012823440546666,2.417153996101365,16.381110182864568,0.164021164021164,16.381110182864568,0.164021164021164,189.0,0.02888086642599278,0.056140350877192984,1363.9105695709854
etas_ref,Reference ETAS,99,2023-10-18,0.02,0.02000808052418009,1139,47.0,0.24867724867724866,0.7513227513227514,0.02000808052418009,1.8339674178128962,12.428840856408899,0.24867724867724866,12.428840856408899,0.24867724867724866,189.0,0.021982951996410947,0.04302019315188762,1363.9105695709854
etas_ref,Reference ETAS,99,2023-10-18,0.03,0.030003337607813516,1708,60.0,0.31746031746031744,0.6825396825396826,0.030003337607813516,1.56128024980484,10.58083342626668,0.31746031746031744,10.58083342626668,0.31746031746031744,189.0,0.023980815347721823,0.0468384074941452,1363.9105695709854
etas_ref,Reference ETAS,99,2023-10-18,0.04,0.04001616104836018,2278,71.0,0.37566137566137564,0.6243386243386244,0.04001616104836018,1.3852307091991025,9.38774149792587,0.37566137566137564,9.38774149792587,0.37566137566137564,189.0,0.027051397655545536,0.05267778753292362,1363.9105695709854
etas_ref,Reference ETAS,99,2023-10-18,0.05,0.050011418131993605,2847,84.0,0.4444444444444444,0.5555555555555556,0.050011418131993605,1.3113218592670646,8.886859462201928,0.4444444444444444,8.886859462201928,0.4444444444444444,189.0,0.028354704713743906,0.0551457674745346,1363.9105695709854
etas_ref,Reference ETAS,99,2023-10-18,0.06,0.06000667521562703,3416,94.0,0.4973544973544973,0.5026455026455027,0.06000667521562703,1.2230028623471247,8.288319517242233,0.4973544973544973,8.288319517242233,0.4973544973544973,189.0,0.030156815440289506,0.0585480093676815,1363.9105695709854
etas_ref,Reference ETAS,99,2023-10-18,0.07,0.07000193229926045,3985,96.0,0.5079365079365079,0.4920634920634921,0.07000193229926045,1.0706817231283983,7.256035530063134,0.5079365079365079,7.256035530063134,0.5079365079365079,189.0,0.03345435684647303,0.06474278544542032,1363.9105695709854
etas_ref,Reference ETAS,99,2023-10-18,0.08,0.08001475573980713,4555,105.0,0.5555555555555556,0.4444444444444444,0.08001475573980713,1.0245151847786316,6.943163800463471,0.5555555555555556,6.943163800463471,0.5555555555555556,189.0,0.03440445100488248,0.06652030735455543,1363.9105695709854
etas_ref,Reference ETAS,99,2023-10-18,0.09,0.09001001282344055,5124,110.0,0.582010582010582,0.417989417989418,0.09001001282344055,0.9541157082140688,6.466064871607416,0.582010582010582,6.466064871607416,0.582010582010582,189.0,0.04667551833316311,0.08918813427010149,1363.9105695709854
etas_ref,Reference ETAS,99,2023-10-18,0.1,0.10000526990707397,5693,117.0,0.6190476190476191,0.38095238095238093,0.10000526990707397,0.9134024240295099,6.190149975324752,0.6190476190476191,6.190149975324752,0.6190476190476191,189.0,0.05201884874803659,0.09889337783242579,1363.9105695709854
etas_ref,Reference ETAS,100,2023-11-01,0.01,0.010012823440546666,570,41.0,0.18807339449541285,0.8119266055045872,0.010012823440546666,3.196881091617934,18.783252856912924,0.18807339449541285,18.783252856912924,0.18807339449541285,218.0,0.035422343324250684,0.06842105263157895,1071.183815244892
etas_ref,Reference ETAS,100,2023-11-01,0.02,0.02000808052418009,1139,61.0,0.2798165137614679,0.7201834862385321,0.02000808052418009,2.380255584820993,13.985175310710344,0.2798165137614679,13.985175310710344,0.2798165137614679,218.0,0.02751465944970681,0.053555750658472345,1071.183815244892
etas_ref,Reference ETAS,100,2023-11-01,0.03,0.030003337607813516,1708,75.0,0.3440366972477064,0.6559633027522935,0.030003337607813516,1.95160031225605,11.466614206217905,0.3440366972477064,11.466614206217905,0.3440366972477064,218.0,0.027986758952753536,0.05444964871194379,1071.183815244892
etas_ref,Reference ETAS,100,2023-11-01,0.04,0.04001616104836018,2278,82.0,0.3761467889908257,0.6238532110091743,0.04001616104836018,1.599843917666569,9.399871930149576,0.3761467889908257,9.399871930149576,0.3761467889908257,218.0,0.02774644710128581,0.053994732221246705,1071.183815244892
etas_ref,Reference ETAS,100,2023-11-01,0.05,0.050011418131993605,2847,94.0,0.43119266055045874,0.5688073394495412,0.050011418131993605,1.4674316044179057,8.621884294750954,0.43119266055045874,8.621884294750954,0.43119266055045874,218.0,0.028354704713743906,0.0551457674745346,1071.183815244892
etas_ref,Reference ETAS,100,2023-11-01,0.06,0.06000667521562703,3416,102.0,0.46788990825688076,0.5321100917431192,0.06000667521562703,1.327088212334114,7.7972976602281765,0.46788990825688076,7.7972976602281765,0.46788990825688076,218.0,0.030934057642975705,0.060011709601873534,1071.183815244892
etas_ref,Reference ETAS,100,2023-11-01,0.07,0.07000193229926045,3985,110.0,0.5045871559633027,0.4954128440366973,0.07000193229926045,1.2268228077512897,7.208188965501364,0.5045871559633027,7.208188965501364,0.5045871559633027,218.0,0.034930528502791845,0.06750313676286072,1071.183815244892
etas_ref,Reference ETAS,100,2023-11-01,0.08,0.08001475573980713,4555,121.0,0.555045871559633,0.44495412844036697,0.08001475573980713,1.180631784363947,6.936793925417174,0.555045871559633,6.936793925417174,0.555045871559633,218.0,0.0353449255597227,0.06827661909989023,1071.183815244892
etas_ref,Reference ETAS,100,2023-11-01,0.09,0.09001001282344055,5124,127.0,0.5825688073394495,0.4174311926605505,0.09001001282344055,1.1015699540289703,6.4722666852874395,0.5825688073394495,6.4722666852874395,0.5825688073394495,218.0,0.046782431052093974,0.08938329430132709,1071.183815244892
etas_ref,Reference ETAS,100,2023-11-01,0.1,0.10000526990707397,5693,129.0,0.591743119266055,0.40825688073394495,0.10000526990707397,1.0070847239299725,5.917119365968508,0.591743119266055,5.917119365968508,0.591743119266055,218.0,0.05163018379975986,0.09819076058317232,1071.183815244892
etas_ref,Reference ETAS,101,2023-11-15,0.01,0.010012823440546666,570,38.0,0.19689119170984457,0.8031088082901554,0.010012823440546666,2.9629629629629632,19.66390328151986,0.19689119170984457,19.66390328151986,0.19689119170984457,193.0,0.03167420814479638,0.06140350877192982,42.26457106853639
etas_ref,Reference ETAS,101,2023-11-15,0.02,0.02000808052418009,1139,53.0,0.27461139896373055,0.7253886010362695,0.02000808052418009,2.0680909179592235,13.725024678497181,0.27461139896373055,13.725024678497181,0.27461139896373055,193.0,0.023820224719101123,0.046532045654082525,42.26457106853639
etas_ref,Reference ETAS,101,2023-11-15,0.03,0.030003337607813516,1708,65.0,0.33678756476683935,0.6632124352331606,0.030003337607813516,1.6913869372885766,11.225003336933176,0.33678756476683935,11.225003336933176,0.33678756476683935,193.0,0.024902490249024904,0.04859484777517564,42.26457106853639
etas_ref,Reference ETAS,101,2023-11-15,0.04,0.04001616104836018,2278,73.0,0.37823834196891193,0.6217616580310881,0.04001616104836018,1.4242512925568236,9.452139637078249,0.37823834196891193,9.452139637078249,0.37823834196891193,193.0,0.025664115263394866,0.05004389815627744,42.26457106853639
etas_ref,Reference ETAS,101,2023-11-15,0.05,0.050011418131993605,2847,86.0,0.44559585492227977,0.5544041450777202,0.050011418131993605,1.342543808297233,8.909882414176543,0.44559585492227977,8.909882414176543,0.44559585492227977,193.0,0.02631578947368421,0.05128205128205128,42.26457106853639
etas_ref,Reference ETAS,101,2023-11-15,0.06,0.06000667521562703,3416,91.0,0.47150259067357514,0.5284974093264249,0.06000667521562703,1.1839708561020037,7.857502335853224,0.47150259067357514,7.857502335853224,0.47150259067357514,193.0,0.02907064316915198,0.05649882903981265,42.26457106853639
etas_ref,Reference ETAS,101,2023-11-15,0.07,0.07000193229926045,3985,96.0,0.49740932642487046,0.5025906735751295,0.07000193229926045,1.0706817231283983,7.105651373999649,0.49740932642487046,7.105651373999649,0.49740932642487046,193.0,0.03278476091745497,0.06348808030112923,42.26457106853639
etas_ref,Reference ETAS,101,2023-11-15,0.08,0.08001475573980713,4555,103.0,0.533678756476684,0.46632124352331605,0.08001475573980713,1.0050006098304671,6.66975424148149,0.533678756476684,6.66975424148149,0.533678756476684,193.0,0.033465683494044246,0.06476399560922064,42.26457106853639
etas_ref,Reference ETAS,101,2023-11-15,0.09,0.09001001282344055,5124,109.0,0.5647668393782384,0.43523316062176165,0.09001001282344055,0.9454419290484863,6.274489044747263,0.5647668393782384,6.274489044747263,0.5647668393782384,193.0,0.044967880085653104,0.0860655737704918,42.26457106853639
etas_ref,Reference ETAS,101,2023-11-15,0.1,0.10000526990707397,5693,115.0,0.5958549222797928,0.40414507772020725,0.10000526990707397,0.8977887073794328,5.958235229338094,0.5958549222797928,5.958235229338094,0.5958549222797928,193.0,0.051047724545370626,0.09713683470929212,42.26457106853639
etas_ref,Reference ETAS,102,2023-11-29,0.01,0.010012823440546666,570,40.0,0.17937219730941703,0.820627802690583,0.010012823440546666,3.118908382066277,17.914247502163477,0.17937219730941703,17.914247502163477,0.17937219730941703,223.0,0.035422343324250684,0.06842105263157895,703.2342128884613
etas_ref,Reference ETAS,102,2023-11-29,0.02,0.02000808052418009,1139,57.0,0.2556053811659193,0.7443946188340806,0.02000808052418009,2.2241732513901082,12.77510758001079,0.2556053811659193,12.77510758001079,0.2556053811659193,223.0,0.026126126126126126,0.050921861281826165,703.2342128884613
etas_ref,Reference ETAS,102,2023-11-29,0.03,0.030003337607813516,1708,78.0,0.34977578475336324,0.6502242152466368,0.030003337607813516,2.029664324746292,11.657895842303693,0.34977578475336324,11.657895842303693,0.34977578475336324,223.0,0.02891566265060241,0.05620608899297424,703.2342128884613
etas_ref,Reference ETAS,102,2023-11-29,0.04,0.04001616104836018,2278,89.0,0.3991031390134529,0.600896860986547,0.04001616104836018,1.7364159594185933,9.97354890018386,0.3991031390134529,9.97354890018386,0.3991031390134529,223.0,0.028906955736224028,0.056189640035118525,703.2342128884613
etas_ref,Reference ETAS,102,2023-11-29,0.05,0.050011418131993605,2847,99.0,0.4439461883408072,0.5560538116591929,0.050011418131993605,1.5454864769933263,8.876896615271209,0.4439461883408072,8.876896615271209,0.4439461883408072,223.0,0.028540462427745664,0.05549701440112399,703.2342128884613
etas_ref,Reference ETAS,102,2023-11-29,0.06,0.06000667521562703,3416,103.0,0.4618834080717489,0.5381165919282511,0.06000667521562703,1.3400988810824876,7.697200459982566,0.4618834080717489,7.697200459982566,0.4618834080717489,223.0,0.030156815440289506,0.0585480093676815,703.2342128884613
etas_ref,Reference ETAS,102,2023-11-29,0.07,0.07000193229926045,3985,116.0,0.5201793721973094,0.47982062780269064,0.07000193229926045,1.2937404154468146,7.430928763130798,0.5201793721973094,7.430928763130798,0.5201793721973094,223.0,0.03506493506493506,0.06775407779171895,703.2342128884613
etas_ref,Reference ETAS,102,2023-11-29,0.08,0.08001475573980713,4555,124.0,0.5560538116591929,0.4439461883408071,0.08001475573980713,1.2099036467861934,6.949390853199313,0.5560538116591929,6.949390853199313,0.5560538116591929,223.0,0.0353449255597227,0.06827661909989023,703.2342128884613
etas_ref,Reference ETAS,102,2023-11-29,0.09,0.09001001282344055,5124,130.0,0.5829596412556054,0.4170403587443946,0.09001001282344055,1.1275912915257178,6.47660880127983,0.5829596412556054,6.47660880127983,0.5829596412556054,223.0,0.04592774035517452,0.08782201405152225,703.2342128884613
etas_ref,Reference ETAS,102,2023-11-29,0.1,0.10000526990707397,5693,135.0,0.6053811659192825,0.3946188340807175,0.10000526990707397,1.0539258738802038,6.053492645755664,0.6053811659192825,6.053492645755664,0.6053811659192825,223.0,0.05133887349953832,0.09766379764623222,703.2342128884613
etas_ref,Reference ETAS,103,2023-12-13,0.01,0.010012823440546666,570,37.0,0.1778846153846154,0.8221153846153846,0.010012823440546666,2.8849902534113063,17.765679824561403,0.1778846153846154,17.765679824561403,0.1778846153846154,208.0,0.03167420814479638,0.06140350877192982,957.9259630748503
etas_ref,Reference ETAS,103,2023-12-13,0.02,0.02000808052418009,1139,55.0,0.2644230769230769,0.7355769230769231,0.02000808052418009,2.1461320846746657,13.215814310798947,0.2644230769230769,13.215814310798947,0.2644230769230769,208.0,0.02336028751123091,0.0456540825285338,957.9259630748503
etas_ref,Reference ETAS,103,2023-12-13,0.03,0.030003337607813516,1708,66.0,0.3173076923076923,0.6826923076923077,0.030003337607813516,1.7174082747853239,10.575746487119437,0.3173076923076923,10.575746487119437,0.3173076923076923,208.0,0.02459508098380324,0.04800936768149883,957.9259630748503
etas_ref,Reference ETAS,103,2023-12-13,0.04,0.04001616104836018,2278,77.0,0.3701923076923077,0.6298076923076923,0.04001616104836018,1.502292459272266,9.251070017559263,0.3701923076923077,9.251070017559263,0.3701923076923077,208.0,0.02635728767740482,0.051360842844600525,957.9259630748503
etas_ref,Reference ETAS,103,2023-12-13,0.05,0.050011418131993605,2847,88.0,0.4230769230769231,0.5769230769230769,0.050011418131993605,1.3737657573274011,8.45960660344222,0.4230769230769231,8.45960660344222,0.4230769230769231,208.0,0.027056277056277056,0.05268703898840885,957.9259630748503
etas_ref,Reference ETAS,103,2023-12-13,0.06,0.06000667521562703,3416,99.0,0.47596153846153844,0.5240384615384616,0.06000667521562703,1.288056206088993,7.931809865339578,0.47596153846153844,7.931809865339578,0.47596153846153844,208.0,0.029535864978902954,0.05737704918032787,957.9259630748503
etas_ref,Reference ETAS,103,2023-12-13,0.07,0.07000193229926045,3985,108.0,0.5192307692307693,0.4807692307692307,0.07000193229926045,1.204516938519448,7.4173776662484325,0.5192307692307693,7.4173776662484325,0.5192307692307693,208.0,0.03425901894627563,0.06624843161856964,957.9259630748503
etas_ref,Reference ETAS,103,2023-12-13,0.08,0.08001475573980713,4555,114.0,0.5480769230769231,0.45192307692307687,0.08001475573980713,1.1123307720453715,6.849698133918771,0.5480769230769231,6.849698133918771,0.5480769230769231,208.0,0.034756928668786914,0.06717892425905599,957.9259630748503
etas_ref,Reference ETAS,103,2023-12-13,0.09,0.09001001282344055,5124,124.0,0.5961538461538461,0.40384615384615385,0.09001001282344055,1.075548616532223,6.623194769711163,0.5961538461538461,6.623194769711163,0.5961538461538461,208.0,0.044861337683523655,0.0858704137392662,957.9259630748503
etas_ref,Reference ETAS,103,2023-12-13,0.1,0.10000526990707397,5693,131.0,0.6298076923076923,0.3701923076923077,0.10000526990707397,1.0226984405800497,6.297745037765678,0.6298076923076923,6.297745037765678,0.6298076923076923,208.0,0.05201884874803659,0.09889337783242579,957.9259630748503
etas_ref,Reference ETAS,104,2023-12-27,0.01,0.010012823440546666,570,33.0,0.16751269035532995,0.8324873096446701,0.010012823440546666,2.5730994152046787,16.729815655890995,0.16751269035532995,16.729815655890995,0.16751269035532995,197.0,0.02981029810298103,0.05789473684210526,1406.1763743280144
etas_ref,Reference ETAS,104,2023-12-27,0.02,0.02000808052418009,1139,52.0,0.2639593908629442,0.7360406091370558,0.02000808052418009,2.029070334601502,13.19263937107535,0.2639593908629442,13.19263937107535,0.2639593908629442,197.0,0.024741340530814216,0.048287971905179985,1406.1763743280144
etas_ref,Reference ETAS,104,2023-12-27,0.03,0.030003337607813516,1708,63.0,0.3197969543147208,0.6802030456852792,0.030003337607813516,1.639344262295082,10.658712657069152,0.3197969543147208,10.658712657069152,0.3197969543147208,197.0,0.025517862503752625,0.049765807962529274,1406.1763743280144
etas_ref,Reference ETAS,104,2023-12-27,0.04,0.04001616104836018,2278,72.0,0.36548223350253806,0.6345177664974619,0.04001616104836018,1.404741000877963,9.13336571843678,0.36548223350253806,9.13336571843678,0.36548223350253806,197.0,0.027282976324689966,0.05311676909569798,1406.1763743280144
etas_ref,Reference ETAS,104,2023-12-27,0.05,0.050011418131993605,2847,86.0,0.4365482233502538,0.5634517766497462,0.050011418131993605,1.342543808297233,8.728971096122198,0.4365482233502538,8.728971096122198,0.4365482233502538,197.0,0.028169014084507043,0.0547945205479452,1406.1763743280144
etas_ref,Reference ETAS,104,2023-12-27,0.06,0.06000667521562703,3416,96.0,0.4873096446700508,0.5126903553299492,0.06000667521562703,1.249024199843872,8.120923929195545,0.4873096446700508,8.120923929195545,0.4873096446700508,197.0,0.029691032403918613,0.05766978922716628,1406.1763743280144
etas_ref,Reference ETAS,104,2023-12-27,0.07,0.07000193229926045,3985,101.0,0.5126903553299492,0.4873096446700508,0.07000193229926045,1.1264463962080022,7.3239457610710215,0.5126903553299492,7.3239457610710215,0.5126903553299492,197.0,0.03399065905552673,0.0657465495608532,1406.1763743280144
etas_ref,Reference ETAS,104,2023-12-27,0.08,0.08001475573980713,4555,107.0,0.5431472081218274,0.4568527918781726,0.08001475573980713,1.044029759726796,6.788088060757687,0.5431472081218274,6.788088060757687,0.5431472081218274,197.0,0.03440445100488248,0.06652030735455543,1406.1763743280144
etas_ref,Reference ETAS,104,2023-12-27,0.09,0.09001001282344055,5124,110.0,0.5583756345177665,0.4416243654822335,0.09001001282344055,0.9541157082140688,6.203483557024374,0.5583756345177665,6.203483557024374,0.5583756345177665,197.0,0.045500918179963275,0.08704137392661983,1406.1763743280144
etas_ref,Reference ETAS,104,2023-12-27,0.1,0.10000526990707397,5693,117.0,0.5939086294416244,0.40609137055837563,0.10000526990707397,0.9134024240295099,5.938773326580599,0.5939086294416244,5.938773326580599,0.5939086294416244,197.0,0.05143595899898421,0.09783945195854558,1406.1763743280144
etas_ref,Reference ETAS,105,2024-01-10,0.01,0.010012823440546666,570,39.0,0.1989795918367347,0.8010204081632653,0.010012823440546666,3.04093567251462,19.872475832438237,0.1989795918367347,19.872475832438237,0.1989795918367347,196.0,0.03167420814479638,0.06140350877192982,2505.3114163579125
etas_ref,Reference ETAS,105,2024-01-10,0.02,0.02000808052418009,1139,54.0,0.2755102040816326,0.7244897959183674,0.02000808052418009,2.1071115013169446,13.769946784684022,0.2755102040816326,13.769946784684022,0.2755102040816326,196.0,0.024280575539568347,0.04741000877963126,2505.3114163579125
etas_ref,Reference ETAS,105,2024-01-10,0.03,0.030003337607813516,1708,67.0,0.34183673469387754,0.6581632653061225,0.030003337607813516,1.7434296122820714,11.39329027864073,0.34183673469387754,11.39329027864073,0.34183673469387754,196.0,0.025517862503752625,0.049765807962529274,2505.3114163579125
etas_ref,Reference ETAS,105,2024-01-10,0.04,0.04001616104836018,2278,74.0,0.37755102040816324,0.6224489795918368,0.04001616104836018,1.4437615842356843,9.434963537653868,0.37755102040816324,9.434963537653868,0.37755102040816324,196.0,0.02658855340243353,0.05179982440737489,2505.3114163579125
etas_ref,Reference ETAS,105,2024-01-10,0.05,0.050011418131993605,2847,90.0,0.45918367346938777,0.5408163265306123,0.050011418131993605,1.4049877063575693,9.181576740285156,0.45918367346938777,9.181576740285156,0.45918367346938777,196.0,0.028540462427745664,0.05549701440112399,2505.3114163579125
etas_ref,Reference ETAS,105,2024-01-10,0.06,0.06000667521562703,3416,94.0,0.47959183673469385,0.5204081632653061,0.06000667521562703,1.2230028623471247,7.992308105912153,0.47959183673469385,7.992308105912153,0.47959183673469385,196.0,0.029380744312189244,0.05708430913348946,2505.3114163579125
etas_ref,Reference ETAS,105,2024-01-10,0.07,0.07000193229926045,3985,102.0,0.5204081632653061,0.47959183673469385,0.07000193229926045,1.1375993308239232,7.434197116738791,0.5204081632653061,7.434197116738791,0.5204081632653061,196.0,0.03425901894627563,0.06624843161856964,2505.3114163579125
etas_ref,Reference ETAS,105,2024-01-10,0.08,0.08001475573980713,4555,110.0,0.5612244897959183,0.4387755102040817,0.08001475573980713,1.0733016221490426,7.014012410672281,0.5612244897959183,7.014012410672281,0.5612244897959183,196.0,0.034756928668786914,0.06717892425905599,2505.3114163579125
etas_ref,Reference ETAS,105,2024-01-10,0.09,0.09001001282344055,5124,113.0,0.576530612244898,0.423469387755102,0.09001001282344055,0.9801370457108162,6.405183091972152,0.576530612244898,6.405183091972152,0.576530612244898,196.0,0.045500918179963275,0.08704137392661983,2505.3114163579125
etas_ref,Reference ETAS,105,2024-01-10,0.1,0.10000526990707397,5693,119.0,0.6071428571428571,0.3928571428571429,0.10000526990707397,0.929016140679587,6.071108629645429,0.6071428571428571,6.071108629645429,0.6071428571428571,196.0,0.05153306243073513,0.09801510627085895,2505.3114163579125
etas_ref,Reference ETAS,106,2024-01-24,0.01,0.010012823440546666,570,33.0,0.14601769911504425,0.8539823008849557,0.010012823440546666,2.5730994152046787,14.583069399161621,0.14601769911504425,14.583069399161621,0.14601769911504425,226.0,0.027953110910730387,0.054385964912280704,282.1961991871813
etas_ref,Reference ETAS,106,2024-01-24,0.02,0.02000808052418009,1139,54.0,0.23893805309734514,0.7610619469026548,0.02000808052418009,2.1071115013169446,11.94207774246933,0.23893805309734514,11.94207774246933,0.23893805309734514,226.0,0.025202520252025202,0.04916593503072871,282.1961991871813
etas_ref,Reference ETAS,106,2024-01-24,0.03,0.030003337607813516,1708,65.0,0.28761061946902655,0.7123893805309734,0.030003337607813516,1.6913869372885766,9.5859541771155,0.28761061946902655,9.5859541771155,0.28761061946902655,226.0,0.024902490249024904,0.04859484777517564,282.1961991871813
etas_ref,Reference ETAS,106,2024-01-24,0.04,0.04001616104836018,2278,86.0,0.3805309734513274,0.6194690265486726,0.04001616104836018,1.6778850843820114,9.509432276410763,0.3805309734513274,9.509432276410763,0.3805309734513274,226.0,0.027282976324689966,0.05311676909569798,282.1961991871813
etas_ref,Reference ETAS,106,2024-01-24,0.05,0.050011418131993605,2847,96.0,0.4247787610619469,0.5752212389380531,0.050011418131993605,1.4986535534480738,8.493635592192993,0.4247787610619469,8.493635592192993,0.4247787610619469,226.0,0.02984264785675529,0.05795574288724974,282.1961991871813
etas_ref,Reference ETAS,106,2024-01-24,0.06,0.06000667521562703,3416,103.0,0.4557522123893805,0.5442477876106195,0.06000667521562703,1.3400988810824876,7.595025232637665,0.4557522123893805,7.595025232637665,0.4557522123893805,226.0,0.031245283018867923,0.06059718969555035,282.1961991871813
etas_ref,Reference ETAS,106,2024-01-24,0.07,0.07000193229926045,3985,113.0,0.5,0.5,0.07000193229926045,1.260281611599052,7.142659974905897,0.5,7.142659974905897,0.5,226.0,0.03425901894627563,0.06624843161856964,282.1961991871813
etas_ref,Reference ETAS,106,2024-01-24,0.08,0.08001475573980713,4555,125.0,0.5530973451327433,0.44690265486725667,0.08001475573980713,1.2196609342602758,6.912441836744605,0.5530973451327433,6.912441836744605,0.5530973451327433,226.0,0.034521916874858054,0.06673984632272228,282.1961991871813
etas_ref,Reference ETAS,106,2024-01-24,0.09,0.09001001282344055,5124,128.0,0.5663716814159292,0.4336283185840708,0.09001001282344055,1.1102437331945527,6.292318639337354,0.5663716814159292,6.292318639337354,0.5663716814159292,226.0,0.047424366312346686,0.09055425448868072,282.1961991871813
etas_ref,Reference ETAS,106,2024-01-24,0.1,0.10000526990707397,5693,132.0,0.584070796460177,0.415929203539823,0.10000526990707397,1.030505298905088,5.840400180939487,0.584070796460177,5.840400180939487,0.584070796460177,226.0,0.05143595899898421,0.09783945195854558,282.1961991871813
etas_ref,Reference ETAS,107,2024-02-07,0.01,0.010012823440546666,570,33.0,0.1542056074766355,0.8457943925233645,0.010012823440546666,2.5730994152046787,15.400811608460401,0.1542056074766355,15.400811608460401,0.1542056074766355,214.0,0.02702702702702703,0.05263157894736842,1493.1377247255502
etas_ref,Reference ETAS,107,2024-02-07,0.02,0.02000808052418009,1139,49.0,0.22897196261682243,0.7710280373831776,0.02000808052418009,1.9120085845283386,11.443974465221993,0.22897196261682243,11.443974465221993,0.22897196261682243,214.0,0.022900763358778626,0.04477611940298507,1493.1377247255502
etas_ref,Reference ETAS,107,2024-02-07,0.03,0.030003337607813516,1708,68.0,0.3177570093457944,0.6822429906542056,0.030003337607813516,1.7694509497788187,10.590722055637023,0.3177570093457944,10.590722055637023,0.3177570093457944,214.0,0.025825825825825825,0.05035128805620609,1493.1377247255502
etas_ref,Reference ETAS,107,2024-02-07,0.04,0.04001616104836018,2278,77.0,0.3598130841121495,0.6401869158878505,0.04001616104836018,1.502292459272266,8.991694222674424,0.3598130841121495,8.991694222674424,0.3598130841121495,214.0,0.026126126126126126,0.050921861281826165,1493.1377247255502
etas_ref,Reference ETAS,107,2024-02-07,0.05,0.050011418131993605,2847,88.0,0.411214953271028,0.5887850467289719,0.050011418131993605,1.3737657573274011,8.222421371570007,0.411214953271028,8.222421371570007,0.411214953271028,214.0,0.02798339050370103,0.054443273621355814,1493.1377247255502
etas_ref,Reference ETAS,107,2024-02-07,0.06,0.06000667521562703,3416,93.0,0.43457943925233644,0.5654205607476636,0.06000667521562703,1.209992193598751,7.24218493510473,0.43457943925233644,7.24218493510473,0.43457943925233644,214.0,0.029846246608381068,0.057962529274004686,1493.1377247255502
etas_ref,Reference ETAS,107,2024-02-07,0.07,0.07000193229926045,3985,102.0,0.4766355140186916,0.5233644859813085,0.07000193229926045,1.1375993308239232,6.808890817200014,0.4766355140186916,6.808890817200014,0.4766355140186916,214.0,0.0333203682095164,0.06449184441656211,1493.1377247255502
etas_ref,Reference ETAS,107,2024-02-07,0.08,0.08001475573980713,4555,109.0,0.5093457943925234,0.49065420560747663,0.08001475573980713,1.0635443346749605,6.36564830678006,0.5093457943925234,6.36564830678006,0.5093457943925234,214.0,0.033465683494044246,0.06476399560922064,1493.1377247255502
etas_ref,Reference ETAS,107,2024-02-07,0.09,0.09001001282344055,5124,114.0,0.5327102803738317,0.4672897196261683,0.09001001282344055,0.9888108248763986,5.918344678150101,0.5327102803738317,5.918344678150101,0.5327102803738317,214.0,0.04603450035725222,0.08801717408274785,1493.1377247255502
etas_ref,Reference ETAS,107,2024-02-07,0.1,0.10000526990707397,5693,117.0,0.5467289719626168,0.4532710280373832,0.10000526990707397,0.9134024240295099,5.467001613721393,0.5467289719626168,5.467001613721393,0.5467289719626168,214.0,0.050950710725493814,0.09696118039697875,1493.1377247255502
etas_ref,Reference ETAS,108,2024-02-21,0.01,0.010012823440546666,570,29.0,0.14009661835748793,0.8599033816425121,0.010012823440546666,2.261208576998051,13.991719637257395,0.14009661835748793,13.991719637257395,0.14009661835748793,207.0,0.02425876010781671,0.04736842105263158,1874.0059333651727
etas_ref,Reference ETAS,108,2024-02-21,0.02,0.02000808052418009,1139,48.0,0.2318840579710145,0.7681159420289855,0.02000808052418009,1.8729880011706175,11.589520428547798,0.2318840579710145,11.589520428547798,0.2318840579710145,207.0,0.02244165170556553,0.043898156277436345,1874.0059333651727
etas_ref,Reference ETAS,108,2024-02-21,0.03,0.030003337607813516,1708,63.0,0.30434782608695654,0.6956521739130435,0.030003337607813516,1.639344262295082,10.143799002138275,0.30434782608695654,10.143799002138275,0.30434782608695654,207.0,0.025825825825825825,0.05035128805620609,1874.0059333651727
etas_ref,Reference ETAS,108,2024-02-21,0.04,0.04001616104836018,2278,78.0,0.37681159420289856,0.6231884057971014,0.04001616104836018,1.5218027509511267,9.416485348195087,0.37681159420289856,9.416485348195087,0.37681159420289856,207.0,0.02681992337164751,0.05223880597014925,1874.0059333651727
etas_ref,Reference ETAS,108,2024-02-21,0.05,0.050011418131993605,2847,85.0,0.4106280193236715,0.5893719806763285,0.050011418131993605,1.3269328337821487,8.210685372686564,0.4106280193236715,8.210685372686564,0.4106280193236715,207.0,0.02650081124932396,0.051633298208640675,1874.0059333651727
etas_ref,Reference ETAS,108,2024-02-21,0.06,0.06000667521562703,3416,97.0,0.46859903381642515,0.5314009661835748,0.06000667521562703,1.2620348685922456,7.8091151048207355,0.46859903381642515,7.8091151048207355,0.46859903381642515,207.0,0.03186829784020541,0.06176814988290398,1874.0059333651727
etas_ref,Reference ETAS,108,2024-02-21,0.07,0.07000193229926045,3985,104.0,0.5024154589371981,0.4975845410628019,0.07000193229926045,1.1599052000557648,7.177165578649404,0.5024154589371981,7.177165578649404,0.5024154589371981,207.0,0.03399065905552673,0.0657465495608532,1874.0059333651727
etas_ref,Reference ETAS,108,2024-02-21,0.08,0.08001475573980713,4555,111.0,0.5362318840579711,0.46376811594202894,0.08001475573980713,1.083058909623125,6.701662450882133,0.5362318840579711,6.701662450882133,0.5362318840579711,207.0,0.033700215590604786,0.06520307354555434,1874.0059333651727
etas_ref,Reference ETAS,108,2024-02-21,0.09,0.09001001282344055,5124,119.0,0.5748792270531401,0.4251207729468599,0.09001001282344055,1.0321797207043109,6.386836408753728,0.5748792270531401,6.386836408753728,0.5748792270531401,207.0,0.047424366312346686,0.09055425448868072,1874.0059333651727
etas_ref,Reference ETAS,108,2024-02-21,0.1,0.10000526990707397,5693,125.0,0.6038647342995169,0.3961352657004831,0.10000526990707397,0.9758572906298183,6.038329128661268,0.6038647342995169,6.038329128661268,0.6038647342995169,207.0,0.050950710725493814,0.09696118039697875,1874.0059333651727
etas_ref,Reference ETAS,109,2024-03-06,0.01,0.010012823440546666,570,40.0,0.20725388601036268,0.7927461139896373,0.010012823440546666,3.118908382066277,20.69884555949459,0.20725388601036268,20.69884555949459,0.20725388601036268,193.0,0.033544877606527655,0.06491228070175438,338.46806098072017
etas_ref,Reference ETAS,109,2024-03-06,0.02,0.02000808052418009,1139,52.0,0.2694300518134715,0.7305699481865284,0.02000808052418009,2.029070334601502,13.466061948714218,0.2694300518134715,13.466061948714218,0.2694300518134715,193.0,0.022900763358778626,0.04477611940298507,338.46806098072017
etas_ref,Reference ETAS,109,2024-03-06,0.03,0.030003337607813516,1708,59.0,0.30569948186528495,0.694300518134715,0.030003337607813516,1.5352589123080926,10.188849182754728,0.30569948186528495,10.188849182754728,0.30569948186528495,193.0,0.023367285799880167,0.04566744730679157,338.46806098072017
etas_ref,Reference ETAS,109,2024-03-06,0.04,0.04001616104836018,2278,70.0,0.3626943005181347,0.6373056994818653,0.04001616104836018,1.3657204175202418,9.0636955424038,0.3626943005181347,9.0636955424038,0.3626943005181347,193.0,0.024741340530814216,0.048287971905179985,338.46806098072017
etas_ref,Reference ETAS,109,2024-03-06,0.05,0.050011418131993605,2847,77.0,0.39896373056994816,0.6010362694300518,0.050011418131993605,1.202045037661476,7.97745285920458,0.39896373056994816,7.97745285920458,0.39896373056994816,193.0,0.024469233537243614,0.04776958201615736,338.46806098072017
etas_ref,Reference ETAS,109,2024-03-06,0.06,0.06000667521562703,3416,88.0,0.45595854922279794,0.544041450777202,0.06000667521562703,1.1449388498568827,7.598463797308612,0.45595854922279794,7.598463797308612,0.45595854922279794,193.0,0.029535864978902954,0.05737704918032787,338.46806098072017
etas_ref,Reference ETAS,109,2024-03-06,0.07,0.07000193229926045,3985,98.0,0.5077720207253886,0.49222797927461137,0.07000193229926045,1.09298759236024,7.253685777624643,0.5077720207253886,7.253685777624643,0.5077720207253886,193.0,0.03211603211603212,0.06223337515683814,338.46806098072017
etas_ref,Reference ETAS,109,2024-03-06,0.08,0.08001475573980713,4555,105.0,0.5440414507772021,0.4559585492227979,0.08001475573980713,1.0245151847786316,6.799264032578218,0.5440414507772021,6.799264032578218,0.5440414507772021,193.0,0.03264565858082068,0.06322722283205269,338.46806098072017
etas_ref,Reference ETAS,109,2024-03-06,0.09,0.09001001282344055,5124,109.0,0.5647668393782384,0.43523316062176165,0.09001001282344055,0.9454419290484863,6.274489044747263,0.5647668393782384,6.274489044747263,0.5647668393782384,193.0,0.045714285714285714,0.08743169398907104,338.46806098072017
etas_ref,Reference ETAS,109,2024-03-06,0.1,0.10000526990707397,5693,114.0,0.5906735751295337,0.40932642487046633,0.10000526990707397,0.8899818490543943,5.906424488213414,0.5906735751295337,5.906424488213414,0.5906735751295337,193.0,0.05007839158904362,0.09538029158615843,338.46806098072017
etas_ref,Reference ETAS,110,2024-03-20,0.01,0.010012823440546666,570,29.0,0.15591397849462366,0.8440860215053764,0.010012823440546666,2.261208576998051,15.57142991888323,0.15591397849462366,15.57142991888323,0.15591397849462366,186.0,0.02425876010781671,0.04736842105263158,1252.623029972799
etas_ref,Reference ETAS,110,2024-03-20,0.02,0.02000808052418009,1139,38.0,0.20430107526881722,0.7956989247311828,0.02000808052418009,1.4827821675934054,10.210928280797154,0.20430107526881722,10.210928280797154,0.20430107526881722,186.0,0.018328118015198926,0.035996488147497806,1252.623029972799
etas_ref,Reference ETAS,110,2024-03-20,0.03,0.030003337607813516,1708,46.0,0.24731182795698925,0.7526881720430108,0.030003337607813516,1.1969815248503772,8.242810556269044,0.24731182795698925,8.242810556269044,0.24731182795698925,186.0,0.02092050209205021,0.040983606557377046,1252.623029972799
etas_ref,Reference ETAS,110,2024-03-20,0.04,0.04001616104836018,2278,58.0,0.3118279569892473,0.6881720430107527,0.04001616104836018,1.1315969173739147,7.792550530082038,0.3118279569892473,7.792550530082038,0.3118279569892473,186.0,0.024280575539568347,0.04741000877963126,1252.623029972799
etas_ref,Reference ETAS,110,2024-03-20,0.05,0.050011418131993605,2847,61.0,0.3279569892473118,0.6720430107526882,0.050011418131993605,0.9522694454201303,6.55764226444739,0.3279569892473118,6.55764226444739,0.3279569892473118,186.0,0.023548445083587992,0.0460133473832104,1252.623029972799
etas_ref,Reference ETAS,110,2024-03-20,0.06,0.06000667521562703,3416,68.0,0.3655913978494624,0.6344086021505376,0.06000667521562703,0.8847254748894093,6.092512150285815,0.3655913978494624,6.092512150285815,0.3655913978494624,186.0,0.02675082657048392,0.052107728337236536,1252.623029972799
etas_ref,Reference ETAS,110,2024-03-20,0.07,0.07000193229926045,3985,76.0,0.40860215053763443,0.5913978494623655,0.07000193229926045,0.8476230308099819,5.837012452611272,0.40860215053763443,5.837012452611272,0.40860215053763443,186.0,0.03064787275313591,0.05947302383939774,1252.623029972799
etas_ref,Reference ETAS,110,2024-03-20,0.08,0.08001475573980713,4555,88.0,0.4731182795698925,0.5268817204301075,0.08001475573980713,0.858641297719234,5.9128878816850206,0.4731182795698925,5.9128878816850206,0.4731182795698925,186.0,0.03182693396760675,0.06169045005488474,1252.623029972799
etas_ref,Reference ETAS,110,2024-03-20,0.09,0.09001001282344055,5124,95.0,0.510752688172043,0.489247311827957,0.09001001282344055,0.8240090207303321,5.674398571344631,0.510752688172043,5.674398571344631,0.510752688172043,186.0,0.043584521384928715,0.08352849336455893,1252.623029972799
etas_ref,Reference ETAS,110,2024-03-20,0.1,0.10000526990707397,5693,102.0,0.5483870967741935,0.4516129032258065,0.10000526990707397,0.7962995491539318,5.483581988066839,0.5483870967741935,5.483581988066839,0.5483870967741935,186.0,0.047855696668507273,0.091340242402951,1252.623029972799
etas_ref,Reference ETAS,111,2024-04-03,0.01,0.010012823440546666,570,15.0,0.1,0.9,0.010012823440546666,1.169590643274854,9.98719298245614,0.1,9.98719298245614,0.1,150.0,0.013333333333333334,0.02631578947368421,1423.1412138573587
etas_ref,Reference ETAS,111,2024-04-03,0.02,0.02000808052418009,1139,30.0,0.2,0.8,0.02000808052418009,1.170617500731636,9.995961369622476,0.2,9.995961369622476,0.2,150.0,0.016057091882247992,0.03160667251975417,1423.1412138573587
etas_ref,Reference ETAS,111,2024-04-03,0.03,0.030003337607813516,1708,38.0,0.25333333333333335,0.7466666666666666,0.030003337607813516,0.9888108248763987,8.443505074160813,0.25333333333333335,8.443505074160813,0.25333333333333335,150.0,0.019701492537313434,0.03864168618266979,1423.1412138573587
etas_ref,Reference ETAS,111,2024-04-03,0.04,0.04001616104836018,2278,43.0,0.2866666666666667,0.7133333333333334,0.04001616104836018,0.8389425421910057,7.163772314896108,0.2866666666666667,7.163772314896108,0.2866666666666667,150.0,0.021753756447634,0.04258121158911326,1423.1412138573587
etas_ref,Reference ETAS,111,2024-04-03,0.05,0.050011418131993605,2847,50.0,0.3333333333333333,0.6666666666666667,0.050011418131993605,0.7805487257542052,6.665144596651445,0.3333333333333333,6.665144596651445,0.3333333333333333,150.0,0.02207862143241788,0.04320337197049526,1423.1412138573587
etas_ref,Reference ETAS,111,2024-04-03,0.06,0.06000667521562703,3416,58.0,0.38666666666666666,0.6133333333333333,0.06000667521562703,0.7546187874056727,6.443727556596409,0.38666666666666666,6.443727556596409,0.38666666666666666,150.0,0.025671821047890706,0.05005854800936768,1423.1412138573587
etas_ref,Reference ETAS,111,2024-04-03,0.07,0.07000193229926045,3985,64.0,0.4266666666666667,0.5733333333333333,0.07000193229926045,0.7137878154189321,6.0950698452530325,0.4266666666666667,6.0950698452530325,0.4266666666666667,150.0,0.02958274124790079,0.057465495608531994,1423.1412138573587
etas_ref,Reference ETAS,111,2024-04-03,0.08,0.08001475573980713,4555,70.0,0.4666666666666667,0.5333333333333333,0.08001475573980713,0.6830101231857544,5.832257592389316,0.4666666666666667,5.832257592389316,0.4666666666666667,150.0,0.031009506564056134,0.0601536772777168,1423.1412138573587
etas_ref,Reference ETAS,111,2024-04-03,0.09,0.09001001282344055,5124,75.0,0.5,0.5,0.09001001282344055,0.6505334374186833,5.554937548790008,0.5,5.554937548790008,0.5,150.0,0.04305343511450382,0.08255269320843091,1423.1412138573587
etas_ref,Reference ETAS,111,2024-04-03,0.1,0.10000526990707397,5693,83.0,0.5533333333333333,0.44666666666666666,0.10000526990707397,0.6479692409781993,5.533041747174893,0.5533333333333333,5.533041747174893,0.5533333333333333,150.0,0.04679599154178542,0.08940804496750396,1423.1412138573587
etas_ref,Reference ETAS,112,2024-04-17,0.01,0.010012823440546666,570,25.0,0.14619883040935672,0.8538011695906433,0.010012823440546666,1.9493177387914231,14.601159331076227,0.14619883040935672,14.601159331076227,0.14619883040935672,171.0,0.02242152466367713,0.043859649122807015,2461.718278493919
etas_ref,Reference ETAS,112,2024-04-17,0.02,0.02000808052418009,1139,37.0,0.21637426900584794,0.7836257309941521,0.02000808052418009,1.4437615842356843,10.81434417181379,0.21637426900584794,10.81434417181379,0.21637426900584794,171.0,0.018328118015198926,0.035996488147497806,2461.718278493919
etas_ref,Reference ETAS,112,2024-04-17,0.03,0.030003337607813516,1708,51.0,0.2982456140350877,0.7017543859649122,0.030003337607813516,1.327088212334114,9.940414560992645,0.2982456140350877,9.940414560992645,0.2982456140350877,171.0,0.023060796645702306,0.045081967213114756,2461.718278493919
etas_ref,Reference ETAS,112,2024-04-17,0.04,0.04001616104836018,2278,58.0,0.3391812865497076,0.6608187134502924,0.04001616104836018,1.1315969173739147,8.476107594124322,0.3391812865497076,8.476107594124322,0.3391812865497076,171.0,0.024971878515185602,0.048726953467954345,2461.718278493919
etas_ref,Reference ETAS,112,2024-04-17,0.05,0.050011418131993605,2847,64.0,0.3742690058479532,0.6257309941520468,0.050011418131993605,0.9991023689653826,7.483671126064781,0.3742690058479532,7.483671126064781,0.3742690058479532,171.0,0.024838012958963283,0.04847207586933614,2461.718278493919
etas_ref,Reference ETAS,112,2024-04-17,0.06,0.06000667521562703,3416,71.0,0.4152046783625731,0.5847953216374269,0.06000667521562703,0.9237574811345303,6.919308174808606,0.4152046783625731,6.919308174808606,0.4152046783625731,171.0,0.02736842105263158,0.05327868852459016,2461.718278493919
etas_ref,Reference ETAS,112,2024-04-17,0.07,0.07000193229926045,3985,85.0,0.49707602339181284,0.5029239766081872,0.07000193229926045,0.9479994423532693,7.1008900335321785,0.49707602339181284,7.1008900335321785,0.49707602339181284,171.0,0.03265094584089142,0.06323713927227102,2461.718278493919
etas_ref,Reference ETAS,112,2024-04-17,0.08,0.08001475573980713,4555,89.0,0.52046783625731,0.47953216374269003,0.08001475573980713,0.8683985851933163,6.504648192013146,0.52046783625731,6.504648192013146,0.52046783625731,171.0,0.03299693842839324,0.06388583973655323,2461.718278493919
etas_ref,Reference ETAS,112,2024-04-17,0.09,0.09001001282344055,5124,92.0,0.5380116959064327,0.4619883040935673,0.09001001282344055,0.7979876832335848,5.977242742557668,0.5380116959064327,5.977242742557668,0.5380116959064327,171.0,0.04443538524256013,0.08508977361436378,2461.718278493919
etas_ref,Reference ETAS,112,2024-04-17,0.1,0.10000526990707397,5693,97.0,0.5672514619883041,0.4327485380116959,0.10000526990707397,0.757265257528739,5.672215699386649,0.5672514619883041,5.672215699386649,0.5672514619883041,171.0,0.04814507962809537,0.0918672053398911,2461.718278493919
etas_ref,Reference ETAS,113,2024-05-01,0.01,0.010012823440546666,570,25.0,0.13966480446927373,0.8603351955307262,0.010012823440546666,1.9493177387914231,13.948593550916396,0.13966480446927373,13.948593550916396,0.13966480446927373,179.0,0.020590868397493287,0.04035087719298246,2878.0134143890477
etas_ref,Reference ETAS,113,2024-05-01,0.02,0.02000808052418009,1139,40.0,0.22346368715083798,0.776536312849162,0.02000808052418009,1.5608233343088478,11.168671921365895,0.22346368715083798,11.168671921365895,0.22346368715083798,179.0,0.018783542039355994,0.03687445127304653,2878.0134143890477
etas_ref,Reference ETAS,113,2024-05-01,0.03,0.030003337607813516,1708,49.0,0.2737430167597765,0.7262569832402235,0.030003337607813516,1.2750455373406193,9.12375217510761,0.2737430167597765,9.12375217510761,0.2737430167597765,179.0,0.022142429682824656,0.04332552693208431,2878.0134143890477
etas_ref,Reference ETAS,113,2024-05-01,0.04,0.04001616104836018,2278,66.0,0.3687150837988827,0.6312849162011174,0.04001616104836018,1.2876792508047994,9.214154335126864,0.3687150837988827,9.214154335126864,0.3687150837988827,179.0,0.02681992337164751,0.05223880597014925,2878.0134143890477
etas_ref,Reference ETAS,113,2024-05-01,0.05,0.050011418131993605,2847,73.0,0.40782122905027934,0.5921787709497206,0.050011418131993605,1.1396011396011396,8.154562383612664,0.40782122905027934,8.154562383612664,0.40782122905027934,179.0,0.02650081124932396,0.051633298208640675,2878.0134143890477
etas_ref,Reference ETAS,113,2024-05-01,0.06,0.06000667521562703,3416,82.0,0.4581005586592179,0.541899441340782,0.06000667521562703,1.0668748373666406,7.634159983253307,0.4581005586592179,7.634159983253307,0.4581005586592179,179.0,0.02907064316915198,0.05649882903981265,2878.0134143890477
etas_ref,Reference ETAS,113,2024-05-01,0.07,0.07000193229926045,3985,88.0,0.49162011173184356,0.5083798882681565,0.07000193229926045,0.9814582462010317,7.022950589851608,0.49162011173184356,7.022950589851608,0.49162011173184356,179.0,0.0333203682095164,0.06449184441656211,2878.0134143890477
etas_ref,Reference ETAS,113,2024-05-01,0.08,0.08001475573980713,4555,95.0,0.5307262569832403,0.4692737430167597,0.08001475573980713,0.9269423100378095,6.632854803794713,0.5307262569832403,6.632854803794713,0.5307262569832403,179.0,0.033700215590604786,0.06520307354555434,2878.0134143890477
etas_ref,Reference ETAS,113,2024-05-01,0.09,0.09001001282344055,5124,104.0,0.5810055865921788,0.4189944134078212,0.09001001282344055,0.9020730332205742,6.454899498035316,0.5810055865921788,6.454899498035316,0.5810055865921788,179.0,0.045500918179963275,0.08704137392661983,2878.0134143890477
etas_ref,Reference ETAS,113,2024-05-01,0.1,0.10000526990707397,5693,108.0,0.6033519553072626,0.3966480446927374,0.10000526990707397,0.843140699104163,6.033201608954249,0.6033519553072626,6.033201608954249,0.6033519553072626,179.0,0.04930421159340153,0.0939750570876515,2878.0134143890477
etas_ref,Reference ETAS,114,2024-05-15,0.01,0.010012823440546666,570,17.0,0.1452991452991453,0.8547008547008547,0.010012823440546666,1.3255360623781678,14.511306042884991,0.1452991452991453,14.511306042884991,0.1452991452991453,117.0,0.015138023152270703,0.02982456140350877,426.4426500713174
etas_ref,Reference ETAS,114,2024-05-15,0.02,0.02000808052418009,1139,29.0,0.24786324786324787,0.7521367521367521,0.02000808052418009,1.1315969173739147,12.388157252950933,0.24786324786324787,12.388157252950933,0.24786324786324787,117.0,0.01560410164957646,0.030728709394205442,426.4426500713174
etas_ref,Reference ETAS,114,2024-05-15,0.03,0.030003337607813516,1708,36.0,0.3076923076923077,0.6923076923076923,0.030003337607813516,0.936768149882904,10.255269320843091,0.3076923076923077,10.255269320843091,0.3076923076923077,117.0,0.019701492537313434,0.03864168618266979,426.4426500713174
etas_ref,Reference ETAS,114,2024-05-15,0.04,0.04001616104836018,2278,46.0,0.39316239316239315,0.6068376068376069,0.04001616104836018,0.8974734172275876,9.825090235099015,0.39316239316239315,9.825090235099015,0.39316239316239315,117.0,0.02336028751123091,0.0456540825285338,426.4426500713174
etas_ref,Reference ETAS,114,2024-05-15,0.05,0.050011418131993605,2847,51.0,0.4358974358974359,0.5641025641025641,0.050011418131993605,0.7961597002692893,8.715958318698044,0.4358974358974359,8.715958318698044,0.4358974358974359,117.0,0.023548445083587992,0.0460133473832104,426.4426500713174
etas_ref,Reference ETAS,114,2024-05-15,0.06,0.06000667521562703,3416,55.0,0.4700854700854701,0.5299145299145299,0.06000667521562703,0.7155867811605516,7.833886286755139,0.4700854700854701,7.833886286755139,0.4700854700854701,117.0,0.025825825825825825,0.05035128805620609,426.4426500713174
etas_ref,Reference ETAS,114,2024-05-15,0.07,0.07000193229926045,3985,58.0,0.49572649572649574,0.5042735042735043,0.07000193229926045,0.6468702077234073,7.081611599052001,0.49572649572649574,7.081611599052001,0.49572649572649574,117.0,0.029449754585378456,0.057214554579673775,426.4426500713174
etas_ref,Reference ETAS,114,2024-05-15,0.08,0.08001475573980713,4555,61.0,0.5213675213675214,0.4786324786324786,0.08001475573980713,0.5951945359190145,6.5158921819734115,0.5213675213675214,6.5158921819734115,0.5213675213675214,117.0,0.030776193708983934,0.059714599341383096,426.4426500713174
etas_ref,Reference ETAS,114,2024-05-15,0.09,0.09001001282344055,5124,62.0,0.5299145299145299,0.4700854700854701,0.09001001282344055,0.5377743082661115,5.887284239743256,0.5299145299145299,5.887284239743256,0.5299145299145299,117.0,0.04231082180634662,0.08118657298985169,426.4426500713174
etas_ref,Reference ETAS,114,2024-05-15,0.1,0.10000526990707397,5693,64.0,0.5470085470085471,0.45299145299145294,0.10000526990707397,0.49963893280246696,5.469797216855008,0.5470085470085471,5.469797216855008,0.5470085470085471,117.0,0.045354388542049213,0.08677323028280344,426.4426500713174
etas_ref,Reference ETAS,115,2024-05-29,0.01,0.010012823440546666,570,17.0,0.15315315315315314,0.8468468468468469,0.010012823440546666,1.3255360623781678,15.295700964122014,0.15315315315315314,15.295700964122014,0.15315315315315314,111.0,0.014234875444839857,0.028070175438596492,1886.6893303397878
etas_ref,Reference ETAS,115,2024-05-29,0.02,0.02000808052418009,1139,25.0,0.22522522522522523,0.7747747747747747,0.02000808052418009,0.9755145839430299,11.256713254079365,0.22522522522522523,11.256713254079365,0.22522522522522523,111.0,0.013345195729537367,0.02633889376646181,1886.6893303397878
etas_ref,Reference ETAS,115,2024-05-29,0.03,0.030003337607813516,1708,30.0,0.2702702702702703,0.7297297297297297,0.030003337607813516,0.78064012490242,9.008006835875689,0.2702702702702703,9.008006835875689,0.2702702702702703,111.0,0.01818181818181818,0.03571428571428571,1886.6893303397878
etas_ref,Reference ETAS,115,2024-05-29,0.04,0.04001616104836018,2278,32.0,0.2882882882882883,0.7117117117117118,0.04001616104836018,0.6243293337235392,7.204296482610793,0.2882882882882883,7.204296482610793,0.2882882882882883,111.0,0.02060931899641577,0.04038630377524144,1886.6893303397878
etas_ref,Reference ETAS,115,2024-05-29,0.05,0.050011418131993605,2847,41.0,0.36936936936936937,0.6306306306306306,0.050011418131993605,0.6400499551184482,7.385700769262413,0.36936936936936937,7.385700769262413,0.36936936936936937,111.0,0.022262118491921005,0.04355461889708465,1886.6893303397878
etas_ref,Reference ETAS,115,2024-05-29,0.06,0.06000667521562703,3416,42.0,0.3783783783783784,0.6216216216216216,0.06000667521562703,0.546448087431694,6.305604785112982,0.3783783783783784,6.305604785112982,0.3783783783783784,111.0,0.024134312696747113,0.0471311475409836,1886.6893303397878
etas_ref,Reference ETAS,115,2024-05-29,0.07,0.07000193229926045,3985,45.0,0.40540540540540543,0.5945945945945945,0.07000193229926045,0.5018820577164367,5.791345925599376,0.40540540540540543,5.791345925599376,0.40540540540540543,111.0,0.028121775025799794,0.05470514429109159,1886.6893303397878
etas_ref,Reference ETAS,115,2024-05-29,0.08,0.08001475573980713,4555,50.0,0.45045045045045046,0.5495495495495495,0.08001475573980713,0.4878643737041103,5.629592270646057,0.45045045045045046,5.629592270646057,0.45045045045045046,111.0,0.029843997286909337,0.0579582875960483,1886.6893303397878
etas_ref,Reference ETAS,115,2024-05-29,0.09,0.09001001282344055,5124,55.0,0.4954954954954955,0.5045045045045045,0.09001001282344055,0.4770578541070344,5.504893066368476,0.4954954954954955,5.504893066368476,0.4954954954954955,111.0,0.0417810308020738,0.08021077283372366,1886.6893303397878
etas_ref,Reference ETAS,115,2024-05-29,0.1,0.10000526990707397,5693,58.0,0.5225225225225225,0.4774774774774775,0.10000526990707397,0.4527977828522357,5.22494987522214,0.5225225225225225,5.22494987522214,0.5225225225225225,111.0,0.04516247475674683,0.0864219216581767,1886.6893303397878
etas_ref,Reference ETAS,116,2024-06-12,0.01,0.010012823440546666,570,23.0,0.16083916083916083,0.8391608391608392,0.010012823440546666,1.7933723196881093,16.063317384370013,0.16083916083916083,16.063317384370013,0.16083916083916083,143.0,0.01876675603217158,0.03684210526315789,437.7202075907355
etas_ref,Reference ETAS,116,2024-06-12,0.02,0.02000808052418009,1139,36.0,0.2517482517482518,0.7482517482517482,0.02000808052418009,1.404741000877963,12.582328996727593,0.2517482517482518,12.582328996727593,0.2517482517482518,143.0,0.017873100983020553,0.03511852502194908,437.7202075907355
etas_ref,Reference ETAS,116,2024-06-12,0.03,0.030003337607813516,1708,48.0,0.3356643356643357,0.6643356643356644,0.030003337607813516,1.249024199843872,11.187566531828827,0.3356643356643357,11.187566531828827,0.3356643356643357,143.0,0.0215311004784689,0.04215456674473068,437.7202075907355
etas_ref,Reference ETAS,116,2024-06-12,0.04,0.04001616104836018,2278,54.0,0.3776223776223776,0.6223776223776224,0.04001616104836018,1.0535557506584723,9.436746747545694,0.3776223776223776,9.436746747545694,0.3776223776223776,143.0,0.025202520252025202,0.04916593503072871,437.7202075907355
etas_ref,Reference ETAS,116,2024-06-12,0.05,0.050011418131993605,2847,66.0,0.46153846153846156,0.5384615384615384,0.050011418131993605,1.0303243179955508,9.228661749209696,0.46153846153846156,9.228661749209696,0.46153846153846156,143.0,0.025576368876080693,0.049877063575693714,437.7202075907355
etas_ref,Reference ETAS,116,2024-06-12,0.06,0.06000667521562703,3416,70.0,0.48951048951048953,0.5104895104895104,0.06000667521562703,0.9107468123861566,8.157600596125187,0.48951048951048953,8.157600596125187,0.48951048951048953,143.0,0.025517862503752625,0.049765807962529274,437.7202075907355
etas_ref,Reference ETAS,116,2024-06-12,0.07,0.07000193229926045,3985,72.0,0.5034965034965035,0.49650349650349646,0.07000193229926045,0.8030112923462986,7.192608646059086,0.5034965034965035,7.192608646059086,0.5034965034965035,143.0,0.029316802273020793,0.056963613550815556,437.7202075907355
etas_ref,Reference ETAS,116,2024-06-12,0.08,0.08001475573980713,4555,75.0,0.5244755244755245,0.4755244755244755,0.08001475573980713,0.7317965605561654,6.554735056381598,0.5244755244755245,6.554735056381598,0.5244755244755245,143.0,0.032060722782372264,0.062129527991218444,437.7202075907355
etas_ref,Reference ETAS,116,2024-06-12,0.09,0.09001001282344055,5124,79.0,0.5524475524475524,0.4475524475524476,0.09001001282344055,0.685228554081013,6.137623305656091,0.5524475524475524,6.137623305656091,0.5524475524475524,143.0,0.04167513722301281,0.08001561280249805,437.7202075907355
etas_ref,Reference ETAS,116,2024-06-12,0.1,0.10000526990707397,5693,82.0,0.5734265734265734,0.42657342657342656,0.10000526990707397,0.6401623826531608,5.733963559714482,0.5734265734265734,5.733963559714482,0.5734265734265734,143.0,0.045354388542049213,0.08677323028280344,437.7202075907355
etas_ref,Reference ETAS,117,2024-06-26,0.01,0.010012823440546666,570,17.0,0.1588785046728972,0.8411214953271028,0.010012823440546666,1.3255360623781678,15.867502869322838,0.1588785046728972,15.867502869322838,0.1588785046728972,107.0,0.014234875444839857,0.028070175438596492,1223.5559344407761
etas_ref,Reference ETAS,117,2024-06-26,0.02,0.02000808052418009,1139,23.0,0.21495327102803738,0.7850467289719626,0.02000808052418009,0.8974734172275876,10.74332296735126,0.21495327102803738,10.74332296735126,0.21495327102803738,107.0,0.013345195729537367,0.02633889376646181,1223.5559344407761
etas_ref,Reference ETAS,117,2024-06-26,0.03,0.030003337607813516,1708,33.0,0.308411214953271,0.691588785046729,0.030003337607813516,0.8587041373926619,10.279230230471228,0.308411214953271,10.279230230471228,0.308411214953271,107.0,0.01818181818181818,0.03571428571428571,1223.5559344407761
etas_ref,Reference ETAS,117,2024-06-26,0.04,0.04001616104836018,2278,37.0,0.34579439252336447,0.6542056074766356,0.04001616104836018,0.7218807921178422,8.641368473739057,0.34579439252336447,8.641368473739057,0.34579439252336447,107.0,0.021753756447634,0.04258121158911326,1223.5559344407761
etas_ref,Reference ETAS,117,2024-06-26,0.05,0.050011418131993605,2847,44.0,0.411214953271028,0.5887850467289719,0.050011418131993605,0.6868828786637006,8.222421371570007,0.411214953271028,8.222421371570007,0.411214953271028,107.0,0.02207862143241788,0.04320337197049526,1223.5559344407761
etas_ref,Reference ETAS,117,2024-06-26,0.06,0.06000667521562703,3416,52.0,0.48598130841121495,0.514018691588785,0.06000667521562703,0.6765547749154307,8.098787454310665,0.48598130841121495,8.098787454310665,0.48598130841121495,107.0,0.023060796645702306,0.045081967213114756,1223.5559344407761
etas_ref,Reference ETAS,117,2024-06-26,0.07,0.07000193229926045,3985,57.0,0.5327102803738317,0.4672897196261683,0.07000193229926045,0.6357172731074865,7.609936795694133,0.5327102803738317,7.609936795694133,0.5327102803738317,107.0,0.027591542031975246,0.053701380175658724,1223.5559344407761
etas_ref,Reference ETAS,117,2024-06-26,0.08,0.08001475573980713,4555,61.0,0.5700934579439252,0.4299065420560748,0.08001475573980713,0.5951945359190145,7.1248540681391495,0.5700934579439252,7.1248540681391495,0.5700934579439252,107.0,0.03135967394996038,0.06081229418221734,1223.5559344407761
etas_ref,Reference ETAS,117,2024-06-26,0.09,0.09001001282344055,5124,61.0,0.5700934579439252,0.4299065420560748,0.09001001282344055,0.5291005291005291,6.333667111704494,0.5700934579439252,6.333667111704494,0.5700934579439252,107.0,0.040194884287454324,0.07728337236533958,1223.5559344407761
etas_ref,Reference ETAS,117,2024-06-26,0.1,0.10000526990707397,5693,63.0,0.5887850467289719,0.4112149532710281,0.10000526990707397,0.49183207447742844,5.8875401993922685,0.5887850467289719,5.8875401993922685,0.5887850467289719,107.0,0.04429973401816014,0.0848410328473564,1223.5559344407761
etas_ref,Reference ETAS,118,2024-07-10,0.01,0.010012823440546666,570,20.0,0.15267175572519084,0.8473282442748091,0.010012823440546666,1.5594541910331385,15.24762287397884,0.15267175572519084,15.24762287397884,0.15267175572519084,131.0,0.016042780748663103,0.031578947368421054,761.0944975567865
etas_ref,Reference ETAS,118,2024-07-10,0.02,0.02000808052418009,1139,25.0,0.19083969465648856,0.8091603053435115,0.02000808052418009,0.9755145839430299,9.538131077884042,0.19083969465648856,9.538131077884042,0.19083969465648856,131.0,0.012444444444444444,0.024582967515364356,761.0944975567865
etas_ref,Reference ETAS,118,2024-07-10,0.03,0.030003337607813516,1708,31.0,0.2366412213740458,0.7633587786259541,0.030003337607813516,0.8066614623991674,7.887163237213294,0.2366412213740458,7.887163237213294,0.2366412213740458,131.0,0.018485390578413835,0.03629976580796253,761.0944975567865
etas_ref,Reference ETAS,118,2024-07-10,0.04,0.04001616104836018,2278,38.0,0.2900763358778626,0.7099236641221374,0.04001616104836018,0.7413910837967027,7.248979619191871,0.2900763358778626,7.248979619191871,0.2900763358778626,131.0,0.02060931899641577,0.04038630377524144,761.0944975567865
etas_ref,Reference ETAS,118,2024-07-10,0.05,0.050011418131993605,2847,40.0,0.3053435114503817,0.6946564885496183,0.050011418131993605,0.6244389806033641,6.105475966398271,0.3053435114503817,6.105475966398271,0.3053435114503817,131.0,0.021528525296017224,0.04214963119072708,761.0944975567865
etas_ref,Reference ETAS,118,2024-07-10,0.06,0.06000667521562703,3416,49.0,0.37404580152671757,0.6259541984732824,0.06000667521562703,0.6375227686703097,6.2334032036040545,0.37404580152671757,6.2334032036040545,0.37404580152671757,131.0,0.026596543951915852,0.05181498829039813,761.0944975567865
etas_ref,Reference ETAS,118,2024-07-10,0.07,0.07000193229926045,3985,53.0,0.40458015267175573,0.5954198473282443,0.07000193229926045,0.5911055346438032,5.779556926259734,0.40458015267175573,5.779556926259734,0.40458015267175573,131.0,0.02745906922779425,0.053450439146800505,761.0944975567865
etas_ref,Reference ETAS,118,2024-07-10,0.08,0.08001475573980713,4555,57.0,0.4351145038167939,0.5648854961832062,0.08001475573980713,0.5561653860226857,5.437928289523299,0.4351145038167939,5.437928289523299,0.4351145038167939,131.0,0.032879818594104306,0.06366630076838639,761.0944975567865
etas_ref,Reference ETAS,118,2024-07-10,0.09,0.09001001282344055,5124,60.0,0.4580152671755725,0.5419847328244275,0.09001001282344055,0.5204267499349466,5.08849241110535,0.4580152671755725,5.08849241110535,0.4580152671755725,131.0,0.03903477643718949,0.07513661202185792,761.0944975567865
etas_ref,Reference ETAS,118,2024-07-10,0.1,0.10000526990707397,5693,64.0,0.48854961832061067,0.5114503816793894,0.10000526990707397,0.49963893280246696,4.885238735664395,0.48854961832061067,4.885238735664395,0.48854961832061067,131.0,0.04315162620247366,0.082733181099596,761.0944975567865
etas_ref,Reference ETAS,119,2024-07-24,0.01,0.010012823440546666,570,24.0,0.17518248175182483,0.8248175182481752,0.010012823440546666,1.8713450292397662,17.495812524010756,0.17518248175182483,17.495812524010756,0.17518248175182483,137.0,0.020590868397493287,0.04035087719298246,1475.8538234428904
etas_ref,Reference ETAS,119,2024-07-24,0.02,0.02000808052418009,1139,41.0,0.29927007299270075,0.7007299270072993,0.02000808052418009,1.599843917666569,14.957460443595677,0.29927007299270075,14.957460443595677,0.29927007299270075,137.0,0.01923937360178971,0.03775241439859526,1475.8538234428904
etas_ref,Reference ETAS,119,2024-07-24,0.03,0.030003337607813516,1708,48.0,0.35036496350364965,0.6496350364963503,0.030003337607813516,1.249024199843872,11.677532949281185,0.35036496350364965,11.677532949281185,0.35036496350364965,137.0,0.023367285799880167,0.04566744730679157,1475.8538234428904
etas_ref,Reference ETAS,119,2024-07-24,0.04,0.04001616104836018,2278,54.0,0.39416058394160586,0.6058394160583942,0.04001616104836018,1.0535557506584723,9.850034926270324,0.39416058394160586,9.850034926270324,0.39416058394160586,137.0,0.023820224719101123,0.046532045654082525,1475.8538234428904
etas_ref,Reference ETAS,119,2024-07-24,0.05,0.050011418131993605,2847,60.0,0.43795620437956206,0.5620437956204379,0.050011418131993605,0.9366584709050462,8.757124287571243,0.43795620437956206,8.757124287571243,0.43795620437956206,137.0,0.024653590066582687,0.04812082894274675,1475.8538234428904
etas_ref,Reference ETAS,119,2024-07-24,0.06,0.06000667521562703,3416,66.0,0.48175182481751827,0.5182481751824817,0.06000667521562703,0.8587041373926619,8.028303902630814,0.48175182481751827,8.028303902630814,0.48175182481751827,137.0,0.029225670382645376,0.056791569086651054,1475.8538234428904
etas_ref,Reference ETAS,119,2024-07-24,0.07,0.07000193229926045,3985,69.0,0.5036496350364964,0.4963503649635036,0.07000193229926045,0.7695524884985362,7.194796179102291,0.5036496350364964,7.194796179102291,0.5036496350364964,137.0,0.029449754585378456,0.057214554579673775,1475.8538234428904
etas_ref,Reference ETAS,119,2024-07-24,0.08,0.08001475573980713,4555,74.0,0.5401459854014599,0.45985401459854014,0.08001475573980713,0.7220392730820832,6.750579695049155,0.5401459854014599,6.750579695049155,0.5401459854014599,137.0,0.03499204726198591,0.06761800219538969,1475.8538234428904
etas_ref,Reference ETAS,119,2024-07-24,0.09,0.09001001282344055,5124,78.0,0.5693430656934306,0.43065693430656937,0.09001001282344055,0.6765547749154306,6.3253303475273075,0.5693430656934306,6.3253303475273075,0.5693430656934306,137.0,0.041040227549776515,0.07884465261514442,1475.8538234428904
etas_ref,Reference ETAS,119,2024-07-24,0.1,0.10000526990707397,5693,80.0,0.583941605839416,0.416058394160584,0.10000526990707397,0.6245486660030837,5.839108342810546,0.583941605839416,5.839108342810546,0.583941605839416,137.0,0.044395523757108785,0.08501668715966977,1475.8538234428904
etas_ref,Reference ETAS,120,2024-08-07,0.01,0.010012823440546666,570,22.0,0.19130434782608696,0.808695652173913,0.010012823440546666,1.7153996101364524,19.10593440122044,0.19130434782608696,19.10593440122044,0.19130434782608696,115.0,0.017857142857142856,0.03508771929824561,427.61027773974115
etas_ref,Reference ETAS,120,2024-08-07,0.02,0.02000808052418009,1139,33.0,0.28695652173913044,0.7130434782608696,0.02000808052418009,1.2876792508047994,14.342031530327901,0.28695652173913044,14.342031530327901,0.28695652173913044,115.0,0.016057091882247992,0.03160667251975417,427.61027773974115
etas_ref,Reference ETAS,120,2024-08-07,0.03,0.030003337607813516,1708,41.0,0.3565217391304348,0.6434782608695653,0.030003337607813516,1.0668748373666406,11.882735973933407,0.3565217391304348,11.882735973933407,0.3565217391304348,115.0,0.019701492537313434,0.03864168618266979,427.61027773974115
etas_ref,Reference ETAS,120,2024-08-07,0.04,0.04001616104836018,2278,51.0,0.4434782608695652,0.5565217391304348,0.04001616104836018,0.9950248756218905,11.082478909798832,0.4434782608695652,11.082478909798832,0.4434782608695652,115.0,0.020838001344387184,0.040825285338015806,427.61027773974115
etas_ref,Reference ETAS,120,2024-08-07,0.05,0.050011418131993605,2847,55.0,0.4782608695652174,0.5217391304347826,0.050011418131993605,0.8586035983296256,9.563033551717293,0.4782608695652174,9.563033551717293,0.4782608695652174,115.0,0.02244568145088885,0.04390586582367404,427.61027773974115
etas_ref,Reference ETAS,120,2024-08-07,0.06,0.06000667521562703,3416,58.0,0.5043478260869565,0.4956521739130435,0.06000667521562703,0.7546187874056727,8.404862030343141,0.5043478260869565,8.404862030343141,0.5043478260869565,115.0,0.02907064316915198,0.05649882903981265,427.61027773974115
etas_ref,Reference ETAS,120,2024-08-07,0.07,0.07000193229926045,3985,61.0,0.5304347826086957,0.4695652173913043,0.07000193229926045,0.6803290115711698,7.577430582074083,0.5304347826086957,7.577430582074083,0.5304347826086957,115.0,0.027194226060059286,0.05294855708908407,427.61027773974115
etas_ref,Reference ETAS,120,2024-08-07,0.08,0.08001475573980713,4555,62.0,0.5391304347826087,0.4608695652173913,0.08001475573980713,0.6049518233930967,6.7378876533193335,0.5391304347826087,6.7378876533193335,0.5391304347826087,115.0,0.034874474610928095,0.06739846322722283,427.61027773974115
etas_ref,Reference ETAS,120,2024-08-07,0.09,0.09001001282344055,5124,65.0,0.5652173913043478,0.4347826086956522,0.09001001282344055,0.5637956457628589,6.279494620371312,0.5652173913043478,6.279494620371312,0.5652173913043478,115.0,0.0387188323535374,0.07455113192818111,427.61027773974115
etas_ref,Reference ETAS,120,2024-08-07,0.1,0.10000526990707397,5693,67.0,0.5826086956521739,0.4173913043478261,0.10000526990707397,0.5230595077775826,5.825779943332392,0.5826086956521739,5.825779943332392,0.5826086956521739,115.0,0.04506654428636989,0.08624626734586334,427.61027773974115
etas_ref,Reference ETAS,121,2024-08-21,0.01,0.010012823440546666,570,32.0,0.25196850393700787,0.7480314960629921,0.010012823440546666,2.4951267056530217,25.164580743196574,0.25196850393700787,25.164580743196574,0.25196850393700787,127.0,0.02702702702702703,0.05263157894736842,1449.8529498177568
etas_ref,Reference ETAS,121,2024-08-21,0.02,0.02000808052418009,1139,40.0,0.31496062992125984,0.6850393700787402,0.02000808052418009,1.5608233343088478,15.741671448224372,0.31496062992125984,15.741671448224372,0.31496062992125984,127.0,0.018783542039355994,0.03687445127304653,1449.8529498177568
etas_ref,Reference ETAS,121,2024-08-21,0.03,0.030003337607813516,1708,52.0,0.4094488188976378,0.5905511811023623,0.030003337607813516,1.3531095498308614,13.646775710413246,0.4094488188976378,13.646775710413246,0.4094488188976378,127.0,0.023060796645702306,0.045081967213114756,1449.8529498177568
etas_ref,Reference ETAS,121,2024-08-21,0.04,0.04001616104836018,2278,56.0,0.4409448818897638,0.5590551181102362,0.04001616104836018,1.0925763340161936,11.01917001375706,0.4409448818897638,11.01917001375706,0.4409448818897638,127.0,0.02244165170556553,0.043898156277436345,1449.8529498177568
etas_ref,Reference ETAS,121,2024-08-21,0.05,0.050011418131993605,2847,61.0,0.48031496062992124,0.5196850393700787,0.050011418131993605,0.9522694454201303,9.604105993600115,0.48031496062992124,9.604105993600115,0.48031496062992124,127.0,0.023916561769465924,0.04671584123638918,1449.8529498177568
etas_ref,Reference ETAS,121,2024-08-21,0.06,0.06000667521562703,3416,67.0,0.5275590551181102,0.4724409448818898,0.06000667521562703,0.8717148061410357,8.791672813439302,0.5275590551181102,8.791672813439302,0.5275590551181102,127.0,0.03046757164404223,0.05913348946135832,1449.8529498177568
etas_ref,Reference ETAS,121,2024-08-21,0.07,0.07000193229926045,3985,71.0,0.5590551181102362,0.4409448818897638,0.07000193229926045,0.7918583577303778,7.986281231784547,0.5590551181102362,7.986281231784547,0.5590551181102362,127.0,0.028519809007613885,0.05545796737766625,1449.8529498177568
etas_ref,Reference ETAS,121,2024-08-21,0.08,0.08001475573980713,4555,76.0,0.5984251968503937,0.40157480314960625,0.08001475573980713,0.7415538480302476,7.478935495302385,0.5984251968503937,7.478935495302385,0.5984251968503937,127.0,0.03640500568828214,0.07025246981339188,1449.8529498177568
etas_ref,Reference ETAS,121,2024-08-21,0.09,0.09001001282344055,5124,79.0,0.6220472440944882,0.3779527559055118,0.09001001282344055,0.685228554081013,6.910867186683632,0.6220472440944882,6.910867186683632,0.6220472440944882,127.0,0.040300477108922955,0.07747853239656519,1449.8529498177568
etas_ref,Reference ETAS,121,2024-08-21,0.1,0.10000526990707397,5693,87.0,0.6850393700787402,0.31496062992125984,0.10000526990707397,0.6791966742783535,6.8500327104290255,0.6850393700787402,6.8500327104290255,0.6850393700787402,127.0,0.04631501562212829,0.08852977340593711,1449.8529498177568
etas_ref,Reference ETAS,122,2024-09-04,0.01,0.010012823440546666,570,17.0,0.15454545454545454,0.8454545454545455,0.010012823440546666,1.3255360623781678,15.43475279106858,0.15454545454545454,15.43475279106858,0.15454545454545454,110.0,0.015138023152270703,0.02982456140350877,3265.1166178467233
etas_ref,Reference ETAS,122,2024-09-04,0.02,0.02000808052418009,1139,28.0,0.2545454545454545,0.7454545454545455,0.02000808052418009,1.0925763340161936,12.722132652246787,0.2545454545454545,12.722132652246787,0.2545454545454545,110.0,0.014247551202137132,0.028094820017559263,3265.1166178467233
etas_ref,Reference ETAS,122,2024-09-04,0.03,0.030003337607813516,1708,34.0,0.3090909090909091,0.6909090909090909,0.030003337607813516,0.8847254748894093,10.301884181392378,0.3090909090909091,10.301884181392378,0.3090909090909091,110.0,0.017878426698450536,0.0351288056206089,3265.1166178467233
etas_ref,Reference ETAS,122,2024-09-04,0.04,0.04001616104836018,2278,39.0,0.35454545454545455,0.6454545454545455,0.04001616104836018,0.7609013754755634,8.860056668529014,0.35454545454545455,8.860056668529014,0.35454545454545455,110.0,0.017645744918472192,0.03467954345917471,3265.1166178467233
etas_ref,Reference ETAS,122,2024-09-04,0.05,0.050011418131993605,2847,49.0,0.44545454545454544,0.5545454545454546,0.050011418131993605,0.764937751239121,8.90705687007057,0.44545454545454544,8.90705687007057,0.44545454545454544,110.0,0.021528525296017224,0.04214963119072708,3265.1166178467233
etas_ref,Reference ETAS,122,2024-09-04,0.06,0.06000667521562703,3416,52.0,0.4727272727272727,0.5272727272727273,0.06000667521562703,0.6765547749154307,7.877911432829466,0.4727272727272727,7.877911432829466,0.4727272727272727,110.0,0.02845100105374078,0.055327868852459015,3265.1166178467233
etas_ref,Reference ETAS,122,2024-09-04,0.07,0.07000193229926045,3985,59.0,0.5363636363636364,0.4636363636363636,0.07000193229926045,0.6580231423393281,7.662126154899054,0.5363636363636364,7.662126154899054,0.5363636363636364,110.0,0.027724049000644745,0.053952321204516936,3265.1166178467233
etas_ref,Reference ETAS,122,2024-09-04,0.08,0.08001475573980713,4555,62.0,0.5636363636363636,0.4363636363636364,0.08001475573980713,0.6049518233930967,7.0441552739247575,0.5636363636363636,7.0441552739247575,0.5636363636363636,110.0,0.036169244767970885,0.06981339187705818,3265.1166178467233
etas_ref,Reference ETAS,122,2024-09-04,0.09,0.09001001282344055,5124,65.0,0.5909090909090909,0.40909090909090906,0.09001001282344055,0.5637956457628589,6.5649261940245545,0.5909090909090909,6.5649261940245545,0.5909090909090909,110.0,0.037141989677158184,0.07162373145979703,3265.1166178467233
etas_ref,Reference ETAS,122,2024-09-04,0.1,0.10000526990707397,5693,69.0,0.6272727272727273,0.3727272727272727,0.10000526990707397,0.5386732244276597,6.272396723248647,0.6272727272727273,6.272396723248647,0.6272727272727273,110.0,0.05007839158904362,0.09538029158615843,3265.1166178467233
etas_ref,Reference ETAS,123,2024-09-18,0.01,0.010012823440546666,570,17.0,0.13385826771653545,0.8661417322834646,0.010012823440546666,1.3255360623781678,13.36868351982318,0.13385826771653545,13.36868351982318,0.13385826771653545,127.0,0.014234875444839857,0.028070175438596492,677.6330108405788
etas_ref,Reference ETAS,123,2024-09-18,0.02,0.02000808052418009,1139,27.0,0.2125984251968504,0.7874015748031495,0.02000808052418009,1.0535557506584723,10.625628227551452,0.2125984251968504,10.625628227551452,0.2125984251968504,127.0,0.013345195729537367,0.02633889376646181,677.6330108405788
etas_ref,Reference ETAS,123,2024-09-18,0.03,0.030003337607813516,1708,34.0,0.2677165354330709,0.7322834645669292,0.030003337607813516,0.8847254748894093,8.922891810654816,0.2677165354330709,8.922891810654816,0.2677165354330709,127.0,0.01757521596663688,0.03454332552693208,677.6330108405788
etas_ref,Reference ETAS,123,2024-09-18,0.04,0.04001616104836018,2278,42.0,0.33070866141732286,0.6692913385826771,0.04001616104836018,0.8194322505121451,8.264377510317797,0.33070866141732286,8.264377510317797,0.33070866141732286,127.0,0.018555779119159403,0.036435469710272166,677.6330108405788
etas_ref,Reference ETAS,123,2024-09-18,0.05,0.050011418131993605,2847,46.0,0.36220472440944884,0.6377952755905512,0.050011418131993605,0.7181048276938687,7.242440585337792,0.36220472440944884,7.242440585337792,0.36220472440944884,127.0,0.02061301308478222,0.04039339655778012,677.6330108405788
etas_ref,Reference ETAS,123,2024-09-18,0.06,0.06000667521562703,3416,51.0,0.4015748031496063,0.5984251968503937,0.06000667521562703,0.663544106167057,6.692168857991112,0.4015748031496063,6.692168857991112,0.4015748031496063,127.0,0.027677496991576414,0.053864168618266976,677.6330108405788
etas_ref,Reference ETAS,123,2024-09-18,0.07,0.07000193229926045,3985,54.0,0.4251968503937008,0.5748031496062992,0.07000193229926045,0.602258469259724,6.074073049526275,0.4251968503937008,6.074073049526275,0.4251968503937008,127.0,0.027326630574890435,0.053199498117942286,677.6330108405788
etas_ref,Reference ETAS,123,2024-09-18,0.08,0.08001475573980713,4555,60.0,0.47244094488188976,0.5275590551181102,0.08001475573980713,0.5854372484449323,5.90442275944925,0.47244094488188976,5.90442275944925,0.47244094488188976,127.0,0.035698044565711684,0.06893523600439078,677.6330108405788
etas_ref,Reference ETAS,123,2024-09-18,0.09,0.09001001282344055,5124,64.0,0.5039370078740157,0.49606299212598426,0.09001001282344055,0.5551218665972764,5.598677214528512,0.5039370078740157,5.598677214528512,0.5039370078740157,127.0,0.037037037037037035,0.07142857142857142,677.6330108405788
etas_ref,Reference ETAS,123,2024-09-18,0.1,0.10000526990707397,5693,69.0,0.5433070866141733,0.45669291338582674,0.10000526990707397,0.5386732244276597,5.43278456344371,0.5433070866141733,5.43278456344371,0.5433070866141733,127.0,0.05017524441984873,0.09555594589847181,677.6330108405788
etas_ref,Reference ETAS,124,2024-10-02,0.01,0.010012823440546666,570,19.0,0.15966386554621848,0.8403361344537815,0.010012823440546666,1.4814814814814816,15.945938375350138,0.15966386554621848,15.945938375350138,0.15966386554621848,119.0,0.01694915254237288,0.03333333333333333,810.2640026337549
etas_ref,Reference ETAS,124,2024-10-02,0.02,0.02000808052418009,1139,34.0,0.2857142857142857,0.7142857142857143,0.02000808052418009,1.3266998341625207,14.279944813746393,0.2857142857142857,14.279944813746393,0.2857142857142857,119.0,0.016964285714285713,0.033362598770851626,810.2640026337549
etas_ref,Reference ETAS,124,2024-10-02,0.03,0.030003337607813516,1708,42.0,0.35294117647058826,0.6470588235294117,0.030003337607813516,1.092896174863388,11.763397162143546,0.35294117647058826,11.763397162143546,0.35294117647058826,119.0,0.021225710014947684,0.04156908665105386,810.2640026337549
etas_ref,Reference ETAS,124,2024-10-02,0.04,0.04001616104836018,2278,47.0,0.3949579831932773,0.6050420168067228,0.04001616104836018,0.9169837089064481,9.869961856560009,0.3949579831932773,9.869961856560009,0.3949579831932773,119.0,0.0210667861945316,0.041264266900790166,810.2640026337549
etas_ref,Reference ETAS,124,2024-10-02,0.05,0.050011418131993605,2847,51.0,0.42857142857142855,0.5714285714285714,0.050011418131993605,0.7961597002692893,8.569471624266145,0.42857142857142855,8.569471624266145,0.42857142857142855,119.0,0.022996766079770033,0.04495960660344222,810.2640026337549
etas_ref,Reference ETAS,124,2024-10-02,0.06,0.06000667521562703,3416,57.0,0.4789915966386555,0.5210084033613445,0.06000667521562703,0.741608118657299,7.982305217168835,0.4789915966386555,7.982305217168835,0.4789915966386555,119.0,0.02845100105374078,0.055327868852459015,810.2640026337549
etas_ref,Reference ETAS,124,2024-10-02,0.07,0.07000193229926045,3985,61.0,0.5126050420168067,0.4873949579831933,0.07000193229926045,0.6803290115711698,7.322727033096802,0.5126050420168067,7.322727033096802,0.5126050420168067,119.0,0.031982390262851226,0.06198243412797993,810.2640026337549
etas_ref,Reference ETAS,124,2024-10-02,0.08,0.08001475573980713,4555,62.0,0.5210084033613446,0.4789915966386554,0.08001475573980713,0.6049518233930967,6.511404034720365,0.5210084033613446,6.511404034720365,0.5210084033613446,119.0,0.03605140452632776,0.06959385290889133,810.2640026337549
etas_ref,Reference ETAS,124,2024-10-02,0.09,0.09001001282344055,5124,67.0,0.5630252100840336,0.4369747899159664,0.09001001282344055,0.5811432040940238,6.255139760822361,0.5630252100840336,6.255139760822361,0.5630252100840336,119.0,0.03756201275690999,0.07240437158469945,810.2640026337549
etas_ref,Reference ETAS,124,2024-10-02,0.1,0.10000526990707397,5693,67.0,0.5630252100840336,0.4369747899159664,0.10000526990707397,0.5230595077775826,5.6299554074220595,0.5630252100840336,5.6299554074220595,0.5630252100840336,119.0,0.054356884896749696,0.1031090813279466,810.2640026337549
etas_ref,Reference ETAS,125,2024-10-16,0.01,0.010012823440546666,570,18.0,0.14285714285714285,0.8571428571428572,0.010012823440546666,1.4035087719298247,14.267418546365914,0.14285714285714285,14.267418546365914,0.14285714285714285,126.0,0.016042780748663103,0.031578947368421054,1113.603049985723
etas_ref,Reference ETAS,125,2024-10-16,0.02,0.02000808052418009,1139,27.0,0.21428571428571427,0.7857142857142857,0.02000808052418009,1.0535557506584723,10.709958610309796,0.21428571428571427,10.709958610309796,0.21428571428571427,126.0,0.013796172674677348,0.027216856892010536,1113.603049985723
etas_ref,Reference ETAS,125,2024-10-16,0.03,0.030003337607813516,1708,38.0,0.30158730158730157,0.6984126984126984,0.030003337607813516,0.9888108248763987,10.051791754953348,0.30158730158730157,10.051791754953348,0.30158730158730157,126.0,0.02031063321385902,0.03981264637002342,1113.603049985723
etas_ref,Reference ETAS,125,2024-10-16,0.04,0.04001616104836018,2278,43.0,0.3412698412698413,0.6587301587301587,0.04001616104836018,0.8389425421910057,8.52830037487632,0.3412698412698413,8.52830037487632,0.3412698412698413,126.0,0.0210667861945316,0.041264266900790166,1113.603049985723
etas_ref,Reference ETAS,125,2024-10-16,0.05,0.050011418131993605,2847,48.0,0.38095238095238093,0.6190476190476191,0.050011418131993605,0.7493267767240369,7.617308110458795,0.38095238095238093,7.617308110458795,0.38095238095238093,126.0,0.022262118491921005,0.04355461889708465,1113.603049985723
etas_ref,Reference ETAS,125,2024-10-16,0.06,0.06000667521562703,3416,53.0,0.42063492063492064,0.5793650793650793,0.06000667521562703,0.6895654436638043,7.009802144901676,0.42063492063492064,7.009802144901676,0.42063492063492064,126.0,0.02736842105263158,0.05327868852459016,1113.603049985723
etas_ref,Reference ETAS,125,2024-10-16,0.07,0.07000193229926045,3985,55.0,0.4365079365079365,0.5634920634920635,0.07000193229926045,0.6134114038756449,6.235655533648006,0.4365079365079365,6.235655533648006,0.4365079365079365,126.0,0.030381383322559793,0.05897114178168131,1113.603049985723
etas_ref,Reference ETAS,125,2024-10-16,0.08,0.08001475573980713,4555,58.0,0.4603174603174603,0.5396825396825398,0.08001475573980713,0.565922673496768,5.752907148955447,0.4603174603174603,5.752907148955447,0.4603174603174603,126.0,0.0353449255597227,0.06827661909989023,1113.603049985723
etas_ref,Reference ETAS,125,2024-10-16,0.09,0.09001001282344055,5124,63.0,0.5,0.5,0.09001001282344055,0.5464480874316939,5.554937548790008,0.5,5.554937548790008,0.5,126.0,0.0369321056359405,0.07123341139734582,1113.603049985723
etas_ref,Reference ETAS,125,2024-10-16,0.1,0.10000526990707397,5693,64.0,0.5079365079365079,0.4920634920634921,0.10000526990707397,0.49963893280246696,5.079097415651078,0.5079365079365079,5.079097415651078,0.5079365079365079,126.0,0.05425925925925926,0.10293342701563324,1113.603049985723
etas_ref,Reference ETAS,126,2024-10-30,0.01,0.010012823440546666,570,19.0,0.16666666666666666,0.8333333333333334,0.010012823440546666,1.4814814814814816,16.6453216374269,0.16666666666666666,16.6453216374269,0.16666666666666666,114.0,0.015138023152270703,0.02982456140350877,2221.2308487948026
etas_ref,Reference ETAS,126,2024-10-30,0.02,0.02000808052418009,1139,28.0,0.24561403508771928,0.7543859649122807,0.02000808052418009,1.0925763340161936,12.275742032869708,0.24561403508771928,12.275742032869708,0.24561403508771928,114.0,0.013796172674677348,0.027216856892010536,2221.2308487948026
etas_ref,Reference ETAS,126,2024-10-30,0.03,0.030003337607813516,1708,40.0,0.3508771929824561,0.6491228070175439,0.030003337607813516,1.0408534998698933,11.6946053658737,0.3508771929824561,11.6946053658737,0.3508771929824561,114.0,0.0215311004784689,0.04215456674473068,2221.2308487948026
etas_ref,Reference ETAS,126,2024-10-30,0.04,0.04001616104836018,2278,41.0,0.35964912280701755,0.6403508771929824,0.04001616104836018,0.7999219588332845,8.987596845493893,0.35964912280701755,8.987596845493893,0.35964912280701755,114.0,0.020838001344387184,0.040825285338015806,2221.2308487948026
etas_ref,Reference ETAS,126,2024-10-30,0.05,0.050011418131993605,2847,46.0,0.40350877192982454,0.5964912280701755,0.050011418131993605,0.7181048276938687,8.068332932788593,0.40350877192982454,8.068332932788593,0.40350877192982454,114.0,0.025022502250225023,0.048823322795925536,2221.2308487948026
etas_ref,Reference ETAS,126,2024-10-30,0.06,0.06000667521562703,3416,49.0,0.4298245614035088,0.5701754385964912,0.06000667521562703,0.6375227686703097,7.162945786597642,0.4298245614035088,7.162945786597642,0.4298245614035088,114.0,0.025363950172594928,0.049473067915690866,2221.2308487948026
etas_ref,Reference ETAS,126,2024-10-30,0.07,0.07000193229926045,3985,53.0,0.4649122807017544,0.5350877192982456,0.07000193229926045,0.5911055346438032,6.641420678421273,0.4649122807017544,6.641420678421273,0.4649122807017544,114.0,0.03278476091745497,0.06348808030112923,2221.2308487948026
etas_ref,Reference ETAS,126,2024-10-30,0.08,0.08001475573980713,4555,58.0,0.5087719298245614,0.49122807017543857,0.08001475573980713,0.565922673496768,6.358476322529706,0.5087719298245614,6.358476322529706,0.5087719298245614,114.0,0.03381752156150704,0.06542261251372118,2221.2308487948026
etas_ref,Reference ETAS,126,2024-10-30,0.09,0.09001001282344055,5124,64.0,0.5614035087719298,0.4385964912280702,0.09001001282344055,0.5551218665972764,6.237122861799306,0.5614035087719298,6.237122861799306,0.5614035087719298,114.0,0.039878234398782346,0.07669789227166277,2221.2308487948026
etas_ref,Reference ETAS,126,2024-10-30,0.1,0.10000526990707397,5693,66.0,0.5789473684210527,0.42105263157894735,0.10000526990707397,0.515252649452544,5.78916860040493,0.5789473684210527,5.78916860040493,0.5789473684210527,114.0,0.05729408487324728,0.10837871069734761,2221.2308487948026
etas_ref,Reference ETAS,127,2024-11-13,0.01,0.010012823440546666,570,26.0,0.24528301886792453,0.7547169811320755,0.010012823440546666,2.0272904483430803,24.496888447533927,0.24528301886792453,24.496888447533927,0.24528301886792453,106.0,0.021505376344086023,0.042105263157894736,794.5844839264556
etas_ref,Reference ETAS,127,2024-11-13,0.02,0.02000808052418009,1139,36.0,0.33962264150943394,0.6603773584905661,0.02000808052418009,1.404741000877963,16.974274023887222,0.33962264150943394,16.974274023887222,0.33962264150943394,106.0,0.017418490397498883,0.03424056189640035,794.5844839264556
etas_ref,Reference ETAS,127,2024-11-13,0.03,0.030003337607813516,1708,40.0,0.37735849056603776,0.6226415094339622,0.030003337607813516,1.0408534998698933,12.577217091600017,0.37735849056603776,12.577217091600017,0.37735849056603776,106.0,0.021225710014947684,0.04156908665105386,794.5844839264556
etas_ref,Reference ETAS,127,2024-11-13,0.04,0.04001616104836018,2278,41.0,0.3867924528301887,0.6132075471698113,0.04001616104836018,0.7999219588332845,9.665906041380225,0.3867924528301887,9.665906041380225,0.3867924528301887,106.0,0.02060931899641577,0.04038630377524144,794.5844839264556
etas_ref,Reference ETAS,127,2024-11-13,0.05,0.050011418131993605,2847,47.0,0.44339622641509435,0.5566037735849056,0.050011418131993605,0.7337158022089528,8.865899887998621,0.44339622641509435,8.865899887998621,0.44339622641509435,106.0,0.025391680172879523,0.04952581664910432,794.5844839264556
etas_ref,Reference ETAS,127,2024-11-13,0.06,0.06000667521562703,3416,50.0,0.4716981132075472,0.5283018867924528,0.06000667521562703,0.6505334374186833,7.860760682250011,0.4716981132075472,7.860760682250011,0.4716981132075472,106.0,0.025517862503752625,0.049765807962529274,794.5844839264556
etas_ref,Reference ETAS,127,2024-11-13,0.07,0.07000193229926045,3985,56.0,0.5283018867924528,0.4716981132075472,0.07000193229926045,0.6245643384915657,7.546961482919439,0.5283018867924528,7.546961482919439,0.5283018867924528,106.0,0.03291861067910835,0.06373902132998745,794.5844839264556
etas_ref,Reference ETAS,127,2024-11-13,0.08,0.08001475573980713,4555,58.0,0.5471698113207547,0.4528301886792453,0.08001475573980713,0.565922673496768,6.838361328003645,0.5471698113207547,6.838361328003645,0.5471698113207547,106.0,0.03381752156150704,0.06542261251372118,794.5844839264556
etas_ref,Reference ETAS,127,2024-11-13,0.09,0.09001001282344055,5124,62.0,0.5849056603773585,0.41509433962264153,0.09001001282344055,0.5377743082661115,6.4982288306600084,0.5849056603773585,6.4982288306600084,0.5849056603773585,106.0,0.039983762938908055,0.07689305230288837,794.5844839264556
etas_ref,Reference ETAS,127,2024-11-13,0.1,0.10000526990707397,5693,68.0,0.6415094339622641,0.3584905660377359,0.10000526990707397,0.5308663661026212,6.414756287927246,0.6415094339622641,6.414756287927246,0.6415094339622641,106.0,0.05788348973334572,0.10943263657122783,794.5844839264556
etas_ref,Reference ETAS,128,2024-11-27,0.01,0.010012823440546666,570,14.0,0.11475409836065574,0.8852459016393442,0.010012823440546666,1.091617933723197,11.460713258556225,0.11475409836065574,11.460713258556225,0.11475409836065574,122.0,0.011535048802129548,0.02280701754385965,816.9180522147016
etas_ref,Reference ETAS,128,2024-11-27,0.02,0.02000808052418009,1139,25.0,0.20491803278688525,0.7950819672131147,0.02000808052418009,0.9755145839430299,10.241763698383686,0.20491803278688525,10.241763698383686,0.20491803278688525,122.0,0.013345195729537367,0.02633889376646181,816.9180522147016
etas_ref,Reference ETAS,128,2024-11-27,0.03,0.030003337607813516,1708,34.0,0.2786885245901639,0.7213114754098361,0.030003337607813516,0.8847254748894093,9.288584097976733,0.2786885245901639,9.288584097976733,0.2786885245901639,122.0,0.018789144050104383,0.036885245901639344,816.9180522147016
etas_ref,Reference ETAS,128,2024-11-27,0.04,0.04001616104836018,2278,41.0,0.3360655737704918,0.6639344262295082,0.04001616104836018,0.7999219588332845,8.398246232674621,0.3360655737704918,8.398246232674621,0.3360655737704918,122.0,0.019923886277143497,0.03906935908691835,816.9180522147016
etas_ref,Reference ETAS,128,2024-11-27,0.05,0.050011418131993605,2847,50.0,0.4098360655737705,0.5901639344262295,0.050011418131993605,0.7805487257542052,8.194849913915712,0.4098360655737705,8.194849913915712,0.4098360655737705,122.0,0.025022502250225023,0.048823322795925536,816.9180522147016
etas_ref,Reference ETAS,128,2024-11-27,0.06,0.06000667521562703,3416,53.0,0.4344262295081967,0.5655737704918034,0.06000667521562703,0.6895654436638043,7.2396317234230425,0.4344262295081967,7.2396317234230425,0.4344262295081967,122.0,0.026596543951915852,0.05181498829039813,816.9180522147016
etas_ref,Reference ETAS,128,2024-11-27,0.07,0.07000193229926045,3985,57.0,0.4672131147540984,0.5327868852459017,0.07000193229926045,0.6357172731074865,6.674288829010429,0.4672131147540984,6.674288829010429,0.4672131147540984,122.0,0.033588380236026456,0.06499372647427855,816.9180522147016
etas_ref,Reference ETAS,128,2024-11-27,0.08,0.08001475573980713,4555,65.0,0.5327868852459017,0.4672131147540983,0.08001475573980713,0.6342236858153434,6.658607907001854,0.5327868852459017,6.658607907001854,0.5327868852459017,122.0,0.034874474610928095,0.06739846322722283,816.9180522147016
etas_ref,Reference ETAS,128,2024-11-27,0.09,0.09001001282344055,5124,68.0,0.5573770491803278,0.4426229508196722,0.09001001282344055,0.5898169832596062,6.192389398651155,0.5573770491803278,6.192389398651155,0.5573770491803278,122.0,0.04603450035725222,0.08801717408274785,816.9180522147016
etas_ref,Reference ETAS,128,2024-11-27,0.1,0.10000526990707397,5693,70.0,0.5737704918032787,0.42622950819672134,0.10000526990707397,0.5464800827526982,5.737402562249296,0.5737704918032787,5.737402562249296,0.5737704918032787,122.0,0.056607275426874534,0.10714913051115404,816.9180522147016
etas_ref,Reference ETAS,129,2024-12-11,0.01,0.010012823440546666,570,22.0,0.23157894736842105,0.7684210526315789,0.010012823440546666,1.7153996101364524,23.128236380424745,0.23157894736842105,23.128236380424745,0.23157894736842105,95.0,0.01876675603217158,0.03684210526315789,1809.981103009272
etas_ref,Reference ETAS,129,2024-12-11,0.02,0.02000808052418009,1139,25.0,0.2631578947368421,0.736842105263158,0.02000808052418009,0.9755145839430299,13.152580749503258,0.2631578947368421,13.152580749503258,0.2631578947368421,95.0,0.013345195729537367,0.02633889376646181,1809.981103009272
etas_ref,Reference ETAS,129,2024-12-11,0.03,0.030003337607813516,1708,28.0,0.29473684210526313,0.7052631578947368,0.030003337607813516,0.7285974499089253,9.823468507333907,0.29473684210526313,9.823468507333907,0.29473684210526313,95.0,0.017272185824895772,0.03395784543325527,1809.981103009272
etas_ref,Reference ETAS,129,2024-12-11,0.04,0.04001616104836018,2278,33.0,0.3473684210526316,0.6526315789473685,0.04001616104836018,0.6438396254023997,8.680703294672151,0.3473684210526316,8.680703294672151,0.3473684210526316,95.0,0.018328118015198926,0.035996488147497806,1809.981103009272
etas_ref,Reference ETAS,129,2024-12-11,0.05,0.050011418131993605,2847,41.0,0.43157894736842106,0.5684210526315789,0.050011418131993605,0.6400499551184482,8.629608267243452,0.43157894736842106,8.629608267243452,0.43157894736842106,95.0,0.023548445083587992,0.0460133473832104,1809.981103009272
etas_ref,Reference ETAS,129,2024-12-11,0.06,0.06000667521562703,3416,43.0,0.45263157894736844,0.5473684210526315,0.06000667521562703,0.5594587561800677,7.543020460988537,0.45263157894736844,7.543020460988537,0.45263157894736844,95.0,0.025517862503752625,0.049765807962529274,1809.981103009272
etas_ref,Reference ETAS,129,2024-12-11,0.07,0.07000193229926045,3985,44.0,0.4631578947368421,0.5368421052631579,0.07000193229926045,0.49072912310051586,6.616358713597042,0.4631578947368421,6.616358713597042,0.4631578947368421,95.0,0.0322497085869706,0.06248431618569636,1809.981103009272
etas_ref,Reference ETAS,129,2024-12-11,0.08,0.08001475573980713,4555,47.0,0.49473684210526314,0.5052631578947369,0.08001475573980713,0.4585925112818637,6.183070079149575,0.49473684210526314,6.183070079149575,0.49473684210526314,95.0,0.033114084826491266,0.06410537870472009,1809.981103009272
etas_ref,Reference ETAS,129,2024-12-11,0.09,0.09001001282344055,5124,51.0,0.5368421052631579,0.4631578947368421,0.09001001282344055,0.4423627374447046,5.964248736595587,0.5368421052631579,5.964248736595587,0.5368421052631579,95.0,0.044967880085653104,0.0860655737704918,1809.981103009272
etas_ref,Reference ETAS,129,2024-12-11,0.1,0.10000526990707397,5693,54.0,0.5684210526315789,0.43157894736842106,0.10000526990707397,0.4215703495520815,5.683910989488476,0.5684210526315789,5.683910989488476,0.5684210526315789,95.0,0.05592135769266438,0.10591955032496048,1809.981103009272
etas_ref,Reference ETAS,130,2024-12-25,0.01,0.010012823440546666,570,5.0,0.29411764705882354,0.7058823529411764,0.010012823440546666,0.38986354775828463,29.37409700722394,0.29411764705882354,29.37409700722394,0.29411764705882354,17.0,0.004405286343612335,0.008771929824561403,2093.074834479888
etas_ref,Reference ETAS,130,2024-12-25,0.02,0.02000808052418009,1139,7.0,0.4117647058823529,0.5882352941176471,0.02000808052418009,0.2731440835040484,20.579920466869805,0.4117647058823529,20.579920466869805,0.4117647058823529,17.0,0.005739514348785872,0.01141352063213345,2093.074834479888
etas_ref,Reference ETAS,130,2024-12-25,0.03,0.030003337607813516,1708,7.0,0.4117647058823529,0.5882352941176471,0.030003337607813516,0.18214936247723132,13.723963355834137,0.4117647058823529,13.723963355834137,0.4117647058823529,17.0,0.011249259917110717,0.02224824355971897,2093.074834479888
etas_ref,Reference ETAS,130,2024-12-25,0.04,0.04001616104836018,2278,8.0,0.47058823529411764,0.5294117647058824,0.04001616104836018,0.1560823334308848,11.759954552497032,0.47058823529411764,11.759954552497032,0.47058823529411764,17.0,0.01176993115700644,0.023266022827041263,2093.074834479888
etas_ref,Reference ETAS,130,2024-12-25,0.05,0.050011418131993605,2847,10.0,0.5882352941176471,0.4117647058823529,0.050011418131993605,0.15610974515084103,11.762019876443729,0.5882352941176471,11.762019876443729,0.5882352941176471,17.0,0.01569746699964324,0.030909729539866527,2093.074834479888
etas_ref,Reference ETAS,130,2024-12-25,0.06,0.06000667521562703,3416,11.0,0.6470588235294118,0.3529411764705882,0.06000667521562703,0.14311735623211033,10.783114065298252,0.6470588235294118,10.783114065298252,0.6470588235294118,17.0,0.02736842105263158,0.05327868852459016,2093.074834479888
etas_ref,Reference ETAS,130,2024-12-25,0.07,0.07000193229926045,3985,12.0,0.7058823529411765,0.2941176470588235,0.07000193229926045,0.13383521539104978,10.08375525869068,0.7058823529411765,10.08375525869068,0.7058823529411765,17.0,0.026532715095311694,0.05169385194479297,2093.074834479888
etas_ref,Reference ETAS,130,2024-12-25,0.08,0.08001475573980713,4555,13.0,0.7647058823529411,0.23529411764705888,0.08001475573980713,0.12684473716306868,9.557060760637953,0.7647058823529411,9.557060760637953,0.7647058823529411,17.0,0.033465683494044246,0.06476399560922064,2093.074834479888
etas_ref,Reference ETAS,130,2024-12-25,0.09,0.09001001282344055,5124,14.0,0.8235294117647058,0.17647058823529416,0.09001001282344055,0.12143290831815422,9.149308903889423,0.8235294117647058,9.149308903889423,0.8235294117647058,17.0,0.04539426706110374,0.08684621389539422,2093.074834479888
etas_ref,Reference ETAS,130,2024-12-25,0.1,0.10000526990707397,5693,16.0,0.9411764705882353,0.05882352941176472,0.10000526990707397,0.12490973320061674,9.411268740765234,0.9411764705882353,9.411268740765234,0.9411764705882353,17.0,0.05056283447130467,0.09625856314772528,2093.074834479888
