forecast_date,mae,picp,mpiw,occurrence_f1,true_zero_rate,observed_events,predicted_events
2020-01-01,0.30200114846229553,0.9772357723577236,0.8520325422286987,0.5478260869565217,0.883629191321499,158.0,185.84487915039062
2020-01-02,0.31640955805778503,0.9772357723577236,0.8585366010665894,0.41509433962264153,0.861271676300578,139.0,184.29884338378906
2020-01-03,0.3173670470714569,0.9739837398373984,0.842276394367218,0.5349794238683128,0.8864097363083164,173.0,180.72909545898438
2020-01-04,0.31447604298591614,0.9739837398373984,0.8634146451950073,0.4434782608695652,0.8565815324165029,149.0,183.3372802734375
2020-01-05,0.32291218638420105,0.9658536585365853,0.8520325422286987,0.46153846153846156,0.8665338645418327,156.0,179.83348083496094
2020-01-06,0.3328675627708435,0.9642276422764228,0.8406503796577454,0.5634920634920635,0.9022869022869023,193.0,181.1871337890625
2020-01-07,0.3134959638118744,0.9707317073170731,0.869918704032898,0.5726141078838174,0.8913480885311871,169.0,184.82064819335938
2020-01-08,0.31492817401885986,0.9691056910569106,0.855284571647644,0.48,0.8688845401174168,152.0,180.24688720703125
2020-01-09,0.30781447887420654,0.9739837398373984,0.8439024686813354,0.47619047619047616,0.871031746031746,158.0,180.3223876953125
2020-01-10,0.3319791555404663,0.9560975609756097,0.8487805128097534,0.5703422053231939,0.8970588235294118,200.0,182.17774963378906
2020-01-11,0.32621651887893677,0.9723577235772358,0.8634146451950073,0.5086206896551724,0.8717948717948718,162.0,183.1271514892578
2020-01-12,0.29177960753440857,0.9869918699186991,0.8390243649482727,0.5291479820627802,0.8825831702544031,142.0,181.1103515625
2020-01-13,0.2993886172771454,0.9739837398373984,0.8357723355293274,0.5523012552301255,0.896551724137931,166.0,177.39797973632812
2020-01-14,0.3341197669506073,0.9658536585365853,0.8504065275192261,0.49572649572649574,0.8727634194831014,172.0,180.178466796875
2020-01-15,0.32608428597450256,0.967479674796748,0.8341463208198547,0.5169491525423728,0.8906882591093117,173.0,177.20590209960938
2020-01-16,0.3358663320541382,0.9658536585365853,0.8325203061103821,0.5081967213114754,0.8891170431211499,180.0,176.67562866210938
2020-01-17,0.31985846161842346,0.9626016260162602,0.8341463208198547,0.5737704918032787,0.9036885245901639,185.0,176.90969848632812
2020-01-18,0.3341919481754303,0.9544715447154472,0.8308942914009094,0.5541125541125541,0.9068825910931174,184.0,176.55738830566406
2020-01-19,0.29878997802734375,0.9739837398373984,0.8325203061103821,0.5155555555555555,0.8853754940711462,154.0,176.662841796875
2020-01-20,0.32366442680358887,0.967479674796748,0.8211382031440735,0.4915254237288136,0.8973305954825462,184.0,175.77261352539062
2020-01-21,0.32830795645713806,0.9609756097560975,0.8243902325630188,0.5188284518828452,0.8920570264765784,182.0,177.0032501220703
2020-01-22,0.32128629088401794,0.967479674796748,0.842276394367218,0.5112107623318386,0.8786692759295499,155.0,176.63442993164062
2020-01-23,0.30424344539642334,0.9739837398373984,0.8308942914009094,0.5043478260869565,0.8877755511022044,152.0,175.25546264648438
2020-01-24,0.3244864046573639,0.9642276422764228,0.8308942914009094,0.5737704918032787,0.9036885245901639,193.0,175.99505615234375
2020-01-25,0.3176170885562897,0.9691056910569106,0.8406503796577454,0.540084388185654,0.884,175.0,178.85415649414062
2020-01-26,0.3256223201751709,0.967479674796748,0.8292682766914368,0.5040650406504065,0.8813905930470347,184.0,178.02438354492188
2020-01-27,0.3153834342956543,0.9658536585365853,0.8406503796577454,0.5333333333333333,0.8850806451612904,161.0,179.3568572998047
2020-01-28,0.32001495361328125,0.9691056910569106,0.8373983502388,0.5647058823529412,0.9,199.0,177.34182739257812
2020-01-29,0.312776654958725,0.9691056910569106,0.842276394367218,0.5882352941176471,0.8993963782696177,179.0,179.78414916992188
2020-01-30,0.32323944568634033,0.967479674796748,0.8406503796577454,0.5384615384615384,0.882703777335984,176.0,178.91360473632812
2020-01-31,0.32423412799835205,0.9577235772357724,0.8325203061103821,0.5454545454545454,0.8923395445134575,188.0,180.251220703125
2020-02-01,0.3368713855743408,0.9707317073170731,0.8520325422286987,0.5348837209302325,0.8838174273858921,203.0,181.57078552246094
2020-02-02,0.31645679473876953,0.967479674796748,0.855284571647644,0.6384615384615384,0.9087136929460581,198.0,184.43496704101562
2020-02-03,0.318774938583374,0.9707317073170731,0.860162615776062,0.5020576131687243,0.8625498007968128,157.0,184.92173767089844
2020-02-04,0.30919140577316284,0.9707317073170731,0.8504065275192261,0.5344827586206896,0.8759842519685039,152.0,182.6766357421875
2020-02-05,0.34718814492225647,0.9479674796747968,0.8536585569381714,0.5769230769230769,0.893970893970894,212.0,180.68798828125
2020-02-06,0.33414873480796814,0.9723577235772358,0.8585366010665894,0.48739495798319327,0.8648111332007953,169.0,186.99928283691406
2020-02-07,0.343593955039978,0.9512195121951219,0.8487805128097534,0.5725190839694656,0.8991596638655462,204.0,184.0228271484375
2020-02-08,0.3323529064655304,0.9658536585365853,0.8585366010665894,0.5371900826446281,0.8777555110220441,179.0,186.44219970703125
2020-02-09,0.2990945279598236,0.9853658536585366,0.8569105863571167,0.5067873303167421,0.872093023255814,131.0,184.65130615234375
2020-02-10,0.3285631835460663,0.9577235772357724,0.8439024686813354,0.5793650793650794,0.8989690721649485,193.0,181.43276977539062
2020-02-11,0.31230977177619934,0.9772357723577236,0.8682926893234253,0.5654008438818565,0.8794466403162056,164.0,187.2789306640625
2020-02-12,0.30688557028770447,0.9707317073170731,0.8487805128097534,0.5338983050847458,0.884,159.0,184.5693817138672
2020-02-13,0.3355691134929657,0.959349593495935,0.855284571647644,0.570281124497992,0.890020366598778,192.0,182.54388427734375
2020-02-14,0.3342632055282593,0.9609756097560975,0.8585366010665894,0.5396825396825397,0.8850102669404517,182.0,185.96563720703125
2020-02-15,0.321316659450531,0.9626016260162602,0.8455284833908081,0.5378151260504201,0.8802395209580839,163.0,184.68264770507812
2020-02-16,0.3018137514591217,0.9853658536585366,0.855284571647644,0.5517241379310345,0.8781925343811395,148.0,184.07293701171875
2020-02-17,0.3264901041984558,0.9626016260162602,0.842276394367218,0.525,0.876,167.0,182.5789794921875
2020-02-18,0.31891685724258423,0.967479674796748,0.8390243649482727,0.5617021276595745,0.8831683168316832,159.0,182.93374633789062
2020-02-19,0.3183799386024475,0.967479674796748,0.8439024686813354,0.5862068965517241,0.8860510805500982,172.0,181.0845947265625
2020-02-20,0.31680911779403687,0.9772357723577236,0.8455284833908081,0.5816733067729084,0.8954918032786885,193.0,183.63394165039062
2020-02-21,0.32880809903144836,0.9544715447154472,0.8471544981002808,0.5648854961832062,0.8895833333333333,193.0,185.76300048828125
2020-02-22,0.3182033598423004,0.967479674796748,0.8455284833908081,0.5523012552301255,0.8875502008032129,163.0,185.3174591064453
2020-02-23,0.29306161403656006,0.983739837398374,0.855284571647644,0.5391304347826087,0.8713450292397661,139.0,183.4670867919922
2020-02-24,0.3197692334651947,0.9723577235772358,0.8390243649482727,0.48695652173913045,0.8715415019762845,159.0,180.92465209960938
2020-02-25,0.2908421754837036,0.9707317073170731,0.8341463208198547,0.5422222222222223,0.8877952755905512,146.0,181.3921356201172
2020-02-26,0.3320762515068054,0.9512195121951219,0.8113821148872375,0.5042016806722689,0.8864097363083164,168.0,177.65090942382812
2020-02-27,0.2924785614013672,0.983739837398374,0.8455284833908081,0.5258620689655172,0.8774703557312253,147.0,179.06698608398438
2020-02-28,0.3194693624973297,0.9691056910569106,0.8357723355293274,0.5564516129032258,0.8934426229508197,182.0,179.042724609375
2020-02-29,0.30714428424835205,0.9707317073170731,0.8260162472724915,0.5349794238683128,0.8882113821138211,162.0,179.2506103515625
2020-03-01,0.317470908164978,0.9577235772357724,0.8325203061103821,0.6074074074074074,0.9182795698924732,210.0,178.16598510742188
2020-03-02,0.31589028239250183,0.9707317073170731,0.8487805128097534,0.5587044534412956,0.8846153846153846,167.0,180.140869140625
2020-03-03,0.329303115606308,0.9626016260162602,0.8390243649482727,0.5161290322580645,0.8850102669404517,176.0,177.93687438964844
2020-03-04,0.2888188660144806,0.9853658536585366,0.8471544981002808,0.48372093023255813,0.8709055876685935,125.0,179.85580444335938
2020-03-05,0.3279871642589569,0.9658536585365853,0.8146341443061829,0.5301204819277109,0.9,190.0,173.77647399902344
2020-03-06,0.31300216913223267,0.9739837398373984,0.8487805128097534,0.5350877192982456,0.8871287128712871,163.0,179.2744140625
2020-03-07,0.29993605613708496,0.9707317073170731,0.8325203061103821,0.5102880658436214,0.8875255623721882,171.0,174.79244995117188
2020-03-08,0.30979788303375244,0.967479674796748,0.842276394367218,0.5462184873949579,0.8911290322580645,160.0,177.4447479248047
2020-03-09,0.30963030457496643,0.9707317073170731,0.8455284833908081,0.5526315789473685,0.8910891089108911,156.0,176.51885986328125
2020-03-10,0.3306489884853363,0.9707317073170731,0.8390243649482727,0.5102880658436214,0.8839103869653768,175.0,175.6298828125
2020-03-11,0.3316328823566437,0.9626016260162602,0.8325203061103821,0.502127659574468,0.8762475049900199,169.0,176.14645385742188
2020-03-12,0.3306137025356293,0.9642276422764228,0.8341463208198547,0.5020242914979757,0.8811475409836066,181.0,176.54962158203125
2020-03-13,0.34548377990722656,0.9609756097560975,0.8390243649482727,0.5625,0.8923395445134575,204.0,177.23342895507812
2020-03-14,0.31334802508354187,0.9723577235772358,0.8439024686813354,0.5814977973568282,0.884990253411306,156.0,179.91615295410156
2020-03-15,0.3010464608669281,0.9691056910569106,0.8439024686813354,0.5847457627118644,0.896,166.0,175.7131805419922
2020-03-16,0.3139982223510742,0.9723577235772358,0.8373983502388,0.563265306122449,0.8940936863543788,169.0,178.08934020996094
2020-03-17,0.317381888628006,0.9691056910569106,0.8292682766914368,0.5414847161572053,0.883629191321499,166.0,176.93096923828125
2020-03-18,0.28870540857315063,0.9691056910569106,0.8406503796577454,0.5378151260504201,0.8927125506072875,155.0,177.3535614013672
2020-03-19,0.29590412974357605,0.9739837398373984,0.8308942914009094,0.56,0.893491124260355,147.0,177.31472778320312
2020-03-20,0.3104380667209625,0.9658536585365853,0.8292682766914368,0.5304347826086957,0.892,156.0,175.20692443847656
2020-03-21,0.2819063067436218,0.975609756097561,0.8357723355293274,0.5181818181818182,0.874274661508704,130.0,173.50650024414062
2020-03-22,0.307718962430954,0.9723577235772358,0.8211382031440735,0.4558139534883721,0.8667953667953668,133.0,172.04891967773438
2020-03-23,0.29686975479125977,0.9739837398373984,0.8113821148872375,0.5752212389380531,0.8919449901768173,147.0,171.0748291015625
2020-03-24,0.298369824886322,0.975609756097561,0.8227642178535461,0.5128205128205128,0.8732673267326733,146.0,172.65330505371094
2020-03-25,0.32002031803131104,0.9626016260162602,0.8032520413398743,0.4827586206896552,0.8815261044176707,167.0,169.8927764892578
2020-03-26,0.31211134791374207,0.9739837398373984,0.8178861737251282,0.5391304347826087,0.8886679920477137,156.0,172.4567413330078
2020-03-27,0.3307362496852875,0.9544715447154472,0.8048780560493469,0.5528455284552846,0.9010309278350516,193.0,171.80751037597656
2020-03-28,0.3084430992603302,0.9707317073170731,0.8243902325630188,0.5394190871369294,0.8850806451612904,163.0,175.59716796875
2020-03-29,0.2938390076160431,0.975609756097561,0.8195121884346008,0.5504587155963303,0.8822393822393823,137.0,172.62408447265625
2020-03-30,0.325766921043396,0.9772357723577236,0.8146341443061829,0.4881889763779528,0.8849372384937239,184.0,169.52447509765625
2020-03-31,0.3059147000312805,0.9723577235772358,0.8146341443061829,0.4533333333333333,0.8698224852071006,140.0,171.74261474609375
2020-04-01,0.3257470726966858,0.959349593495935,0.8097561001777649,0.5294117647058824,0.8997955010224948,182.0,167.29786682128906
2020-04-02,0.30637866258621216,0.9609756097560975,0.8243902325630188,0.5666666666666667,0.9004065040650406,173.0,172.58102416992188
2020-04-03,0.3420276343822479,0.9528455284552846,0.8243902325630188,0.496,0.8804123711340206,185.0,171.91661071777344
2020-04-04,0.3107384741306305,0.9707317073170731,0.8308942914009094,0.5407725321888412,0.8864541832669323,163.0,171.49459838867188
2020-04-05,0.3264027535915375,0.9528455284552846,0.8162601590156555,0.5425101214574899,0.8913934426229508,184.0,171.4666748046875
2020-04-06,0.3233426809310913,0.9658536585365853,0.8308942914009094,0.5245901639344263,0.8823529411764706,178.0,172.44454956054688
2020-04-07,0.30737370252609253,0.9723577235772358,0.8260162472724915,0.563265306122449,0.888663967611336,167.0,173.67974853515625
2020-04-08,0.2873499393463135,0.9804878048780488,0.8162601590156555,0.5502183406113537,0.8873517786561265,149.0,172.83566284179688
2020-04-09,0.3062168061733246,0.9707317073170731,0.8227642178535461,0.5702127659574469,0.8993963782696177,166.0,171.80242919921875
2020-04-10,0.34263530373573303,0.9560975609756097,0.8178861737251282,0.5511811023622047,0.9035639412997903,198.0,172.8436737060547
2020-04-11,0.35024043917655945,0.9479674796747968,0.8195121884346008,0.49606299212598426,0.8870292887029289,197.0,172.72653198242188
2020-04-12,0.315106064081192,0.975609756097561,0.8260162472724915,0.5374449339207048,0.8908730158730159,163.0,173.76380920410156
2020-04-13,0.31296485662460327,0.9691056910569106,0.8178861737251282,0.5493562231759657,0.8991935483870968,175.0,172.0056610107422
2020-04-14,0.3421421945095062,0.9560975609756097,0.8130081295967102,0.5221238938053098,0.8995983935742972,181.0,174.54116821289062
2020-04-15,0.3019765317440033,0.9658536585365853,0.8162601590156555,0.5614035087719298,0.898406374501992,159.0,172.8285675048828
2020-04-16,0.31371158361434937,0.9658536585365853,0.8243902325630188,0.5910931174089069,0.9074074074074074,183.0,173.56610107421875
2020-04-17,0.34410399198532104,0.9512195121951219,0.8325203061103821,0.5161290322580645,0.8795918367346939,190.0,176.38754272460938
2020-04-18,0.3472687602043152,0.9642276422764228,0.8211382031440735,0.5714285714285714,0.9006211180124224,210.0,177.16305541992188
2020-04-19,0.32676541805267334,0.9788617886178862,0.8504065275192261,0.5447154471544715,0.8772635814889336,178.0,180.88839721679688
2020-04-20,0.3226919174194336,0.9691056910569106,0.8406503796577454,0.5785123966942148,0.8949494949494949,180.0,179.6170654296875
2020-04-21,0.33286571502685547,0.967479674796748,0.8536585569381714,0.5690376569037657,0.8862275449101796,174.0,182.3784637451172
2020-04-22,0.319696307182312,0.967479674796748,0.8504065275192261,0.5061224489795918,0.8727272727272727,165.0,181.98419189453125
2020-04-23,0.34396424889564514,0.9691056910569106,0.842276394367218,0.5432098765432098,0.876,171.0,181.11643981933594
2020-04-24,0.33233946561813354,0.9642276422764228,0.86504065990448,0.5354330708661418,0.8773006134969326,187.0,182.49024963378906
2020-04-25,0.3782867193222046,0.9544715447154472,0.8569105863571167,0.48484848484848486,0.8736842105263158,214.0,182.95599365234375
2020-04-26,0.32136741280555725,0.967479674796748,0.8585366010665894,0.56,0.8877551020408163,171.0,183.71417236328125
2020-04-27,0.3341119885444641,0.9609756097560975,0.8682926893234253,0.6387832699619772,0.9102296450939458,204.0,184.50021362304688
2020-04-28,0.3221242129802704,0.9577235772357724,0.8747967481613159,0.6125461254612546,0.8970588235294118,200.0,187.94068908691406
2020-04-29,0.3280900716781616,0.9642276422764228,0.8910568952560425,0.5461847389558233,0.8732394366197183,170.0,189.08169555664062
2020-04-30,0.3331362307071686,0.9658536585365853,0.8780487775802612,0.5461538461538461,0.8765432098765432,188.0,185.77670288085938
2020-05-01,0.36745280027389526,0.959349593495935,0.8796747922897339,0.5714285714285714,0.8835758835758836,218.0,188.60494995117188
2020-05-02,0.31527096033096313,0.983739837398374,0.8910568952560425,0.5714285714285714,0.8747514910536779,160.0,190.5577392578125
2020-05-03,0.2968408465385437,0.975609756097561,0.8959349393844604,0.6031746031746031,0.888663967611336,163.0,187.48797607421875
2020-05-04,0.3308858275413513,0.967479674796748,0.8878048658370972,0.5511811023622047,0.8724696356275303,179.0,187.65711975097656
2020-05-05,0.31846827268600464,0.9772357723577236,0.8894308805465698,0.5622489959839357,0.8825910931174089,170.0,187.14663696289062
2020-05-06,0.324033260345459,0.975609756097561,0.8926829099655151,0.5587044534412956,0.872255489021956,164.0,187.10891723632812
2020-05-07,0.3347422480583191,0.9609756097560975,0.8764227628707886,0.49411764705882355,0.863265306122449,180.0,186.94544982910156
2020-05-08,0.3211154341697693,0.967479674796748,0.8796747922897339,0.6053639846743295,0.8909465020576132,189.0,188.42919921875
2020-05-09,0.3333521783351898,0.9642276422764228,0.8991869688034058,0.5895522388059702,0.8838174273858921,199.0,188.44430541992188
2020-05-10,0.3062352240085602,0.9707317073170731,0.8959349393844604,0.6643109540636042,0.908315565031983,208.0,189.03167724609375
2020-05-11,0.31898167729377747,0.9723577235772358,0.9008129835128784,0.5230769230769231,0.8597560975609756,165.0,192.55172729492188
2020-05-12,0.29773178696632385,0.9788617886178862,0.9024389982223511,0.5868725868725869,0.8727272727272727,161.0,188.490966796875
2020-05-13,0.3194337487220764,0.9723577235772358,0.8943089246749878,0.5769230769230769,0.8757637474541752,181.0,188.56988525390625
2020-05-14,0.325019896030426,0.9772357723577236,0.9056910276412964,0.515625,0.8568548387096774,172.0,190.53948974609375
2020-05-15,0.3318299949169159,0.9707317073170731,0.8910568952560425,0.6501766784452296,0.9079229122055674,214.0,189.1461181640625
2020-05-16,0.32018816471099854,0.9739837398373984,0.8975609540939331,0.5477178423236515,0.8627450980392157,153.0,193.05682373046875
2020-05-17,0.3093298673629761,0.975609756097561,0.8731707334518433,0.5991902834008097,0.8875502008032129,167.0,186.43087768554688
2020-05-18,0.32667940855026245,0.9723577235772358,0.8894308805465698,0.5384615384615384,0.8709016393442623,177.0,188.6453094482422
2020-05-19,0.3228932321071625,0.9723577235772358,0.8780487775802612,0.5254901960784314,0.8643724696356275,174.0,187.82608032226562
2020-05-20,0.3344101905822754,0.9544715447154472,0.8813008069992065,0.5387453874538746,0.8723849372384938,189.0,187.84417724609375
2020-05-21,0.31302410364151,0.967479674796748,0.8926829099655151,0.5737051792828686,0.87374749498998,163.0,189.50286865234375
2020-05-22,0.3402903079986572,0.9626016260162602,0.8780487775802612,0.5955882352941176,0.8851774530271399,197.0,188.05679321289062
2020-05-23,0.30977779626846313,0.9788617886178862,0.8943089246749878,0.6096654275092936,0.8806584362139918,177.0,190.3014678955078
2020-05-24,0.31336069107055664,0.9642276422764228,0.8943089246749878,0.5714285714285714,0.8787878787878788,157.0,189.15870666503906
2020-05-25,0.3251573443412781,0.975609756097561,0.8780487775802612,0.5528455284552846,0.874,170.0,186.12979125976562
2020-05-26,0.3334486186504364,0.9739837398373984,0.8829268217086792,0.4810126582278481,0.8562992125984252,155.0,187.61920166015625
2020-05-27,0.3317796587944031,0.967479674796748,0.8796747922897339,0.5433070866141733,0.8811475409836066,183.0,183.7064208984375
2020-05-28,0.34561747312545776,0.9691056910569106,0.8764227628707886,0.5136186770428015,0.8706365503080082,185.0,186.04092407226562
2020-05-29,0.38090476393699646,0.9658536585365853,0.869918704032898,0.6,0.8906882591093117,225.0,184.74046325683594
2020-05-30,0.6682345271110535,0.9463414634146341,0.8780487775802612,0.6482213438735178,0.9006085192697769,401.0,187.29843139648438
2020-05-31,0.4162255823612213,0.9463414634146341,0.8878048658370972,0.549800796812749,0.8800813008130082,235.0,192.81101989746094
2020-06-01,0.4589711129665375,0.9382113821138212,0.8878048658370972,0.5714285714285714,0.8886509635974305,288.0,190.23605346679688
2020-06-02,0.3066670596599579,0.9804878048780488,0.9024389982223511,0.5968992248062015,0.8732394366197183,168.0,193.7616424560547
2020-06-03,0.3321945071220398,0.9772357723577236,0.8796747922897339,0.4816326530612245,0.8495049504950495,155.0,188.643310546875
2020-06-04,0.2871377468109131,0.983739837398374,0.8747967481613159,0.5390625,0.8629032258064516,138.0,188.29269409179688
2020-06-05,0.3481100797653198,0.959349593495935,0.8634146451950073,0.5833333333333334,0.8842975206611571,203.0,186.78411865234375
2020-06-06,0.3166281282901764,0.9691056910569106,0.8894308805465698,0.5338645418326693,0.856858846918489,160.0,190.59454345703125
2020-06-07,0.34701934456825256,0.9609756097560975,0.869918704032898,0.5375494071146245,0.86,169.0,186.22564697265625
2020-06-08,0.32639431953430176,0.9626016260162602,0.8682926893234253,0.45901639344262296,0.854,154.0,183.57217407226562
2020-06-09,0.29759466648101807,0.9707317073170731,0.8666666746139526,0.570281124497992,0.874,152.0,183.8094940185547
2020-06-10,0.3104875683784485,0.9723577235772358,0.8780487775802612,0.5121951219512195,0.864,159.0,183.42697143554688
2020-06-11,0.35923928022384644,0.9544715447154472,0.8569105863571167,0.528,0.8795918367346939,192.0,183.24298095703125
2020-06-12,0.3410830497741699,0.9577235772357724,0.8682926893234253,0.5381818181818182,0.8734177215189873,200.0,185.16656494140625
2020-06-13,0.3284466862678528,0.9560975609756097,0.8487805128097534,0.5584905660377358,0.8888888888888888,190.0,184.9495849609375
2020-06-14,0.3602956235408783,0.9577235772357724,0.8764227628707886,0.5136186770428015,0.8548387096774194,188.0,186.73719787597656
2020-06-15,0.35374194383621216,0.9560975609756097,0.8585366010665894,0.5211267605633803,0.8785249457700651,211.0,185.7882537841797
2020-06-16,0.3337893486022949,0.9528455284552846,0.8764227628707886,0.5928571428571429,0.8931623931623932,210.0,188.92584228515625
2020-06-17,0.3572492301464081,0.9577235772357724,0.8780487775802612,0.5427509293680297,0.8747390396659708,205.0,189.74267578125
2020-06-18,0.3410204350948334,0.959349593495935,0.8829268217086792,0.6,0.8968421052631579,213.0,190.630615234375
2020-06-19,0.3839038014411926,0.9479674796747968,0.8959349393844604,0.5347985347985348,0.8663883089770354,213.0,194.92568969726562
2020-06-20,0.3619087040424347,0.9528455284552846,0.8959349393844604,0.5827338129496403,0.8837209302325582,218.0,191.84637451171875
2020-06-21,0.35622790455818176,0.9577235772357724,0.8926829099655151,0.5535055350553506,0.8784067085953878,207.0,192.8134307861328
2020-06-22,0.3391815423965454,0.9642276422764228,0.9008129835128784,0.5855513307984791,0.8755102040816326,190.0,195.187255859375
2020-06-23,0.3436194062232971,0.9658536585365853,0.9024389982223511,0.553030303030303,0.8653061224489796,190.0,195.17709350585938
2020-06-24,0.33631640672683716,0.9691056910569106,0.8991869688034058,0.625,0.8879668049792531,193.0,197.0532684326172
2020-06-25,0.37771302461624146,0.9479674796747968,0.9008129835128784,0.5641025641025641,0.8711018711018711,212.0,196.1718292236328
2020-06-26,0.36524125933647156,0.9512195121951219,0.9170731902122498,0.5567010309278351,0.8635394456289979,223.0,197.9641571044922
2020-06-27,0.3448086678981781,0.9609756097560975,0.9284552931785583,0.5195729537366548,0.8443983402489627,193.0,201.41864013671875
2020-06-28,0.3195609450340271,0.9772357723577236,0.9317073225975037,0.6192170818505338,0.8752598752598753,196.0,199.51174926757812
2020-06-29,0.3579939305782318,0.9642276422764228,0.9284552931785583,0.5543859649122806,0.8610526315789474,216.0,199.265869140625
2020-06-30,0.326739102602005,0.9739837398373984,0.9268292784690857,0.555956678700361,0.8663883089770354,189.0,198.7380828857422
2020-07-01,0.3749919831752777,0.9479674796747968,0.9203252196311951,0.47719298245614034,0.8468085106382979,211.0,196.67599487304688
2020-07-02,0.32348236441612244,0.967479674796748,0.934959352016449,0.6105263157894737,0.8723849372384938,198.0,199.93695068359375
2020-07-03,0.37238451838493347,0.9495934959349593,0.9447154402732849,0.563573883161512,0.8638297872340426,212.0,203.38821411132812
2020-07-04,0.3595419228076935,0.9609756097560975,0.9365853667259216,0.48398576512455516,0.8322981366459627,188.0,202.45106506347656
2020-07-05,0.3385360836982727,0.9691056910569106,0.930081307888031,0.5247148288973384,0.8453815261044176,166.0,201.93136596679688
2020-07-06,0.3039945662021637,0.9707317073170731,0.930081307888031,0.5671641791044776,0.8545454545454545,155.0,199.91856384277344
2020-07-07,0.32597100734710693,0.9739837398373984,0.9219512343406677,0.5266903914590747,0.8517745302713987,178.0,201.11370849609375
2020-07-08,0.3260717988014221,0.9772357723577236,0.9447154402732849,0.532319391634981,0.844,154.0,203.73800659179688
2020-07-09,0.33343055844306946,0.9821138211382113,0.9235772490501404,0.5136186770428015,0.848,156.0,200.19430541992188
2020-07-10,0.3363073766231537,0.9723577235772358,0.9333333373069763,0.5808823529411765,0.8647540983606558,182.0,200.55755615234375
2020-07-11,0.35348591208457947,0.9626016260162602,0.9398373961448669,0.5144927536231884,0.8418891170431212,184.0,201.73577880859375
2020-07-12,0.31312698125839233,0.9804878048780488,0.9430894255638123,0.5538461538461539,0.8591549295774648,153.0,200.87905883789062
2020-07-13,0.32585716247558594,0.9723577235772358,0.930081307888031,0.5939849624060151,0.8681541582150102,175.0,199.70318603515625
2020-07-14,0.30463796854019165,0.9821138211382113,0.9398373961448669,0.5537190082644629,0.8527131782945736,144.0,199.70750427246094
2020-07-15,0.3168599307537079,0.9739837398373984,0.9284552931785583,0.5813953488372093,0.8709677419354839,177.0,194.9010009765625
2020-07-16,0.3360823690891266,0.967479674796748,0.9105691313743591,0.6264150943396226,0.8872950819672131,195.0,197.07847595214844
2020-07-17,0.36370447278022766,0.959349593495935,0.9105691313743591,0.5633802816901409,0.8726114649681529,222.0,197.04010009765625
2020-07-18,0.34337666630744934,0.967479674796748,0.925203263759613,0.5801526717557252,0.8719512195121951,186.0,198.8115692138672
2020-07-19,0.3224613070487976,0.9739837398373984,0.9105691313743591,0.5220883534136547,0.8551587301587301,153.0,195.59222412109375
2020-07-20,0.34619665145874023,0.9626016260162602,0.9024389982223511,0.5419847328244275,0.8688524590163934,182.0,191.79249572753906
2020-07-21,0.33081817626953125,0.9658536585365853,0.8975609540939331,0.5767790262172284,0.8817427385892116,195.0,192.71585083007812
2020-07-22,0.30929648876190186,0.9853658536585366,0.8959349393844604,0.5224489795918368,0.8662674650698603,156.0,194.0133056640625
2020-07-23,0.3273237943649292,0.9707317073170731,0.8991869688034058,0.551440329218107,0.871031746031746,161.0,190.1875
2020-07-24,0.3365521728992462,0.975609756097561,0.9040650129318237,0.48945147679324896,0.8549019607843137,170.0,190.38775634765625
2020-07-25,0.32006964087486267,0.9723577235772358,0.8780487775802612,0.5454545454545454,0.8778004073319755,177.0,188.20407104492188
2020-07-26,0.31565478444099426,0.9739837398373984,0.8878048658370972,0.6419753086419753,0.896414342629482,169.0,188.17739868164062
2020-07-27,0.33733779191970825,0.9560975609756097,0.86504065990448,0.5461847389558233,0.8857142857142857,192.0,186.33746337890625
2020-07-28,0.31063365936279297,0.9788617886178862,0.8926829099655151,0.5859375,0.8803245436105477,172.0,188.15036010742188
2020-07-29,0.31884655356407166,0.9642276422764228,0.8617886304855347,0.5349794238683128,0.875751503006012,161.0,186.2514190673828
2020-07-30,0.31816282868385315,0.9723577235772358,0.8715447187423706,0.5726141078838174,0.8842315369261478,175.0,184.14805603027344
2020-07-31,0.33827099204063416,0.9642276422764228,0.86504065990448,0.5369649805447471,0.8895833333333333,198.0,183.9479217529297
2020-08-01,0.35810622572898865,0.9528455284552846,0.869918704032898,0.555984555984556,0.8842975206611571,205.0,184.88088989257812
2020-08-02,0.31654107570648193,0.9739837398373984,0.8764227628707886,0.502092050209205,0.8633663366336634,153.0,185.37896728515625
2020-08-03,0.2917029559612274,0.9788617886178862,0.8715447187423706,0.5213675213675214,0.8683693516699411,142.0,183.08839416503906
2020-08-04,0.3161582350730896,0.967479674796748,0.8504065275192261,0.5398230088495575,0.8875739644970414,156.0,181.63278198242188
2020-08-05,0.29475855827331543,0.9739837398373984,0.8569105863571167,0.5339366515837104,0.8830409356725146,139.0,180.537841796875
2020-08-06,0.3118584454059601,0.967479674796748,0.842276394367218,0.5217391304347826,0.8759842519685039,155.0,178.23574829101562
2020-08-07,0.316593736410141,0.9739837398373984,0.8471544981002808,0.515625,0.8799171842650103,178.0,180.82131958007812
2020-08-08,0.30568554997444153,0.975609756097561,0.8487805128097534,0.5523012552301255,0.8857715430861723,163.0,181.56060791015625
2020-08-09,0.2947511374950409,0.9788617886178862,0.8471544981002808,0.575,0.8897795591182365,161.0,179.79901123046875
2020-08-10,0.3128398060798645,0.9772357723577236,0.8487805128097534,0.5299145299145299,0.8720472440944882,148.0,180.009765625
2020-08-11,0.27391451597213745,0.9788617886178862,0.8227642178535461,0.5286343612334802,0.8853754940711462,133.0,178.45944213867188
2020-08-12,0.3077528476715088,0.967479674796748,0.8341463208198547,0.5565217391304348,0.8838582677165354,155.0,178.1244659423828
2020-08-13,0.3007146716117859,0.9691056910569106,0.8390243649482727,0.5546218487394958,0.886,156.0,177.56089782714844
2020-08-14,0.3077070116996765,0.9739837398373984,0.8390243649482727,0.5787234042553191,0.896,171.0,177.0731964111328
2020-08-15,0.31825029850006104,0.9691056910569106,0.8406503796577454,0.5213675213675214,0.8875502008032129,179.0,176.1804656982422
2020-08-16,0.30300045013427734,0.9788617886178862,0.8292682766914368,0.5135135135135135,0.8806262230919765,144.0,176.2379150390625
2020-08-17,0.30843502283096313,0.9788617886178862,0.8195121884346008,0.5045871559633027,0.8692307692307693,139.0,174.1539306640625
2020-08-18,0.2834324240684509,0.9739837398373984,0.8146341443061829,0.5132743362831859,0.8747553816046967,139.0,172.1992645263672
2020-08-19,0.31450146436691284,0.9707317073170731,0.8016260266304016,0.48672566371681414,0.8774703557312253,156.0,170.4078369140625
2020-08-20,0.28785568475723267,0.9788617886178862,0.8032520413398743,0.5185185185185185,0.883495145631068,142.0,169.43515014648438
2020-08-21,0.3265087604522705,0.9577235772357724,0.795121967792511,0.5462184873949579,0.90020366598778,187.0,169.0666046142578
2020-08-22,0.28044676780700684,0.9821138211382113,0.8195121884346008,0.5726141078838174,0.8877755511022044,157.0,173.3714599609375
2020-08-23,0.2763585150241852,0.9821138211382113,0.8195121884346008,0.45714285714285713,0.8628571428571429,114.0,170.94869995117188
2020-08-24,0.3030019998550415,0.9626016260162602,0.7934959530830383,0.5339366515837104,0.8917322834645669,151.0,165.98202514648438
2020-08-25,0.2728317677974701,0.9788617886178862,0.7967479825019836,0.5818181818181818,0.898238747553816,132.0,166.6358642578125
2020-08-26,0.287345290184021,0.9739837398373984,0.7804877758026123,0.5887445887445888,0.9076305220883534,167.0,164.2266387939453
2020-08-27,0.32774659991264343,0.9658536585365853,0.8032520413398743,0.5267489711934157,0.8916155419222904,187.0,166.7744140625
2020-08-28,0.32861587405204773,0.959349593495935,0.8016260266304016,0.5803921568627451,0.906054279749478,199.0,168.29837036132812
2020-08-29,0.29371732473373413,0.9707317073170731,0.8081300854682922,0.5677966101694916,0.901010101010101,160.0,168.8931427001953
2020-08-30,0.2976287007331848,0.9691056910569106,0.7934959530830383,0.5454545454545454,0.8904382470119522,157.0,166.54608154296875
2020-08-31,0.30785268545150757,0.967479674796748,0.7869918942451477,0.5560538116591929,0.899009900990099,154.0,165.79249572753906
2020-09-01,0.31145280599594116,0.9626016260162602,0.7869918942451477,0.5210084033613446,0.888663967611336,168.0,165.87022399902344
2020-09-02,0.27133792638778687,0.991869918699187,0.7934959530830383,0.5258215962441315,0.882466281310212,119.0,166.60736083984375
2020-09-03,0.2728358209133148,0.975609756097561,0.7788617610931396,0.5673076923076923,0.8996138996138996,135.0,164.02862548828125
2020-09-04,0.30048859119415283,0.967479674796748,0.7869918942451477,0.5108225108225108,0.886,164.0,165.48109436035156
2020-09-05,0.30962222814559937,0.959349593495935,0.7967479825019836,0.5110132158590308,0.8762278978388998,160.0,166.4088134765625
2020-09-06,0.29652345180511475,0.9626016260162602,0.7886179089546204,0.5135135135135135,0.8823529411764706,140.0,164.53607177734375
2020-09-07,0.2741120755672455,0.9821138211382113,0.785365879535675,0.5024630541871922,0.8852772466539197,123.0,163.11074829101562
2020-09-08,0.29696643352508545,0.975609756097561,0.7756097316741943,0.5229357798165137,0.8919449901768173,154.0,161.70266723632812
2020-09-09,0.28668561577796936,0.9723577235772358,0.777235746383667,0.5201793721973094,0.8875739644970414,143.0,162.59561157226562
2020-09-10,0.29601168632507324,0.9691056910569106,0.7886179089546204,0.4834123222748815,0.883495145631068,136.0,163.28871154785156
2020-09-11,0.3221465051174164,0.9609756097560975,0.7788617610931396,0.5630252100840336,0.8987854251012146,181.0,161.55296325683594
2020-09-12,0.3120426833629608,0.9691056910569106,0.7983739972114563,0.5350877192982456,0.8906560636182903,163.0,164.92529296875
2020-09-13,0.28273266553878784,0.983739837398374,0.795121967792511,0.4857142857142857,0.8786127167630058,124.0,162.88084411621094
2020-09-14,0.2938261330127716,0.9658536585365853,0.7691056728363037,0.5446428571428571,0.900398406374502,157.0,159.47503662109375
2020-09-15,0.30388137698173523,0.9658536585365853,0.7756097316741943,0.6016949152542372,0.9164969450101833,184.0,163.33004760742188
2020-09-16,0.31851664185523987,0.9544715447154472,0.7886179089546204,0.5205479452054794,0.8917322834645669,162.0,165.66392517089844
2020-09-17,0.2781323492527008,0.9788617886178862,0.7804877758026123,0.507177033492823,0.8826923076923077,134.0,163.43057250976562
2020-09-18,0.28434109687805176,0.9723577235772358,0.7934959530830383,0.6,0.9056974459724951,159.0,164.06051635742188
2020-09-19,0.2975396513938904,0.967479674796748,0.7756097316741943,0.43946188340807174,0.875,141.0,164.3079833984375
2020-09-20,0.2763218879699707,0.9821138211382113,0.767479658126831,0.5392156862745098,0.9048543689320389,136.0,160.25164794921875
2020-09-21,0.2558864653110504,0.9869918699186991,0.7691056728363037,0.49746192893401014,0.884469696969697,114.0,162.202392578125
2020-09-22,0.2851800322532654,0.9788617886178862,0.7544715404510498,0.49214659685863876,0.8886792452830189,113.0,160.83184814453125
2020-09-23,0.29052919149398804,0.9691056910569106,0.7609755992889404,0.4716981132075472,0.8952569169960475,151.0,158.84222412109375
2020-09-24,0.3051510155200958,0.9739837398373984,0.7593495845794678,0.5326633165829145,0.9019230769230769,148.0,160.5697784423828
2020-09-25,0.3228406012058258,0.9495934959349593,0.7512195110321045,0.5147679324894515,0.9089026915113871,184.0,157.01010131835938
2020-09-26,0.3186756670475006,0.9512195121951219,0.7642276287078857,0.4433497536945813,0.8856589147286822,155.0,159.96482849121094
2020-09-27,0.29802751541137695,0.9691056910569106,0.7560975551605225,0.45933014354066987,0.8954635108481263,152.0,157.070556640625
2020-09-28,0.3029041886329651,0.9609756097560975,0.7642276287078857,0.4857142857142857,0.8941176470588236,148.0,157.86224365234375
2020-09-29,0.280173659324646,0.9707317073170731,0.7560975551605225,0.5242718446601942,0.9060665362035225,135.0,157.2064666748047
2020-09-30,0.28976723551750183,0.9609756097560975,0.7365853786468506,0.49038461538461536,0.9087301587301587,150.0,154.9019317626953
2020-10-01,0.30075913667678833,0.9577235772357724,0.7593495845794678,0.5286343612334802,0.9087221095334685,168.0,157.09764099121094
2020-10-02,0.30424025654792786,0.967479674796748,0.7626016139984131,0.5161290322580645,0.9043824701195219,164.0,159.3468017578125
2020-10-03,0.2915875315666199,0.9642276422764228,0.7528455257415771,0.5963302752293578,0.9148514851485149,162.0,158.55911254882812
2020-10-04,0.2791372835636139,0.967479674796748,0.767479658126831,0.4927536231884058,0.8878143133462283,128.0,159.71006774902344
2020-10-05,0.3063240349292755,0.959349593495935,0.7544715404510498,0.4519230769230769,0.8884540117416829,143.0,155.57717895507812
2020-10-06,0.30237531661987305,0.9691056910569106,0.7560975551605225,0.4732142857142857,0.891566265060241,153.0,157.2028045654297
2020-10-07,0.3034071624279022,0.9626016260162602,0.7528455257415771,0.49765258215962443,0.8852140077821011,151.0,158.5956573486328
2020-10-08,0.32368001341819763,0.9642276422764228,0.7658536434173584,0.5333333333333333,0.9054325955734407,177.0,157.6964569091797
2020-10-09,0.29456737637519836,0.9626016260162602,0.772357702255249,0.5169491525423728,0.8961303462321792,161.0,160.6060791015625
2020-10-10,0.3173167407512665,0.9577235772357724,0.7642276287078857,0.5175438596491229,0.8991935483870968,170.0,159.9923095703125
2020-10-11,0.292620986700058,0.9723577235772358,0.7626016139984131,0.5488372093023256,0.898238747553816,146.0,160.7171630859375
2020-10-12,0.30096107721328735,0.967479674796748,0.777235746383667,0.5172413793103449,0.8931451612903226,161.0,161.61907958984375
2020-10-13,0.2895664572715759,0.975609756097561,0.7691056728363037,0.5145631067961165,0.9005847953216374,151.0,161.183349609375
2020-10-14,0.2891080975532532,0.9691056910569106,0.7609755992889404,0.5181818181818182,0.904,152.0,159.11557006835938
2020-10-15,0.3037373423576355,0.9691056910569106,0.7560975551605225,0.4528301886792453,0.8825831702544031,154.0,159.2419891357422
2020-10-16,0.3216466009616852,0.9577235772357724,0.7658536434173584,0.4978165938864629,0.9004065040650406,174.0,160.140869140625
2020-10-17,0.3162009119987488,0.9691056910569106,0.7658536434173584,0.5700934579439252,0.9041095890410958,162.0,160.87173461914062
2020-10-18,0.2809118628501892,0.9772357723577236,0.7804877758026123,0.5405405405405406,0.9005964214711729,148.0,161.28546142578125
2020-10-19,0.3114608824253082,0.9609756097560975,0.7756097316741943,0.48034934497816595,0.8873239436619719,162.0,160.69082641601562
2020-10-20,0.3025895357131958,0.9723577235772358,0.7886179089546204,0.5175438596491229,0.8902195608782435,164.0,163.2477264404297
2020-10-21,0.3148265480995178,0.9642276422764228,0.790243923664093,0.5407725321888412,0.8971774193548387,174.0,164.82150268554688
2020-10-22,0.3004336953163147,0.9739837398373984,0.795121967792511,0.48695652173913045,0.8855421686746988,157.0,166.31781005859375
2020-10-23,0.33361324667930603,0.9642276422764228,0.795121967792511,0.5296442687747036,0.89937106918239,202.0,166.76123046875
2020-10-24,0.30972206592559814,0.9626016260162602,0.8097561001777649,0.5042735042735043,0.8870967741935484,165.0,169.54457092285156
2020-10-25,0.28827089071273804,0.9804878048780488,0.800000011920929,0.547085201793722,0.8952569169960475,149.0,167.13169860839844
2020-10-26,0.3030011057853699,0.967479674796748,0.7967479825019836,0.5194805194805194,0.896969696969697,161.0,165.81732177734375
2020-10-27,0.3001769185066223,0.9804878048780488,0.8081300854682922,0.5625,0.899009900990099,166.0,167.56829833984375
2020-10-28,0.3047278821468353,0.9609756097560975,0.8081300854682922,0.5675675675675675,0.902970297029703,166.0,168.50640869140625
2020-10-29,0.3113948106765747,0.9658536585365853,0.8048780560493469,0.44541484716157204,0.875751503006012,148.0,169.12911987304688
2020-10-30,0.3133552074432373,0.9642276422764228,0.7967479825019836,0.5407725321888412,0.9008097165991903,173.0,166.57766723632812
2020-10-31,0.3019842505455017,0.9723577235772358,0.8146341443061829,0.4669603524229075,0.8767395626242545,151.0,169.96142578125
2020-11-01,0.3164801597595215,0.9691056910569106,0.8097561001777649,0.576,0.9161425576519916,195.0,167.3735809326172
2020-11-02,0.30437737703323364,0.9788617886178862,0.8357723355293274,0.5836909871244635,0.8946322067594433,163.0,173.38075256347656
2020-11-03,0.31759873032569885,0.9609756097560975,0.8227642178535461,0.5080645161290323,0.8884297520661157,181.0,171.79779052734375
2020-11-04,0.3220396339893341,0.9658536585365853,0.8227642178535461,0.5244444444444445,0.8856015779092702,165.0,173.06533813476562
2020-11-05,0.30793941020965576,0.9707317073170731,0.8211382031440735,0.5579399141630901,0.8904382470119522,161.0,172.6891632080078
2020-11-06,0.3030167520046234,0.975609756097561,0.8471544981002808,0.5508474576271186,0.8862275449101796,160.0,173.279052734375
2020-11-07,0.30792364478111267,0.9658536585365853,0.8325203061103821,0.5327510917030568,0.8851485148514852,152.0,172.65301513671875
2020-11-08,0.3557673394680023,0.975609756097561,0.8113821148872375,0.5650224215246636,0.8992094861660079,192.0,170.96824645996094
2020-11-09,0.31630462408065796,0.9691056910569106,0.8243902325630188,0.5130434782608696,0.882703777335984,155.0,172.9886016845703
2020-11-10,0.30557981133461,0.9739837398373984,0.8097561001777649,0.5112107623318386,0.8908730158730159,152.0,172.08450317382812
2020-11-11,0.31252679228782654,0.9658536585365853,0.8195121884346008,0.49372384937238495,0.8877551020408163,169.0,170.89303588867188
2020-11-12,0.29621437191963196,0.9804878048780488,0.8341463208198547,0.45248868778280543,0.8722986247544204,144.0,173.59703063964844
2020-11-13,0.3120211958885193,0.967479674796748,0.8130081295967102,0.42727272727272725,0.8717948717948718,157.0,171.26295471191406
2020-11-14,0.35088425874710083,0.9626016260162602,0.8260162472724915,0.5551020408163265,0.9030927835051547,206.0,172.63180541992188
2020-11-15,0.3296232521533966,0.9658536585365853,0.8536585569381714,0.5311203319502075,0.876,177.0,176.8130340576172
2020-11-16,0.29591530561447144,0.9691056910569106,0.8243902325630188,0.5446428571428571,0.8915187376725838,151.0,173.64041137695312
2020-11-17,0.30400604009628296,0.9691056910569106,0.8341463208198547,0.6,0.9141104294478528,183.0,173.01568603515625
2020-11-18,0.3247213065624237,0.9658536585365853,0.8325203061103821,0.5263157894736842,0.8964803312629399,190.0,176.65362548828125
2020-11-19,0.34224963188171387,0.9658536585365853,0.8260162472724915,0.5533596837944664,0.9037656903765691,204.0,175.62673950195312
2020-11-20,0.2996681332588196,0.9707317073170731,0.8504065275192261,0.5877551020408164,0.9020408163265307,177.0,178.12078857421875
2020-11-21,0.305448442697525,0.9691056910569106,0.8406503796577454,0.5702127659574469,0.8993963782696177,170.0,177.3898162841797
2020-11-22,0.29733142256736755,0.9707317073170731,0.8390243649482727,0.4694835680751174,0.8709055876685935,141.0,176.95265197753906
2020-11-23,0.323809951543808,0.967479674796748,0.8325203061103821,0.5677966101694916,0.8955823293172691,171.0,174.20730590820312
2020-11-24,0.30150723457336426,0.9707317073170731,0.8406503796577454,0.5462184873949579,0.8911290322580645,162.0,176.95590209960938
2020-11-25,0.331626832485199,0.9609756097560975,0.8292682766914368,0.5062240663900415,0.8752515090543259,174.0,175.4352569580078
2020-11-26,0.31040799617767334,0.9691056910569106,0.8455284833908081,0.4978902953586498,0.8687872763419483,150.0,176.46981811523438
2020-11-27,0.3338802754878998,0.959349593495935,0.8276422619819641,0.48535564853556484,0.8714859437751004,170.0,175.04986572265625
2020-11-28,0.32432132959365845,0.967479674796748,0.8406503796577454,0.5787234042553191,0.8906560636182903,171.0,176.2481689453125
2020-11-29,0.2981377840042114,0.9788617886178862,0.8390243649482727,0.5577689243027888,0.8839103869653768,165.0,176.85418701171875
2020-11-30,0.30980437994003296,0.9739837398373984,0.8243902325630188,0.5381165919282511,0.8862745098039215,154.0,175.33493041992188
2020-12-01,0.3314789831638336,0.9560975609756097,0.8195121884346008,0.5220883534136547,0.8850102669404517,185.0,174.82296752929688
2020-12-02,0.32034188508987427,0.967479674796748,0.8325203061103821,0.5112781954887218,0.8891257995735607,191.0,176.8981475830078
2020-12-03,0.33038827776908875,0.9560975609756097,0.8178861737251282,0.48484848484848486,0.8747514910536779,168.0,177.20863342285156
2020-12-04,0.3200434148311615,0.9723577235772358,0.8276422619819641,0.544,0.8927835051546392,182.0,176.15435791015625
2020-12-05,0.326103150844574,0.959349593495935,0.8308942914009094,0.5491803278688525,0.8812877263581489,171.0,178.82760620117188
2020-12-06,0.34818190336227417,0.9560975609756097,0.8471544981002808,0.5384615384615384,0.8722986247544204,172.0,178.25155639648438
2020-12-07,0.3276403844356537,0.9739837398373984,0.8406503796577454,0.4425531914893617,0.8588469184890656,158.0,177.49368286132812
2020-12-08,0.30219557881355286,0.9691056910569106,0.8243902325630188,0.5344827586206896,0.8829365079365079,156.0,176.27740478515625
2020-12-09,0.3075503408908844,0.9723577235772358,0.8357723355293274,0.5761316872427984,0.896551724137931,169.0,177.32460021972656
2020-12-10,0.32284799218177795,0.9560975609756097,0.8308942914009094,0.5355648535564853,0.8817635270541082,165.0,177.74078369140625
2020-12-11,0.32437625527381897,0.9577235772357724,0.8341463208198547,0.5555555555555556,0.8946280991735537,184.0,178.1791229248047
2020-12-12,0.3133663535118103,0.9642276422764228,0.8373983502388,0.5737051792828686,0.9045643153526971,176.0,180.07916259765625
2020-12-13,0.31834304332733154,0.9691056910569106,0.842276394367218,0.5022026431718062,0.8708414872798435,147.0,179.26939392089844
2020-12-14,0.30434051156044006,0.9804878048780488,0.8211382031440735,0.5355648535564853,0.8870967741935484,162.0,175.90963745117188
2020-12-15,0.3328743875026703,0.9626016260162602,0.8325203061103821,0.5020242914979757,0.8811475409836066,176.0,178.96957397460938
2020-12-16,0.3121826648712158,0.9739837398373984,0.8520325422286987,0.5462184873949579,0.8804780876494024,166.0,179.27845764160156
2020-12-17,0.2969058156013489,0.9804878048780488,0.8325203061103821,0.5446808510638298,0.8933601609657947,155.0,176.8991241455078
2020-12-18,0.3271979093551636,0.967479674796748,0.8211382031440735,0.4918032786885246,0.8831967213114754,174.0,176.41748046875
2020-12-19,0.3254055678844452,0.9658536585365853,0.8357723355293274,0.5276595744680851,0.8875502008032129,166.0,175.71954345703125
2020-12-20,0.3464098572731018,0.9512195121951219,0.8211382031440735,0.5301204819277109,0.9,201.0,174.9722442626953
2020-12-21,0.3100026249885559,0.967479674796748,0.8390243649482727,0.5843621399176955,0.9059304703476483,174.0,178.3413848876953
2020-12-22,0.33772462606430054,0.9642276422764228,0.8455284833908081,0.5241935483870968,0.8852459016393442,191.0,177.72647094726562
2020-12-23,0.3372000455856323,0.9658536585365853,0.8487805128097534,0.4980237154150198,0.8817427385892116,190.0,179.00877380371094
2020-12-24,0.3283836245536804,0.9626016260162602,0.8471544981002808,0.5680933852140078,0.896049896049896,185.0,180.4012451171875
2020-12-25,0.2957214415073395,0.9804878048780488,0.8520325422286987,0.5355648535564853,0.8747514910536779,143.0,180.62863159179688
2020-12-26,0.3177897036075592,0.9658536585365853,0.8471544981002808,0.5140562248995983,0.8757637474541752,168.0,178.83554077148438
2020-12-27,0.31749773025512695,0.9804878048780488,0.8536585569381714,0.5089285714285714,0.8631984585741811,145.0,180.44216918945312
2020-12-28,0.3268641531467438,0.9739837398373984,0.8357723355293274,0.5528455284552846,0.890020366598778,172.0,177.1992950439453
2020-12-29,0.31997478008270264,0.9707317073170731,0.8520325422286987,0.5857740585774058,0.8937875751503006,182.0,179.67208862304688
2020-12-30,0.3342658281326294,0.967479674796748,0.842276394367218,0.4796747967479675,0.8699186991869918,166.0,180.28256225585938
2020-12-31,0.33415406942367554,0.9723577235772358,0.8471544981002808,0.5411764705882353,0.8900414937759336,196.0,177.8516845703125
2021-01-01,0.36720010638237,0.943089430894309,0.842276394367218,0.5348837209302325,0.8893528183716075,212.0,182.711669921875
2021-01-02,0.32463303208351135,0.967479674796748,0.8487805128097534,0.4890829694323144,0.8717948717948718,154.0,182.17062377929688
2021-01-03,0.32694053649902344,0.9772357723577236,0.8373983502388,0.5350877192982456,0.8942115768463074,176.0,179.1610107421875
2021-01-04,0.3109118342399597,0.9691056910569106,0.8439024686813354,0.5485232067510548,0.8931451612903226,164.0,180.6632537841797
2021-01-05,0.32041409611701965,0.9658536585365853,0.842276394367218,0.5213675213675214,0.8804780876494024,166.0,179.85508728027344
2021-01-06,0.3434956967830658,0.9642276422764228,0.8520325422286987,0.4426229508196721,0.8673469387755102,174.0,180.76611328125
2021-01-07,0.3305985629558563,0.959349593495935,0.8617886304855347,0.5271317829457365,0.8854166666666666,184.0,180.89059448242188
2021-01-08,0.3286016881465912,0.967479674796748,0.8634146451950073,0.5597014925373134,0.8921775898520085,193.0,182.2818603515625
2021-01-09,0.3281177580356598,0.9626016260162602,0.8634146451950073,0.5390625,0.8842975206611571,192.0,183.34747314453125
2021-01-10,0.33739638328552246,0.9609756097560975,0.8796747922897339,0.5381526104417671,0.8765182186234818,184.0,185.04234313964844
2021-01-11,0.31076765060424805,0.9772357723577236,0.8845528364181519,0.5975103734439834,0.8814229249011858,162.0,184.04931640625
2021-01-12,0.3053759038448334,0.9788617886178862,0.8715447187423706,0.5483870967741935,0.8787878787878788,168.0,183.89871215820312
2021-01-13,0.3167007565498352,0.9821138211382113,0.8796747922897339,0.5416666666666666,0.8817635270541082,170.0,183.74798583984375
2021-01-14,0.324528306722641,0.9691056910569106,0.8796747922897339,0.5970149253731343,0.9046610169491526,202.0,184.30813598632812
2021-01-15,0.3814144730567932,0.9463414634146341,0.8910568952560425,0.5177304964539007,0.8693790149892934,226.0,187.46456909179688
2021-01-16,0.33325088024139404,0.9691056910569106,0.8991869688034058,0.5390625,0.8770491803278688,179.0,188.84805297851562
2021-01-17,0.32018551230430603,0.9772357723577236,0.8845528364181519,0.502127659574468,0.8557504873294347,145.0,186.89300537109375
2021-01-18,0.34809496998786926,0.9528455284552846,0.8780487775802612,0.5774647887323944,0.8862660944206009,211.0,184.15591430664062
2021-01-19,0.34725213050842285,0.9642276422764228,0.8829268217086792,0.5789473684210527,0.8838174273858921,195.0,188.25
2021-01-20,0.34070736169815063,0.9626016260162602,0.8747967481613159,0.5648854961832062,0.8732106339468303,184.0,187.19186401367188
2021-01-21,0.33342647552490234,0.9772357723577236,0.8764227628707886,0.5059288537549407,0.8571428571428571,175.0,186.97557067871094
2021-01-22,0.3420480489730835,0.9577235772357724,0.8731707334518433,0.5842696629213483,0.8930817610062893,209.0,187.2360382080078
2021-01-23,0.3280143141746521,0.9658536585365853,0.8829268217086792,0.6106870229007634,0.8891170431211499,185.0,190.697509765625
2021-01-24,0.3427574634552002,0.9642276422764228,0.8829268217086792,0.4883720930232558,0.8519269776876268,174.0,188.32754516601562
2021-01-25,0.32383084297180176,0.9626016260162602,0.8764227628707886,0.528,0.8602794411177644,167.0,189.41322326660156
2021-01-26,0.34219464659690857,0.9642276422764228,0.8829268217086792,0.5846153846153846,0.8724696356275303,185.0,189.15188598632812
2021-01-27,0.3028634786605835,0.9821138211382113,0.8845528364181519,0.552,0.857707509881423,145.0,189.35791015625
2021-01-28,0.3207351565361023,0.9691056910569106,0.8845528364181519,0.5736434108527132,0.8742393509127789,181.0,186.70626831054688
2021-01-29,0.3692735731601715,0.9495934959349593,0.8829268217086792,0.5328185328185329,0.8585858585858586,195.0,189.87620544433594
2021-01-30,0.32489141821861267,0.9642276422764228,0.8796747922897339,0.5672727272727273,0.8781512605042017,190.0,188.2137908935547
2021-01-31,0.3318691551685333,0.9658536585365853,0.8910568952560425,0.5333333333333333,0.8562628336755647,175.0,190.1732177734375
2021-02-01,0.3216056525707245,0.9609756097560975,0.8764227628707886,0.5869565217391305,0.8805031446540881,199.0,189.2384490966797
2021-02-02,0.3102093040943146,0.9723577235772358,0.8910568952560425,0.5947955390334573,0.8711656441717791,171.0,192.082275390625
2021-02-03,0.34984344244003296,0.9642276422764228,0.8780487775802612,0.6153846153846154,0.8859470468431772,204.0,190.01177978515625
2021-02-04,0.3182479441165924,0.9739837398373984,0.8813008069992065,0.5483870967741935,0.8648111332007953,158.0,193.91079711914062
2021-02-05,0.33942440152168274,0.9609756097560975,0.8780487775802612,0.6417910447761194,0.8964803312629399,214.0,190.4044189453125
2021-02-06,0.3465713560581207,0.9642276422764228,0.8926829099655151,0.5813953488372093,0.8744939271255061,196.0,194.93838500976562
2021-02-07,0.33942440152168274,0.9788617886178862,0.8682926893234253,0.5375494071146245,0.8704453441295547,186.0,190.73995971679688
2021-02-08,0.3344155251979828,0.967479674796748,0.8813008069992065,0.5658914728682171,0.8686868686868687,182.0,190.62130737304688
2021-02-09,0.30966800451278687,0.9788617886178862,0.8943089246749878,0.5384615384615384,0.8638132295719845,150.0,191.73794555664062
2021-02-10,0.33050236105918884,0.9707317073170731,0.8764227628707886,0.5758754863813229,0.8816326530612245,186.0,190.23634338378906
2021-02-11,0.31997883319854736,0.9772357723577236,0.8910568952560425,0.6076923076923076,0.8875255623721882,186.0,191.0904998779297
2021-02-12,0.3465823233127594,0.9626016260162602,0.8845528364181519,0.5803921568627451,0.8767676767676768,188.0,191.02789306640625
2021-02-13,0.3438524901866913,0.9626016260162602,0.8715447187423706,0.5925925925925926,0.8985200845665962,205.0,188.61932373046875
2021-02-14,0.33117467164993286,0.9691056910569106,0.8731707334518433,0.5525291828793775,0.8755102040816326,182.0,191.91876220703125
2021-02-15,0.33907055854797363,0.9577235772357724,0.8715447187423706,0.6439393939393939,0.9026915113871635,209.0,190.82786560058594
2021-02-16,0.33915507793426514,0.9642276422764228,0.8813008069992065,0.5923076923076923,0.8925619834710744,207.0,193.51748657226562
2021-02-17,0.2919866442680359,0.9723577235772358,0.8878048658370972,0.6062992125984252,0.8957055214723927,177.0,193.00267028808594
2021-02-18,0.3250640332698822,0.9626016260162602,0.8910568952560425,0.549618320610687,0.869120654396728,185.0,191.6761932373047
2021-02-19,0.33402904868125916,0.9707317073170731,0.8894308805465698,0.5287356321839081,0.8757763975155279,188.0,192.34201049804688
2021-02-20,0.33584973216056824,0.9658536585365853,0.8910568952560425,0.5647058823529412,0.8780487804878049,195.0,192.11390686035156
2021-02-21,0.29631567001342773,0.9772357723577236,0.8910568952560425,0.6007604562737643,0.8886597938144329,187.0,191.86917114257812
2021-02-22,0.3245087265968323,0.9723577235772358,0.8894308805465698,0.570281124497992,0.8864097363083164,173.0,193.64865112304688
2021-02-23,0.32284417748451233,0.975609756097561,0.8991869688034058,0.5142857142857142,0.8712273641851107,172.0,191.02999877929688
2021-02-24,0.3122088313102722,0.9821138211382113,0.8845528364181519,0.570281124497992,0.8882113821138211,175.0,190.65084838867188
2021-02-25,0.3360764682292938,0.9707317073170731,0.8861788511276245,0.5390625,0.8806584362139918,191.0,192.0836181640625
2021-02-26,0.35311368107795715,0.959349593495935,0.8975609540939331,0.5486111111111112,0.8826086956521739,213.0,192.814208984375
2021-02-27,0.33609434962272644,0.9642276422764228,0.9040650129318237,0.5691699604743083,0.8785425101214575,185.0,194.5819091796875
2021-02-28,0.3225894272327423,0.9739837398373984,0.8975609540939331,0.5783132530120482,0.8830645161290323,175.0,194.7943572998047
2021-03-01,0.31005561351776123,0.975609756097561,0.8975609540939331,0.6046511627906976,0.893223819301848,181.0,192.90435791015625
2021-03-02,0.3287261724472046,0.9739837398373984,0.8926829099655151,0.5206611570247934,0.8616600790513834,160.0,194.4381866455078
2021-03-03,0.31769105792045593,0.9739837398373984,0.8845528364181519,0.5169491525423728,0.873015873015873,159.0,190.6876220703125
2021-03-04,0.30328065156936646,0.9707317073170731,0.8813008069992065,0.5891472868217055,0.8927835051546392,176.0,190.06068420410156
2021-03-05,0.328817218542099,0.9658536585365853,0.8959349393844604,0.5603112840466926,0.8739837398373984,178.0,193.5838623046875
2021-03-06,0.3431689143180847,0.9577235772357724,0.8780487775802612,0.4904214559386973,0.872651356993737,188.0,190.13539123535156
2021-03-07,0.3333674669265747,0.9626016260162602,0.869918704032898,0.5583333333333333,0.8822355289421158,173.0,191.61741638183594
2021-03-08,0.31794658303260803,0.9788617886178862,0.8747967481613159,0.5062240663900415,0.8717434869739479,148.0,190.7033233642578
2021-03-09,0.32318347692489624,0.967479674796748,0.869918704032898,0.5403225806451613,0.8803245436105477,167.0,187.830078125
2021-03-10,0.33121392130851746,0.9707317073170731,0.8829268217086792,0.5432098765432098,0.8812877263581489,176.0,190.07923889160156
2021-03-11,0.32228702306747437,0.9772357723577236,0.8682926893234253,0.46551724137931033,0.8568627450980392,145.0,189.75506591796875
2021-03-12,0.3355143070220947,0.9560975609756097,0.8569105863571167,0.5421245421245421,0.8832271762208068,196.0,186.615234375
2021-03-13,0.3237729072570801,0.9691056910569106,0.8747967481613159,0.5634920634920635,0.8839103869653768,167.0,190.55657958984375
2021-03-14,0.31718480587005615,0.9723577235772358,0.8617886304855347,0.49586776859504134,0.8625498007968128,157.0,187.65109252929688
2021-03-15,0.2974294126033783,0.9804878048780488,0.8764227628707886,0.6101694915254238,0.8860510805500982,149.0,186.87704467773438
2021-03-16,0.3067646920681,0.9723577235772358,0.8504065275192261,0.5439330543933054,0.8802395209580839,153.0,185.7541961669922
2021-03-17,0.3197792172431946,0.9739837398373984,0.86504065990448,0.4878048780487805,0.8597194388777555,157.0,182.33197021484375
2021-03-18,0.3527870178222656,0.967479674796748,0.8520325422286987,0.5147679324894515,0.8727634194831014,185.0,181.1566619873047
2021-03-19,0.3393891453742981,0.959349593495935,0.8569105863571167,0.5525291828793775,0.8845360824742268,191.0,182.9495391845703
2021-03-20,0.33665165305137634,0.959349593495935,0.8634146451950073,0.4897959183673469,0.8686868686868687,178.0,183.473876953125
2021-03-21,0.3345269560813904,0.9723577235772358,0.842276394367218,0.5276595744680851,0.8857715430861723,179.0,181.8843536376953
2021-03-22,0.2794659733772278,0.983739837398374,0.8487805128097534,0.5789473684210527,0.897029702970297,144.0,180.4717254638672
2021-03-23,0.3219648599624634,0.9658536585365853,0.8439024686813354,0.5327868852459017,0.8825910931174089,174.0,180.195068359375
2021-03-24,0.32459554076194763,0.975609756097561,0.842276394367218,0.47533632286995514,0.869140625,154.0,180.83241271972656
2021-03-25,0.30504730343818665,0.9788617886178862,0.8276422619819641,0.5537190082644629,0.8943089430894309,161.0,177.21337890625
2021-03-26,0.3328995704650879,0.9577235772357724,0.8276422619819641,0.5617021276595745,0.892,182.0,178.72805786132812
2021-03-27,0.31839415431022644,0.9707317073170731,0.8260162472724915,0.4722222222222222,0.8704061895551257,136.0,178.76589965820312
2021-03-28,0.3082469403743744,0.9707317073170731,0.8227642178535461,0.5286343612334802,0.8977955911823647,165.0,173.4501190185547
2021-03-29,0.32265669107437134,0.9642276422764228,0.8357723355293274,0.5916666666666667,0.902834008097166,185.0,175.55398559570312
2021-03-30,0.30888184905052185,0.9691056910569106,0.8260162472724915,0.5,0.876,159.0,176.46713256835938
2021-03-31,0.30532073974609375,0.9642276422764228,0.8260162472724915,0.5826086956521739,0.900398406374502,164.0,174.6802978515625
2021-04-01,0.32500723004341125,0.9609756097560975,0.8325203061103821,0.5737051792828686,0.8916155419222904,180.0,176.28305053710938
2021-04-02,0.3207312524318695,0.9626016260162602,0.842276394367218,0.5254237288135594,0.8855421686746988,166.0,175.9896240234375
2021-04-03,0.3047110140323639,0.9804878048780488,0.8276422619819641,0.5676855895196506,0.8948412698412699,160.0,174.75018310546875
2021-04-04,0.3059702217578888,0.9772357723577236,0.8308942914009094,0.5263157894736842,0.8696498054474708,144.0,174.76901245117188
2021-04-05,0.31546086072921753,0.9609756097560975,0.8195121884346008,0.47368421052631576,0.8732673267326733,155.0,171.52456665039062
2021-04-06,0.29194435477256775,0.9691056910569106,0.8162601590156555,0.514018691588785,0.8871595330739299,134.0,171.9542236328125
2021-04-07,0.2797241806983948,0.975609756097561,0.8211382031440735,0.5374449339207048,0.8908730158730159,142.0,169.8367919921875
2021-04-08,0.2995588481426239,0.9691056910569106,0.8081300854682922,0.5198237885462555,0.894,153.0,170.26986694335938
2021-04-09,0.3066123127937317,0.975609756097561,0.8227642178535461,0.547085201793722,0.8864970645792564,160.0,171.44491577148438
2021-04-10,0.31696251034736633,0.9609756097560975,0.8162601590156555,0.4890829694323144,0.884,169.0,170.16244506835938
2021-04-11,0.27234795689582825,0.9902439024390244,0.8146341443061829,0.5263157894736842,0.8882466281310212,128.0,170.3104248046875
2021-04-12,0.3028614819049835,0.9821138211382113,0.8048780560493469,0.5191489361702127,0.8963414634146342,168.0,166.93899536132812
2021-04-13,0.32425329089164734,0.9658536585365853,0.8032520413398743,0.5394190871369294,0.8995901639344263,186.0,170.08038330078125
2021-04-14,0.31236815452575684,0.967479674796748,0.8081300854682922,0.44976076555023925,0.8762088974854932,141.0,171.39981079101562
2021-04-15,0.317132830619812,0.967479674796748,0.8048780560493469,0.49572649572649574,0.888663967611336,167.0,168.51922607421875
2021-04-16,0.3171270787715912,0.959349593495935,0.8048780560493469,0.48760330578512395,0.8888888888888888,176.0,170.6982421875
2021-04-17,0.31200098991394043,0.9609756097560975,0.8130081295967102,0.5301204819277109,0.9018789144050104,187.0,170.50965881347656
2021-04-18,0.3034273684024811,0.975609756097561,0.8146341443061829,0.48148148148148145,0.877431906614786,137.0,171.13731384277344
2021-04-19,0.3161852955818176,0.9577235772357724,0.8016260266304016,0.5281385281385281,0.8953722334004024,174.0,167.10903930664062
2021-04-20,0.3119087815284729,0.9707317073170731,0.8373983502388,0.5407725321888412,0.8882235528942116,159.0,171.00100708007812
2021-04-21,0.30010974407196045,0.9658536585365853,0.8032520413398743,0.5641025641025641,0.9048582995951417,166.0,168.6126251220703
2021-04-22,0.3718983829021454,0.943089430894309,0.8130081295967102,0.4641350210970464,0.8800813008130082,199.0,169.5367889404297
2021-04-23,0.31267526745796204,0.9626016260162602,0.8276422619819641,0.5606694560669456,0.8985801217038539,173.0,171.4722442626953
2021-04-24,0.3264809846878052,0.967479674796748,0.8373983502388,0.5469387755102041,0.8936605316973415,179.0,171.43359375
2021-04-25,0.29031065106391907,0.9723577235772358,0.8260162472724915,0.5188284518828452,0.8848484848484849,163.0,172.14013671875
2021-04-26,0.3365648090839386,0.9528455284552846,0.8292682766914368,0.5627705627705628,0.8997995991983968,185.0,172.87132263183594
2021-04-27,0.2882888913154602,0.975609756097561,0.8195121884346008,0.5585585585585585,0.8992094861660079,156.0,172.86398315429688
2021-04-28,0.2985929846763611,0.9723577235772358,0.8178861737251282,0.5309734513274337,0.8926441351888668,161.0,171.80772399902344
2021-04-29,0.2980401813983917,0.9772357723577236,0.8146341443061829,0.540084388185654,0.896551724137931,167.0,171.28053283691406
2021-04-30,0.3212399184703827,0.9609756097560975,0.8178861737251282,0.5726141078838174,0.9022403258655805,178.0,172.6247100830078
2021-05-01,0.30186426639556885,0.9691056910569106,0.8308942914009094,0.5702127659574469,0.8993963782696177,170.0,172.29763793945312
2021-05-02,0.3136560618877411,0.9560975609756097,0.8113821148872375,0.5391304347826087,0.8975903614457831,168.0,172.48207092285156
2021-05-03,0.3144467771053314,0.9626016260162602,0.8276422619819641,0.5469387755102041,0.8846153846153846,171.0,172.6212921142578
2021-05-04,0.3133438229560852,0.9691056910569106,0.8325203061103821,0.5627705627705628,0.8856015779092702,161.0,173.34457397460938
2021-05-05,0.3461230397224426,0.9626016260162602,0.8260162472724915,0.4672131147540984,0.856,171.0,174.1126251220703
2021-05-06,0.3358553647994995,0.959349593495935,0.8439024686813354,0.4897959183673469,0.8651911468812877,167.0,173.78030395507812
2021-05-07,0.31396669149398804,0.967479674796748,0.8373983502388,0.5161290322580645,0.8760162601626016,175.0,174.11061096191406
2021-05-08,0.3453693389892578,0.9528455284552846,0.8504065275192261,0.43548387096774194,0.8505050505050505,178.0,176.91232299804688
2021-05-09,0.3050529360771179,0.9788617886178862,0.8634146451950073,0.5822784810126582,0.8816568047337278,162.0,176.50013732910156
2021-05-10,0.3046704828739166,0.9658536585365853,0.855284571647644,0.5551020408163265,0.8848484848484849,169.0,177.1664276123047
2021-05-11,0.2874906361103058,0.9804878048780488,0.8471544981002808,0.5654008438818565,0.8917835671342685,152.0,176.4737548828125
2021-05-12,0.3096875548362732,0.9821138211382113,0.8373983502388,0.5126050420168067,0.874251497005988,152.0,174.89224243164062
2021-05-13,0.3290061354637146,0.9691056910569106,0.8406503796577454,0.5371900826446281,0.8830645161290323,181.0,174.656494140625
2021-05-14,0.31971773505210876,0.9658536585365853,0.8471544981002808,0.5606694560669456,0.8877755511022044,175.0,177.99220275878906
2021-05-15,0.3441506624221802,0.9609756097560975,0.8471544981002808,0.5658914728682171,0.893970893970894,201.0,176.8000946044922
2021-05-16,0.30386653542518616,0.9723577235772358,0.8406503796577454,0.5321888412017167,0.882703777335984,152.0,178.70945739746094
2021-05-17,0.32937371730804443,0.9658536585365853,0.8504065275192261,0.5041322314049587,0.8767676767676768,170.0,177.24356079101562
2021-05-18,0.31702136993408203,0.9658536585365853,0.842276394367218,0.5126050420168067,0.876,162.0,177.30712890625
2021-05-19,0.3120437264442444,0.9707317073170731,0.8455284833908081,0.4824561403508772,0.8752475247524752,154.0,176.67691040039062
2021-05-20,0.3243539333343506,0.9626016260162602,0.8373983502388,0.5258964143426295,0.8902691511387164,186.0,175.16049194335938
2021-05-21,0.31696346402168274,0.9691056910569106,0.8520325422286987,0.5853658536585366,0.9036885245901639,183.0,178.15127563476562
2021-05-22,0.3290281593799591,0.9626016260162602,0.842276394367218,0.5070422535211268,0.8769230769230769,154.0,178.21771240234375
2021-05-23,0.2999334931373596,0.9723577235772358,0.8276422619819641,0.5363636363636364,0.8937007874015748,155.0,174.6978759765625
2021-05-24,0.33474209904670715,0.959349593495935,0.8373983502388,0.5690376569037657,0.9117043121149897,200.0,175.65966796875
2021-05-25,0.31524741649627686,0.9772357723577236,0.8455284833908081,0.5194805194805194,0.888,160.0,177.653564453125
2021-05-26,0.30159425735473633,0.975609756097561,0.8243902325630188,0.5201793721973094,0.8946322067594433,156.0,175.19552612304688
2021-05-27,0.3056807219982147,0.9772357723577236,0.8325203061103821,0.5955555555555555,0.9121756487025948,170.0,176.21591186523438
2021-05-28,0.3344134986400604,0.9544715447154472,0.8325203061103821,0.49795918367346936,0.896049896049896,185.0,177.45394897460938
2021-05-29,0.3172697126865387,0.9772357723577236,0.8292682766914368,0.5137614678899083,0.8917322834645669,159.0,175.76318359375
2021-05-30,0.2962125539779663,0.9772357723577236,0.8292682766914368,0.5422222222222223,0.9001996007984032,160.0,175.50270080566406
2021-05-31,0.3255196511745453,0.9739837398373984,0.8243902325630188,0.4669603524229075,0.8873239436619719,158.0,176.4913787841797
2021-06-01,0.3530045747756958,0.9560975609756097,0.8113821148872375,0.5060240963855421,0.9069767441860465,208.0,174.26715087890625
2021-06-02,0.30563440918922424,0.9658536585365853,0.8308942914009094,0.5114155251141552,0.8968253968253969,145.0,177.62326049804688
2021-06-03,0.33703917264938354,0.9577235772357724,0.8081300854682922,0.5258620689655172,0.9024390243902439,187.0,173.9629669189453
2021-06-04,0.3157084882259369,0.9691056910569106,0.8373983502388,0.4727272727272727,0.8816568047337278,144.0,178.0968017578125
2021-06-05,0.3077400028705597,0.9804878048780488,0.8292682766914368,0.4935064935064935,0.8873239436619719,161.0,173.87359619140625
2021-06-06,0.31529155373573303,0.9691056910569106,0.8178861737251282,0.5114155251141552,0.8915187376725838,153.0,175.01495361328125
2021-06-07,0.31101730465888977,0.9691056910569106,0.8227642178535461,0.49107142857142855,0.8884462151394422,155.0,174.6541290283203
2021-06-08,0.29472872614860535,0.9772357723577236,0.8276422619819641,0.5689655172413793,0.907070707070707,168.0,173.40252685546875
2021-06-09,0.31447097659111023,0.9707317073170731,0.8227642178535461,0.5625,0.9043824701195219,168.0,174.90902709960938
2021-06-10,0.33580970764160156,0.9626016260162602,0.8308942914009094,0.4322033898305085,0.8775510204081632,173.0,176.4561309814453
2021-06-11,0.34490835666656494,0.9626016260162602,0.8341463208198547,0.5065502183406113,0.891566265060241,186.0,175.25038146972656
2021-06-12,0.3173748254776001,0.9707317073170731,0.8227642178535461,0.5579399141630901,0.894,171.0,176.90945434570312
2021-06-13,0.2892877757549286,0.9853658536585366,0.8325203061103821,0.5,0.884765625,139.0,174.2654266357422
2021-06-14,0.28948891162872314,0.975609756097561,0.8292682766914368,0.4722222222222222,0.8771929824561403,137.0,172.98565673828125
2021-06-15,0.34544554352760315,0.9544715447154472,0.8162601590156555,0.4661016949152542,0.8857142857142857,188.0,171.9940185546875
2021-06-16,0.31922444701194763,0.9609756097560975,0.8373983502388,0.5106382978723404,0.8835341365461847,162.0,174.49484252929688
2021-06-17,0.31531527638435364,0.9658536585365853,0.8081300854682922,0.5164319248826291,0.8960784313725491,158.0,172.46298217773438
2021-06-18,0.3687048554420471,0.9463414634146341,0.8211382031440735,0.5381526104417671,0.9002079002079002,224.0,173.03431701660156
2021-06-19,0.3065038025379181,0.975609756097561,0.8439024686813354,0.5407725321888412,0.8811881188118812,160.0,177.60873413085938
2021-06-20,0.3194634020328522,0.9609756097560975,0.8146341443061829,0.5,0.8909090909090909,169.0,173.46255493164062
2021-06-21,0.32727575302124023,0.959349593495935,0.8146341443061829,0.5258964143426295,0.9071729957805907,198.0,173.37191772460938
2021-06-22,0.3124808371067047,0.9707317073170731,0.8406503796577454,0.46473029045643155,0.8704453441295547,167.0,177.35354614257812
2021-06-23,0.30326324701309204,0.9707317073170731,0.8276422619819641,0.5610859728506787,0.8958742632612967,154.0,175.0332489013672
2021-06-24,0.3177764117717743,0.9658536585365853,0.8227642178535461,0.5220883534136547,0.896049896049896,183.0,175.02352905273438
2021-06-25,0.3222014009952545,0.9609756097560975,0.8406503796577454,0.5411764705882353,0.89375,180.0,176.42330932617188
2021-06-26,0.32379141449928284,0.9707317073170731,0.8276422619819641,0.5502183406113537,0.8908730158730159,176.0,175.91683959960938
2021-06-27,0.3426126539707184,0.9658536585365853,0.8341463208198547,0.4892703862660944,0.878,182.0,176.34274291992188
2021-06-28,0.3090011477470398,0.9723577235772358,0.8341463208198547,0.5819672131147541,0.8983739837398373,175.0,177.56935119628906
2021-06-29,0.3139648735523224,0.9707317073170731,0.8373983502388,0.5043478260869565,0.8720472440944882,150.0,177.19873046875
2021-06-30,0.3435000479221344,0.9560975609756097,0.8146341443061829,0.5140562248995983,0.893970893970894,201.0,172.8572540283203
2021-07-01,0.3543660342693329,0.9447154471544715,0.8406503796577454,0.5608856088560885,0.9032258064516129,223.0,177.83087158203125
2021-07-02,0.3711797595024109,0.9447154471544715,0.8520325422286987,0.5671641791044776,0.8961864406779662,226.0,180.691650390625
2021-07-03,0.31075209379196167,0.9658536585365853,0.8634146451950073,0.6255144032921811,0.8977955911823647,172.0,182.79495239257812
2021-07-04,0.3225852847099304,0.975609756097561,0.8504065275192261,0.5142857142857142,0.8800813008130082,179.0,181.23565673828125
2021-07-05,0.34242013096809387,0.9626016260162602,0.8634146451950073,0.528,0.8654618473895582,176.0,183.5436248779297
2021-07-06,0.31716713309288025,0.967479674796748,0.8520325422286987,0.6535433070866141,0.9042769857433809,184.0,181.8931121826172
2021-07-07,0.3144332468509674,0.975609756097561,0.860162615776062,0.5409836065573771,0.875751503006012,169.0,183.58523559570312
2021-07-08,0.36217546463012695,0.9495934959349593,0.8585366010665894,0.5454545454545454,0.88125,200.0,183.95547485351562
2021-07-09,0.33279964327812195,0.9658536585365853,0.8439024686813354,0.55,0.8855421686746988,177.0,183.9187774658203
2021-07-10,0.330607533454895,0.9626016260162602,0.8390243649482727,0.578125,0.8946280991735537,191.0,182.32220458984375
2021-07-11,0.31882622838020325,0.9788617886178862,0.8666666746139526,0.5619834710743802,0.8802395209580839,165.0,184.67202758789062
2021-07-12,0.3199489712715149,0.9609756097560975,0.855284571647644,0.5528455284552846,0.8775100401606426,161.0,182.83082580566406
2021-07-13,0.31133541464805603,0.9723577235772358,0.8715447187423706,0.5747126436781609,0.8790983606557377,181.0,184.87586975097656
2021-07-14,0.3454042077064514,0.9691056910569106,0.8666666746139526,0.5590551181102362,0.8727272727272727,183.0,187.2388458251953
2021-07-15,0.3184259235858917,0.9707317073170731,0.8666666746139526,0.5791505791505791,0.8813905930470347,178.0,185.68463134765625
2021-07-16,0.3138769268989563,0.9739837398373984,0.8731707334518433,0.5813953488372093,0.8762677484787018,171.0,187.49758911132812
2021-07-17,0.33354052901268005,0.9707317073170731,0.8569105863571167,0.5344129554655871,0.8697394789579158,177.0,186.35606384277344
2021-07-18,0.30318590998649597,0.9772357723577236,0.8666666746139526,0.47257383966244726,0.8543307086614174,142.0,185.80178833007812
2021-07-19,0.31425291299819946,0.9804878048780488,0.8764227628707886,0.528,0.856858846918489,164.0,183.7449951171875
2021-07-20,0.306963175535202,0.9723577235772358,0.8585366010665894,0.5816733067729084,0.8864097363083164,168.0,182.96514892578125
2021-07-21,0.30836451053619385,0.9723577235772358,0.8569105863571167,0.5344129554655871,0.8645418326693227,162.0,183.4851837158203
2021-07-22,0.3377149999141693,0.9626016260162602,0.8455284833908081,0.5868725868725869,0.8888888888888888,199.0,183.748779296875
2021-07-23,0.3208828568458557,0.959349593495935,0.860162615776062,0.578125,0.8891170431211499,187.0,187.9886016845703
2021-07-24,0.341951459646225,0.9658536585365853,0.8715447187423706,0.5619834710743802,0.882,184.0,185.96246337890625
2021-07-25,0.308441162109375,0.9772357723577236,0.8504065275192261,0.5306122448979592,0.8752515090543259,163.0,184.67066955566406
2021-07-26,0.35175570845603943,0.9609756097560975,0.855284571647644,0.5795918367346938,0.8873239436619719,191.0,184.19557189941406
2021-07-27,0.3325121998786926,0.9707317073170731,0.8764227628707886,0.5433070866141733,0.8651911468812877,180.0,186.05294799804688
2021-07-28,0.30812597274780273,0.9772357723577236,0.8715447187423706,0.5612648221343873,0.8782961460446247,167.0,186.42022705078125
2021-07-29,0.3056178092956543,0.9772357723577236,0.86504065990448,0.5188284518828452,0.8622047244094488,149.0,185.0435028076172
2021-07-30,0.32174351811408997,0.9577235772357724,0.8471544981002808,0.5813953488372093,0.8907216494845361,193.0,181.2500762939453
2021-07-31,0.29770374298095703,0.9691056910569106,0.8617886304855347,0.5655737704918032,0.88,168.0,184.02438354492188
2021-08-01,0.3348202407360077,0.9626016260162602,0.8504065275192261,0.5680933852140078,0.8941908713692946,199.0,181.4398651123047
2021-08-02,0.3028567433357239,0.9739837398373984,0.8504065275192261,0.5896414342629482,0.8938775510204081,173.0,183.5540771484375
2021-08-03,0.31162407994270325,0.9723577235772358,0.8520325422286987,0.5289256198347108,0.8792756539235412,158.0,181.91046142578125
2021-08-04,0.33913660049438477,0.9609756097560975,0.8487805128097534,0.563265306122449,0.8832997987927566,187.0,180.24188232421875
2021-08-05,0.32479628920555115,0.9626016260162602,0.8617886304855347,0.5245901639344263,0.8770161290322581,171.0,182.47418212890625
2021-08-06,0.31747132539749146,0.9691056910569106,0.86504065990448,0.5666666666666667,0.8824701195219123,172.0,181.15386962890625
2021-08-07,0.31881746649742126,0.9772357723577236,0.855284571647644,0.5531914893617021,0.8882235528942116,168.0,180.41299438476562
2021-08-08,0.3317610025405884,0.9609756097560975,0.86504065990448,0.5783132530120482,0.8902439024390244,184.0,180.53060913085938
2021-08-09,0.32108837366104126,0.9658536585365853,0.8520325422286987,0.5714285714285714,0.8953722334004024,172.0,181.28988647460938
2021-08-10,0.33394554257392883,0.9658536585365853,0.855284571647644,0.451063829787234,0.8642714570858283,157.0,180.8137664794922
2021-08-11,0.29961642622947693,0.9739837398373984,0.8536585569381714,0.5387755102040817,0.8861788617886179,161.0,178.39596557617188
2021-08-12,0.31879907846450806,0.975609756097561,0.855284571647644,0.4686192468619247,0.8744939271255061,162.0,179.38328552246094
2021-08-13,0.3298734724521637,0.9691056910569106,0.8536585569381714,0.5690376569037657,0.8933601609657947,184.0,178.01412963867188
2021-08-14,0.3136189877986908,0.9739837398373984,0.8520325422286987,0.5258620689655172,0.8774703557312253,167.0,180.69058227539062
2021-08-15,0.31149184703826904,0.9577235772357724,0.8487805128097534,0.5528455284552846,0.8918367346938776,179.0,178.25076293945312
2021-08-16,0.3082689642906189,0.9707317073170731,0.855284571647644,0.5982905982905983,0.902,173.0,180.87890625
2021-08-17,0.33889883756637573,0.9577235772357724,0.8585366010665894,0.5145228215767634,0.8808080808080808,176.0,181.11636352539062
2021-08-18,0.3064720034599304,0.9723577235772358,0.8634146451950073,0.5355648535564853,0.8853118712273642,165.0,180.61927795410156
2021-08-19,0.3121349513530731,0.9723577235772358,0.8585366010665894,0.5748987854251012,0.8977505112474438,170.0,180.56143188476562
2021-08-20,0.36648502945899963,0.9609756097560975,0.8455284833908081,0.5475285171102662,0.8964059196617337,225.0,179.25173950195312
2021-08-21,0.336087703704834,0.9642276422764228,0.8747967481613159,0.5503875968992248,0.8842975206611571,197.0,183.44082641601562
2021-08-22,0.3143657147884369,0.9723577235772358,0.8666666746139526,0.5546218487394958,0.878968253968254,168.0,182.65855407714844
2021-08-23,0.32743585109710693,0.9642276422764228,0.8715447187423706,0.5431034482758621,0.8796844181459567,170.0,181.26385498046875
2021-08-24,0.32136479020118713,0.9723577235772358,0.8666666746139526,0.5966386554621849,0.9032258064516129,175.0,181.30300903320312
2021-08-25,0.29495054483413696,0.9739837398373984,0.8536585569381714,0.5690376569037657,0.896969696969697,166.0,180.53294372558594
2021-08-26,0.3104742169380188,0.9804878048780488,0.8682926893234253,0.5793650793650794,0.897119341563786,179.0,180.99639892578125
2021-08-27,0.3824273347854614,0.9463414634146341,0.86504065990448,0.5522388059701493,0.8957446808510638,230.0,182.27145385742188
2021-08-28,0.3413291275501251,0.9544715447154472,0.8585366010665894,0.608,0.901840490797546,204.0,184.5723876953125
2021-08-29,0.3113424777984619,0.9772357723577236,0.8585366010665894,0.6141078838174274,0.9014084507042254,178.0,185.24432373046875
2021-08-30,0.3177511692047119,0.9772357723577236,0.8585366010665894,0.5396825396825397,0.8813905930470347,175.0,184.43783569335938
2021-08-31,0.3003861904144287,0.9739837398373984,0.8585366010665894,0.5669291338582677,0.8946280991735537,172.0,183.24488830566406
2021-09-01,0.3357316255569458,0.959349593495935,0.855284571647644,0.5877862595419847,0.899581589958159,210.0,183.18695068359375
2021-09-02,0.35004010796546936,0.9626016260162602,0.8731707334518433,0.5206611570247934,0.8755020080321285,188.0,187.13217163085938
2021-09-03,0.33416932821273804,0.9512195121951219,0.8747967481613159,0.59375,0.893223819301848,195.0,185.78602600097656
2021-09-04,0.3153047263622284,0.967479674796748,0.8780487775802612,0.5863453815261044,0.8868686868686869,173.0,187.94320678710938
2021-09-05,0.31832069158554077,0.9691056910569106,0.8634146451950073,0.5306122448979592,0.8752515090543259,170.0,185.63424682617188
2021-09-06,0.32992294430732727,0.9691056910569106,0.8715447187423706,0.5147679324894515,0.8658777120315582,159.0,185.08880615234375
2021-09-07,0.3311043977737427,0.967479674796748,0.8439024686813354,0.5217391304347826,0.8846918489065606,173.0,184.20761108398438
2021-09-08,0.30970826745033264,0.9772357723577236,0.8520325422286987,0.5809128630705395,0.896969696969697,175.0,183.73414611816406
2021-09-09,0.31560850143432617,0.9707317073170731,0.8682926893234253,0.5328185328185329,0.878099173553719,181.0,185.522216796875
2021-09-10,0.32383084297180176,0.9658536585365853,0.86504065990448,0.5405405405405406,0.8838174273858921,187.0,186.73187255859375
2021-09-11,0.31448131799697876,0.9707317073170731,0.8617886304855347,0.5176470588235295,0.8783505154639175,183.0,188.64334106445312
2021-09-12,0.3481101989746094,0.9544715447154472,0.8845528364181519,0.5533596837944664,0.8816326530612245,198.0,189.52639770507812
2021-09-13,0.31837499141693115,0.9642276422764228,0.8764227628707886,0.5327868852459017,0.8772635814889336,177.0,188.586669921875
2021-09-14,0.33560824394226074,0.9609756097560975,0.8731707334518433,0.5182186234817814,0.8727272727272727,182.0,188.32028198242188
2021-09-15,0.31803905963897705,0.9723577235772358,0.8747967481613159,0.5224489795918368,0.8767676767676768,176.0,188.1111602783203
2021-09-16,0.3292343020439148,0.9642276422764228,0.8764227628707886,0.5657370517928287,0.8805668016194332,176.0,189.32794189453125
2021-09-17,0.31947097182273865,0.9707317073170731,0.8780487775802612,0.5791505791505791,0.8868312757201646,191.0,188.04953002929688
2021-09-18,0.330925315618515,0.967479674796748,0.8634146451950073,0.5848375451263538,0.8952991452991453,209.0,189.31414794921875
2021-09-19,0.3143787384033203,0.975609756097561,0.8845528364181519,0.5238095238095238,0.8773006134969326,174.0,190.372314453125
2021-09-20,0.3261083960533142,0.9609756097560975,0.8617886304855347,0.5517241379310345,0.8856548856548857,183.0,187.72080993652344
2021-09-21,0.32352307438850403,0.975609756097561,0.8747967481613159,0.5363984674329502,0.8778467908902692,187.0,189.65440368652344
2021-09-22,0.33819904923439026,0.9626016260162602,0.8878048658370972,0.6142322097378277,0.8884297520661157,201.0,190.8376007080078
2021-09-23,0.33063849806785583,0.967479674796748,0.8878048658370972,0.5891472868217055,0.8891170431211499,185.0,192.71240234375
2021-09-24,0.3869688808917999,0.9463414634146341,0.8796747922897339,0.5309090909090909,0.8787234042553191,237.0,192.17813110351562
2021-09-25,0.3281761407852173,0.9691056910569106,0.8910568952560425,0.5917602996254682,0.8858921161825726,199.0,194.21153259277344
2021-09-26,0.3262489438056946,0.967479674796748,0.8910568952560425,0.5747126436781609,0.8845360824742268,186.0,192.62335205078125
2021-09-27,0.3155166804790497,0.9821138211382113,0.8991869688034058,0.5568627450980392,0.8795918367346939,174.0,191.32655334472656
2021-09-28,0.33859318494796753,0.967479674796748,0.8959349393844604,0.5939849624060151,0.8861283643892339,202.0,191.7593536376953
2021-09-29,0.34609487652778625,0.9626016260162602,0.8991869688034058,0.5239852398523985,0.8609958506224067,201.0,193.25347900390625
2021-09-30,0.3504613935947418,0.9609756097560975,0.8975609540939331,0.528,0.8602794411177644,179.0,192.66302490234375
2021-10-01,0.36827075481414795,0.9560975609756097,0.8878048658370972,0.5972222222222222,0.9017467248908297,248.0,190.93055725097656
2021-10-02,0.3448699116706848,0.9658536585365853,0.9073171019554138,0.5808823529411765,0.8701030927835052,193.0,197.465087890625
2021-10-03,0.34161314368247986,0.9707317073170731,0.9024389982223511,0.5660377358490566,0.8744855967078189,200.0,193.62164306640625
2021-10-04,0.3327246606349945,0.9626016260162602,0.9040650129318237,0.5517241379310345,0.8640973630831643,182.0,195.9967041015625
2021-10-05,0.3432936370372772,0.9626016260162602,0.9154471755027771,0.5217391304347826,0.8634453781512605,205.0,196.69375610351562
2021-10-06,0.33560463786125183,0.9723577235772358,0.9333333373069763,0.5789473684210527,0.8765432098765432,195.0,197.42636108398438
2021-10-07,0.35807183384895325,0.959349593495935,0.9186992049217224,0.5597014925373134,0.8683127572016461,202.0,198.0455322265625
2021-10-08,0.338466078042984,0.9691056910569106,0.9203252196311951,0.6344827586206897,0.8910256410256411,230.0,198.6133270263672
2021-10-09,0.37314173579216003,0.9577235772357724,0.934959352016449,0.5985401459854015,0.8739669421487604,216.0,202.79757690429688
2021-10-10,0.34173712134361267,0.9691056910569106,0.9333333373069763,0.5765124555160143,0.8574380165289256,198.0,201.28704833984375
2021-10-11,0.34015700221061707,0.9642276422764228,0.9317073225975037,0.5714285714285714,0.8592132505175983,193.0,200.75006103515625
2021-10-12,0.33607712388038635,0.9723577235772358,0.9317073225975037,0.621160409556314,0.8805970149253731,219.0,200.4794158935547
2021-10-13,0.3195289075374603,0.9804878048780488,0.9414634108543396,0.48507462686567165,0.8273092369477911,163.0,204.01846313476562
2021-10-14,0.35386329889297485,0.9691056910569106,0.9268292784690857,0.5923076923076923,0.8554455445544554,195.0,199.26504516601562
2021-10-15,0.3723457455635071,0.9479674796747968,0.9333333373069763,0.5850340136054422,0.8678038379530917,231.0,202.58895874023438
2021-10-16,0.33505019545555115,0.975609756097561,0.9447154402732849,0.5766423357664233,0.8536585365853658,185.0,205.1952362060547
2021-10-17,0.3347019553184509,0.9707317073170731,0.9365853667259216,0.5461254612546126,0.8513238289205702,194.0,200.57601928710938
2021-10-18,0.3575602173805237,0.959349593495935,0.9414634108543396,0.5902777777777778,0.8710359408033826,223.0,203.67259216308594
2021-10-19,0.35079771280288696,0.967479674796748,0.9463414549827576,0.5328467153284672,0.8501026694045175,192.0,205.94894409179688
2021-10-20,0.34190449118614197,0.9707317073170731,0.9186992049217224,0.5333333333333333,0.852760736196319,182.0,201.6649627685547
2021-10-21,0.34887510538101196,0.967479674796748,0.9398373961448669,0.5724137931034483,0.8662420382165605,219.0,201.670166015625
2021-10-22,0.361773818731308,0.9528455284552846,0.9463414549827576,0.5958904109589042,0.8686440677966102,217.0,205.91099548339844
2021-10-23,0.3481869399547577,0.9707317073170731,0.9544715285301208,0.5448028673835126,0.8459958932238193,193.0,204.26170349121094
2021-10-24,0.3423800468444824,0.9772357723577236,0.9447154402732849,0.5593869731800766,0.854,191.0,203.61683654785156
2021-10-25,0.35859978199005127,0.9707317073170731,0.9398373961448669,0.5095057034220533,0.8464646464646465,194.0,203.52532958984375
2021-10-26,0.32421210408210754,0.9772357723577236,0.9382113814353943,0.6159420289855072,0.8796680497925311,200.0,203.37014770507812
2021-10-27,0.3734517991542816,0.9577235772357724,0.930081307888031,0.5971223021582733,0.8768267223382046,226.0,203.92547607421875
2021-10-28,0.36104482412338257,0.9528455284552846,0.9284552931785583,0.5853658536585366,0.869198312236287,214.0,205.400146484375
2021-10-29,0.3883053660392761,0.9544715447154472,0.934959352016449,0.6126760563380281,0.8781512605042017,238.0,205.93197631835938
2021-10-30,0.35647228360176086,0.9658536585365853,0.9512194991111755,0.6027397260273972,0.8634453781512605,227.0,207.13613891601562
2021-10-31,0.3640778660774231,0.9609756097560975,0.9512194991111755,0.5642857142857143,0.8571428571428571,216.0,207.89956665039062
2021-11-01,0.3649781346321106,0.967479674796748,0.9479674696922302,0.6326530612244898,0.8827292110874201,235.0,206.7469940185547
2021-11-02,0.3412918448448181,0.9626016260162602,0.9626016020774841,0.5381818181818182,0.8380566801619433,181.0,210.0975341796875
2021-11-03,0.3507504463195801,0.9739837398373984,0.9544715285301208,0.5597014925373134,0.854251012145749,199.0,205.80413818359375
2021-11-04,0.37254607677459717,0.967479674796748,0.9512194991111755,0.5588235294117647,0.8551020408163266,208.0,207.08389282226562
2021-11-05,0.3923034071922302,0.9447154471544715,0.9447154402732849,0.5686274509803921,0.868421052631579,258.0,206.58688354492188
2021-11-06,0.3751818537712097,0.9495934959349593,0.9463414549827576,0.6285714285714286,0.8849372384937239,237.0,210.13446044921875
2021-11-07,0.34322628378868103,0.9739837398373984,0.9479674696922302,0.5779467680608364,0.856,191.0,209.84469604492188
2021-11-08,0.33832719922065735,0.9723577235772358,0.9284552931785583,0.5842696629213483,0.8765432098765432,196.0,207.4586181640625
2021-11-09,0.3505697250366211,0.967479674796748,0.9398373961448669,0.5563380281690141,0.8668076109936576,203.0,208.09432983398438
2021-11-10,0.40109843015670776,0.9447154471544715,0.9268292784690857,0.5179856115107914,0.8556485355648535,217.0,206.31671142578125
2021-11-11,0.33540448546409607,0.967479674796748,0.925203263759613,0.5480427046263345,0.8652631578947368,204.0,206.70498657226562
2021-11-12,0.394338458776474,0.959349593495935,0.9479674696922302,0.5369127516778524,0.851931330472103,234.0,211.16415405273438
2021-11-13,0.3356786072254181,0.9707317073170731,0.9512194991111755,0.5756457564575646,0.8577235772357723,189.0,211.12594604492188
2021-11-14,0.3315548896789551,0.9821138211382113,0.9658536314964294,0.5114503816793893,0.8383233532934131,159.0,208.93704223632812
2021-11-15,0.3510478138923645,0.9707317073170731,0.9365853667259216,0.5214007782101168,0.8399209486166008,185.0,204.89089965820312
2021-11-16,0.3343811631202698,0.975609756097561,0.9203252196311951,0.549618320610687,0.8620689655172413,182.0,205.62435913085938
2021-11-17,0.34873509407043457,0.959349593495935,0.9414634108543396,0.5482625482625483,0.857429718875502,181.0,204.95391845703125
2021-11-18,0.3812161684036255,0.9528455284552846,0.9365853667259216,0.5285714285714286,0.8538622129436325,224.0,205.18115234375
2021-11-19,0.37919682264328003,0.9544715447154472,0.9528455138206482,0.5882352941176471,0.8652631578947368,236.0,206.34762573242188
2021-11-20,0.3408881425857544,0.967479674796748,0.9382113814353943,0.5536332179930796,0.8601694915254238,210.0,207.87472534179688
2021-11-21,0.3299977779388428,0.975609756097561,0.9463414549827576,0.5909090909090909,0.8666666666666667,175.0,207.88287353515625
2021-11-22,0.3688494563102722,0.9642276422764228,0.9463414549827576,0.610909090909091,0.8706365503080082,224.0,206.52163696289062
2021-11-23,0.36756977438926697,0.959349593495935,0.9642276167869568,0.6013986013986014,0.8609958506224067,202.0,210.61016845703125
2021-11-24,0.3764794170856476,0.9528455284552846,0.9414634108543396,0.5858585858585859,0.867237687366167,234.0,206.5792999267578
2021-11-25,0.35936278104782104,0.9626016260162602,0.9544715285301208,0.48936170212765956,0.8288659793814434,177.0,209.38186645507812
2021-11-26,0.3276653587818146,0.9691056910569106,0.9414634108543396,0.5393258426966292,0.84,156.0,205.5269775390625
2021-11-27,0.33382952213287354,0.9772357723577236,0.9430894255638123,0.5680933852140078,0.8484251968503937,173.0,203.2106475830078
2021-11-28,0.332899272441864,0.9691056910569106,0.934959352016449,0.6122448979591837,0.8726114649681529,212.0,202.97181701660156
2021-11-29,0.342587411403656,0.967479674796748,0.930081307888031,0.5614035087719298,0.8577405857740585,197.0,204.24972534179688
2021-11-30,0.37334921956062317,0.9560975609756097,0.9365853667259216,0.5144927536231884,0.845360824742268,213.0,201.53958129882812
2021-12-01,0.3791271150112152,0.9544715447154472,0.9447154402732849,0.5830721003134797,0.8683035714285714,252.0,204.6476593017578
2021-12-02,0.3413676619529724,0.9723577235772358,0.9626016020774841,0.6027397260273972,0.8544698544698545,207.0,209.28335571289062
2021-12-03,0.3852366507053375,0.9642276422764228,0.9528455138206482,0.6148648648648649,0.8631578947368421,235.0,207.2836151123047
2021-12-04,0.34830355644226074,0.9788617886178862,0.9593495726585388,0.592057761732852,0.8519269776876268,200.0,206.762939453125
2021-12-05,0.3433748185634613,0.9691056910569106,0.9463414549827576,0.5724381625441696,0.8533057851239669,198.0,205.23849487304688
2021-12-06,0.34383586049079895,0.9626016260162602,0.930081307888031,0.610909090909091,0.8706365503080082,206.0,204.75860595703125
2021-12-07,0.31750571727752686,0.9869918699186991,0.9528455138206482,0.5882352941176471,0.8580121703853956,175.0,205.6759796142578
2021-12-08,0.3844466209411621,0.959349593495935,0.9333333373069763,0.6323024054982818,0.8721174004192872,232.0,202.64382934570312
2021-12-09,0.33984214067459106,0.9609756097560975,0.9512194991111755,0.5862068965517241,0.8506224066390041,196.0,207.0478057861328
2021-12-10,0.3754968047142029,0.9642276422764228,0.9479674696922302,0.6153846153846154,0.8651452282157677,231.0,204.3632354736328
2021-12-11,0.347053200006485,0.9691056910569106,0.9479674696922302,0.5531914893617021,0.845679012345679,200.0,206.67977905273438
2021-12-12,0.3308253288269043,0.9772357723577236,0.9430894255638123,0.5747126436781609,0.8511904761904762,173.0,205.2499542236328
2021-12-13,0.3611127436161041,0.9642276422764228,0.9333333373069763,0.5563380281690141,0.8577405857740585,216.0,202.40455627441406
2021-12-14,0.365246444940567,0.9691056910569106,0.9365853667259216,0.5204460966542751,0.8438133874239351,190.0,207.1926727294922
2021-12-15,0.3562057316303253,0.9626016260162602,0.9365853667259216,0.5535055350553506,0.8498985801217038,186.0,205.95614624023438
2021-12-16,0.3632429540157318,0.9642276422764228,0.9382113814353943,0.5072463768115942,0.8279352226720648,182.0,205.35293579101562
2021-12-17,0.36233454942703247,0.959349593495935,0.9398373961448669,0.6472491909385113,0.8942731277533039,248.0,204.01715087890625
2021-12-18,0.4054107964038849,0.9463414634146341,0.9544715285301208,0.610738255033557,0.8774193548387097,246.0,209.44741821289062
2021-12-19,0.35201025009155273,0.967479674796748,0.9512194991111755,0.5673758865248227,0.855072463768116,199.0,207.92640686035156
2021-12-20,0.34949570894241333,0.967479674796748,0.9577235579490662,0.5591397849462365,0.8483606557377049,181.0,207.89178466796875
2021-12-21,0.3376053273677826,0.9739837398373984,0.9544715285301208,0.5824561403508772,0.8497942386831275,186.0,206.22225952148438
2021-12-22,0.36444270610809326,0.9560975609756097,0.9479674696922302,0.5608108108108109,0.860813704496788,218.0,204.99290466308594
2021-12-23,0.39545556902885437,0.943089430894309,0.9495934844017029,0.5472312703583062,0.8577680525164114,249.0,206.84524536132812
2021-12-24,0.3487692177295685,0.9642276422764228,0.9691057205200195,0.6169491525423729,0.8726114649681529,215.0,210.48477172851562
2021-12-25,0.3321295976638794,0.9723577235772358,0.9577235579490662,0.5037593984962406,0.8303393213572854,157.0,209.79176330566406
2021-12-26,0.3462103605270386,0.9658536585365853,0.9560975432395935,0.5886524822695035,0.8542094455852156,186.0,207.38613891601562
2021-12-27,0.33004695177078247,0.9739837398373984,0.9723577499389648,0.5830258302583026,0.8493975903614458,181.0,207.58502197265625
2021-12-28,0.3291286528110504,0.9707317073170731,0.9642276167869568,0.5694444444444444,0.8520833333333333,193.0,206.75367736816406
2021-12-29,0.361739844083786,0.9512195121951219,0.9544715285301208,0.589041095890411,0.8574423480083857,205.0,206.99270629882812
2021-12-30,0.36074888706207275,0.9626016260162602,0.9544715285301208,0.524822695035461,0.8272357723577236,192.0,206.19642639160156
2021-12-31,0.3522080183029175,0.9642276422764228,0.9398373961448669,0.6735395189003437,0.888421052631579,227.0,204.8870849609375
2022-01-01,0.3750093877315521,0.9626016260162602,0.9512194991111755,0.5813148788927336,0.8613445378151261,231.0,207.71963500976562
2022-01-02,0.35107100009918213,0.9642276422764228,0.9528455138206482,0.48091603053435117,0.8205128205128205,155.0,207.830078125
2022-01-03,0.3546537458896637,0.9642276422764228,0.9170731902122498,0.6041666666666666,0.871578947368421,215.0,199.23635864257812
2022-01-04,0.3545450270175934,0.9723577235772358,0.9430894255638123,0.555956678700361,0.8434959349593496,196.0,206.98556518554688
2022-01-05,0.37392091751098633,0.9626016260162602,0.9463414549827576,0.5848375451263538,0.8551020408163266,217.0,204.76609802246094
2022-01-06,0.3708607852458954,0.9626016260162602,0.9382113814353943,0.5579710144927537,0.8542094455852156,206.0,205.38461303710938
2022-01-07,0.40170615911483765,0.9609756097560975,0.9333333373069763,0.5563380281690141,0.8506224066390041,235.0,205.0861358642578
2022-01-08,0.35612714290618896,0.9658536585365853,0.934959352016449,0.49230769230769234,0.8313492063492064,179.0,206.21142578125
2022-01-09,0.35350391268730164,0.9723577235772358,0.925203263759613,0.5168539325842697,0.8407258064516129,182.0,202.9874267578125
2022-01-10,0.3498668372631073,0.9609756097560975,0.9121951460838318,0.5111111111111111,0.8501026694045175,191.0,201.31716918945312
2022-01-11,0.3270491063594818,0.9821138211382113,0.9203252196311951,0.5766423357664233,0.865979381443299,195.0,201.3841094970703
2022-01-12,0.3430314362049103,0.967479674796748,0.934959352016449,0.5763888888888888,0.8704883227176221,211.0,203.93263244628906
2022-01-13,0.3629029393196106,0.9560975609756097,0.930081307888031,0.5373134328358209,0.8498985801217038,192.0,206.09356689453125
2022-01-14,0.37656164169311523,0.9528455284552846,0.9333333373069763,0.5460750853242321,0.8553191489361702,229.0,205.41098022460938
2022-01-15,0.41939622163772583,0.9349593495934959,0.9268292784690857,0.5337837837837838,0.8540772532188842,254.0,205.72769165039062
2022-01-16,0.3316756784915924,0.975609756097561,0.9398373961448669,0.5985401459854015,0.8597560975609756,189.0,205.21786499023438
2022-01-17,0.37851521372795105,0.9642276422764228,0.934959352016449,0.5694444444444444,0.8665254237288136,223.0,202.74612426757812
2022-01-18,0.3355313539505005,0.9642276422764228,0.9495934844017029,0.5517241379310345,0.8490566037735849,194.0,207.56236267089844
2022-01-19,0.3587821125984192,0.9658536585365853,0.9447154402732849,0.593103448275862,0.8670886075949367,216.0,204.6529998779297
2022-01-20,0.38380569219589233,0.9512195121951219,0.934959352016449,0.5347222222222222,0.8434237995824635,220.0,206.36537170410156
2022-01-21,0.3554246425628662,0.9658536585365853,0.9333333373069763,0.5563380281690141,0.8559498956158664,199.0,204.56341552734375
2022-01-22,0.3454771041870117,0.975609756097561,0.9365853667259216,0.582089552238806,0.8585858585858586,179.0,202.84877014160156
2022-01-23,0.33944687247276306,0.9723577235772358,0.9333333373069763,0.5874125874125874,0.8622129436325678,193.0,203.26271057128906
2022-01-24,0.3384891152381897,0.967479674796748,0.9219512343406677,0.6376811594202898,0.8858921161825726,206.0,203.04824829101562
2022-01-25,0.33474284410476685,0.9723577235772358,0.9398373961448669,0.5745454545454546,0.8551020408163266,186.0,205.5313262939453
2022-01-26,0.3421872556209564,0.9739837398373984,0.9398373961448669,0.5223880597014925,0.8441295546558705,180.0,205.19927978515625
2022-01-27,0.37007248401641846,0.9577235772357724,0.9398373961448669,0.5035971223021583,0.8391752577319588,195.0,202.85086059570312
2022-01-28,0.3518833816051483,0.959349593495935,0.9414634108543396,0.6013071895424836,0.8717391304347826,223.0,205.692138671875
2022-01-29,0.3337111473083496,0.9707317073170731,0.9398373961448669,0.6089965397923875,0.8697478991596639,206.0,205.96725463867188
2022-01-30,0.30518457293510437,0.9821138211382113,0.934959352016449,0.6357142857142857,0.8706365503080082,179.0,205.88043212890625
2022-01-31,0.3503604829311371,0.9577235772357724,0.9333333373069763,0.5795053003533569,0.8661087866108786,205.0,205.02099609375
2022-02-01,0.3935760259628296,0.9512195121951219,0.9495934844017029,0.5993485342019544,0.8658008658008658,247.0,206.86575317382812
2022-02-02,0.3416840732097626,0.9707317073170731,0.9512194991111755,0.6137184115523465,0.8615071283095723,196.0,209.11685180664062
2022-02-03,0.3526269793510437,0.9772357723577236,0.9463414549827576,0.5522388059701493,0.8453815261044176,181.0,206.88595581054688
2022-02-04,0.36566007137298584,0.959349593495935,0.9317073225975037,0.5752508361204013,0.860813704496788,225.0,204.78103637695312
2022-02-05,0.39291033148765564,0.9739837398373984,0.9414634108543396,0.6376811594202898,0.869653767820774,240.0,207.52732849121094
2022-02-06,0.33423852920532227,0.975609756097561,0.9577235579490662,0.5756457564575646,0.8473895582329317,174.0,209.62855529785156
2022-02-07,0.34824052453041077,0.967479674796748,0.934959352016449,0.60431654676259,0.8662551440329218,210.0,205.46682739257812
2022-02-08,0.3399410545825958,0.975609756097561,0.9528455138206482,0.6341463414634146,0.8692946058091287,209.0,208.99105834960938
2022-02-09,0.34425806999206543,0.967479674796748,0.9447154402732849,0.5505226480836237,0.8479166666666667,192.0,209.3728485107422
2022-02-10,0.3385699391365051,0.9626016260162602,0.9365853667259216,0.5571428571428572,0.8497942386831275,189.0,206.0989990234375
2022-02-11,0.38301464915275574,0.9626016260162602,0.9447154402732849,0.5830508474576271,0.8529411764705882,240.0,207.8853759765625
2022-02-12,0.32928431034088135,0.9739837398373984,0.9674796462059021,0.6304347826086957,0.8606060606060606,185.0,210.31919860839844
2022-02-13,0.3314208984375,0.967479674796748,0.9382113814353943,0.6028368794326241,0.865424430641822,195.0,204.67837524414062
2022-02-14,0.31463584303855896,0.9821138211382113,0.9528455138206482,0.5869565217391305,0.8588957055214724,181.0,206.66104125976562
2022-02-15,0.33010387420654297,0.9739837398373984,0.9447154402732849,0.5724137931034483,0.8553459119496856,201.0,205.8843231201172
2022-02-16,0.33596372604370117,0.967479674796748,0.9414634108543396,0.5808823529411765,0.8577235772357723,190.0,204.3800506591797
2022-02-17,0.33506959676742554,0.9642276422764228,0.9235772490501404,0.5869565217391305,0.865979381443299,198.0,203.08482360839844
2022-02-18,0.390070378780365,0.9479674796747968,0.9382113814353943,0.5704225352112676,0.865546218487395,244.0,204.74337768554688
2022-02-19,0.32326236367225647,0.9788617886178862,0.9528455138206482,0.6086956521739131,0.8615071283095723,190.0,207.3065185546875
2022-02-20,0.3303133547306061,0.9788617886178862,0.925203263759613,0.5703422053231939,0.8678861788617886,194.0,205.16842651367188
2022-02-21,0.3515474200248718,0.959349593495935,0.9398373961448669,0.5540540540540541,0.8586723768736617,217.0,205.59512329101562
2022-02-22,0.3518272042274475,0.9642276422764228,0.9479674696922302,0.5440613026819924,0.8483033932135728,183.0,206.43331909179688
2022-02-23,0.33205917477607727,0.9788617886178862,0.9219512343406677,0.5390625,0.852589641434263,166.0,202.27420043945312
2022-02-24,0.3346547484397888,0.9723577235772358,0.9268292784690857,0.5882352941176471,0.8668032786885246,190.0,202.45913696289062
2022-02-25,0.37447771430015564,0.959349593495935,0.9268292784690857,0.5571428571428572,0.8622129436325678,221.0,203.95046997070312
2022-02-26,0.3316984474658966,0.9723577235772358,0.9430894255638123,0.6014492753623188,0.8683127572016461,195.0,204.46124267578125
2022-02-27,0.329795241355896,0.9723577235772358,0.9447154402732849,0.5785714285714286,0.8577319587628865,189.0,203.80386352539062
2022-02-28,0.339847207069397,0.967479674796748,0.9463414549827576,0.5362318840579711,0.8463114754098361,187.0,203.38714599609375
2022-03-01,0.3459584712982178,0.9658536585365853,0.9333333373069763,0.5614035087719298,0.8704883227176221,208.0,202.10585021972656
2022-03-02,0.3605892062187195,0.9609756097560975,0.9219512343406677,0.5494505494505495,0.8510204081632653,190.0,203.13937377929688
2022-03-03,0.36008840799331665,0.9577235772357724,0.9089431166648865,0.555956678700361,0.8663883089770354,212.0,200.42514038085938
2022-03-04,0.33451586961746216,0.9739837398373984,0.9382113814353943,0.5616438356164384,0.867237687366167,209.0,204.10470581054688
2022-03-05,0.3631341755390167,0.9691056910569106,0.9398373961448669,0.5204460966542751,0.8421052631578947,189.0,203.880859375
2022-03-06,0.33449986577033997,0.9723577235772358,0.925203263759613,0.4901185770750988,0.8429423459244533,150.0,200.84849548339844
2022-03-07,0.3243575394153595,0.975609756097561,0.925203263759613,0.6036363636363636,0.8867924528301887,186.0,197.59323120117188
2022-03-08,0.35500335693359375,0.959349593495935,0.934959352016449,0.6185567010309279,0.8752642706131079,224.0,200.85720825195312
2022-03-09,0.3452165722846985,0.9691056910569106,0.9170731902122498,0.5441176470588235,0.8562628336755647,186.0,201.3871307373047
2022-03-10,0.3502815365791321,0.9626016260162602,0.9333333373069763,0.5390070921985816,0.8574423480083857,207.0,200.6048583984375
2022-03-11,0.36681944131851196,0.9577235772357724,0.9317073225975037,0.5774647887323944,0.8640167364016736,210.0,202.48507690429688
2022-03-12,0.3335258960723877,0.9723577235772358,0.934959352016449,0.6690391459074733,0.8916666666666667,210.0,201.31549072265625
2022-03-13,0.33948200941085815,0.9707317073170731,0.9430894255638123,0.550185873605948,0.8519269776876268,176.0,203.62908935546875
2022-03-14,0.35082417726516724,0.9707317073170731,0.9268292784690857,0.562962962962963,0.8609406952965235,198.0,199.9294891357422
2022-03-15,0.3502848446369171,0.9691056910569106,0.9365853667259216,0.6137184115523465,0.8703703703703703,201.0,202.2998046875
2022-03-16,0.34576764702796936,0.9691056910569106,0.9365853667259216,0.550185873605948,0.8467741935483871,190.0,201.68045043945312
2022-03-17,0.3546011447906494,0.9626016260162602,0.930081307888031,0.572463768115942,0.8636363636363636,201.0,199.8125
2022-03-18,0.34653007984161377,0.959349593495935,0.9365853667259216,0.6598639455782312,0.8874734607218684,224.0,202.19207763671875
2022-03-19,0.3390147089958191,0.9739837398373984,0.9382113814353943,0.5808823529411765,0.8559837728194726,175.0,203.14642333984375
2022-03-20,0.36001521348953247,0.9658536585365853,0.9203252196311951,0.5185185185185185,0.840080971659919,188.0,198.07997131347656
2022-03-21,0.331952303647995,0.975609756097561,0.9186992049217224,0.5259259259259259,0.8455284552845529,181.0,200.1030731201172
2022-03-22,0.3363625705242157,0.9691056910569106,0.9219512343406677,0.5757575757575758,0.8608870967741935,187.0,197.79150390625
2022-03-23,0.33067798614501953,0.9707317073170731,0.9219512343406677,0.574468085106383,0.8697478991596639,203.0,197.371337890625
2022-03-24,0.3583211898803711,0.9691056910569106,0.9479674696922302,0.5746268656716418,0.8582995951417004,200.0,201.1908721923828
2022-03-25,0.37181752920150757,0.9544715447154472,0.9138211607933044,0.5627118644067797,0.8722943722943723,239.0,199.98660278320312
2022-03-26,0.35112568736076355,0.9691056910569106,0.9577235579490662,0.5505226480836237,0.8461538461538461,202.0,202.67648315429688
2022-03-27,0.34249815344810486,0.9788617886178862,0.9382113814353943,0.5555555555555556,0.8536585365853658,184.0,199.7504119873047
2022-03-28,0.3357261121273041,0.9772357723577236,0.925203263759613,0.5173745173745173,0.8511066398390342,178.0,199.05087280273438
2022-03-29,0.32657289505004883,0.9739837398373984,0.9186992049217224,0.5970149253731343,0.8767967145790554,189.0,199.54183959960938
2022-03-30,0.38469070196151733,0.9577235772357724,0.930081307888031,0.5939849624060151,0.8752556237218814,227.0,199.45101928710938
2022-03-31,0.3387032747268677,0.9772357723577236,0.9317073225975037,0.5546875,0.8634538152610441,176.0,201.56314086914062
2022-04-01,0.3695739507675171,0.9577235772357724,0.9203252196311951,0.5774647887323944,0.8881720430107527,239.0,197.41131591796875
2022-04-02,0.3571217954158783,0.9707317073170731,0.9365853667259216,0.549618320610687,0.8603238866396761,202.0,202.1090545654297
2022-04-03,0.33563292026519775,0.967479674796748,0.9121951460838318,0.5247148288973384,0.8609406952965235,180.0,199.50543212890625
2022-04-04,0.33958926796913147,0.9658536585365853,0.9170731902122498,0.5896414342629482,0.8725099601593626,180.0,198.83432006835938
2022-04-05,0.3502962291240692,0.9642276422764228,0.9268292784690857,0.5890909090909091,0.8752598752598753,202.0,198.69651794433594
2022-04-06,0.35717061161994934,0.9626016260162602,0.9154471755027771,0.5318352059925093,0.8711018711018711,209.0,198.5913543701172
2022-04-07,0.33193865418434143,0.9691056910569106,0.9219512343406677,0.6051660516605166,0.8838174273858921,198.0,199.700927734375
2022-04-08,0.39609354734420776,0.9414634146341463,0.9235772490501404,0.5734265734265734,0.8857758620689655,250.0,199.3515625
2022-04-09,0.3398935794830322,0.9723577235772358,0.9365853667259216,0.5378787878787878,0.8612244897959184,181.0,203.79891967773438
2022-04-10,0.3476264774799347,0.9707317073170731,0.9219512343406677,0.5714285714285714,0.8762886597938144,203.0,198.1685791015625
2022-04-11,0.35167887806892395,0.9642276422764228,0.9170731902122498,0.6060606060606061,0.8868312757201646,212.0,199.90911865234375
2022-04-12,0.33779603242874146,0.9658536585365853,0.9317073225975037,0.5683453237410072,0.8739495798319328,196.0,202.6199188232422
2022-04-13,0.38183778524398804,0.9626016260162602,0.934959352016449,0.5185185185185185,0.8556701030927835,222.0,199.58511352539062
2022-04-14,0.39654067158699036,0.9512195121951219,0.9365853667259216,0.5342960288808665,0.8565488565488566,223.0,202.6279296875
2022-04-15,0.34278738498687744,0.9658536585365853,0.9447154402732849,0.5486111111111112,0.861995753715499,212.0,202.1929931640625
2022-04-16,0.3351486623287201,0.9707317073170731,0.9398373961448669,0.582089552238806,0.8709016393442623,182.0,203.8304443359375
2022-04-17,0.37222734093666077,0.9609756097560975,0.934959352016449,0.5405405405405406,0.8554216867469879,194.0,201.23463439941406
2022-04-18,0.3663569986820221,0.9642276422764228,0.9365853667259216,0.6391752577319587,0.8987068965517241,244.0,200.54147338867188
2022-04-19,0.3614363372325897,0.9739837398373984,0.9658536314964294,0.50187265917603,0.8434959349593496,190.0,207.2228546142578
2022-04-20,0.35111138224601746,0.9626016260162602,0.930081307888031,0.5955882352941176,0.8742268041237113,205.0,201.28822326660156
2022-04-21,0.3441731631755829,0.9642276422764228,0.9609755873680115,0.5581395348837209,0.8559139784946237,211.0,204.63070678710938
2022-04-22,0.3773791193962097,0.9609756097560975,0.9447154402732849,0.5644599303135889,0.8538622129436325,221.0,206.71263122558594
2022-04-23,0.3288167119026184,0.9739837398373984,0.9544715285301208,0.6451612903225806,0.8801652892561983,201.0,205.53884887695312
2022-04-24,0.3437955677509308,0.967479674796748,0.9447154402732849,0.6007326007326007,0.8706365503080082,196.0,206.69699096679688
2022-04-25,0.36481839418411255,0.9577235772357724,0.9365853667259216,0.5467625899280576,0.855072463768116,211.0,204.88064575195312
2022-04-26,0.3545930087566376,0.967479674796748,0.9560975432395935,0.5951557093425606,0.865546218487395,218.0,205.92857360839844
2022-04-27,0.37560591101646423,0.9658536585365853,0.9463414549827576,0.6054421768707483,0.8686440677966102,237.0,207.72137451171875
2022-04-28,0.3406500518321991,0.9739837398373984,0.9674796462059021,0.5944055944055944,0.8553719008264463,203.0,209.9168243408203
2022-04-29,0.3607604205608368,0.9626016260162602,0.9528455138206482,0.5743243243243243,0.8577494692144374,228.0,208.3328857421875
2022-04-30,0.34757551550865173,0.9691056910569106,0.9707317352294922,0.5428571428571428,0.8387755102040816,195.0,209.61984252929688
2022-05-01,0.374928742647171,0.9609756097560975,0.9528455138206482,0.5923344947735192,0.8622129436325678,227.0,208.21585083007812
2022-05-02,0.35142287611961365,0.9658536585365853,0.9739837646484375,0.5460992907801419,0.8384458077709611,186.0,210.62124633789062
2022-05-03,0.3454689681529999,0.967479674796748,0.9560975432395935,0.5979381443298969,0.8634453781512605,216.0,208.51138305664062
2022-05-04,0.3629154860973358,0.9691056910569106,0.9577235579490662,0.6428571428571429,0.8762886597938144,226.0,211.30340576171875
2022-05-05,0.36057451367378235,0.9707317073170731,0.9707317352294922,0.5507246376811594,0.8366935483870968,195.0,213.7548828125
2022-05-06,0.349714994430542,0.9658536585365853,0.9642276167869568,0.6530612244897959,0.8834745762711864,224.0,209.55816650390625
2022-05-07,0.3565579056739807,0.9723577235772358,0.9804878234863281,0.5543859649122806,0.8415637860082305,195.0,211.4065399169922
2022-05-08,0.3537846505641937,0.9723577235772358,0.9560975432395935,0.5525291828793775,0.837890625,176.0,209.18943786621094
2022-05-09,0.3363540470600128,0.9772357723577236,0.9414634108543396,0.5703703703703704,0.8490945674044266,175.0,206.73849487304688
2022-05-10,0.3495980203151703,0.9642276422764228,0.9463414549827576,0.5850340136054422,0.8496868475991649,208.0,207.7822723388672
2022-05-11,0.36661598086357117,0.9723577235772358,0.9479674696922302,0.5714285714285714,0.8519269776876268,213.0,209.27484130859375
2022-05-12,0.3574220538139343,0.9691056910569106,0.9398373961448669,0.5963636363636363,0.871900826446281,214.0,208.12313842773438
2022-05-13,0.3568691313266754,0.9642276422764228,0.9463414549827576,0.5850340136054422,0.8622881355932204,231.0,210.09197998046875
2022-05-14,0.34374162554740906,0.9723577235772358,0.9560975432395935,0.5789473684210527,0.8571428571428571,193.0,211.24472045898438
2022-05-15,0.3493630886077881,0.9691056910569106,0.9398373961448669,0.5285714285714286,0.839835728952772,191.0,207.8023681640625
2022-05-16,0.3335108757019043,0.9707317073170731,0.9447154402732849,0.6013986013986014,0.8609958506224067,198.0,206.51966857910156
2022-05-17,0.35424327850341797,0.967479674796748,0.9333333373069763,0.5201465201465202,0.8480492813141683,202.0,207.2354736328125
2022-05-18,0.3519837558269501,0.9642276422764228,0.9479674696922302,0.5827338129496403,0.8565573770491803,208.0,207.6684112548828
2022-05-19,0.3335663676261902,0.9691056910569106,0.9268292784690857,0.5878136200716846,0.8744769874476988,201.0,208.68377685546875
2022-05-20,0.37281501293182373,0.9544715447154472,0.9398373961448669,0.5684210526315789,0.8580375782881002,218.0,207.77890014648438
2022-05-21,0.3618393838405609,0.9609756097560975,0.9479674696922302,0.550185873605948,0.8553971486761711,192.0,208.01809692382812
2022-05-22,0.33651256561279297,0.9658536585365853,0.9398373961448669,0.5509433962264151,0.8511066398390342,176.0,205.88363647460938
2022-05-23,0.34980884194374084,0.9723577235772358,0.9365853667259216,0.5584905660377358,0.8565656565656565,187.0,204.86813354492188
2022-05-24,0.3073434829711914,0.975609756097561,0.9414634108543396,0.5963636363636363,0.86652977412731,179.0,205.22592163085938
2022-05-25,0.35864493250846863,0.9528455284552846,0.9219512343406677,0.5247148288973384,0.8556910569105691,192.0,203.26715087890625
2022-05-26,0.3502211570739746,0.9560975609756097,0.9365853667259216,0.5614035087719298,0.8613445378151261,201.0,202.50306701660156
2022-05-27,0.35230129957199097,0.9560975609756097,0.925203263759613,0.662020905923345,0.8980891719745223,237.0,202.95132446289062
2022-05-28,0.3528454005718231,0.967479674796748,0.9447154402732849,0.5714285714285714,0.8663883089770354,208.0,206.9047088623047
2022-05-29,0.32682326436042786,0.9772357723577236,0.9333333373069763,0.6014492753623188,0.86652977412731,201.0,204.68617248535156
2022-05-30,0.3195342421531677,0.975609756097561,0.9268292784690857,0.5468164794007491,0.8522267206477733,174.0,204.52774047851562
2022-05-31,0.33992648124694824,0.9609756097560975,0.9284552931785583,0.583941605839416,0.8591836734693877,187.0,202.11749267578125
2022-06-01,0.3593917191028595,0.9560975609756097,0.930081307888031,0.5524475524475524,0.8625792811839323,211.0,202.0161590576172
2022-06-02,0.324036568403244,0.975609756097561,0.9365853667259216,0.587360594795539,0.8517034068136272,186.0,202.571533203125
2022-06-03,0.3555581569671631,0.9544715447154472,0.925203263759613,0.5656565656565656,0.860813704496788,215.0,201.5630340576172
2022-06-04,0.35942843556404114,0.9658536585365853,0.9430894255638123,0.5724137931034483,0.8589473684210527,209.0,202.37466430664062
2022-06-05,0.31367188692092896,0.9772357723577236,0.9414634108543396,0.6304347826086957,0.8693877551020408,191.0,202.11380004882812
2022-06-06,0.3484165668487549,0.9739837398373984,0.9398373961448669,0.5461254612546126,0.8495934959349594,191.0,203.2183380126953
2022-06-07,0.3337060809135437,0.9804878048780488,0.9333333373069763,0.6268656716417911,0.8778004073319755,194.0,203.57904052734375
2022-06-08,0.3467520475387573,0.9642276422764228,0.930081307888031,0.5567765567765568,0.8600823045267489,196.0,202.3433837890625
2022-06-09,0.3448769748210907,0.9609756097560975,0.9284552931785583,0.5401459854014599,0.8556701030927835,188.0,201.99069213867188
2022-06-10,0.3512769639492035,0.9723577235772358,0.9089431166648865,0.6385964912280702,0.8881856540084389,225.0,200.896240234375
2022-06-11,0.3456554710865021,0.9658536585365853,0.9203252196311951,0.5899280575539568,0.8711018711018711,210.0,204.21766662597656
2022-06-12,0.33324500918388367,0.9691056910569106,0.9365853667259216,0.5426356589147286,0.8522954091816367,179.0,203.8758087158203
2022-06-13,0.3320111632347107,0.9642276422764228,0.925203263759613,0.5806451612903226,0.8723849372384938,205.0,201.06382751464844
2022-06-14,0.35488423705101013,0.9609756097560975,0.9268292784690857,0.5313653136531366,0.8524590163934426,198.0,203.72622680664062
2022-06-15,0.3364655673503876,0.959349593495935,0.9138211607933044,0.6071428571428571,0.8842105263157894,210.0,201.82496643066406
2022-06-16,0.35079991817474365,0.967479674796748,0.9317073225975037,0.5882352941176471,0.8685831622176592,201.0,203.55877685546875
2022-06-17,0.3845878541469574,0.9528455284552846,0.9268292784690857,0.6060606060606061,0.8755364806866953,243.0,202.3743133544922
2022-06-18,0.34918057918548584,0.9707317073170731,0.934959352016449,0.5625,0.862,191.0,206.44931030273438
2022-06-19,0.33949148654937744,0.9691056910569106,0.9186992049217224,0.5603112840466926,0.8617234468937875,183.0,203.1382598876953
2022-06-20,0.36565962433815,0.9609756097560975,0.9105691313743591,0.587360594795539,0.8726899383983573,209.0,202.24078369140625
2022-06-21,0.36016324162483215,0.9626016260162602,0.9268292784690857,0.5075757575757576,0.8583162217659137,197.0,204.92422485351562
2022-06-22,0.36007624864578247,0.967479674796748,0.9105691313743591,0.5703703703703704,0.871900826446281,210.0,202.90380859375
2022-06-23,0.35927286744117737,0.9626016260162602,0.9284552931785583,0.472,0.8429423459244533,179.0,205.26119995117188
2022-06-24,0.3744063079357147,0.9528455284552846,0.9089431166648865,0.5369649805447471,0.8557114228456913,212.0,201.48953247070312
2022-06-25,0.3481496274471283,0.967479674796748,0.9219512343406677,0.5851851851851851,0.8742268041237113,205.0,202.56097412109375
2022-06-26,0.35044193267822266,0.9658536585365853,0.9170731902122498,0.5546875,0.8634538152610441,192.0,202.51602172851562
2022-06-27,0.34309977293014526,0.9723577235772358,0.9024389982223511,0.5634920634920635,0.875,188.0,200.09869384765625
2022-06-28,0.3383810520172119,0.9658536585365853,0.9105691313743591,0.5748031496062992,0.8767676767676768,188.0,200.95620727539062
2022-06-29,0.3491174578666687,0.9626016260162602,0.9121951460838318,0.518796992481203,0.8583162217659137,197.0,200.17913818359375
2022-06-30,0.3521779477596283,0.9609756097560975,0.9203252196311951,0.5904059040590406,0.8760330578512396,207.0,201.0563201904297
2022-07-01,0.3918496072292328,0.9528455284552846,0.9186992049217224,0.6170212765957447,0.89171974522293,255.0,201.7298126220703
2022-07-02,0.3271483778953552,0.975609756097561,0.930081307888031,0.5945945945945946,0.8694779116465864,177.0,205.33885192871094
2022-07-03,0.3336472511291504,0.9626016260162602,0.8975609540939331,0.5476190476190477,0.8622754491017964,177.0,199.05740356445312
2022-07-04,0.31840723752975464,0.975609756097561,0.9008129835128784,0.5736434108527132,0.8795918367346939,182.0,198.34814453125
2022-07-05,0.32127195596694946,0.9707317073170731,0.9089431166648865,0.5692883895131086,0.8688524590163934,191.0,199.09494018554688
2022-07-06,0.3202657103538513,0.9772357723577236,0.9040650129318237,0.52,0.849802371541502,150.0,199.43316650390625
2022-07-07,0.32086673378944397,0.983739837398374,0.8910568952560425,0.5612648221343873,0.8677354709418837,170.0,194.50152587890625
2022-07-08,0.3790758550167084,0.9560975609756097,0.9105691313743591,0.6028368794326241,0.8874734607218684,248.0,196.6099853515625
2022-07-09,0.3563600182533264,0.9609756097560975,0.9186992049217224,0.4981684981684982,0.8523908523908524,203.0,200.62306213378906
2022-07-10,0.35435670614242554,0.9609756097560975,0.9105691313743591,0.5801526717557252,0.8737270875763747,196.0,197.49673461914062
2022-07-11,0.32659757137298584,0.9707317073170731,0.9008129835128784,0.4326530612244898,0.8409542743538767,157.0,196.57659912109375
2022-07-12,0.30772948265075684,0.9691056910569106,0.9154471755027771,0.570281124497992,0.8687872763419483,165.0,194.7571258544922
2022-07-13,0.32868802547454834,0.9772357723577236,0.8991869688034058,0.6142322097378277,0.8902691511387164,202.0,193.8311767578125
2022-07-14,0.3544967472553253,0.9723577235772358,0.9056910276412964,0.5766423357664233,0.8768267223382046,224.0,196.32376098632812
2022-07-15,0.3783414959907532,0.9544715447154472,0.9268292784690857,0.582089552238806,0.8726899383983573,225.0,198.13540649414062
2022-07-16,0.3345576524734497,0.9609756097560975,0.9008129835128784,0.5615384615384615,0.8879668049792531,206.0,194.8582763671875
2022-07-17,0.3121982514858246,0.9788617886178862,0.9024389982223511,0.5289256198347108,0.8653465346534653,156.0,196.85763549804688
2022-07-18,0.3408491015434265,0.9609756097560975,0.8926829099655151,0.5855513307984791,0.8900414937759336,197.0,192.5957794189453
2022-07-19,0.3135618567466736,0.9707317073170731,0.9056910276412964,0.6141732283464567,0.8904665314401623,182.0,195.08456420898438
2022-07-20,0.3179294168949127,0.9739837398373984,0.9170731902122498,0.5338645418326693,0.8707070707070707,179.0,193.13034057617188
2022-07-21,0.3206804096698761,0.9642276422764228,0.8943089246749878,0.5779467680608364,0.895397489539749,202.0,192.08743286132812
2022-07-22,0.3544575870037079,0.9495934959349593,0.9268292784690857,0.6373626373626373,0.9050632911392406,231.0,196.92333984375
2022-07-23,0.35648113489151,0.9577235772357724,0.9170731902122498,0.5925925925925926,0.8891213389121339,204.0,198.31292724609375
2022-07-24,0.29611462354660034,0.975609756097561,0.9024389982223511,0.5813953488372093,0.8888888888888888,173.0,195.65673828125
2022-07-25,0.31072649359703064,0.9804878048780488,0.9105691313743591,0.5668016194331984,0.8725099601593626,168.0,195.28213500976562
2022-07-26,0.3298882246017456,0.9739837398373984,0.8943089246749878,0.5925925925925926,0.882703777335984,177.0,195.01303100585938
2022-07-27,0.3594670593738556,0.9447154471544715,0.8991869688034058,0.5608856088560885,0.8860759493670886,227.0,194.2465057373047
2022-07-28,0.3340489864349365,0.9707317073170731,0.8926829099655151,0.5425101214574899,0.8682634730538922,180.0,197.4724578857422
2022-07-29,0.3430032432079315,0.967479674796748,0.8796747922897339,0.5525291828793775,0.8773006134969326,203.0,193.4977264404297
2022-07-30,0.35205188393592834,0.9642276422764228,0.8943089246749878,0.551440329218107,0.8797595190380761,192.0,195.77073669433594
2022-07-31,0.33340948820114136,0.9691056910569106,0.8878048658370972,0.48945147679324896,0.8633663366336634,163.0,195.08477783203125
2022-08-01,0.34408384561538696,0.9642276422764228,0.8813008069992065,0.5551330798479087,0.8891213389121339,203.0,191.06094360351562
2022-08-02,0.3319450914859772,0.9772357723577236,0.8975609540939331,0.5799256505576208,0.8833333333333333,199.0,195.04400634765625
2022-08-03,0.3378651738166809,0.9772357723577236,0.8975609540939331,0.5984251968503937,0.8882113821138211,188.0,194.53863525390625
2022-08-04,0.3431399464607239,0.9577235772357724,0.8975609540939331,0.6007604562737643,0.8868312757201646,201.0,195.79010009765625
2022-08-05,0.34441691637039185,0.959349593495935,0.9170731902122498,0.6285714285714286,0.9,224.0,198.77761840820312
2022-08-06,0.32630228996276855,0.9707317073170731,0.9024389982223511,0.5433070866141733,0.8634538152610441,187.0,199.3073272705078
2022-08-07,0.3245064616203308,0.9723577235772358,0.8861788511276245,0.5891472868217055,0.8927835051546392,190.0,195.94863891601562
2022-08-08,0.34034067392349243,0.9723577235772358,0.9024389982223511,0.5317460317460317,0.8582834331337326,180.0,197.2723846435547
2022-08-09,0.33050188422203064,0.9723577235772358,0.8878048658370972,0.5411764705882353,0.8755102040816326,193.0,195.86602783203125
2022-08-10,0.33391353487968445,0.9691056910569106,0.8975609540939331,0.5096525096525096,0.8594704684317719,173.0,198.4467315673828
2022-08-11,0.33867764472961426,0.9691056910569106,0.8975609540939331,0.5116279069767442,0.863265306122449,194.0,195.00180053710938
2022-08-12,0.3379216492176056,0.959349593495935,0.9024389982223511,0.6245353159851301,0.8977035490605428,213.0,195.60214233398438
2022-08-13,0.35966208577156067,0.9528455284552846,0.9105691313743591,0.5669291338582677,0.8694779116465864,196.0,197.953369140625
2022-08-14,0.31112486124038696,0.9707317073170731,0.8991869688034058,0.5714285714285714,0.8787878787878788,169.0,195.4442596435547
2022-08-15,0.336112916469574,0.9626016260162602,0.9040650129318237,0.5617977528089888,0.8668032786885246,186.0,195.11399841308594
2022-08-16,0.3216714560985565,0.9658536585365853,0.8991869688034058,0.5179282868525896,0.8597194388777555,165.0,195.8217315673828
2022-08-17,0.3118072748184204,0.975609756097561,0.8780487775802612,0.5975103734439834,0.8866799204771372,160.0,192.29177856445312
2022-08-18,0.3387126326560974,0.9642276422764228,0.8813008069992065,0.5490196078431373,0.8704453441295547,184.0,193.9358367919922
2022-08-19,0.3415928781032562,0.959349593495935,0.8845528364181519,0.5833333333333334,0.8806584362139918,203.0,193.728759765625
2022-08-20,0.4192231595516205,0.9414634146341463,0.8731707334518433,0.5343511450381679,0.8739669421487604,250.0,192.68605041503906
2022-08-21,0.3470783233642578,0.967479674796748,0.8975609540939331,0.5403225806451613,0.8628230616302187,184.0,195.66049194335938
2022-08-22,0.34494689106941223,0.9577235772357724,0.8682926893234253,0.532319391634981,0.8810020876826722,195.0,191.9120635986328
2022-08-23,0.3410000801086426,0.9723577235772358,0.8959349393844604,0.5083333333333333,0.8599605522682445,174.0,194.5586700439453
2022-08-24,0.3369247317314148,0.9691056910569106,0.8910568952560425,0.5826771653543307,0.8717434869739479,189.0,192.74107360839844
2022-08-25,0.31719091534614563,0.9577235772357724,0.8829268217086792,0.5928853754940712,0.8864097363083164,189.0,192.03648376464844
2022-08-26,0.3458940088748932,0.9544715447154472,0.8731707334518433,0.629757785467128,0.9045553145336226,237.0,192.79539489746094
2022-08-27,0.3497602343559265,0.9626016260162602,0.8926829099655151,0.5859375,0.8875255623721882,207.0,196.5525360107422
2022-08-28,0.32340654730796814,0.9707317073170731,0.8861788511276245,0.559322033898305,0.869140625,172.0,194.505126953125
2022-08-29,0.317468523979187,0.9691056910569106,0.8715447187423706,0.576,0.8846153846153846,181.0,192.93431091308594
2022-08-30,0.3508300483226776,0.9577235772357724,0.8861788511276245,0.5291828793774319,0.8729508196721312,189.0,193.20944213867188
2022-08-31,0.3480093479156494,0.9609756097560975,0.855284571647644,0.576,0.8882113821138211,204.0,190.29974365234375
2022-09-01,0.3730718791484833,0.9495934959349593,0.8731707334518433,0.624113475177305,0.9092872570194385,246.0,193.81246948242188
2022-09-02,0.3315703272819519,0.967479674796748,0.9056910276412964,0.5900383141762452,0.8795918367346939,191.0,197.47056579589844
2022-09-03,0.3426838219165802,0.9723577235772358,0.8845528364181519,0.555984555984556,0.8824742268041237,204.0,192.93353271484375
2022-09-04,0.3073647618293762,0.9804878048780488,0.8780487775802612,0.5065502183406113,0.8604651162790697,139.0,194.39088439941406
2022-09-05,0.3183056712150574,0.9707317073170731,0.8682926893234253,0.5726495726495726,0.8853754940711462,178.0,188.27841186523438
2022-09-06,0.33453720808029175,0.967479674796748,0.869918704032898,0.5991902834008097,0.8822355289421158,184.0,192.33035278320312
2022-09-07,0.3321710228919983,0.9658536585365853,0.860162615776062,0.5783132530120482,0.8920570264765784,198.0,190.76040649414062
2022-09-08,0.32948604226112366,0.959349593495935,0.8715447187423706,0.6024096385542169,0.8909090909090909,180.0,191.64059448242188
2022-09-09,0.33439356088638306,0.9544715447154472,0.86504065990448,0.5507246376811594,0.8886509635974305,210.0,190.30125427246094
2022-09-10,0.33598434925079346,0.959349593495935,0.8780487775802612,0.5384615384615384,0.869120654396728,178.0,193.24591064453125
2022-09-11,0.3219424784183502,0.975609756097561,0.8666666746139526,0.6381322957198443,0.9072164948453608,202.0,189.87850952148438
2022-09-12,0.3603147864341736,0.967479674796748,0.8845528364181519,0.5691056910569106,0.8745019920318725,194.0,194.66571044921875
2022-09-13,0.31073421239852905,0.9691056910569106,0.8764227628707886,0.5823754789272031,0.8865979381443299,178.0,190.95101928710938
2022-09-14,0.3839661777019501,0.9560975609756097,0.8764227628707886,0.5426356589147286,0.8714285714285714,219.0,192.5511016845703
2022-09-15,0.3626718819141388,0.9577235772357724,0.8813008069992065,0.5348837209302325,0.8658536585365854,214.0,194.2914581298828
2022-09-16,0.3518908619880676,0.9658536585365853,0.8959349393844604,0.6170212765957447,0.89171974522293,234.0,196.89361572265625
2022-09-17,0.3532159924507141,0.9691056910569106,0.9056910276412964,0.6119402985074627,0.8827160493827161,221.0,199.30535888671875
2022-09-18,0.3365026116371155,0.9626016260162602,0.8910568952560425,0.5301204819277109,0.8657314629258517,185.0,198.28640747070312
2022-09-19,0.37060460448265076,0.9463414634146341,0.8796747922897339,0.5669291338582677,0.8800813008130082,210.0,193.9478759765625
2022-09-20,0.3219197988510132,0.959349593495935,0.9024389982223511,0.5647058823529412,0.8674698795180723,181.0,196.00535583496094
2022-09-21,0.3400750160217285,0.9658536585365853,0.8926829099655151,0.6137184115523465,0.8961864406779662,220.0,194.34864807128906
2022-09-22,0.349458783864975,0.9658536585365853,0.9073171019554138,0.587360594795539,0.8744855967078189,206.0,199.11471557617188
2022-09-23,0.35864973068237305,0.9544715447154472,0.9105691313743591,0.5936395759717314,0.879492600422833,228.0,199.0565185546875
2022-09-24,0.32833221554756165,0.9739837398373984,0.9186992049217224,0.5725490196078431,0.8642714570858283,171.0,200.44664001464844
2022-09-25,0.3267724812030792,0.9691056910569106,0.8894308805465698,0.5020576131687243,0.8557312252964426,169.0,194.58822631835938
2022-09-26,0.3202003538608551,0.9626016260162602,0.8829268217086792,0.5725490196078431,0.8712273641851107,174.0,195.69468688964844
2022-09-27,0.3225046396255493,0.975609756097561,0.8829268217086792,0.5537190082644629,0.8661417322834646,156.0,195.1468048095703
2022-09-28,0.3098919689655304,0.9788617886178862,0.8845528364181519,0.5811320754716981,0.8858921161825726,190.0,192.77853393554688
2022-09-29,0.3187597393989563,0.9707317073170731,0.8943089246749878,0.5886792452830188,0.8788501026694046,186.0,195.57510375976562
2022-09-30,0.3229708671569824,0.9658536585365853,0.9008129835128784,0.5823754789272031,0.8793456032719836,186.0,194.58004760742188
2022-10-01,0.3543202877044678,0.959349593495935,0.8780487775802612,0.5842696629213483,0.8968421052631579,226.0,192.79934692382812
2022-10-02,0.3118137717247009,0.9723577235772358,0.8991869688034058,0.5289256198347108,0.8619329388560157,157.0,197.7240447998047
2022-10-03,0.3369099795818329,0.9626016260162602,0.8780487775802612,0.5896414342629482,0.8938775510204081,188.0,192.49676513671875
2022-10-04,0.33822721242904663,0.9707317073170731,0.8829268217086792,0.5619834710743802,0.875,179.0,195.95950317382812
2022-10-05,0.3254815936088562,0.9707317073170731,0.8731707334518433,0.5859375,0.8985507246376812,196.0,194.03219604492188
2022-10-06,0.31906458735466003,0.9788617886178862,0.8796747922897339,0.6008230452674898,0.8846918489065606,162.0,196.3108673095703
2022-10-07,0.37155231833457947,0.9528455284552846,0.8764227628707886,0.6206896551724138,0.9006211180124224,228.0,194.02870178222656
2022-10-08,0.3611624836921692,0.9642276422764228,0.8813008069992065,0.5692307692307692,0.8827160493827161,220.0,198.3829803466797
2022-10-09,0.3057516813278198,0.975609756097561,0.8731707334518433,0.5630252100840336,0.8844621513944223,160.0,198.56277465820312
2022-10-10,0.2933426797389984,0.975609756097561,0.8861788511276245,0.6345381526104418,0.893574297188755,165.0,193.216552734375
2022-10-11,0.3488386571407318,0.9609756097560975,0.8861788511276245,0.632,0.9042769857433809,210.0,193.16380310058594
2022-10-12,0.3326435983181,0.9691056910569106,0.8813008069992065,0.6153846153846154,0.902542372881356,217.0,196.767578125
2022-10-13,0.3398596942424774,0.967479674796748,0.8975609540939331,0.5793650793650794,0.8772635814889336,195.0,198.33775329589844
2022-10-14,0.36052602529525757,0.9495934959349593,0.9008129835128784,0.5882352941176471,0.8973799126637555,242.0,197.93138122558594
2022-10-15,0.3616170883178711,0.9544715447154472,0.8943089246749878,0.5440613026819924,0.8762886597938144,210.0,199.09361267089844
2022-10-16,0.3158652186393738,0.967479674796748,0.9008129835128784,0.5440613026819924,0.8726899383983573,183.0,197.25146484375
2022-10-17,0.3487822711467743,0.9560975609756097,0.8894308805465698,0.5227272727272727,0.8731808731808732,204.0,195.10877990722656
2022-10-18,0.35162144899368286,0.9609756097560975,0.8910568952560425,0.5564516129032258,0.8702594810379242,188.0,198.0290069580078
2022-10-19,0.3494965136051178,0.9642276422764228,0.8943089246749878,0.5291828793774319,0.8729508196721312,198.0,195.52859497070312
2022-10-20,0.36389151215553284,0.9577235772357724,0.8926829099655151,0.5849802371541502,0.8843813387423936,207.0,196.31964111328125
2022-10-21,0.3708922266960144,0.9495934959349593,0.8910568952560425,0.5984848484848485,0.8921161825726142,226.0,198.0093994140625
2022-10-22,0.3479994833469391,0.967479674796748,0.8926829099655151,0.5813953488372093,0.8816326530612245,206.0,196.8797607421875
2022-10-23,0.33860188722610474,0.9739837398373984,0.8959349393844604,0.5371900826446281,0.8622047244094488,173.0,198.47653198242188
2022-10-24,0.3510797619819641,0.9691056910569106,0.8894308805465698,0.5551020408163265,0.8707753479125249,190.0,194.20864868164062
2022-10-25,0.32368966937065125,0.9772357723577236,0.8991869688034058,0.6345381526104418,0.8953722334004024,195.0,196.62362670898438
2022-10-26,0.36470669507980347,0.9528455284552846,0.8975609540939331,0.5384615384615384,0.8799171842650103,210.0,199.2569580078125
2022-10-27,0.3321634829044342,0.9560975609756097,0.8910568952560425,0.6015037593984962,0.8956158663883089,209.0,198.261962890625
2022-10-28,0.3831987679004669,0.9447154471544715,0.9121951460838318,0.6105263157894737,0.8891257995735607,244.0,201.93582153320312
2022-10-29,0.34945473074913025,0.9544715447154472,0.9235772490501404,0.5475285171102662,0.8670756646216768,201.0,203.2953338623047
2022-10-30,0.3230442404747009,0.959349593495935,0.9121951460838318,0.6083650190114068,0.8852459016393442,191.0,201.02772521972656
2022-10-31,0.3419705629348755,0.9658536585365853,0.9154471755027771,0.5942028985507246,0.8734439834024896,199.0,201.42359924316406
2022-11-01,0.3544836640357971,0.9577235772357724,0.9333333373069763,0.684931506849315,0.9038461538461539,244.0,201.08897399902344
2022-11-02,0.36174100637435913,0.9577235772357724,0.9414634108543396,0.5642857142857143,0.8501026694045175,214.0,207.1424102783203
2022-11-03,0.34122318029403687,0.9707317073170731,0.9235772490501404,0.5777777777777777,0.8668032786885246,197.0,204.0811309814453
2022-11-04,0.3418218791484833,0.9723577235772358,0.9365853667259216,0.5734767025089605,0.8577319587628865,201.0,205.04229736328125
2022-11-05,0.35884782671928406,0.959349593495935,0.9138211607933044,0.5401459854014599,0.8504098360655737,207.0,203.8732147216797
2022-11-06,0.32614201307296753,0.975609756097561,0.9284552931785583,0.5714285714285714,0.8536585365853658,187.0,204.86671447753906
2022-11-07,0.35625362396240234,0.9577235772357724,0.934959352016449,0.5415162454873647,0.8445807770961146,192.0,204.09872436523438
2022-11-08,0.38278162479400635,0.9609756097560975,0.934959352016449,0.4485294117647059,0.8244897959183674,198.0,205.32363891601562
2022-11-09,0.360703706741333,0.9626016260162602,0.925203263759613,0.5173745173745173,0.8511066398390342,202.0,202.2596893310547
2022-11-10,0.31755414605140686,0.9788617886178862,0.930081307888031,0.6379928315412187,0.8872651356993737,203.0,203.9213104248047
2022-11-11,0.368149071931839,0.9658536585365853,0.934959352016449,0.5522388059701493,0.8574338085539714,211.0,206.35348510742188
2022-11-12,0.3629836142063141,0.9544715447154472,0.9447154402732849,0.5724381625441696,0.8731501057082452,222.0,203.7542724609375
2022-11-13,0.3442591726779938,0.967479674796748,0.9430894255638123,0.4878048780487805,0.8313953488372093,162.0,205.14842224121094
2022-11-14,0.38110682368278503,0.9495934959349593,0.9170731902122498,0.5627376425855514,0.8765432098765432,215.0,199.191162109375
2022-11-15,0.34875041246414185,0.9642276422764228,0.925203263759613,0.6051660516605166,0.8711656441717791,203.0,203.4212646484375
2022-11-16,0.37758663296699524,0.9512195121951219,0.930081307888031,0.5684931506849316,0.8675213675213675,230.0,203.31747436523438
2022-11-17,0.39298367500305176,0.9560975609756097,0.9414634108543396,0.5480427046263345,0.8598326359832636,233.0,204.30072021484375
2022-11-18,0.3774065673351288,0.9447154471544715,0.9479674696922302,0.5714285714285714,0.8617021276595744,243.0,207.38453674316406
2022-11-19,0.3518025279045105,0.967479674796748,0.9382113814353943,0.5799256505576208,0.8653061224489796,195.0,208.5515899658203
2022-11-20,0.3385108411312103,0.9804878048780488,0.930081307888031,0.587360594795539,0.8655804480651731,196.0,204.814208984375
2022-11-21,0.3819088041782379,0.9609756097560975,0.9414634108543396,0.5074626865671642,0.8434959349593496,209.0,206.24349975585938
2022-11-22,0.34195101261138916,0.9560975609756097,0.9560975432395935,0.5782312925170068,0.861995753715499,209.0,207.04400634765625
2022-11-23,0.38696080446243286,0.9560975609756097,0.9674796462059021,0.5836065573770491,0.8580645161290322,243.0,207.93075561523438
2022-11-24,0.3793965280056,0.9577235772357724,0.9577235579490662,0.5353159851301115,0.8326693227091634,203.0,211.05484008789062
2022-11-25,0.3707934319972992,0.9577235772357724,0.9560975432395935,0.5766423357664233,0.8536585365853658,213.0,207.26255798339844
2022-11-26,0.32105329632759094,0.983739837398374,0.9544715285301208,0.5255474452554745,0.8394308943089431,187.0,206.86244201660156
2022-11-27,0.3254246711730957,0.9804878048780488,0.9430894255638123,0.5040650406504065,0.8385214007782101,146.0,206.73397827148438
2022-11-28,0.34110912680625916,0.9626016260162602,0.9333333373069763,0.5734767025089605,0.859504132231405,202.0,200.46778869628906
2022-11-29,0.34374314546585083,0.9707317073170731,0.9447154402732849,0.5274725274725275,0.8414634146341463,185.0,206.05169677734375
2022-11-30,0.34337952733039856,0.9560975609756097,0.9317073225975037,0.6058394160583942,0.8670756646216768,199.0,201.67343139648438
2022-12-01,0.36048728227615356,0.9560975609756097,0.9398373961448669,0.5964912280701754,0.8718487394957983,217.0,202.8016357421875
2022-12-02,0.3942950963973999,0.9495934959349593,0.9365853667259216,0.5704697986577181,0.8626609442060086,256.0,204.91946411132812
2022-12-03,0.3710797131061554,0.9609756097560975,0.9609755873680115,0.5818181818181818,0.8502024291497976,209.0,208.16798400878906
2022-12-04,0.314166396856308,0.9886178861788618,0.9219512343406677,0.5349794238683128,0.8501945525291829,142.0,205.40228271484375
2022-12-05,0.36317574977874756,0.9577235772357724,0.9235772490501404,0.5433962264150943,0.8559837728194726,197.0,200.8382568359375
2022-12-06,0.35026565194129944,0.9691056910569106,0.9219512343406677,0.5859375,0.8628230616302187,187.0,202.3109588623047
2022-12-07,0.3564559519290924,0.9626016260162602,0.9284552931785583,0.5243445692883895,0.8513238289205702,193.0,201.89227294921875
2022-12-08,0.36648908257484436,0.959349593495935,0.9154471755027771,0.5337837837837838,0.8577586206896551,217.0,201.6607208251953
2022-12-09,0.3541569411754608,0.967479674796748,0.9430894255638123,0.5853658536585366,0.8583333333333333,214.0,204.5149383544922
2022-12-10,0.38351181149482727,0.9447154471544715,0.925203263759613,0.60431654676259,0.8752598752598753,227.0,203.3442840576172
2022-12-11,0.3560184836387634,0.9658536585365853,0.9317073225975037,0.65,0.8838174273858921,211.0,204.37725830078125
2022-12-12,0.37500229477882385,0.9560975609756097,0.9382113814353943,0.5631768953068592,0.8702928870292888,221.0,204.30259704589844
2022-12-13,0.3662373423576355,0.9609756097560975,0.9430894255638123,0.6194029850746269,0.8793456032719836,211.0,205.93789672851562
2022-12-14,0.3774707317352295,0.975609756097561,0.925203263759613,0.5977011494252874,0.8674698795180723,210.0,205.59451293945312
2022-12-15,0.36635830998420715,0.967479674796748,0.9398373961448669,0.5963636363636363,0.8683127572016461,218.0,205.09043884277344
2022-12-16,0.3687628507614136,0.959349593495935,0.9382113814353943,0.6081081081081081,0.8758029978586723,245.0,206.11239624023438
2022-12-17,0.34315791726112366,0.9723577235772358,0.925203263759613,0.6373626373626373,0.8755102040816326,201.0,205.29531860351562
2022-12-18,0.3505314886569977,0.9691056910569106,0.9154471755027771,0.5842696629213483,0.8640973630831643,188.0,204.11248779296875
2022-12-19,0.37472108006477356,0.9544715447154472,0.9365853667259216,0.5894736842105263,0.8679245283018868,218.0,203.5847625732422
2022-12-20,0.36350569128990173,0.9723577235772358,0.9121951460838318,0.5693430656934306,0.8639175257731959,207.0,204.67532348632812
2022-12-21,0.34627050161361694,0.9528455284552846,0.9170731902122498,0.6148148148148148,0.8752556237218814,213.0,203.59957885742188
2022-12-22,0.36956289410591125,0.9544715447154472,0.9024389982223511,0.5714285714285714,0.8723404255319149,231.0,202.93423461914062
2022-12-23,0.40234673023223877,0.943089430894309,0.9382113814353943,0.5901639344262295,0.8733624454148472,268.0,206.04592895507812
2022-12-24,0.39888375997543335,0.9463414634146341,0.9544715285301208,0.5724381625441696,0.8533057851239669,226.0,210.1446075439453
2022-12-25,0.33505523204803467,0.9691056910569106,0.9365853667259216,0.532319391634981,0.845691382765531,165.0,207.11300659179688
2022-12-26,0.3469073176383972,0.9723577235772358,0.9235772490501404,0.5517241379310345,0.852,172.0,204.20962524414062
2022-12-27,0.33423784375190735,0.9788617886178862,0.9430894255638123,0.5363984674329502,0.8429423459244533,166.0,204.17889404296875
2022-12-28,0.35916760563850403,0.9609756097560975,0.9365853667259216,0.5703971119133574,0.8545081967213115,208.0,203.10745239257812
2022-12-29,0.37427660822868347,0.9609756097560975,0.934959352016449,0.5664335664335665,0.8577405857740585,218.0,205.59503173828125
2022-12-30,0.39863061904907227,0.9528455284552846,0.930081307888031,0.6237288135593221,0.8879310344827587,253.0,206.37478637695312
2022-12-31,0.34414032101631165,0.9691056910569106,0.9447154402732849,0.6028368794326241,0.8708333333333333,206.0,208.2305908203125
2023-01-01,0.36648595333099365,0.9642276422764228,0.9317073225975037,0.5266903914590747,0.85,208.0,206.0281982421875
2023-01-02,0.33556127548217773,0.9772357723577236,0.9512194991111755,0.5588235294117647,0.8533604887983707,182.0,208.3818359375
2023-01-03,0.3359401524066925,0.9723577235772358,0.9430894255638123,0.6231884057971014,0.8709016393442623,189.0,206.8450927734375
2023-01-04,0.3873705267906189,0.9463414634146341,0.9447154402732849,0.5870307167235495,0.8736616702355461,241.0,206.7881317138672
2023-01-05,0.36359554529190063,0.9528455284552846,0.9414634108543396,0.5555555555555556,0.8536585365853658,198.0,210.15460205078125
2023-01-06,0.3447229564189911,0.967479674796748,0.9577235579490662,0.6048109965635738,0.8673684210526316,215.0,207.15859985351562
2023-01-07,0.35925808548927307,0.9707317073170731,0.9544715285301208,0.524822695035461,0.8426501035196687,194.0,210.2159881591797
2023-01-08,0.33788520097732544,0.9739837398373984,0.9495934844017029,0.5572519083969466,0.8469184890656064,175.0,206.3076171875
2023-01-09,0.30356380343437195,0.983739837398374,0.9365853667259216,0.6,0.8639175257731959,180.0,204.06065368652344
2023-01-10,0.37119555473327637,0.9560975609756097,0.9577235579490662,0.5693430656934306,0.8464646464646465,211.0,205.82888793945312
2023-01-11,0.3474176228046417,0.9642276422764228,0.9398373961448669,0.6496350364963503,0.8829568788501027,211.0,205.43002319335938
2023-01-12,0.3543761074542999,0.9642276422764228,0.934959352016449,0.5693430656934306,0.8586065573770492,206.0,205.49972534179688
2023-01-13,0.40929266810417175,0.959349593495935,0.9430894255638123,0.6132404181184669,0.879492600422833,261.0,206.06451416015625
2023-01-14,0.35684362053871155,0.9577235772357724,0.9528455138206482,0.5894736842105263,0.8697478991596639,223.0,209.49879455566406
2023-01-15,0.3469305634498596,0.9691056910569106,0.9495934844017029,0.671280276816609,0.9,237.0,208.04672241210938
2023-01-16,0.3562575876712799,0.975609756097561,0.9528455138206482,0.6137184115523465,0.8757763975155279,217.0,209.71182250976562
2023-01-17,0.33888480067253113,0.975609756097561,0.9430894255638123,0.5928853754940712,0.8687872763419483,177.0,207.739013671875
2023-01-18,0.35047534108161926,0.967479674796748,0.9235772490501404,0.5813953488372093,0.8727272727272727,200.0,205.41513061523438
2023-01-19,0.3251173794269562,0.9804878048780488,0.9203252196311951,0.5555555555555556,0.866,173.0,206.94952392578125
2023-01-20,0.360474169254303,0.9560975609756097,0.934959352016449,0.624113475177305,0.8863157894736842,234.0,203.91680908203125
2023-01-21,0.33679258823394775,0.9707317073170731,0.9430894255638123,0.5779467680608364,0.8699186991869918,196.0,206.27273559570312
2023-01-22,0.34530961513519287,0.9691056910569106,0.9219512343406677,0.5296442687747036,0.8545816733067729,174.0,202.77330017089844
2023-01-23,0.375566303730011,0.9577235772357724,0.9203252196311951,0.5925925925925926,0.8799171842650103,228.0,199.65541076660156
2023-01-24,0.35214775800704956,0.967479674796748,0.9382113814353943,0.5746268656716418,0.8742268041237113,205.0,207.04281616210938
2023-01-25,0.3781164288520813,0.9658536585365853,0.9170731902122498,0.5886792452830188,0.8806584362139918,224.0,205.13043212890625
2023-01-26,0.3440786302089691,0.959349593495935,0.9317073225975037,0.6071428571428571,0.8842105263157894,224.0,207.809814453125
2023-01-27,0.39803919196128845,0.943089430894309,0.930081307888031,0.6202090592334495,0.892933618843683,257.0,210.09043884277344
2023-01-28,0.34973230957984924,0.9658536585365853,0.9284552931785583,0.5396825396825397,0.8637274549098196,193.0,208.79856872558594
2023-01-29,0.3226490914821625,0.9739837398373984,0.9284552931785583,0.5577689243027888,0.8662674650698603,178.0,205.8147430419922
2023-01-30,0.3396584093570709,0.9577235772357724,0.934959352016449,0.6181818181818182,0.8854166666666666,209.0,204.99264526367188
2023-01-31,0.3294352889060974,0.9739837398373984,0.9365853667259216,0.5671641791044776,0.8721649484536083,202.0,206.9322052001953
2023-02-01,0.33166971802711487,0.9691056910569106,0.9365853667259216,0.6273062730627307,0.8863636363636364,213.0,207.0189208984375
2023-02-02,0.3433884084224701,0.9723577235772358,0.9382113814353943,0.6344827586206897,0.896774193548387,233.0,207.62342834472656
2023-02-03,0.3441976010799408,0.9658536585365853,0.934959352016449,0.5766423357664233,0.8786610878661087,215.0,209.84902954101562
2023-02-04,0.34891262650489807,0.9577235772357724,0.9317073225975037,0.555984555984556,0.8699186991869918,192.0,207.9659881591797
2023-02-05,0.3542424440383911,0.959349593495935,0.9382113814353943,0.5411764705882353,0.8631790744466801,194.0,206.76693725585938
2023-02-06,0.34004464745521545,0.9707317073170731,0.9382113814353943,0.5647058823529412,0.8727272727272727,190.0,207.19406127929688
2023-02-07,0.34138351678848267,0.9772357723577236,0.930081307888031,0.5603112840466926,0.8617234468937875,182.0,207.4622039794922
2023-02-08,0.34458959102630615,0.975609756097561,0.9186992049217224,0.5603112840466926,0.8722109533468559,188.0,204.54379272460938
2023-02-09,0.3375342786312103,0.9658536585365853,0.9268292784690857,0.5660377358490566,0.8744855967078189,195.0,205.810302734375
2023-02-10,0.3843781650066376,0.9495934959349593,0.9382113814353943,0.5480427046263345,0.8652631578947368,239.0,206.18170166015625
2023-02-11,0.37125322222709656,0.9528455284552846,0.9414634108543396,0.5488721804511278,0.8647540983606558,220.0,208.1293182373047
2023-02-12,0.34832361340522766,0.9723577235772358,0.934959352016449,0.5645161290322581,0.8687872763419483,189.0,206.6942596435547
2023-02-13,0.3056996166706085,0.983739837398374,0.9154471755027771,0.6567164179104478,0.8987603305785123,185.0,202.94554138183594
2023-02-14,0.36568257212638855,0.9642276422764228,0.9154471755027771,0.631578947368421,0.8964803312629399,228.0,202.92039489746094
2023-02-15,0.3531157970428467,0.9691056910569106,0.9284552931785583,0.544,0.8694779116465864,191.0,206.22218322753906
2023-02-16,0.36155274510383606,0.959349593495935,0.9154471755027771,0.549800796812749,0.8747474747474747,203.0,204.3763427734375
2023-02-17,0.3920687437057495,0.9544715447154472,0.934959352016449,0.6132404181184669,0.8888888888888888,255.0,206.57485961914062
2023-02-18,0.34142249822616577,0.9609756097560975,0.9333333373069763,0.6056338028169014,0.8816067653276956,221.0,209.33013916015625
2023-02-19,0.3443217873573303,0.9739837398373984,0.934959352016449,0.5863453815261044,0.8727634194831014,181.0,208.64932250976562
2023-02-20,0.3113805651664734,0.9804878048780488,0.9186992049217224,0.5658914728682171,0.8775510204081632,177.0,205.240234375
2023-02-21,0.35022005438804626,0.9658536585365853,0.9186992049217224,0.5296442687747036,0.8631790744466801,185.0,205.91436767578125
2023-02-22,0.33463165163993835,0.9739837398373984,0.9219512343406677,0.6538461538461539,0.8906882591093117,201.0,203.48367309570312
2023-02-23,0.3334571123123169,0.967479674796748,0.9186992049217224,0.6083650190114068,0.8907216494845361,209.0,205.64334106445312
2023-02-24,0.3571893572807312,0.9577235772357724,0.9268292784690857,0.6142857142857143,0.8919491525423728,236.0,206.0821075439453
2023-02-25,0.3360830545425415,0.967479674796748,0.925203263759613,0.5363984674329502,0.8635437881873728,179.0,206.56138610839844
2023-02-26,0.32872292399406433,0.9772357723577236,0.9056910276412964,0.5943775100401606,0.8817635270541082,188.0,201.90675354003906
2023-02-27,0.3612762987613678,0.9626016260162602,0.9203252196311951,0.5247148288973384,0.8539553752535497,196.0,205.15493774414062
2023-02-28,0.3612233102321625,0.9544715447154472,0.9121951460838318,0.5692307692307692,0.8755102040816326,191.0,204.08865356445312
2023-03-01,0.34112563729286194,0.9560975609756097,0.8959349393844604,0.5777777777777777,0.8794178794178794,208.0,201.9632568359375
2023-03-02,0.34880295395851135,0.9577235772357724,0.9089431166648865,0.5808823529411765,0.8828451882845189,216.0,204.17889404296875
2023-03-03,0.3511313199996948,0.9642276422764228,0.9186992049217224,0.6137184115523465,0.8886554621848739,222.0,204.2255401611328
2023-03-04,0.3445846438407898,0.9658536585365853,0.9365853667259216,0.5367647058823529,0.8559670781893004,197.0,205.85372924804688
2023-03-05,0.33046016097068787,0.9691056910569106,0.9235772490501404,0.5396825396825397,0.8585657370517928,165.0,203.3125
2023-03-06,0.35976946353912354,0.9544715447154472,0.9073171019554138,0.5588235294117647,0.8621399176954733,205.0,201.12838745117188
2023-03-07,0.32869598269462585,0.975609756097561,0.9186992049217224,0.556390977443609,0.8562753036437247,173.0,204.72288513183594
2023-03-08,0.335317999124527,0.9658536585365853,0.9138211607933044,0.5799256505576208,0.8706365503080082,185.0,201.76158142089844
2023-03-09,0.34769704937934875,0.9642276422764228,0.9121951460838318,0.5830258302583026,0.8721649484536083,209.0,201.74398803710938
2023-03-10,0.38648831844329834,0.9414634146341463,0.9219512343406677,0.5933333333333334,0.8820960698689956,257.0,204.4978790283203
2023-03-11,0.32606783509254456,0.9788617886178862,0.9235772490501404,0.5735849056603773,0.8554216867469879,178.0,207.42083740234375
2023-03-12,0.3243288993835449,0.9707317073170731,0.8975609540939331,0.5734767025089605,0.8702928870292888,189.0,203.38186645507812
2023-03-13,0.3380448520183563,0.9723577235772358,0.930081307888031,0.5931558935361216,0.8651911468812877,178.0,204.01168823242188
2023-03-14,0.3113290071487427,0.9739837398373984,0.9154471755027771,0.5891472868217055,0.8694779116465864,176.0,201.11691284179688
2023-03-15,0.33343714475631714,0.9691056910569106,0.9138211607933044,0.5588235294117647,0.8621399176954733,193.0,200.16627502441406
2023-03-16,0.35774853825569153,0.9544715447154472,0.9219512343406677,0.5543071161048689,0.854251012145749,196.0,202.54055786132812
2023-03-17,0.3382915258407593,0.967479674796748,0.9138211607933044,0.6021505376344086,0.8823529411764706,210.0,202.33395385742188
2023-03-18,0.3353193700313568,0.9658536585365853,0.934959352016449,0.5745454545454546,0.8621399176954733,194.0,202.3865203857422
2023-03-19,0.32832637429237366,0.9707317073170731,0.9121951460838318,0.5823754789272031,0.8704453441295547,182.0,200.49461364746094
2023-03-20,0.37473198771476746,0.9479674796747968,0.9024389982223511,0.5977859778597786,0.8872651356993737,233.0,198.79403686523438
2023-03-21,0.334894061088562,0.9739837398373984,0.9219512343406677,0.5833333333333334,0.8663967611336032,186.0,204.24998474121094
2023-03-22,0.32622677087783813,0.967479674796748,0.9121951460838318,0.623574144486692,0.8839103869653768,190.0,199.57467651367188
2023-03-23,0.3336210250854492,0.9739837398373984,0.9186992049217224,0.5238095238095238,0.8562874251497006,169.0,202.60791015625
2023-03-24,0.3444232940673828,0.9723577235772358,0.9073171019554138,0.5373134328358209,0.8657024793388429,193.0,199.68130493164062
2023-03-25,0.3179590404033661,0.9772357723577236,0.9024389982223511,0.584,0.876,173.0,198.5685577392578
2023-03-26,0.32739371061325073,0.9707317073170731,0.8943089246749878,0.5627376425855514,0.8658536585365854,177.0,197.8721466064453
2023-03-27,0.3188997209072113,0.9804878048780488,0.8894308805465698,0.5118110236220472,0.8571428571428571,164.0,197.9788055419922
2023-03-28,0.33916810154914856,0.9658536585365853,0.8878048658370972,0.5590551181102362,0.8744939271255061,186.0,196.30783081054688
2023-03-29,0.34120091795921326,0.967479674796748,0.8894308805465698,0.6083650190114068,0.8870636550308009,198.0,197.6908416748047
2023-03-30,0.3370765149593353,0.9691056910569106,0.8910568952560425,0.5475285171102662,0.8742268041237113,197.0,197.627685546875
2023-03-31,0.3604593575000763,0.9544715447154472,0.8894308805465698,0.5949820788530465,0.8821052631578947,225.0,197.58218383789062
2023-04-01,0.33300167322158813,0.9788617886178862,0.8845528364181519,0.6086956521739131,0.8924050632911392,209.0,198.4384765625
2023-04-02,0.320925235748291,0.9723577235772358,0.8861788511276245,0.5725806451612904,0.8725099601593626,174.0,199.09747314453125
2023-04-03,0.33459994196891785,0.9642276422764228,0.8796747922897339,0.536,0.8605577689243028,170.0,195.13319396972656
2023-04-04,0.34314656257629395,0.9707317073170731,0.8813008069992065,0.5196850393700787,0.8591549295774648,176.0,195.0794677734375
2023-04-05,0.3307666778564453,0.9691056910569106,0.8520325422286987,0.5179282868525896,0.8614457831325302,173.0,195.0718994140625
2023-04-06,0.346440851688385,0.967479674796748,0.8747967481613159,0.5287356321839081,0.8668032786885246,195.0,194.38229370117188
2023-04-07,0.3394352197647095,0.9723577235772358,0.8813008069992065,0.5846153846153846,0.8760162601626016,194.0,195.74635314941406
2023-04-08,0.31978899240493774,0.9723577235772358,0.86504065990448,0.5914396887159533,0.8803245436105477,187.0,194.03712463378906
2023-04-09,0.31812581419944763,0.9707317073170731,0.8731707334518433,0.5679012345679012,0.8732673267326733,169.0,194.48333740234375
2023-04-10,0.32299551367759705,0.9658536585365853,0.8682926893234253,0.546875,0.8737270875763747,176.0,191.6441650390625
2023-04-11,0.34030309319496155,0.9626016260162602,0.8617886304855347,0.4595744680851064,0.8410852713178295,163.0,192.0130615234375
2023-04-12,0.348016619682312,0.9577235772357724,0.8666666746139526,0.5900383141762452,0.8813905930470347,208.0,190.05123901367188
2023-04-13,0.32159700989723206,0.9658536585365853,0.8796747922897339,0.5811320754716981,0.8714285714285714,187.0,192.8026123046875
2023-04-14,0.3496478199958801,0.9495934959349593,0.8764227628707886,0.6014492753623188,0.8773388773388774,217.0,192.29083251953125
2023-04-15,0.3168451189994812,0.9772357723577236,0.8894308805465698,0.5612648221343873,0.8625498007968128,169.0,193.84890747070312
2023-04-16,0.2903684973716736,0.9821138211382113,0.8764227628707886,0.5617021276595745,0.861003861003861,137.0,191.50015258789062
2023-04-17,0.32926326990127563,0.9626016260162602,0.8715447187423706,0.5864661654135338,0.8767967145790554,192.0,187.7834014892578
2023-04-18,0.3330667018890381,0.967479674796748,0.8861788511276245,0.5378787878787878,0.854251012145749,180.0,190.1338653564453
2023-04-19,0.3383016586303711,0.9479674796747968,0.8634146451950073,0.6,0.891213389121339,212.0,187.06234741210938
2023-04-20,0.33796024322509766,0.9691056910569106,0.8813008069992065,0.5779467680608364,0.8770491803278688,196.0,190.7264862060547
2023-04-21,0.34868618845939636,0.9658536585365853,0.8682926893234253,0.5494505494505495,0.8633540372670807,199.0,190.46453857421875
2023-04-22,0.34049469232559204,0.967479674796748,0.8682926893234253,0.544,0.8625498007968128,184.0,190.23001098632812
2023-04-23,0.30540043115615845,0.975609756097561,0.8813008069992065,0.5577689243027888,0.8662674650698603,161.0,190.6355438232422
2023-04-24,0.33402714133262634,0.9723577235772358,0.86504065990448,0.5447470817120622,0.8699186991869918,177.0,188.66510009765625
2023-04-25,0.3216828405857086,0.967479674796748,0.869918704032898,0.5403225806451613,0.8628230616302187,163.0,187.88156127929688
2023-04-26,0.34777212142944336,0.9609756097560975,0.869918704032898,0.5296442687747036,0.8631790744466801,190.0,187.28176879882812
2023-04-27,0.3467744290828705,0.9577235772357724,0.86504065990448,0.5525291828793775,0.8719512195121951,200.0,189.1562957763672
2023-04-28,0.3657572567462921,0.9626016260162602,0.8780487775802612,0.5672727272727273,0.88,220.0,190.12655639648438
2023-04-29,0.3103148937225342,0.9691056910569106,0.8731707334518433,0.5568627450980392,0.8654618473895582,163.0,190.3326416015625
2023-04-30,0.32060202956199646,0.9788617886178862,0.8634146451950073,0.5483870967741935,0.87,171.0,186.18553161621094
2023-05-01,0.33718782663345337,0.9544715447154472,0.8666666746139526,0.5735849056603773,0.8893528183716075,200.0,187.39353942871094
2023-05-02,0.3583567142486572,0.967479674796748,0.86504065990448,0.47346938775510206,0.8577154308617234,175.0,188.55734252929688
2023-05-03,0.31161510944366455,0.9723577235772358,0.8585366010665894,0.5862068965517241,0.8860510805500982,156.0,184.80039978027344
2023-05-04,0.3357134759426117,0.9626016260162602,0.860162615776062,0.5803921568627451,0.891170431211499,195.0,186.10247802734375
2023-05-05,0.33681443333625793,0.9609756097560975,0.8747967481613159,0.49808429118773945,0.8586065573770492,188.0,189.85598754882812
2023-05-06,0.3090997338294983,0.975609756097561,0.8731707334518433,0.551440329218107,0.871031746031746,161.0,187.70849609375
2023-05-07,0.32759493589401245,0.9739837398373984,0.8813008069992065,0.5432098765432098,0.8690476190476191,176.0,186.11314392089844
2023-05-08,0.3032863736152649,0.9821138211382113,0.8666666746139526,0.4796747967479675,0.852589641434263,152.0,186.78372192382812
2023-05-09,0.29117894172668457,0.9821138211382113,0.855284571647644,0.5315315315315315,0.8692307692307693,138.0,184.33421325683594
2023-05-10,0.327699214220047,0.9609756097560975,0.8585366010665894,0.5853658536585366,0.8945233265720081,191.0,183.42831420898438
2023-05-11,0.3202578127384186,0.9626016260162602,0.86504065990448,0.4957983193277311,0.8616600790513834,151.0,187.19305419921875
2023-05-12,0.32715940475463867,0.959349593495935,0.8569105863571167,0.5779467680608364,0.9010526315789473,204.0,181.7282257080078
2023-05-13,0.3288588523864746,0.967479674796748,0.860162615776062,0.5355648535564853,0.8782435129740519,182.0,184.8139190673828
2023-05-14,0.3157404065132141,0.975609756097561,0.8634146451950073,0.5232067510548524,0.8782435129740519,165.0,185.39540100097656
2023-05-15,0.3121900260448456,0.9723577235772358,0.8585366010665894,0.5508474576271186,0.8809523809523809,164.0,184.52377319335938
2023-05-16,0.31255894899368286,0.975609756097561,0.8634146451950073,0.5021645021645021,0.8666666666666667,157.0,184.5270233154297
2023-05-17,0.3244490921497345,0.9642276422764228,0.855284571647644,0.5795918367346938,0.8945233265720081,186.0,181.95248413085938
2023-05-18,0.30729061365127563,0.983739837398374,0.8585366010665894,0.5665236051502146,0.8853754940711462,160.0,183.02198791503906
2023-05-19,0.3346618711948395,0.9609756097560975,0.8357723355293274,0.5477178423236515,0.8924949290060852,187.0,181.51602172851562
2023-05-20,0.33975404500961304,0.9609756097560975,0.8341463208198547,0.4933920704845815,0.8774703557312253,170.0,180.8566436767578
2023-05-21,0.3362962603569031,0.9691056910569106,0.8308942914009094,0.5191489361702127,0.882,182.0,179.3109893798828
2023-05-22,0.3166515827178955,0.9691056910569106,0.842276394367218,0.5327510917030568,0.8869047619047619,169.0,180.51815795898438
2023-05-23,0.3252469301223755,0.959349593495935,0.8455284833908081,0.5128205128205128,0.8837675350701403,170.0,180.60336303710938
2023-05-24,0.3309933543205261,0.9642276422764228,0.8341463208198547,0.5531914893617021,0.8971774193548387,180.0,180.16461181640625
2023-05-25,0.3126825988292694,0.9723577235772358,0.8373983502388,0.5665236051502146,0.9014084507042254,176.0,180.07595825195312
2023-05-26,0.3646860122680664,0.9414634146341463,0.842276394367218,0.5703125,0.9133192389006343,232.0,179.53562927246094
2023-05-27,0.3206227421760559,0.9691056910569106,0.8617886304855347,0.5677966101694916,0.89738430583501,181.0,183.8223114013672
2023-05-28,0.36525759100914,0.9528455284552846,0.8455284833908081,0.45689655172413796,0.8772635814889336,191.0,180.67410278320312
2023-05-29,0.33179789781570435,0.9609756097560975,0.8520325422286987,0.48214285714285715,0.8708414872798435,157.0,180.81854248046875
2023-05-30,0.3087083697319031,0.9707317073170731,0.8455284833908081,0.5964912280701754,0.8974358974358975,173.0,177.85885620117188
2023-05-31,0.32652127742767334,0.9691056910569106,0.8406503796577454,0.5294117647058824,0.8870967741935484,187.0,179.02401733398438
2023-06-01,0.37810221314430237,0.9382113821138212,0.8569105863571167,0.5303030303030303,0.8995726495726496,234.0,180.78314208984375
2023-06-02,0.3367467224597931,0.9560975609756097,0.8731707334518433,0.5491803278688525,0.8866396761133604,192.0,183.13201904296875
2023-06-03,0.3146374821662903,0.9723577235772358,0.8487805128097534,0.5232067510548524,0.8888888888888888,174.0,180.96287536621094
2023-06-04,0.32222676277160645,0.967479674796748,0.8569105863571167,0.5485232067510548,0.878968253968254,171.0,182.5686798095703
2023-06-05,0.320276141166687,0.9691056910569106,0.8617886304855347,0.5652173913043478,0.8910891089108911,175.0,179.59463500976562
2023-06-06,0.33215785026550293,0.9609756097560975,0.8715447187423706,0.5551330798479087,0.8928571428571429,192.0,182.44549560546875
2023-06-07,0.3297117054462433,0.959349593495935,0.8682926893234253,0.5447154471544715,0.8808080808080808,179.0,183.32901000976562
2023-06-08,0.33320075273513794,0.9691056910569106,0.869918704032898,0.6007905138339921,0.8975409836065574,195.0,183.26654052734375
2023-06-09,0.37055251002311707,0.943089430894309,0.8682926893234253,0.5149253731343284,0.8776371308016878,213.0,186.04574584960938
2023-06-10,0.3192773461341858,0.9658536585365853,0.8715447187423706,0.56,0.8841463414634146,178.0,185.1212921142578
2023-06-11,0.3144603371620178,0.9788617886178862,0.8569105863571167,0.5569620253164557,0.8809523809523809,165.0,183.93258666992188
2023-06-12,0.35056573152542114,0.967479674796748,0.8617886304855347,0.5677966101694916,0.8796844181459567,175.0,183.2188720703125
2023-06-13,0.3168041706085205,0.9739837398373984,0.8617886304855347,0.5537190082644629,0.8747514910536779,166.0,183.28709411621094
2023-06-14,0.3158654272556305,0.967479674796748,0.860162615776062,0.5590551181102362,0.8816326530612245,173.0,183.55079650878906
2023-06-15,0.35426202416419983,0.9658536585365853,0.8666666746139526,0.5546875,0.8902691511387164,213.0,183.80133056640625
2023-06-16,0.35539865493774414,0.959349593495935,0.8780487775802612,0.5587044534412956,0.8792756539235412,189.0,187.6707763671875
2023-06-17,0.3622942566871643,0.959349593495935,0.8845528364181519,0.5348837209302325,0.8658536585365854,212.0,186.26321411132812
2023-06-18,0.3351774513721466,0.9691056910569106,0.8796747922897339,0.5506072874493927,0.8755020080321285,182.0,189.59286499023438
2023-06-19,0.30923762917518616,0.9691056910569106,0.8991869688034058,0.5725806451612904,0.8848484848484849,173.0,185.81927490234375
2023-06-20,0.3406624495983124,0.9626016260162602,0.8813008069992065,0.5482625482625483,0.8877338877338877,194.0,187.03244018554688
2023-06-21,0.34539368748664856,0.9577235772357724,0.8926829099655151,0.5118110236220472,0.8676171079429735,180.0,187.99209594726562
2023-06-22,0.3464239537715912,0.9691056910569106,0.8845528364181519,0.6007604562737643,0.8941908713692946,212.0,186.6998291015625
2023-06-23,0.3681861162185669,0.9512195121951219,0.9105691313743591,0.5917602996254682,0.8840579710144928,225.0,192.02297973632812
2023-06-24,0.3382256329059601,0.9707317073170731,0.9056910276412964,0.5171102661596958,0.8641975308641975,189.0,191.76821899414062
2023-06-25,0.3373251259326935,0.9739837398373984,0.8975609540939331,0.4959349593495935,0.8548707753479126,173.0,189.30726623535156
2023-06-26,0.31598588824272156,0.9707317073170731,0.9008129835128784,0.609375,0.8846153846153846,178.0,188.36492919921875
2023-06-27,0.33606424927711487,0.9609756097560975,0.8991869688034058,0.4961832061068702,0.8618556701030928,177.0,189.89743041992188
2023-06-28,0.3458515703678131,0.9658536585365853,0.8845528364181519,0.5603112840466926,0.8847736625514403,196.0,188.8732147216797
2023-06-29,0.35731241106987,0.9560975609756097,0.9024389982223511,0.6031746031746031,0.8977505112474438,212.0,192.37945556640625
2023-06-30,0.3482801914215088,0.9658536585365853,0.8943089246749878,0.5671641791044776,0.8980891719745223,222.0,192.0029296875
2023-07-01,0.3793185353279114,0.9544715447154472,0.9138211607933044,0.5441696113074205,0.8758029978586723,236.0,194.15875244140625
2023-07-02,0.3402903378009796,0.967479674796748,0.9268292784690857,0.5134099616858238,0.8574338085539714,179.0,196.21444702148438
2023-07-03,0.3664299249649048,0.9544715447154472,0.9089431166648865,0.5360824742268041,0.8758169934640523,234.0,192.27354431152344
2023-07-04,0.34962838888168335,0.9642276422764228,0.9235772490501404,0.5287356321839081,0.8528225806451613,183.0,197.9182891845703
2023-07-05,0.35250818729400635,0.967479674796748,0.9284552931785583,0.5620437956204379,0.8781512605042017,209.0,194.25433349609375
2023-07-06,0.32787519693374634,0.9772357723577236,0.9317073225975037,0.6451612903225806,0.883399209486166,173.0,197.18878173828125
2023-07-07,0.339878648519516,0.9658536585365853,0.9203252196311951,0.5963636363636363,0.8828451882845189,209.0,195.41285705566406
2023-07-08,0.3268895745277405,0.9853658536585366,0.9284552931785583,0.5714285714285714,0.8655804480651731,175.0,197.19512939453125
2023-07-09,0.3358990550041199,0.9788617886178862,0.9154471755027771,0.5533596837944664,0.8622754491017964,170.0,194.65704345703125
2023-07-10,0.33375829458236694,0.9691056910569106,0.9073171019554138,0.6039215686274509,0.8882113821138211,194.0,194.94049072265625
2023-07-11,0.33320197463035583,0.9691056910569106,0.9284552931785583,0.5735849056603773,0.8765432098765432,192.0,197.68792724609375
2023-07-12,0.39349573850631714,0.9414634146341463,0.9186992049217224,0.5454545454545454,0.8641188959660298,234.0,197.45654296875
2023-07-13,0.3446279764175415,0.9626016260162602,0.9430894255638123,0.5915492957746479,0.8645833333333334,199.0,200.51051330566406
2023-07-14,0.38558611273765564,0.9479674796747968,0.9430894255638123,0.6323024054982818,0.8757894736842106,242.0,200.25543212890625
2023-07-15,0.3518454432487488,0.9658536585365853,0.9512194991111755,0.5963636363636363,0.8791666666666667,202.0,204.1669158935547
2023-07-16,0.3374134600162506,0.967479674796748,0.9479674696922302,0.5909090909090909,0.8597194388777555,183.0,201.30307006835938
2023-07-17,0.3518379330635071,0.9642276422764228,0.9398373961448669,0.5421245421245421,0.8542094455852156,201.0,201.13247680664062
2023-07-18,0.33372756838798523,0.9626016260162602,0.9430894255638123,0.6327272727272727,0.8786008230452675,199.0,203.67726135253906
2023-07-19,0.34449055790901184,0.9707317073170731,0.9447154402732849,0.5096525096525096,0.845691382765531,179.0,203.71453857421875
2023-07-20,0.3354237675666809,0.967479674796748,0.9463414549827576,0.6308243727598566,0.8814968814968815,207.0,201.75198364257812
2023-07-21,0.3732137680053711,0.9642276422764228,0.9609755873680115,0.6137931034482759,0.8827292110874201,236.0,203.50723266601562
2023-07-22,0.3286157250404358,0.9788617886178862,0.9658536314964294,0.5692883895131086,0.8600405679513184,182.0,204.88394165039062
2023-07-23,0.3368307054042816,0.967479674796748,0.934959352016449,0.6373626373626373,0.8863636363636364,201.0,201.74053955078125
2023-07-24,0.36523669958114624,0.9577235772357724,0.9512194991111755,0.5461538461538461,0.8571428571428571,191.0,204.9583282470703
2023-07-25,0.34853091835975647,0.9691056910569106,0.9463414549827576,0.5612648221343873,0.8608349900596421,175.0,202.41748046875
2023-07-26,0.34092992544174194,0.9723577235772358,0.9398373961448669,0.6363636363636364,0.8823529411764706,187.0,200.48272705078125
2023-07-27,0.32714369893074036,0.975609756097561,0.9463414549827576,0.5878136200716846,0.8744769874476988,199.0,201.72767639160156
2023-07-28,0.3459929823875427,0.9788617886178862,0.9577235579490662,0.6099290780141844,0.8747390396659708,216.0,203.9280548095703
2023-07-29,0.33672741055488586,0.9723577235772358,0.9593495726585388,0.5864661654135338,0.8714285714285714,198.0,204.11122131347656
2023-07-30,0.3357497453689575,0.9723577235772358,0.9430894255638123,0.5836575875486382,0.8642714570858283,180.0,202.69027709960938
2023-07-31,0.34183308482170105,0.9723577235772358,0.9284552931785583,0.5789473684210527,0.8711656441717791,198.0,200.15695190429688
2023-08-01,0.3829287588596344,0.959349593495935,0.9333333373069763,0.5591397849462365,0.8752642706131079,239.0,200.7707977294922
2023-08-02,0.33914709091186523,0.9723577235772358,0.9398373961448669,0.4838709677419355,0.8405511811023622,151.0,203.47914123535156
2023-08-03,0.35526734590530396,0.959349593495935,0.9170731902122498,0.464,0.846,168.0,195.87960815429688
2023-08-04,0.38053470849990845,0.9512195121951219,0.9317073225975037,0.5955882352941176,0.8833333333333333,233.0,197.4932098388672
2023-08-05,0.39066165685653687,0.9479674796747968,0.9317073225975037,0.5535055350553506,0.8729166666666667,226.0,201.70562744140625
2023-08-06,0.3515287935733795,0.967479674796748,0.934959352016449,0.5217391304347826,0.856,184.0,201.73040771484375
2023-08-07,0.36124926805496216,0.9560975609756097,0.9317073225975037,0.5886792452830188,0.8842975206611571,206.0,199.75048828125
2023-08-08,0.3545006215572357,0.959349593495935,0.934959352016449,0.5947955390334573,0.8819875776397516,204.0,202.1719970703125
2023-08-09,0.3148781955242157,0.975609756097561,0.9333333373069763,0.5945945945945946,0.8747474747474747,170.0,200.0214385986328
2023-08-10,0.35853156447410583,0.959349593495935,0.9284552931785583,0.6086956521739131,0.8886554621848739,226.0,198.27059936523438
2023-08-11,0.3619705140590668,0.9544715447154472,0.9447154402732849,0.5858585858585859,0.869098712446352,231.0,202.68972778320312
2023-08-12,0.33826929330825806,0.9691056910569106,0.9414634108543396,0.5514705882352942,0.847870182555781,188.0,202.10540771484375
2023-08-13,0.34657248854637146,0.9658536585365853,0.9121951460838318,0.5551020408163265,0.8707753479125249,189.0,198.49197387695312
2023-08-14,0.3369664251804352,0.9691056910569106,0.9186992049217224,0.5587044534412956,0.8687872763419483,187.0,199.94894409179688
2023-08-15,0.351101279258728,0.9707317073170731,0.9284552931785583,0.5789473684210527,0.8676171079429735,209.0,200.047119140625
2023-08-16,0.32742878794670105,0.9658536585365853,0.930081307888031,0.5724907063197026,0.8721649484536083,190.0,199.5061798095703
2023-08-17,0.3681926727294922,0.9642276422764228,0.9317073225975037,0.5693950177935944,0.8697478991596639,214.0,199.8391571044922
2023-08-18,0.4180854558944702,0.9382113821138212,0.9430894255638123,0.6169491525423729,0.8838709677419355,267.0,201.47885131835938
2023-08-19,0.38330063223838806,0.9544715447154472,0.9447154402732849,0.55,0.8565488565488566,229.0,204.7705535888672
2023-08-20,0.32236558198928833,0.9691056910569106,0.9398373961448669,0.5263157894736842,0.8464646464646465,172.0,203.26922607421875
2023-08-21,0.3492763936519623,0.9707317073170731,0.9333333373069763,0.5682656826568265,0.8627049180327869,201.0,199.996337890625
2023-08-22,0.3180079758167267,0.9788617886178862,0.9398373961448669,0.5234375,0.841897233201581,159.0,202.16693115234375
2023-08-23,0.3455420136451721,0.967479674796748,0.9398373961448669,0.5593869731800766,0.8591549295774648,181.0,199.2032012939453
2023-08-24,0.3455356955528259,0.959349593495935,0.9203252196311951,0.6142857142857143,0.8863157894736842,218.0,200.10247802734375
2023-08-25,0.3916865885257721,0.9414634146341463,0.9284552931785583,0.5226480836236934,0.8574468085106383,236.0,202.93710327148438
2023-08-26,0.34405675530433655,0.9723577235772358,0.9495934844017029,0.5770750988142292,0.8665338645418327,184.0,203.66944885253906
2023-08-27,0.34761929512023926,0.959349593495935,0.9170731902122498,0.6394052044609665,0.9,231.0,200.5045928955078
2023-08-28,0.3487689793109894,0.9739837398373984,0.9528455138206482,0.532319391634981,0.854251012145749,182.0,207.2847900390625
2023-08-29,0.31935811042785645,0.9723577235772358,0.9365853667259216,0.5393258426966292,0.8553971486761711,171.0,200.28233337402344
2023-08-30,0.3580150604248047,0.9609756097560975,0.9089431166648865,0.5363984674329502,0.8617886178861789,199.0,198.2104034423828
2023-08-31,0.3816399872303009,0.9544715447154472,0.9284552931785583,0.5509433962264151,0.8668032786885246,219.0,201.34521484375
2023-09-01,0.38929489254951477,0.9528455284552846,0.9430894255638123,0.62,0.8908296943231441,270.0,204.9564208984375
2023-09-02,0.393392413854599,0.9528455284552846,0.9560975432395935,0.5428571428571428,0.85625,234.0,209.82666015625
2023-09-03,0.3700609803199768,0.9609756097560975,0.9463414549827576,0.5755395683453237,0.8651452282157677,217.0,205.56224060058594
2023-09-04,0.3322453200817108,0.9772357723577236,0.9528455138206482,0.5247148288973384,0.8487903225806451,173.0,206.30194091796875
2023-09-05,0.35975801944732666,0.9577235772357724,0.9268292784690857,0.5093632958801498,0.8455284552845529,195.0,203.15914916992188
2023-09-06,0.34972041845321655,0.9642276422764228,0.9365853667259216,0.5681818181818182,0.8676171079429735,195.0,202.7912139892578
2023-09-07,0.3123483955860138,0.975609756097561,0.9463414549827576,0.6062992125984252,0.8707753479125249,178.0,204.36683654785156
2023-09-08,0.35660821199417114,0.959349593495935,0.9219512343406677,0.5962264150943396,0.8881987577639752,219.0,202.22689819335938
2023-09-09,0.3400532603263855,0.9691056910569106,0.9333333373069763,0.5468164794007491,0.864476386036961,198.0,204.34832763671875
2023-09-10,0.30672553181648254,0.975609756097561,0.9333333373069763,0.5891472868217055,0.8836734693877552,180.0,203.33889770507812
2023-09-11,0.32481685280799866,0.9772357723577236,0.925203263759613,0.4979253112033195,0.8460038986354775,155.0,202.13880920410156
2023-09-12,0.3510010838508606,0.9642276422764228,0.9154471755027771,0.587360594795539,0.8909853249475891,212.0,198.67095947265625
2023-09-13,0.3285571038722992,0.9772357723577236,0.9382113814353943,0.546875,0.8649193548387096,189.0,204.33309936523438
2023-09-14,0.33754962682724,0.9626016260162602,0.9105691313743591,0.5405405405405406,0.8801652892561983,191.0,202.30673217773438
2023-09-15,0.38223645091056824,0.9609756097560975,0.9333333373069763,0.5674740484429066,0.8812095032397408,250.0,201.58340454101562
2023-09-16,0.35966750979423523,0.9495934959349593,0.9333333373069763,0.5384615384615384,0.8603238866396761,202.0,205.5067901611328
2023-09-17,0.3300577402114868,0.967479674796748,0.9219512343406677,0.582995951417004,0.8853118712273642,185.0,200.54307556152344
2023-09-18,0.30625033378601074,0.9642276422764228,0.9154471755027771,0.6190476190476191,0.8981670061099797,177.0,200.5362548828125
2023-09-19,0.3444369435310364,0.959349593495935,0.9203252196311951,0.5171102661596958,0.8677685950413223,194.0,200.59188842773438
2023-09-20,0.3486272692680359,0.9642276422764228,0.9154471755027771,0.5348837209302325,0.8729508196721312,197.0,199.85345458984375
2023-09-21,0.34749940037727356,0.9609756097560975,0.9235772490501404,0.5608856088560885,0.875,212.0,202.33236694335938
2023-09-22,0.3824547529220581,0.9512195121951219,0.9268292784690857,0.5338345864661654,0.8805031446540881,228.0,202.84518432617188
2023-09-23,0.32269930839538574,0.9772357723577236,0.9333333373069763,0.5900383141762452,0.8795918367346939,183.0,203.9897918701172
2023-09-24,0.33189573884010315,0.9691056910569106,0.9056910276412964,0.5882352941176471,0.8841463414634146,180.0,201.60479736328125
2023-09-25,0.3535394072532654,0.9512195121951219,0.8991869688034058,0.5799256505576208,0.8907563025210085,224.0,198.64569091796875
2023-09-26,0.3410928547382355,0.9723577235772358,0.9317073225975037,0.5593869731800766,0.8714285714285714,190.0,203.7867431640625
2023-09-27,0.3369997441768646,0.9691056910569106,0.9203252196311951,0.5904059040590406,0.8833333333333333,200.0,200.59243774414062
2023-09-28,0.35137540102005005,0.9723577235772358,0.9170731902122498,0.5551330798479087,0.8726899383983573,209.0,202.54591369628906
2023-09-29,0.3761492073535919,0.9512195121951219,0.9317073225975037,0.5399239543726235,0.8650306748466258,211.0,203.84742736816406
2023-09-30,0.3584985136985779,0.9626016260162602,0.9203252196311951,0.5576208178438662,0.8752598752598753,213.0,201.0068359375
2023-10-01,0.3204232156276703,0.9691056910569106,0.9284552931785583,0.6165413533834586,0.8831967213114754,195.0,200.97775268554688
2023-10-02,0.3477868139743805,0.9707317073170731,0.9268292784690857,0.5238095238095238,0.858,182.0,199.4634552001953
2023-10-03,0.33656346797943115,0.967479674796748,0.9138211607933044,0.6119402985074627,0.8790983606557377,203.0,197.59959411621094
2023-10-04,0.35267069935798645,0.9577235772357724,0.925203263759613,0.5652173913043478,0.8723849372384938,210.0,200.38429260253906
2023-10-05,0.3421437442302704,0.967479674796748,0.9219512343406677,0.5860805860805861,0.8791666666666667,202.0,202.20181274414062
2023-10-06,0.3761911392211914,0.9528455284552846,0.925203263759613,0.5774647887323944,0.8843683083511777,233.0,200.95458984375
2023-10-07,0.3534792959690094,0.9609756097560975,0.9398373961448669,0.5942028985507246,0.8680412371134021,217.0,204.54510498046875
2023-10-08,0.3252601623535156,0.9723577235772358,0.9186992049217224,0.5625,0.8654618473895582,177.0,204.27401733398438
2023-10-09,0.3352367877960205,0.9723577235772358,0.9414634108543396,0.5777777777777777,0.8668032786885246,192.0,200.5113983154297
2023-10-10,0.3681187927722931,0.9577235772357724,0.925203263759613,0.6192170818505338,0.884453781512605,220.0,202.928955078125
2023-10-11,0.37998542189598083,0.9577235772357724,0.9317073225975037,0.5342960288808665,0.860125260960334,222.0,203.8385467529297
2023-10-12,0.36960211396217346,0.9560975609756097,0.9333333373069763,0.60431654676259,0.884453781512605,227.0,205.5904998779297
2023-10-13,0.342780739068985,0.9691056910569106,0.9317073225975037,0.6058394160583942,0.8833333333333333,212.0,207.56857299804688
2023-10-14,0.36186477541923523,0.9626016260162602,0.934959352016449,0.5693430656934306,0.8729166666666667,218.0,204.43252563476562
2023-10-15,0.31775933504104614,0.9723577235772358,0.9398373961448669,0.6181818181818182,0.8872651356993737,193.0,204.89651489257812
2023-10-16,0.35273244976997375,0.975609756097561,0.9398373961448669,0.5608856088560885,0.8641975308641975,207.0,204.76156616210938
2023-10-17,0.3303089141845703,0.9739837398373984,0.934959352016449,0.6119402985074627,0.8809034907597536,199.0,205.92947387695312
2023-10-18,0.33627504110336304,0.9707317073170731,0.9365853667259216,0.5816733067729084,0.8705179282868526,189.0,205.9176025390625
2023-10-19,0.3518582880496979,0.9577235772357724,0.9154471755027771,0.5522388059701493,0.8825995807127882,212.0,204.140869140625
2023-10-20,0.38318392634391785,0.9560975609756097,0.9447154402732849,0.6326530612244898,0.8961038961038961,252.0,206.13394165039062
2023-10-21,0.3627977967262268,0.9723577235772358,0.9674796462059021,0.5777777777777777,0.8668032786885246,214.0,209.37916564941406
2023-10-22,0.3552716374397278,0.9626016260162602,0.9414634108543396,0.5803921568627451,0.8628230616302187,195.0,207.17190551757812
2023-10-23,0.3813216984272003,0.9544715447154472,0.9317073225975037,0.5353159851301115,0.8583162217659137,221.0,206.7384796142578
2023-10-24,0.34553831815719604,0.9723577235772358,0.9447154402732849,0.5603112840466926,0.8565737051792829,180.0,207.58584594726562
2023-10-25,0.379742830991745,0.9626016260162602,0.9284552931785583,0.5474452554744526,0.8684759916492694,223.0,203.98251342773438
2023-10-26,0.34314417839050293,0.967479674796748,0.9333333373069763,0.5617977528089888,0.8545454545454545,182.0,207.1427459716797
2023-10-27,0.37499096989631653,0.9577235772357724,0.9203252196311951,0.5586206896551724,0.8693790149892934,223.0,204.56512451171875
2023-10-28,0.37785768508911133,0.9495934959349593,0.925203263759613,0.5745454545454546,0.8711018711018711,228.0,207.99571228027344
2023-10-29,0.32070040702819824,0.9723577235772358,0.9463414549827576,0.6439393939393939,0.8843813387423936,188.0,208.6643524169922
2023-10-30,0.3505554795265198,0.9577235772357724,0.9333333373069763,0.5842696629213483,0.8693877551020408,199.0,205.7112579345703
2023-10-31,0.38987603783607483,0.9544715447154472,0.9430894255638123,0.5692883895131086,0.8688524590163934,216.0,206.74606323242188
2023-11-01,0.39381343126296997,0.9544715447154472,0.9512194991111755,0.5289855072463768,0.8547717842323651,218.0,208.00509643554688
2023-11-02,0.3231067657470703,0.975609756097561,0.9414634108543396,0.5555555555555556,0.8624229979466119,182.0,206.90245056152344
2023-11-03,0.3688344657421112,0.9609756097560975,0.9365853667259216,0.5923344947735192,0.8731501057082452,225.0,206.62876892089844
2023-11-04,0.34292683005332947,0.9609756097560975,0.925203263759613,0.6199261992619927,0.8824742268041237,212.0,207.18612670898438
2023-11-05,0.34093624353408813,0.9560975609756097,0.9479674696922302,0.6071428571428571,0.8823529411764706,212.0,208.04525756835938
2023-11-06,0.3464451730251312,0.967479674796748,0.9495934844017029,0.5393258426966292,0.8536585365853658,192.0,208.60557556152344
2023-11-07,0.38719552755355835,0.9495934959349593,0.9512194991111755,0.636986301369863,0.8869936034115139,252.0,206.51641845703125
2023-11-08,0.3745576739311218,0.959349593495935,0.9447154402732849,0.5460992907801419,0.8631578947368421,209.0,211.44635009765625
2023-11-09,0.3382810950279236,0.9626016260162602,0.9365853667259216,0.6131386861313869,0.8744855967078189,208.0,207.5947265625
2023-11-10,0.3791297972202301,0.9512195121951219,0.9365853667259216,0.5870307167235495,0.8850325379609545,252.0,208.85421752929688
2023-11-11,0.38453051447868347,0.9577235772357724,0.9593495726585388,0.5899280575539568,0.8784067085953878,233.0,212.75254821777344
2023-11-12,0.32329171895980835,0.9788617886178862,0.9609755873680115,0.5758754863813229,0.8588469184890656,174.0,211.11669921875
2023-11-13,0.32110217213630676,0.975609756097561,0.9268292784690857,0.5615384615384615,0.8752556237218814,178.0,205.48245239257812
2023-11-14,0.35719534754753113,0.9691056910569106,0.9463414549827576,0.556390977443609,0.8703703703703703,206.0,207.07034301757812
2023-11-15,0.34007200598716736,0.9626016260162602,0.930081307888031,0.5931558935361216,0.8793456032719836,193.0,207.53244018554688
2023-11-16,0.3460753858089447,0.975609756097561,0.9447154402732849,0.5648854961832062,0.8678861788617886,187.0,206.91026306152344
2023-11-17,0.40567919611930847,0.943089430894309,0.9495934844017029,0.5825242718446602,0.8859060402684564,282.0,207.2595977783203
2023-11-18,0.39500248432159424,0.9414634146341463,0.9593495726585388,0.5415162454873647,0.8586278586278586,226.0,212.42820739746094
2023-11-19,0.3653016686439514,0.9658536585365853,0.9528455138206482,0.4961832061068702,0.8513238289205702,199.0,208.40045166015625
2023-11-20,0.34151387214660645,0.9658536585365853,0.9463414549827576,0.5899280575539568,0.8747390396659708,201.0,207.1929168701172
2023-11-21,0.37849560379981995,0.9723577235772358,0.9544715285301208,0.5376344086021505,0.8544698544698545,214.0,209.3992919921875
2023-11-22,0.38536983728408813,0.9447154471544715,0.9495934844017029,0.6143344709897611,0.8841201716738197,250.0,207.9028778076172
2023-11-23,0.36010026931762695,0.9658536585365853,0.9691057205200195,0.6159420289855072,0.8706365503080082,210.0,211.53009033203125
2023-11-24,0.340525358915329,0.9609756097560975,0.9691057205200195,0.6020761245674741,0.875,210.0,212.26837158203125
2023-11-25,0.35984423756599426,0.9739837398373984,0.9788618087768555,0.5851851851851851,0.8635437881873728,206.0,212.12176513671875
2023-11-26,0.35120007395744324,0.9723577235772358,0.9593495726585388,0.5116279069767442,0.8359683794466403,177.0,210.79751586914062
2023-11-27,0.3346605896949768,0.9739837398373984,0.9560975432395935,0.5886792452830188,0.8699186991869918,193.0,207.87869262695312
2023-11-28,0.34170785546302795,0.9609756097560975,0.9674796462059021,0.6068965517241379,0.875,197.0,209.72462463378906
2023-11-29,0.36578914523124695,0.9609756097560975,0.9658536314964294,0.5714285714285714,0.8577405857740585,223.0,207.57542419433594
2023-11-30,0.3623120188713074,0.9707317073170731,0.9642276167869568,0.6277372262773723,0.875,212.0,210.5776824951172
2023-12-01,0.39085981249809265,0.9528455284552846,0.9853658676147461,0.6058631921824105,0.8774617067833698,257.0,210.9661102294922
2023-12-02,0.37928953766822815,0.9609756097560975,0.995121955871582,0.5460750853242321,0.8516949152542372,233.0,214.17996215820312
2023-12-03,0.3628759980201721,0.9707317073170731,0.9934959411621094,0.5776173285198556,0.8530612244897959,214.0,214.1846923828125
2023-12-04,0.3437521755695343,0.9788617886178862,0.995121955871582,0.5474452554744526,0.8387096774193549,179.0,213.12017822265625
2023-12-05,0.3719322085380554,0.9772357723577236,0.9723577499389648,0.5703971119133574,0.86875,222.0,211.4368438720703
2023-12-06,0.3304811120033264,0.9772357723577236,0.9593495726585388,0.5664335664335665,0.8541666666666666,190.0,211.81634521484375
2023-12-07,0.37628939747810364,0.9658536585365853,0.9430894255638123,0.6344827586206897,0.8891257995735607,249.0,209.35873413085938
2023-12-08,0.38900765776634216,0.9577235772357724,0.9642276167869568,0.5694444444444444,0.8628691983122363,226.0,215.30528259277344
2023-12-09,0.41807106137275696,0.9512195121951219,0.9642276167869568,0.5910652920962199,0.8668076109936576,257.0,212.17578125
2023-12-10,0.3646150529384613,0.9658536585365853,0.9869918823242188,0.6206896551724138,0.8718487394957983,231.0,215.77944946289062
2023-12-11,0.34172123670578003,0.9658536585365853,0.9756097793579102,0.6236559139784946,0.8721649484536083,198.0,214.0389404296875
2023-12-12,0.3321937024593353,0.9707317073170731,0.9869918823242188,0.5531914893617021,0.8474226804123711,185.0,213.18508911132812
2023-12-13,0.35960307717323303,0.967479674796748,0.9707317352294922,0.5797101449275363,0.8551020408163266,208.0,210.72357177734375
2023-12-14,0.3522440195083618,0.975609756097561,0.9691057205200195,0.574468085106383,0.8589211618257261,208.0,214.40281677246094
2023-12-15,0.38877052068710327,0.9479674796747968,0.9707317352294922,0.6,0.8805309734513275,253.0,215.0497283935547
2023-12-16,0.37658369541168213,0.9560975609756097,0.9723577499389648,0.528169014084507,0.8458333333333333,223.0,215.44912719726562
2023-12-17,0.34929218888282776,0.9560975609756097,0.9609755873680115,0.5093632958801498,0.8421052631578947,186.0,214.04458618164062
2023-12-18,0.339968740940094,0.9739837398373984,0.9593495726585388,0.6014492753623188,0.8701030927835052,200.0,211.52749633789062
2023-12-19,0.34640252590179443,0.9707317073170731,0.9593495726585388,0.624113475177305,0.8789144050104384,211.0,213.83827209472656
2023-12-20,0.37618783116340637,0.959349593495935,0.9528455138206482,0.5300353356890459,0.8496868475991649,207.0,214.11282348632812
2023-12-21,0.3598702847957611,0.9609756097560975,0.9528455138206482,0.5487364620938628,0.8553719008264463,208.0,212.4579620361328
2023-12-22,0.3748830556869507,0.9609756097560975,0.9593495726585388,0.5986842105263158,0.8758169934640523,239.0,213.7198486328125
2023-12-23,0.4031299352645874,0.9528455284552846,0.9674796462059021,0.5205479452054794,0.8417721518987342,223.0,215.7957763671875
2023-12-24,0.3447725176811218,0.9772357723577236,0.9658536314964294,0.6273062730627307,0.868421052631579,179.0,214.82666015625
2023-12-25,0.34739914536476135,0.9739837398373984,0.9560975432395935,0.5,0.8352941176470589,157.0,212.23526000976562
2023-12-26,0.33057138323783875,0.9772357723577236,0.9528455138206482,0.525096525096525,0.8429423459244533,155.0,210.01785278320312
2023-12-27,0.3452465534210205,0.9804878048780488,0.934959352016449,0.5785714285714286,0.8630705394190872,197.0,208.41880798339844
2023-12-28,0.3385733962059021,0.9739837398373984,0.9430894255638123,0.5797101449275363,0.8639175257731959,195.0,211.53427124023438
2023-12-29,0.3855350613594055,0.9512195121951219,0.9495934844017029,0.5637583892617449,0.8568376068376068,228.0,210.81385803222656
2023-12-30,0.3475240468978882,0.9739837398373984,0.9609755873680115,0.5683453237410072,0.8542094455852156,188.0,211.25343322753906
2023-12-31,0.3141038417816162,0.975609756097561,0.9512194991111755,0.5185185185185185,0.8350100603621731,162.0,206.6891326904297
2024-01-01,0.3379349112510681,0.975609756097561,0.9577235579490662,0.628158844765343,0.8726899383983573,194.0,206.00997924804688
2024-01-02,0.3326513171195984,0.9804878048780488,0.9512194991111755,0.6159420289855072,0.8688524590163934,194.0,208.4611358642578
2024-01-03,0.3531147837638855,0.9707317073170731,0.9593495726585388,0.5227272727272727,0.8366533864541833,168.0,206.19436645507812
2024-01-04,0.3757694363594055,0.9528455284552846,0.9414634108543396,0.55,0.8512396694214877,207.0,203.3356170654297
2024-01-05,0.3578536808490753,0.959349593495935,0.9333333373069763,0.5664335664335665,0.8649789029535865,214.0,206.30740356445312
2024-01-06,0.3473328948020935,0.967479674796748,0.9430894255638123,0.5857142857142857,0.8633540372670807,207.0,206.04913330078125
2024-01-07,0.35185104608535767,0.9707317073170731,0.9430894255638123,0.5765124555160143,0.8609958506224067,203.0,205.043701171875
2024-01-08,0.33567097783088684,0.9707317073170731,0.9430894255638123,0.5639097744360902,0.8617886178861789,185.0,202.92379760742188
2024-01-09,0.35390666127204895,0.9560975609756097,0.9317073225975037,0.5107913669064749,0.8464730290456431,186.0,202.23187255859375
2024-01-10,0.3631162941455841,0.9739837398373984,0.934959352016449,0.5551330798479087,0.8551307847082495,196.0,200.80599975585938
2024-01-11,0.36905375123023987,0.959349593495935,0.9333333373069763,0.5531914893617021,0.8616352201257862,227.0,201.35256958007812
2024-01-12,0.3660610616207123,0.9658536585365853,0.9365853667259216,0.5531914893617021,0.86892177589852,214.0,204.78607177734375
2024-01-13,0.3248297870159149,0.9772357723577236,0.9333333373069763,0.5827338129496403,0.8618556701030928,190.0,202.6905059814453
2024-01-14,0.3215271830558777,0.9739837398373984,0.925203263759613,0.5671641791044776,0.8597560975609756,173.0,201.75759887695312
2024-01-15,0.33179178833961487,0.9739837398373984,0.9235772490501404,0.5661764705882353,0.8641975308641975,184.0,199.75946044921875
2024-01-16,0.34428298473358154,0.9723577235772358,0.9170731902122498,0.5543071161048689,0.8612244897959184,195.0,199.04351806640625
2024-01-17,0.34307989478111267,0.9723577235772358,0.925203263759613,0.6125461254612546,0.8786008230452675,215.0,198.86517333984375
2024-01-18,0.35899657011032104,0.9723577235772358,0.9235772490501404,0.5725190839694656,0.8629032258064516,195.0,202.04171752929688
2024-01-19,0.3904052674770355,0.9479674796747968,0.9154471755027771,0.5524475524475524,0.8589473684210527,235.0,200.0166015625
2024-01-20,0.35418352484703064,0.959349593495935,0.9008129835128784,0.5860805860805861,0.8701030927835052,213.0,200.19601440429688
2024-01-21,0.3442288637161255,0.9609756097560975,0.9008129835128784,0.5928853754940712,0.8670634920634921,194.0,199.4877166748047
2024-01-22,0.3585100769996643,0.9658536585365853,0.9089431166648865,0.5851851851851851,0.8724279835390947,214.0,198.24533081054688
2024-01-23,0.3338257372379303,0.9739837398373984,0.9138211607933044,0.5789473684210527,0.8711656441717791,190.0,202.48318481445312
2024-01-24,0.37019580602645874,0.9642276422764228,0.9089431166648865,0.644927536231884,0.8916666666666667,226.0,200.55386352539062
2024-01-25,0.3648071587085724,0.9626016260162602,0.9089431166648865,0.5971223021582733,0.8768267223382046,221.0,203.21563720703125
2024-01-26,0.3471009433269501,0.9544715447154472,0.9154471755027771,0.5797101449275363,0.8692946058091287,209.0,203.9613494873047
2024-01-27,0.3638480603694916,0.967479674796748,0.9105691313743591,0.5714285714285714,0.8744855967078189,203.0,203.31503295898438
2024-01-28,0.34920838475227356,0.9642276422764228,0.9121951460838318,0.5803921568627451,0.868,187.0,202.72679138183594
2024-01-29,0.33651360869407654,0.9691056910569106,0.9186992049217224,0.5878136200716846,0.8763102725366876,193.0,201.87660217285156
2024-01-30,0.34745046496391296,0.9658536585365853,0.9073171019554138,0.5555555555555556,0.8625498007968128,176.0,202.69174194335938
2024-01-31,0.33172422647476196,0.9577235772357724,0.9040650129318237,0.5890909090909091,0.8770833333333333,196.0,199.75625610351562
2024-02-01,0.34808310866355896,0.9528455284552846,0.9121951460838318,0.5900383141762452,0.8778004073319755,200.0,203.012451171875
2024-02-02,0.31805819272994995,0.9707317073170731,0.9186992049217224,0.6523297491039427,0.893305439330544,202.0,203.13604736328125
2024-02-03,0.340515673160553,0.9642276422764228,0.9203252196311951,0.5836298932384342,0.8739495798319328,203.0,204.69729614257812
2024-02-04,0.3504514992237091,0.9626016260162602,0.9170731902122498,0.5378787878787878,0.854251012145749,192.0,203.07562255859375
2024-02-05,0.3677936792373657,0.9577235772357724,0.9219512343406677,0.5576208178438662,0.8627049180327869,187.0,202.66615295410156
2024-02-06,0.33843883872032166,0.9772357723577236,0.9170731902122498,0.5735849056603773,0.8640973630831643,181.0,200.74171447753906
2024-02-07,0.3440438210964203,0.9609756097560975,0.925203263759613,0.6474820143884892,0.893305439330544,214.0,202.0370635986328
2024-02-08,0.32823899388313293,0.9804878048780488,0.9268292784690857,0.6015037593984962,0.8666666666666667,173.0,205.15216064453125
2024-02-09,0.34634697437286377,0.967479674796748,0.9024389982223511,0.6021505376344086,0.8768267223382046,202.0,201.4973602294922
2024-02-10,0.3835129141807556,0.9495934959349593,0.9186992049217224,0.4946236559139785,0.8472803347280334,205.0,202.58091735839844
2024-02-11,0.3612366318702698,0.9560975609756097,0.9170731902122498,0.5714285714285714,0.8673469387755102,190.0,202.37747192382812
2024-02-12,0.32843300700187683,0.967479674796748,0.8894308805465698,0.5648854961832062,0.8678861788617886,183.0,199.40054321289062
2024-02-13,0.31973645091056824,0.9723577235772358,0.9040650129318237,0.5203252032520326,0.8506876227897839,153.0,201.3011016845703
2024-02-14,0.35131433606147766,0.967479674796748,0.9008129835128784,0.4899598393574297,0.8522954091816367,181.0,197.61343383789062
2024-02-15,0.33405497670173645,0.9739837398373984,0.9040650129318237,0.5714285714285714,0.8669354838709677,183.0,198.36221313476562
2024-02-16,0.3617013692855835,0.9528455284552846,0.9040650129318237,0.6379928315412187,0.8891213389121339,222.0,199.98443603515625
2024-02-17,0.33948826789855957,0.9609756097560975,0.9186992049217224,0.5681818181818182,0.8658536585365854,200.0,200.6461181640625
2024-02-18,0.3523653745651245,0.9626016260162602,0.9154471755027771,0.5645161290322581,0.8653465346534653,189.0,199.57000732421875
2024-02-19,0.340807169675827,0.9626016260162602,0.8959349393844604,0.5693430656934306,0.8784067085953878,205.0,198.5926055908203
2024-02-20,0.3248184621334076,0.967479674796748,0.9154471755027771,0.625,0.8861283643892339,201.0,199.99114990234375
2024-02-21,0.33474627137184143,0.9512195121951219,0.9186992049217224,0.5874125874125874,0.875,207.0,200.6905517578125
2024-02-22,0.3552393615245819,0.9691056910569106,0.9365853667259216,0.6062717770034843,0.881104033970276,217.0,199.95748901367188
2024-02-23,0.37928348779678345,0.9463414634146341,0.9268292784690857,0.56,0.869281045751634,236.0,200.5257568359375
2024-02-24,0.35766682028770447,0.9577235772357724,0.930081307888031,0.6413793103448275,0.8969957081545065,236.0,201.37481689453125
2024-02-25,0.3322782516479492,0.9723577235772358,0.9463414549827576,0.5736434108527132,0.856858846918489,170.0,204.41000366210938
2024-02-26,0.35651975870132446,0.9642276422764228,0.9121951460838318,0.5672727272727273,0.8618556701030928,208.0,198.95822143554688
2024-02-27,0.3785878121852875,0.9512195121951219,0.9186992049217224,0.5536332179930796,0.8638297872340426,225.0,202.24876403808594
2024-02-28,0.35559654235839844,0.9658536585365853,0.9317073225975037,0.46923076923076923,0.8237623762376237,171.0,202.6907501220703
2024-02-29,0.3472234606742859,0.9609756097560975,0.9219512343406677,0.5591397849462365,0.8553719008264463,205.0,197.1302032470703
2024-03-01,0.4017186462879181,0.943089430894309,0.9382113814353943,0.6378737541528239,0.8874458874458875,271.0,202.95269775390625
2024-03-02,0.3339342772960663,0.9707317073170731,0.9479674696922302,0.662020905923345,0.88125,218.0,205.7606201171875
2024-03-03,0.32712823152542114,0.9723577235772358,0.9186992049217224,0.6106870229007634,0.8712273641851107,172.0,204.64260864257812
2024-03-04,0.33107244968414307,0.9739837398373984,0.925203263759613,0.6014492753623188,0.8683127572016461,191.0,202.474609375
2024-03-05,0.3297680914402008,0.9707317073170731,0.9138211607933044,0.6259541984732825,0.8805668016194332,193.0,204.33465576171875
2024-03-06,0.34991464018821716,0.9609756097560975,0.9170731902122498,0.5627376425855514,0.8554216867469879,193.0,203.37686157226562
2024-03-07,0.3550812005996704,0.9577235772357724,0.9121951460838318,0.5551330798479087,0.8638211382113821,188.0,202.05029296875
2024-03-08,0.33756834268569946,0.9577235772357724,0.9284552931785583,0.5955882352941176,0.8742268041237113,190.0,202.65106201171875
2024-03-09,0.33572232723236084,0.9626016260162602,0.930081307888031,0.4881889763779528,0.834319526627219,160.0,202.3948974609375
2024-03-10,0.32546085119247437,0.9723577235772358,0.8975609540939331,0.5102880658436214,0.8493150684931506,154.0,199.2457733154297
2024-03-11,0.3259410560131073,0.975609756097561,0.9056910276412964,0.5263157894736842,0.8523622047244095,143.0,197.44696044921875
2024-03-12,0.3362294137477875,0.959349593495935,0.9089431166648865,0.5239852398523985,0.8556701030927835,181.0,195.97906494140625
2024-03-13,0.34393051266670227,0.975609756097561,0.9121951460838318,0.5670498084291188,0.8663967611336032,178.0,197.970458984375
2024-03-14,0.3507162630558014,0.9723577235772358,0.9056910276412964,0.5375494071146245,0.8531746031746031,176.0,198.14210510253906
2024-03-15,0.3336727023124695,0.9723577235772358,0.8959349393844604,0.5274725274725275,0.8536082474226804,186.0,198.42160034179688
2024-03-16,0.3581991493701935,0.9609756097560975,0.9040650129318237,0.553030303030303,0.8565656565656565,191.0,198.23818969726562
2024-03-17,0.3225111663341522,0.9772357723577236,0.9073171019554138,0.5432098765432098,0.8538011695906432,151.0,197.64198303222656
2024-03-18,0.32536250352859497,0.9804878048780488,0.8878048658370972,0.4666666666666667,0.8352713178294574,140.0,194.3735809326172
2024-03-19,0.3130000829696655,0.9804878048780488,0.8878048658370972,0.5206611570247934,0.8565815324165029,148.0,191.363037109375
2024-03-20,0.3370853066444397,0.967479674796748,0.8861788511276245,0.5546875,0.8669354838709677,186.0,190.36672973632812
2024-03-21,0.34041455388069153,0.9739837398373984,0.8731707334518433,0.5454545454545454,0.8672032193158954,179.0,191.77505493164062
2024-03-22,0.35444965958595276,0.9577235772357724,0.869918704032898,0.592,0.8832997987927566,197.0,189.53744506835938
2024-03-23,0.3279028832912445,0.9723577235772358,0.8585366010665894,0.44621513944223107,0.8416833667334669,160.0,190.0157470703125
2024-03-24,0.33096843957901,0.9658536585365853,0.8504065275192261,0.5349794238683128,0.8670634920634921,174.0,184.87783813476562
2024-03-25,0.3217048645019531,0.9739837398373984,0.8390243649482727,0.48717948717948717,0.8605108055009824,152.0,184.33200073242188
2024-03-26,0.3483392596244812,0.959349593495935,0.842276394367218,0.46586345381526106,0.8514056224899599,178.0,181.5541534423828
2024-03-27,0.33818915486335754,0.9772357723577236,0.842276394367218,0.5271966527196653,0.8675889328063241,174.0,182.02711486816406
2024-03-28,0.33380991220474243,0.967479674796748,0.8390243649482727,0.5655737704918032,0.8764940239043825,170.0,181.39122009277344
2024-03-29,0.3552786111831665,0.943089430894309,0.8406503796577454,0.5581395348837209,0.8827160493827161,200.0,181.17344665527344
2024-03-30,0.32900527119636536,0.9609756097560975,0.8357723355293274,0.5809128630705395,0.888,178.0,181.24221801757812
2024-03-31,0.2989201247692108,0.9707317073170731,0.8097561001777649,0.5462555066079295,0.8910891089108911,158.0,178.17898559570312
2024-04-01,0.3117551803588867,0.967479674796748,0.8195121884346008,0.5666666666666667,0.9022403258655805,172.0,176.5244903564453
2024-04-02,0.3249935507774353,0.9691056910569106,0.8178861737251282,0.4336283185840708,0.8521400778210116,143.0,177.30679321289062
2024-04-03,0.30650708079338074,0.967479674796748,0.800000011920929,0.5,0.87890625,150.0,172.22146606445312
2024-04-04,0.31040725111961365,0.975609756097561,0.8146341443061829,0.547945205479452,0.8923679060665362,159.0,173.31289672851562
2024-04-05,0.298202246427536,0.9691056910569106,0.7918699383735657,0.5357142857142857,0.8877952755905512,155.0,172.45462036132812
2024-04-06,0.30347442626953125,0.975609756097561,0.8113821148872375,0.5112107623318386,0.8891089108910891,165.0,171.18084716796875
2024-04-07,0.27561676502227783,0.983739837398374,0.8260162472724915,0.5096153846153846,0.8812260536398467,134.0,172.70266723632812
2024-04-08,0.2987736761569977,0.9739837398373984,0.7918699383735657,0.4585365853658537,0.8771593090211133,125.0,170.00003051757812
2024-04-09,0.3010806143283844,0.9609756097560975,0.7918699383735657,0.5333333333333333,0.88996138996139,137.0,166.772216796875
2024-04-10,0.3027346134185791,0.9723577235772358,0.795121967792511,0.547085201793722,0.893491124260355,165.0,166.8392791748047
2024-04-11,0.3011952042579651,0.9723577235772358,0.7918699383735657,0.5023255813953489,0.8884540117416829,151.0,168.9371795654297
2024-04-12,0.3157713711261749,0.9642276422764228,0.790243923664093,0.5191489361702127,0.9,168.0,167.04586791992188
2024-04-13,0.2777569591999054,0.975609756097561,0.8016260266304016,0.5622119815668203,0.896484375,143.0,167.01858520507812
2024-04-14,0.28554579615592957,0.9788617886178862,0.795121967792511,0.5510204081632653,0.900952380952381,139.0,165.413818359375
2024-04-15,0.25974759459495544,0.9804878048780488,0.7918699383735657,0.494949494949495,0.8842504743833017,112.0,164.94964599609375
2024-04-16,0.2988458275794983,0.9642276422764228,0.7869918942451477,0.5217391304347826,0.8936170212765957,149.0,163.021240234375
2024-04-17,0.33048486709594727,0.9626016260162602,0.7804877758026123,0.5089285714285714,0.8924302788844621,171.0,163.28553771972656
2024-04-18,0.2932893931865692,0.9707317073170731,0.7821138501167297,0.5938864628820961,0.906187624750499,164.0,163.00173950195312
2024-04-19,0.3139941692352295,0.959349593495935,0.7658536434173584,0.5555555555555556,0.9102040816326531,185.0,163.0907745361328
2024-04-20,0.3124004602432251,0.9772357723577236,0.7918699383735657,0.5871559633027523,0.9021526418786693,173.0,165.00230407714844
2024-04-21,0.28179869055747986,0.9804878048780488,0.795121967792511,0.49038461538461536,0.875717017208413,127.0,164.56756591796875
2024-04-22,0.28577837347984314,0.9642276422764228,0.7756097316741943,0.5550660792951542,0.9038076152304609,155.0,159.31809997558594
2024-04-23,0.30193373560905457,0.9723577235772358,0.7918699383735657,0.5410628019323671,0.8888888888888888,149.0,162.36541748046875
2024-04-24,0.3360922336578369,0.9609756097560975,0.7869918942451477,0.5502183406113537,0.8997995991983968,189.0,160.22146606445312
2024-04-25,0.2860250771045685,0.9642276422764228,0.7837398648262024,0.6046511627906976,0.9153543307086615,158.0,162.25946044921875
2024-04-26,0.30566227436065674,0.9642276422764228,0.7788617610931396,0.5181818181818182,0.9021956087824351,165.0,161.49258422851562
2024-04-27,0.2936319410800934,0.9691056910569106,0.767479658126831,0.5327102803738317,0.903353057199211,160.0,160.136962890625
2024-04-28,0.29743194580078125,0.9804878048780488,0.7691056728363037,0.5714285714285714,0.9197651663405088,165.0,159.9534912109375
2024-04-29,0.2928300201892853,0.9723577235772358,0.767479658126831,0.5213270142180095,0.9017681728880157,148.0,160.33018493652344
2024-04-30,0.28427088260650635,0.975609756097561,0.7365853786468506,0.5408163265306123,0.9094412331406551,147.0,156.33950805664062
2024-05-01,0.31596827507019043,0.9479674796747968,0.7365853786468506,0.5882352941176471,0.9254032258064516,179.0,158.00894165039062
2024-05-02,0.28726086020469666,0.9723577235772358,0.7528455257415771,0.5700934579439252,0.9130434782608695,156.0,160.14358520507812
2024-05-03,0.28427648544311523,0.975609756097561,0.7609755992889404,0.5048543689320388,0.8934108527131783,142.0,159.89833068847656
2024-05-04,0.27406805753707886,0.9788617886178862,0.7528455257415771,0.5213270142180095,0.896484375,141.0,158.65118408203125
2024-05-05,0.313559889793396,0.959349593495935,0.7544715404510498,0.46078431372549017,0.8893203883495145,160.0,158.68431091308594
2024-05-06,0.2845533788204193,0.9723577235772358,0.7528455257415771,0.5471698113207547,0.898635477582846,148.0,158.4303741455078
2024-05-07,0.2964784801006317,0.9691056910569106,0.7447154521942139,0.5825242718446602,0.9124513618677043,152.0,158.72840881347656
2024-05-08,0.27774253487586975,0.9772357723577236,0.7463414669036865,0.5612244897959183,0.9080459770114943,139.0,158.85545349121094
2024-05-09,0.2983408570289612,0.9707317073170731,0.7382113933563232,0.5687203791469194,0.9098039215686274,164.0,159.0266571044922
2024-05-10,0.2836421728134155,0.9723577235772358,0.7626016139984131,0.5871559633027523,0.90748031496063,160.0,160.17259216308594
2024-05-11,0.271748423576355,0.9723577235772358,0.7479674816131592,0.5221674876847291,0.8976833976833977,138.0,159.84788513183594
2024-05-12,0.2651810944080353,0.9821138211382113,0.7512195110321045,0.5773195876288659,0.9068441064638784,134.0,157.54701232910156
2024-05-13,0.26744160056114197,0.9707317073170731,0.7495934963226318,0.5685279187817259,0.9063097514340345,132.0,157.54217529296875
2024-05-14,0.25447699427604675,0.9804878048780488,0.7414634227752686,0.546448087431694,0.8975791433891993,110.0,157.23895263671875
2024-05-15,0.2413233518600464,0.9886178861788618,0.7463414669036865,0.6041666666666666,0.9109848484848485,117.0,155.83963012695312
2024-05-16,0.25461605191230774,0.9772357723577236,0.7365853786468506,0.546448087431694,0.9043151969981238,116.0,155.0550537109375
2024-05-17,0.2809279263019562,0.967479674796748,0.7317073345184326,0.5319148936170213,0.9068441064638784,143.0,153.35745239257812
2024-05-18,0.2622218728065491,0.983739837398374,0.7154471278190613,0.5833333333333334,0.9219330855018587,123.0,152.2994842529297
2024-05-19,0.26563650369644165,0.9788617886178862,0.7040650248527527,0.5095541401273885,0.9120879120879121,104.0,150.69654846191406
2024-05-20,0.2758391499519348,0.9788617886178862,0.6943089365959167,0.5524861878453039,0.9254302103250478,138.0,147.69332885742188
2024-05-21,0.24366861581802368,0.9821138211382113,0.6959349513053894,0.6171428571428571,0.9320754716981132,125.0,149.34474182128906
2024-05-22,0.24625670909881592,0.9788617886178862,0.7089430689811707,0.5632183908045977,0.9210526315789473,113.0,147.85702514648438
2024-05-23,0.2607629895210266,0.975609756097561,0.6943089365959167,0.5028571428571429,0.9097744360902256,122.0,145.76763916015625
2024-05-24,0.2789250612258911,0.9577235772357724,0.6813008189201355,0.5227272727272727,0.9220532319391636,144.0,145.31869506835938
2024-05-25,0.2517164349555969,0.9804878048780488,0.6910569071769714,0.46706586826347307,0.9052044609665427,116.0,144.11492919921875
2024-05-26,0.26649367809295654,0.967479674796748,0.6715447306632996,0.5423728813559322,0.9204545454545454,133.0,142.2894287109375
2024-05-27,0.2474435716867447,0.9772357723577236,0.6731707453727722,0.5942857142857143,0.9300567107750473,124.0,141.71041870117188
2024-05-28,0.2401200383901596,0.975609756097561,0.6617886424064636,0.5189873417721519,0.9222222222222223,99.0,140.30126953125
2024-05-29,0.23313583433628082,0.9772357723577236,0.6585366129875183,0.5333333333333333,0.9216417910447762,111.0,136.7522430419922
2024-05-30,0.24866606295108795,0.9788617886178862,0.6634146571159363,0.49696969696969695,0.9160447761194029,117.0,136.10162353515625
2024-05-31,0.23039913177490234,0.9853658536585366,0.6471544504165649,0.5783132530120482,0.9324577861163227,119.0,135.06817626953125
2024-06-01,0.28002405166625977,0.9544715447154472,0.6536585092544556,0.5520833333333334,0.9333333333333333,166.0,135.60403442382812
2024-06-02,0.23907411098480225,0.9772357723577236,0.6536585092544556,0.5276073619631901,0.9217877094972067,119.0,137.39764404296875
2024-06-03,0.2542240619659424,0.9788617886178862,0.637398362159729,0.4745762711864407,0.9230769230769231,135.0,134.19247436523438
2024-06-04,0.24039137363433838,0.9772357723577236,0.6390243768692017,0.5398773006134969,0.9305816135084428,120.0,135.47332763671875
2024-06-05,0.23972445726394653,0.975609756097561,0.6406503915786743,0.5357142857142857,0.924812030075188,116.0,133.00537109375
2024-06-06,0.25196120142936707,0.9739837398373984,0.6308943033218384,0.5818181818181818,0.930841121495327,124.0,131.8734893798828
2024-06-07,0.25296398997306824,0.9723577235772358,0.6162601709365845,0.5595238095238095,0.9356060606060606,136.0,132.06130981445312
2024-06-08,0.21938109397888184,0.983739837398374,0.6243902444839478,0.5975609756097561,0.9363295880149812,118.0,131.2003173828125
2024-06-09,0.22577641904354095,0.9723577235772358,0.6146341562271118,0.535031847133758,0.9259259259259259,108.0,130.04913330078125
2024-06-10,0.24100704491138458,0.975609756097561,0.6211382150650024,0.4823529411764706,0.9257142857142857,125.0,128.14593505859375
2024-06-11,0.24778065085411072,0.9658536585365853,0.6195122003555298,0.562874251497006,0.9375,133.0,128.92657470703125
2024-06-12,0.2477266639471054,0.9707317073170731,0.6260162591934204,0.5837837837837838,0.9343629343629344,143.0,130.6318359375
2024-06-13,0.24125978350639343,0.9788617886178862,0.6211382150650024,0.5975609756097561,0.9380863039399625,127.0,130.9913330078125
2024-06-14,0.25439029932022095,0.9642276422764228,0.6195122003555298,0.4827586206896552,0.9165085388994307,130.0,130.79437255859375
2024-06-15,0.24781373143196106,0.9577235772357724,0.5983740091323853,0.5227272727272727,0.9291187739463601,132.0,130.84803771972656
2024-06-16,0.23987382650375366,0.975609756097561,0.6081300973892212,0.5555555555555556,0.9291044776119403,122.0,131.2466583251953
2024-06-17,0.24261295795440674,0.9788617886178862,0.6032520532608032,0.47297297297297297,0.9177330895795247,105.0,131.3409423828125
2024-06-18,0.22574405372142792,0.9788617886178862,0.6048780679702759,0.5988023952095808,0.9485714285714286,122.0,129.82308959960938
2024-06-19,0.23592326045036316,0.967479674796748,0.6081300973892212,0.5747126436781609,0.9406130268199234,127.0,130.74462890625
2024-06-20,0.2389981895685196,0.975609756097561,0.6048780679702759,0.5476190476190477,0.9354838709677419,131.0,130.58338928222656
2024-06-21,0.2605918049812317,0.9577235772357724,0.6016260385513306,0.5084745762711864,0.9342359767891683,146.0,132.20094299316406
2024-06-22,0.2710486054420471,0.9642276422764228,0.6162601709365845,0.5730994152046783,0.9426386233269598,152.0,132.4407958984375
2024-06-23,0.22818085551261902,0.9804878048780488,0.6260162591934204,0.4935064935064935,0.9189686924493554,105.0,133.69058227539062
2024-06-24,0.25150731205940247,0.9707317073170731,0.6081300973892212,0.49079754601226994,0.9230769230769231,129.0,131.1986083984375
2024-06-25,0.22927038371562958,0.983739837398374,0.6048780679702759,0.5432098765432098,0.9395085066162571,126.0,131.6960906982422
2024-06-26,0.21345621347427368,0.983739837398374,0.6178861856460571,0.5769230769230769,0.9385474860335196,107.0,133.771728515625
2024-06-27,0.2616419494152069,0.9626016260162602,0.6032520532608032,0.5393258426966292,0.9454191033138402,151.0,131.9307098388672
2024-06-28,0.24538975954055786,0.9739837398373984,0.6211382150650024,0.5153374233128835,0.9250936329588015,126.0,135.105712890625
2024-06-29,0.22122237086296082,0.9853658536585366,0.6162601709365845,0.6219512195121951,0.943609022556391,112.0,134.40235900878906
2024-06-30,0.23865267634391785,0.9739837398373984,0.6162601709365845,0.5217391304347826,0.9236499068901304,115.0,132.4120635986328
2024-07-01,0.2529030740261078,0.9609756097560975,0.6097561120986938,0.6136363636363636,0.9444444444444444,148.0,131.48696899414062
2024-07-02,0.2595888078212738,0.9626016260162602,0.6162601709365845,0.4970414201183432,0.9224952741020794,135.0,133.69952392578125
2024-07-03,0.23802517354488373,0.9804878048780488,0.6195122003555298,0.47619047619047616,0.9136960600375235,116.0,133.31622314453125
2024-07-04,0.21608856320381165,0.9853658536585366,0.6097561120986938,0.5662650602409639,0.9323308270676691,108.0,132.19570922851562
2024-07-05,0.21461735665798187,0.9772357723577236,0.6178861856460571,0.6035502958579881,0.935969868173258,116.0,131.77182006835938
2024-07-06,0.2446896880865097,0.975609756097561,0.6227642297744751,0.547486033519553,0.9255725190839694,129.0,132.05322265625
2024-07-07,0.22292974591255188,0.9788617886178862,0.6227642297744751,0.6101694915254238,0.935361216730038,123.0,132.2716522216797
2024-07-08,0.24100624024868011,0.975609756097561,0.6195122003555298,0.46153846153846156,0.9065934065934066,104.0,133.5732879638672
2024-07-09,0.21808753907680511,0.9804878048780488,0.6195122003555298,0.5189873417721519,0.9205175600739371,107.0,130.2894287109375
2024-07-10,0.2519383728504181,0.9739837398373984,0.6146341562271118,0.5280898876404494,0.9254302103250478,131.0,130.88626098632812
2024-07-11,0.23991931974887848,0.967479674796748,0.6178861856460571,0.5942857142857143,0.9283018867924528,127.0,130.98114013671875
2024-07-12,0.23954765498638153,0.975609756097561,0.6178861856460571,0.5348837209302325,0.9278937381404174,122.0,130.86874389648438
2024-07-13,0.22966547310352325,0.975609756097561,0.6065040826797485,0.5153374233128835,0.926829268292683,119.0,130.27420043945312
2024-07-14,0.2335481494665146,0.9772357723577236,0.6162601709365845,0.5730337078651685,0.9348659003831418,140.0,130.61436462402344
2024-07-15,0.23874972760677338,0.967479674796748,0.6178861856460571,0.5543478260869565,0.94140625,135.0,132.16351318359375
2024-07-16,0.21504950523376465,0.9821138211382113,0.6162601709365845,0.6181818181818182,0.9417293233082706,119.0,131.3377227783203
2024-07-17,0.247401162981987,0.9723577235772358,0.6130081415176392,0.48554913294797686,0.9219047619047619,130.0,131.92648315429688
2024-07-18,0.24121272563934326,0.9739837398373984,0.6211382150650024,0.49696969696969695,0.9143389199255121,117.0,132.7048797607422
2024-07-19,0.22703289985656738,0.9739837398373984,0.6162601709365845,0.5257142857142857,0.9222011385199241,117.0,131.03323364257812
2024-07-20,0.23271548748016357,0.9739837398373984,0.6097561120986938,0.627906976744186,0.9377358490566038,131.0,130.72732543945312
2024-07-21,0.2292744517326355,0.9739837398373984,0.6162601709365845,0.4342105263157895,0.9134438305709024,104.0,131.19338989257812
2024-07-22,0.20547376573085785,0.9869918699186991,0.6130081415176392,0.5,0.9209558823529411,89.0,128.93539428710938
2024-07-23,0.23479001224040985,0.9739837398373984,0.5934959053993225,0.5369127516778524,0.937037037037037,115.0,127.73970031738281
2024-07-24,0.2288120985031128,0.9804878048780488,0.6130081415176392,0.6627906976744186,0.9505703422053232,137.0,128.83782958984375
2024-07-25,0.24861779808998108,0.9642276422764228,0.6260162591934204,0.5497076023391813,0.9352380952380952,128.0,130.93716430664062
2024-07-26,0.22782471776008606,0.975609756097561,0.6016260385513306,0.588957055214724,0.9363295880149812,118.0,128.57244873046875
2024-07-27,0.24957895278930664,0.9691056910569106,0.6065040826797485,0.5365853658536586,0.9357277882797732,131.0,129.06243896484375
2024-07-28,0.24882008135318756,0.9707317073170731,0.6130081415176392,0.5497076023391813,0.9352380952380952,134.0,129.83087158203125
2024-07-29,0.22489608824253082,0.9707317073170731,0.6097561120986938,0.5833333333333334,0.9429657794676806,128.0,130.27496337890625
2024-07-30,0.24052123725414276,0.9626016260162602,0.6065040826797485,0.5202312138728323,0.9347408829174664,133.0,130.201171875
2024-07-31,0.24358193576335907,0.975609756097561,0.5983740091323853,0.5185185185185185,0.9357277882797732,128.0,129.1213836669922
2024-08-01,0.2595148980617523,0.9609756097560975,0.6113821268081665,0.5697674418604651,0.944337811900192,147.0,129.22412109375
2024-08-02,0.24222856760025024,0.9691056910569106,0.6097561120986938,0.5433526011560693,0.933206106870229,139.0,131.19338989257812
2024-08-03,0.2472451776266098,0.9723577235772358,0.6130081415176392,0.5,0.9243542435424354,120.0,132.2998046875
2024-08-04,0.22450770437717438,0.9772357723577236,0.5983740091323853,0.5641025641025641,0.9332096474953617,108.0,130.07150268554688
2024-08-05,0.21590211987495422,0.9788617886178862,0.6065040826797485,0.5548387096774193,0.9332096474953617,103.0,129.31942749023438
2024-08-06,0.23769700527191162,0.9691056910569106,0.6178861856460571,0.4585987261146497,0.9165120593692022,106.0,129.35035705566406
2024-08-07,0.23637527227401733,0.975609756097561,0.5918698906898499,0.4968152866242038,0.9307116104868914,115.0,128.6549072265625
2024-08-08,0.2253645807504654,0.9739837398373984,0.6065040826797485,0.4968152866242038,0.9237918215613383,103.0,128.71347045898438
2024-08-09,0.2402309775352478,0.9723577235772358,0.6016260385513306,0.5189873417721519,0.9325842696629213,124.0,127.2442626953125
2024-08-10,0.20537537336349487,0.9821138211382113,0.5967479944229126,0.5657894736842105,0.9318600368324125,90.0,128.98248291015625
2024-08-11,0.24594321846961975,0.9772357723577236,0.5902438759803772,0.4217687074829932,0.9155963302752294,111.0,126.7797622680664
2024-08-12,0.22694694995880127,0.975609756097561,0.5869918465614319,0.4857142857142857,0.9322344322344323,108.0,125.95487213134766
2024-08-13,0.23274515569210052,0.9739837398373984,0.5837398171424866,0.5844155844155844,0.9440298507462687,119.0,125.16397094726562
2024-08-14,0.21867337822914124,0.9788617886178862,0.5804877877235413,0.5333333333333333,0.937381404174573,117.0,125.3828125
2024-08-15,0.23050180077552795,0.9772357723577236,0.5821138024330139,0.5308641975308642,0.9323308270676691,124.0,125.62606811523438
2024-08-16,0.23616017401218414,0.967479674796748,0.5821138024330139,0.52,0.9316081330868762,110.0,126.62330627441406
2024-08-17,0.2573595643043518,0.9609756097560975,0.572357714176178,0.546583850931677,0.9467680608365019,145.0,124.05555725097656
2024-08-18,0.2375442087650299,0.9691056910569106,0.5804877877235413,0.4774193548387097,0.9272388059701493,111.0,126.60664367675781
2024-08-19,0.22343982756137848,0.9804878048780488,0.5821138024330139,0.5068493150684932,0.933579335793358,104.0,124.43026733398438
2024-08-20,0.22188372910022736,0.9788617886178862,0.5788617730140686,0.54421768707483,0.9390018484288355,105.0,125.17610168457031
2024-08-21,0.23354777693748474,0.9723577235772358,0.5853658318519592,0.525,0.935969868173258,127.0,124.08634948730469
2024-08-22,0.24500975012779236,0.967479674796748,0.5804877877235413,0.5380116959064327,0.9459459459459459,136.0,125.57855224609375
2024-08-23,0.2481391727924347,0.9658536585365853,0.5837398171424866,0.5662650602409639,0.9411764705882353,143.0,125.53765869140625
2024-08-24,0.2394637018442154,0.9804878048780488,0.5934959053993225,0.5838509316770186,0.943502824858757,130.0,127.47943115234375
2024-08-25,0.2145213484764099,0.975609756097561,0.5869918465614319,0.5194805194805194,0.9312267657992565,106.0,126.29339599609375
2024-08-26,0.22465455532073975,0.975609756097561,0.5837398171424866,0.525,0.9412878787878788,116.0,124.50379180908203
2024-08-27,0.22538375854492188,0.9772357723577236,0.5821138024330139,0.47368421052631576,0.9206642066420664,95.0,124.72918701171875
2024-08-28,0.24486976861953735,0.9691056910569106,0.5821138024330139,0.4691358024691358,0.9299242424242424,128.0,122.01165008544922
2024-08-29,0.23571762442588806,0.9723577235772358,0.5853658318519592,0.5986394557823129,0.9463955637707948,116.0,123.98634338378906
2024-08-30,0.2358497679233551,0.9739837398373984,0.5756097435951233,0.4689655172413793,0.9333333333333333,114.0,122.60018920898438
2024-08-31,0.22171957790851593,0.9804878048780488,0.572357714176178,0.6538461538461539,0.9622641509433962,131.0,121.47525024414062
2024-09-01,0.22551128268241882,0.967479674796748,0.5837398171424866,0.5454545454545454,0.9419475655430711,115.0,123.94580078125
2024-09-02,0.22842052578926086,0.9772357723577236,0.5821138024330139,0.3888888888888889,0.9172794117647058,98.0,121.99871826171875
2024-09-03,0.22542420029640198,0.975609756097561,0.5804877877235413,0.48366013071895425,0.9327102803738317,111.0,121.29975891113281
2024-09-04,0.2217198759317398,0.9788617886178862,0.5853658318519592,0.4645161290322581,0.9323308270676691,110.0,123.50700378417969
2024-09-05,0.2388199418783188,0.9642276422764228,0.5756097435951233,0.5212121212121212,0.9499036608863198,140.0,121.58078002929688
2024-09-06,0.22801931202411652,0.9772357723577236,0.5821138024330139,0.5972222222222222,0.9465930018416207,114.0,125.04084014892578
2024-09-07,0.21450193226337433,0.9723577235772358,0.5821138024330139,0.5620915032679739,0.9456928838951311,114.0,123.0843734741211
2024-09-08,0.21387159824371338,0.9788617886178862,0.5837398171424866,0.5131578947368421,0.9365671641791045,106.0,124.11016845703125
2024-09-09,0.23627504706382751,0.9804878048780488,0.6081300973892212,0.5,0.9235074626865671,115.0,123.8191909790039
2024-09-10,0.2069212943315506,0.9886178861788618,0.6032520532608032,0.5369127516778524,0.937037037037037,103.0,123.2044448852539
2024-09-11,0.2199973464012146,0.9788617886178862,0.6000000238418579,0.4507042253521127,0.9283088235294118,100.0,123.45389556884766
2024-09-12,0.21870757639408112,0.9853658536585366,0.5853658318519592,0.48175182481751827,0.9358974358974359,106.0,122.38276672363281
2024-09-13,0.27688172459602356,0.9642276422764228,0.5886178612709045,0.562874251497006,0.9555984555984556,163.0,122.06101989746094
2024-09-14,0.2364269495010376,0.9853658536585366,0.6097561120986938,0.5419354838709678,0.9365671641791045,125.0,126.12427520751953
2024-09-15,0.2377104014158249,0.9723577235772358,0.5951219797134399,0.4713375796178344,0.9375,124.0,123.42739868164062
2024-09-16,0.22490717470645905,0.983739837398374,0.6048780679702759,0.4794520547945205,0.9298892988929889,101.0,124.24446868896484
2024-09-17,0.22705644369125366,0.9739837398373984,0.5951219797134399,0.46357615894039733,0.9327102803738317,114.0,122.60933685302734
2024-09-18,0.2360069900751114,0.9739837398373984,0.5821138024330139,0.5103448275862069,0.949438202247191,127.0,123.7115249633789
2024-09-19,0.23155048489570618,0.9723577235772358,0.6000000238418579,0.6049382716049383,0.952561669829222,135.0,124.31492614746094
2024-09-20,0.2462165653705597,0.9707317073170731,0.5967479944229126,0.591715976331361,0.9520153550863724,148.0,126.1849136352539
2024-09-21,0.2634912431240082,0.9609756097560975,0.5983740091323853,0.4779874213836478,0.9320754716981132,138.0,125.99772644042969
2024-09-22,0.21209803223609924,0.9886178861788618,0.5934959053993225,0.5066666666666667,0.9314814814814815,102.0,125.78749084472656
2024-09-23,0.22797396779060364,0.9739837398373984,0.5853658318519592,0.48322147651006714,0.9365671641791045,110.0,124.33927917480469
2024-09-24,0.21178366243839264,0.9869918699186991,0.5934959053993225,0.6075949367088608,0.9510357815442562,119.0,123.7181167602539
2024-09-25,0.2589387595653534,0.9658536585365853,0.572357714176178,0.5341614906832298,0.9502868068833652,149.0,124.82394409179688
2024-09-26,0.2382129728794098,0.9658536585365853,0.5983740091323853,0.5540540540540541,0.9372693726937269,120.0,127.2398681640625
2024-09-27,0.2519850730895996,0.9560975609756097,0.5967479944229126,0.5562130177514792,0.948076923076923,149.0,125.997314453125
2024-09-28,0.2508140504360199,0.9739837398373984,0.6081300973892212,0.6172839506172839,0.9526515151515151,148.0,128.9724884033203
2024-09-29,0.22616839408874512,0.9772357723577236,0.5869918465614319,0.5324675324675324,0.943609022556391,117.0,128.71739196777344
2024-09-30,0.23839418590068817,0.9772357723577236,0.5967479944229126,0.49696969696969695,0.9299242424242424,120.0,127.21358489990234
2024-10-01,0.23838292062282562,0.9788617886178862,0.6000000238418579,0.5276073619631901,0.9375,133.0,128.2186279296875
2024-10-02,0.22541145980358124,0.9772357723577236,0.5983740091323853,0.5806451612903226,0.9404096834264432,119.0,130.16595458984375
2024-10-03,0.21102386713027954,0.9723577235772358,0.5902438759803772,0.609271523178808,0.9497206703910615,117.0,128.74380493164062
2024-10-04,0.2506493031978607,0.959349593495935,0.6016260385513306,0.6285714285714286,0.9574468085106383,158.0,128.83157348632812
2024-10-05,0.2122117429971695,0.9804878048780488,0.6130081415176392,0.6257668711656442,0.9401869158878504,119.0,131.25341796875
2024-10-06,0.22610493004322052,0.9772357723577236,0.6065040826797485,0.5798816568047337,0.9446564885496184,127.0,130.55157470703125
2024-10-07,0.2228163778781891,0.975609756097561,0.6016260385513306,0.5641025641025641,0.9366852886405959,103.0,130.59661865234375
2024-10-08,0.22624780237674713,0.975609756097561,0.6000000238418579,0.49032258064516127,0.930841121495327,111.0,129.38075256347656
2024-10-09,0.24410231411457062,0.9739837398373984,0.5918698906898499,0.5,0.9269662921348315,131.0,129.337158203125
2024-10-10,0.25135260820388794,0.967479674796748,0.6113821268081665,0.5555555555555556,0.939922480620155,149.0,132.4139404296875
2024-10-11,0.24818304181098938,0.9658536585365853,0.6195122003555298,0.48554913294797686,0.9184060721062619,125.0,134.93350219726562
2024-10-12,0.27537307143211365,0.9560975609756097,0.6081300973892212,0.4528301886792453,0.9111111111111111,127.0,131.9154510498047
2024-10-13,0.2234627604484558,0.9788617886178862,0.5983740091323853,0.5454545454545454,0.9297597042513863,106.0,131.0101776123047
2024-10-14,0.2156704068183899,0.975609756097561,0.6016260385513306,0.535031847133758,0.929368029739777,110.0,129.86720275878906
2024-10-15,0.22359448671340942,0.983739837398374,0.6048780679702759,0.525,0.9237918215613383,109.0,131.35494995117188
2024-10-16,0.23375749588012695,0.9658536585365853,0.6000000238418579,0.5476190476190477,0.9337121212121212,126.0,130.67369079589844
2024-10-17,0.2492017298936844,0.9626016260162602,0.6178861856460571,0.591715976331361,0.9236499068901304,130.0,132.23045349121094
2024-10-18,0.2503500282764435,0.9707317073170731,0.6097561120986938,0.5157232704402516,0.9203703703703704,115.0,131.5190887451172
2024-10-19,0.2396792471408844,0.9642276422764228,0.5983740091323853,0.46706586826347307,0.9206049149338374,121.0,128.93112182617188
2024-10-20,0.2661922872066498,0.9626016260162602,0.5967479944229126,0.5609756097560976,0.9307116104868914,142.0,129.7772216796875
2024-10-21,0.23865194618701935,0.9642276422764228,0.6048780679702759,0.5153374233128835,0.9285714285714286,125.0,130.989501953125
2024-10-22,0.23672762513160706,0.9788617886178862,0.6162601709365845,0.575,0.9243542435424354,119.0,130.9228515625
2024-10-23,0.2346462905406952,0.9772357723577236,0.6016260385513306,0.5222929936305732,0.9292364990689013,122.0,130.41482543945312
2024-10-24,0.27705156803131104,0.9642276422764228,0.6081300973892212,0.5030674846625767,0.924953095684803,149.0,129.54087829589844
2024-10-25,0.24798844754695892,0.9739837398373984,0.6113821268081665,0.5149700598802395,0.9246704331450094,130.0,130.46315002441406
2024-10-26,0.22823533415794373,0.9723577235772358,0.6000000238418579,0.5189873417721519,0.9291044776119403,116.0,129.197265625
2024-10-27,0.21816034615039825,0.9821138211382113,0.6081300973892212,0.4689655172413793,0.9130434782608695,88.0,129.26705932617188
2024-10-28,0.2238226979970932,0.975609756097561,0.5918698906898499,0.4810126582278481,0.9269662921348315,113.0,125.30152893066406
2024-10-29,0.23101186752319336,0.9691056910569106,0.5967479944229126,0.5512820512820513,0.9383177570093458,123.0,126.74214935302734
2024-10-30,0.23484443128108978,0.9723577235772358,0.5902438759803772,0.5333333333333333,0.9283088235294118,114.0,126.48910522460938
2024-10-31,0.24268649518489838,0.9707317073170731,0.5934959053993225,0.5769230769230769,0.9438202247191011,132.0,126.33280181884766
2024-11-01,0.23640882968902588,0.9707317073170731,0.6032520532608032,0.6127167630057804,0.9464627151051626,134.0,128.34503173828125
2024-11-02,0.2501085102558136,0.9739837398373984,0.5983740091323853,0.6024096385542169,0.9450757575757576,147.0,127.29605865478516
2024-11-03,0.22996066510677338,0.9723577235772358,0.5967479944229126,0.5497076023391813,0.9370229007633588,128.0,128.32806396484375
2024-11-04,0.2412377893924713,0.9723577235772358,0.6016260385513306,0.5714285714285714,0.9380863039399625,129.0,127.59983825683594
2024-11-05,0.22170647978782654,0.9804878048780488,0.5983740091323853,0.47435897435897434,0.9202226345083488,110.0,128.24374389648438
2024-11-06,0.21990451216697693,0.9804878048780488,0.6000000238418579,0.5,0.9252336448598131,105.0,127.45381164550781
2024-11-07,0.23063364624977112,0.9821138211382113,0.5902438759803772,0.484472049689441,0.924953095684803,117.0,126.34779357910156
2024-11-08,0.2395496368408203,0.9691056910569106,0.5804877877235413,0.48717948717948717,0.9342105263157895,124.0,126.39479064941406
2024-11-09,0.24973249435424805,0.9723577235772358,0.5869918465614319,0.48484848484848486,0.9262759924385633,130.0,125.61949920654297
2024-11-10,0.2107093185186386,0.983739837398374,0.5951219797134399,0.5416666666666666,0.9357798165137615,95.0,126.61070251464844
2024-11-11,0.21751798689365387,0.9788617886178862,0.5804877877235413,0.5517241379310345,0.9340659340659341,106.0,124.98699951171875
2024-11-12,0.21776244044303894,0.9772357723577236,0.6000000238418579,0.567741935483871,0.9368029739776952,104.0,125.52220153808594
2024-11-13,0.21213723719120026,0.9853658536585366,0.5853658318519592,0.535031847133758,0.9416195856873822,106.0,124.31199645996094
2024-11-14,0.2077125906944275,0.9869918699186991,0.5886178612709045,0.6040268456375839,0.9376146788990826,106.0,123.78226470947266
2024-11-15,0.2384088784456253,0.9707317073170731,0.5821138024330139,0.5732484076433121,0.9401869158878504,124.0,124.42585754394531
2024-11-16,0.24312297999858856,0.9739837398373984,0.5934959053993225,0.5680473372781065,0.937381404174573,136.0,124.89259338378906
2024-11-17,0.21511714160442352,0.9804878048780488,0.5902438759803772,0.569620253164557,0.9400749063670412,118.0,125.970703125
2024-11-18,0.21403847634792328,0.9821138211382113,0.5853658318519592,0.5194805194805194,0.9243542435424354,102.0,124.94795227050781
2024-11-19,0.2410632073879242,0.9609756097560975,0.5804877877235413,0.5555555555555556,0.9378531073446328,129.0,123.29608917236328
2024-11-20,0.2159799486398697,0.9772357723577236,0.5837398171424866,0.5394736842105263,0.9298892988929889,105.0,125.66091918945312
2024-11-21,0.19497661292552948,0.9902439024390244,0.5853658318519592,0.593103448275862,0.9361313868613139,100.0,122.62879943847656
2024-11-22,0.23817506432533264,0.9658536585365853,0.5788617730140686,0.5263157894736842,0.9458413926499033,141.0,122.52513122558594
2024-11-23,0.21517303586006165,0.9821138211382113,0.5804877877235413,0.5911949685534591,0.9437148217636022,124.0,125.2344741821289
2024-11-24,0.25718724727630615,0.967479674796748,0.5869918465614319,0.5093167701863354,0.9357277882797732,144.0,124.34024810791016
2024-11-25,0.23767967522144318,0.9658536585365853,0.5869918465614319,0.43037974683544306,0.9212007504690432,115.0,126.66114807128906
2024-11-26,0.23668497800827026,0.9691056910569106,0.5788617730140686,0.5548387096774193,0.9384328358208955,126.0,124.25981140136719
2024-11-27,0.2407173216342926,0.9642276422764228,0.5821138024330139,0.4936708860759494,0.9358490566037736,122.0,124.94587707519531
2024-11-28,0.21321311593055725,0.9804878048780488,0.5837398171424866,0.5398773006134969,0.9340866290018832,113.0,125.15217590332031
2024-11-29,0.21367311477661133,0.983739837398374,0.5918698906898499,0.5605095541401274,0.9313543599257885,101.0,125.4355239868164
2024-11-30,0.22917373478412628,0.967479674796748,0.5788617730140686,0.43537414965986393,0.9174311926605505,101.0,123.54205322265625
