model,model_label,frame_index,forecast_date,q,q_eff,selected_cells,hit_count,hit_rate,miss_rate,area_coverage,hotspot_density_per_km2,pai,gain,lift,pei_star,oracle_hit_count,iou_jaccard,dice,centroid_distance_m
our_vol4,Our vol4 STNPP-GAT-HCL-ZINB,0,2020-01-01,0.01,0.010012823440546666,570,24.0,0.1518987341772152,0.8481012658227848,0.010012823440546666,1.8713450292397662,15.170419720186542,0.1518987341772152,15.170419720186542,0.1518987341772152,158.0,0.021505376344086023,0.042105263157894736,1285.8550470225289
our_vol4,Our vol4 STNPP-GAT-HCL-ZINB,0,2020-01-01,0.02,0.02000808052418009,1139,37.0,0.23417721518987342,0.7658227848101266,0.02000808052418009,1.4437615842356843,11.704131983418723,0.23417721518987342,11.704131983418723,0.23417721518987342,158.0,0.018328118015198926,0.035996488147497806,1285.8550470225289
our_vol4,Our vol4 STNPP-GAT-HCL-ZINB,0,2020-01-01,0.03,0.030003337607813516,1708,51.0,0.3227848101265823,0.6772151898734178,0.030003337607813516,1.327088212334114,10.75829677170723,0.3227848101265823,10.75829677170723,0.3227848101265823,158.0,0.018789144050104383,0.036885245901639344,1285.8550470225289
our_vol4,Our vol4 STNPP-GAT-HCL-ZINB,0,2020-01-01,0.04,0.04001616104836018,2278,55.0,0.34810126582278483,0.6518987341772151,0.04001616104836018,1.0730660423373328,8.699017014703106,0.34810126582278483,8.699017014703106,0.34810126582278483,158.0,0.016964285714285713,0.033362598770851626,1285.8550470225289
our_vol4,Our vol4 STNPP-GAT-HCL-ZINB,0,2020-01-01,0.05,0.050011418131993605,2847,67.0,0.4240506329113924,0.5759493670886076,0.050011418131993605,1.0459352925106349,8.479076353967978,0.4240506329113924,8.479076353967978,0.4240506329113924,158.0,0.018422464675371134,0.036178433438707414,1285.8550470225289
our_vol4,Our vol4 STNPP-GAT-HCL-ZINB,0,2020-01-01,0.06,0.06000667521562703,3416,69.0,0.43670886075949367,0.5632911392405063,0.06000667521562703,0.897736143637783,7.277671345566656,0.43670886075949367,7.277671345566656,0.43670886075949367,158.0,0.020005971931919976,0.039227166276346606,1285.8550470225289
our_vol4,Our vol4 STNPP-GAT-HCL-ZINB,0,2020-01-01,0.07,0.07000193229926045,3985,77.0,0.4873417721518987,0.5126582278481013,0.07000193229926045,0.8587759654259027,6.961833140098153,0.4873417721518987,6.961833140098153,0.4873417721518987,158.0,0.023763648041104687,0.04642409033877039,1285.8550470225289
our_vol4,Our vol4 STNPP-GAT-HCL-ZINB,0,2020-01-01,0.08,0.08001475573980713,4555,83.0,0.5253164556962026,0.47468354430379744,0.08001475573980713,0.809854860348823,6.565244758159763,0.5253164556962026,6.565244758159763,0.5253164556962026,158.0,0.02798465357707064,0.054445664105378704,1285.8550470225289
our_vol4,Our vol4 STNPP-GAT-HCL-ZINB,0,2020-01-01,0.09,0.09001001282344055,5124,88.0,0.5569620253164557,0.44303797468354433,0.09001001282344055,0.7632925665712551,6.187778535361021,0.5569620253164557,6.187778535361021,0.5569620253164557,158.0,0.03672230652503793,0.07084309133489461,1285.8550470225289
our_vol4,Our vol4 STNPP-GAT-HCL-ZINB,0,2020-01-01,0.1,0.10000526990707397,5693,93.0,0.5886075949367089,0.4113924050632911,0.10000526990707397,0.7260378242285848,5.885765774980156,0.5886075949367089,5.885765774980156,0.5886075949367089,158.0,0.04669976098547527,0.08923239065519059,1285.8550470225289
our_vol4,Our vol4 STNPP-GAT-HCL-ZINB,1,2020-01-15,0.01,0.010012823440546666,570,36.0,0.20809248554913296,0.791907514450867,0.010012823440546666,2.8070175438596494,20.782598113781564,0.20809248554913296,20.782598113781564,0.20809248554913296,173.0,0.027953110910730387,0.054385964912280704,591.1078697799736
our_vol4,Our vol4 STNPP-GAT-HCL-ZINB,1,2020-01-15,0.02,0.02000808052418009,1139,50.0,0.28901734104046245,0.7109826589595376,0.02000808052418009,1.9510291678860598,14.445030880957336,0.28901734104046245,14.445030880957336,0.28901734104046245,173.0,0.021982951996410947,0.04302019315188762,591.1078697799736
our_vol4,Our vol4 STNPP-GAT-HCL-ZINB,1,2020-01-15,0.03,0.030003337607813516,1708,59.0,0.34104046242774566,0.6589595375722543,0.030003337607813516,1.5352589123080926,11.366750822379553,0.34104046242774566,11.366750822379553,0.34104046242774566,173.0,0.0215311004784689,0.04215456674473068,591.1078697799736
our_vol4,Our vol4 STNPP-GAT-HCL-ZINB,1,2020-01-15,0.04,0.04001616104836018,2278,70.0,0.4046242774566474,0.5953757225433526,0.04001616104836018,1.3657204175202418,10.111521616670135,0.4046242774566474,10.111521616670135,0.4046242774566474,173.0,0.02038073908174692,0.03994732221246708,591.1078697799736
our_vol4,Our vol4 STNPP-GAT-HCL-ZINB,1,2020-01-15,0.05,0.050011418131993605,2847,78.0,0.4508670520231214,0.5491329479768786,0.050011418131993605,1.21765601217656,9.015282286800222,0.4508670520231214,9.015282286800222,0.4508670520231214,173.0,0.021345291479820627,0.04179838426413769,591.1078697799736
our_vol4,Our vol4 STNPP-GAT-HCL-ZINB,1,2020-01-15,0.06,0.06000667521562703,3416,83.0,0.4797687861271676,0.5202312138728324,0.06000667521562703,1.0798855061150143,7.995256934385618,0.4797687861271676,7.995256934385618,0.4797687861271676,173.0,0.023980815347721823,0.0468384074941452,591.1078697799736
our_vol4,Our vol4 STNPP-GAT-HCL-ZINB,1,2020-01-15,0.07,0.07000193229926045,3985,93.0,0.5375722543352601,0.4624277456647399,0.07000193229926045,1.0372229192806357,7.679391649320792,0.5375722543352601,7.679391649320792,0.5375722543352601,173.0,0.027194226060059286,0.05294855708908407,591.1078697799736
our_vol4,Our vol4 STNPP-GAT-HCL-ZINB,1,2020-01-15,0.08,0.08001475573980713,4555,97.0,0.5606936416184971,0.4393063583815029,0.08001475573980713,0.9464568849859739,7.007378032144058,0.5606936416184971,7.007378032144058,0.5606936416184971,173.0,0.0321776569227283,0.06234906695938529,591.1078697799736
our_vol4,Our vol4 STNPP-GAT-HCL-ZINB,1,2020-01-15,0.09,0.09001001282344055,5124,103.0,0.5953757225433526,0.4046242774566474,0.09001001282344055,0.8933992540549918,6.614549913588101,0.5953757225433526,6.614549913588101,0.5953757225433526,173.0,0.040723062861785314,0.07825917252146761,591.1078697799736
our_vol4,Our vol4 STNPP-GAT-HCL-ZINB,1,2020-01-15,0.1,0.10000526990707397,5693,105.0,0.6069364161849711,0.3930635838150289,0.10000526990707397,0.8197201241290474,6.069044328853303,0.6069364161849711,6.069044328853303,0.6069364161849711,173.0,0.04891754951635191,0.09327243983839803,591.1078697799736
our_vol4,Our vol4 STNPP-GAT-HCL-ZINB,2,2020-01-29,0.01,0.010012823440546666,570,27.0,0.15083798882681565,0.8491620111731844,0.010012823440546666,2.105263157894737,15.064481034989708,0.15083798882681565,15.064481034989708,0.15083798882681565,179.0,0.02425876010781671,0.04736842105263158,1503.424419101858
our_vol4,Our vol4 STNPP-GAT-HCL-ZINB,2,2020-01-29,0.02,0.02000808052418009,1139,40.0,0.22346368715083798,0.776536312849162,0.02000808052418009,1.5608233343088478,11.168671921365895,0.22346368715083798,11.168671921365895,0.22346368715083798,179.0,0.01923937360178971,0.03775241439859526,1503.424419101858
our_vol4,Our vol4 STNPP-GAT-HCL-ZINB,2,2020-01-29,0.03,0.030003337607813516,1708,53.0,0.29608938547486036,0.7039106145251397,0.030003337607813516,1.3791308873276087,9.868548271034763,0.29608938547486036,9.868548271034763,0.29608938547486036,179.0,0.0215311004784689,0.04215456674473068,1503.424419101858
our_vol4,Our vol4 STNPP-GAT-HCL-ZINB,2,2020-01-29,0.04,0.04001616104836018,2278,66.0,0.3687150837988827,0.6312849162011174,0.04001616104836018,1.2876792508047994,9.214154335126864,0.3687150837988827,9.214154335126864,0.3687150837988827,179.0,0.021753756447634,0.04258121158911326,1503.424419101858
our_vol4,Our vol4 STNPP-GAT-HCL-ZINB,2,2020-01-29,0.05,0.050011418131993605,2847,76.0,0.4245810055865922,0.5754189944134078,0.050011418131993605,1.1864340631463919,8.489681385678937,0.4245810055865922,8.489681385678937,0.4245810055865922,179.0,0.022813005209268905,0.04460835967685283,1503.424419101858
our_vol4,Our vol4 STNPP-GAT-HCL-ZINB,2,2020-01-29,0.06,0.06000667521562703,3416,83.0,0.46368715083798884,0.5363128491620112,0.06000667521562703,1.0798855061150143,7.7272594952442,0.46368715083798884,7.7272594952442,0.46368715083798884,179.0,0.025363950172594928,0.049473067915690866,1503.424419101858
our_vol4,Our vol4 STNPP-GAT-HCL-ZINB,2,2020-01-29,0.07,0.07000193229926045,3985,89.0,0.4972067039106145,0.5027932960893855,0.07000193229926045,0.9926111808169525,7.102756846554468,0.4972067039106145,7.102756846554468,0.4972067039106145,179.0,0.02838709677419355,0.05520702634880803,1503.424419101858
our_vol4,Our vol4 STNPP-GAT-HCL-ZINB,2,2020-01-29,0.08,0.08001475573980713,4555,93.0,0.5195530726256983,0.4804469273743017,0.08001475573980713,0.9074277350896451,6.493215755293771,0.5195530726256983,6.493215755293771,0.5195530726256983,179.0,0.03264565858082068,0.06322722283205269,1503.424419101858
our_vol4,Our vol4 STNPP-GAT-HCL-ZINB,2,2020-01-29,0.09,0.09001001282344055,5124,100.0,0.5586592178770949,0.44134078212290506,0.09001001282344055,0.8673779165582444,6.206634132726265,0.5586592178770949,6.206634132726265,0.5586592178770949,179.0,0.041251778093883355,0.07923497267759563,1503.424419101858
our_vol4,Our vol4 STNPP-GAT-HCL-ZINB,2,2020-01-29,0.1,0.10000526990707397,5693,103.0,0.5754189944134078,0.4245810055865922,0.10000526990707397,0.8041064074789702,5.753886719650811,0.5754189944134078,5.753886719650811,0.5754189944134078,179.0,0.05124180592743052,0.09748814333391885,1503.424419101858
our_vol4,Our vol4 STNPP-GAT-HCL-ZINB,3,2020-02-12,0.01,0.010012823440546666,570,22.0,0.13836477987421383,0.8616352201257862,0.010012823440546666,1.7153996101364524,13.818757585788369,0.13836477987421383,13.818757585788369,0.13836477987421383,159.0,0.01876675603217158,0.03684210526315789,2412.551081619783
our_vol4,Our vol4 STNPP-GAT-HCL-ZINB,3,2020-02-12,0.02,0.02000808052418009,1139,40.0,0.25157232704402516,0.7484276729559749,0.02000808052418009,1.5608233343088478,12.573536313990536,0.25157232704402516,12.573536313990536,0.25157232704402516,159.0,0.018328118015198926,0.035996488147497806,2412.551081619783
our_vol4,Our vol4 STNPP-GAT-HCL-ZINB,3,2020-02-12,0.03,0.030003337607813516,1708,53.0,0.3333333333333333,0.6666666666666667,0.030003337607813516,1.3791308873276087,11.109875097580014,0.3333333333333333,11.109875097580014,0.3333333333333333,159.0,0.02092050209205021,0.040983606557377046,2412.551081619783
our_vol4,Our vol4 STNPP-GAT-HCL-ZINB,3,2020-02-12,0.04,0.04001616104836018,2278,59.0,0.3710691823899371,0.628930817610063,0.04001616104836018,1.1511072090527752,9.27298303156802,0.3710691823899371,9.27298303156802,0.3710691823899371,159.0,0.01923937360178971,0.03775241439859526,2412.551081619783
our_vol4,Our vol4 STNPP-GAT-HCL-ZINB,3,2020-02-12,0.05,0.050011418131993605,2847,65.0,0.4088050314465409,0.5911949685534591,0.050011418131993605,1.0147133434804667,8.17423393928951,0.4088050314465409,8.17423393928951,0.4088050314465409,159.0,0.01933404940923738,0.037934668071654375,2412.551081619783
our_vol4,Our vol4 STNPP-GAT-HCL-ZINB,3,2020-02-12,0.06,0.06000667521562703,3416,70.0,0.44025157232704404,0.559748427672956,0.06000667521562703,0.9107468123861566,7.33670997010001,0.44025157232704404,7.33670997010001,0.44025157232704404,159.0,0.022448368751870697,0.043911007025761124,2412.551081619783
our_vol4,Our vol4 STNPP-GAT-HCL-ZINB,3,2020-02-12,0.07,0.07000193229926045,3985,75.0,0.4716981132075472,0.5283018867924528,0.07000193229926045,0.8364700961940611,6.738358466892357,0.4716981132075472,6.738358466892357,0.4716981132075472,159.0,0.02560802985458757,0.049937264742785446,2412.551081619783
our_vol4,Our vol4 STNPP-GAT-HCL-ZINB,3,2020-02-12,0.08,0.08001475573980713,4555,77.0,0.48427672955974843,0.5157232704402516,0.08001475573980713,0.7513111355043298,6.05234278455495,0.48427672955974843,6.05234278455495,0.48427672955974843,159.0,0.029145955716222322,0.0566410537870472,2412.551081619783
our_vol4,Our vol4 STNPP-GAT-HCL-ZINB,3,2020-02-12,0.09,0.09001001282344055,5124,86.0,0.5408805031446541,0.4591194968553459,0.09001001282344055,0.7459450082400901,6.009114832653341,0.5408805031446541,6.009114832653341,0.5408805031446541,159.0,0.039350912778904665,0.07572209211553474,2412.551081619783
our_vol4,Our vol4 STNPP-GAT-HCL-ZINB,3,2020-02-12,0.1,0.10000526990707397,5693,91.0,0.5723270440251572,0.4276729559748428,0.10000526990707397,0.7104241075785077,5.722968845111563,0.5723270440251572,5.722968845111563,0.5723270440251572,159.0,0.049014188317670904,0.0934480941507114,2412.551081619783
our_vol4,Our vol4 STNPP-GAT-HCL-ZINB,4,2020-02-26,0.01,0.010012823440546666,570,16.0,0.09523809523809523,0.9047619047619048,0.010012823440546666,1.2475633528265109,9.511612364243941,0.09523809523809523,9.511612364243941,0.09523809523809523,168.0,0.014234875444839857,0.028070175438596492,2869.995895072828
our_vol4,Our vol4 STNPP-GAT-HCL-ZINB,4,2020-02-26,0.02,0.02000808052418009,1139,26.0,0.15476190476190477,0.8452380952380952,0.02000808052418009,1.014535167300751,7.734970107445964,0.15476190476190477,7.734970107445964,0.15476190476190477,168.0,0.011994669035984007,0.02370500438981563,2869.995895072828
our_vol4,Our vol4 STNPP-GAT-HCL-ZINB,4,2020-02-26,0.03,0.030003337607813516,1708,36.0,0.21428571428571427,0.7857142857142857,0.030003337607813516,0.936768149882904,7.142062562730009,0.21428571428571427,7.142062562730009,0.21428571428571427,168.0,0.015156017830609212,0.029859484777517563,2869.995895072828
our_vol4,Our vol4 STNPP-GAT-HCL-ZINB,4,2020-02-26,0.04,0.04001616104836018,2278,45.0,0.26785714285714285,0.7321428571428572,0.04001616104836018,0.8779631255487269,6.693724131443623,0.26785714285714285,6.693724131443623,0.26785714285714285,168.0,0.01651048639000446,0.0324846356453029,2869.995895072828
our_vol4,Our vol4 STNPP-GAT-HCL-ZINB,4,2020-02-26,0.05,0.050011418131993605,2847,54.0,0.32142857142857145,0.6785714285714286,0.050011418131993605,0.8429926238145415,6.427103718199609,0.32142857142857145,6.427103718199609,0.32142857142857145,168.0,0.018604651162790697,0.0365296803652968,2869.995895072828
our_vol4,Our vol4 STNPP-GAT-HCL-ZINB,4,2020-02-26,0.06,0.06000667521562703,3416,63.0,0.375,0.625,0.06000667521562703,0.819672131147541,6.249304742388759,0.375,6.249304742388759,0.375,168.0,0.022601406975003742,0.04420374707259953,2869.995895072828
our_vol4,Our vol4 STNPP-GAT-HCL-ZINB,4,2020-02-26,0.07,0.07000193229926045,3985,71.0,0.4226190476190476,0.5773809523809523,0.07000193229926045,0.7918583577303778,6.037248312122842,0.4226190476190476,6.037248312122842,0.4226190476190476,168.0,0.02560802985458757,0.049937264742785446,2869.995895072828
our_vol4,Our vol4 STNPP-GAT-HCL-ZINB,4,2020-02-26,0.08,0.08001475573980713,4555,77.0,0.4583333333333333,0.5416666666666667,0.08001475573980713,0.7513111355043298,5.728110135382363,0.4583333333333333,5.728110135382363,0.4583333333333333,168.0,0.029262230256468194,0.05686059275521405,2869.995895072828
our_vol4,Our vol4 STNPP-GAT-HCL-ZINB,4,2020-02-26,0.09,0.09001001282344055,5124,87.0,0.5178571428571429,0.4821428571428571,0.09001001282344055,0.7546187874056726,5.753328175532508,0.5178571428571429,5.753328175532508,0.5178571428571429,168.0,0.039983762938908055,0.07689305230288837,2869.995895072828
our_vol4,Our vol4 STNPP-GAT-HCL-ZINB,4,2020-02-26,0.1,0.10000526990707397,5693,92.0,0.5476190476190477,0.45238095238095233,0.10000526990707397,0.7182309659035463,5.475901901248819,0.5476190476190477,5.475901901248819,0.5476190476190477,168.0,0.04824157613699134,0.09204285965220446,2869.995895072828
our_vol4,Our vol4 STNPP-GAT-HCL-ZINB,5,2020-03-11,0.01,0.010012823440546666,570,33.0,0.1952662721893491,0.8047337278106509,0.010012823440546666,2.5730994152046787,19.50161943319838,0.1952662721893491,19.50161943319838,0.1952662721893491,169.0,0.02981029810298103,0.05789473684210526,495.61146542993447
our_vol4,Our vol4 STNPP-GAT-HCL-ZINB,5,2020-03-11,0.02,0.02000808052418009,1139,42.0,0.2485207100591716,0.7514792899408285,0.02000808052418009,1.6388645010242902,12.421017086513135,0.2485207100591716,12.421017086513135,0.2485207100591716,169.0,0.019695613249776187,0.038630377524143986,495.61146542993447
our_vol4,Our vol4 STNPP-GAT-HCL-ZINB,5,2020-03-11,0.03,0.030003337607813516,1708,52.0,0.3076923076923077,0.6923076923076923,0.030003337607813516,1.3531095498308614,10.255269320843091,0.3076923076923077,10.255269320843091,0.3076923076923077,169.0,0.02031063321385902,0.03981264637002342,495.61146542993447
our_vol4,Our vol4 STNPP-GAT-HCL-ZINB,5,2020-03-11,0.04,0.04001616104836018,2278,64.0,0.378698224852071,0.6213017751479291,0.04001616104836018,1.2486586674470783,9.463632065914771,0.378698224852071,9.463632065914771,0.378698224852071,169.0,0.021295673615781215,0.04170324846356453,495.61146542993447
our_vol4,Our vol4 STNPP-GAT-HCL-ZINB,5,2020-03-11,0.05,0.050011418131993605,2847,74.0,0.4378698224852071,0.5621301775147929,0.050011418131993605,1.1552121141162237,8.755397044122018,0.4378698224852071,8.755397044122018,0.4378698224852071,169.0,0.023180592991913745,0.045310853530031614,495.61146542993447
our_vol4,Our vol4 STNPP-GAT-HCL-ZINB,5,2020-03-11,0.06,0.06000667521562703,3416,82.0,0.48520710059171596,0.514792899408284,0.06000667521562703,1.0668748373666406,8.08588542604936,0.48520710059171596,8.08588542604936,0.48520710059171596,169.0,0.027522935779816515,0.05357142857142857,495.61146542993447
our_vol4,Our vol4 STNPP-GAT-HCL-ZINB,5,2020-03-11,0.07,0.07000193229926045,3985,87.0,0.514792899408284,0.485207100591716,0.07000193229926045,0.9703053115851109,7.353981275938616,0.514792899408284,7.353981275938616,0.514792899408284,169.0,0.02918388429752066,0.05671267252195734,495.61146542993447
our_vol4,Our vol4 STNPP-GAT-HCL-ZINB,5,2020-03-11,0.08,0.08001475573980713,4555,92.0,0.5443786982248521,0.4556213017751479,0.08001475573980713,0.8976704476155629,6.803478848264797,0.5443786982248521,6.803478848264797,0.5443786982248521,169.0,0.03334845735027223,0.0645444566410538,495.61146542993447
our_vol4,Our vol4 STNPP-GAT-HCL-ZINB,5,2020-03-11,0.09,0.09001001282344055,5124,98.0,0.5798816568047337,0.4201183431952663,0.09001001282344055,0.8500303582270795,6.442412778478351,0.5798816568047337,6.442412778478351,0.5798816568047337,169.0,0.04231082180634662,0.08118657298985169,495.61146542993447
our_vol4,Our vol4 STNPP-GAT-HCL-ZINB,5,2020-03-11,0.1,0.10000526990707397,5693,102.0,0.6035502958579881,0.39644970414201186,0.10000526990707397,0.7962995491539318,6.035184909943386,0.6035502958579881,6.035184909943386,0.6035502958579881,169.0,0.051727323111029004,0.09836641489548568,495.61146542993447
our_vol4,Our vol4 STNPP-GAT-HCL-ZINB,6,2020-03-25,0.01,0.010012823440546666,570,19.0,0.11377245508982035,0.8862275449101796,0.010012823440546666,1.4814814814814816,11.362674650698601,0.11377245508982035,11.362674650698601,0.11377245508982035,167.0,0.01694915254237288,0.03333333333333333,945.900347914803
our_vol4,Our vol4 STNPP-GAT-HCL-ZINB,6,2020-03-25,0.02,0.02000808052418009,1139,30.0,0.17964071856287425,0.8203592814371258,0.02000808052418009,1.170617500731636,8.978408415828572,0.17964071856287425,8.978408415828572,0.17964071856287425,167.0,0.014699331848552339,0.02897278314310799,945.900347914803
our_vol4,Our vol4 STNPP-GAT-HCL-ZINB,6,2020-03-25,0.03,0.030003337607813516,1708,41.0,0.24550898203592814,0.7544910179640718,0.030003337607813516,1.0668748373666406,8.182722377259532,0.24550898203592814,8.182722377259532,0.24550898203592814,167.0,0.017878426698450536,0.0351288056206089,945.900347914803
our_vol4,Our vol4 STNPP-GAT-HCL-ZINB,6,2020-03-25,0.04,0.04001616104836018,2278,47.0,0.281437125748503,0.718562874251497,0.04001616104836018,0.9169837089064481,7.033086592399048,0.281437125748503,7.033086592399048,0.281437125748503,167.0,0.017418490397498883,0.03424056189640035,945.900347914803
our_vol4,Our vol4 STNPP-GAT-HCL-ZINB,6,2020-03-25,0.05,0.050011418131993605,2847,55.0,0.32934131736526945,0.6706586826347305,0.050011418131993605,0.8586035983296256,6.5853225056735845,0.32934131736526945,6.5853225056735845,0.32934131736526945,167.0,0.01896921975662133,0.03723217421847559,945.900347914803
our_vol4,Our vol4 STNPP-GAT-HCL-ZINB,6,2020-03-25,0.06,0.06000667521562703,3416,61.0,0.3652694610778443,0.6347305389221557,0.06000667521562703,0.7936507936507936,6.087147134302823,0.3652694610778443,6.087147134302823,0.3652694610778443,167.0,0.022754491017964073,0.04449648711943794,945.900347914803
our_vol4,Our vol4 STNPP-GAT-HCL-ZINB,6,2020-03-25,0.07,0.07000193229926045,3985,68.0,0.40718562874251496,0.592814371257485,0.07000193229926045,0.7583995538826154,5.816776985552108,0.40718562874251496,5.816776985552108,0.40718562874251496,167.0,0.026532715095311694,0.05169385194479297,945.900347914803
our_vol4,Our vol4 STNPP-GAT-HCL-ZINB,6,2020-03-25,0.08,0.08001475573980713,4555,78.0,0.46706586826347307,0.5329341317365269,0.08001475573980713,0.761068422978412,5.837246692126175,0.46706586826347307,5.837246692126175,0.46706586826347307,167.0,0.032060722782372264,0.062129527991218444,945.900347914803
our_vol4,Our vol4 STNPP-GAT-HCL-ZINB,6,2020-03-25,0.09,0.09001001282344055,5124,87.0,0.5209580838323353,0.47904191616766467,0.09001001282344055,0.7546187874056726,5.787779242451864,0.5209580838323353,5.787779242451864,0.5209580838323353,167.0,0.041251778093883355,0.07923497267759563,945.900347914803
our_vol4,Our vol4 STNPP-GAT-HCL-ZINB,6,2020-03-25,0.1,0.10000526990707397,5693,92.0,0.5508982035928144,0.4491017964071856,0.10000526990707397,0.7182309659035463,5.5086917329928236,0.5508982035928144,5.5086917329928236,0.5508982035928144,167.0,0.051047724545370626,0.09713683470929212,945.900347914803
our_vol4,Our vol4 STNPP-GAT-HCL-ZINB,7,2020-04-08,0.01,0.010012823440546666,570,18.0,0.12080536912751678,0.8791946308724832,0.010012823440546666,1.4035087719298247,12.065065347933592,0.12080536912751678,12.065065347933592,0.12080536912751678,149.0,0.015138023152270703,0.02982456140350877,1554.6582504290805
our_vol4,Our vol4 STNPP-GAT-HCL-ZINB,7,2020-04-08,0.02,0.02000808052418009,1139,22.0,0.1476510067114094,0.8523489932885906,0.02000808052418009,0.8584528338698663,7.379568796365587,0.1476510067114094,7.379568796365587,0.1476510067114094,149.0,0.011096316023080338,0.021949078138718173,1554.6582504290805
our_vol4,Our vol4 STNPP-GAT-HCL-ZINB,7,2020-04-08,0.03,0.030003337607813516,1708,37.0,0.2483221476510067,0.7516778523489933,0.030003337607813516,0.9627894873796513,8.276484133096522,0.2483221476510067,8.276484133096522,0.2483221476510067,149.0,0.01696933611193808,0.03337236533957846,1554.6582504290805
our_vol4,Our vol4 STNPP-GAT-HCL-ZINB,7,2020-04-08,0.04,0.04001616104836018,2278,49.0,0.3288590604026846,0.6711409395973154,0.04001616104836018,0.9560042922641693,8.218156159588949,0.3288590604026846,8.218156159588949,0.3288590604026846,149.0,0.01719133735208752,0.033801580333625986,1554.6582504290805
our_vol4,Our vol4 STNPP-GAT-HCL-ZINB,7,2020-04-08,0.05,0.050011418131993605,2847,56.0,0.37583892617449666,0.6241610738255033,0.050011418131993605,0.8742145728447097,7.515062364009684,0.37583892617449666,7.515062364009684,0.37583892617449666,149.0,0.02061301308478222,0.04039339655778012,1554.6582504290805
our_vol4,Our vol4 STNPP-GAT-HCL-ZINB,7,2020-04-08,0.06,0.06000667521562703,3416,60.0,0.40268456375838924,0.5973154362416108,0.06000667521562703,0.78064012490242,6.710662810618801,0.40268456375838924,6.710662810618801,0.40268456375838924,149.0,0.023673958645489962,0.04625292740046839,1554.6582504290805
our_vol4,Our vol4 STNPP-GAT-HCL-ZINB,7,2020-04-08,0.07,0.07000193229926045,3985,67.0,0.44966442953020136,0.5503355704697986,0.07000193229926045,0.7472466192666946,6.423600245888525,0.44966442953020136,6.423600245888525,0.44966442953020136,149.0,0.027194226060059286,0.05294855708908407,1554.6582504290805
our_vol4,Our vol4 STNPP-GAT-HCL-ZINB,7,2020-04-08,0.08,0.08001475573980713,4555,74.0,0.4966442953020134,0.5033557046979866,0.08001475573980713,0.7220392730820832,6.206908847125733,0.4966442953020134,6.206908847125733,0.4966442953020134,149.0,0.02961121157323689,0.0575192096597146,1554.6582504290805
our_vol4,Our vol4 STNPP-GAT-HCL-ZINB,7,2020-04-08,0.09,0.09001001282344055,5124,77.0,0.5167785234899329,0.4832214765100671,0.09001001282344055,0.6678809957498482,5.7413448490849746,0.5167785234899329,5.7413448490849746,0.5167785234899329,149.0,0.03956177723676202,0.07611241217798595,1554.6582504290805
our_vol4,Our vol4 STNPP-GAT-HCL-ZINB,7,2020-04-08,0.1,0.10000526990707397,5693,79.0,0.5302013422818792,0.4697986577181208,0.10000526990707397,0.6167418076780452,5.301734026362294,0.5302013422818792,5.301734026362294,0.5302013422818792,149.0,0.05017524441984873,0.09555594589847181,1554.6582504290805
our_vol4,Our vol4 STNPP-GAT-HCL-ZINB,8,2020-04-22,0.01,0.010012823440546666,570,25.0,0.15151515151515152,0.8484848484848485,0.010012823440546666,1.9493177387914231,15.132110579479,0.15151515151515152,15.132110579479,0.15151515151515152,165.0,0.02242152466367713,0.043859649122807015,352.42072393074056
our_vol4,Our vol4 STNPP-GAT-HCL-ZINB,8,2020-04-22,0.02,0.02000808052418009,1139,37.0,0.22424242424242424,0.7757575757575758,0.02000808052418009,1.4437615842356843,11.207593050788837,0.22424242424242424,11.207593050788837,0.22424242424242424,165.0,0.017873100983020553,0.03511852502194908,352.42072393074056
our_vol4,Our vol4 STNPP-GAT-HCL-ZINB,8,2020-04-22,0.03,0.030003337607813516,1708,51.0,0.3090909090909091,0.6909090909090909,0.030003337607813516,1.327088212334114,10.301884181392378,0.3090909090909091,10.301884181392378,0.3090909090909091,165.0,0.02031063321385902,0.03981264637002342,352.42072393074056
our_vol4,Our vol4 STNPP-GAT-HCL-ZINB,8,2020-04-22,0.04,0.04001616104836018,2278,61.0,0.3696969696969697,0.6303030303030304,0.04001616104836018,1.1901277924104965,9.2386915688935,0.3696969696969697,9.2386915688935,0.3696969696969697,165.0,0.02060931899641577,0.04038630377524144,352.42072393074056
our_vol4,Our vol4 STNPP-GAT-HCL-ZINB,8,2020-04-22,0.05,0.050011418131993605,2847,66.0,0.4,0.6,0.050011418131993605,1.0303243179955508,7.998173515981736,0.4,7.998173515981736,0.4,165.0,0.022262118491921005,0.04355461889708465,352.42072393074056
our_vol4,Our vol4 STNPP-GAT-HCL-ZINB,8,2020-04-22,0.06,0.06000667521562703,3416,71.0,0.4303030303030303,0.5696969696969697,0.06000667521562703,0.9237574811345303,7.170919381165283,0.4303030303030303,7.170919381165283,0.4303030303030303,165.0,0.025671821047890706,0.05005854800936768,352.42072393074056
our_vol4,Our vol4 STNPP-GAT-HCL-ZINB,8,2020-04-22,0.07,0.07000193229926045,3985,78.0,0.4727272727272727,0.5272727272727273,0.07000193229926045,0.8699289000418235,6.7530603399110305,0.4727272727272727,6.7530603399110305,0.4727272727272727,165.0,0.028121775025799794,0.05470514429109159,352.42072393074056
our_vol4,Our vol4 STNPP-GAT-HCL-ZINB,8,2020-04-22,0.08,0.08001475573980713,4555,82.0,0.49696969696969695,0.503030303030303,0.08001475573980713,0.8000975728747408,6.210975617869141,0.49696969696969695,6.210975617869141,0.49696969696969695,165.0,0.03194381513366561,0.061909989023051594,352.42072393074056
our_vol4,Our vol4 STNPP-GAT-HCL-ZINB,8,2020-04-22,0.09,0.09001001282344055,5124,91.0,0.5515151515151515,0.4484848484848485,0.09001001282344055,0.7893139040680024,6.127264447756251,0.5515151515151515,6.127264447756251,0.5515151515151515,165.0,0.041886945912972755,0.08040593286494926,352.42072393074056
our_vol4,Our vol4 STNPP-GAT-HCL-ZINB,8,2020-04-22,0.1,0.10000526990707397,5693,93.0,0.5636363636363636,0.4363636363636364,0.10000526990707397,0.7260378242285848,5.636066620890088,0.5636363636363636,5.636066620890088,0.5636363636363636,165.0,0.05269970414201183,0.10012295801861935,352.42072393074056
our_vol4,Our vol4 STNPP-GAT-HCL-ZINB,9,2020-05-06,0.01,0.010012823440546666,570,23.0,0.1402439024390244,0.8597560975609756,0.010012823440546666,1.7933723196881093,14.00642918271288,0.1402439024390244,14.00642918271288,0.1402439024390244,164.0,0.020590868397493287,0.04035087719298246,389.89927918218973
our_vol4,Our vol4 STNPP-GAT-HCL-ZINB,9,2020-05-06,0.02,0.02000808052418009,1139,43.0,0.2621951219512195,0.7378048780487805,0.02000808052418009,1.6778850843820114,13.104461551639222,0.2621951219512195,13.104461551639222,0.2621951219512195,164.0,0.02060931899641577,0.04038630377524144,389.89927918218973
our_vol4,Our vol4 STNPP-GAT-HCL-ZINB,9,2020-05-06,0.03,0.030003337607813516,1708,50.0,0.3048780487804878,0.6951219512195121,0.030003337607813516,1.3010668748373666,10.16147112583538,0.3048780487804878,10.16147112583538,0.3048780487804878,164.0,0.020005971931919976,0.039227166276346606,389.89927918218973
our_vol4,Our vol4 STNPP-GAT-HCL-ZINB,9,2020-05-06,0.04,0.04001616104836018,2278,56.0,0.34146341463414637,0.6585365853658536,0.04001616104836018,1.0925763340161936,8.533137754555773,0.34146341463414637,8.533137754555773,0.34146341463414637,164.0,0.018783542039355994,0.03687445127304653,389.89927918218973
our_vol4,Our vol4 STNPP-GAT-HCL-ZINB,9,2020-05-06,0.05,0.050011418131993605,2847,65.0,0.39634146341463417,0.6036585365853658,0.050011418131993605,1.0147133434804667,7.925019489920927,0.39634146341463417,7.925019489920927,0.39634146341463417,164.0,0.021528525296017224,0.04214963119072708,389.89927918218973
our_vol4,Our vol4 STNPP-GAT-HCL-ZINB,9,2020-05-06,0.06,0.06000667521562703,3416,73.0,0.4451219512195122,0.5548780487804879,0.06000667521562703,0.9497788186312777,7.417873921859828,0.4451219512195122,7.417873921859828,0.4451219512195122,164.0,0.02675082657048392,0.052107728337236536,389.89927918218973
our_vol4,Our vol4 STNPP-GAT-HCL-ZINB,9,2020-05-06,0.07,0.07000193229926045,3985,79.0,0.4817073170731707,0.5182926829268293,0.07000193229926045,0.8810818346577444,6.881343146555682,0.4817073170731707,6.881343146555682,0.4817073170731707,164.0,0.028121775025799794,0.05470514429109159,389.89927918218973
our_vol4,Our vol4 STNPP-GAT-HCL-ZINB,9,2020-05-06,0.08,0.08001475573980713,4555,87.0,0.5304878048780488,0.4695121951219512,0.08001475573980713,0.8488840102451519,6.629874702149875,0.5304878048780488,6.629874702149875,0.5304878048780488,164.0,0.03393485415957326,0.06564215148188804,389.89927918218973
our_vol4,Our vol4 STNPP-GAT-HCL-ZINB,9,2020-05-06,0.09,0.09001001282344055,5124,91.0,0.5548780487804879,0.44512195121951215,0.09001001282344055,0.7893139040680024,6.164625816340131,0.5548780487804879,6.164625816340131,0.5548780487804879,164.0,0.04156926516922452,0.07982045277127245,389.89927918218973
our_vol4,Our vol4 STNPP-GAT-HCL-ZINB,9,2020-05-06,0.1,0.10000526990707397,5693,95.0,0.5792682926829268,0.4207317073170732,0.10000526990707397,0.7416515408786619,5.792377673908479,0.5792682926829268,5.792377673908479,0.5792682926829268,164.0,0.05153306243073513,0.09801510627085895,389.89927918218973
our_vol4,Our vol4 STNPP-GAT-HCL-ZINB,10,2020-05-20,0.01,0.010012823440546666,570,25.0,0.13227513227513227,0.8677248677248677,0.010012823440546666,1.9493177387914231,13.210572728116587,0.13227513227513227,13.210572728116587,0.13227513227513227,189.0,0.02242152466367713,0.043859649122807015,715.3919552235575
our_vol4,Our vol4 STNPP-GAT-HCL-ZINB,10,2020-05-20,0.02,0.02000808052418009,1139,37.0,0.19576719576719576,0.8042328042328042,0.02000808052418009,1.4437615842356843,9.784406631641048,0.19576719576719576,9.784406631641048,0.19576719576719576,189.0,0.016964285714285713,0.033362598770851626,715.3919552235575
our_vol4,Our vol4 STNPP-GAT-HCL-ZINB,10,2020-05-20,0.03,0.030003337607813516,1708,50.0,0.26455026455026454,0.7354497354497355,0.030003337607813516,1.3010668748373666,8.817361188555568,0.26455026455026454,8.817361188555568,0.26455026455026454,189.0,0.02031063321385902,0.03981264637002342,715.3919552235575
our_vol4,Our vol4 STNPP-GAT-HCL-ZINB,10,2020-05-20,0.04,0.04001616104836018,2278,57.0,0.30158730158730157,0.6984126984126984,0.04001616104836018,1.1120866256950541,7.536637540588375,0.30158730158730157,7.536637540588375,0.30158730158730157,189.0,0.019011406844106463,0.03731343283582089,715.3919552235575
our_vol4,Our vol4 STNPP-GAT-HCL-ZINB,10,2020-05-20,0.05,0.050011418131993605,2847,62.0,0.328042328042328,0.671957671957672,0.050011418131993605,0.9678804199352143,6.5593486506728516,0.328042328042328,6.5593486506728516,0.328042328042328,189.0,0.021162123385939743,0.0414471373375483,715.3919552235575
our_vol4,Our vol4 STNPP-GAT-HCL-ZINB,10,2020-05-20,0.06,0.06000667521562703,3416,71.0,0.37566137566137564,0.6243386243386244,0.06000667521562703,0.9237574811345303,6.260326443874453,0.37566137566137564,6.260326443874453,0.37566137566137564,189.0,0.02613397416641634,0.050936768149882905,715.3919552235575
our_vol4,Our vol4 STNPP-GAT-HCL-ZINB,10,2020-05-20,0.07,0.07000193229926045,3985,77.0,0.4074074074074074,0.5925925925925926,0.07000193229926045,0.8587759654259027,5.819945164738138,0.4074074074074074,5.819945164738138,0.4074074074074074,189.0,0.02838709677419355,0.05520702634880803,715.3919552235575
our_vol4,Our vol4 STNPP-GAT-HCL-ZINB,10,2020-05-20,0.08,0.08001475573980713,4555,85.0,0.4497354497354497,0.5502645502645502,0.08001475573980713,0.8293694352969875,5.6206564098989995,0.4497354497354497,5.6206564098989995,0.4497354497354497,189.0,0.033465683494044246,0.06476399560922064,715.3919552235575
our_vol4,Our vol4 STNPP-GAT-HCL-ZINB,10,2020-05-20,0.09,0.09001001282344055,5124,94.0,0.4973544973544973,0.5026455026455027,0.09001001282344055,0.8153352415647497,5.525546344828156,0.4973544973544973,5.525546344828156,0.4973544973544973,189.0,0.04241684467500763,0.08138173302107728,715.3919552235575
our_vol4,Our vol4 STNPP-GAT-HCL-ZINB,10,2020-05-20,0.1,0.10000526990707397,5693,103.0,0.544973544973545,0.455026455026455,0.10000526990707397,0.8041064074789702,5.449448268875637,0.544973544973545,5.449448268875637,0.544973544973545,189.0,0.05269970414201183,0.10012295801861935,715.3919552235575
our_vol4,Our vol4 STNPP-GAT-HCL-ZINB,11,2020-06-03,0.01,0.010012823440546666,570,18.0,0.11612903225806452,0.8838709677419355,0.010012823440546666,1.4035087719298247,11.598030560271647,0.11612903225806452,11.598030560271647,0.11612903225806452,155.0,0.015138023152270703,0.02982456140350877,1315.5656784065748
our_vol4,Our vol4 STNPP-GAT-HCL-ZINB,11,2020-06-03,0.02,0.02000808052418009,1139,36.0,0.23225806451612904,0.7677419354838709,0.02000808052418009,1.404741000877963,11.608213203432554,0.23225806451612904,11.608213203432554,0.23225806451612904,155.0,0.016964285714285713,0.033362598770851626,1315.5656784065748
our_vol4,Our vol4 STNPP-GAT-HCL-ZINB,11,2020-06-03,0.03,0.030003337607813516,1708,46.0,0.2967741935483871,0.7032258064516129,0.030003337607813516,1.1969815248503772,9.891372667522852,0.2967741935483871,9.891372667522852,0.2967741935483871,155.0,0.018485390578413835,0.03629976580796253,1315.5656784065748
our_vol4,Our vol4 STNPP-GAT-HCL-ZINB,11,2020-06-03,0.04,0.04001616104836018,2278,55.0,0.3548387096774194,0.6451612903225806,0.04001616104836018,1.0730660423373328,8.867385085955423,0.3548387096774194,8.867385085955423,0.3548387096774194,155.0,0.019695613249776187,0.038630377524143986,1315.5656784065748
our_vol4,Our vol4 STNPP-GAT-HCL-ZINB,11,2020-06-03,0.05,0.050011418131993605,2847,59.0,0.38064516129032255,0.6193548387096774,0.050011418131993605,0.9210474963899621,7.611165120047135,0.38064516129032255,7.611165120047135,0.38064516129032255,155.0,0.021711824869908487,0.042500878117316475,1315.5656784065748
our_vol4,Our vol4 STNPP-GAT-HCL-ZINB,11,2020-06-03,0.06,0.06000667521562703,3416,61.0,0.3935483870967742,0.6064516129032258,0.06000667521562703,0.7936507936507936,6.558410138248848,0.3935483870967742,6.558410138248848,0.3935483870967742,155.0,0.025979876858387145,0.0506440281030445,1315.5656784065748
our_vol4,Our vol4 STNPP-GAT-HCL-ZINB,11,2020-06-03,0.07,0.07000193229926045,3985,64.0,0.4129032258064516,0.5870967741935484,0.07000193229926045,0.7137878154189321,5.898454688954548,0.4129032258064516,5.898454688954548,0.4129032258064516,155.0,0.027724049000644745,0.053952321204516936,1315.5656784065748
our_vol4,Our vol4 STNPP-GAT-HCL-ZINB,11,2020-06-03,0.08,0.08001475573980713,4555,70.0,0.45161290322580644,0.5483870967741935,0.08001475573980713,0.6830101231857544,5.644120250699338,0.45161290322580644,5.644120250699338,0.45161290322580644,155.0,0.032879818594104306,0.06366630076838639,1315.5656784065748
our_vol4,Our vol4 STNPP-GAT-HCL-ZINB,11,2020-06-03,0.09,0.09001001282344055,5124,75.0,0.4838709677419355,0.5161290322580645,0.09001001282344055,0.6505334374186833,5.375746014958072,0.4838709677419355,5.375746014958072,0.4838709677419355,155.0,0.04241684467500763,0.08138173302107728,1315.5656784065748
our_vol4,Our vol4 STNPP-GAT-HCL-ZINB,11,2020-06-03,0.1,0.10000526990707397,5693,82.0,0.5290322580645161,0.47096774193548385,0.10000526990707397,0.6401623826531608,5.290043800252716,0.5290322580645161,5.290043800252716,0.5290322580645161,155.0,0.05163018379975986,0.09819076058317232,1315.5656784065748
our_vol4,Our vol4 STNPP-GAT-HCL-ZINB,12,2020-06-17,0.01,0.010012823440546666,570,32.0,0.15609756097560976,0.8439024390243902,0.010012823440546666,2.4951267056530217,15.589764655541291,0.15609756097560976,15.589764655541291,0.15609756097560976,205.0,0.02888086642599278,0.056140350877192984,1653.910667541747
our_vol4,Our vol4 STNPP-GAT-HCL-ZINB,12,2020-06-17,0.02,0.02000808052418009,1139,47.0,0.22926829268292684,0.7707317073170732,0.02000808052418009,1.8339674178128962,11.458784984689181,0.22926829268292684,11.458784984689181,0.22926829268292684,205.0,0.021982951996410947,0.04302019315188762,1653.910667541747
our_vol4,Our vol4 STNPP-GAT-HCL-ZINB,12,2020-06-17,0.03,0.030003337607813516,1708,60.0,0.2926829268292683,0.7073170731707317,0.030003337607813516,1.56128024980484,9.755012280801964,0.2926829268292683,9.755012280801964,0.2926829268292683,205.0,0.023060796645702306,0.045081967213114756,1653.910667541747
our_vol4,Our vol4 STNPP-GAT-HCL-ZINB,12,2020-06-17,0.04,0.04001616104836018,2278,77.0,0.375609756097561,0.624390243902439,0.04001616104836018,1.502292459272266,9.38645153001135,0.375609756097561,9.38645153001135,0.375609756097561,205.0,0.024280575539568347,0.04741000877963126,1653.910667541747
our_vol4,Our vol4 STNPP-GAT-HCL-ZINB,12,2020-06-17,0.05,0.050011418131993605,2847,85.0,0.4146341463414634,0.5853658536585367,0.050011418131993605,1.3269328337821487,8.290789620224968,0.4146341463414634,8.290789620224968,0.4146341463414634,205.0,0.02631578947368421,0.05128205128205128,1653.910667541747
our_vol4,Our vol4 STNPP-GAT-HCL-ZINB,12,2020-06-17,0.06,0.06000667521562703,3416,93.0,0.45365853658536587,0.5463414634146342,0.06000667521562703,1.209992193598751,7.560134517621523,0.45365853658536587,7.560134517621523,0.45365853658536587,205.0,0.029846246608381068,0.057962529274004686,1653.910667541747
our_vol4,Our vol4 STNPP-GAT-HCL-ZINB,12,2020-06-17,0.07,0.07000193229926045,3985,99.0,0.48292682926829267,0.5170731707317073,0.07000193229926045,1.1041405269761606,6.898764268445696,0.48292682926829267,6.898764268445696,0.48292682926829267,205.0,0.031047865459249677,0.060225846925972396,1653.910667541747
our_vol4,Our vol4 STNPP-GAT-HCL-ZINB,12,2020-06-17,0.08,0.08001475573980713,4555,104.0,0.5073170731707317,0.4926829268292683,0.08001475573980713,1.0147578973045495,6.340293968032984,0.5073170731707317,6.340293968032984,0.5073170731707317,205.0,0.035580311469819256,0.06871569703622393,1653.910667541747
our_vol4,Our vol4 STNPP-GAT-HCL-ZINB,12,2020-06-17,0.09,0.09001001282344055,5124,108.0,0.526829268292683,0.47317073170731705,0.09001001282344055,0.9367681498829039,5.853007368481179,0.526829268292683,5.853007368481179,0.526829268292683,205.0,0.04337202199144777,0.08313817330210772,1653.910667541747
our_vol4,Our vol4 STNPP-GAT-HCL-ZINB,12,2020-06-17,0.1,0.10000526990707397,5693,112.0,0.5463414634146342,0.4536585365853658,0.10000526990707397,0.8743681324043172,5.463126732444209,0.5463414634146342,5.463126732444209,0.5463414634146342,205.0,0.051727323111029004,0.09836641489548568,1653.910667541747
our_vol4,Our vol4 STNPP-GAT-HCL-ZINB,13,2020-07-01,0.01,0.010012823440546666,570,21.0,0.0995260663507109,0.9004739336492891,0.010012823440546666,1.6374269005847955,9.93986031429284,0.0995260663507109,9.93986031429284,0.0995260663507109,211.0,0.01876675603217158,0.03684210526315789,201.93913571923807
our_vol4,Our vol4 STNPP-GAT-HCL-ZINB,13,2020-07-01,0.02,0.02000808052418009,1139,40.0,0.1895734597156398,0.8104265402843602,0.02000808052418009,1.5608233343088478,9.474844900116091,0.1895734597156398,9.474844900116091,0.1895734597156398,211.0,0.018783542039355994,0.03687445127304653,201.93913571923807
our_vol4,Our vol4 STNPP-GAT-HCL-ZINB,13,2020-07-01,0.03,0.030003337607813516,1708,50.0,0.23696682464454977,0.7630331753554502,0.030003337607813516,1.3010668748373666,7.898015472213281,0.23696682464454977,7.898015472213281,0.23696682464454977,211.0,0.022142429682824656,0.04332552693208431,201.93913571923807
our_vol4,Our vol4 STNPP-GAT-HCL-ZINB,13,2020-07-01,0.04,0.04001616104836018,2278,57.0,0.27014218009478674,0.7298578199052133,0.04001616104836018,1.1120866256950541,6.7508269913327155,0.27014218009478674,6.7508269913327155,0.27014218009478674,211.0,0.021982951996410947,0.04302019315188762,201.93913571923807
our_vol4,Our vol4 STNPP-GAT-HCL-ZINB,13,2020-07-01,0.05,0.050011418131993605,2847,63.0,0.2985781990521327,0.7014218009478673,0.050011418131993605,0.9834913944502985,5.970200610270726,0.2985781990521327,5.970200610270726,0.2985781990521327,211.0,0.022813005209268905,0.04460835967685283,201.93913571923807
our_vol4,Our vol4 STNPP-GAT-HCL-ZINB,13,2020-07-01,0.06,0.06000667521562703,3416,73.0,0.3459715639810427,0.6540284360189573,0.06000667521562703,0.9497788186312777,5.765551294715696,0.3459715639810427,5.765551294715696,0.3459715639810427,211.0,0.028141459744168547,0.0547423887587822,201.93913571923807
our_vol4,Our vol4 STNPP-GAT-HCL-ZINB,13,2020-07-01,0.07,0.07000193229926045,3985,77.0,0.36492890995260663,0.6350710900473934,0.07000193229926045,0.8587759654259027,5.2131262376090435,0.36492890995260663,5.2131262376090435,0.36492890995260663,211.0,0.02918388429752066,0.05671267252195734,201.93913571923807
our_vol4,Our vol4 STNPP-GAT-HCL-ZINB,13,2020-07-01,0.08,0.08001475573980713,4555,82.0,0.3886255924170616,0.6113744075829384,0.08001475573980713,0.8000975728747408,4.856924061366864,0.3886255924170616,4.856924061366864,0.3886255924170616,211.0,0.033700215590604786,0.06520307354555434,201.93913571923807
our_vol4,Our vol4 STNPP-GAT-HCL-ZINB,13,2020-07-01,0.09,0.09001001282344055,5124,85.0,0.4028436018957346,0.5971563981042654,0.09001001282344055,0.7372712290745077,4.475542100920859,0.4028436018957346,4.475542100920859,0.4028436018957346,211.0,0.04061738424045491,0.078064012490242,201.93913571923807
our_vol4,Our vol4 STNPP-GAT-HCL-ZINB,13,2020-07-01,0.1,0.10000526990707397,5693,90.0,0.4265402843601896,0.5734597156398105,0.10000526990707397,0.7026172492534691,4.265178072680927,0.4265402843601896,4.265178072680927,0.4265402843601896,211.0,0.05007839158904362,0.09538029158615843,201.93913571923807
our_vol4,Our vol4 STNPP-GAT-HCL-ZINB,14,2020-07-15,0.01,0.010012823440546666,570,21.0,0.11864406779661017,0.8813559322033898,0.010012823440546666,1.6374269005847955,11.849212013083555,0.11864406779661017,11.849212013083555,0.11864406779661017,177.0,0.01876675603217158,0.03684210526315789,3134.4999442072976
our_vol4,Our vol4 STNPP-GAT-HCL-ZINB,14,2020-07-15,0.02,0.02000808052418009,1139,30.0,0.1694915254237288,0.8305084745762712,0.02000808052418009,1.170617500731636,8.471153703069895,0.1694915254237288,8.471153703069895,0.1694915254237288,177.0,0.014247551202137132,0.028094820017559263,3134.4999442072976
our_vol4,Our vol4 STNPP-GAT-HCL-ZINB,14,2020-07-15,0.03,0.030003337607813516,1708,48.0,0.2711864406779661,0.728813559322034,0.030003337607813516,1.249024199843872,9.038542452268487,0.2711864406779661,9.038542452268487,0.2711864406779661,177.0,0.0215311004784689,0.04215456674473068,3134.4999442072976
our_vol4,Our vol4 STNPP-GAT-HCL-ZINB,14,2020-07-15,0.04,0.04001616104836018,2278,57.0,0.3220338983050847,0.6779661016949152,0.04001616104836018,1.1120866256950541,8.0475960179164,0.3220338983050847,8.0475960179164,0.3220338983050847,177.0,0.021295673615781215,0.04170324846356453,3134.4999442072976
our_vol4,Our vol4 STNPP-GAT-HCL-ZINB,14,2020-07-15,0.05,0.050011418131993605,2847,65.0,0.3672316384180791,0.6327683615819208,0.050011418131993605,1.0147133434804667,7.342955911565152,0.3672316384180791,7.342955911565152,0.3672316384180791,177.0,0.022629310344827586,0.044257112750263436,3134.4999442072976
our_vol4,Our vol4 STNPP-GAT-HCL-ZINB,14,2020-07-15,0.06,0.06000667521562703,3416,71.0,0.4011299435028249,0.5988700564971752,0.06000667521562703,0.9237574811345303,6.684755355323569,0.4011299435028249,6.684755355323569,0.4011299435028249,177.0,0.029225670382645376,0.056791569086651054,3134.4999442072976
our_vol4,Our vol4 STNPP-GAT-HCL-ZINB,14,2020-07-15,0.07,0.07000193229926045,3985,76.0,0.4293785310734463,0.5706214689265536,0.07000193229926045,0.8476230308099819,6.133809695964386,0.4293785310734463,6.133809695964386,0.4293785310734463,177.0,0.029449754585378456,0.057214554579673775,3134.4999442072976
our_vol4,Our vol4 STNPP-GAT-HCL-ZINB,14,2020-07-15,0.08,0.08001475573980713,4555,81.0,0.4576271186440678,0.5423728813559322,0.08001475573980713,0.7903402854006586,5.719284079703808,0.4576271186440678,5.719284079703808,0.4576271186440678,177.0,0.034756928668786914,0.06717892425905599,3134.4999442072976
our_vol4,Our vol4 STNPP-GAT-HCL-ZINB,14,2020-07-15,0.09,0.09001001282344055,5124,85.0,0.480225988700565,0.519774011299435,0.09001001282344055,0.7372712290745077,5.335250753075148,0.480225988700565,5.335250753075148,0.480225988700565,177.0,0.0417810308020738,0.08021077283372366,3134.4999442072976
our_vol4,Our vol4 STNPP-GAT-HCL-ZINB,14,2020-07-15,0.1,0.10000526990707397,5693,88.0,0.4971751412429379,0.5028248587570621,0.10000526990707397,0.6870035326033921,4.971489419556776,0.4971751412429379,4.971489419556776,0.4971751412429379,177.0,0.05133887349953832,0.09766379764623222,3134.4999442072976
our_vol4,Our vol4 STNPP-GAT-HCL-ZINB,15,2020-07-29,0.01,0.010012823440546666,570,20.0,0.12422360248447205,0.8757763975155279,0.010012823440546666,1.5594541910331385,12.406450909883404,0.12422360248447205,12.406450909883404,0.12422360248447205,161.0,0.017857142857142856,0.03508771929824561,971.892233488427
our_vol4,Our vol4 STNPP-GAT-HCL-ZINB,15,2020-07-29,0.02,0.02000808052418009,1139,29.0,0.18012422360248448,0.8198757763975155,0.02000808052418009,1.1315969173739147,9.00257390431838,0.18012422360248448,9.00257390431838,0.18012422360248448,161.0,0.014247551202137132,0.028094820017559263,971.892233488427
our_vol4,Our vol4 STNPP-GAT-HCL-ZINB,15,2020-07-29,0.03,0.030003337607813516,1708,34.0,0.2111801242236025,0.7888198757763976,0.030003337607813516,0.8847254748894093,7.0385544096469665,0.2111801242236025,7.0385544096469665,0.2111801242236025,161.0,0.016061867935752528,0.03161592505854801,971.892233488427
our_vol4,Our vol4 STNPP-GAT-HCL-ZINB,15,2020-07-29,0.04,0.04001616104836018,2278,39.0,0.2422360248447205,0.7577639751552795,0.04001616104836018,0.7609013754755634,6.053454866696842,0.2422360248447205,6.053454866696842,0.2422360248447205,161.0,0.016283738567923266,0.03204565408252853,971.892233488427
our_vol4,Our vol4 STNPP-GAT-HCL-ZINB,15,2020-07-29,0.05,0.050011418131993605,2847,50.0,0.3105590062111801,0.68944099378882,0.050011418131993605,0.7805487257542052,6.2097620465696695,0.3105590062111801,6.2097620465696695,0.3105590062111801,161.0,0.01969914040114613,0.03863716192483316,971.892233488427
our_vol4,Our vol4 STNPP-GAT-HCL-ZINB,15,2020-07-29,0.06,0.06000667521562703,3416,51.0,0.3167701863354037,0.6832298136645962,0.06000667521562703,0.663544106167057,5.278915807235225,0.3167701863354037,5.278915807235225,0.3167701863354037,161.0,0.024287856071964018,0.04742388758782201,971.892233488427
our_vol4,Our vol4 STNPP-GAT-HCL-ZINB,15,2020-07-29,0.07,0.07000193229926045,3985,60.0,0.37267080745341613,0.6273291925465838,0.07000193229926045,0.6691760769552489,5.3237217204267555,0.37267080745341613,5.3237217204267555,0.37267080745341613,161.0,0.027724049000644745,0.053952321204516936,971.892233488427
our_vol4,Our vol4 STNPP-GAT-HCL-ZINB,15,2020-07-29,0.08,0.08001475573980713,4555,71.0,0.4409937888198758,0.5590062111801242,0.08001475573980713,0.6927674106598366,5.511405799374109,0.4409937888198758,5.511405799374109,0.4409937888198758,161.0,0.033465683494044246,0.06476399560922064,971.892233488427
our_vol4,Our vol4 STNPP-GAT-HCL-ZINB,15,2020-07-29,0.09,0.09001001282344055,5124,75.0,0.4658385093167702,0.5341614906832298,0.09001001282344055,0.6505334374186833,5.175407654152181,0.4658385093167702,5.175407654152181,0.4658385093167702,161.0,0.04199288256227758,0.08060109289617487,971.892233488427
our_vol4,Our vol4 STNPP-GAT-HCL-ZINB,15,2020-07-29,0.1,0.10000526990707397,5693,87.0,0.5403726708074534,0.45962732919254656,0.10000526990707397,0.6791966742783535,5.403441951704884,0.5403726708074534,5.403441951704884,0.5403726708074534,161.0,0.049981556621173,0.09520463727384507,971.892233488427
our_vol4,Our vol4 STNPP-GAT-HCL-ZINB,16,2020-08-12,0.01,0.010012823440546666,570,21.0,0.13548387096774195,0.864516129032258,0.010012823440546666,1.6374269005847955,13.531035653650255,0.13548387096774195,13.531035653650255,0.13548387096774195,155.0,0.01876675603217158,0.03684210526315789,479.7030031981492
our_vol4,Our vol4 STNPP-GAT-HCL-ZINB,16,2020-08-12,0.02,0.02000808052418009,1139,29.0,0.1870967741935484,0.8129032258064516,0.02000808052418009,1.1315969173739147,9.351060636098445,0.1870967741935484,9.351060636098445,0.1870967741935484,155.0,0.014247551202137132,0.028094820017559263,479.7030031981492
our_vol4,Our vol4 STNPP-GAT-HCL-ZINB,16,2020-08-12,0.03,0.030003337607813516,1708,40.0,0.25806451612903225,0.7419354838709677,0.030003337607813516,1.0408534998698933,8.601193623932915,0.25806451612903225,8.601193623932915,0.25806451612903225,155.0,0.016666666666666666,0.03278688524590164,479.7030031981492
our_vol4,Our vol4 STNPP-GAT-HCL-ZINB,16,2020-08-12,0.04,0.04001616104836018,2278,53.0,0.3419354838709677,0.6580645161290323,0.04001616104836018,1.0340454589796118,8.544934719193407,0.3419354838709677,8.544934719193407,0.3419354838709677,155.0,0.017645744918472192,0.03467954345917471,479.7030031981492
our_vol4,Our vol4 STNPP-GAT-HCL-ZINB,16,2020-08-12,0.05,0.050011418131993605,2847,57.0,0.36774193548387096,0.6322580645161291,0.050011418131993605,0.8898255473597939,7.353159522757402,0.36774193548387096,7.353159522757402,0.36774193548387096,155.0,0.018604651162790697,0.0365296803652968,479.7030031981492
our_vol4,Our vol4 STNPP-GAT-HCL-ZINB,16,2020-08-12,0.06,0.06000667521562703,3416,60.0,0.3870967741935484,0.6129032258064516,0.06000667521562703,0.78064012490242,6.450895217949686,0.3870967741935484,6.450895217949686,0.3870967741935484,155.0,0.024134312696747113,0.0471311475409836,479.7030031981492
our_vol4,Our vol4 STNPP-GAT-HCL-ZINB,16,2020-08-12,0.07,0.07000193229926045,3985,69.0,0.44516129032258067,0.5548387096774193,0.07000193229926045,0.7695524884985362,6.359271461529122,0.44516129032258067,6.359271461529122,0.44516129032258067,155.0,0.026664949117609173,0.05194479297365119,479.7030031981492
our_vol4,Our vol4 STNPP-GAT-HCL-ZINB,16,2020-08-12,0.08,0.08001475573980713,4555,77.0,0.4967741935483871,0.5032258064516129,0.08001475573980713,0.7513111355043298,6.208532275769271,0.4967741935483871,6.208532275769271,0.4967741935483871,155.0,0.03194381513366561,0.061909989023051594,479.7030031981492
our_vol4,Our vol4 STNPP-GAT-HCL-ZINB,16,2020-08-12,0.09,0.09001001282344055,5124,83.0,0.535483870967742,0.46451612903225803,0.09001001282344055,0.7199236707433428,5.949158923220266,0.535483870967742,5.949158923220266,0.535483870967742,155.0,0.04051172707889126,0.0778688524590164,479.7030031981492
our_vol4,Our vol4 STNPP-GAT-HCL-ZINB,16,2020-08-12,0.1,0.10000526990707397,5693,84.0,0.5419354838709678,0.4580645161290322,0.10000526990707397,0.6557760993032379,5.419069258795465,0.5419354838709678,5.419069258795465,0.5419354838709678,155.0,0.047952139898757476,0.09151589671526436,479.7030031981492
our_vol4,Our vol4 STNPP-GAT-HCL-ZINB,17,2020-08-26,0.01,0.010012823440546666,570,19.0,0.11377245508982035,0.8862275449101796,0.010012823440546666,1.4814814814814816,11.362674650698601,0.11377245508982035,11.362674650698601,0.11377245508982035,167.0,0.01694915254237288,0.03333333333333333,250.47206512248638
our_vol4,Our vol4 STNPP-GAT-HCL-ZINB,17,2020-08-26,0.02,0.02000808052418009,1139,37.0,0.2215568862275449,0.7784431137724551,0.02000808052418009,1.4437615842356843,11.073370379521904,0.2215568862275449,11.073370379521904,0.2215568862275449,167.0,0.016964285714285713,0.033362598770851626,250.47206512248638
our_vol4,Our vol4 STNPP-GAT-HCL-ZINB,17,2020-08-26,0.03,0.030003337607813516,1708,46.0,0.2754491017964072,0.7245508982035929,0.030003337607813516,1.1969815248503772,9.18061535009606,0.2754491017964072,9.18061535009606,0.2754491017964072,167.0,0.01757521596663688,0.03454332552693208,250.47206512248638
our_vol4,Our vol4 STNPP-GAT-HCL-ZINB,17,2020-08-26,0.04,0.04001616104836018,2278,55.0,0.32934131736526945,0.6706586826347305,0.04001616104836018,1.0730660423373328,8.230207714509524,0.32934131736526945,8.230207714509524,0.32934131736526945,167.0,0.01719133735208752,0.033801580333625986,250.47206512248638
our_vol4,Our vol4 STNPP-GAT-HCL-ZINB,17,2020-08-26,0.05,0.050011418131993605,2847,62.0,0.3712574850299401,0.6287425149700598,0.050011418131993605,0.9678804199352143,7.423454460941131,0.3712574850299401,7.423454460941131,0.3712574850299401,167.0,0.01969914040114613,0.03863716192483316,250.47206512248638
our_vol4,Our vol4 STNPP-GAT-HCL-ZINB,17,2020-08-26,0.06,0.06000667521562703,3416,69.0,0.41317365269461076,0.5868263473053892,0.06000667521562703,0.897736143637783,6.8854615125720455,0.41317365269461076,6.8854615125720455,0.41317365269461076,167.0,0.024441445494077074,0.04771662763466042,250.47206512248638
our_vol4,Our vol4 STNPP-GAT-HCL-ZINB,17,2020-08-26,0.07,0.07000193229926045,3985,70.0,0.41916167664670656,0.5808383233532934,0.07000193229926045,0.780705423114457,5.987858661597758,0.41916167664670656,5.987858661597758,0.41916167664670656,167.0,0.027061855670103094,0.05269761606022585,250.47206512248638
our_vol4,Our vol4 STNPP-GAT-HCL-ZINB,17,2020-08-26,0.08,0.08001475573980713,4555,73.0,0.437125748502994,0.562874251497006,0.08001475573980713,0.712281985608001,5.463064211861677,0.437125748502994,5.463064211861677,0.437125748502994,167.0,0.031710079275198186,0.06147091108671789,250.47206512248638
our_vol4,Our vol4 STNPP-GAT-HCL-ZINB,17,2020-08-26,0.09,0.09001001282344055,5124,81.0,0.48502994011976047,0.5149700598802396,0.09001001282344055,0.702576112412178,5.388622053317253,0.48502994011976047,5.388622053317253,0.48502994011976047,167.0,0.040723062861785314,0.07825917252146761,250.47206512248638
our_vol4,Our vol4 STNPP-GAT-HCL-ZINB,17,2020-08-26,0.1,0.10000526990707397,5693,82.0,0.49101796407185627,0.5089820359281437,0.10000526990707397,0.6401623826531608,4.909920892450125,0.49101796407185627,4.909920892450125,0.49101796407185627,167.0,0.04727740986019132,0.09028631652907079,250.47206512248638
our_vol4,Our vol4 STNPP-GAT-HCL-ZINB,18,2020-09-09,0.01,0.010012823440546666,570,14.0,0.0979020979020979,0.9020979020979021,0.010012823440546666,1.091617933723197,9.777671451355662,0.0979020979020979,9.777671451355662,0.0979020979020979,143.0,0.012433392539964476,0.02456140350877193,1492.566219188444
our_vol4,Our vol4 STNPP-GAT-HCL-ZINB,18,2020-09-09,0.02,0.02000808052418009,1139,26.0,0.18181818181818182,0.8181818181818181,0.02000808052418009,1.014535167300751,9.087237608747706,0.18181818181818182,9.087237608747706,0.18181818181818182,143.0,0.012444444444444444,0.024582967515364356,1492.566219188444
our_vol4,Our vol4 STNPP-GAT-HCL-ZINB,18,2020-09-09,0.03,0.030003337607813516,1708,29.0,0.20279720279720279,0.7972027972027972,0.030003337607813516,0.7546187874056727,6.7591547796465825,0.20279720279720279,6.7591547796465825,0.20279720279720279,143.0,0.013349154553544943,0.026346604215456676,1492.566219188444
our_vol4,Our vol4 STNPP-GAT-HCL-ZINB,18,2020-09-09,0.04,0.04001616104836018,2278,40.0,0.27972027972027974,0.7202797202797202,0.04001616104836018,0.7804116671544239,6.9901827759597746,0.27972027972027974,6.9901827759597746,0.27972027972027974,143.0,0.0135706340378198,0.026777875329236173,1492.566219188444
our_vol4,Our vol4 STNPP-GAT-HCL-ZINB,18,2020-09-09,0.05,0.050011418131993605,2847,44.0,0.3076923076923077,0.6923076923076923,0.050011418131993605,0.6868828786637006,6.152441166139797,0.3076923076923077,6.152441166139797,0.3076923076923077,143.0,0.016422706176365584,0.032314717246224096,1492.566219188444
our_vol4,Our vol4 STNPP-GAT-HCL-ZINB,18,2020-09-09,0.06,0.06000667521562703,3416,50.0,0.34965034965034963,0.6503496503496504,0.06000667521562703,0.6505334374186833,5.826857568660847,0.34965034965034963,5.826857568660847,0.34965034965034963,143.0,0.0215311004784689,0.04215456674473068,1492.566219188444
our_vol4,Our vol4 STNPP-GAT-HCL-ZINB,18,2020-09-09,0.07,0.07000193229926045,3985,53.0,0.3706293706293706,0.6293706293706294,0.07000193229926045,0.5911055346438032,5.294559142237938,0.3706293706293706,5.294559142237938,0.3706293706293706,143.0,0.024685008999742866,0.04818067754077792,1492.566219188444
our_vol4,Our vol4 STNPP-GAT-HCL-ZINB,18,2020-09-09,0.08,0.08001475573980713,4555,60.0,0.4195804195804196,0.5804195804195804,0.08001475573980713,0.5854372484449323,5.243788045105279,0.4195804195804196,5.243788045105279,0.4195804195804196,143.0,0.02891348543031398,0.0562019758507135,1492.566219188444
our_vol4,Our vol4 STNPP-GAT-HCL-ZINB,18,2020-09-09,0.09,0.09001001282344055,5124,66.0,0.46153846153846156,0.5384615384615384,0.09001001282344055,0.5724694249284413,5.1276346604215455,0.46153846153846156,5.1276346604215455,0.46153846153846156,143.0,0.03724696356275304,0.07181889149102264,1492.566219188444
our_vol4,Our vol4 STNPP-GAT-HCL-ZINB,18,2020-09-09,0.1,0.10000526990707397,5693,69.0,0.4825174825174825,0.5174825174825175,0.10000526990707397,0.5386732244276597,4.824920556345113,0.4825174825174825,4.824920556345113,0.4825174825174825,143.0,0.04583448149168733,0.08765150184437027,1492.566219188444
our_vol4,Our vol4 STNPP-GAT-HCL-ZINB,19,2020-09-23,0.01,0.010012823440546666,570,16.0,0.10596026490066225,0.8940397350993378,0.010012823440546666,1.2475633528265109,10.582456140350876,0.10596026490066225,10.582456140350876,0.10596026490066225,151.0,0.014234875444839857,0.028070175438596492,489.12515942306914
our_vol4,Our vol4 STNPP-GAT-HCL-ZINB,19,2020-09-23,0.02,0.02000808052418009,1139,30.0,0.1986754966887417,0.8013245033112583,0.02000808052418009,1.170617500731636,9.929762949956102,0.1986754966887417,9.929762949956102,0.1986754966887417,151.0,0.013345195729537367,0.02633889376646181,489.12515942306914
our_vol4,Our vol4 STNPP-GAT-HCL-ZINB,19,2020-09-23,0.03,0.030003337607813516,1708,39.0,0.2582781456953642,0.7417218543046358,0.030003337607813516,1.014832162373146,8.60831381733021,0.2582781456953642,8.60831381733021,0.2582781456953642,151.0,0.016666666666666666,0.03278688524590164,489.12515942306914
our_vol4,Our vol4 STNPP-GAT-HCL-ZINB,19,2020-09-23,0.04,0.04001616104836018,2278,48.0,0.31788079470198677,0.6821192052980132,0.04001616104836018,0.9364940005853087,7.943810359964882,0.31788079470198677,7.943810359964882,0.31788079470198677,151.0,0.016057091882247992,0.03160667251975417,489.12515942306914
our_vol4,Our vol4 STNPP-GAT-HCL-ZINB,19,2020-09-23,0.05,0.050011418131993605,2847,52.0,0.3443708609271523,0.6556291390728477,0.050011418131993605,0.8117706747843734,6.885844748858447,0.3443708609271523,6.885844748858447,0.3443708609271523,151.0,0.01733071288190102,0.03407095187917106,489.12515942306914
our_vol4,Our vol4 STNPP-GAT-HCL-ZINB,19,2020-09-23,0.06,0.06000667521562703,3416,61.0,0.40397350993377484,0.5960264900662251,0.06000667521562703,0.7936507936507936,6.732142857142857,0.40397350993377484,6.732142857142857,0.40397350993377484,151.0,0.02352059925093633,0.04596018735362998,489.12515942306914
our_vol4,Our vol4 STNPP-GAT-HCL-ZINB,19,2020-09-23,0.07,0.07000193229926045,3985,63.0,0.41721854304635764,0.5827814569536424,0.07000193229926045,0.7026348808030113,5.960100376411544,0.41721854304635764,5.960100376411544,0.41721854304635764,151.0,0.02442159383033419,0.04767879548306148,489.12515942306914
our_vol4,Our vol4 STNPP-GAT-HCL-ZINB,19,2020-09-23,0.08,0.08001475573980713,4555,67.0,0.44370860927152317,0.5562913907284768,0.08001475573980713,0.6537382607635077,5.545334796926454,0.44370860927152317,5.545334796926454,0.44370860927152317,151.0,0.03264565858082068,0.06322722283205269,489.12515942306914
our_vol4,Our vol4 STNPP-GAT-HCL-ZINB,19,2020-09-23,0.09,0.09001001282344055,5124,71.0,0.47019867549668876,0.5298013245033113,0.09001001282344055,0.6158383207563535,5.223848555815769,0.47019867549668876,5.223848555815769,0.47019867549668876,151.0,0.038613560352690784,0.0743559718969555,489.12515942306914
our_vol4,Our vol4 STNPP-GAT-HCL-ZINB,19,2020-09-23,0.1,0.10000526990707397,5693,75.0,0.4966887417218543,0.5033112582781457,0.10000526990707397,0.585514374377891,4.96662568066046,0.4966887417218543,4.96662568066046,0.4966887417218543,151.0,0.04669976098547527,0.08923239065519059,489.12515942306914
our_vol4,Our vol4 STNPP-GAT-HCL-ZINB,20,2020-10-07,0.01,0.010012823440546666,570,21.0,0.1390728476821192,0.8609271523178808,0.010012823440546666,1.6374269005847955,13.889473684210524,0.1390728476821192,13.889473684210524,0.1390728476821192,151.0,0.017857142857142856,0.03508771929824561,773.0196847962548
our_vol4,Our vol4 STNPP-GAT-HCL-ZINB,20,2020-10-07,0.02,0.02000808052418009,1139,28.0,0.18543046357615894,0.814569536423841,0.02000808052418009,1.0925763340161936,9.267778753292362,0.18543046357615894,9.267778753292362,0.18543046357615894,151.0,0.012444444444444444,0.024582967515364356,773.0196847962548
our_vol4,Our vol4 STNPP-GAT-HCL-ZINB,20,2020-10-07,0.03,0.030003337607813516,1708,38.0,0.25165562913907286,0.7483443708609272,0.030003337607813516,0.9888108248763987,8.387587822014051,0.25165562913907286,8.387587822014051,0.25165562913907286,151.0,0.01696933611193808,0.03337236533957846,773.0196847962548
our_vol4,Our vol4 STNPP-GAT-HCL-ZINB,20,2020-10-07,0.04,0.04001616104836018,2278,49.0,0.32450331125827814,0.6754966887417219,0.04001616104836018,0.9560042922641693,8.109306409130816,0.32450331125827814,8.109306409130816,0.32450331125827814,151.0,0.01719133735208752,0.033801580333625986,773.0196847962548
our_vol4,Our vol4 STNPP-GAT-HCL-ZINB,20,2020-10-07,0.05,0.050011418131993605,2847,58.0,0.3841059602649007,0.6158940397350994,0.050011418131993605,0.905436521874878,7.680365296803654,0.3841059602649007,7.680365296803654,0.3841059602649007,151.0,0.01933404940923738,0.037934668071654375,773.0196847962548
our_vol4,Our vol4 STNPP-GAT-HCL-ZINB,20,2020-10-07,0.06,0.06000667521562703,3416,64.0,0.423841059602649,0.576158940397351,0.06000667521562703,0.8326827998959146,7.063231850117096,0.423841059602649,7.063231850117096,0.423841059602649,151.0,0.022448368751870697,0.043911007025761124,773.0196847962548
our_vol4,Our vol4 STNPP-GAT-HCL-ZINB,20,2020-10-07,0.07,0.07000193229926045,3985,70.0,0.46357615894039733,0.5364238410596027,0.07000193229926045,0.780705423114457,6.622333751568381,0.46357615894039733,6.622333751568381,0.46357615894039733,151.0,0.02455328448386682,0.0479297365119197,773.0196847962548
our_vol4,Our vol4 STNPP-GAT-HCL-ZINB,20,2020-10-07,0.08,0.08001475573980713,4555,74.0,0.4900662251655629,0.509933774834437,0.08001475573980713,0.7220392730820832,6.124698133918771,0.4900662251655629,6.124698133918771,0.4900662251655629,151.0,0.030542986425339366,0.059275521405049394,773.0196847962548
our_vol4,Our vol4 STNPP-GAT-HCL-ZINB,20,2020-10-07,0.09,0.09001001282344055,5124,79.0,0.5231788079470199,0.4768211920529801,0.09001001282344055,0.685228554081013,5.812451209992194,0.5231788079470199,5.812451209992194,0.5231788079470199,151.0,0.038929440389294405,0.07494145199063232,773.0196847962548
our_vol4,Our vol4 STNPP-GAT-HCL-ZINB,20,2020-10-07,0.1,0.10000526990707397,5693,83.0,0.5496688741721855,0.45033112582781454,0.10000526990707397,0.6479692409781993,5.4963990865975765,0.5496688741721855,5.4963990865975765,0.5496688741721855,151.0,0.04727740986019132,0.09028631652907079,773.0196847962548
our_vol4,Our vol4 STNPP-GAT-HCL-ZINB,21,2020-10-21,0.01,0.010012823440546666,570,25.0,0.14367816091954022,0.8563218390804598,0.010012823440546666,1.9493177387914231,14.34941520467836,0.14367816091954022,14.34941520467836,0.14367816091954022,174.0,0.01967799642218247,0.03859649122807018,1847.239657419645
our_vol4,Our vol4 STNPP-GAT-HCL-ZINB,21,2020-10-21,0.02,0.02000808052418009,1139,40.0,0.22988505747126436,0.7701149425287357,0.02000808052418009,1.5608233343088478,11.489610769681008,0.22988505747126436,11.489610769681008,0.22988505747126436,174.0,0.01651048639000446,0.0324846356453029,1847.239657419645
our_vol4,Our vol4 STNPP-GAT-HCL-ZINB,21,2020-10-21,0.03,0.030003337607813516,1708,50.0,0.28735632183908044,0.7126436781609196,0.030003337607813516,1.3010668748373666,9.577478532396565,0.28735632183908044,9.577478532396565,0.28735632183908044,174.0,0.01939719486720382,0.038056206088992975,1847.239657419645
our_vol4,Our vol4 STNPP-GAT-HCL-ZINB,21,2020-10-21,0.04,0.04001616104836018,2278,55.0,0.3160919540229885,0.6839080459770115,0.04001616104836018,1.0730660423373328,7.899107404155693,0.3160919540229885,7.899107404155693,0.3160919540229885,174.0,0.018555779119159403,0.036435469710272166,1847.239657419645
our_vol4,Our vol4 STNPP-GAT-HCL-ZINB,21,2020-10-21,0.05,0.050011418131993605,2847,63.0,0.3620689655172414,0.6379310344827587,0.050011418131993605,0.9834913944502985,7.239726027397261,0.3620689655172414,7.239726027397261,0.3620689655172414,174.0,0.020795984223736106,0.040744643484369514,1847.239657419645
our_vol4,Our vol4 STNPP-GAT-HCL-ZINB,21,2020-10-21,0.06,0.06000667521562703,3416,80.0,0.45977011494252873,0.5402298850574713,0.06000667521562703,1.0408534998698933,7.661982825917252,0.45977011494252873,7.661982825917252,0.45977011494252873,174.0,0.025056264066016503,0.04888758782201405,1847.239657419645
our_vol4,Our vol4 STNPP-GAT-HCL-ZINB,21,2020-10-21,0.07,0.07000193229926045,3985,85.0,0.4885057471264368,0.5114942528735632,0.07000193229926045,0.9479994423532693,6.978460895023003,0.4885057471264368,6.978460895023003,0.4885057471264368,174.0,0.027326630574890435,0.053199498117942286,1847.239657419645
our_vol4,Our vol4 STNPP-GAT-HCL-ZINB,21,2020-10-21,0.08,0.08001475573980713,4555,90.0,0.5172413793103449,0.48275862068965514,0.08001475573980713,0.8781558726673985,6.464324917672887,0.5172413793103449,6.464324917672887,0.5172413793103449,174.0,0.0311262026032824,0.06037321624588365,1847.239657419645
our_vol4,Our vol4 STNPP-GAT-HCL-ZINB,21,2020-10-21,0.09,0.09001001282344055,5124,93.0,0.5344827586206896,0.4655172413793104,0.09001001282344055,0.8066614623991673,5.93803669008587,0.5344827586206896,5.93803669008587,0.5344827586206896,174.0,0.03756201275690999,0.07240437158469945,1847.239657419645
our_vol4,Our vol4 STNPP-GAT-HCL-ZINB,21,2020-10-21,0.1,0.10000526990707397,5693,98.0,0.5632183908045977,0.4367816091954023,0.10000526990707397,0.7650721158537775,5.63188711282862,0.5632183908045977,5.63188711282862,0.5632183908045977,174.0,0.048724325320070004,0.0929211312137713,1847.239657419645
our_vol4,Our vol4 STNPP-GAT-HCL-ZINB,22,2020-11-04,0.01,0.010012823440546666,570,17.0,0.10303030303030303,0.896969696969697,0.010012823440546666,1.3255360623781678,10.28983519404572,0.10303030303030303,10.28983519404572,0.10303030303030303,165.0,0.014234875444839857,0.028070175438596492,815.07319449025
our_vol4,Our vol4 STNPP-GAT-HCL-ZINB,22,2020-11-04,0.02,0.02000808052418009,1139,30.0,0.18181818181818182,0.8181818181818181,0.02000808052418009,1.170617500731636,9.087237608747706,0.18181818181818182,9.087237608747706,0.18181818181818182,165.0,0.013345195729537367,0.02633889376646181,815.07319449025
our_vol4,Our vol4 STNPP-GAT-HCL-ZINB,22,2020-11-04,0.03,0.030003337607813516,1708,43.0,0.2606060606060606,0.7393939393939394,0.030003337607813516,1.1189175123601354,8.685902349017104,0.2606060606060606,8.685902349017104,0.2606060606060606,165.0,0.018789144050104383,0.036885245901639344,815.07319449025
our_vol4,Our vol4 STNPP-GAT-HCL-ZINB,22,2020-11-04,0.04,0.04001616104836018,2278,53.0,0.3212121212121212,0.6787878787878787,0.04001616104836018,1.0340454589796118,8.027059887727141,0.3212121212121212,8.027059887727141,0.3212121212121212,165.0,0.020152261531571878,0.03950834064969271,815.07319449025
our_vol4,Our vol4 STNPP-GAT-HCL-ZINB,22,2020-11-04,0.05,0.050011418131993605,2847,61.0,0.3696969696969697,0.6303030303030304,0.050011418131993605,0.9522694454201303,7.392251279922513,0.3696969696969697,7.392251279922513,0.3696969696969697,165.0,0.02189519023689878,0.04285212504390586,815.07319449025
our_vol4,Our vol4 STNPP-GAT-HCL-ZINB,22,2020-11-04,0.06,0.06000667521562703,3416,64.0,0.3878787878787879,0.6121212121212121,0.06000667521562703,0.8326827998959146,6.4639273295011,0.3878787878787879,6.4639273295011,0.3878787878787879,165.0,0.02613397416641634,0.050936768149882905,815.07319449025
our_vol4,Our vol4 STNPP-GAT-HCL-ZINB,22,2020-11-04,0.07,0.07000193229926045,3985,69.0,0.41818181818181815,0.5818181818181818,0.07000193229926045,0.7695524884985362,5.973861069921296,0.41818181818181815,5.973861069921296,0.41818181818181815,165.0,0.029051000645577793,0.056461731493099125,815.07319449025
our_vol4,Our vol4 STNPP-GAT-HCL-ZINB,22,2020-11-04,0.08,0.08001475573980713,4555,72.0,0.43636363636363634,0.5636363636363637,0.08001475573980713,0.7025246981339188,5.453539566909489,0.43636363636363634,5.453539566909489,0.43636363636363634,165.0,0.034874474610928095,0.06739846322722283,815.07319449025
our_vol4,Our vol4 STNPP-GAT-HCL-ZINB,22,2020-11-04,0.09,0.09001001282344055,5124,81.0,0.4909090909090909,0.509090909090909,0.09001001282344055,0.702576112412178,5.453938684266553,0.4909090909090909,5.453938684266553,0.4909090909090909,165.0,0.042735042735042736,0.08196721311475409,815.07319449025
our_vol4,Our vol4 STNPP-GAT-HCL-ZINB,22,2020-11-04,0.1,0.10000526990707397,5693,84.0,0.509090909090909,0.49090909090909096,0.10000526990707397,0.6557760993032379,5.090640818868467,0.509090909090909,5.090640818868467,0.509090909090909,165.0,0.05124180592743052,0.09748814333391885,815.07319449025
our_vol4,Our vol4 STNPP-GAT-HCL-ZINB,23,2020-11-18,0.01,0.010012823440546666,570,24.0,0.12631578947368421,0.8736842105263158,0.010012823440546666,1.8713450292397662,12.61540166204986,0.12631578947368421,12.61540166204986,0.12631578947368421,190.0,0.01694915254237288,0.03333333333333333,910.4792622769893
our_vol4,Our vol4 STNPP-GAT-HCL-ZINB,23,2020-11-18,0.02,0.02000808052418009,1139,31.0,0.1631578947368421,0.8368421052631578,0.02000808052418009,1.209638084089357,8.154600064692021,0.1631578947368421,8.154600064692021,0.1631578947368421,190.0,0.011545293072824156,0.0228270412642669,910.4792622769893
our_vol4,Our vol4 STNPP-GAT-HCL-ZINB,23,2020-11-18,0.03,0.030003337607813516,1708,44.0,0.23157894736842105,0.7684210526315789,0.030003337607813516,1.1449388498568827,7.718439541476642,0.23157894736842105,7.718439541476642,0.23157894736842105,190.0,0.017878426698450536,0.0351288056206089,910.4792622769893
our_vol4,Our vol4 STNPP-GAT-HCL-ZINB,23,2020-11-18,0.04,0.04001616104836018,2278,54.0,0.28421052631578947,0.7157894736842105,0.04001616104836018,1.0535557506584723,7.102393604731759,0.28421052631578947,7.102393604731759,0.28421052631578947,190.0,0.018328118015198926,0.035996488147497806,910.4792622769893
our_vol4,Our vol4 STNPP-GAT-HCL-ZINB,23,2020-11-18,0.05,0.050011418131993605,2847,61.0,0.32105263157894737,0.6789473684210526,0.050011418131993605,0.9522694454201303,6.419586637827446,0.32105263157894737,6.419586637827446,0.32105263157894737,190.0,0.020247267514782296,0.039690902704601336,910.4792622769893
our_vol4,Our vol4 STNPP-GAT-HCL-ZINB,23,2020-11-18,0.06,0.06000667521562703,3416,74.0,0.3894736842105263,0.6105263157894737,0.06000667521562703,0.9627894873796513,6.490505978059904,0.3894736842105263,6.490505978059904,0.3894736842105263,190.0,0.02613397416641634,0.050936768149882905,910.4792622769893
our_vol4,Our vol4 STNPP-GAT-HCL-ZINB,23,2020-11-18,0.07,0.07000193229926045,3985,87.0,0.45789473684210524,0.5421052631578948,0.07000193229926045,0.9703053115851109,6.541172819124348,0.45789473684210524,6.541172819124348,0.45789473684210524,190.0,0.028918151303898788,0.056210790464240906,910.4792622769893
our_vol4,Our vol4 STNPP-GAT-HCL-ZINB,23,2020-11-18,0.08,0.08001475573980713,4555,94.0,0.49473684210526314,0.5052631578947369,0.08001475573980713,0.9171850225637274,6.183070079149575,0.49473684210526314,6.183070079149575,0.49473684210526314,190.0,0.03640500568828214,0.07025246981339188,910.4792622769893
our_vol4,Our vol4 STNPP-GAT-HCL-ZINB,23,2020-11-18,0.09,0.09001001282344055,5124,100.0,0.5263157894736842,0.4736842105263158,0.09001001282344055,0.8673779165582444,5.847302682936849,0.5263157894736842,5.847302682936849,0.5263157894736842,190.0,0.043584521384928715,0.08352849336455893,910.4792622769893
our_vol4,Our vol4 STNPP-GAT-HCL-ZINB,23,2020-11-18,0.1,0.10000526990707397,5693,104.0,0.5473684210526316,0.4526315789473684,0.10000526990707397,0.8119132658040088,5.47339576765557,0.5473684210526316,5.47339576765557,0.5473684210526316,190.0,0.05240780109067381,0.09959599508167925,910.4792622769893
our_vol4,Our vol4 STNPP-GAT-HCL-ZINB,24,2020-12-02,0.01,0.010012823440546666,570,34.0,0.17801047120418848,0.8219895287958116,0.010012823440546666,2.6510721247563356,17.77824928814182,0.17801047120418848,17.77824928814182,0.17801047120418848,191.0,0.027953110910730387,0.054385964912280704,213.39125384255803
our_vol4,Our vol4 STNPP-GAT-HCL-ZINB,24,2020-12-02,0.02,0.02000808052418009,1139,51.0,0.2670157068062827,0.7329842931937173,0.02000808052418009,1.990049751243781,13.345393451590217,0.2670157068062827,13.345393451590217,0.2670157068062827,191.0,0.021524663677130046,0.04214223002633889,213.39125384255803
our_vol4,Our vol4 STNPP-GAT-HCL-ZINB,24,2020-12-02,0.03,0.030003337607813516,1708,58.0,0.3036649214659686,0.6963350785340314,0.030003337607813516,1.5092375748113454,10.121038047010066,0.3036649214659686,10.121038047010066,0.3036649214659686,191.0,0.022448368751870697,0.043911007025761124,213.39125384255803
our_vol4,Our vol4 STNPP-GAT-HCL-ZINB,24,2020-12-02,0.04,0.04001616104836018,2278,71.0,0.3717277486910995,0.6282722513089005,0.04001616104836018,1.3852307091991025,9.289440539832405,0.3717277486910995,9.289440539832405,0.3717277486910995,191.0,0.02244165170556553,0.043898156277436345,213.39125384255803
our_vol4,Our vol4 STNPP-GAT-HCL-ZINB,24,2020-12-02,0.05,0.050011418131993605,2847,81.0,0.42408376963350786,0.5759162303664922,0.050011418131993605,1.2644889357218123,8.479738937101054,0.42408376963350786,8.479738937101054,0.42408376963350786,191.0,0.024469233537243614,0.04776958201615736,213.39125384255803
our_vol4,Our vol4 STNPP-GAT-HCL-ZINB,24,2020-12-02,0.06,0.06000667521562703,3416,86.0,0.450261780104712,0.549738219895288,0.06000667521562703,1.1189175123601354,7.503528207266084,0.450261780104712,7.503528207266084,0.450261780104712,191.0,0.02845100105374078,0.055327868852459015,213.39125384255803
our_vol4,Our vol4 STNPP-GAT-HCL-ZINB,24,2020-12-02,0.07,0.07000193229926045,3985,96.0,0.5026178010471204,0.4973821989528796,0.07000193229926045,1.0706817231283983,7.180056100428964,0.5026178010471204,7.180056100428964,0.5026178010471204,191.0,0.031047865459249677,0.060225846925972396,213.39125384255803
our_vol4,Our vol4 STNPP-GAT-HCL-ZINB,24,2020-12-02,0.08,0.08001475573980713,4555,103.0,0.5392670157068062,0.46073298429319376,0.08001475573980713,1.0050006098304671,6.739594600031033,0.5392670157068062,6.739594600031033,0.5392670157068062,191.0,0.037467258854344605,0.07222832052689353,213.39125384255803
our_vol4,Our vol4 STNPP-GAT-HCL-ZINB,24,2020-12-02,0.09,0.09001001282344055,5124,109.0,0.5706806282722513,0.4293193717277487,0.09001001282344055,0.9454419290484863,6.340190500713202,0.5706806282722513,6.340190500713202,0.5706806282722513,191.0,0.043584521384928715,0.08352849336455893,213.39125384255803
our_vol4,Our vol4 STNPP-GAT-HCL-ZINB,24,2020-12-02,0.1,0.10000526990707397,5693,117.0,0.612565445026178,0.38743455497382195,0.10000526990707397,0.9134024240295099,6.125331650975802,0.612565445026178,6.125331650975802,0.612565445026178,191.0,0.05201884874803659,0.09889337783242579,213.39125384255803
our_vol4,Our vol4 STNPP-GAT-HCL-ZINB,25,2020-12-16,0.01,0.010012823440546666,570,21.0,0.12650602409638553,0.8734939759036144,0.010012823440546666,1.6374269005847955,12.634400760938489,0.12650602409638553,12.634400760938489,0.12650602409638553,166.0,0.017857142857142856,0.03508771929824561,1206.2276848503616
our_vol4,Our vol4 STNPP-GAT-HCL-ZINB,25,2020-12-16,0.02,0.02000808052418009,1139,37.0,0.22289156626506024,0.7771084337349398,0.02000808052418009,1.4437615842356843,11.140077430000952,0.22289156626506024,11.140077430000952,0.22289156626506024,166.0,0.016964285714285713,0.033362598770851626,1206.2276848503616
our_vol4,Our vol4 STNPP-GAT-HCL-ZINB,25,2020-12-16,0.03,0.030003337607813516,1708,48.0,0.2891566265060241,0.7108433734939759,0.030003337607813516,1.249024199843872,9.637482012358568,0.2891566265060241,9.637482012358568,0.2891566265060241,166.0,0.0215311004784689,0.04215456674473068,1206.2276848503616
our_vol4,Our vol4 STNPP-GAT-HCL-ZINB,25,2020-12-16,0.04,0.04001616104836018,2278,52.0,0.3132530120481928,0.6867469879518072,0.04001616104836018,1.014535167300751,7.828162518379048,0.3132530120481928,7.828162518379048,0.3132530120481928,166.0,0.020838001344387184,0.040825285338015806,1206.2276848503616
our_vol4,Our vol4 STNPP-GAT-HCL-ZINB,25,2020-12-16,0.05,0.050011418131993605,2847,59.0,0.35542168674698793,0.6445783132530121,0.050011418131993605,0.9210474963899621,7.106810804863288,0.35542168674698793,7.106810804863288,0.35542168674698793,166.0,0.02043010752688172,0.040042149631190724,1206.2276848503616
our_vol4,Our vol4 STNPP-GAT-HCL-ZINB,25,2020-12-16,0.06,0.06000667521562703,3416,65.0,0.39156626506024095,0.608433734939759,0.06000667521562703,0.8456934686442883,6.52537844586778,0.39156626506024095,6.52537844586778,0.39156626506024095,166.0,0.024287856071964018,0.04742388758782201,1206.2276848503616
our_vol4,Our vol4 STNPP-GAT-HCL-ZINB,25,2020-12-16,0.07,0.07000193229926045,3985,72.0,0.43373493975903615,0.5662650602409638,0.07000193229926045,0.8030112923462986,6.196042387870176,0.43373493975903615,6.196042387870176,0.43373493975903615,166.0,0.029316802273020793,0.056963613550815556,1206.2276848503616
our_vol4,Our vol4 STNPP-GAT-HCL-ZINB,25,2020-12-16,0.08,0.08001475573980713,4555,77.0,0.463855421686747,0.536144578313253,0.08001475573980713,0.7513111355043298,5.797123510507452,0.463855421686747,5.797123510507452,0.463855421686747,166.0,0.03440445100488248,0.06652030735455543,1206.2276848503616
our_vol4,Our vol4 STNPP-GAT-HCL-ZINB,25,2020-12-16,0.09,0.09001001282344055,5124,84.0,0.5060240963855421,0.49397590361445787,0.09001001282344055,0.7285974499089253,5.621864507209164,0.5060240963855421,5.621864507209164,0.5060240963855421,166.0,0.039878234398782346,0.07669789227166277,1206.2276848503616
our_vol4,Our vol4 STNPP-GAT-HCL-ZINB,25,2020-12-16,0.1,0.10000526990707397,5693,89.0,0.536144578313253,0.463855421686747,0.10000526990707397,0.6948103909284307,5.3611632548109185,0.536144578313253,5.3611632548109185,0.536144578313253,166.0,0.049207519351271656,0.09379940277533813,1206.2276848503616
our_vol4,Our vol4 STNPP-GAT-HCL-ZINB,26,2020-12-30,0.01,0.010012823440546666,570,27.0,0.16265060240963855,0.8373493975903614,0.010012823440546666,2.105263157894737,16.24422954977806,0.16265060240963855,16.24422954977806,0.16265060240963855,166.0,0.020590868397493287,0.04035087719298246,198.54852827932112
our_vol4,Our vol4 STNPP-GAT-HCL-ZINB,26,2020-12-30,0.02,0.02000808052418009,1139,41.0,0.2469879518072289,0.7530120481927711,0.02000808052418009,1.599843917666569,12.344410125136191,0.2469879518072289,12.344410125136191,0.2469879518072289,166.0,0.016964285714285713,0.033362598770851626,198.54852827932112
our_vol4,Our vol4 STNPP-GAT-HCL-ZINB,26,2020-12-30,0.03,0.030003337607813516,1708,48.0,0.2891566265060241,0.7108433734939759,0.030003337607813516,1.249024199843872,9.637482012358568,0.2891566265060241,9.637482012358568,0.2891566265060241,166.0,0.01818181818181818,0.03571428571428571,198.54852827932112
our_vol4,Our vol4 STNPP-GAT-HCL-ZINB,26,2020-12-30,0.04,0.04001616104836018,2278,57.0,0.3433734939759036,0.6566265060240963,0.04001616104836018,1.1120866256950541,8.580870452838571,0.3433734939759036,8.580870452838571,0.3433734939759036,166.0,0.018783542039355994,0.03687445127304653,198.54852827932112
our_vol4,Our vol4 STNPP-GAT-HCL-ZINB,26,2020-12-30,0.05,0.050011418131993605,2847,65.0,0.39156626506024095,0.608433734939759,0.050011418131993605,1.0147133434804667,7.829537327391758,0.39156626506024095,7.829537327391758,0.39156626506024095,166.0,0.020247267514782296,0.039690902704601336,198.54852827932112
our_vol4,Our vol4 STNPP-GAT-HCL-ZINB,26,2020-12-30,0.06,0.06000667521562703,3416,77.0,0.463855421686747,0.536144578313253,0.06000667521562703,1.0018214936247722,7.730063697412601,0.463855421686747,7.730063697412601,0.463855421686747,166.0,0.025825825825825825,0.05035128805620609,198.54852827932112
our_vol4,Our vol4 STNPP-GAT-HCL-ZINB,26,2020-12-30,0.07,0.07000193229926045,3985,81.0,0.4879518072289157,0.5120481927710843,0.07000193229926045,0.903387703889586,6.970547686353949,0.4879518072289157,6.970547686353949,0.4879518072289157,166.0,0.028652555498193084,0.05570890840652447,198.54852827932112
our_vol4,Our vol4 STNPP-GAT-HCL-ZINB,26,2020-12-30,0.08,0.08001475573980713,4555,86.0,0.5180722891566265,0.4819277108433735,0.08001475573980713,0.8391267227710697,6.47470937537196,0.5180722891566265,6.47470937537196,0.5180722891566265,166.0,0.03581580443433769,0.06915477497255763,198.54852827932112
our_vol4,Our vol4 STNPP-GAT-HCL-ZINB,26,2020-12-30,0.09,0.09001001282344055,5124,95.0,0.572289156626506,0.42771084337349397,0.09001001282344055,0.8240090207303321,6.358061049819888,0.572289156626506,6.358061049819888,0.572289156626506,166.0,0.04199288256227758,0.08060109289617487,198.54852827932112
our_vol4,Our vol4 STNPP-GAT-HCL-ZINB,26,2020-12-30,0.1,0.10000526990707397,5693,101.0,0.608433734939759,0.39156626506024095,0.10000526990707397,0.7884926908288932,6.0840167273696935,0.608433734939759,6.0840167273696935,0.608433734939759,166.0,0.05017524441984873,0.09555594589847181,198.54852827932112
our_vol4,Our vol4 STNPP-GAT-HCL-ZINB,27,2021-01-13,0.01,0.010012823440546666,570,16.0,0.09411764705882353,0.9058823529411765,0.010012823440546666,1.2475633528265109,9.39971104231166,0.09411764705882353,9.39971104231166,0.09411764705882353,170.0,0.014234875444839857,0.028070175438596492,2397.5725324971504
our_vol4,Our vol4 STNPP-GAT-HCL-ZINB,27,2021-01-13,0.02,0.02000808052418009,1139,30.0,0.17647058823529413,0.8235294117647058,0.02000808052418009,1.170617500731636,8.819965914372775,0.17647058823529413,8.819965914372775,0.17647058823529413,170.0,0.014247551202137132,0.028094820017559263,2397.5725324971504
our_vol4,Our vol4 STNPP-GAT-HCL-ZINB,27,2021-01-13,0.03,0.030003337607813516,1708,40.0,0.23529411764705882,0.7647058823529411,0.030003337607813516,1.0408534998698933,7.842264774762364,0.23529411764705882,7.842264774762364,0.23529411764705882,170.0,0.01696933611193808,0.03337236533957846,2397.5725324971504
our_vol4,Our vol4 STNPP-GAT-HCL-ZINB,27,2021-01-13,0.04,0.04001616104836018,2278,51.0,0.3,0.7,0.04001616104836018,0.9950248756218905,7.496971027216857,0.3,7.496971027216857,0.3,170.0,0.018555779119159403,0.036435469710272166,2397.5725324971504
our_vol4,Our vol4 STNPP-GAT-HCL-ZINB,27,2021-01-13,0.05,0.050011418131993605,2847,61.0,0.3588235294117647,0.6411764705882352,0.050011418131993605,0.9522694454201303,7.174832124630674,0.3588235294117647,7.174832124630674,0.3588235294117647,170.0,0.021162123385939743,0.0414471373375483,2397.5725324971504
our_vol4,Our vol4 STNPP-GAT-HCL-ZINB,27,2021-01-13,0.06,0.06000667521562703,3416,70.0,0.4117647058823529,0.5882352941176471,0.06000667521562703,0.9107468123861566,6.861981677917068,0.4117647058823529,6.861981677917068,0.4117647058823529,170.0,0.027213952789054276,0.05298594847775176,2397.5725324971504
our_vol4,Our vol4 STNPP-GAT-HCL-ZINB,27,2021-01-13,0.07,0.07000193229926045,3985,72.0,0.4235294117647059,0.5764705882352941,0.07000193229926045,0.8030112923462986,6.050253155214407,0.4235294117647059,6.050253155214407,0.4235294117647059,170.0,0.02918388429752066,0.05671267252195734,2397.5725324971504
our_vol4,Our vol4 STNPP-GAT-HCL-ZINB,27,2021-01-13,0.08,0.08001475573980713,4555,76.0,0.4470588235294118,0.5529411764705883,0.08001475573980713,0.7415538480302476,5.5872047523729576,0.4470588235294118,5.5872047523729576,0.4470588235294118,170.0,0.034756928668786914,0.06717892425905599,2397.5725324971504
our_vol4,Our vol4 STNPP-GAT-HCL-ZINB,27,2021-01-13,0.09,0.09001001282344055,5124,83.0,0.48823529411764705,0.5117647058823529,0.09001001282344055,0.7199236707433428,5.4242331358773015,0.48823529411764705,5.4242331358773015,0.48823529411764705,170.0,0.041886945912972755,0.08040593286494926,2397.5725324971504
our_vol4,Our vol4 STNPP-GAT-HCL-ZINB,27,2021-01-13,0.1,0.10000526990707397,5693,87.0,0.5117647058823529,0.4882352941176471,0.10000526990707397,0.6791966742783535,5.117377377791096,0.5117647058823529,5.117377377791096,0.5117647058823529,170.0,0.04814507962809537,0.0918672053398911,2397.5725324971504
our_vol4,Our vol4 STNPP-GAT-HCL-ZINB,28,2021-01-27,0.01,0.010012823440546666,570,29.0,0.2,0.8,0.010012823440546666,2.261208576998051,19.97438596491228,0.2,19.97438596491228,0.2,145.0,0.02242152466367713,0.043859649122807015,867.7138248462632
our_vol4,Our vol4 STNPP-GAT-HCL-ZINB,28,2021-01-27,0.02,0.02000808052418009,1139,43.0,0.296551724137931,0.703448275862069,0.02000808052418009,1.6778850843820114,14.821597892888498,0.296551724137931,14.821597892888498,0.296551724137931,145.0,0.01923937360178971,0.03775241439859526,867.7138248462632
our_vol4,Our vol4 STNPP-GAT-HCL-ZINB,28,2021-01-27,0.03,0.030003337607813516,1708,57.0,0.3931034482758621,0.6068965517241379,0.030003337607813516,1.483216237314598,13.1019906323185,0.3931034482758621,13.1019906323185,0.3931034482758621,145.0,0.022754491017964073,0.04449648711943794,867.7138248462632
our_vol4,Our vol4 STNPP-GAT-HCL-ZINB,28,2021-01-27,0.04,0.04001616104836018,2278,59.0,0.4068965517241379,0.5931034482758621,0.04001616104836018,1.1511072090527752,10.168305531167691,0.4068965517241379,10.168305531167691,0.4068965517241379,145.0,0.02060931899641577,0.04038630377524144,867.7138248462632
our_vol4,Our vol4 STNPP-GAT-HCL-ZINB,28,2021-01-27,0.05,0.050011418131993605,2847,67.0,0.46206896551724136,0.5379310344827586,0.050011418131993605,1.0459352925106349,9.239269406392694,0.46206896551724136,9.239269406392694,0.46206896551724136,145.0,0.023180592991913745,0.045310853530031614,867.7138248462632
our_vol4,Our vol4 STNPP-GAT-HCL-ZINB,28,2021-01-27,0.06,0.06000667521562703,3416,70.0,0.4827586206896552,0.5172413793103448,0.06000667521562703,0.9107468123861566,8.045081967213115,0.4827586206896552,8.045081967213115,0.4827586206896552,145.0,0.028760728805902726,0.05591334894613583,867.7138248462632
our_vol4,Our vol4 STNPP-GAT-HCL-ZINB,28,2021-01-27,0.07,0.07000193229926045,3985,75.0,0.5172413793103449,0.48275862068965514,0.07000193229926045,0.8364700961940611,7.388958594730239,0.5172413793103449,7.388958594730239,0.5172413793103449,145.0,0.03171521035598705,0.06148055207026349,867.7138248462632
our_vol4,Our vol4 STNPP-GAT-HCL-ZINB,28,2021-01-27,0.08,0.08001475573980713,4555,78.0,0.5379310344827586,0.4620689655172414,0.08001475573980713,0.761068422978412,6.722897914379802,0.5379310344827586,6.722897914379802,0.5379310344827586,145.0,0.03416959927347032,0.06608122941822174,867.7138248462632
our_vol4,Our vol4 STNPP-GAT-HCL-ZINB,28,2021-01-27,0.09,0.09001001282344055,5124,85.0,0.5862068965517241,0.4137931034482759,0.09001001282344055,0.7372712290745077,6.512685402029663,0.5862068965517241,6.512685402029663,0.5862068965517241,145.0,0.04008931289962448,0.07708821233411398,867.7138248462632
our_vol4,Our vol4 STNPP-GAT-HCL-ZINB,28,2021-01-27,0.1,0.10000526990707397,5693,89.0,0.6137931034482759,0.38620689655172413,0.10000526990707397,0.6948103909284307,6.137607588266293,0.6137931034482759,6.137607588266293,0.6137931034482759,145.0,0.04949764955295419,0.09432636571227823,867.7138248462632
our_vol4,Our vol4 STNPP-GAT-HCL-ZINB,29,2021-02-10,0.01,0.010012823440546666,570,31.0,0.16666666666666666,0.8333333333333334,0.010012823440546666,2.417153996101365,16.6453216374269,0.16666666666666666,16.6453216374269,0.16666666666666666,186.0,0.027953110910730387,0.054385964912280704,1742.9162925201192
our_vol4,Our vol4 STNPP-GAT-HCL-ZINB,29,2021-02-10,0.02,0.02000808052418009,1139,43.0,0.23118279569892472,0.7688172043010753,0.02000808052418009,1.6778850843820114,11.554471475638884,0.23118279569892472,11.554471475638884,0.23118279569892472,186.0,0.020152261531571878,0.03950834064969271,1742.9162925201192
our_vol4,Our vol4 STNPP-GAT-HCL-ZINB,29,2021-02-10,0.03,0.030003337607813516,1708,56.0,0.3010752688172043,0.6989247311827957,0.030003337607813516,1.4571948998178506,10.034725894588401,0.3010752688172043,10.034725894588401,0.3010752688172043,186.0,0.022754491017964073,0.04449648711943794,1742.9162925201192
our_vol4,Our vol4 STNPP-GAT-HCL-ZINB,29,2021-02-10,0.04,0.04001616104836018,2278,63.0,0.3387096774193548,0.6612903225806452,0.04001616104836018,1.2291483757682178,8.464322127502903,0.3387096774193548,8.464322127502903,0.3387096774193548,186.0,0.022900763358778626,0.04477611940298507,1742.9162925201192
our_vol4,Our vol4 STNPP-GAT-HCL-ZINB,29,2021-02-10,0.05,0.050011418131993605,2847,74.0,0.3978494623655914,0.6021505376344086,0.050011418131993605,1.1552121141162237,7.955172583100112,0.3978494623655914,7.955172583100112,0.3978494623655914,186.0,0.025207057976233346,0.04917456972251493,1742.9162925201192
our_vol4,Our vol4 STNPP-GAT-HCL-ZINB,29,2021-02-10,0.06,0.06000667521562703,3416,86.0,0.46236559139784944,0.5376344086021505,0.06000667521562703,1.1189175123601354,7.7052359547732365,0.46236559139784944,7.7052359547732365,0.46236559139784944,186.0,0.03140096618357488,0.06088992974238876,1742.9162925201192
our_vol4,Our vol4 STNPP-GAT-HCL-ZINB,29,2021-02-10,0.07,0.07000193229926045,3985,93.0,0.5,0.5,0.07000193229926045,1.0372229192806357,7.142659974905897,0.5,7.142659974905897,0.5,186.0,0.033856531327020364,0.06549560853199499,1742.9162925201192
our_vol4,Our vol4 STNPP-GAT-HCL-ZINB,29,2021-02-10,0.08,0.08001475573980713,4555,99.0,0.532258064516129,0.467741935483871,0.08001475573980713,0.9659714599341384,6.651998866895648,0.532258064516129,6.651998866895648,0.532258064516129,186.0,0.03664087391898043,0.07069154774972558,1742.9162925201192
our_vol4,Our vol4 STNPP-GAT-HCL-ZINB,29,2021-02-10,0.09,0.09001001282344055,5124,105.0,0.5645161290322581,0.4354838709677419,0.09001001282344055,0.9107468123861566,6.271703684117751,0.5645161290322581,6.271703684117751,0.5645161290322581,186.0,0.041463414634146344,0.07962529274004684,1742.9162925201192
our_vol4,Our vol4 STNPP-GAT-HCL-ZINB,29,2021-02-10,0.1,0.10000526990707397,5693,109.0,0.5860215053763441,0.4139784946236559,0.10000526990707397,0.8509475574292016,5.859906242149858,0.5860215053763441,5.859906242149858,0.5860215053763441,186.0,0.05056283447130467,0.09625856314772528,1742.9162925201192
our_vol4,Our vol4 STNPP-GAT-HCL-ZINB,30,2021-02-24,0.01,0.010012823440546666,570,20.0,0.11428571428571428,0.8857142857142857,0.010012823440546666,1.5594541910331385,11.41393483709273,0.11428571428571428,11.41393483709273,0.11428571428571428,175.0,0.017857142857142856,0.03508771929824561,306.04054970623565
our_vol4,Our vol4 STNPP-GAT-HCL-ZINB,30,2021-02-24,0.02,0.02000808052418009,1139,36.0,0.2057142857142857,0.7942857142857143,0.02000808052418009,1.404741000877963,10.281560265897404,0.2057142857142857,10.281560265897404,0.2057142857142857,175.0,0.016057091882247992,0.03160667251975417,306.04054970623565
our_vol4,Our vol4 STNPP-GAT-HCL-ZINB,30,2021-02-24,0.03,0.030003337607813516,1708,46.0,0.26285714285714284,0.7371428571428571,0.030003337607813516,1.1969815248503772,8.760930076948812,0.26285714285714284,8.760930076948812,0.26285714285714284,175.0,0.01909307875894988,0.03747072599531616,306.04054970623565
our_vol4,Our vol4 STNPP-GAT-HCL-ZINB,30,2021-02-24,0.04,0.04001616104836018,2278,58.0,0.3314285714285714,0.6685714285714286,0.04001616104836018,1.1315969173739147,8.282367991972908,0.3314285714285714,8.282367991972908,0.3314285714285714,175.0,0.02038073908174692,0.03994732221246708,306.04054970623565
our_vol4,Our vol4 STNPP-GAT-HCL-ZINB,30,2021-02-24,0.05,0.050011418131993605,2847,64.0,0.3657142857142857,0.6342857142857143,0.050011418131993605,0.9991023689653826,7.3126157860404435,0.3657142857142857,7.3126157860404435,0.3657142857142857,175.0,0.021345291479820627,0.04179838426413769,306.04054970623565
our_vol4,Our vol4 STNPP-GAT-HCL-ZINB,30,2021-02-24,0.06,0.06000667521562703,3416,67.0,0.38285714285714284,0.6171428571428572,0.06000667521562703,0.8717148061410357,6.380242556038809,0.38285714285714284,6.380242556038809,0.38285714285714284,175.0,0.026596543951915852,0.05181498829039813,306.04054970623565
our_vol4,Our vol4 STNPP-GAT-HCL-ZINB,30,2021-02-24,0.07,0.07000193229926045,3985,72.0,0.4114285714285714,0.5885714285714285,0.07000193229926045,0.8030112923462986,5.877388779351138,0.4114285714285714,5.877388779351138,0.4114285714285714,175.0,0.02918388429752066,0.05671267252195734,306.04054970623565
our_vol4,Our vol4 STNPP-GAT-HCL-ZINB,30,2021-02-24,0.08,0.08001475573980713,4555,82.0,0.4685714285714286,0.5314285714285714,0.08001475573980713,0.8000975728747408,5.856062725419476,0.4685714285714286,5.856062725419476,0.4685714285714286,175.0,0.034756928668786914,0.06717892425905599,306.04054970623565
our_vol4,Our vol4 STNPP-GAT-HCL-ZINB,30,2021-02-24,0.09,0.09001001282344055,5124,89.0,0.5085714285714286,0.49142857142857144,0.09001001282344055,0.7719663457368375,5.650165049626407,0.5085714285714286,5.650165049626407,0.5085714285714286,175.0,0.039878234398782346,0.07669789227166277,306.04054970623565
our_vol4,Our vol4 STNPP-GAT-HCL-ZINB,30,2021-02-24,0.1,0.10000526990707397,5693,91.0,0.52,0.48,0.10000526990707397,0.7104241075785077,5.199725979272792,0.52,5.199725979272792,0.52,175.0,0.04775927118800037,0.09116458809063763,306.04054970623565
our_vol4,Our vol4 STNPP-GAT-HCL-ZINB,31,2021-03-10,0.01,0.010012823440546666,570,30.0,0.17045454545454544,0.8295454545454546,0.010012823440546666,2.339181286549708,17.023624401913874,0.17045454545454544,17.023624401913874,0.17045454545454544,176.0,0.025179856115107913,0.04912280701754386,2001.9132837624986
our_vol4,Our vol4 STNPP-GAT-HCL-ZINB,31,2021-03-10,0.02,0.02000808052418009,1139,37.0,0.21022727272727273,0.7897727272727273,0.02000808052418009,1.4437615842356843,10.507118485114535,0.21022727272727273,10.507118485114535,0.21022727272727273,176.0,0.01651048639000446,0.0324846356453029,2001.9132837624986
our_vol4,Our vol4 STNPP-GAT-HCL-ZINB,31,2021-03-10,0.03,0.030003337607813516,1708,43.0,0.24431818181818182,0.7556818181818181,0.030003337607813516,1.1189175123601354,8.143033452203534,0.24431818181818182,8.143033452203534,0.24431818181818182,176.0,0.01757521596663688,0.03454332552693208,2001.9132837624986
our_vol4,Our vol4 STNPP-GAT-HCL-ZINB,31,2021-03-10,0.04,0.04001616104836018,2278,48.0,0.2727272727272727,0.7272727272727273,0.04001616104836018,0.9364940005853087,6.815428206560779,0.2727272727272727,6.815428206560779,0.2727272727272727,176.0,0.017645744918472192,0.03467954345917471,2001.9132837624986
our_vol4,Our vol4 STNPP-GAT-HCL-ZINB,31,2021-03-10,0.05,0.050011418131993605,2847,58.0,0.32954545454545453,0.6704545454545454,0.050011418131993605,0.905436521874878,6.589404317144043,0.32954545454545453,6.589404317144043,0.32954545454545453,176.0,0.01969914040114613,0.03863716192483316,2001.9132837624986
our_vol4,Our vol4 STNPP-GAT-HCL-ZINB,31,2021-03-10,0.06,0.06000667521562703,3416,67.0,0.3806818181818182,0.6193181818181819,0.06000667521562703,0.8717148061410357,6.343991177879498,0.3806818181818182,6.343991177879498,0.3806818181818182,176.0,0.025825825825825825,0.05035128805620609,2001.9132837624986
our_vol4,Our vol4 STNPP-GAT-HCL-ZINB,31,2021-03-10,0.07,0.07000193229926045,3985,73.0,0.4147727272727273,0.5852272727272727,0.07000193229926045,0.8141642269622195,5.925161115546938,0.4147727272727273,5.925161115546938,0.4147727272727273,176.0,0.028121775025799794,0.05470514429109159,2001.9132837624986
our_vol4,Our vol4 STNPP-GAT-HCL-ZINB,31,2021-03-10,0.08,0.08001475573980713,4555,80.0,0.45454545454545453,0.5454545454545454,0.08001475573980713,0.7805829979265765,5.680770382197385,0.45454545454545453,5.680770382197385,0.45454545454545453,176.0,0.03381752156150704,0.06542261251372118,2001.9132837624986
our_vol4,Our vol4 STNPP-GAT-HCL-ZINB,31,2021-03-10,0.09,0.09001001282344055,5124,86.0,0.48863636363636365,0.5113636363636364,0.09001001282344055,0.7459450082400901,5.428688968135689,0.48863636363636365,5.428688968135689,0.48863636363636365,176.0,0.040194884287454324,0.07728337236533958,2001.9132837624986
our_vol4,Our vol4 STNPP-GAT-HCL-ZINB,31,2021-03-10,0.1,0.10000526990707397,5693,93.0,0.5284090909090909,0.47159090909090906,0.10000526990707397,0.7260378242285848,5.2838124570844585,0.5284090909090909,5.2838124570844585,0.5284090909090909,176.0,0.04824157613699134,0.09204285965220446,2001.9132837624986
our_vol4,Our vol4 STNPP-GAT-HCL-ZINB,32,2021-03-24,0.01,0.010012823440546666,570,24.0,0.15584415584415584,0.8441558441558441,0.010012823440546666,1.8713450292397662,15.564456596035543,0.15584415584415584,15.564456596035543,0.15584415584415584,154.0,0.020590868397493287,0.04035087719298246,1887.5735532529525
our_vol4,Our vol4 STNPP-GAT-HCL-ZINB,32,2021-03-24,0.02,0.02000808052418009,1139,35.0,0.22727272727272727,0.7727272727272727,0.02000808052418009,1.3657204175202418,11.359047010934631,0.22727272727272727,11.359047010934631,0.22727272727272727,154.0,0.016057091882247992,0.03160667251975417,1887.5735532529525
our_vol4,Our vol4 STNPP-GAT-HCL-ZINB,32,2021-03-24,0.03,0.030003337607813516,1708,46.0,0.2987012987012987,0.7012987012987013,0.030003337607813516,1.1969815248503772,9.955602360169104,0.2987012987012987,9.955602360169104,0.2987012987012987,154.0,0.02031063321385902,0.03981264637002342,1887.5735532529525
our_vol4,Our vol4 STNPP-GAT-HCL-ZINB,32,2021-03-24,0.04,0.04001616104836018,2278,51.0,0.33116883116883117,0.6688311688311688,0.04001616104836018,0.9950248756218905,8.27587710796666,0.33116883116883117,8.27587710796666,0.33116883116883117,154.0,0.01923937360178971,0.03775241439859526,1887.5735532529525
our_vol4,Our vol4 STNPP-GAT-HCL-ZINB,32,2021-03-24,0.05,0.050011418131993605,2847,57.0,0.37012987012987014,0.6298701298701299,0.050011418131993605,0.8898255473597939,7.4009073118662165,0.37012987012987014,7.4009073118662165,0.37012987012987014,154.0,0.021711824869908487,0.042500878117316475,1887.5735532529525
our_vol4,Our vol4 STNPP-GAT-HCL-ZINB,32,2021-03-24,0.06,0.06000667521562703,3416,62.0,0.4025974025974026,0.5974025974025974,0.06000667521562703,0.8066614623991674,6.709210286200919,0.4025974025974026,6.709210286200919,0.4025974025974026,154.0,0.02690515556891628,0.052400468384074944,1887.5735532529525
our_vol4,Our vol4 STNPP-GAT-HCL-ZINB,32,2021-03-24,0.07,0.07000193229926045,3985,70.0,0.45454545454545453,0.5454545454545454,0.07000193229926045,0.780705423114457,6.493327249914452,0.45454545454545453,6.493327249914452,0.45454545454545453,154.0,0.028918151303898788,0.056210790464240906,1887.5735532529525
our_vol4,Our vol4 STNPP-GAT-HCL-ZINB,32,2021-03-24,0.08,0.08001475573980713,4555,71.0,0.461038961038961,0.538961038961039,0.08001475573980713,0.6927674106598366,5.761924244800205,0.461038961038961,5.761924244800205,0.461038961038961,154.0,0.03440445100488248,0.06652030735455543,1887.5735532529525
our_vol4,Our vol4 STNPP-GAT-HCL-ZINB,32,2021-03-24,0.09,0.09001001282344055,5124,76.0,0.4935064935064935,0.5064935064935066,0.09001001282344055,0.6592072165842657,5.482795502701825,0.4935064935064935,5.482795502701825,0.4935064935064935,154.0,0.039140133847089836,0.07533177205308353,1887.5735532529525
our_vol4,Our vol4 STNPP-GAT-HCL-ZINB,32,2021-03-24,0.1,0.10000526990707397,5693,82.0,0.5324675324675324,0.4675324675324676,0.10000526990707397,0.6401623826531608,5.32439473402059,0.5324675324675324,5.32439473402059,0.5324675324675324,154.0,0.04959439528023599,0.0945020200245916,1887.5735532529525
our_vol4,Our vol4 STNPP-GAT-HCL-ZINB,33,2021-04-07,0.01,0.010012823440546666,570,26.0,0.18309859154929578,0.8169014084507042,0.010012823440546666,2.0272904483430803,18.286409686187298,0.18309859154929578,18.286409686187298,0.18309859154929578,142.0,0.02333931777378815,0.0456140350877193,684.2406390663159
our_vol4,Our vol4 STNPP-GAT-HCL-ZINB,33,2021-04-07,0.02,0.02000808052418009,1139,39.0,0.2746478873239437,0.7253521126760563,0.02000808052418009,1.5218027509511267,13.726848359692838,0.2746478873239437,13.726848359692838,0.2746478873239437,142.0,0.018328118015198926,0.035996488147497806,684.2406390663159
our_vol4,Our vol4 STNPP-GAT-HCL-ZINB,33,2021-04-07,0.03,0.030003337607813516,1708,43.0,0.3028169014084507,0.6971830985915493,0.030003337607813516,1.1189175123601354,10.092773856252267,0.3028169014084507,10.092773856252267,0.3028169014084507,142.0,0.01909307875894988,0.03747072599531616,684.2406390663159
our_vol4,Our vol4 STNPP-GAT-HCL-ZINB,33,2021-04-07,0.04,0.04001616104836018,2278,49.0,0.34507042253521125,0.6549295774647887,0.04001616104836018,0.9560042922641693,8.623276533653192,0.34507042253521125,8.623276533653192,0.34507042253521125,142.0,0.018328118015198926,0.035996488147497806,684.2406390663159
our_vol4,Our vol4 STNPP-GAT-HCL-ZINB,33,2021-04-07,0.05,0.050011418131993605,2847,55.0,0.3873239436619718,0.6126760563380282,0.050011418131993605,0.8586035983296256,7.744710270756961,0.3873239436619718,7.744710270756961,0.3873239436619718,142.0,0.0200644930132569,0.03933965577801194,684.2406390663159
our_vol4,Our vol4 STNPP-GAT-HCL-ZINB,33,2021-04-07,0.06,0.06000667521562703,3416,60.0,0.4225352112676056,0.5774647887323944,0.06000667521562703,0.78064012490242,7.041470132269024,0.4225352112676056,7.041470132269024,0.4225352112676056,142.0,0.025825825825825825,0.05035128805620609,684.2406390663159
our_vol4,Our vol4 STNPP-GAT-HCL-ZINB,33,2021-04-07,0.07,0.07000193229926045,3985,73.0,0.5140845070422535,0.4859154929577465,0.07000193229926045,0.8141642269622195,7.343861664339866,0.5140845070422535,7.343861664339866,0.5140845070422535,142.0,0.029449754585378456,0.057214554579673775,684.2406390663159
our_vol4,Our vol4 STNPP-GAT-HCL-ZINB,33,2021-04-07,0.08,0.08001475573980713,4555,77.0,0.5422535211267606,0.4577464788732394,0.08001475573980713,0.7513111355043298,6.77691903341012,0.5422535211267606,6.77691903341012,0.5422535211267606,142.0,0.034756928668786914,0.06717892425905599,684.2406390663159
our_vol4,Our vol4 STNPP-GAT-HCL-ZINB,33,2021-04-07,0.09,0.09001001282344055,5124,78.0,0.5492957746478874,0.45070422535211263,0.09001001282344055,0.6765547749154306,6.102607447966488,0.5492957746478874,6.102607447966488,0.5492957746478874,142.0,0.04114599207558671,0.07903981264637003,684.2406390663159
our_vol4,Our vol4 STNPP-GAT-HCL-ZINB,33,2021-04-07,0.1,0.10000526990707397,5693,81.0,0.5704225352112676,0.4295774647887324,0.10000526990707397,0.6323555243281223,5.703924760578225,0.5704225352112676,5.703924760578225,0.5704225352112676,142.0,0.05007839158904362,0.09538029158615843,684.2406390663159
our_vol4,Our vol4 STNPP-GAT-HCL-ZINB,34,2021-04-21,0.01,0.010012823440546666,570,18.0,0.10843373493975904,0.891566265060241,0.010012823440546666,1.4035087719298247,10.829486366518706,0.10843373493975904,10.829486366518706,0.10843373493975904,166.0,0.016042780748663103,0.031578947368421054,1655.0560541032883
our_vol4,Our vol4 STNPP-GAT-HCL-ZINB,34,2021-04-21,0.02,0.02000808052418009,1139,35.0,0.21084337349397592,0.7891566265060241,0.02000808052418009,1.3657204175202418,10.537911082433334,0.21084337349397592,10.537911082433334,0.21084337349397592,166.0,0.015151515151515152,0.029850746268656716,1655.0560541032883
our_vol4,Our vol4 STNPP-GAT-HCL-ZINB,34,2021-04-21,0.03,0.030003337607813516,1708,47.0,0.28313253012048195,0.7168674698795181,0.030003337607813516,1.2230028623471247,9.436701137101098,0.28313253012048195,9.436701137101098,0.28313253012048195,166.0,0.018789144050104383,0.036885245901639344,1655.0560541032883
our_vol4,Our vol4 STNPP-GAT-HCL-ZINB,34,2021-04-21,0.04,0.04001616104836018,2278,56.0,0.3373493975903614,0.6626506024096386,0.04001616104836018,1.0925763340161936,8.430328865946667,0.3373493975903614,8.430328865946667,0.3373493975903614,166.0,0.018783542039355994,0.03687445127304653,1655.0560541032883
our_vol4,Our vol4 STNPP-GAT-HCL-ZINB,34,2021-04-21,0.05,0.050011418131993605,2847,70.0,0.42168674698795183,0.5783132530120482,0.050011418131993605,1.0927682160558871,8.431809429498818,0.42168674698795183,8.431809429498818,0.42168674698795183,166.0,0.021528525296017224,0.04214963119072708,1655.0560541032883
our_vol4,Our vol4 STNPP-GAT-HCL-ZINB,34,2021-04-21,0.06,0.06000667521562703,3416,73.0,0.4397590361445783,0.5602409638554218,0.06000667521562703,0.9497788186312777,7.32850194689766,0.4397590361445783,7.32850194689766,0.4397590361445783,166.0,0.025979876858387145,0.0506440281030445,1655.0560541032883
our_vol4,Our vol4 STNPP-GAT-HCL-ZINB,34,2021-04-21,0.07,0.07000193229926045,3985,82.0,0.4939759036144578,0.5060240963855422,0.07000193229926045,0.9145406385055068,7.056603830629922,0.4939759036144578,7.056603830629922,0.4939759036144578,166.0,0.028918151303898788,0.056210790464240906,1655.0560541032883
our_vol4,Our vol4 STNPP-GAT-HCL-ZINB,34,2021-04-21,0.08,0.08001475573980713,4555,85.0,0.5120481927710844,0.4879518072289156,0.08001475573980713,0.8293694352969875,6.399422057053681,0.5120481927710844,6.399422057053681,0.5120481927710844,166.0,0.03510964663106465,0.06783754116355653,1655.0560541032883
our_vol4,Our vol4 STNPP-GAT-HCL-ZINB,34,2021-04-21,0.09,0.09001001282344055,5124,89.0,0.536144578313253,0.463855421686747,0.09001001282344055,0.7719663457368375,5.956499299304948,0.536144578313253,5.956499299304948,0.536144578313253,166.0,0.04231082180634662,0.08118657298985169,1655.0560541032883
our_vol4,Our vol4 STNPP-GAT-HCL-ZINB,34,2021-04-21,0.1,0.10000526990707397,5693,95.0,0.572289156626506,0.42771084337349397,0.10000526990707397,0.7416515408786619,5.722589991090306,0.572289156626506,5.722589991090306,0.572289156626506,166.0,0.05056283447130467,0.09625856314772528,1655.0560541032883
our_vol4,Our vol4 STNPP-GAT-HCL-ZINB,35,2021-05-05,0.01,0.010012823440546666,570,17.0,0.09941520467836257,0.9005847953216375,0.010012823440546666,1.3255360623781678,9.928788345131835,0.09941520467836257,9.928788345131835,0.09941520467836257,171.0,0.015138023152270703,0.02982456140350877,550.8304535766728
our_vol4,Our vol4 STNPP-GAT-HCL-ZINB,35,2021-05-05,0.02,0.02000808052418009,1139,26.0,0.15204678362573099,0.847953216374269,0.02000808052418009,1.014535167300751,7.599268877490771,0.15204678362573099,7.599268877490771,0.15204678362573099,171.0,0.011994669035984007,0.02370500438981563,550.8304535766728
our_vol4,Our vol4 STNPP-GAT-HCL-ZINB,35,2021-05-05,0.03,0.030003337607813516,1708,40.0,0.23391812865497075,0.7660818713450293,0.030003337607813516,1.0408534998698933,7.796403577249134,0.23391812865497075,7.796403577249134,0.23391812865497075,171.0,0.01575973832887303,0.031030444964871194,550.8304535766728
our_vol4,Our vol4 STNPP-GAT-HCL-ZINB,35,2021-05-05,0.04,0.04001616104836018,2278,48.0,0.2807017543859649,0.7192982456140351,0.04001616104836018,0.9364940005853087,7.014709733068404,0.2807017543859649,7.014709733068404,0.2807017543859649,171.0,0.016283738567923266,0.03204565408252853,550.8304535766728
our_vol4,Our vol4 STNPP-GAT-HCL-ZINB,35,2021-05-05,0.05,0.050011418131993605,2847,58.0,0.3391812865497076,0.6608187134502924,0.050011418131993605,0.905436521874878,6.782076957996208,0.3391812865497076,6.782076957996208,0.3391812865497076,171.0,0.01878690284487386,0.0368809272918862,550.8304535766728
our_vol4,Our vol4 STNPP-GAT-HCL-ZINB,35,2021-05-05,0.06,0.06000667521562703,3416,66.0,0.38596491228070173,0.6140350877192983,0.06000667521562703,0.8587041373926619,6.432032951230535,0.38596491228070173,6.432032951230535,0.38596491228070173,171.0,0.02352059925093633,0.04596018735362998,550.8304535766728
our_vol4,Our vol4 STNPP-GAT-HCL-ZINB,35,2021-05-05,0.07,0.07000193229926045,3985,70.0,0.4093567251461988,0.5906432748538012,0.07000193229926045,0.780705423114457,5.847791792320617,0.4093567251461988,5.847791792320617,0.4093567251461988,171.0,0.02560802985458757,0.049937264742785446,550.8304535766728
our_vol4,Our vol4 STNPP-GAT-HCL-ZINB,35,2021-05-05,0.08,0.08001475573980713,4555,70.0,0.4093567251461988,0.5906432748538012,0.08001475573980713,0.6830101231857544,5.116015431920452,0.4093567251461988,5.116015431920452,0.4093567251461988,171.0,0.03194381513366561,0.061909989023051594,550.8304535766728
our_vol4,Our vol4 STNPP-GAT-HCL-ZINB,35,2021-05-05,0.09,0.09001001282344055,5124,77.0,0.4502923976608187,0.5497076023391814,0.09001001282344055,0.6678809957498482,5.002692295401527,0.4502923976608187,5.002692295401527,0.4502923976608187,171.0,0.0387188323535374,0.07455113192818111,550.8304535766728
our_vol4,Our vol4 STNPP-GAT-HCL-ZINB,35,2021-05-05,0.1,0.10000526990707397,5693,86.0,0.5029239766081871,0.4970760233918129,0.10000526990707397,0.6713898159533149,5.0289747437861,0.5029239766081871,5.0289747437861,0.5029239766081871,171.0,0.04824157613699134,0.09204285965220446,550.8304535766728
our_vol4,Our vol4 STNPP-GAT-HCL-ZINB,36,2021-05-19,0.01,0.010012823440546666,570,28.0,0.18181818181818182,0.8181818181818181,0.010012823440546666,2.183235867446394,18.1585326953748,0.18181818181818182,18.1585326953748,0.18181818181818182,154.0,0.02425876010781671,0.04736842105263158,316.88065956074433
our_vol4,Our vol4 STNPP-GAT-HCL-ZINB,36,2021-05-19,0.02,0.02000808052418009,1139,40.0,0.2597402597402597,0.7402597402597403,0.02000808052418009,1.5608233343088478,12.98176801249672,0.2597402597402597,12.98176801249672,0.2597402597402597,154.0,0.017873100983020553,0.03511852502194908,316.88065956074433
our_vol4,Our vol4 STNPP-GAT-HCL-ZINB,36,2021-05-19,0.03,0.030003337607813516,1708,48.0,0.3116883116883117,0.6883116883116883,0.030003337607813516,1.249024199843872,10.388454636698196,0.3116883116883117,10.388454636698196,0.3116883116883117,154.0,0.01818181818181818,0.03571428571428571,316.88065956074433
our_vol4,Our vol4 STNPP-GAT-HCL-ZINB,36,2021-05-19,0.04,0.04001616104836018,2278,55.0,0.35714285714285715,0.6428571428571428,0.04001616104836018,1.0730660423373328,8.924965508591496,0.35714285714285715,8.924965508591496,0.35714285714285715,154.0,0.018555779119159403,0.036435469710272166,316.88065956074433
our_vol4,Our vol4 STNPP-GAT-HCL-ZINB,36,2021-05-19,0.05,0.050011418131993605,2847,60.0,0.38961038961038963,0.6103896103896104,0.050011418131993605,0.9366584709050462,7.790428749332859,0.38961038961038963,7.790428749332859,0.38961038961038963,154.0,0.019881783987103708,0.03898840885142255,316.88065956074433
our_vol4,Our vol4 STNPP-GAT-HCL-ZINB,36,2021-05-19,0.06,0.06000667521562703,3416,65.0,0.42207792207792205,0.577922077922078,0.06000667521562703,0.8456934686442883,7.033849493597737,0.42207792207792205,7.033849493597737,0.42207792207792205,154.0,0.023827364004196015,0.046545667447306795,316.88065956074433
our_vol4,Our vol4 STNPP-GAT-HCL-ZINB,36,2021-05-19,0.07,0.07000193229926045,3985,69.0,0.44805194805194803,0.551948051948052,0.07000193229926045,0.7695524884985362,6.4005654320585315,0.44805194805194803,6.4005654320585315,0.44805194805194803,154.0,0.02560802985458757,0.049937264742785446,316.88065956074433
our_vol4,Our vol4 STNPP-GAT-HCL-ZINB,36,2021-05-19,0.08,0.08001475573980713,4555,71.0,0.461038961038961,0.538961038961039,0.08001475573980713,0.6927674106598366,5.761924244800205,0.461038961038961,5.761924244800205,0.461038961038961,154.0,0.03241160471441523,0.06278814489571899,316.88065956074433
our_vol4,Our vol4 STNPP-GAT-HCL-ZINB,36,2021-05-19,0.09,0.09001001282344055,5124,77.0,0.5,0.5,0.09001001282344055,0.6678809957498482,5.554937548790008,0.5,5.554937548790008,0.5,154.0,0.040300477108922955,0.07747853239656519,316.88065956074433
our_vol4,Our vol4 STNPP-GAT-HCL-ZINB,36,2021-05-19,0.1,0.10000526990707397,5693,82.0,0.5324675324675324,0.4675324675324676,0.10000526990707397,0.6401623826531608,5.32439473402059,0.5324675324675324,5.32439473402059,0.5324675324675324,154.0,0.04862773991526985,0.09274547690145793,316.88065956074433
our_vol4,Our vol4 STNPP-GAT-HCL-ZINB,37,2021-06-02,0.01,0.010012823440546666,570,22.0,0.15172413793103448,0.8482758620689655,0.010012823440546666,1.7153996101364524,15.15298245614035,0.15172413793103448,15.15298245614035,0.15172413793103448,145.0,0.017857142857142856,0.03508771929824561,1693.9666464979457
our_vol4,Our vol4 STNPP-GAT-HCL-ZINB,37,2021-06-02,0.02,0.02000808052418009,1139,29.0,0.2,0.8,0.02000808052418009,1.1315969173739147,9.995961369622476,0.2,9.995961369622476,0.2,145.0,0.012444444444444444,0.024582967515364356,1693.9666464979457
our_vol4,Our vol4 STNPP-GAT-HCL-ZINB,37,2021-06-02,0.03,0.030003337607813516,1708,39.0,0.2689655172413793,0.7310344827586207,0.030003337607813516,1.014832162373146,8.964519906323185,0.2689655172413793,8.964519906323185,0.2689655172413793,145.0,0.016061867935752528,0.03161592505854801,1693.9666464979457
our_vol4,Our vol4 STNPP-GAT-HCL-ZINB,37,2021-06-02,0.04,0.04001616104836018,2278,48.0,0.3310344827586207,0.6689655172413793,0.04001616104836018,0.9364940005853087,8.272519754170325,0.3310344827586207,8.272519754170325,0.3310344827586207,145.0,0.018100558659217877,0.03555750658472344,1693.9666464979457
our_vol4,Our vol4 STNPP-GAT-HCL-ZINB,37,2021-06-02,0.05,0.050011418131993605,2847,56.0,0.38620689655172413,0.6137931034482759,0.050011418131993605,0.8742145728447097,7.722374429223744,0.38620689655172413,7.722374429223744,0.38620689655172413,145.0,0.02043010752688172,0.040042149631190724,1693.9666464979457
our_vol4,Our vol4 STNPP-GAT-HCL-ZINB,37,2021-06-02,0.06,0.06000667521562703,3416,57.0,0.3931034482758621,0.6068965517241379,0.06000667521562703,0.741608118657299,6.55099531615925,0.3931034482758621,6.55099531615925,0.3931034482758621,145.0,0.025825825825825825,0.05035128805620609,1693.9666464979457
our_vol4,Our vol4 STNPP-GAT-HCL-ZINB,37,2021-06-02,0.07,0.07000193229926045,3985,62.0,0.42758620689655175,0.5724137931034483,0.07000193229926045,0.6914819461870905,6.108205771643664,0.42758620689655175,6.108205771643664,0.42758620689655175,145.0,0.02838709677419355,0.05520702634880803,1693.9666464979457
our_vol4,Our vol4 STNPP-GAT-HCL-ZINB,37,2021-06-02,0.08,0.08001475573980713,4555,68.0,0.4689655172413793,0.5310344827586206,0.08001475573980713,0.6634955482375899,5.86098792535675,0.4689655172413793,5.86098792535675,0.4689655172413793,145.0,0.037821827295511506,0.07288693743139407,1693.9666464979457
our_vol4,Our vol4 STNPP-GAT-HCL-ZINB,37,2021-06-02,0.09,0.09001001282344055,5124,74.0,0.5103448275862069,0.4896551724137931,0.09001001282344055,0.6418596582531009,5.669867291178766,0.5103448275862069,5.669867291178766,0.5103448275862069,145.0,0.04231082180634662,0.08118657298985169,1693.9666464979457
our_vol4,Our vol4 STNPP-GAT-HCL-ZINB,37,2021-06-02,0.1,0.10000526990707397,5693,76.0,0.5241379310344828,0.4758620689655172,0.10000526990707397,0.5933212327029295,5.241103109081329,0.5241379310344828,5.241103109081329,0.5241379310344828,145.0,0.05240780109067381,0.09959599508167925,1693.9666464979457
our_vol4,Our vol4 STNPP-GAT-HCL-ZINB,38,2021-06-16,0.01,0.010012823440546666,570,29.0,0.17901234567901234,0.8209876543209876,0.010012823440546666,2.261208576998051,17.878308425384446,0.17901234567901234,17.878308425384446,0.17901234567901234,162.0,0.02333931777378815,0.0456140350877193,910.9867858255592
our_vol4,Our vol4 STNPP-GAT-HCL-ZINB,38,2021-06-16,0.02,0.02000808052418009,1139,34.0,0.20987654320987653,0.7901234567901234,0.02000808052418009,1.3266998341625207,10.489589091579141,0.20987654320987653,10.489589091579141,0.20987654320987653,162.0,0.014247551202137132,0.028094820017559263,910.9867858255592
our_vol4,Our vol4 STNPP-GAT-HCL-ZINB,38,2021-06-16,0.03,0.030003337607813516,1708,41.0,0.25308641975308643,0.7469135802469136,0.030003337607813516,1.0668748373666406,8.435275537051494,0.25308641975308643,8.435275537051494,0.25308641975308643,162.0,0.01636417732817614,0.032201405152224825,910.9867858255592
our_vol4,Our vol4 STNPP-GAT-HCL-ZINB,38,2021-06-16,0.04,0.04001616104836018,2278,47.0,0.29012345679012347,0.7098765432098766,0.04001616104836018,0.9169837089064481,7.250157166238525,0.29012345679012347,7.250157166238525,0.29012345679012347,162.0,0.016283738567923266,0.03204565408252853,910.9867858255592
our_vol4,Our vol4 STNPP-GAT-HCL-ZINB,38,2021-06-16,0.05,0.050011418131993605,2847,56.0,0.345679012345679,0.654320987654321,0.050011418131993605,0.8742145728447097,6.9120018039348325,0.345679012345679,6.9120018039348325,0.345679012345679,162.0,0.01933404940923738,0.037934668071654375,910.9867858255592
our_vol4,Our vol4 STNPP-GAT-HCL-ZINB,38,2021-06-16,0.06,0.06000667521562703,3416,62.0,0.38271604938271603,0.617283950617284,0.06000667521562703,0.8066614623991674,6.37789125972186,0.38271604938271603,6.37789125972186,0.38271604938271603,162.0,0.025517862503752625,0.049765807962529274,910.9867858255592
our_vol4,Our vol4 STNPP-GAT-HCL-ZINB,38,2021-06-16,0.07,0.07000193229926045,3985,68.0,0.41975308641975306,0.5802469135802469,0.07000193229926045,0.7583995538826154,5.996307139427173,0.41975308641975306,5.996307139427173,0.41975308641975306,162.0,0.028652555498193084,0.05570890840652447,910.9867858255592
our_vol4,Our vol4 STNPP-GAT-HCL-ZINB,38,2021-06-16,0.08,0.08001475573980713,4555,73.0,0.4506172839506173,0.5493827160493827,0.08001475573980713,0.712281985608001,5.6316773048203705,0.4506172839506173,5.6316773048203705,0.4506172839506173,162.0,0.03499204726198591,0.06761800219538969,910.9867858255592
our_vol4,Our vol4 STNPP-GAT-HCL-ZINB,38,2021-06-16,0.09,0.09001001282344055,5124,83.0,0.5123456790123457,0.48765432098765427,0.09001001282344055,0.7199236707433428,5.692096500611983,0.5123456790123457,5.692096500611983,0.5123456790123457,162.0,0.04156926516922452,0.07982045277127245,910.9867858255592
our_vol4,Our vol4 STNPP-GAT-HCL-ZINB,38,2021-06-16,0.1,0.10000526990707397,5693,88.0,0.5432098765432098,0.45679012345679015,0.10000526990707397,0.6870035326033921,5.431812513960181,0.5432098765432098,5.431812513960181,0.5432098765432098,162.0,0.049691158845763805,0.09467767433690497,910.9867858255592
our_vol4,Our vol4 STNPP-GAT-HCL-ZINB,39,2021-06-30,0.01,0.010012823440546666,570,27.0,0.13432835820895522,0.8656716417910448,0.010012823440546666,2.105263157894737,13.415632364493321,0.13432835820895522,13.415632364493321,0.13432835820895522,201.0,0.02425876010781671,0.04736842105263158,1534.8967733333234
our_vol4,Our vol4 STNPP-GAT-HCL-ZINB,39,2021-06-30,0.02,0.02000808052418009,1139,44.0,0.21890547263681592,0.7810945273631841,0.02000808052418009,1.7169056677397325,10.94085324038281,0.21890547263681592,10.94085324038281,0.21890547263681592,201.0,0.020152261531571878,0.03950834064969271,1534.8967733333234
our_vol4,Our vol4 STNPP-GAT-HCL-ZINB,39,2021-06-30,0.03,0.030003337607813516,1708,57.0,0.2835820895522388,0.7164179104477613,0.030003337607813516,1.483216237314598,9.451684784508371,0.2835820895522388,9.451684784508371,0.2835820895522388,201.0,0.02092050209205021,0.040983606557377046,1534.8967733333234
our_vol4,Our vol4 STNPP-GAT-HCL-ZINB,39,2021-06-30,0.04,0.04001616104836018,2278,67.0,0.3333333333333333,0.6666666666666667,0.04001616104836018,1.3071895424836601,8.32996780801873,0.3333333333333333,8.32996780801873,0.3333333333333333,201.0,0.021295673615781215,0.04170324846356453,1534.8967733333234
our_vol4,Our vol4 STNPP-GAT-HCL-ZINB,39,2021-06-30,0.05,0.050011418131993605,2847,76.0,0.3781094527363184,0.6218905472636815,0.050011418131993605,1.1864340631463919,7.5604625275449235,0.3781094527363184,7.5604625275449235,0.3781094527363184,201.0,0.022996766079770033,0.04495960660344222,1534.8967733333234
our_vol4,Our vol4 STNPP-GAT-HCL-ZINB,39,2021-06-30,0.06,0.06000667521562703,3416,84.0,0.417910447761194,0.582089552238806,0.06000667521562703,1.092896174863388,6.964399314900905,0.417910447761194,6.964399314900905,0.417910447761194,201.0,0.028760728805902726,0.05591334894613583,1534.8967733333234
our_vol4,Our vol4 STNPP-GAT-HCL-ZINB,39,2021-06-30,0.07,0.07000193229926045,3985,89.0,0.4427860696517413,0.5572139303482587,0.07000193229926045,0.9926111808169525,6.325340674294774,0.4427860696517413,6.325340674294774,0.4427860696517413,201.0,0.030381383322559793,0.05897114178168131,1534.8967733333234
our_vol4,Our vol4 STNPP-GAT-HCL-ZINB,39,2021-06-30,0.08,0.08001475573980713,4555,98.0,0.48756218905472637,0.5124378109452736,0.08001475573980713,0.9562141724600561,6.093403454735106,0.48756218905472637,6.093403454735106,0.48756218905472637,201.0,0.03711293260473588,0.07156970362239297,1534.8967733333234
our_vol4,Our vol4 STNPP-GAT-HCL-ZINB,39,2021-06-30,0.09,0.09001001282344055,5124,105.0,0.5223880597014925,0.4776119402985075,0.09001001282344055,0.9107468123861566,5.803666095750754,0.5223880597014925,5.803666095750754,0.5223880597014925,201.0,0.042628955132770374,0.08177205308352849,1534.8967733333234
our_vol4,Our vol4 STNPP-GAT-HCL-ZINB,39,2021-06-30,0.1,0.10000526990707397,5693,111.0,0.5522388059701493,0.4477611940298507,0.10000526990707397,0.8665612740792786,5.522097050318407,0.5522388059701493,5.522097050318407,0.5522388059701493,201.0,0.05124180592743052,0.09748814333391885,1534.8967733333234
our_vol4,Our vol4 STNPP-GAT-HCL-ZINB,40,2021-07-14,0.01,0.010012823440546666,570,24.0,0.13114754098360656,0.8688524590163934,0.010012823440546666,1.8713450292397662,13.097958009778544,0.13114754098360656,13.097958009778544,0.13114754098360656,183.0,0.01967799642218247,0.03859649122807018,2082.5753956114713
our_vol4,Our vol4 STNPP-GAT-HCL-ZINB,40,2021-07-14,0.02,0.02000808052418009,1139,41.0,0.22404371584699453,0.7759562841530054,0.02000808052418009,1.599843917666569,11.197661643566162,0.22404371584699453,11.197661643566162,0.22404371584699453,183.0,0.017873100983020553,0.03511852502194908,2082.5753956114713
our_vol4,Our vol4 STNPP-GAT-HCL-ZINB,40,2021-07-14,0.03,0.030003337607813516,1708,53.0,0.2896174863387978,0.7103825136612022,0.030003337607813516,1.3791308873276087,9.65284229789739,0.2896174863387978,9.65284229789739,0.2896174863387978,183.0,0.01939719486720382,0.038056206088992975,2082.5753956114713
our_vol4,Our vol4 STNPP-GAT-HCL-ZINB,40,2021-07-14,0.04,0.04001616104836018,2278,60.0,0.32786885245901637,0.6721311475409837,0.04001616104836018,1.170617500731636,8.193410958706947,0.32786885245901637,8.193410958706947,0.32786885245901637,183.0,0.018783542039355994,0.03687445127304653,2082.5753956114713
our_vol4,Our vol4 STNPP-GAT-HCL-ZINB,40,2021-07-14,0.05,0.050011418131993605,2847,65.0,0.3551912568306011,0.644808743169399,0.050011418131993605,1.0147133434804667,7.10220325872695,0.3551912568306011,7.10220325872695,0.3551912568306011,183.0,0.021345291479820627,0.04179838426413769,2082.5753956114713
our_vol4,Our vol4 STNPP-GAT-HCL-ZINB,40,2021-07-14,0.06,0.06000667521562703,3416,71.0,0.3879781420765027,0.6120218579234973,0.06000667521562703,0.9237574811345303,6.465583048591648,0.3879781420765027,6.465583048591648,0.3879781420765027,183.0,0.028296207104154123,0.05503512880562061,2082.5753956114713
our_vol4,Our vol4 STNPP-GAT-HCL-ZINB,40,2021-07-14,0.07,0.07000193229926045,3985,79.0,0.43169398907103823,0.5683060109289617,0.07000193229926045,0.8810818346577444,6.166886754290338,0.43169398907103823,6.166886754290338,0.43169398907103823,183.0,0.03011503166602042,0.05846925972396487,2082.5753956114713
our_vol4,Our vol4 STNPP-GAT-HCL-ZINB,40,2021-07-14,0.08,0.08001475573980713,4555,90.0,0.4918032786885246,0.5081967213114754,0.08001475573980713,0.8781558726673985,6.146407298770941,0.4918032786885246,6.146407298770941,0.4918032786885246,183.0,0.03888698825407686,0.07486278814489572,2082.5753956114713
our_vol4,Our vol4 STNPP-GAT-HCL-ZINB,40,2021-07-14,0.09,0.09001001282344055,5124,97.0,0.5300546448087432,0.4699453551912568,0.09001001282344055,0.8413565790614971,5.888840898717276,0.5300546448087432,5.888840898717276,0.5300546448087432,183.0,0.043903432820617296,0.08411397345823575,2082.5753956114713
our_vol4,Our vol4 STNPP-GAT-HCL-ZINB,40,2021-07-14,0.1,0.10000526990707397,5693,105.0,0.5737704918032787,0.42622950819672134,0.10000526990707397,0.8197201241290474,5.737402562249296,0.5737704918032787,5.737402562249296,0.5737704918032787,183.0,0.051727323111029004,0.09836641489548568,2082.5753956114713
our_vol4,Our vol4 STNPP-GAT-HCL-ZINB,41,2021-07-28,0.01,0.010012823440546666,570,26.0,0.15568862275449102,0.844311377245509,0.010012823440546666,2.0272904483430803,15.54892320621914,0.15568862275449102,15.54892320621914,0.15568862275449102,167.0,0.02333931777378815,0.0456140350877193,938.4709565735293
our_vol4,Our vol4 STNPP-GAT-HCL-ZINB,41,2021-07-28,0.02,0.02000808052418009,1139,38.0,0.2275449101796407,0.7724550898203593,0.02000808052418009,1.4827821675934054,11.372650660049523,0.2275449101796407,11.372650660049523,0.2275449101796407,167.0,0.016964285714285713,0.033362598770851626,938.4709565735293
our_vol4,Our vol4 STNPP-GAT-HCL-ZINB,41,2021-07-28,0.03,0.030003337607813516,1708,45.0,0.2694610778443114,0.7305389221556886,0.030003337607813516,1.17096018735363,8.981036755528756,0.2694610778443114,8.981036755528756,0.2694610778443114,167.0,0.016666666666666666,0.03278688524590164,938.4709565735293
our_vol4,Our vol4 STNPP-GAT-HCL-ZINB,41,2021-07-28,0.04,0.04001616104836018,2278,52.0,0.31137724550898205,0.688622754491018,0.04001616104836018,1.014535167300751,7.781287293718096,0.31137724550898205,7.781287293718096,0.31137724550898205,167.0,0.017418490397498883,0.03424056189640035,938.4709565735293
our_vol4,Our vol4 STNPP-GAT-HCL-ZINB,41,2021-07-28,0.05,0.050011418131993605,2847,72.0,0.4311377245508982,0.5688622754491017,0.050011418131993605,1.1239901650860553,8.620785825609056,0.4311377245508982,8.620785825609056,0.4311377245508982,167.0,0.022629310344827586,0.044257112750263436,938.4709565735293
our_vol4,Our vol4 STNPP-GAT-HCL-ZINB,41,2021-07-28,0.06,0.06000667521562703,3416,80.0,0.47904191616766467,0.5209580838323353,0.06000667521562703,1.0408534998698933,7.983143782692227,0.47904191616766467,7.983143782692227,0.47904191616766467,167.0,0.02783210470889123,0.054156908665105384,938.4709565735293
our_vol4,Our vol4 STNPP-GAT-HCL-ZINB,41,2021-07-28,0.07,0.07000193229926045,3985,88.0,0.5269461077844312,0.4730538922155688,0.07000193229926045,0.9814582462010317,7.527593746008611,0.5269461077844312,7.527593746008611,0.5269461077844312,167.0,0.030381383322559793,0.05897114178168131,938.4709565735293
our_vol4,Our vol4 STNPP-GAT-HCL-ZINB,41,2021-07-28,0.08,0.08001475573980713,4555,98.0,0.5868263473053892,0.4131736526946108,0.08001475573980713,0.9562141724600561,7.333976613184169,0.5868263473053892,7.333976613184169,0.5868263473053892,167.0,0.038058340929808566,0.07332601536772777,938.4709565735293
our_vol4,Our vol4 STNPP-GAT-HCL-ZINB,41,2021-07-28,0.09,0.09001001282344055,5124,102.0,0.6107784431137725,0.3892215568862275,0.09001001282344055,0.8847254748894092,6.785672215288392,0.6107784431137725,6.785672215288392,0.6107784431137725,167.0,0.0442225392296719,0.08469945355191257,938.4709565735293
our_vol4,Our vol4 STNPP-GAT-HCL-ZINB,41,2021-07-28,0.1,0.10000526990707397,5693,106.0,0.6347305389221557,0.3652694610778443,0.10000526990707397,0.827526982454086,6.346970909752601,0.6347305389221557,6.346970909752601,0.6347305389221557,167.0,0.05299176916674373,0.10064992095555945,938.4709565735293
our_vol4,Our vol4 STNPP-GAT-HCL-ZINB,42,2021-08-11,0.01,0.010012823440546666,570,28.0,0.17391304347826086,0.8260869565217391,0.010012823440546666,2.183235867446394,17.369031273836764,0.17391304347826086,17.369031273836764,0.17391304347826086,161.0,0.02242152466367713,0.043859649122807015,643.8869146133878
our_vol4,Our vol4 STNPP-GAT-HCL-ZINB,42,2021-08-11,0.02,0.02000808052418009,1139,41.0,0.2546583850931677,0.7453416149068324,0.02000808052418009,1.599843917666569,12.727776899208742,0.2546583850931677,12.727776899208742,0.2546583850931677,161.0,0.016964285714285713,0.033362598770851626,643.8869146133878
our_vol4,Our vol4 STNPP-GAT-HCL-ZINB,42,2021-08-11,0.03,0.030003337607813516,1708,51.0,0.3167701863354037,0.6832298136645962,0.030003337607813516,1.327088212334114,10.55783161447045,0.3167701863354037,10.55783161447045,0.3167701863354037,161.0,0.01818181818181818,0.03571428571428571,643.8869146133878
our_vol4,Our vol4 STNPP-GAT-HCL-ZINB,42,2021-08-11,0.04,0.04001616104836018,2278,61.0,0.37888198757763975,0.6211180124223603,0.04001616104836018,1.1901277924104965,9.468224278679674,0.37888198757763975,9.468224278679674,0.37888198757763975,161.0,0.019467442380845825,0.038191395961369626,643.8869146133878
our_vol4,Our vol4 STNPP-GAT-HCL-ZINB,42,2021-08-11,0.05,0.050011418131993605,2847,69.0,0.42857142857142855,0.5714285714285714,0.050011418131993605,1.077157241540803,8.569471624266145,0.42857142857142855,8.569471624266145,0.42857142857142855,161.0,0.02244568145088885,0.04390586582367404,643.8869146133878
our_vol4,Our vol4 STNPP-GAT-HCL-ZINB,42,2021-08-11,0.06,0.06000667521562703,3416,82.0,0.5093167701863354,0.49068322981366463,0.06000667521562703,1.0668748373666406,8.487668552809577,0.5093167701863354,8.487668552809577,0.5093167701863354,161.0,0.026442307692307692,0.05152224824355972,643.8869146133878
our_vol4,Our vol4 STNPP-GAT-HCL-ZINB,42,2021-08-11,0.07,0.07000193229926045,3985,89.0,0.5527950310559007,0.44720496894409933,0.07000193229926045,0.9926111808169525,7.896853885299689,0.5527950310559007,7.896853885299689,0.5527950310559007,161.0,0.027856590147020893,0.054203262233375155,643.8869146133878
our_vol4,Our vol4 STNPP-GAT-HCL-ZINB,42,2021-08-11,0.08,0.08001475573980713,4555,98.0,0.6086956521739131,0.3913043478260869,0.08001475573980713,0.9562141724600561,7.607292511812151,0.6086956521739131,7.607292511812151,0.6086956521739131,161.0,0.03510964663106465,0.06783754116355653,643.8869146133878
our_vol4,Our vol4 STNPP-GAT-HCL-ZINB,42,2021-08-11,0.09,0.09001001282344055,5124,102.0,0.6335403726708074,0.36645962732919257,0.09001001282344055,0.8847254748894092,7.038554409646966,0.6335403726708074,7.038554409646966,0.6335403726708074,161.0,0.041886945912972755,0.08040593286494926,643.8869146133878
our_vol4,Our vol4 STNPP-GAT-HCL-ZINB,42,2021-08-11,0.1,0.10000526990707397,5693,106.0,0.6583850931677019,0.3416149068322981,0.10000526990707397,0.827526982454086,6.583503987134686,0.6583850931677019,6.583503987134686,0.6583850931677019,161.0,0.04930421159340153,0.0939750570876515,643.8869146133878
our_vol4,Our vol4 STNPP-GAT-HCL-ZINB,43,2021-08-25,0.01,0.010012823440546666,570,21.0,0.12650602409638553,0.8734939759036144,0.010012823440546666,1.6374269005847955,12.634400760938489,0.12650602409638553,12.634400760938489,0.12650602409638553,166.0,0.01694915254237288,0.03333333333333333,1842.3545607199858
our_vol4,Our vol4 STNPP-GAT-HCL-ZINB,43,2021-08-25,0.02,0.02000808052418009,1139,35.0,0.21084337349397592,0.7891566265060241,0.02000808052418009,1.3657204175202418,10.537911082433334,0.21084337349397592,10.537911082433334,0.21084337349397592,166.0,0.014247551202137132,0.028094820017559263,1842.3545607199858
our_vol4,Our vol4 STNPP-GAT-HCL-ZINB,43,2021-08-25,0.03,0.030003337607813516,1708,45.0,0.2710843373493976,0.7289156626506024,0.030003337607813516,1.17096018735363,9.035139386586156,0.2710843373493976,9.035139386586156,0.2710843373493976,166.0,0.01575973832887303,0.031030444964871194,1842.3545607199858
our_vol4,Our vol4 STNPP-GAT-HCL-ZINB,43,2021-08-25,0.04,0.04001616104836018,2278,53.0,0.3192771084337349,0.6807228915662651,0.04001616104836018,1.0340454589796118,7.9787041052709515,0.3192771084337349,7.9787041052709515,0.3192771084337349,166.0,0.015377757967461556,0.03028972783143108,1842.3545607199858
our_vol4,Our vol4 STNPP-GAT-HCL-ZINB,43,2021-08-25,0.05,0.050011418131993605,2847,63.0,0.3795180722891566,0.6204819277108433,0.050011418131993605,0.9834913944502985,7.588628486548935,0.3795180722891566,7.588628486548935,0.3795180722891566,166.0,0.01733071288190102,0.03407095187917106,1842.3545607199858
our_vol4,Our vol4 STNPP-GAT-HCL-ZINB,43,2021-08-25,0.06,0.06000667521562703,3416,69.0,0.41566265060240964,0.5843373493975903,0.06000667521562703,0.897736143637783,6.926940196382721,0.41566265060240964,6.926940196382721,0.41566265060240964,166.0,0.02076796653219782,0.04069086651053864,1842.3545607199858
our_vol4,Our vol4 STNPP-GAT-HCL-ZINB,43,2021-08-25,0.07,0.07000193229926045,3985,73.0,0.4397590361445783,0.5602409638554218,0.07000193229926045,0.8141642269622195,6.282098532146151,0.4397590361445783,6.282098532146151,0.4397590361445783,166.0,0.02297522782697985,0.04491844416562108,1842.3545607199858
our_vol4,Our vol4 STNPP-GAT-HCL-ZINB,43,2021-08-25,0.08,0.08001475573980713,4555,80.0,0.4819277108433735,0.5180722891566265,0.08001475573980713,0.7805829979265765,6.022985465462288,0.4819277108433735,6.022985465462288,0.4819277108433735,166.0,0.031242925062259452,0.06059275521405049,1842.3545607199858
our_vol4,Our vol4 STNPP-GAT-HCL-ZINB,43,2021-08-25,0.09,0.09001001282344055,5124,88.0,0.5301204819277109,0.4698795180722891,0.09001001282344055,0.7632925665712551,5.889572340885792,0.5301204819277109,5.889572340885792,0.5301204819277109,166.0,0.03787725339274863,0.07298985167837627,1842.3545607199858
our_vol4,Our vol4 STNPP-GAT-HCL-ZINB,43,2021-08-25,0.1,0.10000526990707397,5693,95.0,0.572289156626506,0.42771084337349397,0.10000526990707397,0.7416515408786619,5.722589991090306,0.572289156626506,5.722589991090306,0.572289156626506,166.0,0.04650735294117647,0.08888108203056386,1842.3545607199858
our_vol4,Our vol4 STNPP-GAT-HCL-ZINB,44,2021-09-08,0.01,0.010012823440546666,570,30.0,0.17142857142857143,0.8285714285714285,0.010012823440546666,2.339181286549708,17.1209022556391,0.17142857142857143,17.1209022556391,0.17142857142857143,175.0,0.02702702702702703,0.05263157894736842,902.0100366469362
our_vol4,Our vol4 STNPP-GAT-HCL-ZINB,44,2021-09-08,0.02,0.02000808052418009,1139,41.0,0.2342857142857143,0.7657142857142857,0.02000808052418009,1.599843917666569,11.709554747272044,0.2342857142857143,11.709554747272044,0.2342857142857143,175.0,0.018328118015198926,0.035996488147497806,902.0100366469362
our_vol4,Our vol4 STNPP-GAT-HCL-ZINB,44,2021-09-08,0.03,0.030003337607813516,1708,51.0,0.2914285714285714,0.7085714285714286,0.030003337607813516,1.327088212334114,9.713205085312813,0.2914285714285714,9.713205085312813,0.2914285714285714,175.0,0.01818181818181818,0.03571428571428571,902.0100366469362
our_vol4,Our vol4 STNPP-GAT-HCL-ZINB,44,2021-09-08,0.04,0.04001616104836018,2278,59.0,0.33714285714285713,0.6628571428571428,0.04001616104836018,1.1511072090527752,8.425167440110373,0.33714285714285713,8.425167440110373,0.33714285714285713,175.0,0.01651048639000446,0.0324846356453029,902.0100366469362
our_vol4,Our vol4 STNPP-GAT-HCL-ZINB,44,2021-09-08,0.05,0.050011418131993605,2847,65.0,0.37142857142857144,0.6285714285714286,0.050011418131993605,1.0147133434804667,7.426875407697326,0.37142857142857144,7.426875407697326,0.37142857142857144,175.0,0.01696731559207001,0.033368458025992274,902.0100366469362
our_vol4,Our vol4 STNPP-GAT-HCL-ZINB,44,2021-09-08,0.06,0.06000667521562703,3416,69.0,0.3942857142857143,0.6057142857142856,0.06000667521562703,0.897736143637783,6.570697557711609,0.3942857142857143,6.570697557711609,0.3942857142857143,175.0,0.02031063321385902,0.03981264637002342,902.0100366469362
our_vol4,Our vol4 STNPP-GAT-HCL-ZINB,44,2021-09-08,0.07,0.07000193229926045,3985,84.0,0.48,0.52,0.07000193229926045,0.9368465077373485,6.856953575909661,0.48,6.856953575909661,0.48,175.0,0.0252122459480319,0.04918444165621079,902.0100366469362
our_vol4,Our vol4 STNPP-GAT-HCL-ZINB,44,2021-09-08,0.08,0.08001475573980713,4555,91.0,0.52,0.48,0.08001475573980713,0.8879131601414807,6.498801317233809,0.52,6.498801317233809,0.52,175.0,0.030776193708983934,0.059714599341383096,902.0100366469362
our_vol4,Our vol4 STNPP-GAT-HCL-ZINB,44,2021-09-08,0.09,0.09001001282344055,5124,94.0,0.5371428571428571,0.46285714285714286,0.09001001282344055,0.8153352415647497,5.967590052414408,0.5371428571428571,5.967590052414408,0.5371428571428571,175.0,0.037456975096173316,0.07220921155347385,902.0100366469362
our_vol4,Our vol4 STNPP-GAT-HCL-ZINB,44,2021-09-08,0.1,0.10000526990707397,5693,101.0,0.5771428571428572,0.4228571428571428,0.10000526990707397,0.7884926908288932,5.771124438533538,0.5771428571428572,5.771124438533538,0.5771428571428572,175.0,0.04641117544343351,0.08870542771825048,902.0100366469362
our_vol4,Our vol4 STNPP-GAT-HCL-ZINB,45,2021-09-22,0.01,0.010012823440546666,570,26.0,0.12935323383084577,0.8706467661691543,0.010012823440546666,2.0272904483430803,12.91875709173431,0.12935323383084577,12.91875709173431,0.12935323383084577,201.0,0.02333931777378815,0.0456140350877193,2076.7387027796117
our_vol4,Our vol4 STNPP-GAT-HCL-ZINB,45,2021-09-22,0.02,0.02000808052418009,1139,46.0,0.22885572139303484,0.7711442786069651,0.02000808052418009,1.794946834455175,11.438164751309301,0.22885572139303484,11.438164751309301,0.22885572139303484,201.0,0.02060931899641577,0.04038630377524144,2076.7387027796117
our_vol4,Our vol4 STNPP-GAT-HCL-ZINB,45,2021-09-22,0.03,0.030003337607813516,1708,64.0,0.31840796019900497,0.681592039800995,0.030003337607813516,1.6653655997918293,10.612418003658522,0.31840796019900497,10.612418003658522,0.31840796019900497,201.0,0.022754491017964073,0.04449648711943794,2076.7387027796117
our_vol4,Our vol4 STNPP-GAT-HCL-ZINB,45,2021-09-22,0.04,0.04001616104836018,2278,69.0,0.34328358208955223,0.6567164179104478,0.04001616104836018,1.3462101258413812,8.578623563481976,0.34328358208955223,8.578623563481976,0.34328358208955223,201.0,0.020838001344387184,0.040825285338015806,2076.7387027796117
our_vol4,Our vol4 STNPP-GAT-HCL-ZINB,45,2021-09-22,0.05,0.050011418131993605,2847,80.0,0.39800995024875624,0.6019900497512438,0.050011418131993605,1.2488779612067282,7.958381607942026,0.39800995024875624,7.958381607942026,0.39800995024875624,201.0,0.022629310344827586,0.044257112750263436,2076.7387027796117
our_vol4,Our vol4 STNPP-GAT-HCL-ZINB,45,2021-09-22,0.06,0.06000667521562703,3416,91.0,0.4527363184079602,0.5472636815920398,0.06000667521562703,1.1839708561020037,7.54476592447598,0.4527363184079602,7.54476592447598,0.4527363184079602,201.0,0.02690515556891628,0.052400468384074944,2076.7387027796117
our_vol4,Our vol4 STNPP-GAT-HCL-ZINB,45,2021-09-22,0.07,0.07000193229926045,3985,100.0,0.4975124378109453,0.5024875621890548,0.07000193229926045,1.1152934615920815,7.107124353140197,0.4975124378109453,7.107124353140197,0.4975124378109453,201.0,0.029848817676702416,0.05796737766624843,2076.7387027796117
our_vol4,Our vol4 STNPP-GAT-HCL-ZINB,45,2021-09-22,0.08,0.08001475573980713,4555,107.0,0.5323383084577115,0.46766169154228854,0.08001475573980713,1.044029759726796,6.653001731190371,0.5323383084577115,6.653001731190371,0.5323383084577115,201.0,0.033700215590604786,0.06520307354555434,2076.7387027796117
our_vol4,Our vol4 STNPP-GAT-HCL-ZINB,45,2021-09-22,0.09,0.09001001282344055,5124,113.0,0.5621890547263682,0.43781094527363185,0.09001001282344055,0.9801370457108162,6.245850179236526,0.5621890547263682,6.245850179236526,0.5621890547263682,201.0,0.03966724155422542,0.07630757220921155,2076.7387027796117
our_vol4,Our vol4 STNPP-GAT-HCL-ZINB,45,2021-09-22,0.1,0.10000526990707397,5693,120.0,0.5970149253731343,0.4029850746268657,0.10000526990707397,0.9368229990046255,5.9698346489928715,0.5970149253731343,5.9698346489928715,0.5970149253731343,201.0,0.04833809041524721,0.09221851396451783,2076.7387027796117
our_vol4,Our vol4 STNPP-GAT-HCL-ZINB,46,2021-10-06,0.01,0.010012823440546666,570,30.0,0.15384615384615385,0.8461538461538461,0.010012823440546666,2.339181286549708,15.364912280701754,0.15384615384615385,15.364912280701754,0.15384615384615385,195.0,0.026102610261026102,0.05087719298245614,726.4582403140219
our_vol4,Our vol4 STNPP-GAT-HCL-ZINB,46,2021-10-06,0.02,0.02000808052418009,1139,42.0,0.2153846153846154,0.7846153846153846,0.02000808052418009,1.6388645010242902,10.764881474978052,0.2153846153846154,10.764881474978052,0.2153846153846154,195.0,0.018328118015198926,0.035996488147497806,726.4582403140219
our_vol4,Our vol4 STNPP-GAT-HCL-ZINB,46,2021-10-06,0.03,0.030003337607813516,1708,61.0,0.3128205128205128,0.6871794871794872,0.030003337607813516,1.5873015873015872,10.426190476190476,0.3128205128205128,10.426190476190476,0.3128205128205128,195.0,0.023060796645702306,0.045081967213114756,726.4582403140219
our_vol4,Our vol4 STNPP-GAT-HCL-ZINB,46,2021-10-06,0.04,0.04001616104836018,2278,69.0,0.35384615384615387,0.6461538461538461,0.04001616104836018,1.3462101258413812,8.842581211589113,0.35384615384615387,8.842581211589113,0.35384615384615387,195.0,0.021295673615781215,0.04170324846356453,726.4582403140219
our_vol4,Our vol4 STNPP-GAT-HCL-ZINB,46,2021-10-06,0.05,0.050011418131993605,2847,83.0,0.4256410256410256,0.5743589743589743,0.050011418131993605,1.2957108847519805,8.510876946493385,0.4256410256410256,8.510876946493385,0.4256410256410256,195.0,0.02410071942446043,0.047067088162978575,726.4582403140219
our_vol4,Our vol4 STNPP-GAT-HCL-ZINB,46,2021-10-06,0.06,0.06000667521562703,3416,93.0,0.47692307692307695,0.523076923076923,0.06000667521562703,1.209992193598751,7.947833723653396,0.47692307692307695,7.947833723653396,0.47692307692307695,195.0,0.030156815440289506,0.0585480093676815,726.4582403140219
our_vol4,Our vol4 STNPP-GAT-HCL-ZINB,46,2021-10-06,0.07,0.07000193229926045,3985,98.0,0.5025641025641026,0.49743589743589745,0.07000193229926045,1.09298759236024,7.179289000418235,0.5025641025641026,7.179289000418235,0.5025641025641026,195.0,0.031047865459249677,0.060225846925972396,726.4582403140219
our_vol4,Our vol4 STNPP-GAT-HCL-ZINB,46,2021-10-06,0.08,0.08001475573980713,4555,98.0,0.5025641025641026,0.49743589743589745,0.08001475573980713,0.9562141724600561,6.280892791803878,0.5025641025641026,6.280892791803878,0.5025641025641026,195.0,0.038058340929808566,0.07332601536772777,726.4582403140219
our_vol4,Our vol4 STNPP-GAT-HCL-ZINB,46,2021-10-06,0.09,0.09001001282344055,5124,106.0,0.5435897435897435,0.45641025641025645,0.09001001282344055,0.919420591551739,6.039214155607597,0.5435897435897435,6.039214155607597,0.5435897435897435,195.0,0.041463414634146344,0.07962529274004684,726.4582403140219
our_vol4,Our vol4 STNPP-GAT-HCL-ZINB,46,2021-10-06,0.1,0.10000526990707397,5693,108.0,0.5538461538461539,0.4461538461538461,0.10000526990707397,0.843140699104163,5.538169682065695,0.5538461538461539,5.538169682065695,0.5538461538461539,195.0,0.050853714813105674,0.09678552608466538,726.4582403140219
our_vol4,Our vol4 STNPP-GAT-HCL-ZINB,47,2021-10-20,0.01,0.010012823440546666,570,26.0,0.14285714285714285,0.8571428571428572,0.010012823440546666,2.0272904483430803,14.267418546365914,0.14285714285714285,14.267418546365914,0.14285714285714285,182.0,0.02242152466367713,0.043859649122807015,2521.2801917735305
our_vol4,Our vol4 STNPP-GAT-HCL-ZINB,47,2021-10-20,0.02,0.02000808052418009,1139,43.0,0.23626373626373626,0.7637362637362637,0.02000808052418009,1.6778850843820114,11.808415903674904,0.23626373626373626,11.808415903674904,0.23626373626373626,182.0,0.01923937360178971,0.03775241439859526,2521.2801917735305
our_vol4,Our vol4 STNPP-GAT-HCL-ZINB,47,2021-10-20,0.03,0.030003337607813516,1708,55.0,0.3021978021978022,0.6978021978021978,0.030003337607813516,1.4311735623211033,10.072139511542321,0.3021978021978022,10.072139511542321,0.3021978021978022,182.0,0.021225710014947684,0.04156908665105386,2521.2801917735305
our_vol4,Our vol4 STNPP-GAT-HCL-ZINB,47,2021-10-20,0.04,0.04001616104836018,2278,67.0,0.36813186813186816,0.6318681318681318,0.04001616104836018,1.3071895424836601,9.199579831932775,0.36813186813186816,9.199579831932775,0.36813186813186816,182.0,0.020838001344387184,0.040825285338015806,2521.2801917735305
our_vol4,Our vol4 STNPP-GAT-HCL-ZINB,47,2021-10-20,0.05,0.050011418131993605,2847,74.0,0.4065934065934066,0.5934065934065934,0.050011418131993605,1.1552121141162237,8.130011540970445,0.4065934065934066,8.130011540970445,0.4065934065934066,182.0,0.02244568145088885,0.04390586582367404,2521.2801917735305
our_vol4,Our vol4 STNPP-GAT-HCL-ZINB,47,2021-10-20,0.06,0.06000667521562703,3416,81.0,0.44505494505494503,0.554945054945055,0.06000667521562703,1.053864168618267,7.416757276681164,0.44505494505494503,7.416757276681164,0.44505494505494503,182.0,0.026596543951915852,0.05181498829039813,2521.2801917735305
our_vol4,Our vol4 STNPP-GAT-HCL-ZINB,47,2021-10-20,0.07,0.07000193229926045,3985,84.0,0.46153846153846156,0.5384615384615384,0.07000193229926045,0.9368465077373485,6.593224592220829,0.46153846153846156,6.593224592220829,0.46153846153846156,182.0,0.026400515132002575,0.05144291091593475,2521.2801917735305
our_vol4,Our vol4 STNPP-GAT-HCL-ZINB,47,2021-10-20,0.08,0.08001475573980713,4555,89.0,0.489010989010989,0.510989010989011,0.08001475573980713,0.8683985851933163,6.11151011447389,0.489010989010989,6.11151011447389,0.489010989010989,182.0,0.034639409426462237,0.06695938529088913,2521.2801917735305
our_vol4,Our vol4 STNPP-GAT-HCL-ZINB,47,2021-10-20,0.09,0.09001001282344055,5124,98.0,0.5384615384615384,0.46153846153846156,0.09001001282344055,0.8500303582270795,5.982240437158469,0.5384615384615384,5.982240437158469,0.5384615384615384,182.0,0.03903477643718949,0.07513661202185792,2521.2801917735305
our_vol4,Our vol4 STNPP-GAT-HCL-ZINB,47,2021-10-20,0.1,0.10000526990707397,5693,103.0,0.5659340659340659,0.4340659340659341,0.10000526990707397,0.8041064074789702,5.659042433063161,0.5659340659340659,5.659042433063161,0.5659340659340659,182.0,0.04940092165898618,0.09415071139996486,2521.2801917735305
our_vol4,Our vol4 STNPP-GAT-HCL-ZINB,48,2021-11-03,0.01,0.010012823440546666,570,39.0,0.19597989949748743,0.8040201005025126,0.010012823440546666,3.04093567251462,19.57289076963766,0.19597989949748743,19.57289076963766,0.19597989949748743,199.0,0.034482758620689655,0.06666666666666667,2143.737387928148
our_vol4,Our vol4 STNPP-GAT-HCL-ZINB,48,2021-11-03,0.02,0.02000808052418009,1139,55.0,0.27638190954773867,0.7236180904522613,0.02000808052418009,2.1461320846746657,13.813514455508447,0.27638190954773867,13.813514455508447,0.27638190954773867,199.0,0.024280575539568347,0.04741000877963126,2143.737387928148
our_vol4,Our vol4 STNPP-GAT-HCL-ZINB,48,2021-11-03,0.03,0.030003337607813516,1708,72.0,0.36180904522613067,0.6381909547738693,0.030003337607813516,1.873536299765808,12.058959904910973,0.36180904522613067,12.058959904910973,0.36180904522613067,199.0,0.025517862503752625,0.049765807962529274,2143.737387928148
our_vol4,Our vol4 STNPP-GAT-HCL-ZINB,48,2021-11-03,0.04,0.04001616104836018,2278,77.0,0.3869346733668342,0.6130653266331658,0.04001616104836018,1.502292459272266,9.669460118855913,0.3869346733668342,9.669460118855913,0.3869346733668342,199.0,0.022671156004489337,0.04433713784021071,2143.737387928148
our_vol4,Our vol4 STNPP-GAT-HCL-ZINB,48,2021-11-03,0.05,0.050011418131993605,2847,86.0,0.4321608040201005,0.5678391959798995,0.050011418131993605,1.342543808297233,8.641242743397353,0.4321608040201005,8.641242743397353,0.4321608040201005,199.0,0.02244568145088885,0.04390586582367404,2143.737387928148
our_vol4,Our vol4 STNPP-GAT-HCL-ZINB,48,2021-11-03,0.06,0.06000667521562703,3416,96.0,0.4824120603015075,0.5175879396984925,0.06000667521562703,1.249024199843872,8.03930660327398,0.4824120603015075,8.03930660327398,0.4824120603015075,199.0,0.026288117770767613,0.05122950819672131,2143.737387928148
our_vol4,Our vol4 STNPP-GAT-HCL-ZINB,48,2021-11-03,0.07,0.07000193229926045,3985,105.0,0.5276381909547738,0.4723618090452262,0.07000193229926045,1.1710581346716855,7.537480375528836,0.5276381909547738,7.537480375528836,0.5276381909547738,199.0,0.02918388429752066,0.05671267252195734,2143.737387928148
our_vol4,Our vol4 STNPP-GAT-HCL-ZINB,48,2021-11-03,0.08,0.08001475573980713,4555,113.0,0.5678391959798995,0.4321608040201005,0.08001475573980713,1.1025734845712891,7.096680990021457,0.5678391959798995,7.096680990021457,0.5678391959798995,199.0,0.034874474610928095,0.06739846322722283,2143.737387928148
our_vol4,Our vol4 STNPP-GAT-HCL-ZINB,48,2021-11-03,0.09,0.09001001282344055,5124,122.0,0.6130653266331658,0.3869346733668342,0.09001001282344055,1.0582010582010581,6.811079205551567,0.6130653266331658,6.811079205551567,0.6130653266331658,199.0,0.04135758561121837,0.07943013270882124,2143.737387928148
our_vol4,Our vol4 STNPP-GAT-HCL-ZINB,48,2021-11-03,0.1,0.10000526990707397,5693,126.0,0.6331658291457286,0.3668341708542714,0.10000526990707397,0.9836641489548569,6.33132463653239,0.6331658291457286,6.33132463653239,0.6331658291457286,199.0,0.049691158845763805,0.09467767433690497,2143.737387928148
our_vol4,Our vol4 STNPP-GAT-HCL-ZINB,49,2021-11-17,0.01,0.010012823440546666,570,26.0,0.143646408839779,0.856353591160221,0.010012823440546666,2.0272904483430803,14.346244063196664,0.143646408839779,14.346244063196664,0.143646408839779,181.0,0.021505376344086023,0.042105263157894736,1696.399367720941
our_vol4,Our vol4 STNPP-GAT-HCL-ZINB,49,2021-11-17,0.02,0.02000808052418009,1139,40.0,0.22099447513812154,0.7790055248618785,0.02000808052418009,1.5608233343088478,11.045261181903289,0.22099447513812154,11.045261181903289,0.22099447513812154,181.0,0.017418490397498883,0.03424056189640035,1696.399367720941
our_vol4,Our vol4 STNPP-GAT-HCL-ZINB,49,2021-11-17,0.03,0.030003337607813516,1708,56.0,0.30939226519337015,0.6906077348066298,0.030003337607813516,1.4571948998178506,10.311928267367085,0.30939226519337015,10.311928267367085,0.30939226519337015,181.0,0.02031063321385902,0.03981264637002342,1696.399367720941
our_vol4,Our vol4 STNPP-GAT-HCL-ZINB,49,2021-11-17,0.04,0.04001616104836018,2278,67.0,0.3701657458563536,0.6298342541436464,0.04001616104836018,1.3071895424836601,9.250406239844004,0.3701657458563536,9.250406239844004,0.3701657458563536,181.0,0.019923886277143497,0.03906935908691835,1696.399367720941
our_vol4,Our vol4 STNPP-GAT-HCL-ZINB,49,2021-11-17,0.05,0.050011418131993605,2847,71.0,0.39226519337016574,0.6077348066298343,0.050011418131993605,1.1083791905709712,7.843512702136785,0.39226519337016574,7.843512702136785,0.39226519337016574,181.0,0.01933404940923738,0.037934668071654375,1696.399367720941
our_vol4,Our vol4 STNPP-GAT-HCL-ZINB,49,2021-11-17,0.06,0.06000667521562703,3416,82.0,0.4530386740331492,0.5469613259668509,0.06000667521562703,1.0668748373666406,7.549804624322331,0.4530386740331492,7.549804624322331,0.4530386740331492,181.0,0.024441445494077074,0.04771662763466042,1696.399367720941
our_vol4,Our vol4 STNPP-GAT-HCL-ZINB,49,2021-11-17,0.07,0.07000193229926045,3985,90.0,0.4972375690607735,0.5027624309392265,0.07000193229926045,1.0037641154328734,7.103197765099788,0.4972375690607735,7.103197765099788,0.4972375690607735,181.0,0.026664949117609173,0.05194479297365119,1696.399367720941
our_vol4,Our vol4 STNPP-GAT-HCL-ZINB,49,2021-11-17,0.08,0.08001475573980713,4555,100.0,0.5524861878453039,0.4475138121546961,0.08001475573980713,0.9757287474082206,6.904803779466436,0.5524861878453039,6.904803779466436,0.5524861878453039,181.0,0.034521916874858054,0.06673984632272228,1696.399367720941
our_vol4,Our vol4 STNPP-GAT-HCL-ZINB,49,2021-11-17,0.09,0.09001001282344055,5124,106.0,0.585635359116022,0.41436464088397795,0.09001001282344055,0.919420591551739,6.506335692505423,0.585635359116022,6.506335692505423,0.585635359116022,181.0,0.038508309687880014,0.0741608118657299,1696.399367720941
our_vol4,Our vol4 STNPP-GAT-HCL-ZINB,49,2021-11-17,0.1,0.10000526990707397,5693,112.0,0.6187845303867403,0.3812154696132597,0.10000526990707397,0.8743681324043172,6.1875192273539374,0.6187845303867403,6.1875192273539374,0.6187845303867403,181.0,0.04833809041524721,0.09221851396451783,1696.399367720941
our_vol4,Our vol4 STNPP-GAT-HCL-ZINB,50,2021-12-01,0.01,0.010012823440546666,570,42.0,0.16666666666666666,0.8333333333333334,0.010012823440546666,3.274853801169591,16.6453216374269,0.16666666666666666,16.6453216374269,0.16666666666666666,252.0,0.03636363636363636,0.07017543859649122,843.0142078085316
our_vol4,Our vol4 STNPP-GAT-HCL-ZINB,50,2021-12-01,0.02,0.02000808052418009,1139,63.0,0.25,0.75,0.02000808052418009,2.4582967515364356,12.494951712028096,0.25,12.494951712028096,0.25,252.0,0.02751465944970681,0.053555750658472345,843.0142078085316
our_vol4,Our vol4 STNPP-GAT-HCL-ZINB,50,2021-12-01,0.03,0.030003337607813516,1708,80.0,0.31746031746031744,0.6825396825396826,0.030003337607813516,2.0817069997397866,10.58083342626668,0.31746031746031744,10.58083342626668,0.31746031746031744,252.0,0.02736842105263158,0.05327868852459016,843.0142078085316
our_vol4,Our vol4 STNPP-GAT-HCL-ZINB,50,2021-12-01,0.04,0.04001616104836018,2278,89.0,0.3531746031746032,0.6468253968253967,0.04001616104836018,1.7364159594185933,8.825799225162703,0.3531746031746032,8.825799225162703,0.3531746031746032,252.0,0.024510906228918373,0.04784899034240562,843.0142078085316
our_vol4,Our vol4 STNPP-GAT-HCL-ZINB,50,2021-12-01,0.05,0.050011418131993605,2847,96.0,0.38095238095238093,0.6190476190476191,0.050011418131993605,1.4986535534480738,7.617308110458795,0.38095238095238093,7.617308110458795,0.38095238095238093,252.0,0.022813005209268905,0.04460835967685283,843.0142078085316
our_vol4,Our vol4 STNPP-GAT-HCL-ZINB,50,2021-12-01,0.06,0.06000667521562703,3416,101.0,0.4007936507936508,0.5992063492063492,0.06000667521562703,1.3140775435857404,6.679151100330843,0.4007936507936508,6.679151100330843,0.4007936507936508,252.0,0.02845100105374078,0.055327868852459015,843.0142078085316
our_vol4,Our vol4 STNPP-GAT-HCL-ZINB,50,2021-12-01,0.07,0.07000193229926045,3985,113.0,0.44841269841269843,0.5515873015873016,0.07000193229926045,1.260281611599052,6.405718866383861,0.44841269841269843,6.405718866383861,0.44841269841269843,252.0,0.029715762273901807,0.05771643663739021,843.0142078085316
our_vol4,Our vol4 STNPP-GAT-HCL-ZINB,50,2021-12-01,0.08,0.08001475573980713,4555,118.0,0.46825396825396826,0.5317460317460317,0.08001475573980713,1.1513599219417003,5.852095203247782,0.46825396825396826,5.852095203247782,0.46825396825396826,252.0,0.035580311469819256,0.06871569703622393,843.0142078085316
our_vol4,Our vol4 STNPP-GAT-HCL-ZINB,50,2021-12-01,0.09,0.09001001282344055,5124,126.0,0.5,0.5,0.09001001282344055,1.0928961748633879,5.554937548790008,0.5,5.554937548790008,0.5,252.0,0.04082876294942109,0.07845433255269321,843.0142078085316
our_vol4,Our vol4 STNPP-GAT-HCL-ZINB,50,2021-12-01,0.1,0.10000526990707397,5693,135.0,0.5357142857142857,0.4642857142857143,0.10000526990707397,1.0539258738802038,5.356860555569496,0.5357142857142857,5.356860555569496,0.5357142857142857,252.0,0.04959439528023599,0.0945020200245916,843.0142078085316
our_vol4,Our vol4 STNPP-GAT-HCL-ZINB,51,2021-12-15,0.01,0.010012823440546666,570,32.0,0.17204301075268819,0.8279569892473118,0.010012823440546666,2.4951267056530217,17.182267496698735,0.17204301075268819,17.182267496698735,0.17204301075268819,186.0,0.027953110910730387,0.054385964912280704,565.9192251419801
our_vol4,Our vol4 STNPP-GAT-HCL-ZINB,51,2021-12-15,0.02,0.02000808052418009,1139,45.0,0.24193548387096775,0.7580645161290323,0.02000808052418009,1.7559262510974538,12.091888753575576,0.24193548387096775,12.091888753575576,0.24193548387096775,186.0,0.020152261531571878,0.03950834064969271,565.9192251419801
our_vol4,Our vol4 STNPP-GAT-HCL-ZINB,51,2021-12-15,0.03,0.030003337607813516,1708,56.0,0.3010752688172043,0.6989247311827957,0.030003337607813516,1.4571948998178506,10.034725894588401,0.3010752688172043,10.034725894588401,0.3010752688172043,186.0,0.02092050209205021,0.040983606557377046,565.9192251419801
our_vol4,Our vol4 STNPP-GAT-HCL-ZINB,51,2021-12-15,0.04,0.04001616104836018,2278,71.0,0.3817204301075269,0.6182795698924731,0.04001616104836018,1.3852307091991025,9.539156683376287,0.3817204301075269,9.539156683376287,0.3817204301075269,186.0,0.02038073908174692,0.03994732221246708,565.9192251419801
our_vol4,Our vol4 STNPP-GAT-HCL-ZINB,51,2021-12-15,0.05,0.050011418131993605,2847,79.0,0.42473118279569894,0.575268817204301,0.050011418131993605,1.2332669866916441,8.49268424412039,0.42473118279569894,8.49268424412039,0.42473118279569894,186.0,0.022262118491921005,0.04355461889708465,565.9192251419801
our_vol4,Our vol4 STNPP-GAT-HCL-ZINB,51,2021-12-15,0.06,0.06000667521562703,3416,86.0,0.46236559139784944,0.5376344086021505,0.06000667521562703,1.1189175123601354,7.7052359547732365,0.46236559139784944,7.7052359547732365,0.46236559139784944,186.0,0.025825825825825825,0.05035128805620609,565.9192251419801
our_vol4,Our vol4 STNPP-GAT-HCL-ZINB,51,2021-12-15,0.07,0.07000193229926045,3985,89.0,0.478494623655914,0.521505376344086,0.07000193229926045,0.9926111808169525,6.835448793189515,0.478494623655914,6.835448793189515,0.478494623655914,186.0,0.027989165484328647,0.054454203262233374,565.9192251419801
our_vol4,Our vol4 STNPP-GAT-HCL-ZINB,51,2021-12-15,0.08,0.08001475573980713,4555,95.0,0.510752688172043,0.489247311827957,0.08001475573980713,0.9269423100378095,6.383231235909965,0.510752688172043,6.383231235909965,0.510752688172043,186.0,0.03323125779743677,0.06432491767288694,565.9192251419801
our_vol4,Our vol4 STNPP-GAT-HCL-ZINB,51,2021-12-15,0.09,0.09001001282344055,5124,105.0,0.5645161290322581,0.4354838709677419,0.09001001282344055,0.9107468123861566,6.271703684117751,0.5645161290322581,6.271703684117751,0.5645161290322581,186.0,0.04061738424045491,0.078064012490242,565.9192251419801
our_vol4,Our vol4 STNPP-GAT-HCL-ZINB,51,2021-12-15,0.1,0.10000526990707397,5693,114.0,0.6129032258064516,0.3870967741935484,0.10000526990707397,0.8899818490543943,6.128709280780585,0.6129032258064516,6.128709280780585,0.6129032258064516,186.0,0.05075673680324843,0.09660987177235202,565.9192251419801
our_vol4,Our vol4 STNPP-GAT-HCL-ZINB,52,2021-12-29,0.01,0.010012823440546666,570,24.0,0.11707317073170732,0.8829268292682927,0.010012823440546666,1.8713450292397662,11.69232349165597,0.11707317073170732,11.69232349165597,0.11707317073170732,205.0,0.01876675603217158,0.03684210526315789,1262.4225468175193
our_vol4,Our vol4 STNPP-GAT-HCL-ZINB,52,2021-12-29,0.02,0.02000808052418009,1139,43.0,0.2097560975609756,0.7902439024390244,0.02000808052418009,1.6778850843820114,10.483569241311377,0.2097560975609756,10.483569241311377,0.2097560975609756,205.0,0.017873100983020553,0.03511852502194908,1262.4225468175193
our_vol4,Our vol4 STNPP-GAT-HCL-ZINB,52,2021-12-29,0.03,0.030003337607813516,1708,53.0,0.25853658536585367,0.7414634146341463,0.030003337607813516,1.3791308873276087,8.616927514708403,0.25853658536585367,8.616927514708403,0.25853658536585367,205.0,0.019701492537313434,0.03864168618266979,1262.4225468175193
our_vol4,Our vol4 STNPP-GAT-HCL-ZINB,52,2021-12-29,0.04,0.04001616104836018,2278,67.0,0.32682926829268294,0.673170731707317,0.04001616104836018,1.3071895424836601,8.167431850789097,0.32682926829268294,8.167431850789097,0.32682926829268294,205.0,0.02038073908174692,0.03994732221246708,1262.4225468175193
our_vol4,Our vol4 STNPP-GAT-HCL-ZINB,52,2021-12-29,0.05,0.050011418131993605,2847,77.0,0.375609756097561,0.624390243902439,0.050011418131993605,1.202045037661476,7.510480008909679,0.375609756097561,7.510480008909679,0.375609756097561,205.0,0.02207862143241788,0.04320337197049526,1262.4225468175193
our_vol4,Our vol4 STNPP-GAT-HCL-ZINB,52,2021-12-29,0.06,0.06000667521562703,3416,83.0,0.40487804878048783,0.5951219512195122,0.06000667521562703,1.0798855061150143,6.747216827554693,0.40487804878048783,6.747216827554693,0.40487804878048783,205.0,0.02690515556891628,0.052400468384074944,1262.4225468175193
our_vol4,Our vol4 STNPP-GAT-HCL-ZINB,52,2021-12-29,0.07,0.07000193229926045,3985,85.0,0.4146341463414634,0.5853658536585367,0.07000193229926045,0.9479994423532693,5.92318144260489,0.4146341463414634,5.92318144260489,0.4146341463414634,205.0,0.028254418784672945,0.05495608531994981,1262.4225468175193
our_vol4,Our vol4 STNPP-GAT-HCL-ZINB,52,2021-12-29,0.08,0.08001475573980713,4555,92.0,0.44878048780487806,0.551219512195122,0.08001475573980713,0.8976704476155629,5.608721587106102,0.44878048780487806,5.608721587106102,0.44878048780487806,205.0,0.0340522133938706,0.06586169045005488,1262.4225468175193
our_vol4,Our vol4 STNPP-GAT-HCL-ZINB,52,2021-12-29,0.09,0.09001001282344055,5124,99.0,0.48292682926829267,0.5170731707317073,0.09001001282344055,0.8587041373926619,5.36525675444108,0.48292682926829267,5.36525675444108,0.48292682926829267,205.0,0.03956177723676202,0.07611241217798595,1262.4225468175193
our_vol4,Our vol4 STNPP-GAT-HCL-ZINB,52,2021-12-29,0.1,0.10000526990707397,5693,107.0,0.5219512195121951,0.47804878048780486,0.10000526990707397,0.8353338407791244,5.219237146174378,0.5219512195121951,5.219237146174378,0.5219512195121951,205.0,0.04804860088365243,0.09169155102757773,1262.4225468175193
our_vol4,Our vol4 STNPP-GAT-HCL-ZINB,53,2022-01-12,0.01,0.010012823440546666,570,41.0,0.1943127962085308,0.8056872037914692,0.010012823440546666,3.196881091617934,19.40639394695269,0.1943127962085308,19.40639394695269,0.1943127962085308,211.0,0.03636363636363636,0.07017543859649122,662.6557020826574
our_vol4,Our vol4 STNPP-GAT-HCL-ZINB,53,2022-01-12,0.02,0.02000808052418009,1139,62.0,0.2938388625592417,0.7061611374407584,0.02000808052418009,2.419276168178714,14.686009595179941,0.2938388625592417,14.686009595179941,0.2938388625592417,211.0,0.027051397655545536,0.05267778753292362,662.6557020826574
our_vol4,Our vol4 STNPP-GAT-HCL-ZINB,53,2022-01-12,0.03,0.030003337607813516,1708,72.0,0.3412322274881517,0.6587677725118484,0.030003337607813516,1.873536299765808,11.373142279987126,0.3412322274881517,11.373142279987126,0.3412322274881517,211.0,0.026442307692307692,0.05152224824355972,662.6557020826574
our_vol4,Our vol4 STNPP-GAT-HCL-ZINB,53,2022-01-12,0.04,0.04001616104836018,2278,75.0,0.35545023696682465,0.6445497630331753,0.04001616104836018,1.4632718759145449,8.882667093858835,0.35545023696682465,8.882667093858835,0.35545023696682465,211.0,0.02244165170556553,0.043898156277436345,662.6557020826574
our_vol4,Our vol4 STNPP-GAT-HCL-ZINB,53,2022-01-12,0.05,0.050011418131993605,2847,85.0,0.4028436018957346,0.5971563981042654,0.050011418131993605,1.3269328337821487,8.055032569412885,0.4028436018957346,8.055032569412885,0.4028436018957346,211.0,0.022996766079770033,0.04495960660344222,662.6557020826574
our_vol4,Our vol4 STNPP-GAT-HCL-ZINB,53,2022-01-12,0.06,0.06000667521562703,3416,92.0,0.43601895734597157,0.5639810426540284,0.06000667521562703,1.1969815248503772,7.266174234436218,0.43601895734597157,7.266174234436218,0.43601895734597157,211.0,0.02736842105263158,0.05327868852459016,662.6557020826574
our_vol4,Our vol4 STNPP-GAT-HCL-ZINB,53,2022-01-12,0.07,0.07000193229926045,3985,106.0,0.5023696682464455,0.49763033175355453,0.07000193229926045,1.1822110692876064,7.176511443981281,0.5023696682464455,7.176511443981281,0.5023696682464455,211.0,0.028918151303898788,0.056210790464240906,662.6557020826574
our_vol4,Our vol4 STNPP-GAT-HCL-ZINB,53,2022-01-12,0.08,0.08001475573980713,4555,113.0,0.5355450236966824,0.46445497630331756,0.08001475573980713,1.1025734845712891,6.693078279688483,0.5355450236966824,6.693078279688483,0.5355450236966824,211.0,0.035227272727272725,0.06805708013172337,662.6557020826574
our_vol4,Our vol4 STNPP-GAT-HCL-ZINB,53,2022-01-12,0.09,0.09001001282344055,5124,119.0,0.5639810426540285,0.4360189573459715,0.09001001282344055,1.0321797207043109,6.265758941289203,0.5639810426540285,6.265758941289203,0.5639810426540285,211.0,0.040194884287454324,0.07728337236533958,662.6557020826574
our_vol4,Our vol4 STNPP-GAT-HCL-ZINB,53,2022-01-12,0.1,0.10000526990707397,5693,125.0,0.5924170616113744,0.4075829383886256,0.10000526990707397,0.9758572906298183,5.923858434279064,0.5924170616113744,5.923858434279064,0.5924170616113744,211.0,0.04775927118800037,0.09116458809063763,662.6557020826574
our_vol4,Our vol4 STNPP-GAT-HCL-ZINB,54,2022-01-26,0.01,0.010012823440546666,570,27.0,0.15,0.85,0.010012823440546666,2.105263157894737,14.98078947368421,0.15,14.98078947368421,0.15,180.0,0.021505376344086023,0.042105263157894736,2143.6588391693103
our_vol4,Our vol4 STNPP-GAT-HCL-ZINB,54,2022-01-26,0.02,0.02000808052418009,1139,37.0,0.20555555555555555,0.7944444444444445,0.02000808052418009,1.4437615842356843,10.2736269632231,0.20555555555555555,10.2736269632231,0.20555555555555555,180.0,0.016057091882247992,0.03160667251975417,2143.6588391693103
our_vol4,Our vol4 STNPP-GAT-HCL-ZINB,54,2022-01-26,0.03,0.030003337607813516,1708,46.0,0.25555555555555554,0.7444444444444445,0.030003337607813516,1.1969815248503772,8.517570908144679,0.25555555555555554,8.517570908144679,0.25555555555555554,180.0,0.017878426698450536,0.0351288056206089,2143.6588391693103
our_vol4,Our vol4 STNPP-GAT-HCL-ZINB,54,2022-01-26,0.04,0.04001616104836018,2278,54.0,0.3,0.7,0.04001616104836018,1.0535557506584723,7.496971027216857,0.3,7.496971027216857,0.3,180.0,0.01719133735208752,0.033801580333625986,2143.6588391693103
our_vol4,Our vol4 STNPP-GAT-HCL-ZINB,54,2022-01-26,0.05,0.050011418131993605,2847,65.0,0.3611111111111111,0.6388888888888888,0.050011418131993605,1.0147133434804667,7.220573313039067,0.3611111111111111,7.220573313039067,0.3611111111111111,180.0,0.019516562220232767,0.03828591499824376,2143.6588391693103
our_vol4,Our vol4 STNPP-GAT-HCL-ZINB,54,2022-01-26,0.06,0.06000667521562703,3416,71.0,0.39444444444444443,0.6055555555555556,0.06000667521562703,0.9237574811345303,6.573342766068175,0.39444444444444443,6.573342766068175,0.39444444444444443,180.0,0.023980815347721823,0.0468384074941452,2143.6588391693103
our_vol4,Our vol4 STNPP-GAT-HCL-ZINB,54,2022-01-26,0.07,0.07000193229926045,3985,77.0,0.42777777777777776,0.5722222222222222,0.07000193229926045,0.8587759654259027,6.110942422975046,0.42777777777777776,6.110942422975046,0.42777777777777776,180.0,0.025872055605612048,0.050439146800501884,2143.6588391693103
our_vol4,Our vol4 STNPP-GAT-HCL-ZINB,54,2022-01-26,0.08,0.08001475573980713,4555,81.0,0.45,0.55,0.08001475573980713,0.7903402854006586,5.6239626783754115,0.45,5.6239626783754115,0.45,180.0,0.03065957687521213,0.059495060373216245,2143.6588391693103
our_vol4,Our vol4 STNPP-GAT-HCL-ZINB,54,2022-01-26,0.09,0.09001001282344055,5124,94.0,0.5222222222222223,0.47777777777777775,0.09001001282344055,0.8153352415647497,5.801823662069563,0.5222222222222223,5.801823662069563,0.5222222222222223,180.0,0.03766707168894289,0.07259953161592506,2143.6588391693103
our_vol4,Our vol4 STNPP-GAT-HCL-ZINB,54,2022-01-26,0.1,0.10000526990707397,5693,95.0,0.5277777777777778,0.4722222222222222,0.10000526990707397,0.7416515408786619,5.2774996584499485,0.5277777777777778,5.2774996584499485,0.5277777777777778,180.0,0.04305606449248809,0.08255752678728263,2143.6588391693103
our_vol4,Our vol4 STNPP-GAT-HCL-ZINB,55,2022-02-09,0.01,0.010012823440546666,570,27.0,0.140625,0.859375,0.010012823440546666,2.105263157894737,14.044490131578947,0.140625,14.044490131578947,0.140625,192.0,0.020590868397493287,0.04035087719298246,1194.5619138769907
our_vol4,Our vol4 STNPP-GAT-HCL-ZINB,55,2022-02-09,0.02,0.02000808052418009,1139,39.0,0.203125,0.796875,0.02000808052418009,1.5218027509511267,10.152148266022827,0.203125,10.152148266022827,0.203125,192.0,0.016057091882247992,0.03160667251975417,1194.5619138769907
our_vol4,Our vol4 STNPP-GAT-HCL-ZINB,55,2022-02-09,0.03,0.030003337607813516,1708,50.0,0.2604166666666667,0.7395833333333333,0.030003337607813516,1.3010668748373666,8.679589919984387,0.2604166666666667,8.679589919984387,0.2604166666666667,192.0,0.01939719486720382,0.038056206088992975,1194.5619138769907
our_vol4,Our vol4 STNPP-GAT-HCL-ZINB,55,2022-02-09,0.04,0.04001616104836018,2278,60.0,0.3125,0.6875,0.04001616104836018,1.170617500731636,7.80934482001756,0.3125,7.80934482001756,0.3125,192.0,0.018783542039355994,0.03687445127304653,1194.5619138769907
our_vol4,Our vol4 STNPP-GAT-HCL-ZINB,55,2022-02-09,0.05,0.050011418131993605,2847,65.0,0.3385416666666667,0.6614583333333333,0.050011418131993605,1.0147133434804667,6.769287480974125,0.3385416666666667,6.769287480974125,0.3385416666666667,192.0,0.02097902097902098,0.0410958904109589,1194.5619138769907
our_vol4,Our vol4 STNPP-GAT-HCL-ZINB,55,2022-02-09,0.06,0.06000667521562703,3416,76.0,0.3958333333333333,0.6041666666666667,0.06000667521562703,0.9888108248763987,6.5964883391881335,0.3958333333333333,6.5964883391881335,0.3958333333333333,192.0,0.025517862503752625,0.049765807962529274,1194.5619138769907
our_vol4,Our vol4 STNPP-GAT-HCL-ZINB,55,2022-02-09,0.07,0.07000193229926045,3985,82.0,0.4270833333333333,0.5729166666666667,0.07000193229926045,0.9145406385055068,6.101022061898787,0.4270833333333333,6.101022061898787,0.4270833333333333,192.0,0.027724049000644745,0.053952321204516936,1194.5619138769907
our_vol4,Our vol4 STNPP-GAT-HCL-ZINB,55,2022-02-09,0.08,0.08001475573980713,4555,92.0,0.4791666666666667,0.5208333333333333,0.08001475573980713,0.8976704476155629,5.9884787778997435,0.4791666666666667,5.9884787778997435,0.4791666666666667,192.0,0.03065957687521213,0.059495060373216245,1194.5619138769907
our_vol4,Our vol4 STNPP-GAT-HCL-ZINB,55,2022-02-09,0.09,0.09001001282344055,5124,95.0,0.4947916666666667,0.5052083333333333,0.09001001282344055,0.8240090207303321,5.497073615990112,0.4947916666666667,5.497073615990112,0.4947916666666667,192.0,0.03787725339274863,0.07298985167837627,1194.5619138769907
our_vol4,Our vol4 STNPP-GAT-HCL-ZINB,55,2022-02-09,0.1,0.10000526990707397,5693,101.0,0.5260416666666666,0.47395833333333337,0.10000526990707397,0.7884926908288932,5.260139462205047,0.5260416666666666,5.260139462205047,0.5260416666666666,192.0,0.04468299844022387,0.08554365009660987,1194.5619138769907
our_vol4,Our vol4 STNPP-GAT-HCL-ZINB,56,2022-02-23,0.01,0.010012823440546666,570,31.0,0.18674698795180722,0.8132530120481928,0.010012823440546666,2.417153996101365,18.650782075671103,0.18674698795180722,18.650782075671103,0.18674698795180722,166.0,0.025179856115107913,0.04912280701754386,2147.012239509029
our_vol4,Our vol4 STNPP-GAT-HCL-ZINB,56,2022-02-23,0.02,0.02000808052418009,1139,46.0,0.27710843373493976,0.7228915662650602,0.02000808052418009,1.794946834455175,13.849825994055239,0.27710843373493976,13.849825994055239,0.27710843373493976,166.0,0.020152261531571878,0.03950834064969271,2147.012239509029
our_vol4,Our vol4 STNPP-GAT-HCL-ZINB,56,2022-02-23,0.03,0.030003337607813516,1708,53.0,0.3192771084337349,0.6807228915662651,0.030003337607813516,1.3791308873276087,10.641386388645918,0.3192771084337349,10.641386388645918,0.3192771084337349,166.0,0.02031063321385902,0.03981264637002342,2147.012239509029
our_vol4,Our vol4 STNPP-GAT-HCL-ZINB,56,2022-02-23,0.04,0.04001616104836018,2278,65.0,0.39156626506024095,0.608433734939759,0.04001616104836018,1.2681689591259389,9.78520314797381,0.39156626506024095,9.78520314797381,0.39156626506024095,166.0,0.02038073908174692,0.03994732221246708,2147.012239509029
our_vol4,Our vol4 STNPP-GAT-HCL-ZINB,56,2022-02-23,0.05,0.050011418131993605,2847,70.0,0.42168674698795183,0.5783132530120482,0.050011418131993605,1.0927682160558871,8.431809429498818,0.42168674698795183,8.431809429498818,0.42168674698795183,166.0,0.0200644930132569,0.03933965577801194,2147.012239509029
our_vol4,Our vol4 STNPP-GAT-HCL-ZINB,56,2022-02-23,0.06,0.06000667521562703,3416,79.0,0.4759036144578313,0.5240963855421688,0.06000667521562703,1.0278428311215198,7.930844572670071,0.4759036144578313,7.930844572670071,0.4759036144578313,166.0,0.024134312696747113,0.0471311475409836,2147.012239509029
our_vol4,Our vol4 STNPP-GAT-HCL-ZINB,56,2022-02-23,0.07,0.07000193229926045,3985,88.0,0.5301204819277109,0.4698795180722891,0.07000193229926045,0.9814582462010317,7.572940696285771,0.5301204819277109,7.572940696285771,0.5301204819277109,166.0,0.027061855670103094,0.05269761606022585,2147.012239509029
our_vol4,Our vol4 STNPP-GAT-HCL-ZINB,56,2022-02-23,0.08,0.08001475573980713,4555,92.0,0.5542168674698795,0.4457831325301205,0.08001475573980713,0.8976704476155629,6.9264332852816315,0.5542168674698795,6.9264332852816315,0.5542168674698795,166.0,0.031242925062259452,0.06059275521405049,2147.012239509029
our_vol4,Our vol4 STNPP-GAT-HCL-ZINB,56,2022-02-23,0.09,0.09001001282344055,5124,98.0,0.5903614457831325,0.40963855421686746,0.09001001282344055,0.8500303582270795,6.558841925077358,0.5903614457831325,6.558841925077358,0.5903614457831325,166.0,0.03756201275690999,0.07240437158469945,2147.012239509029
our_vol4,Our vol4 STNPP-GAT-HCL-ZINB,56,2022-02-23,0.1,0.10000526990707397,5693,100.0,0.6024096385542169,0.3975903614457831,0.10000526990707397,0.7806858325038546,6.023778937989796,0.6024096385542169,6.023778937989796,0.6024096385542169,166.0,0.043534048208230224,0.08343579834884947,2147.012239509029
our_vol4,Our vol4 STNPP-GAT-HCL-ZINB,57,2022-03-09,0.01,0.010012823440546666,570,22.0,0.11827956989247312,0.8817204301075269,0.010012823440546666,1.7153996101364524,11.81280890398038,0.11827956989247312,11.81280890398038,0.11827956989247312,186.0,0.017857142857142856,0.03508771929824561,190.47525759270286
our_vol4,Our vol4 STNPP-GAT-HCL-ZINB,57,2022-03-09,0.02,0.02000808052418009,1139,35.0,0.1881720430107527,0.8118279569892473,0.02000808052418009,1.3657204175202418,9.404802363892115,0.1881720430107527,9.404802363892115,0.1881720430107527,186.0,0.01560410164957646,0.030728709394205442,190.47525759270286
our_vol4,Our vol4 STNPP-GAT-HCL-ZINB,57,2022-03-09,0.03,0.030003337607813516,1708,45.0,0.24193548387096775,0.7580645161290323,0.030003337607813516,1.17096018735363,8.063619022437107,0.24193548387096775,8.063619022437107,0.24193548387096775,186.0,0.01818181818181818,0.03571428571428571,190.47525759270286
our_vol4,Our vol4 STNPP-GAT-HCL-ZINB,57,2022-03-09,0.04,0.04001616104836018,2278,51.0,0.27419354838709675,0.7258064516129032,0.04001616104836018,0.9950248756218905,6.852070293692826,0.27419354838709675,6.852070293692826,0.27419354838709675,186.0,0.018328118015198926,0.035996488147497806,190.47525759270286
our_vol4,Our vol4 STNPP-GAT-HCL-ZINB,57,2022-03-09,0.05,0.050011418131993605,2847,60.0,0.3225806451612903,0.6774193548387097,0.050011418131993605,0.9366584709050462,6.450139932243335,0.3225806451612903,6.450139932243335,0.3225806451612903,186.0,0.02043010752688172,0.040042149631190724,190.47525759270286
our_vol4,Our vol4 STNPP-GAT-HCL-ZINB,57,2022-03-09,0.06,0.06000667521562703,3416,65.0,0.34946236559139787,0.6505376344086021,0.06000667521562703,0.8456934686442883,5.8237248495379115,0.34946236559139787,5.8237248495379115,0.34946236559139787,186.0,0.02459508098380324,0.04800936768149883,190.47525759270286
our_vol4,Our vol4 STNPP-GAT-HCL-ZINB,57,2022-03-09,0.07,0.07000193229926045,3985,72.0,0.3870967741935484,0.6129032258064516,0.07000193229926045,0.8030112923462986,5.529801270894888,0.3870967741935484,5.529801270894888,0.3870967741935484,186.0,0.026136217329728338,0.05094102885821832,190.47525759270286
our_vol4,Our vol4 STNPP-GAT-HCL-ZINB,57,2022-03-09,0.08,0.08001475573980713,4555,78.0,0.41935483870967744,0.5806451612903225,0.08001475573980713,0.761068422978412,5.240968804220814,0.41935483870967744,5.240968804220814,0.41935483870967744,186.0,0.0301933732896076,0.05861690450054885,190.47525759270286
our_vol4,Our vol4 STNPP-GAT-HCL-ZINB,57,2022-03-09,0.09,0.09001001282344055,5124,84.0,0.45161290322580644,0.5483870967741935,0.09001001282344055,0.7285974499089253,5.0173629472942,0.45161290322580644,5.0173629472942,0.45161290322580644,186.0,0.036093418259023353,0.06967213114754098,190.47525759270286
our_vol4,Our vol4 STNPP-GAT-HCL-ZINB,57,2022-03-09,0.1,0.10000526990707397,5693,92.0,0.4946236559139785,0.5053763440860215,0.10000526990707397,0.7182309659035463,4.945975910805385,0.4946236559139785,4.945975910805385,0.4946236559139785,186.0,0.04401247019988997,0.0843140699104163,190.47525759270286
our_vol4,Our vol4 STNPP-GAT-HCL-ZINB,58,2022-03-23,0.01,0.010012823440546666,570,36.0,0.17733990147783252,0.8226600985221675,0.010012823440546666,2.8070175438596494,17.71127819548872,0.17733990147783252,17.71127819548872,0.17733990147783252,203.0,0.03260869565217391,0.06315789473684211,1596.1465530105538
our_vol4,Our vol4 STNPP-GAT-HCL-ZINB,58,2022-03-23,0.02,0.02000808052418009,1139,46.0,0.22660098522167488,0.7733990147783252,0.02000808052418009,1.794946834455175,11.325473472971279,0.22660098522167488,11.325473472971279,0.22660098522167488,203.0,0.0210667861945316,0.041264266900790166,1596.1465530105538
our_vol4,Our vol4 STNPP-GAT-HCL-ZINB,58,2022-03-23,0.03,0.030003337607813516,1708,62.0,0.3054187192118227,0.6945812807881773,0.030003337607813516,1.6133229247983347,10.179491468718636,0.3054187192118227,10.179491468718636,0.3054187192118227,203.0,0.02459508098380324,0.04800936768149883,1596.1465530105538
our_vol4,Our vol4 STNPP-GAT-HCL-ZINB,58,2022-03-23,0.04,0.04001616104836018,2278,69.0,0.3399014778325123,0.6600985221674878,0.04001616104836018,1.3462101258413812,8.494105104728458,0.3399014778325123,8.494105104728458,0.3399014778325123,203.0,0.023820224719101123,0.046532045654082525,1596.1465530105538
our_vol4,Our vol4 STNPP-GAT-HCL-ZINB,58,2022-03-23,0.05,0.050011418131993605,2847,78.0,0.3842364532019704,0.6157635467980296,0.050011418131993605,1.21765601217656,7.682974559686888,0.3842364532019704,7.682974559686888,0.3842364532019704,203.0,0.024838012958963283,0.04847207586933614,1596.1465530105538
our_vol4,Our vol4 STNPP-GAT-HCL-ZINB,58,2022-03-23,0.06,0.06000667521562703,3416,90.0,0.4433497536945813,0.5566502463054187,0.06000667521562703,1.17096018735363,7.388340582134493,0.4433497536945813,7.388340582134493,0.4433497536945813,203.0,0.029225670382645376,0.056791569086651054,1596.1465530105538
our_vol4,Our vol4 STNPP-GAT-HCL-ZINB,58,2022-03-23,0.07,0.07000193229926045,3985,103.0,0.5073891625615764,0.4926108374384236,0.07000193229926045,1.1487522654398439,7.2482165262591876,0.5073891625615764,7.2482165262591876,0.5073891625615764,203.0,0.030781169167097777,0.05972396486825596,1596.1465530105538
our_vol4,Our vol4 STNPP-GAT-HCL-ZINB,58,2022-03-23,0.08,0.08001475573980713,4555,110.0,0.541871921182266,0.458128078817734,0.08001475573980713,1.0733016221490426,6.772149913752548,0.541871921182266,6.772149913752548,0.541871921182266,203.0,0.03499204726198591,0.06761800219538969,1596.1465530105538
our_vol4,Our vol4 STNPP-GAT-HCL-ZINB,58,2022-03-23,0.09,0.09001001282344055,5124,116.0,0.5714285714285714,0.4285714285714286,0.09001001282344055,1.0061583832075636,6.348500055760008,0.5714285714285714,6.348500055760008,0.5714285714285714,203.0,0.04061738424045491,0.078064012490242,1596.1465530105538
our_vol4,Our vol4 STNPP-GAT-HCL-ZINB,58,2022-03-23,0.1,0.10000526990707397,5693,121.0,0.5960591133004927,0.40394088669950734,0.10000526990707397,0.9446298573296641,5.960277031943992,0.5960591133004927,5.960277031943992,0.5960591133004927,203.0,0.047855696668507273,0.091340242402951,1596.1465530105538
our_vol4,Our vol4 STNPP-GAT-HCL-ZINB,59,2022-04-06,0.01,0.010012823440546666,570,32.0,0.15311004784688995,0.84688995215311,0.010012823440546666,2.4951267056530217,15.29139595399983,0.15311004784688995,15.29139595399983,0.15311004784688995,209.0,0.027953110910730387,0.054385964912280704,726.9811132102043
our_vol4,Our vol4 STNPP-GAT-HCL-ZINB,59,2022-04-06,0.02,0.02000808052418009,1139,48.0,0.22966507177033493,0.7703349282296651,0.02000808052418009,1.8729880011706175,11.478615926839208,0.22966507177033493,11.478615926839208,0.22966507177033493,209.0,0.021524663677130046,0.04214223002633889,726.9811132102043
our_vol4,Our vol4 STNPP-GAT-HCL-ZINB,59,2022-04-06,0.03,0.030003337607813516,1708,57.0,0.2727272727272727,0.7272727272727273,0.030003337607813516,1.483216237314598,9.08989780711092,0.2727272727272727,9.08989780711092,0.2727272727272727,209.0,0.022448368751870697,0.043911007025761124,726.9811132102043
our_vol4,Our vol4 STNPP-GAT-HCL-ZINB,59,2022-04-06,0.04,0.04001616104836018,2278,67.0,0.32057416267942584,0.6794258373205742,0.04001616104836018,1.3071895424836601,8.01111736560653,0.32057416267942584,8.01111736560653,0.32057416267942584,209.0,0.021524663677130046,0.04214223002633889,726.9811132102043
our_vol4,Our vol4 STNPP-GAT-HCL-ZINB,59,2022-04-06,0.05,0.050011418131993605,2847,82.0,0.3923444976076555,0.6076555023923444,0.050011418131993605,1.2800999102368964,7.845098424766774,0.3923444976076555,7.845098424766774,0.3923444976076555,209.0,0.023916561769465924,0.04671584123638918,726.9811132102043
our_vol4,Our vol4 STNPP-GAT-HCL-ZINB,59,2022-04-06,0.06,0.06000667521562703,3416,92.0,0.44019138755980863,0.5598086124401913,0.06000667521562703,1.1969815248503772,7.335707002229867,0.44019138755980863,7.335707002229867,0.44019138755980863,209.0,0.028296207104154123,0.05503512880562061,726.9811132102043
our_vol4,Our vol4 STNPP-GAT-HCL-ZINB,59,2022-04-06,0.07,0.07000193229926045,3985,100.0,0.4784688995215311,0.5215311004784688,0.07000193229926045,1.1152934615920815,6.835081315699424,0.4784688995215311,6.835081315699424,0.4784688995215311,209.0,0.029848817676702416,0.05796737766624843,726.9811132102043
our_vol4,Our vol4 STNPP-GAT-HCL-ZINB,59,2022-04-06,0.08,0.08001475573980713,4555,103.0,0.49282296650717705,0.507177033492823,0.08001475573980713,1.0050006098304671,6.159151045961376,0.49282296650717705,6.159151045961376,0.49282296650717705,209.0,0.033700215590604786,0.06520307354555434,726.9811132102043
our_vol4,Our vol4 STNPP-GAT-HCL-ZINB,59,2022-04-06,0.09,0.09001001282344055,5124,114.0,0.5454545454545454,0.4545454545454546,0.09001001282344055,0.9888108248763986,6.05993187140728,0.5454545454545454,6.05993187140728,0.5454545454545454,209.0,0.03956177723676202,0.07611241217798595,726.9811132102043
our_vol4,Our vol4 STNPP-GAT-HCL-ZINB,59,2022-04-06,0.1,0.10000526990707397,5693,122.0,0.583732057416268,0.416267942583732,0.10000526990707397,0.9524367156547027,5.837012969003318,0.583732057416268,5.837012969003318,0.583732057416268,209.0,0.047181090775315,0.09011066221675743,726.9811132102043
our_vol4,Our vol4 STNPP-GAT-HCL-ZINB,60,2022-04-20,0.01,0.010012823440546666,570,31.0,0.15121951219512195,0.848780487804878,0.010012823440546666,2.417153996101365,15.102584510055625,0.15121951219512195,15.102584510055625,0.15121951219512195,205.0,0.026102610261026102,0.05087719298245614,1425.156209885913
our_vol4,Our vol4 STNPP-GAT-HCL-ZINB,60,2022-04-20,0.02,0.02000808052418009,1139,50.0,0.24390243902439024,0.7560975609756098,0.02000808052418009,1.9510291678860598,12.190196792222531,0.24390243902439024,12.190196792222531,0.24390243902439024,205.0,0.021524663677130046,0.04214223002633889,1425.156209885913
our_vol4,Our vol4 STNPP-GAT-HCL-ZINB,60,2022-04-20,0.03,0.030003337607813516,1708,61.0,0.2975609756097561,0.7024390243902439,0.030003337607813516,1.5873015873015872,9.91759581881533,0.2975609756097561,9.91759581881533,0.2975609756097561,205.0,0.023980815347721823,0.0468384074941452,1425.156209885913
our_vol4,Our vol4 STNPP-GAT-HCL-ZINB,60,2022-04-20,0.04,0.04001616104836018,2278,69.0,0.33658536585365856,0.6634146341463414,0.04001616104836018,1.3462101258413812,8.411235786633547,0.33658536585365856,8.411235786633547,0.33658536585365856,205.0,0.02244165170556553,0.043898156277436345,1425.156209885913
our_vol4,Our vol4 STNPP-GAT-HCL-ZINB,60,2022-04-20,0.05,0.050011418131993605,2847,75.0,0.36585365853658536,0.6341463414634146,0.050011418131993605,1.1708230886313078,7.3154026060808555,0.36585365853658536,7.3154026060808555,0.36585365853658536,205.0,0.02244568145088885,0.04390586582367404,1425.156209885913
our_vol4,Our vol4 STNPP-GAT-HCL-ZINB,60,2022-04-20,0.06,0.06000667521562703,3416,84.0,0.4097560975609756,0.5902439024390245,0.06000667521562703,1.092896174863388,6.828508596561375,0.4097560975609756,6.828508596561375,0.4097560975609756,205.0,0.025517862503752625,0.049765807962529274,1425.156209885913
our_vol4,Our vol4 STNPP-GAT-HCL-ZINB,60,2022-04-20,0.07,0.07000193229926045,3985,89.0,0.43414634146341463,0.5658536585365854,0.07000193229926045,0.9926111808169525,6.201919392845121,0.43414634146341463,6.201919392845121,0.43414634146341463,205.0,0.02878533625919711,0.05595984943538269,1425.156209885913
our_vol4,Our vol4 STNPP-GAT-HCL-ZINB,60,2022-04-20,0.08,0.08001475573980713,4555,95.0,0.4634146341463415,0.5365853658536586,0.08001475573980713,0.9269423100378095,5.791614682337823,0.4634146341463415,5.791614682337823,0.4634146341463415,205.0,0.03323125779743677,0.06432491767288694,1425.156209885913
our_vol4,Our vol4 STNPP-GAT-HCL-ZINB,60,2022-04-20,0.09,0.09001001282344055,5124,102.0,0.4975609756097561,0.5024390243902439,0.09001001282344055,0.8847254748894092,5.527840292454447,0.4975609756097561,5.527840292454447,0.4975609756097561,205.0,0.038192685644818154,0.07357533177205308,1425.156209885913
our_vol4,Our vol4 STNPP-GAT-HCL-ZINB,60,2022-04-20,0.1,0.10000526990707397,5693,107.0,0.5219512195121951,0.47804878048780486,0.10000526990707397,0.8353338407791244,5.219237146174378,0.5219512195121951,5.219237146174378,0.5219512195121951,205.0,0.04516247475674683,0.0864219216581767,1425.156209885913
our_vol4,Our vol4 STNPP-GAT-HCL-ZINB,61,2022-05-04,0.01,0.010012823440546666,570,39.0,0.17256637168141592,0.8274336283185841,0.010012823440546666,3.04093567251462,17.23453656264555,0.17256637168141592,17.23453656264555,0.17256637168141592,226.0,0.03167420814479638,0.06140350877192982,1188.8343261431153
our_vol4,Our vol4 STNPP-GAT-HCL-ZINB,61,2022-05-04,0.02,0.02000808052418009,1139,61.0,0.26991150442477874,0.7300884955752213,0.02000808052418009,2.380255584820993,13.490124857233871,0.26991150442477874,13.490124857233871,0.26991150442477874,226.0,0.026126126126126126,0.050921861281826165,1188.8343261431153
our_vol4,Our vol4 STNPP-GAT-HCL-ZINB,61,2022-05-04,0.03,0.030003337607813516,1708,79.0,0.3495575221238938,0.6504424778761062,0.030003337607813516,2.0556856622430395,11.650621230648069,0.3495575221238938,11.650621230648069,0.3495575221238938,226.0,0.02891566265060241,0.05620608899297424,1188.8343261431153
our_vol4,Our vol4 STNPP-GAT-HCL-ZINB,61,2022-05-04,0.04,0.04001616104836018,2278,88.0,0.3893805309734513,0.6106194690265487,0.04001616104836018,1.7169056677397325,9.730581864234269,0.3893805309734513,9.730581864234269,0.3893805309734513,226.0,0.025202520252025202,0.04916593503072871,1188.8343261431153
our_vol4,Our vol4 STNPP-GAT-HCL-ZINB,61,2022-05-04,0.05,0.050011418131993605,2847,94.0,0.415929203539823,0.584070796460177,0.050011418131993605,1.4674316044179057,8.316684850688972,0.415929203539823,8.316684850688972,0.415929203539823,226.0,0.024469233537243614,0.04776958201615736,1188.8343261431153
our_vol4,Our vol4 STNPP-GAT-HCL-ZINB,61,2022-05-04,0.06,0.06000667521562703,3416,100.0,0.4424778761061947,0.5575221238938053,0.06000667521562703,1.3010668748373666,7.373810905473462,0.4424778761061947,7.373810905473462,0.4424778761061947,226.0,0.02613397416641634,0.050936768149882905,1188.8343261431153
our_vol4,Our vol4 STNPP-GAT-HCL-ZINB,61,2022-05-04,0.07,0.07000193229926045,3985,113.0,0.5,0.5,0.07000193229926045,1.260281611599052,7.142659974905897,0.5,7.142659974905897,0.5,226.0,0.027326630574890435,0.053199498117942286,1188.8343261431153
our_vol4,Our vol4 STNPP-GAT-HCL-ZINB,61,2022-05-04,0.08,0.08001475573980713,4555,120.0,0.5309734513274337,0.4690265486725663,0.08001475573980713,1.1708744968898646,6.635944163274822,0.5309734513274337,6.635944163274822,0.5309734513274337,226.0,0.033114084826491266,0.06410537870472009,1188.8343261431153
our_vol4,Our vol4 STNPP-GAT-HCL-ZINB,61,2022-05-04,0.09,0.09001001282344055,5124,129.0,0.5707964601769911,0.42920353982300885,0.09001001282344055,1.1189175123601351,6.341477378707177,0.5707964601769911,6.341477378707177,0.5707964601769911,226.0,0.03829787234042553,0.07377049180327869,1188.8343261431153
our_vol4,Our vol4 STNPP-GAT-HCL-ZINB,61,2022-05-04,0.1,0.10000526990707397,5693,130.0,0.5752212389380531,0.4247787610619469,0.10000526990707397,1.014891582255011,5.75190926910707,0.5752212389380531,5.75190926910707,0.5752212389380531,226.0,0.04429973401816014,0.0848410328473564,1188.8343261431153
our_vol4,Our vol4 STNPP-GAT-HCL-ZINB,62,2022-05-18,0.01,0.010012823440546666,570,42.0,0.20192307692307693,0.7980769230769231,0.010012823440546666,3.274853801169591,20.166447368421053,0.20192307692307693,20.166447368421053,0.20192307692307693,208.0,0.034482758620689655,0.06666666666666667,356.7406934989936
our_vol4,Our vol4 STNPP-GAT-HCL-ZINB,62,2022-05-18,0.02,0.02000808052418009,1139,60.0,0.28846153846153844,0.7115384615384616,0.02000808052418009,2.341235001463272,14.417251975417033,0.28846153846153844,14.417251975417033,0.28846153846153844,208.0,0.025202520252025202,0.04916593503072871,356.7406934989936
our_vol4,Our vol4 STNPP-GAT-HCL-ZINB,62,2022-05-18,0.03,0.030003337607813516,1708,72.0,0.34615384615384615,0.6538461538461539,0.030003337607813516,1.873536299765808,11.537177985948476,0.34615384615384615,11.537177985948476,0.34615384615384615,208.0,0.025210084033613446,0.04918032786885246,356.7406934989936
our_vol4,Our vol4 STNPP-GAT-HCL-ZINB,62,2022-05-18,0.04,0.04001616104836018,2278,81.0,0.3894230769230769,0.6105769230769231,0.04001616104836018,1.5803336259877085,9.731645083406498,0.3894230769230769,9.731645083406498,0.3894230769230769,208.0,0.022671156004489337,0.04433713784021071,356.7406934989936
our_vol4,Our vol4 STNPP-GAT-HCL-ZINB,62,2022-05-18,0.05,0.050011418131993605,2847,95.0,0.4567307692307692,0.5432692307692308,0.050011418131993605,1.4830425789329897,9.13252985598876,0.4567307692307692,9.13252985598876,0.4567307692307692,208.0,0.023732470334412083,0.04636459430979979,356.7406934989936
our_vol4,Our vol4 STNPP-GAT-HCL-ZINB,62,2022-05-18,0.06,0.06000667521562703,3416,99.0,0.47596153846153844,0.5240384615384616,0.06000667521562703,1.288056206088993,7.931809865339578,0.47596153846153844,7.931809865339578,0.47596153846153844,208.0,0.024441445494077074,0.04771662763466042,356.7406934989936
our_vol4,Our vol4 STNPP-GAT-HCL-ZINB,62,2022-05-18,0.07,0.07000193229926045,3985,106.0,0.5096153846153846,0.4903846153846154,0.07000193229926045,1.1822110692876064,7.2800188205771645,0.5096153846153846,7.2800188205771645,0.5096153846153846,208.0,0.025476067936181162,0.04968632371392723,356.7406934989936
our_vol4,Our vol4 STNPP-GAT-HCL-ZINB,62,2022-05-18,0.08,0.08001475573980713,4555,113.0,0.5432692307692307,0.4567307692307693,0.08001475573980713,1.1025734845712891,6.789613062568605,0.5432692307692307,6.789613062568605,0.5432692307692307,208.0,0.031710079275198186,0.06147091108671789,356.7406934989936
our_vol4,Our vol4 STNPP-GAT-HCL-ZINB,62,2022-05-18,0.09,0.09001001282344055,5124,120.0,0.5769230769230769,0.42307692307692313,0.09001001282344055,1.0408534998698933,6.409543325526931,0.5769230769230769,6.409543325526931,0.5769230769230769,208.0,0.036617438802346754,0.070647931303669,356.7406934989936
our_vol4,Our vol4 STNPP-GAT-HCL-ZINB,62,2022-05-18,0.1,0.10000526990707397,5693,122.0,0.5865384615384616,0.41346153846153844,0.10000526990707397,0.9524367156547027,5.865075531354296,0.5865384615384616,5.865075531354296,0.5865384615384616,208.0,0.042387622448045406,0.08132794660108905,356.7406934989936
our_vol4,Our vol4 STNPP-GAT-HCL-ZINB,63,2022-06-01,0.01,0.010012823440546666,570,31.0,0.14691943127962084,0.8530805687203792,0.010012823440546666,2.417153996101365,14.673127130622763,0.14691943127962084,14.673127130622763,0.14691943127962084,211.0,0.02702702702702703,0.05263157894736842,397.58070765944626
our_vol4,Our vol4 STNPP-GAT-HCL-ZINB,63,2022-06-01,0.02,0.02000808052418009,1139,50.0,0.23696682464454977,0.7630331753554502,0.02000808052418009,1.9510291678860598,11.843556125145115,0.23696682464454977,11.843556125145115,0.23696682464454977,211.0,0.021524663677130046,0.04214223002633889,397.58070765944626
our_vol4,Our vol4 STNPP-GAT-HCL-ZINB,63,2022-06-01,0.03,0.030003337607813516,1708,61.0,0.2890995260663507,0.7109004739336493,0.030003337607813516,1.5873015873015872,9.635578876100203,0.2890995260663507,9.635578876100203,0.2890995260663507,211.0,0.022754491017964073,0.04449648711943794,397.58070765944626
our_vol4,Our vol4 STNPP-GAT-HCL-ZINB,63,2022-06-01,0.04,0.04001616104836018,2278,74.0,0.35071090047393366,0.6492890995260663,0.04001616104836018,1.4437615842356843,8.764231532607385,0.35071090047393366,8.764231532607385,0.35071090047393366,211.0,0.020838001344387184,0.040825285338015806,397.58070765944626
our_vol4,Our vol4 STNPP-GAT-HCL-ZINB,63,2022-06-01,0.05,0.050011418131993605,2847,83.0,0.3933649289099526,0.6066350710900474,0.050011418131993605,1.2957108847519805,7.865502391309053,0.3933649289099526,7.865502391309053,0.3933649289099526,211.0,0.021162123385939743,0.0414471373375483,397.58070765944626
our_vol4,Our vol4 STNPP-GAT-HCL-ZINB,63,2022-06-01,0.06,0.06000667521562703,3416,92.0,0.43601895734597157,0.5639810426540284,0.06000667521562703,1.1969815248503772,7.266174234436218,0.43601895734597157,7.266174234436218,0.43601895734597157,211.0,0.023060796645702306,0.045081967213114756,397.58070765944626
our_vol4,Our vol4 STNPP-GAT-HCL-ZINB,63,2022-06-01,0.07,0.07000193229926045,3985,100.0,0.47393364928909953,0.5260663507109005,0.07000193229926045,1.1152934615920815,6.7702938150766805,0.47393364928909953,6.7702938150766805,0.47393364928909953,211.0,0.02428993702608919,0.047427854454203264,397.58070765944626
our_vol4,Our vol4 STNPP-GAT-HCL-ZINB,63,2022-06-01,0.08,0.08001475573980713,4555,108.0,0.5118483412322274,0.48815165876777256,0.08001475573980713,1.0537870472008781,6.396924373507576,0.5118483412322274,6.396924373507576,0.5118483412322274,211.0,0.031242925062259452,0.06059275521405049,397.58070765944626
our_vol4,Our vol4 STNPP-GAT-HCL-ZINB,63,2022-06-01,0.09,0.09001001282344055,5124,111.0,0.5260663507109005,0.47393364928909953,0.09001001282344055,0.9627894873796513,5.844531449437827,0.5260663507109005,5.844531449437827,0.5260663507109005,211.0,0.036093418259023353,0.06967213114754098,397.58070765944626
our_vol4,Our vol4 STNPP-GAT-HCL-ZINB,63,2022-06-01,0.1,0.10000526990707397,5693,118.0,0.5592417061611374,0.44075829383886256,0.10000526990707397,0.9212092823545485,5.5921223619594365,0.5592417061611374,5.5921223619594365,0.5592417061611374,211.0,0.04305606449248809,0.08255752678728263,397.58070765944626
our_vol4,Our vol4 STNPP-GAT-HCL-ZINB,64,2022-06-15,0.01,0.010012823440546666,570,40.0,0.19047619047619047,0.8095238095238095,0.010012823440546666,3.118908382066277,19.023224728487882,0.19047619047619047,19.023224728487882,0.19047619047619047,210.0,0.033544877606527655,0.06491228070175438,1011.4621311451795
our_vol4,Our vol4 STNPP-GAT-HCL-ZINB,64,2022-06-15,0.02,0.02000808052418009,1139,60.0,0.2857142857142857,0.7142857142857143,0.02000808052418009,2.341235001463272,14.279944813746393,0.2857142857142857,14.279944813746393,0.2857142857142857,210.0,0.02658855340243353,0.05179982440737489,1011.4621311451795
our_vol4,Our vol4 STNPP-GAT-HCL-ZINB,64,2022-06-15,0.03,0.030003337607813516,1708,78.0,0.37142857142857144,0.6285714285714286,0.030003337607813516,2.029664324746292,12.379575108732018,0.37142857142857144,12.379575108732018,0.37142857142857144,210.0,0.029535864978902954,0.05737704918032787,1011.4621311451795
our_vol4,Our vol4 STNPP-GAT-HCL-ZINB,64,2022-06-15,0.04,0.04001616104836018,2278,92.0,0.4380952380952381,0.5619047619047619,0.04001616104836018,1.794946834455175,10.947957690538903,0.4380952380952381,10.947957690538903,0.4380952380952381,210.0,0.027978339350180504,0.05443371378402107,1011.4621311451795
our_vol4,Our vol4 STNPP-GAT-HCL-ZINB,64,2022-06-15,0.05,0.050011418131993605,2847,99.0,0.4714285714285714,0.5285714285714286,0.050011418131993605,1.5454864769933263,9.426418786692759,0.4714285714285714,9.426418786692759,0.4714285714285714,210.0,0.0261308343845738,0.05093080435546189,1011.4621311451795
our_vol4,Our vol4 STNPP-GAT-HCL-ZINB,64,2022-06-15,0.06,0.06000667521562703,3416,108.0,0.5142857142857142,0.48571428571428577,0.06000667521562703,1.405152224824356,8.570475075276011,0.5142857142857142,8.570475075276011,0.5142857142857142,210.0,0.027677496991576414,0.053864168618266976,1011.4621311451795
our_vol4,Our vol4 STNPP-GAT-HCL-ZINB,64,2022-06-15,0.07,0.07000193229926045,3985,112.0,0.5333333333333333,0.4666666666666667,0.07000193229926045,1.2491286769831313,7.618837306566291,0.5333333333333333,7.618837306566291,0.5333333333333333,210.0,0.03011503166602042,0.05846925972396487,1011.4621311451795
our_vol4,Our vol4 STNPP-GAT-HCL-ZINB,64,2022-06-15,0.08,0.08001475573980713,4555,120.0,0.5714285714285714,0.4285714285714286,0.08001475573980713,1.1708744968898646,7.141539909048141,0.5714285714285714,7.141539909048141,0.5714285714285714,210.0,0.034521916874858054,0.06673984632272228,1011.4621311451795
our_vol4,Our vol4 STNPP-GAT-HCL-ZINB,64,2022-06-15,0.09,0.09001001282344055,5124,125.0,0.5952380952380952,0.40476190476190477,0.09001001282344055,1.0842223956978054,6.613020891416675,0.5952380952380952,6.613020891416675,0.5952380952380952,210.0,0.03956177723676202,0.07611241217798595,1011.4621311451795
our_vol4,Our vol4 STNPP-GAT-HCL-ZINB,64,2022-06-15,0.1,0.10000526990707397,5693,130.0,0.6190476190476191,0.38095238095238093,0.10000526990707397,1.014891582255011,6.190149975324752,0.6190476190476191,6.190149975324752,0.6190476190476191,210.0,0.04545037186667891,0.08694888459511681,1011.4621311451795
our_vol4,Our vol4 STNPP-GAT-HCL-ZINB,65,2022-06-29,0.01,0.010012823440546666,570,23.0,0.116751269035533,0.883248730964467,0.010012823440546666,1.7933723196881093,11.660174548045239,0.116751269035533,11.660174548045239,0.116751269035533,197.0,0.01876675603217158,0.03684210526315789,1453.8241044885174
our_vol4,Our vol4 STNPP-GAT-HCL-ZINB,65,2022-06-29,0.02,0.02000808052418009,1139,43.0,0.2182741116751269,0.7817258883248731,0.02000808052418009,1.6778850843820114,10.909297941466154,0.2182741116751269,10.909297941466154,0.2182741116751269,197.0,0.019695613249776187,0.038630377524143986,1453.8241044885174
our_vol4,Our vol4 STNPP-GAT-HCL-ZINB,65,2022-06-29,0.03,0.030003337607813516,1708,54.0,0.27411167512690354,0.7258883248730965,0.030003337607813516,1.405152224824356,9.136039420344988,0.27411167512690354,9.136039420344988,0.27411167512690354,197.0,0.023060796645702306,0.045081967213114756,1453.8241044885174
our_vol4,Our vol4 STNPP-GAT-HCL-ZINB,65,2022-06-29,0.04,0.04001616104836018,2278,71.0,0.3604060913705584,0.6395939086294415,0.04001616104836018,1.3852307091991025,9.006513416791826,0.3604060913705584,9.006513416791826,0.3604060913705584,197.0,0.023590204448438554,0.046093064091308165,1453.8241044885174
our_vol4,Our vol4 STNPP-GAT-HCL-ZINB,65,2022-06-29,0.05,0.050011418131993605,2847,84.0,0.4263959390862944,0.5736040609137056,0.050011418131993605,1.3113218592670646,8.525971768305403,0.4263959390862944,8.525971768305403,0.4263959390862944,197.0,0.024469233537243614,0.04776958201615736,1453.8241044885174
our_vol4,Our vol4 STNPP-GAT-HCL-ZINB,65,2022-06-29,0.06,0.06000667521562703,3416,94.0,0.47715736040609136,0.5228426395939086,0.06000667521562703,1.2230028623471247,7.95173801400397,0.47715736040609136,7.95173801400397,0.47715736040609136,197.0,0.02690515556891628,0.052400468384074944,1453.8241044885174
our_vol4,Our vol4 STNPP-GAT-HCL-ZINB,65,2022-06-29,0.07,0.07000193229926045,3985,102.0,0.5177664974619289,0.48223350253807107,0.07000193229926045,1.1375993308239232,7.396460075537071,0.5177664974619289,7.396460075537071,0.5177664974619289,197.0,0.030381383322559793,0.05897114178168131,1453.8241044885174
our_vol4,Our vol4 STNPP-GAT-HCL-ZINB,65,2022-06-29,0.08,0.08001475573980713,4555,109.0,0.5532994923857868,0.4467005076142132,0.08001475573980713,1.0635443346749605,6.914968211426055,0.5532994923857868,6.914968211426055,0.5532994923857868,197.0,0.03499204726198591,0.06761800219538969,1453.8241044885174
our_vol4,Our vol4 STNPP-GAT-HCL-ZINB,65,2022-06-29,0.09,0.09001001282344055,5124,115.0,0.583756345177665,0.41624365482233505,0.09001001282344055,0.997484604041981,6.485460082343663,0.583756345177665,6.485460082343663,0.583756345177665,197.0,0.04082876294942109,0.07845433255269321,1453.8241044885174
our_vol4,Our vol4 STNPP-GAT-HCL-ZINB,65,2022-06-29,0.1,0.10000526990707397,5693,121.0,0.6142131979695431,0.3857868020304569,0.10000526990707397,0.9446298573296641,6.141808312104722,0.6142131979695431,6.141808312104722,0.6142131979695431,197.0,0.04650735294117647,0.08888108203056386,1453.8241044885174
our_vol4,Our vol4 STNPP-GAT-HCL-ZINB,66,2022-07-13,0.01,0.010012823440546666,570,36.0,0.1782178217821782,0.8217821782178218,0.010012823440546666,2.8070175438596494,17.798957790515892,0.1782178217821782,17.798957790515892,0.1782178217821782,202.0,0.03167420814479638,0.06140350877192982,658.1730006172011
our_vol4,Our vol4 STNPP-GAT-HCL-ZINB,66,2022-07-13,0.02,0.02000808052418009,1139,51.0,0.2524752475247525,0.7475247524752475,0.02000808052418009,1.990049751243781,12.618664105216492,0.2524752475247525,12.618664105216492,0.2524752475247525,202.0,0.022900763358778626,0.04477611940298507,658.1730006172011
our_vol4,Our vol4 STNPP-GAT-HCL-ZINB,66,2022-07-13,0.03,0.030003337607813516,1708,65.0,0.3217821782178218,0.6782178217821782,0.030003337607813516,1.6913869372885766,10.724879425881698,0.3217821782178218,10.724879425881698,0.3217821782178218,202.0,0.02675082657048392,0.052107728337236536,658.1730006172011
our_vol4,Our vol4 STNPP-GAT-HCL-ZINB,66,2022-07-13,0.04,0.04001616104836018,2278,71.0,0.35148514851485146,0.6485148514851485,0.04001616104836018,1.3852307091991025,8.783579916376185,0.35148514851485146,8.783579916376185,0.35148514851485146,202.0,0.023590204448438554,0.046093064091308165,658.1730006172011
our_vol4,Our vol4 STNPP-GAT-HCL-ZINB,66,2022-07-13,0.05,0.050011418131993605,2847,83.0,0.41089108910891087,0.5891089108910892,0.050011418131993605,1.2957108847519805,8.215945567159455,0.41089108910891087,8.215945567159455,0.41089108910891087,202.0,0.023732470334412083,0.04636459430979979,658.1730006172011
our_vol4,Our vol4 STNPP-GAT-HCL-ZINB,66,2022-07-13,0.06,0.06000667521562703,3416,94.0,0.46534653465346537,0.5346534653465347,0.06000667521562703,1.2230028623471247,7.754912815637536,0.46534653465346537,7.754912815637536,0.46534653465346537,202.0,0.025979876858387145,0.0506440281030445,658.1730006172011
our_vol4,Our vol4 STNPP-GAT-HCL-ZINB,66,2022-07-13,0.07,0.07000193229926045,3985,103.0,0.5099009900990099,0.4900990099009901,0.07000193229926045,1.1487522654398439,7.284098786290173,0.5099009900990099,7.284098786290173,0.5099009900990099,202.0,0.028918151303898788,0.056210790464240906,658.1730006172011
our_vol4,Our vol4 STNPP-GAT-HCL-ZINB,66,2022-07-13,0.08,0.08001475573980713,4555,107.0,0.5297029702970297,0.47029702970297027,0.08001475573980713,1.044029759726796,6.620066079055765,0.5297029702970297,6.620066079055765,0.5297029702970297,202.0,0.03358293623780349,0.06498353457738748,658.1730006172011
our_vol4,Our vol4 STNPP-GAT-HCL-ZINB,66,2022-07-13,0.09,0.09001001282344055,5124,112.0,0.5544554455445545,0.4455445544554455,0.09001001282344055,0.9714632665452337,6.159930747173078,0.5544554455445545,6.159930747173078,0.5544554455445545,202.0,0.040194884287454324,0.07728337236533958,658.1730006172011
our_vol4,Our vol4 STNPP-GAT-HCL-ZINB,66,2022-07-13,0.1,0.10000526990707397,5693,116.0,0.5742574257425742,0.4257425742574258,0.10000526990707397,0.9055955657044714,5.742271645046113,0.5742574257425742,5.742271645046113,0.5742574257425742,202.0,0.04660354812023164,0.08905673634287722,658.1730006172011
our_vol4,Our vol4 STNPP-GAT-HCL-ZINB,67,2022-07-27,0.01,0.010012823440546666,570,46.0,0.2026431718061674,0.7973568281938326,0.010012823440546666,3.5867446393762186,20.23836463405209,0.2026431718061674,20.23836463405209,0.2026431718061674,227.0,0.040145985401459854,0.07719298245614035,657.4555258937443
our_vol4,Our vol4 STNPP-GAT-HCL-ZINB,67,2022-07-27,0.02,0.02000808052418009,1139,68.0,0.29955947136563876,0.7004405286343612,0.02000808052418009,2.6533996683250414,14.971924518377277,0.29955947136563876,14.971924518377277,0.29955947136563876,227.0,0.030303030303030304,0.058823529411764705,657.4555258937443
our_vol4,Our vol4 STNPP-GAT-HCL-ZINB,67,2022-07-27,0.03,0.030003337607813516,1708,83.0,0.3656387665198238,0.6343612334801763,0.030003337607813516,2.1597710122300287,12.186603080605392,0.3656387665198238,12.186603080605392,0.3656387665198238,227.0,0.03171247357293869,0.06147540983606557,657.4555258937443
our_vol4,Our vol4 STNPP-GAT-HCL-ZINB,67,2022-07-27,0.04,0.04001616104836018,2278,98.0,0.43171806167400884,0.5682819383259912,0.04001616104836018,1.9120085845283386,10.788592667654216,0.43171806167400884,10.788592667654216,0.43171806167400884,227.0,0.0296045197740113,0.05750658472344162,657.4555258937443
our_vol4,Our vol4 STNPP-GAT-HCL-ZINB,67,2022-07-27,0.05,0.050011418131993605,2847,103.0,0.45374449339207046,0.5462555066079295,0.050011418131993605,1.6079303750536627,9.072817975177518,0.45374449339207046,9.072817975177518,0.45374449339207046,227.0,0.026685899747565814,0.05198454513523006,657.4555258937443
our_vol4,Our vol4 STNPP-GAT-HCL-ZINB,67,2022-07-27,0.06,0.06000667521562703,3416,114.0,0.5022026431718062,0.4977973568281938,0.06000667521562703,1.483216237314598,8.369112958969968,0.5022026431718062,8.369112958969968,0.5022026431718062,227.0,0.02907064316915198,0.05649882903981265,657.4555258937443
our_vol4,Our vol4 STNPP-GAT-HCL-ZINB,67,2022-07-27,0.07,0.07000193229926045,3985,126.0,0.5550660792951542,0.44493392070484583,0.07000193229926045,1.4052697616060226,7.929296536018882,0.5550660792951542,7.929296536018882,0.5550660792951542,227.0,0.029981907469630396,0.05821831869510665,657.4555258937443
our_vol4,Our vol4 STNPP-GAT-HCL-ZINB,67,2022-07-27,0.08,0.08001475573980713,4555,131.0,0.5770925110132159,0.4229074889867841,0.08001475573980713,1.2782046591047689,7.21232609757395,0.5770925110132159,7.21232609757395,0.5770925110132159,227.0,0.034287011807447774,0.06630076838638858,657.4555258937443
our_vol4,Our vol4 STNPP-GAT-HCL-ZINB,67,2022-07-27,0.09,0.09001001282344055,5124,139.0,0.6123348017621145,0.3876651982378855,0.09001001282344055,1.2056553040159597,6.802963165478511,0.6123348017621145,6.802963165478511,0.6123348017621145,227.0,0.038508309687880014,0.0741608118657299,657.4555258937443
our_vol4,Our vol4 STNPP-GAT-HCL-ZINB,67,2022-07-27,0.1,0.10000526990707397,5693,141.0,0.6211453744493393,0.37885462555066074,0.10000526990707397,1.100767023830435,6.2111264239026065,0.6211453744493393,6.2111264239026065,0.6211453744493393,227.0,0.04593055300385817,0.08782715615668364,657.4555258937443
our_vol4,Our vol4 STNPP-GAT-HCL-ZINB,68,2022-08-10,0.01,0.010012823440546666,570,28.0,0.16184971098265896,0.838150289017341,0.010012823440546666,2.183235867446394,16.16424297738566,0.16184971098265896,16.16424297738566,0.16184971098265896,173.0,0.02425876010781671,0.04736842105263158,355.0196653427018
our_vol4,Our vol4 STNPP-GAT-HCL-ZINB,68,2022-08-10,0.02,0.02000808052418009,1139,51.0,0.2947976878612717,0.7052023121387283,0.02000808052418009,1.990049751243781,14.733931498576483,0.2947976878612717,14.733931498576483,0.2947976878612717,173.0,0.022900763358778626,0.04477611940298507,355.0196653427018
our_vol4,Our vol4 STNPP-GAT-HCL-ZINB,68,2022-08-10,0.03,0.030003337607813516,1708,62.0,0.3583815028901734,0.6416184971098267,0.030003337607813516,1.6133229247983347,11.944721203178513,0.3583815028901734,11.944721203178513,0.3583815028901734,173.0,0.026442307692307692,0.05152224824355972,355.0196653427018
our_vol4,Our vol4 STNPP-GAT-HCL-ZINB,68,2022-08-10,0.04,0.04001616104836018,2278,64.0,0.3699421965317919,0.630057803468208,0.04001616104836018,1.2486586674470783,9.244819763812695,0.3699421965317919,9.244819763812695,0.3699421965317919,173.0,0.02221225039264079,0.043459174714661986,355.0196653427018
our_vol4,Our vol4 STNPP-GAT-HCL-ZINB,68,2022-08-10,0.05,0.050011418131993605,2847,71.0,0.41040462427745666,0.5895953757225434,0.050011418131993605,1.1083791905709712,8.206218491830972,0.41040462427745666,8.206218491830972,0.41040462427745666,173.0,0.021345291479820627,0.04179838426413769,355.0196653427018
our_vol4,Our vol4 STNPP-GAT-HCL-ZINB,68,2022-08-10,0.06,0.06000667521562703,3416,75.0,0.43352601156069365,0.5664739884393064,0.06000667521562703,0.975800156128025,7.224629759987004,0.43352601156069365,7.224629759987004,0.43352601156069365,173.0,0.022448368751870697,0.043911007025761124,355.0196653427018
our_vol4,Our vol4 STNPP-GAT-HCL-ZINB,68,2022-08-10,0.07,0.07000193229926045,3985,81.0,0.4682080924855491,0.5317919075144508,0.07000193229926045,0.903387703889586,6.688502404247141,0.4682080924855491,6.688502404247141,0.4682080924855491,173.0,0.02336928608115049,0.04567126725219573,355.0196653427018
our_vol4,Our vol4 STNPP-GAT-HCL-ZINB,68,2022-08-10,0.08,0.08001475573980713,4555,89.0,0.5144508670520231,0.48554913294797686,0.08001475573980713,0.8683985851933163,6.429449947018775,0.5144508670520231,6.429449947018775,0.5144508670520231,173.0,0.02810066583907008,0.054665203073545554,355.0196653427018
our_vol4,Our vol4 STNPP-GAT-HCL-ZINB,68,2022-08-10,0.09,0.09001001282344055,5124,92.0,0.5317919075144508,0.4682080924855492,0.09001001282344055,0.7979876832335848,5.908141670389371,0.5317919075144508,5.908141670389371,0.5317919075144508,173.0,0.03546529251288269,0.06850117096018736,355.0196653427018
our_vol4,Our vol4 STNPP-GAT-HCL-ZINB,68,2022-08-10,0.1,0.10000526990707397,5693,99.0,0.5722543352601156,0.4277456647398844,0.10000526990707397,0.7728789741788161,5.722241795775971,0.5722543352601156,5.722241795775971,0.5722543352601156,173.0,0.042387622448045406,0.08132794660108905,355.0196653427018
our_vol4,Our vol4 STNPP-GAT-HCL-ZINB,69,2022-08-24,0.01,0.010012823440546666,570,38.0,0.20105820105820105,0.798941798941799,0.010012823440546666,2.9629629629629632,20.08007054673721,0.20105820105820105,20.08007054673721,0.20105820105820105,189.0,0.033544877606527655,0.06491228070175438,1652.7033306894052
our_vol4,Our vol4 STNPP-GAT-HCL-ZINB,69,2022-08-24,0.02,0.02000808052418009,1139,55.0,0.291005291005291,0.7089947089947091,0.02000808052418009,2.1461320846746657,14.54438823622318,0.291005291005291,14.54438823622318,0.291005291005291,189.0,0.024741340530814216,0.048287971905179985,1652.7033306894052
our_vol4,Our vol4 STNPP-GAT-HCL-ZINB,69,2022-08-24,0.03,0.030003337607813516,1708,68.0,0.35978835978835977,0.6402116402116402,0.030003337607813516,1.7694509497788187,11.99161121643557,0.35978835978835977,11.99161121643557,0.35978835978835977,189.0,0.02736842105263158,0.05327868852459016,1652.7033306894052
our_vol4,Our vol4 STNPP-GAT-HCL-ZINB,69,2022-08-24,0.04,0.04001616104836018,2278,85.0,0.4497354497354497,0.5502645502645502,0.04001616104836018,1.658374792703151,11.238845455263366,0.4497354497354497,11.238845455263366,0.4497354497354497,189.0,0.02681992337164751,0.05223880597014925,1652.7033306894052
our_vol4,Our vol4 STNPP-GAT-HCL-ZINB,69,2022-08-24,0.05,0.050011418131993605,2847,91.0,0.48148148148148145,0.5185185185185186,0.050011418131993605,1.4205986808726534,9.627431084052088,0.48148148148148145,9.627431084052088,0.48148148148148145,189.0,0.025576368876080693,0.049877063575693714,1652.7033306894052
our_vol4,Our vol4 STNPP-GAT-HCL-ZINB,69,2022-08-24,0.06,0.06000667521562703,3416,93.0,0.49206349206349204,0.5079365079365079,0.06000667521562703,1.209992193598751,8.200145905356678,0.49206349206349204,8.200145905356678,0.49206349206349204,189.0,0.027522935779816515,0.05357142857142857,1652.7033306894052
our_vol4,Our vol4 STNPP-GAT-HCL-ZINB,69,2022-08-24,0.07,0.07000193229926045,3985,104.0,0.5502645502645502,0.44973544973544977,0.07000193229926045,1.1599052000557648,7.860705157568395,0.5502645502645502,7.860705157568395,0.5502645502645502,189.0,0.029848817676702416,0.05796737766624843,1652.7033306894052
our_vol4,Our vol4 STNPP-GAT-HCL-ZINB,69,2022-08-24,0.08,0.08001475573980713,4555,110.0,0.582010582010582,0.417989417989418,0.08001475573980713,1.0733016221490426,7.273790648104588,0.582010582010582,7.273790648104588,0.582010582010582,189.0,0.03440445100488248,0.06652030735455543,1652.7033306894052
our_vol4,Our vol4 STNPP-GAT-HCL-ZINB,69,2022-08-24,0.09,0.09001001282344055,5124,118.0,0.6243386243386243,0.3756613756613757,0.09001001282344055,1.0235059415387284,6.936324134997046,0.6243386243386243,6.936324134997046,0.6243386243386243,189.0,0.041251778093883355,0.07923497267759563,1652.7033306894052
our_vol4,Our vol4 STNPP-GAT-HCL-ZINB,69,2022-08-24,0.1,0.10000526990707397,5693,123.0,0.6507936507936508,0.3492063492063492,0.10000526990707397,0.9602435739797412,6.507593563802945,0.6507936507936508,6.507593563802945,0.6507936507936508,189.0,0.04862773991526985,0.09274547690145793,1652.7033306894052
our_vol4,Our vol4 STNPP-GAT-HCL-ZINB,70,2022-09-07,0.01,0.010012823440546666,570,36.0,0.18181818181818182,0.8181818181818181,0.010012823440546666,2.8070175438596494,18.1585326953748,0.18181818181818182,18.1585326953748,0.18181818181818182,198.0,0.02981029810298103,0.05789473684210526,1643.604693824089
our_vol4,Our vol4 STNPP-GAT-HCL-ZINB,70,2022-09-07,0.02,0.02000808052418009,1139,58.0,0.29292929292929293,0.7070707070707071,0.02000808052418009,2.2631938347478293,14.640549480760193,0.29292929292929293,14.640549480760193,0.29292929292929293,198.0,0.024280575539568347,0.04741000877963126,1643.604693824089
our_vol4,Our vol4 STNPP-GAT-HCL-ZINB,70,2022-09-07,0.03,0.030003337607813516,1708,76.0,0.3838383838383838,0.6161616161616161,0.030003337607813516,1.9776216497527974,12.793189506304259,0.3838383838383838,12.793189506304259,0.3838383838383838,198.0,0.027677496991576414,0.053864168618266976,1643.604693824089
our_vol4,Our vol4 STNPP-GAT-HCL-ZINB,70,2022-09-07,0.04,0.04001616104836018,2278,87.0,0.4393939393939394,0.5606060606060606,0.04001616104836018,1.697395376060872,10.980412110570144,0.4393939393939394,10.980412110570144,0.4393939393939394,198.0,0.02681992337164751,0.05223880597014925,1643.604693824089
our_vol4,Our vol4 STNPP-GAT-HCL-ZINB,70,2022-09-07,0.05,0.050011418131993605,2847,92.0,0.46464646464646464,0.5353535353535354,0.050011418131993605,1.4362096553877375,9.290807619574743,0.46464646464646464,9.290807619574743,0.46464646464646464,198.0,0.02576112412177986,0.0502283105022831,1643.604693824089
our_vol4,Our vol4 STNPP-GAT-HCL-ZINB,70,2022-09-07,0.06,0.06000667521562703,3416,96.0,0.48484848484848486,0.5151515151515151,0.06000667521562703,1.249024199843872,8.079909161876374,0.48484848484848486,8.079909161876374,0.48484848484848486,198.0,0.028141459744168547,0.0547423887587822,1643.604693824089
our_vol4,Our vol4 STNPP-GAT-HCL-ZINB,70,2022-09-07,0.07,0.07000193229926045,3985,103.0,0.5202020202020202,0.4797979797979798,0.07000193229926045,1.1487522654398439,7.431252297124318,0.5202020202020202,7.431252297124318,0.5202020202020202,198.0,0.029848817676702416,0.05796737766624843,1643.604693824089
our_vol4,Our vol4 STNPP-GAT-HCL-ZINB,70,2022-09-07,0.08,0.08001475573980713,4555,108.0,0.5454545454545454,0.4545454545454546,0.08001475573980713,1.0537870472008781,6.816924458636862,0.5454545454545454,6.816924458636862,0.5454545454545454,198.0,0.034874474610928095,0.06739846322722283,1643.604693824089
our_vol4,Our vol4 STNPP-GAT-HCL-ZINB,70,2022-09-07,0.09,0.09001001282344055,5124,110.0,0.5555555555555556,0.4444444444444444,0.09001001282344055,0.9541157082140688,6.172152831988898,0.5555555555555556,6.172152831988898,0.5555555555555556,198.0,0.041040227549776515,0.07884465261514442,1643.604693824089
our_vol4,Our vol4 STNPP-GAT-HCL-ZINB,70,2022-09-07,0.1,0.10000526990707397,5693,116.0,0.5858585858585859,0.41414141414141414,0.10000526990707397,0.9055955657044714,5.858277132824823,0.5858585858585859,5.858277132824823,0.5858585858585859,198.0,0.04766286345233714,0.09098893377832426,1643.604693824089
our_vol4,Our vol4 STNPP-GAT-HCL-ZINB,71,2022-09-21,0.01,0.010012823440546666,570,30.0,0.13636363636363635,0.8636363636363636,0.010012823440546666,2.339181286549708,13.618899521531098,0.13636363636363635,13.618899521531098,0.13636363636363635,220.0,0.026102610261026102,0.05087719298245614,272.5929104387518
our_vol4,Our vol4 STNPP-GAT-HCL-ZINB,71,2022-09-21,0.02,0.02000808052418009,1139,51.0,0.2318181818181818,0.7681818181818182,0.02000808052418009,1.990049751243781,11.586227951153324,0.2318181818181818,11.586227951153324,0.2318181818181818,220.0,0.02244165170556553,0.043898156277436345,272.5929104387518
our_vol4,Our vol4 STNPP-GAT-HCL-ZINB,71,2022-09-21,0.03,0.030003337607813516,1708,62.0,0.2818181818181818,0.7181818181818183,0.030003337607813516,1.6133229247983347,9.392894400681286,0.2818181818181818,9.392894400681286,0.2818181818181818,220.0,0.023980815347721823,0.0468384074941452,272.5929104387518
our_vol4,Our vol4 STNPP-GAT-HCL-ZINB,71,2022-09-21,0.04,0.04001616104836018,2278,71.0,0.32272727272727275,0.6772727272727272,0.04001616104836018,1.3852307091991025,8.06492337776359,0.32272727272727275,8.06492337776359,0.32272727272727275,220.0,0.02244165170556553,0.043898156277436345,272.5929104387518
our_vol4,Our vol4 STNPP-GAT-HCL-ZINB,71,2022-09-21,0.05,0.050011418131993605,2847,78.0,0.35454545454545455,0.6454545454545455,0.050011418131993605,1.21765601217656,7.089290161892902,0.35454545454545455,7.089290161892902,0.35454545454545455,220.0,0.02336448598130841,0.045662100456621,272.5929104387518
our_vol4,Our vol4 STNPP-GAT-HCL-ZINB,71,2022-09-21,0.06,0.06000667521562703,3416,92.0,0.41818181818181815,0.5818181818181818,0.06000667521562703,1.1969815248503772,6.968921652118373,0.41818181818181815,6.968921652118373,0.41818181818181815,220.0,0.02675082657048392,0.052107728337236536,272.5929104387518
our_vol4,Our vol4 STNPP-GAT-HCL-ZINB,71,2022-09-21,0.07,0.07000193229926045,3985,98.0,0.44545454545454544,0.5545454545454546,0.07000193229926045,1.09298759236024,6.363460704916163,0.44545454545454544,6.363460704916163,0.44545454545454544,220.0,0.027061855670103094,0.05269761606022585,272.5929104387518
our_vol4,Our vol4 STNPP-GAT-HCL-ZINB,71,2022-09-21,0.08,0.08001475573980713,4555,109.0,0.4954545454545455,0.5045454545454545,0.08001475573980713,1.0635443346749605,6.192039716595151,0.4954545454545455,6.192039716595151,0.4954545454545455,220.0,0.03252861838376969,0.06300768386388585,272.5929104387518
our_vol4,Our vol4 STNPP-GAT-HCL-ZINB,71,2022-09-21,0.09,0.09001001282344055,5124,113.0,0.5136363636363637,0.48636363636363633,0.09001001282344055,0.9801370457108162,5.70643584557519,0.5136363636363637,5.70643584557519,0.5136363636363637,220.0,0.03556992724333064,0.06869633099141297,272.5929104387518
our_vol4,Our vol4 STNPP-GAT-HCL-ZINB,71,2022-09-21,0.1,0.10000526990707397,5693,118.0,0.5363636363636364,0.4636363636363636,0.10000526990707397,0.9212092823545485,5.363353719879278,0.5363636363636364,5.363353719879278,0.5363636363636364,220.0,0.04391675071055286,0.08413841559810294,272.5929104387518
our_vol4,Our vol4 STNPP-GAT-HCL-ZINB,72,2022-10-05,0.01,0.010012823440546666,570,30.0,0.15306122448979592,0.846938775510204,0.010012823440546666,2.339181286549708,15.286519871106337,0.15306122448979592,15.286519871106337,0.15306122448979592,196.0,0.026102610261026102,0.05087719298245614,1700.242617933703
our_vol4,Our vol4 STNPP-GAT-HCL-ZINB,72,2022-10-05,0.02,0.02000808052418009,1139,46.0,0.23469387755102042,0.7653061224489796,0.02000808052418009,1.794946834455175,11.729954668434539,0.23469387755102042,11.729954668434539,0.23469387755102042,196.0,0.02060931899641577,0.04038630377524144,1700.242617933703
our_vol4,Our vol4 STNPP-GAT-HCL-ZINB,72,2022-10-05,0.03,0.030003337607813516,1708,56.0,0.2857142857142857,0.7142857142857143,0.030003337607813516,1.4571948998178506,9.522750083640013,0.2857142857142857,9.522750083640013,0.2857142857142857,196.0,0.022754491017964073,0.04449648711943794,1700.242617933703
our_vol4,Our vol4 STNPP-GAT-HCL-ZINB,72,2022-10-05,0.04,0.04001616104836018,2278,71.0,0.3622448979591837,0.6377551020408163,0.04001616104836018,1.3852307091991025,9.05246501585709,0.3622448979591837,9.05246501585709,0.3622448979591837,196.0,0.02244165170556553,0.043898156277436345,1700.242617933703
our_vol4,Our vol4 STNPP-GAT-HCL-ZINB,72,2022-10-05,0.05,0.050011418131993605,2847,79.0,0.4030612244897959,0.596938775510204,0.050011418131993605,1.2332669866916441,8.059384027583636,0.4030612244897959,8.059384027583636,0.4030612244897959,196.0,0.022813005209268905,0.04460835967685283,1700.242617933703
our_vol4,Our vol4 STNPP-GAT-HCL-ZINB,72,2022-10-05,0.06,0.06000667521562703,3416,88.0,0.4489795918367347,0.5510204081632653,0.06000667521562703,1.1449388498568827,7.482160780002867,0.4489795918367347,7.482160780002867,0.4489795918367347,196.0,0.026288117770767613,0.05122950819672131,1700.242617933703
our_vol4,Our vol4 STNPP-GAT-HCL-ZINB,72,2022-10-05,0.07,0.07000193229926045,3985,93.0,0.4744897959183674,0.5255102040816326,0.07000193229926045,1.0372229192806357,6.778238547614781,0.4744897959183674,6.778238547614781,0.4744897959183674,196.0,0.027989165484328647,0.054454203262233374,1700.242617933703
our_vol4,Our vol4 STNPP-GAT-HCL-ZINB,72,2022-10-05,0.08,0.08001475573980713,4555,101.0,0.5153061224489796,0.48469387755102045,0.08001475573980713,0.9854860348823028,6.4401386679809125,0.5153061224489796,6.4401386679809125,0.5153061224489796,196.0,0.03264565858082068,0.06322722283205269,1700.242617933703
our_vol4,Our vol4 STNPP-GAT-HCL-ZINB,72,2022-10-05,0.09,0.09001001282344055,5124,106.0,0.5408163265306123,0.4591836734693877,0.09001001282344055,0.919420591551739,6.008401838487152,0.5408163265306123,6.008401838487152,0.5408163265306123,196.0,0.0387188323535374,0.07455113192818111,1700.242617933703
our_vol4,Our vol4 STNPP-GAT-HCL-ZINB,72,2022-10-05,0.1,0.10000526990707397,5693,111.0,0.5663265306122449,0.4336734693877551,0.10000526990707397,0.8665612740792786,5.662966873030611,0.5663265306122449,5.662966873030611,0.5663265306122449,196.0,0.04545037186667891,0.08694888459511681,1700.242617933703
our_vol4,Our vol4 STNPP-GAT-HCL-ZINB,73,2022-10-19,0.01,0.010012823440546666,570,32.0,0.16161616161616163,0.8383838383838383,0.010012823440546666,2.4951267056530217,16.14091795144427,0.16161616161616163,16.14091795144427,0.16161616161616163,198.0,0.026102610261026102,0.05087719298245614,1105.044941349356
our_vol4,Our vol4 STNPP-GAT-HCL-ZINB,73,2022-10-19,0.02,0.02000808052418009,1139,50.0,0.25252525252525254,0.7474747474747474,0.02000808052418009,1.9510291678860598,12.621163345482925,0.25252525252525254,12.621163345482925,0.25252525252525254,198.0,0.021982951996410947,0.04302019315188762,1105.044941349356
our_vol4,Our vol4 STNPP-GAT-HCL-ZINB,73,2022-10-19,0.03,0.030003337607813516,1708,63.0,0.3181818181818182,0.6818181818181819,0.030003337607813516,1.639344262295082,10.604880774962743,0.3181818181818182,10.604880774962743,0.3181818181818182,198.0,0.024902490249024904,0.04859484777517564,1105.044941349356
our_vol4,Our vol4 STNPP-GAT-HCL-ZINB,73,2022-10-19,0.04,0.04001616104836018,2278,70.0,0.35353535353535354,0.6464646464646464,0.04001616104836018,1.3657204175202418,8.834814341838047,0.35353535353535354,8.834814341838047,0.35353535353535354,198.0,0.022671156004489337,0.04433713784021071,1105.044941349356
our_vol4,Our vol4 STNPP-GAT-HCL-ZINB,73,2022-10-19,0.05,0.050011418131993605,2847,80.0,0.40404040404040403,0.595959595959596,0.050011418131993605,1.2488779612067282,8.078963147456298,0.40404040404040403,8.078963147456298,0.40404040404040403,198.0,0.022996766079770033,0.04495960660344222,1105.044941349356
our_vol4,Our vol4 STNPP-GAT-HCL-ZINB,73,2022-10-19,0.06,0.06000667521562703,3416,83.0,0.41919191919191917,0.5808080808080809,0.06000667521562703,1.0798855061150143,6.985754796205615,0.41919191919191917,6.985754796205615,0.41919191919191917,198.0,0.027677496991576414,0.053864168618266976,1105.044941349356
our_vol4,Our vol4 STNPP-GAT-HCL-ZINB,73,2022-10-19,0.07,0.07000193229926045,3985,89.0,0.4494949494949495,0.5505050505050505,0.07000193229926045,0.9926111808169525,6.4211791693598474,0.4494949494949495,6.4211791693598474,0.4494949494949495,198.0,0.028918151303898788,0.056210790464240906,1105.044941349356
our_vol4,Our vol4 STNPP-GAT-HCL-ZINB,73,2022-10-19,0.08,0.08001475573980713,4555,97.0,0.4898989898989899,0.5101010101010102,0.08001475573980713,0.9464568849859739,6.122608078590515,0.4898989898989899,6.122608078590515,0.4898989898989899,198.0,0.0353449255597227,0.06827661909989023,1105.044941349356
our_vol4,Our vol4 STNPP-GAT-HCL-ZINB,73,2022-10-19,0.09,0.09001001282344055,5124,102.0,0.5151515151515151,0.48484848484848486,0.09001001282344055,0.8847254748894092,5.723268989662432,0.5151515151515151,5.723268989662432,0.5151515151515151,198.0,0.0409344845099035,0.07864949258391882,1105.044941349356
our_vol4,Our vol4 STNPP-GAT-HCL-ZINB,73,2022-10-19,0.1,0.10000526990707397,5693,110.0,0.5555555555555556,0.4444444444444444,0.10000526990707397,0.85875441575424,5.555262798368367,0.5555555555555556,5.555262798368367,0.5555555555555556,198.0,0.047470101195952165,0.09063762515369753,1105.044941349356
our_vol4,Our vol4 STNPP-GAT-HCL-ZINB,74,2022-11-02,0.01,0.010012823440546666,570,39.0,0.1822429906542056,0.8177570093457944,0.010012823440546666,3.04093567251462,18.20095917363502,0.1822429906542056,18.20095917363502,0.1822429906542056,214.0,0.034482758620689655,0.06666666666666667,1486.5731608209396
our_vol4,Our vol4 STNPP-GAT-HCL-ZINB,74,2022-11-02,0.02,0.02000808052418009,1139,55.0,0.2570093457943925,0.7429906542056075,0.02000808052418009,2.1461320846746657,12.84527746096346,0.2570093457943925,12.84527746096346,0.2570093457943925,214.0,0.024280575539568347,0.04741000877963126,1486.5731608209396
our_vol4,Our vol4 STNPP-GAT-HCL-ZINB,74,2022-11-02,0.03,0.030003337607813516,1708,68.0,0.3177570093457944,0.6822429906542056,0.030003337607813516,1.7694509497788187,10.590722055637023,0.3177570093457944,10.590722055637023,0.3177570093457944,214.0,0.025517862503752625,0.049765807962529274,1486.5731608209396
our_vol4,Our vol4 STNPP-GAT-HCL-ZINB,74,2022-11-02,0.04,0.04001616104836018,2278,79.0,0.3691588785046729,0.6308411214953271,0.04001616104836018,1.5413130426299873,9.225244721964668,0.3691588785046729,9.225244721964668,0.3691588785046729,214.0,0.024280575539568347,0.04741000877963126,1486.5731608209396
our_vol4,Our vol4 STNPP-GAT-HCL-ZINB,74,2022-11-02,0.05,0.050011418131993605,2847,86.0,0.40186915887850466,0.5981308411214954,0.050011418131993605,1.342543808297233,8.03554815857978,0.40186915887850466,8.03554815857978,0.40186915887850466,214.0,0.023180592991913745,0.045310853530031614,1486.5731608209396
our_vol4,Our vol4 STNPP-GAT-HCL-ZINB,74,2022-11-02,0.06,0.06000667521562703,3416,97.0,0.4532710280373832,0.5467289719626168,0.06000667521562703,1.2620348685922456,7.553676760270524,0.4532710280373832,7.553676760270524,0.4532710280373832,214.0,0.026288117770767613,0.05122950819672131,1486.5731608209396
our_vol4,Our vol4 STNPP-GAT-HCL-ZINB,74,2022-11-02,0.07,0.07000193229926045,3985,104.0,0.48598130841121495,0.514018691588785,0.07000193229926045,1.1599052000557648,6.9423984802823675,0.48598130841121495,6.9423984802823675,0.48598130841121495,214.0,0.030381383322559793,0.05897114178168131,1486.5731608209396
our_vol4,Our vol4 STNPP-GAT-HCL-ZINB,74,2022-11-02,0.08,0.08001475573980713,4555,109.0,0.5093457943925234,0.49065420560747663,0.08001475573980713,1.0635443346749605,6.36564830678006,0.5093457943925234,6.36564830678006,0.5093457943925234,214.0,0.03252861838376969,0.06300768386388585,1486.5731608209396
our_vol4,Our vol4 STNPP-GAT-HCL-ZINB,74,2022-11-02,0.09,0.09001001282344055,5124,118.0,0.5514018691588785,0.44859813084112155,0.09001001282344055,1.0235059415387284,6.126005894927298,0.5514018691588785,6.126005894927298,0.5514018691588785,214.0,0.03977272727272727,0.07650273224043716,1486.5731608209396
our_vol4,Our vol4 STNPP-GAT-HCL-ZINB,74,2022-11-02,0.1,0.10000526990707397,5693,126.0,0.5887850467289719,0.4112149532710281,0.10000526990707397,0.9836641489548569,5.8875401993922685,0.5887850467289719,5.8875401993922685,0.5887850467289719,214.0,0.04583448149168733,0.08765150184437027,1486.5731608209396
our_vol4,Our vol4 STNPP-GAT-HCL-ZINB,75,2022-11-16,0.01,0.010012823440546666,570,34.0,0.14782608695652175,0.8521739130434782,0.010012823440546666,2.6510721247563356,14.763676582761251,0.14782608695652175,14.763676582761251,0.14782608695652175,230.0,0.02981029810298103,0.05789473684210526,1163.220159335931
our_vol4,Our vol4 STNPP-GAT-HCL-ZINB,75,2022-11-16,0.02,0.02000808052418009,1139,53.0,0.23043478260869565,0.7695652173913043,0.02000808052418009,2.0680909179592235,11.517085925869376,0.23043478260869565,11.517085925869376,0.23043478260869565,230.0,0.022900763358778626,0.04477611940298507,1163.220159335931
our_vol4,Our vol4 STNPP-GAT-HCL-ZINB,75,2022-11-16,0.03,0.030003337607813516,1708,74.0,0.3217391304347826,0.6782608695652175,0.030003337607813516,1.9255789747593026,10.723444659403318,0.3217391304347826,10.723444659403318,0.3217391304347826,230.0,0.027059530968129887,0.05269320843091335,1163.220159335931
our_vol4,Our vol4 STNPP-GAT-HCL-ZINB,75,2022-11-16,0.04,0.04001616104836018,2278,82.0,0.3565217391304348,0.6434782608695653,0.04001616104836018,1.599843917666569,8.90944382944612,0.3565217391304348,8.90944382944612,0.3565217391304348,230.0,0.024971878515185602,0.048726953467954345,1163.220159335931
our_vol4,Our vol4 STNPP-GAT-HCL-ZINB,75,2022-11-16,0.05,0.050011418131993605,2847,96.0,0.41739130434782606,0.5826086956521739,0.050011418131993605,1.4986535534480738,8.345920190589636,0.41739130434782606,8.345920190589636,0.41739130434782606,230.0,0.025391680172879523,0.04952581664910432,1163.220159335931
our_vol4,Our vol4 STNPP-GAT-HCL-ZINB,75,2022-11-16,0.06,0.06000667521562703,3416,107.0,0.4652173913043478,0.5347826086956522,0.06000667521562703,1.3921415560759822,7.752760665919967,0.4652173913043478,7.752760665919967,0.4652173913043478,230.0,0.02783210470889123,0.054156908665105384,1163.220159335931
our_vol4,Our vol4 STNPP-GAT-HCL-ZINB,75,2022-11-16,0.07,0.07000193229926045,3985,112.0,0.48695652173913045,0.5130434782608695,0.07000193229926045,1.2491286769831313,6.956329714690962,0.48695652173913045,6.956329714690962,0.48695652173913045,230.0,0.028652555498193084,0.05570890840652447,1163.220159335931
our_vol4,Our vol4 STNPP-GAT-HCL-ZINB,75,2022-11-16,0.08,0.08001475573980713,4555,121.0,0.5260869565217391,0.4739130434782609,0.08001475573980713,1.180631784363947,6.57487424235193,0.5260869565217391,6.57487424235193,0.5260869565217391,230.0,0.032060722782372264,0.062129527991218444,1163.220159335931
our_vol4,Our vol4 STNPP-GAT-HCL-ZINB,75,2022-11-16,0.09,0.09001001282344055,5124,133.0,0.5782608695652174,0.4217391304347826,0.09001001282344055,1.153612629022465,6.424406034687574,0.5782608695652174,6.424406034687574,0.5782608695652174,230.0,0.037141989677158184,0.07162373145979703,1163.220159335931
our_vol4,Our vol4 STNPP-GAT-HCL-ZINB,75,2022-11-16,0.1,0.10000526990707397,5693,138.0,0.6,0.4,0.10000526990707397,1.0773464488553195,5.999683822237836,0.6,5.999683822237836,0.6,230.0,0.04305606449248809,0.08255752678728263,1163.220159335931
our_vol4,Our vol4 STNPP-GAT-HCL-ZINB,76,2022-11-30,0.01,0.010012823440546666,570,35.0,0.17587939698492464,0.8241206030150754,0.010012823440546666,2.7290448343079925,17.56541479326457,0.17587939698492464,17.56541479326457,0.17587939698492464,199.0,0.02702702702702703,0.05263157894736842,1585.0205240925202
our_vol4,Our vol4 STNPP-GAT-HCL-ZINB,76,2022-11-30,0.02,0.02000808052418009,1139,52.0,0.2613065326633166,0.7386934673366834,0.02000808052418009,2.029070334601502,13.060050030662532,0.2613065326633166,13.060050030662532,0.2613065326633166,199.0,0.021524663677130046,0.04214223002633889,1585.0205240925202
our_vol4,Our vol4 STNPP-GAT-HCL-ZINB,76,2022-11-30,0.03,0.030003337607813516,1708,61.0,0.3065326633165829,0.6934673366834171,0.030003337607813516,1.5873015873015872,10.21661880832735,0.3065326633165829,10.21661880832735,0.3065326633165829,199.0,0.023980815347721823,0.0468384074941452,1585.0205240925202
our_vol4,Our vol4 STNPP-GAT-HCL-ZINB,76,2022-11-30,0.04,0.04001616104836018,2278,73.0,0.36683417085427134,0.6331658291457287,0.04001616104836018,1.4242512925568236,9.16715050229197,0.36683417085427134,9.16715050229197,0.36683417085427134,199.0,0.023590204448438554,0.046093064091308165,1585.0205240925202
our_vol4,Our vol4 STNPP-GAT-HCL-ZINB,76,2022-11-30,0.05,0.050011418131993605,2847,81.0,0.40703517587939697,0.592964824120603,0.050011418131993605,1.2644889357218123,8.138844909478902,0.40703517587939697,8.138844909478902,0.40703517587939697,199.0,0.024469233537243614,0.04776958201615736,1585.0205240925202
our_vol4,Our vol4 STNPP-GAT-HCL-ZINB,76,2022-11-30,0.06,0.06000667521562703,3416,88.0,0.44221105527638194,0.5577889447236181,0.06000667521562703,1.1449388498568827,7.369364386334483,0.44221105527638194,7.369364386334483,0.44221105527638194,199.0,0.02690515556891628,0.052400468384074944,1585.0205240925202
our_vol4,Our vol4 STNPP-GAT-HCL-ZINB,76,2022-11-30,0.07,0.07000193229926045,3985,97.0,0.48743718592964824,0.5125628140703518,0.07000193229926045,1.081834657744319,6.963196156440925,0.48743718592964824,6.963196156440925,0.48743718592964824,199.0,0.028121775025799794,0.05470514429109159,1585.0205240925202
our_vol4,Our vol4 STNPP-GAT-HCL-ZINB,76,2022-11-30,0.08,0.08001475573980713,4555,103.0,0.5175879396984925,0.4824120603015075,0.08001475573980713,1.0050006098304671,6.468656123647877,0.5175879396984925,6.468656123647877,0.5175879396984925,199.0,0.033114084826491266,0.06410537870472009,1585.0205240925202
our_vol4,Our vol4 STNPP-GAT-HCL-ZINB,76,2022-11-30,0.09,0.09001001282344055,5124,110.0,0.5527638190954773,0.44723618090452266,0.09001001282344055,0.9541157082140688,6.141136988612068,0.5527638190954773,6.141136988612068,0.5527638190954773,199.0,0.036617438802346754,0.070647931303669,1585.0205240925202
our_vol4,Our vol4 STNPP-GAT-HCL-ZINB,76,2022-11-30,0.1,0.10000526990707397,5693,114.0,0.5728643216080402,0.42713567839195976,0.10000526990707397,0.8899818490543943,5.72834133781502,0.5728643216080402,5.72834133781502,0.5728643216080402,199.0,0.04372536437803649,0.0837871069734762,1585.0205240925202
our_vol4,Our vol4 STNPP-GAT-HCL-ZINB,77,2022-12-14,0.01,0.010012823440546666,570,47.0,0.22380952380952382,0.7761904761904762,0.010012823440546666,3.6647173489278755,22.352289055973266,0.22380952380952382,22.352289055973266,0.22380952380952382,210.0,0.03636363636363636,0.07017543859649122,1409.815859258465
our_vol4,Our vol4 STNPP-GAT-HCL-ZINB,77,2022-12-14,0.02,0.02000808052418009,1139,64.0,0.3047619047619048,0.6952380952380952,0.02000808052418009,2.4973173348941566,15.231941134662822,0.3047619047619048,15.231941134662822,0.3047619047619048,210.0,0.026126126126126126,0.050921861281826165,1409.815859258465
our_vol4,Our vol4 STNPP-GAT-HCL-ZINB,77,2022-12-14,0.03,0.030003337607813516,1708,75.0,0.35714285714285715,0.6428571428571428,0.030003337607813516,1.95160031225605,11.903437604550017,0.35714285714285715,11.903437604550017,0.35714285714285715,210.0,0.027059530968129887,0.05269320843091335,1409.815859258465
our_vol4,Our vol4 STNPP-GAT-HCL-ZINB,77,2022-12-14,0.04,0.04001616104836018,2278,83.0,0.3952380952380952,0.6047619047619048,0.04001616104836018,1.6193542093454296,9.876961829507923,0.3952380952380952,9.876961829507923,0.3952380952380952,210.0,0.025202520252025202,0.04916593503072871,1409.815859258465
our_vol4,Our vol4 STNPP-GAT-HCL-ZINB,77,2022-12-14,0.05,0.050011418131993605,2847,94.0,0.44761904761904764,0.5523809523809524,0.050011418131993605,1.4674316044179057,8.950337029789084,0.44761904761904764,8.950337029789084,0.44761904761904764,210.0,0.025207057976233346,0.04917456972251493,1409.815859258465
our_vol4,Our vol4 STNPP-GAT-HCL-ZINB,77,2022-12-14,0.06,0.06000667521562703,3416,100.0,0.47619047619047616,0.5238095238095238,0.06000667521562703,1.3010668748373666,7.93562506970001,0.47619047619047616,7.93562506970001,0.47619047619047616,210.0,0.028296207104154123,0.05503512880562061,1409.815859258465
our_vol4,Our vol4 STNPP-GAT-HCL-ZINB,77,2022-12-14,0.07,0.07000193229926045,3985,109.0,0.5190476190476191,0.4809523809523809,0.07000193229926045,1.2156698731353688,7.414761307283266,0.5190476190476191,7.414761307283266,0.5190476190476191,210.0,0.031047865459249677,0.060225846925972396,1409.815859258465
our_vol4,Our vol4 STNPP-GAT-HCL-ZINB,77,2022-12-14,0.08,0.08001475573980713,4555,117.0,0.5571428571428572,0.44285714285714284,0.08001475573980713,1.141602634467618,6.9630014113219385,0.5571428571428572,6.9630014113219385,0.5571428571428572,210.0,0.03593359108483057,0.06937431394072448,1409.815859258465
our_vol4,Our vol4 STNPP-GAT-HCL-ZINB,77,2022-12-14,0.09,0.09001001282344055,5124,123.0,0.5857142857142857,0.41428571428571426,0.09001001282344055,1.0668748373666406,6.507212557154009,0.5857142857142857,6.507212557154009,0.5857142857142857,210.0,0.04051172707889126,0.0778688524590164,1409.815859258465
our_vol4,Our vol4 STNPP-GAT-HCL-ZINB,77,2022-12-14,0.1,0.10000526990707397,5693,130.0,0.6190476190476191,0.38095238095238093,0.10000526990707397,1.014891582255011,6.190149975324752,0.6190476190476191,6.190149975324752,0.6190476190476191,210.0,0.04631501562212829,0.08852977340593711,1409.815859258465
our_vol4,Our vol4 STNPP-GAT-HCL-ZINB,78,2022-12-28,0.01,0.010012823440546666,570,45.0,0.21634615384615385,0.7836538461538461,0.010012823440546666,3.5087719298245617,21.606907894736842,0.21634615384615385,21.606907894736842,0.21634615384615385,208.0,0.035422343324250684,0.06842105263157895,700.2785923051196
our_vol4,Our vol4 STNPP-GAT-HCL-ZINB,78,2022-12-28,0.02,0.02000808052418009,1139,60.0,0.28846153846153844,0.7115384615384616,0.02000808052418009,2.341235001463272,14.417251975417033,0.28846153846153844,14.417251975417033,0.28846153846153844,208.0,0.024280575539568347,0.04741000877963126,700.2785923051196
our_vol4,Our vol4 STNPP-GAT-HCL-ZINB,78,2022-12-28,0.03,0.030003337607813516,1708,70.0,0.33653846153846156,0.6634615384615384,0.030003337607813516,1.8214936247723132,11.216700819672132,0.33653846153846156,11.216700819672132,0.33653846153846156,208.0,0.024287856071964018,0.04742388758782201,700.2785923051196
our_vol4,Our vol4 STNPP-GAT-HCL-ZINB,78,2022-12-28,0.04,0.04001616104836018,2278,78.0,0.375,0.625,0.04001616104836018,1.5218027509511267,9.371213784021071,0.375,9.371213784021071,0.375,208.0,0.022671156004489337,0.04433713784021071,700.2785923051196
our_vol4,Our vol4 STNPP-GAT-HCL-ZINB,78,2022-12-28,0.05,0.050011418131993605,2847,85.0,0.40865384615384615,0.5913461538461539,0.050011418131993605,1.3269328337821487,8.171210923779416,0.40865384615384615,8.171210923779416,0.40865384615384615,208.0,0.02189519023689878,0.04285212504390586,700.2785923051196
our_vol4,Our vol4 STNPP-GAT-HCL-ZINB,78,2022-12-28,0.06,0.06000667521562703,3416,94.0,0.4519230769230769,0.5480769230769231,0.06000667521562703,1.2230028623471247,7.531213407494145,0.4519230769230769,7.531213407494145,0.4519230769230769,208.0,0.025210084033613446,0.04918032786885246,700.2785923051196
our_vol4,Our vol4 STNPP-GAT-HCL-ZINB,78,2022-12-28,0.07,0.07000193229926045,3985,101.0,0.4855769230769231,0.5144230769230769,0.07000193229926045,1.1264463962080022,6.936621706398997,0.4855769230769231,6.936621706398997,0.4855769230769231,208.0,0.027061855670103094,0.05269761606022585,700.2785923051196
our_vol4,Our vol4 STNPP-GAT-HCL-ZINB,78,2022-12-28,0.08,0.08001475573980713,4555,103.0,0.4951923076923077,0.5048076923076923,0.08001475573980713,1.0050006098304671,6.188762349066959,0.4951923076923077,6.188762349066959,0.4951923076923077,208.0,0.02972759127387815,0.05773874862788145,700.2785923051196
our_vol4,Our vol4 STNPP-GAT-HCL-ZINB,78,2022-12-28,0.09,0.09001001282344055,5124,113.0,0.5432692307692307,0.4567307692307693,0.09001001282344055,0.9801370457108162,6.035653298204527,0.5432692307692307,6.035653298204527,0.5432692307692307,208.0,0.035988677719369186,0.06947697111631537,700.2785923051196
our_vol4,Our vol4 STNPP-GAT-HCL-ZINB,78,2022-12-28,0.1,0.10000526990707397,5693,115.0,0.5528846153846154,0.4471153846153846,0.10000526990707397,0.8977887073794328,5.528554804145442,0.5528846153846154,5.528554804145442,0.5528846153846154,208.0,0.043534048208230224,0.08343579834884947,700.2785923051196
our_vol4,Our vol4 STNPP-GAT-HCL-ZINB,79,2023-01-11,0.01,0.010012823440546666,570,29.0,0.13744075829383887,0.8625592417061612,0.010012823440546666,2.261208576998051,13.72647376735678,0.13744075829383887,13.72647376735678,0.13744075829383887,211.0,0.02242152466367713,0.043859649122807015,1095.2863580262224
our_vol4,Our vol4 STNPP-GAT-HCL-ZINB,79,2023-01-11,0.02,0.02000808052418009,1139,50.0,0.23696682464454977,0.7630331753554502,0.02000808052418009,1.9510291678860598,11.843556125145115,0.23696682464454977,11.843556125145115,0.23696682464454977,211.0,0.019695613249776187,0.038630377524143986,1095.2863580262224
our_vol4,Our vol4 STNPP-GAT-HCL-ZINB,79,2023-01-11,0.03,0.030003337607813516,1708,70.0,0.33175355450236965,0.6682464454976303,0.030003337607813516,1.8214936247723132,11.057221661098593,0.33175355450236965,11.057221661098593,0.33175355450236965,211.0,0.024902490249024904,0.04859484777517564,1095.2863580262224
our_vol4,Our vol4 STNPP-GAT-HCL-ZINB,79,2023-01-11,0.04,0.04001616104836018,2278,88.0,0.41706161137440756,0.5829383886255924,0.04001616104836018,1.7169056677397325,10.4223293901277,0.41706161137440756,10.4223293901277,0.41706161137440756,211.0,0.025664115263394866,0.05004389815627744,1095.2863580262224
our_vol4,Our vol4 STNPP-GAT-HCL-ZINB,79,2023-01-11,0.05,0.050011418131993605,2847,101.0,0.4786729857819905,0.5213270142180095,0.050011418131993605,1.5767084260234945,9.571273994243546,0.4786729857819905,9.571273994243546,0.4786729857819905,211.0,0.025207057976233346,0.04917456972251493,1095.2863580262224
our_vol4,Our vol4 STNPP-GAT-HCL-ZINB,79,2023-01-11,0.06,0.06000667521562703,3416,117.0,0.5545023696682464,0.4454976303317536,0.06000667521562703,1.5222482435597189,9.240678102489538,0.5545023696682464,9.240678102489538,0.5545023696682464,211.0,0.028760728805902726,0.05591334894613583,1095.2863580262224
our_vol4,Our vol4 STNPP-GAT-HCL-ZINB,79,2023-01-11,0.07,0.07000193229926045,3985,122.0,0.5781990521327014,0.4218009478672986,0.07000193229926045,1.3606580231423395,8.25975845439355,0.5781990521327014,8.25975845439355,0.5781990521327014,211.0,0.028918151303898788,0.056210790464240906,1095.2863580262224
our_vol4,Our vol4 STNPP-GAT-HCL-ZINB,79,2023-01-11,0.08,0.08001475573980713,4555,129.0,0.6113744075829384,0.3886255924170616,0.08001475573980713,1.2586900841566044,7.640770779467383,0.6113744075829384,7.640770779467383,0.6113744075829384,211.0,0.033465683494044246,0.06476399560922064,1095.2863580262224
our_vol4,Our vol4 STNPP-GAT-HCL-ZINB,79,2023-01-11,0.09,0.09001001282344055,5124,133.0,0.6303317535545023,0.3696682464454977,0.09001001282344055,1.153612629022465,7.002907052029109,0.6303317535545023,7.002907052029109,0.6303317535545023,211.0,0.037456975096173316,0.07220921155347385,1095.2863580262224
our_vol4,Our vol4 STNPP-GAT-HCL-ZINB,79,2023-01-11,0.1,0.10000526990707397,5693,138.0,0.6540284360189573,0.3459715639810427,0.10000526990707397,1.0773464488553195,6.539939711444087,0.6540284360189573,6.539939711444087,0.6540284360189573,211.0,0.04593055300385817,0.08782715615668364,1095.2863580262224
our_vol4,Our vol4 STNPP-GAT-HCL-ZINB,80,2023-01-25,0.01,0.010012823440546666,570,45.0,0.20089285714285715,0.7991071428571428,0.010012823440546666,3.5087719298245617,20.063557330827066,0.20089285714285715,20.063557330827066,0.20089285714285715,224.0,0.033544877606527655,0.06491228070175438,1152.4798225285163
our_vol4,Our vol4 STNPP-GAT-HCL-ZINB,80,2023-01-25,0.02,0.02000808052418009,1139,64.0,0.2857142857142857,0.7142857142857143,0.02000808052418009,2.4973173348941566,14.279944813746393,0.2857142857142857,14.279944813746393,0.2857142857142857,224.0,0.026126126126126126,0.050921861281826165,1152.4798225285163
our_vol4,Our vol4 STNPP-GAT-HCL-ZINB,80,2023-01-25,0.03,0.030003337607813516,1708,77.0,0.34375,0.65625,0.030003337607813516,2.0036429872495445,11.457058694379391,0.34375,11.457058694379391,0.34375,224.0,0.029846246608381068,0.057962529274004686,1152.4798225285163
our_vol4,Our vol4 STNPP-GAT-HCL-ZINB,80,2023-01-25,0.04,0.04001616104836018,2278,86.0,0.38392857142857145,0.6160714285714286,0.04001616104836018,1.6778850843820114,9.59433792173586,0.38392857142857145,9.59433792173586,0.38392857142857145,224.0,0.027978339350180504,0.05443371378402107,1152.4798225285163
our_vol4,Our vol4 STNPP-GAT-HCL-ZINB,80,2023-01-25,0.05,0.050011418131993605,2847,94.0,0.41964285714285715,0.5803571428571428,0.050011418131993605,1.4674316044179057,8.390940965427268,0.41964285714285715,8.390940965427268,0.41964285714285715,224.0,0.026685899747565814,0.05198454513523006,1152.4798225285163
our_vol4,Our vol4 STNPP-GAT-HCL-ZINB,80,2023-01-25,0.06,0.06000667521562703,3416,105.0,0.46875,0.53125,0.06000667521562703,1.366120218579235,7.811630927985949,0.46875,7.811630927985949,0.46875,224.0,0.029846246608381068,0.057962529274004686,1152.4798225285163
our_vol4,Our vol4 STNPP-GAT-HCL-ZINB,80,2023-01-25,0.07,0.07000193229926045,3985,115.0,0.5133928571428571,0.4866071428571429,0.07000193229926045,1.2825874808308937,7.333981224233733,0.5133928571428571,7.333981224233733,0.5133928571428571,224.0,0.030781169167097777,0.05972396486825596,1152.4798225285163
our_vol4,Our vol4 STNPP-GAT-HCL-ZINB,80,2023-01-25,0.08,0.08001475573980713,4555,119.0,0.53125,0.46875,0.08001475573980713,1.1611172094157824,6.639400384193194,0.53125,6.639400384193194,0.53125,224.0,0.03393485415957326,0.06564215148188804,1152.4798225285163
our_vol4,Our vol4 STNPP-GAT-HCL-ZINB,80,2023-01-25,0.09,0.09001001282344055,5124,128.0,0.5714285714285714,0.4285714285714286,0.09001001282344055,1.1102437331945527,6.348500055760008,0.5714285714285714,6.348500055760008,0.5714285714285714,224.0,0.0387188323535374,0.07455113192818111,1152.4798225285163
our_vol4,Our vol4 STNPP-GAT-HCL-ZINB,80,2023-01-25,0.1,0.10000526990707397,5693,132.0,0.5892857142857143,0.4107142857142857,0.10000526990707397,1.030505298905088,5.892546611126447,0.5892857142857143,5.892546611126447,0.5892857142857143,224.0,0.044395523757108785,0.08501668715966977,1152.4798225285163
our_vol4,Our vol4 STNPP-GAT-HCL-ZINB,81,2023-02-08,0.01,0.010012823440546666,570,39.0,0.2074468085106383,0.7925531914893618,0.010012823440546666,3.04093567251462,20.718113101903693,0.2074468085106383,20.718113101903693,0.2074468085106383,188.0,0.03260869565217391,0.06315789473684211,1461.7061679844371
our_vol4,Our vol4 STNPP-GAT-HCL-ZINB,81,2023-02-08,0.02,0.02000808052418009,1139,51.0,0.2712765957446808,0.7287234042553192,0.02000808052418009,1.990049751243781,13.558351857732614,0.2712765957446808,13.558351857732614,0.2712765957446808,188.0,0.02244165170556553,0.043898156277436345,1461.7061679844371
our_vol4,Our vol4 STNPP-GAT-HCL-ZINB,81,2023-02-08,0.03,0.030003337607813516,1708,60.0,0.3191489361702128,0.6808510638297872,0.030003337607813516,1.56128024980484,10.637114455129803,0.3191489361702128,10.637114455129803,0.3191489361702128,188.0,0.025210084033613446,0.04918032786885246,1461.7061679844371
our_vol4,Our vol4 STNPP-GAT-HCL-ZINB,81,2023-02-08,0.04,0.04001616104836018,2278,71.0,0.3776595744680851,0.6223404255319149,0.04001616104836018,1.3852307091991025,9.437676293127604,0.3776595744680851,9.437676293127604,0.3776595744680851,188.0,0.024280575539568347,0.04741000877963126,1461.7061679844371
our_vol4,Our vol4 STNPP-GAT-HCL-ZINB,81,2023-02-08,0.05,0.050011418131993605,2847,76.0,0.40425531914893614,0.5957446808510638,0.050011418131993605,1.1864340631463919,8.083260468279413,0.40425531914893614,8.083260468279413,0.40425531914893614,188.0,0.024284943335132217,0.04741833508956796,1461.7061679844371
our_vol4,Our vol4 STNPP-GAT-HCL-ZINB,81,2023-02-08,0.06,0.06000667521562703,3416,85.0,0.4521276595744681,0.5478723404255319,0.06000667521562703,1.1059068436117616,7.534622739050277,0.4521276595744681,7.534622739050277,0.4521276595744681,188.0,0.027213952789054276,0.05298594847775176,1461.7061679844371
our_vol4,Our vol4 STNPP-GAT-HCL-ZINB,81,2023-02-08,0.07,0.07000193229926045,3985,91.0,0.48404255319148937,0.5159574468085106,0.07000193229926045,1.014917050048794,6.91470274166422,0.48404255319148937,6.91470274166422,0.48404255319148937,188.0,0.02838709677419355,0.05520702634880803,1461.7061679844371
our_vol4,Our vol4 STNPP-GAT-HCL-ZINB,81,2023-02-08,0.08,0.08001475573980713,4555,95.0,0.5053191489361702,0.49468085106382975,0.08001475573980713,0.9269423100378095,6.315324520634328,0.5053191489361702,6.315324520634328,0.5053191489361702,188.0,0.03194381513366561,0.061909989023051594,1461.7061679844371
our_vol4,Our vol4 STNPP-GAT-HCL-ZINB,81,2023-02-08,0.09,0.09001001282344055,5124,101.0,0.5372340425531915,0.4627659574468085,0.09001001282344055,0.8760516957238268,5.968603110933945,0.5372340425531915,5.968603110933945,0.5372340425531915,188.0,0.036827195467422094,0.07103825136612021,1461.7061679844371
our_vol4,Our vol4 STNPP-GAT-HCL-ZINB,81,2023-02-08,0.1,0.10000526990707397,5693,105.0,0.5585106382978723,0.4414893617021277,0.10000526990707397,0.8197201241290474,5.584812068572454,0.5585106382978723,5.584812068572454,0.5585106382978723,188.0,0.04391675071055286,0.08413841559810294,1461.7061679844371
our_vol4,Our vol4 STNPP-GAT-HCL-ZINB,82,2023-02-22,0.01,0.010012823440546666,570,35.0,0.17412935323383086,0.8258706467661692,0.010012823440546666,2.7290448343079925,17.39063454656542,0.17412935323383086,17.39063454656542,0.17412935323383086,201.0,0.02981029810298103,0.05789473684210526,1199.143202576354
our_vol4,Our vol4 STNPP-GAT-HCL-ZINB,82,2023-02-22,0.02,0.02000808052418009,1139,50.0,0.24875621890547264,0.7512437810945274,0.02000808052418009,1.9510291678860598,12.432787773162284,0.24875621890547264,12.432787773162284,0.24875621890547264,201.0,0.021982951996410947,0.04302019315188762,1199.143202576354
our_vol4,Our vol4 STNPP-GAT-HCL-ZINB,82,2023-02-22,0.03,0.030003337607813516,1708,60.0,0.29850746268656714,0.7014925373134329,0.030003337607813516,1.56128024980484,9.949141878429863,0.29850746268656714,9.949141878429863,0.29850746268656714,201.0,0.023060796645702306,0.045081967213114756,1199.143202576354
our_vol4,Our vol4 STNPP-GAT-HCL-ZINB,82,2023-02-22,0.04,0.04001616104836018,2278,66.0,0.3283582089552239,0.6716417910447761,0.04001616104836018,1.2876792508047994,8.205639930287107,0.3283582089552239,8.205639930287107,0.3283582089552239,201.0,0.02244165170556553,0.043898156277436345,1199.143202576354
our_vol4,Our vol4 STNPP-GAT-HCL-ZINB,82,2023-02-22,0.05,0.050011418131993605,2847,71.0,0.35323383084577115,0.6467661691542288,0.050011418131993605,1.1083791905709712,7.0630636770485475,0.35323383084577115,7.0630636770485475,0.35323383084577115,201.0,0.02244568145088885,0.04390586582367404,1199.143202576354
our_vol4,Our vol4 STNPP-GAT-HCL-ZINB,82,2023-02-22,0.06,0.06000667521562703,3416,83.0,0.4129353233830846,0.5870646766169154,0.06000667521562703,1.0798855061150143,6.881489799247323,0.4129353233830846,6.881489799247323,0.4129353233830846,201.0,0.026288117770767613,0.05122950819672131,1199.143202576354
our_vol4,Our vol4 STNPP-GAT-HCL-ZINB,82,2023-02-22,0.07,0.07000193229926045,3985,94.0,0.46766169154228854,0.5323383084577115,0.07000193229926045,1.0483758538965566,6.680696891951785,0.46766169154228854,6.680696891951785,0.46766169154228854,201.0,0.028519809007613885,0.05545796737766625,1199.143202576354
our_vol4,Our vol4 STNPP-GAT-HCL-ZINB,82,2023-02-22,0.08,0.08001475573980713,4555,105.0,0.5223880597014925,0.4776119402985075,0.08001475573980713,1.0245151847786316,6.5286465586447555,0.5223880597014925,6.5286465586447555,0.5223880597014925,201.0,0.03323125779743677,0.06432491767288694,1199.143202576354
our_vol4,Our vol4 STNPP-GAT-HCL-ZINB,82,2023-02-22,0.09,0.09001001282344055,5124,112.0,0.5572139303482587,0.4427860696517413,0.09001001282344055,0.9714632665452337,6.190577168800805,0.5572139303482587,6.190577168800805,0.5572139303482587,201.0,0.0387188323535374,0.07455113192818111,1199.143202576354
our_vol4,Our vol4 STNPP-GAT-HCL-ZINB,82,2023-02-22,0.1,0.10000526990707397,5693,118.0,0.5870646766169154,0.4129353233830846,0.10000526990707397,0.9212092823545485,5.87033740484299,0.5870646766169154,5.87033740484299,0.5870646766169154,201.0,0.04621887347238813,0.08835411909362374,1199.143202576354
our_vol4,Our vol4 STNPP-GAT-HCL-ZINB,83,2023-03-08,0.01,0.010012823440546666,570,25.0,0.13513513513513514,0.8648648648648649,0.010012823440546666,1.9493177387914231,13.496206733048838,0.13513513513513514,13.496206733048838,0.13513513513513514,185.0,0.02242152466367713,0.043859649122807015,992.4827515221465
our_vol4,Our vol4 STNPP-GAT-HCL-ZINB,83,2023-03-08,0.02,0.02000808052418009,1139,33.0,0.1783783783783784,0.8216216216216217,0.02000808052418009,1.2876792508047994,8.915316897230857,0.1783783783783784,8.915316897230857,0.1783783783783784,185.0,0.01560410164957646,0.030728709394205442,992.4827515221465
our_vol4,Our vol4 STNPP-GAT-HCL-ZINB,83,2023-03-08,0.03,0.030003337607813516,1708,47.0,0.25405405405405407,0.7459459459459459,0.030003337607813516,1.2230028623471247,8.467526425723147,0.25405405405405407,8.467526425723147,0.25405405405405407,185.0,0.02092050209205021,0.040983606557377046,992.4827515221465
our_vol4,Our vol4 STNPP-GAT-HCL-ZINB,83,2023-03-08,0.04,0.04001616104836018,2278,58.0,0.31351351351351353,0.6864864864864865,0.04001616104836018,1.1315969173739147,7.834672424839239,0.31351351351351353,7.834672424839239,0.31351351351351353,185.0,0.021524663677130046,0.04214223002633889,992.4827515221465
our_vol4,Our vol4 STNPP-GAT-HCL-ZINB,83,2023-03-08,0.05,0.050011418131993605,2847,67.0,0.3621621621621622,0.6378378378378378,0.050011418131993605,1.0459352925106349,7.24158953474022,0.3621621621621622,7.24158953474022,0.3621621621621622,185.0,0.02207862143241788,0.04320337197049526,992.4827515221465
our_vol4,Our vol4 STNPP-GAT-HCL-ZINB,83,2023-03-08,0.06,0.06000667521562703,3416,72.0,0.3891891891891892,0.6108108108108108,0.06000667521562703,0.936768149882904,6.485764921830496,0.3891891891891892,6.485764921830496,0.3891891891891892,185.0,0.025056264066016503,0.04888758782201405,992.4827515221465
our_vol4,Our vol4 STNPP-GAT-HCL-ZINB,83,2023-03-08,0.07,0.07000193229926045,3985,74.0,0.4,0.6,0.07000193229926045,0.8253171615781403,5.714127979924719,0.4,5.714127979924719,0.4,185.0,0.026664949117609173,0.05194479297365119,992.4827515221465
our_vol4,Our vol4 STNPP-GAT-HCL-ZINB,83,2023-03-08,0.08,0.08001475573980713,4555,83.0,0.4486486486486487,0.5513513513513513,0.08001475573980713,0.809854860348823,5.607073901563473,0.4486486486486487,5.607073901563473,0.4486486486486487,185.0,0.03182693396760675,0.06169045005488474,992.4827515221465
our_vol4,Our vol4 STNPP-GAT-HCL-ZINB,83,2023-03-08,0.09,0.09001001282344055,5124,88.0,0.4756756756756757,0.5243243243243243,0.09001001282344055,0.7632925665712551,5.284697343713737,0.4756756756756757,5.284697343713737,0.4756756756756757,185.0,0.03735195870027331,0.07201405152224824,992.4827515221465
our_vol4,Our vol4 STNPP-GAT-HCL-ZINB,83,2023-03-08,0.1,0.10000526990707397,5693,92.0,0.4972972972972973,0.5027027027027027,0.10000526990707397,0.7182309659035463,4.9727109157286575,0.4972972972972973,4.9727109157286575,0.4972972972972973,185.0,0.04545037186667891,0.08694888459511681,992.4827515221465
our_vol4,Our vol4 STNPP-GAT-HCL-ZINB,84,2023-03-22,0.01,0.010012823440546666,570,31.0,0.1631578947368421,0.8368421052631578,0.010012823440546666,2.417153996101365,16.29489381348107,0.1631578947368421,16.29489381348107,0.1631578947368421,190.0,0.027953110910730387,0.054385964912280704,944.412668457718
our_vol4,Our vol4 STNPP-GAT-HCL-ZINB,84,2023-03-22,0.02,0.02000808052418009,1139,46.0,0.24210526315789474,0.7578947368421053,0.02000808052418009,1.794946834455175,12.100374289542998,0.24210526315789474,12.100374289542998,0.24210526315789474,190.0,0.021524663677130046,0.04214223002633889,944.412668457718
our_vol4,Our vol4 STNPP-GAT-HCL-ZINB,84,2023-03-22,0.03,0.030003337607813516,1708,61.0,0.32105263157894737,0.6789473684210526,0.030003337607813516,1.5873015873015872,10.700563909774436,0.32105263157894737,10.700563909774436,0.32105263157894737,190.0,0.024287856071964018,0.04742388758782201,944.412668457718
our_vol4,Our vol4 STNPP-GAT-HCL-ZINB,84,2023-03-22,0.04,0.04001616104836018,2278,75.0,0.39473684210526316,0.6052631578947368,0.04001616104836018,1.4632718759145449,9.864435562127444,0.39473684210526316,9.864435562127444,0.39473684210526316,190.0,0.024741340530814216,0.048287971905179985,944.412668457718
our_vol4,Our vol4 STNPP-GAT-HCL-ZINB,84,2023-03-22,0.05,0.050011418131993605,2847,83.0,0.4368421052631579,0.5631578947368421,0.050011418131993605,1.2957108847519805,8.734847392453737,0.4368421052631579,8.734847392453737,0.4368421052631579,190.0,0.025022502250225023,0.048823322795925536,944.412668457718
our_vol4,Our vol4 STNPP-GAT-HCL-ZINB,84,2023-03-22,0.06,0.06000667521562703,3416,91.0,0.4789473684210526,0.5210526315789474,0.06000667521562703,1.1839708561020037,7.9815681622088,0.4789473684210526,7.9815681622088,0.4789473684210526,190.0,0.028141459744168547,0.0547423887587822,944.412668457718
our_vol4,Our vol4 STNPP-GAT-HCL-ZINB,84,2023-03-22,0.07,0.07000193229926045,3985,101.0,0.531578947368421,0.46842105263157896,0.07000193229926045,1.1264463962080022,7.5937753417420595,0.531578947368421,7.5937753417420595,0.531578947368421,190.0,0.030381383322559793,0.05897114178168131,944.412668457718
our_vol4,Our vol4 STNPP-GAT-HCL-ZINB,84,2023-03-22,0.08,0.08001475573980713,4555,111.0,0.5842105263157895,0.4157894736842105,0.08001475573980713,1.083058909623125,7.301284880697903,0.5842105263157895,7.301284880697903,0.5842105263157895,190.0,0.035698044565711684,0.06893523600439078,944.412668457718
our_vol4,Our vol4 STNPP-GAT-HCL-ZINB,84,2023-03-22,0.09,0.09001001282344055,5124,120.0,0.631578947368421,0.368421052631579,0.09001001282344055,1.0408534998698933,7.016763219524219,0.631578947368421,7.016763219524219,0.631578947368421,190.0,0.04114599207558671,0.07903981264637003,944.412668457718
our_vol4,Our vol4 STNPP-GAT-HCL-ZINB,84,2023-03-22,0.1,0.10000526990707397,5693,124.0,0.6526315789473685,0.34736842105263155,0.10000526990707397,0.9680504323047797,6.525971876820103,0.6526315789473685,6.525971876820103,0.6526315789473685,190.0,0.047855696668507273,0.091340242402951,944.412668457718
our_vol4,Our vol4 STNPP-GAT-HCL-ZINB,85,2023-04-05,0.01,0.010012823440546666,570,33.0,0.1907514450867052,0.8092485549132948,0.010012823440546666,2.5730994152046787,19.0507149376331,0.1907514450867052,19.0507149376331,0.1907514450867052,173.0,0.027953110910730387,0.054385964912280704,867.7482171937311
our_vol4,Our vol4 STNPP-GAT-HCL-ZINB,85,2023-04-05,0.02,0.02000808052418009,1139,47.0,0.27167630057803466,0.7283236994219653,0.02000808052418009,1.8339674178128962,13.578329028099894,0.27167630057803466,13.578329028099894,0.27167630057803466,173.0,0.02060931899641577,0.04038630377524144,867.7482171937311
our_vol4,Our vol4 STNPP-GAT-HCL-ZINB,85,2023-04-05,0.03,0.030003337607813516,1708,58.0,0.3352601156069364,0.6647398843930636,0.030003337607813516,1.5092375748113454,11.1740940287799,0.3352601156069364,11.1740940287799,0.3352601156069364,173.0,0.022754491017964073,0.04449648711943794,867.7482171937311
our_vol4,Our vol4 STNPP-GAT-HCL-ZINB,85,2023-04-05,0.04,0.04001616104836018,2278,64.0,0.3699421965317919,0.630057803468208,0.04001616104836018,1.2486586674470783,9.244819763812695,0.3699421965317919,9.244819763812695,0.3699421965317919,173.0,0.02221225039264079,0.043459174714661986,867.7482171937311
our_vol4,Our vol4 STNPP-GAT-HCL-ZINB,85,2023-04-05,0.05,0.050011418131993605,2847,73.0,0.42196531791907516,0.5780346820809248,0.050011418131993605,1.1396011396011396,8.437379576107901,0.42196531791907516,8.437379576107901,0.42196531791907516,173.0,0.022996766079770033,0.04495960660344222,867.7482171937311
our_vol4,Our vol4 STNPP-GAT-HCL-ZINB,85,2023-04-05,0.06,0.06000667521562703,3416,82.0,0.47398843930635837,0.5260115606936416,0.06000667521562703,1.0668748373666406,7.898928537585791,0.47398843930635837,7.898928537585791,0.47398843930635837,173.0,0.025056264066016503,0.04888758782201405,867.7482171937311
our_vol4,Our vol4 STNPP-GAT-HCL-ZINB,85,2023-04-05,0.07,0.07000193229926045,3985,87.0,0.5028901734104047,0.49710982658959535,0.07000193229926045,0.9703053115851109,7.183947026783967,0.5028901734104047,7.183947026783967,0.5028901734104047,173.0,0.02958274124790079,0.057465495608531994,867.7482171937311
our_vol4,Our vol4 STNPP-GAT-HCL-ZINB,85,2023-04-05,0.08,0.08001475573980713,4555,92.0,0.5317919075144508,0.4682080924855492,0.08001475573980713,0.8976704476155629,6.646172978940755,0.5317919075144508,6.646172978940755,0.5317919075144508,173.0,0.032879818594104306,0.06366630076838639,867.7482171937311
our_vol4,Our vol4 STNPP-GAT-HCL-ZINB,85,2023-04-05,0.09,0.09001001282344055,5124,96.0,0.5549132947976878,0.4450867052023122,0.09001001282344055,0.8326827998959146,6.16501739518891,0.5549132947976878,6.16501739518891,0.5549132947976878,173.0,0.04082876294942109,0.07845433255269321,867.7482171937311
our_vol4,Our vol4 STNPP-GAT-HCL-ZINB,85,2023-04-05,0.1,0.10000526990707397,5693,106.0,0.6127167630057804,0.3872832369942196,0.10000526990707397,0.827526982454086,6.126844751032858,0.6127167630057804,6.126844751032858,0.6127167630057804,173.0,0.04679599154178542,0.08940804496750396,867.7482171937311
our_vol4,Our vol4 STNPP-GAT-HCL-ZINB,86,2023-04-19,0.01,0.010012823440546666,570,31.0,0.14622641509433962,0.8537735849056604,0.010012823440546666,2.417153996101365,14.603914266799071,0.14622641509433962,14.603914266799071,0.14622641509433962,212.0,0.026102610261026102,0.05087719298245614,718.3494488812796
our_vol4,Our vol4 STNPP-GAT-HCL-ZINB,86,2023-04-19,0.02,0.02000808052418009,1139,49.0,0.23113207547169812,0.7688679245283019,0.02000808052418009,1.9120085845283386,11.551936488478805,0.23113207547169812,11.551936488478805,0.23113207547169812,212.0,0.021982951996410947,0.04302019315188762,718.3494488812796
our_vol4,Our vol4 STNPP-GAT-HCL-ZINB,86,2023-04-19,0.03,0.030003337607813516,1708,63.0,0.2971698113207547,0.7028301886792453,0.030003337607813516,1.639344262295082,9.904558459635012,0.2971698113207547,9.904558459635012,0.2971698113207547,212.0,0.025517862503752625,0.049765807962529274,718.3494488812796
our_vol4,Our vol4 STNPP-GAT-HCL-ZINB,86,2023-04-19,0.04,0.04001616104836018,2278,76.0,0.3584905660377358,0.6415094339622642,0.04001616104836018,1.4827821675934054,8.958644623718257,0.3584905660377358,8.958644623718257,0.3584905660377358,212.0,0.025895068678225625,0.0504828797190518,718.3494488812796
our_vol4,Our vol4 STNPP-GAT-HCL-ZINB,86,2023-04-19,0.05,0.050011418131993605,2847,93.0,0.4386792452830189,0.5613207547169812,0.050011418131993605,1.4518206299028216,8.771581804083743,0.4386792452830189,8.771581804083743,0.4386792452830189,212.0,0.027056277056277056,0.05268703898840885,718.3494488812796
our_vol4,Our vol4 STNPP-GAT-HCL-ZINB,86,2023-04-19,0.06,0.06000667521562703,3416,101.0,0.47641509433962265,0.5235849056603774,0.06000667521562703,1.3140775435857404,7.939368289072511,0.47641509433962265,7.939368289072511,0.47641509433962265,212.0,0.029846246608381068,0.057962529274004686,718.3494488812796
our_vol4,Our vol4 STNPP-GAT-HCL-ZINB,86,2023-04-19,0.07,0.07000193229926045,3985,107.0,0.5047169811320755,0.4952830188679245,0.07000193229926045,1.1933640039035271,7.210043559574822,0.5047169811320755,7.210043559574822,0.5047169811320755,212.0,0.03278476091745497,0.06348808030112923,718.3494488812796
our_vol4,Our vol4 STNPP-GAT-HCL-ZINB,86,2023-04-19,0.08,0.08001475573980713,4555,112.0,0.5283018867924528,0.4716981132075472,0.08001475573980713,1.092816197097207,6.602555764969036,0.5283018867924528,6.602555764969036,0.5283018867924528,212.0,0.036169244767970885,0.06981339187705818,718.3494488812796
our_vol4,Our vol4 STNPP-GAT-HCL-ZINB,86,2023-04-19,0.09,0.09001001282344055,5124,120.0,0.5660377358490566,0.4339622641509434,0.09001001282344055,1.0408534998698933,6.288608545800009,0.5660377358490566,6.288608545800009,0.5660377358490566,212.0,0.04252288911495422,0.08157689305230288,718.3494488812796
our_vol4,Our vol4 STNPP-GAT-HCL-ZINB,86,2023-04-19,0.1,0.10000526990707397,5693,126.0,0.5943396226415094,0.4056603773584906,0.10000526990707397,0.9836641489548569,5.943083031462008,0.5943396226415094,5.943083031462008,0.5943396226415094,212.0,0.04775927118800037,0.09116458809063763,718.3494488812796
our_vol4,Our vol4 STNPP-GAT-HCL-ZINB,87,2023-05-03,0.01,0.010012823440546666,570,28.0,0.1794871794871795,0.8205128205128205,0.010012823440546666,2.183235867446394,17.925730994152044,0.1794871794871795,17.925730994152044,0.1794871794871795,156.0,0.026102610261026102,0.05087719298245614,2243.85772110149
our_vol4,Our vol4 STNPP-GAT-HCL-ZINB,87,2023-05-03,0.02,0.02000808052418009,1139,42.0,0.2692307692307692,0.7307692307692308,0.02000808052418009,1.6388645010242902,13.456101843722564,0.2692307692307692,13.456101843722564,0.2692307692307692,156.0,0.020152261531571878,0.03950834064969271,2243.85772110149
our_vol4,Our vol4 STNPP-GAT-HCL-ZINB,87,2023-05-03,0.03,0.030003337607813516,1708,55.0,0.3525641025641026,0.6474358974358974,0.030003337607813516,1.4311735623211033,11.75082943013271,0.3525641025641026,11.75082943013271,0.3525641025641026,156.0,0.022448368751870697,0.043911007025761124,2243.85772110149
our_vol4,Our vol4 STNPP-GAT-HCL-ZINB,87,2023-05-03,0.04,0.04001616104836018,2278,58.0,0.3717948717948718,0.6282051282051282,0.04001616104836018,1.1315969173739147,9.2911179397132,0.3717948717948718,9.2911179397132,0.3717948717948718,156.0,0.020838001344387184,0.040825285338015806,2243.85772110149
our_vol4,Our vol4 STNPP-GAT-HCL-ZINB,87,2023-05-03,0.05,0.050011418131993605,2847,63.0,0.40384615384615385,0.5961538461538461,0.050011418131993605,0.9834913944502985,8.075079030558483,0.40384615384615385,8.075079030558483,0.40384615384615385,156.0,0.021345291479820627,0.04179838426413769,2243.85772110149
our_vol4,Our vol4 STNPP-GAT-HCL-ZINB,87,2023-05-03,0.06,0.06000667521562703,3416,68.0,0.4358974358974359,0.5641025641025641,0.06000667521562703,0.8847254748894093,7.264149102263857,0.4358974358974359,7.264149102263857,0.4358974358974359,156.0,0.026596543951915852,0.05181498829039813,2243.85772110149
our_vol4,Our vol4 STNPP-GAT-HCL-ZINB,87,2023-05-03,0.07,0.07000193229926045,3985,72.0,0.46153846153846156,0.5384615384615384,0.07000193229926045,0.8030112923462986,6.593224592220829,0.46153846153846156,6.593224592220829,0.46153846153846156,156.0,0.027591542031975246,0.053701380175658724,2243.85772110149
our_vol4,Our vol4 STNPP-GAT-HCL-ZINB,87,2023-05-03,0.08,0.08001475573980713,4555,81.0,0.5192307692307693,0.4807692307692307,0.08001475573980713,0.7903402854006586,6.489187705817783,0.5192307692307693,6.489187705817783,0.5192307692307693,156.0,0.03381752156150704,0.06542261251372118,2243.85772110149
our_vol4,Our vol4 STNPP-GAT-HCL-ZINB,87,2023-05-03,0.09,0.09001001282344055,5124,88.0,0.5641025641025641,0.4358974358974359,0.09001001282344055,0.7632925665712551,6.267109029404111,0.5641025641025641,6.267109029404111,0.5641025641025641,156.0,0.040194884287454324,0.07728337236533958,2243.85772110149
our_vol4,Our vol4 STNPP-GAT-HCL-ZINB,87,2023-05-03,0.1,0.10000526990707397,5693,91.0,0.5833333333333334,0.41666666666666663,0.10000526990707397,0.7104241075785077,5.833025938286785,0.5833333333333334,5.833025938286785,0.5833333333333334,156.0,0.04449133107054399,0.08519234147198314,2243.85772110149
our_vol4,Our vol4 STNPP-GAT-HCL-ZINB,88,2023-05-17,0.01,0.010012823440546666,570,30.0,0.16129032258064516,0.8387096774193549,0.010012823440546666,2.339181286549708,16.108375778155064,0.16129032258064516,16.108375778155064,0.16129032258064516,186.0,0.025179856115107913,0.04912280701754386,898.9394689969216
our_vol4,Our vol4 STNPP-GAT-HCL-ZINB,88,2023-05-17,0.02,0.02000808052418009,1139,43.0,0.23118279569892472,0.7688172043010753,0.02000808052418009,1.6778850843820114,11.554471475638884,0.23118279569892472,11.554471475638884,0.23118279569892472,186.0,0.01923937360178971,0.03775241439859526,898.9394689969216
our_vol4,Our vol4 STNPP-GAT-HCL-ZINB,88,2023-05-17,0.03,0.030003337607813516,1708,62.0,0.3333333333333333,0.6666666666666667,0.030003337607813516,1.6133229247983347,11.109875097580014,0.3333333333333333,11.109875097580014,0.3333333333333333,186.0,0.024287856071964018,0.04742388758782201,898.9394689969216
our_vol4,Our vol4 STNPP-GAT-HCL-ZINB,88,2023-05-17,0.04,0.04001616104836018,2278,68.0,0.3655913978494624,0.6344086021505376,0.04001616104836018,1.3266998341625207,9.13609372492377,0.3655913978494624,9.13609372492377,0.3655913978494624,186.0,0.022900763358778626,0.04477611940298507,898.9394689969216
our_vol4,Our vol4 STNPP-GAT-HCL-ZINB,88,2023-05-17,0.05,0.050011418131993605,2847,74.0,0.3978494623655914,0.6021505376344086,0.050011418131993605,1.1552121141162237,7.955172583100112,0.3978494623655914,7.955172583100112,0.3978494623655914,186.0,0.023180592991913745,0.045310853530031614,898.9394689969216
our_vol4,Our vol4 STNPP-GAT-HCL-ZINB,88,2023-05-17,0.06,0.06000667521562703,3416,78.0,0.41935483870967744,0.5806451612903225,0.06000667521562703,1.014832162373146,6.988469819445494,0.41935483870967744,6.988469819445494,0.41935483870967744,186.0,0.02736842105263158,0.05327868852459016,898.9394689969216
our_vol4,Our vol4 STNPP-GAT-HCL-ZINB,88,2023-05-17,0.07,0.07000193229926045,3985,82.0,0.44086021505376344,0.5591397849462365,0.07000193229926045,0.9145406385055068,6.297829225185845,0.44086021505376344,6.297829225185845,0.44086021505376344,186.0,0.02838709677419355,0.05520702634880803,898.9394689969216
our_vol4,Our vol4 STNPP-GAT-HCL-ZINB,88,2023-05-17,0.08,0.08001475573980713,4555,88.0,0.4731182795698925,0.5268817204301075,0.08001475573980713,0.858641297719234,5.9128878816850206,0.4731182795698925,5.9128878816850206,0.4731182795698925,186.0,0.033700215590604786,0.06520307354555434,898.9394689969216
our_vol4,Our vol4 STNPP-GAT-HCL-ZINB,88,2023-05-17,0.09,0.09001001282344055,5124,94.0,0.5053763440860215,0.4946236559139785,0.09001001282344055,0.8153352415647497,5.614668060067319,0.5053763440860215,5.614668060067319,0.5053763440860215,186.0,0.0387188323535374,0.07455113192818111,898.9394689969216
our_vol4,Our vol4 STNPP-GAT-HCL-ZINB,88,2023-05-17,0.1,0.10000526990707397,5693,102.0,0.5483870967741935,0.4516129032258065,0.10000526990707397,0.7962995491539318,5.483581988066839,0.5483870967741935,5.483581988066839,0.5483870967741935,186.0,0.04669976098547527,0.08923239065519059,898.9394689969216
our_vol4,Our vol4 STNPP-GAT-HCL-ZINB,89,2023-05-31,0.01,0.010012823440546666,570,43.0,0.22994652406417113,0.7700534759358288,0.010012823440546666,3.352826510721248,22.965203114738717,0.22994652406417113,22.965203114738717,0.22994652406417113,187.0,0.03636363636363636,0.07017543859649122,264.5979018885949
our_vol4,Our vol4 STNPP-GAT-HCL-ZINB,89,2023-05-31,0.02,0.02000808052418009,1139,65.0,0.34759358288770054,0.6524064171122994,0.02000808052418009,2.5363379182518777,17.372660134370616,0.34759358288770054,17.372660134370616,0.34759358288770054,187.0,0.027978339350180504,0.05443371378402107,264.5979018885949
our_vol4,Our vol4 STNPP-GAT-HCL-ZINB,89,2023-05-31,0.03,0.030003337607813516,1708,73.0,0.39037433155080214,0.6096256684491979,0.030003337607813516,1.8995576372625553,13.011030194492104,0.39037433155080214,13.011030194492104,0.39037433155080214,187.0,0.027059530968129887,0.05269320843091335,264.5979018885949
our_vol4,Our vol4 STNPP-GAT-HCL-ZINB,89,2023-05-31,0.04,0.04001616104836018,2278,78.0,0.41711229946524064,0.5828877005347594,0.04001616104836018,1.5218027509511267,10.423596080622369,0.41711229946524064,10.423596080622369,0.41711229946524064,187.0,0.02405034839289728,0.04697102721685689,264.5979018885949
our_vol4,Our vol4 STNPP-GAT-HCL-ZINB,89,2023-05-31,0.05,0.050011418131993605,2847,85.0,0.45454545454545453,0.5454545454545454,0.050011418131993605,1.3269328337821487,9.088833540888336,0.45454545454545453,9.088833540888336,0.45454545454545453,187.0,0.024838012958963283,0.04847207586933614,264.5979018885949
our_vol4,Our vol4 STNPP-GAT-HCL-ZINB,89,2023-05-31,0.06,0.06000667521562703,3416,89.0,0.47593582887700536,0.5240641711229946,0.06000667521562703,1.1579495186052564,7.931381419930118,0.47593582887700536,7.931381419930118,0.47593582887700536,187.0,0.02891566265060241,0.05620608899297424,264.5979018885949
our_vol4,Our vol4 STNPP-GAT-HCL-ZINB,89,2023-05-31,0.07,0.07000193229926045,3985,97.0,0.5187165775401069,0.4812834224598931,0.07000193229926045,1.081834657744319,7.410032273431786,0.5187165775401069,7.410032273431786,0.5187165775401069,187.0,0.030514610809412982,0.05922208281053953,264.5979018885949
our_vol4,Our vol4 STNPP-GAT-HCL-ZINB,89,2023-05-31,0.08,0.08001475573980713,4555,100.0,0.5347593582887701,0.4652406417112299,0.08001475573980713,0.9757287474082206,6.683259273173395,0.5347593582887701,6.683259273173395,0.5347593582887701,187.0,0.033114084826491266,0.06410537870472009,264.5979018885949
our_vol4,Our vol4 STNPP-GAT-HCL-ZINB,89,2023-05-31,0.09,0.09001001282344055,5124,106.0,0.5668449197860963,0.4331550802139037,0.09001001282344055,0.919420591551739,6.297576258521293,0.5668449197860963,6.297576258521293,0.5668449197860963,187.0,0.0387188323535374,0.07455113192818111,264.5979018885949
our_vol4,Our vol4 STNPP-GAT-HCL-ZINB,89,2023-05-31,0.1,0.10000526990707397,5693,111.0,0.5935828877005348,0.4064171122994652,0.10000526990707397,0.8665612740792786,5.935516080823528,0.5935828877005348,5.935516080823528,0.5935828877005348,187.0,0.045354388542049213,0.08677323028280344,264.5979018885949
our_vol4,Our vol4 STNPP-GAT-HCL-ZINB,90,2023-06-14,0.01,0.010012823440546666,570,36.0,0.20809248554913296,0.791907514450867,0.010012823440546666,2.8070175438596494,20.782598113781564,0.20809248554913296,20.782598113781564,0.20809248554913296,173.0,0.03167420814479638,0.06140350877192982,782.9517151625007
our_vol4,Our vol4 STNPP-GAT-HCL-ZINB,90,2023-06-14,0.02,0.02000808052418009,1139,46.0,0.2658959537572254,0.7341040462427746,0.02000808052418009,1.794946834455175,13.289428410480747,0.2658959537572254,13.289428410480747,0.2658959537572254,173.0,0.021524663677130046,0.04214223002633889,782.9517151625007
our_vol4,Our vol4 STNPP-GAT-HCL-ZINB,90,2023-06-14,0.03,0.030003337607813516,1708,61.0,0.35260115606936415,0.6473988439306358,0.030003337607813516,1.5873015873015872,11.75206440957886,0.35260115606936415,11.75206440957886,0.35260115606936415,173.0,0.023673958645489962,0.04625292740046839,782.9517151625007
our_vol4,Our vol4 STNPP-GAT-HCL-ZINB,90,2023-06-14,0.04,0.04001616104836018,2278,69.0,0.3988439306358382,0.6011560693641618,0.04001616104836018,1.3462101258413812,9.967071307860563,0.3988439306358382,9.967071307860563,0.3988439306358382,173.0,0.021524663677130046,0.04214223002633889,782.9517151625007
our_vol4,Our vol4 STNPP-GAT-HCL-ZINB,90,2023-06-14,0.05,0.050011418131993605,2847,73.0,0.42196531791907516,0.5780346820809248,0.050011418131993605,1.1396011396011396,8.437379576107901,0.42196531791907516,8.437379576107901,0.42196531791907516,173.0,0.022813005209268905,0.04460835967685283,782.9517151625007
our_vol4,Our vol4 STNPP-GAT-HCL-ZINB,90,2023-06-14,0.06,0.06000667521562703,3416,83.0,0.4797687861271676,0.5202312138728324,0.06000667521562703,1.0798855061150143,7.995256934385618,0.4797687861271676,7.995256934385618,0.4797687861271676,173.0,0.02613397416641634,0.050936768149882905,782.9517151625007
our_vol4,Our vol4 STNPP-GAT-HCL-ZINB,90,2023-06-14,0.07,0.07000193229926045,3985,91.0,0.5260115606936416,0.47398843930635837,0.07000193229926045,1.014917050048794,7.514243441808516,0.5260115606936416,7.514243441808516,0.5260115606936416,173.0,0.029051000645577793,0.056461731493099125,782.9517151625007
our_vol4,Our vol4 STNPP-GAT-HCL-ZINB,90,2023-06-14,0.08,0.08001475573980713,4555,93.0,0.5375722543352601,0.4624277456647399,0.08001475573980713,0.9074277350896451,6.718413989581417,0.5375722543352601,6.718413989581417,0.5375722543352601,173.0,0.03147644927536232,0.06103183315038419,782.9517151625007
our_vol4,Our vol4 STNPP-GAT-HCL-ZINB,90,2023-06-14,0.09,0.09001001282344055,5124,97.0,0.5606936416184971,0.4393063583815029,0.09001001282344055,0.8413565790614971,6.229236326388794,0.5606936416184971,6.229236326388794,0.5606936416184971,173.0,0.0387188323535374,0.07455113192818111,782.9517151625007
our_vol4,Our vol4 STNPP-GAT-HCL-ZINB,90,2023-06-14,0.1,0.10000526990707397,5693,103.0,0.5953757225433526,0.4046242774566474,0.10000526990707397,0.8041064074789702,5.953443484494192,0.5953757225433526,5.953443484494192,0.5953757225433526,173.0,0.04487473616591722,0.0858949587212366,782.9517151625007
our_vol4,Our vol4 STNPP-GAT-HCL-ZINB,91,2023-06-28,0.01,0.010012823440546666,570,26.0,0.1326530612244898,0.8673469387755102,0.010012823440546666,2.0272904483430803,13.248317221625491,0.1326530612244898,13.248317221625491,0.1326530612244898,196.0,0.02242152466367713,0.043859649122807015,1586.6853732518061
our_vol4,Our vol4 STNPP-GAT-HCL-ZINB,91,2023-06-28,0.02,0.02000808052418009,1139,39.0,0.1989795918367347,0.8010204081632653,0.02000808052418009,1.5218027509511267,9.94496156671624,0.1989795918367347,9.94496156671624,0.1989795918367347,196.0,0.018328118015198926,0.035996488147497806,1586.6853732518061
our_vol4,Our vol4 STNPP-GAT-HCL-ZINB,91,2023-06-28,0.03,0.030003337607813516,1708,53.0,0.27040816326530615,0.7295918367346939,0.030003337607813516,1.3791308873276087,9.012602757730727,0.27040816326530615,9.012602757730727,0.27040816326530615,196.0,0.02092050209205021,0.040983606557377046,1586.6853732518061
our_vol4,Our vol4 STNPP-GAT-HCL-ZINB,91,2023-06-28,0.04,0.04001616104836018,2278,63.0,0.32142857142857145,0.6785714285714286,0.04001616104836018,1.2291483757682178,8.032468957732348,0.32142857142857145,8.032468957732348,0.32142857142857145,196.0,0.02244165170556553,0.043898156277436345,1586.6853732518061
our_vol4,Our vol4 STNPP-GAT-HCL-ZINB,91,2023-06-28,0.05,0.050011418131993605,2847,79.0,0.4030612244897959,0.596938775510204,0.050011418131993605,1.2332669866916441,8.059384027583636,0.4030612244897959,8.059384027583636,0.4030612244897959,196.0,0.024653590066582687,0.04812082894274675,1586.6853732518061
our_vol4,Our vol4 STNPP-GAT-HCL-ZINB,91,2023-06-28,0.06,0.06000667521562703,3416,83.0,0.42346938775510207,0.5765306122448979,0.06000667521562703,1.0798855061150143,7.057038008411796,0.42346938775510207,7.057038008411796,0.42346938775510207,196.0,0.02736842105263158,0.05327868852459016,1586.6853732518061
our_vol4,Our vol4 STNPP-GAT-HCL-ZINB,91,2023-06-28,0.07,0.07000193229926045,3985,85.0,0.4336734693877551,0.5663265306122449,0.07000193229926045,0.9479994423532693,6.1951642639489926,0.4336734693877551,6.1951642639489926,0.4336734693877551,196.0,0.029981907469630396,0.05821831869510665,1586.6853732518061
our_vol4,Our vol4 STNPP-GAT-HCL-ZINB,91,2023-06-28,0.08,0.08001475573980713,4555,87.0,0.44387755102040816,0.5561224489795918,0.08001475573980713,0.8488840102451519,5.547446179349896,0.44387755102040816,5.547446179349896,0.44387755102040816,196.0,0.03393485415957326,0.06564215148188804,1586.6853732518061
our_vol4,Our vol4 STNPP-GAT-HCL-ZINB,91,2023-06-28,0.09,0.09001001282344055,5124,93.0,0.4744897959183674,0.5255102040816326,0.09001001282344055,0.8066614623991673,5.271522367729293,0.4744897959183674,5.271522367729293,0.4744897959183674,196.0,0.03977272727272727,0.07650273224043716,1586.6853732518061
our_vol4,Our vol4 STNPP-GAT-HCL-ZINB,91,2023-06-28,0.1,0.10000526990707397,5693,99.0,0.5051020408163265,0.4948979591836735,0.10000526990707397,0.7728789741788161,5.050754238108382,0.5051020408163265,5.050754238108382,0.5051020408163265,196.0,0.04449133107054399,0.08519234147198314,1586.6853732518061
our_vol4,Our vol4 STNPP-GAT-HCL-ZINB,92,2023-07-12,0.01,0.010012823440546666,570,32.0,0.13675213675213677,0.8632478632478633,0.010012823440546666,2.4951267056530217,13.657699805068226,0.13675213675213677,13.657699805068226,0.13675213675213677,234.0,0.027953110910730387,0.054385964912280704,1306.4886701030146
our_vol4,Our vol4 STNPP-GAT-HCL-ZINB,92,2023-07-12,0.02,0.02000808052418009,1139,51.0,0.21794871794871795,0.782051282051282,0.02000808052418009,1.990049751243781,10.893034825870647,0.21794871794871795,10.893034825870647,0.21794871794871795,234.0,0.023820224719101123,0.046532045654082525,1306.4886701030146
our_vol4,Our vol4 STNPP-GAT-HCL-ZINB,92,2023-07-12,0.03,0.030003337607813516,1708,55.0,0.23504273504273504,0.7649572649572649,0.030003337607813516,1.4311735623211033,7.833886286755139,0.23504273504273504,7.833886286755139,0.23504273504273504,234.0,0.021836673646425366,0.04274004683840749,1306.4886701030146
our_vol4,Our vol4 STNPP-GAT-HCL-ZINB,92,2023-07-12,0.04,0.04001616104836018,2278,69.0,0.2948717948717949,0.7051282051282051,0.04001616104836018,1.3462101258413812,7.368817676324261,0.2948717948717949,7.368817676324261,0.2948717948717949,234.0,0.022671156004489337,0.04433713784021071,1306.4886701030146
our_vol4,Our vol4 STNPP-GAT-HCL-ZINB,92,2023-07-12,0.05,0.050011418131993605,2847,83.0,0.3547008547008547,0.6452991452991452,0.050011418131993605,1.2957108847519805,7.092397455411154,0.3547008547008547,7.092397455411154,0.3547008547008547,234.0,0.024284943335132217,0.04741833508956796,1306.4886701030146
our_vol4,Our vol4 STNPP-GAT-HCL-ZINB,92,2023-07-12,0.06,0.06000667521562703,3416,95.0,0.405982905982906,0.594017094017094,0.06000667521562703,1.2360135310954983,6.765629065833984,0.405982905982906,6.765629065833984,0.405982905982906,234.0,0.02907064316915198,0.05649882903981265,1306.4886701030146
our_vol4,Our vol4 STNPP-GAT-HCL-ZINB,92,2023-07-12,0.07,0.07000193229926045,3985,103.0,0.44017094017094016,0.5598290598290598,0.07000193229926045,1.1487522654398439,6.2879827129513455,0.44017094017094016,6.2879827129513455,0.44017094017094016,234.0,0.03184878301398239,0.06173149309912171,1306.4886701030146
our_vol4,Our vol4 STNPP-GAT-HCL-ZINB,92,2023-07-12,0.08,0.08001475573980713,4555,110.0,0.4700854700854701,0.5299145299145299,0.08001475573980713,1.0733016221490426,5.874984754238321,0.4700854700854701,5.874984754238321,0.4700854700854701,234.0,0.038058340929808566,0.07332601536772777,1306.4886701030146
our_vol4,Our vol4 STNPP-GAT-HCL-ZINB,92,2023-07-12,0.09,0.09001001282344055,5124,117.0,0.5,0.5,0.09001001282344055,1.014832162373146,5.554937548790008,0.5,5.554937548790008,0.5,234.0,0.043584521384928715,0.08352849336455893,1306.4886701030146
our_vol4,Our vol4 STNPP-GAT-HCL-ZINB,92,2023-07-12,0.1,0.10000526990707397,5693,123.0,0.5256410256410257,0.47435897435897434,0.10000526990707397,0.9602435739797412,5.256133263071609,0.5256410256410257,5.256133263071609,0.5256410256410257,234.0,0.049691158845763805,0.09467767433690497,1306.4886701030146
our_vol4,Our vol4 STNPP-GAT-HCL-ZINB,93,2023-07-26,0.01,0.010012823440546666,570,22.0,0.11764705882352941,0.8823529411764706,0.010012823440546666,1.7153996101364524,11.749638802889576,0.11764705882352941,11.749638802889576,0.11764705882352941,187.0,0.01876675603217158,0.03684210526315789,1468.2297522454596
our_vol4,Our vol4 STNPP-GAT-HCL-ZINB,93,2023-07-26,0.02,0.02000808052418009,1139,33.0,0.17647058823529413,0.8235294117647058,0.02000808052418009,1.2876792508047994,8.819965914372775,0.17647058823529413,8.819965914372775,0.17647058823529413,187.0,0.015151515151515152,0.029850746268656716,1468.2297522454596
our_vol4,Our vol4 STNPP-GAT-HCL-ZINB,93,2023-07-26,0.03,0.030003337607813516,1708,47.0,0.25133689839572193,0.7486631016042781,0.030003337607813516,1.2230028623471247,8.376964645768888,0.25133689839572193,8.376964645768888,0.25133689839572193,187.0,0.020005971931919976,0.039227166276346606,1468.2297522454596
our_vol4,Our vol4 STNPP-GAT-HCL-ZINB,93,2023-07-26,0.04,0.04001616104836018,2278,57.0,0.3048128342245989,0.6951871657754011,0.04001616104836018,1.1120866256950541,7.617243289685577,0.3048128342245989,7.617243289685577,0.3048128342245989,187.0,0.021295673615781215,0.04170324846356453,1468.2297522454596
our_vol4,Our vol4 STNPP-GAT-HCL-ZINB,93,2023-07-26,0.05,0.050011418131993605,2847,65.0,0.34759358288770054,0.6524064171122994,0.050011418131993605,1.0147133434804667,6.950284472444022,0.34759358288770054,6.950284472444022,0.34759358288770054,187.0,0.02336448598130841,0.045662100456621,1468.2297522454596
our_vol4,Our vol4 STNPP-GAT-HCL-ZINB,93,2023-07-26,0.06,0.06000667521562703,3416,71.0,0.37967914438502676,0.6203208556149733,0.06000667521562703,0.9237574811345303,6.327281806910544,0.37967914438502676,6.327281806910544,0.37967914438502676,187.0,0.02690515556891628,0.052400468384074944,1468.2297522454596
our_vol4,Our vol4 STNPP-GAT-HCL-ZINB,93,2023-07-26,0.07,0.07000193229926045,3985,77.0,0.4117647058823529,0.5882352941176471,0.07000193229926045,0.8587759654259027,5.8821905675695625,0.4117647058823529,5.8821905675695625,0.4117647058823529,187.0,0.030914500064674687,0.05997490589711418,1468.2297522454596
our_vol4,Our vol4 STNPP-GAT-HCL-ZINB,93,2023-07-26,0.08,0.08001475573980713,4555,87.0,0.46524064171123,0.53475935828877,0.08001475573980713,0.8488840102451519,5.814435567660853,0.46524064171123,5.814435567660853,0.46524064171123,187.0,0.03510964663106465,0.06783754116355653,1468.2297522454596
our_vol4,Our vol4 STNPP-GAT-HCL-ZINB,93,2023-07-26,0.09,0.09001001282344055,5124,94.0,0.5026737967914439,0.49732620320855614,0.09001001282344055,0.8153352415647497,5.584643097179259,0.5026737967914439,5.584643097179259,0.5026737967914439,187.0,0.04231082180634662,0.08118657298985169,1468.2297522454596
our_vol4,Our vol4 STNPP-GAT-HCL-ZINB,93,2023-07-26,0.1,0.10000526990707397,5693,103.0,0.5508021390374331,0.44919786096256686,0.10000526990707397,0.8041064074789702,5.507731138061471,0.5508021390374331,5.507731138061471,0.5508021390374331,187.0,0.050659776690966135,0.09643421746003865,1468.2297522454596
our_vol4,Our vol4 STNPP-GAT-HCL-ZINB,94,2023-08-09,0.01,0.010012823440546666,570,25.0,0.14705882352941177,0.8529411764705882,0.010012823440546666,1.9493177387914231,14.68704850361197,0.14705882352941177,14.68704850361197,0.14705882352941177,170.0,0.02242152466367713,0.043859649122807015,1668.102451107131
our_vol4,Our vol4 STNPP-GAT-HCL-ZINB,94,2023-08-09,0.02,0.02000808052418009,1139,42.0,0.24705882352941178,0.7529411764705882,0.02000808052418009,1.6388645010242902,12.347952280121882,0.24705882352941178,12.347952280121882,0.24705882352941178,170.0,0.020152261531571878,0.03950834064969271,1668.102451107131
our_vol4,Our vol4 STNPP-GAT-HCL-ZINB,94,2023-08-09,0.03,0.030003337607813516,1708,56.0,0.32941176470588235,0.6705882352941177,0.030003337607813516,1.4571948998178506,10.97917068466731,0.32941176470588235,10.97917068466731,0.32941176470588235,170.0,0.023673958645489962,0.04625292740046839,1668.102451107131
our_vol4,Our vol4 STNPP-GAT-HCL-ZINB,94,2023-08-09,0.04,0.04001616104836018,2278,65.0,0.38235294117647056,0.6176470588235294,0.04001616104836018,1.2681689591259389,9.554963073903837,0.38235294117647056,9.554963073903837,0.38235294117647056,170.0,0.024510906228918373,0.04784899034240562,1668.102451107131
our_vol4,Our vol4 STNPP-GAT-HCL-ZINB,94,2023-08-09,0.05,0.050011418131993605,2847,75.0,0.4411764705882353,0.5588235294117647,0.050011418131993605,1.1708230886313078,8.821514907332796,0.4411764705882353,8.821514907332796,0.4411764705882353,170.0,0.02576112412177986,0.0502283105022831,1668.102451107131
our_vol4,Our vol4 STNPP-GAT-HCL-ZINB,94,2023-08-09,0.06,0.06000667521562703,3416,80.0,0.47058823529411764,0.5294117647058824,0.06000667521562703,1.0408534998698933,7.842264774762364,0.47058823529411764,7.842264774762364,0.47058823529411764,170.0,0.02891566265060241,0.05620608899297424,1668.102451107131
our_vol4,Our vol4 STNPP-GAT-HCL-ZINB,94,2023-08-09,0.07,0.07000193229926045,3985,83.0,0.48823529411764705,0.5117647058823529,0.07000193229926045,0.9256935731214276,6.974597387261053,0.48823529411764705,6.974597387261053,0.48823529411764705,170.0,0.030514610809412982,0.05922208281053953,1668.102451107131
our_vol4,Our vol4 STNPP-GAT-HCL-ZINB,94,2023-08-09,0.08,0.08001475573980713,4555,85.0,0.5,0.5,0.08001475573980713,0.8293694352969875,6.248847420417124,0.5,6.248847420417124,0.5,170.0,0.03416959927347032,0.06608122941822174,1668.102451107131
our_vol4,Our vol4 STNPP-GAT-HCL-ZINB,94,2023-08-09,0.09,0.09001001282344055,5124,91.0,0.5352941176470588,0.4647058823529412,0.09001001282344055,0.7893139040680024,5.947050787528125,0.5352941176470588,5.947050787528125,0.5352941176470588,170.0,0.041040227549776515,0.07884465261514442,1668.102451107131
our_vol4,Our vol4 STNPP-GAT-HCL-ZINB,94,2023-08-09,0.1,0.10000526990707397,5693,96.0,0.5647058823529412,0.43529411764705883,0.10000526990707397,0.7494583992037005,5.64676124445914,0.5647058823529412,5.64676124445914,0.5647058823529412,170.0,0.049691158845763805,0.09467767433690497,1668.102451107131
our_vol4,Our vol4 STNPP-GAT-HCL-ZINB,95,2023-08-23,0.01,0.010012823440546666,570,27.0,0.14917127071823205,0.850828729281768,0.010012823440546666,2.105263157894737,14.898022681011922,0.14917127071823205,14.898022681011922,0.14917127071823205,181.0,0.02425876010781671,0.04736842105263158,1915.812797423581
our_vol4,Our vol4 STNPP-GAT-HCL-ZINB,95,2023-08-23,0.02,0.02000808052418009,1139,48.0,0.26519337016574585,0.7348066298342542,0.02000808052418009,1.8729880011706175,13.254313418283946,0.26519337016574585,13.254313418283946,0.26519337016574585,181.0,0.02244165170556553,0.043898156277436345,1915.812797423581
our_vol4,Our vol4 STNPP-GAT-HCL-ZINB,95,2023-08-23,0.03,0.030003337607813516,1708,60.0,0.3314917127071823,0.6685082872928176,0.030003337607813516,1.56128024980484,11.04849457217902,0.3314917127071823,11.04849457217902,0.3314917127071823,181.0,0.022754491017964073,0.04449648711943794,1915.812797423581
our_vol4,Our vol4 STNPP-GAT-HCL-ZINB,95,2023-08-23,0.04,0.04001616104836018,2278,67.0,0.3701657458563536,0.6298342541436464,0.04001616104836018,1.3071895424836601,9.250406239844004,0.3701657458563536,9.250406239844004,0.3701657458563536,181.0,0.02336028751123091,0.0456540825285338,1915.812797423581
our_vol4,Our vol4 STNPP-GAT-HCL-ZINB,95,2023-08-23,0.05,0.050011418131993605,2847,75.0,0.4143646408839779,0.5856353591160222,0.050011418131993605,1.1708230886313078,8.285400741693786,0.4143646408839779,8.285400741693786,0.4143646408839779,181.0,0.02336448598130841,0.045662100456621,1915.812797423581
our_vol4,Our vol4 STNPP-GAT-HCL-ZINB,95,2023-08-23,0.06,0.06000667521562703,3416,82.0,0.4530386740331492,0.5469613259668509,0.06000667521562703,1.0668748373666406,7.549804624322331,0.4530386740331492,7.549804624322331,0.4530386740331492,181.0,0.02736842105263158,0.05327868852459016,1915.812797423581
our_vol4,Our vol4 STNPP-GAT-HCL-ZINB,95,2023-08-23,0.07,0.07000193229926045,3985,89.0,0.49171270718232046,0.5082872928176796,0.07000193229926045,0.9926111808169525,7.024273345487568,0.49171270718232046,7.024273345487568,0.49171270718232046,181.0,0.029051000645577793,0.056461731493099125,1915.812797423581
our_vol4,Our vol4 STNPP-GAT-HCL-ZINB,95,2023-08-23,0.08,0.08001475573980713,4555,98.0,0.5414364640883977,0.45856353591160226,0.08001475573980713,0.9562141724600561,6.766707703877106,0.5414364640883977,6.766707703877106,0.5414364640883977,181.0,0.032879818594104306,0.06366630076838639,1915.812797423581
our_vol4,Our vol4 STNPP-GAT-HCL-ZINB,95,2023-08-23,0.09,0.09001001282344055,5124,102.0,0.56353591160221,0.43646408839779005,0.09001001282344055,0.8847254748894092,6.260813590901445,0.56353591160221,6.260813590901445,0.56353591160221,181.0,0.04082876294942109,0.07845433255269321,1915.812797423581
our_vol4,Our vol4 STNPP-GAT-HCL-ZINB,95,2023-08-23,0.1,0.10000526990707397,5693,106.0,0.585635359116022,0.41436464088397795,0.10000526990707397,0.827526982454086,5.856044983031405,0.585635359116022,5.856044983031405,0.585635359116022,181.0,0.04775927118800037,0.09116458809063763,1915.812797423581
our_vol4,Our vol4 STNPP-GAT-HCL-ZINB,96,2023-09-06,0.01,0.010012823440546666,570,21.0,0.1076923076923077,0.8923076923076922,0.010012823440546666,1.6374269005847955,10.755438596491228,0.1076923076923077,10.755438596491228,0.1076923076923077,195.0,0.01876675603217158,0.03684210526315789,703.9158505906591
our_vol4,Our vol4 STNPP-GAT-HCL-ZINB,96,2023-09-06,0.02,0.02000808052418009,1139,40.0,0.20512820512820512,0.7948717948717949,0.02000808052418009,1.5608233343088478,10.252268071407668,0.20512820512820512,10.252268071407668,0.20512820512820512,195.0,0.017873100983020553,0.03511852502194908,703.9158505906591
our_vol4,Our vol4 STNPP-GAT-HCL-ZINB,96,2023-09-06,0.03,0.030003337607813516,1708,55.0,0.28205128205128205,0.717948717948718,0.030003337607813516,1.4311735623211033,9.400663544106166,0.28205128205128205,9.400663544106166,0.28205128205128205,195.0,0.02031063321385902,0.03981264637002342,703.9158505906591
our_vol4,Our vol4 STNPP-GAT-HCL-ZINB,96,2023-09-06,0.04,0.04001616104836018,2278,62.0,0.31794871794871793,0.6820512820512821,0.04001616104836018,1.209638084089357,7.945507755340942,0.31794871794871793,7.945507755340942,0.31794871794871793,195.0,0.020838001344387184,0.040825285338015806,703.9158505906591
our_vol4,Our vol4 STNPP-GAT-HCL-ZINB,96,2023-09-06,0.05,0.050011418131993605,2847,67.0,0.3435897435897436,0.6564102564102564,0.050011418131993605,1.0459352925106349,6.870225968856106,0.3435897435897436,6.870225968856106,0.3435897435897436,195.0,0.02043010752688172,0.040042149631190724,703.9158505906591
our_vol4,Our vol4 STNPP-GAT-HCL-ZINB,96,2023-09-06,0.06,0.06000667521562703,3416,79.0,0.40512820512820513,0.5948717948717949,0.06000667521562703,1.0278428311215198,6.751385636221702,0.40512820512820513,6.751385636221702,0.40512820512820513,195.0,0.024287856071964018,0.04742388758782201,703.9158505906591
our_vol4,Our vol4 STNPP-GAT-HCL-ZINB,96,2023-09-06,0.07,0.07000193229926045,3985,84.0,0.4307692307692308,0.5692307692307692,0.07000193229926045,0.9368465077373485,6.153676286072773,0.4307692307692308,6.153676286072773,0.4307692307692308,195.0,0.026400515132002575,0.05144291091593475,703.9158505906591
our_vol4,Our vol4 STNPP-GAT-HCL-ZINB,96,2023-09-06,0.08,0.08001475573980713,4555,90.0,0.46153846153846156,0.5384615384615384,0.08001475573980713,0.8781558726673985,5.768166849615807,0.46153846153846156,5.768166849615807,0.46153846153846156,195.0,0.030076888285843508,0.058397365532382,703.9158505906591
our_vol4,Our vol4 STNPP-GAT-HCL-ZINB,96,2023-09-06,0.09,0.09001001282344055,5124,93.0,0.47692307692307695,0.523076923076923,0.09001001282344055,0.8066614623991673,5.29855581576893,0.47692307692307695,5.29855581576893,0.47692307692307695,195.0,0.035988677719369186,0.06947697111631537,703.9158505906591
our_vol4,Our vol4 STNPP-GAT-HCL-ZINB,96,2023-09-06,0.1,0.10000526990707397,5693,101.0,0.517948717948718,0.482051282051282,0.10000526990707397,0.7884926908288932,5.1792142397095855,0.517948717948718,5.1792142397095855,0.517948717948718,195.0,0.044395523757108785,0.08501668715966977,703.9158505906591
our_vol4,Our vol4 STNPP-GAT-HCL-ZINB,97,2023-09-20,0.01,0.010012823440546666,570,42.0,0.2131979695431472,0.7868020304568528,0.010012823440546666,3.274853801169591,21.292492652952177,0.2131979695431472,21.292492652952177,0.2131979695431472,197.0,0.035422343324250684,0.06842105263157895,626.6765430019277
our_vol4,Our vol4 STNPP-GAT-HCL-ZINB,97,2023-09-20,0.02,0.02000808052418009,1139,62.0,0.3147208121827411,0.6852791878172588,0.02000808052418009,2.419276168178714,15.729685403974456,0.3147208121827411,15.729685403974456,0.3147208121827411,197.0,0.02658855340243353,0.05179982440737489,626.6765430019277
our_vol4,Our vol4 STNPP-GAT-HCL-ZINB,97,2023-09-20,0.03,0.030003337607813516,1708,80.0,0.40609137055837563,0.5939086294416244,0.030003337607813516,2.0817069997397866,13.534873215325907,0.40609137055837563,13.534873215325907,0.40609137055837563,197.0,0.02736842105263158,0.05327868852459016,626.6765430019277
our_vol4,Our vol4 STNPP-GAT-HCL-ZINB,97,2023-09-20,0.04,0.04001616104836018,2278,91.0,0.4619289340101523,0.5380710659898478,0.04001616104836018,1.7754365427763144,11.54355944969093,0.4619289340101523,11.54355944969093,0.4619289340101523,197.0,0.028210336267208307,0.05487269534679543,626.6765430019277
our_vol4,Our vol4 STNPP-GAT-HCL-ZINB,97,2023-09-20,0.05,0.050011418131993605,2847,101.0,0.5126903553299492,0.4873096446700508,0.050011418131993605,1.5767084260234945,10.251466054748162,0.5126903553299492,10.251466054748162,0.5126903553299492,197.0,0.027612344342176503,0.05374077976817703,626.6765430019277
our_vol4,Our vol4 STNPP-GAT-HCL-ZINB,97,2023-09-20,0.06,0.06000667521562703,3416,109.0,0.5532994923857868,0.4467005076142132,0.06000667521562703,1.4181628935727297,9.220632377940774,0.5532994923857868,9.220632377940774,0.5532994923857868,197.0,0.029846246608381068,0.057962529274004686,626.6765430019277
our_vol4,Our vol4 STNPP-GAT-HCL-ZINB,97,2023-09-20,0.07,0.07000193229926045,3985,114.0,0.5786802030456852,0.42131979695431476,0.07000193229926045,1.271434546214973,8.266631849129668,0.5786802030456852,8.266631849129668,0.5786802030456852,197.0,0.029449754585378456,0.057214554579673775,626.6765430019277
our_vol4,Our vol4 STNPP-GAT-HCL-ZINB,97,2023-09-20,0.08,0.08001475573980713,4555,118.0,0.5989847715736041,0.4010152284263959,0.08001475573980713,1.1513599219417003,7.485928889433712,0.5989847715736041,7.485928889433712,0.5989847715736041,197.0,0.032879818594104306,0.06366630076838639,626.6765430019277
our_vol4,Our vol4 STNPP-GAT-HCL-ZINB,97,2023-09-20,0.09,0.09001001282344055,5124,125.0,0.6345177664974619,0.36548223350253806,0.09001001282344055,1.0842223956978054,7.049413132982243,0.6345177664974619,7.049413132982243,0.6345177664974619,197.0,0.038403080352619315,0.07396565183450429,626.6765430019277
our_vol4,Our vol4 STNPP-GAT-HCL-ZINB,97,2023-09-20,0.1,0.10000526990707397,5693,127.0,0.6446700507614214,0.35532994923857864,0.10000526990707397,0.9914710072798953,6.446360790390908,0.6446700507614214,6.446360790390908,0.6446700507614214,197.0,0.04669976098547527,0.08923239065519059,626.6765430019277
our_vol4,Our vol4 STNPP-GAT-HCL-ZINB,98,2023-10-04,0.01,0.010012823440546666,570,32.0,0.1523809523809524,0.8476190476190476,0.010012823440546666,2.4951267056530217,15.218579782790309,0.1523809523809524,15.218579782790309,0.1523809523809524,210.0,0.026102610261026102,0.05087719298245614,1023.6113099462062
our_vol4,Our vol4 STNPP-GAT-HCL-ZINB,98,2023-10-04,0.02,0.02000808052418009,1139,50.0,0.23809523809523808,0.7619047619047619,0.02000808052418009,1.9510291678860598,11.899954011455328,0.23809523809523808,11.899954011455328,0.23809523809523808,210.0,0.021982951996410947,0.04302019315188762,1023.6113099462062
our_vol4,Our vol4 STNPP-GAT-HCL-ZINB,98,2023-10-04,0.03,0.030003337607813516,1708,63.0,0.3,0.7,0.030003337607813516,1.639344262295082,9.998887587822013,0.3,9.998887587822013,0.3,210.0,0.023673958645489962,0.04625292740046839,1023.6113099462062
our_vol4,Our vol4 STNPP-GAT-HCL-ZINB,98,2023-10-04,0.04,0.04001616104836018,2278,78.0,0.37142857142857144,0.6285714285714286,0.04001616104836018,1.5218027509511267,9.281964128935156,0.37142857142857144,9.281964128935156,0.37142857142857144,210.0,0.026126126126126126,0.050921861281826165,1023.6113099462062
our_vol4,Our vol4 STNPP-GAT-HCL-ZINB,98,2023-10-04,0.05,0.050011418131993605,2847,88.0,0.41904761904761906,0.5809523809523809,0.050011418131993605,1.3737657573274011,8.379038921504675,0.41904761904761906,8.379038921504675,0.41904761904761906,210.0,0.0261308343845738,0.05093080435546189,1023.6113099462062
our_vol4,Our vol4 STNPP-GAT-HCL-ZINB,98,2023-10-04,0.06,0.06000667521562703,3416,96.0,0.45714285714285713,0.5428571428571429,0.06000667521562703,1.249024199843872,7.61820006691201,0.45714285714285713,7.61820006691201,0.45714285714285713,210.0,0.02845100105374078,0.055327868852459015,1023.6113099462062
our_vol4,Our vol4 STNPP-GAT-HCL-ZINB,98,2023-10-04,0.07,0.07000193229926045,3985,108.0,0.5142857142857142,0.48571428571428577,0.07000193229926045,1.204516938519448,7.346735974188922,0.5142857142857142,7.346735974188922,0.5142857142857142,210.0,0.030781169167097777,0.05972396486825596,1023.6113099462062
our_vol4,Our vol4 STNPP-GAT-HCL-ZINB,98,2023-10-04,0.08,0.08001475573980713,4555,116.0,0.5523809523809524,0.4476190476190476,0.08001475573980713,1.131845346993536,6.903488578746537,0.5523809523809524,6.903488578746537,0.5523809523809524,210.0,0.03252861838376969,0.06300768386388585,1023.6113099462062
our_vol4,Our vol4 STNPP-GAT-HCL-ZINB,98,2023-10-04,0.09,0.09001001282344055,5124,119.0,0.5666666666666667,0.43333333333333335,0.09001001282344055,1.0321797207043109,6.295595888628675,0.5666666666666667,6.295595888628675,0.5666666666666667,210.0,0.039245512625494375,0.07552693208430913,1023.6113099462062
our_vol4,Our vol4 STNPP-GAT-HCL-ZINB,98,2023-10-04,0.1,0.10000526990707397,5693,125.0,0.5952380952380952,0.40476190476190477,0.10000526990707397,0.9758572906298183,5.952067283966107,0.5952380952380952,5.952067283966107,0.5952380952380952,210.0,0.04669976098547527,0.08923239065519059,1023.6113099462062
our_vol4,Our vol4 STNPP-GAT-HCL-ZINB,99,2023-10-18,0.01,0.010012823440546666,570,31.0,0.164021164021164,0.835978835978836,0.010012823440546666,2.417153996101365,16.381110182864568,0.164021164021164,16.381110182864568,0.164021164021164,189.0,0.02888086642599278,0.056140350877192984,1512.0210713969652
our_vol4,Our vol4 STNPP-GAT-HCL-ZINB,99,2023-10-18,0.02,0.02000808052418009,1139,43.0,0.2275132275132275,0.7724867724867726,0.02000808052418009,1.6778850843820114,11.371067166501758,0.2275132275132275,11.371067166501758,0.2275132275132275,189.0,0.019695613249776187,0.038630377524143986,1512.0210713969652
our_vol4,Our vol4 STNPP-GAT-HCL-ZINB,99,2023-10-18,0.03,0.030003337607813516,1708,59.0,0.31216931216931215,0.6878306878306879,0.030003337607813516,1.5352589123080926,10.404486202495569,0.31216931216931215,10.404486202495569,0.31216931216931215,189.0,0.022448368751870697,0.043911007025761124,1512.0210713969652
our_vol4,Our vol4 STNPP-GAT-HCL-ZINB,99,2023-10-18,0.04,0.04001616104836018,2278,74.0,0.3915343915343915,0.6084656084656085,0.04001616104836018,1.4437615842356843,9.784406631641048,0.3915343915343915,9.784406631641048,0.3915343915343915,189.0,0.025664115263394866,0.05004389815627744,1512.0210713969652
our_vol4,Our vol4 STNPP-GAT-HCL-ZINB,99,2023-10-18,0.05,0.050011418131993605,2847,84.0,0.4444444444444444,0.5555555555555556,0.050011418131993605,1.3113218592670646,8.886859462201928,0.4444444444444444,8.886859462201928,0.4444444444444444,189.0,0.025945945945945945,0.0505795574288725,1512.0210713969652
our_vol4,Our vol4 STNPP-GAT-HCL-ZINB,99,2023-10-18,0.06,0.06000667521562703,3416,95.0,0.5026455026455027,0.4973544973544973,0.06000667521562703,1.2360135310954983,8.37649312912779,0.5026455026455027,8.37649312912779,0.5026455026455027,189.0,0.028605841613971696,0.05562060889929742,1512.0210713969652
our_vol4,Our vol4 STNPP-GAT-HCL-ZINB,99,2023-10-18,0.07,0.07000193229926045,3985,99.0,0.5238095238095238,0.47619047619047616,0.07000193229926045,1.1041405269761606,7.482786640377607,0.5238095238095238,7.482786640377607,0.5238095238095238,189.0,0.02958274124790079,0.057465495608531994,1512.0210713969652
our_vol4,Our vol4 STNPP-GAT-HCL-ZINB,99,2023-10-18,0.08,0.08001475573980713,4555,108.0,0.5714285714285714,0.4285714285714286,0.08001475573980713,1.0537870472008781,7.141539909048141,0.5714285714285714,7.141539909048141,0.5714285714285714,189.0,0.032879818594104306,0.06366630076838639,1512.0210713969652
our_vol4,Our vol4 STNPP-GAT-HCL-ZINB,99,2023-10-18,0.09,0.09001001282344055,5124,111.0,0.5873015873015873,0.4126984126984127,0.09001001282344055,0.9627894873796513,6.52484727953112,0.5873015873015873,6.52484727953112,0.5873015873015873,189.0,0.039245512625494375,0.07552693208430913,1512.0210713969652
our_vol4,Our vol4 STNPP-GAT-HCL-ZINB,99,2023-10-18,0.1,0.10000526990707397,5693,117.0,0.6190476190476191,0.38095238095238093,0.10000526990707397,0.9134024240295099,6.190149975324752,0.6190476190476191,6.190149975324752,0.6190476190476191,189.0,0.04564239140416935,0.08730019321974354,1512.0210713969652
our_vol4,Our vol4 STNPP-GAT-HCL-ZINB,100,2023-11-01,0.01,0.010012823440546666,570,40.0,0.1834862385321101,0.8165137614678899,0.010012823440546666,3.118908382066277,18.325124738451635,0.1834862385321101,18.325124738451635,0.1834862385321101,218.0,0.034482758620689655,0.06666666666666667,821.9774765621912
our_vol4,Our vol4 STNPP-GAT-HCL-ZINB,100,2023-11-01,0.02,0.02000808052418009,1139,60.0,0.27522935779816515,0.7247706422018348,0.02000808052418009,2.341235001463272,13.755910141682307,0.27522935779816515,13.755910141682307,0.27522935779816515,218.0,0.027051397655545536,0.05267778753292362,821.9774765621912
our_vol4,Our vol4 STNPP-GAT-HCL-ZINB,100,2023-11-01,0.03,0.030003337607813516,1708,75.0,0.3440366972477064,0.6559633027522935,0.030003337607813516,1.95160031225605,11.466614206217905,0.3440366972477064,11.466614206217905,0.3440366972477064,218.0,0.026442307692307692,0.05152224824355972,821.9774765621912
our_vol4,Our vol4 STNPP-GAT-HCL-ZINB,100,2023-11-01,0.04,0.04001616104836018,2278,80.0,0.3669724770642202,0.6330275229357798,0.04001616104836018,1.5608233343088478,9.170606761121538,0.3669724770642202,9.170606761121538,0.3669724770642202,218.0,0.025664115263394866,0.05004389815627744,821.9774765621912
our_vol4,Our vol4 STNPP-GAT-HCL-ZINB,100,2023-11-01,0.05,0.050011418131993605,2847,91.0,0.41743119266055045,0.5825688073394495,0.050011418131993605,1.4205986808726534,8.34671777470571,0.41743119266055045,8.34671777470571,0.41743119266055045,218.0,0.025945945945945945,0.0505795574288725,821.9774765621912
our_vol4,Our vol4 STNPP-GAT-HCL-ZINB,100,2023-11-01,0.06,0.06000667521562703,3416,103.0,0.4724770642201835,0.5275229357798166,0.06000667521562703,1.3400988810824876,7.873741754936296,0.4724770642201835,7.873741754936296,0.4724770642201835,218.0,0.02891566265060241,0.05620608899297424,821.9774765621912
our_vol4,Our vol4 STNPP-GAT-HCL-ZINB,100,2023-11-01,0.07,0.07000193229926045,3985,114.0,0.5229357798165137,0.47706422018348627,0.07000193229926045,1.271434546214973,7.470304927883232,0.5229357798165137,7.470304927883232,0.5229357798165137,218.0,0.030781169167097777,0.05972396486825596,821.9774765621912
our_vol4,Our vol4 STNPP-GAT-HCL-ZINB,100,2023-11-01,0.08,0.08001475573980713,4555,121.0,0.555045871559633,0.44495412844036697,0.08001475573980713,1.180631784363947,6.936793925417174,0.555045871559633,6.936793925417174,0.555045871559633,218.0,0.0321776569227283,0.06234906695938529,821.9774765621912
our_vol4,Our vol4 STNPP-GAT-HCL-ZINB,100,2023-11-01,0.09,0.09001001282344055,5124,123.0,0.5642201834862385,0.4357798165137615,0.09001001282344055,1.0668748373666406,6.268415766065788,0.5642201834862385,6.268415766065788,0.5642201834862385,218.0,0.03787725339274863,0.07298985167837627,821.9774765621912
our_vol4,Our vol4 STNPP-GAT-HCL-ZINB,100,2023-11-01,0.1,0.10000526990707397,5693,129.0,0.591743119266055,0.40825688073394495,0.10000526990707397,1.0070847239299725,5.917119365968508,0.591743119266055,5.917119365968508,0.591743119266055,218.0,0.04391675071055286,0.08413841559810294,821.9774765621912
our_vol4,Our vol4 STNPP-GAT-HCL-ZINB,101,2023-11-15,0.01,0.010012823440546666,570,35.0,0.18134715025906736,0.8186528497409327,0.010012823440546666,2.7290448343079925,18.111489864557768,0.18134715025906736,18.111489864557768,0.18134715025906736,193.0,0.02888086642599278,0.056140350877192984,382.36599666120645
our_vol4,Our vol4 STNPP-GAT-HCL-ZINB,101,2023-11-15,0.02,0.02000808052418009,1139,51.0,0.26424870466321243,0.7357512953367875,0.02000808052418009,1.990049751243781,13.207099218931251,0.26424870466321243,13.207099218931251,0.26424870466321243,193.0,0.02244165170556553,0.043898156277436345,382.36599666120645
our_vol4,Our vol4 STNPP-GAT-HCL-ZINB,101,2023-11-15,0.03,0.030003337607813516,1708,65.0,0.33678756476683935,0.6632124352331606,0.030003337607813516,1.6913869372885766,11.225003336933176,0.33678756476683935,11.225003336933176,0.33678756476683935,193.0,0.021836673646425366,0.04274004683840749,382.36599666120645
our_vol4,Our vol4 STNPP-GAT-HCL-ZINB,101,2023-11-15,0.04,0.04001616104836018,2278,72.0,0.37305699481865284,0.6269430051813472,0.04001616104836018,1.404741000877963,9.322658272186766,0.37305699481865284,9.322658272186766,0.37305699481865284,193.0,0.021524663677130046,0.04214223002633889,382.36599666120645
our_vol4,Our vol4 STNPP-GAT-HCL-ZINB,101,2023-11-15,0.05,0.050011418131993605,2847,84.0,0.43523316062176165,0.5647668393782384,0.050011418131993605,1.3113218592670646,8.702675846404997,0.43523316062176165,8.702675846404997,0.43523316062176165,193.0,0.023548445083587992,0.0460133473832104,382.36599666120645
our_vol4,Our vol4 STNPP-GAT-HCL-ZINB,101,2023-11-15,0.06,0.06000667521562703,3416,91.0,0.47150259067357514,0.5284974093264249,0.06000667521562703,1.1839708561020037,7.857502335853224,0.47150259067357514,7.857502335853224,0.47150259067357514,193.0,0.024748762561871907,0.048302107728337235,382.36599666120645
our_vol4,Our vol4 STNPP-GAT-HCL-ZINB,101,2023-11-15,0.07,0.07000193229926045,3985,100.0,0.5181347150259067,0.4818652849740933,0.07000193229926045,1.1152934615920815,7.401720181249634,0.5181347150259067,7.401720181249634,0.5181347150259067,193.0,0.02692951939183095,0.05244667503136763,382.36599666120645
our_vol4,Our vol4 STNPP-GAT-HCL-ZINB,101,2023-11-15,0.08,0.08001475573980713,4555,101.0,0.5233160621761658,0.4766839378238342,0.08001475573980713,0.9854860348823028,6.540244450384761,0.5233160621761658,6.540244450384761,0.5233160621761658,193.0,0.0301933732896076,0.05861690450054885,382.36599666120645
our_vol4,Our vol4 STNPP-GAT-HCL-ZINB,101,2023-11-15,0.09,0.09001001282344055,5124,109.0,0.5647668393782384,0.43523316062176165,0.09001001282344055,0.9454419290484863,6.274489044747263,0.5647668393782384,6.274489044747263,0.5647668393782384,193.0,0.03515151515151515,0.06791569086651054,382.36599666120645
our_vol4,Our vol4 STNPP-GAT-HCL-ZINB,101,2023-11-15,0.1,0.10000526990707397,5693,116.0,0.6010362694300518,0.39896373056994816,0.10000526990707397,0.9055955657044714,6.010045970462772,0.6010362694300518,6.010045970462772,0.6010362694300518,193.0,0.042101409481969616,0.08080098366414895,382.36599666120645
our_vol4,Our vol4 STNPP-GAT-HCL-ZINB,102,2023-11-29,0.01,0.010012823440546666,570,42.0,0.18834080717488788,0.8116591928251121,0.010012823440546666,3.274853801169591,18.809959877271652,0.18834080717488788,18.809959877271652,0.18834080717488788,223.0,0.0373066424021838,0.07192982456140351,989.6077970177006
our_vol4,Our vol4 STNPP-GAT-HCL-ZINB,102,2023-11-29,0.02,0.02000808052418009,1139,57.0,0.2556053811659193,0.7443946188340806,0.02000808052418009,2.2241732513901082,12.77510758001079,0.2556053811659193,12.77510758001079,0.2556053811659193,223.0,0.025664115263394866,0.05004389815627744,989.6077970177006
our_vol4,Our vol4 STNPP-GAT-HCL-ZINB,102,2023-11-29,0.03,0.030003337607813516,1708,75.0,0.336322869955157,0.663677130044843,0.030003337607813516,1.95160031225605,11.209515232984321,0.336322869955157,11.209515232984321,0.336322869955157,223.0,0.027059530968129887,0.05269320843091335,989.6077970177006
our_vol4,Our vol4 STNPP-GAT-HCL-ZINB,102,2023-11-29,0.04,0.04001616104836018,2278,86.0,0.38565022421524664,0.6143497757847534,0.04001616104836018,1.6778850843820114,9.63736185860463,0.38565022421524664,9.63736185860463,0.38565022421524664,223.0,0.025664115263394866,0.05004389815627744,989.6077970177006
our_vol4,Our vol4 STNPP-GAT-HCL-ZINB,102,2023-11-29,0.05,0.050011418131993605,2847,97.0,0.4349775784753363,0.5650224215246638,0.050011418131993605,1.514264527963158,8.697565370518253,0.4349775784753363,8.697565370518253,0.4349775784753363,223.0,0.02631578947368421,0.05128205128205128,989.6077970177006
our_vol4,Our vol4 STNPP-GAT-HCL-ZINB,102,2023-11-29,0.06,0.06000667521562703,3416,104.0,0.4663677130044843,0.5336322869955157,0.06000667521562703,1.3531095498308614,7.771930561535796,0.4663677130044843,7.771930561535796,0.4663677130044843,223.0,0.02690515556891628,0.052400468384074944,989.6077970177006
our_vol4,Our vol4 STNPP-GAT-HCL-ZINB,102,2023-11-29,0.07,0.07000193229926045,3985,113.0,0.5067264573991032,0.49327354260089684,0.07000193229926045,1.260281611599052,7.238749570980865,0.5067264573991032,7.238749570980865,0.5067264573991032,223.0,0.02878533625919711,0.05595984943538269,989.6077970177006
our_vol4,Our vol4 STNPP-GAT-HCL-ZINB,102,2023-11-29,0.08,0.08001475573980713,4555,120.0,0.5381165919282511,0.4618834080717489,0.08001475573980713,1.1708744968898646,6.725216954709012,0.5381165919282511,6.725216954709012,0.5381165919282511,223.0,0.031009506564056134,0.0601536772777168,989.6077970177006
our_vol4,Our vol4 STNPP-GAT-HCL-ZINB,102,2023-11-29,0.09,0.09001001282344055,5124,128.0,0.5739910313901345,0.4260089686098655,0.09001001282344055,1.1102437331945527,6.376968665875524,0.5739910313901345,6.376968665875524,0.5739910313901345,223.0,0.03766707168894289,0.07259953161592506,989.6077970177006
our_vol4,Our vol4 STNPP-GAT-HCL-ZINB,102,2023-11-29,0.1,0.10000526990707397,5693,136.0,0.6098654708520179,0.3901345291479821,0.10000526990707397,1.0617327322052423,6.098333332020521,0.6098654708520179,6.098333332020521,0.6098654708520179,223.0,0.043629697525206235,0.08361145266116284,989.6077970177006
our_vol4,Our vol4 STNPP-GAT-HCL-ZINB,103,2023-12-13,0.01,0.010012823440546666,570,37.0,0.1778846153846154,0.8221153846153846,0.010012823440546666,2.8849902534113063,17.765679824561403,0.1778846153846154,17.765679824561403,0.1778846153846154,208.0,0.03167420814479638,0.06140350877192982,1414.528678137871
our_vol4,Our vol4 STNPP-GAT-HCL-ZINB,103,2023-12-13,0.02,0.02000808052418009,1139,52.0,0.25,0.75,0.02000808052418009,2.029070334601502,12.494951712028096,0.25,12.494951712028096,0.25,208.0,0.022900763358778626,0.04477611940298507,1414.528678137871
our_vol4,Our vol4 STNPP-GAT-HCL-ZINB,103,2023-12-13,0.03,0.030003337607813516,1708,66.0,0.3173076923076923,0.6826923076923077,0.030003337607813516,1.7174082747853239,10.575746487119437,0.3173076923076923,10.575746487119437,0.3173076923076923,208.0,0.024287856071964018,0.04742388758782201,1414.528678137871
our_vol4,Our vol4 STNPP-GAT-HCL-ZINB,103,2023-12-13,0.04,0.04001616104836018,2278,80.0,0.38461538461538464,0.6153846153846154,0.04001616104836018,1.5608233343088478,9.61150131694469,0.38461538461538464,9.61150131694469,0.38461538461538464,208.0,0.025895068678225625,0.0504828797190518,1414.528678137871
our_vol4,Our vol4 STNPP-GAT-HCL-ZINB,103,2023-12-13,0.05,0.050011418131993605,2847,88.0,0.4230769230769231,0.5769230769230769,0.050011418131993605,1.3737657573274011,8.45960660344222,0.4230769230769231,8.45960660344222,0.4230769230769231,208.0,0.025945945945945945,0.0505795574288725,1414.528678137871
our_vol4,Our vol4 STNPP-GAT-HCL-ZINB,103,2023-12-13,0.06,0.06000667521562703,3416,97.0,0.46634615384615385,0.5336538461538461,0.06000667521562703,1.2620348685922456,7.771571282201405,0.46634615384615385,7.771571282201405,0.46634615384615385,208.0,0.02736842105263158,0.05327868852459016,1414.528678137871
our_vol4,Our vol4 STNPP-GAT-HCL-ZINB,103,2023-12-13,0.07,0.07000193229926045,3985,106.0,0.5096153846153846,0.4903846153846154,0.07000193229926045,1.1822110692876064,7.2800188205771645,0.5096153846153846,7.2800188205771645,0.5096153846153846,208.0,0.02918388429752066,0.05671267252195734,1414.528678137871
our_vol4,Our vol4 STNPP-GAT-HCL-ZINB,103,2023-12-13,0.08,0.08001475573980713,4555,115.0,0.5528846153846154,0.4471153846153846,0.08001475573980713,1.1220880595194536,6.909783205268935,0.5528846153846154,6.909783205268935,0.5528846153846154,208.0,0.0311262026032824,0.06037321624588365,1414.528678137871
our_vol4,Our vol4 STNPP-GAT-HCL-ZINB,103,2023-12-13,0.09,0.09001001282344055,5124,123.0,0.5913461538461539,0.40865384615384615,0.09001001282344055,1.0668748373666406,6.569781908665105,0.5913461538461539,6.569781908665105,0.5913461538461539,208.0,0.038613560352690784,0.0743559718969555,1414.528678137871
our_vol4,Our vol4 STNPP-GAT-HCL-ZINB,103,2023-12-13,0.1,0.10000526990707397,5693,132.0,0.6346153846153846,0.3653846153846154,0.10000526990707397,1.030505298905088,6.345819427366942,0.6346153846153846,6.345819427366942,0.6346153846153846,208.0,0.04497063142437592,0.08607061303354997,1414.528678137871
our_vol4,Our vol4 STNPP-GAT-HCL-ZINB,104,2023-12-27,0.01,0.010012823440546666,570,32.0,0.16243654822335024,0.8375634517766497,0.010012823440546666,2.4951267056530217,16.22285154510642,0.16243654822335024,16.22285154510642,0.16243654822335024,197.0,0.02888086642599278,0.056140350877192984,1030.9335802871394
our_vol4,Our vol4 STNPP-GAT-HCL-ZINB,104,2023-12-27,0.02,0.02000808052418009,1139,52.0,0.2639593908629442,0.7360406091370558,0.02000808052418009,2.029070334601502,13.19263937107535,0.2639593908629442,13.19263937107535,0.2639593908629442,197.0,0.024741340530814216,0.048287971905179985,1030.9335802871394
our_vol4,Our vol4 STNPP-GAT-HCL-ZINB,104,2023-12-27,0.03,0.030003337607813516,1708,66.0,0.3350253807106599,0.6649746192893401,0.030003337607813516,1.7174082747853239,11.166270402643873,0.3350253807106599,11.166270402643873,0.3350253807106599,197.0,0.027677496991576414,0.053864168618266976,1030.9335802871394
our_vol4,Our vol4 STNPP-GAT-HCL-ZINB,104,2023-12-27,0.04,0.04001616104836018,2278,75.0,0.38071065989847713,0.6192893401015229,0.04001616104836018,1.4632718759145449,9.513922623371645,0.38071065989847713,9.513922623371645,0.38071065989847713,197.0,0.027051397655545536,0.05267778753292362,1030.9335802871394
our_vol4,Our vol4 STNPP-GAT-HCL-ZINB,104,2023-12-27,0.05,0.050011418131993605,2847,86.0,0.4365482233502538,0.5634517766497462,0.050011418131993605,1.342543808297233,8.728971096122198,0.4365482233502538,8.728971096122198,0.4365482233502538,197.0,0.02779783393501805,0.05409202669476642,1030.9335802871394
our_vol4,Our vol4 STNPP-GAT-HCL-ZINB,104,2023-12-27,0.06,0.06000667521562703,3416,95.0,0.48223350253807107,0.5177664974619289,0.06000667521562703,1.2360135310954983,8.036330971599757,0.48223350253807107,8.036330971599757,0.48223350253807107,197.0,0.029380744312189244,0.05708430913348946,1030.9335802871394
our_vol4,Our vol4 STNPP-GAT-HCL-ZINB,104,2023-12-27,0.07,0.07000193229926045,3985,101.0,0.5126903553299492,0.4873096446700508,0.07000193229926045,1.1264463962080022,7.3239457610710215,0.5126903553299492,7.3239457610710215,0.5126903553299492,197.0,0.030781169167097777,0.05972396486825596,1030.9335802871394
our_vol4,Our vol4 STNPP-GAT-HCL-ZINB,104,2023-12-27,0.08,0.08001475573980713,4555,106.0,0.5380710659898477,0.46192893401015234,0.08001475573980713,1.0342724722527137,6.724647985423503,0.5380710659898477,6.724647985423503,0.5380710659898477,197.0,0.03323125779743677,0.06432491767288694,1030.9335802871394
our_vol4,Our vol4 STNPP-GAT-HCL-ZINB,104,2023-12-27,0.09,0.09001001282344055,5124,111.0,0.5634517766497462,0.4365482233502538,0.09001001282344055,0.9627894873796513,6.259878862088232,0.5634517766497462,6.259878862088232,0.5634517766497462,197.0,0.038613560352690784,0.0743559718969555,1030.9335802871394
our_vol4,Our vol4 STNPP-GAT-HCL-ZINB,104,2023-12-27,0.1,0.10000526990707397,5693,115.0,0.583756345177665,0.41624365482233505,0.10000526990707397,0.8977887073794328,5.837255833818538,0.583756345177665,5.837255833818538,0.583756345177665,197.0,0.04468299844022387,0.08554365009660987,1030.9335802871394
our_vol4,Our vol4 STNPP-GAT-HCL-ZINB,105,2024-01-10,0.01,0.010012823440546666,570,38.0,0.19387755102040816,0.8061224489795918,0.010012823440546666,2.9629629629629632,19.362925170068024,0.19387755102040816,19.362925170068024,0.19387755102040816,196.0,0.03074141048824593,0.05964912280701754,2366.477799209344
our_vol4,Our vol4 STNPP-GAT-HCL-ZINB,105,2024-01-10,0.02,0.02000808052418009,1139,55.0,0.28061224489795916,0.7193877551020409,0.02000808052418009,2.1461320846746657,14.024945799215208,0.28061224489795916,14.024945799215208,0.28061224489795916,196.0,0.025202520252025202,0.04916593503072871,2366.477799209344
our_vol4,Our vol4 STNPP-GAT-HCL-ZINB,105,2024-01-10,0.03,0.030003337607813516,1708,66.0,0.336734693877551,0.6632653061224489,0.030003337607813516,1.7174082747853239,11.2232411700043,0.336734693877551,11.2232411700043,0.336734693877551,196.0,0.027677496991576414,0.053864168618266976,2366.477799209344
our_vol4,Our vol4 STNPP-GAT-HCL-ZINB,105,2024-01-10,0.04,0.04001616104836018,2278,77.0,0.39285714285714285,0.6071428571428572,0.04001616104836018,1.502292459272266,9.817462059450646,0.39285714285714285,9.817462059450646,0.39285714285714285,196.0,0.028442437923250564,0.0553116769095698,2366.477799209344
our_vol4,Our vol4 STNPP-GAT-HCL-ZINB,105,2024-01-10,0.05,0.050011418131993605,2847,85.0,0.4336734693877551,0.5663265306122449,0.050011418131993605,1.3269328337821487,8.671489143602646,0.4336734693877551,8.671489143602646,0.4336734693877551,196.0,0.02928416485900217,0.05690200210748156,2366.477799209344
our_vol4,Our vol4 STNPP-GAT-HCL-ZINB,105,2024-01-10,0.06,0.06000667521562703,3416,94.0,0.47959183673469385,0.5204081632653061,0.06000667521562703,1.2230028623471247,7.992308105912153,0.47959183673469385,7.992308105912153,0.47959183673469385,196.0,0.031245283018867923,0.06059718969555035,2366.477799209344
our_vol4,Our vol4 STNPP-GAT-HCL-ZINB,105,2024-01-10,0.07,0.07000193229926045,3985,104.0,0.5306122448979592,0.4693877551020408,0.07000193229926045,1.1599052000557648,7.579965687655239,0.5306122448979592,7.579965687655239,0.5306122448979592,196.0,0.03278476091745497,0.06348808030112923,2366.477799209344
our_vol4,Our vol4 STNPP-GAT-HCL-ZINB,105,2024-01-10,0.08,0.08001475573980713,4555,109.0,0.5561224489795918,0.44387755102040816,0.08001475573980713,1.0635443346749605,6.950248661484352,0.5561224489795918,6.950248661484352,0.5561224489795918,196.0,0.03711293260473588,0.07156970362239297,2366.477799209344
our_vol4,Our vol4 STNPP-GAT-HCL-ZINB,105,2024-01-10,0.09,0.09001001282344055,5124,111.0,0.5663265306122449,0.4336734693877551,0.09001001282344055,0.9627894873796513,6.2918170195478655,0.5663265306122449,6.2918170195478655,0.5663265306122449,196.0,0.0417810308020738,0.08021077283372366,2366.477799209344
our_vol4,Our vol4 STNPP-GAT-HCL-ZINB,105,2024-01-10,0.1,0.10000526990707397,5693,115.0,0.5867346938775511,0.41326530612244894,0.10000526990707397,0.8977887073794328,5.867037751338021,0.5867346938775511,5.867037751338021,0.5867346938775511,196.0,0.046026642168121266,0.08800281046899701,2366.477799209344
our_vol4,Our vol4 STNPP-GAT-HCL-ZINB,106,2024-01-24,0.01,0.010012823440546666,570,31.0,0.13716814159292035,0.8628318584070797,0.010012823440546666,2.417153996101365,13.699247011333641,0.13716814159292035,13.699247011333641,0.13716814159292035,226.0,0.026102610261026102,0.05087719298245614,332.70835248226973
our_vol4,Our vol4 STNPP-GAT-HCL-ZINB,106,2024-01-24,0.02,0.02000808052418009,1139,52.0,0.23008849557522124,0.7699115044247787,0.02000808052418009,2.029070334601502,11.499778566822318,0.23008849557522124,11.499778566822318,0.23008849557522124,226.0,0.023820224719101123,0.046532045654082525,332.70835248226973
our_vol4,Our vol4 STNPP-GAT-HCL-ZINB,106,2024-01-24,0.03,0.030003337607813516,1708,66.0,0.2920353982300885,0.7079646017699115,0.030003337607813516,1.7174082747853239,9.73343039522497,0.2920353982300885,9.73343039522497,0.2920353982300885,226.0,0.024902490249024904,0.04859484777517564,332.70835248226973
our_vol4,Our vol4 STNPP-GAT-HCL-ZINB,106,2024-01-24,0.04,0.04001616104836018,2278,85.0,0.37610619469026546,0.6238938053097345,0.04001616104836018,1.658374792703151,9.39885748249901,0.37610619469026546,9.39885748249901,0.37610619469026546,226.0,0.02751465944970681,0.053555750658472345,332.70835248226973
our_vol4,Our vol4 STNPP-GAT-HCL-ZINB,106,2024-01-24,0.05,0.050011418131993605,2847,98.0,0.4336283185840708,0.5663716814159292,0.050011418131993605,1.529875502478242,8.670586333697013,0.4336283185840708,8.670586333697013,0.4336283185840708,226.0,0.02928416485900217,0.05690200210748156,332.70835248226973
our_vol4,Our vol4 STNPP-GAT-HCL-ZINB,106,2024-01-24,0.06,0.06000667521562703,3416,111.0,0.4911504424778761,0.5088495575221239,0.06000667521562703,1.444184231069477,8.184930105075543,0.4911504424778761,8.184930105075543,0.4911504424778761,226.0,0.03108964684575913,0.06030444964871194,332.70835248226973
our_vol4,Our vol4 STNPP-GAT-HCL-ZINB,106,2024-01-24,0.07,0.07000193229926045,3985,120.0,0.5309734513274337,0.4690265486725663,0.07000193229926045,1.3383521539104979,7.58512563706821,0.5309734513274337,7.58512563706821,0.5309734513274337,226.0,0.03345435684647303,0.06474278544542032,332.70835248226973
our_vol4,Our vol4 STNPP-GAT-HCL-ZINB,106,2024-01-24,0.08,0.08001475573980713,4555,125.0,0.5530973451327433,0.44690265486725667,0.08001475573980713,1.2196609342602758,6.912441836744605,0.5530973451327433,6.912441836744605,0.5530973451327433,226.0,0.036169244767970885,0.06981339187705818,332.70835248226973
our_vol4,Our vol4 STNPP-GAT-HCL-ZINB,106,2024-01-24,0.09,0.09001001282344055,5124,129.0,0.5707964601769911,0.42920353982300885,0.09001001282344055,1.1189175123601351,6.341477378707177,0.5707964601769911,6.341477378707177,0.5707964601769911,226.0,0.04082876294942109,0.07845433255269321,332.70835248226973
our_vol4,Our vol4 STNPP-GAT-HCL-ZINB,106,2024-01-24,0.1,0.10000526990707397,5693,136.0,0.6017699115044248,0.3982300884955752,0.10000526990707397,1.0617327322052423,6.01738200460432,0.6017699115044248,6.01738200460432,0.6017699115044248,226.0,0.04564239140416935,0.08730019321974354,332.70835248226973
our_vol4,Our vol4 STNPP-GAT-HCL-ZINB,107,2024-02-07,0.01,0.010012823440546666,570,33.0,0.1542056074766355,0.8457943925233645,0.010012823440546666,2.5730994152046787,15.400811608460401,0.1542056074766355,15.400811608460401,0.1542056074766355,214.0,0.02702702702702703,0.05263157894736842,1855.5174695713506
our_vol4,Our vol4 STNPP-GAT-HCL-ZINB,107,2024-02-07,0.02,0.02000808052418009,1139,52.0,0.24299065420560748,0.7570093457943925,0.02000808052418009,2.029070334601502,12.144625963092729,0.24299065420560748,12.144625963092729,0.24299065420560748,214.0,0.023820224719101123,0.046532045654082525,1855.5174695713506
our_vol4,Our vol4 STNPP-GAT-HCL-ZINB,107,2024-02-07,0.03,0.030003337607813516,1708,69.0,0.32242990654205606,0.677570093457944,0.030003337607813516,1.795472287275566,10.746467968219921,0.32242990654205606,10.746467968219921,0.32242990654205606,214.0,0.025517862503752625,0.049765807962529274,1855.5174695713506
our_vol4,Our vol4 STNPP-GAT-HCL-ZINB,107,2024-02-07,0.04,0.04001616104836018,2278,79.0,0.3691588785046729,0.6308411214953271,0.04001616104836018,1.5413130426299873,9.225244721964668,0.3691588785046729,9.225244721964668,0.3691588785046729,214.0,0.024741340530814216,0.048287971905179985,1855.5174695713506
our_vol4,Our vol4 STNPP-GAT-HCL-ZINB,107,2024-02-07,0.05,0.050011418131993605,2847,88.0,0.411214953271028,0.5887850467289719,0.050011418131993605,1.3737657573274011,8.222421371570007,0.411214953271028,8.222421371570007,0.411214953271028,214.0,0.025207057976233346,0.04917456972251493,1855.5174695713506
our_vol4,Our vol4 STNPP-GAT-HCL-ZINB,107,2024-02-07,0.06,0.06000667521562703,3416,97.0,0.4532710280373832,0.5467289719626168,0.06000667521562703,1.2620348685922456,7.553676760270524,0.4532710280373832,7.553676760270524,0.4532710280373832,214.0,0.02736842105263158,0.05327868852459016,1855.5174695713506
our_vol4,Our vol4 STNPP-GAT-HCL-ZINB,107,2024-02-07,0.07,0.07000193229926045,3985,104.0,0.48598130841121495,0.514018691588785,0.07000193229926045,1.1599052000557648,6.9423984802823675,0.48598130841121495,6.9423984802823675,0.48598130841121495,214.0,0.028519809007613885,0.05545796737766625,1855.5174695713506
our_vol4,Our vol4 STNPP-GAT-HCL-ZINB,107,2024-02-07,0.08,0.08001475573980713,4555,113.0,0.5280373831775701,0.4719626168224299,0.08001475573980713,1.1025734845712891,6.599250079505935,0.5280373831775701,6.599250079505935,0.5280373831775701,214.0,0.031009506564056134,0.0601536772777168,1855.5174695713506
our_vol4,Our vol4 STNPP-GAT-HCL-ZINB,107,2024-02-07,0.09,0.09001001282344055,5124,117.0,0.5467289719626168,0.4532710280373832,0.09001001282344055,1.014832162373146,6.0740905907329985,0.5467289719626168,6.0740905907329985,0.5467289719626168,214.0,0.03567458312278929,0.06889149102263856,1855.5174695713506
our_vol4,Our vol4 STNPP-GAT-HCL-ZINB,107,2024-02-07,0.1,0.10000526990707397,5693,123.0,0.5747663551401869,0.4252336448598131,0.10000526990707397,0.9602435739797412,5.74736067083531,0.5747663551401869,5.74736067083531,0.5747663551401869,214.0,0.042769484385016945,0.08203056385034252,1855.5174695713506
our_vol4,Our vol4 STNPP-GAT-HCL-ZINB,108,2024-02-21,0.01,0.010012823440546666,570,31.0,0.1497584541062802,0.8502415458937198,0.010012823440546666,2.417153996101365,14.956665819137214,0.1497584541062802,14.956665819137214,0.1497584541062802,207.0,0.026102610261026102,0.05087719298245614,1644.8662546016747
our_vol4,Our vol4 STNPP-GAT-HCL-ZINB,108,2024-02-21,0.02,0.02000808052418009,1139,41.0,0.19806763285024154,0.8019323671497585,0.02000808052418009,1.599843917666569,9.899382032717911,0.19806763285024154,9.899382032717911,0.19806763285024154,207.0,0.018783542039355994,0.03687445127304653,1644.8662546016747
our_vol4,Our vol4 STNPP-GAT-HCL-ZINB,108,2024-02-21,0.03,0.030003337607813516,1708,62.0,0.2995169082125604,0.7004830917874396,0.030003337607813516,1.6133229247983347,9.982786319564651,0.2995169082125604,9.982786319564651,0.2995169082125604,207.0,0.024287856071964018,0.04742388758782201,1644.8662546016747
our_vol4,Our vol4 STNPP-GAT-HCL-ZINB,108,2024-02-21,0.04,0.04001616104836018,2278,74.0,0.357487922705314,0.642512077294686,0.04001616104836018,1.4437615842356843,8.93358866367226,0.357487922705314,8.93358866367226,0.357487922705314,207.0,0.024510906228918373,0.04784899034240562,1644.8662546016747
our_vol4,Our vol4 STNPP-GAT-HCL-ZINB,108,2024-02-21,0.05,0.050011418131993605,2847,88.0,0.4251207729468599,0.5748792270531401,0.050011418131993605,1.3737657573274011,8.500474268193148,0.4251207729468599,8.500474268193148,0.4251207729468599,207.0,0.025945945945945945,0.0505795574288725,1644.8662546016747
our_vol4,Our vol4 STNPP-GAT-HCL-ZINB,108,2024-02-21,0.06,0.06000667521562703,3416,97.0,0.46859903381642515,0.5314009661835748,0.06000667521562703,1.2620348685922456,7.8091151048207355,0.46859903381642515,7.8091151048207355,0.46859903381642515,207.0,0.028296207104154123,0.05503512880562061,1644.8662546016747
our_vol4,Our vol4 STNPP-GAT-HCL-ZINB,108,2024-02-21,0.07,0.07000193229926045,3985,104.0,0.5024154589371981,0.4975845410628019,0.07000193229926045,1.1599052000557648,7.177165578649404,0.5024154589371981,7.177165578649404,0.5024154589371981,207.0,0.029316802273020793,0.056963613550815556,1644.8662546016747
our_vol4,Our vol4 STNPP-GAT-HCL-ZINB,108,2024-02-21,0.08,0.08001475573980713,4555,111.0,0.5362318840579711,0.46376811594202894,0.08001475573980713,1.083058909623125,6.701662450882133,0.5362318840579711,6.701662450882133,0.5362318840579711,207.0,0.032060722782372264,0.062129527991218444,1644.8662546016747
our_vol4,Our vol4 STNPP-GAT-HCL-ZINB,108,2024-02-21,0.09,0.09001001282344055,5124,119.0,0.5748792270531401,0.4251207729468599,0.09001001282344055,1.0321797207043109,6.386836408753728,0.5748792270531401,6.386836408753728,0.5748792270531401,207.0,0.038403080352619315,0.07396565183450429,1644.8662546016747
our_vol4,Our vol4 STNPP-GAT-HCL-ZINB,108,2024-02-21,0.1,0.10000526990707397,5693,130.0,0.6280193236714976,0.3719806763285024,0.10000526990707397,1.014891582255011,6.279862293807719,0.6280193236714976,6.279862293807719,0.6280193236714976,207.0,0.04372536437803649,0.0837871069734762,1644.8662546016747
our_vol4,Our vol4 STNPP-GAT-HCL-ZINB,109,2024-03-06,0.01,0.010012823440546666,570,37.0,0.19170984455958548,0.8082901554404145,0.010012823440546666,2.8849902534113063,19.146432142532493,0.19170984455958548,19.146432142532493,0.19170984455958548,193.0,0.03167420814479638,0.06140350877192982,529.422960264341
our_vol4,Our vol4 STNPP-GAT-HCL-ZINB,109,2024-03-06,0.02,0.02000808052418009,1139,52.0,0.2694300518134715,0.7305699481865284,0.02000808052418009,2.029070334601502,13.466061948714218,0.2694300518134715,13.466061948714218,0.2694300518134715,193.0,0.022900763358778626,0.04477611940298507,529.422960264341
our_vol4,Our vol4 STNPP-GAT-HCL-ZINB,109,2024-03-06,0.03,0.030003337607813516,1708,61.0,0.3160621761658031,0.6839378238341969,0.030003337607813516,1.5873015873015872,10.534233900814211,0.3160621761658031,10.534233900814211,0.3160621761658031,193.0,0.024287856071964018,0.04742388758782201,529.422960264341
our_vol4,Our vol4 STNPP-GAT-HCL-ZINB,109,2024-03-06,0.04,0.04001616104836018,2278,76.0,0.39378238341968913,0.6062176165803108,0.04001616104836018,1.4827821675934054,9.840583731752698,0.39378238341968913,9.840583731752698,0.39378238341968913,193.0,0.025433265811388703,0.04960491659350307,529.422960264341
our_vol4,Our vol4 STNPP-GAT-HCL-ZINB,109,2024-03-06,0.05,0.050011418131993605,2847,78.0,0.40414507772020725,0.5958549222797928,0.050011418131993605,1.21765601217656,8.081056143090354,0.40414507772020725,8.081056143090354,0.40414507772020725,193.0,0.024838012958963283,0.04847207586933614,529.422960264341
our_vol4,Our vol4 STNPP-GAT-HCL-ZINB,109,2024-03-06,0.06,0.06000667521562703,3416,91.0,0.47150259067357514,0.5284974093264249,0.06000667521562703,1.1839708561020037,7.857502335853224,0.47150259067357514,7.857502335853224,0.47150259067357514,193.0,0.028141459744168547,0.0547423887587822,529.422960264341
our_vol4,Our vol4 STNPP-GAT-HCL-ZINB,109,2024-03-06,0.07,0.07000193229926045,3985,95.0,0.49222797927461137,0.5077720207253886,0.07000193229926045,1.0595287885124773,7.031634172187153,0.49222797927461137,7.031634172187153,0.49222797927461137,193.0,0.02918388429752066,0.05671267252195734,529.422960264341
our_vol4,Our vol4 STNPP-GAT-HCL-ZINB,109,2024-03-06,0.08,0.08001475573980713,4555,104.0,0.538860103626943,0.46113989637305697,0.08001475573980713,1.0147578973045495,6.734509137029854,0.538860103626943,6.734509137029854,0.538860103626943,193.0,0.03264565858082068,0.06322722283205269,529.422960264341
our_vol4,Our vol4 STNPP-GAT-HCL-ZINB,109,2024-03-06,0.09,0.09001001282344055,5124,112.0,0.5803108808290155,0.4196891191709845,0.09001001282344055,0.9714632665452337,6.4471814037770026,0.5803108808290155,6.4471814037770026,0.5803108808290155,193.0,0.038403080352619315,0.07396565183450429,529.422960264341
our_vol4,Our vol4 STNPP-GAT-HCL-ZINB,109,2024-03-06,0.1,0.10000526990707397,5693,118.0,0.6113989637305699,0.3886010362694301,0.10000526990707397,0.9212092823545485,6.1136674527121295,0.6113989637305699,6.1136674527121295,0.6113989637305699,193.0,0.045258422840356194,0.08659757597049007,529.422960264341
our_vol4,Our vol4 STNPP-GAT-HCL-ZINB,110,2024-03-20,0.01,0.010012823440546666,570,27.0,0.14516129032258066,0.8548387096774194,0.010012823440546666,2.105263157894737,14.497538200339559,0.14516129032258066,14.497538200339559,0.14516129032258066,186.0,0.02333931777378815,0.0456140350877193,1101.492713504813
our_vol4,Our vol4 STNPP-GAT-HCL-ZINB,110,2024-03-20,0.02,0.02000808052418009,1139,36.0,0.1935483870967742,0.8064516129032258,0.02000808052418009,1.404741000877963,9.673511002860462,0.1935483870967742,9.673511002860462,0.1935483870967742,186.0,0.017873100983020553,0.03511852502194908,1101.492713504813
our_vol4,Our vol4 STNPP-GAT-HCL-ZINB,110,2024-03-20,0.03,0.030003337607813516,1708,46.0,0.24731182795698925,0.7526881720430108,0.030003337607813516,1.1969815248503772,8.242810556269044,0.24731182795698925,8.242810556269044,0.24731182795698925,186.0,0.0215311004784689,0.04215456674473068,1101.492713504813
our_vol4,Our vol4 STNPP-GAT-HCL-ZINB,110,2024-03-20,0.04,0.04001616104836018,2278,53.0,0.2849462365591398,0.7150537634408602,0.04001616104836018,1.0340454589796118,7.120778932661174,0.2849462365591398,7.120778932661174,0.2849462365591398,186.0,0.022900763358778626,0.04477611940298507,1101.492713504813
our_vol4,Our vol4 STNPP-GAT-HCL-ZINB,110,2024-03-20,0.05,0.050011418131993605,2847,60.0,0.3225806451612903,0.6774193548387097,0.050011418131993605,0.9366584709050462,6.450139932243335,0.3225806451612903,6.450139932243335,0.3225806451612903,186.0,0.023916561769465924,0.04671584123638918,1101.492713504813
our_vol4,Our vol4 STNPP-GAT-HCL-ZINB,110,2024-03-20,0.06,0.06000667521562703,3416,67.0,0.3602150537634409,0.6397849462365591,0.06000667521562703,0.8717148061410357,6.002916383369847,0.3602150537634409,6.002916383369847,0.3602150537634409,186.0,0.024748762561871907,0.048302107728337235,1101.492713504813
our_vol4,Our vol4 STNPP-GAT-HCL-ZINB,110,2024-03-20,0.07,0.07000193229926045,3985,78.0,0.41935483870967744,0.5806451612903225,0.07000193229926045,0.8699289000418235,5.990618043469462,0.41935483870967744,5.990618043469462,0.41935483870967744,186.0,0.02745906922779425,0.053450439146800505,1101.492713504813
our_vol4,Our vol4 STNPP-GAT-HCL-ZINB,110,2024-03-20,0.08,0.08001475573980713,4555,90.0,0.4838709677419355,0.5161290322580645,0.08001475573980713,0.8781558726673985,6.0472716971778615,0.4838709677419355,6.0472716971778615,0.4838709677419355,186.0,0.03229461756373938,0.06256860592755215,1101.492713504813
our_vol4,Our vol4 STNPP-GAT-HCL-ZINB,110,2024-03-20,0.09,0.09001001282344055,5124,97.0,0.521505376344086,0.478494623655914,0.09001001282344055,0.8413565790614971,5.7938595938992545,0.521505376344086,5.7938595938992545,0.521505376344086,186.0,0.037772151898734174,0.07279469164715066,1101.492713504813
our_vol4,Our vol4 STNPP-GAT-HCL-ZINB,110,2024-03-20,0.1,0.10000526990707397,5693,104.0,0.5591397849462365,0.4408602150537635,0.10000526990707397,0.8119132658040088,5.59110320351913,0.5591397849462365,5.59110320351913,0.5591397849462365,186.0,0.04516247475674683,0.0864219216581767,1101.492713504813
our_vol4,Our vol4 STNPP-GAT-HCL-ZINB,111,2024-04-03,0.01,0.010012823440546666,570,16.0,0.10666666666666667,0.8933333333333333,0.010012823440546666,1.2475633528265109,10.653005847953215,0.10666666666666667,10.653005847953215,0.10666666666666667,150.0,0.014234875444839857,0.028070175438596492,1425.327277270783
our_vol4,Our vol4 STNPP-GAT-HCL-ZINB,111,2024-04-03,0.02,0.02000808052418009,1139,29.0,0.19333333333333333,0.8066666666666666,0.02000808052418009,1.1315969173739147,9.662762657301727,0.19333333333333333,9.662762657301727,0.19333333333333333,150.0,0.016057091882247992,0.03160667251975417,1425.327277270783
our_vol4,Our vol4 STNPP-GAT-HCL-ZINB,111,2024-04-03,0.03,0.030003337607813516,1708,37.0,0.24666666666666667,0.7533333333333333,0.030003337607813516,0.9627894873796513,8.221307572209211,0.24666666666666667,8.221307572209211,0.24666666666666667,150.0,0.021225710014947684,0.04156908665105386,1425.327277270783
our_vol4,Our vol4 STNPP-GAT-HCL-ZINB,111,2024-04-03,0.04,0.04001616104836018,2278,49.0,0.32666666666666666,0.6733333333333333,0.04001616104836018,0.9560042922641693,8.163368451858355,0.32666666666666666,8.163368451858355,0.32666666666666666,150.0,0.023130473837862115,0.04521510096575944,1425.327277270783
our_vol4,Our vol4 STNPP-GAT-HCL-ZINB,111,2024-04-03,0.05,0.050011418131993605,2847,52.0,0.3466666666666667,0.6533333333333333,0.050011418131993605,0.8117706747843734,6.931750380517504,0.3466666666666667,6.931750380517504,0.3466666666666667,150.0,0.02207862143241788,0.04320337197049526,1425.327277270783
our_vol4,Our vol4 STNPP-GAT-HCL-ZINB,111,2024-04-03,0.06,0.06000667521562703,3416,56.0,0.37333333333333335,0.6266666666666667,0.06000667521562703,0.7285974499089253,6.221530054644809,0.37333333333333335,6.221530054644809,0.37333333333333335,150.0,0.025210084033613446,0.04918032786885246,1425.327277270783
our_vol4,Our vol4 STNPP-GAT-HCL-ZINB,111,2024-04-03,0.07,0.07000193229926045,3985,61.0,0.4066666666666667,0.5933333333333333,0.07000193229926045,0.6803290115711698,5.809363446256797,0.4066666666666667,5.809363446256797,0.4066666666666667,150.0,0.02692951939183095,0.05244667503136763,1425.327277270783
our_vol4,Our vol4 STNPP-GAT-HCL-ZINB,111,2024-04-03,0.08,0.08001475573980713,4555,66.0,0.44,0.56,0.08001475573980713,0.6439809732894256,5.498985729967069,0.44,5.498985729967069,0.44,150.0,0.031710079275198186,0.06147091108671789,1425.327277270783
our_vol4,Our vol4 STNPP-GAT-HCL-ZINB,111,2024-04-03,0.09,0.09001001282344055,5124,73.0,0.4866666666666667,0.5133333333333333,0.09001001282344055,0.6331858790875184,5.406805880822274,0.4866666666666667,5.406805880822274,0.4866666666666667,150.0,0.038403080352619315,0.07396565183450429,1425.327277270783
our_vol4,Our vol4 STNPP-GAT-HCL-ZINB,111,2024-04-03,0.1,0.10000526990707397,5693,80.0,0.5333333333333333,0.4666666666666667,0.10000526990707397,0.6245486660030837,5.333052286433632,0.5333333333333333,5.333052286433632,0.5333333333333333,150.0,0.04429973401816014,0.0848410328473564,1425.327277270783
our_vol4,Our vol4 STNPP-GAT-HCL-ZINB,112,2024-04-17,0.01,0.010012823440546666,570,25.0,0.14619883040935672,0.8538011695906433,0.010012823440546666,1.9493177387914231,14.601159331076227,0.14619883040935672,14.601159331076227,0.14619883040935672,171.0,0.02242152466367713,0.043859649122807015,2018.3251909861342
our_vol4,Our vol4 STNPP-GAT-HCL-ZINB,112,2024-04-17,0.02,0.02000808052418009,1139,41.0,0.23976608187134502,0.760233918128655,0.02000808052418009,1.599843917666569,11.983462460658524,0.23976608187134502,11.983462460658524,0.23976608187134502,171.0,0.02060931899641577,0.04038630377524144,2018.3251909861342
our_vol4,Our vol4 STNPP-GAT-HCL-ZINB,112,2024-04-17,0.03,0.030003337607813516,1708,48.0,0.2807017543859649,0.7192982456140351,0.030003337607813516,1.249024199843872,9.35568429269896,0.2807017543859649,9.35568429269896,0.2807017543859649,171.0,0.023060796645702306,0.045081967213114756,2018.3251909861342
our_vol4,Our vol4 STNPP-GAT-HCL-ZINB,112,2024-04-17,0.04,0.04001616104836018,2278,55.0,0.3216374269005848,0.6783625730994152,0.04001616104836018,1.0730660423373328,8.037688235807547,0.3216374269005848,8.037688235807547,0.3216374269005848,171.0,0.023590204448438554,0.046093064091308165,2018.3251909861342
our_vol4,Our vol4 STNPP-GAT-HCL-ZINB,112,2024-04-17,0.05,0.050011418131993605,2847,65.0,0.38011695906432746,0.6198830409356726,0.050011418131993605,1.0147133434804667,7.600603487409543,0.38011695906432746,7.600603487409543,0.38011695906432746,171.0,0.02410071942446043,0.047067088162978575,2018.3251909861342
our_vol4,Our vol4 STNPP-GAT-HCL-ZINB,112,2024-04-17,0.06,0.06000667521562703,3416,69.0,0.40350877192982454,0.5964912280701755,0.06000667521562703,0.897736143637783,6.724398085377377,0.40350877192982454,6.724398085377377,0.40350877192982454,171.0,0.02845100105374078,0.055327868852459015,2018.3251909861342
our_vol4,Our vol4 STNPP-GAT-HCL-ZINB,112,2024-04-17,0.07,0.07000193229926045,3985,78.0,0.45614035087719296,0.543859649122807,0.07000193229926045,0.8699289000418235,6.516110854300116,0.45614035087719296,6.516110854300116,0.45614035087719296,171.0,0.030514610809412982,0.05922208281053953,2018.3251909861342
our_vol4,Our vol4 STNPP-GAT-HCL-ZINB,112,2024-04-17,0.08,0.08001475573980713,4555,86.0,0.5029239766081871,0.4970760233918129,0.08001475573980713,0.8391267227710697,6.2853903877879835,0.5029239766081871,6.2853903877879835,0.5029239766081871,171.0,0.034521916874858054,0.06673984632272228,2018.3251909861342
our_vol4,Our vol4 STNPP-GAT-HCL-ZINB,112,2024-04-17,0.09,0.09001001282344055,5124,91.0,0.5321637426900585,0.4678362573099415,0.09001001282344055,0.7893139040680024,5.91227271274726,0.5321637426900585,5.91227271274726,0.5321637426900585,171.0,0.039878234398782346,0.07669789227166277,2018.3251909861342
our_vol4,Our vol4 STNPP-GAT-HCL-ZINB,112,2024-04-17,0.1,0.10000526990707397,5693,92.0,0.5380116959064327,0.4619883040935673,0.10000526990707397,0.7182309659035463,5.379833446840944,0.5380116959064327,5.379833446840944,0.5380116959064327,171.0,0.04583448149168733,0.08765150184437027,2018.3251909861342
our_vol4,Our vol4 STNPP-GAT-HCL-ZINB,113,2024-05-01,0.01,0.010012823440546666,570,25.0,0.13966480446927373,0.8603351955307262,0.010012823440546666,1.9493177387914231,13.948593550916396,0.13966480446927373,13.948593550916396,0.13966480446927373,179.0,0.020590868397493287,0.04035087719298246,2388.4161262521498
our_vol4,Our vol4 STNPP-GAT-HCL-ZINB,113,2024-05-01,0.02,0.02000808052418009,1139,43.0,0.24022346368715083,0.7597765363128491,0.02000808052418009,1.6778850843820114,12.006322315468337,0.24022346368715083,12.006322315468337,0.24022346368715083,179.0,0.02060931899641577,0.04038630377524144,2388.4161262521498
our_vol4,Our vol4 STNPP-GAT-HCL-ZINB,113,2024-05-01,0.03,0.030003337607813516,1708,55.0,0.30726256983240224,0.6927374301675977,0.030003337607813516,1.4311735623211033,10.240946318998338,0.30726256983240224,10.240946318998338,0.30726256983240224,179.0,0.025517862503752625,0.049765807962529274,2388.4161262521498
our_vol4,Our vol4 STNPP-GAT-HCL-ZINB,113,2024-05-01,0.04,0.04001616104836018,2278,70.0,0.39106145251396646,0.6089385474860336,0.04001616104836018,1.3657204175202418,9.772587931195158,0.39106145251396646,9.772587931195158,0.39106145251396646,179.0,0.02658855340243353,0.05179982440737489,2388.4161262521498
our_vol4,Our vol4 STNPP-GAT-HCL-ZINB,113,2024-05-01,0.05,0.050011418131993605,2847,74.0,0.4134078212290503,0.5865921787709497,0.050011418131993605,1.1552121141162237,8.266268717634754,0.4134078212290503,8.266268717634754,0.4134078212290503,179.0,0.02724156593902219,0.05303828591499824,2388.4161262521498
our_vol4,Our vol4 STNPP-GAT-HCL-ZINB,113,2024-05-01,0.06,0.06000667521562703,3416,87.0,0.4860335195530726,0.5139664804469274,0.06000667521562703,1.131928181108509,8.099657543207776,0.4860335195530726,8.099657543207776,0.4860335195530726,179.0,0.031245283018867923,0.06059718969555035,2388.4161262521498
our_vol4,Our vol4 STNPP-GAT-HCL-ZINB,113,2024-05-01,0.07,0.07000193229926045,3985,90.0,0.5027932960893855,0.4972067039106145,0.07000193229926045,1.0037641154328734,7.182563103257327,0.5027932960893855,7.182563103257327,0.5027932960893855,179.0,0.03265094584089142,0.06323713927227102,2388.4161262521498
our_vol4,Our vol4 STNPP-GAT-HCL-ZINB,113,2024-05-01,0.08,0.08001475573980713,4555,95.0,0.5307262569832403,0.4692737430167597,0.08001475573980713,0.9269423100378095,6.632854803794713,0.5307262569832403,6.632854803794713,0.5307262569832403,179.0,0.03605140452632776,0.06959385290889133,2388.4161262521498
our_vol4,Our vol4 STNPP-GAT-HCL-ZINB,113,2024-05-01,0.09,0.09001001282344055,5124,104.0,0.5810055865921788,0.4189944134078212,0.09001001282344055,0.9020730332205742,6.454899498035316,0.5810055865921788,6.454899498035316,0.5810055865921788,179.0,0.04167513722301281,0.08001561280249805,2388.4161262521498
our_vol4,Our vol4 STNPP-GAT-HCL-ZINB,113,2024-05-01,0.1,0.10000526990707397,5693,111.0,0.6201117318435754,0.3798882681564246,0.10000526990707397,0.8665612740792786,6.200790542536311,0.6201117318435754,6.200790542536311,0.6201117318435754,179.0,0.04891754951635191,0.09327243983839803,2388.4161262521498
our_vol4,Our vol4 STNPP-GAT-HCL-ZINB,114,2024-05-15,0.01,0.010012823440546666,570,19.0,0.1623931623931624,0.8376068376068376,0.010012823440546666,1.4814814814814816,16.21851851851852,0.1623931623931624,16.21851851851852,0.1623931623931624,117.0,0.01694915254237288,0.03333333333333333,823.6902810734257
our_vol4,Our vol4 STNPP-GAT-HCL-ZINB,114,2024-05-15,0.02,0.02000808052418009,1139,29.0,0.24786324786324787,0.7521367521367521,0.02000808052418009,1.1315969173739147,12.388157252950933,0.24786324786324787,12.388157252950933,0.24786324786324787,117.0,0.01560410164957646,0.030728709394205442,823.6902810734257
our_vol4,Our vol4 STNPP-GAT-HCL-ZINB,114,2024-05-15,0.03,0.030003337607813516,1708,35.0,0.29914529914529914,0.7008547008547008,0.030003337607813516,0.9107468123861566,9.970400728597449,0.29914529914529914,9.970400728597449,0.29914529914529914,117.0,0.019701492537313434,0.03864168618266979,823.6902810734257
our_vol4,Our vol4 STNPP-GAT-HCL-ZINB,114,2024-05-15,0.04,0.04001616104836018,2278,47.0,0.4017094017094017,0.5982905982905983,0.04001616104836018,0.9169837089064481,10.038679153253343,0.4017094017094017,10.038679153253343,0.4017094017094017,117.0,0.02060931899641577,0.04038630377524144,823.6902810734257
our_vol4,Our vol4 STNPP-GAT-HCL-ZINB,114,2024-05-15,0.05,0.050011418131993605,2847,52.0,0.4444444444444444,0.5555555555555556,0.050011418131993605,0.8117706747843734,8.886859462201928,0.4444444444444444,8.886859462201928,0.4444444444444444,117.0,0.02244568145088885,0.04390586582367404,823.6902810734257
our_vol4,Our vol4 STNPP-GAT-HCL-ZINB,114,2024-05-15,0.06,0.06000667521562703,3416,58.0,0.49572649572649574,0.5042735042735043,0.06000667521562703,0.7546187874056727,8.2611891751236,0.49572649572649574,8.2611891751236,0.49572649572649574,117.0,0.026442307692307692,0.05152224824355972,823.6902810734257
our_vol4,Our vol4 STNPP-GAT-HCL-ZINB,114,2024-05-15,0.07,0.07000193229926045,3985,59.0,0.5042735042735043,0.49572649572649574,0.07000193229926045,0.6580231423393281,7.203708350759793,0.5042735042735043,7.203708350759793,0.5042735042735043,117.0,0.027724049000644745,0.053952321204516936,823.6902810734257
our_vol4,Our vol4 STNPP-GAT-HCL-ZINB,114,2024-05-15,0.08,0.08001475573980713,4555,62.0,0.5299145299145299,0.4700854700854701,0.08001475573980713,0.6049518233930967,6.622710086595926,0.5299145299145299,6.622710086595926,0.5299145299145299,117.0,0.030892836935611633,0.059934138309549946,823.6902810734257
our_vol4,Our vol4 STNPP-GAT-HCL-ZINB,114,2024-05-15,0.09,0.09001001282344055,5124,65.0,0.5555555555555556,0.4444444444444444,0.09001001282344055,0.5637956457628589,6.172152831988898,0.5555555555555556,6.172152831988898,0.5555555555555556,117.0,0.036198179979777555,0.06986729117876658,823.6902810734257
our_vol4,Our vol4 STNPP-GAT-HCL-ZINB,114,2024-05-15,0.1,0.10000526990707397,5693,65.0,0.5555555555555556,0.4444444444444444,0.10000526990707397,0.5074457911275055,5.555262798368367,0.5555555555555556,5.555262798368367,0.5555555555555556,117.0,0.04458715596330275,0.0853679957842965,823.6902810734257
our_vol4,Our vol4 STNPP-GAT-HCL-ZINB,115,2024-05-29,0.01,0.010012823440546666,570,17.0,0.15315315315315314,0.8468468468468469,0.010012823440546666,1.3255360623781678,15.295700964122014,0.15315315315315314,15.295700964122014,0.15315315315315314,111.0,0.014234875444839857,0.028070175438596492,2249.5003292290066
our_vol4,Our vol4 STNPP-GAT-HCL-ZINB,115,2024-05-29,0.02,0.02000808052418009,1139,24.0,0.21621621621621623,0.7837837837837838,0.02000808052418009,0.9364940005853087,10.806444723916192,0.21621621621621623,10.806444723916192,0.21621621621621623,111.0,0.011545293072824156,0.0228270412642669,2249.5003292290066
our_vol4,Our vol4 STNPP-GAT-HCL-ZINB,115,2024-05-29,0.03,0.030003337607813516,1708,35.0,0.3153153153153153,0.6846846846846847,0.030003337607813516,0.9107468123861566,10.509341308521636,0.3153153153153153,10.509341308521636,0.3153153153153153,111.0,0.01636417732817614,0.032201405152224825,2249.5003292290066
our_vol4,Our vol4 STNPP-GAT-HCL-ZINB,115,2024-05-29,0.04,0.04001616104836018,2278,38.0,0.34234234234234234,0.6576576576576576,0.04001616104836018,0.7413910837967027,8.555102073100318,0.34234234234234234,8.555102073100318,0.34234234234234234,111.0,0.01651048639000446,0.0324846356453029,2249.5003292290066
our_vol4,Our vol4 STNPP-GAT-HCL-ZINB,115,2024-05-29,0.05,0.050011418131993605,2847,38.0,0.34234234234234234,0.6576576576576576,0.050011418131993605,0.5932170315731959,6.845283639804188,0.34234234234234234,6.845283639804188,0.34234234234234234,111.0,0.01733071288190102,0.03407095187917106,2249.5003292290066
our_vol4,Our vol4 STNPP-GAT-HCL-ZINB,115,2024-05-29,0.06,0.06000667521562703,3416,44.0,0.3963963963963964,0.6036036036036037,0.06000667521562703,0.5724694249284413,6.6058716796421715,0.3963963963963964,6.6058716796421715,0.3963963963963964,111.0,0.021073083246151546,0.041276346604215454,2249.5003292290066
our_vol4,Our vol4 STNPP-GAT-HCL-ZINB,115,2024-05-29,0.07,0.07000193229926045,3985,50.0,0.45045045045045046,0.5495495495495495,0.07000193229926045,0.5576467307960408,6.434828806221529,0.45045045045045046,6.434828806221529,0.45045045045045046,111.0,0.02297522782697985,0.04491844416562108,2249.5003292290066
our_vol4,Our vol4 STNPP-GAT-HCL-ZINB,115,2024-05-29,0.08,0.08001475573980713,4555,54.0,0.4864864864864865,0.5135135135135135,0.08001475573980713,0.5268935236004391,6.079959652297743,0.4864864864864865,6.079959652297743,0.4864864864864865,111.0,0.02902970744380436,0.05642151481888035,2249.5003292290066
our_vol4,Our vol4 STNPP-GAT-HCL-ZINB,115,2024-05-29,0.09,0.09001001282344055,5124,58.0,0.5225225225225225,0.4774774774774775,0.09001001282344055,0.5030791916037818,5.805159960897665,0.5225225225225225,5.805159960897665,0.5225225225225225,111.0,0.03389830508474576,0.06557377049180328,2249.5003292290066
our_vol4,Our vol4 STNPP-GAT-HCL-ZINB,115,2024-05-29,0.1,0.10000526990707397,5693,60.0,0.5405405405405406,0.45945945945945943,0.10000526990707397,0.46841149950231276,5.405120560574628,0.5405405405405406,5.405120560574628,0.5405405405405406,111.0,0.04429973401816014,0.0848410328473564,2249.5003292290066
our_vol4,Our vol4 STNPP-GAT-HCL-ZINB,116,2024-06-12,0.01,0.010012823440546666,570,22.0,0.15384615384615385,0.8461538461538461,0.010012823440546666,1.7153996101364524,15.364912280701754,0.15384615384615385,15.364912280701754,0.15384615384615385,143.0,0.017857142857142856,0.03508771929824561,663.6992960749027
our_vol4,Our vol4 STNPP-GAT-HCL-ZINB,116,2024-06-12,0.02,0.02000808052418009,1139,38.0,0.26573426573426573,0.7342657342657343,0.02000808052418009,1.4827821675934054,13.28134727432357,0.26573426573426573,13.28134727432357,0.26573426573426573,143.0,0.017418490397498883,0.03424056189640035,663.6992960749027
our_vol4,Our vol4 STNPP-GAT-HCL-ZINB,116,2024-06-12,0.03,0.030003337607813516,1708,48.0,0.3356643356643357,0.6643356643356644,0.030003337607813516,1.249024199843872,11.187566531828827,0.3356643356643357,11.187566531828827,0.3356643356643357,143.0,0.02092050209205021,0.040983606557377046,663.6992960749027
our_vol4,Our vol4 STNPP-GAT-HCL-ZINB,116,2024-06-12,0.04,0.04001616104836018,2278,55.0,0.38461538461538464,0.6153846153846154,0.04001616104836018,1.0730660423373328,9.61150131694469,0.38461538461538464,9.61150131694469,0.38461538461538464,143.0,0.02221225039264079,0.043459174714661986,663.6992960749027
our_vol4,Our vol4 STNPP-GAT-HCL-ZINB,116,2024-06-12,0.05,0.050011418131993605,2847,67.0,0.46853146853146854,0.5314685314685315,0.050011418131993605,1.0459352925106349,9.368489957531054,0.46853146853146854,9.368489957531054,0.46853146853146854,143.0,0.022629310344827586,0.044257112750263436,663.6992960749027
our_vol4,Our vol4 STNPP-GAT-HCL-ZINB,116,2024-06-12,0.06,0.06000667521562703,3416,71.0,0.4965034965034965,0.5034965034965035,0.06000667521562703,0.9237574811345303,8.274137747498402,0.4965034965034965,8.274137747498402,0.4965034965034965,143.0,0.023673958645489962,0.04625292740046839,663.6992960749027
our_vol4,Our vol4 STNPP-GAT-HCL-ZINB,116,2024-06-12,0.07,0.07000193229926045,3985,74.0,0.5174825174825175,0.4825174825174825,0.07000193229926045,0.8253171615781403,7.392403330671838,0.5174825174825175,7.392403330671838,0.5174825174825175,143.0,0.025872055605612048,0.050439146800501884,663.6992960749027
our_vol4,Our vol4 STNPP-GAT-HCL-ZINB,116,2024-06-12,0.08,0.08001475573980713,4555,80.0,0.5594405594405595,0.4405594405594405,0.08001475573980713,0.7805829979265765,6.991717393473706,0.5594405594405595,6.991717393473706,0.5594405594405595,143.0,0.030542986425339366,0.059275521405049394,663.6992960749027
our_vol4,Our vol4 STNPP-GAT-HCL-ZINB,116,2024-06-12,0.09,0.09001001282344055,5124,82.0,0.5734265734265734,0.42657342657342656,0.09001001282344055,0.7112498915777604,6.370697608402526,0.5734265734265734,6.370697608402526,0.5734265734265734,143.0,0.035988677719369186,0.06947697111631537,663.6992960749027
our_vol4,Our vol4 STNPP-GAT-HCL-ZINB,116,2024-06-12,0.1,0.10000526990707397,5693,85.0,0.5944055944055944,0.4055944055944056,0.10000526990707397,0.6635829576282765,5.943742714338183,0.5944055944055944,5.943742714338183,0.5944055944055944,143.0,0.04641117544343351,0.08870542771825048,663.6992960749027
our_vol4,Our vol4 STNPP-GAT-HCL-ZINB,117,2024-06-26,0.01,0.010012823440546666,570,17.0,0.1588785046728972,0.8411214953271028,0.010012823440546666,1.3255360623781678,15.867502869322838,0.1588785046728972,15.867502869322838,0.1588785046728972,107.0,0.014234875444839857,0.028070175438596492,1077.2063721742263
our_vol4,Our vol4 STNPP-GAT-HCL-ZINB,117,2024-06-26,0.02,0.02000808052418009,1139,27.0,0.2523364485981308,0.7476635514018692,0.02000808052418009,1.0535557506584723,12.611726961673217,0.2523364485981308,12.611726961673217,0.2523364485981308,107.0,0.013796172674677348,0.027216856892010536,1077.2063721742263
our_vol4,Our vol4 STNPP-GAT-HCL-ZINB,117,2024-06-26,0.03,0.030003337607813516,1708,35.0,0.32710280373831774,0.6728971962616823,0.030003337607813516,0.9107468123861566,10.902213880802819,0.32710280373831774,10.902213880802819,0.32710280373831774,107.0,0.016666666666666666,0.03278688524590164,1077.2063721742263
our_vol4,Our vol4 STNPP-GAT-HCL-ZINB,117,2024-06-26,0.04,0.04001616104836018,2278,39.0,0.3644859813084112,0.6355140186915889,0.04001616104836018,0.7609013754755634,9.108469472319547,0.3644859813084112,9.108469472319547,0.3644859813084112,107.0,0.01719133735208752,0.033801580333625986,1077.2063721742263
our_vol4,Our vol4 STNPP-GAT-HCL-ZINB,117,2024-06-26,0.05,0.050011418131993605,2847,47.0,0.4392523364485981,0.5607476635514019,0.050011418131993605,0.7337158022089528,8.78304101054069,0.4392523364485981,8.78304101054069,0.4392523364485981,107.0,0.018422464675371134,0.036178433438707414,1077.2063721742263
our_vol4,Our vol4 STNPP-GAT-HCL-ZINB,117,2024-06-26,0.06,0.06000667521562703,3416,55.0,0.514018691588785,0.485981308411215,0.06000667521562703,0.7155867811605516,8.566025192059357,0.514018691588785,8.566025192059357,0.514018691588785,107.0,0.021683864214146854,0.042447306791569085,1077.2063721742263
our_vol4,Our vol4 STNPP-GAT-HCL-ZINB,117,2024-06-26,0.07,0.07000193229926045,3985,61.0,0.5700934579439252,0.4299065420560748,0.07000193229926045,0.6803290115711698,8.143967448023545,0.5700934579439252,8.143967448023545,0.5700934579439252,107.0,0.023895169578622817,0.04667503136762861,1077.2063721742263
our_vol4,Our vol4 STNPP-GAT-HCL-ZINB,117,2024-06-26,0.08,0.08001475573980713,4555,65.0,0.6074766355140186,0.39252336448598135,0.08001475573980713,0.6342236858153434,7.592057613590898,0.6074766355140186,7.592057613590898,0.6074766355140186,107.0,0.02891348543031398,0.0562019758507135,1077.2063721742263
our_vol4,Our vol4 STNPP-GAT-HCL-ZINB,117,2024-06-26,0.09,0.09001001282344055,5124,65.0,0.6074766355140186,0.39252336448598135,0.09001001282344055,0.5637956457628589,6.748989545258887,0.6074766355140186,6.748989545258887,0.6074766355140186,107.0,0.03400262334779538,0.06576893052302889,1077.2063721742263
our_vol4,Our vol4 STNPP-GAT-HCL-ZINB,117,2024-06-26,0.1,0.10000526990707397,5693,66.0,0.616822429906542,0.383177570093458,0.10000526990707397,0.515252649452544,6.167899256506186,0.616822429906542,6.167899256506186,0.616822429906542,107.0,0.04343841642228739,0.0832601440365361,1077.2063721742263
our_vol4,Our vol4 STNPP-GAT-HCL-ZINB,118,2024-07-10,0.01,0.010012823440546666,570,18.0,0.13740458015267176,0.8625954198473282,0.010012823440546666,1.4035087719298247,13.722860586580955,0.13740458015267176,13.722860586580955,0.13740458015267176,131.0,0.014234875444839857,0.028070175438596492,973.6583503650419
our_vol4,Our vol4 STNPP-GAT-HCL-ZINB,118,2024-07-10,0.02,0.02000808052418009,1139,25.0,0.19083969465648856,0.8091603053435115,0.02000808052418009,0.9755145839430299,9.538131077884042,0.19083969465648856,9.538131077884042,0.19083969465648856,131.0,0.011994669035984007,0.02370500438981563,973.6583503650419
our_vol4,Our vol4 STNPP-GAT-HCL-ZINB,118,2024-07-10,0.03,0.030003337607813516,1708,35.0,0.26717557251908397,0.732824427480916,0.030003337607813516,0.9107468123861566,8.904861719434363,0.26717557251908397,8.904861719434363,0.26717557251908397,131.0,0.01757521596663688,0.03454332552693208,973.6583503650419
our_vol4,Our vol4 STNPP-GAT-HCL-ZINB,118,2024-07-10,0.04,0.04001616104836018,2278,40.0,0.3053435114503817,0.6946564885496183,0.04001616104836018,0.7804116671544239,7.630504862307234,0.3053435114503817,7.630504862307234,0.3053435114503817,131.0,0.01923937360178971,0.03775241439859526,973.6583503650419
our_vol4,Our vol4 STNPP-GAT-HCL-ZINB,118,2024-07-10,0.05,0.050011418131993605,2847,45.0,0.3435114503816794,0.6564885496183206,0.050011418131993605,0.7024938531787847,6.868660462198055,0.3435114503816794,6.868660462198055,0.3435114503816794,131.0,0.020795984223736106,0.040744643484369514,973.6583503650419
our_vol4,Our vol4 STNPP-GAT-HCL-ZINB,118,2024-07-10,0.06,0.06000667521562703,3416,49.0,0.37404580152671757,0.6259541984732824,0.06000667521562703,0.6375227686703097,6.2334032036040545,0.37404580152671757,6.2334032036040545,0.37404580152671757,131.0,0.023827364004196015,0.046545667447306795,973.6583503650419
our_vol4,Our vol4 STNPP-GAT-HCL-ZINB,118,2024-07-10,0.07,0.07000193229926045,3985,51.0,0.3893129770992366,0.6106870229007634,0.07000193229926045,0.5687996654119616,5.561460438476347,0.3893129770992366,5.561460438476347,0.3893129770992366,131.0,0.026004119464469618,0.0506900878293601,973.6583503650419
our_vol4,Our vol4 STNPP-GAT-HCL-ZINB,118,2024-07-10,0.08,0.08001475573980713,4555,57.0,0.4351145038167939,0.5648854961832062,0.08001475573980713,0.5561653860226857,5.437928289523299,0.4351145038167939,5.437928289523299,0.4351145038167939,131.0,0.0311262026032824,0.06037321624588365,973.6583503650419
our_vol4,Our vol4 STNPP-GAT-HCL-ZINB,118,2024-07-10,0.09,0.09001001282344055,5124,59.0,0.45038167938931295,0.549618320610687,0.09001001282344055,0.5117529707693642,5.003684204253594,0.45038167938931295,5.003684204253594,0.45038167938931295,131.0,0.03672230652503793,0.07084309133489461,973.6583503650419
our_vol4,Our vol4 STNPP-GAT-HCL-ZINB,118,2024-07-10,0.1,0.10000526990707397,5693,62.0,0.4732824427480916,0.5267175572519084,0.10000526990707397,0.48402521615238986,4.732575025174884,0.4732824427480916,4.732575025174884,0.4732824427480916,131.0,0.046026642168121266,0.08800281046899701,973.6583503650419
our_vol4,Our vol4 STNPP-GAT-HCL-ZINB,119,2024-07-24,0.01,0.010012823440546666,570,27.0,0.19708029197080293,0.8029197080291971,0.010012823440546666,2.105263157894737,19.682789089512102,0.19708029197080293,19.682789089512102,0.19708029197080293,137.0,0.02242152466367713,0.043859649122807015,1143.9184310962703
our_vol4,Our vol4 STNPP-GAT-HCL-ZINB,119,2024-07-24,0.02,0.02000808052418009,1139,39.0,0.2846715328467153,0.7153284671532847,0.02000808052418009,1.5218027509511267,14.22782822683491,0.2846715328467153,14.22782822683491,0.2846715328467153,137.0,0.017873100983020553,0.03511852502194908,1143.9184310962703
our_vol4,Our vol4 STNPP-GAT-HCL-ZINB,119,2024-07-24,0.03,0.030003337607813516,1708,50.0,0.36496350364963503,0.635036496350365,0.030003337607813516,1.3010668748373666,12.1640968221679,0.36496350364963503,12.1640968221679,0.36496350364963503,137.0,0.020005971931919976,0.039227166276346606,1143.9184310962703
our_vol4,Our vol4 STNPP-GAT-HCL-ZINB,119,2024-07-24,0.04,0.04001616104836018,2278,56.0,0.40875912408759124,0.5912408759124088,0.04001616104836018,1.0925763340161936,10.214851034650707,0.40875912408759124,10.214851034650707,0.40875912408759124,137.0,0.0210667861945316,0.041264266900790166,1143.9184310962703
our_vol4,Our vol4 STNPP-GAT-HCL-ZINB,119,2024-07-24,0.05,0.050011418131993605,2847,59.0,0.4306569343065693,0.5693430656934306,0.050011418131993605,0.9210474963899621,8.611172216111722,0.4306569343065693,8.611172216111722,0.4306569343065693,137.0,0.021162123385939743,0.0414471373375483,1143.9184310962703
our_vol4,Our vol4 STNPP-GAT-HCL-ZINB,119,2024-07-24,0.06,0.06000667521562703,3416,63.0,0.45985401459854014,0.5401459854014599,0.06000667521562703,0.819672131147541,7.663380997965777,0.45985401459854014,7.663380997965777,0.45985401459854014,137.0,0.025825825825825825,0.05035128805620609,1143.9184310962703
our_vol4,Our vol4 STNPP-GAT-HCL-ZINB,119,2024-07-24,0.07,0.07000193229926045,3985,70.0,0.5109489051094891,0.4890510948905109,0.07000193229926045,0.780705423114457,7.2990685874950785,0.5109489051094891,7.2990685874950785,0.5109489051094891,137.0,0.02838709677419355,0.05520702634880803,1143.9184310962703
our_vol4,Our vol4 STNPP-GAT-HCL-ZINB,119,2024-07-24,0.08,0.08001475573980713,4555,72.0,0.5255474452554745,0.4744525547445255,0.08001475573980713,0.7025246981339188,6.568131595182963,0.5255474452554745,6.568131595182963,0.5255474452554745,137.0,0.03393485415957326,0.06564215148188804,1143.9184310962703
our_vol4,Our vol4 STNPP-GAT-HCL-ZINB,119,2024-07-24,0.09,0.09001001282344055,5124,81.0,0.5912408759124088,0.4087591240875912,0.09001001282344055,0.702576112412178,6.568612283970666,0.5912408759124088,6.568612283970666,0.5912408759124088,137.0,0.04114599207558671,0.07903981264637003,1143.9184310962703
our_vol4,Our vol4 STNPP-GAT-HCL-ZINB,119,2024-07-24,0.1,0.10000526990707397,5693,83.0,0.6058394160583942,0.3941605839416058,0.10000526990707397,0.6479692409781993,6.058074905665942,0.6058394160583942,6.058074905665942,0.6058394160583942,137.0,0.0502721151185315,0.09573160021078518,1143.9184310962703
our_vol4,Our vol4 STNPP-GAT-HCL-ZINB,120,2024-08-07,0.01,0.010012823440546666,570,25.0,0.21739130434782608,0.782608695652174,0.010012823440546666,1.9493177387914231,21.711289092295956,0.21739130434782608,21.711289092295956,0.21739130434782608,115.0,0.020590868397493287,0.04035087719298246,293.6957258682063
our_vol4,Our vol4 STNPP-GAT-HCL-ZINB,120,2024-08-07,0.02,0.02000808052418009,1139,35.0,0.30434782608695654,0.6956521739130435,0.02000808052418009,1.3657204175202418,15.211245562468987,0.30434782608695654,15.211245562468987,0.30434782608695654,115.0,0.01560410164957646,0.030728709394205442,293.6957258682063
our_vol4,Our vol4 STNPP-GAT-HCL-ZINB,120,2024-08-07,0.03,0.030003337607813516,1708,38.0,0.33043478260869563,0.6695652173913044,0.030003337607813516,0.9888108248763987,11.01326748803584,0.33043478260869563,11.01326748803584,0.33043478260869563,115.0,0.014553014553014554,0.028688524590163935,293.6957258682063
our_vol4,Our vol4 STNPP-GAT-HCL-ZINB,120,2024-08-07,0.04,0.04001616104836018,2278,46.0,0.4,0.6,0.04001616104836018,0.8974734172275876,9.995961369622476,0.4,9.995961369622476,0.4,115.0,0.016057091882247992,0.03160667251975417,293.6957258682063
our_vol4,Our vol4 STNPP-GAT-HCL-ZINB,120,2024-08-07,0.05,0.050011418131993605,2847,50.0,0.43478260869565216,0.5652173913043479,0.050011418131993605,0.7805487257542052,8.693666865197539,0.43478260869565216,8.693666865197539,0.43478260869565216,115.0,0.016422706176365584,0.032314717246224096,293.6957258682063
our_vol4,Our vol4 STNPP-GAT-HCL-ZINB,120,2024-08-07,0.06,0.06000667521562703,3416,54.0,0.46956521739130436,0.5304347826086957,0.06000667521562703,0.702576112412178,7.825216373078098,0.46956521739130436,7.825216373078098,0.46956521739130436,115.0,0.021225710014947684,0.04156908665105386,293.6957258682063
our_vol4,Our vol4 STNPP-GAT-HCL-ZINB,120,2024-08-07,0.07,0.07000193229926045,3985,58.0,0.5043478260869565,0.4956521739130435,0.07000193229926045,0.6468702077234073,7.20477006164421,0.5043478260869565,7.20477006164421,0.5043478260869565,115.0,0.023106546854942234,0.0451693851944793,293.6957258682063
our_vol4,Our vol4 STNPP-GAT-HCL-ZINB,120,2024-08-07,0.08,0.08001475573980713,4555,62.0,0.5391304347826087,0.4608695652173913,0.08001475573980713,0.6049518233930967,6.7378876533193335,0.5391304347826087,6.7378876533193335,0.5391304347826087,115.0,0.028681120144534777,0.0557628979143798,293.6957258682063
our_vol4,Our vol4 STNPP-GAT-HCL-ZINB,120,2024-08-07,0.09,0.09001001282344055,5124,66.0,0.5739130434782609,0.4260869565217391,0.09001001282344055,0.5724694249284413,6.376102229915487,0.5739130434782609,6.376102229915487,0.5739130434782609,115.0,0.034942435871541104,0.06752537080405933,293.6957258682063
our_vol4,Our vol4 STNPP-GAT-HCL-ZINB,120,2024-08-07,0.1,0.10000526990707397,5693,69.0,0.6,0.4,0.10000526990707397,0.5386732244276597,5.999683822237836,0.6,5.999683822237836,0.6,115.0,0.04564239140416935,0.08730019321974354,293.6957258682063
our_vol4,Our vol4 STNPP-GAT-HCL-ZINB,121,2024-08-21,0.01,0.010012823440546666,570,31.0,0.2440944881889764,0.7559055118110236,0.010012823440546666,2.417153996101365,24.37818759497168,0.2440944881889764,24.37818759497168,0.2440944881889764,127.0,0.02702702702702703,0.05263157894736842,1494.0180284485089
our_vol4,Our vol4 STNPP-GAT-HCL-ZINB,121,2024-08-21,0.02,0.02000808052418009,1139,43.0,0.33858267716535434,0.6614173228346456,0.02000808052418009,1.6778850843820114,16.9222968068412,0.33858267716535434,16.9222968068412,0.33858267716535434,127.0,0.01923937360178971,0.03775241439859526,1494.0180284485089
our_vol4,Our vol4 STNPP-GAT-HCL-ZINB,121,2024-08-21,0.03,0.030003337607813516,1708,50.0,0.3937007874015748,0.6062992125984252,0.030003337607813516,1.3010668748373666,13.1218997215512,0.3937007874015748,13.1218997215512,0.3937007874015748,127.0,0.018485390578413835,0.03629976580796253,1494.0180284485089
our_vol4,Our vol4 STNPP-GAT-HCL-ZINB,121,2024-08-21,0.04,0.04001616104836018,2278,55.0,0.4330708661417323,0.5669291338582677,0.04001616104836018,1.0730660423373328,10.822399120654255,0.4330708661417323,10.822399120654255,0.4330708661417323,127.0,0.018100558659217877,0.03555750658472344,1494.0180284485089
our_vol4,Our vol4 STNPP-GAT-HCL-ZINB,121,2024-08-21,0.05,0.050011418131993605,2847,64.0,0.5039370078740157,0.49606299212598426,0.050011418131993605,0.9991023689653826,10.07643907525258,0.5039370078740157,10.07643907525258,0.5039370078740157,127.0,0.01933404940923738,0.037934668071654375,1494.0180284485089
our_vol4,Our vol4 STNPP-GAT-HCL-ZINB,121,2024-08-21,0.06,0.06000667521562703,3416,66.0,0.5196850393700787,0.4803149606299213,0.06000667521562703,0.8587041373926619,8.660453816223791,0.5196850393700787,8.660453816223791,0.5196850393700787,127.0,0.021683864214146854,0.042447306791569085,1494.0180284485089
our_vol4,Our vol4 STNPP-GAT-HCL-ZINB,121,2024-08-21,0.07,0.07000193229926045,3985,73.0,0.5748031496062992,0.4251968503937008,0.07000193229926045,0.8141642269622195,8.21124690028552,0.5748031496062992,8.21124690028552,0.5748031496062992,127.0,0.024026724913272516,0.046925972396486826,1494.0180284485089
our_vol4,Our vol4 STNPP-GAT-HCL-ZINB,121,2024-08-21,0.08,0.08001475573980713,4555,79.0,0.6220472440944882,0.3779527559055118,0.08001475573980713,0.7708257104524943,7.774156633274847,0.6220472440944882,7.774156633274847,0.6220472440944882,127.0,0.0301933732896076,0.05861690450054885,1494.0180284485089
our_vol4,Our vol4 STNPP-GAT-HCL-ZINB,121,2024-08-21,0.09,0.09001001282344055,5124,83.0,0.6535433070866141,0.3464566929133859,0.09001001282344055,0.7199236707433428,7.260784512591663,0.6535433070866141,7.260784512591663,0.6535433070866141,127.0,0.036198179979777555,0.06986729117876658,1494.0180284485089
our_vol4,Our vol4 STNPP-GAT-HCL-ZINB,121,2024-08-21,0.1,0.10000526990707397,5693,85.0,0.6692913385826772,0.3307086614173228,0.10000526990707397,0.6635829576282765,6.692560694097324,0.6692913385826772,6.692560694097324,0.6692913385826772,127.0,0.04516247475674683,0.0864219216581767,1494.0180284485089
our_vol4,Our vol4 STNPP-GAT-HCL-ZINB,122,2024-09-04,0.01,0.010012823440546666,570,17.0,0.15454545454545454,0.8454545454545455,0.010012823440546666,1.3255360623781678,15.43475279106858,0.15454545454545454,15.43475279106858,0.15454545454545454,110.0,0.015138023152270703,0.02982456140350877,3059.1769076323476
our_vol4,Our vol4 STNPP-GAT-HCL-ZINB,122,2024-09-04,0.02,0.02000808052418009,1139,27.0,0.24545454545454545,0.7545454545454545,0.02000808052418009,1.0535557506584723,12.267770771809403,0.24545454545454545,12.267770771809403,0.24545454545454545,110.0,0.012894619831036016,0.025460930640913083,3059.1769076323476
our_vol4,Our vol4 STNPP-GAT-HCL-ZINB,122,2024-09-04,0.03,0.030003337607813516,1708,36.0,0.32727272727272727,0.6727272727272727,0.030003337607813516,0.936768149882904,10.907877368533105,0.32727272727272727,10.907877368533105,0.32727272727272727,110.0,0.016666666666666666,0.03278688524590164,3059.1769076323476
our_vol4,Our vol4 STNPP-GAT-HCL-ZINB,122,2024-09-04,0.04,0.04001616104836018,2278,43.0,0.39090909090909093,0.6090909090909091,0.04001616104836018,0.8389425421910057,9.768780429403785,0.39090909090909093,9.768780429403785,0.39090909090909093,110.0,0.017418490397498883,0.03424056189640035,3059.1769076323476
our_vol4,Our vol4 STNPP-GAT-HCL-ZINB,122,2024-09-04,0.05,0.050011418131993605,2847,48.0,0.43636363636363634,0.5636363636363637,0.050011418131993605,0.7493267767240369,8.725280199252802,0.43636363636363634,8.725280199252802,0.43636363636363634,110.0,0.019516562220232767,0.03828591499824376,3059.1769076323476
our_vol4,Our vol4 STNPP-GAT-HCL-ZINB,122,2024-09-04,0.06,0.06000667521562703,3416,56.0,0.509090909090909,0.49090909090909096,0.06000667521562703,0.7285974499089253,8.483904619970193,0.509090909090909,8.483904619970193,0.509090909090909,110.0,0.024287856071964018,0.04742388758782201,3059.1769076323476
our_vol4,Our vol4 STNPP-GAT-HCL-ZINB,122,2024-09-04,0.07,0.07000193229926045,3985,58.0,0.5272727272727272,0.4727272727272728,0.07000193229926045,0.6468702077234073,7.532259609900764,0.5272727272727272,7.532259609900764,0.5272727272727272,110.0,0.02560802985458757,0.049937264742785446,3059.1769076323476
our_vol4,Our vol4 STNPP-GAT-HCL-ZINB,122,2024-09-04,0.08,0.08001475573980713,4555,60.0,0.5454545454545454,0.4545454545454546,0.08001475573980713,0.5854372484449323,6.816924458636862,0.5454545454545454,6.816924458636862,0.5454545454545454,110.0,0.030892836935611633,0.059934138309549946,3059.1769076323476
our_vol4,Our vol4 STNPP-GAT-HCL-ZINB,122,2024-09-04,0.09,0.09001001282344055,5124,64.0,0.5818181818181818,0.4181818181818182,0.09001001282344055,0.5551218665972764,6.463927329501099,0.5818181818181818,6.463927329501099,0.5818181818181818,110.0,0.036617438802346754,0.070647931303669,3059.1769076323476
our_vol4,Our vol4 STNPP-GAT-HCL-ZINB,122,2024-09-04,0.1,0.10000526990707397,5693,66.0,0.6,0.4,0.10000526990707397,0.515252649452544,5.999683822237836,0.6,5.999683822237836,0.6,110.0,0.04660354812023164,0.08905673634287722,3059.1769076323476
our_vol4,Our vol4 STNPP-GAT-HCL-ZINB,123,2024-09-18,0.01,0.010012823440546666,570,16.0,0.12598425196850394,0.8740157480314961,0.010012823440546666,1.2475633528265109,12.582290371598287,0.12598425196850394,12.582290371598287,0.12598425196850394,127.0,0.013333333333333334,0.02631578947368421,388.51727852014614
our_vol4,Our vol4 STNPP-GAT-HCL-ZINB,123,2024-09-18,0.02,0.02000808052418009,1139,29.0,0.2283464566929134,0.7716535433070866,0.02000808052418009,1.1315969173739147,11.41271179996267,0.2283464566929134,11.41271179996267,0.2283464566929134,127.0,0.014247551202137132,0.028094820017559263,388.51727852014614
our_vol4,Our vol4 STNPP-GAT-HCL-ZINB,123,2024-09-18,0.03,0.030003337607813516,1708,34.0,0.2677165354330709,0.7322834645669292,0.030003337607813516,0.8847254748894093,8.922891810654816,0.2677165354330709,8.922891810654816,0.2677165354330709,127.0,0.015156017830609212,0.029859484777517563,388.51727852014614
our_vol4,Our vol4 STNPP-GAT-HCL-ZINB,123,2024-09-18,0.04,0.04001616104836018,2278,39.0,0.30708661417322836,0.6929133858267716,0.04001616104836018,0.7609013754755634,7.674064831009382,0.30708661417322836,7.674064831009382,0.30708661417322836,127.0,0.016964285714285713,0.033362598770851626,388.51727852014614
our_vol4,Our vol4 STNPP-GAT-HCL-ZINB,123,2024-09-18,0.05,0.050011418131993605,2847,49.0,0.3858267716535433,0.6141732283464567,0.050011418131993605,0.764937751239121,7.714773666990256,0.3858267716535433,7.714773666990256,0.3858267716535433,127.0,0.020795984223736106,0.040744643484369514,388.51727852014614
our_vol4,Our vol4 STNPP-GAT-HCL-ZINB,123,2024-09-18,0.06,0.06000667521562703,3416,52.0,0.4094488188976378,0.5905511811023623,0.06000667521562703,0.6765547749154307,6.823387855206623,0.4094488188976378,6.823387855206623,0.4094488188976378,127.0,0.025056264066016503,0.04888758782201405,388.51727852014614
our_vol4,Our vol4 STNPP-GAT-HCL-ZINB,123,2024-09-18,0.07,0.07000193229926045,3985,53.0,0.41732283464566927,0.5826771653543308,0.07000193229926045,0.5911055346438032,5.9615902152757885,0.41732283464566927,5.9615902152757885,0.41732283464566927,127.0,0.02958274124790079,0.057465495608531994,388.51727852014614
our_vol4,Our vol4 STNPP-GAT-HCL-ZINB,123,2024-09-18,0.08,0.08001475573980713,4555,58.0,0.4566929133858268,0.5433070866141732,0.08001475573980713,0.565922673496768,5.70760866746761,0.4566929133858268,5.70760866746761,0.4566929133858268,127.0,0.03229461756373938,0.06256860592755215,388.51727852014614
our_vol4,Our vol4 STNPP-GAT-HCL-ZINB,123,2024-09-18,0.09,0.09001001282344055,5124,66.0,0.5196850393700787,0.4803149606299213,0.09001001282344055,0.5724694249284413,5.773635877482527,0.5196850393700787,5.773635877482527,0.5196850393700787,127.0,0.040406091370558374,0.07767369242779079,388.51727852014614
our_vol4,Our vol4 STNPP-GAT-HCL-ZINB,123,2024-09-18,0.1,0.10000526990707397,5693,70.0,0.5511811023622047,0.44881889763779526,0.10000526990707397,0.5464800827526982,5.511520571609561,0.5511811023622047,5.511520571609561,0.5511811023622047,127.0,0.050659776690966135,0.09643421746003865,388.51727852014614
our_vol4,Our vol4 STNPP-GAT-HCL-ZINB,124,2024-10-02,0.01,0.010012823440546666,570,20.0,0.16806722689075632,0.8319327731092436,0.010012823440546666,1.5594541910331385,16.785198289842253,0.16806722689075632,16.785198289842253,0.16806722689075632,119.0,0.017857142857142856,0.03508771929824561,571.0066133259063
our_vol4,Our vol4 STNPP-GAT-HCL-ZINB,124,2024-10-02,0.02,0.02000808052418009,1139,35.0,0.29411764705882354,0.7058823529411764,0.02000808052418009,1.3657204175202418,14.699943190621289,0.29411764705882354,14.699943190621289,0.29411764705882354,119.0,0.016964285714285713,0.033362598770851626,571.0066133259063
our_vol4,Our vol4 STNPP-GAT-HCL-ZINB,124,2024-10-02,0.03,0.030003337607813516,1708,42.0,0.35294117647058826,0.6470588235294117,0.030003337607813516,1.092896174863388,11.763397162143546,0.35294117647058826,11.763397162143546,0.35294117647058826,119.0,0.01939719486720382,0.038056206088992975,571.0066133259063
our_vol4,Our vol4 STNPP-GAT-HCL-ZINB,124,2024-10-02,0.04,0.04001616104836018,2278,49.0,0.4117647058823529,0.5882352941176471,0.04001616104836018,0.9560042922641693,10.289960233434902,0.4117647058823529,10.289960233434902,0.4117647058823529,119.0,0.019695613249776187,0.038630377524143986,571.0066133259063
our_vol4,Our vol4 STNPP-GAT-HCL-ZINB,124,2024-10-02,0.05,0.050011418131993605,2847,54.0,0.453781512605042,0.546218487394958,0.050011418131993605,0.8429926238145415,9.073558190399448,0.453781512605042,9.073558190399448,0.453781512605042,119.0,0.02244568145088885,0.04390586582367404,571.0066133259063
our_vol4,Our vol4 STNPP-GAT-HCL-ZINB,124,2024-10-02,0.06,0.06000667521562703,3416,59.0,0.4957983193277311,0.5042016806722689,0.06000667521562703,0.7676294561540463,8.262386101981777,0.4957983193277311,8.262386101981777,0.4957983193277311,119.0,0.026288117770767613,0.05122950819672131,571.0066133259063
our_vol4,Our vol4 STNPP-GAT-HCL-ZINB,124,2024-10-02,0.07,0.07000193229926045,3985,62.0,0.5210084033613446,0.4789915966386554,0.07000193229926045,0.6914819461870905,7.442771738557406,0.5210084033613446,7.442771738557406,0.5210084033613446,119.0,0.029848817676702416,0.05796737766624843,571.0066133259063
our_vol4,Our vol4 STNPP-GAT-HCL-ZINB,124,2024-10-02,0.08,0.08001475573980713,4555,64.0,0.5378151260504201,0.46218487394957986,0.08001475573980713,0.6244663983412612,6.721449326162956,0.5378151260504201,6.721449326162956,0.5378151260504201,119.0,0.033465683494044246,0.06476399560922064,571.0066133259063
our_vol4,Our vol4 STNPP-GAT-HCL-ZINB,124,2024-10-02,0.09,0.09001001282344055,5124,67.0,0.5630252100840336,0.4369747899159664,0.09001001282344055,0.5811432040940238,6.255139760822361,0.5630252100840336,6.255139760822361,0.5630252100840336,119.0,0.04199288256227758,0.08060109289617487,571.0066133259063
our_vol4,Our vol4 STNPP-GAT-HCL-ZINB,124,2024-10-02,0.1,0.10000526990707397,5693,70.0,0.5882352941176471,0.4117647058823529,0.10000526990707397,0.5464800827526982,5.882042962978271,0.5882352941176471,5.882042962978271,0.5882352941176471,119.0,0.049691158845763805,0.09467767433690497,571.0066133259063
our_vol4,Our vol4 STNPP-GAT-HCL-ZINB,125,2024-10-16,0.01,0.010012823440546666,570,17.0,0.1349206349206349,0.8650793650793651,0.010012823440546666,1.3255360623781678,13.474784182678919,0.1349206349206349,13.474784182678919,0.1349206349206349,126.0,0.015138023152270703,0.02982456140350877,1212.6129889570523
our_vol4,Our vol4 STNPP-GAT-HCL-ZINB,125,2024-10-16,0.02,0.02000808052418009,1139,29.0,0.23015873015873015,0.7698412698412699,0.02000808052418009,1.1315969173739147,11.50328887774015,0.23015873015873015,11.50328887774015,0.23015873015873015,126.0,0.014699331848552339,0.02897278314310799,1212.6129889570523
our_vol4,Our vol4 STNPP-GAT-HCL-ZINB,125,2024-10-16,0.03,0.030003337607813516,1708,39.0,0.30952380952380953,0.6904761904761905,0.030003337607813516,1.014832162373146,10.316312590610014,0.30952380952380953,10.316312590610014,0.30952380952380953,126.0,0.01757521596663688,0.03454332552693208,1212.6129889570523
our_vol4,Our vol4 STNPP-GAT-HCL-ZINB,125,2024-10-16,0.04,0.04001616104836018,2278,45.0,0.35714285714285715,0.6428571428571428,0.04001616104836018,0.8779631255487269,8.924965508591496,0.35714285714285715,8.924965508591496,0.35714285714285715,126.0,0.017418490397498883,0.03424056189640035,1212.6129889570523
our_vol4,Our vol4 STNPP-GAT-HCL-ZINB,125,2024-10-16,0.05,0.050011418131993605,2847,47.0,0.373015873015873,0.626984126984127,0.050011418131993605,0.7337158022089528,7.458614191490904,0.373015873015873,7.458614191490904,0.373015873015873,126.0,0.02097902097902098,0.0410958904109589,1212.6129889570523
our_vol4,Our vol4 STNPP-GAT-HCL-ZINB,125,2024-10-16,0.06,0.06000667521562703,3416,51.0,0.40476190476190477,0.5952380952380952,0.06000667521562703,0.663544106167057,6.7452813092450095,0.40476190476190477,6.7452813092450095,0.40476190476190477,126.0,0.023673958645489962,0.04625292740046839,1212.6129889570523
our_vol4,Our vol4 STNPP-GAT-HCL-ZINB,125,2024-10-16,0.07,0.07000193229926045,3985,58.0,0.4603174603174603,0.5396825396825398,0.07000193229926045,0.6468702077234073,6.575782199119715,0.4603174603174603,6.575782199119715,0.4603174603174603,126.0,0.026797217212058747,0.05219573400250941,1212.6129889570523
our_vol4,Our vol4 STNPP-GAT-HCL-ZINB,125,2024-10-16,0.08,0.08001475573980713,4555,60.0,0.47619047619047616,0.5238095238095238,0.08001475573980713,0.5854372484449323,5.951283257540117,0.47619047619047616,5.951283257540117,0.47619047619047616,126.0,0.030542986425339366,0.059275521405049394,1212.6129889570523
our_vol4,Our vol4 STNPP-GAT-HCL-ZINB,125,2024-10-16,0.09,0.09001001282344055,5124,64.0,0.5079365079365079,0.4920634920634921,0.09001001282344055,0.5551218665972764,5.643111160675563,0.5079365079365079,5.643111160675563,0.5079365079365079,126.0,0.03787725339274863,0.07298985167837627,1212.6129889570523
our_vol4,Our vol4 STNPP-GAT-HCL-ZINB,125,2024-10-16,0.1,0.10000526990707397,5693,67.0,0.5317460317460317,0.46825396825396826,0.10000526990707397,0.5230595077775826,5.317180107009722,0.5317460317460317,5.317180107009722,0.5317460317460317,126.0,0.04708478940592238,0.08993500790444406,1212.6129889570523
our_vol4,Our vol4 STNPP-GAT-HCL-ZINB,126,2024-10-30,0.01,0.010012823440546666,570,21.0,0.18421052631578946,0.8157894736842105,0.010012823440546666,1.6374269005847955,18.397460757156047,0.18421052631578946,18.397460757156047,0.18421052631578946,114.0,0.01694915254237288,0.03333333333333333,2024.7604350516178
our_vol4,Our vol4 STNPP-GAT-HCL-ZINB,126,2024-10-30,0.02,0.02000808052418009,1139,31.0,0.2719298245614035,0.7280701754385965,0.02000808052418009,1.209638084089357,13.591000107820035,0.2719298245614035,13.591000107820035,0.2719298245614035,114.0,0.014247551202137132,0.028094820017559263,2024.7604350516178
our_vol4,Our vol4 STNPP-GAT-HCL-ZINB,126,2024-10-30,0.03,0.030003337607813516,1708,37.0,0.32456140350877194,0.6754385964912281,0.030003337607813516,0.9627894873796513,10.817509963433173,0.32456140350877194,10.817509963433173,0.32456140350877194,114.0,0.01636417732817614,0.032201405152224825,2024.7604350516178
our_vol4,Our vol4 STNPP-GAT-HCL-ZINB,126,2024-10-30,0.04,0.04001616104836018,2278,40.0,0.3508771929824561,0.6491228070175439,0.04001616104836018,0.7804116671544239,8.768387166335506,0.3508771929824561,8.768387166335506,0.3508771929824561,114.0,0.014925373134328358,0.029411764705882353,2024.7604350516178
our_vol4,Our vol4 STNPP-GAT-HCL-ZINB,126,2024-10-30,0.05,0.050011418131993605,2847,45.0,0.39473684210526316,0.6052631578947368,0.050011418131993605,0.7024938531787847,7.892934390771449,0.39473684210526316,7.892934390771449,0.39473684210526316,114.0,0.017512508934953538,0.03442219880576045,2024.7604350516178
our_vol4,Our vol4 STNPP-GAT-HCL-ZINB,126,2024-10-30,0.06,0.06000667521562703,3416,46.0,0.40350877192982454,0.5964912280701755,0.06000667521562703,0.5984907624251886,6.724398085377377,0.40350877192982454,6.724398085377377,0.40350877192982454,114.0,0.022754491017964073,0.04449648711943794,2024.7604350516178
our_vol4,Our vol4 STNPP-GAT-HCL-ZINB,126,2024-10-30,0.07,0.07000193229926045,3985,53.0,0.4649122807017544,0.5350877192982456,0.07000193229926045,0.5911055346438032,6.641420678421273,0.4649122807017544,6.641420678421273,0.4649122807017544,114.0,0.024158314058082754,0.047176913425345045,2024.7604350516178
our_vol4,Our vol4 STNPP-GAT-HCL-ZINB,126,2024-10-30,0.08,0.08001475573980713,4555,57.0,0.5,0.5,0.08001475573980713,0.5561653860226857,6.248847420417124,0.5,6.248847420417124,0.5,114.0,0.029494858176065092,0.05729967069154775,2024.7604350516178
our_vol4,Our vol4 STNPP-GAT-HCL-ZINB,126,2024-10-30,0.09,0.09001001282344055,5124,60.0,0.5263157894736842,0.4736842105263158,0.09001001282344055,0.5204267499349466,5.847302682936849,0.5263157894736842,5.847302682936849,0.5263157894736842,114.0,0.03483792790063617,0.06733021077283373,2024.7604350516178
our_vol4,Our vol4 STNPP-GAT-HCL-ZINB,126,2024-10-30,0.1,0.10000526990707397,5693,63.0,0.5526315789473685,0.4473684210526315,0.10000526990707397,0.49183207447742844,5.526024573113797,0.5526315789473685,5.526024573113797,0.5526315789473685,114.0,0.04669976098547527,0.08923239065519059,2024.7604350516178
our_vol4,Our vol4 STNPP-GAT-HCL-ZINB,127,2024-11-13,0.01,0.010012823440546666,570,27.0,0.25471698113207547,0.7452830188679245,0.010012823440546666,2.105263157894737,25.43907646474677,0.25471698113207547,25.43907646474677,0.25471698113207547,106.0,0.02242152466367713,0.043859649122807015,820.9727800852285
our_vol4,Our vol4 STNPP-GAT-HCL-ZINB,127,2024-11-13,0.02,0.02000808052418009,1139,37.0,0.3490566037735849,0.6509433962264151,0.02000808052418009,1.4437615842356843,17.445781635661866,0.3490566037735849,17.445781635661866,0.3490566037735849,106.0,0.016964285714285713,0.033362598770851626,820.9727800852285
our_vol4,Our vol4 STNPP-GAT-HCL-ZINB,127,2024-11-13,0.03,0.030003337607813516,1708,40.0,0.37735849056603776,0.6226415094339622,0.030003337607813516,1.0408534998698933,12.577217091600017,0.37735849056603776,12.577217091600017,0.37735849056603776,106.0,0.017272185824895772,0.03395784543325527,820.9727800852285
our_vol4,Our vol4 STNPP-GAT-HCL-ZINB,127,2024-11-13,0.04,0.04001616104836018,2278,45.0,0.42452830188679247,0.5754716981132075,0.04001616104836018,0.8779631255487269,10.608921264929515,0.42452830188679247,10.608921264929515,0.42452830188679247,106.0,0.017873100983020553,0.03511852502194908,820.9727800852285
our_vol4,Our vol4 STNPP-GAT-HCL-ZINB,127,2024-11-13,0.05,0.050011418131993605,2847,49.0,0.46226415094339623,0.5377358490566038,0.050011418131993605,0.764937751239121,9.243172223658137,0.46226415094339623,9.243172223658137,0.46226415094339623,106.0,0.02097902097902098,0.0410958904109589,820.9727800852285
our_vol4,Our vol4 STNPP-GAT-HCL-ZINB,127,2024-11-13,0.06,0.06000667521562703,3416,54.0,0.5094339622641509,0.49056603773584906,0.06000667521562703,0.702576112412178,8.489621536830011,0.5094339622641509,8.489621536830011,0.5094339622641509,106.0,0.02613397416641634,0.050936768149882905,820.9727800852285
our_vol4,Our vol4 STNPP-GAT-HCL-ZINB,127,2024-11-13,0.07,0.07000193229926045,3985,56.0,0.5283018867924528,0.4716981132075472,0.07000193229926045,0.6245643384915657,7.546961482919439,0.5283018867924528,7.546961482919439,0.5283018867924528,106.0,0.02838709677419355,0.05520702634880803,820.9727800852285
our_vol4,Our vol4 STNPP-GAT-HCL-ZINB,127,2024-11-13,0.08,0.08001475573980713,4555,59.0,0.5566037735849056,0.44339622641509435,0.08001475573980713,0.5756799609708502,6.956264109520949,0.5566037735849056,6.956264109520949,0.5566037735849056,106.0,0.03440445100488248,0.06652030735455543,820.9727800852285
our_vol4,Our vol4 STNPP-GAT-HCL-ZINB,127,2024-11-13,0.09,0.09001001282344055,5124,62.0,0.5849056603773585,0.41509433962264153,0.09001001282344055,0.5377743082661115,6.4982288306600084,0.5849056603773585,6.4982288306600084,0.5849056603773585,106.0,0.040723062861785314,0.07825917252146761,820.9727800852285
our_vol4,Our vol4 STNPP-GAT-HCL-ZINB,127,2024-11-13,0.1,0.10000526990707397,5693,64.0,0.6037735849056604,0.39622641509433965,0.10000526990707397,0.49963893280246696,6.037417682755056,0.6037735849056604,6.037417682755056,0.6037735849056604,106.0,0.04930421159340153,0.0939750570876515,820.9727800852285
our_vol4,Our vol4 STNPP-GAT-HCL-ZINB,128,2024-11-27,0.01,0.010012823440546666,570,15.0,0.12295081967213115,0.8770491803278688,0.010012823440546666,1.169590643274854,12.279335634167385,0.12295081967213115,12.279335634167385,0.12295081967213115,122.0,0.012433392539964476,0.02456140350877193,592.2992684584935
our_vol4,Our vol4 STNPP-GAT-HCL-ZINB,128,2024-11-27,0.02,0.02000808052418009,1139,23.0,0.1885245901639344,0.8114754098360656,0.02000808052418009,0.8974734172275876,9.42242260251299,0.1885245901639344,9.42242260251299,0.1885245901639344,122.0,0.011096316023080338,0.021949078138718173,592.2992684584935
our_vol4,Our vol4 STNPP-GAT-HCL-ZINB,128,2024-11-27,0.03,0.030003337607813516,1708,34.0,0.2786885245901639,0.7213114754098361,0.030003337607813516,0.8847254748894093,9.288584097976733,0.2786885245901639,9.288584097976733,0.2786885245901639,122.0,0.013349154553544943,0.026346604215456676,592.2992684584935
our_vol4,Our vol4 STNPP-GAT-HCL-ZINB,128,2024-11-27,0.04,0.04001616104836018,2278,41.0,0.3360655737704918,0.6639344262295082,0.04001616104836018,0.7999219588332845,8.398246232674621,0.3360655737704918,8.398246232674621,0.3360655737704918,122.0,0.01447339122689824,0.028533801580333626,592.2992684584935
our_vol4,Our vol4 STNPP-GAT-HCL-ZINB,128,2024-11-27,0.05,0.050011418131993605,2847,48.0,0.39344262295081966,0.6065573770491803,0.050011418131993605,0.7493267767240369,7.8670559173590835,0.39344262295081966,7.8670559173590835,0.39344262295081966,122.0,0.01787629603146228,0.035124692658939236,592.2992684584935
our_vol4,Our vol4 STNPP-GAT-HCL-ZINB,128,2024-11-27,0.06,0.06000667521562703,3416,55.0,0.45081967213114754,0.5491803278688525,0.06000667521562703,0.7155867811605516,7.512825373363535,0.45081967213114754,7.512825373363535,0.45081967213114754,122.0,0.023980815347721823,0.0468384074941452,592.2992684584935
our_vol4,Our vol4 STNPP-GAT-HCL-ZINB,128,2024-11-27,0.07,0.07000193229926045,3985,62.0,0.5081967213114754,0.4918032786885246,0.07000193229926045,0.6914819461870905,7.259752761379765,0.5081967213114754,7.259752761379765,0.5081967213114754,122.0,0.027194226060059286,0.05294855708908407,592.2992684584935
our_vol4,Our vol4 STNPP-GAT-HCL-ZINB,128,2024-11-27,0.08,0.08001475573980713,4555,63.0,0.5163934426229508,0.48360655737704916,0.08001475573980713,0.6147091108671789,6.453727663709489,0.5163934426229508,6.453727663709489,0.5163934426229508,122.0,0.031593251047446494,0.06125137211855104,592.2992684584935
our_vol4,Our vol4 STNPP-GAT-HCL-ZINB,128,2024-11-27,0.09,0.09001001282344055,5124,67.0,0.5491803278688525,0.4508196721311475,0.09001001282344055,0.5811432040940238,6.101324848670992,0.5491803278688525,6.101324848670992,0.5491803278688525,122.0,0.038929440389294405,0.07494145199063232,592.2992684584935
our_vol4,Our vol4 STNPP-GAT-HCL-ZINB,128,2024-11-27,0.1,0.10000526990707397,5693,70.0,0.5737704918032787,0.42622950819672134,0.10000526990707397,0.5464800827526982,5.737402562249296,0.5737704918032787,5.737402562249296,0.5737704918032787,122.0,0.04650735294117647,0.08888108203056386,592.2992684584935
