model,model_label,frame_index,forecast_date,q,q_eff,selected_cells,hit_count,hit_rate,miss_rate,area_coverage,hotspot_density_per_km2,pai,gain,lift,pei_star,oracle_hit_count,iou_jaccard,dice,centroid_distance_m
our_vol2,Our vol2 ETAS-enhanced STNPP-GAT,0,2020-01-01,0.01,0.010012823440546666,570,23.0,0.14556962025316456,0.8544303797468354,0.010012823440546666,1.7933723196881093,14.538318898512102,0.14556962025316456,14.538318898512102,0.14556962025316456,158.0,0.020590868397493287,0.04035087719298246,1233.9354279441557
our_vol2,Our vol2 ETAS-enhanced STNPP-GAT,0,2020-01-01,0.02,0.02000808052418009,1139,35.0,0.22151898734177214,0.7784810126582279,0.02000808052418009,1.3657204175202418,11.071476200531222,0.22151898734177214,11.071476200531222,0.22151898734177214,158.0,0.017873100983020553,0.03511852502194908,1233.9354279441557
our_vol2,Our vol2 ETAS-enhanced STNPP-GAT,0,2020-01-01,0.03,0.030003337607813516,1708,49.0,0.310126582278481,0.689873417721519,0.030003337607813516,1.2750455373406193,10.336402780659887,0.310126582278481,10.336402780659887,0.310126582278481,158.0,0.01939719486720382,0.038056206088992975,1233.9354279441557
our_vol2,Our vol2 ETAS-enhanced STNPP-GAT,0,2020-01-01,0.04,0.04001616104836018,2278,57.0,0.36075949367088606,0.639240506329114,0.04001616104836018,1.1120866256950541,9.015344906146852,0.36075949367088606,9.015344906146852,0.36075949367088606,158.0,0.018783542039355994,0.03687445127304653,1233.9354279441557
our_vol2,Our vol2 ETAS-enhanced STNPP-GAT,0,2020-01-01,0.05,0.050011418131993605,2847,68.0,0.43037974683544306,0.5696202531645569,0.050011418131993605,1.061546267025719,8.605629732385411,0.43037974683544306,8.605629732385411,0.43037974683544306,158.0,0.020795984223736106,0.040744643484369514,1233.9354279441557
our_vol2,Our vol2 ETAS-enhanced STNPP-GAT,0,2020-01-01,0.06,0.06000667521562703,3416,70.0,0.4430379746835443,0.5569620253164558,0.06000667521562703,0.9107468123861566,7.383144843328491,0.4430379746835443,7.383144843328491,0.4430379746835443,158.0,0.02459508098380324,0.04800936768149883,1233.9354279441557
our_vol2,Our vol2 ETAS-enhanced STNPP-GAT,0,2020-01-01,0.07,0.07000193229926045,3985,76.0,0.4810126582278481,0.5189873417721519,0.07000193229926045,0.8476230308099819,6.871419722694282,0.4810126582278481,6.871419722694282,0.4810126582278481,158.0,0.025872055605612048,0.050439146800501884,1233.9354279441557
our_vol2,Our vol2 ETAS-enhanced STNPP-GAT,0,2020-01-01,0.08,0.08001475573980713,4555,82.0,0.5189873417721519,0.4810126582278481,0.08001475573980713,0.8000975728747408,6.486145423724103,0.5189873417721519,6.486145423724103,0.5189873417721519,158.0,0.03276272531459018,0.06344676180021953,1233.9354279441557
our_vol2,Our vol2 ETAS-enhanced STNPP-GAT,0,2020-01-01,0.09,0.09001001282344055,5124,89.0,0.5632911392405063,0.43670886075949367,0.09001001282344055,0.7719663457368375,6.258094200535578,0.5632911392405063,6.258094200535578,0.5632911392405063,158.0,0.041886945912972755,0.08040593286494926,1233.9354279441557
our_vol2,Our vol2 ETAS-enhanced STNPP-GAT,0,2020-01-01,0.1,0.10000526990707397,5693,95.0,0.6012658227848101,0.3987341772151899,0.10000526990707397,0.7416515408786619,6.012341383044245,0.6012658227848101,6.012341383044245,0.6012658227848101,158.0,0.04959439528023599,0.0945020200245916,1233.9354279441557
our_vol2,Our vol2 ETAS-enhanced STNPP-GAT,1,2020-01-15,0.01,0.010012823440546666,570,35.0,0.2023121387283237,0.7976878612716762,0.010012823440546666,2.7290448343079925,20.205303721732076,0.2023121387283237,20.205303721732076,0.2023121387283237,173.0,0.02702702702702703,0.05263157894736842,478.5609481135414
our_vol2,Our vol2 ETAS-enhanced STNPP-GAT,1,2020-01-15,0.02,0.02000808052418009,1139,51.0,0.2947976878612717,0.7052023121387283,0.02000808052418009,1.990049751243781,14.733931498576483,0.2947976878612717,14.733931498576483,0.2947976878612717,173.0,0.022900763358778626,0.04477611940298507,478.5609481135414
our_vol2,Our vol2 ETAS-enhanced STNPP-GAT,1,2020-01-15,0.03,0.030003337607813516,1708,68.0,0.3930635838150289,0.6069364161849711,0.030003337607813516,1.7694509497788187,13.100661964776435,0.3930635838150289,13.100661964776435,0.3930635838150289,173.0,0.023673958645489962,0.04625292740046839,478.5609481135414
our_vol2,Our vol2 ETAS-enhanced STNPP-GAT,1,2020-01-15,0.04,0.04001616104836018,2278,72.0,0.4161849710982659,0.5838150289017341,0.04001616104836018,1.404741000877963,10.400422234289282,0.4161849710982659,10.400422234289282,0.4161849710982659,173.0,0.021524663677130046,0.04214223002633889,478.5609481135414
our_vol2,Our vol2 ETAS-enhanced STNPP-GAT,1,2020-01-15,0.05,0.050011418131993605,2847,80.0,0.4624277456647399,0.5375722543352601,0.050011418131993605,1.2488779612067282,9.24644337107715,0.4624277456647399,9.24644337107715,0.4624277456647399,173.0,0.022629310344827586,0.044257112750263436,478.5609481135414
our_vol2,Our vol2 ETAS-enhanced STNPP-GAT,1,2020-01-15,0.06,0.06000667521562703,3416,85.0,0.4913294797687861,0.5086705202312138,0.06000667521562703,1.1059068436117616,8.18791372798527,0.4913294797687861,8.18791372798527,0.4913294797687861,173.0,0.027059530968129887,0.05269320843091335,478.5609481135414
our_vol2,Our vol2 ETAS-enhanced STNPP-GAT,1,2020-01-15,0.07,0.07000193229926045,3985,90.0,0.5202312138728323,0.47976878612716767,0.07000193229926045,1.0037641154328734,7.431669338052378,0.5202312138728323,7.431669338052378,0.5202312138728323,173.0,0.027326630574890435,0.053199498117942286,478.5609481135414
our_vol2,Our vol2 ETAS-enhanced STNPP-GAT,1,2020-01-15,0.08,0.08001475573980713,4555,92.0,0.5317919075144508,0.4682080924855492,0.08001475573980713,0.8976704476155629,6.646172978940755,0.5317919075144508,6.646172978940755,0.5317919075144508,173.0,0.03299693842839324,0.06388583973655323,478.5609481135414
our_vol2,Our vol2 ETAS-enhanced STNPP-GAT,1,2020-01-15,0.09,0.09001001282344055,5124,100.0,0.5780346820809249,0.4219653179190751,0.09001001282344055,0.8673779165582444,6.421893119988448,0.5780346820809249,6.421893119988448,0.5780346820809249,173.0,0.04231082180634662,0.08118657298985169,478.5609481135414
our_vol2,Our vol2 ETAS-enhanced STNPP-GAT,1,2020-01-15,0.1,0.10000526990707397,5693,103.0,0.5953757225433526,0.4046242774566474,0.10000526990707397,0.8041064074789702,5.953443484494192,0.5953757225433526,5.953443484494192,0.5953757225433526,173.0,0.050659776690966135,0.09643421746003865,478.5609481135414
our_vol2,Our vol2 ETAS-enhanced STNPP-GAT,2,2020-01-29,0.01,0.010012823440546666,570,29.0,0.16201117318435754,0.8379888268156425,0.010012823440546666,2.261208576998051,16.18036851906302,0.16201117318435754,16.18036851906302,0.16201117318435754,179.0,0.026102610261026102,0.05087719298245614,1339.339608883225
our_vol2,Our vol2 ETAS-enhanced STNPP-GAT,2,2020-01-29,0.02,0.02000808052418009,1139,41.0,0.22905027932960895,0.770949720670391,0.02000808052418009,1.599843917666569,11.447888719400042,0.22905027932960895,11.447888719400042,0.22905027932960895,179.0,0.019695613249776187,0.038630377524143986,1339.339608883225
our_vol2,Our vol2 ETAS-enhanced STNPP-GAT,2,2020-01-29,0.03,0.030003337607813516,1708,53.0,0.29608938547486036,0.7039106145251397,0.030003337607813516,1.3791308873276087,9.868548271034763,0.29608938547486036,9.868548271034763,0.29608938547486036,179.0,0.021836673646425366,0.04274004683840749,1339.339608883225
our_vol2,Our vol2 ETAS-enhanced STNPP-GAT,2,2020-01-29,0.04,0.04001616104836018,2278,63.0,0.35195530726256985,0.6480446927374302,0.04001616104836018,1.2291483757682178,8.795329138075642,0.35195530726256985,8.795329138075642,0.35195530726256985,179.0,0.020838001344387184,0.040825285338015806,1339.339608883225
our_vol2,Our vol2 ETAS-enhanced STNPP-GAT,2,2020-01-29,0.05,0.050011418131993605,2847,78.0,0.43575418994413406,0.5642458100558659,0.050011418131993605,1.21765601217656,8.713094053723118,0.43575418994413406,8.713094053723118,0.43575418994413406,179.0,0.02410071942446043,0.047067088162978575,1339.339608883225
our_vol2,Our vol2 ETAS-enhanced STNPP-GAT,2,2020-01-29,0.06,0.06000667521562703,3416,81.0,0.45251396648044695,0.547486033519553,0.06000667521562703,1.053864168618267,7.541060471262413,0.45251396648044695,7.541060471262413,0.45251396648044695,179.0,0.027213952789054276,0.05298594847775176,1339.339608883225
our_vol2,Our vol2 ETAS-enhanced STNPP-GAT,2,2020-01-29,0.07,0.07000193229926045,3985,91.0,0.5083798882681564,0.4916201117318436,0.07000193229926045,1.014917050048794,7.262369359960186,0.5083798882681564,7.262369359960186,0.5083798882681564,179.0,0.02878533625919711,0.05595984943538269,1339.339608883225
our_vol2,Our vol2 ETAS-enhanced STNPP-GAT,2,2020-01-29,0.08,0.08001475573980713,4555,94.0,0.5251396648044693,0.4748603351955307,0.08001475573980713,0.9171850225637274,6.563035279544242,0.5251396648044693,6.563035279544242,0.5251396648044693,179.0,0.034287011807447774,0.06630076838638858,1339.339608883225
our_vol2,Our vol2 ETAS-enhanced STNPP-GAT,2,2020-01-29,0.09,0.09001001282344055,5124,102.0,0.5698324022346368,0.4301675977653632,0.09001001282344055,0.8847254748894092,6.33076681538079,0.5698324022346368,6.33076681538079,0.5698324022346368,179.0,0.04305343511450382,0.08255269320843091,1339.339608883225
our_vol2,Our vol2 ETAS-enhanced STNPP-GAT,2,2020-01-29,0.1,0.10000526990707397,5693,108.0,0.6033519553072626,0.3966480446927374,0.10000526990707397,0.843140699104163,6.033201608954249,0.6033519553072626,6.033201608954249,0.6033519553072626,179.0,0.051727323111029004,0.09836641489548568,1339.339608883225
our_vol2,Our vol2 ETAS-enhanced STNPP-GAT,3,2020-02-12,0.01,0.010012823440546666,570,21.0,0.1320754716981132,0.8679245283018868,0.010012823440546666,1.6374269005847955,13.190632240979808,0.1320754716981132,13.190632240979808,0.1320754716981132,159.0,0.017857142857142856,0.03508771929824561,2235.319784664228
our_vol2,Our vol2 ETAS-enhanced STNPP-GAT,3,2020-02-12,0.02,0.02000808052418009,1139,38.0,0.2389937106918239,0.7610062893081762,0.02000808052418009,1.4827821675934054,11.94485949829101,0.2389937106918239,11.94485949829101,0.2389937106918239,159.0,0.017873100983020553,0.03511852502194908,2235.319784664228
our_vol2,Our vol2 ETAS-enhanced STNPP-GAT,3,2020-02-12,0.03,0.030003337607813516,1708,50.0,0.31446540880503143,0.6855345911949686,0.030003337607813516,1.3010668748373666,10.481014243000015,0.31446540880503143,10.481014243000015,0.31446540880503143,159.0,0.02031063321385902,0.03981264637002342,2235.319784664228
our_vol2,Our vol2 ETAS-enhanced STNPP-GAT,3,2020-02-12,0.04,0.04001616104836018,2278,61.0,0.3836477987421384,0.6163522012578616,0.04001616104836018,1.1901277924104965,9.587321439417785,0.3836477987421384,9.587321439417785,0.3836477987421384,159.0,0.019011406844106463,0.03731343283582089,2235.319784664228
our_vol2,Our vol2 ETAS-enhanced STNPP-GAT,3,2020-02-12,0.05,0.050011418131993605,2847,64.0,0.4025157232704403,0.5974842767295597,0.050011418131993605,0.9991023689653826,8.048476494069671,0.4025157232704403,8.048476494069671,0.4025157232704403,159.0,0.02061301308478222,0.04039339655778012,2235.319784664228
our_vol2,Our vol2 ETAS-enhanced STNPP-GAT,3,2020-02-12,0.06,0.06000667521562703,3416,70.0,0.44025157232704404,0.559748427672956,0.06000667521562703,0.9107468123861566,7.33670997010001,0.44025157232704404,7.33670997010001,0.44025157232704404,159.0,0.025517862503752625,0.049765807962529274,2235.319784664228
our_vol2,Our vol2 ETAS-enhanced STNPP-GAT,3,2020-02-12,0.07,0.07000193229926045,3985,75.0,0.4716981132075472,0.5283018867924528,0.07000193229926045,0.8364700961940611,6.738358466892357,0.4716981132075472,6.738358466892357,0.4716981132075472,159.0,0.026400515132002575,0.05144291091593475,2235.319784664228
our_vol2,Our vol2 ETAS-enhanced STNPP-GAT,3,2020-02-12,0.08,0.08001475573980713,4555,81.0,0.5094339622641509,0.49056603773584906,0.08001475573980713,0.7903402854006586,6.366750201934428,0.5094339622641509,6.366750201934428,0.5094339622641509,159.0,0.03276272531459018,0.06344676180021953,2235.319784664228
our_vol2,Our vol2 ETAS-enhanced STNPP-GAT,3,2020-02-12,0.09,0.09001001282344055,5124,84.0,0.5283018867924528,0.4716981132075472,0.09001001282344055,0.7285974499089253,5.8693679760800075,0.5283018867924528,5.8693679760800075,0.5283018867924528,159.0,0.04156926516922452,0.07982045277127245,2235.319784664228
our_vol2,Our vol2 ETAS-enhanced STNPP-GAT,3,2020-02-12,0.1,0.10000526990707397,5693,90.0,0.5660377358490566,0.4339622641509434,0.10000526990707397,0.7026172492534691,5.660079077582864,0.5660377358490566,5.660079077582864,0.5660377358490566,159.0,0.04959439528023599,0.0945020200245916,2235.319784664228
our_vol2,Our vol2 ETAS-enhanced STNPP-GAT,4,2020-02-26,0.01,0.010012823440546666,570,15.0,0.08928571428571429,0.9107142857142857,0.010012823440546666,1.169590643274854,8.917136591478696,0.08928571428571429,8.917136591478696,0.08928571428571429,168.0,0.013333333333333334,0.02631578947368421,2937.306704405591
our_vol2,Our vol2 ETAS-enhanced STNPP-GAT,4,2020-02-26,0.02,0.02000808052418009,1139,26.0,0.15476190476190477,0.8452380952380952,0.02000808052418009,1.014535167300751,7.734970107445964,0.15476190476190477,7.734970107445964,0.15476190476190477,168.0,0.011994669035984007,0.02370500438981563,2937.306704405591
our_vol2,Our vol2 ETAS-enhanced STNPP-GAT,4,2020-02-26,0.03,0.030003337607813516,1708,36.0,0.21428571428571427,0.7857142857142857,0.030003337607813516,0.936768149882904,7.142062562730009,0.21428571428571427,7.142062562730009,0.21428571428571427,168.0,0.016061867935752528,0.03161592505854801,2937.306704405591
our_vol2,Our vol2 ETAS-enhanced STNPP-GAT,4,2020-02-26,0.04,0.04001616104836018,2278,44.0,0.2619047619047619,0.7380952380952381,0.04001616104836018,0.8584528338698663,6.544974706300431,0.2619047619047619,6.544974706300431,0.2619047619047619,168.0,0.01560410164957646,0.030728709394205442,2937.306704405591
our_vol2,Our vol2 ETAS-enhanced STNPP-GAT,4,2020-02-26,0.05,0.050011418131993605,2847,52.0,0.30952380952380953,0.6904761904761905,0.050011418131993605,0.8117706747843734,6.189062839747772,0.30952380952380953,6.189062839747772,0.30952380952380953,168.0,0.01878690284487386,0.0368809272918862,2937.306704405591
our_vol2,Our vol2 ETAS-enhanced STNPP-GAT,4,2020-02-26,0.06,0.06000667521562703,3416,64.0,0.38095238095238093,0.6190476190476191,0.06000667521562703,0.8326827998959146,6.348500055760009,0.38095238095238093,6.348500055760009,0.38095238095238093,168.0,0.024902490249024904,0.04859484777517564,2937.306704405591
our_vol2,Our vol2 ETAS-enhanced STNPP-GAT,4,2020-02-26,0.07,0.07000193229926045,3985,71.0,0.4226190476190476,0.5773809523809523,0.07000193229926045,0.7918583577303778,6.037248312122842,0.4226190476190476,6.037248312122842,0.4226190476190476,168.0,0.02574002574002574,0.050188205771643665,2937.306704405591
our_vol2,Our vol2 ETAS-enhanced STNPP-GAT,4,2020-02-26,0.08,0.08001475573980713,4555,78.0,0.4642857142857143,0.5357142857142857,0.08001475573980713,0.761068422978412,5.802501176101615,0.4642857142857143,5.802501176101615,0.4642857142857143,168.0,0.03194381513366561,0.061909989023051594,2937.306704405591
our_vol2,Our vol2 ETAS-enhanced STNPP-GAT,4,2020-02-26,0.09,0.09001001282344055,5124,85.0,0.5059523809523809,0.49404761904761907,0.09001001282344055,0.7372712290745077,5.621067757704174,0.5059523809523809,5.621067757704174,0.5059523809523809,168.0,0.0417810308020738,0.08021077283372366,2937.306704405591
our_vol2,Our vol2 ETAS-enhanced STNPP-GAT,4,2020-02-26,0.1,0.10000526990707397,5693,90.0,0.5357142857142857,0.4642857142857143,0.10000526990707397,0.7026172492534691,5.356860555569496,0.5357142857142857,5.356860555569496,0.5357142857142857,168.0,0.04862773991526985,0.09274547690145793,2937.306704405591
our_vol2,Our vol2 ETAS-enhanced STNPP-GAT,5,2020-03-11,0.01,0.010012823440546666,570,34.0,0.20118343195266272,0.7988165680473372,0.010012823440546666,2.6510721247563356,20.092577597840755,0.20118343195266272,20.092577597840755,0.20118343195266272,169.0,0.03074141048824593,0.05964912280701754,321.14116656591943
our_vol2,Our vol2 ETAS-enhanced STNPP-GAT,5,2020-03-11,0.02,0.02000808052418009,1139,42.0,0.2485207100591716,0.7514792899408285,0.02000808052418009,1.6388645010242902,12.421017086513135,0.2485207100591716,12.421017086513135,0.2485207100591716,169.0,0.01923937360178971,0.03775241439859526,321.14116656591943
our_vol2,Our vol2 ETAS-enhanced STNPP-GAT,5,2020-03-11,0.03,0.030003337607813516,1708,51.0,0.30177514792899407,0.6982248520710059,0.030003337607813516,1.327088212334114,10.05805260313457,0.30177514792899407,10.05805260313457,0.30177514792899407,169.0,0.019701492537313434,0.03864168618266979,321.14116656591943
our_vol2,Our vol2 ETAS-enhanced STNPP-GAT,5,2020-03-11,0.04,0.04001616104836018,2278,64.0,0.378698224852071,0.6213017751479291,0.04001616104836018,1.2486586674470783,9.463632065914771,0.378698224852071,9.463632065914771,0.378698224852071,169.0,0.020838001344387184,0.040825285338015806,321.14116656591943
our_vol2,Our vol2 ETAS-enhanced STNPP-GAT,5,2020-03-11,0.05,0.050011418131993605,2847,76.0,0.44970414201183434,0.5502958579881656,0.050011418131993605,1.1864340631463919,8.992029396665856,0.44970414201183434,8.992029396665856,0.44970414201183434,169.0,0.022996766079770033,0.04495960660344222,321.14116656591943
our_vol2,Our vol2 ETAS-enhanced STNPP-GAT,5,2020-03-11,0.06,0.06000667521562703,3416,84.0,0.4970414201183432,0.5029585798816568,0.06000667521562703,1.092896174863388,8.283102143757882,0.4970414201183432,8.283102143757882,0.4970414201183432,169.0,0.028141459744168547,0.0547423887587822,321.14116656591943
our_vol2,Our vol2 ETAS-enhanced STNPP-GAT,5,2020-03-11,0.07,0.07000193229926045,3985,88.0,0.5207100591715976,0.47928994082840237,0.07000193229926045,0.9814582462010317,7.4385097963517035,0.5207100591715976,7.4385097963517035,0.5207100591715976,169.0,0.02745906922779425,0.053450439146800505,321.14116656591943
our_vol2,Our vol2 ETAS-enhanced STNPP-GAT,5,2020-03-11,0.08,0.08001475573980713,4555,92.0,0.5443786982248521,0.4556213017751479,0.08001475573980713,0.8976704476155629,6.803478848264797,0.5443786982248521,6.803478848264797,0.5443786982248521,169.0,0.0340522133938706,0.06586169045005488,321.14116656591943
our_vol2,Our vol2 ETAS-enhanced STNPP-GAT,5,2020-03-11,0.09,0.09001001282344055,5124,96.0,0.5680473372781065,0.4319526627218935,0.09001001282344055,0.8326827998959146,6.310934966672671,0.5680473372781065,6.310934966672671,0.5680473372781065,169.0,0.0429472827193161,0.0823575331772053,321.14116656591943
our_vol2,Our vol2 ETAS-enhanced STNPP-GAT,5,2020-03-11,0.1,0.10000526990707397,5693,99.0,0.5857988165680473,0.41420118343195267,0.10000526990707397,0.7728789741788161,5.857679471415639,0.5857988165680473,5.857679471415639,0.5857988165680473,169.0,0.0502721151185315,0.09573160021078518,321.14116656591943
our_vol2,Our vol2 ETAS-enhanced STNPP-GAT,6,2020-03-25,0.01,0.010012823440546666,570,21.0,0.12574850299401197,0.874251497005988,0.010012823440546666,1.6374269005847955,12.558745666561611,0.12574850299401197,12.558745666561611,0.12574850299401197,167.0,0.01876675603217158,0.03684210526315789,952.7870785604246
our_vol2,Our vol2 ETAS-enhanced STNPP-GAT,6,2020-03-25,0.02,0.02000808052418009,1139,31.0,0.18562874251497005,0.8143712574850299,0.02000808052418009,1.209638084089357,9.27768869635619,0.18562874251497005,9.27768869635619,0.18562874251497005,167.0,0.014247551202137132,0.028094820017559263,952.7870785604246
our_vol2,Our vol2 ETAS-enhanced STNPP-GAT,6,2020-03-25,0.03,0.030003337607813516,1708,40.0,0.23952095808383234,0.7604790419161677,0.030003337607813516,1.0408534998698933,7.983143782692227,0.23952095808383234,7.983143782692227,0.23952095808383234,167.0,0.01696933611193808,0.03337236533957846,952.7870785604246
our_vol2,Our vol2 ETAS-enhanced STNPP-GAT,6,2020-03-25,0.04,0.04001616104836018,2278,46.0,0.2754491017964072,0.7245508982035929,0.04001616104836018,0.8974734172275876,6.883446452135239,0.2754491017964072,6.883446452135239,0.2754491017964072,167.0,0.016737335416201742,0.03292361720807726,952.7870785604246
our_vol2,Our vol2 ETAS-enhanced STNPP-GAT,6,2020-03-25,0.05,0.050011418131993605,2847,56.0,0.33532934131736525,0.6646706586826348,0.050011418131993605,0.8742145728447097,6.705055642140376,0.33532934131736525,6.705055642140376,0.33532934131736525,167.0,0.019151601933058888,0.03758342114506498,952.7870785604246
our_vol2,Our vol2 ETAS-enhanced STNPP-GAT,6,2020-03-25,0.06,0.06000667521562703,3416,64.0,0.38323353293413176,0.6167664670658682,0.06000667521562703,0.8326827998959146,6.3865150261537815,0.38323353293413176,6.3865150261537815,0.38323353293413176,167.0,0.024134312696747113,0.0471311475409836,952.7870785604246
our_vol2,Our vol2 ETAS-enhanced STNPP-GAT,6,2020-03-25,0.07,0.07000193229926045,3985,70.0,0.41916167664670656,0.5808383233532934,0.07000193229926045,0.780705423114457,5.987858661597758,0.41916167664670656,5.987858661597758,0.41916167664670656,167.0,0.02455328448386682,0.0479297365119197,952.7870785604246
our_vol2,Our vol2 ETAS-enhanced STNPP-GAT,6,2020-03-25,0.08,0.08001475573980713,4555,81.0,0.48502994011976047,0.5149700598802396,0.08001475573980713,0.7903402854006586,6.061756180284874,0.48502994011976047,6.061756180284874,0.48502994011976047,167.0,0.03229461756373938,0.06256860592755215,952.7870785604246
our_vol2,Our vol2 ETAS-enhanced STNPP-GAT,6,2020-03-25,0.09,0.09001001282344055,5124,89.0,0.5329341317365269,0.46706586826347307,0.09001001282344055,0.7719663457368375,5.920831638830068,0.5329341317365269,5.920831638830068,0.5329341317365269,167.0,0.04241684467500763,0.08138173302107728,952.7870785604246
our_vol2,Our vol2 ETAS-enhanced STNPP-GAT,6,2020-03-25,0.1,0.10000526990707397,5693,97.0,0.5808383233532934,0.41916167664670656,0.10000526990707397,0.757265257528739,5.808077153264173,0.5808383233532934,5.808077153264173,0.5808383233532934,167.0,0.05075673680324843,0.09660987177235202,952.7870785604246
our_vol2,Our vol2 ETAS-enhanced STNPP-GAT,7,2020-04-08,0.01,0.010012823440546666,570,18.0,0.12080536912751678,0.8791946308724832,0.010012823440546666,1.4035087719298247,12.065065347933592,0.12080536912751678,12.065065347933592,0.12080536912751678,149.0,0.015138023152270703,0.02982456140350877,1566.1112784517713
our_vol2,Our vol2 ETAS-enhanced STNPP-GAT,7,2020-04-08,0.02,0.02000808052418009,1139,25.0,0.16778523489932887,0.8322147651006712,0.02000808052418009,0.9755145839430299,8.385873632233622,0.16778523489932887,8.385873632233622,0.16778523489932887,149.0,0.012444444444444444,0.024582967515364356,1566.1112784517713
our_vol2,Our vol2 ETAS-enhanced STNPP-GAT,7,2020-04-08,0.03,0.030003337607813516,1708,40.0,0.2684563758389262,0.7315436241610738,0.030003337607813516,1.0408534998698933,8.947550414158401,0.2684563758389262,8.947550414158401,0.2684563758389262,149.0,0.017272185824895772,0.03395784543325527,1566.1112784517713
our_vol2,Our vol2 ETAS-enhanced STNPP-GAT,7,2020-04-08,0.04,0.04001616104836018,2278,45.0,0.30201342281879195,0.697986577181208,0.04001616104836018,0.8779631255487269,7.547286269010259,0.30201342281879195,7.547286269010259,0.30201342281879195,149.0,0.016964285714285713,0.033362598770851626,1566.1112784517713
our_vol2,Our vol2 ETAS-enhanced STNPP-GAT,7,2020-04-08,0.05,0.050011418131993605,2847,55.0,0.3691275167785235,0.6308724832214765,0.050011418131993605,0.8586035983296256,7.3808648217952255,0.3691275167785235,7.3808648217952255,0.3691275167785235,149.0,0.01933404940923738,0.037934668071654375,1566.1112784517713
our_vol2,Our vol2 ETAS-enhanced STNPP-GAT,7,2020-04-08,0.06,0.06000667521562703,3416,61.0,0.40939597315436244,0.5906040268456376,0.06000667521562703,0.7936507936507936,6.822507190795782,0.40939597315436244,6.822507190795782,0.40939597315436244,149.0,0.025210084033613446,0.04918032786885246,1566.1112784517713
our_vol2,Our vol2 ETAS-enhanced STNPP-GAT,7,2020-04-08,0.07,0.07000193229926045,3985,69.0,0.46308724832214765,0.5369127516778524,0.07000193229926045,0.7695524884985362,6.6153495069598245,0.46308724832214765,6.6153495069598245,0.46308724832214765,149.0,0.025344139971696898,0.04943538268506901,1566.1112784517713
our_vol2,Our vol2 ETAS-enhanced STNPP-GAT,7,2020-04-08,0.08,0.08001475573980713,4555,72.0,0.48322147651006714,0.5167785234899329,0.08001475573980713,0.7025246981339188,6.039154553960174,0.48322147651006714,6.039154553960174,0.48322147651006714,149.0,0.030776193708983934,0.059714599341383096,1566.1112784517713
our_vol2,Our vol2 ETAS-enhanced STNPP-GAT,7,2020-04-08,0.09,0.09001001282344055,5124,75.0,0.5033557046979866,0.49664429530201337,0.09001001282344055,0.6505334374186833,5.592219008849002,0.5033557046979866,5.592219008849002,0.5033557046979866,149.0,0.040723062861785314,0.07825917252146761,1566.1112784517713
our_vol2,Our vol2 ETAS-enhanced STNPP-GAT,7,2020-04-08,0.1,0.10000526990707397,5693,79.0,0.5302013422818792,0.4697986577181208,0.10000526990707397,0.6167418076780452,5.301734026362294,0.5302013422818792,5.301734026362294,0.5302013422818792,149.0,0.049207519351271656,0.09379940277533813,1566.1112784517713
our_vol2,Our vol2 ETAS-enhanced STNPP-GAT,8,2020-04-22,0.01,0.010012823440546666,570,24.0,0.14545454545454545,0.8545454545454545,0.010012823440546666,1.8713450292397662,14.526826156299839,0.14545454545454545,14.526826156299839,0.14545454545454545,165.0,0.021505376344086023,0.042105263157894736,362.7187536449633
our_vol2,Our vol2 ETAS-enhanced STNPP-GAT,8,2020-04-22,0.02,0.02000808052418009,1139,36.0,0.21818181818181817,0.7818181818181819,0.02000808052418009,1.404741000877963,10.904685130497246,0.21818181818181817,10.904685130497246,0.21818181818181817,165.0,0.017418490397498883,0.03424056189640035,362.7187536449633
our_vol2,Our vol2 ETAS-enhanced STNPP-GAT,8,2020-04-22,0.03,0.030003337607813516,1708,51.0,0.3090909090909091,0.6909090909090909,0.030003337607813516,1.327088212334114,10.301884181392378,0.3090909090909091,10.301884181392378,0.3090909090909091,165.0,0.020005971931919976,0.039227166276346606,362.7187536449633
our_vol2,Our vol2 ETAS-enhanced STNPP-GAT,8,2020-04-22,0.04,0.04001616104836018,2278,59.0,0.3575757575757576,0.6424242424242423,0.04001616104836018,1.1511072090527752,8.93578364860191,0.3575757575757576,8.93578364860191,0.3575757575757576,165.0,0.019923886277143497,0.03906935908691835,362.7187536449633
our_vol2,Our vol2 ETAS-enhanced STNPP-GAT,8,2020-04-22,0.05,0.050011418131993605,2847,68.0,0.4121212121212121,0.5878787878787879,0.050011418131993605,1.061546267025719,8.240542410405425,0.4121212121212121,8.240542410405425,0.4121212121212121,165.0,0.02244568145088885,0.04390586582367404,362.7187536449633
our_vol2,Our vol2 ETAS-enhanced STNPP-GAT,8,2020-04-22,0.06,0.06000667521562703,3416,77.0,0.4666666666666667,0.5333333333333333,0.06000667521562703,1.0018214936247722,7.7769125683060105,0.4666666666666667,7.7769125683060105,0.4666666666666667,165.0,0.02736842105263158,0.05327868852459016,362.7187536449633
our_vol2,Our vol2 ETAS-enhanced STNPP-GAT,8,2020-04-22,0.07,0.07000193229926045,3985,81.0,0.4909090909090909,0.509090909090909,0.07000193229926045,0.903387703889586,7.0127934299076085,0.4909090909090909,7.0127934299076085,0.4909090909090909,165.0,0.02692951939183095,0.05244667503136763,362.7187536449633
our_vol2,Our vol2 ETAS-enhanced STNPP-GAT,8,2020-04-22,0.08,0.08001475573980713,4555,84.0,0.509090909090909,0.49090909090909096,0.08001475573980713,0.8196121478229053,6.362462828061071,0.509090909090909,6.362462828061071,0.509090909090909,165.0,0.03276272531459018,0.06344676180021953,362.7187536449633
our_vol2,Our vol2 ETAS-enhanced STNPP-GAT,8,2020-04-22,0.09,0.09001001282344055,5124,89.0,0.5393939393939394,0.4606060606060606,0.09001001282344055,0.7719663457368375,5.992599295058311,0.5393939393939394,5.992599295058311,0.5393939393939394,165.0,0.042735042735042736,0.08196721311475409,362.7187536449633
our_vol2,Our vol2 ETAS-enhanced STNPP-GAT,8,2020-04-22,0.1,0.10000526990707397,5693,91.0,0.5515151515151515,0.4484848484848485,0.10000526990707397,0.7104241075785077,5.514860887107506,0.5515151515151515,5.514860887107506,0.5515151515151515,165.0,0.05017524441984873,0.09555594589847181,362.7187536449633
our_vol2,Our vol2 ETAS-enhanced STNPP-GAT,9,2020-05-06,0.01,0.010012823440546666,570,22.0,0.13414634146341464,0.8658536585365854,0.010012823440546666,1.7153996101364524,13.397454000855799,0.13414634146341464,13.397454000855799,0.13414634146341464,164.0,0.01967799642218247,0.03859649122807018,376.8721221595199
our_vol2,Our vol2 ETAS-enhanced STNPP-GAT,9,2020-05-06,0.02,0.02000808052418009,1139,43.0,0.2621951219512195,0.7378048780487805,0.02000808052418009,1.6778850843820114,13.104461551639222,0.2621951219512195,13.104461551639222,0.2621951219512195,164.0,0.02060931899641577,0.04038630377524144,376.8721221595199
our_vol2,Our vol2 ETAS-enhanced STNPP-GAT,9,2020-05-06,0.03,0.030003337607813516,1708,50.0,0.3048780487804878,0.6951219512195121,0.030003337607813516,1.3010668748373666,10.16147112583538,0.3048780487804878,10.16147112583538,0.3048780487804878,164.0,0.02031063321385902,0.03981264637002342,376.8721221595199
our_vol2,Our vol2 ETAS-enhanced STNPP-GAT,9,2020-05-06,0.04,0.04001616104836018,2278,55.0,0.3353658536585366,0.6646341463414633,0.04001616104836018,1.0730660423373328,8.380760294652992,0.3353658536585366,8.380760294652992,0.3353658536585366,164.0,0.01923937360178971,0.03775241439859526,376.8721221595199
our_vol2,Our vol2 ETAS-enhanced STNPP-GAT,9,2020-05-06,0.05,0.050011418131993605,2847,65.0,0.39634146341463417,0.6036585365853658,0.050011418131993605,1.0147133434804667,7.925019489920927,0.39634146341463417,7.925019489920927,0.39634146341463417,164.0,0.02244568145088885,0.04390586582367404,376.8721221595199
our_vol2,Our vol2 ETAS-enhanced STNPP-GAT,9,2020-05-06,0.06,0.06000667521562703,3416,73.0,0.4451219512195122,0.5548780487804879,0.06000667521562703,0.9497788186312777,7.417873921859828,0.4451219512195122,7.417873921859828,0.4451219512195122,164.0,0.02783210470889123,0.054156908665105384,376.8721221595199
our_vol2,Our vol2 ETAS-enhanced STNPP-GAT,9,2020-05-06,0.07,0.07000193229926045,3985,79.0,0.4817073170731707,0.5182926829268293,0.07000193229926045,0.8810818346577444,6.881343146555682,0.4817073170731707,6.881343146555682,0.4817073170731707,164.0,0.027194226060059286,0.05294855708908407,376.8721221595199
our_vol2,Our vol2 ETAS-enhanced STNPP-GAT,9,2020-05-06,0.08,0.08001475573980713,4555,87.0,0.5304878048780488,0.4695121951219512,0.08001475573980713,0.8488840102451519,6.629874702149875,0.5304878048780488,6.629874702149875,0.5304878048780488,164.0,0.034756928668786914,0.06717892425905599,376.8721221595199
our_vol2,Our vol2 ETAS-enhanced STNPP-GAT,9,2020-05-06,0.09,0.09001001282344055,5124,91.0,0.5548780487804879,0.44512195121951215,0.09001001282344055,0.7893139040680024,6.164625816340131,0.5548780487804879,6.164625816340131,0.5548780487804879,164.0,0.043478260869565216,0.08333333333333333,376.8721221595199
our_vol2,Our vol2 ETAS-enhanced STNPP-GAT,9,2020-05-06,0.1,0.10000526990707397,5693,94.0,0.573170731707317,0.426829268292683,0.10000526990707397,0.7338446825536233,5.731405277341022,0.573170731707317,5.731405277341022,0.573170731707317,164.0,0.05007839158904362,0.09538029158615843,376.8721221595199
our_vol2,Our vol2 ETAS-enhanced STNPP-GAT,10,2020-05-20,0.01,0.010012823440546666,570,25.0,0.13227513227513227,0.8677248677248677,0.010012823440546666,1.9493177387914231,13.210572728116587,0.13227513227513227,13.210572728116587,0.13227513227513227,189.0,0.02242152466367713,0.043859649122807015,740.6919724538217
our_vol2,Our vol2 ETAS-enhanced STNPP-GAT,10,2020-05-20,0.02,0.02000808052418009,1139,37.0,0.19576719576719576,0.8042328042328042,0.02000808052418009,1.4437615842356843,9.784406631641048,0.19576719576719576,9.784406631641048,0.19576719576719576,189.0,0.016964285714285713,0.033362598770851626,740.6919724538217
our_vol2,Our vol2 ETAS-enhanced STNPP-GAT,10,2020-05-20,0.03,0.030003337607813516,1708,47.0,0.24867724867724866,0.7513227513227514,0.030003337607813516,1.2230028623471247,8.288319517242233,0.24867724867724866,8.288319517242233,0.24867724867724866,189.0,0.01939719486720382,0.038056206088992975,740.6919724538217
our_vol2,Our vol2 ETAS-enhanced STNPP-GAT,10,2020-05-20,0.04,0.04001616104836018,2278,57.0,0.30158730158730157,0.6984126984126984,0.04001616104836018,1.1120866256950541,7.536637540588375,0.30158730158730157,7.536637540588375,0.30158730158730157,189.0,0.019467442380845825,0.038191395961369626,740.6919724538217
our_vol2,Our vol2 ETAS-enhanced STNPP-GAT,10,2020-05-20,0.05,0.050011418131993605,2847,61.0,0.32275132275132273,0.6772486772486772,0.050011418131993605,0.9522694454201303,6.453552704694257,0.32275132275132273,6.453552704694257,0.32275132275132273,189.0,0.02097902097902098,0.0410958904109589,740.6919724538217
our_vol2,Our vol2 ETAS-enhanced STNPP-GAT,10,2020-05-20,0.06,0.06000667521562703,3416,71.0,0.37566137566137564,0.6243386243386244,0.06000667521562703,0.9237574811345303,6.260326443874453,0.37566137566137564,6.260326443874453,0.37566137566137564,189.0,0.02783210470889123,0.054156908665105384,740.6919724538217
our_vol2,Our vol2 ETAS-enhanced STNPP-GAT,10,2020-05-20,0.07,0.07000193229926045,3985,79.0,0.41798941798941797,0.5820105820105821,0.07000193229926045,0.8810818346577444,5.971112571614453,0.41798941798941797,5.971112571614453,0.41798941798941797,189.0,0.027856590147020893,0.054203262233375155,740.6919724538217
our_vol2,Our vol2 ETAS-enhanced STNPP-GAT,10,2020-05-20,0.08,0.08001475573980713,4555,87.0,0.4603174603174603,0.5396825396825398,0.08001475573980713,0.8488840102451519,5.752907148955447,0.4603174603174603,5.752907148955447,0.4603174603174603,189.0,0.03581580443433769,0.06915477497255763,740.6919724538217
our_vol2,Our vol2 ETAS-enhanced STNPP-GAT,10,2020-05-20,0.09,0.09001001282344055,5124,94.0,0.4973544973544973,0.5026455026455027,0.09001001282344055,0.8153352415647497,5.525546344828156,0.4973544973544973,5.525546344828156,0.4973544973544973,189.0,0.04443538524256013,0.08508977361436378,740.6919724538217
our_vol2,Our vol2 ETAS-enhanced STNPP-GAT,10,2020-05-20,0.1,0.10000526990707397,5693,100.0,0.5291005291005291,0.47089947089947093,0.10000526990707397,0.7806858325038546,5.29072647463654,0.5291005291005291,5.29072647463654,0.5291005291005291,189.0,0.051824480369515015,0.09854206920779905,740.6919724538217
our_vol2,Our vol2 ETAS-enhanced STNPP-GAT,11,2020-06-03,0.01,0.010012823440546666,570,21.0,0.13548387096774195,0.864516129032258,0.010012823440546666,1.6374269005847955,13.531035653650255,0.13548387096774195,13.531035653650255,0.13548387096774195,155.0,0.017857142857142856,0.03508771929824561,1438.7803656940378
our_vol2,Our vol2 ETAS-enhanced STNPP-GAT,11,2020-06-03,0.02,0.02000808052418009,1139,34.0,0.21935483870967742,0.7806451612903226,0.02000808052418009,1.3266998341625207,10.963312469908523,0.21935483870967742,10.963312469908523,0.21935483870967742,155.0,0.016057091882247992,0.03160667251975417,1438.7803656940378
our_vol2,Our vol2 ETAS-enhanced STNPP-GAT,11,2020-06-03,0.03,0.030003337607813516,1708,45.0,0.2903225806451613,0.7096774193548387,0.030003337607813516,1.17096018735363,9.67634282692453,0.2903225806451613,9.67634282692453,0.2903225806451613,155.0,0.018485390578413835,0.03629976580796253,1438.7803656940378
our_vol2,Our vol2 ETAS-enhanced STNPP-GAT,11,2020-06-03,0.04,0.04001616104836018,2278,51.0,0.32903225806451614,0.6709677419354838,0.04001616104836018,0.9950248756218905,8.222484352431392,0.32903225806451614,8.222484352431392,0.32903225806451614,155.0,0.017873100983020553,0.03511852502194908,1438.7803656940378
our_vol2,Our vol2 ETAS-enhanced STNPP-GAT,11,2020-06-03,0.05,0.050011418131993605,2847,58.0,0.3741935483870968,0.6258064516129032,0.050011418131993605,0.905436521874878,7.482162321402269,0.3741935483870968,7.482162321402269,0.3741935483870968,155.0,0.021528525296017224,0.04214963119072708,1438.7803656940378
our_vol2,Our vol2 ETAS-enhanced STNPP-GAT,11,2020-06-03,0.06,0.06000667521562703,3416,61.0,0.3935483870967742,0.6064516129032258,0.06000667521562703,0.7936507936507936,6.558410138248848,0.3935483870967742,6.558410138248848,0.3935483870967742,155.0,0.027522935779816515,0.05357142857142857,1438.7803656940378
our_vol2,Our vol2 ETAS-enhanced STNPP-GAT,11,2020-06-03,0.07,0.07000193229926045,3985,62.0,0.4,0.6,0.07000193229926045,0.6914819461870905,5.714127979924719,0.4,5.714127979924719,0.4,155.0,0.026664949117609173,0.05194479297365119,1438.7803656940378
our_vol2,Our vol2 ETAS-enhanced STNPP-GAT,11,2020-06-03,0.08,0.08001475573980713,4555,70.0,0.45161290322580644,0.5483870967741935,0.08001475573980713,0.6830101231857544,5.644120250699338,0.45161290322580644,5.644120250699338,0.45161290322580644,155.0,0.035227272727272725,0.06805708013172337,1438.7803656940378
our_vol2,Our vol2 ETAS-enhanced STNPP-GAT,11,2020-06-03,0.09,0.09001001282344055,5124,72.0,0.4645161290322581,0.5354838709677419,0.09001001282344055,0.6245120999219359,5.160716174359749,0.4645161290322581,5.160716174359749,0.4645161290322581,155.0,0.04337202199144777,0.08313817330210772,1438.7803656940378
our_vol2,Our vol2 ETAS-enhanced STNPP-GAT,11,2020-06-03,0.1,0.10000526990707397,5693,79.0,0.5096774193548387,0.4903225806451613,0.10000526990707397,0.6167418076780452,5.096505612438592,0.5096774193548387,5.096505612438592,0.5096774193548387,155.0,0.050465910139311745,0.09608290883541191,1438.7803656940378
our_vol2,Our vol2 ETAS-enhanced STNPP-GAT,12,2020-06-17,0.01,0.010012823440546666,570,31.0,0.15121951219512195,0.848780487804878,0.010012823440546666,2.417153996101365,15.102584510055625,0.15121951219512195,15.102584510055625,0.15121951219512195,205.0,0.027953110910730387,0.054385964912280704,1349.5398028145144
our_vol2,Our vol2 ETAS-enhanced STNPP-GAT,12,2020-06-17,0.02,0.02000808052418009,1139,46.0,0.22439024390243903,0.775609756097561,0.02000808052418009,1.794946834455175,11.214981048844729,0.22439024390243903,11.214981048844729,0.22439024390243903,205.0,0.021524663677130046,0.04214223002633889,1349.5398028145144
our_vol2,Our vol2 ETAS-enhanced STNPP-GAT,12,2020-06-17,0.03,0.030003337607813516,1708,61.0,0.2975609756097561,0.7024390243902439,0.030003337607813516,1.5873015873015872,9.91759581881533,0.2975609756097561,9.91759581881533,0.2975609756097561,205.0,0.023060796645702306,0.045081967213114756,1349.5398028145144
our_vol2,Our vol2 ETAS-enhanced STNPP-GAT,12,2020-06-17,0.04,0.04001616104836018,2278,80.0,0.3902439024390244,0.6097560975609756,0.04001616104836018,1.5608233343088478,9.752157433778025,0.3902439024390244,9.752157433778025,0.3902439024390244,205.0,0.024510906228918373,0.04784899034240562,1349.5398028145144
our_vol2,Our vol2 ETAS-enhanced STNPP-GAT,12,2020-06-17,0.05,0.050011418131993605,2847,88.0,0.4292682926829268,0.5707317073170732,0.050011418131993605,1.3737657573274011,8.583405724468204,0.4292682926829268,8.583405724468204,0.4292682926829268,205.0,0.02650081124932396,0.051633298208640675,1349.5398028145144
our_vol2,Our vol2 ETAS-enhanced STNPP-GAT,12,2020-06-17,0.06,0.06000667521562703,3416,93.0,0.45365853658536587,0.5463414634146342,0.06000667521562703,1.209992193598751,7.560134517621523,0.45365853658536587,7.560134517621523,0.45365853658536587,205.0,0.03186829784020541,0.06176814988290398,1349.5398028145144
our_vol2,Our vol2 ETAS-enhanced STNPP-GAT,12,2020-06-17,0.07,0.07000193229926045,3985,98.0,0.47804878048780486,0.5219512195121951,0.07000193229926045,1.09298759236024,6.829079780885638,0.47804878048780486,6.829079780885638,0.47804878048780486,205.0,0.030248190279214063,0.05872020075282309,1349.5398028145144
our_vol2,Our vol2 ETAS-enhanced STNPP-GAT,12,2020-06-17,0.08,0.08001475573980713,4555,105.0,0.5121951219512195,0.4878048780487805,0.08001475573980713,1.0245151847786316,6.401258333110224,0.5121951219512195,6.401258333110224,0.5121951219512195,205.0,0.03699487763232783,0.07135016465422613,1349.5398028145144
our_vol2,Our vol2 ETAS-enhanced STNPP-GAT,12,2020-06-17,0.09,0.09001001282344055,5124,109.0,0.5317073170731708,0.46829268292682924,0.09001001282344055,0.9454419290484863,5.907201881152301,0.5317073170731708,5.907201881152301,0.5317073170731708,205.0,0.04528763769889841,0.08665105386416862,1349.5398028145144
our_vol2,Our vol2 ETAS-enhanced STNPP-GAT,12,2020-06-17,0.1,0.10000526990707397,5693,114.0,0.5560975609756098,0.4439024390243902,0.10000526990707397,0.8899818490543943,5.560682566952141,0.5560975609756098,5.560682566952141,0.5560975609756098,205.0,0.0502721151185315,0.09573160021078518,1349.5398028145144
our_vol2,Our vol2 ETAS-enhanced STNPP-GAT,13,2020-07-01,0.01,0.010012823440546666,570,26.0,0.12322274881516587,0.8767772511848342,0.010012823440546666,2.0272904483430803,12.306493722457802,0.12322274881516587,12.306493722457802,0.12322274881516587,211.0,0.02242152466367713,0.043859649122807015,256.6465672962718
our_vol2,Our vol2 ETAS-enhanced STNPP-GAT,13,2020-07-01,0.02,0.02000808052418009,1139,39.0,0.1848341232227488,0.8151658767772512,0.02000808052418009,1.5218027509511267,9.237973777613188,0.1848341232227488,9.237973777613188,0.1848341232227488,211.0,0.017873100983020553,0.03511852502194908,256.6465672962718
our_vol2,Our vol2 ETAS-enhanced STNPP-GAT,13,2020-07-01,0.03,0.030003337607813516,1708,51.0,0.24170616113744076,0.7582938388625593,0.030003337607813516,1.327088212334114,8.055975781657546,0.24170616113744076,8.055975781657546,0.24170616113744076,211.0,0.02031063321385902,0.03981264637002342,256.6465672962718
our_vol2,Our vol2 ETAS-enhanced STNPP-GAT,13,2020-07-01,0.04,0.04001616104836018,2278,56.0,0.26540284360189575,0.7345971563981042,0.04001616104836018,1.0925763340161936,6.632391430081264,0.26540284360189575,6.632391430081264,0.26540284360189575,211.0,0.019011406844106463,0.03731343283582089,256.6465672962718
our_vol2,Our vol2 ETAS-enhanced STNPP-GAT,13,2020-07-01,0.05,0.050011418131993605,2847,66.0,0.3127962085308057,0.6872037914691943,0.050011418131993605,1.0303243179955508,6.254495877426476,0.3127962085308057,6.254495877426476,0.3127962085308057,211.0,0.022629310344827586,0.044257112750263436,256.6465672962718
our_vol2,Our vol2 ETAS-enhanced STNPP-GAT,13,2020-07-01,0.06,0.06000667521562703,3416,73.0,0.3459715639810427,0.6540284360189573,0.06000667521562703,0.9497788186312777,5.765551294715696,0.3459715639810427,5.765551294715696,0.3459715639810427,211.0,0.029380744312189244,0.05708430913348946,256.6465672962718
our_vol2,Our vol2 ETAS-enhanced STNPP-GAT,13,2020-07-01,0.07,0.07000193229926045,3985,78.0,0.3696682464454976,0.6303317535545023,0.07000193229926045,0.8699289000418235,5.28082917575981,0.3696682464454976,5.28082917575981,0.3696682464454976,211.0,0.028254418784672945,0.05495608531994981,256.6465672962718
our_vol2,Our vol2 ETAS-enhanced STNPP-GAT,13,2020-07-01,0.08,0.08001475573980713,4555,82.0,0.3886255924170616,0.6113744075829384,0.08001475573980713,0.8000975728747408,4.856924061366864,0.3886255924170616,4.856924061366864,0.3886255924170616,211.0,0.035227272727272725,0.06805708013172337,256.6465672962718
our_vol2,Our vol2 ETAS-enhanced STNPP-GAT,13,2020-07-01,0.09,0.09001001282344055,5124,84.0,0.3981042654028436,0.6018957345971564,0.09001001282344055,0.7285974499089253,4.422888664439437,0.3981042654028436,4.422888664439437,0.3981042654028436,211.0,0.04337202199144777,0.08313817330210772,256.6465672962718
our_vol2,Our vol2 ETAS-enhanced STNPP-GAT,13,2020-07-01,0.1,0.10000526990707397,5693,91.0,0.4312796208530806,0.5687203791469194,0.10000526990707397,0.7104241075785077,4.312568940155159,0.4312796208530806,4.312568940155159,0.4312796208530806,211.0,0.04911084492766977,0.09362374846302476,256.6465672962718
our_vol2,Our vol2 ETAS-enhanced STNPP-GAT,14,2020-07-15,0.01,0.010012823440546666,570,20.0,0.11299435028248588,0.8870056497175142,0.010012823440546666,1.5594541910331385,11.284963821984338,0.11299435028248588,11.284963821984338,0.11299435028248588,177.0,0.017857142857142856,0.03508771929824561,3139.2039390675977
our_vol2,Our vol2 ETAS-enhanced STNPP-GAT,14,2020-07-15,0.02,0.02000808052418009,1139,33.0,0.1864406779661017,0.8135593220338984,0.02000808052418009,1.2876792508047994,9.318269073376884,0.1864406779661017,9.318269073376884,0.1864406779661017,177.0,0.01560410164957646,0.030728709394205442,3139.2039390675977
our_vol2,Our vol2 ETAS-enhanced STNPP-GAT,14,2020-07-15,0.03,0.030003337607813516,1708,49.0,0.2768361581920904,0.7231638418079096,0.030003337607813516,1.2750455373406193,9.22684542002408,0.2768361581920904,9.22684542002408,0.2768361581920904,177.0,0.02092050209205021,0.040983606557377046,3139.2039390675977
our_vol2,Our vol2 ETAS-enhanced STNPP-GAT,14,2020-07-15,0.04,0.04001616104836018,2278,58.0,0.327683615819209,0.672316384180791,0.04001616104836018,1.1315969173739147,8.188781912967565,0.327683615819209,8.188781912967565,0.327683615819209,177.0,0.02038073908174692,0.03994732221246708,3139.2039390675977
our_vol2,Our vol2 ETAS-enhanced STNPP-GAT,14,2020-07-15,0.05,0.050011418131993605,2847,66.0,0.3728813559322034,0.6271186440677966,0.050011418131993605,1.0303243179955508,7.45592446405077,0.3728813559322034,7.45592446405077,0.3728813559322034,177.0,0.022629310344827586,0.044257112750263436,3139.2039390675977
our_vol2,Our vol2 ETAS-enhanced STNPP-GAT,14,2020-07-15,0.06,0.06000667521562703,3416,73.0,0.4124293785310734,0.5875706214689266,0.06000667521562703,0.9497788186312777,6.873058323079162,0.4124293785310734,6.873058323079162,0.4124293785310734,177.0,0.029846246608381068,0.057962529274004686,3139.2039390675977
our_vol2,Our vol2 ETAS-enhanced STNPP-GAT,14,2020-07-15,0.07,0.07000193229926045,3985,75.0,0.423728813559322,0.576271186440678,0.07000193229926045,0.8364700961940611,6.053101673649065,0.423728813559322,6.053101673649065,0.423728813559322,177.0,0.028121775025799794,0.05470514429109159,3139.2039390675977
our_vol2,Our vol2 ETAS-enhanced STNPP-GAT,14,2020-07-15,0.08,0.08001475573980713,4555,79.0,0.4463276836158192,0.5536723163841808,0.08001475573980713,0.7708257104524943,5.578067188846924,0.4463276836158192,5.578067188846924,0.4463276836158192,177.0,0.0353449255597227,0.06827661909989023,3139.2039390675977
our_vol2,Our vol2 ETAS-enhanced STNPP-GAT,14,2020-07-15,0.09,0.09001001282344055,5124,85.0,0.480225988700565,0.519774011299435,0.09001001282344055,0.7372712290745077,5.335250753075148,0.480225988700565,5.335250753075148,0.480225988700565,177.0,0.043903432820617296,0.08411397345823575,3139.2039390675977
our_vol2,Our vol2 ETAS-enhanced STNPP-GAT,14,2020-07-15,0.1,0.10000526990707397,5693,87.0,0.4915254237288136,0.5084745762711864,0.10000526990707397,0.6791966742783535,4.914995221607267,0.4915254237288136,4.914995221607267,0.4915254237288136,177.0,0.04862773991526985,0.09274547690145793,3139.2039390675977
our_vol2,Our vol2 ETAS-enhanced STNPP-GAT,15,2020-07-29,0.01,0.010012823440546666,570,20.0,0.12422360248447205,0.8757763975155279,0.010012823440546666,1.5594541910331385,12.406450909883404,0.12422360248447205,12.406450909883404,0.12422360248447205,161.0,0.017857142857142856,0.03508771929824561,1270.6175140451728
our_vol2,Our vol2 ETAS-enhanced STNPP-GAT,15,2020-07-29,0.02,0.02000808052418009,1139,29.0,0.18012422360248448,0.8198757763975155,0.02000808052418009,1.1315969173739147,9.00257390431838,0.18012422360248448,9.00257390431838,0.18012422360248448,161.0,0.013796172674677348,0.027216856892010536,1270.6175140451728
our_vol2,Our vol2 ETAS-enhanced STNPP-GAT,15,2020-07-29,0.03,0.030003337607813516,1708,37.0,0.22981366459627328,0.7701863354037267,0.030003337607813516,0.9627894873796513,7.659603328145228,0.22981366459627328,7.659603328145228,0.22981366459627328,161.0,0.016666666666666666,0.03278688524590164,1270.6175140451728
our_vol2,Our vol2 ETAS-enhanced STNPP-GAT,15,2020-07-29,0.04,0.04001616104836018,2278,43.0,0.2670807453416149,0.7329192546583851,0.04001616104836018,0.8389425421910057,6.674322032511902,0.2670807453416149,6.674322032511902,0.2670807453416149,161.0,0.016283738567923266,0.03204565408252853,1270.6175140451728
our_vol2,Our vol2 ETAS-enhanced STNPP-GAT,15,2020-07-29,0.05,0.050011418131993605,2847,52.0,0.32298136645962733,0.6770186335403727,0.050011418131993605,0.8117706747843734,6.458152528432457,0.32298136645962733,6.458152528432457,0.32298136645962733,161.0,0.01969914040114613,0.03863716192483316,1270.6175140451728
our_vol2,Our vol2 ETAS-enhanced STNPP-GAT,15,2020-07-29,0.06,0.06000667521562703,3416,54.0,0.33540372670807456,0.6645962732919255,0.06000667521562703,0.702576112412178,5.589440266484356,0.33540372670807456,5.589440266484356,0.33540372670807456,161.0,0.027213952789054276,0.05298594847775176,1270.6175140451728
our_vol2,Our vol2 ETAS-enhanced STNPP-GAT,15,2020-07-29,0.07,0.07000193229926045,3985,57.0,0.35403726708074534,0.6459627329192547,0.07000193229926045,0.6357172731074865,5.0575356344054185,0.35403726708074534,5.0575356344054185,0.35403726708074534,161.0,0.026004119464469618,0.0506900878293601,1270.6175140451728
our_vol2,Our vol2 ETAS-enhanced STNPP-GAT,15,2020-07-29,0.08,0.08001475573980713,4555,65.0,0.40372670807453415,0.5962732919254659,0.08001475573980713,0.6342236858153434,5.0456531966100995,0.40372670807453415,5.0456531966100995,0.40372670807453415,161.0,0.033114084826491266,0.06410537870472009,1270.6175140451728
our_vol2,Our vol2 ETAS-enhanced STNPP-GAT,15,2020-07-29,0.09,0.09001001282344055,5124,74.0,0.45962732919254656,0.5403726708074534,0.09001001282344055,0.6418596582531009,5.106402218763485,0.45962732919254656,5.106402218763485,0.45962732919254656,161.0,0.042735042735042736,0.08196721311475409,1270.6175140451728
our_vol2,Our vol2 ETAS-enhanced STNPP-GAT,15,2020-07-29,0.1,0.10000526990707397,5693,86.0,0.5341614906832298,0.4658385093167702,0.10000526990707397,0.6713898159533149,5.341333423524368,0.5341614906832298,5.341333423524368,0.5341614906832298,161.0,0.04814507962809537,0.0918672053398911,1270.6175140451728
our_vol2,Our vol2 ETAS-enhanced STNPP-GAT,16,2020-08-12,0.01,0.010012823440546666,570,18.0,0.11612903225806452,0.8838709677419355,0.010012823440546666,1.4035087719298247,11.598030560271647,0.11612903225806452,11.598030560271647,0.11612903225806452,155.0,0.016042780748663103,0.031578947368421054,295.07499365518726
our_vol2,Our vol2 ETAS-enhanced STNPP-GAT,16,2020-08-12,0.02,0.02000808052418009,1139,27.0,0.17419354838709677,0.8258064516129032,0.02000808052418009,1.0535557506584723,8.706159902574415,0.17419354838709677,8.706159902574415,0.17419354838709677,155.0,0.013345195729537367,0.02633889376646181,295.07499365518726
our_vol2,Our vol2 ETAS-enhanced STNPP-GAT,16,2020-08-12,0.03,0.030003337607813516,1708,39.0,0.25161290322580643,0.7483870967741936,0.030003337607813516,1.014832162373146,8.386163783334592,0.25161290322580643,8.386163783334592,0.25161290322580643,155.0,0.017272185824895772,0.03395784543325527,295.07499365518726
our_vol2,Our vol2 ETAS-enhanced STNPP-GAT,16,2020-08-12,0.04,0.04001616104836018,2278,52.0,0.33548387096774196,0.6645161290322581,0.04001616104836018,1.014535167300751,8.3837095358124,0.33548387096774196,8.3837095358124,0.33548387096774196,155.0,0.017645744918472192,0.03467954345917471,295.07499365518726
our_vol2,Our vol2 ETAS-enhanced STNPP-GAT,16,2020-08-12,0.05,0.050011418131993605,2847,56.0,0.36129032258064514,0.6387096774193548,0.050011418131993605,0.8742145728447097,7.224156724112534,0.36129032258064514,7.224156724112534,0.36129032258064514,155.0,0.02097902097902098,0.0410958904109589,295.07499365518726
our_vol2,Our vol2 ETAS-enhanced STNPP-GAT,16,2020-08-12,0.06,0.06000667521562703,3416,60.0,0.3870967741935484,0.6129032258064516,0.06000667521562703,0.78064012490242,6.450895217949686,0.3870967741935484,6.450895217949686,0.3870967741935484,155.0,0.02845100105374078,0.055327868852459015,295.07499365518726
our_vol2,Our vol2 ETAS-enhanced STNPP-GAT,16,2020-08-12,0.07,0.07000193229926045,3985,66.0,0.4258064516129032,0.5741935483870968,0.07000193229926045,0.7360936846507737,6.082781397984377,0.4258064516129032,6.082781397984377,0.4258064516129032,155.0,0.027194226060059286,0.05294855708908407,295.07499365518726
our_vol2,Our vol2 ETAS-enhanced STNPP-GAT,16,2020-08-12,0.08,0.08001475573980713,4555,72.0,0.4645161290322581,0.5354838709677419,0.08001475573980713,0.7025246981339188,5.805380829290748,0.4645161290322581,5.805380829290748,0.4645161290322581,155.0,0.034287011807447774,0.06630076838638858,295.07499365518726
our_vol2,Our vol2 ETAS-enhanced STNPP-GAT,16,2020-08-12,0.09,0.09001001282344055,5124,78.0,0.5032258064516129,0.49677419354838714,0.09001001282344055,0.6765547749154306,5.5907758555563944,0.5032258064516129,5.5907758555563944,0.5032258064516129,155.0,0.0429472827193161,0.0823575331772053,295.07499365518726
our_vol2,Our vol2 ETAS-enhanced STNPP-GAT,16,2020-08-12,0.1,0.10000526990707397,5693,85.0,0.5483870967741935,0.4516129032258065,0.10000526990707397,0.6635829576282765,5.483581988066839,0.5483870967741935,5.483581988066839,0.5483870967741935,155.0,0.04708478940592238,0.08993500790444406,295.07499365518726
our_vol2,Our vol2 ETAS-enhanced STNPP-GAT,17,2020-08-26,0.01,0.010012823440546666,570,19.0,0.11377245508982035,0.8862275449101796,0.010012823440546666,1.4814814814814816,11.362674650698601,0.11377245508982035,11.362674650698601,0.11377245508982035,167.0,0.01694915254237288,0.03333333333333333,532.9182592530242
our_vol2,Our vol2 ETAS-enhanced STNPP-GAT,17,2020-08-26,0.02,0.02000808052418009,1139,38.0,0.2275449101796407,0.7724550898203593,0.02000808052418009,1.4827821675934054,11.372650660049523,0.2275449101796407,11.372650660049523,0.2275449101796407,167.0,0.017418490397498883,0.03424056189640035,532.9182592530242
our_vol2,Our vol2 ETAS-enhanced STNPP-GAT,17,2020-08-26,0.03,0.030003337607813516,1708,50.0,0.2994011976047904,0.7005988023952097,0.030003337607813516,1.3010668748373666,9.978929728365282,0.2994011976047904,9.978929728365282,0.2994011976047904,167.0,0.020005971931919976,0.039227166276346606,532.9182592530242
our_vol2,Our vol2 ETAS-enhanced STNPP-GAT,17,2020-08-26,0.04,0.04001616104836018,2278,55.0,0.32934131736526945,0.6706586826347305,0.04001616104836018,1.0730660423373328,8.230207714509524,0.32934131736526945,8.230207714509524,0.32934131736526945,167.0,0.018328118015198926,0.035996488147497806,532.9182592530242
our_vol2,Our vol2 ETAS-enhanced STNPP-GAT,17,2020-08-26,0.05,0.050011418131993605,2847,59.0,0.3532934131736527,0.6467065868263473,0.050011418131993605,0.9210474963899621,7.064255051540754,0.3532934131736527,7.064255051540754,0.3532934131736527,167.0,0.021162123385939743,0.0414471373375483,532.9182592530242
our_vol2,Our vol2 ETAS-enhanced STNPP-GAT,17,2020-08-26,0.06,0.06000667521562703,3416,64.0,0.38323353293413176,0.6167664670658682,0.06000667521562703,0.8326827998959146,6.3865150261537815,0.38323353293413176,6.3865150261537815,0.38323353293413176,167.0,0.028605841613971696,0.05562060889929742,532.9182592530242
our_vol2,Our vol2 ETAS-enhanced STNPP-GAT,17,2020-08-26,0.07,0.07000193229926045,3985,71.0,0.4251497005988024,0.5748502994011976,0.07000193229926045,0.7918583577303778,6.073399499620584,0.4251497005988024,6.073399499620584,0.4251497005988024,167.0,0.027591542031975246,0.053701380175658724,532.9182592530242
our_vol2,Our vol2 ETAS-enhanced STNPP-GAT,17,2020-08-26,0.08,0.08001475573980713,4555,76.0,0.4550898203592814,0.5449101796407185,0.08001475573980713,0.7415538480302476,5.687573700020375,0.4550898203592814,5.687573700020375,0.4550898203592814,167.0,0.03416959927347032,0.06608122941822174,532.9182592530242
our_vol2,Our vol2 ETAS-enhanced STNPP-GAT,17,2020-08-26,0.09,0.09001001282344055,5124,78.0,0.46706586826347307,0.5329341317365269,0.09001001282344055,0.6765547749154306,5.189043458749947,0.46706586826347307,5.189043458749947,0.46706586826347307,167.0,0.041886945912972755,0.08040593286494926,532.9182592530242
our_vol2,Our vol2 ETAS-enhanced STNPP-GAT,17,2020-08-26,0.1,0.10000526990707397,5693,84.0,0.5029940119760479,0.4970059880239521,0.10000526990707397,0.6557760993032379,5.029675060558665,0.5029940119760479,5.029675060558665,0.5029940119760479,167.0,0.04727740986019132,0.09028631652907079,532.9182592530242
our_vol2,Our vol2 ETAS-enhanced STNPP-GAT,18,2020-09-09,0.01,0.010012823440546666,570,16.0,0.11188811188811189,0.8881118881118881,0.010012823440546666,1.2475633528265109,11.174481658692184,0.11188811188811189,11.174481658692184,0.11188811188811189,143.0,0.014234875444839857,0.028070175438596492,1701.44201947491
our_vol2,Our vol2 ETAS-enhanced STNPP-GAT,18,2020-09-09,0.02,0.02000808052418009,1139,23.0,0.16083916083916083,0.8391608391608392,0.02000808052418009,0.8974734172275876,8.03871019235374,0.16083916083916083,8.03871019235374,0.16083916083916083,143.0,0.011096316023080338,0.021949078138718173,1701.44201947491
our_vol2,Our vol2 ETAS-enhanced STNPP-GAT,18,2020-09-09,0.03,0.030003337607813516,1708,29.0,0.20279720279720279,0.7972027972027972,0.030003337607813516,0.7546187874056727,6.7591547796465825,0.20279720279720279,6.7591547796465825,0.20279720279720279,143.0,0.013950727218759276,0.027517564402810304,1701.44201947491
our_vol2,Our vol2 ETAS-enhanced STNPP-GAT,18,2020-09-09,0.04,0.04001616104836018,2278,35.0,0.24475524475524477,0.7552447552447552,0.04001616104836018,0.6828602087601209,6.116409928964802,0.24475524475524477,6.116409928964802,0.24475524475524477,143.0,0.0135706340378198,0.026777875329236173,1701.44201947491
our_vol2,Our vol2 ETAS-enhanced STNPP-GAT,18,2020-09-09,0.05,0.050011418131993605,2847,42.0,0.2937062937062937,0.7062937062937062,0.050011418131993605,0.6556609296335323,5.872784749497078,0.2937062937062937,5.872784749497078,0.2937062937062937,143.0,0.017512508934953538,0.03442219880576045,1701.44201947491
our_vol2,Our vol2 ETAS-enhanced STNPP-GAT,18,2020-09-09,0.06,0.06000667521562703,3416,47.0,0.32867132867132864,0.6713286713286714,0.06000667521562703,0.6115014311735624,5.477246114541196,0.32867132867132864,5.477246114541196,0.32867132867132864,143.0,0.025210084033613446,0.04918032786885246,1701.44201947491
our_vol2,Our vol2 ETAS-enhanced STNPP-GAT,18,2020-09-09,0.07,0.07000193229926045,3985,52.0,0.36363636363636365,0.6363636363636364,0.07000193229926045,0.5799526000278824,5.194661799931562,0.36363636363636365,5.194661799931562,0.36363636363636365,143.0,0.02442159383033419,0.04767879548306148,1701.44201947491
our_vol2,Our vol2 ETAS-enhanced STNPP-GAT,18,2020-09-09,0.08,0.08001475573980713,4555,58.0,0.40559440559440557,0.5944055944055944,0.08001475573980713,0.565922673496768,5.068995110268435,0.40559440559440557,5.068995110268435,0.40559440559440557,143.0,0.032060722782372264,0.062129527991218444,1701.44201947491
our_vol2,Our vol2 ETAS-enhanced STNPP-GAT,18,2020-09-09,0.09,0.09001001282344055,5124,69.0,0.4825174825174825,0.5174825174825175,0.09001001282344055,0.5984907624251886,5.360708963167979,0.4825174825174825,5.360708963167979,0.4825174825174825,143.0,0.04061738424045491,0.078064012490242,1701.44201947491
our_vol2,Our vol2 ETAS-enhanced STNPP-GAT,18,2020-09-09,0.1,0.10000526990707397,5693,69.0,0.4825174825174825,0.5174825174825175,0.10000526990707397,0.5386732244276597,4.824920556345113,0.4825174825174825,4.824920556345113,0.4825174825174825,143.0,0.046026642168121266,0.08800281046899701,1701.44201947491
our_vol2,Our vol2 ETAS-enhanced STNPP-GAT,19,2020-09-23,0.01,0.010012823440546666,570,16.0,0.10596026490066225,0.8940397350993378,0.010012823440546666,1.2475633528265109,10.582456140350876,0.10596026490066225,10.582456140350876,0.10596026490066225,151.0,0.014234875444839857,0.028070175438596492,315.6102948416276
our_vol2,Our vol2 ETAS-enhanced STNPP-GAT,19,2020-09-23,0.02,0.02000808052418009,1139,28.0,0.18543046357615894,0.814569536423841,0.02000808052418009,1.0925763340161936,9.267778753292362,0.18543046357615894,9.267778753292362,0.18543046357615894,151.0,0.011994669035984007,0.02370500438981563,315.6102948416276
our_vol2,Our vol2 ETAS-enhanced STNPP-GAT,19,2020-09-23,0.03,0.030003337607813516,1708,40.0,0.26490066225165565,0.7350993377483444,0.030003337607813516,1.0408534998698933,8.829039812646371,0.26490066225165565,8.829039812646371,0.26490066225165565,151.0,0.016666666666666666,0.03278688524590164,315.6102948416276
our_vol2,Our vol2 ETAS-enhanced STNPP-GAT,19,2020-09-23,0.04,0.04001616104836018,2278,50.0,0.33112582781456956,0.6688741721854304,0.04001616104836018,0.9755145839430299,8.274802458296753,0.33112582781456956,8.274802458296753,0.33112582781456956,151.0,0.01651048639000446,0.0324846356453029,315.6102948416276
our_vol2,Our vol2 ETAS-enhanced STNPP-GAT,19,2020-09-23,0.05,0.050011418131993605,2847,54.0,0.3576158940397351,0.6423841059602649,0.050011418131993605,0.8429926238145415,7.1506849315068495,0.3576158940397351,7.1506849315068495,0.3576158940397351,151.0,0.019151601933058888,0.03758342114506498,315.6102948416276
our_vol2,Our vol2 ETAS-enhanced STNPP-GAT,19,2020-09-23,0.06,0.06000667521562703,3416,57.0,0.37748344370860926,0.6225165562913908,0.06000667521562703,0.741608118657299,6.2906908665105385,0.37748344370860926,6.2906908665105385,0.37748344370860926,151.0,0.025979876858387145,0.0506440281030445,315.6102948416276
our_vol2,Our vol2 ETAS-enhanced STNPP-GAT,19,2020-09-23,0.07,0.07000193229926045,3985,63.0,0.41721854304635764,0.5827814569536424,0.07000193229926045,0.7026348808030113,5.960100376411544,0.41721854304635764,5.960100376411544,0.41721854304635764,151.0,0.0252122459480319,0.04918444165621079,315.6102948416276
our_vol2,Our vol2 ETAS-enhanced STNPP-GAT,19,2020-09-23,0.08,0.08001475573980713,4555,67.0,0.44370860927152317,0.5562913907284768,0.08001475573980713,0.6537382607635077,5.545334796926454,0.44370860927152317,5.545334796926454,0.44370860927152317,151.0,0.03299693842839324,0.06388583973655323,315.6102948416276
our_vol2,Our vol2 ETAS-enhanced STNPP-GAT,19,2020-09-23,0.09,0.09001001282344055,5124,72.0,0.4768211920529801,0.5231788079470199,0.09001001282344055,0.6245120999219359,5.297423887587821,0.4768211920529801,5.297423887587821,0.4768211920529801,151.0,0.04135758561121837,0.07943013270882124,315.6102948416276
our_vol2,Our vol2 ETAS-enhanced STNPP-GAT,19,2020-09-23,0.1,0.10000526990707397,5693,77.0,0.5099337748344371,0.49006622516556286,0.10000526990707397,0.601128091027968,5.09906903214474,0.5099337748344371,5.09906903214474,0.5099337748344371,151.0,0.04737374666544016,0.09046197084138416,315.6102948416276
our_vol2,Our vol2 ETAS-enhanced STNPP-GAT,20,2020-10-07,0.01,0.010012823440546666,570,22.0,0.1456953642384106,0.8543046357615894,0.010012823440546666,1.7153996101364524,14.550877192982455,0.1456953642384106,14.550877192982455,0.1456953642384106,151.0,0.01876675603217158,0.03684210526315789,686.5076831669704
our_vol2,Our vol2 ETAS-enhanced STNPP-GAT,20,2020-10-07,0.02,0.02000808052418009,1139,30.0,0.1986754966887417,0.8013245033112583,0.02000808052418009,1.170617500731636,9.929762949956102,0.1986754966887417,9.929762949956102,0.1986754966887417,151.0,0.013796172674677348,0.027216856892010536,686.5076831669704
our_vol2,Our vol2 ETAS-enhanced STNPP-GAT,20,2020-10-07,0.03,0.030003337607813516,1708,40.0,0.26490066225165565,0.7350993377483444,0.030003337607813516,1.0408534998698933,8.829039812646371,0.26490066225165565,8.829039812646371,0.26490066225165565,151.0,0.017272185824895772,0.03395784543325527,686.5076831669704
our_vol2,Our vol2 ETAS-enhanced STNPP-GAT,20,2020-10-07,0.04,0.04001616104836018,2278,49.0,0.32450331125827814,0.6754966887417219,0.04001616104836018,0.9560042922641693,8.109306409130816,0.32450331125827814,8.109306409130816,0.32450331125827814,151.0,0.016964285714285713,0.033362598770851626,686.5076831669704
our_vol2,Our vol2 ETAS-enhanced STNPP-GAT,20,2020-10-07,0.05,0.050011418131993605,2847,57.0,0.37748344370860926,0.6225165562913908,0.050011418131993605,0.8898255473597939,7.547945205479452,0.37748344370860926,7.547945205479452,0.37748344370860926,151.0,0.01969914040114613,0.03863716192483316,686.5076831669704
our_vol2,Our vol2 ETAS-enhanced STNPP-GAT,20,2020-10-07,0.06,0.06000667521562703,3416,68.0,0.4503311258278146,0.5496688741721854,0.06000667521562703,0.8847254748894093,7.504683840749415,0.4503311258278146,7.504683840749415,0.4503311258278146,151.0,0.027059530968129887,0.05269320843091335,686.5076831669704
our_vol2,Our vol2 ETAS-enhanced STNPP-GAT,20,2020-10-07,0.07,0.07000193229926045,3985,72.0,0.4768211920529801,0.5231788079470199,0.07000193229926045,0.8030112923462986,6.811543287327479,0.4768211920529801,6.811543287327479,0.4768211920529801,151.0,0.025872055605612048,0.050439146800501884,686.5076831669704
our_vol2,Our vol2 ETAS-enhanced STNPP-GAT,20,2020-10-07,0.08,0.08001475573980713,4555,77.0,0.5099337748344371,0.49006622516556286,0.08001475573980713,0.7513111355043298,6.372996706915478,0.5099337748344371,6.372996706915478,0.5099337748344371,151.0,0.03358293623780349,0.06498353457738748,686.5076831669704
our_vol2,Our vol2 ETAS-enhanced STNPP-GAT,20,2020-10-07,0.09,0.09001001282344055,5124,80.0,0.5298013245033113,0.4701986754966887,0.09001001282344055,0.6939023332465954,5.886026541764247,0.5298013245033113,5.886026541764247,0.5298013245033113,151.0,0.04156926516922452,0.07982045277127245,686.5076831669704
our_vol2,Our vol2 ETAS-enhanced STNPP-GAT,20,2020-10-07,0.1,0.10000526990707397,5693,84.0,0.5562913907284768,0.4437086092715232,0.10000526990707397,0.6557760993032379,5.562620762339716,0.5562913907284768,5.562620762339716,0.5562913907284768,151.0,0.04660354812023164,0.08905673634287722,686.5076831669704
our_vol2,Our vol2 ETAS-enhanced STNPP-GAT,21,2020-10-21,0.01,0.010012823440546666,570,25.0,0.14367816091954022,0.8563218390804598,0.010012823440546666,1.9493177387914231,14.34941520467836,0.14367816091954022,14.34941520467836,0.14367816091954022,174.0,0.01967799642218247,0.03859649122807018,1843.846202403086
our_vol2,Our vol2 ETAS-enhanced STNPP-GAT,21,2020-10-21,0.02,0.02000808052418009,1139,40.0,0.22988505747126436,0.7701149425287357,0.02000808052418009,1.5608233343088478,11.489610769681008,0.22988505747126436,11.489610769681008,0.22988505747126436,174.0,0.016964285714285713,0.033362598770851626,1843.846202403086
our_vol2,Our vol2 ETAS-enhanced STNPP-GAT,21,2020-10-21,0.03,0.030003337607813516,1708,50.0,0.28735632183908044,0.7126436781609196,0.030003337607813516,1.3010668748373666,9.577478532396565,0.28735632183908044,9.577478532396565,0.28735632183908044,174.0,0.01909307875894988,0.03747072599531616,1843.846202403086
our_vol2,Our vol2 ETAS-enhanced STNPP-GAT,21,2020-10-21,0.04,0.04001616104836018,2278,57.0,0.3275862068965517,0.6724137931034483,0.04001616104836018,1.1120866256950541,8.186347673397718,0.3275862068965517,8.186347673397718,0.3275862068965517,174.0,0.018328118015198926,0.035996488147497806,1843.846202403086
our_vol2,Our vol2 ETAS-enhanced STNPP-GAT,21,2020-10-21,0.05,0.050011418131993605,2847,65.0,0.3735632183908046,0.6264367816091954,0.050011418131993605,1.0147133434804667,7.469558599695586,0.3735632183908046,7.469558599695586,0.3735632183908046,174.0,0.02043010752688172,0.040042149631190724,1843.846202403086
our_vol2,Our vol2 ETAS-enhanced STNPP-GAT,21,2020-10-21,0.06,0.06000667521562703,3416,74.0,0.42528735632183906,0.5747126436781609,0.06000667521562703,0.9627894873796513,7.087334113973458,0.42528735632183906,7.087334113973458,0.42528735632183906,174.0,0.027986758952753536,0.05444964871194379,1843.846202403086
our_vol2,Our vol2 ETAS-enhanced STNPP-GAT,21,2020-10-21,0.07,0.07000193229926045,3985,84.0,0.4827586206896552,0.5172413793103448,0.07000193229926045,0.9368465077373485,6.896361355081557,0.4827586206896552,6.896361355081557,0.4827586206896552,174.0,0.026797217212058747,0.05219573400250941,1843.846202403086
our_vol2,Our vol2 ETAS-enhanced STNPP-GAT,21,2020-10-21,0.08,0.08001475573980713,4555,91.0,0.5229885057471264,0.4770114942528736,0.08001475573980713,0.8879131601414807,6.5361507500914735,0.5229885057471264,6.5361507500914735,0.5229885057471264,174.0,0.034287011807447774,0.06630076838638858,1843.846202403086
our_vol2,Our vol2 ETAS-enhanced STNPP-GAT,21,2020-10-21,0.09,0.09001001282344055,5124,96.0,0.5517241379310345,0.4482758620689655,0.09001001282344055,0.8326827998959146,6.129586260733801,0.5517241379310345,6.129586260733801,0.5517241379310345,174.0,0.04199288256227758,0.08060109289617487,1843.846202403086
our_vol2,Our vol2 ETAS-enhanced STNPP-GAT,21,2020-10-21,0.1,0.10000526990707397,5693,100.0,0.5747126436781609,0.4252873563218391,0.10000526990707397,0.7806858325038546,5.746823584519,0.5747126436781609,5.746823584519,0.5747126436781609,174.0,0.04679599154178542,0.08940804496750396,1843.846202403086
our_vol2,Our vol2 ETAS-enhanced STNPP-GAT,22,2020-11-04,0.01,0.010012823440546666,570,16.0,0.09696969696969697,0.9030303030303031,0.010012823440546666,1.2475633528265109,9.68455077086656,0.09696969696969697,9.68455077086656,0.09696969696969697,165.0,0.013333333333333334,0.02631578947368421,683.4625552200415
our_vol2,Our vol2 ETAS-enhanced STNPP-GAT,22,2020-11-04,0.02,0.02000808052418009,1139,29.0,0.17575757575757575,0.8242424242424242,0.02000808052418009,1.1315969173739147,8.784329688456115,0.17575757575757575,8.784329688456115,0.17575757575757575,165.0,0.012894619831036016,0.025460930640913083,683.4625552200415
our_vol2,Our vol2 ETAS-enhanced STNPP-GAT,22,2020-11-04,0.03,0.030003337607813516,1708,40.0,0.24242424242424243,0.7575757575757576,0.030003337607813516,1.0408534998698933,8.079909161876374,0.24242424242424243,8.079909161876374,0.24242424242424243,165.0,0.017272185824895772,0.03395784543325527,683.4625552200415
our_vol2,Our vol2 ETAS-enhanced STNPP-GAT,22,2020-11-04,0.04,0.04001616104836018,2278,55.0,0.3333333333333333,0.6666666666666667,0.04001616104836018,1.0730660423373328,8.32996780801873,0.3333333333333333,8.32996780801873,0.3333333333333333,165.0,0.017873100983020553,0.03511852502194908,683.4625552200415
our_vol2,Our vol2 ETAS-enhanced STNPP-GAT,22,2020-11-04,0.05,0.050011418131993605,2847,60.0,0.36363636363636365,0.6363636363636364,0.050011418131993605,0.9366584709050462,7.271066832710669,0.36363636363636365,7.271066832710669,0.36363636363636365,165.0,0.02043010752688172,0.040042149631190724,683.4625552200415
our_vol2,Our vol2 ETAS-enhanced STNPP-GAT,22,2020-11-04,0.06,0.06000667521562703,3416,64.0,0.3878787878787879,0.6121212121212121,0.06000667521562703,0.8326827998959146,6.4639273295011,0.3878787878787879,6.4639273295011,0.3878787878787879,165.0,0.026442307692307692,0.05152224824355972,683.4625552200415
our_vol2,Our vol2 ETAS-enhanced STNPP-GAT,22,2020-11-04,0.07,0.07000193229926045,3985,68.0,0.4121212121212121,0.5878787878787879,0.07000193229926045,0.7583995538826154,5.88728337325577,0.4121212121212121,5.88728337325577,0.4121212121212121,165.0,0.025476067936181162,0.04968632371392723,683.4625552200415
our_vol2,Our vol2 ETAS-enhanced STNPP-GAT,22,2020-11-04,0.08,0.08001475573980713,4555,73.0,0.44242424242424244,0.5575757575757576,0.08001475573980713,0.712281985608001,5.529283172005456,0.44242424242424244,5.529283172005456,0.44242424242424244,165.0,0.03334845735027223,0.0645444566410538,683.4625552200415
our_vol2,Our vol2 ETAS-enhanced STNPP-GAT,22,2020-11-04,0.09,0.09001001282344055,5124,79.0,0.47878787878787876,0.5212121212121212,0.09001001282344055,0.685228554081013,5.319273531568613,0.47878787878787876,5.319273531568613,0.47878787878787876,165.0,0.0417810308020738,0.08021077283372366,683.4625552200415
our_vol2,Our vol2 ETAS-enhanced STNPP-GAT,22,2020-11-04,0.1,0.10000526990707397,5693,86.0,0.5212121212121212,0.47878787878787876,0.10000526990707397,0.6713898159533149,5.21184655265105,0.5212121212121212,5.21184655265105,0.5212121212121212,165.0,0.04853117229947509,0.09256982258914456,683.4625552200415
our_vol2,Our vol2 ETAS-enhanced STNPP-GAT,23,2020-11-18,0.01,0.010012823440546666,570,23.0,0.12105263157894737,0.8789473684210526,0.010012823440546666,1.7933723196881093,12.089759926131117,0.12105263157894737,12.089759926131117,0.12105263157894737,190.0,0.016042780748663103,0.031578947368421054,1082.779292940889
our_vol2,Our vol2 ETAS-enhanced STNPP-GAT,23,2020-11-18,0.02,0.02000808052418009,1139,33.0,0.1736842105263158,0.8263157894736842,0.02000808052418009,1.2876792508047994,8.680703294672151,0.1736842105263158,8.680703294672151,0.1736842105263158,190.0,0.012444444444444444,0.024582967515364356,1082.779292940889
our_vol2,Our vol2 ETAS-enhanced STNPP-GAT,23,2020-11-18,0.03,0.030003337607813516,1708,43.0,0.22631578947368422,0.7736842105263158,0.030003337607813516,1.1189175123601354,7.543020460988537,0.22631578947368422,7.543020460988537,0.22631578947368422,190.0,0.017272185824895772,0.03395784543325527,1082.779292940889
our_vol2,Our vol2 ETAS-enhanced STNPP-GAT,23,2020-11-18,0.04,0.04001616104836018,2278,54.0,0.28421052631578947,0.7157894736842105,0.04001616104836018,1.0535557506584723,7.102393604731759,0.28421052631578947,7.102393604731759,0.28421052631578947,190.0,0.017645744918472192,0.03467954345917471,1082.779292940889
our_vol2,Our vol2 ETAS-enhanced STNPP-GAT,23,2020-11-18,0.05,0.050011418131993605,2847,59.0,0.3105263157894737,0.6894736842105262,0.050011418131993605,0.9210474963899621,6.209108387406874,0.3105263157894737,6.209108387406874,0.3105263157894737,190.0,0.019516562220232767,0.03828591499824376,1082.779292940889
our_vol2,Our vol2 ETAS-enhanced STNPP-GAT,23,2020-11-18,0.06,0.06000667521562703,3416,75.0,0.39473684210526316,0.6052631578947368,0.06000667521562703,0.975800156128025,6.578215518303956,0.39473684210526316,6.578215518303956,0.39473684210526316,190.0,0.027677496991576414,0.053864168618266976,1082.779292940889
our_vol2,Our vol2 ETAS-enhanced STNPP-GAT,23,2020-11-18,0.07,0.07000193229926045,3985,82.0,0.43157894736842106,0.5684210526315789,0.07000193229926045,0.9145406385055068,6.16524334676088,0.43157894736842106,6.16524334676088,0.43157894736842106,190.0,0.026664949117609173,0.05194479297365119,1082.779292940889
our_vol2,Our vol2 ETAS-enhanced STNPP-GAT,23,2020-11-18,0.08,0.08001475573980713,4555,90.0,0.47368421052631576,0.5263157894736843,0.08001475573980713,0.8781558726673985,5.91996071407938,0.47368421052631576,5.91996071407938,0.47368421052631576,190.0,0.033700215590604786,0.06520307354555434,1082.779292940889
our_vol2,Our vol2 ETAS-enhanced STNPP-GAT,23,2020-11-18,0.09,0.09001001282344055,5124,97.0,0.5105263157894737,0.4894736842105263,0.09001001282344055,0.8413565790614971,5.6718836024487445,0.5105263157894737,5.6718836024487445,0.5105263157894737,190.0,0.04199288256227758,0.08060109289617487,1082.779292940889
our_vol2,Our vol2 ETAS-enhanced STNPP-GAT,23,2020-11-18,0.1,0.10000526990707397,5693,105.0,0.5526315789473685,0.4473684210526315,0.10000526990707397,0.8197201241290474,5.526024573113797,0.5526315789473685,5.526024573113797,0.5526315789473685,190.0,0.04940092165898618,0.09415071139996486,1082.779292940889
our_vol2,Our vol2 ETAS-enhanced STNPP-GAT,24,2020-12-02,0.01,0.010012823440546666,570,37.0,0.193717277486911,0.806282722513089,0.010012823440546666,2.8849902534113063,19.34691834297786,0.193717277486911,19.34691834297786,0.193717277486911,191.0,0.03074141048824593,0.05964912280701754,118.99945584412461
our_vol2,Our vol2 ETAS-enhanced STNPP-GAT,24,2020-12-02,0.02,0.02000808052418009,1139,50.0,0.2617801047120419,0.7382198952879582,0.02000808052418009,1.9510291678860598,13.083719070186488,0.2617801047120419,13.083719070186488,0.2617801047120419,191.0,0.0210667861945316,0.041264266900790166,118.99945584412461
our_vol2,Our vol2 ETAS-enhanced STNPP-GAT,24,2020-12-02,0.03,0.030003337607813516,1708,63.0,0.3298429319371728,0.6701570680628273,0.030003337607813516,1.639344262295082,10.993541326924728,0.3298429319371728,10.993541326924728,0.3298429319371728,191.0,0.023980815347721823,0.0468384074941452,118.99945584412461
our_vol2,Our vol2 ETAS-enhanced STNPP-GAT,24,2020-12-02,0.04,0.04001616104836018,2278,75.0,0.39267015706806285,0.6073298429319371,0.04001616104836018,1.4632718759145449,9.812789302639866,0.39267015706806285,9.812789302639866,0.39267015706806285,191.0,0.02221225039264079,0.043459174714661986,118.99945584412461
our_vol2,Our vol2 ETAS-enhanced STNPP-GAT,24,2020-12-02,0.05,0.050011418131993605,2847,83.0,0.43455497382198954,0.5654450261780104,0.050011418131993605,1.2957108847519805,8.689115207152932,0.43455497382198954,8.689115207152932,0.43455497382198954,191.0,0.024838012958963283,0.04847207586933614,118.99945584412461
our_vol2,Our vol2 ETAS-enhanced STNPP-GAT,24,2020-12-02,0.06,0.06000667521562703,3416,88.0,0.4607329842931937,0.5392670157068062,0.06000667521562703,1.1449388498568827,7.678028863249016,0.4607329842931937,7.678028863249016,0.4607329842931937,191.0,0.03171247357293869,0.06147540983606557,118.99945584412461
our_vol2,Our vol2 ETAS-enhanced STNPP-GAT,24,2020-12-02,0.07,0.07000193229926045,3985,97.0,0.5078534031413613,0.4921465968586387,0.07000193229926045,1.081834657744319,7.2548483514751005,0.5078534031413613,7.2548483514751005,0.5078534031413613,191.0,0.030248190279214063,0.05872020075282309,118.99945584412461
our_vol2,Our vol2 ETAS-enhanced STNPP-GAT,24,2020-12-02,0.08,0.08001475573980713,4555,102.0,0.5340314136125655,0.46596858638743455,0.08001475573980713,0.9952433223563849,6.674161642749179,0.5340314136125655,6.674161642749179,0.5340314136125655,191.0,0.036169244767970885,0.06981339187705818,118.99945584412461
our_vol2,Our vol2 ETAS-enhanced STNPP-GAT,24,2020-12-02,0.09,0.09001001282344055,5124,108.0,0.5654450261780105,0.4345549738219895,0.09001001282344055,0.9367681498829039,6.282023615385558,0.5654450261780105,6.282023615385558,0.5654450261780105,191.0,0.04432895139101192,0.08489461358313817,118.99945584412461
our_vol2,Our vol2 ETAS-enhanced STNPP-GAT,24,2020-12-02,0.1,0.10000526990707397,5693,114.0,0.5968586387434555,0.40314136125654454,0.10000526990707397,0.8899818490543943,5.968271865053345,0.5968586387434555,5.968271865053345,0.5968586387434555,191.0,0.05114475627769571,0.09731248902160548,118.99945584412461
our_vol2,Our vol2 ETAS-enhanced STNPP-GAT,25,2020-12-16,0.01,0.010012823440546666,570,22.0,0.13253012048192772,0.8674698795180723,0.010012823440546666,1.7153996101364524,13.236038892411752,0.13253012048192772,13.236038892411752,0.13253012048192772,166.0,0.01876675603217158,0.03684210526315789,1204.3621636154687
our_vol2,Our vol2 ETAS-enhanced STNPP-GAT,25,2020-12-16,0.02,0.02000808052418009,1139,38.0,0.2289156626506024,0.7710843373493976,0.02000808052418009,1.4827821675934054,11.44116060378476,0.2289156626506024,11.44116060378476,0.2289156626506024,166.0,0.017418490397498883,0.03424056189640035,1204.3621636154687
our_vol2,Our vol2 ETAS-enhanced STNPP-GAT,25,2020-12-16,0.03,0.030003337607813516,1708,45.0,0.2710843373493976,0.7289156626506024,0.030003337607813516,1.17096018735363,9.035139386586156,0.2710843373493976,9.035139386586156,0.2710843373493976,166.0,0.01939719486720382,0.038056206088992975,1204.3621636154687
our_vol2,Our vol2 ETAS-enhanced STNPP-GAT,25,2020-12-16,0.04,0.04001616104836018,2278,52.0,0.3132530120481928,0.6867469879518072,0.04001616104836018,1.014535167300751,7.828162518379048,0.3132530120481928,7.828162518379048,0.3132530120481928,166.0,0.018555779119159403,0.036435469710272166,1204.3621636154687
our_vol2,Our vol2 ETAS-enhanced STNPP-GAT,25,2020-12-16,0.05,0.050011418131993605,2847,61.0,0.3674698795180723,0.6325301204819277,0.050011418131993605,0.9522694454201303,7.347719645706112,0.3674698795180723,7.347719645706112,0.3674698795180723,166.0,0.02244568145088885,0.04390586582367404,1204.3621636154687
our_vol2,Our vol2 ETAS-enhanced STNPP-GAT,25,2020-12-16,0.06,0.06000667521562703,3416,65.0,0.39156626506024095,0.608433734939759,0.06000667521562703,0.8456934686442883,6.52537844586778,0.39156626506024095,6.52537844586778,0.39156626506024095,166.0,0.029225670382645376,0.056791569086651054,1204.3621636154687
our_vol2,Our vol2 ETAS-enhanced STNPP-GAT,25,2020-12-16,0.07,0.07000193229926045,3985,70.0,0.42168674698795183,0.5783132530120482,0.07000193229926045,0.780705423114457,6.023930099318227,0.42168674698795183,6.023930099318227,0.42168674698795183,166.0,0.027989165484328647,0.054454203262233374,1204.3621636154687
our_vol2,Our vol2 ETAS-enhanced STNPP-GAT,25,2020-12-16,0.08,0.08001475573980713,4555,78.0,0.46987951807228917,0.5301204819277108,0.08001475573980713,0.761068422978412,5.872410828825731,0.46987951807228917,5.872410828825731,0.46987951807228917,166.0,0.03440445100488248,0.06652030735455543,1204.3621636154687
our_vol2,Our vol2 ETAS-enhanced STNPP-GAT,25,2020-12-16,0.09,0.09001001282344055,5124,85.0,0.5120481927710844,0.4879518072289156,0.09001001282344055,0.7372712290745077,5.688791465628321,0.5120481927710844,5.688791465628321,0.5120481927710844,166.0,0.042735042735042736,0.08196721311475409,1204.3621636154687
our_vol2,Our vol2 ETAS-enhanced STNPP-GAT,25,2020-12-16,0.1,0.10000526990707397,5693,90.0,0.5421686746987951,0.45783132530120485,0.10000526990707397,0.7026172492534691,5.421401044190816,0.5421686746987951,5.421401044190816,0.5421686746987951,166.0,0.05017524441984873,0.09555594589847181,1204.3621636154687
our_vol2,Our vol2 ETAS-enhanced STNPP-GAT,26,2020-12-30,0.01,0.010012823440546666,570,27.0,0.16265060240963855,0.8373493975903614,0.010012823440546666,2.105263157894737,16.24422954977806,0.16265060240963855,16.24422954977806,0.16265060240963855,166.0,0.020590868397493287,0.04035087719298246,177.2288172479111
our_vol2,Our vol2 ETAS-enhanced STNPP-GAT,26,2020-12-30,0.02,0.02000808052418009,1139,40.0,0.24096385542168675,0.7590361445783133,0.02000808052418009,1.5608233343088478,12.04332695135238,0.24096385542168675,12.04332695135238,0.24096385542168675,166.0,0.01651048639000446,0.0324846356453029,177.2288172479111
our_vol2,Our vol2 ETAS-enhanced STNPP-GAT,26,2020-12-30,0.03,0.030003337607813516,1708,47.0,0.28313253012048195,0.7168674698795181,0.030003337607813516,1.2230028623471247,9.436701137101098,0.28313253012048195,9.436701137101098,0.28313253012048195,166.0,0.018789144050104383,0.036885245901639344,177.2288172479111
our_vol2,Our vol2 ETAS-enhanced STNPP-GAT,26,2020-12-30,0.04,0.04001616104836018,2278,55.0,0.3313253012048193,0.6686746987951807,0.04001616104836018,1.0730660423373328,8.279787279054762,0.3313253012048193,8.279787279054762,0.3313253012048193,166.0,0.018100558659217877,0.03555750658472344,177.2288172479111
our_vol2,Our vol2 ETAS-enhanced STNPP-GAT,26,2020-12-30,0.05,0.050011418131993605,2847,61.0,0.3674698795180723,0.6325301204819277,0.050011418131993605,0.9522694454201303,7.347719645706112,0.3674698795180723,7.347719645706112,0.3674698795180723,166.0,0.021162123385939743,0.0414471373375483,177.2288172479111
our_vol2,Our vol2 ETAS-enhanced STNPP-GAT,26,2020-12-30,0.06,0.06000667521562703,3416,75.0,0.45180722891566266,0.5481927710843373,0.06000667521562703,0.975800156128025,7.529282822155131,0.45180722891566266,7.529282822155131,0.45180722891566266,166.0,0.030312170110088976,0.05884074941451991,177.2288172479111
our_vol2,Our vol2 ETAS-enhanced STNPP-GAT,26,2020-12-30,0.07,0.07000193229926045,3985,81.0,0.4879518072289157,0.5120481927710843,0.07000193229926045,0.903387703889586,6.970547686353949,0.4879518072289157,6.970547686353949,0.4879518072289157,166.0,0.02918388429752066,0.05671267252195734,177.2288172479111
our_vol2,Our vol2 ETAS-enhanced STNPP-GAT,26,2020-12-30,0.08,0.08001475573980713,4555,87.0,0.5240963855421686,0.47590361445783136,0.08001475573980713,0.8488840102451519,6.549996693690238,0.5240963855421686,6.549996693690238,0.5240963855421686,166.0,0.03605140452632776,0.06959385290889133,177.2288172479111
our_vol2,Our vol2 ETAS-enhanced STNPP-GAT,26,2020-12-30,0.09,0.09001001282344055,5124,94.0,0.5662650602409639,0.4337349397590361,0.09001001282344055,0.8153352415647497,6.291134091400732,0.5662650602409639,6.291134091400732,0.5662650602409639,166.0,0.043584521384928715,0.08352849336455893,177.2288172479111
our_vol2,Our vol2 ETAS-enhanced STNPP-GAT,26,2020-12-30,0.1,0.10000526990707397,5693,101.0,0.608433734939759,0.39156626506024095,0.10000526990707397,0.7884926908288932,6.0840167273696935,0.608433734939759,6.0840167273696935,0.608433734939759,166.0,0.05484528441726885,0.10398735288951344,177.2288172479111
our_vol2,Our vol2 ETAS-enhanced STNPP-GAT,27,2021-01-13,0.01,0.010012823440546666,570,17.0,0.1,0.9,0.010012823440546666,1.3255360623781678,9.98719298245614,0.1,9.98719298245614,0.1,170.0,0.015138023152270703,0.02982456140350877,2361.592321552346
our_vol2,Our vol2 ETAS-enhanced STNPP-GAT,27,2021-01-13,0.02,0.02000808052418009,1139,31.0,0.18235294117647058,0.8176470588235294,0.02000808052418009,1.209638084089357,9.1139647781852,0.18235294117647058,9.1139647781852,0.18235294117647058,170.0,0.014699331848552339,0.02897278314310799,2361.592321552346
our_vol2,Our vol2 ETAS-enhanced STNPP-GAT,27,2021-01-13,0.03,0.030003337607813516,1708,42.0,0.24705882352941178,0.7529411764705882,0.030003337607813516,1.092896174863388,8.234378013500482,0.24705882352941178,8.234378013500482,0.24705882352941178,170.0,0.01757521596663688,0.03454332552693208,2361.592321552346
our_vol2,Our vol2 ETAS-enhanced STNPP-GAT,27,2021-01-13,0.04,0.04001616104836018,2278,51.0,0.3,0.7,0.04001616104836018,0.9950248756218905,7.496971027216857,0.3,7.496971027216857,0.3,170.0,0.018328118015198926,0.035996488147497806,2361.592321552346
our_vol2,Our vol2 ETAS-enhanced STNPP-GAT,27,2021-01-13,0.05,0.050011418131993605,2847,63.0,0.37058823529411766,0.6294117647058823,0.050011418131993605,0.9834913944502985,7.410072522159549,0.37058823529411766,7.410072522159549,0.37058823529411766,170.0,0.022262118491921005,0.04355461889708465,2361.592321552346
our_vol2,Our vol2 ETAS-enhanced STNPP-GAT,27,2021-01-13,0.06,0.06000667521562703,3416,71.0,0.4176470588235294,0.5823529411764705,0.06000667521562703,0.9237574811345303,6.960009987601598,0.4176470588235294,6.960009987601598,0.4176470588235294,170.0,0.030156815440289506,0.0585480093676815,2361.592321552346
our_vol2,Our vol2 ETAS-enhanced STNPP-GAT,27,2021-01-13,0.07,0.07000193229926045,3985,74.0,0.43529411764705883,0.5647058823529412,0.07000193229926045,0.8253171615781403,6.218315742859252,0.43529411764705883,6.218315742859252,0.43529411764705883,170.0,0.028918151303898788,0.056210790464240906,2361.592321552346
our_vol2,Our vol2 ETAS-enhanced STNPP-GAT,27,2021-01-13,0.08,0.08001475573980713,4555,79.0,0.4647058823529412,0.5352941176470588,0.08001475573980713,0.7708257104524943,5.80775230838768,0.4647058823529412,5.80775230838768,0.4647058823529412,170.0,0.035698044565711684,0.06893523600439078,2361.592321552346
our_vol2,Our vol2 ETAS-enhanced STNPP-GAT,27,2021-01-13,0.09,0.09001001282344055,5124,84.0,0.49411764705882355,0.5058823529411764,0.09001001282344055,0.7285974499089253,5.489585342333655,0.49411764705882355,5.489585342333655,0.49411764705882355,170.0,0.04305343511450382,0.08255269320843091,2361.592321552346
our_vol2,Our vol2 ETAS-enhanced STNPP-GAT,27,2021-01-13,0.1,0.10000526990707397,5693,90.0,0.5294117647058824,0.47058823529411764,0.10000526990707397,0.7026172492534691,5.293838666680444,0.5294117647058824,5.293838666680444,0.5294117647058824,170.0,0.05114475627769571,0.09731248902160548,2361.592321552346
our_vol2,Our vol2 ETAS-enhanced STNPP-GAT,28,2021-01-27,0.01,0.010012823440546666,570,27.0,0.18620689655172415,0.8137931034482758,0.010012823440546666,2.105263157894737,18.596842105263157,0.18620689655172415,18.596842105263157,0.18620689655172415,145.0,0.020590868397493287,0.04035087719298246,800.1689024152035
our_vol2,Our vol2 ETAS-enhanced STNPP-GAT,28,2021-01-27,0.02,0.02000808052418009,1139,42.0,0.2896551724137931,0.7103448275862069,0.02000808052418009,1.6388645010242902,14.476909569798071,0.2896551724137931,14.476909569798071,0.2896551724137931,145.0,0.018783542039355994,0.03687445127304653,800.1689024152035
our_vol2,Our vol2 ETAS-enhanced STNPP-GAT,28,2021-01-27,0.03,0.030003337607813516,1708,55.0,0.3793103448275862,0.6206896551724138,0.030003337607813516,1.4311735623211033,12.642271662763465,0.3793103448275862,12.642271662763465,0.3793103448275862,145.0,0.02092050209205021,0.040983606557377046,800.1689024152035
our_vol2,Our vol2 ETAS-enhanced STNPP-GAT,28,2021-01-27,0.04,0.04001616104836018,2278,60.0,0.41379310344827586,0.5862068965517242,0.04001616104836018,1.170617500731636,10.340649692712907,0.41379310344827586,10.340649692712907,0.41379310344827586,145.0,0.019467442380845825,0.038191395961369626,800.1689024152035
our_vol2,Our vol2 ETAS-enhanced STNPP-GAT,28,2021-01-27,0.05,0.050011418131993605,2847,67.0,0.46206896551724136,0.5379310344827586,0.050011418131993605,1.0459352925106349,9.239269406392694,0.46206896551724136,9.239269406392694,0.46206896551724136,145.0,0.022262118491921005,0.04355461889708465,800.1689024152035
our_vol2,Our vol2 ETAS-enhanced STNPP-GAT,28,2021-01-27,0.06,0.06000667521562703,3416,71.0,0.4896551724137931,0.5103448275862069,0.06000667521562703,0.9237574811345303,8.160011709601873,0.4896551724137931,8.160011709601873,0.4896551724137931,145.0,0.031556696361165634,0.061182669789227165,800.1689024152035
our_vol2,Our vol2 ETAS-enhanced STNPP-GAT,28,2021-01-27,0.07,0.07000193229926045,3985,75.0,0.5172413793103449,0.48275862068965514,0.07000193229926045,0.8364700961940611,7.388958594730239,0.5172413793103449,7.388958594730239,0.5172413793103449,145.0,0.029848817676702416,0.05796737766624843,800.1689024152035
our_vol2,Our vol2 ETAS-enhanced STNPP-GAT,28,2021-01-27,0.08,0.08001475573980713,4555,80.0,0.5517241379310345,0.4482758620689655,0.08001475573980713,0.7805829979265765,6.895279912184412,0.5517241379310345,6.895279912184412,0.5517241379310345,145.0,0.0362871118189057,0.07003293084522502,800.1689024152035
our_vol2,Our vol2 ETAS-enhanced STNPP-GAT,28,2021-01-27,0.09,0.09001001282344055,5124,87.0,0.6,0.4,0.09001001282344055,0.7546187874056726,6.665925058548009,0.6,6.665925058548009,0.6,145.0,0.043584521384928715,0.08352849336455893,800.1689024152035
our_vol2,Our vol2 ETAS-enhanced STNPP-GAT,28,2021-01-27,0.1,0.10000526990707397,5693,90.0,0.6206896551724138,0.3793103448275862,0.10000526990707397,0.7026172492534691,6.20656947128052,0.6206896551724138,6.20656947128052,0.6206896551724138,145.0,0.05153306243073513,0.09801510627085895,800.1689024152035
our_vol2,Our vol2 ETAS-enhanced STNPP-GAT,29,2021-02-10,0.01,0.010012823440546666,570,28.0,0.15053763440860216,0.8494623655913979,0.010012823440546666,2.183235867446394,15.034484059611394,0.15053763440860216,15.034484059611394,0.15053763440860216,186.0,0.025179856115107913,0.04912280701754386,1896.4991029426628
our_vol2,Our vol2 ETAS-enhanced STNPP-GAT,29,2021-02-10,0.02,0.02000808052418009,1139,43.0,0.23118279569892472,0.7688172043010753,0.02000808052418009,1.6778850843820114,11.554471475638884,0.23118279569892472,11.554471475638884,0.23118279569892472,186.0,0.019695613249776187,0.038630377524143986,1896.4991029426628
our_vol2,Our vol2 ETAS-enhanced STNPP-GAT,29,2021-02-10,0.03,0.030003337607813516,1708,56.0,0.3010752688172043,0.6989247311827957,0.030003337607813516,1.4571948998178506,10.034725894588401,0.3010752688172043,10.034725894588401,0.3010752688172043,186.0,0.022448368751870697,0.043911007025761124,1896.4991029426628
our_vol2,Our vol2 ETAS-enhanced STNPP-GAT,29,2021-02-10,0.04,0.04001616104836018,2278,61.0,0.3279569892473118,0.6720430107526882,0.04001616104836018,1.1901277924104965,8.195613488534557,0.3279569892473118,8.195613488534557,0.3279569892473118,186.0,0.020152261531571878,0.03950834064969271,1896.4991029426628
our_vol2,Our vol2 ETAS-enhanced STNPP-GAT,29,2021-02-10,0.05,0.050011418131993605,2847,75.0,0.4032258064516129,0.5967741935483871,0.050011418131993605,1.1708230886313078,8.062674915304168,0.4032258064516129,8.062674915304168,0.4032258064516129,186.0,0.024284943335132217,0.04741833508956796,1896.4991029426628
our_vol2,Our vol2 ETAS-enhanced STNPP-GAT,29,2021-02-10,0.06,0.06000667521562703,3416,86.0,0.46236559139784944,0.5376344086021505,0.06000667521562703,1.1189175123601354,7.7052359547732365,0.46236559139784944,7.7052359547732365,0.46236559139784944,186.0,0.03327283726557774,0.06440281030444965,1896.4991029426628
our_vol2,Our vol2 ETAS-enhanced STNPP-GAT,29,2021-02-10,0.07,0.07000193229926045,3985,93.0,0.5,0.5,0.07000193229926045,1.0372229192806357,7.142659974905897,0.5,7.142659974905897,0.5,186.0,0.03184878301398239,0.06173149309912171,1896.4991029426628
our_vol2,Our vol2 ETAS-enhanced STNPP-GAT,29,2021-02-10,0.08,0.08001475573980713,4555,98.0,0.5268817204301075,0.4731182795698925,0.08001475573980713,0.9562141724600561,6.584806959149227,0.5268817204301075,6.584806959149227,0.5268817204301075,186.0,0.037467258854344605,0.07222832052689353,1896.4991029426628
our_vol2,Our vol2 ETAS-enhanced STNPP-GAT,29,2021-02-10,0.09,0.09001001282344055,5124,105.0,0.5645161290322581,0.4354838709677419,0.09001001282344055,0.9107468123861566,6.271703684117751,0.5645161290322581,6.271703684117751,0.5645161290322581,186.0,0.044009779951100246,0.08430913348946135,1896.4991029426628
our_vol2,Our vol2 ETAS-enhanced STNPP-GAT,29,2021-02-10,0.1,0.10000526990707397,5693,109.0,0.5860215053763441,0.4139784946236559,0.10000526990707397,0.8509475574292016,5.859906242149858,0.5860215053763441,5.859906242149858,0.5860215053763441,186.0,0.05211605987802624,0.09906903214473915,1896.4991029426628
our_vol2,Our vol2 ETAS-enhanced STNPP-GAT,30,2021-02-24,0.01,0.010012823440546666,570,20.0,0.11428571428571428,0.8857142857142857,0.010012823440546666,1.5594541910331385,11.41393483709273,0.11428571428571428,11.41393483709273,0.11428571428571428,175.0,0.017857142857142856,0.03508771929824561,448.512480986266
our_vol2,Our vol2 ETAS-enhanced STNPP-GAT,30,2021-02-24,0.02,0.02000808052418009,1139,39.0,0.22285714285714286,0.7771428571428571,0.02000808052418009,1.5218027509511267,11.13835695472219,0.22285714285714286,11.13835695472219,0.22285714285714286,175.0,0.017418490397498883,0.03424056189640035,448.512480986266
our_vol2,Our vol2 ETAS-enhanced STNPP-GAT,30,2021-02-24,0.03,0.030003337607813516,1708,46.0,0.26285714285714284,0.7371428571428571,0.030003337607813516,1.1969815248503772,8.760930076948812,0.26285714285714284,8.760930076948812,0.26285714285714284,175.0,0.02031063321385902,0.03981264637002342,448.512480986266
our_vol2,Our vol2 ETAS-enhanced STNPP-GAT,30,2021-02-24,0.04,0.04001616104836018,2278,59.0,0.33714285714285713,0.6628571428571428,0.04001616104836018,1.1511072090527752,8.425167440110373,0.33714285714285713,8.425167440110373,0.33714285714285713,175.0,0.02038073908174692,0.03994732221246708,448.512480986266
our_vol2,Our vol2 ETAS-enhanced STNPP-GAT,30,2021-02-24,0.05,0.050011418131993605,2847,64.0,0.3657142857142857,0.6342857142857143,0.050011418131993605,0.9991023689653826,7.3126157860404435,0.3657142857142857,7.3126157860404435,0.3657142857142857,175.0,0.02336448598130841,0.045662100456621,448.512480986266
our_vol2,Our vol2 ETAS-enhanced STNPP-GAT,30,2021-02-24,0.06,0.06000667521562703,3416,71.0,0.4057142857142857,0.5942857142857143,0.06000667521562703,0.9237574811345303,6.761152559384409,0.4057142857142857,6.761152559384409,0.4057142857142857,175.0,0.031556696361165634,0.061182669789227165,448.512480986266
our_vol2,Our vol2 ETAS-enhanced STNPP-GAT,30,2021-02-24,0.07,0.07000193229926045,3985,72.0,0.4114285714285714,0.5885714285714285,0.07000193229926045,0.8030112923462986,5.877388779351138,0.4114285714285714,5.877388779351138,0.4114285714285714,175.0,0.029981907469630396,0.05821831869510665,448.512480986266
our_vol2,Our vol2 ETAS-enhanced STNPP-GAT,30,2021-02-24,0.08,0.08001475573980713,4555,82.0,0.4685714285714286,0.5314285714285714,0.08001475573980713,0.8000975728747408,5.856062725419476,0.4685714285714286,5.856062725419476,0.4685714285714286,175.0,0.03687684953334851,0.07113062568605928,448.512480986266
our_vol2,Our vol2 ETAS-enhanced STNPP-GAT,30,2021-02-24,0.09,0.09001001282344055,5124,87.0,0.49714285714285716,0.5028571428571429,0.09001001282344055,0.7546187874056726,5.523195048511208,0.49714285714285716,5.523195048511208,0.49714285714285716,175.0,0.0436908035441491,0.08372365339578454,448.512480986266
our_vol2,Our vol2 ETAS-enhanced STNPP-GAT,30,2021-02-24,0.1,0.10000526990707397,5693,93.0,0.5314285714285715,0.4685714285714285,0.10000526990707397,0.7260378242285848,5.314005671124941,0.5314285714285715,5.314005671124941,0.5314285714285715,175.0,0.051047724545370626,0.09713683470929212,448.512480986266
our_vol2,Our vol2 ETAS-enhanced STNPP-GAT,31,2021-03-10,0.01,0.010012823440546666,570,27.0,0.1534090909090909,0.8465909090909091,0.010012823440546666,2.105263157894737,15.321261961722488,0.1534090909090909,15.321261961722488,0.1534090909090909,176.0,0.02242152466367713,0.043859649122807015,2074.1888054187625
our_vol2,Our vol2 ETAS-enhanced STNPP-GAT,31,2021-03-10,0.02,0.02000808052418009,1139,35.0,0.19886363636363635,0.8011363636363636,0.02000808052418009,1.3657204175202418,9.939166134567802,0.19886363636363635,9.939166134567802,0.19886363636363635,176.0,0.01560410164957646,0.030728709394205442,2074.1888054187625
our_vol2,Our vol2 ETAS-enhanced STNPP-GAT,31,2021-03-10,0.03,0.030003337607813516,1708,42.0,0.23863636363636365,0.7613636363636364,0.030003337607813516,1.092896174863388,7.953660581222056,0.23863636363636365,7.953660581222056,0.23863636363636365,176.0,0.01909307875894988,0.03747072599531616,2074.1888054187625
our_vol2,Our vol2 ETAS-enhanced STNPP-GAT,31,2021-03-10,0.04,0.04001616104836018,2278,50.0,0.2840909090909091,0.7159090909090908,0.04001616104836018,0.9755145839430299,7.0994043818341455,0.2840909090909091,7.0994043818341455,0.2840909090909091,176.0,0.018328118015198926,0.035996488147497806,2074.1888054187625
our_vol2,Our vol2 ETAS-enhanced STNPP-GAT,31,2021-03-10,0.05,0.050011418131993605,2847,61.0,0.3465909090909091,0.6534090909090908,0.050011418131993605,0.9522694454201303,6.930235574927356,0.3465909090909091,6.930235574927356,0.3465909090909091,176.0,0.022262118491921005,0.04355461889708465,2074.1888054187625
our_vol2,Our vol2 ETAS-enhanced STNPP-GAT,31,2021-03-10,0.06,0.06000667521562703,3416,68.0,0.38636363636363635,0.6136363636363636,0.06000667521562703,0.8847254748894093,6.438677613370236,0.38636363636363635,6.438677613370236,0.38636363636363635,176.0,0.031245283018867923,0.06059718969555035,2074.1888054187625
our_vol2,Our vol2 ETAS-enhanced STNPP-GAT,31,2021-03-10,0.07,0.07000193229926045,3985,74.0,0.42045454545454547,0.5795454545454546,0.07000193229926045,0.8253171615781403,6.006327706170868,0.42045454545454547,6.006327706170868,0.42045454545454547,176.0,0.03011503166602042,0.05846925972396487,2074.1888054187625
our_vol2,Our vol2 ETAS-enhanced STNPP-GAT,31,2021-03-10,0.08,0.08001475573980713,4555,81.0,0.4602272727272727,0.5397727272727273,0.08001475573980713,0.7903402854006586,5.751780011974852,0.4602272727272727,5.751780011974852,0.4602272727272727,176.0,0.03664087391898043,0.07069154774972558,2074.1888054187625
our_vol2,Our vol2 ETAS-enhanced STNPP-GAT,31,2021-03-10,0.09,0.09001001282344055,5124,88.0,0.5,0.5,0.09001001282344055,0.7632925665712551,5.554937548790008,0.5,5.554937548790008,0.5,176.0,0.0442225392296719,0.08469945355191257,2074.1888054187625
our_vol2,Our vol2 ETAS-enhanced STNPP-GAT,31,2021-03-10,0.1,0.10000526990707397,5693,95.0,0.5397727272727273,0.4602272727272727,0.10000526990707397,0.7416515408786619,5.39744283250563,0.5397727272727273,5.39744283250563,0.5397727272727273,176.0,0.05133887349953832,0.09766379764623222,2074.1888054187625
our_vol2,Our vol2 ETAS-enhanced STNPP-GAT,32,2021-03-24,0.01,0.010012823440546666,570,21.0,0.13636363636363635,0.8636363636363636,0.010012823440546666,1.6374269005847955,13.618899521531098,0.13636363636363635,13.618899521531098,0.13636363636363635,154.0,0.01876675603217158,0.03684210526315789,1739.8867379569767
our_vol2,Our vol2 ETAS-enhanced STNPP-GAT,32,2021-03-24,0.02,0.02000808052418009,1139,35.0,0.22727272727272727,0.7727272727272727,0.02000808052418009,1.3657204175202418,11.359047010934631,0.22727272727272727,11.359047010934631,0.22727272727272727,154.0,0.01560410164957646,0.030728709394205442,1739.8867379569767
our_vol2,Our vol2 ETAS-enhanced STNPP-GAT,32,2021-03-24,0.03,0.030003337607813516,1708,42.0,0.2727272727272727,0.7272727272727273,0.030003337607813516,1.092896174863388,9.08989780711092,0.2727272727272727,9.08989780711092,0.2727272727272727,154.0,0.01909307875894988,0.03747072599531616,1739.8867379569767
our_vol2,Our vol2 ETAS-enhanced STNPP-GAT,32,2021-03-24,0.04,0.04001616104836018,2278,51.0,0.33116883116883117,0.6688311688311688,0.04001616104836018,0.9950248756218905,8.27587710796666,0.33116883116883117,8.27587710796666,0.33116883116883117,154.0,0.01923937360178971,0.03775241439859526,1739.8867379569767
our_vol2,Our vol2 ETAS-enhanced STNPP-GAT,32,2021-03-24,0.05,0.050011418131993605,2847,56.0,0.36363636363636365,0.6363636363636364,0.050011418131993605,0.8742145728447097,7.271066832710669,0.36363636363636365,7.271066832710669,0.36363636363636365,154.0,0.023180592991913745,0.045310853530031614,1739.8867379569767
our_vol2,Our vol2 ETAS-enhanced STNPP-GAT,32,2021-03-24,0.06,0.06000667521562703,3416,63.0,0.4090909090909091,0.5909090909090908,0.06000667521562703,0.819672131147541,6.817423355333192,0.4090909090909091,6.817423355333192,0.4090909090909091,154.0,0.031245283018867923,0.06059718969555035,1739.8867379569767
our_vol2,Our vol2 ETAS-enhanced STNPP-GAT,32,2021-03-24,0.07,0.07000193229926045,3985,67.0,0.43506493506493504,0.564935064935065,0.07000193229926045,0.7472466192666946,6.215041796346689,0.43506493506493504,6.215041796346689,0.43506493506493504,154.0,0.029981907469630396,0.05821831869510665,1739.8867379569767
our_vol2,Our vol2 ETAS-enhanced STNPP-GAT,32,2021-03-24,0.08,0.08001475573980713,4555,72.0,0.4675324675324675,0.5324675324675325,0.08001475573980713,0.7025246981339188,5.8430781074030245,0.4675324675324675,5.8430781074030245,0.4675324675324675,154.0,0.03699487763232783,0.07135016465422613,1739.8867379569767
our_vol2,Our vol2 ETAS-enhanced STNPP-GAT,32,2021-03-24,0.09,0.09001001282344055,5124,77.0,0.5,0.5,0.09001001282344055,0.6678809957498482,5.554937548790008,0.5,5.554937548790008,0.5,154.0,0.043584521384928715,0.08352849336455893,1739.8867379569767
our_vol2,Our vol2 ETAS-enhanced STNPP-GAT,32,2021-03-24,0.1,0.10000526990707397,5693,83.0,0.538961038961039,0.461038961038961,0.10000526990707397,0.6479692409781993,5.389326377118403,0.538961038961039,5.389326377118403,0.538961038961039,154.0,0.05133887349953832,0.09766379764623222,1739.8867379569767
our_vol2,Our vol2 ETAS-enhanced STNPP-GAT,33,2021-04-07,0.01,0.010012823440546666,570,25.0,0.176056338028169,0.823943661971831,0.010012823440546666,1.9493177387914231,17.583086236718554,0.176056338028169,17.583086236718554,0.176056338028169,142.0,0.02242152466367713,0.043859649122807015,677.9239388773849
our_vol2,Our vol2 ETAS-enhanced STNPP-GAT,33,2021-04-07,0.02,0.02000808052418009,1139,37.0,0.2605633802816901,0.7394366197183099,0.02000808052418009,1.4437615842356843,13.022907418170128,0.2605633802816901,13.022907418170128,0.2605633802816901,142.0,0.016964285714285713,0.033362598770851626,677.9239388773849
our_vol2,Our vol2 ETAS-enhanced STNPP-GAT,33,2021-04-07,0.03,0.030003337607813516,1708,45.0,0.31690140845070425,0.6830985915492958,0.030003337607813516,1.17096018735363,10.562205198403536,0.31690140845070425,10.562205198403536,0.31690140845070425,142.0,0.019701492537313434,0.03864168618266979,677.9239388773849
our_vol2,Our vol2 ETAS-enhanced STNPP-GAT,33,2021-04-07,0.04,0.04001616104836018,2278,50.0,0.352112676056338,0.647887323943662,0.04001616104836018,0.9755145839430299,8.799261769033869,0.352112676056338,8.799261769033869,0.352112676056338,142.0,0.01923937360178971,0.03775241439859526,677.9239388773849
our_vol2,Our vol2 ETAS-enhanced STNPP-GAT,33,2021-04-07,0.05,0.050011418131993605,2847,54.0,0.38028169014084506,0.619718309859155,0.050011418131993605,0.8429926238145415,7.603897356743198,0.38028169014084506,7.603897356743198,0.38028169014084506,142.0,0.02189519023689878,0.04285212504390586,677.9239388773849
our_vol2,Our vol2 ETAS-enhanced STNPP-GAT,33,2021-04-07,0.06,0.06000667521562703,3416,63.0,0.44366197183098594,0.556338028169014,0.06000667521562703,0.819672131147541,7.393543638882475,0.44366197183098594,7.393543638882475,0.44366197183098594,142.0,0.030312170110088976,0.05884074941451991,677.9239388773849
our_vol2,Our vol2 ETAS-enhanced STNPP-GAT,33,2021-04-07,0.07,0.07000193229926045,3985,69.0,0.4859154929577465,0.5140845070422535,0.07000193229926045,0.7695524884985362,6.941458285471929,0.4859154929577465,6.941458285471929,0.4859154929577465,142.0,0.030381383322559793,0.05897114178168131,677.9239388773849
our_vol2,Our vol2 ETAS-enhanced STNPP-GAT,33,2021-04-07,0.08,0.08001475573980713,4555,75.0,0.528169014084507,0.471830985915493,0.08001475573980713,0.7317965605561654,6.6008951624124546,0.528169014084507,6.6008951624124546,0.528169014084507,142.0,0.037940070639170556,0.07310647639956092,677.9239388773849
our_vol2,Our vol2 ETAS-enhanced STNPP-GAT,33,2021-04-07,0.09,0.09001001282344055,5124,78.0,0.5492957746478874,0.45070422535211263,0.09001001282344055,0.6765547749154306,6.102607447966488,0.5492957746478874,6.102607447966488,0.5492957746478874,142.0,0.04454184079094894,0.08528493364558938,677.9239388773849
our_vol2,Our vol2 ETAS-enhanced STNPP-GAT,33,2021-04-07,0.1,0.10000526990707397,5693,81.0,0.5704225352112676,0.4295774647887324,0.10000526990707397,0.6323555243281223,5.703924760578225,0.5704225352112676,5.703924760578225,0.5704225352112676,142.0,0.05318656923503839,0.10100122958018619,677.9239388773849
our_vol2,Our vol2 ETAS-enhanced STNPP-GAT,34,2021-04-21,0.01,0.010012823440546666,570,18.0,0.10843373493975904,0.891566265060241,0.010012823440546666,1.4035087719298247,10.829486366518706,0.10843373493975904,10.829486366518706,0.10843373493975904,166.0,0.016042780748663103,0.031578947368421054,1777.9356842077996
our_vol2,Our vol2 ETAS-enhanced STNPP-GAT,34,2021-04-21,0.02,0.02000808052418009,1139,32.0,0.1927710843373494,0.8072289156626506,0.02000808052418009,1.2486586674470783,9.634661561081906,0.1927710843373494,9.634661561081906,0.1927710843373494,166.0,0.013796172674677348,0.027216856892010536,1777.9356842077996
our_vol2,Our vol2 ETAS-enhanced STNPP-GAT,34,2021-04-21,0.03,0.030003337607813516,1708,43.0,0.25903614457831325,0.7409638554216867,0.030003337607813516,1.1189175123601354,8.633577636071216,0.25903614457831325,8.633577636071216,0.25903614457831325,166.0,0.01939719486720382,0.038056206088992975,1777.9356842077996
our_vol2,Our vol2 ETAS-enhanced STNPP-GAT,34,2021-04-21,0.04,0.04001616104836018,2278,56.0,0.3373493975903614,0.6626506024096386,0.04001616104836018,1.0925763340161936,8.430328865946667,0.3373493975903614,8.430328865946667,0.3373493975903614,166.0,0.019695613249776187,0.038630377524143986,1777.9356842077996
our_vol2,Our vol2 ETAS-enhanced STNPP-GAT,34,2021-04-21,0.05,0.050011418131993605,2847,68.0,0.40963855421686746,0.5903614457831325,0.050011418131993605,1.061546267025719,8.190900588655994,0.40963855421686746,8.190900588655994,0.40963855421686746,166.0,0.023916561769465924,0.04671584123638918,1777.9356842077996
our_vol2,Our vol2 ETAS-enhanced STNPP-GAT,34,2021-04-21,0.06,0.06000667521562703,3416,77.0,0.463855421686747,0.536144578313253,0.06000667521562703,1.0018214936247722,7.730063697412601,0.463855421686747,7.730063697412601,0.463855421686747,166.0,0.030934057642975705,0.060011709601873534,1777.9356842077996
our_vol2,Our vol2 ETAS-enhanced STNPP-GAT,34,2021-04-21,0.07,0.07000193229926045,3985,81.0,0.4879518072289157,0.5120481927710843,0.07000193229926045,0.903387703889586,6.970547686353949,0.4879518072289157,6.970547686353949,0.4879518072289157,166.0,0.030381383322559793,0.05897114178168131,1777.9356842077996
our_vol2,Our vol2 ETAS-enhanced STNPP-GAT,34,2021-04-21,0.08,0.08001475573980713,4555,87.0,0.5240963855421686,0.47590361445783136,0.08001475573980713,0.8488840102451519,6.549996693690238,0.5240963855421686,6.549996693690238,0.5240963855421686,166.0,0.038294962388876225,0.07376509330406147,1777.9356842077996
our_vol2,Our vol2 ETAS-enhanced STNPP-GAT,34,2021-04-21,0.09,0.09001001282344055,5124,92.0,0.5542168674698795,0.4457831325301205,0.09001001282344055,0.7979876832335848,6.157280174562418,0.5542168674698795,6.157280174562418,0.5542168674698795,166.0,0.045500918179963275,0.08704137392661983,1777.9356842077996
our_vol2,Our vol2 ETAS-enhanced STNPP-GAT,34,2021-04-21,0.1,0.10000526990707397,5693,96.0,0.5783132530120482,0.42168674698795183,0.10000526990707397,0.7494583992037005,5.782827780470203,0.5783132530120482,5.782827780470203,0.5783132530120482,166.0,0.05406406221070172,0.1025821183910065,1777.9356842077996
our_vol2,Our vol2 ETAS-enhanced STNPP-GAT,35,2021-05-05,0.01,0.010012823440546666,570,16.0,0.0935672514619883,0.9064327485380117,0.010012823440546666,1.2475633528265109,9.344741971888785,0.0935672514619883,9.344741971888785,0.0935672514619883,171.0,0.014234875444839857,0.028070175438596492,554.5122752343533
our_vol2,Our vol2 ETAS-enhanced STNPP-GAT,35,2021-05-05,0.02,0.02000808052418009,1139,29.0,0.1695906432748538,0.8304093567251463,0.02000808052418009,1.1315969173739147,8.476107594124322,0.1695906432748538,8.476107594124322,0.1695906432748538,171.0,0.013345195729537367,0.02633889376646181,554.5122752343533
our_vol2,Our vol2 ETAS-enhanced STNPP-GAT,35,2021-05-05,0.03,0.030003337607813516,1708,42.0,0.24561403508771928,0.7543859649122807,0.030003337607813516,1.092896174863388,8.18622375611159,0.24561403508771928,8.18622375611159,0.24561403508771928,171.0,0.018485390578413835,0.03629976580796253,554.5122752343533
our_vol2,Our vol2 ETAS-enhanced STNPP-GAT,35,2021-05-05,0.04,0.04001616104836018,2278,52.0,0.30409356725146197,0.695906432748538,0.04001616104836018,1.014535167300751,7.599268877490771,0.30409356725146197,7.599268877490771,0.30409356725146197,171.0,0.018555779119159403,0.036435469710272166,554.5122752343533
our_vol2,Our vol2 ETAS-enhanced STNPP-GAT,35,2021-05-05,0.05,0.050011418131993605,2847,59.0,0.34502923976608185,0.6549707602339181,0.050011418131993605,0.9210474963899621,6.89900931934097,0.34502923976608185,6.89900931934097,0.34502923976608185,171.0,0.021528525296017224,0.04214963119072708,554.5122752343533
our_vol2,Our vol2 ETAS-enhanced STNPP-GAT,35,2021-05-05,0.06,0.06000667521562703,3416,66.0,0.38596491228070173,0.6140350877192983,0.06000667521562703,0.8587041373926619,6.432032951230535,0.38596491228070173,6.432032951230535,0.38596491228070173,171.0,0.028760728805902726,0.05591334894613583,554.5122752343533
our_vol2,Our vol2 ETAS-enhanced STNPP-GAT,35,2021-05-05,0.07,0.07000193229926045,3985,70.0,0.4093567251461988,0.5906432748538012,0.07000193229926045,0.780705423114457,5.847791792320617,0.4093567251461988,5.847791792320617,0.4093567251461988,171.0,0.027989165484328647,0.054454203262233374,554.5122752343533
our_vol2,Our vol2 ETAS-enhanced STNPP-GAT,35,2021-05-05,0.08,0.08001475573980713,4555,77.0,0.4502923976608187,0.5497076023391814,0.08001475573980713,0.7513111355043298,5.627616975112497,0.4502923976608187,5.627616975112497,0.4502923976608187,171.0,0.03675884829862296,0.07091108671789242,554.5122752343533
our_vol2,Our vol2 ETAS-enhanced STNPP-GAT,35,2021-05-05,0.09,0.09001001282344055,5124,81.0,0.47368421052631576,0.5263157894736843,0.09001001282344055,0.702576112412178,5.262572414643165,0.47368421052631576,5.262572414643165,0.47368421052631576,171.0,0.04443538524256013,0.08508977361436378,554.5122752343533
our_vol2,Our vol2 ETAS-enhanced STNPP-GAT,35,2021-05-05,0.1,0.10000526990707397,5693,84.0,0.49122807017543857,0.5087719298245614,0.10000526990707397,0.6557760993032379,4.912021842767819,0.49122807017543857,4.912021842767819,0.49122807017543857,171.0,0.052505084119060824,0.09977164939399262,554.5122752343533
our_vol2,Our vol2 ETAS-enhanced STNPP-GAT,36,2021-05-19,0.01,0.010012823440546666,570,28.0,0.18181818181818182,0.8181818181818181,0.010012823440546666,2.183235867446394,18.1585326953748,0.18181818181818182,18.1585326953748,0.18181818181818182,154.0,0.02425876010781671,0.04736842105263158,346.46344763159567
our_vol2,Our vol2 ETAS-enhanced STNPP-GAT,36,2021-05-19,0.02,0.02000808052418009,1139,38.0,0.24675324675324675,0.7532467532467533,0.02000808052418009,1.4827821675934054,12.332679611871887,0.24675324675324675,12.332679611871887,0.24675324675324675,154.0,0.017418490397498883,0.03424056189640035,346.46344763159567
our_vol2,Our vol2 ETAS-enhanced STNPP-GAT,36,2021-05-19,0.03,0.030003337607813516,1708,49.0,0.3181818181818182,0.6818181818181819,0.030003337607813516,1.2750455373406193,10.604880774962743,0.3181818181818182,10.604880774962743,0.3181818181818182,154.0,0.02031063321385902,0.03981264637002342,346.46344763159567
our_vol2,Our vol2 ETAS-enhanced STNPP-GAT,36,2021-05-19,0.04,0.04001616104836018,2278,52.0,0.33766233766233766,0.6623376623376623,0.04001616104836018,1.014535167300751,8.43814920812287,0.33766233766233766,8.43814920812287,0.33766233766233766,154.0,0.019011406844106463,0.03731343283582089,346.46344763159567
our_vol2,Our vol2 ETAS-enhanced STNPP-GAT,36,2021-05-19,0.05,0.050011418131993605,2847,60.0,0.38961038961038963,0.6103896103896104,0.050011418131993605,0.9366584709050462,7.790428749332859,0.38961038961038963,7.790428749332859,0.38961038961038963,154.0,0.02244568145088885,0.04390586582367404,346.46344763159567
our_vol2,Our vol2 ETAS-enhanced STNPP-GAT,36,2021-05-19,0.06,0.06000667521562703,3416,66.0,0.42857142857142855,0.5714285714285714,0.06000667521562703,0.8587041373926619,7.142062562730009,0.42857142857142855,7.142062562730009,0.42857142857142855,154.0,0.029380744312189244,0.05708430913348946,346.46344763159567
our_vol2,Our vol2 ETAS-enhanced STNPP-GAT,36,2021-05-19,0.07,0.07000193229926045,3985,68.0,0.44155844155844154,0.5584415584415585,0.07000193229926045,0.7583995538826154,6.30780361420261,0.44155844155844154,6.30780361420261,0.44155844155844154,154.0,0.027989165484328647,0.054454203262233374,346.46344763159567
our_vol2,Our vol2 ETAS-enhanced STNPP-GAT,36,2021-05-19,0.08,0.08001475573980713,4555,73.0,0.474025974025974,0.525974025974026,0.08001475573980713,0.712281985608001,5.924231970005844,0.474025974025974,5.924231970005844,0.474025974025974,154.0,0.03664087391898043,0.07069154774972558,346.46344763159567
our_vol2,Our vol2 ETAS-enhanced STNPP-GAT,36,2021-05-19,0.09,0.09001001282344055,5124,77.0,0.5,0.5,0.09001001282344055,0.6678809957498482,5.554937548790008,0.5,5.554937548790008,0.5,154.0,0.044009779951100246,0.08430913348946135,346.46344763159567
our_vol2,Our vol2 ETAS-enhanced STNPP-GAT,36,2021-05-19,0.1,0.10000526990707397,5693,80.0,0.5194805194805194,0.48051948051948057,0.10000526990707397,0.6245486660030837,5.194531447824966,0.5194805194805194,5.194531447824966,0.5194805194805194,154.0,0.053868937430581264,0.10223080976637977,346.46344763159567
our_vol2,Our vol2 ETAS-enhanced STNPP-GAT,37,2021-06-02,0.01,0.010012823440546666,570,24.0,0.16551724137931034,0.8344827586206897,0.010012823440546666,1.8713450292397662,16.530526315789473,0.16551724137931034,16.530526315789473,0.16551724137931034,145.0,0.01967799642218247,0.03859649122807018,1556.4786981982022
our_vol2,Our vol2 ETAS-enhanced STNPP-GAT,37,2021-06-02,0.02,0.02000808052418009,1139,30.0,0.20689655172413793,0.7931034482758621,0.02000808052418009,1.170617500731636,10.340649692712907,0.20689655172413793,10.340649692712907,0.20689655172413793,145.0,0.012894619831036016,0.025460930640913083,1556.4786981982022
our_vol2,Our vol2 ETAS-enhanced STNPP-GAT,37,2021-06-02,0.03,0.030003337607813516,1708,39.0,0.2689655172413793,0.7310344827586207,0.030003337607813516,1.014832162373146,8.964519906323185,0.2689655172413793,8.964519906323185,0.2689655172413793,145.0,0.01696933611193808,0.03337236533957846,1556.4786981982022
our_vol2,Our vol2 ETAS-enhanced STNPP-GAT,37,2021-06-02,0.04,0.04001616104836018,2278,52.0,0.3586206896551724,0.6413793103448275,0.04001616104836018,1.014535167300751,8.961896400351186,0.3586206896551724,8.961896400351186,0.3586206896551724,145.0,0.018100558659217877,0.03555750658472344,1556.4786981982022
our_vol2,Our vol2 ETAS-enhanced STNPP-GAT,37,2021-06-02,0.05,0.050011418131993605,2847,55.0,0.3793103448275862,0.6206896551724138,0.050011418131993605,0.8586035983296256,7.584474885844749,0.3793103448275862,7.584474885844749,0.3793103448275862,145.0,0.021345291479820627,0.04179838426413769,1556.4786981982022
our_vol2,Our vol2 ETAS-enhanced STNPP-GAT,37,2021-06-02,0.06,0.06000667521562703,3416,59.0,0.4068965517241379,0.5931034482758621,0.06000667521562703,0.7676294561540463,6.780854800936767,0.4068965517241379,6.780854800936767,0.4068965517241379,145.0,0.028141459744168547,0.0547423887587822,1556.4786981982022
our_vol2,Our vol2 ETAS-enhanced STNPP-GAT,37,2021-06-02,0.07,0.07000193229926045,3985,65.0,0.4482758620689655,0.5517241379310345,0.07000193229926045,0.7249407500348529,6.403764115432874,0.4482758620689655,6.403764115432874,0.4482758620689655,145.0,0.027591542031975246,0.053701380175658724,1556.4786981982022
our_vol2,Our vol2 ETAS-enhanced STNPP-GAT,37,2021-06-02,0.08,0.08001475573980713,4555,72.0,0.496551724137931,0.503448275862069,0.08001475573980713,0.7025246981339188,6.205751920965971,0.496551724137931,6.205751920965971,0.496551724137931,145.0,0.03675884829862296,0.07091108671789242,1556.4786981982022
our_vol2,Our vol2 ETAS-enhanced STNPP-GAT,37,2021-06-02,0.09,0.09001001282344055,5124,76.0,0.5241379310344828,0.4758620689655172,0.09001001282344055,0.6592072165842657,5.823106947697112,0.5241379310344828,5.823106947697112,0.5241379310344828,145.0,0.043584521384928715,0.08352849336455893,1556.4786981982022
our_vol2,Our vol2 ETAS-enhanced STNPP-GAT,37,2021-06-02,0.1,0.10000526990707397,5693,79.0,0.5448275862068965,0.45517241379310347,0.10000526990707397,0.6167418076780452,5.447988758124012,0.5448275862068965,5.447988758124012,0.5448275862068965,145.0,0.05562766549230484,0.10539258738802038,1556.4786981982022
our_vol2,Our vol2 ETAS-enhanced STNPP-GAT,38,2021-06-16,0.01,0.010012823440546666,570,29.0,0.17901234567901234,0.8209876543209876,0.010012823440546666,2.261208576998051,17.878308425384446,0.17901234567901234,17.878308425384446,0.17901234567901234,162.0,0.02333931777378815,0.0456140350877193,993.5510216846344
our_vol2,Our vol2 ETAS-enhanced STNPP-GAT,38,2021-06-16,0.02,0.02000808052418009,1139,33.0,0.2037037037037037,0.7962962962962963,0.02000808052418009,1.2876792508047994,10.181071765356226,0.2037037037037037,10.181071765356226,0.2037037037037037,162.0,0.013796172674677348,0.027216856892010536,993.5510216846344
our_vol2,Our vol2 ETAS-enhanced STNPP-GAT,38,2021-06-16,0.03,0.030003337607813516,1708,41.0,0.25308641975308643,0.7469135802469136,0.030003337607813516,1.0668748373666406,8.435275537051494,0.25308641975308643,8.435275537051494,0.25308641975308643,162.0,0.017272185824895772,0.03395784543325527,993.5510216846344
our_vol2,Our vol2 ETAS-enhanced STNPP-GAT,38,2021-06-16,0.04,0.04001616104836018,2278,49.0,0.30246913580246915,0.6975308641975309,0.04001616104836018,0.9560042922641693,7.55867449246144,0.30246913580246915,7.55867449246144,0.30246913580246915,162.0,0.01719133735208752,0.033801580333625986,993.5510216846344
our_vol2,Our vol2 ETAS-enhanced STNPP-GAT,38,2021-06-16,0.05,0.050011418131993605,2847,58.0,0.35802469135802467,0.6419753086419753,0.050011418131993605,0.905436521874878,7.15885901121822,0.35802469135802467,7.15885901121822,0.35802469135802467,162.0,0.021711824869908487,0.042500878117316475,993.5510216846344
our_vol2,Our vol2 ETAS-enhanced STNPP-GAT,38,2021-06-16,0.06,0.06000667521562703,3416,60.0,0.37037037037037035,0.6296296296296297,0.06000667521562703,0.78064012490242,6.172152831988897,0.37037037037037035,6.172152831988897,0.37037037037037035,162.0,0.02845100105374078,0.055327868852459015,993.5510216846344
our_vol2,Our vol2 ETAS-enhanced STNPP-GAT,38,2021-06-16,0.07,0.07000193229926045,3985,67.0,0.41358024691358025,0.5864197530864197,0.07000193229926045,0.7472466192666946,5.908126152082656,0.41358024691358025,5.908126152082656,0.41358024691358025,162.0,0.028121775025799794,0.05470514429109159,993.5510216846344
our_vol2,Our vol2 ETAS-enhanced STNPP-GAT,38,2021-06-16,0.08,0.08001475573980713,4555,73.0,0.4506172839506173,0.5493827160493827,0.08001475573980713,0.712281985608001,5.6316773048203705,0.4506172839506173,5.6316773048203705,0.4506172839506173,162.0,0.03664087391898043,0.07069154774972558,993.5510216846344
our_vol2,Our vol2 ETAS-enhanced STNPP-GAT,38,2021-06-16,0.09,0.09001001282344055,5124,84.0,0.5185185185185185,0.4814814814814815,0.09001001282344055,0.7285974499089253,5.76067597652297,0.5185185185185185,5.76067597652297,0.5185185185185185,162.0,0.0442225392296719,0.08469945355191257,993.5510216846344
our_vol2,Our vol2 ETAS-enhanced STNPP-GAT,38,2021-06-16,0.1,0.10000526990707397,5693,90.0,0.5555555555555556,0.4444444444444444,0.10000526990707397,0.7026172492534691,5.555262798368367,0.5555555555555556,5.555262798368367,0.5555555555555556,162.0,0.058670385867038585,0.11083787106973476,993.5510216846344
our_vol2,Our vol2 ETAS-enhanced STNPP-GAT,39,2021-06-30,0.01,0.010012823440546666,570,27.0,0.13432835820895522,0.8656716417910448,0.010012823440546666,2.105263157894737,13.415632364493321,0.13432835820895522,13.415632364493321,0.13432835820895522,201.0,0.02425876010781671,0.04736842105263158,1770.7584708248303
our_vol2,Our vol2 ETAS-enhanced STNPP-GAT,39,2021-06-30,0.02,0.02000808052418009,1139,38.0,0.1890547263681592,0.8109452736318408,0.02000808052418009,1.4827821675934054,9.448918707603337,0.1890547263681592,9.448918707603337,0.1890547263681592,201.0,0.017418490397498883,0.03424056189640035,1770.7584708248303
our_vol2,Our vol2 ETAS-enhanced STNPP-GAT,39,2021-06-30,0.03,0.030003337607813516,1708,55.0,0.2736318407960199,0.7263681592039801,0.030003337607813516,1.4311735623211033,9.120046721894042,0.2736318407960199,9.120046721894042,0.2736318407960199,201.0,0.0215311004784689,0.04215456674473068,1770.7584708248303
our_vol2,Our vol2 ETAS-enhanced STNPP-GAT,39,2021-06-30,0.04,0.04001616104836018,2278,67.0,0.3333333333333333,0.6666666666666667,0.04001616104836018,1.3071895424836601,8.32996780801873,0.3333333333333333,8.32996780801873,0.3333333333333333,201.0,0.021982951996410947,0.04302019315188762,1770.7584708248303
our_vol2,Our vol2 ETAS-enhanced STNPP-GAT,39,2021-06-30,0.05,0.050011418131993605,2847,74.0,0.3681592039800995,0.6318407960199005,0.050011418131993605,1.1552121141162237,7.361502987346373,0.3681592039800995,7.361502987346373,0.3681592039800995,201.0,0.024469233537243614,0.04776958201615736,1770.7584708248303
our_vol2,Our vol2 ETAS-enhanced STNPP-GAT,39,2021-06-30,0.06,0.06000667521562703,3416,81.0,0.40298507462686567,0.5970149253731343,0.06000667521562703,1.053864168618267,6.715670767940159,0.40298507462686567,6.715670767940159,0.40298507462686567,201.0,0.03186829784020541,0.06176814988290398,1770.7584708248303
our_vol2,Our vol2 ETAS-enhanced STNPP-GAT,39,2021-06-30,0.07,0.07000193229926045,3985,92.0,0.4577114427860697,0.5422885572139303,0.07000193229926045,1.026069984664715,6.538554404888981,0.4577114427860697,6.538554404888981,0.4577114427860697,201.0,0.031448168758897374,0.06097867001254705,1770.7584708248303
our_vol2,Our vol2 ETAS-enhanced STNPP-GAT,39,2021-06-30,0.08,0.08001475573980713,4555,96.0,0.47761194029850745,0.5223880597014925,0.08001475573980713,0.9366995975118917,5.969048282189491,0.47761194029850745,5.969048282189491,0.47761194029850745,201.0,0.03900547445255474,0.07508232711306256,1770.7584708248303
our_vol2,Our vol2 ETAS-enhanced STNPP-GAT,39,2021-06-30,0.09,0.09001001282344055,5124,104.0,0.5174129353233831,0.48258706467661694,0.09001001282344055,0.9020730332205742,5.7483930853150325,0.5174129353233831,5.7483930853150325,0.5174129353233831,201.0,0.04592774035517452,0.08782201405152225,1770.7584708248303
our_vol2,Our vol2 ETAS-enhanced STNPP-GAT,39,2021-06-30,0.1,0.10000526990707397,5693,111.0,0.5522388059701493,0.4477611940298507,0.10000526990707397,0.8665612740792786,5.522097050318407,0.5522388059701493,5.522097050318407,0.5522388059701493,201.0,0.0656059897051942,0.12313367293167048,1770.7584708248303
our_vol2,Our vol2 ETAS-enhanced STNPP-GAT,40,2021-07-14,0.01,0.010012823440546666,570,25.0,0.1366120218579235,0.8633879781420765,0.010012823440546666,1.9493177387914231,13.643706260185985,0.1366120218579235,13.643706260185985,0.1366120218579235,183.0,0.020590868397493287,0.04035087719298246,2214.3790558375495
our_vol2,Our vol2 ETAS-enhanced STNPP-GAT,40,2021-07-14,0.02,0.02000808052418009,1139,41.0,0.22404371584699453,0.7759562841530054,0.02000808052418009,1.599843917666569,11.197661643566162,0.22404371584699453,11.197661643566162,0.22404371584699453,183.0,0.018328118015198926,0.035996488147497806,2214.3790558375495
our_vol2,Our vol2 ETAS-enhanced STNPP-GAT,40,2021-07-14,0.03,0.030003337607813516,1708,52.0,0.28415300546448086,0.7158469945355191,0.030003337607813516,1.3531095498308614,9.470713197937062,0.28415300546448086,9.470713197937062,0.28415300546448086,183.0,0.01909307875894988,0.03747072599531616,2214.3790558375495
our_vol2,Our vol2 ETAS-enhanced STNPP-GAT,40,2021-07-14,0.04,0.04001616104836018,2278,60.0,0.32786885245901637,0.6721311475409837,0.04001616104836018,1.170617500731636,8.193410958706947,0.32786885245901637,8.193410958706947,0.32786885245901637,183.0,0.020152261531571878,0.03950834064969271,2214.3790558375495
our_vol2,Our vol2 ETAS-enhanced STNPP-GAT,40,2021-07-14,0.05,0.050011418131993605,2847,65.0,0.3551912568306011,0.644808743169399,0.050011418131993605,1.0147133434804667,7.10220325872695,0.3551912568306011,7.10220325872695,0.3551912568306011,183.0,0.022629310344827586,0.044257112750263436,2214.3790558375495
our_vol2,Our vol2 ETAS-enhanced STNPP-GAT,40,2021-07-14,0.06,0.06000667521562703,3416,74.0,0.40437158469945356,0.5956284153005464,0.06000667521562703,0.9627894873796513,6.73877669853214,0.40437158469945356,6.73877669853214,0.40437158469945356,183.0,0.030623020063357972,0.05942622950819672,2214.3790558375495
our_vol2,Our vol2 ETAS-enhanced STNPP-GAT,40,2021-07-14,0.07,0.07000193229926045,3985,83.0,0.453551912568306,0.5464480874316939,0.07000193229926045,0.9256935731214276,6.479134184887317,0.453551912568306,6.479134184887317,0.453551912568306,183.0,0.030514610809412982,0.05922208281053953,2214.3790558375495
our_vol2,Our vol2 ETAS-enhanced STNPP-GAT,40,2021-07-14,0.08,0.08001475573980713,4555,89.0,0.48633879781420764,0.5136612021857924,0.08001475573980713,0.8683985851933163,6.078113884340153,0.48633879781420764,6.078113884340153,0.48633879781420764,183.0,0.037821827295511506,0.07288693743139407,2214.3790558375495
our_vol2,Our vol2 ETAS-enhanced STNPP-GAT,40,2021-07-14,0.09,0.09001001282344055,5124,100.0,0.546448087431694,0.45355191256830596,0.09001001282344055,0.8673779165582444,6.0709699986776045,0.546448087431694,6.0709699986776045,0.546448087431694,183.0,0.04614128215598203,0.08821233411397346,2214.3790558375495
our_vol2,Our vol2 ETAS-enhanced STNPP-GAT,40,2021-07-14,0.1,0.10000526990707397,5693,104.0,0.5683060109289617,0.4316939890710383,0.10000526990707397,0.8119132658040088,5.682760633085017,0.5683060109289617,5.682760633085017,0.5683060109289617,183.0,0.061038113875687264,0.11505357456525557,2214.3790558375495
our_vol2,Our vol2 ETAS-enhanced STNPP-GAT,41,2021-07-28,0.01,0.010012823440546666,570,28.0,0.16766467065868262,0.8323353293413174,0.010012823440546666,2.183235867446394,16.74499422208215,0.16766467065868262,16.74499422208215,0.16766467065868262,167.0,0.025179856115107913,0.04912280701754386,830.4765872803493
our_vol2,Our vol2 ETAS-enhanced STNPP-GAT,41,2021-07-28,0.02,0.02000808052418009,1139,37.0,0.2215568862275449,0.7784431137724551,0.02000808052418009,1.4437615842356843,11.073370379521904,0.2215568862275449,11.073370379521904,0.2215568862275449,167.0,0.016964285714285713,0.033362598770851626,830.4765872803493
our_vol2,Our vol2 ETAS-enhanced STNPP-GAT,41,2021-07-28,0.03,0.030003337607813516,1708,46.0,0.2754491017964072,0.7245508982035929,0.030003337607813516,1.1969815248503772,9.18061535009606,0.2754491017964072,9.18061535009606,0.2754491017964072,167.0,0.017272185824895772,0.03395784543325527,830.4765872803493
our_vol2,Our vol2 ETAS-enhanced STNPP-GAT,41,2021-07-28,0.04,0.04001616104836018,2278,56.0,0.33532934131736525,0.6646706586826348,0.04001616104836018,1.0925763340161936,8.379847854773333,0.33532934131736525,8.379847854773333,0.33532934131736525,167.0,0.019467442380845825,0.038191395961369626,830.4765872803493
our_vol2,Our vol2 ETAS-enhanced STNPP-GAT,41,2021-07-28,0.05,0.050011418131993605,2847,70.0,0.41916167664670656,0.5808383233532934,0.050011418131993605,1.0927682160558871,8.381319552675471,0.41916167664670656,8.381319552675471,0.41916167664670656,167.0,0.023548445083587992,0.0460133473832104,830.4765872803493
our_vol2,Our vol2 ETAS-enhanced STNPP-GAT,41,2021-07-28,0.06,0.06000667521562703,3416,80.0,0.47904191616766467,0.5209580838323353,0.06000667521562703,1.0408534998698933,7.983143782692227,0.47904191616766467,7.983143782692227,0.47904191616766467,167.0,0.03046757164404223,0.05913348946135832,830.4765872803493
our_vol2,Our vol2 ETAS-enhanced STNPP-GAT,41,2021-07-28,0.07,0.07000193229926045,3985,89.0,0.5329341317365269,0.46706586826347307,0.07000193229926045,0.9926111808169525,7.613134584031435,0.5329341317365269,7.613134584031435,0.5329341317365269,167.0,0.030381383322559793,0.05897114178168131,830.4765872803493
our_vol2,Our vol2 ETAS-enhanced STNPP-GAT,41,2021-07-28,0.08,0.08001475573980713,4555,92.0,0.5508982035928144,0.4491017964071856,0.08001475573980713,0.8976704476155629,6.884957636866771,0.5508982035928144,6.884957636866771,0.5508982035928144,167.0,0.03865009691027249,0.07442371020856202,830.4765872803493
our_vol2,Our vol2 ETAS-enhanced STNPP-GAT,41,2021-07-28,0.09,0.09001001282344055,5124,100.0,0.5988023952095808,0.4011976047904192,0.09001001282344055,0.8673779165582444,6.652619818910188,0.5988023952095808,6.652619818910188,0.5988023952095808,167.0,0.04614128215598203,0.08821233411397346,830.4765872803493
our_vol2,Our vol2 ETAS-enhanced STNPP-GAT,41,2021-07-28,0.1,0.10000526990707397,5693,104.0,0.6227544910179641,0.3772455089820359,0.10000526990707397,0.8119132658040088,6.227216741644062,0.6227544910179641,6.227216741644062,0.6227544910179641,167.0,0.06301932592661749,0.11856666081152292,830.4765872803493
our_vol2,Our vol2 ETAS-enhanced STNPP-GAT,42,2021-08-11,0.01,0.010012823440546666,570,28.0,0.17391304347826086,0.8260869565217391,0.010012823440546666,2.183235867446394,17.369031273836764,0.17391304347826086,17.369031273836764,0.17391304347826086,161.0,0.02242152466367713,0.043859649122807015,426.50579650347646
our_vol2,Our vol2 ETAS-enhanced STNPP-GAT,42,2021-08-11,0.02,0.02000808052418009,1139,42.0,0.2608695652173913,0.7391304347826086,0.02000808052418009,1.6388645010242902,13.038210482116273,0.2608695652173913,13.038210482116273,0.2608695652173913,161.0,0.017418490397498883,0.03424056189640035,426.50579650347646
our_vol2,Our vol2 ETAS-enhanced STNPP-GAT,42,2021-08-11,0.03,0.030003337607813516,1708,54.0,0.33540372670807456,0.6645962732919255,0.030003337607813516,1.405152224824356,11.178880532968712,0.33540372670807456,11.178880532968712,0.33540372670807456,161.0,0.01939719486720382,0.038056206088992975,426.50579650347646
our_vol2,Our vol2 ETAS-enhanced STNPP-GAT,42,2021-08-11,0.04,0.04001616104836018,2278,64.0,0.39751552795031053,0.6024844720496895,0.04001616104836018,1.2486586674470783,9.93387465304097,0.39751552795031053,9.93387465304097,0.39751552795031053,161.0,0.021295673615781215,0.04170324846356453,426.50579650347646
our_vol2,Our vol2 ETAS-enhanced STNPP-GAT,42,2021-08-11,0.05,0.050011418131993605,2847,68.0,0.422360248447205,0.577639751552795,0.050011418131993605,1.061546267025719,8.445276383334752,0.422360248447205,8.445276383334752,0.422360248447205,161.0,0.023180592991913745,0.045310853530031614,426.50579650347646
our_vol2,Our vol2 ETAS-enhanced STNPP-GAT,42,2021-08-11,0.06,0.06000667521562703,3416,79.0,0.4906832298136646,0.5093167701863355,0.06000667521562703,1.0278428311215198,8.177144093560445,0.4906832298136646,8.177144093560445,0.4906832298136646,161.0,0.029225670382645376,0.056791569086651054,426.50579650347646
our_vol2,Our vol2 ETAS-enhanced STNPP-GAT,42,2021-08-11,0.07,0.07000193229926045,3985,92.0,0.5714285714285714,0.4285714285714286,0.07000193229926045,1.026069984664715,8.163039971321025,0.5714285714285714,8.163039971321025,0.5714285714285714,161.0,0.030381383322559793,0.05897114178168131,426.50579650347646
our_vol2,Our vol2 ETAS-enhanced STNPP-GAT,42,2021-08-11,0.08,0.08001475573980713,4555,96.0,0.5962732919254659,0.40372670807453415,0.08001475573980713,0.9366995975118917,7.452041644224148,0.5962732919254659,7.452041644224148,0.5962732919254659,161.0,0.03865009691027249,0.07442371020856202,426.50579650347646
our_vol2,Our vol2 ETAS-enhanced STNPP-GAT,42,2021-08-11,0.09,0.09001001282344055,5124,101.0,0.6273291925465838,0.3726708074534162,0.09001001282344055,0.8760516957238268,6.96954897425827,0.6273291925465838,6.96954897425827,0.6273291925465838,161.0,0.045607591062136514,0.08723653395784543,426.50579650347646
our_vol2,Our vol2 ETAS-enhanced STNPP-GAT,42,2021-08-11,0.1,0.10000526990707397,5693,106.0,0.6583850931677019,0.3416149068322981,0.10000526990707397,0.827526982454086,6.583503987134686,0.6583850931677019,6.583503987134686,0.6583850931677019,161.0,0.06371449925261584,0.11979624099771649,426.50579650347646
our_vol2,Our vol2 ETAS-enhanced STNPP-GAT,43,2021-08-25,0.01,0.010012823440546666,570,20.0,0.12048192771084337,0.8795180722891567,0.010012823440546666,1.5594541910331385,12.032762629465228,0.12048192771084337,12.032762629465228,0.12048192771084337,166.0,0.016042780748663103,0.031578947368421054,1560.747277156441
our_vol2,Our vol2 ETAS-enhanced STNPP-GAT,43,2021-08-25,0.02,0.02000808052418009,1139,35.0,0.21084337349397592,0.7891566265060241,0.02000808052418009,1.3657204175202418,10.537911082433334,0.21084337349397592,10.537911082433334,0.21084337349397592,166.0,0.014699331848552339,0.02897278314310799,1560.747277156441
our_vol2,Our vol2 ETAS-enhanced STNPP-GAT,43,2021-08-25,0.03,0.030003337607813516,1708,45.0,0.2710843373493976,0.7289156626506024,0.030003337607813516,1.17096018735363,9.035139386586156,0.2710843373493976,9.035139386586156,0.2710843373493976,166.0,0.017272185824895772,0.03395784543325527,1560.747277156441
our_vol2,Our vol2 ETAS-enhanced STNPP-GAT,43,2021-08-25,0.04,0.04001616104836018,2278,50.0,0.30120481927710846,0.6987951807228916,0.04001616104836018,0.9755145839430299,7.527079344595239,0.30120481927710846,7.527079344595239,0.30120481927710846,166.0,0.017873100983020553,0.03511852502194908,1560.747277156441
our_vol2,Our vol2 ETAS-enhanced STNPP-GAT,43,2021-08-25,0.05,0.050011418131993605,2847,60.0,0.3614457831325301,0.6385542168674698,0.050011418131993605,0.9366584709050462,7.2272652252847,0.3614457831325301,7.2272652252847,0.3614457831325301,166.0,0.021711824869908487,0.042500878117316475,1560.747277156441
our_vol2,Our vol2 ETAS-enhanced STNPP-GAT,43,2021-08-25,0.06,0.06000667521562703,3416,68.0,0.40963855421686746,0.5903614457831325,0.06000667521562703,0.8847254748894093,6.826549758753985,0.40963855421686746,6.826549758753985,0.40963855421686746,166.0,0.027213952789054276,0.05298594847775176,1560.747277156441
our_vol2,Our vol2 ETAS-enhanced STNPP-GAT,43,2021-08-25,0.07,0.07000193229926045,3985,74.0,0.4457831325301205,0.5542168674698795,0.07000193229926045,0.8253171615781403,6.368154676422125,0.4457831325301205,6.368154676422125,0.4457831325301205,166.0,0.026268349214524853,0.051191969887076534,1560.747277156441
our_vol2,Our vol2 ETAS-enhanced STNPP-GAT,43,2021-08-25,0.08,0.08001475573980713,4555,85.0,0.5120481927710844,0.4879518072289156,0.08001475573980713,0.8293694352969875,6.399422057053681,0.5120481927710844,6.399422057053681,0.5120481927710844,166.0,0.03699487763232783,0.07135016465422613,1560.747277156441
our_vol2,Our vol2 ETAS-enhanced STNPP-GAT,43,2021-08-25,0.09,0.09001001282344055,5124,91.0,0.5481927710843374,0.4518072289156626,0.09001001282344055,0.7893139040680024,6.090353216143262,0.5481927710843374,6.090353216143262,0.5481927710843374,166.0,0.04454184079094894,0.08528493364558938,1560.747277156441
our_vol2,Our vol2 ETAS-enhanced STNPP-GAT,43,2021-08-25,0.1,0.10000526990707397,5693,93.0,0.5602409638554217,0.43975903614457834,0.10000526990707397,0.7260378242285848,5.6021144123305096,0.5602409638554217,5.6021144123305096,0.5602409638554217,166.0,0.05572554473806212,0.10556824170033374,1560.747277156441
our_vol2,Our vol2 ETAS-enhanced STNPP-GAT,44,2021-09-08,0.01,0.010012823440546666,570,29.0,0.1657142857142857,0.8342857142857143,0.010012823440546666,2.261208576998051,16.55020551378446,0.1657142857142857,16.55020551378446,0.1657142857142857,175.0,0.026102610261026102,0.05087719298245614,523.5358303325752
our_vol2,Our vol2 ETAS-enhanced STNPP-GAT,44,2021-09-08,0.02,0.02000808052418009,1139,42.0,0.24,0.76,0.02000808052418009,1.6388645010242902,11.99515364354697,0.24,11.99515364354697,0.24,175.0,0.01923937360178971,0.03775241439859526,523.5358303325752
our_vol2,Our vol2 ETAS-enhanced STNPP-GAT,44,2021-09-08,0.03,0.030003337607813516,1708,51.0,0.2914285714285714,0.7085714285714286,0.030003337607813516,1.327088212334114,9.713205085312813,0.2914285714285714,9.713205085312813,0.2914285714285714,175.0,0.019701492537313434,0.03864168618266979,523.5358303325752
our_vol2,Our vol2 ETAS-enhanced STNPP-GAT,44,2021-09-08,0.04,0.04001616104836018,2278,59.0,0.33714285714285713,0.6628571428571428,0.04001616104836018,1.1511072090527752,8.425167440110373,0.33714285714285713,8.425167440110373,0.33714285714285713,175.0,0.019695613249776187,0.038630377524143986,523.5358303325752
our_vol2,Our vol2 ETAS-enhanced STNPP-GAT,44,2021-09-08,0.05,0.050011418131993605,2847,65.0,0.37142857142857144,0.6285714285714286,0.050011418131993605,1.0147133434804667,7.426875407697326,0.37142857142857144,7.426875407697326,0.37142857142857144,175.0,0.023180592991913745,0.045310853530031614,523.5358303325752
our_vol2,Our vol2 ETAS-enhanced STNPP-GAT,44,2021-09-08,0.06,0.06000667521562703,3416,74.0,0.4228571428571429,0.5771428571428572,0.06000667521562703,0.9627894873796513,7.04683506189361,0.4228571428571429,7.04683506189361,0.4228571428571429,175.0,0.02907064316915198,0.05649882903981265,523.5358303325752
our_vol2,Our vol2 ETAS-enhanced STNPP-GAT,44,2021-09-08,0.07,0.07000193229926045,3985,86.0,0.49142857142857144,0.5085714285714286,0.07000193229926045,0.9591523769691901,7.020214375336082,0.49142857142857144,7.020214375336082,0.49142857142857144,175.0,0.02878533625919711,0.05595984943538269,523.5358303325752
our_vol2,Our vol2 ETAS-enhanced STNPP-GAT,44,2021-09-08,0.08,0.08001475573980713,4555,93.0,0.5314285714285715,0.4685714285714285,0.08001475573980713,0.9074277350896451,6.641632115414772,0.5314285714285715,6.641632115414772,0.5314285714285715,175.0,0.038294962388876225,0.07376509330406147,523.5358303325752
our_vol2,Our vol2 ETAS-enhanced STNPP-GAT,44,2021-09-08,0.09,0.09001001282344055,5124,99.0,0.5657142857142857,0.4342857142857143,0.09001001282344055,0.8587041373926619,6.285015055202408,0.5657142857142857,6.285015055202408,0.5657142857142857,175.0,0.04582100214307582,0.08762685402029664,523.5358303325752
our_vol2,Our vol2 ETAS-enhanced STNPP-GAT,44,2021-09-08,0.1,0.10000526990707397,5693,103.0,0.5885714285714285,0.4114285714285715,0.10000526990707397,0.8041064074789702,5.8854041303856865,0.5885714285714285,5.8854041303856865,0.5885714285714285,175.0,0.05416165169891677,0.10275777270331987,523.5358303325752
our_vol2,Our vol2 ETAS-enhanced STNPP-GAT,45,2021-09-22,0.01,0.010012823440546666,570,28.0,0.13930348258706468,0.8606965174129353,0.010012823440546666,2.183235867446394,13.912507637252334,0.13930348258706468,13.912507637252334,0.13930348258706468,201.0,0.025179856115107913,0.04912280701754386,2350.5634263921847
our_vol2,Our vol2 ETAS-enhanced STNPP-GAT,45,2021-09-22,0.02,0.02000808052418009,1139,46.0,0.22885572139303484,0.7711442786069651,0.02000808052418009,1.794946834455175,11.438164751309301,0.22885572139303484,11.438164751309301,0.22885572139303484,201.0,0.02060931899641577,0.04038630377524144,2350.5634263921847
our_vol2,Our vol2 ETAS-enhanced STNPP-GAT,45,2021-09-22,0.03,0.030003337607813516,1708,65.0,0.32338308457711445,0.6766169154228856,0.030003337607813516,1.6913869372885766,10.778237034965688,0.32338308457711445,10.778237034965688,0.32338308457711445,201.0,0.024287856071964018,0.04742388758782201,2350.5634263921847
our_vol2,Our vol2 ETAS-enhanced STNPP-GAT,45,2021-09-22,0.04,0.04001616104836018,2278,70.0,0.3482587064676617,0.6517412935323383,0.04001616104836018,1.3657204175202418,8.7029514412136,0.3482587064676617,8.7029514412136,0.3482587064676617,201.0,0.021982951996410947,0.04302019315188762,2350.5634263921847
our_vol2,Our vol2 ETAS-enhanced STNPP-GAT,45,2021-09-22,0.05,0.050011418131993605,2847,75.0,0.373134328358209,0.6268656716417911,0.050011418131993605,1.1708230886313078,7.460982757445649,0.373134328358209,7.460982757445649,0.373134328358209,201.0,0.024838012958963283,0.04847207586933614,2350.5634263921847
our_vol2,Our vol2 ETAS-enhanced STNPP-GAT,45,2021-09-22,0.06,0.06000667521562703,3416,92.0,0.4577114427860697,0.5422885572139303,0.06000667521562703,1.1969815248503772,7.627675440129563,0.4577114427860697,7.627675440129563,0.4577114427860697,201.0,0.032180087626529685,0.062353629976580796,2350.5634263921847
our_vol2,Our vol2 ETAS-enhanced STNPP-GAT,45,2021-09-22,0.07,0.07000193229926045,3985,102.0,0.5074626865671642,0.4925373134328358,0.07000193229926045,1.1375993308239232,7.249266840203001,0.5074626865671642,7.249266840203001,0.5074626865671642,201.0,0.030914500064674687,0.05997490589711418,2350.5634263921847
our_vol2,Our vol2 ETAS-enhanced STNPP-GAT,45,2021-09-22,0.08,0.08001475573980713,4555,106.0,0.527363184079602,0.47263681592039797,0.08001475573980713,1.0342724722527137,6.590824144917564,0.527363184079602,6.590824144917564,0.527363184079602,201.0,0.03983563520146102,0.07661909989023051,2350.5634263921847
our_vol2,Our vol2 ETAS-enhanced STNPP-GAT,45,2021-09-22,0.09,0.09001001282344055,5124,113.0,0.5621890547263682,0.43781094527363185,0.09001001282344055,0.9801370457108162,6.245850179236526,0.5621890547263682,6.245850179236526,0.5621890547263682,201.0,0.04688936561446522,0.0895784543325527,2350.5634263921847
our_vol2,Our vol2 ETAS-enhanced STNPP-GAT,45,2021-09-22,0.1,0.10000526990707397,5693,119.0,0.5920398009950248,0.40796019900497515,0.10000526990707397,0.929016140679587,5.920086026917931,0.5920398009950248,5.920086026917931,0.5920398009950248,201.0,0.05494301862318169,0.10416300720182681,2350.5634263921847
our_vol2,Our vol2 ETAS-enhanced STNPP-GAT,46,2021-10-06,0.01,0.010012823440546666,570,30.0,0.15384615384615385,0.8461538461538461,0.010012823440546666,2.339181286549708,15.364912280701754,0.15384615384615385,15.364912280701754,0.15384615384615385,195.0,0.026102610261026102,0.05087719298245614,717.1419541568423
our_vol2,Our vol2 ETAS-enhanced STNPP-GAT,46,2021-10-06,0.02,0.02000808052418009,1139,46.0,0.2358974358974359,0.764102564102564,0.02000808052418009,1.794946834455175,11.790108282118817,0.2358974358974359,11.790108282118817,0.2358974358974359,195.0,0.020152261531571878,0.03950834064969271,717.1419541568423
our_vol2,Our vol2 ETAS-enhanced STNPP-GAT,46,2021-10-06,0.03,0.030003337607813516,1708,63.0,0.3230769230769231,0.676923076923077,0.030003337607813516,1.639344262295082,10.768032786885247,0.3230769230769231,10.768032786885247,0.3230769230769231,195.0,0.023673958645489962,0.04625292740046839,717.1419541568423
our_vol2,Our vol2 ETAS-enhanced STNPP-GAT,46,2021-10-06,0.04,0.04001616104836018,2278,70.0,0.358974358974359,0.641025641025641,0.04001616104836018,1.3657204175202418,8.97073456248171,0.358974358974359,8.97073456248171,0.358974358974359,195.0,0.021524663677130046,0.04214223002633889,717.1419541568423
our_vol2,Our vol2 ETAS-enhanced STNPP-GAT,46,2021-10-06,0.05,0.050011418131993605,2847,80.0,0.41025641025641024,0.5897435897435898,0.050011418131993605,1.2488779612067282,8.203254888186395,0.41025641025641024,8.203254888186395,0.41025641025641024,195.0,0.02576112412177986,0.0502283105022831,717.1419541568423
our_vol2,Our vol2 ETAS-enhanced STNPP-GAT,46,2021-10-06,0.06,0.06000667521562703,3416,86.0,0.441025641025641,0.558974358974359,0.06000667521562703,1.1189175123601354,7.349609679937548,0.441025641025641,7.349609679937548,0.441025641025641,195.0,0.032180087626529685,0.062353629976580796,717.1419541568423
our_vol2,Our vol2 ETAS-enhanced STNPP-GAT,46,2021-10-06,0.07,0.07000193229926045,3985,97.0,0.49743589743589745,0.5025641025641026,0.07000193229926045,1.081834657744319,7.10603094939356,0.49743589743589745,7.10603094939356,0.49743589743589745,195.0,0.031047865459249677,0.060225846925972396,717.1419541568423
our_vol2,Our vol2 ETAS-enhanced STNPP-GAT,46,2021-10-06,0.08,0.08001475573980713,4555,102.0,0.5230769230769231,0.4769230769230769,0.08001475573980713,0.9952433223563849,6.537255762897915,0.5230769230769231,6.537255762897915,0.5230769230769231,195.0,0.040667123600639704,0.07815587266739846,717.1419541568423
our_vol2,Our vol2 ETAS-enhanced STNPP-GAT,46,2021-10-06,0.09,0.09001001282344055,5124,107.0,0.5487179487179488,0.45128205128205123,0.09001001282344055,0.9280943707173215,6.096187874056727,0.5487179487179488,6.096187874056727,0.5487179487179488,195.0,0.04806708938433218,0.09172521467603435,717.1419541568423
our_vol2,Our vol2 ETAS-enhanced STNPP-GAT,46,2021-10-06,0.1,0.10000526990707397,5693,112.0,0.5743589743589743,0.4256410256410257,0.10000526990707397,0.8743681324043172,5.743287077697757,0.5743589743589743,5.743287077697757,0.5743589743589743,195.0,0.05464987032234161,0.1036360442648867,717.1419541568423
our_vol2,Our vol2 ETAS-enhanced STNPP-GAT,47,2021-10-20,0.01,0.010012823440546666,570,27.0,0.14835164835164835,0.8516483516483516,0.010012823440546666,2.105263157894737,14.816165413533835,0.14835164835164835,14.816165413533835,0.14835164835164835,182.0,0.02333931777378815,0.0456140350877193,2857.7566005755484
our_vol2,Our vol2 ETAS-enhanced STNPP-GAT,47,2021-10-20,0.02,0.02000808052418009,1139,43.0,0.23626373626373626,0.7637362637362637,0.02000808052418009,1.6778850843820114,11.808415903674904,0.23626373626373626,11.808415903674904,0.23626373626373626,182.0,0.01923937360178971,0.03775241439859526,2857.7566005755484
our_vol2,Our vol2 ETAS-enhanced STNPP-GAT,47,2021-10-20,0.03,0.030003337607813516,1708,54.0,0.2967032967032967,0.7032967032967032,0.030003337607813516,1.405152224824356,9.889009702241552,0.2967032967032967,9.889009702241552,0.2967032967032967,182.0,0.021836673646425366,0.04274004683840749,2857.7566005755484
our_vol2,Our vol2 ETAS-enhanced STNPP-GAT,47,2021-10-20,0.04,0.04001616104836018,2278,65.0,0.35714285714285715,0.6428571428571428,0.04001616104836018,1.2681689591259389,8.924965508591496,0.35714285714285715,8.924965508591496,0.35714285714285715,182.0,0.020838001344387184,0.040825285338015806,2857.7566005755484
our_vol2,Our vol2 ETAS-enhanced STNPP-GAT,47,2021-10-20,0.05,0.050011418131993605,2847,72.0,0.3956043956043956,0.6043956043956045,0.050011418131993605,1.1239901650860553,7.910281499322595,0.3956043956043956,7.910281499322595,0.3956043956043956,182.0,0.025022502250225023,0.048823322795925536,2857.7566005755484
our_vol2,Our vol2 ETAS-enhanced STNPP-GAT,47,2021-10-20,0.06,0.06000667521562703,3416,78.0,0.42857142857142855,0.5714285714285714,0.06000667521562703,1.014832162373146,7.142062562730009,0.42857142857142855,7.142062562730009,0.42857142857142855,182.0,0.03140096618357488,0.06088992974238876,2857.7566005755484
our_vol2,Our vol2 ETAS-enhanced STNPP-GAT,47,2021-10-20,0.07,0.07000193229926045,3985,84.0,0.46153846153846156,0.5384615384615384,0.07000193229926045,0.9368465077373485,6.593224592220829,0.46153846153846156,6.593224592220829,0.46153846153846156,182.0,0.029848817676702416,0.05796737766624843,2857.7566005755484
our_vol2,Our vol2 ETAS-enhanced STNPP-GAT,47,2021-10-20,0.08,0.08001475573980713,4555,92.0,0.5054945054945055,0.4945054945054945,0.08001475573980713,0.8976704476155629,6.31751607338874,0.5054945054945055,6.31751607338874,0.5054945054945055,182.0,0.03971695959826524,0.07639956092206367,2857.7566005755484
our_vol2,Our vol2 ETAS-enhanced STNPP-GAT,47,2021-10-20,0.09,0.09001001282344055,5124,95.0,0.521978021978022,0.478021978021978,0.09001001282344055,0.8240090207303321,5.799110627857701,0.521978021978022,5.799110627857701,0.521978021978022,182.0,0.04667551833316311,0.08918813427010149,2857.7566005755484
our_vol2,Our vol2 ETAS-enhanced STNPP-GAT,47,2021-10-20,0.1,0.10000526990707397,5693,104.0,0.5714285714285714,0.4285714285714286,0.10000526990707397,0.8119132658040088,5.713984592607463,0.5714285714285714,5.713984592607463,0.5714285714285714,182.0,0.051727323111029004,0.09836641489548568,2857.7566005755484
our_vol2,Our vol2 ETAS-enhanced STNPP-GAT,48,2021-11-03,0.01,0.010012823440546666,570,38.0,0.19095477386934673,0.8090452261306533,0.010012823440546666,2.9629629629629632,19.071021775544388,0.19095477386934673,19.071021775544388,0.19095477386934673,199.0,0.033544877606527655,0.06491228070175438,1882.6727749607571
our_vol2,Our vol2 ETAS-enhanced STNPP-GAT,48,2021-11-03,0.02,0.02000808052418009,1139,54.0,0.271356783919598,0.728643216080402,0.02000808052418009,2.1071115013169446,13.562359647226476,0.271356783919598,13.562359647226476,0.271356783919598,199.0,0.023820224719101123,0.046532045654082525,1882.6727749607571
our_vol2,Our vol2 ETAS-enhanced STNPP-GAT,48,2021-11-03,0.03,0.030003337607813516,1708,70.0,0.35175879396984927,0.6482412060301508,0.030003337607813516,1.8214936247723132,11.723988796441223,0.35175879396984927,11.723988796441223,0.35175879396984927,199.0,0.025517862503752625,0.049765807962529274,1882.6727749607571
our_vol2,Our vol2 ETAS-enhanced STNPP-GAT,48,2021-11-03,0.04,0.04001616104836018,2278,81.0,0.40703517587939697,0.592964824120603,0.04001616104836018,1.5803336259877085,10.171769735419856,0.40703517587939697,10.171769735419856,0.40703517587939697,199.0,0.024741340530814216,0.048287971905179985,1882.6727749607571
our_vol2,Our vol2 ETAS-enhanced STNPP-GAT,48,2021-11-03,0.05,0.050011418131993605,2847,88.0,0.44221105527638194,0.5577889447236181,0.050011418131993605,1.3737657573274011,8.842201876964733,0.44221105527638194,8.842201876964733,0.44221105527638194,199.0,0.02650081124932396,0.051633298208640675,1882.6727749607571
our_vol2,Our vol2 ETAS-enhanced STNPP-GAT,48,2021-11-03,0.06,0.06000667521562703,3416,101.0,0.507537688442211,0.49246231155778897,0.06000667521562703,1.3140775435857404,8.458020488861168,0.507537688442211,8.458020488861168,0.507537688442211,199.0,0.034211323039660915,0.0661592505854801,1882.6727749607571
our_vol2,Our vol2 ETAS-enhanced STNPP-GAT,48,2021-11-03,0.07,0.07000193229926045,3985,105.0,0.5276381909547738,0.4723618090452262,0.07000193229926045,1.1710581346716855,7.537480375528836,0.5276381909547738,7.537480375528836,0.5276381909547738,199.0,0.03211603211603212,0.06223337515683814,1882.6727749607571
our_vol2,Our vol2 ETAS-enhanced STNPP-GAT,48,2021-11-03,0.08,0.08001475573980713,4555,116.0,0.5829145728643216,0.4170854271356784,0.08001475573980713,1.131845346993536,7.28508844993353,0.5829145728643216,7.28508844993353,0.5829145728643216,199.0,0.04126185849811407,0.07925356750823272,1882.6727749607571
our_vol2,Our vol2 ETAS-enhanced STNPP-GAT,48,2021-11-03,0.09,0.09001001282344055,5124,124.0,0.6231155778894473,0.37688442211055273,0.09001001282344055,1.075548616532223,6.92273624170815,0.6231155778894473,6.92273624170815,0.6231155778894473,199.0,0.04828150572831424,0.09211553473848556,1882.6727749607571
our_vol2,Our vol2 ETAS-enhanced STNPP-GAT,48,2021-11-03,0.1,0.10000526990707397,5693,128.0,0.6432160804020101,0.35678391959798994,0.10000526990707397,0.9992778656049339,6.431821852985285,0.6432160804020101,6.431821852985285,0.6432160804020101,199.0,0.052505084119060824,0.09977164939399262,1882.6727749607571
our_vol2,Our vol2 ETAS-enhanced STNPP-GAT,49,2021-11-17,0.01,0.010012823440546666,570,25.0,0.13812154696132597,0.861878453038674,0.010012823440546666,1.9493177387914231,13.794465445381409,0.13812154696132597,13.794465445381409,0.13812154696132597,181.0,0.020590868397493287,0.04035087719298246,1489.4374781039107
our_vol2,Our vol2 ETAS-enhanced STNPP-GAT,49,2021-11-17,0.02,0.02000808052418009,1139,40.0,0.22099447513812154,0.7790055248618785,0.02000808052418009,1.5608233343088478,11.045261181903289,0.22099447513812154,11.045261181903289,0.22099447513812154,181.0,0.017418490397498883,0.03424056189640035,1489.4374781039107
our_vol2,Our vol2 ETAS-enhanced STNPP-GAT,49,2021-11-17,0.03,0.030003337607813516,1708,50.0,0.27624309392265195,0.7237569060773481,0.030003337607813516,1.3010668748373666,9.207078810149184,0.27624309392265195,9.207078810149184,0.27624309392265195,181.0,0.020005971931919976,0.039227166276346606,1489.4374781039107
our_vol2,Our vol2 ETAS-enhanced STNPP-GAT,49,2021-11-17,0.04,0.04001616104836018,2278,69.0,0.3812154696132597,0.6187845303867403,0.04001616104836018,1.3462101258413812,9.526537769391588,0.3812154696132597,9.526537769391588,0.3812154696132597,181.0,0.021295673615781215,0.04170324846356453,1489.4374781039107
our_vol2,Our vol2 ETAS-enhanced STNPP-GAT,49,2021-11-17,0.05,0.050011418131993605,2847,78.0,0.430939226519337,0.569060773480663,0.050011418131993605,1.21765601217656,8.616816771361538,0.430939226519337,8.616816771361538,0.430939226519337,181.0,0.024284943335132217,0.04741833508956796,1489.4374781039107
our_vol2,Our vol2 ETAS-enhanced STNPP-GAT,49,2021-11-17,0.06,0.06000667521562703,3416,84.0,0.46408839779005523,0.5359116022099448,0.06000667521562703,1.092896174863388,7.733946200525314,0.46408839779005523,7.733946200525314,0.46408839779005523,181.0,0.031556696361165634,0.061182669789227165,1489.4374781039107
our_vol2,Our vol2 ETAS-enhanced STNPP-GAT,49,2021-11-17,0.07,0.07000193229926045,3985,92.0,0.5082872928176796,0.4917127071823204,0.07000193229926045,1.026069984664715,7.261046604324227,0.5082872928176796,7.261046604324227,0.5082872928176796,181.0,0.030514610809412982,0.05922208281053953,1489.4374781039107
our_vol2,Our vol2 ETAS-enhanced STNPP-GAT,49,2021-11-17,0.08,0.08001475573980713,4555,103.0,0.569060773480663,0.430939226519337,0.08001475573980713,1.0050006098304671,7.111947892850428,0.569060773480663,7.111947892850428,0.569060773480663,181.0,0.03912398768107676,0.07530186608122942,1489.4374781039107
our_vol2,Our vol2 ETAS-enhanced STNPP-GAT,49,2021-11-17,0.09,0.09001001282344055,5124,110.0,0.6077348066298343,0.39226519337016574,0.09001001282344055,0.9541157082140688,6.751857794109402,0.6077348066298343,6.751857794109402,0.6077348066298343,181.0,0.04624808575803982,0.08840749414519906,1489.4374781039107
our_vol2,Our vol2 ETAS-enhanced STNPP-GAT,49,2021-11-17,0.1,0.10000526990707397,5693,112.0,0.6187845303867403,0.3812154696132597,0.10000526990707397,0.8743681324043172,6.1875192273539374,0.6187845303867403,6.1875192273539374,0.6187845303867403,181.0,0.049207519351271656,0.09379940277533813,1489.4374781039107
our_vol2,Our vol2 ETAS-enhanced STNPP-GAT,50,2021-12-01,0.01,0.010012823440546666,570,38.0,0.15079365079365079,0.8492063492063492,0.010012823440546666,2.9629629629629632,15.060052910052908,0.15079365079365079,15.060052910052908,0.15079365079365079,252.0,0.03260869565217391,0.06315789473684211,970.3285978258584
our_vol2,Our vol2 ETAS-enhanced STNPP-GAT,50,2021-12-01,0.02,0.02000808052418009,1139,60.0,0.23809523809523808,0.7619047619047619,0.02000808052418009,2.341235001463272,11.899954011455328,0.23809523809523808,11.899954011455328,0.23809523809523808,252.0,0.026126126126126126,0.050921861281826165,970.3285978258584
our_vol2,Our vol2 ETAS-enhanced STNPP-GAT,50,2021-12-01,0.03,0.030003337607813516,1708,74.0,0.29365079365079366,0.7063492063492063,0.030003337607813516,1.9255789747593026,9.787270919296681,0.29365079365079366,9.787270919296681,0.29365079365079366,252.0,0.02736842105263158,0.05327868852459016,970.3285978258584
our_vol2,Our vol2 ETAS-enhanced STNPP-GAT,50,2021-12-01,0.04,0.04001616104836018,2278,88.0,0.3492063492063492,0.6507936507936508,0.04001616104836018,1.7169056677397325,8.726632941733907,0.3492063492063492,8.726632941733907,0.3492063492063492,252.0,0.024971878515185602,0.048726953467954345,970.3285978258584
our_vol2,Our vol2 ETAS-enhanced STNPP-GAT,50,2021-12-01,0.05,0.050011418131993605,2847,96.0,0.38095238095238093,0.6190476190476191,0.050011418131993605,1.4986535534480738,7.617308110458795,0.38095238095238093,7.617308110458795,0.38095238095238093,252.0,0.02631578947368421,0.05128205128205128,970.3285978258584
our_vol2,Our vol2 ETAS-enhanced STNPP-GAT,50,2021-12-01,0.06,0.06000667521562703,3416,99.0,0.39285714285714285,0.6071428571428572,0.06000667521562703,1.288056206088993,6.546890682502509,0.39285714285714285,6.546890682502509,0.39285714285714285,252.0,0.03374186715085489,0.06528103044496487,970.3285978258584
our_vol2,Our vol2 ETAS-enhanced STNPP-GAT,50,2021-12-01,0.07,0.07000193229926045,3985,109.0,0.43253968253968256,0.5674603174603174,0.07000193229926045,1.2156698731353688,6.178967756069388,0.43253968253968256,6.178967756069388,0.43253968253968256,252.0,0.0325171654359373,0.0629861982434128,970.3285978258584
our_vol2,Our vol2 ETAS-enhanced STNPP-GAT,50,2021-12-01,0.08,0.08001475573980713,4555,122.0,0.48412698412698413,0.5158730158730158,0.08001475573980713,1.190389071838029,6.050471311832453,0.48412698412698413,6.050471311832453,0.48412698412698413,252.0,0.040310608655932396,0.07749725576289791,970.3285978258584
our_vol2,Our vol2 ETAS-enhanced STNPP-GAT,50,2021-12-01,0.09,0.09001001282344055,5124,129.0,0.5119047619047619,0.48809523809523814,0.09001001282344055,1.1189175123601351,5.68719796661834,0.5119047619047619,5.68719796661834,0.5119047619047619,252.0,0.04785276073619632,0.09133489461358314,970.3285978258584
our_vol2,Our vol2 ETAS-enhanced STNPP-GAT,50,2021-12-01,0.1,0.10000526990707397,5693,137.0,0.5436507936507936,0.4563492063492064,0.10000526990707397,1.069539590530281,5.436221452689044,0.5436507936507936,5.436221452689044,0.5436507936507936,252.0,0.05114475627769571,0.09731248902160548,970.3285978258584
our_vol2,Our vol2 ETAS-enhanced STNPP-GAT,51,2021-12-15,0.01,0.010012823440546666,570,32.0,0.17204301075268819,0.8279569892473118,0.010012823440546666,2.4951267056530217,17.182267496698735,0.17204301075268819,17.182267496698735,0.17204301075268819,186.0,0.027953110910730387,0.054385964912280704,293.74325276410406
our_vol2,Our vol2 ETAS-enhanced STNPP-GAT,51,2021-12-15,0.02,0.02000808052418009,1139,46.0,0.24731182795698925,0.7526881720430108,0.02000808052418009,1.794946834455175,12.360597392543923,0.24731182795698925,12.360597392543923,0.24731182795698925,186.0,0.02060931899641577,0.04038630377524144,293.74325276410406
our_vol2,Our vol2 ETAS-enhanced STNPP-GAT,51,2021-12-15,0.03,0.030003337607813516,1708,56.0,0.3010752688172043,0.6989247311827957,0.030003337607813516,1.4571948998178506,10.034725894588401,0.3010752688172043,10.034725894588401,0.3010752688172043,186.0,0.021836673646425366,0.04274004683840749,293.74325276410406
our_vol2,Our vol2 ETAS-enhanced STNPP-GAT,51,2021-12-15,0.04,0.04001616104836018,2278,70.0,0.3763440860215054,0.6236559139784946,0.04001616104836018,1.3657204175202418,9.404802363892115,0.3763440860215054,9.404802363892115,0.3763440860215054,186.0,0.021982951996410947,0.04302019315188762,293.74325276410406
our_vol2,Our vol2 ETAS-enhanced STNPP-GAT,51,2021-12-15,0.05,0.050011418131993605,2847,77.0,0.41397849462365593,0.586021505376344,0.050011418131993605,1.202045037661476,8.27767957971228,0.41397849462365593,8.27767957971228,0.41397849462365593,186.0,0.024284943335132217,0.04741833508956796,293.74325276410406
our_vol2,Our vol2 ETAS-enhanced STNPP-GAT,51,2021-12-15,0.06,0.06000667521562703,3416,87.0,0.46774193548387094,0.532258064516129,0.06000667521562703,1.131928181108509,7.794831721689204,0.46774193548387094,7.794831721689204,0.46774193548387094,186.0,0.02907064316915198,0.05649882903981265,293.74325276410406
our_vol2,Our vol2 ETAS-enhanced STNPP-GAT,51,2021-12-15,0.07,0.07000193229926045,3985,90.0,0.4838709677419355,0.5161290322580645,0.07000193229926045,1.0037641154328734,6.912251588618611,0.4838709677419355,6.912251588618611,0.4838709677419355,186.0,0.030914500064674687,0.05997490589711418,293.74325276410406
our_vol2,Our vol2 ETAS-enhanced STNPP-GAT,51,2021-12-15,0.08,0.08001475573980713,4555,96.0,0.5161290322580645,0.4838709677419355,0.08001475573980713,0.9366995975118917,6.450423143656385,0.5161290322580645,6.450423143656385,0.5161290322580645,186.0,0.03959831108068013,0.07618002195389682,293.74325276410406
our_vol2,Our vol2 ETAS-enhanced STNPP-GAT,51,2021-12-15,0.09,0.09001001282344055,5124,104.0,0.5591397849462365,0.4408602150537635,0.09001001282344055,0.9020730332205742,6.2119731728404375,0.5591397849462365,6.2119731728404375,0.5591397849462365,186.0,0.045714285714285714,0.08743169398907104,293.74325276410406
our_vol2,Our vol2 ETAS-enhanced STNPP-GAT,51,2021-12-15,0.1,0.10000526990707397,5693,110.0,0.5913978494623656,0.4086021505376344,0.10000526990707397,0.85875441575424,5.913666849876003,0.5913978494623656,5.913666849876003,0.5913978494623656,186.0,0.04940092165898618,0.09415071139996486,293.74325276410406
our_vol2,Our vol2 ETAS-enhanced STNPP-GAT,52,2021-12-29,0.01,0.010012823440546666,570,23.0,0.11219512195121951,0.8878048780487805,0.010012823440546666,1.7933723196881093,11.205143346170303,0.11219512195121951,11.205143346170303,0.11219512195121951,205.0,0.01694915254237288,0.03333333333333333,1560.3287471517071
our_vol2,Our vol2 ETAS-enhanced STNPP-GAT,52,2021-12-29,0.02,0.02000808052418009,1139,42.0,0.2048780487804878,0.7951219512195122,0.02000808052418009,1.6388645010242902,10.239765305466927,0.2048780487804878,10.239765305466927,0.2048780487804878,205.0,0.017418490397498883,0.03424056189640035,1560.3287471517071
our_vol2,Our vol2 ETAS-enhanced STNPP-GAT,52,2021-12-29,0.03,0.030003337607813516,1708,54.0,0.2634146341463415,0.7365853658536585,0.030003337607813516,1.405152224824356,8.77951105272177,0.2634146341463415,8.77951105272177,0.2634146341463415,205.0,0.02031063321385902,0.03981264637002342,1560.3287471517071
our_vol2,Our vol2 ETAS-enhanced STNPP-GAT,52,2021-12-29,0.04,0.04001616104836018,2278,68.0,0.33170731707317075,0.6682926829268292,0.04001616104836018,1.3266998341625207,8.289333818711322,0.33170731707317075,8.289333818711322,0.33170731707317075,205.0,0.021524663677130046,0.04214223002633889,1560.3287471517071
our_vol2,Our vol2 ETAS-enhanced STNPP-GAT,52,2021-12-29,0.05,0.050011418131993605,2847,76.0,0.37073170731707317,0.6292682926829268,0.050011418131993605,1.1864340631463919,7.412941307495267,0.37073170731707317,7.412941307495267,0.37073170731707317,205.0,0.023180592991913745,0.045310853530031614,1560.3287471517071
our_vol2,Our vol2 ETAS-enhanced STNPP-GAT,52,2021-12-29,0.06,0.06000667521562703,3416,84.0,0.4097560975609756,0.5902439024390245,0.06000667521562703,1.092896174863388,6.828508596561375,0.4097560975609756,6.828508596561375,0.4097560975609756,205.0,0.02783210470889123,0.054156908665105384,1560.3287471517071
our_vol2,Our vol2 ETAS-enhanced STNPP-GAT,52,2021-12-29,0.07,0.07000193229926045,3985,87.0,0.424390243902439,0.575609756097561,0.07000193229926045,0.9703053115851109,6.062550417725006,0.424390243902439,6.062550417725006,0.424390243902439,205.0,0.029981907469630396,0.05821831869510665,1560.3287471517071
our_vol2,Our vol2 ETAS-enhanced STNPP-GAT,52,2021-12-29,0.08,0.08001475573980713,4555,93.0,0.45365853658536587,0.5463414634146342,0.08001475573980713,0.9074277350896451,5.669685952183341,0.45365853658536587,5.669685952183341,0.45365853658536587,205.0,0.03605140452632776,0.06959385290889133,1560.3287471517071
our_vol2,Our vol2 ETAS-enhanced STNPP-GAT,52,2021-12-29,0.09,0.09001001282344055,5124,101.0,0.4926829268292683,0.5073170731707317,0.09001001282344055,0.8760516957238268,5.4736457797833244,0.4926829268292683,5.4736457797833244,0.4926829268292683,205.0,0.0417810308020738,0.08021077283372366,1560.3287471517071
our_vol2,Our vol2 ETAS-enhanced STNPP-GAT,52,2021-12-29,0.1,0.10000526990707397,5693,106.0,0.5170731707317073,0.48292682926829267,0.10000526990707397,0.827526982454086,5.170459228920412,0.5170731707317073,5.170459228920412,0.5170731707317073,205.0,0.04940092165898618,0.09415071139996486,1560.3287471517071
our_vol2,Our vol2 ETAS-enhanced STNPP-GAT,53,2022-01-12,0.01,0.010012823440546666,570,44.0,0.20853080568720378,0.7914691943127963,0.010012823440546666,3.4307992202729047,20.826373991851664,0.20853080568720378,20.826373991851664,0.20853080568720378,211.0,0.03825136612021858,0.07368421052631578,326.8556334045048
our_vol2,Our vol2 ETAS-enhanced STNPP-GAT,53,2022-01-12,0.02,0.02000808052418009,1139,64.0,0.3033175355450237,0.6966824644549763,0.02000808052418009,2.4973173348941566,15.159751840185747,0.3033175355450237,15.159751840185747,0.3033175355450237,211.0,0.027978339350180504,0.05443371378402107,326.8556334045048
our_vol2,Our vol2 ETAS-enhanced STNPP-GAT,53,2022-01-12,0.03,0.030003337607813516,1708,72.0,0.3412322274881517,0.6587677725118484,0.030003337607813516,1.873536299765808,11.373142279987126,0.3412322274881517,11.373142279987126,0.3412322274881517,211.0,0.025517862503752625,0.049765807962529274,326.8556334045048
our_vol2,Our vol2 ETAS-enhanced STNPP-GAT,53,2022-01-12,0.04,0.04001616104836018,2278,78.0,0.3696682464454976,0.6303317535545023,0.04001616104836018,1.5218027509511267,9.237973777613188,0.3696682464454976,9.237973777613188,0.3696682464454976,211.0,0.023590204448438554,0.046093064091308165,326.8556334045048
our_vol2,Our vol2 ETAS-enhanced STNPP-GAT,53,2022-01-12,0.05,0.050011418131993605,2847,85.0,0.4028436018957346,0.5971563981042654,0.050011418131993605,1.3269328337821487,8.055032569412885,0.4028436018957346,8.055032569412885,0.4028436018957346,211.0,0.024653590066582687,0.04812082894274675,326.8556334045048
our_vol2,Our vol2 ETAS-enhanced STNPP-GAT,53,2022-01-12,0.06,0.06000667521562703,3416,91.0,0.4312796208530806,0.5687203791469194,0.06000667521562703,1.1839708561020037,7.187194079714086,0.4312796208530806,7.187194079714086,0.4312796208530806,211.0,0.02845100105374078,0.055327868852459015,326.8556334045048
our_vol2,Our vol2 ETAS-enhanced STNPP-GAT,53,2022-01-12,0.07,0.07000193229926045,3985,102.0,0.4834123222748815,0.5165876777251185,0.07000193229926045,1.1375993308239232,6.905699691378214,0.4834123222748815,6.905699691378214,0.4834123222748815,211.0,0.031181265364212705,0.060476787954830614,326.8556334045048
our_vol2,Our vol2 ETAS-enhanced STNPP-GAT,53,2022-01-12,0.08,0.08001475573980713,4555,113.0,0.5355450236966824,0.46445497630331756,0.08001475573980713,1.1025734845712891,6.693078279688483,0.5355450236966824,6.693078279688483,0.5355450236966824,211.0,0.03888698825407686,0.07486278814489572,326.8556334045048
our_vol2,Our vol2 ETAS-enhanced STNPP-GAT,53,2022-01-12,0.09,0.09001001282344055,5124,116.0,0.5497630331753555,0.45023696682464454,0.09001001282344055,1.0061583832075636,6.107798631844937,0.5497630331753555,6.107798631844937,0.5497630331753555,211.0,0.042628955132770374,0.08177205308352849,326.8556334045048
our_vol2,Our vol2 ETAS-enhanced STNPP-GAT,53,2022-01-12,0.1,0.10000526990707397,5693,123.0,0.5829383886255924,0.41706161137440756,0.10000526990707397,0.9602435739797412,5.829076699330599,0.5829383886255924,5.829076699330599,0.5829383886255924,211.0,0.050465910139311745,0.09608290883541191,326.8556334045048
our_vol2,Our vol2 ETAS-enhanced STNPP-GAT,54,2022-01-26,0.01,0.010012823440546666,570,26.0,0.14444444444444443,0.8555555555555556,0.010012823440546666,2.0272904483430803,14.42594541910331,0.14444444444444443,14.42594541910331,0.14444444444444443,180.0,0.021505376344086023,0.042105263157894736,2509.7366652693217
our_vol2,Our vol2 ETAS-enhanced STNPP-GAT,54,2022-01-26,0.02,0.02000808052418009,1139,36.0,0.2,0.8,0.02000808052418009,1.404741000877963,9.995961369622476,0.2,9.995961369622476,0.2,180.0,0.015151515151515152,0.029850746268656716,2509.7366652693217
our_vol2,Our vol2 ETAS-enhanced STNPP-GAT,54,2022-01-26,0.03,0.030003337607813516,1708,45.0,0.25,0.75,0.030003337607813516,1.17096018735363,8.332406323185012,0.25,8.332406323185012,0.25,180.0,0.01818181818181818,0.03571428571428571,2509.7366652693217
our_vol2,Our vol2 ETAS-enhanced STNPP-GAT,54,2022-01-26,0.04,0.04001616104836018,2278,58.0,0.32222222222222224,0.6777777777777778,0.04001616104836018,1.1315969173739147,8.052302214418107,0.32222222222222224,8.052302214418107,0.32222222222222224,180.0,0.018555779119159403,0.036435469710272166,2509.7366652693217
our_vol2,Our vol2 ETAS-enhanced STNPP-GAT,54,2022-01-26,0.05,0.050011418131993605,2847,64.0,0.35555555555555557,0.6444444444444444,0.050011418131993605,0.9991023689653826,7.1094875697615425,0.35555555555555557,7.1094875697615425,0.35555555555555557,180.0,0.02061301308478222,0.04039339655778012,2509.7366652693217
our_vol2,Our vol2 ETAS-enhanced STNPP-GAT,54,2022-01-26,0.06,0.06000667521562703,3416,68.0,0.37777777777777777,0.6222222222222222,0.06000667521562703,0.8847254748894093,6.295595888628675,0.37777777777777777,6.295595888628675,0.37777777777777777,180.0,0.024441445494077074,0.04771662763466042,2509.7366652693217
our_vol2,Our vol2 ETAS-enhanced STNPP-GAT,54,2022-01-26,0.07,0.07000193229926045,3985,73.0,0.40555555555555556,0.5944444444444444,0.07000193229926045,0.8141642269622195,5.793490868534784,0.40555555555555556,5.793490868534784,0.40555555555555556,180.0,0.027061855670103094,0.05269761606022585,2509.7366652693217
our_vol2,Our vol2 ETAS-enhanced STNPP-GAT,54,2022-01-26,0.08,0.08001475573980713,4555,83.0,0.46111111111111114,0.5388888888888889,0.08001475573980713,0.809854860348823,5.762825954384681,0.46111111111111114,5.762825954384681,0.46111111111111114,180.0,0.034287011807447774,0.06630076838638858,2509.7366652693217
our_vol2,Our vol2 ETAS-enhanced STNPP-GAT,54,2022-01-26,0.09,0.09001001282344055,5124,92.0,0.5111111111111111,0.48888888888888893,0.09001001282344055,0.7979876832335848,5.678380605429785,0.5111111111111111,5.678380605429785,0.5111111111111111,180.0,0.04061738424045491,0.078064012490242,2509.7366652693217
our_vol2,Our vol2 ETAS-enhanced STNPP-GAT,54,2022-01-26,0.1,0.10000526990707397,5693,97.0,0.5388888888888889,0.46111111111111114,0.10000526990707397,0.757265257528739,5.388604914417316,0.5388888888888889,5.388604914417316,0.5388888888888889,180.0,0.047952139898757476,0.09151589671526436,2509.7366652693217
our_vol2,Our vol2 ETAS-enhanced STNPP-GAT,55,2022-02-09,0.01,0.010012823440546666,570,28.0,0.14583333333333334,0.8541666666666666,0.010012823440546666,2.183235867446394,14.564656432748539,0.14583333333333334,14.564656432748539,0.14583333333333334,192.0,0.021505376344086023,0.042105263157894736,1552.4600622727803
our_vol2,Our vol2 ETAS-enhanced STNPP-GAT,55,2022-02-09,0.02,0.02000808052418009,1139,39.0,0.203125,0.796875,0.02000808052418009,1.5218027509511267,10.152148266022827,0.203125,10.152148266022827,0.203125,192.0,0.016057091882247992,0.03160667251975417,1552.4600622727803
our_vol2,Our vol2 ETAS-enhanced STNPP-GAT,55,2022-02-09,0.03,0.030003337607813516,1708,48.0,0.25,0.75,0.030003337607813516,1.249024199843872,8.332406323185012,0.25,8.332406323185012,0.25,192.0,0.01909307875894988,0.03747072599531616,1552.4600622727803
our_vol2,Our vol2 ETAS-enhanced STNPP-GAT,55,2022-02-09,0.04,0.04001616104836018,2278,55.0,0.2864583333333333,0.7135416666666667,0.04001616104836018,1.0730660423373328,7.158566085016096,0.2864583333333333,7.158566085016096,0.2864583333333333,192.0,0.018100558659217877,0.03555750658472344,1552.4600622727803
our_vol2,Our vol2 ETAS-enhanced STNPP-GAT,55,2022-02-09,0.05,0.050011418131993605,2847,68.0,0.3541666666666667,0.6458333333333333,0.050011418131993605,1.061546267025719,7.0817161339421615,0.3541666666666667,7.0817161339421615,0.3541666666666667,192.0,0.02244568145088885,0.04390586582367404,1552.4600622727803
our_vol2,Our vol2 ETAS-enhanced STNPP-GAT,55,2022-02-09,0.06,0.06000667521562703,3416,74.0,0.3854166666666667,0.6145833333333333,0.06000667521562703,0.9627894873796513,6.422896540788447,0.3854166666666667,6.422896540788447,0.3854166666666667,192.0,0.02613397416641634,0.050936768149882905,1552.4600622727803
our_vol2,Our vol2 ETAS-enhanced STNPP-GAT,55,2022-02-09,0.07,0.07000193229926045,3985,81.0,0.421875,0.578125,0.07000193229926045,0.903387703889586,6.026619353826851,0.421875,6.026619353826851,0.421875,192.0,0.027989165484328647,0.054454203262233374,1552.4600622727803
our_vol2,Our vol2 ETAS-enhanced STNPP-GAT,55,2022-02-09,0.08,0.08001475573980713,4555,88.0,0.4583333333333333,0.5416666666666667,0.08001475573980713,0.858641297719234,5.728110135382363,0.4583333333333333,5.728110135382363,0.4583333333333333,192.0,0.035580311469819256,0.06871569703622393,1552.4600622727803
our_vol2,Our vol2 ETAS-enhanced STNPP-GAT,55,2022-02-09,0.09,0.09001001282344055,5124,93.0,0.484375,0.515625,0.09001001282344055,0.8066614623991673,5.38134575039032,0.484375,5.38134575039032,0.484375,192.0,0.04061738424045491,0.078064012490242,1552.4600622727803
our_vol2,Our vol2 ETAS-enhanced STNPP-GAT,55,2022-02-09,0.1,0.10000526990707397,5693,101.0,0.5260416666666666,0.47395833333333337,0.10000526990707397,0.7884926908288932,5.260139462205047,0.5260416666666666,5.260139462205047,0.5260416666666666,192.0,0.049014188317670904,0.0934480941507114,1552.4600622727803
our_vol2,Our vol2 ETAS-enhanced STNPP-GAT,56,2022-02-23,0.01,0.010012823440546666,570,25.0,0.15060240963855423,0.8493975903614458,0.010012823440546666,1.9493177387914231,15.040953286831536,0.15060240963855423,15.040953286831536,0.15060240963855423,166.0,0.021505376344086023,0.042105263157894736,2687.168222221437
our_vol2,Our vol2 ETAS-enhanced STNPP-GAT,56,2022-02-23,0.02,0.02000808052418009,1139,44.0,0.26506024096385544,0.7349397590361446,0.02000808052418009,1.7169056677397325,13.24765964648762,0.26506024096385544,13.24765964648762,0.26506024096385544,166.0,0.01923937360178971,0.03775241439859526,2687.168222221437
our_vol2,Our vol2 ETAS-enhanced STNPP-GAT,56,2022-02-23,0.03,0.030003337607813516,1708,52.0,0.3132530120481928,0.6867469879518072,0.030003337607813516,1.3531095498308614,10.440605513388448,0.3132530120481928,10.440605513388448,0.3132530120481928,166.0,0.02092050209205021,0.040983606557377046,2687.168222221437
our_vol2,Our vol2 ETAS-enhanced STNPP-GAT,56,2022-02-23,0.04,0.04001616104836018,2278,60.0,0.3614457831325301,0.6385542168674698,0.04001616104836018,1.170617500731636,9.032495213514286,0.3614457831325301,9.032495213514286,0.3614457831325301,166.0,0.019695613249776187,0.038630377524143986,2687.168222221437
our_vol2,Our vol2 ETAS-enhanced STNPP-GAT,56,2022-02-23,0.05,0.050011418131993605,2847,71.0,0.42771084337349397,0.572289156626506,0.050011418131993605,1.1083791905709712,8.552263849920228,0.42771084337349397,8.552263849920228,0.42771084337349397,166.0,0.022996766079770033,0.04495960660344222,2687.168222221437
our_vol2,Our vol2 ETAS-enhanced STNPP-GAT,56,2022-02-23,0.06,0.06000667521562703,3416,80.0,0.4819277108433735,0.5180722891566265,0.06000667521562703,1.0408534998698933,8.031235010298806,0.4819277108433735,8.031235010298806,0.4819277108433735,166.0,0.027522935779816515,0.05357142857142857,2687.168222221437
our_vol2,Our vol2 ETAS-enhanced STNPP-GAT,56,2022-02-23,0.07,0.07000193229926045,3985,84.0,0.5060240963855421,0.49397590361445787,0.07000193229926045,0.9368465077373485,7.228716119181872,0.5060240963855421,7.228716119181872,0.5060240963855421,166.0,0.02918388429752066,0.05671267252195734,2687.168222221437
our_vol2,Our vol2 ETAS-enhanced STNPP-GAT,56,2022-02-23,0.08,0.08001475573980713,4555,90.0,0.5421686746987951,0.45783132530120485,0.08001475573980713,0.8781558726673985,6.775858648645073,0.5421686746987951,6.775858648645073,0.5421686746987951,166.0,0.034874474610928095,0.06739846322722283,2687.168222221437
our_vol2,Our vol2 ETAS-enhanced STNPP-GAT,56,2022-02-23,0.09,0.09001001282344055,5124,96.0,0.5783132530120482,0.42168674698795183,0.09001001282344055,0.8326827998959146,6.424988008239045,0.5783132530120482,6.424988008239045,0.5783132530120482,166.0,0.04135758561121837,0.07943013270882124,2687.168222221437
our_vol2,Our vol2 ETAS-enhanced STNPP-GAT,56,2022-02-23,0.1,0.10000526990707397,5693,99.0,0.5963855421686747,0.4036144578313253,0.10000526990707397,0.7728789741788161,5.963541148609897,0.5963855421686747,5.963541148609897,0.5963855421686747,166.0,0.049691158845763805,0.09467767433690497,2687.168222221437
our_vol2,Our vol2 ETAS-enhanced STNPP-GAT,57,2022-03-09,0.01,0.010012823440546666,570,21.0,0.11290322580645161,0.8870967741935484,0.010012823440546666,1.6374269005847955,11.275863044708544,0.11290322580645161,11.275863044708544,0.11290322580645161,186.0,0.01694915254237288,0.03333333333333333,214.67260260675968
our_vol2,Our vol2 ETAS-enhanced STNPP-GAT,57,2022-03-09,0.02,0.02000808052418009,1139,35.0,0.1881720430107527,0.8118279569892473,0.02000808052418009,1.3657204175202418,9.404802363892115,0.1881720430107527,9.404802363892115,0.1881720430107527,186.0,0.01560410164957646,0.030728709394205442,214.67260260675968
our_vol2,Our vol2 ETAS-enhanced STNPP-GAT,57,2022-03-09,0.03,0.030003337607813516,1708,45.0,0.24193548387096775,0.7580645161290323,0.030003337607813516,1.17096018735363,8.063619022437107,0.24193548387096775,8.063619022437107,0.24193548387096775,186.0,0.01818181818181818,0.03571428571428571,214.67260260675968
our_vol2,Our vol2 ETAS-enhanced STNPP-GAT,57,2022-03-09,0.04,0.04001616104836018,2278,50.0,0.26881720430107525,0.7311827956989247,0.04001616104836018,0.9755145839430299,6.717715974208653,0.26881720430107525,6.717715974208653,0.26881720430107525,186.0,0.018328118015198926,0.035996488147497806,214.67260260675968
our_vol2,Our vol2 ETAS-enhanced STNPP-GAT,57,2022-03-09,0.05,0.050011418131993605,2847,59.0,0.3172043010752688,0.6827956989247312,0.050011418131993605,0.9210474963899621,6.3426376000392795,0.3172043010752688,6.3426376000392795,0.3172043010752688,186.0,0.021711824869908487,0.042500878117316475,214.67260260675968
our_vol2,Our vol2 ETAS-enhanced STNPP-GAT,57,2022-03-09,0.06,0.06000667521562703,3416,69.0,0.3709677419354839,0.6290322580645161,0.06000667521562703,0.897736143637783,6.182107917201783,0.3709677419354839,6.182107917201783,0.3709677419354839,186.0,0.027059530968129887,0.05269320843091335,214.67260260675968
our_vol2,Our vol2 ETAS-enhanced STNPP-GAT,57,2022-03-09,0.07,0.07000193229926045,3985,74.0,0.3978494623655914,0.6021505376344086,0.07000193229926045,0.8253171615781403,5.683406861753079,0.3978494623655914,5.683406861753079,0.3978494623655914,186.0,0.028254418784672945,0.05495608531994981,214.67260260675968
our_vol2,Our vol2 ETAS-enhanced STNPP-GAT,57,2022-03-09,0.08,0.08001475573980713,4555,82.0,0.44086021505376344,0.5591397849462365,0.08001475573980713,0.8000975728747408,5.509736435206496,0.44086021505376344,5.509736435206496,0.44086021505376344,186.0,0.03416959927347032,0.06608122941822174,214.67260260675968
our_vol2,Our vol2 ETAS-enhanced STNPP-GAT,57,2022-03-09,0.09,0.09001001282344055,5124,90.0,0.4838709677419355,0.5161290322580645,0.09001001282344055,0.78064012490242,5.375746014958072,0.4838709677419355,5.375746014958072,0.4838709677419355,186.0,0.040723062861785314,0.07825917252146761,214.67260260675968
our_vol2,Our vol2 ETAS-enhanced STNPP-GAT,57,2022-03-09,0.1,0.10000526990707397,5693,96.0,0.5161290322580645,0.4838709677419355,0.10000526990707397,0.7494583992037005,5.161018341709966,0.5161290322580645,5.161018341709966,0.5161290322580645,186.0,0.04911084492766977,0.09362374846302476,214.67260260675968
our_vol2,Our vol2 ETAS-enhanced STNPP-GAT,58,2022-03-23,0.01,0.010012823440546666,570,36.0,0.17733990147783252,0.8226600985221675,0.010012823440546666,2.8070175438596494,17.71127819548872,0.17733990147783252,17.71127819548872,0.17733990147783252,203.0,0.03260869565217391,0.06315789473684211,1376.1916842311753
our_vol2,Our vol2 ETAS-enhanced STNPP-GAT,58,2022-03-23,0.02,0.02000808052418009,1139,45.0,0.22167487684729065,0.7783251231527093,0.02000808052418009,1.7559262510974538,11.079267527906685,0.22167487684729065,11.079267527906685,0.22167487684729065,203.0,0.02060931899641577,0.04038630377524144,1376.1916842311753
our_vol2,Our vol2 ETAS-enhanced STNPP-GAT,58,2022-03-23,0.03,0.030003337607813516,1708,58.0,0.2857142857142857,0.7142857142857143,0.030003337607813516,1.5092375748113454,9.522750083640013,0.2857142857142857,9.522750083640013,0.2857142857142857,203.0,0.023673958645489962,0.04625292740046839,1376.1916842311753
our_vol2,Our vol2 ETAS-enhanced STNPP-GAT,58,2022-03-23,0.04,0.04001616104836018,2278,70.0,0.3448275862068966,0.6551724137931034,0.04001616104836018,1.3657204175202418,8.617208077260756,0.3448275862068966,8.617208077260756,0.3448275862068966,203.0,0.022900763358778626,0.04477611940298507,1376.1916842311753
our_vol2,Our vol2 ETAS-enhanced STNPP-GAT,58,2022-03-23,0.05,0.050011418131993605,2847,81.0,0.39901477832512317,0.6009852216748768,0.050011418131993605,1.2644889357218123,7.978473581213308,0.39901477832512317,7.978473581213308,0.39901477832512317,203.0,0.0261308343845738,0.05093080435546189,1376.1916842311753
our_vol2,Our vol2 ETAS-enhanced STNPP-GAT,58,2022-03-23,0.06,0.06000667521562703,3416,90.0,0.4433497536945813,0.5566502463054187,0.06000667521562703,1.17096018735363,7.388340582134493,0.4433497536945813,7.388340582134493,0.4433497536945813,203.0,0.029691032403918613,0.05766978922716628,1376.1916842311753
our_vol2,Our vol2 ETAS-enhanced STNPP-GAT,58,2022-03-23,0.07,0.07000193229926045,3985,100.0,0.49261083743842365,0.5073891625615763,0.07000193229926045,1.1152934615920815,7.037103423552608,0.49261083743842365,7.037103423552608,0.49261083743842365,203.0,0.03278476091745497,0.06348808030112923,1376.1916842311753
our_vol2,Our vol2 ETAS-enhanced STNPP-GAT,58,2022-03-23,0.08,0.08001475573980713,4555,108.0,0.5320197044334976,0.46798029556650245,0.08001475573980713,1.0537870472008781,6.649019915320683,0.5320197044334976,6.649019915320683,0.5320197044334976,203.0,0.03664087391898043,0.07069154774972558,1376.1916842311753
our_vol2,Our vol2 ETAS-enhanced STNPP-GAT,58,2022-03-23,0.09,0.09001001282344055,5124,111.0,0.5467980295566502,0.45320197044334976,0.09001001282344055,0.9627894873796513,6.07485781197725,0.5467980295566502,6.07485781197725,0.5467980295566502,203.0,0.04135758561121837,0.07943013270882124,1376.1916842311753
our_vol2,Our vol2 ETAS-enhanced STNPP-GAT,58,2022-03-23,0.1,0.10000526990707397,5693,120.0,0.5911330049261084,0.40886699507389157,0.10000526990707397,0.9368229990046255,5.911018544076686,0.5911330049261084,5.911018544076686,0.5911330049261084,203.0,0.050465910139311745,0.09608290883541191,1376.1916842311753
our_vol2,Our vol2 ETAS-enhanced STNPP-GAT,59,2022-04-06,0.01,0.010012823440546666,570,35.0,0.1674641148325359,0.8325358851674641,0.010012823440546666,2.7290448343079925,16.724964324687317,0.1674641148325359,16.724964324687317,0.1674641148325359,209.0,0.03074141048824593,0.05964912280701754,827.6130769080904
our_vol2,Our vol2 ETAS-enhanced STNPP-GAT,59,2022-04-06,0.02,0.02000808052418009,1139,48.0,0.22966507177033493,0.7703349282296651,0.02000808052418009,1.8729880011706175,11.478615926839208,0.22966507177033493,11.478615926839208,0.22966507177033493,209.0,0.021524663677130046,0.04214223002633889,827.6130769080904
our_vol2,Our vol2 ETAS-enhanced STNPP-GAT,59,2022-04-06,0.03,0.030003337607813516,1708,60.0,0.28708133971291866,0.7129186602870814,0.030003337607813516,1.56128024980484,9.56831348116939,0.28708133971291866,9.56831348116939,0.28708133971291866,209.0,0.023980815347721823,0.0468384074941452,827.6130769080904
our_vol2,Our vol2 ETAS-enhanced STNPP-GAT,59,2022-04-06,0.04,0.04001616104836018,2278,69.0,0.33014354066985646,0.6698564593301435,0.04001616104836018,1.3462101258413812,8.25025519741568,0.33014354066985646,8.25025519741568,0.33014354066985646,209.0,0.021982951996410947,0.04302019315188762,827.6130769080904
our_vol2,Our vol2 ETAS-enhanced STNPP-GAT,59,2022-04-06,0.05,0.050011418131993605,2847,81.0,0.3875598086124402,0.6124401913875598,0.050011418131993605,1.2644889357218123,7.749426492757423,0.3875598086124402,7.749426492757423,0.3875598086124402,209.0,0.02631578947368421,0.05128205128205128,827.6130769080904
our_vol2,Our vol2 ETAS-enhanced STNPP-GAT,59,2022-04-06,0.06,0.06000667521562703,3416,91.0,0.4354066985645933,0.5645933014354068,0.06000667521562703,1.1839708561020037,7.255971056553455,0.4354066985645933,7.255971056553455,0.4354066985645933,209.0,0.02891566265060241,0.05620608899297424,827.6130769080904
our_vol2,Our vol2 ETAS-enhanced STNPP-GAT,59,2022-04-06,0.07,0.07000193229926045,3985,98.0,0.4688995215311005,0.5311004784688995,0.07000193229926045,1.09298759236024,6.698379689385435,0.4688995215311005,6.698379689385435,0.4688995215311005,209.0,0.03318641431164117,0.06424090338770388,827.6130769080904
our_vol2,Our vol2 ETAS-enhanced STNPP-GAT,59,2022-04-06,0.08,0.08001475573980713,4555,106.0,0.507177033492823,0.49282296650717705,0.08001475573980713,1.0342724722527137,6.338543794872872,0.507177033492823,6.338543794872872,0.507177033492823,209.0,0.037703610889622964,0.07266739846322723,827.6130769080904
our_vol2,Our vol2 ETAS-enhanced STNPP-GAT,59,2022-04-06,0.09,0.09001001282344055,5124,117.0,0.5598086124401914,0.4401913875598086,0.09001001282344055,1.014832162373146,6.219403762760105,0.5598086124401914,6.219403762760105,0.5598086124401914,209.0,0.04315960912052117,0.08274785323965651,827.6130769080904
our_vol2,Our vol2 ETAS-enhanced STNPP-GAT,59,2022-04-06,0.1,0.10000526990707397,5693,124.0,0.5933014354066986,0.40669856459330145,0.10000526990707397,0.9680504323047797,5.932701706200093,0.5933014354066986,5.932701706200093,0.5933014354066986,209.0,0.0502721151185315,0.09573160021078518,827.6130769080904
our_vol2,Our vol2 ETAS-enhanced STNPP-GAT,60,2022-04-20,0.01,0.010012823440546666,570,31.0,0.15121951219512195,0.848780487804878,0.010012823440546666,2.417153996101365,15.102584510055625,0.15121951219512195,15.102584510055625,0.15121951219512195,205.0,0.026102610261026102,0.05087719298245614,1506.5167757878212
our_vol2,Our vol2 ETAS-enhanced STNPP-GAT,60,2022-04-20,0.02,0.02000808052418009,1139,48.0,0.23414634146341465,0.7658536585365854,0.02000808052418009,1.8729880011706175,11.702588920533632,0.23414634146341465,11.702588920533632,0.23414634146341465,205.0,0.02060931899641577,0.04038630377524144,1506.5167757878212
our_vol2,Our vol2 ETAS-enhanced STNPP-GAT,60,2022-04-20,0.03,0.030003337607813516,1708,63.0,0.3073170731707317,0.6926829268292682,0.030003337607813516,1.639344262295082,10.242762894842063,0.3073170731707317,10.242762894842063,0.3073170731707317,205.0,0.024287856071964018,0.04742388758782201,1506.5167757878212
our_vol2,Our vol2 ETAS-enhanced STNPP-GAT,60,2022-04-20,0.04,0.04001616104836018,2278,69.0,0.33658536585365856,0.6634146341463414,0.04001616104836018,1.3462101258413812,8.411235786633547,0.33658536585365856,8.411235786633547,0.33658536585365856,205.0,0.023130473837862115,0.04521510096575944,1506.5167757878212
our_vol2,Our vol2 ETAS-enhanced STNPP-GAT,60,2022-04-20,0.05,0.050011418131993605,2847,77.0,0.375609756097561,0.624390243902439,0.050011418131993605,1.202045037661476,7.510480008909679,0.375609756097561,7.510480008909679,0.375609756097561,205.0,0.02576112412177986,0.0502283105022831,1506.5167757878212
our_vol2,Our vol2 ETAS-enhanced STNPP-GAT,60,2022-04-20,0.06,0.06000667521562703,3416,83.0,0.40487804878048783,0.5951219512195122,0.06000667521562703,1.0798855061150143,6.747216827554693,0.40487804878048783,6.747216827554693,0.40487804878048783,205.0,0.028296207104154123,0.05503512880562061,1506.5167757878212
our_vol2,Our vol2 ETAS-enhanced STNPP-GAT,60,2022-04-20,0.07,0.07000193229926045,3985,88.0,0.4292682926829268,0.5707317073170732,0.07000193229926045,0.9814582462010317,6.132234905285063,0.4292682926829268,6.132234905285063,0.4292682926829268,205.0,0.031982390262851226,0.06198243412797993,1506.5167757878212
our_vol2,Our vol2 ETAS-enhanced STNPP-GAT,60,2022-04-20,0.08,0.08001475573980713,4555,95.0,0.4634146341463415,0.5365853658536586,0.08001475573980713,0.9269423100378095,5.791614682337823,0.4634146341463415,5.791614682337823,0.4634146341463415,205.0,0.035227272727272725,0.06805708013172337,1506.5167757878212
our_vol2,Our vol2 ETAS-enhanced STNPP-GAT,60,2022-04-20,0.09,0.09001001282344055,5124,104.0,0.5073170731707317,0.4926829268292683,0.09001001282344055,0.9020730332205742,5.6362293177966905,0.5073170731707317,5.6362293177966905,0.5073170731707317,205.0,0.04252288911495422,0.08157689305230288,1506.5167757878212
our_vol2,Our vol2 ETAS-enhanced STNPP-GAT,60,2022-04-20,0.1,0.10000526990707397,5693,108.0,0.526829268292683,0.47317073170731705,0.10000526990707397,0.843140699104163,5.2680150634283445,0.526829268292683,5.2680150634283445,0.526829268292683,205.0,0.04988473951129553,0.0950289829615317,1506.5167757878212
our_vol2,Our vol2 ETAS-enhanced STNPP-GAT,61,2022-05-04,0.01,0.010012823440546666,570,40.0,0.17699115044247787,0.8230088495575221,0.010012823440546666,3.118908382066277,17.67644775655954,0.17699115044247787,17.67644775655954,0.17699115044247787,226.0,0.03260869565217391,0.06315789473684211,1002.5420153115601
our_vol2,Our vol2 ETAS-enhanced STNPP-GAT,61,2022-05-04,0.02,0.02000808052418009,1139,59.0,0.2610619469026549,0.7389380530973451,0.02000808052418009,2.3022144181055504,13.047825681586861,0.2610619469026549,13.047825681586861,0.2610619469026549,226.0,0.025202520252025202,0.04916593503072871,1002.5420153115601
our_vol2,Our vol2 ETAS-enhanced STNPP-GAT,61,2022-05-04,0.03,0.030003337607813516,1708,75.0,0.33185840707964603,0.668141592920354,0.030003337607813516,1.95160031225605,11.060716358210193,0.33185840707964603,11.060716358210193,0.33185840707964603,226.0,0.027986758952753536,0.05444964871194379,1002.5420153115601
our_vol2,Our vol2 ETAS-enhanced STNPP-GAT,61,2022-05-04,0.04,0.04001616104836018,2278,87.0,0.38495575221238937,0.6150442477876106,0.04001616104836018,1.697395376060872,9.620007070322515,0.38495575221238937,9.620007070322515,0.38495575221238937,226.0,0.02658855340243353,0.05179982440737489,1002.5420153115601
our_vol2,Our vol2 ETAS-enhanced STNPP-GAT,61,2022-05-04,0.05,0.050011418131993605,2847,95.0,0.42035398230088494,0.5796460176991151,0.050011418131993605,1.4830425789329897,8.405160221440983,0.42035398230088494,8.405160221440983,0.42035398230088494,226.0,0.02798339050370103,0.054443273621355814,1002.5420153115601
our_vol2,Our vol2 ETAS-enhanced STNPP-GAT,61,2022-05-04,0.06,0.06000667521562703,3416,100.0,0.4424778761061947,0.5575221238938053,0.06000667521562703,1.3010668748373666,7.373810905473462,0.4424778761061947,7.373810905473462,0.4424778761061947,226.0,0.028141459744168547,0.0547423887587822,1002.5420153115601
our_vol2,Our vol2 ETAS-enhanced STNPP-GAT,61,2022-05-04,0.07,0.07000193229926045,3985,109.0,0.4823008849557522,0.5176991150442478,0.07000193229926045,1.2156698731353688,6.88982245367029,0.4823008849557522,6.88982245367029,0.4823008849557522,226.0,0.03305249513933895,0.06398996235884567,1002.5420153115601
our_vol2,Our vol2 ETAS-enhanced STNPP-GAT,61,2022-05-04,0.08,0.08001475573980713,4555,122.0,0.5398230088495575,0.4601769911504425,0.08001475573980713,1.190389071838029,6.746543232662734,0.5398230088495575,6.746543232662734,0.5398230088495575,226.0,0.03581580443433769,0.06915477497255763,1002.5420153115601
our_vol2,Our vol2 ETAS-enhanced STNPP-GAT,61,2022-05-04,0.09,0.09001001282344055,5124,128.0,0.5663716814159292,0.4336283185840708,0.09001001282344055,1.1102437331945527,6.292318639337354,0.5663716814159292,6.292318639337354,0.5663716814159292,226.0,0.04315960912052117,0.08274785323965651,1002.5420153115601
our_vol2,Our vol2 ETAS-enhanced STNPP-GAT,61,2022-05-04,0.1,0.10000526990707397,5693,130.0,0.5752212389380531,0.4247787610619469,0.10000526990707397,1.014891582255011,5.75190926910707,0.5752212389380531,5.75190926910707,0.5752212389380531,226.0,0.04988473951129553,0.0950289829615317,1002.5420153115601
our_vol2,Our vol2 ETAS-enhanced STNPP-GAT,62,2022-05-18,0.01,0.010012823440546666,570,44.0,0.21153846153846154,0.7884615384615384,0.010012823440546666,3.4307992202729047,21.12675438596491,0.21153846153846154,21.12675438596491,0.21153846153846154,208.0,0.03636363636363636,0.07017543859649122,498.9922138662988
our_vol2,Our vol2 ETAS-enhanced STNPP-GAT,62,2022-05-18,0.02,0.02000808052418009,1139,60.0,0.28846153846153844,0.7115384615384616,0.02000808052418009,2.341235001463272,14.417251975417033,0.28846153846153844,14.417251975417033,0.28846153846153844,208.0,0.025664115263394866,0.05004389815627744,498.9922138662988
our_vol2,Our vol2 ETAS-enhanced STNPP-GAT,62,2022-05-18,0.03,0.030003337607813516,1708,70.0,0.33653846153846156,0.6634615384615384,0.030003337607813516,1.8214936247723132,11.216700819672132,0.33653846153846156,11.216700819672132,0.33653846153846156,208.0,0.02675082657048392,0.052107728337236536,498.9922138662988
our_vol2,Our vol2 ETAS-enhanced STNPP-GAT,62,2022-05-18,0.04,0.04001616104836018,2278,81.0,0.3894230769230769,0.6105769230769231,0.04001616104836018,1.5803336259877085,9.731645083406498,0.3894230769230769,9.731645083406498,0.3894230769230769,208.0,0.026126126126126126,0.050921861281826165,498.9922138662988
our_vol2,Our vol2 ETAS-enhanced STNPP-GAT,62,2022-05-18,0.05,0.050011418131993605,2847,90.0,0.4326923076923077,0.5673076923076923,0.050011418131993605,1.4049877063575693,8.651870389884088,0.4326923076923077,8.651870389884088,0.4326923076923077,208.0,0.02779783393501805,0.05409202669476642,498.9922138662988
our_vol2,Our vol2 ETAS-enhanced STNPP-GAT,62,2022-05-18,0.06,0.06000667521562703,3416,100.0,0.4807692307692308,0.5192307692307692,0.06000667521562703,1.3010668748373666,8.011929156908666,0.4807692307692308,8.011929156908666,0.4807692307692308,208.0,0.02891566265060241,0.05620608899297424,498.9922138662988
our_vol2,Our vol2 ETAS-enhanced STNPP-GAT,62,2022-05-18,0.07,0.07000193229926045,3985,110.0,0.5288461538461539,0.47115384615384615,0.07000193229926045,1.2268228077512897,7.5547365119197,0.5288461538461539,7.5547365119197,0.5288461538461539,208.0,0.03399065905552673,0.0657465495608532,498.9922138662988
our_vol2,Our vol2 ETAS-enhanced STNPP-GAT,62,2022-05-18,0.08,0.08001475573980713,4555,116.0,0.5576923076923077,0.4423076923076923,0.08001475573980713,1.131845346993536,6.9698682766191,0.5576923076923077,6.9698682766191,0.5576923076923077,208.0,0.03687684953334851,0.07113062568605928,498.9922138662988
our_vol2,Our vol2 ETAS-enhanced STNPP-GAT,62,2022-05-18,0.09,0.09001001282344055,5124,119.0,0.5721153846153846,0.4278846153846154,0.09001001282344055,1.0321797207043109,6.356130464480874,0.5721153846153846,6.356130464480874,0.5721153846153846,208.0,0.04315960912052117,0.08274785323965651,498.9922138662988
our_vol2,Our vol2 ETAS-enhanced STNPP-GAT,62,2022-05-18,0.1,0.10000526990707397,5693,126.0,0.6057692307692307,0.3942307692307693,0.10000526990707397,0.9836641489548569,6.057373089759354,0.6057692307692307,6.057373089759354,0.6057692307692307,208.0,0.04988473951129553,0.0950289829615317,498.9922138662988
our_vol2,Our vol2 ETAS-enhanced STNPP-GAT,63,2022-06-01,0.01,0.010012823440546666,570,35.0,0.16587677725118483,0.8341232227488151,0.010012823440546666,2.7290448343079925,16.566433857154735,0.16587677725118483,16.566433857154735,0.16587677725118483,211.0,0.02981029810298103,0.05789473684210526,354.68393952711773
our_vol2,Our vol2 ETAS-enhanced STNPP-GAT,63,2022-06-01,0.02,0.02000808052418009,1139,47.0,0.22274881516587677,0.7772511848341233,0.02000808052418009,1.8339674178128962,11.132942757636407,0.22274881516587677,11.132942757636407,0.22274881516587677,211.0,0.020152261531571878,0.03950834064969271,354.68393952711773
our_vol2,Our vol2 ETAS-enhanced STNPP-GAT,63,2022-06-01,0.03,0.030003337607813516,1708,61.0,0.2890995260663507,0.7109004739336493,0.030003337607813516,1.5873015873015872,9.635578876100203,0.2890995260663507,9.635578876100203,0.2890995260663507,211.0,0.022448368751870697,0.043911007025761124,354.68393952711773
our_vol2,Our vol2 ETAS-enhanced STNPP-GAT,63,2022-06-01,0.04,0.04001616104836018,2278,74.0,0.35071090047393366,0.6492890995260663,0.04001616104836018,1.4437615842356843,8.764231532607385,0.35071090047393366,8.764231532607385,0.35071090047393366,211.0,0.02336028751123091,0.0456540825285338,354.68393952711773
our_vol2,Our vol2 ETAS-enhanced STNPP-GAT,63,2022-06-01,0.05,0.050011418131993605,2847,88.0,0.41706161137440756,0.5829383886255924,0.050011418131993605,1.3737657573274011,8.339327836568634,0.41706161137440756,8.339327836568634,0.41706161137440756,211.0,0.02576112412177986,0.0502283105022831,354.68393952711773
our_vol2,Our vol2 ETAS-enhanced STNPP-GAT,63,2022-06-01,0.06,0.06000667521562703,3416,97.0,0.4597156398104265,0.5402843601895735,0.06000667521562703,1.2620348685922456,7.661075008046883,0.4597156398104265,7.661075008046883,0.4597156398104265,211.0,0.026442307692307692,0.05152224824355972,354.68393952711773
our_vol2,Our vol2 ETAS-enhanced STNPP-GAT,63,2022-06-01,0.07,0.07000193229926045,3985,100.0,0.47393364928909953,0.5260663507109005,0.07000193229926045,1.1152934615920815,6.7702938150766805,0.47393364928909953,6.7702938150766805,0.47393364928909953,211.0,0.03171521035598705,0.06148055207026349,354.68393952711773
our_vol2,Our vol2 ETAS-enhanced STNPP-GAT,63,2022-06-01,0.08,0.08001475573980713,4555,106.0,0.5023696682464455,0.49763033175355453,0.08001475573980713,1.0342724722527137,6.278462811035214,0.5023696682464455,6.278462811035214,0.5023696682464455,211.0,0.034521916874858054,0.06673984632272228,354.68393952711773
our_vol2,Our vol2 ETAS-enhanced STNPP-GAT,63,2022-06-01,0.09,0.09001001282344055,5124,111.0,0.5260663507109005,0.47393364928909953,0.09001001282344055,0.9627894873796513,5.844531449437827,0.5260663507109005,5.844531449437827,0.5260663507109005,211.0,0.04051172707889126,0.0778688524590164,354.68393952711773
our_vol2,Our vol2 ETAS-enhanced STNPP-GAT,63,2022-06-01,0.1,0.10000526990707397,5693,115.0,0.5450236966824644,0.4549763033175356,0.10000526990707397,0.8977887073794328,5.4499497595367385,0.5450236966824644,5.4499497595367385,0.5450236966824644,211.0,0.04756647345661975,0.0908132794660109,354.68393952711773
our_vol2,Our vol2 ETAS-enhanced STNPP-GAT,64,2022-06-15,0.01,0.010012823440546666,570,42.0,0.2,0.8,0.010012823440546666,3.274853801169591,19.97438596491228,0.2,19.97438596491228,0.2,210.0,0.035422343324250684,0.06842105263157895,1073.3194383967477
our_vol2,Our vol2 ETAS-enhanced STNPP-GAT,64,2022-06-15,0.02,0.02000808052418009,1139,61.0,0.2904761904761905,0.7095238095238094,0.02000808052418009,2.380255584820993,14.517943893975502,0.2904761904761905,14.517943893975502,0.2904761904761905,210.0,0.02658855340243353,0.05179982440737489,1073.3194383967477
our_vol2,Our vol2 ETAS-enhanced STNPP-GAT,64,2022-06-15,0.03,0.030003337607813516,1708,79.0,0.3761904761904762,0.6238095238095238,0.030003337607813516,2.0556856622430395,12.538287610126018,0.3761904761904762,12.538287610126018,0.3761904761904762,210.0,0.029846246608381068,0.057962529274004686,1073.3194383967477
our_vol2,Our vol2 ETAS-enhanced STNPP-GAT,64,2022-06-15,0.04,0.04001616104836018,2278,91.0,0.43333333333333335,0.5666666666666667,0.04001616104836018,1.7754365427763144,10.82895815042435,0.43333333333333335,10.82895815042435,0.43333333333333335,210.0,0.02774644710128581,0.053994732221246705,1073.3194383967477
our_vol2,Our vol2 ETAS-enhanced STNPP-GAT,64,2022-06-15,0.05,0.050011418131993605,2847,97.0,0.46190476190476193,0.5380952380952381,0.050011418131993605,1.514264527963158,9.23598608393129,0.46190476190476193,9.23598608393129,0.46190476190476193,210.0,0.026871055004508565,0.05233579206181946,1073.3194383967477
our_vol2,Our vol2 ETAS-enhanced STNPP-GAT,64,2022-06-15,0.06,0.06000667521562703,3416,108.0,0.5142857142857142,0.48571428571428577,0.06000667521562703,1.405152224824356,8.570475075276011,0.5142857142857142,8.570475075276011,0.5142857142857142,210.0,0.02891566265060241,0.05620608899297424,1073.3194383967477
our_vol2,Our vol2 ETAS-enhanced STNPP-GAT,64,2022-06-15,0.07,0.07000193229926045,3985,110.0,0.5238095238095238,0.47619047619047616,0.07000193229926045,1.2268228077512897,7.482786640377607,0.5238095238095238,7.482786640377607,0.5238095238095238,210.0,0.03238341968911917,0.06273525721455459,1073.3194383967477
our_vol2,Our vol2 ETAS-enhanced STNPP-GAT,64,2022-06-15,0.08,0.08001475573980713,4555,118.0,0.5619047619047619,0.4380952380952381,0.08001475573980713,1.1513599219417003,7.022514243897339,0.5619047619047619,7.022514243897339,0.5619047619047619,210.0,0.03510964663106465,0.06783754116355653,1073.3194383967477
our_vol2,Our vol2 ETAS-enhanced STNPP-GAT,64,2022-06-15,0.09,0.09001001282344055,5124,126.0,0.6,0.4,0.09001001282344055,1.0928961748633879,6.665925058548009,0.6,6.665925058548009,0.6,210.0,0.04241684467500763,0.08138173302107728,1073.3194383967477
our_vol2,Our vol2 ETAS-enhanced STNPP-GAT,64,2022-06-15,0.1,0.10000526990707397,5693,131.0,0.6238095238095238,0.3761904761904762,0.10000526990707397,1.0226984405800497,6.237766513596481,0.6238095238095238,6.237766513596481,0.6238095238095238,210.0,0.04930421159340153,0.0939750570876515,1073.3194383967477
our_vol2,Our vol2 ETAS-enhanced STNPP-GAT,65,2022-06-29,0.01,0.010012823440546666,570,21.0,0.1065989847715736,0.8934010152284264,0.010012823440546666,1.6374269005847955,10.646246326476088,0.1065989847715736,10.646246326476088,0.1065989847715736,197.0,0.01694915254237288,0.03333333333333333,1626.1901567758375
our_vol2,Our vol2 ETAS-enhanced STNPP-GAT,65,2022-06-29,0.02,0.02000808052418009,1139,44.0,0.2233502538071066,0.7766497461928934,0.02000808052418009,1.7169056677397325,11.163002544756065,0.2233502538071066,11.163002544756065,0.2233502538071066,197.0,0.019695613249776187,0.038630377524143986,1626.1901567758375
our_vol2,Our vol2 ETAS-enhanced STNPP-GAT,65,2022-06-29,0.03,0.030003337607813516,1708,57.0,0.2893401015228426,0.7106598984771574,0.030003337607813516,1.483216237314598,9.643597165919708,0.2893401015228426,9.643597165919708,0.2893401015228426,197.0,0.023673958645489962,0.04625292740046839,1626.1901567758375
our_vol2,Our vol2 ETAS-enhanced STNPP-GAT,65,2022-06-29,0.04,0.04001616104836018,2278,72.0,0.36548223350253806,0.6345177664974619,0.04001616104836018,1.404741000877963,9.13336571843678,0.36548223350253806,9.13336571843678,0.36548223350253806,197.0,0.024280575539568347,0.04741000877963126,1626.1901567758375
our_vol2,Our vol2 ETAS-enhanced STNPP-GAT,65,2022-06-29,0.05,0.050011418131993605,2847,85.0,0.43147208121827413,0.5685279187817258,0.050011418131993605,1.3269328337821487,8.6274714322138,0.43147208121827413,8.6274714322138,0.43147208121827413,197.0,0.025022502250225023,0.048823322795925536,1626.1901567758375
our_vol2,Our vol2 ETAS-enhanced STNPP-GAT,65,2022-06-29,0.06,0.06000667521562703,3416,93.0,0.4720812182741117,0.5279187817258884,0.06000667521562703,1.209992193598751,7.867145056408184,0.4720812182741117,7.867145056408184,0.4720812182741117,197.0,0.027522935779816515,0.05357142857142857,1626.1901567758375
our_vol2,Our vol2 ETAS-enhanced STNPP-GAT,65,2022-06-29,0.07,0.07000193229926045,3985,103.0,0.5228426395939086,0.47715736040609136,0.07000193229926045,1.1487522654398439,7.468974390003122,0.5228426395939086,7.468974390003122,0.5228426395939086,197.0,0.03238341968911917,0.06273525721455459,1626.1901567758375
our_vol2,Our vol2 ETAS-enhanced STNPP-GAT,65,2022-06-29,0.08,0.08001475573980713,4555,107.0,0.5431472081218274,0.4568527918781726,0.08001475573980713,1.044029759726796,6.788088060757687,0.5431472081218274,6.788088060757687,0.5431472081218274,197.0,0.034874474610928095,0.06739846322722283,1626.1901567758375
our_vol2,Our vol2 ETAS-enhanced STNPP-GAT,65,2022-06-29,0.09,0.09001001282344055,5124,118.0,0.5989847715736041,0.4010152284263959,0.09001001282344055,1.0235059415387284,6.654645997535238,0.5989847715736041,6.654645997535238,0.5989847715736041,197.0,0.0429472827193161,0.0823575331772053,1626.1901567758375
our_vol2,Our vol2 ETAS-enhanced STNPP-GAT,65,2022-06-29,0.1,0.10000526990707397,5693,121.0,0.6142131979695431,0.3857868020304569,0.10000526990707397,0.9446298573296641,6.141808312104722,0.6142131979695431,6.141808312104722,0.6142131979695431,197.0,0.04959439528023599,0.0945020200245916,1626.1901567758375
our_vol2,Our vol2 ETAS-enhanced STNPP-GAT,66,2022-07-13,0.01,0.010012823440546666,570,34.0,0.16831683168316833,0.8316831683168316,0.010012823440546666,2.6510721247563356,16.8101268021539,0.16831683168316833,16.8101268021539,0.16831683168316833,202.0,0.02981029810298103,0.05789473684210526,777.7582731486686
our_vol2,Our vol2 ETAS-enhanced STNPP-GAT,66,2022-07-13,0.02,0.02000808052418009,1139,52.0,0.25742574257425743,0.7425742574257426,0.02000808052418009,2.029070334601502,12.866088891593288,0.25742574257425743,12.866088891593288,0.25742574257425743,202.0,0.02244165170556553,0.043898156277436345,777.7582731486686
our_vol2,Our vol2 ETAS-enhanced STNPP-GAT,66,2022-07-13,0.03,0.030003337607813516,1708,68.0,0.33663366336633666,0.6633663366336633,0.030003337607813516,1.7694509497788187,11.219873860922393,0.33663366336633666,11.219873860922393,0.33663366336633666,202.0,0.027059530968129887,0.05269320843091335,777.7582731486686
our_vol2,Our vol2 ETAS-enhanced STNPP-GAT,66,2022-07-13,0.04,0.04001616104836018,2278,73.0,0.3613861386138614,0.6386138613861386,0.04001616104836018,1.4242512925568236,9.031004702752979,0.3613861386138614,9.031004702752979,0.3613861386138614,202.0,0.024971878515185602,0.048726953467954345,777.7582731486686
our_vol2,Our vol2 ETAS-enhanced STNPP-GAT,66,2022-07-13,0.05,0.050011418131993605,2847,86.0,0.42574257425742573,0.5742574257425743,0.050011418131993605,1.342543808297233,8.512907455129074,0.42574257425742573,8.512907455129074,0.42574257425742573,202.0,0.024838012958963283,0.04847207586933614,777.7582731486686
our_vol2,Our vol2 ETAS-enhanced STNPP-GAT,66,2022-07-13,0.06,0.06000667521562703,3416,95.0,0.47029702970297027,0.5297029702970297,0.06000667521562703,1.2360135310954983,7.8374118881443176,0.47029702970297027,7.8374118881443176,0.47029702970297027,202.0,0.027059530968129887,0.05269320843091335,777.7582731486686
our_vol2,Our vol2 ETAS-enhanced STNPP-GAT,66,2022-07-13,0.07,0.07000193229926045,3985,100.0,0.49504950495049505,0.504950495049505,0.07000193229926045,1.1152934615920815,7.07194056921376,0.49504950495049505,7.07194056921376,0.49504950495049505,202.0,0.03184878301398239,0.06173149309912171,777.7582731486686
our_vol2,Our vol2 ETAS-enhanced STNPP-GAT,66,2022-07-13,0.08,0.08001475573980713,4555,106.0,0.5247524752475248,0.4752475247524752,0.08001475573980713,1.0342724722527137,6.5581963026159915,0.5247524752475248,6.5581963026159915,0.5247524752475248,202.0,0.03416959927347032,0.06608122941822174,777.7582731486686
our_vol2,Our vol2 ETAS-enhanced STNPP-GAT,66,2022-07-13,0.09,0.09001001282344055,5124,110.0,0.5445544554455446,0.4554455445544554,0.09001001282344055,0.9541157082140688,6.049931983830701,0.5445544554455446,6.049931983830701,0.5445544554455446,202.0,0.04114599207558671,0.07903981264637003,777.7582731486686
our_vol2,Our vol2 ETAS-enhanced STNPP-GAT,66,2022-07-13,0.1,0.10000526990707397,5693,114.0,0.5643564356435643,0.4356435643564357,0.10000526990707397,0.8899818490543943,5.643266961510836,0.5643564356435643,5.643266961510836,0.5643564356435643,202.0,0.04930421159340153,0.0939750570876515,777.7582731486686
our_vol2,Our vol2 ETAS-enhanced STNPP-GAT,67,2022-07-27,0.01,0.010012823440546666,570,47.0,0.20704845814977973,0.7929515418502202,0.010012823440546666,3.6647173489278755,20.67832908261844,0.20704845814977973,20.67832908261844,0.20704845814977973,227.0,0.0410958904109589,0.07894736842105263,548.2279466251293
our_vol2,Our vol2 ETAS-enhanced STNPP-GAT,67,2022-07-27,0.02,0.02000808052418009,1139,69.0,0.3039647577092511,0.696035242290749,0.02000808052418009,2.6924202516827624,15.192099878941647,0.3039647577092511,15.192099878941647,0.3039647577092511,227.0,0.03123585332729742,0.06057945566286216,548.2279466251293
our_vol2,Our vol2 ETAS-enhanced STNPP-GAT,67,2022-07-27,0.03,0.030003337607813516,1708,83.0,0.3656387665198238,0.6343612334801763,0.030003337607813516,2.1597710122300287,12.186603080605392,0.3656387665198238,12.186603080605392,0.3656387665198238,227.0,0.03202416918429003,0.06206088992974239,548.2279466251293
our_vol2,Our vol2 ETAS-enhanced STNPP-GAT,67,2022-07-27,0.04,0.04001616104836018,2278,95.0,0.4185022026431718,0.5814977973568283,0.04001616104836018,1.8534777094917567,10.458329626807657,0.4185022026431718,10.458329626807657,0.4185022026431718,227.0,0.031002489250961756,0.0601404741000878,548.2279466251293
our_vol2,Our vol2 ETAS-enhanced STNPP-GAT,67,2022-07-27,0.05,0.050011418131993605,2847,104.0,0.4581497797356828,0.5418502202643172,0.050011418131993605,1.6235413495687467,9.16090358658701,0.4581497797356828,9.16090358658701,0.4581497797356828,227.0,0.027612344342176503,0.05374077976817703,548.2279466251293
our_vol2,Our vol2 ETAS-enhanced STNPP-GAT,67,2022-07-27,0.06,0.06000667521562703,3416,114.0,0.5022026431718062,0.4977973568281938,0.06000667521562703,1.483216237314598,8.369112958969968,0.5022026431718062,8.369112958969968,0.5022026431718062,227.0,0.030312170110088976,0.05884074941451991,548.2279466251293
our_vol2,Our vol2 ETAS-enhanced STNPP-GAT,67,2022-07-27,0.07,0.07000193229926045,3985,119.0,0.5242290748898678,0.4757709251101322,0.07000193229926045,1.327199219294577,7.48878006179561,0.5242290748898678,7.48878006179561,0.5242290748898678,227.0,0.03439325113562622,0.06649937264742785,548.2279466251293
our_vol2,Our vol2 ETAS-enhanced STNPP-GAT,67,2022-07-27,0.08,0.08001475573980713,4555,132.0,0.5814977973568282,0.41850220264317184,0.08001475573980713,1.2879619465788512,7.26738202198291,0.5814977973568282,7.26738202198291,0.5814977973568282,227.0,0.0365229263852543,0.07047200878155872,548.2279466251293
our_vol2,Our vol2 ETAS-enhanced STNPP-GAT,67,2022-07-27,0.09,0.09001001282344055,5124,137.0,0.6035242290748899,0.3964757709251101,0.09001001282344055,1.1883077456847948,6.7050788033852955,0.6035242290748899,6.7050788033852955,0.6035242290748899,227.0,0.043478260869565216,0.08333333333333333,548.2279466251293
our_vol2,Our vol2 ETAS-enhanced STNPP-GAT,67,2022-07-27,0.1,0.10000526990707397,5693,141.0,0.6211453744493393,0.37885462555066074,0.10000526990707397,1.100767023830435,6.2111264239026065,0.6211453744493393,6.2111264239026065,0.6211453744493393,227.0,0.05114475627769571,0.09731248902160548,548.2279466251293
our_vol2,Our vol2 ETAS-enhanced STNPP-GAT,68,2022-08-10,0.01,0.010012823440546666,570,26.0,0.15028901734104047,0.8497109826589595,0.010012823440546666,2.0272904483430803,15.009654193286686,0.15028901734104047,15.009654193286686,0.15028901734104047,173.0,0.02242152466367713,0.043859649122807015,431.1960078560823
our_vol2,Our vol2 ETAS-enhanced STNPP-GAT,68,2022-08-10,0.02,0.02000808052418009,1139,51.0,0.2947976878612717,0.7052023121387283,0.02000808052418009,1.990049751243781,14.733931498576483,0.2947976878612717,14.733931498576483,0.2947976878612717,173.0,0.022900763358778626,0.04477611940298507,431.1960078560823
our_vol2,Our vol2 ETAS-enhanced STNPP-GAT,68,2022-08-10,0.03,0.030003337607813516,1708,61.0,0.35260115606936415,0.6473988439306358,0.030003337607813516,1.5873015873015872,11.75206440957886,0.35260115606936415,11.75206440957886,0.35260115606936415,173.0,0.02613397416641634,0.050936768149882905,431.1960078560823
our_vol2,Our vol2 ETAS-enhanced STNPP-GAT,68,2022-08-10,0.04,0.04001616104836018,2278,67.0,0.3872832369942196,0.6127167630057804,0.04001616104836018,1.3071895424836601,9.678170690241414,0.3872832369942196,9.678170690241414,0.3872832369942196,173.0,0.02405034839289728,0.04697102721685689,431.1960078560823
our_vol2,Our vol2 ETAS-enhanced STNPP-GAT,68,2022-08-10,0.05,0.050011418131993605,2847,71.0,0.41040462427745666,0.5895953757225434,0.050011418131993605,1.1083791905709712,8.206218491830972,0.41040462427745666,8.206218491830972,0.41040462427745666,173.0,0.022996766079770033,0.04495960660344222,431.1960078560823
our_vol2,Our vol2 ETAS-enhanced STNPP-GAT,68,2022-08-10,0.06,0.06000667521562703,3416,76.0,0.4393063583815029,0.5606936416184971,0.06000667521562703,0.9888108248763987,7.320958156786831,0.4393063583815029,7.320958156786831,0.4393063583815029,173.0,0.024902490249024904,0.04859484777517564,431.1960078560823
our_vol2,Our vol2 ETAS-enhanced STNPP-GAT,68,2022-08-10,0.07,0.07000193229926045,3985,83.0,0.4797687861271676,0.5202312138728324,0.07000193229926045,0.9256935731214276,6.853650611759416,0.4797687861271676,6.853650611759416,0.4797687861271676,173.0,0.029316802273020793,0.056963613550815556,431.1960078560823
our_vol2,Our vol2 ETAS-enhanced STNPP-GAT,68,2022-08-10,0.08,0.08001475573980713,4555,87.0,0.5028901734104047,0.49710982658959535,0.08001475573980713,0.8488840102451519,6.284967925737455,0.5028901734104047,6.284967925737455,0.5028901734104047,173.0,0.0311262026032824,0.06037321624588365,431.1960078560823
our_vol2,Our vol2 ETAS-enhanced STNPP-GAT,68,2022-08-10,0.09,0.09001001282344055,5124,93.0,0.5375722543352601,0.4624277456647399,0.09001001282344055,0.8066614623991673,5.972360601589257,0.5375722543352601,5.972360601589257,0.5375722543352601,173.0,0.040194884287454324,0.07728337236533958,431.1960078560823
our_vol2,Our vol2 ETAS-enhanced STNPP-GAT,68,2022-08-10,0.1,0.10000526990707397,5693,99.0,0.5722543352601156,0.4277456647398844,0.10000526990707397,0.7728789741788161,5.722241795775971,0.5722543352601156,5.722241795775971,0.5722543352601156,173.0,0.047952139898757476,0.09151589671526436,431.1960078560823
our_vol2,Our vol2 ETAS-enhanced STNPP-GAT,69,2022-08-24,0.01,0.010012823440546666,570,39.0,0.20634920634920634,0.7936507936507937,0.010012823440546666,3.04093567251462,20.608493455861876,0.20634920634920634,20.608493455861876,0.20634920634920634,189.0,0.034482758620689655,0.06666666666666667,1938.7273644455659
our_vol2,Our vol2 ETAS-enhanced STNPP-GAT,69,2022-08-24,0.02,0.02000808052418009,1139,57.0,0.30158730158730157,0.6984126984126984,0.02000808052418009,2.2241732513901082,15.07327508117675,0.30158730158730157,15.07327508117675,0.30158730158730157,189.0,0.024741340530814216,0.048287971905179985,1938.7273644455659
our_vol2,Our vol2 ETAS-enhanced STNPP-GAT,69,2022-08-24,0.03,0.030003337607813516,1708,68.0,0.35978835978835977,0.6402116402116402,0.030003337607813516,1.7694509497788187,11.99161121643557,0.35978835978835977,11.99161121643557,0.35978835978835977,189.0,0.02736842105263158,0.05327868852459016,1938.7273644455659
our_vol2,Our vol2 ETAS-enhanced STNPP-GAT,69,2022-08-24,0.04,0.04001616104836018,2278,80.0,0.42328042328042326,0.5767195767195767,0.04001616104836018,1.5608233343088478,10.577736899071404,0.42328042328042326,10.577736899071404,0.42328042328042326,189.0,0.02681992337164751,0.05223880597014925,1938.7273644455659
our_vol2,Our vol2 ETAS-enhanced STNPP-GAT,69,2022-08-24,0.05,0.050011418131993605,2847,87.0,0.4603174603174603,0.5396825396825398,0.050011418131993605,1.358154782812317,9.20424730013771,0.4603174603174603,9.20424730013771,0.4603174603174603,189.0,0.02576112412177986,0.0502283105022831,1938.7273644455659
our_vol2,Our vol2 ETAS-enhanced STNPP-GAT,69,2022-08-24,0.06,0.06000667521562703,3416,100.0,0.5291005291005291,0.47089947089947093,0.06000667521562703,1.3010668748373666,8.817361188555568,0.5291005291005291,8.817361188555568,0.5291005291005291,189.0,0.028605841613971696,0.05562060889929742,1938.7273644455659
our_vol2,Our vol2 ETAS-enhanced STNPP-GAT,69,2022-08-24,0.07,0.07000193229926045,3985,104.0,0.5502645502645502,0.44973544973544977,0.07000193229926045,1.1599052000557648,7.860705157568395,0.5502645502645502,7.860705157568395,0.5502645502645502,189.0,0.03238341968911917,0.06273525721455459,1938.7273644455659
our_vol2,Our vol2 ETAS-enhanced STNPP-GAT,69,2022-08-24,0.08,0.08001475573980713,4555,112.0,0.5925925925925926,0.40740740740740744,0.08001475573980713,1.092816197097207,7.406041387161035,0.5925925925925926,7.406041387161035,0.5925925925925926,189.0,0.03416959927347032,0.06608122941822174,1938.7273644455659
our_vol2,Our vol2 ETAS-enhanced STNPP-GAT,69,2022-08-24,0.09,0.09001001282344055,5124,120.0,0.6349206349206349,0.3650793650793651,0.09001001282344055,1.0408534998698933,7.0538889508444536,0.6349206349206349,7.0538889508444536,0.6349206349206349,189.0,0.042735042735042736,0.08196721311475409,1938.7273644455659
our_vol2,Our vol2 ETAS-enhanced STNPP-GAT,69,2022-08-24,0.1,0.10000526990707397,5693,123.0,0.6507936507936508,0.3492063492063492,0.10000526990707397,0.9602435739797412,6.507593563802945,0.6507936507936508,6.507593563802945,0.6507936507936508,189.0,0.05007839158904362,0.09538029158615843,1938.7273644455659
our_vol2,Our vol2 ETAS-enhanced STNPP-GAT,70,2022-09-07,0.01,0.010012823440546666,570,37.0,0.18686868686868688,0.8131313131313131,0.010012823440546666,2.8849902534113063,18.662936381357433,0.18686868686868688,18.662936381357433,0.18686868686868688,198.0,0.03074141048824593,0.05964912280701754,1637.6779657245388
our_vol2,Our vol2 ETAS-enhanced STNPP-GAT,70,2022-09-07,0.02,0.02000808052418009,1139,60.0,0.30303030303030304,0.696969696969697,0.02000808052418009,2.341235001463272,15.14539601457951,0.30303030303030304,15.14539601457951,0.30303030303030304,198.0,0.025202520252025202,0.04916593503072871,1637.6779657245388
our_vol2,Our vol2 ETAS-enhanced STNPP-GAT,70,2022-09-07,0.03,0.030003337607813516,1708,74.0,0.37373737373737376,0.6262626262626263,0.030003337607813516,1.9255789747593026,12.456526624559412,0.37373737373737376,12.456526624559412,0.37373737373737376,198.0,0.029225670382645376,0.056791569086651054,1637.6779657245388
our_vol2,Our vol2 ETAS-enhanced STNPP-GAT,70,2022-09-07,0.04,0.04001616104836018,2278,84.0,0.42424242424242425,0.5757575757575757,0.04001616104836018,1.6388645010242902,10.601777210205658,0.42424242424242425,10.601777210205658,0.42424242424242425,198.0,0.028210336267208307,0.05487269534679543,1637.6779657245388
our_vol2,Our vol2 ETAS-enhanced STNPP-GAT,70,2022-09-07,0.05,0.050011418131993605,2847,91.0,0.4595959595959596,0.5404040404040404,0.050011418131993605,1.4205986808726534,9.18982058023154,0.4595959595959596,9.18982058023154,0.4595959595959596,198.0,0.026871055004508565,0.05233579206181946,1637.6779657245388
our_vol2,Our vol2 ETAS-enhanced STNPP-GAT,70,2022-09-07,0.06,0.06000667521562703,3416,98.0,0.494949494949495,0.505050505050505,0.06000667521562703,1.2750455373406193,8.2482406027488,0.494949494949495,8.2482406027488,0.494949494949495,198.0,0.02891566265060241,0.05620608899297424,1637.6779657245388
our_vol2,Our vol2 ETAS-enhanced STNPP-GAT,70,2022-09-07,0.07,0.07000193229926045,3985,100.0,0.5050505050505051,0.4949494949494949,0.07000193229926045,1.1152934615920815,7.214808055460503,0.5050505050505051,7.214808055460503,0.5050505050505051,198.0,0.0325171654359373,0.0629861982434128,1637.6779657245388
our_vol2,Our vol2 ETAS-enhanced STNPP-GAT,70,2022-09-07,0.08,0.08001475573980713,4555,104.0,0.5252525252525253,0.4747474747474747,0.08001475573980713,1.0147578973045495,6.564445774983646,0.5252525252525253,6.564445774983646,0.5252525252525253,198.0,0.0340522133938706,0.06586169045005488,1637.6779657245388
our_vol2,Our vol2 ETAS-enhanced STNPP-GAT,70,2022-09-07,0.09,0.09001001282344055,5124,109.0,0.5505050505050505,0.4494949494949495,0.09001001282344055,0.9454419290484863,6.116042351698089,0.5505050505050505,6.116042351698089,0.5505050505050505,198.0,0.0409344845099035,0.07864949258391882,1637.6779657245388
our_vol2,Our vol2 ETAS-enhanced STNPP-GAT,70,2022-09-07,0.1,0.10000526990707397,5693,116.0,0.5858585858585859,0.41414141414141414,0.10000526990707397,0.9055955657044714,5.858277132824823,0.5858585858585859,5.858277132824823,0.5858585858585859,198.0,0.04988473951129553,0.0950289829615317,1637.6779657245388
our_vol2,Our vol2 ETAS-enhanced STNPP-GAT,71,2022-09-21,0.01,0.010012823440546666,570,31.0,0.1409090909090909,0.8590909090909091,0.010012823440546666,2.417153996101365,14.07286283891547,0.1409090909090909,14.07286283891547,0.1409090909090909,220.0,0.02702702702702703,0.05263157894736842,205.61595407507173
our_vol2,Our vol2 ETAS-enhanced STNPP-GAT,71,2022-09-21,0.02,0.02000808052418009,1139,49.0,0.22272727272727272,0.7772727272727273,0.02000808052418009,1.9120085845283386,11.131866070715938,0.22272727272727272,11.131866070715938,0.22272727272727272,220.0,0.021524663677130046,0.04214223002633889,205.61595407507173
our_vol2,Our vol2 ETAS-enhanced STNPP-GAT,71,2022-09-21,0.03,0.030003337607813516,1708,63.0,0.2863636363636364,0.7136363636363636,0.030003337607813516,1.639344262295082,9.544392697466469,0.2863636363636364,9.544392697466469,0.2863636363636364,220.0,0.025825825825825825,0.05035128805620609,205.61595407507173
our_vol2,Our vol2 ETAS-enhanced STNPP-GAT,71,2022-09-21,0.04,0.04001616104836018,2278,72.0,0.32727272727272727,0.6727272727272727,0.04001616104836018,1.404741000877963,8.178513847872935,0.32727272727272727,8.178513847872935,0.32727272727272727,220.0,0.02405034839289728,0.04697102721685689,205.61595407507173
our_vol2,Our vol2 ETAS-enhanced STNPP-GAT,71,2022-09-21,0.05,0.050011418131993605,2847,80.0,0.36363636363636365,0.6363636363636364,0.050011418131993605,1.2488779612067282,7.271066832710669,0.36363636363636365,7.271066832710669,0.36363636363636365,220.0,0.025022502250225023,0.048823322795925536,205.61595407507173
our_vol2,Our vol2 ETAS-enhanced STNPP-GAT,71,2022-09-21,0.06,0.06000667521562703,3416,90.0,0.4090909090909091,0.5909090909090908,0.06000667521562703,1.17096018735363,6.817423355333192,0.4090909090909091,6.817423355333192,0.4090909090909091,220.0,0.028296207104154123,0.05503512880562061,205.61595407507173
our_vol2,Our vol2 ETAS-enhanced STNPP-GAT,71,2022-09-21,0.07,0.07000193229926045,3985,100.0,0.45454545454545453,0.5454545454545454,0.07000193229926045,1.1152934615920815,6.493327249914452,0.45454545454545453,6.493327249914452,0.45454545454545453,220.0,0.03184878301398239,0.06173149309912171,205.61595407507173
our_vol2,Our vol2 ETAS-enhanced STNPP-GAT,71,2022-09-21,0.08,0.08001475573980713,4555,107.0,0.4863636363636364,0.5136363636363637,0.08001475573980713,1.044029759726796,6.0784243089512024,0.4863636363636364,6.0784243089512024,0.4863636363636364,220.0,0.033700215590604786,0.06520307354555434,205.61595407507173
our_vol2,Our vol2 ETAS-enhanced STNPP-GAT,71,2022-09-21,0.09,0.09001001282344055,5124,119.0,0.5409090909090909,0.4590909090909091,0.09001001282344055,1.0321797207043109,6.009432439145553,0.5409090909090909,6.009432439145553,0.5409090909090909,220.0,0.04220482050238991,0.08099141295862608,205.61595407507173
our_vol2,Our vol2 ETAS-enhanced STNPP-GAT,71,2022-09-21,0.1,0.10000526990707397,5693,125.0,0.5681818181818182,0.43181818181818177,0.10000526990707397,0.9758572906298183,5.681518771058558,0.5681818181818182,5.681518771058558,0.5681818181818182,220.0,0.05075673680324843,0.09660987177235202,205.61595407507173
our_vol2,Our vol2 ETAS-enhanced STNPP-GAT,72,2022-10-05,0.01,0.010012823440546666,570,31.0,0.15816326530612246,0.8418367346938775,0.010012823440546666,2.417153996101365,15.796070533476549,0.15816326530612246,15.796070533476549,0.15816326530612246,196.0,0.02702702702702703,0.05263157894736842,1791.905868293893
our_vol2,Our vol2 ETAS-enhanced STNPP-GAT,72,2022-10-05,0.02,0.02000808052418009,1139,42.0,0.21428571428571427,0.7857142857142857,0.02000808052418009,1.6388645010242902,10.709958610309796,0.21428571428571427,10.709958610309796,0.21428571428571427,196.0,0.018783542039355994,0.03687445127304653,1791.905868293893
our_vol2,Our vol2 ETAS-enhanced STNPP-GAT,72,2022-10-05,0.03,0.030003337607813516,1708,56.0,0.2857142857142857,0.7142857142857143,0.030003337607813516,1.4571948998178506,9.522750083640013,0.2857142857142857,9.522750083640013,0.2857142857142857,196.0,0.023673958645489962,0.04625292740046839,1791.905868293893
our_vol2,Our vol2 ETAS-enhanced STNPP-GAT,72,2022-10-05,0.04,0.04001616104836018,2278,71.0,0.3622448979591837,0.6377551020408163,0.04001616104836018,1.3852307091991025,9.05246501585709,0.3622448979591837,9.05246501585709,0.3622448979591837,196.0,0.023590204448438554,0.046093064091308165,1791.905868293893
our_vol2,Our vol2 ETAS-enhanced STNPP-GAT,72,2022-10-05,0.05,0.050011418131993605,2847,82.0,0.41836734693877553,0.5816326530612245,0.050011418131993605,1.2800999102368964,8.365436585593141,0.41836734693877553,8.365436585593141,0.41836734693877553,196.0,0.02410071942446043,0.047067088162978575,1791.905868293893
our_vol2,Our vol2 ETAS-enhanced STNPP-GAT,72,2022-10-05,0.06,0.06000667521562703,3416,87.0,0.44387755102040816,0.5561224489795918,0.06000667521562703,1.131928181108509,7.397136225684653,0.44387755102040816,7.397136225684653,0.44387755102040816,196.0,0.027059530968129887,0.05269320843091335,1791.905868293893
our_vol2,Our vol2 ETAS-enhanced STNPP-GAT,72,2022-10-05,0.07,0.07000193229926045,3985,98.0,0.5,0.5,0.07000193229926045,1.09298759236024,7.142659974905897,0.5,7.142659974905897,0.5,196.0,0.031448168758897374,0.06097867001254705,1791.905868293893
our_vol2,Our vol2 ETAS-enhanced STNPP-GAT,72,2022-10-05,0.08,0.08001475573980713,4555,99.0,0.5051020408163265,0.4948979591836735,0.08001475573980713,0.9659714599341384,6.312611169605053,0.5051020408163265,6.312611169605053,0.5051020408163265,196.0,0.03299693842839324,0.06388583973655323,1791.905868293893
our_vol2,Our vol2 ETAS-enhanced STNPP-GAT,72,2022-10-05,0.09,0.09001001282344055,5124,106.0,0.5408163265306123,0.4591836734693877,0.09001001282344055,0.919420591551739,6.008401838487152,0.5408163265306123,6.008401838487152,0.5408163265306123,196.0,0.041040227549776515,0.07884465261514442,1791.905868293893
our_vol2,Our vol2 ETAS-enhanced STNPP-GAT,72,2022-10-05,0.1,0.10000526990707397,5693,112.0,0.5714285714285714,0.4285714285714286,0.10000526990707397,0.8743681324043172,5.713984592607463,0.5714285714285714,5.713984592607463,0.5714285714285714,196.0,0.04940092165898618,0.09415071139996486,1791.905868293893
our_vol2,Our vol2 ETAS-enhanced STNPP-GAT,73,2022-10-19,0.01,0.010012823440546666,570,31.0,0.15656565656565657,0.8434343434343434,0.010012823440546666,2.417153996101365,15.636514265461633,0.15656565656565657,15.636514265461633,0.15656565656565657,198.0,0.025179856115107913,0.04912280701754386,1341.4441811039087
our_vol2,Our vol2 ETAS-enhanced STNPP-GAT,73,2022-10-19,0.02,0.02000808052418009,1139,49.0,0.2474747474747475,0.7525252525252525,0.02000808052418009,1.9120085845283386,12.368740078573266,0.2474747474747475,12.368740078573266,0.2474747474747475,198.0,0.021524663677130046,0.04214223002633889,1341.4441811039087
our_vol2,Our vol2 ETAS-enhanced STNPP-GAT,73,2022-10-19,0.03,0.030003337607813516,1708,65.0,0.3282828282828283,0.6717171717171717,0.030003337607813516,1.6913869372885766,10.94154365670759,0.3282828282828283,10.94154365670759,0.3282828282828283,198.0,0.02613397416641634,0.050936768149882905,1341.4441811039087
our_vol2,Our vol2 ETAS-enhanced STNPP-GAT,73,2022-10-19,0.04,0.04001616104836018,2278,67.0,0.3383838383838384,0.6616161616161615,0.04001616104836018,1.3071895424836601,8.45617944147356,0.3383838383838384,8.45617944147356,0.3383838383838384,198.0,0.022900763358778626,0.04477611940298507,1341.4441811039087
our_vol2,Our vol2 ETAS-enhanced STNPP-GAT,73,2022-10-19,0.05,0.050011418131993605,2847,79.0,0.398989898989899,0.601010101010101,0.050011418131993605,1.2332669866916441,7.977976108113094,0.398989898989899,7.977976108113094,0.398989898989899,198.0,0.022996766079770033,0.04495960660344222,1341.4441811039087
our_vol2,Our vol2 ETAS-enhanced STNPP-GAT,73,2022-10-19,0.06,0.06000667521562703,3416,85.0,0.4292929292929293,0.5707070707070707,0.06000667521562703,1.1059068436117616,7.15408623707804,0.4292929292929293,7.15408623707804,0.4292929292929293,198.0,0.026596543951915852,0.05181498829039813,1341.4441811039087
our_vol2,Our vol2 ETAS-enhanced STNPP-GAT,73,2022-10-19,0.07,0.07000193229926045,3985,90.0,0.45454545454545453,0.5454545454545454,0.07000193229926045,1.0037641154328734,6.493327249914452,0.45454545454545453,6.493327249914452,0.45454545454545453,198.0,0.030781169167097777,0.05972396486825596,1341.4441811039087
our_vol2,Our vol2 ETAS-enhanced STNPP-GAT,73,2022-10-19,0.08,0.08001475573980713,4555,100.0,0.5050505050505051,0.4949494949494949,0.08001475573980713,0.9757287474082206,6.311967091330429,0.5050505050505051,6.311967091330429,0.5050505050505051,198.0,0.032879818594104306,0.06366630076838639,1341.4441811039087
our_vol2,Our vol2 ETAS-enhanced STNPP-GAT,73,2022-10-19,0.09,0.09001001282344055,5124,104.0,0.5252525252525253,0.4747474747474747,0.09001001282344055,0.9020730332205742,5.835489950244049,0.5252525252525253,5.835489950244049,0.5252525252525253,198.0,0.04156926516922452,0.07982045277127245,1341.4441811039087
our_vol2,Our vol2 ETAS-enhanced STNPP-GAT,73,2022-10-19,0.1,0.10000526990707397,5693,113.0,0.5707070707070707,0.4292929292929293,0.10000526990707397,0.8821749907293557,5.706769965596595,0.5707070707070707,5.706769965596595,0.5707070707070707,198.0,0.04940092165898618,0.09415071139996486,1341.4441811039087
our_vol2,Our vol2 ETAS-enhanced STNPP-GAT,74,2022-11-02,0.01,0.010012823440546666,570,40.0,0.18691588785046728,0.8130841121495327,0.010012823440546666,3.118908382066277,18.667650434497457,0.18691588785046728,18.667650434497457,0.18691588785046728,214.0,0.034482758620689655,0.06666666666666667,1434.3616344990644
our_vol2,Our vol2 ETAS-enhanced STNPP-GAT,74,2022-11-02,0.02,0.02000808052418009,1139,58.0,0.27102803738317754,0.7289719626168225,0.02000808052418009,2.2631938347478293,13.545928958834196,0.27102803738317754,13.545928958834196,0.27102803738317754,214.0,0.025202520252025202,0.04916593503072871,1434.3616344990644
our_vol2,Our vol2 ETAS-enhanced STNPP-GAT,74,2022-11-02,0.03,0.030003337607813516,1708,69.0,0.32242990654205606,0.677570093457944,0.030003337607813516,1.795472287275566,10.746467968219921,0.32242990654205606,10.746467968219921,0.32242990654205606,214.0,0.027059530968129887,0.05269320843091335,1434.3616344990644
our_vol2,Our vol2 ETAS-enhanced STNPP-GAT,74,2022-11-02,0.04,0.04001616104836018,2278,81.0,0.37850467289719625,0.6214953271028038,0.04001616104836018,1.5803336259877085,9.458795221254913,0.37850467289719625,9.458795221254913,0.37850467289719625,214.0,0.024510906228918373,0.04784899034240562,1434.3616344990644
our_vol2,Our vol2 ETAS-enhanced STNPP-GAT,74,2022-11-02,0.05,0.050011418131993605,2847,90.0,0.4205607476635514,0.5794392523364487,0.050011418131993605,1.4049877063575693,8.409294584560236,0.4205607476635514,8.409294584560236,0.4205607476635514,214.0,0.024653590066582687,0.04812082894274675,1434.3616344990644
our_vol2,Our vol2 ETAS-enhanced STNPP-GAT,74,2022-11-02,0.06,0.06000667521562703,3416,96.0,0.4485981308411215,0.5514018691588785,0.06000667521562703,1.249024199843872,7.475803803979075,0.4485981308411215,7.475803803979075,0.4485981308411215,214.0,0.02783210470889123,0.054156908665105384,1434.3616344990644
our_vol2,Our vol2 ETAS-enhanced STNPP-GAT,74,2022-11-02,0.07,0.07000193229926045,3985,103.0,0.48130841121495327,0.5186915887850467,0.07000193229926045,1.1487522654398439,6.875644648741191,0.48130841121495327,6.875644648741191,0.48130841121495327,214.0,0.03265094584089142,0.06323713927227102,1434.3616344990644
our_vol2,Our vol2 ETAS-enhanced STNPP-GAT,74,2022-11-02,0.08,0.08001475573980713,4555,113.0,0.5280373831775701,0.4719626168224299,0.08001475573980713,1.1025734845712891,6.599250079505935,0.5280373831775701,6.599250079505935,0.5280373831775701,214.0,0.03440445100488248,0.06652030735455543,1434.3616344990644
our_vol2,Our vol2 ETAS-enhanced STNPP-GAT,74,2022-11-02,0.09,0.09001001282344055,5124,120.0,0.5607476635514018,0.4392523364485982,0.09001001282344055,1.0408534998698933,6.229836503315895,0.5607476635514018,6.229836503315895,0.5607476635514018,214.0,0.042098840756558877,0.08079625292740047,1434.3616344990644
our_vol2,Our vol2 ETAS-enhanced STNPP-GAT,74,2022-11-02,0.1,0.10000526990707397,5693,125.0,0.5841121495327103,0.4158878504672897,0.10000526990707397,0.9758572906298183,5.840813689873283,0.5841121495327103,5.840813689873283,0.5841121495327103,214.0,0.0502721151185315,0.09573160021078518,1434.3616344990644
our_vol2,Our vol2 ETAS-enhanced STNPP-GAT,75,2022-11-16,0.01,0.010012823440546666,570,36.0,0.1565217391304348,0.8434782608695652,0.010012823440546666,2.8070175438596494,15.63212814645309,0.1565217391304348,15.63212814645309,0.1565217391304348,230.0,0.03074141048824593,0.05964912280701754,1015.3333531303741
our_vol2,Our vol2 ETAS-enhanced STNPP-GAT,75,2022-11-16,0.02,0.02000808052418009,1139,52.0,0.22608695652173913,0.7739130434782608,0.02000808052418009,2.029070334601502,11.299782417834104,0.22608695652173913,11.299782417834104,0.22608695652173913,230.0,0.02336028751123091,0.0456540825285338,1015.3333531303741
our_vol2,Our vol2 ETAS-enhanced STNPP-GAT,75,2022-11-16,0.03,0.030003337607813516,1708,74.0,0.3217391304347826,0.6782608695652175,0.030003337607813516,1.9255789747593026,10.723444659403318,0.3217391304347826,10.723444659403318,0.3217391304347826,230.0,0.028605841613971696,0.05562060889929742,1015.3333531303741
our_vol2,Our vol2 ETAS-enhanced STNPP-GAT,75,2022-11-16,0.04,0.04001616104836018,2278,87.0,0.3782608695652174,0.6217391304347826,0.04001616104836018,1.697395376060872,9.452702599534298,0.3782608695652174,9.452702599534298,0.3782608695652174,230.0,0.028210336267208307,0.05487269534679543,1015.3333531303741
our_vol2,Our vol2 ETAS-enhanced STNPP-GAT,75,2022-11-16,0.05,0.050011418131993605,2847,97.0,0.4217391304347826,0.5782608695652174,0.050011418131993605,1.514264527963158,8.432856859241612,0.4217391304347826,8.432856859241612,0.4217391304347826,230.0,0.026685899747565814,0.05198454513523006,1015.3333531303741
our_vol2,Our vol2 ETAS-enhanced STNPP-GAT,75,2022-11-16,0.06,0.06000667521562703,3416,103.0,0.44782608695652176,0.5521739130434782,0.06000667521562703,1.3400988810824876,7.462937837287446,0.44782608695652176,7.462937837287446,0.44782608695652176,230.0,0.029846246608381068,0.057962529274004686,1015.3333531303741
our_vol2,Our vol2 ETAS-enhanced STNPP-GAT,75,2022-11-16,0.07,0.07000193229926045,3985,117.0,0.508695652173913,0.491304347826087,0.07000193229926045,1.3048933500627353,7.266880148382521,0.508695652173913,7.266880148382521,0.508695652173913,230.0,0.03412482159076165,0.06599749058971142,1015.3333531303741
our_vol2,Our vol2 ETAS-enhanced STNPP-GAT,75,2022-11-16,0.08,0.08001475573980713,4555,121.0,0.5260869565217391,0.4739130434782609,0.08001475573980713,1.180631784363947,6.57487424235193,0.5260869565217391,6.57487424235193,0.5260869565217391,230.0,0.035227272727272725,0.06805708013172337,1015.3333531303741
our_vol2,Our vol2 ETAS-enhanced STNPP-GAT,75,2022-11-16,0.09,0.09001001282344055,5124,127.0,0.5521739130434783,0.4478260869565217,0.09001001282344055,1.1015699540289703,6.134583206055052,0.5521739130434783,6.134583206055052,0.5521739130434783,230.0,0.04167513722301281,0.08001561280249805,1015.3333531303741
our_vol2,Our vol2 ETAS-enhanced STNPP-GAT,75,2022-11-16,0.1,0.10000526990707397,5693,134.0,0.5826086956521739,0.4173913043478261,0.10000526990707397,1.0461190155551652,5.825779943332392,0.5826086956521739,5.825779943332392,0.5826086956521739,230.0,0.050465910139311745,0.09608290883541191,1015.3333531303741
our_vol2,Our vol2 ETAS-enhanced STNPP-GAT,76,2022-11-30,0.01,0.010012823440546666,570,31.0,0.15577889447236182,0.8442211055276382,0.010012823440546666,2.417153996101365,15.557938816891475,0.15577889447236182,15.557938816891475,0.15577889447236182,199.0,0.02425876010781671,0.04736842105263158,1461.0865475717583
our_vol2,Our vol2 ETAS-enhanced STNPP-GAT,76,2022-11-30,0.02,0.02000808052418009,1139,49.0,0.24623115577889448,0.7537688442211055,0.02000808052418009,1.9120085845283386,12.306585605816617,0.24623115577889448,12.306585605816617,0.24623115577889448,199.0,0.02060931899641577,0.04038630377524144,1461.0865475717583
our_vol2,Our vol2 ETAS-enhanced STNPP-GAT,76,2022-11-30,0.03,0.030003337607813516,1708,62.0,0.31155778894472363,0.6884422110552764,0.030003337607813516,1.6133229247983347,10.384104362562226,0.31155778894472363,10.384104362562226,0.31155778894472363,199.0,0.024287856071964018,0.04742388758782201,1461.0865475717583
our_vol2,Our vol2 ETAS-enhanced STNPP-GAT,76,2022-11-30,0.04,0.04001616104836018,2278,69.0,0.34673366834170855,0.6532663316582914,0.04001616104836018,1.3462101258413812,8.664840885728026,0.34673366834170855,8.664840885728026,0.34673366834170855,199.0,0.023820224719101123,0.046532045654082525,1461.0865475717583
our_vol2,Our vol2 ETAS-enhanced STNPP-GAT,76,2022-11-30,0.05,0.050011418131993605,2847,81.0,0.40703517587939697,0.592964824120603,0.050011418131993605,1.2644889357218123,8.138844909478902,0.40703517587939697,8.138844909478902,0.40703517587939697,199.0,0.023916561769465924,0.04671584123638918,1461.0865475717583
our_vol2,Our vol2 ETAS-enhanced STNPP-GAT,76,2022-11-30,0.06,0.06000667521562703,3416,89.0,0.4472361809045226,0.5527638190954773,0.06000667521562703,1.1579495186052564,7.45310716345192,0.4472361809045226,7.45310716345192,0.4472361809045226,199.0,0.02736842105263158,0.05327868852459016,1461.0865475717583
our_vol2,Our vol2 ETAS-enhanced STNPP-GAT,76,2022-11-30,0.07,0.07000193229926045,3985,99.0,0.49748743718592964,0.5025125628140703,0.07000193229926045,1.1041405269761606,7.106767211212903,0.49748743718592964,7.106767211212903,0.49748743718592964,199.0,0.0322497085869706,0.06248431618569636,1461.0865475717583
our_vol2,Our vol2 ETAS-enhanced STNPP-GAT,76,2022-11-30,0.08,0.08001475573980713,4555,101.0,0.507537688442211,0.49246231155778897,0.08001475573980713,0.9854860348823028,6.34305115037316,0.507537688442211,6.34305115037316,0.507537688442211,199.0,0.033700215590604786,0.06520307354555434,1461.0865475717583
our_vol2,Our vol2 ETAS-enhanced STNPP-GAT,76,2022-11-30,0.09,0.09001001282344055,5124,108.0,0.542713567839196,0.457286432160804,0.09001001282344055,0.9367681498829039,6.029479952455485,0.542713567839196,6.029479952455485,0.542713567839196,199.0,0.04008931289962448,0.07708821233411398,1461.0865475717583
our_vol2,Our vol2 ETAS-enhanced STNPP-GAT,76,2022-11-30,0.1,0.10000526990707397,5693,115.0,0.5778894472361809,0.42211055276381915,0.10000526990707397,0.8977887073794328,5.778589946041467,0.5778894472361809,5.778589946041467,0.5778894472361809,199.0,0.04988473951129553,0.0950289829615317,1461.0865475717583
our_vol2,Our vol2 ETAS-enhanced STNPP-GAT,77,2022-12-14,0.01,0.010012823440546666,570,49.0,0.23333333333333334,0.7666666666666666,0.010012823440546666,3.8206627680311893,23.30345029239766,0.23333333333333334,23.30345029239766,0.23333333333333334,210.0,0.03825136612021858,0.07368421052631578,1314.47873990182
our_vol2,Our vol2 ETAS-enhanced STNPP-GAT,77,2022-12-14,0.02,0.02000808052418009,1139,62.0,0.29523809523809524,0.7047619047619047,0.02000808052418009,2.419276168178714,14.755942974204608,0.29523809523809524,14.755942974204608,0.29523809523809524,210.0,0.025664115263394866,0.05004389815627744,1314.47873990182
our_vol2,Our vol2 ETAS-enhanced STNPP-GAT,77,2022-12-14,0.03,0.030003337607813516,1708,73.0,0.3476190476190476,0.6523809523809524,0.030003337607813516,1.8995576372625553,11.586012601762016,0.3476190476190476,11.586012601762016,0.3476190476190476,210.0,0.02736842105263158,0.05327868852459016,1314.47873990182
our_vol2,Our vol2 ETAS-enhanced STNPP-GAT,77,2022-12-14,0.04,0.04001616104836018,2278,83.0,0.3952380952380952,0.6047619047619048,0.04001616104836018,1.6193542093454296,9.876961829507923,0.3952380952380952,9.876961829507923,0.3952380952380952,210.0,0.026126126126126126,0.050921861281826165,1314.47873990182
our_vol2,Our vol2 ETAS-enhanced STNPP-GAT,77,2022-12-14,0.05,0.050011418131993605,2847,96.0,0.45714285714285713,0.5428571428571429,0.050011418131993605,1.4986535534480738,9.140769732550554,0.45714285714285713,9.140769732550554,0.45714285714285713,210.0,0.025576368876080693,0.049877063575693714,1314.47873990182
our_vol2,Our vol2 ETAS-enhanced STNPP-GAT,77,2022-12-14,0.06,0.06000667521562703,3416,108.0,0.5142857142857142,0.48571428571428577,0.06000667521562703,1.405152224824356,8.570475075276011,0.5142857142857142,8.570475075276011,0.5142857142857142,210.0,0.029691032403918613,0.05766978922716628,1314.47873990182
our_vol2,Our vol2 ETAS-enhanced STNPP-GAT,77,2022-12-14,0.07,0.07000193229926045,3985,110.0,0.5238095238095238,0.47619047619047616,0.07000193229926045,1.2268228077512897,7.482786640377607,0.5238095238095238,7.482786640377607,0.5238095238095238,210.0,0.033588380236026456,0.06499372647427855,1314.47873990182
our_vol2,Our vol2 ETAS-enhanced STNPP-GAT,77,2022-12-14,0.08,0.08001475573980713,4555,114.0,0.5428571428571428,0.4571428571428572,0.08001475573980713,1.1123307720453715,6.784462913595734,0.5428571428571428,6.784462913595734,0.5428571428571428,210.0,0.03381752156150704,0.06542261251372118,1314.47873990182
our_vol2,Our vol2 ETAS-enhanced STNPP-GAT,77,2022-12-14,0.09,0.09001001282344055,5124,122.0,0.580952380952381,0.419047619047619,0.09001001282344055,1.0582010582010581,6.454308390022676,0.580952380952381,6.454308390022676,0.580952380952381,210.0,0.04167513722301281,0.08001561280249805,1314.47873990182
our_vol2,Our vol2 ETAS-enhanced STNPP-GAT,77,2022-12-14,0.1,0.10000526990707397,5693,127.0,0.6047619047619047,0.3952380952380953,0.10000526990707397,0.9914710072798953,6.047300360509565,0.6047619047619047,6.047300360509565,0.6047619047619047,210.0,0.0503690036900369,0.09590725452309855,1314.47873990182
our_vol2,Our vol2 ETAS-enhanced STNPP-GAT,78,2022-12-28,0.01,0.010012823440546666,570,46.0,0.22115384615384615,0.7788461538461539,0.010012823440546666,3.5867446393762186,22.08706140350877,0.22115384615384615,22.08706140350877,0.22115384615384615,208.0,0.03636363636363636,0.07017543859649122,566.8638070487771
our_vol2,Our vol2 ETAS-enhanced STNPP-GAT,78,2022-12-28,0.02,0.02000808052418009,1139,61.0,0.2932692307692308,0.7067307692307692,0.02000808052418009,2.380255584820993,14.657539508340651,0.2932692307692308,14.657539508340651,0.2932692307692308,208.0,0.025202520252025202,0.04916593503072871,566.8638070487771
our_vol2,Our vol2 ETAS-enhanced STNPP-GAT,78,2022-12-28,0.03,0.030003337607813516,1708,68.0,0.3269230769230769,0.6730769230769231,0.030003337607813516,1.7694509497788187,10.896223653395785,0.3269230769230769,10.896223653395785,0.3269230769230769,208.0,0.027059530968129887,0.05269320843091335,566.8638070487771
our_vol2,Our vol2 ETAS-enhanced STNPP-GAT,78,2022-12-28,0.04,0.04001616104836018,2278,82.0,0.3942307692307692,0.6057692307692308,0.04001616104836018,1.599843917666569,9.851788849868306,0.3942307692307692,9.851788849868306,0.3942307692307692,208.0,0.025433265811388703,0.04960491659350307,566.8638070487771
our_vol2,Our vol2 ETAS-enhanced STNPP-GAT,78,2022-12-28,0.05,0.050011418131993605,2847,86.0,0.41346153846153844,0.5865384615384616,0.050011418131993605,1.342543808297233,8.267342817000351,0.41346153846153844,8.267342817000351,0.41346153846153844,208.0,0.02336448598130841,0.045662100456621,566.8638070487771
our_vol2,Our vol2 ETAS-enhanced STNPP-GAT,78,2022-12-28,0.06,0.06000667521562703,3416,95.0,0.4567307692307692,0.5432692307692308,0.06000667521562703,1.2360135310954983,7.611332699063231,0.4567307692307692,7.611332699063231,0.4567307692307692,208.0,0.02736842105263158,0.05327868852459016,566.8638070487771
our_vol2,Our vol2 ETAS-enhanced STNPP-GAT,78,2022-12-28,0.07,0.07000193229926045,3985,101.0,0.4855769230769231,0.5144230769230769,0.07000193229926045,1.1264463962080022,6.936621706398997,0.4855769230769231,6.936621706398997,0.4855769230769231,208.0,0.0315816722754336,0.06122961104140527,566.8638070487771
our_vol2,Our vol2 ETAS-enhanced STNPP-GAT,78,2022-12-28,0.08,0.08001475573980713,4555,104.0,0.5,0.5,0.08001475573980713,1.0147578973045495,6.248847420417124,0.5,6.248847420417124,0.5,208.0,0.03276272531459018,0.06344676180021953,566.8638070487771
our_vol2,Our vol2 ETAS-enhanced STNPP-GAT,78,2022-12-28,0.09,0.09001001282344055,5124,108.0,0.5192307692307693,0.4807692307692307,0.09001001282344055,0.9367681498829039,5.768588992974239,0.5192307692307693,5.768588992974239,0.5192307692307693,208.0,0.04082876294942109,0.07845433255269321,566.8638070487771
our_vol2,Our vol2 ETAS-enhanced STNPP-GAT,78,2022-12-28,0.1,0.10000526990707397,5693,112.0,0.5384615384615384,0.46153846153846156,0.10000526990707397,0.8743681324043172,5.384331635341648,0.5384615384615384,5.384331635341648,0.5384615384615384,208.0,0.04862773991526985,0.09274547690145793,566.8638070487771
our_vol2,Our vol2 ETAS-enhanced STNPP-GAT,79,2023-01-11,0.01,0.010012823440546666,570,30.0,0.14218009478672985,0.8578199052132701,0.010012823440546666,2.339181286549708,14.199800448989771,0.14218009478672985,14.199800448989771,0.14218009478672985,211.0,0.02333931777378815,0.0456140350877193,875.0506132718454
our_vol2,Our vol2 ETAS-enhanced STNPP-GAT,79,2023-01-11,0.02,0.02000808052418009,1139,54.0,0.2559241706161137,0.7440758293838863,0.02000808052418009,2.1071115013169446,12.791040615156723,0.2559241706161137,12.791040615156723,0.2559241706161137,211.0,0.0210667861945316,0.041264266900790166,875.0506132718454
our_vol2,Our vol2 ETAS-enhanced STNPP-GAT,79,2023-01-11,0.03,0.030003337607813516,1708,70.0,0.33175355450236965,0.6682464454976303,0.030003337607813516,1.8214936247723132,11.057221661098593,0.33175355450236965,11.057221661098593,0.33175355450236965,211.0,0.025517862503752625,0.049765807962529274,875.0506132718454
our_vol2,Our vol2 ETAS-enhanced STNPP-GAT,79,2023-01-11,0.04,0.04001616104836018,2278,85.0,0.4028436018957346,0.5971563981042654,0.04001616104836018,1.658374792703151,10.067022706373347,0.4028436018957346,10.067022706373347,0.4028436018957346,211.0,0.02635728767740482,0.051360842844600525,875.0506132718454
our_vol2,Our vol2 ETAS-enhanced STNPP-GAT,79,2023-01-11,0.05,0.050011418131993605,2847,99.0,0.46919431279620855,0.5308056872037914,0.050011418131993605,1.5454864769933263,9.381743816139714,0.46919431279620855,9.381743816139714,0.46919431279620855,211.0,0.025207057976233346,0.04917456972251493,875.0506132718454
our_vol2,Our vol2 ETAS-enhanced STNPP-GAT,79,2023-01-11,0.06,0.06000667521562703,3416,117.0,0.5545023696682464,0.4454976303317536,0.06000667521562703,1.5222482435597189,9.240678102489538,0.5545023696682464,9.240678102489538,0.5545023696682464,211.0,0.030156815440289506,0.0585480093676815,875.0506132718454
our_vol2,Our vol2 ETAS-enhanced STNPP-GAT,79,2023-01-11,0.07,0.07000193229926045,3985,125.0,0.5924170616113744,0.4075829383886256,0.07000193229926045,1.3941168269901019,8.46286726884585,0.5924170616113744,8.46286726884585,0.5924170616113744,211.0,0.03452751817237799,0.06675031367628607,875.0506132718454
our_vol2,Our vol2 ETAS-enhanced STNPP-GAT,79,2023-01-11,0.08,0.08001475573980713,4555,131.0,0.6208530805687204,0.37914691943127965,0.08001475573980713,1.2782046591047689,7.759232341939746,0.6208530805687204,7.759232341939746,0.6208530805687204,211.0,0.03510964663106465,0.06783754116355653,875.0506132718454
our_vol2,Our vol2 ETAS-enhanced STNPP-GAT,79,2023-01-11,0.09,0.09001001282344055,5124,134.0,0.6350710900473934,0.36492890995260663,0.09001001282344055,1.1622864081880475,7.0555604885105305,0.6350710900473934,7.0555604885105305,0.6350710900473934,211.0,0.0436908035441491,0.08372365339578454,875.0506132718454
our_vol2,Our vol2 ETAS-enhanced STNPP-GAT,79,2023-01-11,0.1,0.10000526990707397,5693,142.0,0.6729857819905213,0.3270142180094787,0.10000526990707397,1.1085738821554736,6.729503181341016,0.6729857819905213,6.729503181341016,0.6729857819905213,211.0,0.05163018379975986,0.09819076058317232,875.0506132718454
our_vol2,Our vol2 ETAS-enhanced STNPP-GAT,80,2023-01-25,0.01,0.010012823440546666,570,45.0,0.20089285714285715,0.7991071428571428,0.010012823440546666,3.5087719298245617,20.063557330827066,0.20089285714285715,20.063557330827066,0.20089285714285715,224.0,0.033544877606527655,0.06491228070175438,1045.1240513071866
our_vol2,Our vol2 ETAS-enhanced STNPP-GAT,80,2023-01-25,0.02,0.02000808052418009,1139,67.0,0.29910714285714285,0.7008928571428572,0.02000808052418009,2.6143790849673203,14.949317226890757,0.29910714285714285,14.949317226890757,0.29910714285714285,224.0,0.02751465944970681,0.053555750658472345,1045.1240513071866
our_vol2,Our vol2 ETAS-enhanced STNPP-GAT,80,2023-01-25,0.03,0.030003337607813516,1708,79.0,0.35267857142857145,0.6473214285714286,0.030003337607813516,2.0556856622430395,11.754644634493141,0.35267857142857145,11.754644634493141,0.35267857142857145,224.0,0.029225670382645376,0.056791569086651054,1045.1240513071866
our_vol2,Our vol2 ETAS-enhanced STNPP-GAT,80,2023-01-25,0.04,0.04001616104836018,2278,86.0,0.38392857142857145,0.6160714285714286,0.04001616104836018,1.6778850843820114,9.59433792173586,0.38392857142857145,9.59433792173586,0.38392857142857145,224.0,0.027978339350180504,0.05443371378402107,1045.1240513071866
our_vol2,Our vol2 ETAS-enhanced STNPP-GAT,80,2023-01-25,0.05,0.050011418131993605,2847,93.0,0.41517857142857145,0.5848214285714286,0.050011418131993605,1.4518206299028216,8.301675636007829,0.41517857142857145,8.301675636007829,0.41517857142857145,224.0,0.025945945945945945,0.0505795574288725,1045.1240513071866
our_vol2,Our vol2 ETAS-enhanced STNPP-GAT,80,2023-01-25,0.06,0.06000667521562703,3416,103.0,0.45982142857142855,0.5401785714285714,0.06000667521562703,1.3400988810824876,7.662837957929073,0.45982142857142855,7.662837957929073,0.45982142857142855,224.0,0.029225670382645376,0.056791569086651054,1045.1240513071866
our_vol2,Our vol2 ETAS-enhanced STNPP-GAT,80,2023-01-25,0.07,0.07000193229926045,3985,112.0,0.5,0.5,0.07000193229926045,1.2491286769831313,7.142659974905897,0.5,7.142659974905897,0.5,224.0,0.03278476091745497,0.06348808030112923,1045.1240513071866
our_vol2,Our vol2 ETAS-enhanced STNPP-GAT,80,2023-01-25,0.08,0.08001475573980713,4555,120.0,0.5357142857142857,0.4642857142857143,0.08001475573980713,1.1708744968898646,6.695193664732632,0.5357142857142857,6.695193664732632,0.5357142857142857,224.0,0.03381752156150704,0.06542261251372118,1045.1240513071866
our_vol2,Our vol2 ETAS-enhanced STNPP-GAT,80,2023-01-25,0.09,0.09001001282344055,5124,129.0,0.5758928571428571,0.4241071428571429,0.09001001282344055,1.1189175123601351,6.398097712445633,0.5758928571428571,6.398097712445633,0.5758928571428571,224.0,0.0417810308020738,0.08021077283372366,1045.1240513071866
our_vol2,Our vol2 ETAS-enhanced STNPP-GAT,80,2023-01-25,0.1,0.10000526990707397,5693,137.0,0.6116071428571429,0.3883928571428571,0.10000526990707397,1.069539590530281,6.115749134275176,0.6116071428571429,6.115749134275176,0.6116071428571429,224.0,0.04949764955295419,0.09432636571227823,1045.1240513071866
our_vol2,Our vol2 ETAS-enhanced STNPP-GAT,81,2023-02-08,0.01,0.010012823440546666,570,40.0,0.2127659574468085,0.7872340425531915,0.010012823440546666,3.118908382066277,21.249346771183276,0.2127659574468085,21.249346771183276,0.2127659574468085,188.0,0.034482758620689655,0.06666666666666667,1416.3832773711242
our_vol2,Our vol2 ETAS-enhanced STNPP-GAT,81,2023-02-08,0.02,0.02000808052418009,1139,53.0,0.28191489361702127,0.7180851063829787,0.02000808052418009,2.0680909179592235,14.090051930584874,0.28191489361702127,14.090051930584874,0.28191489361702127,188.0,0.02336028751123091,0.0456540825285338,1416.3832773711242
our_vol2,Our vol2 ETAS-enhanced STNPP-GAT,81,2023-02-08,0.03,0.030003337607813516,1708,63.0,0.3351063829787234,0.6648936170212766,0.030003337607813516,1.639344262295082,11.168970177886292,0.3351063829787234,11.168970177886292,0.3351063829787234,188.0,0.025517862503752625,0.049765807962529274,1416.3832773711242
our_vol2,Our vol2 ETAS-enhanced STNPP-GAT,81,2023-02-08,0.04,0.04001616104836018,2278,71.0,0.3776595744680851,0.6223404255319149,0.04001616104836018,1.3852307091991025,9.437676293127604,0.3776595744680851,9.437676293127604,0.3776595744680851,188.0,0.024280575539568347,0.04741000877963126,1416.3832773711242
our_vol2,Our vol2 ETAS-enhanced STNPP-GAT,81,2023-02-08,0.05,0.050011418131993605,2847,76.0,0.40425531914893614,0.5957446808510638,0.050011418131993605,1.1864340631463919,8.083260468279413,0.40425531914893614,8.083260468279413,0.40425531914893614,188.0,0.023548445083587992,0.0460133473832104,1416.3832773711242
our_vol2,Our vol2 ETAS-enhanced STNPP-GAT,81,2023-02-08,0.06,0.06000667521562703,3416,84.0,0.44680851063829785,0.5531914893617021,0.06000667521562703,1.092896174863388,7.445980118590861,0.44680851063829785,7.445980118590861,0.44680851063829785,188.0,0.027677496991576414,0.053864168618266976,1416.3832773711242
our_vol2,Our vol2 ETAS-enhanced STNPP-GAT,81,2023-02-08,0.07,0.07000193229926045,3985,90.0,0.4787234042553192,0.5212765957446808,0.07000193229926045,1.0037641154328734,6.8387169972503274,0.4787234042553192,6.8387169972503274,0.4787234042553192,188.0,0.031448168758897374,0.06097867001254705,1416.3832773711242
our_vol2,Our vol2 ETAS-enhanced STNPP-GAT,81,2023-02-08,0.08,0.08001475573980713,4555,94.0,0.5,0.5,0.08001475573980713,0.9171850225637274,6.248847420417124,0.5,6.248847420417124,0.5,188.0,0.03252861838376969,0.06300768386388585,1416.3832773711242
our_vol2,Our vol2 ETAS-enhanced STNPP-GAT,81,2023-02-08,0.09,0.09001001282344055,5124,98.0,0.5212765957446809,0.4787234042553191,0.09001001282344055,0.8500303582270795,5.791317870015114,0.5212765957446809,5.791317870015114,0.5212765957446809,188.0,0.040723062861785314,0.07825917252146761,1416.3832773711242
our_vol2,Our vol2 ETAS-enhanced STNPP-GAT,81,2023-02-08,0.1,0.10000526990707397,5693,105.0,0.5585106382978723,0.4414893617021277,0.10000526990707397,0.8197201241290474,5.584812068572454,0.5585106382978723,5.584812068572454,0.5585106382978723,188.0,0.04824157613699134,0.09204285965220446,1416.3832773711242
our_vol2,Our vol2 ETAS-enhanced STNPP-GAT,82,2023-02-22,0.01,0.010012823440546666,570,38.0,0.1890547263681592,0.8109452736318408,0.010012823440546666,2.9629629629629632,18.881260364842454,0.1890547263681592,18.881260364842454,0.1890547263681592,201.0,0.03167420814479638,0.06140350877192982,1049.4074198589835
our_vol2,Our vol2 ETAS-enhanced STNPP-GAT,82,2023-02-22,0.02,0.02000808052418009,1139,50.0,0.24875621890547264,0.7512437810945274,0.02000808052418009,1.9510291678860598,12.432787773162284,0.24875621890547264,12.432787773162284,0.24875621890547264,201.0,0.021524663677130046,0.04214223002633889,1049.4074198589835
our_vol2,Our vol2 ETAS-enhanced STNPP-GAT,82,2023-02-22,0.03,0.030003337607813516,1708,60.0,0.29850746268656714,0.7014925373134329,0.030003337607813516,1.56128024980484,9.949141878429863,0.29850746268656714,9.949141878429863,0.29850746268656714,201.0,0.02459508098380324,0.04800936768149883,1049.4074198589835
our_vol2,Our vol2 ETAS-enhanced STNPP-GAT,82,2023-02-22,0.04,0.04001616104836018,2278,68.0,0.3383084577114428,0.6616915422885572,0.04001616104836018,1.3266998341625207,8.454295685750354,0.3383084577114428,8.454295685750354,0.3383084577114428,201.0,0.023590204448438554,0.046093064091308165,1049.4074198589835
our_vol2,Our vol2 ETAS-enhanced STNPP-GAT,82,2023-02-22,0.05,0.050011418131993605,2847,71.0,0.35323383084577115,0.6467661691542288,0.050011418131993605,1.1083791905709712,7.0630636770485475,0.35323383084577115,7.0630636770485475,0.35323383084577115,201.0,0.022262118491921005,0.04355461889708465,1049.4074198589835
our_vol2,Our vol2 ETAS-enhanced STNPP-GAT,82,2023-02-22,0.06,0.06000667521562703,3416,78.0,0.3880597014925373,0.6119402985074627,0.06000667521562703,1.014832162373146,6.466942220979412,0.3880597014925373,6.466942220979412,0.3880597014925373,201.0,0.025979876858387145,0.0506440281030445,1049.4074198589835
our_vol2,Our vol2 ETAS-enhanced STNPP-GAT,82,2023-02-22,0.07,0.07000193229926045,3985,93.0,0.4626865671641791,0.5373134328358209,0.07000193229926045,1.0372229192806357,6.609625648420383,0.4626865671641791,6.609625648420383,0.4626865671641791,201.0,0.03211603211603212,0.06223337515683814,1049.4074198589835
our_vol2,Our vol2 ETAS-enhanced STNPP-GAT,82,2023-02-22,0.08,0.08001475573980713,4555,105.0,0.5223880597014925,0.4776119402985075,0.08001475573980713,1.0245151847786316,6.5286465586447555,0.5223880597014925,6.5286465586447555,0.5223880597014925,201.0,0.03416959927347032,0.06608122941822174,1049.4074198589835
our_vol2,Our vol2 ETAS-enhanced STNPP-GAT,82,2023-02-22,0.09,0.09001001282344055,5124,112.0,0.5572139303482587,0.4427860696517413,0.09001001282344055,0.9714632665452337,6.190577168800805,0.5572139303482587,6.190577168800805,0.5572139303482587,201.0,0.04241684467500763,0.08138173302107728,1049.4074198589835
our_vol2,Our vol2 ETAS-enhanced STNPP-GAT,82,2023-02-22,0.1,0.10000526990707397,5693,120.0,0.5970149253731343,0.4029850746268657,0.10000526990707397,0.9368229990046255,5.9698346489928715,0.5970149253731343,5.9698346489928715,0.5970149253731343,201.0,0.049981556621173,0.09520463727384507,1049.4074198589835
our_vol2,Our vol2 ETAS-enhanced STNPP-GAT,83,2023-03-08,0.01,0.010012823440546666,570,26.0,0.14054054054054055,0.8594594594594595,0.010012823440546666,2.0272904483430803,14.03605500237079,0.14054054054054055,14.03605500237079,0.14054054054054055,185.0,0.02425876010781671,0.04736842105263158,1105.0578307864632
our_vol2,Our vol2 ETAS-enhanced STNPP-GAT,83,2023-03-08,0.02,0.02000808052418009,1139,34.0,0.1837837837837838,0.8162162162162162,0.02000808052418009,1.3266998341625207,9.185478015328762,0.1837837837837838,9.185478015328762,0.1837837837837838,185.0,0.016057091882247992,0.03160667251975417,1105.0578307864632
our_vol2,Our vol2 ETAS-enhanced STNPP-GAT,83,2023-03-08,0.03,0.030003337607813516,1708,45.0,0.24324324324324326,0.7567567567567568,0.030003337607813516,1.17096018735363,8.10720615228812,0.24324324324324326,8.10720615228812,0.24324324324324326,185.0,0.02092050209205021,0.040983606557377046,1105.0578307864632
our_vol2,Our vol2 ETAS-enhanced STNPP-GAT,83,2023-03-08,0.04,0.04001616104836018,2278,61.0,0.32972972972972975,0.6702702702702703,0.04001616104836018,1.1901277924104965,8.239914101986097,0.32972972972972975,8.239914101986097,0.32972972972972975,185.0,0.022900763358778626,0.04477611940298507,1105.0578307864632
our_vol2,Our vol2 ETAS-enhanced STNPP-GAT,83,2023-03-08,0.05,0.050011418131993605,2847,66.0,0.3567567567567568,0.6432432432432432,0.050011418131993605,1.0303243179955508,7.133506108848575,0.3567567567567568,7.133506108848575,0.3567567567567568,185.0,0.02189519023689878,0.04285212504390586,1105.0578307864632
our_vol2,Our vol2 ETAS-enhanced STNPP-GAT,83,2023-03-08,0.06,0.06000667521562703,3416,70.0,0.3783783783783784,0.6216216216216216,0.06000667521562703,0.9107468123861566,6.305604785112982,0.3783783783783784,6.305604785112982,0.3783783783783784,185.0,0.025363950172594928,0.049473067915690866,1105.0578307864632
our_vol2,Our vol2 ETAS-enhanced STNPP-GAT,83,2023-03-08,0.07,0.07000193229926045,3985,77.0,0.41621621621621624,0.5837837837837838,0.07000193229926045,0.8587759654259027,5.945781816948694,0.41621621621621624,5.945781816948694,0.41621621621621624,185.0,0.030381383322559793,0.05897114178168131,1105.0578307864632
our_vol2,Our vol2 ETAS-enhanced STNPP-GAT,83,2023-03-08,0.08,0.08001475573980713,4555,85.0,0.4594594594594595,0.5405405405405406,0.08001475573980713,0.8293694352969875,5.742184116058979,0.4594594594594595,5.742184116058979,0.4594594594594595,185.0,0.031710079275198186,0.06147091108671789,1105.0578307864632
our_vol2,Our vol2 ETAS-enhanced STNPP-GAT,83,2023-03-08,0.09,0.09001001282344055,5124,91.0,0.4918918918918919,0.508108108108108,0.09001001282344055,0.7893139040680024,5.464857480431251,0.4918918918918919,5.464857480431251,0.4918918918918919,185.0,0.04051172707889126,0.0778688524590164,1105.0578307864632
our_vol2,Our vol2 ETAS-enhanced STNPP-GAT,83,2023-03-08,0.1,0.10000526990707397,5693,95.0,0.5135135135135135,0.4864864864864865,0.10000526990707397,0.7416515408786619,5.134864532545896,0.5135135135135135,5.134864532545896,0.5135135135135135,185.0,0.04804860088365243,0.09169155102757773,1105.0578307864632
our_vol2,Our vol2 ETAS-enhanced STNPP-GAT,84,2023-03-22,0.01,0.010012823440546666,570,31.0,0.1631578947368421,0.8368421052631578,0.010012823440546666,2.417153996101365,16.29489381348107,0.1631578947368421,16.29489381348107,0.1631578947368421,190.0,0.027953110910730387,0.054385964912280704,818.8313813508865
our_vol2,Our vol2 ETAS-enhanced STNPP-GAT,84,2023-03-22,0.02,0.02000808052418009,1139,48.0,0.25263157894736843,0.7473684210526316,0.02000808052418009,1.8729880011706175,12.626477519523128,0.25263157894736843,12.626477519523128,0.25263157894736843,190.0,0.02244165170556553,0.043898156277436345,818.8313813508865
our_vol2,Our vol2 ETAS-enhanced STNPP-GAT,84,2023-03-22,0.03,0.030003337607813516,1708,62.0,0.3263157894736842,0.6736842105263158,0.030003337607813516,1.6133229247983347,10.875982990262543,0.3263157894736842,10.875982990262543,0.3263157894736842,190.0,0.025210084033613446,0.04918032786885246,818.8313813508865
our_vol2,Our vol2 ETAS-enhanced STNPP-GAT,84,2023-03-22,0.04,0.04001616104836018,2278,72.0,0.37894736842105264,0.6210526315789473,0.04001616104836018,1.404741000877963,9.469858139642346,0.37894736842105264,9.469858139642346,0.37894736842105264,190.0,0.025202520252025202,0.04916593503072871,818.8313813508865
our_vol2,Our vol2 ETAS-enhanced STNPP-GAT,84,2023-03-22,0.05,0.050011418131993605,2847,81.0,0.4263157894736842,0.5736842105263158,0.050011418131993605,1.2644889357218123,8.524369142033166,0.4263157894736842,8.524369142033166,0.4263157894736842,190.0,0.024653590066582687,0.04812082894274675,818.8313813508865
our_vol2,Our vol2 ETAS-enhanced STNPP-GAT,84,2023-03-22,0.06,0.06000667521562703,3416,90.0,0.47368421052631576,0.5263157894736843,0.06000667521562703,1.17096018735363,7.893858621964747,0.47368421052631576,7.893858621964747,0.47368421052631576,190.0,0.028760728805902726,0.05591334894613583,818.8313813508865
our_vol2,Our vol2 ETAS-enhanced STNPP-GAT,84,2023-03-22,0.07,0.07000193229926045,3985,102.0,0.5368421052631579,0.4631578947368421,0.07000193229926045,1.1375993308239232,7.668961236214753,0.5368421052631579,7.668961236214753,0.5368421052631579,190.0,0.0351993765424081,0.06800501882057716,818.8313813508865
our_vol2,Our vol2 ETAS-enhanced STNPP-GAT,84,2023-03-22,0.08,0.08001475573980713,4555,110.0,0.5789473684210527,0.42105263157894735,0.08001475573980713,1.0733016221490426,7.235507539430354,0.5789473684210527,7.235507539430354,0.5789473684210527,190.0,0.036169244767970885,0.06981339187705818,818.8313813508865
our_vol2,Our vol2 ETAS-enhanced STNPP-GAT,84,2023-03-22,0.09,0.09001001282344055,5124,119.0,0.6263157894736842,0.37368421052631584,0.09001001282344055,1.0321797207043109,6.958290192694851,0.6263157894736842,6.958290192694851,0.6263157894736842,190.0,0.04475481700479152,0.08567525370804059,818.8313813508865
our_vol2,Our vol2 ETAS-enhanced STNPP-GAT,84,2023-03-22,0.1,0.10000526990707397,5693,128.0,0.6736842105263158,0.3263157894736842,0.10000526990707397,0.9992778656049339,6.736487098653009,0.6736842105263158,6.736487098653009,0.6736842105263158,190.0,0.051727323111029004,0.09836641489548568,818.8313813508865
our_vol2,Our vol2 ETAS-enhanced STNPP-GAT,85,2023-04-05,0.01,0.010012823440546666,570,31.0,0.1791907514450867,0.8208092485549133,0.010012823440546666,2.417153996101365,17.896126153534123,0.1791907514450867,17.896126153534123,0.1791907514450867,173.0,0.026102610261026102,0.05087719298245614,774.9658220660303
our_vol2,Our vol2 ETAS-enhanced STNPP-GAT,85,2023-04-05,0.02,0.02000808052418009,1139,48.0,0.2774566473988439,0.7225433526011561,0.02000808052418009,1.8729880011706175,13.867229645719041,0.2774566473988439,13.867229645719041,0.2774566473988439,173.0,0.02060931899641577,0.04038630377524144,774.9658220660303
our_vol2,Our vol2 ETAS-enhanced STNPP-GAT,85,2023-04-05,0.03,0.030003337607813516,1708,59.0,0.34104046242774566,0.6589595375722543,0.030003337607813516,1.5352589123080926,11.366750822379553,0.34104046242774566,11.366750822379553,0.34104046242774566,173.0,0.023367285799880167,0.04566744730679157,774.9658220660303
our_vol2,Our vol2 ETAS-enhanced STNPP-GAT,85,2023-04-05,0.04,0.04001616104836018,2278,64.0,0.3699421965317919,0.630057803468208,0.04001616104836018,1.2486586674470783,9.244819763812695,0.3699421965317919,9.244819763812695,0.3699421965317919,173.0,0.02244165170556553,0.043898156277436345,774.9658220660303
our_vol2,Our vol2 ETAS-enhanced STNPP-GAT,85,2023-04-05,0.05,0.050011418131993605,2847,74.0,0.4277456647398844,0.5722543352601156,0.050011418131993605,1.1552121141162237,8.552960118246364,0.4277456647398844,8.552960118246364,0.4277456647398844,173.0,0.02244568145088885,0.04390586582367404,774.9658220660303
our_vol2,Our vol2 ETAS-enhanced STNPP-GAT,85,2023-04-05,0.06,0.06000667521562703,3416,83.0,0.4797687861271676,0.5202312138728324,0.06000667521562703,1.0798855061150143,7.995256934385618,0.4797687861271676,7.995256934385618,0.4797687861271676,173.0,0.02690515556891628,0.052400468384074944,774.9658220660303
our_vol2,Our vol2 ETAS-enhanced STNPP-GAT,85,2023-04-05,0.07,0.07000193229926045,3985,88.0,0.5086705202312138,0.49132947976878616,0.07000193229926045,0.9814582462010317,7.266521130540103,0.5086705202312138,7.266521130540103,0.5086705202312138,173.0,0.03278476091745497,0.06348808030112923,774.9658220660303
our_vol2,Our vol2 ETAS-enhanced STNPP-GAT,85,2023-04-05,0.08,0.08001475573980713,4555,93.0,0.5375722543352601,0.4624277456647399,0.08001475573980713,0.9074277350896451,6.718413989581417,0.5375722543352601,6.718413989581417,0.5375722543352601,173.0,0.03416959927347032,0.06608122941822174,774.9658220660303
our_vol2,Our vol2 ETAS-enhanced STNPP-GAT,85,2023-04-05,0.09,0.09001001282344055,5124,97.0,0.5606936416184971,0.4393063583815029,0.09001001282344055,0.8413565790614971,6.229236326388794,0.5606936416184971,6.229236326388794,0.5606936416184971,173.0,0.04220482050238991,0.08099141295862608,774.9658220660303
our_vol2,Our vol2 ETAS-enhanced STNPP-GAT,85,2023-04-05,0.1,0.10000526990707397,5693,101.0,0.5838150289017341,0.4161849710982659,0.10000526990707397,0.7884926908288932,5.837842640135081,0.5838150289017341,5.837842640135081,0.5838150289017341,173.0,0.04988473951129553,0.0950289829615317,774.9658220660303
our_vol2,Our vol2 ETAS-enhanced STNPP-GAT,86,2023-04-19,0.01,0.010012823440546666,570,32.0,0.1509433962264151,0.8490566037735849,0.010012823440546666,2.4951267056530217,15.075008275405493,0.1509433962264151,15.075008275405493,0.1509433962264151,212.0,0.02702702702702703,0.05263157894736842,911.9838016837008
our_vol2,Our vol2 ETAS-enhanced STNPP-GAT,86,2023-04-19,0.02,0.02000808052418009,1139,49.0,0.23113207547169812,0.7688679245283019,0.02000808052418009,1.9120085845283386,11.551936488478805,0.23113207547169812,11.551936488478805,0.23113207547169812,212.0,0.021524663677130046,0.04214223002633889,911.9838016837008
our_vol2,Our vol2 ETAS-enhanced STNPP-GAT,86,2023-04-19,0.03,0.030003337607813516,1708,65.0,0.30660377358490565,0.6933962264150944,0.030003337607813516,1.6913869372885766,10.218988886925013,0.30660377358490565,10.218988886925013,0.30660377358490565,212.0,0.025517862503752625,0.049765807962529274,911.9838016837008
our_vol2,Our vol2 ETAS-enhanced STNPP-GAT,86,2023-04-19,0.04,0.04001616104836018,2278,76.0,0.3584905660377358,0.6415094339622642,0.04001616104836018,1.4827821675934054,8.958644623718257,0.3584905660377358,8.958644623718257,0.3584905660377358,212.0,0.02658855340243353,0.05179982440737489,911.9838016837008
our_vol2,Our vol2 ETAS-enhanced STNPP-GAT,86,2023-04-19,0.05,0.050011418131993605,2847,89.0,0.419811320754717,0.5801886792452831,0.050011418131993605,1.3893767318424852,8.394309468424227,0.419811320754717,8.394309468424227,0.419811320754717,212.0,0.02576112412177986,0.0502283105022831,911.9838016837008
our_vol2,Our vol2 ETAS-enhanced STNPP-GAT,86,2023-04-19,0.06,0.06000667521562703,3416,103.0,0.4858490566037736,0.5141509433962264,0.06000667521562703,1.3400988810824876,8.096583502717511,0.4858490566037736,8.096583502717511,0.4858490566037736,212.0,0.030778515389257695,0.059718969555035126,911.9838016837008
our_vol2,Our vol2 ETAS-enhanced STNPP-GAT,86,2023-04-19,0.07,0.07000193229926045,3985,107.0,0.5047169811320755,0.4952830188679245,0.07000193229926045,1.1933640039035271,7.210043559574822,0.5047169811320755,7.210043559574822,0.5047169811320755,212.0,0.0351993765424081,0.06800501882057716,911.9838016837008
our_vol2,Our vol2 ETAS-enhanced STNPP-GAT,86,2023-04-19,0.08,0.08001475573980713,4555,111.0,0.5235849056603774,0.4764150943396226,0.08001475573980713,1.083058909623125,6.543604374210385,0.5235849056603774,6.543604374210385,0.5235849056603774,212.0,0.035580311469819256,0.06871569703622393,911.9838016837008
our_vol2,Our vol2 ETAS-enhanced STNPP-GAT,86,2023-04-19,0.09,0.09001001282344055,5124,117.0,0.5518867924528302,0.44811320754716977,0.09001001282344055,1.014832162373146,6.1313933321550085,0.5518867924528302,6.1313933321550085,0.5518867924528302,212.0,0.04326580474396824,0.08294301327088212,911.9838016837008
our_vol2,Our vol2 ETAS-enhanced STNPP-GAT,86,2023-04-19,0.1,0.10000526990707397,5693,126.0,0.5943396226415094,0.4056603773584906,0.10000526990707397,0.9836641489548569,5.943083031462008,0.5943396226415094,5.943083031462008,0.5943396226415094,212.0,0.051824480369515015,0.09854206920779905,911.9838016837008
our_vol2,Our vol2 ETAS-enhanced STNPP-GAT,87,2023-05-03,0.01,0.010012823440546666,570,27.0,0.17307692307692307,0.8269230769230769,0.010012823440546666,2.105263157894737,17.285526315789472,0.17307692307692307,17.285526315789472,0.17307692307692307,156.0,0.025179856115107913,0.04912280701754386,2267.094680445476
our_vol2,Our vol2 ETAS-enhanced STNPP-GAT,87,2023-05-03,0.02,0.02000808052418009,1139,39.0,0.25,0.75,0.02000808052418009,1.5218027509511267,12.494951712028096,0.25,12.494951712028096,0.25,156.0,0.018328118015198926,0.035996488147497806,2267.094680445476
our_vol2,Our vol2 ETAS-enhanced STNPP-GAT,87,2023-05-03,0.03,0.030003337607813516,1708,55.0,0.3525641025641026,0.6474358974358974,0.030003337607813516,1.4311735623211033,11.75082943013271,0.3525641025641026,11.75082943013271,0.3525641025641026,156.0,0.023060796645702306,0.045081967213114756,2267.094680445476
our_vol2,Our vol2 ETAS-enhanced STNPP-GAT,87,2023-05-03,0.04,0.04001616104836018,2278,59.0,0.3782051282051282,0.6217948717948718,0.04001616104836018,1.1511072090527752,9.451309628328945,0.3782051282051282,9.451309628328945,0.3782051282051282,156.0,0.023130473837862115,0.04521510096575944,2267.094680445476
our_vol2,Our vol2 ETAS-enhanced STNPP-GAT,87,2023-05-03,0.05,0.050011418131993605,2847,64.0,0.41025641025641024,0.5897435897435898,0.050011418131993605,0.9991023689653826,8.203254888186395,0.41025641025641024,8.203254888186395,0.41025641025641024,156.0,0.02244568145088885,0.04390586582367404,2267.094680445476
our_vol2,Our vol2 ETAS-enhanced STNPP-GAT,87,2023-05-03,0.06,0.06000667521562703,3416,70.0,0.44871794871794873,0.5512820512820513,0.06000667521562703,0.9107468123861566,7.477800546448088,0.44871794871794873,7.477800546448088,0.44871794871794873,156.0,0.02613397416641634,0.050936768149882905,2267.094680445476
our_vol2,Our vol2 ETAS-enhanced STNPP-GAT,87,2023-05-03,0.07,0.07000193229926045,3985,74.0,0.47435897435897434,0.5256410256410257,0.07000193229926045,0.8253171615781403,6.776369719782518,0.47435897435897434,6.776369719782518,0.47435897435897434,156.0,0.031181265364212705,0.060476787954830614,2267.094680445476
our_vol2,Our vol2 ETAS-enhanced STNPP-GAT,87,2023-05-03,0.08,0.08001475573980713,4555,84.0,0.5384615384615384,0.46153846153846156,0.08001475573980713,0.8196121478229053,6.729527991218441,0.5384615384615384,6.729527991218441,0.5384615384615384,156.0,0.033114084826491266,0.06410537870472009,2267.094680445476
our_vol2,Our vol2 ETAS-enhanced STNPP-GAT,87,2023-05-03,0.09,0.09001001282344055,5124,85.0,0.5448717948717948,0.4551282051282052,0.09001001282344055,0.7372712290745077,6.0534575852198795,0.5448717948717948,6.0534575852198795,0.5448717948717948,156.0,0.040723062861785314,0.07825917252146761,2267.094680445476
our_vol2,Our vol2 ETAS-enhanced STNPP-GAT,87,2023-05-03,0.1,0.10000526990707397,5693,91.0,0.5833333333333334,0.41666666666666663,0.10000526990707397,0.7104241075785077,5.833025938286785,0.5833333333333334,5.833025938286785,0.5833333333333334,156.0,0.049014188317670904,0.0934480941507114,2267.094680445476
our_vol2,Our vol2 ETAS-enhanced STNPP-GAT,88,2023-05-17,0.01,0.010012823440546666,570,31.0,0.16666666666666666,0.8333333333333334,0.010012823440546666,2.417153996101365,16.6453216374269,0.16666666666666666,16.6453216374269,0.16666666666666666,186.0,0.02702702702702703,0.05263157894736842,963.8314312292991
our_vol2,Our vol2 ETAS-enhanced STNPP-GAT,88,2023-05-17,0.02,0.02000808052418009,1139,43.0,0.23118279569892472,0.7688172043010753,0.02000808052418009,1.6778850843820114,11.554471475638884,0.23118279569892472,11.554471475638884,0.23118279569892472,186.0,0.01923937360178971,0.03775241439859526,963.8314312292991
our_vol2,Our vol2 ETAS-enhanced STNPP-GAT,88,2023-05-17,0.03,0.030003337607813516,1708,60.0,0.3225806451612903,0.6774193548387097,0.030003337607813516,1.56128024980484,10.751492029916143,0.3225806451612903,10.751492029916143,0.3225806451612903,186.0,0.023673958645489962,0.04625292740046839,963.8314312292991
our_vol2,Our vol2 ETAS-enhanced STNPP-GAT,88,2023-05-17,0.04,0.04001616104836018,2278,68.0,0.3655913978494624,0.6344086021505376,0.04001616104836018,1.3266998341625207,9.13609372492377,0.3655913978494624,9.13609372492377,0.3655913978494624,186.0,0.025202520252025202,0.04916593503072871,963.8314312292991
our_vol2,Our vol2 ETAS-enhanced STNPP-GAT,88,2023-05-17,0.05,0.050011418131993605,2847,75.0,0.4032258064516129,0.5967741935483871,0.050011418131993605,1.1708230886313078,8.062674915304168,0.4032258064516129,8.062674915304168,0.4032258064516129,186.0,0.025576368876080693,0.049877063575693714,963.8314312292991
our_vol2,Our vol2 ETAS-enhanced STNPP-GAT,88,2023-05-17,0.06,0.06000667521562703,3416,80.0,0.43010752688172044,0.5698924731182795,0.06000667521562703,1.0408534998698933,7.167661353277429,0.43010752688172044,7.167661353277429,0.43010752688172044,186.0,0.02845100105374078,0.055327868852459015,963.8314312292991
our_vol2,Our vol2 ETAS-enhanced STNPP-GAT,88,2023-05-17,0.07,0.07000193229926045,3985,84.0,0.45161290322580644,0.5483870967741935,0.07000193229926045,0.9368465077373485,6.451434816044037,0.45161290322580644,6.451434816044037,0.45161290322580644,186.0,0.031982390262851226,0.06198243412797993,963.8314312292991
our_vol2,Our vol2 ETAS-enhanced STNPP-GAT,88,2023-05-17,0.08,0.08001475573980713,4555,87.0,0.46774193548387094,0.532258064516129,0.08001475573980713,0.8488840102451519,5.845695973938599,0.46774193548387094,5.845695973938599,0.46774193548387094,186.0,0.032879818594104306,0.06366630076838639,963.8314312292991
our_vol2,Our vol2 ETAS-enhanced STNPP-GAT,88,2023-05-17,0.09,0.09001001282344055,5124,97.0,0.521505376344086,0.478494623655914,0.09001001282344055,0.8413565790614971,5.7938595938992545,0.521505376344086,5.7938595938992545,0.521505376344086,186.0,0.040406091370558374,0.07767369242779079,963.8314312292991
our_vol2,Our vol2 ETAS-enhanced STNPP-GAT,88,2023-05-17,0.1,0.10000526990707397,5693,106.0,0.5698924731182796,0.4301075268817204,0.10000526990707397,0.827526982454086,5.698624418971422,0.5698924731182796,5.698624418971422,0.5698924731182796,186.0,0.049207519351271656,0.09379940277533813,963.8314312292991
our_vol2,Our vol2 ETAS-enhanced STNPP-GAT,89,2023-05-31,0.01,0.010012823440546666,570,43.0,0.22994652406417113,0.7700534759358288,0.010012823440546666,3.352826510721248,22.965203114738717,0.22994652406417113,22.965203114738717,0.22994652406417113,187.0,0.03636363636363636,0.07017543859649122,124.61498425242863
our_vol2,Our vol2 ETAS-enhanced STNPP-GAT,89,2023-05-31,0.02,0.02000808052418009,1139,61.0,0.32620320855614976,0.6737967914438503,0.02000808052418009,2.380255584820993,16.303573356870885,0.32620320855614976,16.303573356870885,0.32620320855614976,187.0,0.02658855340243353,0.05179982440737489,124.61498425242863
our_vol2,Our vol2 ETAS-enhanced STNPP-GAT,89,2023-05-31,0.03,0.030003337607813516,1708,73.0,0.39037433155080214,0.6096256684491979,0.030003337607813516,1.8995576372625553,13.011030194492104,0.39037433155080214,13.011030194492104,0.39037433155080214,187.0,0.027059530968129887,0.05269320843091335,124.61498425242863
our_vol2,Our vol2 ETAS-enhanced STNPP-GAT,89,2023-05-31,0.04,0.04001616104836018,2278,80.0,0.42780748663101603,0.572192513368984,0.04001616104836018,1.5608233343088478,10.690867774997301,0.42780748663101603,10.690867774997301,0.42780748663101603,187.0,0.027282976324689966,0.05311676909569798,124.61498425242863
our_vol2,Our vol2 ETAS-enhanced STNPP-GAT,89,2023-05-31,0.05,0.050011418131993605,2847,82.0,0.4385026737967914,0.5614973262032086,0.050011418131993605,1.2800999102368964,8.768051180621688,0.4385026737967914,8.768051180621688,0.4385026737967914,187.0,0.02650081124932396,0.051633298208640675,124.61498425242863
our_vol2,Our vol2 ETAS-enhanced STNPP-GAT,89,2023-05-31,0.06,0.06000667521562703,3416,88.0,0.47058823529411764,0.5294117647058824,0.06000667521562703,1.1449388498568827,7.842264774762364,0.47058823529411764,7.842264774762364,0.47058823529411764,187.0,0.029691032403918613,0.05766978922716628,124.61498425242863
our_vol2,Our vol2 ETAS-enhanced STNPP-GAT,89,2023-05-31,0.07,0.07000193229926045,3985,96.0,0.5133689839572193,0.4866310160427807,0.07000193229926045,1.0706817231283983,7.333640188138676,0.5133689839572193,7.333640188138676,0.5133689839572193,187.0,0.03318641431164117,0.06424090338770388,124.61498425242863
our_vol2,Our vol2 ETAS-enhanced STNPP-GAT,89,2023-05-31,0.08,0.08001475573980713,4555,102.0,0.5454545454545454,0.4545454545454546,0.08001475573980713,0.9952433223563849,6.816924458636862,0.5454545454545454,6.816924458636862,0.5454545454545454,187.0,0.03416959927347032,0.06608122941822174,124.61498425242863
our_vol2,Our vol2 ETAS-enhanced STNPP-GAT,89,2023-05-31,0.09,0.09001001282344055,5124,107.0,0.5721925133689839,0.4278074866310161,0.09001001282344055,0.9280943707173215,6.356987355299794,0.5721925133689839,6.356987355299794,0.5721925133689839,187.0,0.040300477108922955,0.07747853239656519,124.61498425242863
our_vol2,Our vol2 ETAS-enhanced STNPP-GAT,89,2023-05-31,0.1,0.10000526990707397,5693,107.0,0.5721925133689839,0.4278074866310161,0.10000526990707397,0.8353338407791244,5.721623609442499,0.5721925133689839,5.721623609442499,0.5721925133689839,187.0,0.048724325320070004,0.0929211312137713,124.61498425242863
our_vol2,Our vol2 ETAS-enhanced STNPP-GAT,90,2023-06-14,0.01,0.010012823440546666,570,37.0,0.2138728323699422,0.7861271676300579,0.010012823440546666,2.8849902534113063,21.359892505831052,0.2138728323699422,21.359892505831052,0.2138728323699422,173.0,0.03260869565217391,0.06315789473684211,969.1954074793018
our_vol2,Our vol2 ETAS-enhanced STNPP-GAT,90,2023-06-14,0.02,0.02000808052418009,1139,49.0,0.2832369942196532,0.7167630057803468,0.02000808052418009,1.9120085845283386,14.15613026333819,0.2832369942196532,14.15613026333819,0.2832369942196532,173.0,0.022900763358778626,0.04477611940298507,969.1954074793018
our_vol2,Our vol2 ETAS-enhanced STNPP-GAT,90,2023-06-14,0.03,0.030003337607813516,1708,59.0,0.34104046242774566,0.6589595375722543,0.030003337607813516,1.5352589123080926,11.366750822379553,0.34104046242774566,11.366750822379553,0.34104046242774566,173.0,0.024287856071964018,0.04742388758782201,969.1954074793018
our_vol2,Our vol2 ETAS-enhanced STNPP-GAT,90,2023-06-14,0.04,0.04001616104836018,2278,68.0,0.3930635838150289,0.6069364161849711,0.04001616104836018,1.3266998341625207,9.822620999050988,0.3930635838150289,9.822620999050988,0.3930635838150289,173.0,0.024741340530814216,0.048287971905179985,969.1954074793018
our_vol2,Our vol2 ETAS-enhanced STNPP-GAT,90,2023-06-14,0.05,0.050011418131993605,2847,72.0,0.4161849710982659,0.5838150289017341,0.050011418131993605,1.1239901650860553,8.321799033969436,0.4161849710982659,8.321799033969436,0.4161849710982659,173.0,0.026871055004508565,0.05233579206181946,969.1954074793018
our_vol2,Our vol2 ETAS-enhanced STNPP-GAT,90,2023-06-14,0.06,0.06000667521562703,3416,76.0,0.4393063583815029,0.5606936416184971,0.06000667521562703,0.9888108248763987,7.320958156786831,0.4393063583815029,7.320958156786831,0.4393063583815029,173.0,0.027677496991576414,0.053864168618266976,969.1954074793018
our_vol2,Our vol2 ETAS-enhanced STNPP-GAT,90,2023-06-14,0.07,0.07000193229926045,3985,86.0,0.49710982658959535,0.5028901734104047,0.07000193229926045,0.9591523769691901,7.101372923027828,0.49710982658959535,7.101372923027828,0.49710982658959535,173.0,0.03211603211603212,0.06223337515683814,969.1954074793018
our_vol2,Our vol2 ETAS-enhanced STNPP-GAT,90,2023-06-14,0.08,0.08001475573980713,4555,94.0,0.5433526011560693,0.4566473988439307,0.08001475573980713,0.9171850225637274,6.790655000222076,0.5433526011560693,6.790655000222076,0.5433526011560693,173.0,0.032879818594104306,0.06366630076838639,969.1954074793018
our_vol2,Our vol2 ETAS-enhanced STNPP-GAT,90,2023-06-14,0.09,0.09001001282344055,5124,99.0,0.5722543352601156,0.4277456647398844,0.09001001282344055,0.8587041373926619,6.357674188788564,0.5722543352601156,6.357674188788564,0.5722543352601156,173.0,0.040406091370558374,0.07767369242779079,969.1954074793018
our_vol2,Our vol2 ETAS-enhanced STNPP-GAT,90,2023-06-14,0.1,0.10000526990707397,5693,102.0,0.5895953757225434,0.4104046242774566,0.10000526990707397,0.7962995491539318,5.895643062314638,0.5895953757225434,5.895643062314638,0.5895953757225434,173.0,0.04862773991526985,0.09274547690145793,969.1954074793018
our_vol2,Our vol2 ETAS-enhanced STNPP-GAT,91,2023-06-28,0.01,0.010012823440546666,570,26.0,0.1326530612244898,0.8673469387755102,0.010012823440546666,2.0272904483430803,13.248317221625491,0.1326530612244898,13.248317221625491,0.1326530612244898,196.0,0.02242152466367713,0.043859649122807015,1674.6058356091435
our_vol2,Our vol2 ETAS-enhanced STNPP-GAT,91,2023-06-28,0.02,0.02000808052418009,1139,43.0,0.2193877551020408,0.7806122448979592,0.02000808052418009,1.6778850843820114,10.96495762484098,0.2193877551020408,10.96495762484098,0.2193877551020408,196.0,0.020152261531571878,0.03950834064969271,1674.6058356091435
our_vol2,Our vol2 ETAS-enhanced STNPP-GAT,91,2023-06-28,0.03,0.030003337607813516,1708,54.0,0.2755102040816326,0.7244897959183674,0.030003337607813516,1.405152224824356,9.182651866367154,0.2755102040816326,9.182651866367154,0.2755102040816326,196.0,0.022142429682824656,0.04332552693208431,1674.6058356091435
our_vol2,Our vol2 ETAS-enhanced STNPP-GAT,91,2023-06-28,0.04,0.04001616104836018,2278,67.0,0.34183673469387754,0.6581632653061225,0.04001616104836018,1.3071895424836601,8.542466986794718,0.34183673469387754,8.542466986794718,0.34183673469387754,196.0,0.02405034839289728,0.04697102721685689,1674.6058356091435
our_vol2,Our vol2 ETAS-enhanced STNPP-GAT,91,2023-06-28,0.05,0.050011418131993605,2847,76.0,0.3877551020408163,0.6122448979591837,0.050011418131993605,1.1864340631463919,7.753331469574131,0.3877551020408163,7.753331469574131,0.3877551020408163,196.0,0.024284943335132217,0.04741833508956796,1674.6058356091435
our_vol2,Our vol2 ETAS-enhanced STNPP-GAT,91,2023-06-28,0.06,0.06000667521562703,3416,82.0,0.41836734693877553,0.5816326530612245,0.06000667521562703,1.0668748373666406,6.972013454093581,0.41836734693877553,6.972013454093581,0.41836734693877553,196.0,0.02845100105374078,0.055327868852459015,1674.6058356091435
our_vol2,Our vol2 ETAS-enhanced STNPP-GAT,91,2023-06-28,0.07,0.07000193229926045,3985,89.0,0.45408163265306123,0.5459183673469388,0.07000193229926045,0.9926111808169525,6.486701405781886,0.45408163265306123,6.486701405781886,0.45408163265306123,196.0,0.03184878301398239,0.06173149309912171,1674.6058356091435
our_vol2,Our vol2 ETAS-enhanced STNPP-GAT,91,2023-06-28,0.08,0.08001475573980713,4555,94.0,0.47959183673469385,0.5204081632653061,0.08001475573980713,0.9171850225637274,5.993792423665404,0.47959183673469385,5.993792423665404,0.47959183673469385,196.0,0.032879818594104306,0.06366630076838639,1674.6058356091435
our_vol2,Our vol2 ETAS-enhanced STNPP-GAT,91,2023-06-28,0.09,0.09001001282344055,5124,98.0,0.5,0.5,0.09001001282344055,0.8500303582270795,5.554937548790008,0.5,5.554937548790008,0.5,196.0,0.04061738424045491,0.078064012490242,1674.6058356091435
our_vol2,Our vol2 ETAS-enhanced STNPP-GAT,91,2023-06-28,0.1,0.10000526990707397,5693,101.0,0.5153061224489796,0.48469387755102045,0.10000526990707397,0.7884926908288932,5.152789677262087,0.5153061224489796,5.152789677262087,0.5153061224489796,196.0,0.04862773991526985,0.09274547690145793,1674.6058356091435
our_vol2,Our vol2 ETAS-enhanced STNPP-GAT,92,2023-07-12,0.01,0.010012823440546666,570,34.0,0.1452991452991453,0.8547008547008547,0.010012823440546666,2.6510721247563356,14.511306042884991,0.1452991452991453,14.511306042884991,0.1452991452991453,234.0,0.02981029810298103,0.05789473684210526,1396.2421013893002
our_vol2,Our vol2 ETAS-enhanced STNPP-GAT,92,2023-07-12,0.02,0.02000808052418009,1139,49.0,0.2094017094017094,0.7905982905982906,0.02000808052418009,1.9120085845283386,10.465856989561996,0.2094017094017094,10.465856989561996,0.2094017094017094,234.0,0.022900763358778626,0.04477611940298507,1396.2421013893002
our_vol2,Our vol2 ETAS-enhanced STNPP-GAT,92,2023-07-12,0.03,0.030003337607813516,1708,60.0,0.2564102564102564,0.7435897435897436,0.030003337607813516,1.56128024980484,8.546057767369241,0.2564102564102564,8.546057767369241,0.2564102564102564,234.0,0.023367285799880167,0.04566744730679157,1396.2421013893002
our_vol2,Our vol2 ETAS-enhanced STNPP-GAT,92,2023-07-12,0.04,0.04001616104836018,2278,70.0,0.29914529914529914,0.7008547008547008,0.04001616104836018,1.3657204175202418,7.475612135401424,0.29914529914529914,7.475612135401424,0.29914529914529914,234.0,0.024280575539568347,0.04741000877963126,1396.2421013893002
our_vol2,Our vol2 ETAS-enhanced STNPP-GAT,92,2023-07-12,0.05,0.050011418131993605,2847,87.0,0.3717948717948718,0.6282051282051282,0.050011418131993605,1.358154782812317,7.434199742418921,0.3717948717948718,7.434199742418921,0.3717948717948718,234.0,0.02576112412177986,0.0502283105022831,1396.2421013893002
our_vol2,Our vol2 ETAS-enhanced STNPP-GAT,92,2023-07-12,0.06,0.06000667521562703,3416,97.0,0.41452991452991456,0.5854700854700854,0.06000667521562703,1.2620348685922456,6.908063361956805,0.41452991452991456,6.908063361956805,0.41452991452991456,234.0,0.030156815440289506,0.0585480093676815,1396.2421013893002
our_vol2,Our vol2 ETAS-enhanced STNPP-GAT,92,2023-07-12,0.07,0.07000193229926045,3985,106.0,0.452991452991453,0.5470085470085471,0.07000193229926045,1.1822110692876064,6.471127840513035,0.452991452991453,6.471127840513035,0.452991452991453,234.0,0.03506493506493506,0.06775407779171895,1396.2421013893002
our_vol2,Our vol2 ETAS-enhanced STNPP-GAT,92,2023-07-12,0.08,0.08001475573980713,4555,111.0,0.47435897435897434,0.5256410256410257,0.08001475573980713,1.083058909623125,5.928393706549579,0.47435897435897434,5.928393706549579,0.47435897435897434,234.0,0.036169244767970885,0.06981339187705818,1396.2421013893002
our_vol2,Our vol2 ETAS-enhanced STNPP-GAT,92,2023-07-12,0.09,0.09001001282344055,5124,118.0,0.5042735042735043,0.49572649572649574,0.09001001282344055,1.0235059415387284,5.602415647497614,0.5042735042735043,5.602415647497614,0.5042735042735043,234.0,0.043903432820617296,0.08411397345823575,1396.2421013893002
our_vol2,Our vol2 ETAS-enhanced STNPP-GAT,92,2023-07-12,0.1,0.10000526990707397,5693,125.0,0.5341880341880342,0.4658119658119658,0.10000526990707397,0.9758572906298183,5.3415988445849685,0.5341880341880342,5.3415988445849685,0.5341880341880342,234.0,0.05124180592743052,0.09748814333391885,1396.2421013893002
our_vol2,Our vol2 ETAS-enhanced STNPP-GAT,93,2023-07-26,0.01,0.010012823440546666,570,20.0,0.10695187165775401,0.893048128342246,0.010012823440546666,1.5594541910331385,10.681489820808705,0.10695187165775401,10.681489820808705,0.10695187165775401,187.0,0.01694915254237288,0.03333333333333333,1153.5602131909238
our_vol2,Our vol2 ETAS-enhanced STNPP-GAT,93,2023-07-26,0.02,0.02000808052418009,1139,33.0,0.17647058823529413,0.8235294117647058,0.02000808052418009,1.2876792508047994,8.819965914372775,0.17647058823529413,8.819965914372775,0.17647058823529413,187.0,0.015151515151515152,0.029850746268656716,1153.5602131909238
our_vol2,Our vol2 ETAS-enhanced STNPP-GAT,93,2023-07-26,0.03,0.030003337607813516,1708,46.0,0.24598930481283424,0.7540106951871658,0.030003337607813516,1.1969815248503772,8.198731355433381,0.24598930481283424,8.198731355433381,0.24598930481283424,187.0,0.01909307875894988,0.03747072599531616,1153.5602131909238
our_vol2,Our vol2 ETAS-enhanced STNPP-GAT,93,2023-07-26,0.04,0.04001616104836018,2278,57.0,0.3048128342245989,0.6951871657754011,0.04001616104836018,1.1120866256950541,7.617243289685577,0.3048128342245989,7.617243289685577,0.3048128342245989,187.0,0.021753756447634,0.04258121158911326,1153.5602131909238
our_vol2,Our vol2 ETAS-enhanced STNPP-GAT,93,2023-07-26,0.05,0.050011418131993605,2847,65.0,0.34759358288770054,0.6524064171122994,0.050011418131993605,1.0147133434804667,6.950284472444022,0.34759358288770054,6.950284472444022,0.34759358288770054,187.0,0.022262118491921005,0.04355461889708465,1153.5602131909238
our_vol2,Our vol2 ETAS-enhanced STNPP-GAT,93,2023-07-26,0.06,0.06000667521562703,3416,72.0,0.3850267379679144,0.6149732620320856,0.06000667521562703,0.936768149882904,6.4163984520782975,0.3850267379679144,6.4163984520782975,0.3850267379679144,187.0,0.026442307692307692,0.05152224824355972,1153.5602131909238
our_vol2,Our vol2 ETAS-enhanced STNPP-GAT,93,2023-07-26,0.07,0.07000193229926045,3985,79.0,0.42245989304812837,0.5775401069518716,0.07000193229926045,0.8810818346577444,6.0349747381557854,0.42245989304812837,6.0349747381557854,0.42245989304812837,187.0,0.03171521035598705,0.06148055207026349,1153.5602131909238
our_vol2,Our vol2 ETAS-enhanced STNPP-GAT,93,2023-07-26,0.08,0.08001475573980713,4555,86.0,0.45989304812834225,0.5401069518716577,0.08001475573980713,0.8391267227710697,5.747602974929119,0.45989304812834225,5.747602974929119,0.45989304812834225,187.0,0.03334845735027223,0.0645444566410538,1153.5602131909238
our_vol2,Our vol2 ETAS-enhanced STNPP-GAT,93,2023-07-26,0.09,0.09001001282344055,5124,93.0,0.49732620320855614,0.5026737967914439,0.09001001282344055,0.8066614623991673,5.525232000400756,0.49732620320855614,5.525232000400756,0.49732620320855614,187.0,0.04284115192836064,0.0821623731459797,1153.5602131909238
our_vol2,Our vol2 ETAS-enhanced STNPP-GAT,93,2023-07-26,0.1,0.10000526990707397,5693,99.0,0.5294117647058824,0.47058823529411764,0.10000526990707397,0.7728789741788161,5.293838666680444,0.5294117647058824,5.293838666680444,0.5294117647058824,187.0,0.050950710725493814,0.09696118039697875,1153.5602131909238
our_vol2,Our vol2 ETAS-enhanced STNPP-GAT,94,2023-08-09,0.01,0.010012823440546666,570,24.0,0.1411764705882353,0.8588235294117648,0.010012823440546666,1.8713450292397662,14.09956656346749,0.1411764705882353,14.09956656346749,0.1411764705882353,170.0,0.021505376344086023,0.042105263157894736,1667.11779391935
our_vol2,Our vol2 ETAS-enhanced STNPP-GAT,94,2023-08-09,0.02,0.02000808052418009,1139,43.0,0.2529411764705882,0.7470588235294118,0.02000808052418009,1.6778850843820114,12.641951143934309,0.2529411764705882,12.641951143934309,0.2529411764705882,170.0,0.02060931899641577,0.04038630377524144,1667.11779391935
our_vol2,Our vol2 ETAS-enhanced STNPP-GAT,94,2023-08-09,0.03,0.030003337607813516,1708,55.0,0.3235294117647059,0.6764705882352942,0.030003337607813516,1.4311735623211033,10.783114065298252,0.3235294117647059,10.783114065298252,0.3235294117647059,170.0,0.0215311004784689,0.04215456674473068,1667.11779391935
our_vol2,Our vol2 ETAS-enhanced STNPP-GAT,94,2023-08-09,0.04,0.04001616104836018,2278,67.0,0.3941176470588235,0.6058823529411765,0.04001616104836018,1.3071895424836601,9.848961937716263,0.3941176470588235,9.848961937716263,0.3941176470588235,170.0,0.024971878515185602,0.048726953467954345,1667.11779391935
our_vol2,Our vol2 ETAS-enhanced STNPP-GAT,94,2023-08-09,0.05,0.050011418131993605,2847,76.0,0.4470588235294118,0.5529411764705883,0.050011418131993605,1.1864340631463919,8.939135106097234,0.4470588235294118,8.939135106097234,0.4470588235294118,170.0,0.02576112412177986,0.0502283105022831,1667.11779391935
our_vol2,Our vol2 ETAS-enhanced STNPP-GAT,94,2023-08-09,0.06,0.06000667521562703,3416,80.0,0.47058823529411764,0.5294117647058824,0.06000667521562703,1.0408534998698933,7.842264774762364,0.47058823529411764,7.842264774762364,0.47058823529411764,170.0,0.028605841613971696,0.05562060889929742,1667.11779391935
our_vol2,Our vol2 ETAS-enhanced STNPP-GAT,94,2023-08-09,0.07,0.07000193229926045,3985,85.0,0.5,0.5,0.07000193229926045,0.9479994423532693,7.142659974905897,0.5,7.142659974905897,0.5,170.0,0.03305249513933895,0.06398996235884567,1667.11779391935
our_vol2,Our vol2 ETAS-enhanced STNPP-GAT,94,2023-08-09,0.08,0.08001475573980713,4555,88.0,0.5176470588235295,0.48235294117647054,0.08001475573980713,0.858641297719234,6.469394976431847,0.5176470588235295,6.469394976431847,0.5176470588235295,170.0,0.034287011807447774,0.06630076838638858,1667.11779391935
our_vol2,Our vol2 ETAS-enhanced STNPP-GAT,94,2023-08-09,0.09,0.09001001282344055,5124,94.0,0.5529411764705883,0.44705882352941173,0.09001001282344055,0.8153352415647497,6.143107406897185,0.5529411764705883,6.143107406897185,0.5529411764705883,170.0,0.044009779951100246,0.08430913348946135,1667.11779391935
our_vol2,Our vol2 ETAS-enhanced STNPP-GAT,94,2023-08-09,0.1,0.10000526990707397,5693,97.0,0.5705882352941176,0.4294117647058824,0.10000526990707397,0.757265257528739,5.705581674088923,0.5705882352941176,5.705581674088923,0.5705882352941176,170.0,0.05163018379975986,0.09819076058317232,1667.11779391935
our_vol2,Our vol2 ETAS-enhanced STNPP-GAT,95,2023-08-23,0.01,0.010012823440546666,570,28.0,0.15469613259668508,0.8453038674033149,0.010012823440546666,2.183235867446394,15.449801298827177,0.15469613259668508,15.449801298827177,0.15469613259668508,181.0,0.025179856115107913,0.04912280701754386,1675.3633679339505
our_vol2,Our vol2 ETAS-enhanced STNPP-GAT,95,2023-08-23,0.02,0.02000808052418009,1139,49.0,0.27071823204419887,0.7292817679558011,0.02000808052418009,1.9120085845283386,13.530444947831528,0.27071823204419887,13.530444947831528,0.27071823204419887,181.0,0.022900763358778626,0.04477611940298507,1675.3633679339505
our_vol2,Our vol2 ETAS-enhanced STNPP-GAT,95,2023-08-23,0.03,0.030003337607813516,1708,61.0,0.3370165745856354,0.6629834254143646,0.030003337607813516,1.5873015873015872,11.232636148382005,0.3370165745856354,11.232636148382005,0.3370165745856354,181.0,0.024287856071964018,0.04742388758782201,1675.3633679339505
our_vol2,Our vol2 ETAS-enhanced STNPP-GAT,95,2023-08-23,0.04,0.04001616104836018,2278,69.0,0.3812154696132597,0.6187845303867403,0.04001616104836018,1.3462101258413812,9.526537769391588,0.3812154696132597,9.526537769391588,0.3812154696132597,181.0,0.025202520252025202,0.04916593503072871,1675.3633679339505
our_vol2,Our vol2 ETAS-enhanced STNPP-GAT,95,2023-08-23,0.05,0.050011418131993605,2847,73.0,0.40331491712707185,0.5966850828729282,0.050011418131993605,1.1396011396011396,8.064456721915287,0.40331491712707185,8.064456721915287,0.40331491712707185,181.0,0.025391680172879523,0.04952581664910432,1675.3633679339505
our_vol2,Our vol2 ETAS-enhanced STNPP-GAT,95,2023-08-23,0.06,0.06000667521562703,3416,85.0,0.4696132596685083,0.5303867403314917,0.06000667521562703,1.1059068436117616,7.826016988626807,0.4696132596685083,7.826016988626807,0.4696132596685083,181.0,0.029225670382645376,0.056791569086651054,1675.3633679339505
our_vol2,Our vol2 ETAS-enhanced STNPP-GAT,95,2023-08-23,0.07,0.07000193229926045,3985,92.0,0.5082872928176796,0.4917127071823204,0.07000193229926045,1.026069984664715,7.261046604324227,0.5082872928176796,7.261046604324227,0.5082872928176796,181.0,0.03305249513933895,0.06398996235884567,1675.3633679339505
our_vol2,Our vol2 ETAS-enhanced STNPP-GAT,95,2023-08-23,0.08,0.08001475573980713,4555,98.0,0.5414364640883977,0.45856353591160226,0.08001475573980713,0.9562141724600561,6.766707703877106,0.5414364640883977,6.766707703877106,0.5414364640883977,181.0,0.03440445100488248,0.06652030735455543,1675.3633679339505
our_vol2,Our vol2 ETAS-enhanced STNPP-GAT,95,2023-08-23,0.09,0.09001001282344055,5124,102.0,0.56353591160221,0.43646408839779005,0.09001001282344055,0.8847254748894092,6.260813590901445,0.56353591160221,6.260813590901445,0.56353591160221,181.0,0.04454184079094894,0.08528493364558938,1675.3633679339505
our_vol2,Our vol2 ETAS-enhanced STNPP-GAT,95,2023-08-23,0.1,0.10000526990707397,5693,108.0,0.5966850828729282,0.4033149171270718,0.10000526990707397,0.843140699104163,5.966536397805584,0.5966850828729282,5.966536397805584,0.5966850828729282,181.0,0.05221328897514093,0.09924468645705252,1675.3633679339505
our_vol2,Our vol2 ETAS-enhanced STNPP-GAT,96,2023-09-06,0.01,0.010012823440546666,570,22.0,0.11282051282051282,0.8871794871794871,0.010012823440546666,1.7153996101364524,11.267602339181286,0.11282051282051282,11.267602339181286,0.11282051282051282,195.0,0.01967799642218247,0.03859649122807018,1052.9759752049529
our_vol2,Our vol2 ETAS-enhanced STNPP-GAT,96,2023-09-06,0.02,0.02000808052418009,1139,40.0,0.20512820512820512,0.7948717948717949,0.02000808052418009,1.5608233343088478,10.252268071407668,0.20512820512820512,10.252268071407668,0.20512820512820512,195.0,0.017873100983020553,0.03511852502194908,1052.9759752049529
our_vol2,Our vol2 ETAS-enhanced STNPP-GAT,96,2023-09-06,0.03,0.030003337607813516,1708,54.0,0.27692307692307694,0.7230769230769231,0.030003337607813516,1.405152224824356,9.229742388758783,0.27692307692307694,9.229742388758783,0.27692307692307694,195.0,0.021836673646425366,0.04274004683840749,1052.9759752049529
our_vol2,Our vol2 ETAS-enhanced STNPP-GAT,96,2023-09-06,0.04,0.04001616104836018,2278,62.0,0.31794871794871793,0.6820512820512821,0.04001616104836018,1.209638084089357,7.945507755340942,0.31794871794871793,7.945507755340942,0.31794871794871793,195.0,0.02405034839289728,0.04697102721685689,1052.9759752049529
our_vol2,Our vol2 ETAS-enhanced STNPP-GAT,96,2023-09-06,0.05,0.050011418131993605,2847,68.0,0.3487179487179487,0.6512820512820513,0.050011418131993605,1.061546267025719,6.972766654958435,0.3487179487179487,6.972766654958435,0.3487179487179487,195.0,0.022996766079770033,0.04495960660344222,1052.9759752049529
our_vol2,Our vol2 ETAS-enhanced STNPP-GAT,96,2023-09-06,0.06,0.06000667521562703,3416,79.0,0.40512820512820513,0.5948717948717949,0.06000667521562703,1.0278428311215198,6.751385636221702,0.40512820512820513,6.751385636221702,0.40512820512820513,195.0,0.028141459744168547,0.0547423887587822,1052.9759752049529
our_vol2,Our vol2 ETAS-enhanced STNPP-GAT,96,2023-09-06,0.07,0.07000193229926045,3985,89.0,0.4564102564102564,0.5435897435897437,0.07000193229926045,0.9926111808169525,6.519966541196152,0.4564102564102564,6.519966541196152,0.4564102564102564,195.0,0.03265094584089142,0.06323713927227102,1052.9759752049529
our_vol2,Our vol2 ETAS-enhanced STNPP-GAT,96,2023-09-06,0.08,0.08001475573980713,4555,93.0,0.47692307692307695,0.523076923076923,0.08001475573980713,0.9074277350896451,5.960439077936334,0.47692307692307695,5.960439077936334,0.47692307692307695,195.0,0.033700215590604786,0.06520307354555434,1052.9759752049529
our_vol2,Our vol2 ETAS-enhanced STNPP-GAT,96,2023-09-06,0.09,0.09001001282344055,5124,98.0,0.5025641025641026,0.49743589743589745,0.09001001282344055,0.8500303582270795,5.583424408014571,0.5025641025641026,5.583424408014571,0.5025641025641026,195.0,0.043903432820617296,0.08411397345823575,1052.9759752049529
our_vol2,Our vol2 ETAS-enhanced STNPP-GAT,96,2023-09-06,0.1,0.10000526990707397,5693,104.0,0.5333333333333333,0.4666666666666667,0.10000526990707397,0.8119132658040088,5.333052286433632,0.5333333333333333,5.333052286433632,0.5333333333333333,195.0,0.051727323111029004,0.09836641489548568,1052.9759752049529
our_vol2,Our vol2 ETAS-enhanced STNPP-GAT,97,2023-09-20,0.01,0.010012823440546666,570,41.0,0.20812182741116753,0.7918781725888324,0.010012823440546666,3.196881091617934,20.7855285421676,0.20812182741116753,20.7855285421676,0.20812182741116753,197.0,0.034482758620689655,0.06666666666666667,363.1768686330901
our_vol2,Our vol2 ETAS-enhanced STNPP-GAT,97,2023-09-20,0.02,0.02000808052418009,1139,63.0,0.3197969543147208,0.6802030456852792,0.02000808052418009,2.4582967515364356,15.983390007264367,0.3197969543147208,15.983390007264367,0.3197969543147208,197.0,0.027051397655545536,0.05267778753292362,363.1768686330901
our_vol2,Our vol2 ETAS-enhanced STNPP-GAT,97,2023-09-20,0.03,0.030003337607813516,1708,81.0,0.41116751269035534,0.5888324873096447,0.030003337607813516,2.107728337236534,13.70405913051748,0.41116751269035534,13.70405913051748,0.41116751269035534,197.0,0.029225670382645376,0.056791569086651054,363.1768686330901
our_vol2,Our vol2 ETAS-enhanced STNPP-GAT,97,2023-09-20,0.04,0.04001616104836018,2278,93.0,0.4720812182741117,0.5279187817258884,0.04001616104836018,1.8144571261340356,11.797264052980841,0.4720812182741117,11.797264052980841,0.4720812182741117,197.0,0.031002489250961756,0.0601404741000878,363.1768686330901
our_vol2,Our vol2 ETAS-enhanced STNPP-GAT,97,2023-09-20,0.05,0.050011418131993605,2847,101.0,0.5126903553299492,0.4873096446700508,0.050011418131993605,1.5767084260234945,10.251466054748162,0.5126903553299492,10.251466054748162,0.5126903553299492,197.0,0.029470258542758993,0.057253249034070954,363.1768686330901
our_vol2,Our vol2 ETAS-enhanced STNPP-GAT,97,2023-09-20,0.06,0.06000667521562703,3416,109.0,0.5532994923857868,0.4467005076142132,0.06000667521562703,1.4181628935727297,9.220632377940774,0.5532994923857868,9.220632377940774,0.5532994923857868,197.0,0.03186829784020541,0.06176814988290398,363.1768686330901
our_vol2,Our vol2 ETAS-enhanced STNPP-GAT,97,2023-09-20,0.07,0.07000193229926045,3985,111.0,0.5634517766497462,0.4365482233502538,0.07000193229926045,1.2379757423672104,8.04908890573152,0.5634517766497462,8.04908890573152,0.5634517766497462,197.0,0.03466182007010256,0.06700125470514429,363.1768686330901
our_vol2,Our vol2 ETAS-enhanced STNPP-GAT,97,2023-09-20,0.08,0.08001475573980713,4555,119.0,0.6040609137055838,0.3959390862944162,0.08001475573980713,1.1611172094157824,7.549368964767896,0.6040609137055838,7.549368964767896,0.6040609137055838,197.0,0.03593359108483057,0.06937431394072448,363.1768686330901
our_vol2,Our vol2 ETAS-enhanced STNPP-GAT,97,2023-09-20,0.09,0.09001001282344055,5124,123.0,0.6243654822335025,0.3756345177664975,0.09001001282344055,1.0668748373666406,6.936622522854527,0.6243654822335025,6.936622522854527,0.6243654822335025,197.0,0.04528763769889841,0.08665105386416862,363.1768686330901
our_vol2,Our vol2 ETAS-enhanced STNPP-GAT,97,2023-09-20,0.1,0.10000526990707397,5693,127.0,0.6446700507614214,0.35532994923857864,0.10000526990707397,0.9914710072798953,6.446360790390908,0.6446700507614214,6.446360790390908,0.6446700507614214,197.0,0.053478904515173946,0.10152819251712629,363.1768686330901
our_vol2,Our vol2 ETAS-enhanced STNPP-GAT,98,2023-10-04,0.01,0.010012823440546666,570,32.0,0.1523809523809524,0.8476190476190476,0.010012823440546666,2.4951267056530217,15.218579782790309,0.1523809523809524,15.218579782790309,0.1523809523809524,210.0,0.026102610261026102,0.05087719298245614,856.5015108086837
our_vol2,Our vol2 ETAS-enhanced STNPP-GAT,98,2023-10-04,0.02,0.02000808052418009,1139,51.0,0.24285714285714285,0.7571428571428571,0.02000808052418009,1.990049751243781,12.137953091684436,0.24285714285714285,12.137953091684436,0.24285714285714285,210.0,0.02244165170556553,0.043898156277436345,856.5015108086837
our_vol2,Our vol2 ETAS-enhanced STNPP-GAT,98,2023-10-04,0.03,0.030003337607813516,1708,66.0,0.3142857142857143,0.6857142857142857,0.030003337607813516,1.7174082747853239,10.475025092004014,0.3142857142857143,10.475025092004014,0.3142857142857143,210.0,0.025517862503752625,0.049765807962529274,856.5015108086837
our_vol2,Our vol2 ETAS-enhanced STNPP-GAT,98,2023-10-04,0.04,0.04001616104836018,2278,78.0,0.37142857142857144,0.6285714285714286,0.04001616104836018,1.5218027509511267,9.281964128935156,0.37142857142857144,9.281964128935156,0.37142857142857144,210.0,0.028906955736224028,0.056189640035118525,856.5015108086837
our_vol2,Our vol2 ETAS-enhanced STNPP-GAT,98,2023-10-04,0.05,0.050011418131993605,2847,88.0,0.41904761904761906,0.5809523809523809,0.050011418131993605,1.3737657573274011,8.379038921504675,0.41904761904761906,8.379038921504675,0.41904761904761906,210.0,0.02872628726287263,0.05584826132771338,856.5015108086837
our_vol2,Our vol2 ETAS-enhanced STNPP-GAT,98,2023-10-04,0.06,0.06000667521562703,3416,97.0,0.46190476190476193,0.5380952380952381,0.06000667521562703,1.2620348685922456,7.697556317609011,0.46190476190476193,7.697556317609011,0.46190476190476193,210.0,0.03000150761344791,0.058255269320843094,856.5015108086837
our_vol2,Our vol2 ETAS-enhanced STNPP-GAT,98,2023-10-04,0.07,0.07000193229926045,3985,105.0,0.5,0.5,0.07000193229926045,1.1710581346716855,7.142659974905897,0.5,7.142659974905897,0.5,210.0,0.03399065905552673,0.0657465495608532,856.5015108086837
our_vol2,Our vol2 ETAS-enhanced STNPP-GAT,98,2023-10-04,0.08,0.08001475573980713,4555,119.0,0.5666666666666667,0.43333333333333335,0.08001475573980713,1.1611172094157824,7.08202707647274,0.5666666666666667,7.08202707647274,0.5666666666666667,210.0,0.035227272727272725,0.06805708013172337,856.5015108086837
our_vol2,Our vol2 ETAS-enhanced STNPP-GAT,98,2023-10-04,0.09,0.09001001282344055,5124,122.0,0.580952380952381,0.419047619047619,0.09001001282344055,1.0582010582010581,6.454308390022676,0.580952380952381,6.454308390022676,0.580952380952381,210.0,0.04507444421782582,0.0862607338017174,856.5015108086837
our_vol2,Our vol2 ETAS-enhanced STNPP-GAT,98,2023-10-04,0.1,0.10000526990707397,5693,125.0,0.5952380952380952,0.40476190476190477,0.10000526990707397,0.9758572906298183,5.952067283966107,0.5952380952380952,5.952067283966107,0.5952380952380952,210.0,0.05269970414201183,0.10012295801861935,856.5015108086837
our_vol2,Our vol2 ETAS-enhanced STNPP-GAT,99,2023-10-18,0.01,0.010012823440546666,570,30.0,0.15873015873015872,0.8412698412698413,0.010012823440546666,2.339181286549708,15.852687273739903,0.15873015873015872,15.852687273739903,0.15873015873015872,189.0,0.027953110910730387,0.054385964912280704,1356.7846340903327
our_vol2,Our vol2 ETAS-enhanced STNPP-GAT,99,2023-10-18,0.02,0.02000808052418009,1139,45.0,0.23809523809523808,0.7619047619047619,0.02000808052418009,1.7559262510974538,11.899954011455328,0.23809523809523808,11.899954011455328,0.23809523809523808,189.0,0.02060931899641577,0.04038630377524144,1356.7846340903327
our_vol2,Our vol2 ETAS-enhanced STNPP-GAT,99,2023-10-18,0.03,0.030003337607813516,1708,60.0,0.31746031746031744,0.6825396825396826,0.030003337607813516,1.56128024980484,10.58083342626668,0.31746031746031744,10.58083342626668,0.31746031746031744,189.0,0.02459508098380324,0.04800936768149883,1356.7846340903327
our_vol2,Our vol2 ETAS-enhanced STNPP-GAT,99,2023-10-18,0.04,0.04001616104836018,2278,71.0,0.37566137566137564,0.6243386243386244,0.04001616104836018,1.3852307091991025,9.38774149792587,0.37566137566137564,9.38774149792587,0.37566137566137564,189.0,0.02681992337164751,0.05223880597014925,1356.7846340903327
our_vol2,Our vol2 ETAS-enhanced STNPP-GAT,99,2023-10-18,0.05,0.050011418131993605,2847,86.0,0.455026455026455,0.544973544973545,0.050011418131993605,1.342543808297233,9.098451354159117,0.455026455026455,9.098451354159117,0.455026455026455,189.0,0.02872628726287263,0.05584826132771338,1356.7846340903327
our_vol2,Our vol2 ETAS-enhanced STNPP-GAT,99,2023-10-18,0.06,0.06000667521562703,3416,94.0,0.4973544973544973,0.5026455026455027,0.06000667521562703,1.2230028623471247,8.288319517242233,0.4973544973544973,8.288319517242233,0.4973544973544973,189.0,0.030156815440289506,0.0585480093676815,1356.7846340903327
our_vol2,Our vol2 ETAS-enhanced STNPP-GAT,99,2023-10-18,0.07,0.07000193229926045,3985,103.0,0.544973544973545,0.455026455026455,0.07000193229926045,1.1487522654398439,7.785121454130238,0.544973544973545,7.785121454130238,0.544973544973545,189.0,0.03372243839169909,0.06524466750313676,1356.7846340903327
our_vol2,Our vol2 ETAS-enhanced STNPP-GAT,99,2023-10-18,0.08,0.08001475573980713,4555,107.0,0.5661375661375662,0.43386243386243384,0.08001475573980713,1.044029759726796,7.075414539519918,0.5661375661375662,7.075414539519918,0.5661375661375662,189.0,0.03393485415957326,0.06564215148188804,1356.7846340903327
our_vol2,Our vol2 ETAS-enhanced STNPP-GAT,99,2023-10-18,0.09,0.09001001282344055,5124,116.0,0.6137566137566137,0.3862433862433863,0.09001001282344055,1.0061583832075636,6.818759319149638,0.6137566137566137,6.818759319149638,0.6137566137566137,189.0,0.04432895139101192,0.08489461358313817,1356.7846340903327
our_vol2,Our vol2 ETAS-enhanced STNPP-GAT,99,2023-10-18,0.1,0.10000526990707397,5693,121.0,0.6402116402116402,0.35978835978835977,0.10000526990707397,0.9446298573296641,6.401779034310214,0.6402116402116402,6.401779034310214,0.6402116402116402,189.0,0.052602385134510495,0.09994730370630599,1356.7846340903327
our_vol2,Our vol2 ETAS-enhanced STNPP-GAT,100,2023-11-01,0.01,0.010012823440546666,570,40.0,0.1834862385321101,0.8165137614678899,0.010012823440546666,3.118908382066277,18.325124738451635,0.1834862385321101,18.325124738451635,0.1834862385321101,218.0,0.034482758620689655,0.06666666666666667,1096.8728113627596
our_vol2,Our vol2 ETAS-enhanced STNPP-GAT,100,2023-11-01,0.02,0.02000808052418009,1139,62.0,0.28440366972477066,0.7155963302752293,0.02000808052418009,2.419276168178714,14.214440479738384,0.28440366972477066,14.214440479738384,0.28440366972477066,218.0,0.027978339350180504,0.05443371378402107,1096.8728113627596
our_vol2,Our vol2 ETAS-enhanced STNPP-GAT,100,2023-11-01,0.03,0.030003337607813516,1708,75.0,0.3440366972477064,0.6559633027522935,0.030003337607813516,1.95160031225605,11.466614206217905,0.3440366972477064,11.466614206217905,0.3440366972477064,218.0,0.027677496991576414,0.053864168618266976,1096.8728113627596
our_vol2,Our vol2 ETAS-enhanced STNPP-GAT,100,2023-11-01,0.04,0.04001616104836018,2278,81.0,0.37155963302752293,0.6284403669724771,0.04001616104836018,1.5803336259877085,9.285239345635556,0.37155963302752293,9.285239345635556,0.37155963302752293,218.0,0.02751465944970681,0.053555750658472345,1096.8728113627596
our_vol2,Our vol2 ETAS-enhanced STNPP-GAT,100,2023-11-01,0.05,0.050011418131993605,2847,94.0,0.43119266055045874,0.5688073394495412,0.050011418131993605,1.4674316044179057,8.621884294750954,0.43119266055045874,8.621884294750954,0.43119266055045874,218.0,0.02872628726287263,0.05584826132771338,1096.8728113627596
our_vol2,Our vol2 ETAS-enhanced STNPP-GAT,100,2023-11-01,0.06,0.06000667521562703,3416,103.0,0.4724770642201835,0.5275229357798166,0.06000667521562703,1.3400988810824876,7.873741754936296,0.4724770642201835,7.873741754936296,0.4724770642201835,218.0,0.03108964684575913,0.06030444964871194,1096.8728113627596
our_vol2,Our vol2 ETAS-enhanced STNPP-GAT,100,2023-11-01,0.07,0.07000193229926045,3985,110.0,0.5045871559633027,0.4954128440366973,0.07000193229926045,1.2268228077512897,7.208188965501364,0.5045871559633027,7.208188965501364,0.5045871559633027,218.0,0.034796156842378606,0.06725219573400251,1096.8728113627596
our_vol2,Our vol2 ETAS-enhanced STNPP-GAT,100,2023-11-01,0.08,0.08001475573980713,4555,120.0,0.5504587155963303,0.4495412844036697,0.08001475573980713,1.1708744968898646,6.879465050000504,0.5504587155963303,6.879465050000504,0.5504587155963303,218.0,0.035227272727272725,0.06805708013172337,1096.8728113627596
our_vol2,Our vol2 ETAS-enhanced STNPP-GAT,100,2023-11-01,0.09,0.09001001282344055,5124,123.0,0.5642201834862385,0.4357798165137615,0.09001001282344055,1.0668748373666406,6.268415766065788,0.5642201834862385,6.268415766065788,0.5642201834862385,218.0,0.044009779951100246,0.08430913348946135,1096.8728113627596
our_vol2,Our vol2 ETAS-enhanced STNPP-GAT,100,2023-11-01,0.1,0.10000526990707397,5693,128.0,0.5871559633027523,0.4128440366972477,0.10000526990707397,0.9992778656049339,5.87125022359666,0.5871559633027523,5.87125022359666,0.5871559633027523,218.0,0.051727323111029004,0.09836641489548568,1096.8728113627596
our_vol2,Our vol2 ETAS-enhanced STNPP-GAT,101,2023-11-15,0.01,0.010012823440546666,570,36.0,0.18652849740932642,0.8134715025906736,0.010012823440546666,2.8070175438596494,18.62896100354513,0.18652849740932642,18.62896100354513,0.18652849740932642,193.0,0.02981029810298103,0.05789473684210526,43.034330001267094
our_vol2,Our vol2 ETAS-enhanced STNPP-GAT,101,2023-11-15,0.02,0.02000808052418009,1139,53.0,0.27461139896373055,0.7253886010362695,0.02000808052418009,2.0680909179592235,13.725024678497181,0.27461139896373055,13.725024678497181,0.27461139896373055,193.0,0.023820224719101123,0.046532045654082525,43.034330001267094
our_vol2,Our vol2 ETAS-enhanced STNPP-GAT,101,2023-11-15,0.03,0.030003337607813516,1708,64.0,0.3316062176165803,0.6683937823834196,0.030003337607813516,1.6653655997918293,11.052310977903435,0.3316062176165803,11.052310977903435,0.3316062176165803,193.0,0.024902490249024904,0.04859484777517564,43.034330001267094
our_vol2,Our vol2 ETAS-enhanced STNPP-GAT,101,2023-11-15,0.04,0.04001616104836018,2278,73.0,0.37823834196891193,0.6217616580310881,0.04001616104836018,1.4242512925568236,9.452139637078249,0.37823834196891193,9.452139637078249,0.37823834196891193,193.0,0.025895068678225625,0.0504828797190518,43.034330001267094
our_vol2,Our vol2 ETAS-enhanced STNPP-GAT,101,2023-11-15,0.05,0.050011418131993605,2847,87.0,0.45077720207253885,0.5492227979274611,0.050011418131993605,1.358154782812317,9.013485698062318,0.45077720207253885,9.013485698062318,0.45077720207253885,193.0,0.026685899747565814,0.05198454513523006,43.034330001267094
our_vol2,Our vol2 ETAS-enhanced STNPP-GAT,101,2023-11-15,0.06,0.06000667521562703,3416,91.0,0.47150259067357514,0.5284974093264249,0.06000667521562703,1.1839708561020037,7.857502335853224,0.47150259067357514,7.857502335853224,0.47150259067357514,193.0,0.029225670382645376,0.056791569086651054,43.034330001267094
our_vol2,Our vol2 ETAS-enhanced STNPP-GAT,101,2023-11-15,0.07,0.07000193229926045,3985,98.0,0.5077720207253886,0.49222797927461137,0.07000193229926045,1.09298759236024,7.253685777624643,0.5077720207253886,7.253685777624643,0.5077720207253886,193.0,0.03238341968911917,0.06273525721455459,43.034330001267094
our_vol2,Our vol2 ETAS-enhanced STNPP-GAT,101,2023-11-15,0.08,0.08001475573980713,4555,102.0,0.5284974093264249,0.47150259067357514,0.08001475573980713,0.9952433223563849,6.604999345933125,0.5284974093264249,6.604999345933125,0.5284974093264249,193.0,0.033114084826491266,0.06410537870472009,43.034330001267094
our_vol2,Our vol2 ETAS-enhanced STNPP-GAT,101,2023-11-15,0.09,0.09001001282344055,5124,106.0,0.5492227979274611,0.4507772020725389,0.09001001282344055,0.919420591551739,6.10179668571752,0.5492227979274611,6.10179668571752,0.5492227979274611,193.0,0.04305343511450382,0.08255269320843091,43.034330001267094
our_vol2,Our vol2 ETAS-enhanced STNPP-GAT,101,2023-11-15,0.1,0.10000526990707397,5693,110.0,0.5699481865284974,0.43005181347150256,0.10000526990707397,0.85875441575424,5.699181523714698,0.5699481865284974,5.699181523714698,0.5699481865284974,193.0,0.05133887349953832,0.09766379764623222,43.034330001267094
our_vol2,Our vol2 ETAS-enhanced STNPP-GAT,102,2023-11-29,0.01,0.010012823440546666,570,40.0,0.17937219730941703,0.820627802690583,0.010012823440546666,3.118908382066277,17.914247502163477,0.17937219730941703,17.914247502163477,0.17937219730941703,223.0,0.035422343324250684,0.06842105263157895,696.4154259342815
our_vol2,Our vol2 ETAS-enhanced STNPP-GAT,102,2023-11-29,0.02,0.02000808052418009,1139,57.0,0.2556053811659193,0.7443946188340806,0.02000808052418009,2.2241732513901082,12.77510758001079,0.2556053811659193,12.77510758001079,0.2556053811659193,223.0,0.026126126126126126,0.050921861281826165,696.4154259342815
our_vol2,Our vol2 ETAS-enhanced STNPP-GAT,102,2023-11-29,0.03,0.030003337607813516,1708,75.0,0.336322869955157,0.663677130044843,0.030003337607813516,1.95160031225605,11.209515232984321,0.336322869955157,11.209515232984321,0.336322869955157,223.0,0.028296207104154123,0.05503512880562061,696.4154259342815
our_vol2,Our vol2 ETAS-enhanced STNPP-GAT,102,2023-11-29,0.04,0.04001616104836018,2278,89.0,0.3991031390134529,0.600896860986547,0.04001616104836018,1.7364159594185933,9.97354890018386,0.3991031390134529,9.97354890018386,0.3991031390134529,223.0,0.028674644389252654,0.05575065847234416,696.4154259342815
our_vol2,Our vol2 ETAS-enhanced STNPP-GAT,102,2023-11-29,0.05,0.050011418131993605,2847,99.0,0.4439461883408072,0.5560538116591929,0.050011418131993605,1.5454864769933263,8.876896615271209,0.4439461883408072,8.876896615271209,0.4439461883408072,223.0,0.028540462427745664,0.05549701440112399,696.4154259342815
our_vol2,Our vol2 ETAS-enhanced STNPP-GAT,102,2023-11-29,0.06,0.06000667521562703,3416,104.0,0.4663677130044843,0.5336322869955157,0.06000667521562703,1.3531095498308614,7.771930561535796,0.4663677130044843,7.771930561535796,0.4663677130044843,223.0,0.030312170110088976,0.05884074941451991,696.4154259342815
our_vol2,Our vol2 ETAS-enhanced STNPP-GAT,102,2023-11-29,0.07,0.07000193229926045,3985,110.0,0.49327354260089684,0.5067264573991032,0.07000193229926045,1.2268228077512897,7.04657037883093,0.49327354260089684,7.04657037883093,0.49327354260089684,223.0,0.033588380236026456,0.06499372647427855,696.4154259342815
our_vol2,Our vol2 ETAS-enhanced STNPP-GAT,102,2023-11-29,0.08,0.08001475573980713,4555,123.0,0.5515695067264574,0.44843049327354256,0.08001475573980713,1.2001463593121113,6.893347378576738,0.5515695067264574,6.893347378576738,0.5515695067264574,223.0,0.034639409426462237,0.06695938529088913,696.4154259342815
our_vol2,Our vol2 ETAS-enhanced STNPP-GAT,102,2023-11-29,0.09,0.09001001282344055,5124,130.0,0.5829596412556054,0.4170403587443946,0.09001001282344055,1.1275912915257178,6.47660880127983,0.5829596412556054,6.47660880127983,0.5829596412556054,223.0,0.0442225392296719,0.08469945355191257,696.4154259342815
our_vol2,Our vol2 ETAS-enhanced STNPP-GAT,102,2023-11-29,0.1,0.10000526990707397,5693,137.0,0.6143497757847534,0.38565022421524664,0.10000526990707397,1.069539590530281,6.143174018285378,0.6143497757847534,6.143174018285378,0.6143497757847534,223.0,0.05211605987802624,0.09906903214473915,696.4154259342815
our_vol2,Our vol2 ETAS-enhanced STNPP-GAT,103,2023-12-13,0.01,0.010012823440546666,570,37.0,0.1778846153846154,0.8221153846153846,0.010012823440546666,2.8849902534113063,17.765679824561403,0.1778846153846154,17.765679824561403,0.1778846153846154,208.0,0.03167420814479638,0.06140350877192982,947.2210473369939
our_vol2,Our vol2 ETAS-enhanced STNPP-GAT,103,2023-12-13,0.02,0.02000808052418009,1139,55.0,0.2644230769230769,0.7355769230769231,0.02000808052418009,2.1461320846746657,13.215814310798947,0.2644230769230769,13.215814310798947,0.2644230769230769,208.0,0.02336028751123091,0.0456540825285338,947.2210473369939
our_vol2,Our vol2 ETAS-enhanced STNPP-GAT,103,2023-12-13,0.03,0.030003337607813516,1708,66.0,0.3173076923076923,0.6826923076923077,0.030003337607813516,1.7174082747853239,10.575746487119437,0.3173076923076923,10.575746487119437,0.3173076923076923,208.0,0.023980815347721823,0.0468384074941452,947.2210473369939
our_vol2,Our vol2 ETAS-enhanced STNPP-GAT,103,2023-12-13,0.04,0.04001616104836018,2278,77.0,0.3701923076923077,0.6298076923076923,0.04001616104836018,1.502292459272266,9.251070017559263,0.3701923076923077,9.251070017559263,0.3701923076923077,208.0,0.025895068678225625,0.0504828797190518,947.2210473369939
our_vol2,Our vol2 ETAS-enhanced STNPP-GAT,103,2023-12-13,0.05,0.050011418131993605,2847,86.0,0.41346153846153844,0.5865384615384616,0.050011418131993605,1.342543808297233,8.267342817000351,0.41346153846153844,8.267342817000351,0.41346153846153844,208.0,0.02724156593902219,0.05303828591499824,947.2210473369939
our_vol2,Our vol2 ETAS-enhanced STNPP-GAT,103,2023-12-13,0.06,0.06000667521562703,3416,96.0,0.46153846153846156,0.5384615384615384,0.06000667521562703,1.249024199843872,7.691451990632319,0.46153846153846156,7.691451990632319,0.46153846153846156,208.0,0.029535864978902954,0.05737704918032787,947.2210473369939
our_vol2,Our vol2 ETAS-enhanced STNPP-GAT,103,2023-12-13,0.07,0.07000193229926045,3985,105.0,0.5048076923076923,0.4951923076923077,0.07000193229926045,1.1710581346716855,7.211339397741531,0.5048076923076923,7.211339397741531,0.5048076923076923,208.0,0.03372243839169909,0.06524466750313676,947.2210473369939
our_vol2,Our vol2 ETAS-enhanced STNPP-GAT,103,2023-12-13,0.08,0.08001475573980713,4555,113.0,0.5432692307692307,0.4567307692307693,0.08001475573980713,1.1025734845712891,6.789613062568605,0.5432692307692307,6.789613062568605,0.5432692307692307,208.0,0.03416959927347032,0.06608122941822174,947.2210473369939
our_vol2,Our vol2 ETAS-enhanced STNPP-GAT,103,2023-12-13,0.09,0.09001001282344055,5124,120.0,0.5769230769230769,0.42307692307692313,0.09001001282344055,1.0408534998698933,6.409543325526931,0.5769230769230769,6.409543325526931,0.5769230769230769,208.0,0.04315960912052117,0.08274785323965651,947.2210473369939
our_vol2,Our vol2 ETAS-enhanced STNPP-GAT,103,2023-12-13,0.1,0.10000526990707397,5693,131.0,0.6298076923076923,0.3701923076923077,0.10000526990707397,1.0226984405800497,6.297745037765678,0.6298076923076923,6.297745037765678,0.6298076923076923,208.0,0.05133887349953832,0.09766379764623222,947.2210473369939
our_vol2,Our vol2 ETAS-enhanced STNPP-GAT,104,2023-12-27,0.01,0.010012823440546666,570,33.0,0.16751269035532995,0.8324873096446701,0.010012823440546666,2.5730994152046787,16.729815655890995,0.16751269035532995,16.729815655890995,0.16751269035532995,197.0,0.02981029810298103,0.05789473684210526,1429.127210603847
our_vol2,Our vol2 ETAS-enhanced STNPP-GAT,104,2023-12-27,0.02,0.02000808052418009,1139,51.0,0.25888324873096447,0.7411167512690355,0.02000808052418009,1.990049751243781,12.938934767785438,0.25888324873096447,12.938934767785438,0.25888324873096447,197.0,0.024280575539568347,0.04741000877963126,1429.127210603847
our_vol2,Our vol2 ETAS-enhanced STNPP-GAT,104,2023-12-27,0.03,0.030003337607813516,1708,62.0,0.3147208121827411,0.6852791878172588,0.030003337607813516,1.6133229247983347,10.489526741877578,0.3147208121827411,10.489526741877578,0.3147208121827411,197.0,0.025210084033613446,0.04918032786885246,1429.127210603847
our_vol2,Our vol2 ETAS-enhanced STNPP-GAT,104,2023-12-27,0.04,0.04001616104836018,2278,72.0,0.36548223350253806,0.6345177664974619,0.04001616104836018,1.404741000877963,9.13336571843678,0.36548223350253806,9.13336571843678,0.36548223350253806,197.0,0.027282976324689966,0.05311676909569798,1429.127210603847
our_vol2,Our vol2 ETAS-enhanced STNPP-GAT,104,2023-12-27,0.05,0.050011418131993605,2847,89.0,0.4517766497461929,0.5482233502538071,0.050011418131993605,1.3893767318424852,9.033470087847391,0.4517766497461929,9.033470087847391,0.4517766497461929,197.0,0.028912179255511383,0.056199508254302775,1429.127210603847
our_vol2,Our vol2 ETAS-enhanced STNPP-GAT,104,2023-12-27,0.06,0.06000667521562703,3416,97.0,0.49238578680203043,0.5076142131979695,0.06000667521562703,1.2620348685922456,8.205516886791331,0.49238578680203043,8.205516886791331,0.49238578680203043,197.0,0.029846246608381068,0.057962529274004686,1429.127210603847
our_vol2,Our vol2 ETAS-enhanced STNPP-GAT,104,2023-12-27,0.07,0.07000193229926045,3985,102.0,0.5177664974619289,0.48223350253807107,0.07000193229926045,1.1375993308239232,7.396460075537071,0.5177664974619289,7.396460075537071,0.5177664974619289,197.0,0.033588380236026456,0.06499372647427855,1429.127210603847
our_vol2,Our vol2 ETAS-enhanced STNPP-GAT,104,2023-12-27,0.08,0.08001475573980713,4555,107.0,0.5431472081218274,0.4568527918781726,0.08001475573980713,1.044029759726796,6.788088060757687,0.5431472081218274,6.788088060757687,0.5431472081218274,197.0,0.034287011807447774,0.06630076838638858,1429.127210603847
our_vol2,Our vol2 ETAS-enhanced STNPP-GAT,104,2023-12-27,0.09,0.09001001282344055,5124,112.0,0.5685279187817259,0.4314720812182741,0.09001001282344055,0.9714632665452337,6.31627416715209,0.5685279187817259,6.31627416715209,0.5685279187817259,197.0,0.04454184079094894,0.08528493364558938,1429.127210603847
our_vol2,Our vol2 ETAS-enhanced STNPP-GAT,104,2023-12-27,0.1,0.10000526990707397,5693,118.0,0.5989847715736041,0.4010152284263959,0.10000526990707397,0.9212092823545485,5.98953207296163,0.5989847715736041,5.98953207296163,0.5989847715736041,197.0,0.05211605987802624,0.09906903214473915,1429.127210603847
our_vol2,Our vol2 ETAS-enhanced STNPP-GAT,105,2024-01-10,0.01,0.010012823440546666,570,38.0,0.19387755102040816,0.8061224489795918,0.010012823440546666,2.9629629629629632,19.362925170068024,0.19387755102040816,19.362925170068024,0.19387755102040816,196.0,0.03074141048824593,0.05964912280701754,2547.6844937059104
our_vol2,Our vol2 ETAS-enhanced STNPP-GAT,105,2024-01-10,0.02,0.02000808052418009,1139,56.0,0.2857142857142857,0.7142857142857143,0.02000808052418009,2.185152668032387,14.279944813746393,0.2857142857142857,14.279944813746393,0.2857142857142857,196.0,0.024741340530814216,0.048287971905179985,2547.6844937059104
our_vol2,Our vol2 ETAS-enhanced STNPP-GAT,105,2024-01-10,0.03,0.030003337607813516,1708,67.0,0.34183673469387754,0.6581632653061225,0.030003337607813516,1.7434296122820714,11.39329027864073,0.34183673469387754,11.39329027864073,0.34183673469387754,196.0,0.026442307692307692,0.05152224824355972,2547.6844937059104
our_vol2,Our vol2 ETAS-enhanced STNPP-GAT,105,2024-01-10,0.04,0.04001616104836018,2278,76.0,0.3877551020408163,0.6122448979591837,0.04001616104836018,1.4827821675934054,9.689962552185053,0.3877551020408163,9.689962552185053,0.3877551020408163,196.0,0.027051397655545536,0.05267778753292362,2547.6844937059104
our_vol2,Our vol2 ETAS-enhanced STNPP-GAT,105,2024-01-10,0.05,0.050011418131993605,2847,88.0,0.4489795918367347,0.5510204081632653,0.050011418131993605,1.3737657573274011,8.977541701612152,0.4489795918367347,8.977541701612152,0.4489795918367347,196.0,0.029098138442074824,0.05655075518089217,2547.6844937059104
our_vol2,Our vol2 ETAS-enhanced STNPP-GAT,105,2024-01-10,0.06,0.06000667521562703,3416,97.0,0.49489795918367346,0.5051020408163265,0.06000667521562703,1.2620348685922456,8.247381768866797,0.49489795918367346,8.247381768866797,0.49489795918367346,196.0,0.030623020063357972,0.05942622950819672,2547.6844937059104
our_vol2,Our vol2 ETAS-enhanced STNPP-GAT,105,2024-01-10,0.07,0.07000193229926045,3985,102.0,0.5204081632653061,0.47959183673469385,0.07000193229926045,1.1375993308239232,7.434197116738791,0.5204081632653061,7.434197116738791,0.5204081632653061,196.0,0.033856531327020364,0.06549560853199499,2547.6844937059104
our_vol2,Our vol2 ETAS-enhanced STNPP-GAT,105,2024-01-10,0.08,0.08001475573980713,4555,108.0,0.5510204081632653,0.44897959183673475,0.08001475573980713,1.0537870472008781,6.886484912296422,0.5510204081632653,6.886484912296422,0.5510204081632653,196.0,0.03440445100488248,0.06652030735455543,2547.6844937059104
our_vol2,Our vol2 ETAS-enhanced STNPP-GAT,105,2024-01-10,0.09,0.09001001282344055,5124,114.0,0.5816326530612245,0.41836734693877553,0.09001001282344055,0.9888108248763986,6.461866128184294,0.5816326530612245,6.461866128184294,0.5816326530612245,196.0,0.04432895139101192,0.08489461358313817,2547.6844937059104
our_vol2,Our vol2 ETAS-enhanced STNPP-GAT,105,2024-01-10,0.1,0.10000526990707397,5693,116.0,0.5918367346938775,0.40816326530612246,0.10000526990707397,0.9055955657044714,5.918055470914872,0.5918367346938775,5.918055470914872,0.5918367346938775,196.0,0.05163018379975986,0.09819076058317232,2547.6844937059104
our_vol2,Our vol2 ETAS-enhanced STNPP-GAT,106,2024-01-24,0.01,0.010012823440546666,570,32.0,0.1415929203539823,0.8584070796460177,0.010012823440546666,2.4951267056530217,14.141158205247631,0.1415929203539823,14.141158205247631,0.1415929203539823,226.0,0.02702702702702703,0.05263157894736842,266.3296202300706
our_vol2,Our vol2 ETAS-enhanced STNPP-GAT,106,2024-01-24,0.02,0.02000808052418009,1139,54.0,0.23893805309734514,0.7610619469026548,0.02000808052418009,2.1071115013169446,11.94207774246933,0.23893805309734514,11.94207774246933,0.23893805309734514,226.0,0.025202520252025202,0.04916593503072871,266.3296202300706
our_vol2,Our vol2 ETAS-enhanced STNPP-GAT,106,2024-01-24,0.03,0.030003337607813516,1708,71.0,0.3141592920353982,0.6858407079646018,0.030003337607813516,1.8475149622690605,10.470811485772314,0.3141592920353982,10.470811485772314,0.3141592920353982,226.0,0.026442307692307692,0.05152224824355972,266.3296202300706
our_vol2,Our vol2 ETAS-enhanced STNPP-GAT,106,2024-01-24,0.04,0.04001616104836018,2278,87.0,0.38495575221238937,0.6150442477876106,0.04001616104836018,1.697395376060872,9.620007070322515,0.38495575221238937,9.620007070322515,0.38495575221238937,226.0,0.027051397655545536,0.05267778753292362,266.3296202300706
our_vol2,Our vol2 ETAS-enhanced STNPP-GAT,106,2024-01-24,0.05,0.050011418131993605,2847,96.0,0.4247787610619469,0.5752212389380531,0.050011418131993605,1.4986535534480738,8.493635592192993,0.4247787610619469,8.493635592192993,0.4247787610619469,226.0,0.030215306676316264,0.05865823674042852,266.3296202300706
our_vol2,Our vol2 ETAS-enhanced STNPP-GAT,106,2024-01-24,0.06,0.06000667521562703,3416,105.0,0.4646017699115044,0.5353982300884956,0.06000667521562703,1.366120218579235,7.742501450747135,0.4646017699115044,7.742501450747135,0.4646017699115044,226.0,0.031556696361165634,0.061182669789227165,266.3296202300706
our_vol2,Our vol2 ETAS-enhanced STNPP-GAT,106,2024-01-24,0.07,0.07000193229926045,3985,113.0,0.5,0.5,0.07000193229926045,1.260281611599052,7.142659974905897,0.5,7.142659974905897,0.5,226.0,0.033856531327020364,0.06549560853199499,266.3296202300706
our_vol2,Our vol2 ETAS-enhanced STNPP-GAT,106,2024-01-24,0.08,0.08001475573980713,4555,125.0,0.5530973451327433,0.44690265486725667,0.08001475573980713,1.2196609342602758,6.912441836744605,0.5530973451327433,6.912441836744605,0.5530973451327433,226.0,0.034521916874858054,0.06673984632272228,266.3296202300706
our_vol2,Our vol2 ETAS-enhanced STNPP-GAT,106,2024-01-24,0.09,0.09001001282344055,5124,126.0,0.5575221238938053,0.4424778761061947,0.09001001282344055,1.0928961748633879,6.194001160597707,0.5575221238938053,6.194001160597707,0.5575221238938053,226.0,0.04443538524256013,0.08508977361436378,266.3296202300706
our_vol2,Our vol2 ETAS-enhanced STNPP-GAT,106,2024-01-24,0.1,0.10000526990707397,5693,135.0,0.5973451327433629,0.40265486725663713,0.10000526990707397,1.0539258738802038,5.973136548688112,0.5973451327433629,5.973136548688112,0.5973451327433629,226.0,0.05211605987802624,0.09906903214473915,266.3296202300706
our_vol2,Our vol2 ETAS-enhanced STNPP-GAT,107,2024-02-07,0.01,0.010012823440546666,570,36.0,0.16822429906542055,0.8317757009345794,0.010012823440546666,2.8070175438596494,16.80088539104771,0.16822429906542055,16.80088539104771,0.16822429906542055,214.0,0.02981029810298103,0.05789473684210526,1522.7040735190928
our_vol2,Our vol2 ETAS-enhanced STNPP-GAT,107,2024-02-07,0.02,0.02000808052418009,1139,52.0,0.24299065420560748,0.7570093457943925,0.02000808052418009,2.029070334601502,12.144625963092729,0.24299065420560748,12.144625963092729,0.24299065420560748,214.0,0.024280575539568347,0.04741000877963126,1522.7040735190928
our_vol2,Our vol2 ETAS-enhanced STNPP-GAT,107,2024-02-07,0.03,0.030003337607813516,1708,69.0,0.32242990654205606,0.677570093457944,0.030003337607813516,1.795472287275566,10.746467968219921,0.32242990654205606,10.746467968219921,0.32242990654205606,214.0,0.024902490249024904,0.04859484777517564,1522.7040735190928
our_vol2,Our vol2 ETAS-enhanced STNPP-GAT,107,2024-02-07,0.04,0.04001616104836018,2278,78.0,0.3644859813084112,0.6355140186915889,0.04001616104836018,1.5218027509511267,9.108469472319547,0.3644859813084112,9.108469472319547,0.3644859813084112,214.0,0.02658855340243353,0.05179982440737489,1522.7040735190928
our_vol2,Our vol2 ETAS-enhanced STNPP-GAT,107,2024-02-07,0.05,0.050011418131993605,2847,87.0,0.40654205607476634,0.5934579439252337,0.050011418131993605,1.358154782812317,8.128984765074895,0.40654205607476634,8.128984765074895,0.40654205607476634,214.0,0.02779783393501805,0.05409202669476642,1522.7040735190928
our_vol2,Our vol2 ETAS-enhanced STNPP-GAT,107,2024-02-07,0.06,0.06000667521562703,3416,96.0,0.4485981308411215,0.5514018691588785,0.06000667521562703,1.249024199843872,7.475803803979075,0.4485981308411215,7.475803803979075,0.4485981308411215,214.0,0.030623020063357972,0.05942622950819672,1522.7040735190928
our_vol2,Our vol2 ETAS-enhanced STNPP-GAT,107,2024-02-07,0.07,0.07000193229926045,3985,106.0,0.4953271028037383,0.5046728971962617,0.07000193229926045,1.1822110692876064,7.075906143364721,0.4953271028037383,7.075906143364721,0.4953271028037383,214.0,0.03291861067910835,0.06373902132998745,1522.7040735190928
our_vol2,Our vol2 ETAS-enhanced STNPP-GAT,107,2024-02-07,0.08,0.08001475573980713,4555,110.0,0.514018691588785,0.485981308411215,0.08001475573980713,1.0733016221490426,6.424048749961528,0.514018691588785,6.424048749961528,0.514018691588785,214.0,0.03276272531459018,0.06344676180021953,1522.7040735190928
our_vol2,Our vol2 ETAS-enhanced STNPP-GAT,107,2024-02-07,0.09,0.09001001282344055,5124,121.0,0.5654205607476636,0.43457943925233644,0.09001001282344055,1.0495272790354757,6.2817518075101955,0.5654205607476636,6.2817518075101955,0.5654205607476636,214.0,0.04284115192836064,0.0821623731459797,1522.7040735190928
our_vol2,Our vol2 ETAS-enhanced STNPP-GAT,107,2024-02-07,0.1,0.10000526990707397,5693,126.0,0.5887850467289719,0.4112149532710281,0.10000526990707397,0.9836641489548569,5.8875401993922685,0.5887850467289719,5.8875401993922685,0.5887850467289719,214.0,0.05133887349953832,0.09766379764623222,1522.7040735190928
our_vol2,Our vol2 ETAS-enhanced STNPP-GAT,108,2024-02-21,0.01,0.010012823440546666,570,29.0,0.14009661835748793,0.8599033816425121,0.010012823440546666,2.261208576998051,13.991719637257395,0.14009661835748793,13.991719637257395,0.14009661835748793,207.0,0.02425876010781671,0.04736842105263158,1872.339956059017
our_vol2,Our vol2 ETAS-enhanced STNPP-GAT,108,2024-02-21,0.02,0.02000808052418009,1139,46.0,0.2222222222222222,0.7777777777777778,0.02000808052418009,1.794946834455175,11.106623744024974,0.2222222222222222,11.106623744024974,0.2222222222222222,207.0,0.021524663677130046,0.04214223002633889,1872.339956059017
our_vol2,Our vol2 ETAS-enhanced STNPP-GAT,108,2024-02-21,0.03,0.030003337607813516,1708,63.0,0.30434782608695654,0.6956521739130435,0.030003337607813516,1.639344262295082,10.143799002138275,0.30434782608695654,10.143799002138275,0.30434782608695654,207.0,0.025825825825825825,0.05035128805620609,1872.339956059017
our_vol2,Our vol2 ETAS-enhanced STNPP-GAT,108,2024-02-21,0.04,0.04001616104836018,2278,76.0,0.3671497584541063,0.6328502415458936,0.04001616104836018,1.4827821675934054,9.175037005933675,0.3671497584541063,9.175037005933675,0.3671497584541063,207.0,0.027051397655545536,0.05267778753292362,1872.339956059017
our_vol2,Our vol2 ETAS-enhanced STNPP-GAT,108,2024-02-21,0.05,0.050011418131993605,2847,85.0,0.4106280193236715,0.5893719806763285,0.050011418131993605,1.3269328337821487,8.210685372686564,0.4106280193236715,8.210685372686564,0.4106280193236715,207.0,0.026685899747565814,0.05198454513523006,1872.339956059017
our_vol2,Our vol2 ETAS-enhanced STNPP-GAT,108,2024-02-21,0.06,0.06000667521562703,3416,98.0,0.47342995169082125,0.5265700483091788,0.06000667521562703,1.2750455373406193,7.889621446107547,0.47342995169082125,7.889621446107547,0.47342995169082125,207.0,0.03202416918429003,0.06206088992974239,1872.339956059017
our_vol2,Our vol2 ETAS-enhanced STNPP-GAT,108,2024-02-21,0.07,0.07000193229926045,3985,104.0,0.5024154589371981,0.4975845410628019,0.07000193229926045,1.1599052000557648,7.177165578649404,0.5024154589371981,7.177165578649404,0.5024154589371981,207.0,0.033588380236026456,0.06499372647427855,1872.339956059017
our_vol2,Our vol2 ETAS-enhanced STNPP-GAT,108,2024-02-21,0.08,0.08001475573980713,4555,109.0,0.5265700483091788,0.47342995169082125,0.08001475573980713,1.0635443346749605,6.5809117760914635,0.5265700483091788,6.5809117760914635,0.5265700483091788,207.0,0.033465683494044246,0.06476399560922064,1872.339956059017
our_vol2,Our vol2 ETAS-enhanced STNPP-GAT,108,2024-02-21,0.09,0.09001001282344055,5124,116.0,0.5603864734299517,0.43961352657004826,0.09001001282344055,1.0061583832075636,6.2258237261801055,0.5603864734299517,6.2258237261801055,0.5603864734299517,207.0,0.042735042735042736,0.08196721311475409,1872.339956059017
our_vol2,Our vol2 ETAS-enhanced STNPP-GAT,108,2024-02-21,0.1,0.10000526990707397,5693,122.0,0.5893719806763285,0.41062801932367154,0.10000526990707397,0.9524367156547027,5.893409229573398,0.5893719806763285,5.893409229573398,0.5893719806763285,207.0,0.05114475627769571,0.09731248902160548,1872.339956059017
our_vol2,Our vol2 ETAS-enhanced STNPP-GAT,109,2024-03-06,0.01,0.010012823440546666,570,37.0,0.19170984455958548,0.8082901554404145,0.010012823440546666,2.8849902534113063,19.146432142532493,0.19170984455958548,19.146432142532493,0.19170984455958548,193.0,0.03074141048824593,0.05964912280701754,343.54446829484493
our_vol2,Our vol2 ETAS-enhanced STNPP-GAT,109,2024-03-06,0.02,0.02000808052418009,1139,50.0,0.25906735751295334,0.7409326424870466,0.02000808052418009,1.9510291678860598,12.948136489148284,0.25906735751295334,12.948136489148284,0.25906735751295334,193.0,0.021982951996410947,0.04302019315188762,343.54446829484493
our_vol2,Our vol2 ETAS-enhanced STNPP-GAT,109,2024-03-06,0.03,0.030003337607813516,1708,64.0,0.3316062176165803,0.6683937823834196,0.030003337607813516,1.6653655997918293,11.052310977903435,0.3316062176165803,11.052310977903435,0.3316062176165803,193.0,0.02459508098380324,0.04800936768149883,343.54446829484493
our_vol2,Our vol2 ETAS-enhanced STNPP-GAT,109,2024-03-06,0.04,0.04001616104836018,2278,72.0,0.37305699481865284,0.6269430051813472,0.04001616104836018,1.404741000877963,9.322658272186766,0.37305699481865284,9.322658272186766,0.37305699481865284,193.0,0.02635728767740482,0.051360842844600525,343.54446829484493
our_vol2,Our vol2 ETAS-enhanced STNPP-GAT,109,2024-03-06,0.05,0.050011418131993605,2847,81.0,0.41968911917098445,0.5803108808290156,0.050011418131993605,1.2644889357218123,8.391865994747675,0.41968911917098445,8.391865994747675,0.41968911917098445,193.0,0.025576368876080693,0.049877063575693714,343.54446829484493
our_vol2,Our vol2 ETAS-enhanced STNPP-GAT,109,2024-03-06,0.06,0.06000667521562703,3416,89.0,0.46113989637305697,0.538860103626943,0.06000667521562703,1.1579495186052564,7.684809976823482,0.46113989637305697,7.684809976823482,0.46113989637305697,193.0,0.029380744312189244,0.05708430913348946,343.54446829484493
our_vol2,Our vol2 ETAS-enhanced STNPP-GAT,109,2024-03-06,0.07,0.07000193229926045,3985,99.0,0.5129533678756477,0.4870466321243523,0.07000193229926045,1.1041405269761606,7.327702979437139,0.5129533678756477,7.327702979437139,0.5129533678756477,193.0,0.0322497085869706,0.06248431618569636,343.54446829484493
our_vol2,Our vol2 ETAS-enhanced STNPP-GAT,109,2024-03-06,0.08,0.08001475573980713,4555,104.0,0.538860103626943,0.46113989637305697,0.08001475573980713,1.0147578973045495,6.734509137029854,0.538860103626943,6.734509137029854,0.538860103626943,193.0,0.03299693842839324,0.06388583973655323,343.54446829484493
our_vol2,Our vol2 ETAS-enhanced STNPP-GAT,109,2024-03-06,0.09,0.09001001282344055,5124,107.0,0.5544041450777202,0.4455958549222798,0.09001001282344055,0.9280943707173215,6.159360805394101,0.5544041450777202,6.159360805394101,0.5544041450777202,193.0,0.042098840756558877,0.08079625292740047,343.54446829484493
our_vol2,Our vol2 ETAS-enhanced STNPP-GAT,109,2024-03-06,0.1,0.10000526990707397,5693,113.0,0.5854922279792746,0.4145077720207254,0.10000526990707397,0.8821749907293557,5.8546137470887345,0.5854922279792746,5.8546137470887345,0.5854922279792746,193.0,0.0503690036900369,0.09590725452309855,343.54446829484493
our_vol2,Our vol2 ETAS-enhanced STNPP-GAT,110,2024-03-20,0.01,0.010012823440546666,570,26.0,0.13978494623655913,0.8602150537634409,0.010012823440546666,2.0272904483430803,13.960592341067722,0.13978494623655913,13.960592341067722,0.13978494623655913,186.0,0.02242152466367713,0.043859649122807015,1266.2968082772572
our_vol2,Our vol2 ETAS-enhanced STNPP-GAT,110,2024-03-20,0.02,0.02000808052418009,1139,36.0,0.1935483870967742,0.8064516129032258,0.02000808052418009,1.404741000877963,9.673511002860462,0.1935483870967742,9.673511002860462,0.1935483870967742,186.0,0.017873100983020553,0.03511852502194908,1266.2968082772572
our_vol2,Our vol2 ETAS-enhanced STNPP-GAT,110,2024-03-20,0.03,0.030003337607813516,1708,43.0,0.23118279569892472,0.7688172043010753,0.030003337607813516,1.1189175123601354,7.7052359547732365,0.23118279569892472,7.7052359547732365,0.23118279569892472,186.0,0.020005971931919976,0.039227166276346606,1266.2968082772572
our_vol2,Our vol2 ETAS-enhanced STNPP-GAT,110,2024-03-20,0.04,0.04001616104836018,2278,56.0,0.3010752688172043,0.6989247311827957,0.04001616104836018,1.0925763340161936,7.523841891113692,0.3010752688172043,7.523841891113692,0.3010752688172043,186.0,0.024510906228918373,0.04784899034240562,1266.2968082772572
our_vol2,Our vol2 ETAS-enhanced STNPP-GAT,110,2024-03-20,0.05,0.050011418131993605,2847,62.0,0.3333333333333333,0.6666666666666667,0.050011418131993605,0.9678804199352143,6.665144596651445,0.3333333333333333,6.665144596651445,0.3333333333333333,186.0,0.023732470334412083,0.04636459430979979,1266.2968082772572
our_vol2,Our vol2 ETAS-enhanced STNPP-GAT,110,2024-03-20,0.06,0.06000667521562703,3416,69.0,0.3709677419354839,0.6290322580645161,0.06000667521562703,0.897736143637783,6.182107917201783,0.3709677419354839,6.182107917201783,0.3709677419354839,186.0,0.02690515556891628,0.052400468384074944,1266.2968082772572
our_vol2,Our vol2 ETAS-enhanced STNPP-GAT,110,2024-03-20,0.07,0.07000193229926045,3985,81.0,0.43548387096774194,0.564516129032258,0.07000193229926045,0.903387703889586,6.2210264297567495,0.43548387096774194,6.2210264297567495,0.43548387096774194,186.0,0.030914500064674687,0.05997490589711418,1266.2968082772572
our_vol2,Our vol2 ETAS-enhanced STNPP-GAT,110,2024-03-20,0.08,0.08001475573980713,4555,89.0,0.478494623655914,0.521505376344086,0.08001475573980713,0.8683985851933163,5.980079789431441,0.478494623655914,5.980079789431441,0.478494623655914,186.0,0.03194381513366561,0.061909989023051594,1266.2968082772572
our_vol2,Our vol2 ETAS-enhanced STNPP-GAT,110,2024-03-20,0.09,0.09001001282344055,5124,99.0,0.532258064516129,0.467741935483871,0.09001001282344055,0.8587041373926619,5.913320616453879,0.532258064516129,5.913320616453879,0.532258064516129,186.0,0.04061738424045491,0.078064012490242,1266.2968082772572
our_vol2,Our vol2 ETAS-enhanced STNPP-GAT,110,2024-03-20,0.1,0.10000526990707397,5693,106.0,0.5698924731182796,0.4301075268817204,0.10000526990707397,0.827526982454086,5.698624418971422,0.5698924731182796,5.698624418971422,0.5698924731182796,186.0,0.048820928518791454,0.09309678552608466,1266.2968082772572
our_vol2,Our vol2 ETAS-enhanced STNPP-GAT,111,2024-04-03,0.01,0.010012823440546666,570,16.0,0.10666666666666667,0.8933333333333333,0.010012823440546666,1.2475633528265109,10.653005847953215,0.10666666666666667,10.653005847953215,0.10666666666666667,150.0,0.014234875444839857,0.028070175438596492,1430.652625305365
our_vol2,Our vol2 ETAS-enhanced STNPP-GAT,111,2024-04-03,0.02,0.02000808052418009,1139,28.0,0.18666666666666668,0.8133333333333334,0.02000808052418009,1.0925763340161936,9.329563944980979,0.18666666666666668,9.329563944980979,0.18666666666666668,150.0,0.015151515151515152,0.029850746268656716,1430.652625305365
our_vol2,Our vol2 ETAS-enhanced STNPP-GAT,111,2024-04-03,0.03,0.030003337607813516,1708,39.0,0.26,0.74,0.030003337607813516,1.014832162373146,8.665702576112412,0.26,8.665702576112412,0.26,150.0,0.020615476546160742,0.04039812646370024,1430.652625305365
our_vol2,Our vol2 ETAS-enhanced STNPP-GAT,111,2024-04-03,0.04,0.04001616104836018,2278,43.0,0.2866666666666667,0.7133333333333334,0.04001616104836018,0.8389425421910057,7.163772314896108,0.2866666666666667,7.163772314896108,0.2866666666666667,150.0,0.021982951996410947,0.04302019315188762,1430.652625305365
our_vol2,Our vol2 ETAS-enhanced STNPP-GAT,111,2024-04-03,0.05,0.050011418131993605,2847,47.0,0.31333333333333335,0.6866666666666666,0.050011418131993605,0.7337158022089528,6.265235920852359,0.31333333333333335,6.265235920852359,0.31333333333333335,150.0,0.022262118491921005,0.04355461889708465,1430.652625305365
our_vol2,Our vol2 ETAS-enhanced STNPP-GAT,111,2024-04-03,0.06,0.06000667521562703,3416,54.0,0.36,0.64,0.06000667521562703,0.702576112412178,5.999332552693208,0.36,5.999332552693208,0.36,150.0,0.025056264066016503,0.04888758782201405,1430.652625305365
our_vol2,Our vol2 ETAS-enhanced STNPP-GAT,111,2024-04-03,0.07,0.07000193229926045,3985,65.0,0.43333333333333335,0.5666666666666667,0.07000193229926045,0.7249407500348529,6.190305311585111,0.43333333333333335,6.190305311585111,0.43333333333333335,150.0,0.029715762273901807,0.05771643663739021,1430.652625305365
our_vol2,Our vol2 ETAS-enhanced STNPP-GAT,111,2024-04-03,0.08,0.08001475573980713,4555,69.0,0.46,0.54,0.08001475573980713,0.6732528357116722,5.748939626783754,0.46,5.748939626783754,0.46,150.0,0.031009506564056134,0.0601536772777168,1430.652625305365
our_vol2,Our vol2 ETAS-enhanced STNPP-GAT,111,2024-04-03,0.09,0.09001001282344055,5124,76.0,0.5066666666666667,0.4933333333333333,0.09001001282344055,0.6592072165842657,5.629003382773875,0.5066666666666667,5.629003382773875,0.5066666666666667,150.0,0.03977272727272727,0.07650273224043716,1430.652625305365
our_vol2,Our vol2 ETAS-enhanced STNPP-GAT,111,2024-04-03,0.1,0.10000526990707397,5693,79.0,0.5266666666666666,0.4733333333333334,0.10000526990707397,0.6167418076780452,5.266389132853211,0.5266666666666666,5.266389132853211,0.5266666666666666,150.0,0.047855696668507273,0.091340242402951,1430.652625305365
our_vol2,Our vol2 ETAS-enhanced STNPP-GAT,112,2024-04-17,0.01,0.010012823440546666,570,24.0,0.14035087719298245,0.8596491228070176,0.010012823440546666,1.8713450292397662,14.017112957833177,0.14035087719298245,14.017112957833177,0.14035087719298245,171.0,0.021505376344086023,0.042105263157894736,2477.8308634371597
our_vol2,Our vol2 ETAS-enhanced STNPP-GAT,112,2024-04-17,0.02,0.02000808052418009,1139,34.0,0.19883040935672514,0.8011695906432749,0.02000808052418009,1.3266998341625207,9.93750545518024,0.19883040935672514,9.93750545518024,0.19883040935672514,171.0,0.016964285714285713,0.033362598770851626,2477.8308634371597
our_vol2,Our vol2 ETAS-enhanced STNPP-GAT,112,2024-04-17,0.03,0.030003337607813516,1708,50.0,0.29239766081871343,0.7076023391812866,0.030003337607813516,1.3010668748373666,9.745504471561416,0.29239766081871343,9.745504471561416,0.29239766081871343,171.0,0.022754491017964073,0.04449648711943794,2477.8308634371597
our_vol2,Our vol2 ETAS-enhanced STNPP-GAT,112,2024-04-17,0.04,0.04001616104836018,2278,57.0,0.3333333333333333,0.6666666666666667,0.04001616104836018,1.1120866256950541,8.32996780801873,0.3333333333333333,8.32996780801873,0.3333333333333333,171.0,0.024971878515185602,0.048726953467954345,2477.8308634371597
our_vol2,Our vol2 ETAS-enhanced STNPP-GAT,112,2024-04-17,0.05,0.050011418131993605,2847,64.0,0.3742690058479532,0.6257309941520468,0.050011418131993605,0.9991023689653826,7.483671126064781,0.3742690058479532,7.483671126064781,0.3742690058479532,171.0,0.024469233537243614,0.04776958201615736,2477.8308634371597
our_vol2,Our vol2 ETAS-enhanced STNPP-GAT,112,2024-04-17,0.06,0.06000667521562703,3416,72.0,0.42105263157894735,0.5789473684210527,0.06000667521562703,0.936768149882904,7.01676321952422,0.42105263157894735,7.01676321952422,0.42105263157894735,171.0,0.027522935779816515,0.05357142857142857,2477.8308634371597
our_vol2,Our vol2 ETAS-enhanced STNPP-GAT,112,2024-04-17,0.07,0.07000193229926045,3985,83.0,0.4853801169590643,0.5146198830409356,0.07000193229926045,0.9256935731214276,6.933810268037304,0.4853801169590643,6.933810268037304,0.4853801169590643,171.0,0.03211603211603212,0.06223337515683814,2477.8308634371597
our_vol2,Our vol2 ETAS-enhanced STNPP-GAT,112,2024-04-17,0.08,0.08001475573980713,4555,90.0,0.5263157894736842,0.4736842105263158,0.08001475573980713,0.8781558726673985,6.577734126754867,0.5263157894736842,6.577734126754867,0.5263157894736842,171.0,0.033114084826491266,0.06410537870472009,2477.8308634371597
our_vol2,Our vol2 ETAS-enhanced STNPP-GAT,112,2024-04-17,0.09,0.09001001282344055,5124,92.0,0.5380116959064327,0.4619883040935673,0.09001001282344055,0.7979876832335848,5.977242742557668,0.5380116959064327,5.977242742557668,0.5380116959064327,171.0,0.0409344845099035,0.07864949258391882,2477.8308634371597
our_vol2,Our vol2 ETAS-enhanced STNPP-GAT,112,2024-04-17,0.1,0.10000526990707397,5693,97.0,0.5672514619883041,0.4327485380116959,0.10000526990707397,0.757265257528739,5.672215699386649,0.5672514619883041,5.672215699386649,0.5672514619883041,171.0,0.04843462246777164,0.0923941682768312,2477.8308634371597
our_vol2,Our vol2 ETAS-enhanced STNPP-GAT,113,2024-05-01,0.01,0.010012823440546666,570,25.0,0.13966480446927373,0.8603351955307262,0.010012823440546666,1.9493177387914231,13.948593550916396,0.13966480446927373,13.948593550916396,0.13966480446927373,179.0,0.020590868397493287,0.04035087719298246,2856.2354107751917
our_vol2,Our vol2 ETAS-enhanced STNPP-GAT,113,2024-05-01,0.02,0.02000808052418009,1139,41.0,0.22905027932960895,0.770949720670391,0.02000808052418009,1.599843917666569,11.447888719400042,0.22905027932960895,11.447888719400042,0.22905027932960895,179.0,0.01923937360178971,0.03775241439859526,2856.2354107751917
our_vol2,Our vol2 ETAS-enhanced STNPP-GAT,113,2024-05-01,0.03,0.030003337607813516,1708,52.0,0.2905027932960894,0.7094972067039106,0.030003337607813516,1.3531095498308614,9.682349247052976,0.2905027932960894,9.682349247052976,0.2905027932960894,179.0,0.023060796645702306,0.045081967213114756,2856.2354107751917
our_vol2,Our vol2 ETAS-enhanced STNPP-GAT,113,2024-05-01,0.04,0.04001616104836018,2278,67.0,0.3743016759776536,0.6256983240223464,0.04001616104836018,1.3071895424836601,9.353762734143936,0.3743016759776536,9.353762734143936,0.3743016759776536,179.0,0.02774644710128581,0.053994732221246705,2856.2354107751917
our_vol2,Our vol2 ETAS-enhanced STNPP-GAT,113,2024-05-01,0.05,0.050011418131993605,2847,75.0,0.41899441340782123,0.5810055865921788,0.050011418131993605,1.1708230886313078,8.377975051656845,0.41899441340782123,8.377975051656845,0.41899441340782123,179.0,0.02742692168892097,0.053389532841587636,2856.2354107751917
our_vol2,Our vol2 ETAS-enhanced STNPP-GAT,113,2024-05-01,0.06,0.06000667521562703,3416,77.0,0.4301675977653631,0.5698324022346368,0.06000667521562703,1.0018214936247722,7.168662423298836,0.4301675977653631,7.168662423298836,0.4301675977653631,179.0,0.02907064316915198,0.05649882903981265,2856.2354107751917
our_vol2,Our vol2 ETAS-enhanced STNPP-GAT,113,2024-05-01,0.07,0.07000193229926045,3985,83.0,0.46368715083798884,0.5363128491620112,0.07000193229926045,0.9256935731214276,6.623919306337313,0.46368715083798884,6.623919306337313,0.46368715083798884,179.0,0.0325171654359373,0.0629861982434128,2856.2354107751917
our_vol2,Our vol2 ETAS-enhanced STNPP-GAT,113,2024-05-01,0.08,0.08001475573980713,4555,93.0,0.5195530726256983,0.4804469273743017,0.08001475573980713,0.9074277350896451,6.493215755293771,0.5195530726256983,6.493215755293771,0.5195530726256983,179.0,0.03393485415957326,0.06564215148188804,2856.2354107751917
our_vol2,Our vol2 ETAS-enhanced STNPP-GAT,113,2024-05-01,0.09,0.09001001282344055,5124,97.0,0.5418994413407822,0.45810055865921784,0.09001001282344055,0.8413565790614971,6.020435108744477,0.5418994413407822,6.020435108744477,0.5418994413407822,179.0,0.04114599207558671,0.07903981264637003,2856.2354107751917
our_vol2,Our vol2 ETAS-enhanced STNPP-GAT,113,2024-05-01,0.1,0.10000526990707397,5693,106.0,0.5921787709497207,0.4078212290502793,0.10000526990707397,0.827526982454086,5.921475653232874,0.5921787709497207,5.921475653232874,0.5921787709497207,179.0,0.048724325320070004,0.0929211312137713,2856.2354107751917
our_vol2,Our vol2 ETAS-enhanced STNPP-GAT,114,2024-05-15,0.01,0.010012823440546666,570,17.0,0.1452991452991453,0.8547008547008547,0.010012823440546666,1.3255360623781678,14.511306042884991,0.1452991452991453,14.511306042884991,0.1452991452991453,117.0,0.015138023152270703,0.02982456140350877,427.5307996658298
our_vol2,Our vol2 ETAS-enhanced STNPP-GAT,114,2024-05-15,0.02,0.02000808052418009,1139,28.0,0.23931623931623933,0.7606837606837606,0.02000808052418009,1.0925763340161936,11.96097941664228,0.23931623931623933,11.96097941664228,0.23931623931623933,117.0,0.015151515151515152,0.029850746268656716,427.5307996658298
our_vol2,Our vol2 ETAS-enhanced STNPP-GAT,114,2024-05-15,0.03,0.030003337607813516,1708,35.0,0.29914529914529914,0.7008547008547008,0.030003337607813516,0.9107468123861566,9.970400728597449,0.29914529914529914,9.970400728597449,0.29914529914529914,117.0,0.01939719486720382,0.038056206088992975,427.5307996658298
our_vol2,Our vol2 ETAS-enhanced STNPP-GAT,114,2024-05-15,0.04,0.04001616104836018,2278,46.0,0.39316239316239315,0.6068376068376069,0.04001616104836018,0.8974734172275876,9.825090235099015,0.39316239316239315,9.825090235099015,0.39316239316239315,117.0,0.02336028751123091,0.0456540825285338,427.5307996658298
our_vol2,Our vol2 ETAS-enhanced STNPP-GAT,114,2024-05-15,0.05,0.050011418131993605,2847,50.0,0.42735042735042733,0.5726495726495726,0.050011418131993605,0.7805487257542052,8.545057175194161,0.42735042735042733,8.545057175194161,0.42735042735042733,117.0,0.022996766079770033,0.04495960660344222,427.5307996658298
our_vol2,Our vol2 ETAS-enhanced STNPP-GAT,114,2024-05-15,0.06,0.06000667521562703,3416,55.0,0.4700854700854701,0.5299145299145299,0.06000667521562703,0.7155867811605516,7.833886286755139,0.4700854700854701,7.833886286755139,0.4700854700854701,117.0,0.025825825825825825,0.05035128805620609,427.5307996658298
our_vol2,Our vol2 ETAS-enhanced STNPP-GAT,114,2024-05-15,0.07,0.07000193229926045,3985,58.0,0.49572649572649574,0.5042735042735043,0.07000193229926045,0.6468702077234073,7.081611599052001,0.49572649572649574,7.081611599052001,0.49572649572649574,117.0,0.028918151303898788,0.056210790464240906,427.5307996658298
our_vol2,Our vol2 ETAS-enhanced STNPP-GAT,114,2024-05-15,0.08,0.08001475573980713,4555,61.0,0.5213675213675214,0.4786324786324786,0.08001475573980713,0.5951945359190145,6.5158921819734115,0.5213675213675214,6.5158921819734115,0.5213675213675214,117.0,0.030892836935611633,0.059934138309549946,427.5307996658298
our_vol2,Our vol2 ETAS-enhanced STNPP-GAT,114,2024-05-15,0.09,0.09001001282344055,5124,62.0,0.5299145299145299,0.4700854700854701,0.09001001282344055,0.5377743082661115,5.887284239743256,0.5299145299145299,5.887284239743256,0.5299145299145299,117.0,0.03829787234042553,0.07377049180327869,427.5307996658298
our_vol2,Our vol2 ETAS-enhanced STNPP-GAT,114,2024-05-15,0.1,0.10000526990707397,5693,64.0,0.5470085470085471,0.45299145299145294,0.10000526990707397,0.49963893280246696,5.469797216855008,0.5470085470085471,5.469797216855008,0.5470085470085471,117.0,0.045546372819100095,0.08712453890743017,427.5307996658298
our_vol2,Our vol2 ETAS-enhanced STNPP-GAT,115,2024-05-29,0.01,0.010012823440546666,570,16.0,0.14414414414414414,0.8558558558558559,0.010012823440546666,1.2475633528265109,14.395953848585426,0.14414414414414414,14.395953848585426,0.14414414414414414,111.0,0.013333333333333334,0.02631578947368421,1872.1983086255757
our_vol2,Our vol2 ETAS-enhanced STNPP-GAT,115,2024-05-29,0.02,0.02000808052418009,1139,25.0,0.22522522522522523,0.7747747747747747,0.02000808052418009,0.9755145839430299,11.256713254079365,0.22522522522522523,11.256713254079365,0.22522522522522523,111.0,0.013345195729537367,0.02633889376646181,1872.1983086255757
our_vol2,Our vol2 ETAS-enhanced STNPP-GAT,115,2024-05-29,0.03,0.030003337607813516,1708,31.0,0.27927927927927926,0.7207207207207207,0.030003337607813516,0.8066614623991674,9.308273730404878,0.27927927927927926,9.308273730404878,0.27927927927927926,111.0,0.01818181818181818,0.03571428571428571,1872.1983086255757
our_vol2,Our vol2 ETAS-enhanced STNPP-GAT,115,2024-05-29,0.04,0.04001616104836018,2278,37.0,0.3333333333333333,0.6666666666666667,0.04001616104836018,0.7218807921178422,8.32996780801873,0.3333333333333333,8.32996780801873,0.3333333333333333,111.0,0.021295673615781215,0.04170324846356453,1872.1983086255757
our_vol2,Our vol2 ETAS-enhanced STNPP-GAT,115,2024-05-29,0.05,0.050011418131993605,2847,39.0,0.35135135135135137,0.6486486486486487,0.050011418131993605,0.60882800608828,7.02542268295693,0.35135135135135137,7.02542268295693,0.35135135135135137,111.0,0.02244568145088885,0.04390586582367404,1872.1983086255757
our_vol2,Our vol2 ETAS-enhanced STNPP-GAT,115,2024-05-29,0.06,0.06000667521562703,3416,41.0,0.36936936936936937,0.6306306306306306,0.06000667521562703,0.5334374186833203,6.155471337848387,0.36936936936936937,6.155471337848387,0.36936936936936937,111.0,0.022754491017964073,0.04449648711943794,1872.1983086255757
our_vol2,Our vol2 ETAS-enhanced STNPP-GAT,115,2024-05-29,0.07,0.07000193229926045,3985,46.0,0.4144144144144144,0.5855855855855856,0.07000193229926045,0.5130349923323575,5.920042501723807,0.4144144144144144,5.920042501723807,0.4144144144144144,111.0,0.02745906922779425,0.053450439146800505,1872.1983086255757
our_vol2,Our vol2 ETAS-enhanced STNPP-GAT,115,2024-05-29,0.08,0.08001475573980713,4555,52.0,0.46846846846846846,0.5315315315315315,0.08001475573980713,0.5073789486522747,5.8547759614718995,0.46846846846846846,5.8547759614718995,0.46846846846846846,111.0,0.030309884641483827,0.0588364434687157,1872.1983086255757
our_vol2,Our vol2 ETAS-enhanced STNPP-GAT,115,2024-05-29,0.09,0.09001001282344055,5124,57.0,0.5135135135135135,0.4864864864864865,0.09001001282344055,0.4944054124381993,5.7050709960546016,0.5135135135135135,5.7050709960546016,0.5135135135135135,111.0,0.036617438802346754,0.070647931303669,1872.1983086255757
our_vol2,Our vol2 ETAS-enhanced STNPP-GAT,115,2024-05-29,0.1,0.10000526990707397,5693,59.0,0.5315315315315315,0.46846846846846846,0.10000526990707397,0.46060464117727423,5.315035217898384,0.5315315315315315,5.315035217898384,0.5315315315315315,111.0,0.04516247475674683,0.0864219216581767,1872.1983086255757
our_vol2,Our vol2 ETAS-enhanced STNPP-GAT,116,2024-06-12,0.01,0.010012823440546666,570,22.0,0.15384615384615385,0.8461538461538461,0.010012823440546666,1.7153996101364524,15.364912280701754,0.15384615384615385,15.364912280701754,0.15384615384615385,143.0,0.017857142857142856,0.03508771929824561,433.54686980091935
our_vol2,Our vol2 ETAS-enhanced STNPP-GAT,116,2024-06-12,0.02,0.02000808052418009,1139,37.0,0.25874125874125875,0.7412587412587412,0.02000808052418009,1.4437615842356843,12.931838135525581,0.25874125874125875,12.931838135525581,0.25874125874125875,143.0,0.018328118015198926,0.035996488147497806,433.54686980091935
our_vol2,Our vol2 ETAS-enhanced STNPP-GAT,116,2024-06-12,0.03,0.030003337607813516,1708,47.0,0.32867132867132864,0.6713286713286714,0.030003337607813516,1.2230028623471247,10.954492229082392,0.32867132867132864,10.954492229082392,0.32867132867132864,143.0,0.022142429682824656,0.04332552693208431,433.54686980091935
our_vol2,Our vol2 ETAS-enhanced STNPP-GAT,116,2024-06-12,0.04,0.04001616104836018,2278,54.0,0.3776223776223776,0.6223776223776224,0.04001616104836018,1.0535557506584723,9.436746747545694,0.3776223776223776,9.436746747545694,0.3776223776223776,143.0,0.024280575539568347,0.04741000877963126,433.54686980091935
our_vol2,Our vol2 ETAS-enhanced STNPP-GAT,116,2024-06-12,0.05,0.050011418131993605,2847,66.0,0.46153846153846156,0.5384615384615384,0.050011418131993605,1.0303243179955508,9.228661749209696,0.46153846153846156,9.228661749209696,0.46153846153846156,143.0,0.025576368876080693,0.049877063575693714,433.54686980091935
our_vol2,Our vol2 ETAS-enhanced STNPP-GAT,116,2024-06-12,0.06,0.06000667521562703,3416,71.0,0.4965034965034965,0.5034965034965035,0.06000667521562703,0.9237574811345303,8.274137747498402,0.4965034965034965,8.274137747498402,0.4965034965034965,143.0,0.025825825825825825,0.05035128805620609,433.54686980091935
our_vol2,Our vol2 ETAS-enhanced STNPP-GAT,116,2024-06-12,0.07,0.07000193229926045,3985,74.0,0.5174825174825175,0.4825174825174825,0.07000193229926045,0.8253171615781403,7.392403330671838,0.5174825174825175,7.392403330671838,0.5174825174825175,143.0,0.028918151303898788,0.056210790464240906,433.54686980091935
our_vol2,Our vol2 ETAS-enhanced STNPP-GAT,116,2024-06-12,0.08,0.08001475573980713,4555,75.0,0.5244755244755245,0.4755244755244755,0.08001475573980713,0.7317965605561654,6.554735056381598,0.5244755244755245,6.554735056381598,0.5244755244755245,143.0,0.03194381513366561,0.061909989023051594,433.54686980091935
our_vol2,Our vol2 ETAS-enhanced STNPP-GAT,116,2024-06-12,0.09,0.09001001282344055,5124,81.0,0.5664335664335665,0.43356643356643354,0.09001001282344055,0.702576112412178,6.293006174153715,0.5664335664335665,6.293006174153715,0.5664335664335665,143.0,0.036827195467422094,0.07103825136612021,433.54686980091935
our_vol2,Our vol2 ETAS-enhanced STNPP-GAT,116,2024-06-12,0.1,0.10000526990707397,5693,83.0,0.5804195804195804,0.4195804195804196,0.10000526990707397,0.6479692409781993,5.8038899445890495,0.5804195804195804,5.8038899445890495,0.5804195804195804,143.0,0.04573842762674504,0.08747584753205691,433.54686980091935
our_vol2,Our vol2 ETAS-enhanced STNPP-GAT,117,2024-06-26,0.01,0.010012823440546666,570,17.0,0.1588785046728972,0.8411214953271028,0.010012823440546666,1.3255360623781678,15.867502869322838,0.1588785046728972,15.867502869322838,0.1588785046728972,107.0,0.014234875444839857,0.028070175438596492,1234.5712681375219
our_vol2,Our vol2 ETAS-enhanced STNPP-GAT,117,2024-06-26,0.02,0.02000808052418009,1139,24.0,0.22429906542056074,0.7757009345794392,0.02000808052418009,0.9364940005853087,11.21042396593175,0.22429906542056074,11.21042396593175,0.22429906542056074,107.0,0.012444444444444444,0.024582967515364356,1234.5712681375219
our_vol2,Our vol2 ETAS-enhanced STNPP-GAT,117,2024-06-26,0.03,0.030003337607813516,1708,33.0,0.308411214953271,0.691588785046729,0.030003337607813516,0.8587041373926619,10.279230230471228,0.308411214953271,10.279230230471228,0.308411214953271,107.0,0.018789144050104383,0.036885245901639344,1234.5712681375219
our_vol2,Our vol2 ETAS-enhanced STNPP-GAT,117,2024-06-26,0.04,0.04001616104836018,2278,42.0,0.3925233644859813,0.6074766355140186,0.04001616104836018,0.8194322505121451,9.80912097019028,0.3925233644859813,9.80912097019028,0.3925233644859813,107.0,0.021524663677130046,0.04214223002633889,1234.5712681375219
our_vol2,Our vol2 ETAS-enhanced STNPP-GAT,117,2024-06-26,0.05,0.050011418131993605,2847,46.0,0.42990654205607476,0.5700934579439252,0.050011418131993605,0.7181048276938687,8.596167797550462,0.42990654205607476,8.596167797550462,0.42990654205607476,107.0,0.02244568145088885,0.04390586582367404,1234.5712681375219
our_vol2,Our vol2 ETAS-enhanced STNPP-GAT,117,2024-06-26,0.06,0.06000667521562703,3416,54.0,0.5046728971962616,0.4953271028037384,0.06000667521562703,0.702576112412178,8.410279279476459,0.5046728971962616,8.410279279476459,0.5046728971962616,107.0,0.024441445494077074,0.04771662763466042,1234.5712681375219
our_vol2,Our vol2 ETAS-enhanced STNPP-GAT,117,2024-06-26,0.07,0.07000193229926045,3985,58.0,0.5420560747663551,0.4579439252336449,0.07000193229926045,0.6468702077234073,7.743444458776486,0.5420560747663551,7.743444458776486,0.5420560747663551,107.0,0.027194226060059286,0.05294855708908407,1234.5712681375219
our_vol2,Our vol2 ETAS-enhanced STNPP-GAT,117,2024-06-26,0.08,0.08001475573980713,4555,62.0,0.5794392523364486,0.42056074766355145,0.08001475573980713,0.6049518233930967,7.241654954502087,0.5794392523364486,7.241654954502087,0.5794392523364486,107.0,0.033700215590604786,0.06520307354555434,1234.5712681375219
our_vol2,Our vol2 ETAS-enhanced STNPP-GAT,117,2024-06-26,0.09,0.09001001282344055,5124,65.0,0.6074766355140186,0.39252336448598135,0.09001001282344055,0.5637956457628589,6.748989545258887,0.6074766355140186,6.748989545258887,0.6074766355140186,107.0,0.03483792790063617,0.06733021077283373,1234.5712681375219
our_vol2,Our vol2 ETAS-enhanced STNPP-GAT,117,2024-06-26,0.1,0.10000526990707397,5693,65.0,0.6074766355140186,0.39252336448598135,0.10000526990707397,0.5074457911275055,6.074446237468214,0.6074766355140186,6.074446237468214,0.6074766355140186,107.0,0.04391675071055286,0.08413841559810294,1234.5712681375219
our_vol2,Our vol2 ETAS-enhanced STNPP-GAT,118,2024-07-10,0.01,0.010012823440546666,570,21.0,0.16030534351145037,0.8396946564885497,0.010012823440546666,1.6374269005847955,16.01000401767778,0.16030534351145037,16.01000401767778,0.16030534351145037,131.0,0.01694915254237288,0.03333333333333333,759.2068769348471
our_vol2,Our vol2 ETAS-enhanced STNPP-GAT,118,2024-07-10,0.02,0.02000808052418009,1139,25.0,0.19083969465648856,0.8091603053435115,0.02000808052418009,0.9755145839430299,9.538131077884042,0.19083969465648856,9.538131077884042,0.19083969465648856,131.0,0.012444444444444444,0.024582967515364356,759.2068769348471
our_vol2,Our vol2 ETAS-enhanced STNPP-GAT,118,2024-07-10,0.03,0.030003337607813516,1708,31.0,0.2366412213740458,0.7633587786259541,0.030003337607813516,0.8066614623991674,7.887163237213294,0.2366412213740458,7.887163237213294,0.2366412213740458,131.0,0.018485390578413835,0.03629976580796253,759.2068769348471
our_vol2,Our vol2 ETAS-enhanced STNPP-GAT,118,2024-07-10,0.04,0.04001616104836018,2278,38.0,0.2900763358778626,0.7099236641221374,0.04001616104836018,0.7413910837967027,7.248979619191871,0.2900763358778626,7.248979619191871,0.2900763358778626,131.0,0.019923886277143497,0.03906935908691835,759.2068769348471
our_vol2,Our vol2 ETAS-enhanced STNPP-GAT,118,2024-07-10,0.05,0.050011418131993605,2847,42.0,0.32061068702290074,0.6793893129770993,0.050011418131993605,0.6556609296335323,6.410749764718184,0.32061068702290074,6.410749764718184,0.32061068702290074,131.0,0.02189519023689878,0.04285212504390586,759.2068769348471
our_vol2,Our vol2 ETAS-enhanced STNPP-GAT,118,2024-07-10,0.06,0.06000667521562703,3416,47.0,0.35877862595419846,0.6412213740458015,0.06000667521562703,0.6115014311735624,5.978978583048787,0.35877862595419846,5.978978583048787,0.35877862595419846,131.0,0.028296207104154123,0.05503512880562061,759.2068769348471
our_vol2,Our vol2 ETAS-enhanced STNPP-GAT,118,2024-07-10,0.07,0.07000193229926045,3985,50.0,0.3816793893129771,0.6183206106870229,0.07000193229926045,0.5576467307960408,5.452412194584655,0.3816793893129771,5.452412194584655,0.3816793893129771,131.0,0.026797217212058747,0.05219573400250941,759.2068769348471
our_vol2,Our vol2 ETAS-enhanced STNPP-GAT,118,2024-07-10,0.08,0.08001475573980713,4555,59.0,0.45038167938931295,0.549618320610687,0.08001475573980713,0.5756799609708502,5.628732790910081,0.45038167938931295,5.628732790910081,0.45038167938931295,131.0,0.03252861838376969,0.06300768386388585,759.2068769348471
our_vol2,Our vol2 ETAS-enhanced STNPP-GAT,118,2024-07-10,0.09,0.09001001282344055,5124,61.0,0.46564885496183206,0.5343511450381679,0.09001001282344055,0.5291005291005291,5.173300617957106,0.46564885496183206,5.173300617957106,0.46564885496183206,131.0,0.039245512625494375,0.07552693208430913,759.2068769348471
our_vol2,Our vol2 ETAS-enhanced STNPP-GAT,118,2024-07-10,0.1,0.10000526990707397,5693,63.0,0.48091603053435117,0.5190839694656488,0.10000526990707397,0.49183207447742844,4.80890688041964,0.48091603053435117,4.80890688041964,0.48091603053435117,131.0,0.04296052028945681,0.08238187247496927,759.2068769348471
our_vol2,Our vol2 ETAS-enhanced STNPP-GAT,119,2024-07-24,0.01,0.010012823440546666,570,25.0,0.18248175182481752,0.8175182481751825,0.010012823440546666,1.9493177387914231,18.224804712511204,0.18248175182481752,18.224804712511204,0.18248175182481752,137.0,0.021505376344086023,0.042105263157894736,1448.5772990511923
our_vol2,Our vol2 ETAS-enhanced STNPP-GAT,119,2024-07-24,0.02,0.02000808052418009,1139,39.0,0.2846715328467153,0.7153284671532847,0.02000808052418009,1.5218027509511267,14.22782822683491,0.2846715328467153,14.22782822683491,0.2846715328467153,137.0,0.018328118015198926,0.035996488147497806,1448.5772990511923
our_vol2,Our vol2 ETAS-enhanced STNPP-GAT,119,2024-07-24,0.03,0.030003337607813516,1708,43.0,0.31386861313868614,0.6861313868613139,0.030003337607813516,1.1189175123601354,10.461123267064394,0.31386861313868614,10.461123267064394,0.31386861313868614,137.0,0.0215311004784689,0.04215456674473068,1448.5772990511923
our_vol2,Our vol2 ETAS-enhanced STNPP-GAT,119,2024-07-24,0.04,0.04001616104836018,2278,53.0,0.38686131386861317,0.6131386861313868,0.04001616104836018,1.0340454589796118,9.667626872080133,0.38686131386861317,9.667626872080133,0.38686131386861317,137.0,0.023130473837862115,0.04521510096575944,1448.5772990511923
our_vol2,Our vol2 ETAS-enhanced STNPP-GAT,119,2024-07-24,0.05,0.050011418131993605,2847,61.0,0.44525547445255476,0.5547445255474452,0.050011418131993605,0.9522694454201303,8.903076359030765,0.44525547445255476,8.903076359030765,0.44525547445255476,137.0,0.024284943335132217,0.04741833508956796,1448.5772990511923
our_vol2,Our vol2 ETAS-enhanced STNPP-GAT,119,2024-07-24,0.06,0.06000667521562703,3416,64.0,0.46715328467153283,0.5328467153284672,0.06000667521562703,0.8326827998959146,7.785021966187456,0.46715328467153283,7.785021966187456,0.46715328467153283,137.0,0.030156815440289506,0.0585480093676815,1448.5772990511923
our_vol2,Our vol2 ETAS-enhanced STNPP-GAT,119,2024-07-24,0.07,0.07000193229926045,3985,69.0,0.5036496350364964,0.4963503649635036,0.07000193229926045,0.7695524884985362,7.194796179102291,0.5036496350364964,7.194796179102291,0.5036496350364964,137.0,0.02838709677419355,0.05520702634880803,1448.5772990511923
our_vol2,Our vol2 ETAS-enhanced STNPP-GAT,119,2024-07-24,0.08,0.08001475573980713,4555,75.0,0.5474452554744526,0.45255474452554745,0.08001475573980713,0.7317965605561654,6.841803744982252,0.5474452554744526,6.841803744982252,0.5474452554744526,137.0,0.03510964663106465,0.06783754116355653,1448.5772990511923
our_vol2,Our vol2 ETAS-enhanced STNPP-GAT,119,2024-07-24,0.09,0.09001001282344055,5124,79.0,0.5766423357664233,0.4233576642335767,0.09001001282344055,0.685228554081013,6.40642432634176,0.5766423357664233,6.40642432634176,0.5766423357664233,137.0,0.041886945912972755,0.08040593286494926,1448.5772990511923
our_vol2,Our vol2 ETAS-enhanced STNPP-GAT,119,2024-07-24,0.1,0.10000526990707397,5693,82.0,0.5985401459854015,0.4014598540145985,0.10000526990707397,0.6401623826531608,5.985086051380811,0.5985401459854015,5.985086051380811,0.5985401459854015,137.0,0.04583448149168733,0.08765150184437027,1448.5772990511923
our_vol2,Our vol2 ETAS-enhanced STNPP-GAT,120,2024-08-07,0.01,0.010012823440546666,570,23.0,0.2,0.8,0.010012823440546666,1.7933723196881093,19.97438596491228,0.2,19.97438596491228,0.2,115.0,0.01876675603217158,0.03684210526315789,417.99928272799923
our_vol2,Our vol2 ETAS-enhanced STNPP-GAT,120,2024-08-07,0.02,0.02000808052418009,1139,33.0,0.28695652173913044,0.7130434782608696,0.02000808052418009,1.2876792508047994,14.342031530327901,0.28695652173913044,14.342031530327901,0.28695652173913044,115.0,0.016057091882247992,0.03160667251975417,417.99928272799923
our_vol2,Our vol2 ETAS-enhanced STNPP-GAT,120,2024-08-07,0.03,0.030003337607813516,1708,39.0,0.3391304347826087,0.6608695652173913,0.030003337607813516,1.014832162373146,11.303090316668364,0.3391304347826087,11.303090316668364,0.3391304347826087,115.0,0.01909307875894988,0.03747072599531616,417.99928272799923
our_vol2,Our vol2 ETAS-enhanced STNPP-GAT,120,2024-08-07,0.04,0.04001616104836018,2278,48.0,0.41739130434782606,0.5826086956521739,0.04001616104836018,0.9364940005853087,10.430568385693018,0.41739130434782606,10.430568385693018,0.41739130434782606,115.0,0.020152261531571878,0.03950834064969271,417.99928272799923
our_vol2,Our vol2 ETAS-enhanced STNPP-GAT,120,2024-08-07,0.05,0.050011418131993605,2847,53.0,0.4608695652173913,0.5391304347826087,0.050011418131993605,0.8273816492994575,9.21528687710939,0.4608695652173913,9.21528687710939,0.4608695652173913,115.0,0.02207862143241788,0.04320337197049526,417.99928272799923
our_vol2,Our vol2 ETAS-enhanced STNPP-GAT,120,2024-08-07,0.06,0.06000667521562703,3416,56.0,0.48695652173913045,0.5130434782608695,0.06000667521562703,0.7285974499089253,8.115039201710621,0.48695652173913045,8.115039201710621,0.48695652173913045,115.0,0.02845100105374078,0.055327868852459015,417.99928272799923
our_vol2,Our vol2 ETAS-enhanced STNPP-GAT,120,2024-08-07,0.07,0.07000193229926045,3985,58.0,0.5043478260869565,0.4956521739130435,0.07000193229926045,0.6468702077234073,7.20477006164421,0.5043478260869565,7.20477006164421,0.5043478260869565,115.0,0.026400515132002575,0.05144291091593475,417.99928272799923
our_vol2,Our vol2 ETAS-enhanced STNPP-GAT,120,2024-08-07,0.08,0.08001475573980713,4555,65.0,0.5652173913043478,0.4347826086956522,0.08001475573980713,0.6342236858153434,7.06391447525414,0.5652173913043478,7.06391447525414,0.5652173913043478,115.0,0.03252861838376969,0.06300768386388585,417.99928272799923
our_vol2,Our vol2 ETAS-enhanced STNPP-GAT,120,2024-08-07,0.09,0.09001001282344055,5124,67.0,0.5826086956521739,0.4173913043478261,0.09001001282344055,0.5811432040940238,6.472709839459661,0.5826086956521739,6.472709839459661,0.5826086956521739,115.0,0.03903477643718949,0.07513661202185792,417.99928272799923
our_vol2,Our vol2 ETAS-enhanced STNPP-GAT,120,2024-08-07,0.1,0.10000526990707397,5693,68.0,0.591304347826087,0.408695652173913,0.10000526990707397,0.5308663661026212,5.912731882785114,0.591304347826087,5.912731882785114,0.591304347826087,115.0,0.04516247475674683,0.0864219216581767,417.99928272799923
our_vol2,Our vol2 ETAS-enhanced STNPP-GAT,121,2024-08-21,0.01,0.010012823440546666,570,34.0,0.2677165354330709,0.7322834645669292,0.010012823440546666,2.6510721247563356,26.73736703964636,0.2677165354330709,26.73736703964636,0.2677165354330709,127.0,0.02888086642599278,0.056140350877192984,1424.2751988040138
our_vol2,Our vol2 ETAS-enhanced STNPP-GAT,121,2024-08-21,0.02,0.02000808052418009,1139,42.0,0.33070866141732286,0.6692913385826771,0.02000808052418009,1.6388645010242902,16.528755020635593,0.33070866141732286,16.528755020635593,0.33070866141732286,127.0,0.020152261531571878,0.03950834064969271,1424.2751988040138
our_vol2,Our vol2 ETAS-enhanced STNPP-GAT,121,2024-08-21,0.03,0.030003337607813516,1708,49.0,0.3858267716535433,0.6141732283464567,0.030003337607813516,1.2750455373406193,12.859461727120175,0.3858267716535433,12.859461727120175,0.3858267716535433,127.0,0.022754491017964073,0.04449648711943794,1424.2751988040138
our_vol2,Our vol2 ETAS-enhanced STNPP-GAT,121,2024-08-21,0.04,0.04001616104836018,2278,58.0,0.4566929133858268,0.5433070866141732,0.04001616104836018,1.1315969173739147,11.41271179996267,0.4566929133858268,11.41271179996267,0.4566929133858268,127.0,0.021295673615781215,0.04170324846356453,1424.2751988040138
our_vol2,Our vol2 ETAS-enhanced STNPP-GAT,121,2024-08-21,0.05,0.050011418131993605,2847,62.0,0.4881889763779528,0.5118110236220472,0.050011418131993605,0.9678804199352143,9.761550354150938,0.4881889763779528,9.761550354150938,0.4881889763779528,127.0,0.02410071942446043,0.047067088162978575,1424.2751988040138
our_vol2,Our vol2 ETAS-enhanced STNPP-GAT,121,2024-08-21,0.06,0.06000667521562703,3416,70.0,0.5511811023622047,0.44881889763779526,0.06000667521562703,0.9107468123861566,9.18532980508584,0.5511811023622047,9.18532980508584,0.5511811023622047,127.0,0.03000150761344791,0.058255269320843094,1424.2751988040138
our_vol2,Our vol2 ETAS-enhanced STNPP-GAT,121,2024-08-21,0.07,0.07000193229926045,3985,73.0,0.5748031496062992,0.4251968503937008,0.07000193229926045,0.8141642269622195,8.21124690028552,0.5748031496062992,8.21124690028552,0.5748031496062992,127.0,0.028519809007613885,0.05545796737766625,1424.2751988040138
our_vol2,Our vol2 ETAS-enhanced STNPP-GAT,121,2024-08-21,0.08,0.08001475573980713,4555,74.0,0.5826771653543307,0.4173228346456693,0.08001475573980713,0.7220392730820832,7.282121403320742,0.5826771653543307,7.282121403320742,0.5826771653543307,127.0,0.03323125779743677,0.06432491767288694,1424.2751988040138
our_vol2,Our vol2 ETAS-enhanced STNPP-GAT,121,2024-08-21,0.09,0.09001001282344055,5124,82.0,0.6456692913385826,0.35433070866141736,0.09001001282344055,0.7112498915777604,7.173305181114655,0.6456692913385826,7.173305181114655,0.6456692913385826,127.0,0.04061738424045491,0.078064012490242,1424.2751988040138
our_vol2,Our vol2 ETAS-enhanced STNPP-GAT,121,2024-08-21,0.1,0.10000526990707397,5693,85.0,0.6692913385826772,0.3307086614173228,0.10000526990707397,0.6635829576282765,6.692560694097324,0.6692913385826772,6.692560694097324,0.6692913385826772,127.0,0.04843462246777164,0.0923941682768312,1424.2751988040138
our_vol2,Our vol2 ETAS-enhanced STNPP-GAT,122,2024-09-04,0.01,0.010012823440546666,570,16.0,0.14545454545454545,0.8545454545454545,0.010012823440546666,1.2475633528265109,14.526826156299839,0.14545454545454545,14.526826156299839,0.14545454545454545,110.0,0.014234875444839857,0.028070175438596492,3261.399527710295
our_vol2,Our vol2 ETAS-enhanced STNPP-GAT,122,2024-09-04,0.02,0.02000808052418009,1139,28.0,0.2545454545454545,0.7454545454545455,0.02000808052418009,1.0925763340161936,12.722132652246787,0.2545454545454545,12.722132652246787,0.2545454545454545,110.0,0.014247551202137132,0.028094820017559263,3261.399527710295
our_vol2,Our vol2 ETAS-enhanced STNPP-GAT,122,2024-09-04,0.03,0.030003337607813516,1708,34.0,0.3090909090909091,0.6909090909090909,0.030003337607813516,0.8847254748894093,10.301884181392378,0.3090909090909091,10.301884181392378,0.3090909090909091,110.0,0.017878426698450536,0.0351288056206089,3261.399527710295
our_vol2,Our vol2 ETAS-enhanced STNPP-GAT,122,2024-09-04,0.04,0.04001616104836018,2278,40.0,0.36363636363636365,0.6363636363636364,0.04001616104836018,0.7804116671544239,9.087237608747706,0.36363636363636365,9.087237608747706,0.36363636363636365,110.0,0.019695613249776187,0.038630377524143986,3261.399527710295
our_vol2,Our vol2 ETAS-enhanced STNPP-GAT,122,2024-09-04,0.05,0.050011418131993605,2847,50.0,0.45454545454545453,0.5454545454545454,0.050011418131993605,0.7805487257542052,9.088833540888336,0.45454545454545453,9.088833540888336,0.45454545454545453,110.0,0.021711824869908487,0.042500878117316475,3261.399527710295
our_vol2,Our vol2 ETAS-enhanced STNPP-GAT,122,2024-09-04,0.06,0.06000667521562703,3416,59.0,0.5363636363636364,0.4636363636363636,0.06000667521562703,0.7676294561540463,8.93839951032574,0.5363636363636364,8.93839951032574,0.5363636363636364,110.0,0.028296207104154123,0.05503512880562061,3261.399527710295
our_vol2,Our vol2 ETAS-enhanced STNPP-GAT,122,2024-09-04,0.07,0.07000193229926045,3985,59.0,0.5363636363636364,0.4636363636363636,0.07000193229926045,0.6580231423393281,7.662126154899054,0.5363636363636364,7.662126154899054,0.5363636363636364,110.0,0.027724049000644745,0.053952321204516936,3261.399527710295
our_vol2,Our vol2 ETAS-enhanced STNPP-GAT,122,2024-09-04,0.08,0.08001475573980713,4555,61.0,0.5545454545454546,0.44545454545454544,0.08001475573980713,0.5951945359190145,6.93053986628081,0.5545454545454546,6.93053986628081,0.5545454545454546,110.0,0.031593251047446494,0.06125137211855104,3261.399527710295
our_vol2,Our vol2 ETAS-enhanced STNPP-GAT,122,2024-09-04,0.09,0.09001001282344055,5124,66.0,0.6,0.4,0.09001001282344055,0.5724694249284413,6.665925058548009,0.6,6.665925058548009,0.6,110.0,0.03756201275690999,0.07240437158469945,3261.399527710295
our_vol2,Our vol2 ETAS-enhanced STNPP-GAT,122,2024-09-04,0.1,0.10000526990707397,5693,69.0,0.6272727272727273,0.3727272727272727,0.10000526990707397,0.5386732244276597,6.272396723248647,0.6272727272727273,6.272396723248647,0.6272727272727273,110.0,0.061038113875687264,0.11505357456525557,3261.399527710295
our_vol2,Our vol2 ETAS-enhanced STNPP-GAT,123,2024-09-18,0.01,0.010012823440546666,570,18.0,0.14173228346456693,0.8582677165354331,0.010012823440546666,1.4035087719298247,14.155076668048071,0.14173228346456693,14.155076668048071,0.14173228346456693,127.0,0.015138023152270703,0.02982456140350877,650.748140609935
our_vol2,Our vol2 ETAS-enhanced STNPP-GAT,123,2024-09-18,0.02,0.02000808052418009,1139,27.0,0.2125984251968504,0.7874015748031495,0.02000808052418009,1.0535557506584723,10.625628227551452,0.2125984251968504,10.625628227551452,0.2125984251968504,127.0,0.013345195729537367,0.02633889376646181,650.748140609935
our_vol2,Our vol2 ETAS-enhanced STNPP-GAT,123,2024-09-18,0.03,0.030003337607813516,1708,33.0,0.25984251968503935,0.7401574803149606,0.030003337607813516,0.8587041373926619,8.660453816223791,0.25984251968503935,8.660453816223791,0.25984251968503935,127.0,0.017272185824895772,0.03395784543325527,650.748140609935
our_vol2,Our vol2 ETAS-enhanced STNPP-GAT,123,2024-09-18,0.04,0.04001616104836018,2278,43.0,0.33858267716535434,0.6614173228346456,0.04001616104836018,0.8389425421910057,8.4611484034206,0.33858267716535434,8.4611484034206,0.33858267716535434,127.0,0.020838001344387184,0.040825285338015806,650.748140609935
our_vol2,Our vol2 ETAS-enhanced STNPP-GAT,123,2024-09-18,0.05,0.050011418131993605,2847,47.0,0.3700787401574803,0.6299212598425197,0.050011418131993605,0.7337158022089528,7.399884945888614,0.3700787401574803,7.399884945888614,0.3700787401574803,127.0,0.02097902097902098,0.0410958904109589,650.748140609935
our_vol2,Our vol2 ETAS-enhanced STNPP-GAT,123,2024-09-18,0.06,0.06000667521562703,3416,52.0,0.4094488188976378,0.5905511811023623,0.06000667521562703,0.6765547749154307,6.823387855206623,0.4094488188976378,6.823387855206623,0.4094488188976378,127.0,0.02690515556891628,0.052400468384074944,650.748140609935
our_vol2,Our vol2 ETAS-enhanced STNPP-GAT,123,2024-09-18,0.07,0.07000193229926045,3985,55.0,0.4330708661417323,0.5669291338582677,0.07000193229926045,0.6134114038756449,6.186555883776761,0.4330708661417323,6.186555883776761,0.4330708661417323,127.0,0.03064787275313591,0.05947302383939774,650.748140609935
our_vol2,Our vol2 ETAS-enhanced STNPP-GAT,123,2024-09-18,0.08,0.08001475573980713,4555,61.0,0.48031496062992124,0.5196850393700787,0.08001475573980713,0.5951945359190145,6.002829805440071,0.48031496062992124,6.002829805440071,0.48031496062992124,127.0,0.031242925062259452,0.06059275521405049,650.748140609935
our_vol2,Our vol2 ETAS-enhanced STNPP-GAT,123,2024-09-18,0.09,0.09001001282344055,5124,65.0,0.5118110236220472,0.4881889763779528,0.09001001282344055,0.5637956457628589,5.6861565460055195,0.5118110236220472,5.6861565460055195,0.5118110236220472,127.0,0.0369321056359405,0.07123341139734582,650.748140609935
our_vol2,Our vol2 ETAS-enhanced STNPP-GAT,123,2024-09-18,0.1,0.10000526990707397,5693,74.0,0.5826771653543307,0.4173228346456693,0.10000526990707397,0.5777075160528524,5.826464604272964,0.5826771653543307,5.826464604272964,0.5826771653543307,127.0,0.060741568846655485,0.11452661162831547,650.748140609935
our_vol2,Our vol2 ETAS-enhanced STNPP-GAT,124,2024-10-02,0.01,0.010012823440546666,570,19.0,0.15966386554621848,0.8403361344537815,0.010012823440546666,1.4814814814814816,15.945938375350138,0.15966386554621848,15.945938375350138,0.15966386554621848,119.0,0.01694915254237288,0.03333333333333333,824.7095309446707
our_vol2,Our vol2 ETAS-enhanced STNPP-GAT,124,2024-10-02,0.02,0.02000808052418009,1139,36.0,0.3025210084033613,0.6974789915966386,0.02000808052418009,1.404741000877963,15.119941567496182,0.3025210084033613,15.119941567496182,0.3025210084033613,119.0,0.017873100983020553,0.03511852502194908,824.7095309446707
our_vol2,Our vol2 ETAS-enhanced STNPP-GAT,124,2024-10-02,0.03,0.030003337607813516,1708,42.0,0.35294117647058826,0.6470588235294117,0.030003337607813516,1.092896174863388,11.763397162143546,0.35294117647058826,11.763397162143546,0.35294117647058826,119.0,0.0215311004784689,0.04215456674473068,824.7095309446707
our_vol2,Our vol2 ETAS-enhanced STNPP-GAT,124,2024-10-02,0.04,0.04001616104836018,2278,47.0,0.3949579831932773,0.6050420168067228,0.04001616104836018,0.9169837089064481,9.869961856560009,0.3949579831932773,9.869961856560009,0.3949579831932773,119.0,0.022900763358778626,0.04477611940298507,824.7095309446707
our_vol2,Our vol2 ETAS-enhanced STNPP-GAT,124,2024-10-02,0.05,0.050011418131993605,2847,52.0,0.4369747899159664,0.5630252100840336,0.050011418131993605,0.8117706747843734,8.737500479643913,0.4369747899159664,8.737500479643913,0.4369747899159664,119.0,0.023916561769465924,0.04671584123638918,824.7095309446707
our_vol2,Our vol2 ETAS-enhanced STNPP-GAT,124,2024-10-02,0.06,0.06000667521562703,3416,61.0,0.5126050420168067,0.4873949579831933,0.06000667521562703,0.7936507936507936,8.542466986794716,0.5126050420168067,8.542466986794716,0.5126050420168067,119.0,0.028605841613971696,0.05562060889929742,824.7095309446707
our_vol2,Our vol2 ETAS-enhanced STNPP-GAT,124,2024-10-02,0.07,0.07000193229926045,3985,61.0,0.5126050420168067,0.4873949579831933,0.07000193229926045,0.6803290115711698,7.322727033096802,0.5126050420168067,7.322727033096802,0.5126050420168067,119.0,0.031314699792960664,0.06072772898368883,824.7095309446707
our_vol2,Our vol2 ETAS-enhanced STNPP-GAT,124,2024-10-02,0.08,0.08001475573980713,4555,64.0,0.5378151260504201,0.46218487394957986,0.08001475573980713,0.6244663983412612,6.721449326162956,0.5378151260504201,6.721449326162956,0.5378151260504201,119.0,0.0362871118189057,0.07003293084522502,824.7095309446707
our_vol2,Our vol2 ETAS-enhanced STNPP-GAT,124,2024-10-02,0.09,0.09001001282344055,5124,67.0,0.5630252100840336,0.4369747899159664,0.09001001282344055,0.5811432040940238,6.255139760822361,0.5630252100840336,6.255139760822361,0.5630252100840336,119.0,0.03756201275690999,0.07240437158469945,824.7095309446707
our_vol2,Our vol2 ETAS-enhanced STNPP-GAT,124,2024-10-02,0.1,0.10000526990707397,5693,69.0,0.5798319327731093,0.4201680672268907,0.10000526990707397,0.5386732244276597,5.7980137777928675,0.5798319327731093,5.7980137777928675,0.5798319327731093,119.0,0.05926132663503582,0.11189179694361497,824.7095309446707
our_vol2,Our vol2 ETAS-enhanced STNPP-GAT,125,2024-10-16,0.01,0.010012823440546666,570,16.0,0.12698412698412698,0.873015873015873,0.010012823440546666,1.2475633528265109,12.682149818991922,0.12698412698412698,12.682149818991922,0.12698412698412698,126.0,0.014234875444839857,0.028070175438596492,1091.2497612553211
our_vol2,Our vol2 ETAS-enhanced STNPP-GAT,125,2024-10-16,0.02,0.02000808052418009,1139,30.0,0.23809523809523808,0.7619047619047619,0.02000808052418009,1.170617500731636,11.899954011455328,0.23809523809523808,11.899954011455328,0.23809523809523808,126.0,0.015151515151515152,0.029850746268656716,1091.2497612553211
our_vol2,Our vol2 ETAS-enhanced STNPP-GAT,125,2024-10-16,0.03,0.030003337607813516,1708,37.0,0.29365079365079366,0.7063492063492063,0.030003337607813516,0.9627894873796513,9.787270919296681,0.29365079365079366,9.787270919296681,0.29365079365079366,126.0,0.019701492537313434,0.03864168618266979,1091.2497612553211
our_vol2,Our vol2 ETAS-enhanced STNPP-GAT,125,2024-10-16,0.04,0.04001616104836018,2278,45.0,0.35714285714285715,0.6428571428571428,0.04001616104836018,0.8779631255487269,8.924965508591496,0.35714285714285715,8.924965508591496,0.35714285714285715,126.0,0.02221225039264079,0.043459174714661986,1091.2497612553211
our_vol2,Our vol2 ETAS-enhanced STNPP-GAT,125,2024-10-16,0.05,0.050011418131993605,2847,48.0,0.38095238095238093,0.6190476190476191,0.050011418131993605,0.7493267767240369,7.617308110458795,0.38095238095238093,7.617308110458795,0.38095238095238093,126.0,0.025576368876080693,0.049877063575693714,1091.2497612553211
our_vol2,Our vol2 ETAS-enhanced STNPP-GAT,125,2024-10-16,0.06,0.06000667521562703,3416,50.0,0.3968253968253968,0.6031746031746033,0.06000667521562703,0.6505334374186833,6.613020891416675,0.3968253968253968,6.613020891416675,0.3968253968253968,126.0,0.025363950172594928,0.049473067915690866,1091.2497612553211
our_vol2,Our vol2 ETAS-enhanced STNPP-GAT,125,2024-10-16,0.07,0.07000193229926045,3985,56.0,0.4444444444444444,0.5555555555555556,0.07000193229926045,0.6245643384915657,6.3490310888052415,0.4444444444444444,6.3490310888052415,0.4444444444444444,126.0,0.029715762273901807,0.05771643663739021,1091.2497612553211
our_vol2,Our vol2 ETAS-enhanced STNPP-GAT,125,2024-10-16,0.08,0.08001475573980713,4555,62.0,0.49206349206349204,0.5079365079365079,0.08001475573980713,0.6049518233930967,6.149659366124788,0.49206349206349204,6.149659366124788,0.49206349206349204,126.0,0.035580311469819256,0.06871569703622393,1091.2497612553211
our_vol2,Our vol2 ETAS-enhanced STNPP-GAT,125,2024-10-16,0.09,0.09001001282344055,5124,64.0,0.5079365079365079,0.4920634920634921,0.09001001282344055,0.5551218665972764,5.643111160675563,0.5079365079365079,5.643111160675563,0.5079365079365079,126.0,0.03766707168894289,0.07259953161592506,1091.2497612553211
our_vol2,Our vol2 ETAS-enhanced STNPP-GAT,125,2024-10-16,0.1,0.10000526990707397,5693,65.0,0.5158730158730159,0.4841269841269841,0.10000526990707397,0.5074457911275055,5.158458312770627,0.5158730158730159,5.158458312770627,0.5158730158730159,126.0,0.05876883020271527,0.11101352538204813,1091.2497612553211
our_vol2,Our vol2 ETAS-enhanced STNPP-GAT,126,2024-10-30,0.01,0.010012823440546666,570,19.0,0.16666666666666666,0.8333333333333334,0.010012823440546666,1.4814814814814816,16.6453216374269,0.16666666666666666,16.6453216374269,0.16666666666666666,114.0,0.015138023152270703,0.02982456140350877,2253.9376786330754
our_vol2,Our vol2 ETAS-enhanced STNPP-GAT,126,2024-10-30,0.02,0.02000808052418009,1139,31.0,0.2719298245614035,0.7280701754385965,0.02000808052418009,1.209638084089357,13.591000107820035,0.2719298245614035,13.591000107820035,0.2719298245614035,114.0,0.015151515151515152,0.029850746268656716,2253.9376786330754
our_vol2,Our vol2 ETAS-enhanced STNPP-GAT,126,2024-10-30,0.03,0.030003337607813516,1708,39.0,0.34210526315789475,0.6578947368421053,0.030003337607813516,1.014832162373146,11.402240231726859,0.34210526315789475,11.402240231726859,0.34210526315789475,114.0,0.02092050209205021,0.040983606557377046,2253.9376786330754
our_vol2,Our vol2 ETAS-enhanced STNPP-GAT,126,2024-10-30,0.04,0.04001616104836018,2278,40.0,0.3508771929824561,0.6491228070175439,0.04001616104836018,0.7804116671544239,8.768387166335506,0.3508771929824561,8.768387166335506,0.3508771929824561,114.0,0.02060931899641577,0.04038630377524144,2253.9376786330754
our_vol2,Our vol2 ETAS-enhanced STNPP-GAT,126,2024-10-30,0.05,0.050011418131993605,2847,44.0,0.38596491228070173,0.6140350877192983,0.050011418131993605,0.6868828786637006,7.717535848754306,0.38596491228070173,7.717535848754306,0.38596491228070173,114.0,0.02410071942446043,0.047067088162978575,2253.9376786330754
our_vol2,Our vol2 ETAS-enhanced STNPP-GAT,126,2024-10-30,0.06,0.06000667521562703,3416,49.0,0.4298245614035088,0.5701754385964912,0.06000667521562703,0.6375227686703097,7.162945786597642,0.4298245614035088,7.162945786597642,0.4298245614035088,114.0,0.024748762561871907,0.048302107728337235,2253.9376786330754
our_vol2,Our vol2 ETAS-enhanced STNPP-GAT,126,2024-10-30,0.07,0.07000193229926045,3985,54.0,0.47368421052631576,0.5263157894736843,0.07000193229926045,0.602258469259724,6.766730502542429,0.47368421052631576,6.766730502542429,0.47368421052631576,114.0,0.02745906922779425,0.053450439146800505,2253.9376786330754
our_vol2,Our vol2 ETAS-enhanced STNPP-GAT,126,2024-10-30,0.08,0.08001475573980713,4555,60.0,0.5263157894736842,0.4736842105263158,0.08001475573980713,0.5854372484449323,6.577734126754867,0.5263157894736842,6.577734126754867,0.5263157894736842,114.0,0.03393485415957326,0.06564215148188804,2253.9376786330754
our_vol2,Our vol2 ETAS-enhanced STNPP-GAT,126,2024-10-30,0.09,0.09001001282344055,5124,64.0,0.5614035087719298,0.4385964912280702,0.09001001282344055,0.5551218665972764,6.237122861799306,0.5614035087719298,6.237122861799306,0.5614035087719298,114.0,0.0387188323535374,0.07455113192818111,2253.9376786330754
our_vol2,Our vol2 ETAS-enhanced STNPP-GAT,126,2024-10-30,0.1,0.10000526990707397,5693,68.0,0.5964912280701754,0.4035087719298246,0.10000526990707397,0.5308663661026212,5.964597951932352,0.5964912280701754,5.964597951932352,0.5964912280701754,114.0,0.05817843866171004,0.10995959950816793,2253.9376786330754
our_vol2,Our vol2 ETAS-enhanced STNPP-GAT,127,2024-11-13,0.01,0.010012823440546666,570,27.0,0.25471698113207547,0.7452830188679245,0.010012823440546666,2.105263157894737,25.43907646474677,0.25471698113207547,25.43907646474677,0.25471698113207547,106.0,0.02242152466367713,0.043859649122807015,761.0165222258037
our_vol2,Our vol2 ETAS-enhanced STNPP-GAT,127,2024-11-13,0.02,0.02000808052418009,1139,35.0,0.330188679245283,0.6698113207547169,0.02000808052418009,1.3657204175202418,16.502766412112578,0.330188679245283,16.502766412112578,0.330188679245283,106.0,0.017873100983020553,0.03511852502194908,761.0165222258037
our_vol2,Our vol2 ETAS-enhanced STNPP-GAT,127,2024-11-13,0.03,0.030003337607813516,1708,40.0,0.37735849056603776,0.6226415094339622,0.030003337607813516,1.0408534998698933,12.577217091600017,0.37735849056603776,12.577217091600017,0.37735849056603776,106.0,0.021225710014947684,0.04156908665105386,761.0165222258037
our_vol2,Our vol2 ETAS-enhanced STNPP-GAT,127,2024-11-13,0.04,0.04001616104836018,2278,43.0,0.4056603773584906,0.5943396226415094,0.04001616104836018,0.8389425421910057,10.137413653154871,0.4056603773584906,10.137413653154871,0.4056603773584906,106.0,0.021295673615781215,0.04170324846356453,761.0165222258037
our_vol2,Our vol2 ETAS-enhanced STNPP-GAT,127,2024-11-13,0.05,0.050011418131993605,2847,50.0,0.4716981132075472,0.5283018867924528,0.050011418131993605,0.7805487257542052,9.431808391487895,0.4716981132075472,9.431808391487895,0.4716981132075472,106.0,0.024838012958963283,0.04847207586933614,761.0165222258037
our_vol2,Our vol2 ETAS-enhanced STNPP-GAT,127,2024-11-13,0.06,0.06000667521562703,3416,52.0,0.49056603773584906,0.5094339622641509,0.06000667521562703,0.6765547749154307,8.17519110954001,0.49056603773584906,8.17519110954001,0.49056603773584906,106.0,0.025517862503752625,0.049765807962529274,761.0165222258037
our_vol2,Our vol2 ETAS-enhanced STNPP-GAT,127,2024-11-13,0.07,0.07000193229926045,3985,54.0,0.5094339622641509,0.49056603773584906,0.07000193229926045,0.602258469259724,7.277427144243744,0.5094339622641509,7.277427144243744,0.5094339622641509,106.0,0.028121775025799794,0.05470514429109159,761.0165222258037
our_vol2,Our vol2 ETAS-enhanced STNPP-GAT,127,2024-11-13,0.08,0.08001475573980713,4555,57.0,0.5377358490566038,0.46226415094339623,0.08001475573980713,0.5561653860226857,6.7204585464863404,0.5377358490566038,6.7204585464863404,0.5377358490566038,106.0,0.03381752156150704,0.06542261251372118,761.0165222258037
our_vol2,Our vol2 ETAS-enhanced STNPP-GAT,127,2024-11-13,0.09,0.09001001282344055,5124,60.0,0.5660377358490566,0.4339622641509434,0.09001001282344055,0.5204267499349466,6.288608545800009,0.5660377358490566,6.288608545800009,0.5660377358490566,106.0,0.04838874680306905,0.09231069476971117,761.0165222258037
our_vol2,Our vol2 ETAS-enhanced STNPP-GAT,127,2024-11-13,0.1,0.10000526990707397,5693,64.0,0.6037735849056604,0.39622641509433965,0.10000526990707397,0.49963893280246696,6.037417682755056,0.6037735849056604,6.037417682755056,0.6037735849056604,106.0,0.057588705182983466,0.10890567363428773,761.0165222258037
our_vol2,Our vol2 ETAS-enhanced STNPP-GAT,128,2024-11-27,0.01,0.010012823440546666,570,15.0,0.12295081967213115,0.8770491803278688,0.010012823440546666,1.169590643274854,12.279335634167385,0.12295081967213115,12.279335634167385,0.12295081967213115,122.0,0.012433392539964476,0.02456140350877193,828.1420726111403
our_vol2,Our vol2 ETAS-enhanced STNPP-GAT,128,2024-11-27,0.02,0.02000808052418009,1139,25.0,0.20491803278688525,0.7950819672131147,0.02000808052418009,0.9755145839430299,10.241763698383686,0.20491803278688525,10.241763698383686,0.20491803278688525,122.0,0.013345195729537367,0.02633889376646181,828.1420726111403
our_vol2,Our vol2 ETAS-enhanced STNPP-GAT,128,2024-11-27,0.03,0.030003337607813516,1708,33.0,0.27049180327868855,0.7295081967213115,0.030003337607813516,0.8587041373926619,9.015390448036243,0.27049180327868855,9.015390448036243,0.27049180327868855,122.0,0.017878426698450536,0.0351288056206089,828.1420726111403
our_vol2,Our vol2 ETAS-enhanced STNPP-GAT,128,2024-11-27,0.04,0.04001616104836018,2278,42.0,0.3442622950819672,0.6557377049180328,0.04001616104836018,0.8194322505121451,8.603081506642296,0.3442622950819672,8.603081506642296,0.3442622950819672,122.0,0.020152261531571878,0.03950834064969271,828.1420726111403
our_vol2,Our vol2 ETAS-enhanced STNPP-GAT,128,2024-11-27,0.05,0.050011418131993605,2847,50.0,0.4098360655737705,0.5901639344262295,0.050011418131993605,0.7805487257542052,8.194849913915712,0.4098360655737705,8.194849913915712,0.4098360655737705,122.0,0.024284943335132217,0.04741833508956796,828.1420726111403
our_vol2,Our vol2 ETAS-enhanced STNPP-GAT,128,2024-11-27,0.06,0.06000667521562703,3416,52.0,0.4262295081967213,0.5737704918032787,0.06000667521562703,0.6765547749154307,7.103034898452797,0.4262295081967213,7.103034898452797,0.4262295081967213,122.0,0.027986758952753536,0.05444964871194379,828.1420726111403
our_vol2,Our vol2 ETAS-enhanced STNPP-GAT,128,2024-11-27,0.07,0.07000193229926045,3985,58.0,0.47540983606557374,0.5245901639344263,0.07000193229926045,0.6468702077234073,6.791381615484296,0.47540983606557374,6.791381615484296,0.47540983606557374,122.0,0.02918388429752066,0.05671267252195734,828.1420726111403
our_vol2,Our vol2 ETAS-enhanced STNPP-GAT,128,2024-11-27,0.08,0.08001475573980713,4555,66.0,0.5409836065573771,0.4590163934426229,0.08001475573980713,0.6439809732894256,6.761048028648036,0.5409836065573771,6.761048028648036,0.5409836065573771,122.0,0.03499204726198591,0.06761800219538969,828.1420726111403
our_vol2,Our vol2 ETAS-enhanced STNPP-GAT,128,2024-11-27,0.09,0.09001001282344055,5124,69.0,0.5655737704918032,0.43442622950819676,0.09001001282344055,0.5984907624251886,6.28345394863132,0.5655737704918032,6.28345394863132,0.5655737704918032,122.0,0.052912770985307715,0.10050741608118657,828.1420726111403
our_vol2,Our vol2 ETAS-enhanced STNPP-GAT,128,2024-11-27,0.1,0.10000526990707397,5693,70.0,0.5737704918032787,0.42622950819672134,0.10000526990707397,0.5464800827526982,5.737402562249296,0.5737704918032787,5.737402562249296,0.5737704918032787,122.0,0.05739227340267459,0.108554365009661,828.1420726111403
our_vol2,Our vol2 ETAS-enhanced STNPP-GAT,129,2024-12-11,0.01,0.010012823440546666,570,23.0,0.24210526315789474,0.7578947368421053,0.010012823440546666,1.7933723196881093,24.179519852262235,0.24210526315789474,24.179519852262235,0.24210526315789474,95.0,0.01967799642218247,0.03859649122807018,1846.7383517851695
our_vol2,Our vol2 ETAS-enhanced STNPP-GAT,129,2024-12-11,0.02,0.02000808052418009,1139,25.0,0.2631578947368421,0.736842105263158,0.02000808052418009,0.9755145839430299,13.152580749503258,0.2631578947368421,13.152580749503258,0.2631578947368421,95.0,0.012894619831036016,0.025460930640913083,1846.7383517851695
our_vol2,Our vol2 ETAS-enhanced STNPP-GAT,129,2024-12-11,0.03,0.030003337607813516,1708,29.0,0.30526315789473685,0.6947368421052631,0.030003337607813516,0.7546187874056727,10.17430666831012,0.30526315789473685,10.17430666831012,0.30526315789473685,95.0,0.017272185824895772,0.03395784543325527,1846.7383517851695
our_vol2,Our vol2 ETAS-enhanced STNPP-GAT,129,2024-12-11,0.04,0.04001616104836018,2278,36.0,0.37894736842105264,0.6210526315789473,0.04001616104836018,0.7023705004389815,9.469858139642346,0.37894736842105264,9.469858139642346,0.37894736842105264,95.0,0.017873100983020553,0.03511852502194908,1846.7383517851695
our_vol2,Our vol2 ETAS-enhanced STNPP-GAT,129,2024-12-11,0.05,0.050011418131993605,2847,40.0,0.42105263157894735,0.5789473684210527,0.050011418131993605,0.6244389806033641,8.419130016822878,0.42105263157894735,8.419130016822878,0.42105263157894735,95.0,0.021528525296017224,0.04214963119072708,1846.7383517851695
our_vol2,Our vol2 ETAS-enhanced STNPP-GAT,129,2024-12-11,0.06,0.06000667521562703,3416,42.0,0.4421052631578947,0.5578947368421052,0.06000667521562703,0.546448087431694,7.367601380500431,0.4421052631578947,7.367601380500431,0.4421052631578947,95.0,0.028296207104154123,0.05503512880562061,1846.7383517851695
our_vol2,Our vol2 ETAS-enhanced STNPP-GAT,129,2024-12-11,0.07,0.07000193229926045,3985,46.0,0.4842105263157895,0.5157894736842106,0.07000193229926045,0.5130349923323575,6.917102291487817,0.4842105263157895,6.917102291487817,0.4842105263157895,95.0,0.03171521035598705,0.06148055207026349,1846.7383517851695
our_vol2,Our vol2 ETAS-enhanced STNPP-GAT,129,2024-12-11,0.08,0.08001475573980713,4555,48.0,0.5052631578947369,0.49473684210526314,0.08001475573980713,0.46834979875594585,6.314624761684673,0.5052631578947369,6.314624761684673,0.5052631578947369,95.0,0.03229461756373938,0.06256860592755215,1846.7383517851695
our_vol2,Our vol2 ETAS-enhanced STNPP-GAT,129,2024-12-11,0.09,0.09001001282344055,5124,53.0,0.5578947368421052,0.4421052631578948,0.09001001282344055,0.4597102957758695,6.198140843913061,0.5578947368421052,6.198140843913061,0.5578947368421052,95.0,0.050645888866106215,0.09640905542544886,1846.7383517851695
our_vol2,Our vol2 ETAS-enhanced STNPP-GAT,129,2024-12-11,0.1,0.10000526990707397,5693,54.0,0.5684210526315789,0.43157894736842106,0.10000526990707397,0.4215703495520815,5.683910989488476,0.5684210526315789,5.683910989488476,0.5684210526315789,95.0,0.056117243298395326,0.10627085894958721,1846.7383517851695
our_vol2,Our vol2 ETAS-enhanced STNPP-GAT,130,2024-12-25,0.01,0.010012823440546666,570,5.0,0.29411764705882354,0.7058823529411764,0.010012823440546666,0.38986354775828463,29.37409700722394,0.29411764705882354,29.37409700722394,0.29411764705882354,17.0,0.004405286343612335,0.008771929824561403,2110.2760827098136
our_vol2,Our vol2 ETAS-enhanced STNPP-GAT,130,2024-12-25,0.02,0.02000808052418009,1139,7.0,0.4117647058823529,0.5882352941176471,0.02000808052418009,0.2731440835040484,20.579920466869805,0.4117647058823529,20.579920466869805,0.4117647058823529,17.0,0.005739514348785872,0.01141352063213345,2110.2760827098136
our_vol2,Our vol2 ETAS-enhanced STNPP-GAT,130,2024-12-25,0.03,0.030003337607813516,1708,7.0,0.4117647058823529,0.5882352941176471,0.030003337607813516,0.18214936247723132,13.723963355834137,0.4117647058823529,13.723963355834137,0.4117647058823529,17.0,0.010949985202722699,0.021662763466042154,2110.2760827098136
our_vol2,Our vol2 ETAS-enhanced STNPP-GAT,130,2024-12-25,0.04,0.04001616104836018,2278,8.0,0.47058823529411764,0.5294117647058824,0.04001616104836018,0.1560823334308848,11.759954552497032,0.47058823529411764,11.759954552497032,0.47058823529411764,17.0,0.014247551202137132,0.028094820017559263,2110.2760827098136
our_vol2,Our vol2 ETAS-enhanced STNPP-GAT,130,2024-12-25,0.05,0.050011418131993605,2847,9.0,0.5294117647058824,0.47058823529411764,0.050011418131993605,0.14049877063575691,10.585817888799356,0.5294117647058824,10.585817888799356,0.5294117647058824,17.0,0.015154216437867712,0.02985598876009835,2110.2760827098136
our_vol2,Our vol2 ETAS-enhanced STNPP-GAT,130,2024-12-25,0.06,0.06000667521562703,3416,11.0,0.6470588235294118,0.3529411764705882,0.06000667521562703,0.14311735623211033,10.783114065298252,0.6470588235294118,10.783114065298252,0.6470588235294118,17.0,0.02198952879581152,0.0430327868852459,2110.2760827098136
our_vol2,Our vol2 ETAS-enhanced STNPP-GAT,130,2024-12-25,0.07,0.07000193229926045,3985,13.0,0.7647058823529411,0.23529411764705888,0.07000193229926045,0.1449881500069706,10.9240681969149,0.7647058823529411,10.9240681969149,0.7647058823529411,17.0,0.026664949117609173,0.05194479297365119,2110.2760827098136
our_vol2,Our vol2 ETAS-enhanced STNPP-GAT,130,2024-12-25,0.08,0.08001475573980713,4555,13.0,0.7647058823529411,0.23529411764705888,0.08001475573980713,0.12684473716306868,9.557060760637953,0.7647058823529411,9.557060760637953,0.7647058823529411,17.0,0.04197643829349194,0.0805708013172338,2110.2760827098136
our_vol2,Our vol2 ETAS-enhanced STNPP-GAT,130,2024-12-25,0.09,0.09001001282344055,5124,13.0,0.7647058823529411,0.23529411764705888,0.09001001282344055,0.11275912915257177,8.495786839325893,0.7647058823529411,8.495786839325893,0.7647058823529411,17.0,0.045500918179963275,0.08704137392661983,2110.2760827098136
our_vol2,Our vol2 ETAS-enhanced STNPP-GAT,130,2024-12-25,0.1,0.10000526990707397,5693,13.0,0.7647058823529411,0.23529411764705888,0.10000526990707397,0.1014891582255011,7.646655851871752,0.7647058823529411,7.646655851871752,0.7647058823529411,17.0,0.050950710725493814,0.09696118039697875,2110.2760827098136
