model,model_label,frame_index,forecast_date,q,rri
our_vol2,Our vol2 ETAS-enhanced STNPP-GAT,0,2020-01-01,0.01,1.2706710228700677
our_vol2,Our vol2 ETAS-enhanced STNPP-GAT,1,2020-01-15,0.01,0.8007980845969672
our_vol2,Our vol2 ETAS-enhanced STNPP-GAT,2,2020-01-29,0.01,0.815224463240078
our_vol2,Our vol2 ETAS-enhanced STNPP-GAT,3,2020-02-12,0.01,0.8112244897959183
our_vol2,Our vol2 ETAS-enhanced STNPP-GAT,4,2020-02-26,0.01,2.0544378698224857
our_vol2,Our vol2 ETAS-enhanced STNPP-GAT,5,2020-03-11,0.01,0.5655160267699895
our_vol2,Our vol2 ETAS-enhanced STNPP-GAT,6,2020-03-25,0.01,1.0140620006391818
our_vol2,Our vol2 ETAS-enhanced STNPP-GAT,7,2020-04-08,0.01,1.0535353535353535
our_vol2,Our vol2 ETAS-enhanced STNPP-GAT,8,2020-04-22,0.01,0.9641768292682927
our_vol2,Our vol2 ETAS-enhanced STNPP-GAT,9,2020-05-06,0.01,1.0254930254930257
our_vol2,Our vol2 ETAS-enhanced STNPP-GAT,10,2020-05-20,0.01,0.9267096774193548
our_vol2,Our vol2 ETAS-enhanced STNPP-GAT,11,2020-06-03,0.01,1.1521486643437864
our_vol2,Our vol2 ETAS-enhanced STNPP-GAT,12,2020-06-17,0.01,0.7521785659685063
our_vol2,Our vol2 ETAS-enhanced STNPP-GAT,13,2020-07-01,0.01,0.9169926119078662
our_vol2,Our vol2 ETAS-enhanced STNPP-GAT,14,2020-07-15,0.01,1.0444099378881988
our_vol2,Our vol2 ETAS-enhanced STNPP-GAT,15,2020-07-29,0.01,0.8829032258064515
our_vol2,Our vol2 ETAS-enhanced STNPP-GAT,16,2020-08-12,0.01,1.0312707917498338
our_vol2,Our vol2 ETAS-enhanced STNPP-GAT,17,2020-08-26,0.01,0.860507913139492
our_vol2,Our vol2 ETAS-enhanced STNPP-GAT,18,2020-09-09,0.01,0.8286423841059601
our_vol2,Our vol2 ETAS-enhanced STNPP-GAT,19,2020-09-23,0.01,1.25
our_vol2,Our vol2 ETAS-enhanced STNPP-GAT,20,2020-10-07,0.01,1.0650470219435737
our_vol2,Our vol2 ETAS-enhanced STNPP-GAT,21,2020-10-21,0.01,0.6327272727272727
our_vol2,Our vol2 ETAS-enhanced STNPP-GAT,22,2020-11-04,0.01,1.2483552631578947
our_vol2,Our vol2 ETAS-enhanced STNPP-GAT,23,2020-11-18,0.01,1.6002731618483952
our_vol2,Our vol2 ETAS-enhanced STNPP-GAT,24,2020-12-02,0.01,0.6530446108759361
our_vol2,Our vol2 ETAS-enhanced STNPP-GAT,25,2020-12-16,0.01,1.1363636363636365
our_vol2,Our vol2 ETAS-enhanced STNPP-GAT,26,2020-12-30,0.01,0.5786492374727668
our_vol2,Our vol2 ETAS-enhanced STNPP-GAT,27,2021-01-13,0.01,1.7241379310344829
our_vol2,Our vol2 ETAS-enhanced STNPP-GAT,28,2021-01-27,0.01,0.8084428514536042
our_vol2,Our vol2 ETAS-enhanced STNPP-GAT,29,2021-02-10,0.01,0.7971428571428572
our_vol2,Our vol2 ETAS-enhanced STNPP-GAT,30,2021-02-24,0.01,1.2926136363636362
our_vol2,Our vol2 ETAS-enhanced STNPP-GAT,31,2021-03-10,0.01,0.8465608465608465
our_vol2,Our vol2 ETAS-enhanced STNPP-GAT,32,2021-03-24,0.01,1.2394366197183098
our_vol2,Our vol2 ETAS-enhanced STNPP-GAT,33,2021-04-07,0.01,0.6159036144578313
our_vol2,Our vol2 ETAS-enhanced STNPP-GAT,34,2021-04-21,0.01,0.8628979857050033
our_vol2,Our vol2 ETAS-enhanced STNPP-GAT,35,2021-05-05,0.01,1.8737824675324677
our_vol2,Our vol2 ETAS-enhanced STNPP-GAT,36,2021-05-19,0.01,0.8344827586206897
our_vol2,Our vol2 ETAS-enhanced STNPP-GAT,37,2021-06-02,0.01,1.1188271604938271
our_vol2,Our vol2 ETAS-enhanced STNPP-GAT,38,2021-06-16,0.01,0.7503860010293361
our_vol2,Our vol2 ETAS-enhanced STNPP-GAT,39,2021-06-30,0.01,0.9763205828779599
our_vol2,Our vol2 ETAS-enhanced STNPP-GAT,40,2021-07-14,0.01,1.227305389221557
our_vol2,Our vol2 ETAS-enhanced STNPP-GAT,41,2021-07-28,0.01,1.0002218278615793
our_vol2,Our vol2 ETAS-enhanced STNPP-GAT,42,2021-08-11,0.01,0.7274096385542169
our_vol2,Our vol2 ETAS-enhanced STNPP-GAT,43,2021-08-25,0.01,1.3279999999999998
our_vol2,Our vol2 ETAS-enhanced STNPP-GAT,44,2021-09-08,0.01,0.8406244638874593
our_vol2,Our vol2 ETAS-enhanced STNPP-GAT,45,2021-09-22,0.01,1.0675824175824176
our_vol2,Our vol2 ETAS-enhanced STNPP-GAT,46,2021-10-06,0.01,1.0
our_vol2,Our vol2 ETAS-enhanced STNPP-GAT,47,2021-10-20,0.01,1.2533035548110927
our_vol2,Our vol2 ETAS-enhanced STNPP-GAT,48,2021-11-03,0.01,0.6943879034603081
our_vol2,Our vol2 ETAS-enhanced STNPP-GAT,49,2021-11-17,0.01,1.1204761904761906
our_vol2,Our vol2 ETAS-enhanced STNPP-GAT,50,2021-12-01,0.01,1.1052631578947367
our_vol2,Our vol2 ETAS-enhanced STNPP-GAT,51,2021-12-15,0.01,0.6804878048780488
our_vol2,Our vol2 ETAS-enhanced STNPP-GAT,52,2021-12-29,0.01,1.689676488769833
our_vol2,Our vol2 ETAS-enhanced STNPP-GAT,53,2022-01-12,0.01,0.6127525252525252
our_vol2,Our vol2 ETAS-enhanced STNPP-GAT,54,2022-01-26,0.01,1.0096153846153846
our_vol2,Our vol2 ETAS-enhanced STNPP-GAT,55,2022-02-09,0.01,1.0327022375215147
our_vol2,Our vol2 ETAS-enhanced STNPP-GAT,56,2022-02-23,0.01,0.713978494623656
our_vol2,Our vol2 ETAS-enhanced STNPP-GAT,57,2022-03-09,0.01,1.4834623504574245
our_vol2,Our vol2 ETAS-enhanced STNPP-GAT,58,2022-03-23,0.01,0.917331206804891
our_vol2,Our vol2 ETAS-enhanced STNPP-GAT,59,2022-04-06,0.01,0.8738675958188152
our_vol2,Our vol2 ETAS-enhanced STNPP-GAT,60,2022-04-20,0.01,1.2289466171852697
our_vol2,Our vol2 ETAS-enhanced STNPP-GAT,61,2022-05-04,0.01,1.1951923076923079
our_vol2,Our vol2 ETAS-enhanced STNPP-GAT,62,2022-05-18,0.01,0.8065489013356313
our_vol2,Our vol2 ETAS-enhanced STNPP-GAT,63,2022-06-01,0.01,1.1482993197278912
our_vol2,Our vol2 ETAS-enhanced STNPP-GAT,64,2022-06-15,0.01,0.6091370558375634
our_vol2,Our vol2 ETAS-enhanced STNPP-GAT,65,2022-06-29,0.01,1.5789721829325791
our_vol2,Our vol2 ETAS-enhanced STNPP-GAT,66,2022-07-13,0.01,1.230111427831044
our_vol2,Our vol2 ETAS-enhanced STNPP-GAT,67,2022-07-27,0.01,0.781699667937523
our_vol2,Our vol2 ETAS-enhanced STNPP-GAT,68,2022-08-10,0.01,1.373015873015873
our_vol2,Our vol2 ETAS-enhanced STNPP-GAT,69,2022-08-24,0.01,1.0034965034965035
our_vol2,Our vol2 ETAS-enhanced STNPP-GAT,70,2022-09-07,0.01,0.7297297297297297
our_vol2,Our vol2 ETAS-enhanced STNPP-GAT,71,2022-09-21,0.01,1.1224489795918369
our_vol2,Our vol2 ETAS-enhanced STNPP-GAT,72,2022-10-05,0.01,0.98989898989899
our_vol2,Our vol2 ETAS-enhanced STNPP-GAT,73,2022-10-19,0.01,1.2535423575520046
our_vol2,Our vol2 ETAS-enhanced STNPP-GAT,74,2022-11-02,0.01,0.7443478260869566
our_vol2,Our vol2 ETAS-enhanced STNPP-GAT,75,2022-11-16,0.01,1.0273590173087659
our_vol2,Our vol2 ETAS-enhanced STNPP-GAT,76,2022-11-30,0.01,1.4672811059907835
our_vol2,Our vol2 ETAS-enhanced STNPP-GAT,77,2022-12-14,0.01,0.9271978021978022
our_vol2,Our vol2 ETAS-enhanced STNPP-GAT,78,2022-12-28,0.01,0.6214712548938801
our_vol2,Our vol2 ETAS-enhanced STNPP-GAT,79,2023-01-11,0.01,1.4443452380952382
our_vol2,Our vol2 ETAS-enhanced STNPP-GAT,80,2023-01-25,0.01,1.085579196217494
our_vol2,Our vol2 ETAS-enhanced STNPP-GAT,81,2023-02-08,0.01,0.8417910447761195
our_vol2,Our vol2 ETAS-enhanced STNPP-GAT,82,2023-02-22,0.01,0.7433854907539118
our_vol2,Our vol2 ETAS-enhanced STNPP-GAT,83,2023-03-08,0.01,1.1983805668016196
our_vol2,Our vol2 ETAS-enhanced STNPP-GAT,84,2023-03-22,0.01,1.0982658959537572
our_vol2,Our vol2 ETAS-enhanced STNPP-GAT,85,2023-04-05,0.01,0.8160377358490566
our_vol2,Our vol2 ETAS-enhanced STNPP-GAT,86,2023-04-19,0.01,1.1466346153846154
our_vol2,Our vol2 ETAS-enhanced STNPP-GAT,87,2023-05-03,0.01,0.962962962962963
our_vol2,Our vol2 ETAS-enhanced STNPP-GAT,88,2023-05-17,0.01,1.3155080213903743
our_vol2,Our vol2 ETAS-enhanced STNPP-GAT,89,2023-05-31,0.01,0.8798225567952681
our_vol2,Our vol2 ETAS-enhanced STNPP-GAT,90,2023-06-14,0.01,0.5963872035300606
our_vol2,Our vol2 ETAS-enhanced STNPP-GAT,91,2023-06-28,0.01,1.1275476660092045
our_vol2,Our vol2 ETAS-enhanced STNPP-GAT,92,2023-07-12,0.01,0.7360805284680717
our_vol2,Our vol2 ETAS-enhanced STNPP-GAT,93,2023-07-26,0.01,1.265
our_vol2,Our vol2 ETAS-enhanced STNPP-GAT,94,2023-08-09,0.01,1.0957642725598526
our_vol2,Our vol2 ETAS-enhanced STNPP-GAT,95,2023-08-23,0.01,0.7293040293040293
our_vol2,Our vol2 ETAS-enhanced STNPP-GAT,96,2023-09-06,0.01,1.7547300415320721
our_vol2,Our vol2 ETAS-enhanced STNPP-GAT,97,2023-09-20,0.01,0.7779326364692217
our_vol2,Our vol2 ETAS-enhanced STNPP-GAT,98,2023-10-04,0.01,1.0416666666666667
our_vol2,Our vol2 ETAS-enhanced STNPP-GAT,99,2023-10-18,0.01,1.1270642201834862
our_vol2,Our vol2 ETAS-enhanced STNPP-GAT,100,2023-11-01,0.01,1.0165803108808291
our_vol2,Our vol2 ETAS-enhanced STNPP-GAT,101,2023-11-15,0.01,0.9856751370204284
our_vol2,Our vol2 ETAS-enhanced STNPP-GAT,102,2023-11-29,0.01,0.9917067307692308
our_vol2,Our vol2 ETAS-enhanced STNPP-GAT,103,2023-12-13,0.01,0.9131568116339691
our_vol2,Our vol2 ETAS-enhanced STNPP-GAT,104,2023-12-27,0.01,1.1573902288188003
our_vol2,Our vol2 ETAS-enhanced STNPP-GAT,105,2024-01-10,0.01,0.6846762925011644
our_vol2,Our vol2 ETAS-enhanced STNPP-GAT,106,2024-01-24,0.01,1.0560747663551402
our_vol2,Our vol2 ETAS-enhanced STNPP-GAT,107,2024-02-07,0.01,0.8327965646806227
our_vol2,Our vol2 ETAS-enhanced STNPP-GAT,108,2024-02-21,0.01,1.4053957477219938
our_vol2,Our vol2 ETAS-enhanced STNPP-GAT,109,2024-03-06,0.01,0.7291485033420518
our_vol2,Our vol2 ETAS-enhanced STNPP-GAT,110,2024-03-20,0.01,0.7153846153846154
our_vol2,Our vol2 ETAS-enhanced STNPP-GAT,111,2024-04-03,0.01,1.2609649122807018
our_vol2,Our vol2 ETAS-enhanced STNPP-GAT,112,2024-04-17,0.01,0.9951117318435755
our_vol2,Our vol2 ETAS-enhanced STNPP-GAT,113,2024-05-01,0.01,1.0403418803418805
our_vol2,Our vol2 ETAS-enhanced STNPP-GAT,114,2024-05-15,0.01,0.9920508744038156
our_vol2,Our vol2 ETAS-enhanced STNPP-GAT,115,2024-05-29,0.01,0.9217657342657343
our_vol2,Our vol2 ETAS-enhanced STNPP-GAT,116,2024-06-12,0.01,0.97196261682243
our_vol2,Our vol2 ETAS-enhanced STNPP-GAT,117,2024-06-26,0.01,0.816793893129771
our_vol2,Our vol2 ETAS-enhanced STNPP-GAT,118,2024-07-10,0.01,1.183872088981578
our_vol2,Our vol2 ETAS-enhanced STNPP-GAT,119,2024-07-24,0.01,1.0483478260869565
our_vol2,Our vol2 ETAS-enhanced STNPP-GAT,120,2024-08-07,0.01,1.2992125984251968
our_vol2,Our vol2 ETAS-enhanced STNPP-GAT,121,2024-08-21,0.01,0.5093582887700534
our_vol2,Our vol2 ETAS-enhanced STNPP-GAT,122,2024-09-04,0.01,0.9202755905511811
our_vol2,Our vol2 ETAS-enhanced STNPP-GAT,123,2024-09-18,0.01,1.3043884220354809
our_vol2,Our vol2 ETAS-enhanced STNPP-GAT,124,2024-10-02,0.01,0.8450292397660819
our_vol2,Our vol2 ETAS-enhanced STNPP-GAT,125,2024-10-16,0.01,1.243421052631579
our_vol2,Our vol2 ETAS-enhanced STNPP-GAT,126,2024-10-30,0.01,1.5283018867924527
our_vol2,Our vol2 ETAS-enhanced STNPP-GAT,127,2024-11-13,0.01,0.45051608986035213
our_vol2,Our vol2 ETAS-enhanced STNPP-GAT,128,2024-11-27,0.01,1.7978947368421052
our_vol2,Our vol2 ETAS-enhanced STNPP-GAT,129,2024-12-11,0.01,1.2148337595907928
our_vol2,Our vol2 ETAS-enhanced STNPP-GAT,0,2020-01-01,0.02,1.2525185796862097
our_vol2,Our vol2 ETAS-enhanced STNPP-GAT,1,2020-01-15,0.02,0.8338262679373425
our_vol2,Our vol2 ETAS-enhanced STNPP-GAT,2,2020-01-29,0.02,0.9884951679705476
our_vol2,Our vol2 ETAS-enhanced STNPP-GAT,3,2020-02-12,0.02,0.6973684210526315
our_vol2,Our vol2 ETAS-enhanced STNPP-GAT,4,2020-02-26,0.02,1.7587619481110606
our_vol2,Our vol2 ETAS-enhanced STNPP-GAT,5,2020-03-11,0.02,0.7469347020245224
our_vol2,Our vol2 ETAS-enhanced STNPP-GAT,6,2020-03-25,0.02,1.0484953453128383
our_vol2,Our vol2 ETAS-enhanced STNPP-GAT,7,2020-04-08,0.02,1.192
our_vol2,Our vol2 ETAS-enhanced STNPP-GAT,8,2020-04-22,0.02,1.1458333333333333
our_vol2,Our vol2 ETAS-enhanced STNPP-GAT,9,2020-05-06,0.02,0.726467331118494
our_vol2,Our vol2 ETAS-enhanced STNPP-GAT,10,2020-05-20,0.02,1.2193548387096773
our_vol2,Our vol2 ETAS-enhanced STNPP-GAT,11,2020-06-03,0.02,1.0674318507890963
our_vol2,Our vol2 ETAS-enhanced STNPP-GAT,12,2020-06-17,0.02,0.8448382443849165
our_vol2,Our vol2 ETAS-enhanced STNPP-GAT,13,2020-07-01,0.02,0.947559032304795
our_vol2,Our vol2 ETAS-enhanced STNPP-GAT,14,2020-07-15,0.02,0.8661773009599096
our_vol2,Our vol2 ETAS-enhanced STNPP-GAT,15,2020-07-29,0.02,0.9312569521690768
our_vol2,Our vol2 ETAS-enhanced STNPP-GAT,16,2020-08-12,0.02,1.3406520292747837
our_vol2,Our vol2 ETAS-enhanced STNPP-GAT,17,2020-08-26,0.02,0.6761133603238867
our_vol2,Our vol2 ETAS-enhanced STNPP-GAT,18,2020-09-09,0.02,1.1528937517995967
our_vol2,Our vol2 ETAS-enhanced STNPP-GAT,19,2020-09-23,0.02,0.9285714285714286
our_vol2,Our vol2 ETAS-enhanced STNPP-GAT,20,2020-10-07,0.02,1.157088122605364
our_vol2,Our vol2 ETAS-enhanced STNPP-GAT,21,2020-10-21,0.02,0.7118181818181819
our_vol2,Our vol2 ETAS-enhanced STNPP-GAT,22,2020-11-04,0.02,1.0780399274047185
our_vol2,Our vol2 ETAS-enhanced STNPP-GAT,23,2020-11-18,0.02,1.5373631603998095
our_vol2,Our vol2 ETAS-enhanced STNPP-GAT,24,2020-12-02,0.02,0.8974698795180723
our_vol2,Our vol2 ETAS-enhanced STNPP-GAT,25,2020-12-16,0.02,0.9736842105263158
our_vol2,Our vol2 ETAS-enhanced STNPP-GAT,26,2020-12-30,0.02,0.8055882352941175
our_vol2,Our vol2 ETAS-enhanced STNPP-GAT,27,2021-01-13,0.02,1.664071190211346
our_vol2,Our vol2 ETAS-enhanced STNPP-GAT,28,2021-01-27,0.02,0.7610087045570917
our_vol2,Our vol2 ETAS-enhanced STNPP-GAT,29,2021-02-10,0.02,0.8898338870431893
our_vol2,Our vol2 ETAS-enhanced STNPP-GAT,30,2021-02-24,0.02,0.9433275058275057
our_vol2,Our vol2 ETAS-enhanced STNPP-GAT,31,2021-03-10,0.02,1.0122448979591836
our_vol2,Our vol2 ETAS-enhanced STNPP-GAT,32,2021-03-24,0.02,1.2084507042253523
our_vol2,Our vol2 ETAS-enhanced STNPP-GAT,33,2021-04-07,0.02,0.7629436665581244
our_vol2,Our vol2 ETAS-enhanced STNPP-GAT,34,2021-04-21,0.02,0.8190789473684211
our_vol2,Our vol2 ETAS-enhanced STNPP-GAT,35,2021-05-05,0.02,1.4167039856695032
our_vol2,Our vol2 ETAS-enhanced STNPP-GAT,36,2021-05-19,0.02,0.8664246823956442
our_vol2,Our vol2 ETAS-enhanced STNPP-GAT,37,2021-06-02,0.02,1.01440329218107
our_vol2,Our vol2 ETAS-enhanced STNPP-GAT,38,2021-06-16,0.02,1.0013568521031209
our_vol2,Our vol2 ETAS-enhanced STNPP-GAT,39,2021-06-30,0.02,1.1850733390854185
our_vol2,Our vol2 ETAS-enhanced STNPP-GAT,40,2021-07-14,0.02,0.9087191470717102
our_vol2,Our vol2 ETAS-enhanced STNPP-GAT,41,2021-07-28,0.02,1.1494040624475406
our_vol2,Our vol2 ETAS-enhanced STNPP-GAT,42,2021-08-11,0.02,0.8082329317269077
our_vol2,Our vol2 ETAS-enhanced STNPP-GAT,43,2021-08-25,0.02,1.1653877551020408
our_vol2,Our vol2 ETAS-enhanced STNPP-GAT,44,2021-09-08,0.02,0.9121061359867331
our_vol2,Our vol2 ETAS-enhanced STNPP-GAT,45,2021-09-22,0.02,1.0531772575250837
our_vol2,Our vol2 ETAS-enhanced STNPP-GAT,46,2021-10-06,0.02,1.0015527950310559
our_vol2,Our vol2 ETAS-enhanced STNPP-GAT,47,2021-10-20,0.02,1.1698025008764756
our_vol2,Our vol2 ETAS-enhanced STNPP-GAT,48,2021-11-03,0.02,0.8551258440761202
our_vol2,Our vol2 ETAS-enhanced STNPP-GAT,49,2021-11-17,0.02,1.0594246031746033
our_vol2,Our vol2 ETAS-enhanced STNPP-GAT,50,2021-12-01,0.02,1.0612903225806452
our_vol2,Our vol2 ETAS-enhanced STNPP-GAT,51,2021-12-15,0.02,0.8284199363732768
our_vol2,Our vol2 ETAS-enhanced STNPP-GAT,52,2021-12-29,0.02,1.2954186413902053
our_vol2,Our vol2 ETAS-enhanced STNPP-GAT,53,2022-01-12,0.02,0.6593749999999999
our_vol2,Our vol2 ETAS-enhanced STNPP-GAT,54,2022-01-26,0.02,0.9114583333333334
our_vol2,Our vol2 ETAS-enhanced STNPP-GAT,55,2022-02-09,0.02,1.2455977757182575
our_vol2,Our vol2 ETAS-enhanced STNPP-GAT,56,2022-02-23,0.02,0.7099217986314761
our_vol2,Our vol2 ETAS-enhanced STNPP-GAT,57,2022-03-09,0.02,1.204222378606615
our_vol2,Our vol2 ETAS-enhanced STNPP-GAT,58,2022-03-23,0.02,0.9928761297182349
our_vol2,Our vol2 ETAS-enhanced STNPP-GAT,59,2022-04-06,0.02,0.9770325203252033
our_vol2,Our vol2 ETAS-enhanced STNPP-GAT,60,2022-04-20,0.02,1.0960545722713864
our_vol2,Our vol2 ETAS-enhanced STNPP-GAT,61,2022-05-04,0.02,1.068122555410691
our_vol2,Our vol2 ETAS-enhanced STNPP-GAT,62,2022-05-18,0.02,0.7886255924170616
our_vol2,Our vol2 ETAS-enhanced STNPP-GAT,63,2022-06-01,0.02,1.2826747720364744
our_vol2,Our vol2 ETAS-enhanced STNPP-GAT,64,2022-06-15,0.02,0.7514354664225681
our_vol2,Our vol2 ETAS-enhanced STNPP-GAT,65,2022-06-29,0.02,1.1525652565256526
our_vol2,Our vol2 ETAS-enhanced STNPP-GAT,66,2022-07-13,0.02,1.1807861741782446
our_vol2,Our vol2 ETAS-enhanced STNPP-GAT,67,2022-07-27,0.02,0.9508251654519561
our_vol2,Our vol2 ETAS-enhanced STNPP-GAT,68,2022-08-10,0.02,1.0230314347961407
our_vol2,Our vol2 ETAS-enhanced STNPP-GAT,69,2022-08-24,0.02,1.0047846889952152
our_vol2,Our vol2 ETAS-enhanced STNPP-GAT,70,2022-09-07,0.02,0.75
our_vol2,Our vol2 ETAS-enhanced STNPP-GAT,71,2022-09-21,0.02,0.985006247396918
our_vol2,Our vol2 ETAS-enhanced STNPP-GAT,72,2022-10-05,0.02,1.1313131313131313
our_vol2,Our vol2 ETAS-enhanced STNPP-GAT,73,2022-10-19,0.02,1.0951745184054928
our_vol2,Our vol2 ETAS-enhanced STNPP-GAT,74,2022-11-02,0.02,0.8502248875562219
our_vol2,Our vol2 ETAS-enhanced STNPP-GAT,75,2022-11-16,0.02,1.089099342868187
our_vol2,Our vol2 ETAS-enhanced STNPP-GAT,76,2022-11-30,0.02,1.1796890184645288
our_vol2,Our vol2 ETAS-enhanced STNPP-GAT,77,2022-12-14,0.02,0.911910669975186
our_vol2,Our vol2 ETAS-enhanced STNPP-GAT,78,2022-12-28,0.02,0.8403387460181804
our_vol2,Our vol2 ETAS-enhanced STNPP-GAT,79,2023-01-11,0.02,1.1687334656084656
our_vol2,Our vol2 ETAS-enhanced STNPP-GAT,80,2023-01-25,0.02,0.9425214353763098
our_vol2,Our vol2 ETAS-enhanced STNPP-GAT,81,2023-02-08,0.02,0.8823805500797898
our_vol2,Our vol2 ETAS-enhanced STNPP-GAT,82,2023-02-22,0.02,0.7388108108108108
our_vol2,Our vol2 ETAS-enhanced STNPP-GAT,83,2023-03-08,0.02,1.403250773993808
our_vol2,Our vol2 ETAS-enhanced STNPP-GAT,84,2023-03-22,0.02,1.0982658959537572
our_vol2,Our vol2 ETAS-enhanced STNPP-GAT,85,2023-04-05,0.02,0.8840408805031446
our_vol2,Our vol2 ETAS-enhanced STNPP-GAT,86,2023-04-19,0.02,1.1925693354264784
our_vol2,Our vol2 ETAS-enhanced STNPP-GAT,87,2023-05-03,0.02,0.924731182795699
our_vol2,Our vol2 ETAS-enhanced STNPP-GAT,88,2023-05-17,0.02,1.387887078721552
our_vol2,Our vol2 ETAS-enhanced STNPP-GAT,89,2023-05-31,0.02,0.8860039799109258
our_vol2,Our vol2 ETAS-enhanced STNPP-GAT,90,2023-06-14,0.02,0.77457309454394
our_vol2,Our vol2 ETAS-enhanced STNPP-GAT,91,2023-06-28,0.02,0.9350029815146094
our_vol2,Our vol2 ETAS-enhanced STNPP-GAT,92,2023-07-12,0.02,0.8427370948379351
our_vol2,Our vol2 ETAS-enhanced STNPP-GAT,93,2023-07-26,0.02,1.5
our_vol2,Our vol2 ETAS-enhanced STNPP-GAT,94,2023-08-09,0.02,1.0921238596942053
our_vol2,Our vol2 ETAS-enhanced STNPP-GAT,95,2023-08-23,0.02,0.6819466248037677
our_vol2,Our vol2 ETAS-enhanced STNPP-GAT,96,2023-09-06,0.02,1.509517766497462
our_vol2,Our vol2 ETAS-enhanced STNPP-GAT,97,2023-09-20,0.02,0.7594104308390022
our_vol2,Our vol2 ETAS-enhanced STNPP-GAT,98,2023-10-04,0.02,1.0021786492374727
our_vol2,Our vol2 ETAS-enhanced STNPP-GAT,99,2023-10-18,0.02,1.1559633027522935
our_vol2,Our vol2 ETAS-enhanced STNPP-GAT,100,2023-11-01,0.02,0.9473508273441418
our_vol2,Our vol2 ETAS-enhanced STNPP-GAT,101,2023-11-15,0.02,0.9307894068872155
our_vol2,Our vol2 ETAS-enhanced STNPP-GAT,102,2023-11-29,0.02,1.0721153846153846
our_vol2,Our vol2 ETAS-enhanced STNPP-GAT,103,2023-12-13,0.02,0.9790493770189201
our_vol2,Our vol2 ETAS-enhanced STNPP-GAT,104,2023-12-27,0.02,1.0642256902761105
our_vol2,Our vol2 ETAS-enhanced STNPP-GAT,105,2024-01-10,0.02,0.7898230088495575
our_vol2,Our vol2 ETAS-enhanced STNPP-GAT,106,2024-01-24,0.02,0.977847005884389
our_vol2,Our vol2 ETAS-enhanced STNPP-GAT,107,2024-02-07,0.02,0.9344109996283909
our_vol2,Our vol2 ETAS-enhanced STNPP-GAT,108,2024-02-21,0.02,1.189119170984456
our_vol2,Our vol2 ETAS-enhanced STNPP-GAT,109,2024-03-06,0.02,0.6848387096774194
our_vol2,Our vol2 ETAS-enhanced STNPP-GAT,110,2024-03-20,0.02,1.0333333333333334
our_vol2,Our vol2 ETAS-enhanced STNPP-GAT,111,2024-04-03,0.02,1.0964912280701755
our_vol2,Our vol2 ETAS-enhanced STNPP-GAT,112,2024-04-17,0.02,1.1238908971409793
our_vol2,Our vol2 ETAS-enhanced STNPP-GAT,113,2024-05-01,0.02,1.0448196789660205
our_vol2,Our vol2 ETAS-enhanced STNPP-GAT,114,2024-05-15,0.02,0.9411196911196912
our_vol2,Our vol2 ETAS-enhanced STNPP-GAT,115,2024-05-29,0.02,1.148811188811189
our_vol2,Our vol2 ETAS-enhanced STNPP-GAT,116,2024-06-12,0.02,0.866885577165951
our_vol2,Our vol2 ETAS-enhanced STNPP-GAT,117,2024-06-26,0.02,0.816793893129771
our_vol2,Our vol2 ETAS-enhanced STNPP-GAT,118,2024-07-10,0.02,1.5681751824817516
our_vol2,Our vol2 ETAS-enhanced STNPP-GAT,119,2024-07-24,0.02,0.9163879598662208
our_vol2,Our vol2 ETAS-enhanced STNPP-GAT,120,2024-08-07,0.02,1.1250298258172273
our_vol2,Our vol2 ETAS-enhanced STNPP-GAT,121,2024-08-21,0.02,0.7147186147186148
our_vol2,Our vol2 ETAS-enhanced STNPP-GAT,122,2024-09-04,0.02,0.8661417322834646
our_vol2,Our vol2 ETAS-enhanced STNPP-GAT,123,2024-09-18,0.02,1.4624961095549331
our_vol2,Our vol2 ETAS-enhanced STNPP-GAT,124,2024-10-02,0.02,0.7083333333333334
our_vol2,Our vol2 ETAS-enhanced STNPP-GAT,125,2024-10-16,0.02,1.2157894736842105
our_vol2,Our vol2 ETAS-enhanced STNPP-GAT,126,2024-10-30,0.02,1.3183201460742544
our_vol2,Our vol2 ETAS-enhanced STNPP-GAT,127,2024-11-13,0.02,0.6702576112412179
our_vol2,Our vol2 ETAS-enhanced STNPP-GAT,128,2024-11-27,0.02,1.2842105263157895
our_vol2,Our vol2 ETAS-enhanced STNPP-GAT,129,2024-12-11,0.02,1.5647058823529414
our_vol2,Our vol2 ETAS-enhanced STNPP-GAT,0,2020-01-01,0.03,1.2674295151586645
our_vol2,Our vol2 ETAS-enhanced STNPP-GAT,1,2020-01-15,0.03,0.8101380216891225
our_vol2,Our vol2 ETAS-enhanced STNPP-GAT,2,2020-01-29,0.03,1.1470274118903525
our_vol2,Our vol2 ETAS-enhanced STNPP-GAT,3,2020-02-12,0.03,0.7003571428571429
our_vol2,Our vol2 ETAS-enhanced STNPP-GAT,4,2020-02-26,0.03,1.435897435897436
our_vol2,Our vol2 ETAS-enhanced STNPP-GAT,5,2020-03-11,0.03,0.7937067042385816
our_vol2,Our vol2 ETAS-enhanced STNPP-GAT,6,2020-03-25,0.03,1.064765100671141
our_vol2,Our vol2 ETAS-enhanced STNPP-GAT,7,2020-04-08,0.03,1.1062121212121212
our_vol2,Our vol2 ETAS-enhanced STNPP-GAT,8,2020-04-22,0.03,0.9863701578192252
our_vol2,Our vol2 ETAS-enhanced STNPP-GAT,9,2020-05-06,0.03,0.7635978835978836
our_vol2,Our vol2 ETAS-enhanced STNPP-GAT,10,2020-05-20,0.03,1.2193548387096773
our_vol2,Our vol2 ETAS-enhanced STNPP-GAT,11,2020-06-03,0.03,1.075338753387534
our_vol2,Our vol2 ETAS-enhanced STNPP-GAT,12,2020-06-17,0.03,0.7963639188874213
our_vol2,Our vol2 ETAS-enhanced STNPP-GAT,13,2020-07-01,0.03,1.0752187880802038
our_vol2,Our vol2 ETAS-enhanced STNPP-GAT,14,2020-07-15,0.03,0.7628343262770947
our_vol2,Our vol2 ETAS-enhanced STNPP-GAT,15,2020-07-29,0.03,1.1229293809938972
our_vol2,Our vol2 ETAS-enhanced STNPP-GAT,16,2020-08-12,0.03,1.166129279901735
our_vol2,Our vol2 ETAS-enhanced STNPP-GAT,17,2020-08-26,0.03,0.6773426573426573
our_vol2,Our vol2 ETAS-enhanced STNPP-GAT,18,2020-09-09,0.03,1.2409225850650831
our_vol2,Our vol2 ETAS-enhanced STNPP-GAT,19,2020-09-23,0.03,0.95
our_vol2,Our vol2 ETAS-enhanced STNPP-GAT,20,2020-10-07,0.03,1.0196839080459772
our_vol2,Our vol2 ETAS-enhanced STNPP-GAT,21,2020-10-21,0.03,0.8014545454545454
our_vol2,Our vol2 ETAS-enhanced STNPP-GAT,22,2020-11-04,0.03,0.9335526315789473
our_vol2,Our vol2 ETAS-enhanced STNPP-GAT,23,2020-11-18,0.03,1.503713624741264
our_vol2,Our vol2 ETAS-enhanced STNPP-GAT,24,2020-12-02,0.03,0.8583859246509848
our_vol2,Our vol2 ETAS-enhanced STNPP-GAT,25,2020-12-16,0.03,0.9555555555555556
our_vol2,Our vol2 ETAS-enhanced STNPP-GAT,26,2020-12-30,0.03,0.8725907384230287
our_vol2,Our vol2 ETAS-enhanced STNPP-GAT,27,2021-01-13,0.03,1.5073891625615765
our_vol2,Our vol2 ETAS-enhanced STNPP-GAT,28,2021-01-27,0.03,0.793743890518084
our_vol2,Our vol2 ETAS-enhanced STNPP-GAT,29,2021-02-10,0.03,0.9110204081632652
our_vol2,Our vol2 ETAS-enhanced STNPP-GAT,30,2021-02-24,0.03,0.9078557312252963
our_vol2,Our vol2 ETAS-enhanced STNPP-GAT,31,2021-03-10,0.03,1.0068027210884354
our_vol2,Our vol2 ETAS-enhanced STNPP-GAT,32,2021-03-24,0.03,1.1103286384976525
our_vol2,Our vol2 ETAS-enhanced STNPP-GAT,33,2021-04-07,0.03,0.8174029451137885
our_vol2,Our vol2 ETAS-enhanced STNPP-GAT,34,2021-04-21,0.03,0.925608595131239
our_vol2,Our vol2 ETAS-enhanced STNPP-GAT,35,2021-05-05,0.03,1.269016697588126
our_vol2,Our vol2 ETAS-enhanced STNPP-GAT,36,2021-05-19,0.03,0.8886699507389163
our_vol2,Our vol2 ETAS-enhanced STNPP-GAT,37,2021-06-02,0.03,0.9639126305792972
our_vol2,Our vol2 ETAS-enhanced STNPP-GAT,38,2021-06-16,0.03,1.0811794685111031
our_vol2,Our vol2 ETAS-enhanced STNPP-GAT,39,2021-06-30,0.03,1.058420268256334
our_vol2,Our vol2 ETAS-enhanced STNPP-GAT,40,2021-07-14,0.03,0.9693689543988945
our_vol2,Our vol2 ETAS-enhanced STNPP-GAT,41,2021-07-28,0.03,1.240210640021604
our_vol2,Our vol2 ETAS-enhanced STNPP-GAT,42,2021-08-11,0.03,0.7902721999107541
our_vol2,Our vol2 ETAS-enhanced STNPP-GAT,43,2021-08-25,0.03,1.096126984126984
our_vol2,Our vol2 ETAS-enhanced STNPP-GAT,44,2021-09-08,0.03,1.0413618183591844
our_vol2,Our vol2 ETAS-enhanced STNPP-GAT,45,2021-09-22,0.03,1.0307692307692307
our_vol2,Our vol2 ETAS-enhanced STNPP-GAT,46,2021-10-06,0.03,0.9013605442176871
our_vol2,Our vol2 ETAS-enhanced STNPP-GAT,47,2021-10-20,0.03,1.1686208821887214
our_vol2,Our vol2 ETAS-enhanced STNPP-GAT,48,2021-11-03,0.03,0.7696132596685082
our_vol2,Our vol2 ETAS-enhanced STNPP-GAT,49,2021-11-17,0.03,1.0486507936507936
our_vol2,Our vol2 ETAS-enhanced STNPP-GAT,50,2021-12-01,0.03,1.0619006102877069
our_vol2,Our vol2 ETAS-enhanced STNPP-GAT,51,2021-12-15,0.03,0.8587108013937282
our_vol2,Our vol2 ETAS-enhanced STNPP-GAT,52,2021-12-29,0.03,1.2774267158153414
our_vol2,Our vol2 ETAS-enhanced STNPP-GAT,53,2022-01-12,0.03,0.6837962962962963
our_vol2,Our vol2 ETAS-enhanced STNPP-GAT,54,2022-01-26,0.03,1.0
our_vol2,Our vol2 ETAS-enhanced STNPP-GAT,55,2022-02-09,0.03,1.325301204819277
our_vol2,Our vol2 ETAS-enhanced STNPP-GAT,56,2022-02-23,0.03,0.772332506203474
our_vol2,Our vol2 ETAS-enhanced STNPP-GAT,57,2022-03-09,0.03,1.1198686371100166
our_vol2,Our vol2 ETAS-enhanced STNPP-GAT,58,2022-03-23,0.03,0.9210526315789475
our_vol2,Our vol2 ETAS-enhanced STNPP-GAT,59,2022-04-06,0.03,0.9855284552845528
our_vol2,Our vol2 ETAS-enhanced STNPP-GAT,60,2022-04-20,0.03,1.007866273352999
our_vol2,Our vol2 ETAS-enhanced STNPP-GAT,61,2022-05-04,0.03,1.014102564102564
our_vol2,Our vol2 ETAS-enhanced STNPP-GAT,62,2022-05-18,0.03,0.8872037914691944
our_vol2,Our vol2 ETAS-enhanced STNPP-GAT,63,2022-06-01,0.03,1.268306010928962
our_vol2,Our vol2 ETAS-enhanced STNPP-GAT,64,2022-06-15,0.03,0.7556383730643192
our_vol2,Our vol2 ETAS-enhanced STNPP-GAT,65,2022-06-29,0.03,1.11212437033177
our_vol2,Our vol2 ETAS-enhanced STNPP-GAT,66,2022-07-13,0.03,1.0599896346203679
our_vol2,Our vol2 ETAS-enhanced STNPP-GAT,67,2022-07-27,0.03,0.9643429208162129
our_vol2,Our vol2 ETAS-enhanced STNPP-GAT,68,2022-08-10,0.03,1.050394656952034
our_vol2,Our vol2 ETAS-enhanced STNPP-GAT,69,2022-08-24,0.03,1.0106951871657754
our_vol2,Our vol2 ETAS-enhanced STNPP-GAT,70,2022-09-07,0.03,0.7662162162162162
our_vol2,Our vol2 ETAS-enhanced STNPP-GAT,71,2022-09-21,0.03,0.9799157758341432
our_vol2,Our vol2 ETAS-enhanced STNPP-GAT,72,2022-10-05,0.03,1.1313131313131313
our_vol2,Our vol2 ETAS-enhanced STNPP-GAT,73,2022-10-19,0.03,0.9821710999281092
our_vol2,Our vol2 ETAS-enhanced STNPP-GAT,74,2022-11-02,0.03,0.9843730308758665
our_vol2,Our vol2 ETAS-enhanced STNPP-GAT,75,2022-11-16,0.03,0.9214993888360722
our_vol2,Our vol2 ETAS-enhanced STNPP-GAT,76,2022-11-30,0.03,1.1004608294930878
our_vol2,Our vol2 ETAS-enhanced STNPP-GAT,77,2022-12-14,0.03,0.9128029504741833
our_vol2,Our vol2 ETAS-enhanced STNPP-GAT,78,2022-12-28,0.03,1.0872595483691108
our_vol2,Our vol2 ETAS-enhanced STNPP-GAT,79,2023-01-11,0.03,1.0765306122448979
our_vol2,Our vol2 ETAS-enhanced STNPP-GAT,80,2023-01-25,0.03,0.9049286291408565
our_vol2,Our vol2 ETAS-enhanced STNPP-GAT,81,2023-02-08,0.03,0.9056305772723684
our_vol2,Our vol2 ETAS-enhanced STNPP-GAT,82,2023-02-22,0.03,0.832972972972973
our_vol2,Our vol2 ETAS-enhanced STNPP-GAT,83,2023-03-08,0.03,1.3415204678362573
our_vol2,Our vol2 ETAS-enhanced STNPP-GAT,84,2023-03-22,0.03,0.9742681335073652
our_vol2,Our vol2 ETAS-enhanced STNPP-GAT,85,2023-04-05,0.03,0.8851934761752478
our_vol2,Our vol2 ETAS-enhanced STNPP-GAT,86,2023-04-19,0.03,1.1499013806706115
our_vol2,Our vol2 ETAS-enhanced STNPP-GAT,87,2023-05-03,0.03,0.9149560117302052
our_vol2,Our vol2 ETAS-enhanced STNPP-GAT,88,2023-05-17,0.03,1.1770053475935829
our_vol2,Our vol2 ETAS-enhanced STNPP-GAT,89,2023-05-31,0.03,0.8440098186713121
our_vol2,Our vol2 ETAS-enhanced STNPP-GAT,90,2023-06-14,0.03,0.837772397094431
our_vol2,Our vol2 ETAS-enhanced STNPP-GAT,91,2023-06-28,0.03,0.9306742640075973
our_vol2,Our vol2 ETAS-enhanced STNPP-GAT,92,2023-07-12,0.03,0.9385026737967914
our_vol2,Our vol2 ETAS-enhanced STNPP-GAT,93,2023-07-26,0.03,1.315217391304348
our_vol2,Our vol2 ETAS-enhanced STNPP-GAT,94,2023-08-09,0.03,1.041687594173782
our_vol2,Our vol2 ETAS-enhanced STNPP-GAT,95,2023-08-23,0.03,0.7912568306010929
our_vol2,Our vol2 ETAS-enhanced STNPP-GAT,96,2023-09-06,0.03,1.5031020868584322
our_vol2,Our vol2 ETAS-enhanced STNPP-GAT,97,2023-09-20,0.03,0.7875367430922985
our_vol2,Our vol2 ETAS-enhanced STNPP-GAT,98,2023-10-04,0.03,1.01010101010101
our_vol2,Our vol2 ETAS-enhanced STNPP-GAT,99,2023-10-18,0.03,1.1415137614678899
our_vol2,Our vol2 ETAS-enhanced STNPP-GAT,100,2023-11-01,0.03,0.9638687392055268
our_vol2,Our vol2 ETAS-enhanced STNPP-GAT,101,2023-11-15,0.03,1.0547926008968609
our_vol2,Our vol2 ETAS-enhanced STNPP-GAT,102,2023-11-29,0.03,0.9291666666666667
our_vol2,Our vol2 ETAS-enhanced STNPP-GAT,103,2023-12-13,0.03,1.0078449469312414
our_vol2,Our vol2 ETAS-enhanced STNPP-GAT,104,2023-12-27,0.03,1.1023699802501645
our_vol2,Our vol2 ETAS-enhanced STNPP-GAT,105,2024-01-10,0.03,0.8543125082551841
our_vol2,Our vol2 ETAS-enhanced STNPP-GAT,106,2024-01-24,0.03,1.0263261813873898
our_vol2,Our vol2 ETAS-enhanced STNPP-GAT,107,2024-02-07,0.03,0.9289364979346075
our_vol2,Our vol2 ETAS-enhanced STNPP-GAT,108,2024-02-21,0.03,0.9703923019985196
our_vol2,Our vol2 ETAS-enhanced STNPP-GAT,109,2024-03-06,0.03,0.6971606182795699
our_vol2,Our vol2 ETAS-enhanced STNPP-GAT,110,2024-03-20,0.03,1.0958139534883722
our_vol2,Our vol2 ETAS-enhanced STNPP-GAT,111,2024-04-03,0.03,1.0796221322537114
our_vol2,Our vol2 ETAS-enhanced STNPP-GAT,112,2024-04-17,0.03,0.9362011173184357
our_vol2,Our vol2 ETAS-enhanced STNPP-GAT,113,2024-05-01,0.03,1.0003287310979618
our_vol2,Our vol2 ETAS-enhanced STNPP-GAT,114,2024-05-15,0.03,0.9034749034749034
our_vol2,Our vol2 ETAS-enhanced STNPP-GAT,115,2024-05-29,0.03,1.201894879314234
our_vol2,Our vol2 ETAS-enhanced STNPP-GAT,116,2024-06-12,0.03,0.9383575263471864
our_vol2,Our vol2 ETAS-enhanced STNPP-GAT,117,2024-06-26,0.03,0.8415452232246124
our_vol2,Our vol2 ETAS-enhanced STNPP-GAT,118,2024-07-10,0.03,1.4188839180598067
our_vol2,Our vol2 ETAS-enhanced STNPP-GAT,119,2024-07-24,0.03,1.0527805864509605
our_vol2,Our vol2 ETAS-enhanced STNPP-GAT,120,2024-08-07,0.03,1.1376943266707045
our_vol2,Our vol2 ETAS-enhanced STNPP-GAT,121,2024-08-21,0.03,0.8482374768089054
our_vol2,Our vol2 ETAS-enhanced STNPP-GAT,122,2024-09-04,0.03,0.8661417322834646
our_vol2,Our vol2 ETAS-enhanced STNPP-GAT,123,2024-09-18,0.03,1.325948561242679
our_vol2,Our vol2 ETAS-enhanced STNPP-GAT,124,2024-10-02,0.03,0.8544973544973545
our_vol2,Our vol2 ETAS-enhanced STNPP-GAT,125,2024-10-16,0.03,1.1650071123755332
our_vol2,Our vol2 ETAS-enhanced STNPP-GAT,126,2024-10-30,0.03,1.1030478955007257
our_vol2,Our vol2 ETAS-enhanced STNPP-GAT,127,2024-11-13,0.03,0.7385245901639345
our_vol2,Our vol2 ETAS-enhanced STNPP-GAT,128,2024-11-27,0.03,1.0507177033492825
our_vol2,Our vol2 ETAS-enhanced STNPP-GAT,129,2024-12-11,0.03,1.3488843813387423
our_vol2,Our vol2 ETAS-enhanced STNPP-GAT,0,2020-01-01,0.04,1.1536355339215087
our_vol2,Our vol2 ETAS-enhanced STNPP-GAT,1,2020-01-15,0.04,0.8859404096834264
our_vol2,Our vol2 ETAS-enhanced STNPP-GAT,2,2020-01-29,0.04,1.072177298592393
our_vol2,Our vol2 ETAS-enhanced STNPP-GAT,3,2020-02-12,0.04,0.6826697892271663
our_vol2,Our vol2 ETAS-enhanced STNPP-GAT,4,2020-02-26,0.04,1.3781603012372245
our_vol2,Our vol2 ETAS-enhanced STNPP-GAT,5,2020-03-11,0.04,0.7431699101796407
our_vol2,Our vol2 ETAS-enhanced STNPP-GAT,6,2020-03-25,0.04,1.1451707032389846
our_vol2,Our vol2 ETAS-enhanced STNPP-GAT,7,2020-04-08,0.04,1.1438383838383837
our_vol2,Our vol2 ETAS-enhanced STNPP-GAT,8,2020-04-22,0.04,0.9378875568416701
our_vol2,Our vol2 ETAS-enhanced STNPP-GAT,9,2020-05-06,0.04,0.8677248677248678
our_vol2,Our vol2 ETAS-enhanced STNPP-GAT,10,2020-05-20,0.04,1.1551782682512732
our_vol2,Our vol2 ETAS-enhanced STNPP-GAT,11,2020-06-03,0.04,1.14155906264945
our_vol2,Our vol2 ETAS-enhanced STNPP-GAT,12,2020-06-17,0.04,0.692239336492891
our_vol2,Our vol2 ETAS-enhanced STNPP-GAT,13,2020-07-01,0.04,1.192090395480226
our_vol2,Our vol2 ETAS-enhanced STNPP-GAT,14,2020-07-15,0.04,0.815056757335618
our_vol2,Our vol2 ETAS-enhanced STNPP-GAT,15,2020-07-29,0.04,1.2078019504876218
our_vol2,Our vol2 ETAS-enhanced STNPP-GAT,16,2020-08-12,0.04,0.9638415476738831
our_vol2,Our vol2 ETAS-enhanced STNPP-GAT,17,2020-08-26,0.04,0.7431659249841068
our_vol2,Our vol2 ETAS-enhanced STNPP-GAT,18,2020-09-09,0.04,1.244654683065279
our_vol2,Our vol2 ETAS-enhanced STNPP-GAT,19,2020-09-23,0.04,0.92
our_vol2,Our vol2 ETAS-enhanced STNPP-GAT,20,2020-10-07,0.04,0.956368754398311
our_vol2,Our vol2 ETAS-enhanced STNPP-GAT,21,2020-10-21,0.04,0.9250398724082934
our_vol2,Our vol2 ETAS-enhanced STNPP-GAT,22,2020-11-04,0.04,0.8526315789473683
our_vol2,Our vol2 ETAS-enhanced STNPP-GAT,23,2020-11-18,0.04,1.3631956563893737
our_vol2,Our vol2 ETAS-enhanced STNPP-GAT,24,2020-12-02,0.04,0.7824096385542169
our_vol2,Our vol2 ETAS-enhanced STNPP-GAT,25,2020-12-16,0.04,0.9807692307692307
our_vol2,Our vol2 ETAS-enhanced STNPP-GAT,26,2020-12-30,0.04,0.8877005347593582
our_vol2,Our vol2 ETAS-enhanced STNPP-GAT,27,2021-01-13,0.04,1.3793103448275863
our_vol2,Our vol2 ETAS-enhanced STNPP-GAT,28,2021-01-27,0.04,0.8055555555555557
our_vol2,Our vol2 ETAS-enhanced STNPP-GAT,29,2021-02-10,0.04,0.9583138173302107
our_vol2,Our vol2 ETAS-enhanced STNPP-GAT,30,2021-02-24,0.04,0.8932010785824345
our_vol2,Our vol2 ETAS-enhanced STNPP-GAT,31,2021-03-10,0.04,1.1199999999999999
our_vol2,Our vol2 ETAS-enhanced STNPP-GAT,32,2021-03-24,0.04,1.0632421982877658
our_vol2,Our vol2 ETAS-enhanced STNPP-GAT,33,2021-04-07,0.04,0.9580722891566266
our_vol2,Our vol2 ETAS-enhanced STNPP-GAT,34,2021-04-21,0.04,0.9187552213868003
our_vol2,Our vol2 ETAS-enhanced STNPP-GAT,35,2021-05-05,0.04,1.0890359640359641
our_vol2,Our vol2 ETAS-enhanced STNPP-GAT,36,2021-05-19,0.04,1.0212201591511936
our_vol2,Our vol2 ETAS-enhanced STNPP-GAT,37,2021-06-02,0.04,0.860636277302944
our_vol2,Our vol2 ETAS-enhanced STNPP-GAT,38,2021-06-16,0.04,1.0855924459335973
our_vol2,Our vol2 ETAS-enhanced STNPP-GAT,39,2021-06-30,0.04,0.9836065573770493
our_vol2,Our vol2 ETAS-enhanced STNPP-GAT,40,2021-07-14,0.04,1.095808383233533
our_vol2,Our vol2 ETAS-enhanced STNPP-GAT,41,2021-07-28,0.04,1.1854480922803903
our_vol2,Our vol2 ETAS-enhanced STNPP-GAT,42,2021-08-11,0.04,0.757718373493976
our_vol2,Our vol2 ETAS-enhanced STNPP-GAT,43,2021-08-25,0.04,1.100342857142857
our_vol2,Our vol2 ETAS-enhanced STNPP-GAT,44,2021-09-08,0.04,1.0034572898220762
our_vol2,Our vol2 ETAS-enhanced STNPP-GAT,45,2021-09-22,0.04,1.0454945054945055
our_vol2,Our vol2 ETAS-enhanced STNPP-GAT,46,2021-10-06,0.04,0.9795918367346939
our_vol2,Our vol2 ETAS-enhanced STNPP-GAT,47,2021-10-20,0.04,1.1115577889447237
our_vol2,Our vol2 ETAS-enhanced STNPP-GAT,48,2021-11-03,0.04,0.882272696269013
our_vol2,Our vol2 ETAS-enhanced STNPP-GAT,49,2021-11-17,0.04,0.8848056130664825
our_vol2,Our vol2 ETAS-enhanced STNPP-GAT,50,2021-12-01,0.04,1.0469208211143695
our_vol2,Our vol2 ETAS-enhanced STNPP-GAT,51,2021-12-15,0.04,0.9202787456445993
our_vol2,Our vol2 ETAS-enhanced STNPP-GAT,52,2021-12-29,0.04,1.0715779202676332
our_vol2,Our vol2 ETAS-enhanced STNPP-GAT,53,2022-01-12,0.04,0.7814814814814814
our_vol2,Our vol2 ETAS-enhanced STNPP-GAT,54,2022-01-26,0.04,0.8566810344827587
our_vol2,Our vol2 ETAS-enhanced STNPP-GAT,55,2022-02-09,0.04,1.2197152245345015
our_vol2,Our vol2 ETAS-enhanced STNPP-GAT,56,2022-02-23,0.04,0.7437275985663083
our_vol2,Our vol2 ETAS-enhanced STNPP-GAT,57,2022-03-09,0.04,1.3377339901477834
our_vol2,Our vol2 ETAS-enhanced STNPP-GAT,58,2022-03-23,0.04,0.8880382775119617
our_vol2,Our vol2 ETAS-enhanced STNPP-GAT,59,2022-04-06,0.04,0.9899611170024744
our_vol2,Our vol2 ETAS-enhanced STNPP-GAT,60,2022-04-20,0.04,1.0911247915865077
our_vol2,Our vol2 ETAS-enhanced STNPP-GAT,61,2022-05-04,0.04,1.0240937223695845
our_vol2,Our vol2 ETAS-enhanced STNPP-GAT,62,2022-05-18,0.04,0.8884208062723071
our_vol2,Our vol2 ETAS-enhanced STNPP-GAT,63,2022-06-01,0.04,1.1812741312741313
our_vol2,Our vol2 ETAS-enhanced STNPP-GAT,64,2022-06-15,0.04,0.8082780163998438
our_vol2,Our vol2 ETAS-enhanced STNPP-GAT,65,2022-06-29,0.04,0.9887926292629263
our_vol2,Our vol2 ETAS-enhanced STNPP-GAT,66,2022-07-13,0.04,1.1458572204453563
our_vol2,Our vol2 ETAS-enhanced STNPP-GAT,67,2022-07-27,0.04,0.93921508974749
our_vol2,Our vol2 ETAS-enhanced STNPP-GAT,68,2022-08-10,0.04,1.0519624101713654
our_vol2,Our vol2 ETAS-enhanced STNPP-GAT,69,2022-08-24,0.04,0.9426136363636364
our_vol2,Our vol2 ETAS-enhanced STNPP-GAT,70,2022-09-07,0.04,0.75
our_vol2,Our vol2 ETAS-enhanced STNPP-GAT,71,2022-09-21,0.04,1.0912698412698414
our_vol2,Our vol2 ETAS-enhanced STNPP-GAT,72,2022-10-05,0.04,0.975956750604638
our_vol2,Our vol2 ETAS-enhanced STNPP-GAT,73,2022-10-19,0.04,1.118566048263356
our_vol2,Our vol2 ETAS-enhanced STNPP-GAT,74,2022-11-02,0.04,1.0108427267847557
our_vol2,Our vol2 ETAS-enhanced STNPP-GAT,75,2022-11-16,0.04,0.9299370415294865
our_vol2,Our vol2 ETAS-enhanced STNPP-GAT,76,2022-11-30,0.04,1.1536231884057973
our_vol2,Our vol2 ETAS-enhanced STNPP-GAT,77,2022-12-14,0.04,0.9974513438368859
our_vol2,Our vol2 ETAS-enhanced STNPP-GAT,78,2022-12-28,0.04,1.057912380071668
our_vol2,Our vol2 ETAS-enhanced STNPP-GAT,79,2023-01-11,0.04,0.9862920168067226
our_vol2,Our vol2 ETAS-enhanced STNPP-GAT,80,2023-01-25,0.04,0.9559623948540327
our_vol2,Our vol2 ETAS-enhanced STNPP-GAT,81,2023-02-08,0.04,0.8958026767570598
our_vol2,Our vol2 ETAS-enhanced STNPP-GAT,82,2023-02-22,0.04,0.8787758346581875
our_vol2,Our vol2 ETAS-enhanced STNPP-GAT,83,2023-03-08,0.04,1.1333045729076792
our_vol2,Our vol2 ETAS-enhanced STNPP-GAT,84,2023-03-22,0.04,0.9762363519588952
our_vol2,Our vol2 ETAS-enhanced STNPP-GAT,85,2023-04-05,0.04,1.0072965801886793
our_vol2,Our vol2 ETAS-enhanced STNPP-GAT,86,2023-04-19,0.04,1.0549932523616734
our_vol2,Our vol2 ETAS-enhanced STNPP-GAT,87,2023-05-03,0.04,0.9950792782941498
our_vol2,Our vol2 ETAS-enhanced STNPP-GAT,88,2023-05-17,0.04,1.170179301667191
our_vol2,Our vol2 ETAS-enhanced STNPP-GAT,89,2023-05-31,0.04,0.8512283236994219
our_vol2,Our vol2 ETAS-enhanced STNPP-GAT,90,2023-06-14,0.04,0.8696728691476591
our_vol2,Our vol2 ETAS-enhanced STNPP-GAT,91,2023-06-28,0.04,0.875111621380278
our_vol2,Our vol2 ETAS-enhanced STNPP-GAT,92,2023-07-12,0.04,0.9831932773109243
our_vol2,Our vol2 ETAS-enhanced STNPP-GAT,93,2023-07-26,0.04,1.2929824561403511
our_vol2,Our vol2 ETAS-enhanced STNPP-GAT,94,2023-08-09,0.04,0.9252082130782551
our_vol2,Our vol2 ETAS-enhanced STNPP-GAT,95,2023-08-23,0.04,0.7936826458565589
our_vol2,Our vol2 ETAS-enhanced STNPP-GAT,96,2023-09-06,0.04,1.484771573604061
our_vol2,Our vol2 ETAS-enhanced STNPP-GAT,97,2023-09-20,0.04,0.78678955453149
our_vol2,Our vol2 ETAS-enhanced STNPP-GAT,98,2023-10-04,0.04,1.054131054131054
our_vol2,Our vol2 ETAS-enhanced STNPP-GAT,99,2023-10-18,0.04,1.0501356764439849
our_vol2,Our vol2 ETAS-enhanced STNPP-GAT,100,2023-11-01,0.04,1.0319196571355465
our_vol2,Our vol2 ETAS-enhanced STNPP-GAT,101,2023-11-15,0.04,1.031451563363843
our_vol2,Our vol2 ETAS-enhanced STNPP-GAT,102,2023-11-29,0.04,0.9396067415730337
our_vol2,Our vol2 ETAS-enhanced STNPP-GAT,103,2023-12-13,0.04,1.028413211154328
our_vol2,Our vol2 ETAS-enhanced STNPP-GAT,104,2023-12-27,0.04,1.0190617913832198
our_vol2,Our vol2 ETAS-enhanced STNPP-GAT,105,2024-01-10,0.04,0.9699580810433163
our_vol2,Our vol2 ETAS-enhanced STNPP-GAT,106,2024-01-24,0.04,0.9225480717585133
our_vol2,Our vol2 ETAS-enhanced STNPP-GAT,107,2024-02-07,0.04,0.9808001981915024
our_vol2,Our vol2 ETAS-enhanced STNPP-GAT,108,2024-02-21,0.04,0.98786473956913
our_vol2,Our vol2 ETAS-enhanced STNPP-GAT,109,2024-03-06,0.04,0.792637395459976
our_vol2,Our vol2 ETAS-enhanced STNPP-GAT,110,2024-03-20,0.04,0.9521428571428573
our_vol2,Our vol2 ETAS-enhanced STNPP-GAT,111,2024-04-03,0.04,1.2443900448796412
our_vol2,Our vol2 ETAS-enhanced STNPP-GAT,112,2024-04-17,0.04,1.122905027932961
our_vol2,Our vol2 ETAS-enhanced STNPP-GAT,113,2024-05-01,0.04,0.9818854445720117
our_vol2,Our vol2 ETAS-enhanced STNPP-GAT,114,2024-05-15,0.04,0.7561692126909518
our_vol2,Our vol2 ETAS-enhanced STNPP-GAT,115,2024-05-29,0.04,1.1118881118881119
our_vol2,Our vol2 ETAS-enhanced STNPP-GAT,116,2024-06-12,0.04,1.014710972654898
our_vol2,Our vol2 ETAS-enhanced STNPP-GAT,117,2024-06-26,0.04,0.7778989458378771
our_vol2,Our vol2 ETAS-enhanced STNPP-GAT,118,2024-07-10,0.04,1.358816749903957
our_vol2,Our vol2 ETAS-enhanced STNPP-GAT,119,2024-07-24,0.04,1.101394585726005
our_vol2,Our vol2 ETAS-enhanced STNPP-GAT,120,2024-08-07,0.04,1.0752952755905512
our_vol2,Our vol2 ETAS-enhanced STNPP-GAT,121,2024-08-21,0.04,0.8360501567398119
our_vol2,Our vol2 ETAS-enhanced STNPP-GAT,122,2024-09-04,0.04,0.8877952755905512
our_vol2,Our vol2 ETAS-enhanced STNPP-GAT,123,2024-09-18,0.04,1.2409615008794217
our_vol2,Our vol2 ETAS-enhanced STNPP-GAT,124,2024-10-02,0.04,0.8640661938534279
our_vol2,Our vol2 ETAS-enhanced STNPP-GAT,125,2024-10-16,0.04,1.0315789473684212
our_vol2,Our vol2 ETAS-enhanced STNPP-GAT,126,2024-10-30,0.04,1.129245283018868
our_vol2,Our vol2 ETAS-enhanced STNPP-GAT,127,2024-11-13,0.04,0.7880289744567289
our_vol2,Our vol2 ETAS-enhanced STNPP-GAT,128,2024-11-27,0.04,1.0395989974937343
our_vol2,Our vol2 ETAS-enhanced STNPP-GAT,129,2024-12-11,0.04,1.2418300653594772
our_vol2,Our vol2 ETAS-enhanced STNPP-GAT,0,2020-01-01,0.05,1.0476028561713702
our_vol2,Our vol2 ETAS-enhanced STNPP-GAT,1,2020-01-15,0.05,0.9785614525139663
our_vol2,Our vol2 ETAS-enhanced STNPP-GAT,2,2020-01-29,0.05,0.9237219803257539
our_vol2,Our vol2 ETAS-enhanced STNPP-GAT,3,2020-02-12,0.05,0.7837611607142857
our_vol2,Our vol2 ETAS-enhanced STNPP-GAT,4,2020-02-26,0.05,1.3764223941738734
our_vol2,Our vol2 ETAS-enhanced STNPP-GAT,5,2020-03-11,0.05,0.732351087299086
our_vol2,Our vol2 ETAS-enhanced STNPP-GAT,6,2020-03-25,0.05,1.1208053691275168
our_vol2,Our vol2 ETAS-enhanced STNPP-GAT,7,2020-04-08,0.05,1.132892561983471
our_vol2,Our vol2 ETAS-enhanced STNPP-GAT,8,2020-04-22,0.05,0.932119799139168
our_vol2,Our vol2 ETAS-enhanced STNPP-GAT,9,2020-05-06,0.05,0.8276760276760278
our_vol2,Our vol2 ETAS-enhanced STNPP-GAT,10,2020-05-20,0.05,1.1993654151242727
our_vol2,Our vol2 ETAS-enhanced STNPP-GAT,11,2020-06-03,0.05,1.1341463414634148
our_vol2,Our vol2 ETAS-enhanced STNPP-GAT,12,2020-06-17,0.05,0.7286729857819905
our_vol2,Our vol2 ETAS-enhanced STNPP-GAT,13,2020-07-01,0.05,1.1740284197911317
our_vol2,Our vol2 ETAS-enhanced STNPP-GAT,14,2020-07-15,0.05,0.8495200451722191
our_vol2,Our vol2 ETAS-enhanced STNPP-GAT,15,2020-07-29,0.05,1.09863523573201
our_vol2,Our vol2 ETAS-enhanced STNPP-GAT,16,2020-08-12,0.05,0.9944396920444825
our_vol2,Our vol2 ETAS-enhanced STNPP-GAT,17,2020-08-26,0.05,0.851131918928529
our_vol2,Our vol2 ETAS-enhanced STNPP-GAT,18,2020-09-09,0.05,1.172500788394828
our_vol2,Our vol2 ETAS-enhanced STNPP-GAT,19,2020-09-23,0.05,1.0555555555555556
our_vol2,Our vol2 ETAS-enhanced STNPP-GAT,20,2020-10-07,0.05,0.9439403105464813
our_vol2,Our vol2 ETAS-enhanced STNPP-GAT,21,2020-10-21,0.05,0.9247552447552447
our_vol2,Our vol2 ETAS-enhanced STNPP-GAT,22,2020-11-04,0.05,0.8539473684210526
our_vol2,Our vol2 ETAS-enhanced STNPP-GAT,23,2020-11-18,0.05,1.3151122548584613
our_vol2,Our vol2 ETAS-enhanced STNPP-GAT,24,2020-12-02,0.05,0.8317607780519669
our_vol2,Our vol2 ETAS-enhanced STNPP-GAT,25,2020-12-16,0.05,1.0
our_vol2,Our vol2 ETAS-enhanced STNPP-GAT,26,2020-12-30,0.05,0.9924783027965284
our_vol2,Our vol2 ETAS-enhanced STNPP-GAT,27,2021-01-13,0.05,1.2282430213464697
our_vol2,Our vol2 ETAS-enhanced STNPP-GAT,28,2021-01-27,0.05,0.8144760070614668
our_vol2,Our vol2 ETAS-enhanced STNPP-GAT,29,2021-02-10,0.05,0.9211428571428572
our_vol2,Our vol2 ETAS-enhanced STNPP-GAT,30,2021-02-24,0.05,0.9321732954545454
our_vol2,Our vol2 ETAS-enhanced STNPP-GAT,31,2021-03-10,0.05,1.1053864168618266
our_vol2,Our vol2 ETAS-enhanced STNPP-GAT,32,2021-03-24,0.05,1.045774647887324
our_vol2,Our vol2 ETAS-enhanced STNPP-GAT,33,2021-04-07,0.05,1.029674252565819
our_vol2,Our vol2 ETAS-enhanced STNPP-GAT,34,2021-04-21,0.05,0.8422772617819059
our_vol2,Our vol2 ETAS-enhanced STNPP-GAT,35,2021-05-05,0.05,1.053929121725732
our_vol2,Our vol2 ETAS-enhanced STNPP-GAT,36,2021-05-19,0.05,0.9381609195402298
our_vol2,Our vol2 ETAS-enhanced STNPP-GAT,37,2021-06-02,0.05,0.9438832772166105
our_vol2,Our vol2 ETAS-enhanced STNPP-GAT,38,2021-06-16,0.05,1.0144107050952136
our_vol2,Our vol2 ETAS-enhanced STNPP-GAT,39,2021-06-30,0.05,1.0093043863535667
our_vol2,Our vol2 ETAS-enhanced STNPP-GAT,40,2021-07-14,0.05,1.2643942883463841
our_vol2,Our vol2 ETAS-enhanced STNPP-GAT,41,2021-07-28,0.05,1.0520851818988464
our_vol2,Our vol2 ETAS-enhanced STNPP-GAT,42,2021-08-11,0.05,0.8272501771793055
our_vol2,Our vol2 ETAS-enhanced STNPP-GAT,43,2021-08-25,0.05,1.0276190476190474
our_vol2,Our vol2 ETAS-enhanced STNPP-GAT,44,2021-09-08,0.05,1.017986988136242
our_vol2,Our vol2 ETAS-enhanced STNPP-GAT,45,2021-09-22,0.05,1.0994871794871794
our_vol2,Our vol2 ETAS-enhanced STNPP-GAT,46,2021-10-06,0.05,0.9508928571428571
our_vol2,Our vol2 ETAS-enhanced STNPP-GAT,47,2021-10-20,0.05,1.1432160804020102
our_vol2,Our vol2 ETAS-enhanced STNPP-GAT,48,2021-11-03,0.05,0.9245354093420391
our_vol2,Our vol2 ETAS-enhanced STNPP-GAT,49,2021-11-17,0.05,0.8563797313797313
our_vol2,Our vol2 ETAS-enhanced STNPP-GAT,50,2021-12-01,0.05,1.0725806451612903
our_vol2,Our vol2 ETAS-enhanced STNPP-GAT,51,2021-12-15,0.05,0.8955337345581249
our_vol2,Our vol2 ETAS-enhanced STNPP-GAT,52,2021-12-29,0.05,1.099401346969319
our_vol2,Our vol2 ETAS-enhanced STNPP-GAT,53,2022-01-12,0.05,0.8274509803921569
our_vol2,Our vol2 ETAS-enhanced STNPP-GAT,54,2022-01-26,0.05,0.9521484375
our_vol2,Our vol2 ETAS-enhanced STNPP-GAT,55,2022-02-09,0.05,1.1396172927002126
our_vol2,Our vol2 ETAS-enhanced STNPP-GAT,56,2022-02-23,0.05,0.7416325912464032
our_vol2,Our vol2 ETAS-enhanced STNPP-GAT,57,2022-03-09,0.05,1.304500292226768
our_vol2,Our vol2 ETAS-enhanced STNPP-GAT,58,2022-03-23,0.05,0.9233268356075374
our_vol2,Our vol2 ETAS-enhanced STNPP-GAT,59,2022-04-06,0.05,0.9817524841915085
our_vol2,Our vol2 ETAS-enhanced STNPP-GAT,60,2022-04-20,0.05,1.0484427077347431
our_vol2,Our vol2 ETAS-enhanced STNPP-GAT,61,2022-05-04,0.05,1.0407894736842105
our_vol2,Our vol2 ETAS-enhanced STNPP-GAT,62,2022-05-18,0.05,0.9310163243812534
our_vol2,Our vol2 ETAS-enhanced STNPP-GAT,63,2022-06-01,0.05,1.1075216450216452
our_vol2,Our vol2 ETAS-enhanced STNPP-GAT,64,2022-06-15,0.05,0.9011460568318593
our_vol2,Our vol2 ETAS-enhanced STNPP-GAT,65,2022-06-29,0.05,0.9408270238788585
our_vol2,Our vol2 ETAS-enhanced STNPP-GAT,66,2022-07-13,0.05,1.1175084520028684
our_vol2,Our vol2 ETAS-enhanced STNPP-GAT,67,2022-07-27,0.05,0.8957870164517563
our_vol2,Our vol2 ETAS-enhanced STNPP-GAT,68,2022-08-10,0.05,1.0700499292048589
our_vol2,Our vol2 ETAS-enhanced STNPP-GAT,69,2022-08-24,0.05,0.9764890282131661
our_vol2,Our vol2 ETAS-enhanced STNPP-GAT,70,2022-09-07,0.05,0.7912087912087912
our_vol2,Our vol2 ETAS-enhanced STNPP-GAT,71,2022-09-21,0.05,1.1645408163265307
our_vol2,Our vol2 ETAS-enhanced STNPP-GAT,72,2022-10-05,0.05,0.9174673564917468
our_vol2,Our vol2 ETAS-enhanced STNPP-GAT,73,2022-10-19,0.05,1.0891991009109192
our_vol2,Our vol2 ETAS-enhanced STNPP-GAT,74,2022-11-02,0.05,1.0131400966183575
our_vol2,Our vol2 ETAS-enhanced STNPP-GAT,75,2022-11-16,0.05,1.0008806921203959
our_vol2,Our vol2 ETAS-enhanced STNPP-GAT,76,2022-11-30,0.05,1.099706055261611
our_vol2,Our vol2 ETAS-enhanced STNPP-GAT,77,2022-12-14,0.05,0.9254807692307692
our_vol2,Our vol2 ETAS-enhanced STNPP-GAT,78,2022-12-28,0.05,1.1577207097983029
our_vol2,Our vol2 ETAS-enhanced STNPP-GAT,79,2023-01-11,0.05,0.9134199134199134
our_vol2,Our vol2 ETAS-enhanced STNPP-GAT,80,2023-01-25,0.05,0.9608785175017158
our_vol2,Our vol2 ETAS-enhanced STNPP-GAT,81,2023-02-08,0.05,0.9230164964650432
our_vol2,Our vol2 ETAS-enhanced STNPP-GAT,82,2023-02-22,0.05,0.9334602207841644
our_vol2,Our vol2 ETAS-enhanced STNPP-GAT,83,2023-03-08,0.05,1.1802232854864434
our_vol2,Our vol2 ETAS-enhanced STNPP-GAT,84,2023-03-22,0.05,1.0033540284021978
our_vol2,Our vol2 ETAS-enhanced STNPP-GAT,85,2023-04-05,0.05,0.9704232534421213
our_vol2,Our vol2 ETAS-enhanced STNPP-GAT,86,2023-04-19,0.05,0.9772399884759436
our_vol2,Our vol2 ETAS-enhanced STNPP-GAT,87,2023-05-03,0.05,1.0090725806451613
our_vol2,Our vol2 ETAS-enhanced STNPP-GAT,88,2023-05-17,0.05,1.1140106951871658
our_vol2,Our vol2 ETAS-enhanced STNPP-GAT,89,2023-05-31,0.05,0.9359227407302975
our_vol2,Our vol2 ETAS-enhanced STNPP-GAT,90,2023-06-14,0.05,0.8826530612244897
our_vol2,Our vol2 ETAS-enhanced STNPP-GAT,91,2023-06-28,0.05,0.9147548358074673
our_vol2,Our vol2 ETAS-enhanced STNPP-GAT,92,2023-07-12,0.05,0.9492900608519269
our_vol2,Our vol2 ETAS-enhanced STNPP-GAT,93,2023-07-26,0.05,1.2861538461538462
our_vol2,Our vol2 ETAS-enhanced STNPP-GAT,94,2023-08-09,0.05,0.8897935446350683
our_vol2,Our vol2 ETAS-enhanced STNPP-GAT,95,2023-08-23,0.05,0.8519142957499122
our_vol2,Our vol2 ETAS-enhanced STNPP-GAT,96,2023-09-06,0.05,1.4556584054941775
our_vol2,Our vol2 ETAS-enhanced STNPP-GAT,97,2023-09-20,0.05,0.8266383781235266
our_vol2,Our vol2 ETAS-enhanced STNPP-GAT,98,2023-10-04,0.05,1.047979797979798
our_vol2,Our vol2 ETAS-enhanced STNPP-GAT,99,2023-10-18,0.05,0.9677832302112225
our_vol2,Our vol2 ETAS-enhanced STNPP-GAT,100,2023-11-01,0.05,0.997354205710506
our_vol2,Our vol2 ETAS-enhanced STNPP-GAT,101,2023-11-15,0.05,0.994794082779238
our_vol2,Our vol2 ETAS-enhanced STNPP-GAT,102,2023-11-29,0.05,0.9529914529914529
our_vol2,Our vol2 ETAS-enhanced STNPP-GAT,103,2023-12-13,0.05,1.1049462873332547
our_vol2,Our vol2 ETAS-enhanced STNPP-GAT,104,2023-12-27,0.05,0.9938087594588397
our_vol2,Our vol2 ETAS-enhanced STNPP-GAT,105,2024-01-10,0.05,0.8869670152855993
our_vol2,Our vol2 ETAS-enhanced STNPP-GAT,106,2024-01-24,0.05,0.9570677570093458
our_vol2,Our vol2 ETAS-enhanced STNPP-GAT,107,2024-02-07,0.05,0.998167582875229
our_vol2,Our vol2 ETAS-enhanced STNPP-GAT,108,2024-02-21,0.05,0.984212130448034
our_vol2,Our vol2 ETAS-enhanced STNPP-GAT,109,2024-03-06,0.05,0.7429974777645029
our_vol2,Our vol2 ETAS-enhanced STNPP-GAT,110,2024-03-20,0.05,1.0
our_vol2,Our vol2 ETAS-enhanced STNPP-GAT,111,2024-04-03,0.05,1.269130272489735
our_vol2,Our vol2 ETAS-enhanced STNPP-GAT,112,2024-04-17,0.05,1.1045740223463687
our_vol2,Our vol2 ETAS-enhanced STNPP-GAT,113,2024-05-01,0.05,1.01994301994302
our_vol2,Our vol2 ETAS-enhanced STNPP-GAT,114,2024-05-15,0.05,0.8643243243243243
our_vol2,Our vol2 ETAS-enhanced STNPP-GAT,115,2024-05-29,0.05,1.2538999462076386
our_vol2,Our vol2 ETAS-enhanced STNPP-GAT,116,2024-06-12,0.05,0.911214953271028
our_vol2,Our vol2 ETAS-enhanced STNPP-GAT,117,2024-06-26,0.05,0.7102555592432791
our_vol2,Our vol2 ETAS-enhanced STNPP-GAT,118,2024-07-10,0.05,1.3432394855752519
our_vol2,Our vol2 ETAS-enhanced STNPP-GAT,119,2024-07-24,0.05,1.0545972915181754
our_vol2,Our vol2 ETAS-enhanced STNPP-GAT,120,2024-08-07,0.05,1.059277967612539
our_vol2,Our vol2 ETAS-enhanced STNPP-GAT,121,2024-08-21,0.05,0.8752199413489736
our_vol2,Our vol2 ETAS-enhanced STNPP-GAT,122,2024-09-04,0.05,0.7968503937007875
our_vol2,Our vol2 ETAS-enhanced STNPP-GAT,123,2024-09-18,0.05,1.180761666368675
our_vol2,Our vol2 ETAS-enhanced STNPP-GAT,124,2024-10-02,0.05,0.8717948717948718
our_vol2,Our vol2 ETAS-enhanced STNPP-GAT,125,2024-10-16,0.05,1.0592105263157896
our_vol2,Our vol2 ETAS-enhanced STNPP-GAT,126,2024-10-30,0.05,1.1243567753001715
our_vol2,Our vol2 ETAS-enhanced STNPP-GAT,127,2024-11-13,0.05,0.799344262295082
our_vol2,Our vol2 ETAS-enhanced STNPP-GAT,128,2024-11-27,0.05,1.001684210526316
our_vol2,Our vol2 ETAS-enhanced STNPP-GAT,129,2024-12-11,0.05,1.3970588235294117
our_vol2,Our vol2 ETAS-enhanced STNPP-GAT,0,2020-01-01,0.06,1.1090008257638313
our_vol2,Our vol2 ETAS-enhanced STNPP-GAT,1,2020-01-15,0.06,0.9551100887282287
our_vol2,Our vol2 ETAS-enhanced STNPP-GAT,2,2020-01-29,0.06,0.9590030281854182
our_vol2,Our vol2 ETAS-enhanced STNPP-GAT,3,2020-02-12,0.06,0.8788265306122449
our_vol2,Our vol2 ETAS-enhanced STNPP-GAT,4,2020-02-26,0.06,1.2581360946745563
our_vol2,Our vol2 ETAS-enhanced STNPP-GAT,5,2020-03-11,0.06,0.7228400342172797
our_vol2,Our vol2 ETAS-enhanced STNPP-GAT,6,2020-03-25,0.06,1.0332424496644295
our_vol2,Our vol2 ETAS-enhanced STNPP-GAT,7,2020-04-08,0.06,1.1102831594634872
our_vol2,Our vol2 ETAS-enhanced STNPP-GAT,8,2020-04-22,0.06,0.9407665505226481
our_vol2,Our vol2 ETAS-enhanced STNPP-GAT,9,2020-05-06,0.06,0.8558382257012395
our_vol2,Our vol2 ETAS-enhanced STNPP-GAT,10,2020-05-20,0.06,1.064788732394366
our_vol2,Our vol2 ETAS-enhanced STNPP-GAT,11,2020-06-03,0.06,1.1155537784886047
our_vol2,Our vol2 ETAS-enhanced STNPP-GAT,12,2020-06-17,0.06,0.741731641441166
our_vol2,Our vol2 ETAS-enhanced STNPP-GAT,13,2020-07-01,0.06,1.1594303846451512
our_vol2,Our vol2 ETAS-enhanced STNPP-GAT,14,2020-07-15,0.06,0.7981791882923509
our_vol2,Our vol2 ETAS-enhanced STNPP-GAT,15,2020-07-29,0.06,1.1541218637992832
our_vol2,Our vol2 ETAS-enhanced STNPP-GAT,16,2020-08-12,0.06,1.0518962075848304
our_vol2,Our vol2 ETAS-enhanced STNPP-GAT,17,2020-08-26,0.06,0.8393793706293706
our_vol2,Our vol2 ETAS-enhanced STNPP-GAT,18,2020-09-09,0.06,1.148513456390024
our_vol2,Our vol2 ETAS-enhanced STNPP-GAT,19,2020-09-23,0.06,1.1403508771929824
our_vol2,Our vol2 ETAS-enhanced STNPP-GAT,20,2020-10-07,0.06,0.893340094658553
our_vol2,Our vol2 ETAS-enhanced STNPP-GAT,21,2020-10-21,0.06,0.9405405405405405
our_vol2,Our vol2 ETAS-enhanced STNPP-GAT,22,2020-11-04,0.06,1.0176809210526314
our_vol2,Our vol2 ETAS-enhanced STNPP-GAT,23,2020-11-18,0.06,1.10087260034904
our_vol2,Our vol2 ETAS-enhanced STNPP-GAT,24,2020-12-02,0.06,0.836801752464403
our_vol2,Our vol2 ETAS-enhanced STNPP-GAT,25,2020-12-16,0.06,1.0615384615384615
our_vol2,Our vol2 ETAS-enhanced STNPP-GAT,26,2020-12-30,0.06,0.8853333333333332
our_vol2,Our vol2 ETAS-enhanced STNPP-GAT,27,2021-01-13,0.06,1.139388052452647
our_vol2,Our vol2 ETAS-enhanced STNPP-GAT,28,2021-01-27,0.06,0.9113281841587159
our_vol2,Our vol2 ETAS-enhanced STNPP-GAT,29,2021-02-10,0.06,0.8651162790697674
our_vol2,Our vol2 ETAS-enhanced STNPP-GAT,30,2021-02-24,0.06,0.952304737516005
our_vol2,Our vol2 ETAS-enhanced STNPP-GAT,31,2021-03-10,0.06,1.0756302521008403
our_vol2,Our vol2 ETAS-enhanced STNPP-GAT,32,2021-03-24,0.06,1.0672926447574334
our_vol2,Our vol2 ETAS-enhanced STNPP-GAT,33,2021-04-07,0.06,0.9776247848537004
our_vol2,Our vol2 ETAS-enhanced STNPP-GAT,34,2021-04-21,0.06,0.8446874762664236
our_vol2,Our vol2 ETAS-enhanced STNPP-GAT,35,2021-05-05,0.06,1.059917355371901
our_vol2,Our vol2 ETAS-enhanced STNPP-GAT,36,2021-05-19,0.06,0.9494252873563218
our_vol2,Our vol2 ETAS-enhanced STNPP-GAT,37,2021-06-02,0.06,0.9709144172421008
our_vol2,Our vol2 ETAS-enhanced STNPP-GAT,38,2021-06-16,0.06,1.1149253731343283
our_vol2,Our vol2 ETAS-enhanced STNPP-GAT,39,2021-06-30,0.06,1.0576806314511233
our_vol2,Our vol2 ETAS-enhanced STNPP-GAT,40,2021-07-14,0.06,1.1846577116038195
our_vol2,Our vol2 ETAS-enhanced STNPP-GAT,41,2021-07-28,0.06,1.024301242236025
our_vol2,Our vol2 ETAS-enhanced STNPP-GAT,42,2021-08-11,0.06,0.7980021351227696
our_vol2,Our vol2 ETAS-enhanced STNPP-GAT,43,2021-08-25,0.06,1.0043697478991596
our_vol2,Our vol2 ETAS-enhanced STNPP-GAT,44,2021-09-08,0.06,1.0471292187710097
our_vol2,Our vol2 ETAS-enhanced STNPP-GAT,45,2021-09-22,0.06,1.0195652173913043
our_vol2,Our vol2 ETAS-enhanced STNPP-GAT,46,2021-10-06,0.06,0.9717607973421927
our_vol2,Our vol2 ETAS-enhanced STNPP-GAT,47,2021-10-20,0.06,1.1490787269681744
our_vol2,Our vol2 ETAS-enhanced STNPP-GAT,48,2021-11-03,0.06,0.8490782779935452
our_vol2,Our vol2 ETAS-enhanced STNPP-GAT,49,2021-11-17,0.06,0.9063681027966742
our_vol2,Our vol2 ETAS-enhanced STNPP-GAT,50,2021-12-01,0.06,1.176930596285435
our_vol2,Our vol2 ETAS-enhanced STNPP-GAT,51,2021-12-15,0.06,0.8447434819175779
our_vol2,Our vol2 ETAS-enhanced STNPP-GAT,52,2021-12-29,0.06,1.0987925976077635
our_vol2,Our vol2 ETAS-enhanced STNPP-GAT,53,2022-01-12,0.06,0.8501831501831502
our_vol2,Our vol2 ETAS-enhanced STNPP-GAT,54,2022-01-26,0.06,1.0202205882352942
our_vol2,Our vol2 ETAS-enhanced STNPP-GAT,55,2022-02-09,0.06,1.234776945620319
our_vol2,Our vol2 ETAS-enhanced STNPP-GAT,56,2022-02-23,0.06,0.7586021505376345
our_vol2,Our vol2 ETAS-enhanced STNPP-GAT,57,2022-03-09,0.06,1.2083958020989507
our_vol2,Our vol2 ETAS-enhanced STNPP-GAT,58,2022-03-23,0.06,0.9497076023391813
our_vol2,Our vol2 ETAS-enhanced STNPP-GAT,59,2022-04-06,0.06,0.9522916108281962
our_vol2,Our vol2 ETAS-enhanced STNPP-GAT,60,2022-04-20,0.06,1.0819383729608698
our_vol2,Our vol2 ETAS-enhanced STNPP-GAT,61,2022-05-04,0.06,1.0865384615384615
our_vol2,Our vol2 ETAS-enhanced STNPP-GAT,62,2022-05-18,0.06,0.9167772511848342
our_vol2,Our vol2 ETAS-enhanced STNPP-GAT,63,2022-06-01,0.06,1.0876288659793814
our_vol2,Our vol2 ETAS-enhanced STNPP-GAT,64,2022-06-15,0.06,0.9179357021996617
our_vol2,Our vol2 ETAS-enhanced STNPP-GAT,65,2022-06-29,0.06,0.9647609922282552
our_vol2,Our vol2 ETAS-enhanced STNPP-GAT,66,2022-07-13,0.06,1.0772084396012056
our_vol2,Our vol2 ETAS-enhanced STNPP-GAT,67,2022-07-27,0.06,0.8747591522157995
our_vol2,Our vol2 ETAS-enhanced STNPP-GAT,68,2022-08-10,0.06,1.1682678919521026
our_vol2,Our vol2 ETAS-enhanced STNPP-GAT,69,2022-08-24,0.06,0.8877272727272727
our_vol2,Our vol2 ETAS-enhanced STNPP-GAT,70,2022-09-07,0.06,0.8448979591836735
our_vol2,Our vol2 ETAS-enhanced STNPP-GAT,71,2022-09-21,0.06,1.0975056689342404
our_vol2,Our vol2 ETAS-enhanced STNPP-GAT,72,2022-10-05,0.06,0.9557645419714387
our_vol2,Our vol2 ETAS-enhanced STNPP-GAT,73,2022-10-19,0.06,1.0667399670148432
our_vol2,Our vol2 ETAS-enhanced STNPP-GAT,74,2022-11-02,0.06,1.0273550724637681
our_vol2,Our vol2 ETAS-enhanced STNPP-GAT,75,2022-11-16,0.06,1.021125042689174
our_vol2,Our vol2 ETAS-enhanced STNPP-GAT,76,2022-11-30,0.06,1.1286249331193152
our_vol2,Our vol2 ETAS-enhanced STNPP-GAT,77,2022-12-14,0.06,0.8693910256410257
our_vol2,Our vol2 ETAS-enhanced STNPP-GAT,78,2022-12-28,0.06,1.1829383886255924
our_vol2,Our vol2 ETAS-enhanced STNPP-GAT,79,2023-01-11,0.06,0.8695054945054945
our_vol2,Our vol2 ETAS-enhanced STNPP-GAT,80,2023-01-25,0.06,0.9485643462094608
our_vol2,Our vol2 ETAS-enhanced STNPP-GAT,81,2023-02-08,0.06,0.890784174366264
our_vol2,Our vol2 ETAS-enhanced STNPP-GAT,82,2023-02-22,0.06,0.9611226611226611
our_vol2,Our vol2 ETAS-enhanced STNPP-GAT,83,2023-03-08,0.06,1.2379699248120302
our_vol2,Our vol2 ETAS-enhanced STNPP-GAT,84,2023-03-22,0.06,1.0006422607578676
our_vol2,Our vol2 ETAS-enhanced STNPP-GAT,85,2023-04-05,0.06,0.9733462150488746
our_vol2,Our vol2 ETAS-enhanced STNPP-GAT,86,2023-04-19,0.06,0.9103808812546678
our_vol2,Our vol2 ETAS-enhanced STNPP-GAT,87,2023-05-03,0.06,0.9705069124423964
our_vol2,Our vol2 ETAS-enhanced STNPP-GAT,88,2023-05-17,0.06,1.0941176470588236
our_vol2,Our vol2 ETAS-enhanced STNPP-GAT,89,2023-05-31,0.06,0.9089595375722543
our_vol2,Our vol2 ETAS-enhanced STNPP-GAT,90,2023-06-14,0.06,0.9291084854994628
our_vol2,Our vol2 ETAS-enhanced STNPP-GAT,91,2023-06-28,0.06,0.9703981655201166
our_vol2,Our vol2 ETAS-enhanced STNPP-GAT,92,2023-07-12,0.06,0.9417277688957494
our_vol2,Our vol2 ETAS-enhanced STNPP-GAT,93,2023-07-26,0.06,1.2222222222222223
our_vol2,Our vol2 ETAS-enhanced STNPP-GAT,94,2023-08-09,0.06,0.9744475138121548
our_vol2,Our vol2 ETAS-enhanced STNPP-GAT,95,2023-08-23,0.06,0.862684766214178
our_vol2,Our vol2 ETAS-enhanced STNPP-GAT,96,2023-09-06,0.06,1.3782689712780314
our_vol2,Our vol2 ETAS-enhanced STNPP-GAT,97,2023-09-20,0.06,0.8692442114460462
our_vol2,Our vol2 ETAS-enhanced STNPP-GAT,98,2023-10-04,0.06,1.0538373424971363
our_vol2,Our vol2 ETAS-enhanced STNPP-GAT,99,2023-10-18,0.06,0.9407573687292601
our_vol2,Our vol2 ETAS-enhanced STNPP-GAT,100,2023-11-01,0.06,0.9650384828210674
our_vol2,Our vol2 ETAS-enhanced STNPP-GAT,101,2023-11-15,0.06,0.9986202138668504
our_vol2,Our vol2 ETAS-enhanced STNPP-GAT,102,2023-11-29,0.06,0.9896449704142012
our_vol2,Our vol2 ETAS-enhanced STNPP-GAT,103,2023-12-13,0.06,1.0228426395939088
our_vol2,Our vol2 ETAS-enhanced STNPP-GAT,104,2023-12-27,0.06,0.9843782873974332
our_vol2,Our vol2 ETAS-enhanced STNPP-GAT,105,2024-01-10,0.06,0.92984216768543
our_vol2,Our vol2 ETAS-enhanced STNPP-GAT,106,2024-01-24,0.06,0.9353805073431241
our_vol2,Our vol2 ETAS-enhanced STNPP-GAT,107,2024-02-07,0.06,1.023047504025765
our_vol2,Our vol2 ETAS-enhanced STNPP-GAT,108,2024-02-21,0.06,0.9630961192767262
our_vol2,Our vol2 ETAS-enhanced STNPP-GAT,109,2024-03-06,0.06,0.7694816962667633
our_vol2,Our vol2 ETAS-enhanced STNPP-GAT,110,2024-03-20,0.06,1.0243478260869565
our_vol2,Our vol2 ETAS-enhanced STNPP-GAT,111,2024-04-03,0.06,1.267056530214425
our_vol2,Our vol2 ETAS-enhanced STNPP-GAT,112,2024-04-17,0.06,1.0481843575418996
our_vol2,Our vol2 ETAS-enhanced STNPP-GAT,113,2024-05-01,0.06,1.0729270729270728
our_vol2,Our vol2 ETAS-enhanced STNPP-GAT,114,2024-05-15,0.06,0.804914004914005
our_vol2,Our vol2 ETAS-enhanced STNPP-GAT,115,2024-05-29,0.06,1.2495309568480302
our_vol2,Our vol2 ETAS-enhanced STNPP-GAT,116,2024-06-12,0.06,0.9788074239831513
our_vol2,Our vol2 ETAS-enhanced STNPP-GAT,117,2024-06-26,0.06,0.7109132032796155
our_vol2,Our vol2 ETAS-enhanced STNPP-GAT,118,2024-07-10,0.06,1.2817207640938033
our_vol2,Our vol2 ETAS-enhanced STNPP-GAT,119,2024-07-24,0.06,1.0237771739130435
our_vol2,Our vol2 ETAS-enhanced STNPP-GAT,120,2024-08-07,0.06,1.0995500562429694
our_vol2,Our vol2 ETAS-enhanced STNPP-GAT,121,2024-08-21,0.06,0.9566233766233767
our_vol2,Our vol2 ETAS-enhanced STNPP-GAT,122,2024-09-04,0.06,0.7633791538769518
our_vol2,Our vol2 ETAS-enhanced STNPP-GAT,123,2024-09-18,0.06,1.2108920491273432
our_vol2,Our vol2 ETAS-enhanced STNPP-GAT,124,2024-10-02,0.06,0.7896174863387978
our_vol2,Our vol2 ETAS-enhanced STNPP-GAT,125,2024-10-16,0.06,1.1273684210526316
our_vol2,Our vol2 ETAS-enhanced STNPP-GAT,126,2024-10-30,0.06,1.097420100115518
our_vol2,Our vol2 ETAS-enhanced STNPP-GAT,127,2024-11-13,0.06,0.935687263556116
our_vol2,Our vol2 ETAS-enhanced STNPP-GAT,128,2024-11-27,0.06,1.0866396761133603
our_vol2,Our vol2 ETAS-enhanced STNPP-GAT,129,2024-12-11,0.06,1.4635854341736696
our_vol2,Our vol2 ETAS-enhanced STNPP-GAT,0,2020-01-01,0.07,1.1055673866747793
our_vol2,Our vol2 ETAS-enhanced STNPP-GAT,1,2020-01-15,0.07,0.9664804469273742
our_vol2,Our vol2 ETAS-enhanced STNPP-GAT,2,2020-01-29,0.07,0.9031031861220541
our_vol2,Our vol2 ETAS-enhanced STNPP-GAT,3,2020-02-12,0.07,0.9085714285714286
our_vol2,Our vol2 ETAS-enhanced STNPP-GAT,4,2020-02-26,0.07,1.2881073422785232
our_vol2,Our vol2 ETAS-enhanced STNPP-GAT,5,2020-03-11,0.07,0.7589820359281437
our_vol2,Our vol2 ETAS-enhanced STNPP-GAT,6,2020-03-25,0.07,1.008724832214765
our_vol2,Our vol2 ETAS-enhanced STNPP-GAT,7,2020-04-08,0.07,1.020816864295125
our_vol2,Our vol2 ETAS-enhanced STNPP-GAT,8,2020-04-22,0.07,0.9564137308039747
our_vol2,Our vol2 ETAS-enhanced STNPP-GAT,9,2020-05-06,0.07,0.8787087268099928
our_vol2,Our vol2 ETAS-enhanced STNPP-GAT,10,2020-05-20,0.07,1.0032666394446714
our_vol2,Our vol2 ETAS-enhanced STNPP-GAT,11,2020-06-03,0.07,1.1951219512195121
our_vol2,Our vol2 ETAS-enhanced STNPP-GAT,12,2020-06-17,0.07,0.7336299448689427
our_vol2,Our vol2 ETAS-enhanced STNPP-GAT,13,2020-07-01,0.07,1.1462407648848327
our_vol2,Our vol2 ETAS-enhanced STNPP-GAT,14,2020-07-15,0.07,0.8501863354037268
our_vol2,Our vol2 ETAS-enhanced STNPP-GAT,15,2020-07-29,0.07,1.1662705149971702
our_vol2,Our vol2 ETAS-enhanced STNPP-GAT,16,2020-08-12,0.07,1.0125204137180184
our_vol2,Our vol2 ETAS-enhanced STNPP-GAT,17,2020-08-26,0.07,0.8388653599921206
our_vol2,Our vol2 ETAS-enhanced STNPP-GAT,18,2020-09-09,0.07,1.1473509933774833
our_vol2,Our vol2 ETAS-enhanced STNPP-GAT,19,2020-09-23,0.07,1.1111111111111112
our_vol2,Our vol2 ETAS-enhanced STNPP-GAT,20,2020-10-07,0.07,1.0003991060025543
our_vol2,Our vol2 ETAS-enhanced STNPP-GAT,21,2020-10-21,0.07,0.8787878787878788
our_vol2,Our vol2 ETAS-enhanced STNPP-GAT,22,2020-11-04,0.07,1.0472136222910216
our_vol2,Our vol2 ETAS-enhanced STNPP-GAT,23,2020-11-18,0.07,1.1646022219384498
our_vol2,Our vol2 ETAS-enhanced STNPP-GAT,24,2020-12-02,0.07,0.8421935163333747
our_vol2,Our vol2 ETAS-enhanced STNPP-GAT,25,2020-12-16,0.07,1.1142857142857143
our_vol2,Our vol2 ETAS-enhanced STNPP-GAT,26,2020-12-30,0.07,0.9041394335511982
our_vol2,Our vol2 ETAS-enhanced STNPP-GAT,27,2021-01-13,0.07,1.1565703634669153
our_vol2,Our vol2 ETAS-enhanced STNPP-GAT,28,2021-01-27,0.07,0.9250896057347672
our_vol2,Our vol2 ETAS-enhanced STNPP-GAT,29,2021-02-10,0.07,0.8114285714285714
our_vol2,Our vol2 ETAS-enhanced STNPP-GAT,30,2021-02-24,0.07,1.0081281565656564
our_vol2,Our vol2 ETAS-enhanced STNPP-GAT,31,2021-03-10,0.07,1.0347490347490347
our_vol2,Our vol2 ETAS-enhanced STNPP-GAT,32,2021-03-24,0.07,1.0683203699810806
our_vol2,Our vol2 ETAS-enhanced STNPP-GAT,33,2021-04-07,0.07,0.966998428496595
our_vol2,Our vol2 ETAS-enhanced STNPP-GAT,34,2021-04-21,0.07,0.8389285972131976
our_vol2,Our vol2 ETAS-enhanced STNPP-GAT,35,2021-05-05,0.07,1.0628014842300557
our_vol2,Our vol2 ETAS-enhanced STNPP-GAT,36,2021-05-19,0.07,0.9995943204868154
our_vol2,Our vol2 ETAS-enhanced STNPP-GAT,37,2021-06-02,0.07,0.9639126305792972
our_vol2,Our vol2 ETAS-enhanced STNPP-GAT,38,2021-06-16,0.07,1.1187346847850301
our_vol2,Our vol2 ETAS-enhanced STNPP-GAT,39,2021-06-30,0.07,0.990912330719886
our_vol2,Our vol2 ETAS-enhanced STNPP-GAT,40,2021-07-14,0.07,1.188225957723108
our_vol2,Our vol2 ETAS-enhanced STNPP-GAT,41,2021-07-28,0.07,1.0605764533463606
our_vol2,Our vol2 ETAS-enhanced STNPP-GAT,42,2021-08-11,0.07,0.7801204819277109
our_vol2,Our vol2 ETAS-enhanced STNPP-GAT,43,2021-08-25,0.07,1.063938223938224
our_vol2,Our vol2 ETAS-enhanced STNPP-GAT,44,2021-09-08,0.07,0.9820085618419531
our_vol2,Our vol2 ETAS-enhanced STNPP-GAT,45,2021-09-22,0.07,1.0105580693815988
our_vol2,Our vol2 ETAS-enhanced STNPP-GAT,46,2021-10-06,0.07,0.9609720176730486
our_vol2,Our vol2 ETAS-enhanced STNPP-GAT,47,2021-10-20,0.07,1.1214405360134005
our_vol2,Our vol2 ETAS-enhanced STNPP-GAT,48,2021-11-03,0.07,0.8795580110497238
our_vol2,Our vol2 ETAS-enhanced STNPP-GAT,49,2021-11-17,0.07,0.905624568668047
our_vol2,Our vol2 ETAS-enhanced STNPP-GAT,50,2021-12-01,0.07,1.106244451021012
our_vol2,Our vol2 ETAS-enhanced STNPP-GAT,51,2021-12-15,0.07,0.8770731707317074
our_vol2,Our vol2 ETAS-enhanced STNPP-GAT,52,2021-12-29,0.07,1.1167402080950046
our_vol2,Our vol2 ETAS-enhanced STNPP-GAT,53,2022-01-12,0.07,0.8389433551198257
our_vol2,Our vol2 ETAS-enhanced STNPP-GAT,54,2022-01-26,0.07,1.014554794520548
our_vol2,Our vol2 ETAS-enhanced STNPP-GAT,55,2022-02-09,0.07,1.1994645247657294
our_vol2,Our vol2 ETAS-enhanced STNPP-GAT,56,2022-02-23,0.07,0.7862263184843831
our_vol2,Our vol2 ETAS-enhanced STNPP-GAT,57,2022-03-09,0.07,1.201038476900546
our_vol2,Our vol2 ETAS-enhanced STNPP-GAT,58,2022-03-23,0.07,0.9033014354066986
our_vol2,Our vol2 ETAS-enhanced STNPP-GAT,59,2022-04-06,0.07,0.9258835241413639
our_vol2,Our vol2 ETAS-enhanced STNPP-GAT,60,2022-04-20,0.07,1.1132341110217217
our_vol2,Our vol2 ETAS-enhanced STNPP-GAT,61,2022-05-04,0.07,1.0666019760056458
our_vol2,Our vol2 ETAS-enhanced STNPP-GAT,62,2022-05-18,0.07,0.8692804825506248
our_vol2,Our vol2 ETAS-enhanced STNPP-GAT,63,2022-06-01,0.07,1.1152857142857144
our_vol2,Our vol2 ETAS-enhanced STNPP-GAT,64,2022-06-15,0.07,0.9690816797415782
our_vol2,Our vol2 ETAS-enhanced STNPP-GAT,65,2022-06-29,0.07,0.9184369893300011
our_vol2,Our vol2 ETAS-enhanced STNPP-GAT,66,2022-07-13,0.07,1.0678414096916298
our_vol2,Our vol2 ETAS-enhanced STNPP-GAT,67,2022-07-27,0.07,0.9482683246709087
our_vol2,Our vol2 ETAS-enhanced STNPP-GAT,68,2022-08-10,0.07,1.1248804742780647
our_vol2,Our vol2 ETAS-enhanced STNPP-GAT,69,2022-08-24,0.07,0.8902972027972028
our_vol2,Our vol2 ETAS-enhanced STNPP-GAT,70,2022-09-07,0.07,0.8819999999999999
our_vol2,Our vol2 ETAS-enhanced STNPP-GAT,71,2022-09-21,0.07,1.1
our_vol2,Our vol2 ETAS-enhanced STNPP-GAT,72,2022-10-05,0.07,0.9393939393939396
our_vol2,Our vol2 ETAS-enhanced STNPP-GAT,73,2022-10-19,0.07,1.058878504672897
our_vol2,Our vol2 ETAS-enhanced STNPP-GAT,74,2022-11-02,0.07,1.0569016462642464
our_vol2,Our vol2 ETAS-enhanced STNPP-GAT,75,2022-11-16,0.07,0.9582098526822146
our_vol2,Our vol2 ETAS-enhanced STNPP-GAT,76,2022-11-30,0.07,1.0433381433381435
our_vol2,Our vol2 ETAS-enhanced STNPP-GAT,77,2022-12-14,0.07,0.8994755244755244
our_vol2,Our vol2 ETAS-enhanced STNPP-GAT,78,2022-12-28,0.07,1.2102669982638075
our_vol2,Our vol2 ETAS-enhanced STNPP-GAT,79,2023-01-11,0.07,0.8892142857142856
our_vol2,Our vol2 ETAS-enhanced STNPP-GAT,80,2023-01-25,0.07,0.9468085106382979
our_vol2,Our vol2 ETAS-enhanced STNPP-GAT,81,2023-02-08,0.07,0.9768933112216696
our_vol2,Our vol2 ETAS-enhanced STNPP-GAT,82,2023-02-22,0.07,0.934612031386225
our_vol2,Our vol2 ETAS-enhanced STNPP-GAT,83,2023-03-08,0.07,1.264524948735475
our_vol2,Our vol2 ETAS-enhanced STNPP-GAT,84,2023-03-22,0.07,0.9044542672560353
our_vol2,Our vol2 ETAS-enhanced STNPP-GAT,85,2023-04-05,0.07,0.9829545454545454
our_vol2,Our vol2 ETAS-enhanced STNPP-GAT,86,2023-04-19,0.07,0.9398514258327343
our_vol2,Our vol2 ETAS-enhanced STNPP-GAT,87,2023-05-03,0.07,0.986050566695728
our_vol2,Our vol2 ETAS-enhanced STNPP-GAT,88,2023-05-17,0.07,1.10122230710466
our_vol2,Our vol2 ETAS-enhanced STNPP-GAT,89,2023-05-31,0.07,0.9570688824662812
our_vol2,Our vol2 ETAS-enhanced STNPP-GAT,90,2023-06-14,0.07,0.9031798766018034
our_vol2,Our vol2 ETAS-enhanced STNPP-GAT,91,2023-06-28,0.07,0.9787765293383269
our_vol2,Our vol2 ETAS-enhanced STNPP-GAT,92,2023-07-12,0.07,0.9562102714155989
our_vol2,Our vol2 ETAS-enhanced STNPP-GAT,93,2023-07-26,0.07,1.1278481012658228
our_vol2,Our vol2 ETAS-enhanced STNPP-GAT,94,2023-08-09,0.07,1.0386740331491713
our_vol2,Our vol2 ETAS-enhanced STNPP-GAT,95,2023-08-23,0.07,0.8575808249721293
our_vol2,Our vol2 ETAS-enhanced STNPP-GAT,96,2023-09-06,0.07,1.2678948268978498
our_vol2,Our vol2 ETAS-enhanced STNPP-GAT,97,2023-09-20,0.07,0.9211926211926211
our_vol2,Our vol2 ETAS-enhanced STNPP-GAT,98,2023-10-04,0.07,1.037037037037037
our_vol2,Our vol2 ETAS-enhanced STNPP-GAT,99,2023-10-18,0.07,0.934310145185713
our_vol2,Our vol2 ETAS-enhanced STNPP-GAT,100,2023-11-01,0.07,0.9857748469147433
our_vol2,Our vol2 ETAS-enhanced STNPP-GAT,101,2023-11-15,0.07,1.0067722156127024
our_vol2,Our vol2 ETAS-enhanced STNPP-GAT,102,2023-11-29,0.07,1.0331293706293705
our_vol2,Our vol2 ETAS-enhanced STNPP-GAT,103,2023-12-13,0.07,1.045781967609379
our_vol2,Our vol2 ETAS-enhanced STNPP-GAT,104,2023-12-27,0.07,0.9755402160864346
our_vol2,Our vol2 ETAS-enhanced STNPP-GAT,105,2024-01-10,0.07,0.9437792816241539
our_vol2,Our vol2 ETAS-enhanced STNPP-GAT,106,2024-01-24,0.07,0.9158878504672897
our_vol2,Our vol2 ETAS-enhanced STNPP-GAT,107,2024-02-07,0.07,0.9850514994075289
our_vol2,Our vol2 ETAS-enhanced STNPP-GAT,108,2024-02-21,0.07,1.0312873654842567
our_vol2,Our vol2 ETAS-enhanced STNPP-GAT,109,2024-03-06,0.07,0.7860866731834474
our_vol2,Our vol2 ETAS-enhanced STNPP-GAT,110,2024-03-20,0.07,1.0103703703703704
our_vol2,Our vol2 ETAS-enhanced STNPP-GAT,111,2024-04-03,0.07,1.1605937921727396
our_vol2,Our vol2 ETAS-enhanced STNPP-GAT,112,2024-04-17,0.07,1.0013461667900652
our_vol2,Our vol2 ETAS-enhanced STNPP-GAT,113,2024-05-01,0.07,1.0506641952425084
our_vol2,Our vol2 ETAS-enhanced STNPP-GAT,114,2024-05-15,0.07,0.8178005591798696
our_vol2,Our vol2 ETAS-enhanced STNPP-GAT,115,2024-05-29,0.07,1.1812100942535726
our_vol2,Our vol2 ETAS-enhanced STNPP-GAT,116,2024-06-12,0.07,1.047486739075524
our_vol2,Our vol2 ETAS-enhanced STNPP-GAT,117,2024-06-26,0.07,0.6759673598315346
our_vol2,Our vol2 ETAS-enhanced STNPP-GAT,118,2024-07-10,0.07,1.2813138686131387
our_vol2,Our vol2 ETAS-enhanced STNPP-GAT,119,2024-07-24,0.07,0.9841209829867675
our_vol2,Our vol2 ETAS-enhanced STNPP-GAT,120,2024-08-07,0.07,1.1396959000814553
our_vol2,Our vol2 ETAS-enhanced STNPP-GAT,121,2024-08-21,0.07,0.9647571606475716
our_vol2,Our vol2 ETAS-enhanced STNPP-GAT,122,2024-09-04,0.07,0.8074202589083144
our_vol2,Our vol2 ETAS-enhanced STNPP-GAT,123,2024-09-18,0.07,1.183651642475172
our_vol2,Our vol2 ETAS-enhanced STNPP-GAT,124,2024-10-02,0.07,0.8360655737704917
our_vol2,Our vol2 ETAS-enhanced STNPP-GAT,125,2024-10-16,0.07,1.1052631578947367
our_vol2,Our vol2 ETAS-enhanced STNPP-GAT,126,2024-10-30,0.07,1.0555555555555556
our_vol2,Our vol2 ETAS-enhanced STNPP-GAT,127,2024-11-13,0.07,0.9975713418336369
our_vol2,Our vol2 ETAS-enhanced STNPP-GAT,128,2024-11-27,0.07,1.0627949183303085
our_vol2,Our vol2 ETAS-enhanced STNPP-GAT,129,2024-12-11,0.07,1.3363171355498722
our_vol2,Our vol2 ETAS-enhanced STNPP-GAT,0,2020-01-01,0.08,1.0246722120400396
our_vol2,Our vol2 ETAS-enhanced STNPP-GAT,1,2020-01-15,0.08,0.9664804469273742
our_vol2,Our vol2 ETAS-enhanced STNPP-GAT,2,2020-01-29,0.08,0.9581158838485213
our_vol2,Our vol2 ETAS-enhanced STNPP-GAT,3,2020-02-12,0.08,0.8996913580246914
our_vol2,Our vol2 ETAS-enhanced STNPP-GAT,4,2020-02-26,0.08,1.1979972690031861
our_vol2,Our vol2 ETAS-enhanced STNPP-GAT,5,2020-03-11,0.08,0.8139807341838062
our_vol2,Our vol2 ETAS-enhanced STNPP-GAT,6,2020-03-25,0.08,0.9270859226116497
our_vol2,Our vol2 ETAS-enhanced STNPP-GAT,7,2020-04-08,0.08,1.040993265993266
our_vol2,Our vol2 ETAS-enhanced STNPP-GAT,8,2020-04-22,0.08,1.0180749128919862
our_vol2,Our vol2 ETAS-enhanced STNPP-GAT,9,2020-05-06,0.08,0.8876725658334854
our_vol2,Our vol2 ETAS-enhanced STNPP-GAT,10,2020-05-20,0.08,1.0091212458286984
our_vol2,Our vol2 ETAS-enhanced STNPP-GAT,11,2020-06-03,0.08,1.1233449477351918
our_vol2,Our vol2 ETAS-enhanced STNPP-GAT,12,2020-06-17,0.08,0.7494922139471902
our_vol2,Our vol2 ETAS-enhanced STNPP-GAT,13,2020-07-01,0.08,1.1630150199807083
our_vol2,Our vol2 ETAS-enhanced STNPP-GAT,14,2020-07-15,0.08,0.9323846214325026
our_vol2,Our vol2 ETAS-enhanced STNPP-GAT,15,2020-07-29,0.08,1.1505707196029777
our_vol2,Our vol2 ETAS-enhanced STNPP-GAT,16,2020-08-12,0.08,0.9539254823685961
our_vol2,Our vol2 ETAS-enhanced STNPP-GAT,17,2020-08-26,0.08,0.860507913139492
our_vol2,Our vol2 ETAS-enhanced STNPP-GAT,18,2020-09-09,0.08,1.0613153688056631
our_vol2,Our vol2 ETAS-enhanced STNPP-GAT,19,2020-09-23,0.08,1.1194029850746268
our_vol2,Our vol2 ETAS-enhanced STNPP-GAT,20,2020-10-07,0.08,1.0368711748022093
our_vol2,Our vol2 ETAS-enhanced STNPP-GAT,21,2020-10-21,0.08,0.9038961038961039
our_vol2,Our vol2 ETAS-enhanced STNPP-GAT,22,2020-11-04,0.08,1.0468637346791636
our_vol2,Our vol2 ETAS-enhanced STNPP-GAT,23,2020-11-18,0.08,1.1273996509598603
our_vol2,Our vol2 ETAS-enhanced STNPP-GAT,24,2020-12-02,0.08,0.8573115993385306
our_vol2,Our vol2 ETAS-enhanced STNPP-GAT,25,2020-12-16,0.08,1.0384615384615385
our_vol2,Our vol2 ETAS-enhanced STNPP-GAT,26,2020-12-30,0.08,0.9203515889114265
our_vol2,Our vol2 ETAS-enhanced STNPP-GAT,27,2021-01-13,0.08,1.1872544740288085
our_vol2,Our vol2 ETAS-enhanced STNPP-GAT,28,2021-01-27,0.08,0.935483870967742
our_vol2,Our vol2 ETAS-enhanced STNPP-GAT,29,2021-02-10,0.08,0.8676384839650145
our_vol2,Our vol2 ETAS-enhanced STNPP-GAT,30,2021-02-24,0.08,0.9700665188470066
our_vol2,Our vol2 ETAS-enhanced STNPP-GAT,31,2021-03-10,0.08,1.0158730158730158
our_vol2,Our vol2 ETAS-enhanced STNPP-GAT,32,2021-03-24,0.08,1.0995696400625978
our_vol2,Our vol2 ETAS-enhanced STNPP-GAT,33,2021-04-07,0.08,0.992289156626506
our_vol2,Our vol2 ETAS-enhanced STNPP-GAT,34,2021-04-21,0.08,0.8703367614438395
our_vol2,Our vol2 ETAS-enhanced STNPP-GAT,35,2021-05-05,0.08,1.067127677517288
our_vol2,Our vol2 ETAS-enhanced STNPP-GAT,36,2021-05-19,0.08,1.0184222957014641
our_vol2,Our vol2 ETAS-enhanced STNPP-GAT,37,2021-06-02,0.08,0.9323559670781894
our_vol2,Our vol2 ETAS-enhanced STNPP-GAT,38,2021-06-16,0.08,1.0709466366796156
our_vol2,Our vol2 ETAS-enhanced STNPP-GAT,39,2021-06-30,0.08,1.0297131147540983
our_vol2,Our vol2 ETAS-enhanced STNPP-GAT,40,2021-07-14,0.08,1.145058198210321
our_vol2,Our vol2 ETAS-enhanced STNPP-GAT,41,2021-07-28,0.08,1.0823656494733997
our_vol2,Our vol2 ETAS-enhanced STNPP-GAT,42,2021-08-11,0.08,0.818335843373494
our_vol2,Our vol2 ETAS-enhanced STNPP-GAT,43,2021-08-25,0.08,1.0490084033613445
our_vol2,Our vol2 ETAS-enhanced STNPP-GAT,44,2021-09-08,0.08,0.9736264911999143
our_vol2,Our vol2 ETAS-enhanced STNPP-GAT,45,2021-09-22,0.08,1.0015965166908563
our_vol2,Our vol2 ETAS-enhanced STNPP-GAT,46,2021-10-06,0.08,0.9453781512605042
our_vol2,Our vol2 ETAS-enhanced STNPP-GAT,47,2021-10-20,0.08,1.13327507100721
our_vol2,Our vol2 ETAS-enhanced STNPP-GAT,48,2021-11-03,0.08,0.9098875976376452
our_vol2,Our vol2 ETAS-enhanced STNPP-GAT,49,2021-11-17,0.08,0.8716674372014177
our_vol2,Our vol2 ETAS-enhanced STNPP-GAT,50,2021-12-01,0.08,1.0772078265468006
our_vol2,Our vol2 ETAS-enhanced STNPP-GAT,51,2021-12-15,0.08,0.8506097560975611
our_vol2,Our vol2 ETAS-enhanced STNPP-GAT,52,2021-12-29,0.08,1.0969270753707385
our_vol2,Our vol2 ETAS-enhanced STNPP-GAT,53,2022-01-12,0.08,0.8402654867256637
our_vol2,Our vol2 ETAS-enhanced STNPP-GAT,54,2022-01-26,0.08,0.9487951807228915
our_vol2,Our vol2 ETAS-enhanced STNPP-GAT,55,2022-02-09,0.08,1.1697699890470976
our_vol2,Our vol2 ETAS-enhanced STNPP-GAT,56,2022-02-23,0.08,0.7536439665471923
our_vol2,Our vol2 ETAS-enhanced STNPP-GAT,57,2022-03-09,0.08,1.1285594136729544
our_vol2,Our vol2 ETAS-enhanced STNPP-GAT,58,2022-03-23,0.08,0.917331206804891
our_vol2,Our vol2 ETAS-enhanced STNPP-GAT,59,2022-04-06,0.08,0.9329498389323516
our_vol2,Our vol2 ETAS-enhanced STNPP-GAT,60,2022-04-20,0.08,1.1457848160223567
our_vol2,Our vol2 ETAS-enhanced STNPP-GAT,61,2022-05-04,0.08,1.0241960907944516
our_vol2,Our vol2 ETAS-enhanced STNPP-GAT,62,2022-05-18,0.08,0.9092989050498448
our_vol2,Our vol2 ETAS-enhanced STNPP-GAT,63,2022-06-01,0.08,1.1185085354896676
our_vol2,Our vol2 ETAS-enhanced STNPP-GAT,64,2022-06-15,0.08,0.9485502882216295
our_vol2,Our vol2 ETAS-enhanced STNPP-GAT,65,2022-06-29,0.08,0.9752475247524752
our_vol2,Our vol2 ETAS-enhanced STNPP-GAT,66,2022-07-13,0.08,1.1081373119441442
our_vol2,Our vol2 ETAS-enhanced STNPP-GAT,67,2022-07-27,0.08,0.8846995971273427
our_vol2,Our vol2 ETAS-enhanced STNPP-GAT,68,2022-08-10,0.08,1.1994161649334063
our_vol2,Our vol2 ETAS-enhanced STNPP-GAT,69,2022-08-24,0.08,0.8863636363636364
our_vol2,Our vol2 ETAS-enhanced STNPP-GAT,70,2022-09-07,0.08,0.9346153846153846
our_vol2,Our vol2 ETAS-enhanced STNPP-GAT,71,2022-09-21,0.08,1.0490177379362962
our_vol2,Our vol2 ETAS-enhanced STNPP-GAT,72,2022-10-05,0.08,0.9799000102030406
our_vol2,Our vol2 ETAS-enhanced STNPP-GAT,73,2022-10-19,0.08,1.0547663551401867
our_vol2,Our vol2 ETAS-enhanced STNPP-GAT,74,2022-11-02,0.08,0.9880723355136591
our_vol2,Our vol2 ETAS-enhanced STNPP-GAT,75,2022-11-16,0.08,0.955189168985423
our_vol2,Our vol2 ETAS-enhanced STNPP-GAT,76,2022-11-30,0.08,1.0883545497406883
our_vol2,Our vol2 ETAS-enhanced STNPP-GAT,77,2022-12-14,0.08,0.9033400809716599
our_vol2,Our vol2 ETAS-enhanced STNPP-GAT,78,2022-12-28,0.08,1.2417061611374407
our_vol2,Our vol2 ETAS-enhanced STNPP-GAT,79,2023-01-11,0.08,0.8916303162486369
our_vol2,Our vol2 ETAS-enhanced STNPP-GAT,80,2023-01-25,0.08,0.9631205673758865
our_vol2,Our vol2 ETAS-enhanced STNPP-GAT,81,2023-02-08,0.08,1.054726368159204
our_vol2,Our vol2 ETAS-enhanced STNPP-GAT,82,2023-02-22,0.08,0.8898841698841699
our_vol2,Our vol2 ETAS-enhanced STNPP-GAT,83,2023-03-08,0.08,1.260061919504644
our_vol2,Our vol2 ETAS-enhanced STNPP-GAT,84,2023-03-22,0.08,0.8885969521807672
our_vol2,Our vol2 ETAS-enhanced STNPP-GAT,85,2023-04-05,0.08,0.9915297220531548
our_vol2,Our vol2 ETAS-enhanced STNPP-GAT,86,2023-04-19,0.08,1.003927003927004
our_vol2,Our vol2 ETAS-enhanced STNPP-GAT,87,2023-05-03,0.08,0.8886328725038403
our_vol2,Our vol2 ETAS-enhanced STNPP-GAT,88,2023-05-17,0.08,1.1204130555043335
our_vol2,Our vol2 ETAS-enhanced STNPP-GAT,89,2023-05-31,0.08,0.964354527938343
our_vol2,Our vol2 ETAS-enhanced STNPP-GAT,90,2023-06-14,0.08,0.8826530612244897
our_vol2,Our vol2 ETAS-enhanced STNPP-GAT,91,2023-06-28,0.08,1.0069103473358791
our_vol2,Our vol2 ETAS-enhanced STNPP-GAT,92,2023-07-12,0.08,0.9807775690128631
our_vol2,Our vol2 ETAS-enhanced STNPP-GAT,93,2023-07-26,0.08,1.1
our_vol2,Our vol2 ETAS-enhanced STNPP-GAT,94,2023-08-09,0.08,1.0673028628829735
our_vol2,Our vol2 ETAS-enhanced STNPP-GAT,95,2023-08-23,0.08,0.8429618001046573
our_vol2,Our vol2 ETAS-enhanced STNPP-GAT,96,2023-09-06,0.08,1.2878663828393646
our_vol2,Our vol2 ETAS-enhanced STNPP-GAT,97,2023-09-20,0.08,0.953861544617847
our_vol2,Our vol2 ETAS-enhanced STNPP-GAT,98,2023-10-04,0.08,0.96171802054155
our_vol2,Our vol2 ETAS-enhanced STNPP-GAT,99,2023-10-18,0.08,0.9723055817542655
our_vol2,Our vol2 ETAS-enhanced STNPP-GAT,100,2023-11-01,0.08,0.9883419689119171
our_vol2,Our vol2 ETAS-enhanced STNPP-GAT,101,2023-11-15,0.08,1.0351710190802776
our_vol2,Our vol2 ETAS-enhanced STNPP-GAT,102,2023-11-29,0.08,1.0198170731707317
our_vol2,Our vol2 ETAS-enhanced STNPP-GAT,103,2023-12-13,0.08,1.0184627824446342
our_vol2,Our vol2 ETAS-enhanced STNPP-GAT,104,2023-12-27,0.08,1.0238889948502765
our_vol2,Our vol2 ETAS-enhanced STNPP-GAT,105,2024-01-10,0.08,0.9957391019337921
our_vol2,Our vol2 ETAS-enhanced STNPP-GAT,106,2024-01-24,0.08,0.9124485981308411
our_vol2,Our vol2 ETAS-enhanced STNPP-GAT,107,2024-02-07,0.08,1.0244180939833114
our_vol2,Our vol2 ETAS-enhanced STNPP-GAT,108,2024-02-21,0.08,1.0135000237676475
our_vol2,Our vol2 ETAS-enhanced STNPP-GAT,109,2024-03-06,0.08,0.8480665839536807
our_vol2,Our vol2 ETAS-enhanced STNPP-GAT,110,2024-03-20,0.08,0.9613483146067416
our_vol2,Our vol2 ETAS-enhanced STNPP-GAT,111,2024-04-03,0.08,1.1441647597254005
our_vol2,Our vol2 ETAS-enhanced STNPP-GAT,112,2024-04-17,0.08,1.0083798882681565
our_vol2,Our vol2 ETAS-enhanced STNPP-GAT,113,2024-05-01,0.08,1.0034923260729711
our_vol2,Our vol2 ETAS-enhanced STNPP-GAT,114,2024-05-15,0.08,0.8639787328311919
our_vol2,Our vol2 ETAS-enhanced STNPP-GAT,115,2024-05-29,0.08,1.0896987627756858
our_vol2,Our vol2 ETAS-enhanced STNPP-GAT,116,2024-06-12,0.08,1.069158878504673
our_vol2,Our vol2 ETAS-enhanced STNPP-GAT,117,2024-06-26,0.08,0.75092341787737
our_vol2,Our vol2 ETAS-enhanced STNPP-GAT,118,2024-07-10,0.08,1.1993071879252752
our_vol2,Our vol2 ETAS-enhanced STNPP-GAT,119,2024-07-24,0.08,0.9848115942028985
our_vol2,Our vol2 ETAS-enhanced STNPP-GAT,120,2024-08-07,0.08,1.0448213204118715
our_vol2,Our vol2 ETAS-enhanced STNPP-GAT,121,2024-08-21,0.08,0.9673218673218673
our_vol2,Our vol2 ETAS-enhanced STNPP-GAT,122,2024-09-04,0.08,0.8661417322834646
our_vol2,Our vol2 ETAS-enhanced STNPP-GAT,123,2024-09-18,0.08,1.1372089819534372
our_vol2,Our vol2 ETAS-enhanced STNPP-GAT,124,2024-10-02,0.08,0.9149305555555556
our_vol2,Our vol2 ETAS-enhanced STNPP-GAT,125,2024-10-16,0.08,1.0517826825127334
our_vol2,Our vol2 ETAS-enhanced STNPP-GAT,126,2024-10-30,0.08,1.021698113207547
our_vol2,Our vol2 ETAS-enhanced STNPP-GAT,127,2024-11-13,0.08,1.0365257405809605
our_vol2,Our vol2 ETAS-enhanced STNPP-GAT,128,2024-11-27,0.08,0.9534290271132376
our_vol2,Our vol2 ETAS-enhanced STNPP-GAT,129,2024-12-11,0.08,1.5134803921568627
our_vol2,Our vol2 ETAS-enhanced STNPP-GAT,0,2020-01-01,0.09,1.0159121906864974
our_vol2,Our vol2 ETAS-enhanced STNPP-GAT,1,2020-01-15,0.09,0.9568156424581005
our_vol2,Our vol2 ETAS-enhanced STNPP-GAT,2,2020-01-29,0.09,0.9271180170181279
our_vol2,Our vol2 ETAS-enhanced STNPP-GAT,3,2020-02-12,0.09,0.9464285714285714
our_vol2,Our vol2 ETAS-enhanced STNPP-GAT,4,2020-02-26,0.09,1.1812043160459451
our_vol2,Our vol2 ETAS-enhanced STNPP-GAT,5,2020-03-11,0.09,0.906561876247505
our_vol2,Our vol2 ETAS-enhanced STNPP-GAT,6,2020-03-25,0.09,0.8689389940426815
our_vol2,Our vol2 ETAS-enhanced STNPP-GAT,7,2020-04-08,0.09,1.0836363636363635
our_vol2,Our vol2 ETAS-enhanced STNPP-GAT,8,2020-04-22,0.09,1.040010961907372
our_vol2,Our vol2 ETAS-enhanced STNPP-GAT,9,2020-05-06,0.09,0.886795743938601
our_vol2,Our vol2 ETAS-enhanced STNPP-GAT,10,2020-05-20,0.09,0.9858613589567604
our_vol2,Our vol2 ETAS-enhanced STNPP-GAT,11,2020-06-03,0.09,1.1971544715447155
our_vol2,Our vol2 ETAS-enhanced STNPP-GAT,12,2020-06-17,0.09,0.7665550676116353
our_vol2,Our vol2 ETAS-enhanced STNPP-GAT,13,2020-07-01,0.09,1.192090395480226
our_vol2,Our vol2 ETAS-enhanced STNPP-GAT,14,2020-07-15,0.09,0.9441724515893314
our_vol2,Our vol2 ETAS-enhanced STNPP-GAT,15,2020-07-29,0.09,1.080819529206626
our_vol2,Our vol2 ETAS-enhanced STNPP-GAT,16,2020-08-12,0.09,0.8924458774758176
our_vol2,Our vol2 ETAS-enhanced STNPP-GAT,17,2020-08-26,0.09,1.0031378877532724
our_vol2,Our vol2 ETAS-enhanced STNPP-GAT,18,2020-09-09,0.09,0.9881946443996543
our_vol2,Our vol2 ETAS-enhanced STNPP-GAT,19,2020-09-23,0.09,1.0833333333333333
our_vol2,Our vol2 ETAS-enhanced STNPP-GAT,20,2020-10-07,0.09,1.0305316091954024
our_vol2,Our vol2 ETAS-enhanced STNPP-GAT,21,2020-10-21,0.09,0.9007575757575758
our_vol2,Our vol2 ETAS-enhanced STNPP-GAT,22,2020-11-04,0.09,1.0443037974683542
our_vol2,Our vol2 ETAS-enhanced STNPP-GAT,23,2020-11-18,0.09,1.0870621255464996
our_vol2,Our vol2 ETAS-enhanced STNPP-GAT,24,2020-12-02,0.09,0.8842592592592592
our_vol2,Our vol2 ETAS-enhanced STNPP-GAT,25,2020-12-16,0.09,1.0470588235294118
our_vol2,Our vol2 ETAS-enhanced STNPP-GAT,26,2020-12-30,0.09,0.8933667083854818
our_vol2,Our vol2 ETAS-enhanced STNPP-GAT,27,2021-01-13,0.09,1.2142857142857144
our_vol2,Our vol2 ETAS-enhanced STNPP-GAT,28,2021-01-27,0.09,0.9318996415770611
our_vol2,Our vol2 ETAS-enhanced STNPP-GAT,29,2021-02-10,0.09,0.8806530612244898
our_vol2,Our vol2 ETAS-enhanced STNPP-GAT,30,2021-02-24,0.09,0.9943181818181818
our_vol2,Our vol2 ETAS-enhanced STNPP-GAT,31,2021-03-10,0.09,1.0129870129870129
our_vol2,Our vol2 ETAS-enhanced STNPP-GAT,32,2021-03-24,0.09,1.1126760563380282
our_vol2,Our vol2 ETAS-enhanced STNPP-GAT,33,2021-04-07,0.09,1.0199258572752548
our_vol2,Our vol2 ETAS-enhanced STNPP-GAT,34,2021-04-21,0.09,0.8546910755148742
our_vol2,Our vol2 ETAS-enhanced STNPP-GAT,35,2021-05-05,0.09,1.0281385281385282
our_vol2,Our vol2 ETAS-enhanced STNPP-GAT,36,2021-05-19,0.09,1.0206896551724138
our_vol2,Our vol2 ETAS-enhanced STNPP-GAT,37,2021-06-02,0.09,0.9892787524366472
our_vol2,Our vol2 ETAS-enhanced STNPP-GAT,38,2021-06-16,0.09,0.9786780383795308
our_vol2,Our vol2 ETAS-enhanced STNPP-GAT,39,2021-06-30,0.09,1.0455548549810845
our_vol2,Our vol2 ETAS-enhanced STNPP-GAT,40,2021-07-14,0.09,1.0848502994011975
our_vol2,Our vol2 ETAS-enhanced STNPP-GAT,41,2021-07-28,0.09,1.0372670807453415
our_vol2,Our vol2 ETAS-enhanced STNPP-GAT,42,2021-08-11,0.09,0.8354407729929619
our_vol2,Our vol2 ETAS-enhanced STNPP-GAT,43,2021-08-25,0.09,1.0632339089481946
our_vol2,Our vol2 ETAS-enhanced STNPP-GAT,44,2021-09-08,0.09,1.0113573546409367
our_vol2,Our vol2 ETAS-enhanced STNPP-GAT,45,2021-09-22,0.09,0.9669162695711369
our_vol2,Our vol2 ETAS-enhanced STNPP-GAT,46,2021-10-06,0.09,0.9412550066755674
our_vol2,Our vol2 ETAS-enhanced STNPP-GAT,47,2021-10-20,0.09,1.1456228510975932
our_vol2,Our vol2 ETAS-enhanced STNPP-GAT,48,2021-11-03,0.09,0.922117269648904
our_vol2,Our vol2 ETAS-enhanced STNPP-GAT,49,2021-11-17,0.09,0.8423160173160172
our_vol2,Our vol2 ETAS-enhanced STNPP-GAT,50,2021-12-01,0.09,1.0817704426106525
our_vol2,Our vol2 ETAS-enhanced STNPP-GAT,51,2021-12-15,0.09,0.8636960600375235
our_vol2,Our vol2 ETAS-enhanced STNPP-GAT,52,2021-12-29,0.09,1.0966167706818073
our_vol2,Our vol2 ETAS-enhanced STNPP-GAT,53,2022-01-12,0.09,0.9195881226053639
our_vol2,Our vol2 ETAS-enhanced STNPP-GAT,54,2022-01-26,0.09,0.9171195652173914
our_vol2,Our vol2 ETAS-enhanced STNPP-GAT,55,2022-02-09,0.09,1.169063350174893
our_vol2,Our vol2 ETAS-enhanced STNPP-GAT,56,2022-02-23,0.09,0.7716173835125448
our_vol2,Our vol2 ETAS-enhanced STNPP-GAT,57,2022-03-09,0.09,1.0995073891625615
our_vol2,Our vol2 ETAS-enhanced STNPP-GAT,58,2022-03-23,0.09,0.9800422432001379
our_vol2,Our vol2 ETAS-enhanced STNPP-GAT,59,2022-04-06,0.09,0.8888055034396498
our_vol2,Our vol2 ETAS-enhanced STNPP-GAT,60,2022-04-20,0.09,1.0902399591558882
our_vol2,Our vol2 ETAS-enhanced STNPP-GAT,61,2022-05-04,0.09,1.0101412259615385
our_vol2,Our vol2 ETAS-enhanced STNPP-GAT,62,2022-05-18,0.09,0.9277948146083078
our_vol2,Our vol2 ETAS-enhanced STNPP-GAT,63,2022-06-01,0.09,1.1405405405405407
our_vol2,Our vol2 ETAS-enhanced STNPP-GAT,64,2022-06-15,0.09,0.9475465313028765
our_vol2,Our vol2 ETAS-enhanced STNPP-GAT,65,2022-06-29,0.09,0.9339234770934721
our_vol2,Our vol2 ETAS-enhanced STNPP-GAT,66,2022-07-13,0.09,1.132559070885062
our_vol2,Our vol2 ETAS-enhanced STNPP-GAT,67,2022-07-27,0.09,0.9002995654191807
our_vol2,Our vol2 ETAS-enhanced STNPP-GAT,68,2022-08-10,0.09,1.190931330716277
our_vol2,Our vol2 ETAS-enhanced STNPP-GAT,69,2022-08-24,0.09,0.8829545454545454
our_vol2,Our vol2 ETAS-enhanced STNPP-GAT,70,2022-09-07,0.09,0.9412844036697247
our_vol2,Our vol2 ETAS-enhanced STNPP-GAT,71,2022-09-21,0.09,1.0186931915623392
our_vol2,Our vol2 ETAS-enhanced STNPP-GAT,72,2022-10-05,0.09,0.9618829807509054
our_vol2,Our vol2 ETAS-enhanced STNPP-GAT,73,2022-10-19,0.09,1.058680805176132
our_vol2,Our vol2 ETAS-enhanced STNPP-GAT,74,2022-11-02,0.09,0.9769565217391305
our_vol2,Our vol2 ETAS-enhanced STNPP-GAT,75,2022-11-16,0.09,0.9919677125786412
our_vol2,Our vol2 ETAS-enhanced STNPP-GAT,76,2022-11-30,0.09,1.0792328042328043
our_vol2,Our vol2 ETAS-enhanced STNPP-GAT,77,2022-12-14,0.09,0.885482345523329
our_vol2,Our vol2 ETAS-enhanced STNPP-GAT,78,2022-12-28,0.09,1.2230998771283133
our_vol2,Our vol2 ETAS-enhanced STNPP-GAT,79,2023-01-11,0.09,0.9068163646055436
our_vol2,Our vol2 ETAS-enhanced STNPP-GAT,80,2023-01-25,0.09,0.94210786739238
our_vol2,Our vol2 ETAS-enhanced STNPP-GAT,81,2023-02-08,0.09,1.0593968930855926
our_vol2,Our vol2 ETAS-enhanced STNPP-GAT,82,2023-02-22,0.09,0.8730694980694981
our_vol2,Our vol2 ETAS-enhanced STNPP-GAT,83,2023-03-08,0.09,1.294679005205321
our_vol2,Our vol2 ETAS-enhanced STNPP-GAT,84,2023-03-22,0.09,0.8767668917277894
our_vol2,Our vol2 ETAS-enhanced STNPP-GAT,85,2023-04-05,0.09,0.9758801789535109
our_vol2,Our vol2 ETAS-enhanced STNPP-GAT,86,2023-04-19,0.09,0.9872890642121411
our_vol2,Our vol2 ETAS-enhanced STNPP-GAT,87,2023-05-03,0.09,0.937381404174573
our_vol2,Our vol2 ETAS-enhanced STNPP-GAT,88,2023-05-17,0.09,1.0561772975356967
our_vol2,Our vol2 ETAS-enhanced STNPP-GAT,89,2023-05-31,0.09,0.9698017395062395
our_vol2,Our vol2 ETAS-enhanced STNPP-GAT,90,2023-06-14,0.09,0.8648216862502576
our_vol2,Our vol2 ETAS-enhanced STNPP-GAT,91,2023-06-28,0.09,1.0256410256410255
our_vol2,Our vol2 ETAS-enhanced STNPP-GAT,92,2023-07-12,0.09,0.954409498776398
our_vol2,Our vol2 ETAS-enhanced STNPP-GAT,93,2023-07-26,0.09,1.1
our_vol2,Our vol2 ETAS-enhanced STNPP-GAT,94,2023-08-09,0.09,1.0391442341601036
our_vol2,Our vol2 ETAS-enhanced STNPP-GAT,95,2023-08-23,0.09,0.8645047762694822
our_vol2,Our vol2 ETAS-enhanced STNPP-GAT,96,2023-09-06,0.09,1.2423598881176836
our_vol2,Our vol2 ETAS-enhanced STNPP-GAT,97,2023-09-20,0.09,0.9533488192024777
our_vol2,Our vol2 ETAS-enhanced STNPP-GAT,98,2023-10-04,0.09,1.0018214936247722
our_vol2,Our vol2 ETAS-enhanced STNPP-GAT,99,2023-10-18,0.09,0.9342375830433408
our_vol2,Our vol2 ETAS-enhanced STNPP-GAT,100,2023-11-01,0.09,1.0101520704326215
our_vol2,Our vol2 ETAS-enhanced STNPP-GAT,101,2023-11-15,0.09,1.0124376004738131
our_vol2,Our vol2 ETAS-enhanced STNPP-GAT,102,2023-11-29,0.09,1.0061390532544379
our_vol2,Our vol2 ETAS-enhanced STNPP-GAT,103,2023-12-13,0.09,1.0030456852791878
our_vol2,Our vol2 ETAS-enhanced STNPP-GAT,104,2023-12-27,0.09,1.0230502915451896
our_vol2,Our vol2 ETAS-enhanced STNPP-GAT,105,2024-01-10,0.09,0.9737618382238782
our_vol2,Our vol2 ETAS-enhanced STNPP-GAT,106,2024-01-24,0.09,0.9554962171784601
our_vol2,Our vol2 ETAS-enhanced STNPP-GAT,107,2024-02-07,0.09,0.9825528007346189
our_vol2,Our vol2 ETAS-enhanced STNPP-GAT,108,2024-02-21,0.09,0.9800786135429694
our_vol2,Our vol2 ETAS-enhanced STNPP-GAT,109,2024-03-06,0.09,0.9503567480655211
our_vol2,Our vol2 ETAS-enhanced STNPP-GAT,110,2024-03-20,0.09,0.9393939393939394
our_vol2,Our vol2 ETAS-enhanced STNPP-GAT,111,2024-04-03,0.09,1.0734072022160666
our_vol2,Our vol2 ETAS-enhanced STNPP-GAT,112,2024-04-17,0.09,1.0176099101287346
our_vol2,Our vol2 ETAS-enhanced STNPP-GAT,113,2024-05-01,0.09,1.0567450876729227
our_vol2,Our vol2 ETAS-enhanced STNPP-GAT,114,2024-05-15,0.09,0.952048823016565
our_vol2,Our vol2 ETAS-enhanced STNPP-GAT,115,2024-05-29,0.09,1.089436878910563
our_vol2,Our vol2 ETAS-enhanced STNPP-GAT,116,2024-06-12,0.09,1.0394600207684321
our_vol2,Our vol2 ETAS-enhanced STNPP-GAT,117,2024-06-26,0.09,0.7665296535525543
our_vol2,Our vol2 ETAS-enhanced STNPP-GAT,118,2024-07-10,0.09,1.2226875673088429
our_vol2,Our vol2 ETAS-enhanced STNPP-GAT,119,2024-07-24,0.09,0.980187121629059
our_vol2,Our vol2 ETAS-enhanced STNPP-GAT,120,2024-08-07,0.09,1.0947232342225877
our_vol2,Our vol2 ETAS-enhanced STNPP-GAT,121,2024-08-21,0.09,0.9151884700665188
our_vol2,Our vol2 ETAS-enhanced STNPP-GAT,122,2024-09-04,0.09,0.8398950131233596
our_vol2,Our vol2 ETAS-enhanced STNPP-GAT,123,2024-09-18,0.09,1.1000646412411117
our_vol2,Our vol2 ETAS-enhanced STNPP-GAT,124,2024-10-02,0.09,0.8880597014925373
our_vol2,Our vol2 ETAS-enhanced STNPP-GAT,125,2024-10-16,0.09,1.053453947368421
our_vol2,Our vol2 ETAS-enhanced STNPP-GAT,126,2024-10-30,0.09,1.008254716981132
our_vol2,Our vol2 ETAS-enhanced STNPP-GAT,127,2024-11-13,0.09,1.042622950819672
our_vol2,Our vol2 ETAS-enhanced STNPP-GAT,128,2024-11-27,0.09,0.9864225781845919
our_vol2,Our vol2 ETAS-enhanced STNPP-GAT,129,2024-12-11,0.09,1.3706992230854607
our_vol2,Our vol2 ETAS-enhanced STNPP-GAT,0,2020-01-01,0.1,1.0094310921813203
our_vol2,Our vol2 ETAS-enhanced STNPP-GAT,1,2020-01-15,0.1,0.9758637522373487
our_vol2,Our vol2 ETAS-enhanced STNPP-GAT,2,2020-01-29,0.1,0.9068832983927324
our_vol2,Our vol2 ETAS-enhanced STNPP-GAT,3,2020-02-12,0.1,0.9043650793650794
our_vol2,Our vol2 ETAS-enhanced STNPP-GAT,4,2020-02-26,0.1,1.1266272189349111
our_vol2,Our vol2 ETAS-enhanced STNPP-GAT,5,2020-03-11,0.1,0.9710881267767495
our_vol2,Our vol2 ETAS-enhanced STNPP-GAT,6,2020-03-25,0.1,0.8781567840586729
our_vol2,Our vol2 ETAS-enhanced STNPP-GAT,7,2020-04-08,0.1,1.0973532796317607
our_vol2,Our vol2 ETAS-enhanced STNPP-GAT,8,2020-04-22,0.1,1.0503216295899225
our_vol2,Our vol2 ETAS-enhanced STNPP-GAT,9,2020-05-06,0.1,0.9138804457953394
our_vol2,Our vol2 ETAS-enhanced STNPP-GAT,10,2020-05-20,0.1,1.0364516129032257
our_vol2,Our vol2 ETAS-enhanced STNPP-GAT,11,2020-06-03,0.1,1.1197900586600802
our_vol2,Our vol2 ETAS-enhanced STNPP-GAT,12,2020-06-17,0.1,0.7585017044982123
our_vol2,Our vol2 ETAS-enhanced STNPP-GAT,13,2020-07-01,0.1,1.1396908176569194
our_vol2,Our vol2 ETAS-enhanced STNPP-GAT,14,2020-07-15,0.1,1.023559648747055
our_vol2,Our vol2 ETAS-enhanced STNPP-GAT,15,2020-07-29,0.1,1.0266316579144785
our_vol2,Our vol2 ETAS-enhanced STNPP-GAT,16,2020-08-12,0.1,0.8844663613948573
our_vol2,Our vol2 ETAS-enhanced STNPP-GAT,17,2020-08-26,0.1,0.9453879453879455
our_vol2,Our vol2 ETAS-enhanced STNPP-GAT,18,2020-09-09,0.1,1.0293694212496398
our_vol2,Our vol2 ETAS-enhanced STNPP-GAT,19,2020-09-23,0.1,1.077922077922078
our_vol2,Our vol2 ETAS-enhanced STNPP-GAT,20,2020-10-07,0.1,1.0124521072796937
our_vol2,Our vol2 ETAS-enhanced STNPP-GAT,21,2020-10-21,0.1,0.8963636363636364
our_vol2,Our vol2 ETAS-enhanced STNPP-GAT,22,2020-11-04,0.1,1.0400856793145654
our_vol2,Our vol2 ETAS-enhanced STNPP-GAT,23,2020-11-18,0.1,1.0705559710795312
our_vol2,Our vol2 ETAS-enhanced STNPP-GAT,24,2020-12-02,0.1,0.9083703233988586
our_vol2,Our vol2 ETAS-enhanced STNPP-GAT,25,2020-12-16,0.1,1.0555555555555556
our_vol2,Our vol2 ETAS-enhanced STNPP-GAT,26,2020-12-30,0.1,0.8701223063482818
our_vol2,Our vol2 ETAS-enhanced STNPP-GAT,27,2021-01-13,0.1,1.18544061302682
our_vol2,Our vol2 ETAS-enhanced STNPP-GAT,28,2021-01-27,0.1,0.9528076463560337
our_vol2,Our vol2 ETAS-enhanced STNPP-GAT,29,2021-02-10,0.1,0.8970904325032766
our_vol2,Our vol2 ETAS-enhanced STNPP-GAT,30,2021-02-24,0.1,0.9729349951124144
our_vol2,Our vol2 ETAS-enhanced STNPP-GAT,31,2021-03-10,0.1,0.9864661654135338
our_vol2,Our vol2 ETAS-enhanced STNPP-GAT,32,2021-03-24,0.1,1.0714406923468522
our_vol2,Our vol2 ETAS-enhanced STNPP-GAT,33,2021-04-07,0.1,0.9821508255243195
our_vol2,Our vol2 ETAS-enhanced STNPP-GAT,34,2021-04-21,0.1,0.8595272904483431
our_vol2,Our vol2 ETAS-enhanced STNPP-GAT,35,2021-05-05,0.1,1.0707328385899815
our_vol2,Our vol2 ETAS-enhanced STNPP-GAT,36,2021-05-19,0.1,0.9956896551724137
our_vol2,Our vol2 ETAS-enhanced STNPP-GAT,37,2021-06-02,0.1,1.031020471948742
our_vol2,Our vol2 ETAS-enhanced STNPP-GAT,38,2021-06-16,0.1,1.0029850746268658
our_vol2,Our vol2 ETAS-enhanced STNPP-GAT,39,2021-06-30,0.1,1.0191995273962486
our_vol2,Our vol2 ETAS-enhanced STNPP-GAT,40,2021-07-14,0.1,1.0852717641639797
our_vol2,Our vol2 ETAS-enhanced STNPP-GAT,41,2021-07-28,0.1,1.0572145246058289
our_vol2,Our vol2 ETAS-enhanced STNPP-GAT,42,2021-08-11,0.1,0.8417822232325529
our_vol2,Our vol2 ETAS-enhanced STNPP-GAT,43,2021-08-25,0.1,1.0607680491551459
our_vol2,Our vol2 ETAS-enhanced STNPP-GAT,44,2021-09-08,0.1,1.0143457469931894
our_vol2,Our vol2 ETAS-enhanced STNPP-GAT,45,2021-09-22,0.1,0.9354880413703943
our_vol2,Our vol2 ETAS-enhanced STNPP-GAT,46,2021-10-06,0.1,0.9375
our_vol2,Our vol2 ETAS-enhanced STNPP-GAT,47,2021-10-20,0.1,1.0904522613065328
our_vol2,Our vol2 ETAS-enhanced STNPP-GAT,48,2021-11-03,0.1,0.9276588397790054
our_vol2,Our vol2 ETAS-enhanced STNPP-GAT,49,2021-11-17,0.1,0.8721655328798186
our_vol2,Our vol2 ETAS-enhanced STNPP-GAT,50,2021-12-01,0.1,1.0779373675535673
our_vol2,Our vol2 ETAS-enhanced STNPP-GAT,51,2021-12-15,0.1,0.849578713968958
our_vol2,Our vol2 ETAS-enhanced STNPP-GAT,52,2021-12-29,0.1,1.1182151479924884
our_vol2,Our vol2 ETAS-enhanced STNPP-GAT,53,2022-01-12,0.1,0.9149051490514905
our_vol2,Our vol2 ETAS-enhanced STNPP-GAT,54,2022-01-26,0.1,0.9471649484536082
our_vol2,Our vol2 ETAS-enhanced STNPP-GAT,55,2022-02-09,0.1,1.1108195156865084
our_vol2,Our vol2 ETAS-enhanced STNPP-GAT,56,2022-02-23,0.1,0.8113391984359727
our_vol2,Our vol2 ETAS-enhanced STNPP-GAT,57,2022-03-09,0.1,1.1166871921182266
our_vol2,Our vol2 ETAS-enhanced STNPP-GAT,58,2022-03-23,0.1,0.9712918660287082
our_vol2,Our vol2 ETAS-enhanced STNPP-GAT,59,2022-04-06,0.1,0.8715184893784422
our_vol2,Our vol2 ETAS-enhanced STNPP-GAT,60,2022-04-20,0.1,1.0750573582431988
our_vol2,Our vol2 ETAS-enhanced STNPP-GAT,61,2022-05-04,0.1,1.0614644970414202
our_vol2,Our vol2 ETAS-enhanced STNPP-GAT,62,2022-05-18,0.1,0.9153689911983751
our_vol2,Our vol2 ETAS-enhanced STNPP-GAT,63,2022-06-01,0.1,1.1358178053830228
our_vol2,Our vol2 ETAS-enhanced STNPP-GAT,64,2022-06-15,0.1,0.9439299414887434
our_vol2,Our vol2 ETAS-enhanced STNPP-GAT,65,2022-06-29,0.1,0.9510678340561329
our_vol2,Our vol2 ETAS-enhanced STNPP-GAT,66,2022-07-13,0.1,1.1084318726331246
our_vol2,Our vol2 ETAS-enhanced STNPP-GAT,67,2022-07-27,0.1,0.9305948427827655
our_vol2,Our vol2 ETAS-enhanced STNPP-GAT,68,2022-08-10,0.1,1.1464913687135911
our_vol2,Our vol2 ETAS-enhanced STNPP-GAT,69,2022-08-24,0.1,0.9157427937915742
our_vol2,Our vol2 ETAS-enhanced STNPP-GAT,70,2022-09-07,0.1,0.9387931034482758
our_vol2,Our vol2 ETAS-enhanced STNPP-GAT,71,2022-09-21,0.1,1.03265306122449
our_vol2,Our vol2 ETAS-enhanced STNPP-GAT,72,2022-10-05,0.1,0.9810606060606062
our_vol2,Our vol2 ETAS-enhanced STNPP-GAT,73,2022-10-19,0.1,1.015300636837317
our_vol2,Our vol2 ETAS-enhanced STNPP-GAT,74,2022-11-02,0.1,1.0197565217391305
our_vol2,Our vol2 ETAS-enhanced STNPP-GAT,75,2022-11-16,0.1,1.0091502287557188
our_vol2,Our vol2 ETAS-enhanced STNPP-GAT,76,2022-11-30,0.1,1.0465010351966875
our_vol2,Our vol2 ETAS-enhanced STNPP-GAT,77,2022-12-14,0.1,0.8983192004845547
our_vol2,Our vol2 ETAS-enhanced STNPP-GAT,78,2022-12-28,0.1,1.2234258632362898
our_vol2,Our vol2 ETAS-enhanced STNPP-GAT,79,2023-01-11,0.1,0.8888958752515089
our_vol2,Our vol2 ETAS-enhanced STNPP-GAT,80,2023-01-25,0.1,0.9131852772169591
our_vol2,Our vol2 ETAS-enhanced STNPP-GAT,81,2023-02-08,0.1,1.042217484008529
our_vol2,Our vol2 ETAS-enhanced STNPP-GAT,82,2023-02-22,0.1,0.8782432432432432
our_vol2,Our vol2 ETAS-enhanced STNPP-GAT,83,2023-03-08,0.1,1.3221606648199447
our_vol2,Our vol2 ETAS-enhanced STNPP-GAT,84,2023-03-22,0.1,0.8494400289017341
our_vol2,Our vol2 ETAS-enhanced STNPP-GAT,85,2023-04-05,0.1,1.0099476928824958
our_vol2,Our vol2 ETAS-enhanced STNPP-GAT,86,2023-04-19,0.1,0.9706959706959708
our_vol2,Our vol2 ETAS-enhanced STNPP-GAT,87,2023-05-03,0.1,0.9308755760368664
our_vol2,Our vol2 ETAS-enhanced STNPP-GAT,88,2023-05-17,0.1,0.9665018666128544
our_vol2,Our vol2 ETAS-enhanced STNPP-GAT,89,2023-05-31,0.1,1.0001080438658094
our_vol2,Our vol2 ETAS-enhanced STNPP-GAT,90,2023-06-14,0.1,0.8999599839935973
our_vol2,Our vol2 ETAS-enhanced STNPP-GAT,91,2023-06-28,0.1,1.0532283997630532
our_vol2,Our vol2 ETAS-enhanced STNPP-GAT,92,2023-07-12,0.1,0.9410053475935828
our_vol2,Our vol2 ETAS-enhanced STNPP-GAT,93,2023-07-26,0.1,1.0777777777777777
our_vol2,Our vol2 ETAS-enhanced STNPP-GAT,94,2023-08-09,0.1,1.0651022384234208
our_vol2,Our vol2 ETAS-enhanced STNPP-GAT,95,2023-08-23,0.1,0.893827160493827
our_vol2,Our vol2 ETAS-enhanced STNPP-GAT,96,2023-09-06,0.1,1.199238578680203
our_vol2,Our vol2 ETAS-enhanced STNPP-GAT,97,2023-09-20,0.1,0.9528683914510685
our_vol2,Our vol2 ETAS-enhanced STNPP-GAT,98,2023-10-04,0.1,1.0577777777777777
our_vol2,Our vol2 ETAS-enhanced STNPP-GAT,99,2023-10-18,0.1,0.9171279096216544
our_vol2,Our vol2 ETAS-enhanced STNPP-GAT,100,2023-11-01,0.1,0.997166450777202
our_vol2,Our vol2 ETAS-enhanced STNPP-GAT,101,2023-11-15,0.1,1.0385650224215246
our_vol2,Our vol2 ETAS-enhanced STNPP-GAT,102,2023-11-29,0.1,1.032987085906794
our_vol2,Our vol2 ETAS-enhanced STNPP-GAT,103,2023-12-13,0.1,0.967179447436742
our_vol2,Our vol2 ETAS-enhanced STNPP-GAT,104,2023-12-27,0.1,0.9795485991006572
our_vol2,Our vol2 ETAS-enhanced STNPP-GAT,105,2024-01-10,0.1,1.0093072932560267
our_vol2,Our vol2 ETAS-enhanced STNPP-GAT,106,2024-01-24,0.1,0.9152647975077882
our_vol2,Our vol2 ETAS-enhanced STNPP-GAT,107,2024-02-07,0.1,0.9763821792807299
our_vol2,Our vol2 ETAS-enhanced STNPP-GAT,108,2024-02-21,0.1,0.9670432345196636
our_vol2,Our vol2 ETAS-enhanced STNPP-GAT,109,2024-03-06,0.1,0.9733561709011324
our_vol2,Our vol2 ETAS-enhanced STNPP-GAT,110,2024-03-20,0.1,0.9358490566037737
our_vol2,Our vol2 ETAS-enhanced STNPP-GAT,111,2024-04-03,0.1,1.099267155229847
our_vol2,Our vol2 ETAS-enhanced STNPP-GAT,112,2024-04-17,0.1,1.0439440188907445
our_vol2,Our vol2 ETAS-enhanced STNPP-GAT,113,2024-05-01,0.1,0.9670214481535235
our_vol2,Our vol2 ETAS-enhanced STNPP-GAT,114,2024-05-15,0.1,0.9552364864864865
our_vol2,Our vol2 ETAS-enhanced STNPP-GAT,115,2024-05-29,0.1,1.0788194855991466
our_vol2,Our vol2 ETAS-enhanced STNPP-GAT,116,2024-06-12,0.1,1.030514581691251
our_vol2,Our vol2 ETAS-enhanced STNPP-GAT,117,2024-06-26,0.1,0.7790957134468585
our_vol2,Our vol2 ETAS-enhanced STNPP-GAT,118,2024-07-10,0.1,1.214227783570849
our_vol2,Our vol2 ETAS-enhanced STNPP-GAT,119,2024-07-24,0.1,0.9879109225874867
our_vol2,Our vol2 ETAS-enhanced STNPP-GAT,120,2024-08-07,0.1,1.1452061139416396
our_vol2,Our vol2 ETAS-enhanced STNPP-GAT,121,2024-08-21,0.1,0.9236363636363637
our_vol2,Our vol2 ETAS-enhanced STNPP-GAT,122,2024-09-04,0.1,0.828483396097227
our_vol2,Our vol2 ETAS-enhanced STNPP-GAT,123,2024-09-18,0.1,1.0095389507154213
our_vol2,Our vol2 ETAS-enhanced STNPP-GAT,124,2024-10-02,0.1,0.8760064412238325
our_vol2,Our vol2 ETAS-enhanced STNPP-GAT,125,2024-10-16,0.1,1.1052631578947367
our_vol2,Our vol2 ETAS-enhanced STNPP-GAT,126,2024-10-30,0.1,1.0122086570477247
our_vol2,Our vol2 ETAS-enhanced STNPP-GAT,127,2024-11-13,0.1,0.9774590163934427
our_vol2,Our vol2 ETAS-enhanced STNPP-GAT,128,2024-11-27,0.1,1.0090225563909774
our_vol2,Our vol2 ETAS-enhanced STNPP-GAT,129,2024-12-11,0.1,1.3453159041394334
