model,model_label,frame_index,forecast_date,q,q_eff,selected_cells,hit_count,hit_rate,miss_rate,area_coverage,hotspot_density_per_km2,pai,gain,lift,pei_star,oracle_hit_count,iou_jaccard,dice,centroid_distance_m
our_vol3,Our vol3 STNPP-GAT-ZINB,0,2020-01-01,0.01,0.010012823440546666,570,24.0,0.1518987341772152,0.8481012658227848,0.010012823440546666,1.8713450292397662,15.170419720186542,0.1518987341772152,15.170419720186542,0.1518987341772152,158.0,0.021505376344086023,0.042105263157894736,1204.3301966206816
our_vol3,Our vol3 STNPP-GAT-ZINB,0,2020-01-01,0.02,0.02000808052418009,1139,38.0,0.24050632911392406,0.759493670886076,0.02000808052418009,1.4827821675934054,12.020459874862471,0.24050632911392406,12.020459874862471,0.24050632911392406,158.0,0.017873100983020553,0.03511852502194908,1204.3301966206816
our_vol3,Our vol3 STNPP-GAT-ZINB,0,2020-01-01,0.03,0.030003337607813516,1708,49.0,0.310126582278481,0.689873417721519,0.030003337607813516,1.2750455373406193,10.336402780659887,0.310126582278481,10.336402780659887,0.310126582278481,158.0,0.017272185824895772,0.03395784543325527,1204.3301966206816
our_vol3,Our vol3 STNPP-GAT-ZINB,0,2020-01-01,0.04,0.04001616104836018,2278,55.0,0.34810126582278483,0.6518987341772151,0.04001616104836018,1.0730660423373328,8.699017014703106,0.34810126582278483,8.699017014703106,0.34810126582278483,158.0,0.016737335416201742,0.03292361720807726,1204.3301966206816
our_vol3,Our vol3 STNPP-GAT-ZINB,0,2020-01-01,0.05,0.050011418131993605,2847,67.0,0.4240506329113924,0.5759493670886076,0.050011418131993605,1.0459352925106349,8.479076353967978,0.4240506329113924,8.479076353967978,0.4240506329113924,158.0,0.018058287144645094,0.035475939585528624,1204.3301966206816
our_vol3,Our vol3 STNPP-GAT-ZINB,0,2020-01-01,0.06,0.06000667521562703,3416,72.0,0.45569620253164556,0.5443037974683544,0.06000667521562703,0.936768149882904,7.5940918388521625,0.45569620253164556,7.5940918388521625,0.45569620253164556,158.0,0.02031063321385902,0.03981264637002342,1204.3301966206816
our_vol3,Our vol3 STNPP-GAT-ZINB,0,2020-01-01,0.07,0.07000193229926045,3985,76.0,0.4810126582278481,0.5189873417721519,0.07000193229926045,0.8476230308099819,6.871419722694282,0.4810126582278481,6.871419722694282,0.4810126582278481,158.0,0.023106546854942234,0.0451693851944793,1204.3301966206816
our_vol3,Our vol3 STNPP-GAT-ZINB,0,2020-01-01,0.08,0.08001475573980713,4555,83.0,0.5253164556962026,0.47468354430379744,0.08001475573980713,0.809854860348823,6.565244758159763,0.5253164556962026,6.565244758159763,0.5253164556962026,158.0,0.026825969341749325,0.052250274423710205,1204.3301966206816
our_vol3,Our vol3 STNPP-GAT-ZINB,0,2020-01-01,0.09,0.09001001282344055,5124,90.0,0.569620253164557,0.430379746835443,0.09001001282344055,0.78064012490242,6.328409865710135,0.569620253164557,6.328409865710135,0.569620253164557,158.0,0.036302962888057434,0.07006245120999219,1204.3301966206816
our_vol3,Our vol3 STNPP-GAT-ZINB,0,2020-01-01,0.1,0.10000526990707397,5693,94.0,0.5949367088607594,0.40506329113924056,0.10000526990707397,0.7338446825536233,5.9490535790122,0.5949367088607594,5.9490535790122,0.5949367088607594,158.0,0.04506654428636989,0.08624626734586334,1204.3301966206816
our_vol3,Our vol3 STNPP-GAT-ZINB,1,2020-01-15,0.01,0.010012823440546666,570,35.0,0.2023121387283237,0.7976878612716762,0.010012823440546666,2.7290448343079925,20.205303721732076,0.2023121387283237,20.205303721732076,0.2023121387283237,173.0,0.02702702702702703,0.05263157894736842,629.4327335937334
our_vol3,Our vol3 STNPP-GAT-ZINB,1,2020-01-15,0.02,0.02000808052418009,1139,50.0,0.28901734104046245,0.7109826589595376,0.02000808052418009,1.9510291678860598,14.445030880957336,0.28901734104046245,14.445030880957336,0.28901734104046245,173.0,0.021982951996410947,0.04302019315188762,629.4327335937334
our_vol3,Our vol3 STNPP-GAT-ZINB,1,2020-01-15,0.03,0.030003337607813516,1708,61.0,0.35260115606936415,0.6473988439306358,0.030003337607813516,1.5873015873015872,11.75206440957886,0.35260115606936415,11.75206440957886,0.35260115606936415,173.0,0.021836673646425366,0.04274004683840749,629.4327335937334
our_vol3,Our vol3 STNPP-GAT-ZINB,1,2020-01-15,0.04,0.04001616104836018,2278,71.0,0.41040462427745666,0.5895953757225434,0.04001616104836018,1.3852307091991025,10.25597192547971,0.41040462427745666,10.25597192547971,0.41040462427745666,173.0,0.0210667861945316,0.041264266900790166,629.4327335937334
our_vol3,Our vol3 STNPP-GAT-ZINB,1,2020-01-15,0.05,0.050011418131993605,2847,77.0,0.44508670520231214,0.5549132947976878,0.050011418131993605,1.202045037661476,8.899701744661757,0.44508670520231214,8.899701744661757,0.44508670520231214,173.0,0.021528525296017224,0.04214963119072708,629.4327335937334
our_vol3,Our vol3 STNPP-GAT-ZINB,1,2020-01-15,0.06,0.06000667521562703,3416,81.0,0.4682080924855491,0.5317919075144508,0.06000667521562703,1.053864168618267,7.802600140785964,0.4682080924855491,7.802600140785964,0.4682080924855491,173.0,0.024287856071964018,0.04742388758782201,629.4327335937334
our_vol3,Our vol3 STNPP-GAT-ZINB,1,2020-01-15,0.07,0.07000193229926045,3985,90.0,0.5202312138728323,0.47976878612716767,0.07000193229926045,1.0037641154328734,7.431669338052378,0.5202312138728323,7.431669338052378,0.5202312138728323,173.0,0.027591542031975246,0.053701380175658724,629.4327335937334
our_vol3,Our vol3 STNPP-GAT-ZINB,1,2020-01-15,0.08,0.08001475573980713,4555,95.0,0.5491329479768786,0.4508670520231214,0.08001475573980713,0.9269423100378095,6.8628960108627375,0.5491329479768786,6.8628960108627375,0.5491329479768786,173.0,0.0311262026032824,0.06037321624588365,629.4327335937334
our_vol3,Our vol3 STNPP-GAT-ZINB,1,2020-01-15,0.09,0.09001001282344055,5124,104.0,0.6011560693641619,0.3988439306358381,0.09001001282344055,0.9020730332205742,6.678768844787986,0.6011560693641619,6.678768844787986,0.6011560693641619,173.0,0.04061738424045491,0.078064012490242,629.4327335937334
our_vol3,Our vol3 STNPP-GAT-ZINB,1,2020-01-15,0.1,0.10000526990707397,5693,105.0,0.6069364161849711,0.3930635838150289,0.10000526990707397,0.8197201241290474,6.069044328853303,0.6069364161849711,6.069044328853303,0.6069364161849711,173.0,0.04814507962809537,0.0918672053398911,629.4327335937334
our_vol3,Our vol3 STNPP-GAT-ZINB,2,2020-01-29,0.01,0.010012823440546666,570,28.0,0.1564245810055866,0.8435754189944134,0.010012823440546666,2.183235867446394,15.622424777026364,0.1564245810055866,15.622424777026364,0.1564245810055866,179.0,0.025179856115107913,0.04912280701754386,1393.194094982391
our_vol3,Our vol3 STNPP-GAT-ZINB,2,2020-01-29,0.02,0.02000808052418009,1139,40.0,0.22346368715083798,0.776536312849162,0.02000808052418009,1.5608233343088478,11.168671921365895,0.22346368715083798,11.168671921365895,0.22346368715083798,179.0,0.01923937360178971,0.03775241439859526,1393.194094982391
our_vol3,Our vol3 STNPP-GAT-ZINB,2,2020-01-29,0.03,0.030003337607813516,1708,52.0,0.2905027932960894,0.7094972067039106,0.030003337607813516,1.3531095498308614,9.682349247052976,0.2905027932960894,9.682349247052976,0.2905027932960894,179.0,0.021225710014947684,0.04156908665105386,1393.194094982391
our_vol3,Our vol3 STNPP-GAT-ZINB,2,2020-01-29,0.04,0.04001616104836018,2278,68.0,0.37988826815642457,0.6201117318435754,0.04001616104836018,1.3266998341625207,9.493371133161011,0.37988826815642457,9.493371133161011,0.37988826815642457,179.0,0.021295673615781215,0.04170324846356453,1393.194094982391
our_vol3,Our vol3 STNPP-GAT-ZINB,2,2020-01-29,0.05,0.050011418131993605,2847,77.0,0.4301675977653631,0.5698324022346368,0.050011418131993605,1.202045037661476,8.601387719701028,0.4301675977653631,8.601387719701028,0.4301675977653631,179.0,0.022813005209268905,0.04460835967685283,1393.194094982391
our_vol3,Our vol3 STNPP-GAT-ZINB,2,2020-01-29,0.06,0.06000667521562703,3416,83.0,0.46368715083798884,0.5363128491620112,0.06000667521562703,1.0798855061150143,7.7272594952442,0.46368715083798884,7.7272594952442,0.46368715083798884,179.0,0.025210084033613446,0.04918032786885246,1393.194094982391
our_vol3,Our vol3 STNPP-GAT-ZINB,2,2020-01-29,0.07,0.07000193229926045,3985,91.0,0.5083798882681564,0.4916201117318436,0.07000193229926045,1.014917050048794,7.262369359960186,0.5083798882681564,7.262369359960186,0.5083798882681564,179.0,0.02838709677419355,0.05520702634880803,1393.194094982391
our_vol3,Our vol3 STNPP-GAT-ZINB,2,2020-01-29,0.08,0.08001475573980713,4555,95.0,0.5307262569832403,0.4692737430167597,0.08001475573980713,0.9269423100378095,6.632854803794713,0.5307262569832403,6.632854803794713,0.5307262569832403,179.0,0.03241160471441523,0.06278814489571899,1393.194094982391
our_vol3,Our vol3 STNPP-GAT-ZINB,2,2020-01-29,0.09,0.09001001282344055,5124,97.0,0.5418994413407822,0.45810055865921784,0.09001001282344055,0.8413565790614971,6.020435108744477,0.5418994413407822,6.020435108744477,0.5418994413407822,179.0,0.04051172707889126,0.0778688524590164,1393.194094982391
our_vol3,Our vol3 STNPP-GAT-ZINB,2,2020-01-29,0.1,0.10000526990707397,5693,106.0,0.5921787709497207,0.4078212290502793,0.10000526990707397,0.827526982454086,5.921475653232874,0.5921787709497207,5.921475653232874,0.5921787709497207,179.0,0.049691158845763805,0.09467767433690497,1393.194094982391
our_vol3,Our vol3 STNPP-GAT-ZINB,3,2020-02-12,0.01,0.010012823440546666,570,20.0,0.12578616352201258,0.8742138364779874,0.010012823440546666,1.5594541910331385,12.562506896171245,0.12578616352201258,12.562506896171245,0.12578616352201258,159.0,0.01694915254237288,0.03333333333333333,2321.76728444886
our_vol3,Our vol3 STNPP-GAT-ZINB,3,2020-02-12,0.02,0.02000808052418009,1139,41.0,0.2578616352201258,0.7421383647798743,0.02000808052418009,1.599843917666569,12.8878747218403,0.2578616352201258,12.8878747218403,0.2578616352201258,159.0,0.01923937360178971,0.03775241439859526,2321.76728444886
our_vol3,Our vol3 STNPP-GAT-ZINB,3,2020-02-12,0.03,0.030003337607813516,1708,52.0,0.3270440251572327,0.6729559748427674,0.030003337607813516,1.3531095498308614,10.900254812720014,0.3270440251572327,10.900254812720014,0.3270440251572327,159.0,0.020615476546160742,0.04039812646370024,2321.76728444886
our_vol3,Our vol3 STNPP-GAT-ZINB,3,2020-02-12,0.04,0.04001616104836018,2278,61.0,0.3836477987421384,0.6163522012578616,0.04001616104836018,1.1901277924104965,9.587321439417785,0.3836477987421384,9.587321439417785,0.3836477987421384,159.0,0.01923937360178971,0.03775241439859526,2321.76728444886
our_vol3,Our vol3 STNPP-GAT-ZINB,3,2020-02-12,0.05,0.050011418131993605,2847,65.0,0.4088050314465409,0.5911949685534591,0.050011418131993605,1.0147133434804667,8.17423393928951,0.4088050314465409,8.17423393928951,0.4088050314465409,159.0,0.01969914040114613,0.03863716192483316,2321.76728444886
our_vol3,Our vol3 STNPP-GAT-ZINB,3,2020-02-12,0.06,0.06000667521562703,3416,71.0,0.44654088050314467,0.5534591194968553,0.06000667521562703,0.9237574811345303,7.441520112530011,0.44654088050314467,7.441520112530011,0.44654088050314467,159.0,0.022907620901332536,0.04478922716627635,2321.76728444886
our_vol3,Our vol3 STNPP-GAT-ZINB,3,2020-02-12,0.07,0.07000193229926045,3985,74.0,0.46540880503144655,0.5345911949685535,0.07000193229926045,0.8253171615781403,6.648513687333791,0.46540880503144655,6.648513687333791,0.46540880503144655,159.0,0.024948559670781894,0.04868255959849435,2321.76728444886
our_vol3,Our vol3 STNPP-GAT-ZINB,3,2020-02-12,0.08,0.08001475573980713,4555,77.0,0.48427672955974843,0.5157232704402516,0.08001475573980713,0.7513111355043298,6.05234278455495,0.48427672955974843,6.05234278455495,0.48427672955974843,159.0,0.02902970744380436,0.05642151481888035,2321.76728444886
our_vol3,Our vol3 STNPP-GAT-ZINB,3,2020-02-12,0.09,0.09001001282344055,5124,87.0,0.5471698113207547,0.4528301886792453,0.09001001282344055,0.7546187874056726,6.078988260940008,0.5471698113207547,6.078988260940008,0.5471698113207547,159.0,0.03903477643718949,0.07513661202185792,2321.76728444886
our_vol3,Our vol3 STNPP-GAT-ZINB,3,2020-02-12,0.1,0.10000526990707397,5693,92.0,0.5786163522012578,0.42138364779874216,0.10000526990707397,0.7182309659035463,5.785858612640261,0.5786163522012578,5.785858612640261,0.5786163522012578,159.0,0.04804860088365243,0.09169155102757773,2321.76728444886
our_vol3,Our vol3 STNPP-GAT-ZINB,4,2020-02-26,0.01,0.010012823440546666,570,16.0,0.09523809523809523,0.9047619047619048,0.010012823440546666,1.2475633528265109,9.511612364243941,0.09523809523809523,9.511612364243941,0.09523809523809523,168.0,0.014234875444839857,0.028070175438596492,3012.595744738658
our_vol3,Our vol3 STNPP-GAT-ZINB,4,2020-02-26,0.02,0.02000808052418009,1139,26.0,0.15476190476190477,0.8452380952380952,0.02000808052418009,1.014535167300751,7.734970107445964,0.15476190476190477,7.734970107445964,0.15476190476190477,168.0,0.011994669035984007,0.02370500438981563,3012.595744738658
our_vol3,Our vol3 STNPP-GAT-ZINB,4,2020-02-26,0.03,0.030003337607813516,1708,35.0,0.20833333333333334,0.7916666666666666,0.030003337607813516,0.9107468123861566,6.94367193598751,0.20833333333333334,6.94367193598751,0.20833333333333334,168.0,0.015156017830609212,0.029859484777517563,3012.595744738658
our_vol3,Our vol3 STNPP-GAT-ZINB,4,2020-02-26,0.04,0.04001616104836018,2278,44.0,0.2619047619047619,0.7380952380952381,0.04001616104836018,0.8584528338698663,6.544974706300431,0.2619047619047619,6.544974706300431,0.2619047619047619,168.0,0.015377757967461556,0.03028972783143108,3012.595744738658
our_vol3,Our vol3 STNPP-GAT-ZINB,4,2020-02-26,0.05,0.050011418131993605,2847,54.0,0.32142857142857145,0.6785714285714286,0.050011418131993605,0.8429926238145415,6.427103718199609,0.32142857142857145,6.427103718199609,0.32142857142857145,168.0,0.018604651162790697,0.0365296803652968,3012.595744738658
our_vol3,Our vol3 STNPP-GAT-ZINB,4,2020-02-26,0.06,0.06000667521562703,3416,63.0,0.375,0.625,0.06000667521562703,0.819672131147541,6.249304742388759,0.375,6.249304742388759,0.375,168.0,0.02229537632799641,0.043618266978922716,3012.595744738658
our_vol3,Our vol3 STNPP-GAT-ZINB,4,2020-02-26,0.07,0.07000193229926045,3985,69.0,0.4107142857142857,0.5892857142857143,0.07000193229926045,0.7695524884985362,5.867184979386987,0.4107142857142857,5.867184979386987,0.4107142857142857,168.0,0.02560802985458757,0.049937264742785446,3012.595744738658
our_vol3,Our vol3 STNPP-GAT-ZINB,4,2020-02-26,0.08,0.08001475573980713,4555,75.0,0.44642857142857145,0.5535714285714286,0.08001475573980713,0.7317965605561654,5.579328053943861,0.44642857142857145,5.579328053943861,0.44642857142857145,168.0,0.028564976854465393,0.055543358946212956,3012.595744738658
our_vol3,Our vol3 STNPP-GAT-ZINB,4,2020-02-26,0.09,0.09001001282344055,5124,88.0,0.5238095238095238,0.47619047619047616,0.09001001282344055,0.7632925665712551,5.8194583844466745,0.5238095238095238,5.8194583844466745,0.5238095238095238,168.0,0.03956177723676202,0.07611241217798595,3012.595744738658
our_vol3,Our vol3 STNPP-GAT-ZINB,4,2020-02-26,0.1,0.10000526990707397,5693,92.0,0.5476190476190477,0.45238095238095233,0.10000526990707397,0.7182309659035463,5.475901901248819,0.5476190476190477,5.475901901248819,0.5476190476190477,168.0,0.04949764955295419,0.09432636571227823,3012.595744738658
our_vol3,Our vol3 STNPP-GAT-ZINB,5,2020-03-11,0.01,0.010012823440546666,570,34.0,0.20118343195266272,0.7988165680473372,0.010012823440546666,2.6510721247563356,20.092577597840755,0.20118343195266272,20.092577597840755,0.20118343195266272,169.0,0.03074141048824593,0.05964912280701754,417.22357358510504
our_vol3,Our vol3 STNPP-GAT-ZINB,5,2020-03-11,0.02,0.02000808052418009,1139,41.0,0.24260355029585798,0.757396449704142,0.02000808052418009,1.599843917666569,12.1252785844533,0.24260355029585798,12.1252785844533,0.24260355029585798,169.0,0.018783542039355994,0.03687445127304653,417.22357358510504
our_vol3,Our vol3 STNPP-GAT-ZINB,5,2020-03-11,0.03,0.030003337607813516,1708,53.0,0.3136094674556213,0.6863905325443787,0.030003337607813516,1.3791308873276087,10.452486038551612,0.3136094674556213,10.452486038551612,0.3136094674556213,169.0,0.02031063321385902,0.03981264637002342,417.22357358510504
our_vol3,Our vol3 STNPP-GAT-ZINB,5,2020-03-11,0.04,0.04001616104836018,2278,63.0,0.3727810650887574,0.6272189349112426,0.04001616104836018,1.2291483757682178,9.315762814884852,0.3727810650887574,9.315762814884852,0.3727810650887574,169.0,0.021753756447634,0.04258121158911326,417.22357358510504
our_vol3,Our vol3 STNPP-GAT-ZINB,5,2020-03-11,0.05,0.050011418131993605,2847,73.0,0.4319526627218935,0.5680473372781065,0.050011418131993605,1.1396011396011396,8.637080867850099,0.4319526627218935,8.637080867850099,0.4319526627218935,169.0,0.02336448598130841,0.045662100456621,417.22357358510504
our_vol3,Our vol3 STNPP-GAT-ZINB,5,2020-03-11,0.06,0.06000667521562703,3416,78.0,0.46153846153846156,0.5384615384615384,0.06000667521562703,1.014832162373146,7.691451990632319,0.46153846153846156,7.691451990632319,0.46153846153846156,169.0,0.026442307692307692,0.05152224824355972,417.22357358510504
our_vol3,Our vol3 STNPP-GAT-ZINB,5,2020-03-11,0.07,0.07000193229926045,3985,87.0,0.514792899408284,0.485207100591716,0.07000193229926045,0.9703053115851109,7.353981275938616,0.514792899408284,7.353981275938616,0.514792899408284,169.0,0.030381383322559793,0.05897114178168131,417.22357358510504
our_vol3,Our vol3 STNPP-GAT-ZINB,5,2020-03-11,0.08,0.08001475573980713,4555,92.0,0.5443786982248521,0.4556213017751479,0.08001475573980713,0.8976704476155629,6.803478848264797,0.5443786982248521,6.803478848264797,0.5443786982248521,169.0,0.033114084826491266,0.06410537870472009,417.22357358510504
our_vol3,Our vol3 STNPP-GAT-ZINB,5,2020-03-11,0.09,0.09001001282344055,5124,97.0,0.5739644970414202,0.42603550295857984,0.09001001282344055,0.8413565790614971,6.376673872575512,0.5739644970414202,6.376673872575512,0.5739644970414202,169.0,0.04135758561121837,0.07943013270882124,417.22357358510504
our_vol3,Our vol3 STNPP-GAT-ZINB,5,2020-03-11,0.1,0.10000526990707397,5693,102.0,0.6035502958579881,0.39644970414201186,0.10000526990707397,0.7962995491539318,6.035184909943386,0.6035502958579881,6.035184909943386,0.6035502958579881,169.0,0.05192165558019216,0.09871772352011242,417.22357358510504
our_vol3,Our vol3 STNPP-GAT-ZINB,6,2020-03-25,0.01,0.010012823440546666,570,21.0,0.12574850299401197,0.874251497005988,0.010012823440546666,1.6374269005847955,12.558745666561611,0.12574850299401197,12.558745666561611,0.12574850299401197,167.0,0.01876675603217158,0.03684210526315789,912.9677332075134
our_vol3,Our vol3 STNPP-GAT-ZINB,6,2020-03-25,0.02,0.02000808052418009,1139,31.0,0.18562874251497005,0.8143712574850299,0.02000808052418009,1.209638084089357,9.27768869635619,0.18562874251497005,9.27768869635619,0.18562874251497005,167.0,0.013796172674677348,0.027216856892010536,912.9677332075134
our_vol3,Our vol3 STNPP-GAT-ZINB,6,2020-03-25,0.03,0.030003337607813516,1708,40.0,0.23952095808383234,0.7604790419161677,0.030003337607813516,1.0408534998698933,7.983143782692227,0.23952095808383234,7.983143782692227,0.23952095808383234,167.0,0.01757521596663688,0.03454332552693208,912.9677332075134
our_vol3,Our vol3 STNPP-GAT-ZINB,6,2020-03-25,0.04,0.04001616104836018,2278,48.0,0.2874251497005988,0.7125748502994012,0.04001616104836018,0.9364940005853087,7.182726732662857,0.2874251497005988,7.182726732662857,0.2874251497005988,167.0,0.017645744918472192,0.03467954345917471,912.9677332075134
our_vol3,Our vol3 STNPP-GAT-ZINB,6,2020-03-25,0.05,0.050011418131993605,2847,55.0,0.32934131736526945,0.6706586826347305,0.050011418131993605,0.8586035983296256,6.5853225056735845,0.32934131736526945,6.5853225056735845,0.32934131736526945,167.0,0.01969914040114613,0.03863716192483316,912.9677332075134
our_vol3,Our vol3 STNPP-GAT-ZINB,6,2020-03-25,0.06,0.06000667521562703,3416,61.0,0.3652694610778443,0.6347305389221557,0.06000667521562703,0.7936507936507936,6.087147134302823,0.3652694610778443,6.087147134302823,0.3652694610778443,167.0,0.022754491017964073,0.04449648711943794,912.9677332075134
our_vol3,Our vol3 STNPP-GAT-ZINB,6,2020-03-25,0.07,0.07000193229926045,3985,69.0,0.41317365269461076,0.5868263473053892,0.07000193229926045,0.7695524884985362,5.902317823574933,0.41317365269461076,5.902317823574933,0.41317365269461076,167.0,0.027061855670103094,0.05269761606022585,912.9677332075134
our_vol3,Our vol3 STNPP-GAT-ZINB,6,2020-03-25,0.08,0.08001475573980713,4555,79.0,0.47305389221556887,0.5269461077844311,0.08001475573980713,0.7708257104524943,5.912083188179075,0.47305389221556887,5.912083188179075,0.47305389221556887,167.0,0.031242925062259452,0.06059275521405049,912.9677332075134
our_vol3,Our vol3 STNPP-GAT-ZINB,6,2020-03-25,0.09,0.09001001282344055,5124,88.0,0.5269461077844312,0.4730538922155688,0.09001001282344055,0.7632925665712551,5.8543054406409665,0.5269461077844312,5.8543054406409665,0.5269461077844312,167.0,0.03966724155422542,0.07630757220921155,912.9677332075134
our_vol3,Our vol3 STNPP-GAT-ZINB,6,2020-03-25,0.1,0.10000526990707397,5693,94.0,0.562874251497006,0.437125748502994,0.10000526990707397,0.7338446825536233,5.6284459011013634,0.562874251497006,5.6284459011013634,0.562874251497006,167.0,0.04959439528023599,0.0945020200245916,912.9677332075134
our_vol3,Our vol3 STNPP-GAT-ZINB,7,2020-04-08,0.01,0.010012823440546666,570,18.0,0.12080536912751678,0.8791946308724832,0.010012823440546666,1.4035087719298247,12.065065347933592,0.12080536912751678,12.065065347933592,0.12080536912751678,149.0,0.015138023152270703,0.02982456140350877,1428.27762134569
our_vol3,Our vol3 STNPP-GAT-ZINB,7,2020-04-08,0.02,0.02000808052418009,1139,22.0,0.1476510067114094,0.8523489932885906,0.02000808052418009,0.8584528338698663,7.379568796365587,0.1476510067114094,7.379568796365587,0.1476510067114094,149.0,0.011096316023080338,0.021949078138718173,1428.27762134569
our_vol3,Our vol3 STNPP-GAT-ZINB,7,2020-04-08,0.03,0.030003337607813516,1708,37.0,0.2483221476510067,0.7516778523489933,0.030003337607813516,0.9627894873796513,8.276484133096522,0.2483221476510067,8.276484133096522,0.2483221476510067,149.0,0.01696933611193808,0.03337236533957846,1428.27762134569
our_vol3,Our vol3 STNPP-GAT-ZINB,7,2020-04-08,0.04,0.04001616104836018,2278,50.0,0.33557046979865773,0.6644295302013423,0.04001616104836018,0.9755145839430299,8.385873632233622,0.33557046979865773,8.385873632233622,0.33557046979865773,149.0,0.017873100983020553,0.03511852502194908,1428.27762134569
our_vol3,Our vol3 STNPP-GAT-ZINB,7,2020-04-08,0.05,0.050011418131993605,2847,55.0,0.3691275167785235,0.6308724832214765,0.050011418131993605,0.8586035983296256,7.3808648217952255,0.3691275167785235,7.3808648217952255,0.3691275167785235,149.0,0.020247267514782296,0.039690902704601336,1428.27762134569
our_vol3,Our vol3 STNPP-GAT-ZINB,7,2020-04-08,0.06,0.06000667521562703,3416,59.0,0.3959731543624161,0.6040268456375839,0.06000667521562703,0.7676294561540463,6.598818430441821,0.3959731543624161,6.598818430441821,0.3959731543624161,149.0,0.023673958645489962,0.04625292740046839,1428.27762134569
our_vol3,Our vol3 STNPP-GAT-ZINB,7,2020-04-08,0.07,0.07000193229926045,3985,64.0,0.42953020134228187,0.5704697986577181,0.07000193229926045,0.7137878154189321,6.135976354281576,0.42953020134228187,6.135976354281576,0.42953020134228187,149.0,0.027194226060059286,0.05294855708908407,1428.27762134569
our_vol3,Our vol3 STNPP-GAT-ZINB,7,2020-04-08,0.08,0.08001475573980713,4555,73.0,0.4899328859060403,0.5100671140939597,0.08001475573980713,0.712281985608001,6.1230317005429535,0.4899328859060403,6.1230317005429535,0.4899328859060403,149.0,0.030309884641483827,0.0588364434687157,1428.27762134569
our_vol3,Our vol3 STNPP-GAT-ZINB,7,2020-04-08,0.09,0.09001001282344055,5124,76.0,0.5100671140939598,0.4899328859060402,0.09001001282344055,0.6592072165842657,5.666781928966988,0.5100671140939598,5.666781928966988,0.5100671140939598,149.0,0.04008931289962448,0.07708821233411398,1428.27762134569
our_vol3,Our vol3 STNPP-GAT-ZINB,7,2020-04-08,0.1,0.10000526990707397,5693,81.0,0.5436241610738255,0.4563758389261745,0.10000526990707397,0.6323555243281223,5.4359551409537445,0.5436241610738255,5.4359551409537445,0.5436241610738255,149.0,0.050659776690966135,0.09643421746003865,1428.27762134569
our_vol3,Our vol3 STNPP-GAT-ZINB,8,2020-04-22,0.01,0.010012823440546666,570,25.0,0.15151515151515152,0.8484848484848485,0.010012823440546666,1.9493177387914231,15.132110579479,0.15151515151515152,15.132110579479,0.15151515151515152,165.0,0.02242152466367713,0.043859649122807015,264.34403284053514
our_vol3,Our vol3 STNPP-GAT-ZINB,8,2020-04-22,0.02,0.02000808052418009,1139,38.0,0.23030303030303031,0.7696969696969697,0.02000808052418009,1.4827821675934054,11.510500971080427,0.23030303030303031,11.510500971080427,0.23030303030303031,165.0,0.018328118015198926,0.035996488147497806,264.34403284053514
our_vol3,Our vol3 STNPP-GAT-ZINB,8,2020-04-22,0.03,0.030003337607813516,1708,49.0,0.296969696969697,0.703030303030303,0.030003337607813516,1.2750455373406193,9.89788872329856,0.296969696969697,9.89788872329856,0.296969696969697,165.0,0.01909307875894988,0.03747072599531616,264.34403284053514
our_vol3,Our vol3 STNPP-GAT-ZINB,8,2020-04-22,0.04,0.04001616104836018,2278,59.0,0.3575757575757576,0.6424242424242423,0.04001616104836018,1.1511072090527752,8.93578364860191,0.3575757575757576,8.93578364860191,0.3575757575757576,165.0,0.020152261531571878,0.03950834064969271,264.34403284053514
our_vol3,Our vol3 STNPP-GAT-ZINB,8,2020-04-22,0.05,0.050011418131993605,2847,64.0,0.3878787878787879,0.6121212121212121,0.050011418131993605,0.9991023689653826,7.755804621558046,0.3878787878787879,7.755804621558046,0.3878787878787879,165.0,0.02189519023689878,0.04285212504390586,264.34403284053514
our_vol3,Our vol3 STNPP-GAT-ZINB,8,2020-04-22,0.06,0.06000667521562703,3416,72.0,0.43636363636363634,0.5636363636363637,0.06000667521562703,0.936768149882904,7.271918245688737,0.43636363636363634,7.271918245688737,0.43636363636363634,165.0,0.025363950172594928,0.049473067915690866,264.34403284053514
our_vol3,Our vol3 STNPP-GAT-ZINB,8,2020-04-22,0.07,0.07000193229926045,3985,77.0,0.4666666666666667,0.5333333333333333,0.07000193229926045,0.8587759654259027,6.666482643245504,0.4666666666666667,6.666482643245504,0.4666666666666667,165.0,0.028121775025799794,0.05470514429109159,264.34403284053514
our_vol3,Our vol3 STNPP-GAT-ZINB,8,2020-04-22,0.08,0.08001475573980713,4555,84.0,0.509090909090909,0.49090909090909096,0.08001475573980713,0.8196121478229053,6.362462828061071,0.509090909090909,6.362462828061071,0.509090909090909,165.0,0.03334845735027223,0.0645444566410538,264.34403284053514
our_vol3,Our vol3 STNPP-GAT-ZINB,8,2020-04-22,0.09,0.09001001282344055,5124,91.0,0.5515151515151515,0.4484848484848485,0.09001001282344055,0.7893139040680024,6.127264447756251,0.5515151515151515,6.127264447756251,0.5515151515151515,165.0,0.04051172707889126,0.0778688524590164,264.34403284053514
our_vol3,Our vol3 STNPP-GAT-ZINB,8,2020-04-22,0.1,0.10000526990707397,5693,94.0,0.5696969696969697,0.4303030303030303,0.10000526990707397,0.7338446825536233,5.69666948778138,0.5696969696969697,5.69666948778138,0.5696969696969697,165.0,0.050950710725493814,0.09696118039697875,264.34403284053514
our_vol3,Our vol3 STNPP-GAT-ZINB,9,2020-05-06,0.01,0.010012823440546666,570,23.0,0.1402439024390244,0.8597560975609756,0.010012823440546666,1.7933723196881093,14.00642918271288,0.1402439024390244,14.00642918271288,0.1402439024390244,164.0,0.020590868397493287,0.04035087719298246,332.64178159816913
our_vol3,Our vol3 STNPP-GAT-ZINB,9,2020-05-06,0.02,0.02000808052418009,1139,41.0,0.25,0.75,0.02000808052418009,1.599843917666569,12.494951712028096,0.25,12.494951712028096,0.25,164.0,0.019695613249776187,0.038630377524143986,332.64178159816913
our_vol3,Our vol3 STNPP-GAT-ZINB,9,2020-05-06,0.03,0.030003337607813516,1708,51.0,0.31097560975609756,0.6890243902439024,0.030003337607813516,1.327088212334114,10.364700548352088,0.31097560975609756,10.364700548352088,0.31097560975609756,164.0,0.020005971931919976,0.039227166276346606,332.64178159816913
our_vol3,Our vol3 STNPP-GAT-ZINB,9,2020-05-06,0.04,0.04001616104836018,2278,59.0,0.3597560975609756,0.6402439024390244,0.04001616104836018,1.1511072090527752,8.990270134264117,0.3597560975609756,8.990270134264117,0.3597560975609756,164.0,0.018555779119159403,0.036435469710272166,332.64178159816913
our_vol3,Our vol3 STNPP-GAT-ZINB,9,2020-05-06,0.05,0.050011418131993605,2847,64.0,0.3902439024390244,0.6097560975609756,0.050011418131993605,0.9991023689653826,7.803096113152913,0.3902439024390244,7.803096113152913,0.3902439024390244,164.0,0.02097902097902098,0.0410958904109589,332.64178159816913
our_vol3,Our vol3 STNPP-GAT-ZINB,9,2020-05-06,0.06,0.06000667521562703,3416,72.0,0.43902439024390244,0.5609756097560976,0.06000667521562703,0.936768149882904,7.316259210601474,0.43902439024390244,7.316259210601474,0.43902439024390244,164.0,0.02736842105263158,0.05327868852459016,332.64178159816913
our_vol3,Our vol3 STNPP-GAT-ZINB,9,2020-05-06,0.07,0.07000193229926045,3985,78.0,0.47560975609756095,0.524390243902439,0.07000193229926045,0.8699289000418235,6.79423753710561,0.47560975609756095,6.79423753710561,0.47560975609756095,164.0,0.02918388429752066,0.05671267252195734,332.64178159816913
our_vol3,Our vol3 STNPP-GAT-ZINB,9,2020-05-06,0.08,0.08001475573980713,4555,83.0,0.5060975609756098,0.49390243902439024,0.08001475573980713,0.809854860348823,6.3250528767636744,0.5060975609756098,6.3250528767636744,0.5060975609756098,164.0,0.03393485415957326,0.06564215148188804,332.64178159816913
our_vol3,Our vol3 STNPP-GAT-ZINB,9,2020-05-06,0.09,0.09001001282344055,5124,91.0,0.5548780487804879,0.44512195121951215,0.09001001282344055,0.7893139040680024,6.164625816340131,0.5548780487804879,6.164625816340131,0.5548780487804879,164.0,0.041886945912972755,0.08040593286494926,332.64178159816913
our_vol3,Our vol3 STNPP-GAT-ZINB,9,2020-05-06,0.1,0.10000526990707397,5693,99.0,0.6036585365853658,0.39634146341463417,0.10000526990707397,0.7728789741788161,6.0362672601783105,0.6036585365853658,6.0362672601783105,0.6036585365853658,164.0,0.04988473951129553,0.0950289829615317,332.64178159816913
our_vol3,Our vol3 STNPP-GAT-ZINB,10,2020-05-20,0.01,0.010012823440546666,570,26.0,0.13756613756613756,0.8624338624338624,0.010012823440546666,2.0272904483430803,13.73899563724125,0.13756613756613756,13.73899563724125,0.13756613756613756,189.0,0.02333931777378815,0.0456140350877193,656.5952128962688
our_vol3,Our vol3 STNPP-GAT-ZINB,10,2020-05-20,0.02,0.02000808052418009,1139,40.0,0.21164021164021163,0.7883597883597884,0.02000808052418009,1.5608233343088478,10.577736899071404,0.21164021164021163,10.577736899071404,0.21164021164021163,189.0,0.018328118015198926,0.035996488147497806,656.5952128962688
our_vol3,Our vol3 STNPP-GAT-ZINB,10,2020-05-20,0.03,0.030003337607813516,1708,49.0,0.25925925925925924,0.7407407407407407,0.030003337607813516,1.2750455373406193,8.641013964784456,0.25925925925925924,8.641013964784456,0.25925925925925924,189.0,0.020615476546160742,0.04039812646370024,656.5952128962688
our_vol3,Our vol3 STNPP-GAT-ZINB,10,2020-05-20,0.04,0.04001616104836018,2278,56.0,0.2962962962962963,0.7037037037037037,0.04001616104836018,1.0925763340161936,7.404415829349982,0.2962962962962963,7.404415829349982,0.2962962962962963,189.0,0.018783542039355994,0.03687445127304653,656.5952128962688
our_vol3,Our vol3 STNPP-GAT-ZINB,10,2020-05-20,0.05,0.050011418131993605,2847,62.0,0.328042328042328,0.671957671957672,0.050011418131993605,0.9678804199352143,6.5593486506728516,0.328042328042328,6.5593486506728516,0.328042328042328,189.0,0.021162123385939743,0.0414471373375483,656.5952128962688
our_vol3,Our vol3 STNPP-GAT-ZINB,10,2020-05-20,0.06,0.06000667521562703,3416,71.0,0.37566137566137564,0.6243386243386244,0.06000667521562703,0.9237574811345303,6.260326443874453,0.37566137566137564,6.260326443874453,0.37566137566137564,189.0,0.026288117770767613,0.05122950819672131,656.5952128962688
our_vol3,Our vol3 STNPP-GAT-ZINB,10,2020-05-20,0.07,0.07000193229926045,3985,77.0,0.4074074074074074,0.5925925925925926,0.07000193229926045,0.8587759654259027,5.819945164738138,0.4074074074074074,5.819945164738138,0.4074074074074074,189.0,0.029316802273020793,0.056963613550815556,656.5952128962688
our_vol3,Our vol3 STNPP-GAT-ZINB,10,2020-05-20,0.08,0.08001475573980713,4555,85.0,0.4497354497354497,0.5502645502645502,0.08001475573980713,0.8293694352969875,5.6206564098989995,0.4497354497354497,5.6206564098989995,0.4497354497354497,189.0,0.03499204726198591,0.06761800219538969,656.5952128962688
our_vol3,Our vol3 STNPP-GAT-ZINB,10,2020-05-20,0.09,0.09001001282344055,5124,92.0,0.48677248677248675,0.5132275132275133,0.09001001282344055,0.7979876832335848,5.407981528980748,0.48677248677248675,5.407981528980748,0.48677248677248675,189.0,0.042628955132770374,0.08177205308352849,656.5952128962688
our_vol3,Our vol3 STNPP-GAT-ZINB,10,2020-05-20,0.1,0.10000526990707397,5693,103.0,0.544973544973545,0.455026455026455,0.10000526990707397,0.8041064074789702,5.449448268875637,0.544973544973545,5.449448268875637,0.544973544973545,189.0,0.05308916019237884,0.10082557526787282,656.5952128962688
our_vol3,Our vol3 STNPP-GAT-ZINB,11,2020-06-03,0.01,0.010012823440546666,570,19.0,0.12258064516129032,0.8774193548387097,0.010012823440546666,1.4814814814814816,12.242365591397848,0.12258064516129032,12.242365591397848,0.12258064516129032,155.0,0.016042780748663103,0.031578947368421054,1359.6996459428854
our_vol3,Our vol3 STNPP-GAT-ZINB,11,2020-06-03,0.02,0.02000808052418009,1139,36.0,0.23225806451612904,0.7677419354838709,0.02000808052418009,1.404741000877963,11.608213203432554,0.23225806451612904,11.608213203432554,0.23225806451612904,155.0,0.016964285714285713,0.033362598770851626,1359.6996459428854
our_vol3,Our vol3 STNPP-GAT-ZINB,11,2020-06-03,0.03,0.030003337607813516,1708,46.0,0.2967741935483871,0.7032258064516129,0.030003337607813516,1.1969815248503772,9.891372667522852,0.2967741935483871,9.891372667522852,0.2967741935483871,155.0,0.01939719486720382,0.038056206088992975,1359.6996459428854
our_vol3,Our vol3 STNPP-GAT-ZINB,11,2020-06-03,0.04,0.04001616104836018,2278,53.0,0.3419354838709677,0.6580645161290323,0.04001616104836018,1.0340454589796118,8.544934719193407,0.3419354838709677,8.544934719193407,0.3419354838709677,155.0,0.019011406844106463,0.03731343283582089,1359.6996459428854
our_vol3,Our vol3 STNPP-GAT-ZINB,11,2020-06-03,0.05,0.050011418131993605,2847,58.0,0.3741935483870968,0.6258064516129032,0.050011418131993605,0.905436521874878,7.482162321402269,0.3741935483870968,7.482162321402269,0.3741935483870968,155.0,0.021528525296017224,0.04214963119072708,1359.6996459428854
our_vol3,Our vol3 STNPP-GAT-ZINB,11,2020-06-03,0.06,0.06000667521562703,3416,60.0,0.3870967741935484,0.6129032258064516,0.06000667521562703,0.78064012490242,6.450895217949686,0.3870967741935484,6.450895217949686,0.3870967741935484,155.0,0.026288117770767613,0.05122950819672131,1359.6996459428854
our_vol3,Our vol3 STNPP-GAT-ZINB,11,2020-06-03,0.07,0.07000193229926045,3985,64.0,0.4129032258064516,0.5870967741935484,0.07000193229926045,0.7137878154189321,5.898454688954548,0.4129032258064516,5.898454688954548,0.4129032258064516,155.0,0.028254418784672945,0.05495608531994981,1359.6996459428854
our_vol3,Our vol3 STNPP-GAT-ZINB,11,2020-06-03,0.08,0.08001475573980713,4555,70.0,0.45161290322580644,0.5483870967741935,0.08001475573980713,0.6830101231857544,5.644120250699338,0.45161290322580644,5.644120250699338,0.45161290322580644,155.0,0.03440445100488248,0.06652030735455543,1359.6996459428854
our_vol3,Our vol3 STNPP-GAT-ZINB,11,2020-06-03,0.09,0.09001001282344055,5124,76.0,0.49032258064516127,0.5096774193548388,0.09001001282344055,0.6592072165842657,5.447422628490846,0.49032258064516127,5.447422628490846,0.49032258064516127,155.0,0.04231082180634662,0.08118657298985169,1359.6996459428854
our_vol3,Our vol3 STNPP-GAT-ZINB,11,2020-06-03,0.1,0.10000526990707397,5693,81.0,0.5225806451612903,0.4774193548387097,0.10000526990707397,0.6323555243281223,5.225531070981341,0.5225806451612903,5.225531070981341,0.5225806451612903,155.0,0.0502721151185315,0.09573160021078518,1359.6996459428854
our_vol3,Our vol3 STNPP-GAT-ZINB,12,2020-06-17,0.01,0.010012823440546666,570,31.0,0.15121951219512195,0.848780487804878,0.010012823440546666,2.417153996101365,15.102584510055625,0.15121951219512195,15.102584510055625,0.15121951219512195,205.0,0.027953110910730387,0.054385964912280704,1839.0338415615047
our_vol3,Our vol3 STNPP-GAT-ZINB,12,2020-06-17,0.02,0.02000808052418009,1139,51.0,0.24878048780487805,0.751219512195122,0.02000808052418009,1.990049751243781,12.434000728066982,0.24878048780487805,12.434000728066982,0.24878048780487805,205.0,0.02244165170556553,0.043898156277436345,1839.0338415615047
our_vol3,Our vol3 STNPP-GAT-ZINB,12,2020-06-17,0.03,0.030003337607813516,1708,64.0,0.3121951219512195,0.6878048780487804,0.030003337607813516,1.6653655997918293,10.40534643285543,0.3121951219512195,10.40534643285543,0.3121951219512195,205.0,0.025825825825825825,0.05035128805620609,1839.0338415615047
our_vol3,Our vol3 STNPP-GAT-ZINB,12,2020-06-17,0.04,0.04001616104836018,2278,80.0,0.3902439024390244,0.6097560975609756,0.04001616104836018,1.5608233343088478,9.752157433778025,0.3902439024390244,9.752157433778025,0.3902439024390244,205.0,0.025895068678225625,0.0504828797190518,1839.0338415615047
our_vol3,Our vol3 STNPP-GAT-ZINB,12,2020-06-17,0.05,0.050011418131993605,2847,88.0,0.4292682926829268,0.5707317073170732,0.050011418131993605,1.3737657573274011,8.583405724468204,0.4292682926829268,8.583405724468204,0.4292682926829268,205.0,0.026871055004508565,0.05233579206181946,1839.0338415615047
our_vol3,Our vol3 STNPP-GAT-ZINB,12,2020-06-17,0.06,0.06000667521562703,3416,93.0,0.45365853658536587,0.5463414634146342,0.06000667521562703,1.209992193598751,7.560134517621523,0.45365853658536587,7.560134517621523,0.45365853658536587,205.0,0.031245283018867923,0.06059718969555035,1839.0338415615047
our_vol3,Our vol3 STNPP-GAT-ZINB,12,2020-06-17,0.07,0.07000193229926045,3985,96.0,0.4682926829268293,0.5317073170731708,0.07000193229926045,1.0706817231283983,6.689710805765524,0.4682926829268293,6.689710805765524,0.4682926829268293,205.0,0.0315816722754336,0.06122961104140527,1839.0338415615047
our_vol3,Our vol3 STNPP-GAT-ZINB,12,2020-06-17,0.08,0.08001475573980713,4555,102.0,0.4975609756097561,0.5024390243902439,0.08001475573980713,0.9952433223563849,6.218365237878504,0.4975609756097561,6.218365237878504,0.4975609756097561,205.0,0.03664087391898043,0.07069154774972558,1839.0338415615047
our_vol3,Our vol3 STNPP-GAT-ZINB,12,2020-06-17,0.09,0.09001001282344055,5124,109.0,0.5317073170731708,0.46829268292682924,0.09001001282344055,0.9454419290484863,5.907201881152301,0.5317073170731708,5.907201881152301,0.5317073170731708,205.0,0.04337202199144777,0.08313817330210772,1839.0338415615047
our_vol3,Our vol3 STNPP-GAT-ZINB,12,2020-06-17,0.1,0.10000526990707397,5693,113.0,0.551219512195122,0.448780487804878,0.10000526990707397,0.8821749907293557,5.511904649698176,0.551219512195122,5.511904649698176,0.551219512195122,205.0,0.05240780109067381,0.09959599508167925,1839.0338415615047
our_vol3,Our vol3 STNPP-GAT-ZINB,13,2020-07-01,0.01,0.010012823440546666,570,22.0,0.10426540284360189,0.8957345971563981,0.010012823440546666,1.7153996101364524,10.413186995925832,0.10426540284360189,10.413186995925832,0.10426540284360189,211.0,0.01967799642218247,0.03859649122807018,347.7997751054125
our_vol3,Our vol3 STNPP-GAT-ZINB,13,2020-07-01,0.02,0.02000808052418009,1139,41.0,0.1943127962085308,0.8056872037914692,0.02000808052418009,1.599843917666569,9.711716022618994,0.1943127962085308,9.711716022618994,0.1943127962085308,211.0,0.01923937360178971,0.03775241439859526,347.7997751054125
our_vol3,Our vol3 STNPP-GAT-ZINB,13,2020-07-01,0.03,0.030003337607813516,1708,49.0,0.23222748815165878,0.7677725118483412,0.030003337607813516,1.2750455373406193,7.740055162769016,0.23222748815165878,7.740055162769016,0.23222748815165878,211.0,0.0215311004784689,0.04215456674473068,347.7997751054125
our_vol3,Our vol3 STNPP-GAT-ZINB,13,2020-07-01,0.04,0.04001616104836018,2278,59.0,0.2796208530805687,0.7203791469194313,0.04001616104836018,1.1511072090527752,6.987698113835617,0.2796208530805687,6.987698113835617,0.2796208530805687,211.0,0.02336028751123091,0.0456540825285338,347.7997751054125
our_vol3,Our vol3 STNPP-GAT-ZINB,13,2020-07-01,0.05,0.050011418131993605,2847,67.0,0.3175355450236967,0.6824644549763033,0.050011418131993605,1.0459352925106349,6.349260966478392,0.3175355450236967,6.349260966478392,0.3175355450236967,211.0,0.022996766079770033,0.04495960660344222,347.7997751054125
our_vol3,Our vol3 STNPP-GAT-ZINB,13,2020-07-01,0.06,0.06000667521562703,3416,72.0,0.3412322274881517,0.6587677725118484,0.06000667521562703,0.936768149882904,5.686571139993563,0.3412322274881517,5.686571139993563,0.3412322274881517,211.0,0.028296207104154123,0.05503512880562061,347.7997751054125
our_vol3,Our vol3 STNPP-GAT-ZINB,13,2020-07-01,0.07,0.07000193229926045,3985,76.0,0.36018957345971564,0.6398104265402844,0.07000193229926045,0.8476230308099819,5.145423299458277,0.36018957345971564,5.145423299458277,0.36018957345971564,211.0,0.028519809007613885,0.05545796737766625,347.7997751054125
our_vol3,Our vol3 STNPP-GAT-ZINB,13,2020-07-01,0.08,0.08001475573980713,4555,81.0,0.38388625592417064,0.6161137440758293,0.08001475573980713,0.7903402854006586,4.797693280130683,0.38388625592417064,4.797693280130683,0.38388625592417064,211.0,0.03358293623780349,0.06498353457738748,347.7997751054125
our_vol3,Our vol3 STNPP-GAT-ZINB,13,2020-07-01,0.09,0.09001001282344055,5124,84.0,0.3981042654028436,0.6018957345971564,0.09001001282344055,0.7285974499089253,4.422888664439437,0.3981042654028436,4.422888664439437,0.3981042654028436,211.0,0.04156926516922452,0.07982045277127245,347.7997751054125
our_vol3,Our vol3 STNPP-GAT-ZINB,13,2020-07-01,0.1,0.10000526990707397,5693,90.0,0.4265402843601896,0.5734597156398105,0.10000526990707397,0.7026172492534691,4.265178072680927,0.4265402843601896,4.265178072680927,0.4265402843601896,211.0,0.048724325320070004,0.0929211312137713,347.7997751054125
our_vol3,Our vol3 STNPP-GAT-ZINB,14,2020-07-15,0.01,0.010012823440546666,570,19.0,0.10734463276836158,0.8926553672316384,0.010012823440546666,1.4814814814814816,10.720715630885122,0.10734463276836158,10.720715630885122,0.10734463276836158,177.0,0.01694915254237288,0.03333333333333333,3223.0868574129927
our_vol3,Our vol3 STNPP-GAT-ZINB,14,2020-07-15,0.02,0.02000808052418009,1139,31.0,0.1751412429378531,0.8248587570621468,0.02000808052418009,1.209638084089357,8.753525493172225,0.1751412429378531,8.753525493172225,0.1751412429378531,177.0,0.014699331848552339,0.02897278314310799,3223.0868574129927
our_vol3,Our vol3 STNPP-GAT-ZINB,14,2020-07-15,0.03,0.030003337607813516,1708,49.0,0.2768361581920904,0.7231638418079096,0.030003337607813516,1.2750455373406193,9.22684542002408,0.2768361581920904,9.22684542002408,0.2768361581920904,177.0,0.023060796645702306,0.045081967213114756,3223.0868574129927
our_vol3,Our vol3 STNPP-GAT-ZINB,14,2020-07-15,0.04,0.04001616104836018,2278,57.0,0.3220338983050847,0.6779661016949152,0.04001616104836018,1.1120866256950541,8.0475960179164,0.3220338983050847,8.0475960179164,0.3220338983050847,177.0,0.021982951996410947,0.04302019315188762,3223.0868574129927
our_vol3,Our vol3 STNPP-GAT-ZINB,14,2020-07-15,0.05,0.050011418131993605,2847,66.0,0.3728813559322034,0.6271186440677966,0.050011418131993605,1.0303243179955508,7.45592446405077,0.3728813559322034,7.45592446405077,0.3728813559322034,177.0,0.024469233537243614,0.04776958201615736,3223.0868574129927
our_vol3,Our vol3 STNPP-GAT-ZINB,14,2020-07-15,0.06,0.06000667521562703,3416,74.0,0.4180790960451977,0.5819209039548023,0.06000667521562703,0.9627894873796513,6.967209806956959,0.4180790960451977,6.967209806956959,0.4180790960451977,177.0,0.03046757164404223,0.05913348946135832,3223.0868574129927
our_vol3,Our vol3 STNPP-GAT-ZINB,14,2020-07-15,0.07,0.07000193229926045,3985,76.0,0.4293785310734463,0.5706214689265536,0.07000193229926045,0.8476230308099819,6.133809695964386,0.4293785310734463,6.133809695964386,0.4293785310734463,177.0,0.03184878301398239,0.06173149309912171,3223.0868574129927
our_vol3,Our vol3 STNPP-GAT-ZINB,14,2020-07-15,0.08,0.08001475573980713,4555,81.0,0.4576271186440678,0.5423728813559322,0.08001475573980713,0.7903402854006586,5.719284079703808,0.4576271186440678,5.719284079703808,0.4576271186440678,177.0,0.0365229263852543,0.07047200878155872,3223.0868574129927
our_vol3,Our vol3 STNPP-GAT-ZINB,14,2020-07-15,0.09,0.09001001282344055,5124,85.0,0.480225988700565,0.519774011299435,0.09001001282344055,0.7372712290745077,5.335250753075148,0.480225988700565,5.335250753075148,0.480225988700565,177.0,0.04284115192836064,0.0821623731459797,3223.0868574129927
our_vol3,Our vol3 STNPP-GAT-ZINB,14,2020-07-15,0.1,0.10000526990707397,5693,85.0,0.480225988700565,0.519774011299435,0.10000526990707397,0.6635829576282765,4.80200682570825,0.480225988700565,4.80200682570825,0.480225988700565,177.0,0.05075673680324843,0.09660987177235202,3223.0868574129927
our_vol3,Our vol3 STNPP-GAT-ZINB,15,2020-07-29,0.01,0.010012823440546666,570,21.0,0.13043478260869565,0.8695652173913043,0.010012823440546666,1.6374269005847955,13.026773455377572,0.13043478260869565,13.026773455377572,0.13043478260869565,161.0,0.01876675603217158,0.03684210526315789,956.8225208666578
our_vol3,Our vol3 STNPP-GAT-ZINB,15,2020-07-29,0.02,0.02000808052418009,1139,28.0,0.17391304347826086,0.8260869565217391,0.02000808052418009,1.0925763340161936,8.692140321410848,0.17391304347826086,8.692140321410848,0.17391304347826086,161.0,0.013345195729537367,0.02633889376646181,956.8225208666578
our_vol3,Our vol3 STNPP-GAT-ZINB,15,2020-07-29,0.03,0.030003337607813516,1708,36.0,0.2236024844720497,0.7763975155279503,0.030003337607813516,0.936768149882904,7.452587021979141,0.2236024844720497,7.452587021979141,0.2236024844720497,161.0,0.01757521596663688,0.03454332552693208,956.8225208666578
our_vol3,Our vol3 STNPP-GAT-ZINB,15,2020-07-29,0.04,0.04001616104836018,2278,41.0,0.2546583850931677,0.7453416149068324,0.04001616104836018,0.7999219588332845,6.363888449604371,0.2546583850931677,6.363888449604371,0.2546583850931677,161.0,0.01719133735208752,0.033801580333625986,956.8225208666578
our_vol3,Our vol3 STNPP-GAT-ZINB,15,2020-07-29,0.05,0.050011418131993605,2847,49.0,0.30434782608695654,0.6956521739130435,0.050011418131993605,0.764937751239121,6.085566805638277,0.30434782608695654,6.085566805638277,0.30434782608695654,161.0,0.0200644930132569,0.03933965577801194,956.8225208666578
our_vol3,Our vol3 STNPP-GAT-ZINB,15,2020-07-29,0.06,0.06000667521562703,3416,54.0,0.33540372670807456,0.6645962732919255,0.06000667521562703,0.702576112412178,5.589440266484356,0.33540372670807456,5.589440266484356,0.33540372670807456,161.0,0.023673958645489962,0.04625292740046839,956.8225208666578
our_vol3,Our vol3 STNPP-GAT-ZINB,15,2020-07-29,0.07,0.07000193229926045,3985,61.0,0.37888198757763975,0.6211180124223603,0.07000193229926045,0.6803290115711698,5.412450415767202,0.37888198757763975,5.412450415767202,0.37888198757763975,161.0,0.028254418784672945,0.05495608531994981,956.8225208666578
our_vol3,Our vol3 STNPP-GAT-ZINB,15,2020-07-29,0.08,0.08001475573980713,4555,68.0,0.422360248447205,0.577639751552795,0.08001475573980713,0.6634955482375899,5.278529497992105,0.422360248447205,5.278529497992105,0.422360248447205,161.0,0.032879818594104306,0.06366630076838639,956.8225208666578
our_vol3,Our vol3 STNPP-GAT-ZINB,15,2020-07-29,0.09,0.09001001282344055,5124,75.0,0.4658385093167702,0.5341614906832298,0.09001001282344055,0.6505334374186833,5.175407654152181,0.4658385093167702,5.175407654152181,0.4658385093167702,161.0,0.04167513722301281,0.08001561280249805,956.8225208666578
our_vol3,Our vol3 STNPP-GAT-ZINB,15,2020-07-29,0.1,0.10000526990707397,5693,83.0,0.515527950310559,0.484472049689441,0.10000526990707397,0.6479692409781993,5.15500783898282,0.515527950310559,5.15500783898282,0.515527950310559,161.0,0.0502721151185315,0.09573160021078518,956.8225208666578
our_vol3,Our vol3 STNPP-GAT-ZINB,16,2020-08-12,0.01,0.010012823440546666,570,18.0,0.11612903225806452,0.8838709677419355,0.010012823440546666,1.4035087719298247,11.598030560271647,0.11612903225806452,11.598030560271647,0.11612903225806452,155.0,0.016042780748663103,0.031578947368421054,489.71555835316747
our_vol3,Our vol3 STNPP-GAT-ZINB,16,2020-08-12,0.02,0.02000808052418009,1139,32.0,0.2064516129032258,0.7935483870967742,0.02000808052418009,1.2486586674470783,10.318411736384492,0.2064516129032258,10.318411736384492,0.2064516129032258,155.0,0.01560410164957646,0.030728709394205442,489.71555835316747
our_vol3,Our vol3 STNPP-GAT-ZINB,16,2020-08-12,0.03,0.030003337607813516,1708,40.0,0.25806451612903225,0.7419354838709677,0.030003337607813516,1.0408534998698933,8.601193623932915,0.25806451612903225,8.601193623932915,0.25806451612903225,155.0,0.01636417732817614,0.032201405152224825,489.71555835316747
our_vol3,Our vol3 STNPP-GAT-ZINB,16,2020-08-12,0.04,0.04001616104836018,2278,51.0,0.32903225806451614,0.6709677419354838,0.04001616104836018,0.9950248756218905,8.222484352431392,0.32903225806451614,8.222484352431392,0.32903225806451614,155.0,0.017645744918472192,0.03467954345917471,489.71555835316747
our_vol3,Our vol3 STNPP-GAT-ZINB,16,2020-08-12,0.05,0.050011418131993605,2847,57.0,0.36774193548387096,0.6322580645161291,0.050011418131993605,0.8898255473597939,7.353159522757402,0.36774193548387096,7.353159522757402,0.36774193548387096,155.0,0.01933404940923738,0.037934668071654375,489.71555835316747
our_vol3,Our vol3 STNPP-GAT-ZINB,16,2020-08-12,0.06,0.06000667521562703,3416,59.0,0.38064516129032255,0.6193548387096774,0.06000667521562703,0.7676294561540463,6.3433802976505245,0.38064516129032255,6.3433802976505245,0.38064516129032255,155.0,0.023367285799880167,0.04566744730679157,489.71555835316747
our_vol3,Our vol3 STNPP-GAT-ZINB,16,2020-08-12,0.07,0.07000193229926045,3985,66.0,0.4258064516129032,0.5741935483870968,0.07000193229926045,0.7360936846507737,6.082781397984377,0.4258064516129032,6.082781397984377,0.4258064516129032,155.0,0.026664949117609173,0.05194479297365119,489.71555835316747
our_vol3,Our vol3 STNPP-GAT-ZINB,16,2020-08-12,0.08,0.08001475573980713,4555,77.0,0.4967741935483871,0.5032258064516129,0.08001475573980713,0.7513111355043298,6.208532275769271,0.4967741935483871,6.208532275769271,0.4967741935483871,155.0,0.03194381513366561,0.061909989023051594,489.71555835316747
our_vol3,Our vol3 STNPP-GAT-ZINB,16,2020-08-12,0.09,0.09001001282344055,5124,83.0,0.535483870967742,0.46451612903225803,0.09001001282344055,0.7199236707433428,5.949158923220266,0.535483870967742,5.949158923220266,0.535483870967742,155.0,0.041463414634146344,0.07962529274004684,489.71555835316747
our_vol3,Our vol3 STNPP-GAT-ZINB,16,2020-08-12,0.1,0.10000526990707397,5693,84.0,0.5419354838709678,0.4580645161290322,0.10000526990707397,0.6557760993032379,5.419069258795465,0.5419354838709678,5.419069258795465,0.5419354838709678,155.0,0.04988473951129553,0.0950289829615317,489.71555835316747
our_vol3,Our vol3 STNPP-GAT-ZINB,17,2020-08-26,0.01,0.010012823440546666,570,19.0,0.11377245508982035,0.8862275449101796,0.010012823440546666,1.4814814814814816,11.362674650698601,0.11377245508982035,11.362674650698601,0.11377245508982035,167.0,0.01694915254237288,0.03333333333333333,265.0667468822078
our_vol3,Our vol3 STNPP-GAT-ZINB,17,2020-08-26,0.02,0.02000808052418009,1139,39.0,0.23353293413173654,0.7664670658682635,0.02000808052418009,1.5218027509511267,11.671930940577143,0.23353293413173654,11.671930940577143,0.23353293413173654,167.0,0.017418490397498883,0.03424056189640035,265.0667468822078
our_vol3,Our vol3 STNPP-GAT-ZINB,17,2020-08-26,0.03,0.030003337607813516,1708,49.0,0.2934131736526946,0.7065868263473054,0.030003337607813516,1.2750455373406193,9.779351133797977,0.2934131736526946,9.779351133797977,0.2934131736526946,167.0,0.017272185824895772,0.03395784543325527,265.0667468822078
our_vol3,Our vol3 STNPP-GAT-ZINB,17,2020-08-26,0.04,0.04001616104836018,2278,58.0,0.3473053892215569,0.652694610778443,0.04001616104836018,1.1315969173739147,8.679128135300953,0.3473053892215569,8.679128135300953,0.3473053892215569,167.0,0.016964285714285713,0.033362598770851626,265.0667468822078
our_vol3,Our vol3 STNPP-GAT-ZINB,17,2020-08-26,0.05,0.050011418131993605,2847,62.0,0.3712574850299401,0.6287425149700598,0.050011418131993605,0.9678804199352143,7.423454460941131,0.3712574850299401,7.423454460941131,0.3712574850299401,167.0,0.018240343347639486,0.03582718651211802,265.0667468822078
our_vol3,Our vol3 STNPP-GAT-ZINB,17,2020-08-26,0.06,0.06000667521562703,3416,66.0,0.39520958083832336,0.6047904191616766,0.06000667521562703,0.8587041373926619,6.586093620721087,0.39520958083832336,6.586093620721087,0.39520958083832336,167.0,0.023673958645489962,0.04625292740046839,265.0667468822078
our_vol3,Our vol3 STNPP-GAT-ZINB,17,2020-08-26,0.07,0.07000193229926045,3985,70.0,0.41916167664670656,0.5808383233532934,0.07000193229926045,0.780705423114457,5.987858661597758,0.41916167664670656,5.987858661597758,0.41916167664670656,167.0,0.026136217329728338,0.05094102885821832,265.0667468822078
our_vol3,Our vol3 STNPP-GAT-ZINB,17,2020-08-26,0.08,0.08001475573980713,4555,73.0,0.437125748502994,0.562874251497006,0.08001475573980713,0.712281985608001,5.463064211861677,0.437125748502994,5.463064211861677,0.437125748502994,167.0,0.031593251047446494,0.06125137211855104,265.0667468822078
our_vol3,Our vol3 STNPP-GAT-ZINB,17,2020-08-26,0.09,0.09001001282344055,5124,78.0,0.46706586826347307,0.5329341317365269,0.09001001282344055,0.6765547749154306,5.189043458749947,0.46706586826347307,5.189043458749947,0.46706586826347307,167.0,0.040300477108922955,0.07747853239656519,265.0667468822078
our_vol3,Our vol3 STNPP-GAT-ZINB,17,2020-08-26,0.1,0.10000526990707397,5693,82.0,0.49101796407185627,0.5089820359281437,0.10000526990707397,0.6401623826531608,4.909920892450125,0.49101796407185627,4.909920892450125,0.49101796407185627,167.0,0.04775927118800037,0.09116458809063763,265.0667468822078
our_vol3,Our vol3 STNPP-GAT-ZINB,18,2020-09-09,0.01,0.010012823440546666,570,14.0,0.0979020979020979,0.9020979020979021,0.010012823440546666,1.091617933723197,9.777671451355662,0.0979020979020979,9.777671451355662,0.0979020979020979,143.0,0.012433392539964476,0.02456140350877193,1388.7892974402139
our_vol3,Our vol3 STNPP-GAT-ZINB,18,2020-09-09,0.02,0.02000808052418009,1139,24.0,0.16783216783216784,0.8321678321678322,0.02000808052418009,0.9364940005853087,8.38821933115173,0.16783216783216784,8.38821933115173,0.16783216783216784,143.0,0.011545293072824156,0.0228270412642669,1388.7892974402139
our_vol3,Our vol3 STNPP-GAT-ZINB,18,2020-09-09,0.03,0.030003337607813516,1708,30.0,0.2097902097902098,0.7902097902097902,0.030003337607813516,0.78064012490242,6.992229082393017,0.2097902097902098,6.992229082393017,0.2097902097902098,143.0,0.013649851632047478,0.026932084309133488,1388.7892974402139
our_vol3,Our vol3 STNPP-GAT-ZINB,18,2020-09-09,0.04,0.04001616104836018,2278,37.0,0.25874125874125875,0.7412587412587412,0.04001616104836018,0.7218807921178422,6.4659190677627905,0.25874125874125875,6.4659190677627905,0.25874125874125875,143.0,0.012894619831036016,0.025460930640913083,1388.7892974402139
our_vol3,Our vol3 STNPP-GAT-ZINB,18,2020-09-09,0.05,0.050011418131993605,2847,43.0,0.3006993006993007,0.6993006993006994,0.050011418131993605,0.6712719041486165,6.012612957818437,0.3006993006993007,6.012612957818437,0.3006993006993007,143.0,0.01696731559207001,0.033368458025992274,1388.7892974402139
our_vol3,Our vol3 STNPP-GAT-ZINB,18,2020-09-09,0.06,0.06000667521562703,3416,48.0,0.3356643356643357,0.6643356643356644,0.06000667521562703,0.624512099921936,5.593783265914413,0.3356643356643357,5.593783265914413,0.3356643356643357,143.0,0.021073083246151546,0.041276346604215454,1388.7892974402139
our_vol3,Our vol3 STNPP-GAT-ZINB,18,2020-09-09,0.07,0.07000193229926045,3985,53.0,0.3706293706293706,0.6293706293706294,0.07000193229926045,0.5911055346438032,5.294559142237938,0.3706293706293706,5.294559142237938,0.3706293706293706,143.0,0.0252122459480319,0.04918444165621079,1388.7892974402139
our_vol3,Our vol3 STNPP-GAT-ZINB,18,2020-09-09,0.08,0.08001475573980713,4555,62.0,0.43356643356643354,0.5664335664335665,0.08001475573980713,0.6049518233930967,5.418580979942121,0.43356643356643354,5.418580979942121,0.43356643356643354,143.0,0.030542986425339366,0.059275521405049394,1388.7892974402139
our_vol3,Our vol3 STNPP-GAT-ZINB,18,2020-09-09,0.09,0.09001001282344055,5124,69.0,0.4825174825174825,0.5174825174825175,0.09001001282344055,0.5984907624251886,5.360708963167979,0.4825174825174825,5.360708963167979,0.4825174825174825,143.0,0.03882412569690826,0.07474629195940671,1388.7892974402139
our_vol3,Our vol3 STNPP-GAT-ZINB,18,2020-09-09,0.1,0.10000526990707397,5693,72.0,0.5034965034965035,0.49650349650349646,0.10000526990707397,0.5620937994027754,5.034699710968814,0.5034965034965035,5.034699710968814,0.5034965034965035,143.0,0.047855696668507273,0.091340242402951,1388.7892974402139
our_vol3,Our vol3 STNPP-GAT-ZINB,19,2020-09-23,0.01,0.010012823440546666,570,18.0,0.11920529801324503,0.880794701986755,0.010012823440546666,1.4035087719298247,11.905263157894735,0.11920529801324503,11.905263157894735,0.11920529801324503,151.0,0.016042780748663103,0.031578947368421054,447.49756901137494
our_vol3,Our vol3 STNPP-GAT-ZINB,19,2020-09-23,0.02,0.02000808052418009,1139,30.0,0.1986754966887417,0.8013245033112583,0.02000808052418009,1.170617500731636,9.929762949956102,0.1986754966887417,9.929762949956102,0.1986754966887417,151.0,0.012894619831036016,0.025460930640913083,447.49756901137494
our_vol3,Our vol3 STNPP-GAT-ZINB,19,2020-09-23,0.03,0.030003337607813516,1708,39.0,0.2582781456953642,0.7417218543046358,0.030003337607813516,1.014832162373146,8.60831381733021,0.2582781456953642,8.60831381733021,0.2582781456953642,151.0,0.017272185824895772,0.03395784543325527,447.49756901137494
our_vol3,Our vol3 STNPP-GAT-ZINB,19,2020-09-23,0.04,0.04001616104836018,2278,48.0,0.31788079470198677,0.6821192052980132,0.04001616104836018,0.9364940005853087,7.943810359964882,0.31788079470198677,7.943810359964882,0.31788079470198677,151.0,0.016283738567923266,0.03204565408252853,447.49756901137494
our_vol3,Our vol3 STNPP-GAT-ZINB,19,2020-09-23,0.05,0.050011418131993605,2847,52.0,0.3443708609271523,0.6556291390728477,0.050011418131993605,0.8117706747843734,6.885844748858447,0.3443708609271523,6.885844748858447,0.3443708609271523,151.0,0.01787629603146228,0.035124692658939236,447.49756901137494
our_vol3,Our vol3 STNPP-GAT-ZINB,19,2020-09-23,0.06,0.06000667521562703,3416,60.0,0.3973509933774834,0.6026490066225165,0.06000667521562703,0.78064012490242,6.621779859484777,0.3973509933774834,6.621779859484777,0.3973509933774834,151.0,0.023673958645489962,0.04625292740046839,447.49756901137494
our_vol3,Our vol3 STNPP-GAT-ZINB,19,2020-09-23,0.07,0.07000193229926045,3985,65.0,0.4304635761589404,0.5695364238410596,0.07000193229926045,0.7249407500348529,6.14930991217064,0.4304635761589404,6.14930991217064,0.4304635761589404,151.0,0.026136217329728338,0.05094102885821832,447.49756901137494
our_vol3,Our vol3 STNPP-GAT-ZINB,19,2020-09-23,0.08,0.08001475573980713,4555,66.0,0.4370860927152318,0.5629139072847682,0.08001475573980713,0.6439809732894256,5.462568605927552,0.4370860927152318,5.462568605927552,0.4370860927152318,151.0,0.032060722782372264,0.062129527991218444,447.49756901137494
our_vol3,Our vol3 STNPP-GAT-ZINB,19,2020-09-23,0.09,0.09001001282344055,5124,72.0,0.4768211920529801,0.5231788079470199,0.09001001282344055,0.6245120999219359,5.297423887587821,0.4768211920529801,5.297423887587821,0.4768211920529801,151.0,0.038403080352619315,0.07396565183450429,447.49756901137494
our_vol3,Our vol3 STNPP-GAT-ZINB,19,2020-09-23,0.1,0.10000526990707397,5693,73.0,0.48344370860927155,0.5165562913907285,0.10000526990707397,0.5699006577278138,4.834182329176182,0.48344370860927155,4.834182329176182,0.48344370860927155,151.0,0.04853117229947509,0.09256982258914456,447.49756901137494
our_vol3,Our vol3 STNPP-GAT-ZINB,20,2020-10-07,0.01,0.010012823440546666,570,20.0,0.13245033112582782,0.8675496688741722,0.010012823440546666,1.5594541910331385,13.228070175438596,0.13245033112582782,13.228070175438596,0.13245033112582782,151.0,0.01694915254237288,0.03333333333333333,756.3807389930527
our_vol3,Our vol3 STNPP-GAT-ZINB,20,2020-10-07,0.02,0.02000808052418009,1139,27.0,0.17880794701986755,0.8211920529801324,0.02000808052418009,1.0535557506584723,8.936786654960493,0.17880794701986755,8.936786654960493,0.17880794701986755,151.0,0.011994669035984007,0.02370500438981563,756.3807389930527
our_vol3,Our vol3 STNPP-GAT-ZINB,20,2020-10-07,0.03,0.030003337607813516,1708,37.0,0.24503311258278146,0.7549668874172185,0.030003337607813516,0.9627894873796513,8.166861826697891,0.24503311258278146,8.166861826697891,0.24503311258278146,151.0,0.01757521596663688,0.03454332552693208,756.3807389930527
our_vol3,Our vol3 STNPP-GAT-ZINB,20,2020-10-07,0.04,0.04001616104836018,2278,49.0,0.32450331125827814,0.6754966887417219,0.04001616104836018,0.9560042922641693,8.109306409130816,0.32450331125827814,8.109306409130816,0.32450331125827814,151.0,0.017418490397498883,0.03424056189640035,756.3807389930527
our_vol3,Our vol3 STNPP-GAT-ZINB,20,2020-10-07,0.05,0.050011418131993605,2847,58.0,0.3841059602649007,0.6158940397350994,0.050011418131993605,0.905436521874878,7.680365296803654,0.3841059602649007,7.680365296803654,0.3841059602649007,151.0,0.01896921975662133,0.03723217421847559,756.3807389930527
our_vol3,Our vol3 STNPP-GAT-ZINB,20,2020-10-07,0.06,0.06000667521562703,3416,63.0,0.41721854304635764,0.5827814569536424,0.06000667521562703,0.819672131147541,6.952868852459017,0.41721854304635764,6.952868852459017,0.41721854304635764,151.0,0.023060796645702306,0.045081967213114756,756.3807389930527
our_vol3,Our vol3 STNPP-GAT-ZINB,20,2020-10-07,0.07,0.07000193229926045,3985,70.0,0.46357615894039733,0.5364238410596027,0.07000193229926045,0.780705423114457,6.622333751568381,0.46357615894039733,6.622333751568381,0.46357615894039733,151.0,0.02574002574002574,0.050188205771643665,756.3807389930527
our_vol3,Our vol3 STNPP-GAT-ZINB,20,2020-10-07,0.08,0.08001475573980713,4555,72.0,0.4768211920529801,0.5231788079470199,0.08001475573980713,0.7025246981339188,5.959165751920966,0.4768211920529801,5.959165751920966,0.4768211920529801,151.0,0.0301933732896076,0.05861690450054885,756.3807389930527
our_vol3,Our vol3 STNPP-GAT-ZINB,20,2020-10-07,0.09,0.09001001282344055,5124,79.0,0.5231788079470199,0.4768211920529801,0.09001001282344055,0.685228554081013,5.812451209992194,0.5231788079470199,5.812451209992194,0.5231788079470199,151.0,0.037456975096173316,0.07220921155347385,756.3807389930527
our_vol3,Our vol3 STNPP-GAT-ZINB,20,2020-10-07,0.1,0.10000526990707397,5693,82.0,0.543046357615894,0.45695364238410596,0.10000526990707397,0.6401623826531608,5.430177410855437,0.543046357615894,5.430177410855437,0.543046357615894,151.0,0.04756647345661975,0.0908132794660109,756.3807389930527
our_vol3,Our vol3 STNPP-GAT-ZINB,21,2020-10-21,0.01,0.010012823440546666,570,25.0,0.14367816091954022,0.8563218390804598,0.010012823440546666,1.9493177387914231,14.34941520467836,0.14367816091954022,14.34941520467836,0.14367816091954022,174.0,0.01967799642218247,0.03859649122807018,1799.3706494475546
our_vol3,Our vol3 STNPP-GAT-ZINB,21,2020-10-21,0.02,0.02000808052418009,1139,41.0,0.23563218390804597,0.764367816091954,0.02000808052418009,1.599843917666569,11.776851038923033,0.23563218390804597,11.776851038923033,0.23563218390804597,174.0,0.016964285714285713,0.033362598770851626,1799.3706494475546
our_vol3,Our vol3 STNPP-GAT-ZINB,21,2020-10-21,0.03,0.030003337607813516,1708,49.0,0.28160919540229884,0.7183908045977012,0.030003337607813516,1.2750455373406193,9.385928961748633,0.28160919540229884,9.385928961748633,0.28160919540229884,174.0,0.019701492537313434,0.03864168618266979,1799.3706494475546
our_vol3,Our vol3 STNPP-GAT-ZINB,21,2020-10-21,0.04,0.04001616104836018,2278,57.0,0.3275862068965517,0.6724137931034483,0.04001616104836018,1.1120866256950541,8.186347673397718,0.3275862068965517,8.186347673397718,0.3275862068965517,174.0,0.019695613249776187,0.038630377524143986,1799.3706494475546
our_vol3,Our vol3 STNPP-GAT-ZINB,21,2020-10-21,0.05,0.050011418131993605,2847,63.0,0.3620689655172414,0.6379310344827587,0.050011418131993605,0.9834913944502985,7.239726027397261,0.3620689655172414,7.239726027397261,0.3620689655172414,174.0,0.021345291479820627,0.04179838426413769,1799.3706494475546
our_vol3,Our vol3 STNPP-GAT-ZINB,21,2020-10-21,0.06,0.06000667521562703,3416,72.0,0.41379310344827586,0.5862068965517242,0.06000667521562703,0.936768149882904,6.895784543325527,0.41379310344827586,6.895784543325527,0.41379310344827586,174.0,0.025671821047890706,0.05005854800936768,1799.3706494475546
our_vol3,Our vol3 STNPP-GAT-ZINB,21,2020-10-21,0.07,0.07000193229926045,3985,83.0,0.47701149425287354,0.5229885057471264,0.07000193229926045,0.9256935731214276,6.814261815140108,0.47701149425287354,6.814261815140108,0.47701149425287354,174.0,0.02878533625919711,0.05595984943538269,1799.3706494475546
our_vol3,Our vol3 STNPP-GAT-ZINB,21,2020-10-21,0.08,0.08001475573980713,4555,90.0,0.5172413793103449,0.48275862068965514,0.08001475573980713,0.8781558726673985,6.464324917672887,0.5172413793103449,6.464324917672887,0.5172413793103449,174.0,0.033114084826491266,0.06410537870472009,1799.3706494475546
our_vol3,Our vol3 STNPP-GAT-ZINB,21,2020-10-21,0.09,0.09001001282344055,5124,94.0,0.5402298850574713,0.45977011494252873,0.09001001282344055,0.8153352415647497,6.001886546968514,0.5402298850574713,6.001886546968514,0.5402298850574713,174.0,0.038403080352619315,0.07396565183450429,1799.3706494475546
our_vol3,Our vol3 STNPP-GAT-ZINB,21,2020-10-21,0.1,0.10000526990707397,5693,102.0,0.5862068965517241,0.4137931034482759,0.10000526990707397,0.7962995491539318,5.86176005620938,0.5862068965517241,5.86176005620938,0.5862068965517241,174.0,0.047952139898757476,0.09151589671526436,1799.3706494475546
our_vol3,Our vol3 STNPP-GAT-ZINB,22,2020-11-04,0.01,0.010012823440546666,570,17.0,0.10303030303030303,0.896969696969697,0.010012823440546666,1.3255360623781678,10.28983519404572,0.10303030303030303,10.28983519404572,0.10303030303030303,165.0,0.014234875444839857,0.028070175438596492,894.0590072709225
our_vol3,Our vol3 STNPP-GAT-ZINB,22,2020-11-04,0.02,0.02000808052418009,1139,31.0,0.18787878787878787,0.8121212121212121,0.02000808052418009,1.209638084089357,9.390145529039295,0.18787878787878787,9.390145529039295,0.18787878787878787,165.0,0.013796172674677348,0.027216856892010536,894.0590072709225
our_vol3,Our vol3 STNPP-GAT-ZINB,22,2020-11-04,0.03,0.030003337607813516,1708,41.0,0.24848484848484848,0.7515151515151515,0.030003337607813516,1.0668748373666406,8.281906890923285,0.24848484848484848,8.281906890923285,0.24848484848484848,165.0,0.018485390578413835,0.03629976580796253,894.0590072709225
our_vol3,Our vol3 STNPP-GAT-ZINB,22,2020-11-04,0.04,0.04001616104836018,2278,50.0,0.30303030303030304,0.696969696969697,0.04001616104836018,0.9755145839430299,7.572698007289755,0.30303030303030304,7.572698007289755,0.30303030303030304,165.0,0.018555779119159403,0.036435469710272166,894.0590072709225
our_vol3,Our vol3 STNPP-GAT-ZINB,22,2020-11-04,0.05,0.050011418131993605,2847,59.0,0.3575757575757576,0.6424242424242423,0.050011418131993605,0.9210474963899621,7.149882385498825,0.3575757575757576,7.149882385498825,0.3575757575757576,165.0,0.02244568145088885,0.04390586582367404,894.0590072709225
our_vol3,Our vol3 STNPP-GAT-ZINB,22,2020-11-04,0.06,0.06000667521562703,3416,63.0,0.38181818181818183,0.6181818181818182,0.06000667521562703,0.819672131147541,6.362928464977646,0.38181818181818183,6.362928464977646,0.38181818181818183,165.0,0.025979876858387145,0.0506440281030445,894.0590072709225
our_vol3,Our vol3 STNPP-GAT-ZINB,22,2020-11-04,0.07,0.07000193229926045,3985,66.0,0.4,0.6,0.07000193229926045,0.7360936846507737,5.714127979924719,0.4,5.714127979924719,0.4,165.0,0.03011503166602042,0.05846925972396487,894.0590072709225
our_vol3,Our vol3 STNPP-GAT-ZINB,22,2020-11-04,0.08,0.08001475573980713,4555,71.0,0.4303030303030303,0.5696969696969697,0.08001475573980713,0.6927674106598366,5.377795961813525,0.4303030303030303,5.377795961813525,0.4303030303030303,165.0,0.035580311469819256,0.06871569703622393,894.0590072709225
our_vol3,Our vol3 STNPP-GAT-ZINB,22,2020-11-04,0.09,0.09001001282344055,5124,77.0,0.4666666666666667,0.5333333333333333,0.09001001282344055,0.6678809957498482,5.184608378870673,0.4666666666666667,5.184608378870673,0.4666666666666667,165.0,0.04167513722301281,0.08001561280249805,894.0590072709225
our_vol3,Our vol3 STNPP-GAT-ZINB,22,2020-11-04,0.1,0.10000526990707397,5693,83.0,0.503030303030303,0.49696969696969695,0.10000526990707397,0.6479692409781993,5.030037951977176,0.503030303030303,5.030037951977176,0.503030303030303,165.0,0.051727323111029004,0.09836641489548568,894.0590072709225
our_vol3,Our vol3 STNPP-GAT-ZINB,23,2020-11-18,0.01,0.010012823440546666,570,22.0,0.11578947368421053,0.8842105263157894,0.010012823440546666,1.7153996101364524,11.564118190212373,0.11578947368421053,11.564118190212373,0.11578947368421053,190.0,0.016042780748663103,0.031578947368421054,874.4192520961941
our_vol3,Our vol3 STNPP-GAT-ZINB,23,2020-11-18,0.02,0.02000808052418009,1139,35.0,0.18421052631578946,0.8157894736842105,0.02000808052418009,1.3657204175202418,9.206806524652281,0.18421052631578946,9.206806524652281,0.18421052631578946,190.0,0.013345195729537367,0.02633889376646181,874.4192520961941
our_vol3,Our vol3 STNPP-GAT-ZINB,23,2020-11-18,0.03,0.030003337607813516,1708,46.0,0.24210526315789474,0.7578947368421053,0.030003337607813516,1.1969815248503772,8.069277702452853,0.24210526315789474,8.069277702452853,0.24210526315789474,190.0,0.018789144050104383,0.036885245901639344,874.4192520961941
our_vol3,Our vol3 STNPP-GAT-ZINB,23,2020-11-18,0.04,0.04001616104836018,2278,54.0,0.28421052631578947,0.7157894736842105,0.04001616104836018,1.0535557506584723,7.102393604731759,0.28421052631578947,7.102393604731759,0.28421052631578947,190.0,0.018328118015198926,0.035996488147497806,874.4192520961941
our_vol3,Our vol3 STNPP-GAT-ZINB,23,2020-11-18,0.05,0.050011418131993605,2847,61.0,0.32105263157894737,0.6789473684210526,0.050011418131993605,0.9522694454201303,6.419586637827446,0.32105263157894737,6.419586637827446,0.32105263157894737,190.0,0.021345291479820627,0.04179838426413769,874.4192520961941
our_vol3,Our vol3 STNPP-GAT-ZINB,23,2020-11-18,0.06,0.06000667521562703,3416,73.0,0.38421052631578945,0.6157894736842106,0.06000667521562703,0.9497788186312777,6.402796437815851,0.38421052631578945,6.402796437815851,0.38421052631578945,190.0,0.02783210470889123,0.054156908665105384,874.4192520961941
our_vol3,Our vol3 STNPP-GAT-ZINB,23,2020-11-18,0.07,0.07000193229926045,3985,85.0,0.4473684210526316,0.5526315789473684,0.07000193229926045,0.9479994423532693,6.390801030178961,0.4473684210526316,6.390801030178961,0.4473684210526316,190.0,0.029449754585378456,0.057214554579673775,874.4192520961941
our_vol3,Our vol3 STNPP-GAT-ZINB,23,2020-11-18,0.08,0.08001475573980713,4555,96.0,0.5052631578947369,0.49473684210526314,0.08001475573980713,0.9366995975118917,6.314624761684673,0.5052631578947369,6.314624761684673,0.5052631578947369,190.0,0.03675884829862296,0.07091108671789242,874.4192520961941
our_vol3,Our vol3 STNPP-GAT-ZINB,23,2020-11-18,0.09,0.09001001282344055,5124,100.0,0.5263157894736842,0.4736842105263158,0.09001001282344055,0.8673779165582444,5.847302682936849,0.5263157894736842,5.847302682936849,0.5263157894736842,190.0,0.043584521384928715,0.08352849336455893,874.4192520961941
our_vol3,Our vol3 STNPP-GAT-ZINB,23,2020-11-18,0.1,0.10000526990707397,5693,104.0,0.5473684210526316,0.4526315789473684,0.10000526990707397,0.8119132658040088,5.47339576765557,0.5473684210526316,5.47339576765557,0.5473684210526316,190.0,0.05231053604436229,0.09942034076936589,874.4192520961941
our_vol3,Our vol3 STNPP-GAT-ZINB,24,2020-12-02,0.01,0.010012823440546666,570,37.0,0.193717277486911,0.806282722513089,0.010012823440546666,2.8849902534113063,19.34691834297786,0.193717277486911,19.34691834297786,0.193717277486911,191.0,0.03074141048824593,0.05964912280701754,222.75175482570472
our_vol3,Our vol3 STNPP-GAT-ZINB,24,2020-12-02,0.02,0.02000808052418009,1139,51.0,0.2670157068062827,0.7329842931937173,0.02000808052418009,1.990049751243781,13.345393451590217,0.2670157068062827,13.345393451590217,0.2670157068062827,191.0,0.021524663677130046,0.04214223002633889,222.75175482570472
our_vol3,Our vol3 STNPP-GAT-ZINB,24,2020-12-02,0.03,0.030003337607813516,1708,60.0,0.31413612565445026,0.6858638743455497,0.030003337607813516,1.56128024980484,10.470039358975932,0.31413612565445026,10.470039358975932,0.31413612565445026,191.0,0.024287856071964018,0.04742388758782201,222.75175482570472
our_vol3,Our vol3 STNPP-GAT-ZINB,24,2020-12-02,0.04,0.04001616104836018,2278,73.0,0.38219895287958117,0.6178010471204188,0.04001616104836018,1.4242512925568236,9.551114921236136,0.38219895287958117,9.551114921236136,0.38219895287958117,191.0,0.022900763358778626,0.04477611940298507,222.75175482570472
our_vol3,Our vol3 STNPP-GAT-ZINB,24,2020-12-02,0.05,0.050011418131993605,2847,79.0,0.41361256544502617,0.5863874345549738,0.050011418131993605,1.2332669866916441,8.270362667049175,0.41361256544502617,8.270362667049175,0.41361256544502617,191.0,0.024653590066582687,0.04812082894274675,222.75175482570472
our_vol3,Our vol3 STNPP-GAT-ZINB,24,2020-12-02,0.06,0.06000667521562703,3416,90.0,0.4712041884816754,0.5287958115183247,0.06000667521562703,1.17096018735363,7.852529519231948,0.4712041884816754,7.852529519231948,0.4712041884816754,191.0,0.030312170110088976,0.05884074941451991,222.75175482570472
our_vol3,Our vol3 STNPP-GAT-ZINB,24,2020-12-02,0.07,0.07000193229926045,3985,100.0,0.5235602094240838,0.47643979057591623,0.07000193229926045,1.1152934615920815,7.479225104613505,0.5235602094240838,7.479225104613505,0.5235602094240838,191.0,0.0322497085869706,0.06248431618569636,222.75175482570472
our_vol3,Our vol3 STNPP-GAT-ZINB,24,2020-12-02,0.08,0.08001475573980713,4555,102.0,0.5340314136125655,0.46596858638743455,0.08001475573980713,0.9952433223563849,6.674161642749179,0.5340314136125655,6.674161642749179,0.5340314136125655,191.0,0.037467258854344605,0.07222832052689353,222.75175482570472
our_vol3,Our vol3 STNPP-GAT-ZINB,24,2020-12-02,0.09,0.09001001282344055,5124,108.0,0.5654450261780105,0.4345549738219895,0.09001001282344055,0.9367681498829039,6.282023615385558,0.5654450261780105,6.282023615385558,0.5654450261780105,191.0,0.0442225392296719,0.08469945355191257,222.75175482570472
our_vol3,Our vol3 STNPP-GAT-ZINB,24,2020-12-02,0.1,0.10000526990707397,5693,117.0,0.612565445026178,0.38743455497382195,0.10000526990707397,0.9134024240295099,6.125331650975802,0.612565445026178,6.125331650975802,0.612565445026178,191.0,0.052602385134510495,0.09994730370630599,222.75175482570472
our_vol3,Our vol3 STNPP-GAT-ZINB,25,2020-12-16,0.01,0.010012823440546666,570,22.0,0.13253012048192772,0.8674698795180723,0.010012823440546666,1.7153996101364524,13.236038892411752,0.13253012048192772,13.236038892411752,0.13253012048192772,166.0,0.01876675603217158,0.03684210526315789,1295.2626530377604
our_vol3,Our vol3 STNPP-GAT-ZINB,25,2020-12-16,0.02,0.02000808052418009,1139,38.0,0.2289156626506024,0.7710843373493976,0.02000808052418009,1.4827821675934054,11.44116060378476,0.2289156626506024,11.44116060378476,0.2289156626506024,166.0,0.017418490397498883,0.03424056189640035,1295.2626530377604
our_vol3,Our vol3 STNPP-GAT-ZINB,25,2020-12-16,0.03,0.030003337607813516,1708,46.0,0.27710843373493976,0.7228915662650602,0.030003337607813516,1.1969815248503772,9.235920261843628,0.27710843373493976,9.235920261843628,0.27710843373493976,166.0,0.020005971931919976,0.039227166276346606,1295.2626530377604
our_vol3,Our vol3 STNPP-GAT-ZINB,25,2020-12-16,0.04,0.04001616104836018,2278,53.0,0.3192771084337349,0.6807228915662651,0.04001616104836018,1.0340454589796118,7.9787041052709515,0.3192771084337349,7.9787041052709515,0.3192771084337349,166.0,0.02038073908174692,0.03994732221246708,1295.2626530377604
our_vol3,Our vol3 STNPP-GAT-ZINB,25,2020-12-16,0.05,0.050011418131993605,2847,60.0,0.3614457831325301,0.6385542168674698,0.050011418131993605,0.9366584709050462,7.2272652252847,0.3614457831325301,7.2272652252847,0.3614457831325301,166.0,0.021162123385939743,0.0414471373375483,1295.2626530377604
our_vol3,Our vol3 STNPP-GAT-ZINB,25,2020-12-16,0.06,0.06000667521562703,3416,66.0,0.39759036144578314,0.6024096385542168,0.06000667521562703,0.8587041373926619,6.625768883496515,0.39759036144578314,6.625768883496515,0.39759036144578314,166.0,0.025825825825825825,0.05035128805620609,1295.2626530377604
our_vol3,Our vol3 STNPP-GAT-ZINB,25,2020-12-16,0.07,0.07000193229926045,3985,70.0,0.42168674698795183,0.5783132530120482,0.07000193229926045,0.780705423114457,6.023930099318227,0.42168674698795183,6.023930099318227,0.42168674698795183,166.0,0.02838709677419355,0.05520702634880803,1295.2626530377604
our_vol3,Our vol3 STNPP-GAT-ZINB,25,2020-12-16,0.08,0.08001475573980713,4555,78.0,0.46987951807228917,0.5301204819277108,0.08001475573980713,0.761068422978412,5.872410828825731,0.46987951807228917,5.872410828825731,0.46987951807228917,166.0,0.034639409426462237,0.06695938529088913,1295.2626530377604
our_vol3,Our vol3 STNPP-GAT-ZINB,25,2020-12-16,0.09,0.09001001282344055,5124,86.0,0.5180722891566265,0.4819277108433735,0.09001001282344055,0.7459450082400901,5.755718424047478,0.5180722891566265,5.755718424047478,0.5180722891566265,166.0,0.040300477108922955,0.07747853239656519,1295.2626530377604
our_vol3,Our vol3 STNPP-GAT-ZINB,25,2020-12-16,0.1,0.10000526990707397,5693,89.0,0.536144578313253,0.463855421686747,0.10000526990707397,0.6948103909284307,5.3611632548109185,0.536144578313253,5.3611632548109185,0.536144578313253,166.0,0.047952139898757476,0.09151589671526436,1295.2626530377604
our_vol3,Our vol3 STNPP-GAT-ZINB,26,2020-12-30,0.01,0.010012823440546666,570,27.0,0.16265060240963855,0.8373493975903614,0.010012823440546666,2.105263157894737,16.24422954977806,0.16265060240963855,16.24422954977806,0.16265060240963855,166.0,0.020590868397493287,0.04035087719298246,159.62765043922047
our_vol3,Our vol3 STNPP-GAT-ZINB,26,2020-12-30,0.02,0.02000808052418009,1139,39.0,0.23493975903614459,0.7650602409638554,0.02000808052418009,1.5218027509511267,11.742243777568572,0.23493975903614459,11.742243777568572,0.23493975903614459,166.0,0.016057091882247992,0.03160667251975417,159.62765043922047
our_vol3,Our vol3 STNPP-GAT-ZINB,26,2020-12-30,0.03,0.030003337607813516,1708,48.0,0.2891566265060241,0.7108433734939759,0.030003337607813516,1.249024199843872,9.637482012358568,0.2891566265060241,9.637482012358568,0.2891566265060241,166.0,0.017878426698450536,0.0351288056206089,159.62765043922047
our_vol3,Our vol3 STNPP-GAT-ZINB,26,2020-12-30,0.04,0.04001616104836018,2278,57.0,0.3433734939759036,0.6566265060240963,0.04001616104836018,1.1120866256950541,8.580870452838571,0.3433734939759036,8.580870452838571,0.3433734939759036,166.0,0.018783542039355994,0.03687445127304653,159.62765043922047
our_vol3,Our vol3 STNPP-GAT-ZINB,26,2020-12-30,0.05,0.050011418131993605,2847,67.0,0.4036144578313253,0.5963855421686747,0.050011418131993605,1.0459352925106349,8.070446168234582,0.4036144578313253,8.070446168234582,0.4036144578313253,166.0,0.02043010752688172,0.040042149631190724,159.62765043922047
our_vol3,Our vol3 STNPP-GAT-ZINB,26,2020-12-30,0.06,0.06000667521562703,3416,76.0,0.4578313253012048,0.5421686746987953,0.06000667521562703,0.9888108248763987,7.629673259783866,0.4578313253012048,7.629673259783866,0.4578313253012048,166.0,0.024902490249024904,0.04859484777517564,159.62765043922047
our_vol3,Our vol3 STNPP-GAT-ZINB,26,2020-12-30,0.07,0.07000193229926045,3985,81.0,0.4879518072289157,0.5120481927710843,0.07000193229926045,0.903387703889586,6.970547686353949,0.4879518072289157,6.970547686353949,0.4879518072289157,166.0,0.029715762273901807,0.05771643663739021,159.62765043922047
our_vol3,Our vol3 STNPP-GAT-ZINB,26,2020-12-30,0.08,0.08001475573980713,4555,87.0,0.5240963855421686,0.47590361445783136,0.08001475573980713,0.8488840102451519,6.549996693690238,0.5240963855421686,6.549996693690238,0.5240963855421686,166.0,0.035580311469819256,0.06871569703622393,159.62765043922047
our_vol3,Our vol3 STNPP-GAT-ZINB,26,2020-12-30,0.09,0.09001001282344055,5124,94.0,0.5662650602409639,0.4337349397590361,0.09001001282344055,0.8153352415647497,6.291134091400732,0.5662650602409639,6.291134091400732,0.5662650602409639,166.0,0.04008931289962448,0.07708821233411398,159.62765043922047
our_vol3,Our vol3 STNPP-GAT-ZINB,26,2020-12-30,0.1,0.10000526990707397,5693,101.0,0.608433734939759,0.39156626506024095,0.10000526990707397,0.7884926908288932,6.0840167273696935,0.608433734939759,6.0840167273696935,0.608433734939759,166.0,0.04959439528023599,0.0945020200245916,159.62765043922047
our_vol3,Our vol3 STNPP-GAT-ZINB,27,2021-01-13,0.01,0.010012823440546666,570,17.0,0.1,0.9,0.010012823440546666,1.3255360623781678,9.98719298245614,0.1,9.98719298245614,0.1,170.0,0.015138023152270703,0.02982456140350877,2432.7397366463033
our_vol3,Our vol3 STNPP-GAT-ZINB,27,2021-01-13,0.02,0.02000808052418009,1139,31.0,0.18235294117647058,0.8176470588235294,0.02000808052418009,1.209638084089357,9.1139647781852,0.18235294117647058,9.1139647781852,0.18235294117647058,170.0,0.014699331848552339,0.02897278314310799,2432.7397366463033
our_vol3,Our vol3 STNPP-GAT-ZINB,27,2021-01-13,0.03,0.030003337607813516,1708,41.0,0.2411764705882353,0.7588235294117647,0.030003337607813516,1.0668748373666406,8.038321394131422,0.2411764705882353,8.038321394131422,0.2411764705882353,170.0,0.01757521596663688,0.03454332552693208,2432.7397366463033
our_vol3,Our vol3 STNPP-GAT-ZINB,27,2021-01-13,0.04,0.04001616104836018,2278,50.0,0.29411764705882354,0.7058823529411764,0.04001616104836018,0.9755145839430299,7.349971595310644,0.29411764705882354,7.349971595310644,0.29411764705882354,170.0,0.019011406844106463,0.03731343283582089,2432.7397366463033
our_vol3,Our vol3 STNPP-GAT-ZINB,27,2021-01-13,0.05,0.050011418131993605,2847,61.0,0.3588235294117647,0.6411764705882352,0.050011418131993605,0.9522694454201303,7.174832124630674,0.3588235294117647,7.174832124630674,0.3588235294117647,170.0,0.02097902097902098,0.0410958904109589,2432.7397366463033
our_vol3,Our vol3 STNPP-GAT-ZINB,27,2021-01-13,0.06,0.06000667521562703,3416,68.0,0.4,0.6,0.06000667521562703,0.8847254748894093,6.66592505854801,0.4,6.66592505854801,0.4,170.0,0.027059530968129887,0.05269320843091335,2432.7397366463033
our_vol3,Our vol3 STNPP-GAT-ZINB,27,2021-01-13,0.07,0.07000193229926045,3985,73.0,0.4294117647058823,0.5705882352941176,0.07000193229926045,0.8141642269622195,6.134284449036829,0.4294117647058823,6.134284449036829,0.4294117647058823,170.0,0.029981907469630396,0.05821831869510665,2432.7397366463033
our_vol3,Our vol3 STNPP-GAT-ZINB,27,2021-01-13,0.08,0.08001475573980713,4555,76.0,0.4470588235294118,0.5529411764705883,0.08001475573980713,0.7415538480302476,5.5872047523729576,0.4470588235294118,5.5872047523729576,0.4470588235294118,170.0,0.034287011807447774,0.06630076838638858,2432.7397366463033
our_vol3,Our vol3 STNPP-GAT-ZINB,27,2021-01-13,0.09,0.09001001282344055,5124,81.0,0.4764705882352941,0.5235294117647059,0.09001001282344055,0.702576112412178,5.293528722964595,0.4764705882352941,5.293528722964595,0.4764705882352941,170.0,0.039245512625494375,0.07552693208430913,2432.7397366463033
our_vol3,Our vol3 STNPP-GAT-ZINB,27,2021-01-13,0.1,0.10000526990707397,5693,89.0,0.5235294117647059,0.4764705882352941,0.10000526990707397,0.6948103909284307,5.235018237050661,0.5235294117647059,5.235018237050661,0.5235294117647059,170.0,0.04833809041524721,0.09221851396451783,2432.7397366463033
our_vol3,Our vol3 STNPP-GAT-ZINB,28,2021-01-27,0.01,0.010012823440546666,570,29.0,0.2,0.8,0.010012823440546666,2.261208576998051,19.97438596491228,0.2,19.97438596491228,0.2,145.0,0.02242152466367713,0.043859649122807015,826.3240098855397
our_vol3,Our vol3 STNPP-GAT-ZINB,28,2021-01-27,0.02,0.02000808052418009,1139,44.0,0.30344827586206896,0.6965517241379311,0.02000808052418009,1.7169056677397325,15.16628621597893,0.30344827586206896,15.16628621597893,0.30344827586206896,145.0,0.019695613249776187,0.038630377524143986,826.3240098855397
our_vol3,Our vol3 STNPP-GAT-ZINB,28,2021-01-27,0.03,0.030003337607813516,1708,56.0,0.38620689655172413,0.6137931034482759,0.030003337607813516,1.4571948998178506,12.872131147540983,0.38620689655172413,12.872131147540983,0.38620689655172413,145.0,0.022448368751870697,0.043911007025761124,826.3240098855397
our_vol3,Our vol3 STNPP-GAT-ZINB,28,2021-01-27,0.04,0.04001616104836018,2278,59.0,0.4068965517241379,0.5931034482758621,0.04001616104836018,1.1511072090527752,10.168305531167691,0.4068965517241379,10.168305531167691,0.4068965517241379,145.0,0.020838001344387184,0.040825285338015806,826.3240098855397
our_vol3,Our vol3 STNPP-GAT-ZINB,28,2021-01-27,0.05,0.050011418131993605,2847,66.0,0.45517241379310347,0.5448275862068965,0.050011418131993605,1.0303243179955508,9.1013698630137,0.45517241379310347,9.1013698630137,0.45517241379310347,145.0,0.023916561769465924,0.04671584123638918,826.3240098855397
our_vol3,Our vol3 STNPP-GAT-ZINB,28,2021-01-27,0.06,0.06000667521562703,3416,70.0,0.4827586206896552,0.5172413793103448,0.06000667521562703,0.9107468123861566,8.045081967213115,0.4827586206896552,8.045081967213115,0.4827586206896552,145.0,0.03046757164404223,0.05913348946135832,826.3240098855397
our_vol3,Our vol3 STNPP-GAT-ZINB,28,2021-01-27,0.07,0.07000193229926045,3985,74.0,0.5103448275862069,0.4896551724137931,0.07000193229926045,0.8253171615781403,7.2904391468005025,0.5103448275862069,7.2904391468005025,0.5103448275862069,145.0,0.0315816722754336,0.06122961104140527,826.3240098855397
our_vol3,Our vol3 STNPP-GAT-ZINB,28,2021-01-27,0.08,0.08001475573980713,4555,79.0,0.5448275862068965,0.45517241379310347,0.08001475573980713,0.7708257104524943,6.809088913282107,0.5448275862068965,6.809088913282107,0.5448275862068965,145.0,0.034287011807447774,0.06630076838638858,826.3240098855397
our_vol3,Our vol3 STNPP-GAT-ZINB,28,2021-01-27,0.09,0.09001001282344055,5124,87.0,0.6,0.4,0.09001001282344055,0.7546187874056726,6.665925058548009,0.6,6.665925058548009,0.6,145.0,0.04061738424045491,0.078064012490242,826.3240098855397
our_vol3,Our vol3 STNPP-GAT-ZINB,28,2021-01-27,0.1,0.10000526990707397,5693,91.0,0.6275862068965518,0.37241379310344824,0.10000526990707397,0.7104241075785077,6.275531354294749,0.6275862068965518,6.275531354294749,0.6275862068965518,145.0,0.04949764955295419,0.09432636571227823,826.3240098855397
our_vol3,Our vol3 STNPP-GAT-ZINB,29,2021-02-10,0.01,0.010012823440546666,570,30.0,0.16129032258064516,0.8387096774193549,0.010012823440546666,2.339181286549708,16.108375778155064,0.16129032258064516,16.108375778155064,0.16129032258064516,186.0,0.02702702702702703,0.05263157894736842,1705.8683159272034
our_vol3,Our vol3 STNPP-GAT-ZINB,29,2021-02-10,0.02,0.02000808052418009,1139,45.0,0.24193548387096775,0.7580645161290323,0.02000808052418009,1.7559262510974538,12.091888753575576,0.24193548387096775,12.091888753575576,0.24193548387096775,186.0,0.02060931899641577,0.04038630377524144,1705.8683159272034
our_vol3,Our vol3 STNPP-GAT-ZINB,29,2021-02-10,0.03,0.030003337607813516,1708,57.0,0.3064516129032258,0.6935483870967742,0.030003337607813516,1.483216237314598,10.213917428420336,0.3064516129032258,10.213917428420336,0.3064516129032258,186.0,0.022754491017964073,0.04449648711943794,1705.8683159272034
our_vol3,Our vol3 STNPP-GAT-ZINB,29,2021-02-10,0.04,0.04001616104836018,2278,66.0,0.3548387096774194,0.6451612903225806,0.04001616104836018,1.2876792508047994,8.867385085955423,0.3548387096774194,8.867385085955423,0.3548387096774194,186.0,0.02244165170556553,0.043898156277436345,1705.8683159272034
our_vol3,Our vol3 STNPP-GAT-ZINB,29,2021-02-10,0.05,0.050011418131993605,2847,76.0,0.40860215053763443,0.5913978494623655,0.050011418131993605,1.1864340631463919,8.170177247508224,0.40860215053763443,8.170177247508224,0.40860215053763443,186.0,0.025576368876080693,0.049877063575693714,1705.8683159272034
our_vol3,Our vol3 STNPP-GAT-ZINB,29,2021-02-10,0.06,0.06000667521562703,3416,89.0,0.478494623655914,0.521505376344086,0.06000667521562703,1.1579495186052564,7.97402325552114,0.478494623655914,7.97402325552114,0.478494623655914,186.0,0.03171247357293869,0.06147540983606557,1705.8683159272034
our_vol3,Our vol3 STNPP-GAT-ZINB,29,2021-02-10,0.07,0.07000193229926045,3985,96.0,0.5161290322580645,0.4838709677419355,0.07000193229926045,1.0706817231283983,7.373068361193185,0.5161290322580645,7.373068361193185,0.5161290322580645,186.0,0.03412482159076165,0.06599749058971142,1705.8683159272034
our_vol3,Our vol3 STNPP-GAT-ZINB,29,2021-02-10,0.08,0.08001475573980713,4555,99.0,0.532258064516129,0.467741935483871,0.08001475573980713,0.9659714599341384,6.651998866895648,0.532258064516129,6.651998866895648,0.532258064516129,186.0,0.036169244767970885,0.06981339187705818,1705.8683159272034
our_vol3,Our vol3 STNPP-GAT-ZINB,29,2021-02-10,0.09,0.09001001282344055,5124,103.0,0.553763440860215,0.446236559139785,0.09001001282344055,0.8933992540549918,6.152242661563126,0.553763440860215,6.152242661563126,0.553763440860215,186.0,0.042098840756558877,0.08079625292740047,1705.8683159272034
our_vol3,Our vol3 STNPP-GAT-ZINB,29,2021-02-10,0.1,0.10000526990707397,5693,109.0,0.5860215053763441,0.4139784946236559,0.10000526990707397,0.8509475574292016,5.859906242149858,0.5860215053763441,5.859906242149858,0.5860215053763441,186.0,0.04766286345233714,0.09098893377832426,1705.8683159272034
our_vol3,Our vol3 STNPP-GAT-ZINB,30,2021-02-24,0.01,0.010012823440546666,570,21.0,0.12,0.88,0.010012823440546666,1.6374269005847955,11.984631578947367,0.12,11.984631578947367,0.12,175.0,0.01876675603217158,0.03684210526315789,247.4896190320579
our_vol3,Our vol3 STNPP-GAT-ZINB,30,2021-02-24,0.02,0.02000808052418009,1139,35.0,0.2,0.8,0.02000808052418009,1.3657204175202418,9.995961369622476,0.2,9.995961369622476,0.2,175.0,0.015151515151515152,0.029850746268656716,247.4896190320579
our_vol3,Our vol3 STNPP-GAT-ZINB,30,2021-02-24,0.03,0.030003337607813516,1708,45.0,0.2571428571428571,0.7428571428571429,0.030003337607813516,1.17096018735363,8.570475075276011,0.2571428571428571,8.570475075276011,0.2571428571428571,175.0,0.018485390578413835,0.03629976580796253,247.4896190320579
our_vol3,Our vol3 STNPP-GAT-ZINB,30,2021-02-24,0.04,0.04001616104836018,2278,59.0,0.33714285714285713,0.6628571428571428,0.04001616104836018,1.1511072090527752,8.425167440110373,0.33714285714285713,8.425167440110373,0.33714285714285713,175.0,0.020152261531571878,0.03950834064969271,247.4896190320579
our_vol3,Our vol3 STNPP-GAT-ZINB,30,2021-02-24,0.05,0.050011418131993605,2847,64.0,0.3657142857142857,0.6342857142857143,0.050011418131993605,0.9991023689653826,7.3126157860404435,0.3657142857142857,7.3126157860404435,0.3657142857142857,175.0,0.021711824869908487,0.042500878117316475,247.4896190320579
our_vol3,Our vol3 STNPP-GAT-ZINB,30,2021-02-24,0.06,0.06000667521562703,3416,66.0,0.37714285714285717,0.6228571428571428,0.06000667521562703,0.8587041373926619,6.285015055202409,0.37714285714285717,6.285015055202409,0.37714285714285717,175.0,0.02690515556891628,0.052400468384074944,247.4896190320579
our_vol3,Our vol3 STNPP-GAT-ZINB,30,2021-02-24,0.07,0.07000193229926045,3985,75.0,0.42857142857142855,0.5714285714285714,0.07000193229926045,0.8364700961940611,6.122279978490769,0.42857142857142855,6.122279978490769,0.42857142857142855,175.0,0.02918388429752066,0.05671267252195734,247.4896190320579
our_vol3,Our vol3 STNPP-GAT-ZINB,30,2021-02-24,0.08,0.08001475573980713,4555,84.0,0.48,0.52,0.08001475573980713,0.8196121478229053,5.998893523600438,0.48,5.998893523600438,0.48,175.0,0.0353449255597227,0.06827661909989023,247.4896190320579
our_vol3,Our vol3 STNPP-GAT-ZINB,30,2021-02-24,0.09,0.09001001282344055,5124,88.0,0.5028571428571429,0.4971428571428571,0.09001001282344055,0.7632925665712551,5.586680049068808,0.5028571428571429,5.586680049068808,0.5028571428571429,175.0,0.041251778093883355,0.07923497267759563,247.4896190320579
our_vol3,Our vol3 STNPP-GAT-ZINB,30,2021-02-24,0.1,0.10000526990707397,5693,91.0,0.52,0.48,0.10000526990707397,0.7104241075785077,5.199725979272792,0.52,5.199725979272792,0.52,175.0,0.046122748989342155,0.08817846478131038,247.4896190320579
our_vol3,Our vol3 STNPP-GAT-ZINB,31,2021-03-10,0.01,0.010012823440546666,570,29.0,0.16477272727272727,0.8352272727272727,0.010012823440546666,2.261208576998051,16.456170255183412,0.16477272727272727,16.456170255183412,0.16477272727272727,176.0,0.02425876010781671,0.04736842105263158,1951.2359449460016
our_vol3,Our vol3 STNPP-GAT-ZINB,31,2021-03-10,0.02,0.02000808052418009,1139,37.0,0.21022727272727273,0.7897727272727273,0.02000808052418009,1.4437615842356843,10.507118485114535,0.21022727272727273,10.507118485114535,0.21022727272727273,176.0,0.01651048639000446,0.0324846356453029,1951.2359449460016
our_vol3,Our vol3 STNPP-GAT-ZINB,31,2021-03-10,0.03,0.030003337607813516,1708,43.0,0.24431818181818182,0.7556818181818181,0.030003337607813516,1.1189175123601354,8.143033452203534,0.24431818181818182,8.143033452203534,0.24431818181818182,176.0,0.01818181818181818,0.03571428571428571,1951.2359449460016
our_vol3,Our vol3 STNPP-GAT-ZINB,31,2021-03-10,0.04,0.04001616104836018,2278,49.0,0.2784090909090909,0.7215909090909092,0.04001616104836018,0.9560042922641693,6.957416294197461,0.2784090909090909,6.957416294197461,0.2784090909090909,176.0,0.019011406844106463,0.03731343283582089,1951.2359449460016
our_vol3,Our vol3 STNPP-GAT-ZINB,31,2021-03-10,0.05,0.050011418131993605,2847,57.0,0.32386363636363635,0.6761363636363636,0.050011418131993605,0.8898255473597939,6.475793897882939,0.32386363636363635,6.475793897882939,0.32386363636363635,176.0,0.01969914040114613,0.03863716192483316,1951.2359449460016
our_vol3,Our vol3 STNPP-GAT-ZINB,31,2021-03-10,0.06,0.06000667521562703,3416,65.0,0.3693181818181818,0.6306818181818181,0.06000667521562703,0.8456934686442883,6.15461830689802,0.3693181818181818,6.15461830689802,0.3693181818181818,176.0,0.025671821047890706,0.05005854800936768,1951.2359449460016
our_vol3,Our vol3 STNPP-GAT-ZINB,31,2021-03-10,0.07,0.07000193229926045,3985,75.0,0.42613636363636365,0.5738636363636364,0.07000193229926045,0.8364700961940611,6.087494296794799,0.42613636363636365,6.087494296794799,0.42613636363636365,176.0,0.02918388429752066,0.05671267252195734,1951.2359449460016
our_vol3,Our vol3 STNPP-GAT-ZINB,31,2021-03-10,0.08,0.08001475573980713,4555,80.0,0.45454545454545453,0.5454545454545454,0.08001475573980713,0.7805829979265765,5.680770382197385,0.45454545454545453,5.680770382197385,0.45454545454545453,176.0,0.034287011807447774,0.06630076838638858,1951.2359449460016
our_vol3,Our vol3 STNPP-GAT-ZINB,31,2021-03-10,0.09,0.09001001282344055,5124,85.0,0.48295454545454547,0.5170454545454546,0.09001001282344055,0.7372712290745077,5.36556467780853,0.48295454545454547,5.36556467780853,0.48295454545454547,176.0,0.03966724155422542,0.07630757220921155,1951.2359449460016
our_vol3,Our vol3 STNPP-GAT-ZINB,31,2021-03-10,0.1,0.10000526990707397,5693,94.0,0.5340909090909091,0.46590909090909094,0.10000526990707397,0.7338446825536233,5.340627644795044,0.5340909090909091,5.340627644795044,0.5340909090909091,176.0,0.04804860088365243,0.09169155102757773,1951.2359449460016
our_vol3,Our vol3 STNPP-GAT-ZINB,32,2021-03-24,0.01,0.010012823440546666,570,24.0,0.15584415584415584,0.8441558441558441,0.010012823440546666,1.8713450292397662,15.564456596035543,0.15584415584415584,15.564456596035543,0.15584415584415584,154.0,0.020590868397493287,0.04035087719298246,1903.2567214382836
our_vol3,Our vol3 STNPP-GAT-ZINB,32,2021-03-24,0.02,0.02000808052418009,1139,34.0,0.22077922077922077,0.7792207792207793,0.02000808052418009,1.3266998341625207,11.034502810622214,0.22077922077922077,11.034502810622214,0.22077922077922077,154.0,0.01560410164957646,0.030728709394205442,1903.2567214382836
our_vol3,Our vol3 STNPP-GAT-ZINB,32,2021-03-24,0.03,0.030003337607813516,1708,46.0,0.2987012987012987,0.7012987012987013,0.030003337607813516,1.1969815248503772,9.955602360169104,0.2987012987012987,9.955602360169104,0.2987012987012987,154.0,0.020615476546160742,0.04039812646370024,1903.2567214382836
our_vol3,Our vol3 STNPP-GAT-ZINB,32,2021-03-24,0.04,0.04001616104836018,2278,51.0,0.33116883116883117,0.6688311688311688,0.04001616104836018,0.9950248756218905,8.27587710796666,0.33116883116883117,8.27587710796666,0.33116883116883117,154.0,0.01923937360178971,0.03775241439859526,1903.2567214382836
our_vol3,Our vol3 STNPP-GAT-ZINB,32,2021-03-24,0.05,0.050011418131993605,2847,57.0,0.37012987012987014,0.6298701298701299,0.050011418131993605,0.8898255473597939,7.4009073118662165,0.37012987012987014,7.4009073118662165,0.37012987012987014,154.0,0.021711824869908487,0.042500878117316475,1903.2567214382836
our_vol3,Our vol3 STNPP-GAT-ZINB,32,2021-03-24,0.06,0.06000667521562703,3416,62.0,0.4025974025974026,0.5974025974025974,0.06000667521562703,0.8066614623991674,6.709210286200919,0.4025974025974026,6.709210286200919,0.4025974025974026,154.0,0.02675082657048392,0.052107728337236536,1903.2567214382836
our_vol3,Our vol3 STNPP-GAT-ZINB,32,2021-03-24,0.07,0.07000193229926045,3985,69.0,0.44805194805194803,0.551948051948052,0.07000193229926045,0.7695524884985362,6.4005654320585315,0.44805194805194803,6.4005654320585315,0.44805194805194803,154.0,0.029051000645577793,0.056461731493099125,1903.2567214382836
our_vol3,Our vol3 STNPP-GAT-ZINB,32,2021-03-24,0.08,0.08001475573980713,4555,73.0,0.474025974025974,0.525974025974026,0.08001475573980713,0.712281985608001,5.924231970005844,0.474025974025974,5.924231970005844,0.474025974025974,154.0,0.034521916874858054,0.06673984632272228,1903.2567214382836
our_vol3,Our vol3 STNPP-GAT-ZINB,32,2021-03-24,0.09,0.09001001282344055,5124,77.0,0.5,0.5,0.09001001282344055,0.6678809957498482,5.554937548790008,0.5,5.554937548790008,0.5,154.0,0.03903477643718949,0.07513661202185792,1903.2567214382836
our_vol3,Our vol3 STNPP-GAT-ZINB,32,2021-03-24,0.1,0.10000526990707397,5693,81.0,0.525974025974026,0.474025974025974,0.10000526990707397,0.6323555243281223,5.259463090922779,0.525974025974026,5.259463090922779,0.525974025974026,154.0,0.04853117229947509,0.09256982258914456,1903.2567214382836
our_vol3,Our vol3 STNPP-GAT-ZINB,33,2021-04-07,0.01,0.010012823440546666,570,26.0,0.18309859154929578,0.8169014084507042,0.010012823440546666,2.0272904483430803,18.286409686187298,0.18309859154929578,18.286409686187298,0.18309859154929578,142.0,0.02333931777378815,0.0456140350877193,672.7190372026349
our_vol3,Our vol3 STNPP-GAT-ZINB,33,2021-04-07,0.02,0.02000808052418009,1139,40.0,0.28169014084507044,0.7183098591549295,0.02000808052418009,1.5608233343088478,14.078818830454193,0.28169014084507044,14.078818830454193,0.28169014084507044,142.0,0.017418490397498883,0.03424056189640035,672.7190372026349
our_vol3,Our vol3 STNPP-GAT-ZINB,33,2021-04-07,0.03,0.030003337607813516,1708,43.0,0.3028169014084507,0.6971830985915493,0.030003337607813516,1.1189175123601354,10.092773856252267,0.3028169014084507,10.092773856252267,0.3028169014084507,142.0,0.01909307875894988,0.03747072599531616,672.7190372026349
our_vol3,Our vol3 STNPP-GAT-ZINB,33,2021-04-07,0.04,0.04001616104836018,2278,49.0,0.34507042253521125,0.6549295774647887,0.04001616104836018,0.9560042922641693,8.623276533653192,0.34507042253521125,8.623276533653192,0.34507042253521125,142.0,0.019923886277143497,0.03906935908691835,672.7190372026349
our_vol3,Our vol3 STNPP-GAT-ZINB,33,2021-04-07,0.05,0.050011418131993605,2847,54.0,0.38028169014084506,0.619718309859155,0.050011418131993605,0.8429926238145415,7.603897356743198,0.38028169014084506,7.603897356743198,0.38028169014084506,142.0,0.021345291479820627,0.04179838426413769,672.7190372026349
our_vol3,Our vol3 STNPP-GAT-ZINB,33,2021-04-07,0.06,0.06000667521562703,3416,62.0,0.43661971830985913,0.5633802816901409,0.06000667521562703,0.8066614623991674,7.276185803344657,0.43661971830985913,7.276185803344657,0.43661971830985913,142.0,0.027059530968129887,0.05269320843091335,672.7190372026349
our_vol3,Our vol3 STNPP-GAT-ZINB,33,2021-04-07,0.07,0.07000193229926045,3985,70.0,0.49295774647887325,0.5070422535211268,0.07000193229926045,0.780705423114457,7.042059130188913,0.49295774647887325,7.042059130188913,0.49295774647887325,142.0,0.030248190279214063,0.05872020075282309,672.7190372026349
our_vol3,Our vol3 STNPP-GAT-ZINB,33,2021-04-07,0.08,0.08001475573980713,4555,76.0,0.5352112676056338,0.46478873239436624,0.08001475573980713,0.7415538480302476,6.688907097911287,0.5352112676056338,6.688907097911287,0.5352112676056338,142.0,0.03675884829862296,0.07091108671789242,672.7190372026349
our_vol3,Our vol3 STNPP-GAT-ZINB,33,2021-04-07,0.09,0.09001001282344055,5124,77.0,0.5422535211267606,0.4577464788732394,0.09001001282344055,0.6678809957498482,6.024368890941276,0.5422535211267606,6.024368890941276,0.5422535211267606,142.0,0.04231082180634662,0.08118657298985169,672.7190372026349
our_vol3,Our vol3 STNPP-GAT-ZINB,33,2021-04-07,0.1,0.10000526990707397,5693,79.0,0.5563380281690141,0.4436619718309859,0.10000526990707397,0.6167418076780452,5.563087112168886,0.5563380281690141,5.563087112168886,0.5563380281690141,142.0,0.05075673680324843,0.09660987177235202,672.7190372026349
our_vol3,Our vol3 STNPP-GAT-ZINB,34,2021-04-21,0.01,0.010012823440546666,570,18.0,0.10843373493975904,0.891566265060241,0.010012823440546666,1.4035087719298247,10.829486366518706,0.10843373493975904,10.829486366518706,0.10843373493975904,166.0,0.016042780748663103,0.031578947368421054,1570.4159576571494
our_vol3,Our vol3 STNPP-GAT-ZINB,34,2021-04-21,0.02,0.02000808052418009,1139,34.0,0.20481927710843373,0.7951807228915663,0.02000808052418009,1.3266998341625207,10.236827908649524,0.20481927710843373,10.236827908649524,0.20481927710843373,166.0,0.014699331848552339,0.02897278314310799,1570.4159576571494
our_vol3,Our vol3 STNPP-GAT-ZINB,34,2021-04-21,0.03,0.030003337607813516,1708,44.0,0.26506024096385544,0.7349397590361446,0.030003337607813516,1.1449388498568827,8.834358511328688,0.26506024096385544,8.834358511328688,0.26506024096385544,166.0,0.01939719486720382,0.038056206088992975,1570.4159576571494
our_vol3,Our vol3 STNPP-GAT-ZINB,34,2021-04-21,0.04,0.04001616104836018,2278,57.0,0.3433734939759036,0.6566265060240963,0.04001616104836018,1.1120866256950541,8.580870452838571,0.3433734939759036,8.580870452838571,0.3433734939759036,166.0,0.019923886277143497,0.03906935908691835,1570.4159576571494
our_vol3,Our vol3 STNPP-GAT-ZINB,34,2021-04-21,0.05,0.050011418131993605,2847,70.0,0.42168674698795183,0.5783132530120482,0.050011418131993605,1.0927682160558871,8.431809429498818,0.42168674698795183,8.431809429498818,0.42168674698795183,166.0,0.02336448598130841,0.045662100456621,1570.4159576571494
our_vol3,Our vol3 STNPP-GAT-ZINB,34,2021-04-21,0.06,0.06000667521562703,3416,74.0,0.4457831325301205,0.5542168674698795,0.06000667521562703,0.9627894873796513,7.428892384526396,0.4457831325301205,7.428892384526396,0.4457831325301205,166.0,0.026596543951915852,0.05181498829039813,1570.4159576571494
our_vol3,Our vol3 STNPP-GAT-ZINB,34,2021-04-21,0.07,0.07000193229926045,3985,82.0,0.4939759036144578,0.5060240963855422,0.07000193229926045,0.9145406385055068,7.056603830629922,0.4939759036144578,7.056603830629922,0.4939759036144578,166.0,0.029051000645577793,0.056461731493099125,1570.4159576571494
our_vol3,Our vol3 STNPP-GAT-ZINB,34,2021-04-21,0.08,0.08001475573980713,4555,86.0,0.5180722891566265,0.4819277108433735,0.08001475573980713,0.8391267227710697,6.47470937537196,0.5180722891566265,6.47470937537196,0.5180722891566265,166.0,0.03546260513753126,0.06849615806805708,1570.4159576571494
our_vol3,Our vol3 STNPP-GAT-ZINB,34,2021-04-21,0.09,0.09001001282344055,5124,89.0,0.536144578313253,0.463855421686747,0.09001001282344055,0.7719663457368375,5.956499299304948,0.536144578313253,5.956499299304948,0.536144578313253,166.0,0.04252288911495422,0.08157689305230288,1570.4159576571494
our_vol3,Our vol3 STNPP-GAT-ZINB,34,2021-04-21,0.1,0.10000526990707397,5693,91.0,0.5481927710843374,0.4518072289156626,0.10000526990707397,0.7104241075785077,5.481638833570714,0.5481927710843374,5.481638833570714,0.5481927710843374,166.0,0.05056283447130467,0.09625856314772528,1570.4159576571494
our_vol3,Our vol3 STNPP-GAT-ZINB,35,2021-05-05,0.01,0.010012823440546666,570,17.0,0.09941520467836257,0.9005847953216375,0.010012823440546666,1.3255360623781678,9.928788345131835,0.09941520467836257,9.928788345131835,0.09941520467836257,171.0,0.015138023152270703,0.02982456140350877,567.1499573327593
our_vol3,Our vol3 STNPP-GAT-ZINB,35,2021-05-05,0.02,0.02000808052418009,1139,26.0,0.15204678362573099,0.847953216374269,0.02000808052418009,1.014535167300751,7.599268877490771,0.15204678362573099,7.599268877490771,0.15204678362573099,171.0,0.011994669035984007,0.02370500438981563,567.1499573327593
our_vol3,Our vol3 STNPP-GAT-ZINB,35,2021-05-05,0.03,0.030003337607813516,1708,41.0,0.23976608187134502,0.760233918128655,0.030003337607813516,1.0668748373666406,7.9913136666803615,0.23976608187134502,7.9913136666803615,0.23976608187134502,171.0,0.01575973832887303,0.031030444964871194,567.1499573327593
our_vol3,Our vol3 STNPP-GAT-ZINB,35,2021-05-05,0.04,0.04001616104836018,2278,48.0,0.2807017543859649,0.7192982456140351,0.04001616104836018,0.9364940005853087,7.014709733068404,0.2807017543859649,7.014709733068404,0.2807017543859649,171.0,0.01651048639000446,0.0324846356453029,567.1499573327593
our_vol3,Our vol3 STNPP-GAT-ZINB,35,2021-05-05,0.05,0.050011418131993605,2847,57.0,0.3333333333333333,0.6666666666666667,0.050011418131993605,0.8898255473597939,6.665144596651445,0.3333333333333333,6.665144596651445,0.3333333333333333,171.0,0.018604651162790697,0.0365296803652968,567.1499573327593
our_vol3,Our vol3 STNPP-GAT-ZINB,35,2021-05-05,0.06,0.06000667521562703,3416,66.0,0.38596491228070173,0.6140350877192983,0.06000667521562703,0.8587041373926619,6.432032951230535,0.38596491228070173,6.432032951230535,0.38596491228070173,171.0,0.022448368751870697,0.043911007025761124,567.1499573327593
our_vol3,Our vol3 STNPP-GAT-ZINB,35,2021-05-05,0.07,0.07000193229926045,3985,68.0,0.39766081871345027,0.6023391812865497,0.07000193229926045,0.7583995538826154,5.680712026825743,0.39766081871345027,5.680712026825743,0.39766081871345027,171.0,0.02442159383033419,0.04767879548306148,567.1499573327593
our_vol3,Our vol3 STNPP-GAT-ZINB,35,2021-05-05,0.08,0.08001475573980713,4555,73.0,0.4269005847953216,0.5730994152046784,0.08001475573980713,0.712281985608001,5.335273236145614,0.4269005847953216,5.335273236145614,0.4269005847953216,171.0,0.03194381513366561,0.061909989023051594,567.1499573327593
our_vol3,Our vol3 STNPP-GAT-ZINB,35,2021-05-05,0.09,0.09001001282344055,5124,80.0,0.4678362573099415,0.5321637426900585,0.09001001282344055,0.6939023332465954,5.197602384832755,0.4678362573099415,5.197602384832755,0.4678362573099415,171.0,0.038192685644818154,0.07357533177205308,567.1499573327593
our_vol3,Our vol3 STNPP-GAT-ZINB,35,2021-05-05,0.1,0.10000526990707397,5693,85.0,0.49707602339181284,0.5029239766081872,0.10000526990707397,0.6635829576282765,4.970498293276959,0.49707602339181284,4.970498293276959,0.49707602339181284,171.0,0.04766286345233714,0.09098893377832426,567.1499573327593
our_vol3,Our vol3 STNPP-GAT-ZINB,36,2021-05-19,0.01,0.010012823440546666,570,27.0,0.17532467532467533,0.8246753246753247,0.010012823440546666,2.105263157894737,17.510013670539987,0.17532467532467533,17.510013670539987,0.17532467532467533,154.0,0.02333931777378815,0.0456140350877193,160.8153316392117
our_vol3,Our vol3 STNPP-GAT-ZINB,36,2021-05-19,0.02,0.02000808052418009,1139,41.0,0.2662337662337662,0.7337662337662338,0.02000808052418009,1.599843917666569,13.30631221280914,0.2662337662337662,13.30631221280914,0.2662337662337662,154.0,0.018328118015198926,0.035996488147497806,160.8153316392117
our_vol3,Our vol3 STNPP-GAT-ZINB,36,2021-05-19,0.03,0.030003337607813516,1708,46.0,0.2987012987012987,0.7012987012987013,0.030003337607813516,1.1969815248503772,9.955602360169104,0.2987012987012987,9.955602360169104,0.2987012987012987,154.0,0.018789144050104383,0.036885245901639344,160.8153316392117
our_vol3,Our vol3 STNPP-GAT-ZINB,36,2021-05-19,0.04,0.04001616104836018,2278,54.0,0.35064935064935066,0.6493506493506493,0.04001616104836018,1.0535557506584723,8.762693408435288,0.35064935064935066,8.762693408435288,0.35064935064935066,154.0,0.018783542039355994,0.03687445127304653,160.8153316392117
our_vol3,Our vol3 STNPP-GAT-ZINB,36,2021-05-19,0.05,0.050011418131993605,2847,60.0,0.38961038961038963,0.6103896103896104,0.050011418131993605,0.9366584709050462,7.790428749332859,0.38961038961038963,7.790428749332859,0.38961038961038963,154.0,0.019881783987103708,0.03898840885142255,160.8153316392117
our_vol3,Our vol3 STNPP-GAT-ZINB,36,2021-05-19,0.06,0.06000667521562703,3416,64.0,0.4155844155844156,0.5844155844155844,0.06000667521562703,0.8326827998959146,6.9256364244654645,0.4155844155844156,6.9256364244654645,0.4155844155844156,154.0,0.024902490249024904,0.04859484777517564,160.8153316392117
our_vol3,Our vol3 STNPP-GAT-ZINB,36,2021-05-19,0.07,0.07000193229926045,3985,69.0,0.44805194805194803,0.551948051948052,0.07000193229926045,0.7695524884985362,6.4005654320585315,0.44805194805194803,6.4005654320585315,0.44805194805194803,154.0,0.026664949117609173,0.05194479297365119,160.8153316392117
our_vol3,Our vol3 STNPP-GAT-ZINB,36,2021-05-19,0.08,0.08001475573980713,4555,71.0,0.461038961038961,0.538961038961039,0.08001475573980713,0.6927674106598366,5.761924244800205,0.461038961038961,5.761924244800205,0.461038961038961,154.0,0.03334845735027223,0.0645444566410538,160.8153316392117
our_vol3,Our vol3 STNPP-GAT-ZINB,36,2021-05-19,0.09,0.09001001282344055,5124,78.0,0.5064935064935064,0.49350649350649356,0.09001001282344055,0.6765547749154306,5.627079594878189,0.5064935064935064,5.627079594878189,0.5064935064935064,154.0,0.039245512625494375,0.07552693208430913,160.8153316392117
our_vol3,Our vol3 STNPP-GAT-ZINB,36,2021-05-19,0.1,0.10000526990707397,5693,82.0,0.5324675324675324,0.4675324675324676,0.10000526990707397,0.6401623826531608,5.32439473402059,0.5324675324675324,5.32439473402059,0.5324675324675324,154.0,0.050853714813105674,0.09678552608466538,160.8153316392117
our_vol3,Our vol3 STNPP-GAT-ZINB,37,2021-06-02,0.01,0.010012823440546666,570,23.0,0.15862068965517243,0.8413793103448276,0.010012823440546666,1.7933723196881093,15.841754385964913,0.15862068965517243,15.841754385964913,0.15862068965517243,145.0,0.01876675603217158,0.03684210526315789,1612.0532933790716
our_vol3,Our vol3 STNPP-GAT-ZINB,37,2021-06-02,0.02,0.02000808052418009,1139,29.0,0.2,0.8,0.02000808052418009,1.1315969173739147,9.995961369622476,0.2,9.995961369622476,0.2,145.0,0.012894619831036016,0.025460930640913083,1612.0532933790716
our_vol3,Our vol3 STNPP-GAT-ZINB,37,2021-06-02,0.03,0.030003337607813516,1708,37.0,0.25517241379310346,0.7448275862068965,0.030003337607813516,0.9627894873796513,8.50480093676815,0.25517241379310346,8.50480093676815,0.25517241379310346,145.0,0.017878426698450536,0.0351288056206089,1612.0532933790716
our_vol3,Our vol3 STNPP-GAT-ZINB,37,2021-06-02,0.04,0.04001616104836018,2278,47.0,0.32413793103448274,0.6758620689655173,0.04001616104836018,0.9169837089064481,8.10017559262511,0.32413793103448274,8.10017559262511,0.32413793103448274,145.0,0.019467442380845825,0.038191395961369626,1612.0532933790716
our_vol3,Our vol3 STNPP-GAT-ZINB,37,2021-06-02,0.05,0.050011418131993605,2847,55.0,0.3793103448275862,0.6206896551724138,0.050011418131993605,0.8586035983296256,7.584474885844749,0.3793103448275862,7.584474885844749,0.3793103448275862,145.0,0.02207862143241788,0.04320337197049526,1612.0532933790716
our_vol3,Our vol3 STNPP-GAT-ZINB,37,2021-06-02,0.06,0.06000667521562703,3416,57.0,0.3931034482758621,0.6068965517241379,0.06000667521562703,0.741608118657299,6.55099531615925,0.3931034482758621,6.55099531615925,0.3931034482758621,145.0,0.027059530968129887,0.05269320843091335,1612.0532933790716
our_vol3,Our vol3 STNPP-GAT-ZINB,37,2021-06-02,0.07,0.07000193229926045,3985,61.0,0.4206896551724138,0.5793103448275863,0.07000193229926045,0.6803290115711698,6.009686323713928,0.4206896551724138,6.009686323713928,0.4206896551724138,145.0,0.028652555498193084,0.05570890840652447,1612.0532933790716
our_vol3,Our vol3 STNPP-GAT-ZINB,37,2021-06-02,0.08,0.08001475573980713,4555,69.0,0.47586206896551725,0.5241379310344827,0.08001475573980713,0.6732528357116722,5.947178924259056,0.47586206896551725,5.947178924259056,0.47586206896551725,145.0,0.03853169174646603,0.07420417124039518,1612.0532933790716
our_vol3,Our vol3 STNPP-GAT-ZINB,37,2021-06-02,0.09,0.09001001282344055,5124,72.0,0.496551724137931,0.503448275862069,0.09001001282344055,0.6245120999219359,5.516627634660421,0.496551724137931,5.516627634660421,0.496551724137931,145.0,0.042098840756558877,0.08079625292740047,1612.0532933790716
our_vol3,Our vol3 STNPP-GAT-ZINB,37,2021-06-02,0.1,0.10000526990707397,5693,76.0,0.5241379310344828,0.4758620689655172,0.10000526990707397,0.5933212327029295,5.241103109081329,0.5241379310344828,5.241103109081329,0.5241379310344828,145.0,0.05114475627769571,0.09731248902160548,1612.0532933790716
our_vol3,Our vol3 STNPP-GAT-ZINB,38,2021-06-16,0.01,0.010012823440546666,570,29.0,0.17901234567901234,0.8209876543209876,0.010012823440546666,2.261208576998051,17.878308425384446,0.17901234567901234,17.878308425384446,0.17901234567901234,162.0,0.02333931777378815,0.0456140350877193,891.3777712414577
our_vol3,Our vol3 STNPP-GAT-ZINB,38,2021-06-16,0.02,0.02000808052418009,1139,35.0,0.21604938271604937,0.7839506172839507,0.02000808052418009,1.3657204175202418,10.798106417802057,0.21604938271604937,10.798106417802057,0.21604938271604937,162.0,0.014699331848552339,0.02897278314310799,891.3777712414577
our_vol3,Our vol3 STNPP-GAT-ZINB,38,2021-06-16,0.03,0.030003337607813516,1708,44.0,0.2716049382716049,0.7283950617283951,0.030003337607813516,1.1449388498568827,9.052490820250382,0.2716049382716049,9.052490820250382,0.2716049382716049,162.0,0.017878426698450536,0.0351288056206089,891.3777712414577
our_vol3,Our vol3 STNPP-GAT-ZINB,38,2021-06-16,0.04,0.04001616104836018,2278,47.0,0.29012345679012347,0.7098765432098766,0.04001616104836018,0.9169837089064481,7.250157166238525,0.29012345679012347,7.250157166238525,0.29012345679012347,162.0,0.016964285714285713,0.033362598770851626,891.3777712414577
our_vol3,Our vol3 STNPP-GAT-ZINB,38,2021-06-16,0.05,0.050011418131993605,2847,52.0,0.32098765432098764,0.6790123456790124,0.050011418131993605,0.8117706747843734,6.418287389368059,0.32098765432098764,6.418287389368059,0.32098765432098764,162.0,0.019516562220232767,0.03828591499824376,891.3777712414577
our_vol3,Our vol3 STNPP-GAT-ZINB,38,2021-06-16,0.06,0.06000667521562703,3416,62.0,0.38271604938271603,0.617283950617284,0.06000667521562703,0.8066614623991674,6.37789125972186,0.38271604938271603,6.37789125972186,0.38271604938271603,162.0,0.024748762561871907,0.048302107728337235,891.3777712414577
our_vol3,Our vol3 STNPP-GAT-ZINB,38,2021-06-16,0.07,0.07000193229926045,3985,69.0,0.42592592592592593,0.5740740740740741,0.07000193229926045,0.7695524884985362,6.08448812677169,0.42592592592592593,6.08448812677169,0.42592592592592593,162.0,0.029051000645577793,0.056461731493099125,891.3777712414577
our_vol3,Our vol3 STNPP-GAT-ZINB,38,2021-06-16,0.08,0.08001475573980713,4555,75.0,0.46296296296296297,0.537037037037037,0.08001475573980713,0.7317965605561654,5.785969833719559,0.46296296296296297,5.785969833719559,0.46296296296296297,162.0,0.03499204726198591,0.06761800219538969,891.3777712414577
our_vol3,Our vol3 STNPP-GAT-ZINB,38,2021-06-16,0.09,0.09001001282344055,5124,82.0,0.5061728395061729,0.49382716049382713,0.09001001282344055,0.7112498915777604,5.623517024700996,0.5061728395061729,5.623517024700996,0.5061728395061729,162.0,0.04284115192836064,0.0821623731459797,891.3777712414577
our_vol3,Our vol3 STNPP-GAT-ZINB,38,2021-06-16,0.1,0.10000526990707397,5693,91.0,0.5617283950617284,0.43827160493827155,0.10000526990707397,0.7104241075785077,5.616987940572461,0.5617283950617284,5.616987940572461,0.5617283950617284,162.0,0.04988473951129553,0.0950289829615317,891.3777712414577
our_vol3,Our vol3 STNPP-GAT-ZINB,39,2021-06-30,0.01,0.010012823440546666,570,26.0,0.12935323383084577,0.8706467661691543,0.010012823440546666,2.0272904483430803,12.91875709173431,0.12935323383084577,12.91875709173431,0.12935323383084577,201.0,0.02333931777378815,0.0456140350877193,1521.9865123918769
our_vol3,Our vol3 STNPP-GAT-ZINB,39,2021-06-30,0.02,0.02000808052418009,1139,43.0,0.21393034825870647,0.7860696517412935,0.02000808052418009,1.6778850843820114,10.692197484919564,0.21393034825870647,10.692197484919564,0.21393034825870647,201.0,0.019695613249776187,0.038630377524143986,1521.9865123918769
our_vol3,Our vol3 STNPP-GAT-ZINB,39,2021-06-30,0.03,0.030003337607813516,1708,59.0,0.2935323383084577,0.7064676616915423,0.030003337607813516,1.5352589123080926,9.7833228471227,0.2935323383084577,9.7833228471227,0.2935323383084577,201.0,0.021836673646425366,0.04274004683840749,1521.9865123918769
our_vol3,Our vol3 STNPP-GAT-ZINB,39,2021-06-30,0.04,0.04001616104836018,2278,66.0,0.3283582089552239,0.6716417910447761,0.04001616104836018,1.2876792508047994,8.205639930287107,0.3283582089552239,8.205639930287107,0.3283582089552239,201.0,0.021295673615781215,0.04170324846356453,1521.9865123918769
our_vol3,Our vol3 STNPP-GAT-ZINB,39,2021-06-30,0.05,0.050011418131993605,2847,76.0,0.3781094527363184,0.6218905472636815,0.050011418131993605,1.1864340631463919,7.5604625275449235,0.3781094527363184,7.5604625275449235,0.3781094527363184,201.0,0.024284943335132217,0.04741833508956796,1521.9865123918769
our_vol3,Our vol3 STNPP-GAT-ZINB,39,2021-06-30,0.06,0.06000667521562703,3416,81.0,0.40298507462686567,0.5970149253731343,0.06000667521562703,1.053864168618267,6.715670767940159,0.40298507462686567,6.715670767940159,0.40298507462686567,201.0,0.028296207104154123,0.05503512880562061,1521.9865123918769
our_vol3,Our vol3 STNPP-GAT-ZINB,39,2021-06-30,0.07,0.07000193229926045,3985,91.0,0.4527363184079602,0.5472636815920398,0.07000193229926045,1.014917050048794,6.4674831613575785,0.4527363184079602,6.4674831613575785,0.4527363184079602,201.0,0.031314699792960664,0.06072772898368883,1521.9865123918769
our_vol3,Our vol3 STNPP-GAT-ZINB,39,2021-06-30,0.08,0.08001475573980713,4555,100.0,0.4975124378109453,0.5024875621890548,0.08001475573980713,0.9757287474082206,6.217758627280721,0.4975124378109453,6.217758627280721,0.4975124378109453,201.0,0.03699487763232783,0.07135016465422613,1521.9865123918769
our_vol3,Our vol3 STNPP-GAT-ZINB,39,2021-06-30,0.09,0.09001001282344055,5124,108.0,0.5373134328358209,0.4626865671641791,0.09001001282344055,0.9367681498829039,5.969485127057919,0.5373134328358209,5.969485127057919,0.5373134328358209,201.0,0.043903432820617296,0.08411397345823575,1521.9865123918769
our_vol3,Our vol3 STNPP-GAT-ZINB,39,2021-06-30,0.1,0.10000526990707397,5693,114.0,0.5671641791044776,0.4328358208955224,0.10000526990707397,0.8899818490543943,5.671342916543228,0.5671641791044776,5.671342916543228,0.5671641791044776,201.0,0.05240780109067381,0.09959599508167925,1521.9865123918769
our_vol3,Our vol3 STNPP-GAT-ZINB,40,2021-07-14,0.01,0.010012823440546666,570,24.0,0.13114754098360656,0.8688524590163934,0.010012823440546666,1.8713450292397662,13.097958009778544,0.13114754098360656,13.097958009778544,0.13114754098360656,183.0,0.01967799642218247,0.03859649122807018,1976.7500484162792
our_vol3,Our vol3 STNPP-GAT-ZINB,40,2021-07-14,0.02,0.02000808052418009,1139,40.0,0.2185792349726776,0.7814207650273224,0.02000808052418009,1.5608233343088478,10.924547944942598,0.2185792349726776,10.924547944942598,0.2185792349726776,183.0,0.017418490397498883,0.03424056189640035,1976.7500484162792
our_vol3,Our vol3 STNPP-GAT-ZINB,40,2021-07-14,0.03,0.030003337607813516,1708,51.0,0.2786885245901639,0.7213114754098361,0.030003337607813516,1.327088212334114,9.288584097976733,0.2786885245901639,9.288584097976733,0.2786885245901639,183.0,0.018789144050104383,0.036885245901639344,1976.7500484162792
our_vol3,Our vol3 STNPP-GAT-ZINB,40,2021-07-14,0.04,0.04001616104836018,2278,61.0,0.3333333333333333,0.6666666666666667,0.04001616104836018,1.1901277924104965,8.32996780801873,0.3333333333333333,8.32996780801873,0.3333333333333333,183.0,0.018783542039355994,0.03687445127304653,1976.7500484162792
our_vol3,Our vol3 STNPP-GAT-ZINB,40,2021-07-14,0.05,0.050011418131993605,2847,66.0,0.36065573770491804,0.639344262295082,0.050011418131993605,1.0303243179955508,7.211467924245827,0.36065573770491804,7.211467924245827,0.36065573770491804,183.0,0.02189519023689878,0.04285212504390586,1976.7500484162792
our_vol3,Our vol3 STNPP-GAT-ZINB,40,2021-07-14,0.06,0.06000667521562703,3416,70.0,0.3825136612021858,0.6174863387978142,0.06000667521562703,0.9107468123861566,6.374518498611484,0.3825136612021858,6.374518498611484,0.3825136612021858,183.0,0.025979876858387145,0.0506440281030445,1976.7500484162792
our_vol3,Our vol3 STNPP-GAT-ZINB,40,2021-07-14,0.07,0.07000193229926045,3985,77.0,0.4207650273224044,0.5792349726775956,0.07000193229926045,0.8587759654259027,6.010763038991849,0.4207650273224044,6.010763038991849,0.4207650273224044,183.0,0.02958274124790079,0.057465495608531994,1976.7500484162792
our_vol3,Our vol3 STNPP-GAT-ZINB,40,2021-07-14,0.08,0.08001475573980713,4555,90.0,0.4918032786885246,0.5081967213114754,0.08001475573980713,0.8781558726673985,6.146407298770941,0.4918032786885246,6.146407298770941,0.4918032786885246,183.0,0.03687684953334851,0.07113062568605928,1976.7500484162792
our_vol3,Our vol3 STNPP-GAT-ZINB,40,2021-07-14,0.09,0.09001001282344055,5124,100.0,0.546448087431694,0.45355191256830596,0.09001001282344055,0.8673779165582444,6.0709699986776045,0.546448087431694,6.0709699986776045,0.546448087431694,183.0,0.045500918179963275,0.08704137392661983,1976.7500484162792
our_vol3,Our vol3 STNPP-GAT-ZINB,40,2021-07-14,0.1,0.10000526990707397,5693,103.0,0.5628415300546448,0.43715846994535523,0.10000526990707397,0.8041064074789702,5.628118703920738,0.5628415300546448,5.628118703920738,0.5628415300546448,183.0,0.05211605987802624,0.09906903214473915,1976.7500484162792
our_vol3,Our vol3 STNPP-GAT-ZINB,41,2021-07-28,0.01,0.010012823440546666,570,26.0,0.15568862275449102,0.844311377245509,0.010012823440546666,2.0272904483430803,15.54892320621914,0.15568862275449102,15.54892320621914,0.15568862275449102,167.0,0.02333931777378815,0.0456140350877193,979.8212885839927
our_vol3,Our vol3 STNPP-GAT-ZINB,41,2021-07-28,0.02,0.02000808052418009,1139,37.0,0.2215568862275449,0.7784431137724551,0.02000808052418009,1.4437615842356843,11.073370379521904,0.2215568862275449,11.073370379521904,0.2215568862275449,167.0,0.016964285714285713,0.033362598770851626,979.8212885839927
our_vol3,Our vol3 STNPP-GAT-ZINB,41,2021-07-28,0.03,0.030003337607813516,1708,47.0,0.281437125748503,0.718562874251497,0.030003337607813516,1.2230028623471247,9.380193944663366,0.281437125748503,9.380193944663366,0.281437125748503,167.0,0.017272185824895772,0.03395784543325527,979.8212885839927
our_vol3,Our vol3 STNPP-GAT-ZINB,41,2021-07-28,0.04,0.04001616104836018,2278,56.0,0.33532934131736525,0.6646706586826348,0.04001616104836018,1.0925763340161936,8.379847854773333,0.33532934131736525,8.379847854773333,0.33532934131736525,167.0,0.018555779119159403,0.036435469710272166,979.8212885839927
our_vol3,Our vol3 STNPP-GAT-ZINB,41,2021-07-28,0.05,0.050011418131993605,2847,67.0,0.40119760479041916,0.5988023952095809,0.050011418131993605,1.0459352925106349,8.022120143275094,0.40119760479041916,8.022120143275094,0.40119760479041916,167.0,0.021711824869908487,0.042500878117316475,979.8212885839927
our_vol3,Our vol3 STNPP-GAT-ZINB,41,2021-07-28,0.06,0.06000667521562703,3416,79.0,0.47305389221556887,0.5269461077844311,0.06000667521562703,1.0278428311215198,7.8833544854085735,0.47305389221556887,7.8833544854085735,0.47305389221556887,167.0,0.02736842105263158,0.05327868852459016,979.8212885839927
our_vol3,Our vol3 STNPP-GAT-ZINB,41,2021-07-28,0.07,0.07000193229926045,3985,85.0,0.5089820359281437,0.49101796407185627,0.07000193229926045,0.9479994423532693,7.270971231940136,0.5089820359281437,7.270971231940136,0.5089820359281437,167.0,0.02918388429752066,0.05671267252195734,979.8212885839927
our_vol3,Our vol3 STNPP-GAT-ZINB,41,2021-07-28,0.08,0.08001475573980713,4555,96.0,0.5748502994011976,0.4251497005988024,0.08001475573980713,0.9366995975118917,7.18430362107837,0.5748502994011976,7.18430362107837,0.5748502994011976,167.0,0.03699487763232783,0.07135016465422613,979.8212885839927
our_vol3,Our vol3 STNPP-GAT-ZINB,41,2021-07-28,0.09,0.09001001282344055,5124,100.0,0.5988023952095808,0.4011976047904192,0.09001001282344055,0.8673779165582444,6.652619818910188,0.5988023952095808,6.652619818910188,0.5988023952095808,167.0,0.0429472827193161,0.0823575331772053,979.8212885839927
our_vol3,Our vol3 STNPP-GAT-ZINB,41,2021-07-28,0.1,0.10000526990707397,5693,106.0,0.6347305389221557,0.3652694610778443,0.10000526990707397,0.827526982454086,6.346970909752601,0.6347305389221557,6.346970909752601,0.6347305389221557,167.0,0.05163018379975986,0.09819076058317232,979.8212885839927
our_vol3,Our vol3 STNPP-GAT-ZINB,42,2021-08-11,0.01,0.010012823440546666,570,26.0,0.16149068322981366,0.8385093167701864,0.010012823440546666,2.0272904483430803,16.128386182848423,0.16149068322981366,16.128386182848423,0.16149068322981366,161.0,0.021505376344086023,0.042105263157894736,832.0380127123252
our_vol3,Our vol3 STNPP-GAT-ZINB,42,2021-08-11,0.02,0.02000808052418009,1139,43.0,0.2670807453416149,0.7329192546583851,0.02000808052418009,1.6778850843820114,13.348644065023803,0.2670807453416149,13.348644065023803,0.2670807453416149,161.0,0.017873100983020553,0.03511852502194908,832.0380127123252
our_vol3,Our vol3 STNPP-GAT-ZINB,42,2021-08-11,0.03,0.030003337607813516,1708,52.0,0.32298136645962733,0.6770186335403727,0.030003337607813516,1.3531095498308614,10.764847920636537,0.32298136645962733,10.764847920636537,0.32298136645962733,161.0,0.01939719486720382,0.038056206088992975,832.0380127123252
our_vol3,Our vol3 STNPP-GAT-ZINB,42,2021-08-11,0.04,0.04001616104836018,2278,60.0,0.37267080745341613,0.6273291925465838,0.04001616104836018,1.170617500731636,9.31300748722591,0.37267080745341613,9.31300748722591,0.37267080745341613,161.0,0.020152261531571878,0.03950834064969271,832.0380127123252
our_vol3,Our vol3 STNPP-GAT-ZINB,42,2021-08-11,0.05,0.050011418131993605,2847,71.0,0.4409937888198758,0.5590062111801242,0.050011418131993605,1.1083791905709712,8.817862106128931,0.4409937888198758,8.817862106128931,0.4409937888198758,161.0,0.023180592991913745,0.045310853530031614,832.0380127123252
our_vol3,Our vol3 STNPP-GAT-ZINB,42,2021-08-11,0.06,0.06000667521562703,3416,82.0,0.5093167701863354,0.49068322981366463,0.06000667521562703,1.0668748373666406,8.487668552809577,0.5093167701863354,8.487668552809577,0.5093167701863354,161.0,0.026442307692307692,0.05152224824355972,832.0380127123252
our_vol3,Our vol3 STNPP-GAT-ZINB,42,2021-08-11,0.07,0.07000193229926045,3985,90.0,0.5590062111801242,0.44099378881987583,0.07000193229926045,1.0037641154328734,7.985582580640133,0.5590062111801242,7.985582580640133,0.5590062111801242,161.0,0.02878533625919711,0.05595984943538269,832.0380127123252
our_vol3,Our vol3 STNPP-GAT-ZINB,42,2021-08-11,0.08,0.08001475573980713,4555,94.0,0.5838509316770186,0.4161490683229814,0.08001475573980713,0.9171850225637274,7.296790776636144,0.5838509316770186,7.296790776636144,0.5838509316770186,161.0,0.0340522133938706,0.06586169045005488,832.0380127123252
our_vol3,Our vol3 STNPP-GAT-ZINB,42,2021-08-11,0.09,0.09001001282344055,5124,102.0,0.6335403726708074,0.36645962732919257,0.09001001282344055,0.8847254748894092,7.038554409646966,0.6335403726708074,7.038554409646966,0.6335403726708074,161.0,0.0409344845099035,0.07864949258391882,832.0380127123252
our_vol3,Our vol3 STNPP-GAT-ZINB,42,2021-08-11,0.1,0.10000526990707397,5693,108.0,0.6708074534161491,0.3291925465838509,0.10000526990707397,0.843140699104163,6.707721043495718,0.6708074534161491,6.707721043495718,0.6708074534161491,161.0,0.04940092165898618,0.09415071139996486,832.0380127123252
our_vol3,Our vol3 STNPP-GAT-ZINB,43,2021-08-25,0.01,0.010012823440546666,570,16.0,0.0963855421686747,0.9036144578313253,0.010012823440546666,1.2475633528265109,9.626210103572184,0.0963855421686747,9.626210103572184,0.0963855421686747,166.0,0.012433392539964476,0.02456140350877193,1830.886589551071
our_vol3,Our vol3 STNPP-GAT-ZINB,43,2021-08-25,0.02,0.02000808052418009,1139,32.0,0.1927710843373494,0.8072289156626506,0.02000808052418009,1.2486586674470783,9.634661561081906,0.1927710843373494,9.634661561081906,0.1927710843373494,166.0,0.013345195729537367,0.02633889376646181,1830.886589551071
our_vol3,Our vol3 STNPP-GAT-ZINB,43,2021-08-25,0.03,0.030003337607813516,1708,45.0,0.2710843373493976,0.7289156626506024,0.030003337607813516,1.17096018735363,9.035139386586156,0.2710843373493976,9.035139386586156,0.2710843373493976,166.0,0.01636417732817614,0.032201405152224825,1830.886589551071
our_vol3,Our vol3 STNPP-GAT-ZINB,43,2021-08-25,0.04,0.04001616104836018,2278,51.0,0.3072289156626506,0.6927710843373494,0.04001616104836018,0.9950248756218905,7.677620931487143,0.3072289156626506,7.677620931487143,0.3072289156626506,166.0,0.015151515151515152,0.029850746268656716,1830.886589551071
our_vol3,Our vol3 STNPP-GAT-ZINB,43,2021-08-25,0.05,0.050011418131993605,2847,64.0,0.3855421686746988,0.6144578313253012,0.050011418131993605,0.9991023689653826,7.709082906970347,0.3855421686746988,7.709082906970347,0.3855421686746988,166.0,0.01769436997319035,0.03477344573234984,1830.886589551071
our_vol3,Our vol3 STNPP-GAT-ZINB,43,2021-08-25,0.06,0.06000667521562703,3416,69.0,0.41566265060240964,0.5843373493975903,0.06000667521562703,0.897736143637783,6.926940196382721,0.41566265060240964,6.926940196382721,0.41566265060240964,166.0,0.02031063321385902,0.03981264637002342,1830.886589551071
our_vol3,Our vol3 STNPP-GAT-ZINB,43,2021-08-25,0.07,0.07000193229926045,3985,76.0,0.4578313253012048,0.5421686746987953,0.07000193229926045,0.8476230308099819,6.540266964974075,0.4578313253012048,6.540266964974075,0.4578313253012048,166.0,0.023895169578622817,0.04667503136762861,1830.886589551071
our_vol3,Our vol3 STNPP-GAT-ZINB,43,2021-08-25,0.08,0.08001475573980713,4555,80.0,0.4819277108433735,0.5180722891566265,0.08001475573980713,0.7805829979265765,6.022985465462288,0.4819277108433735,6.022985465462288,0.4819277108433735,166.0,0.0301933732896076,0.05861690450054885,1830.886589551071
our_vol3,Our vol3 STNPP-GAT-ZINB,43,2021-08-25,0.09,0.09001001282344055,5124,89.0,0.536144578313253,0.463855421686747,0.09001001282344055,0.7719663457368375,5.956499299304948,0.536144578313253,5.956499299304948,0.536144578313253,166.0,0.038508309687880014,0.0741608118657299,1830.886589551071
our_vol3,Our vol3 STNPP-GAT-ZINB,43,2021-08-25,0.1,0.10000526990707397,5693,95.0,0.572289156626506,0.42771084337349397,0.10000526990707397,0.7416515408786619,5.722589991090306,0.572289156626506,5.722589991090306,0.572289156626506,166.0,0.04545037186667891,0.08694888459511681,1830.886589551071
our_vol3,Our vol3 STNPP-GAT-ZINB,44,2021-09-08,0.01,0.010012823440546666,570,30.0,0.17142857142857143,0.8285714285714285,0.010012823440546666,2.339181286549708,17.1209022556391,0.17142857142857143,17.1209022556391,0.17142857142857143,175.0,0.02702702702702703,0.05263157894736842,948.9118916597383
our_vol3,Our vol3 STNPP-GAT-ZINB,44,2021-09-08,0.02,0.02000808052418009,1139,42.0,0.24,0.76,0.02000808052418009,1.6388645010242902,11.99515364354697,0.24,11.99515364354697,0.24,175.0,0.018783542039355994,0.03687445127304653,948.9118916597383
our_vol3,Our vol3 STNPP-GAT-ZINB,44,2021-09-08,0.03,0.030003337607813516,1708,51.0,0.2914285714285714,0.7085714285714286,0.030003337607813516,1.327088212334114,9.713205085312813,0.2914285714285714,9.713205085312813,0.2914285714285714,175.0,0.017878426698450536,0.0351288056206089,948.9118916597383
our_vol3,Our vol3 STNPP-GAT-ZINB,44,2021-09-08,0.04,0.04001616104836018,2278,58.0,0.3314285714285714,0.6685714285714286,0.04001616104836018,1.1315969173739147,8.282367991972908,0.3314285714285714,8.282367991972908,0.3314285714285714,175.0,0.016737335416201742,0.03292361720807726,948.9118916597383
our_vol3,Our vol3 STNPP-GAT-ZINB,44,2021-09-08,0.05,0.050011418131993605,2847,63.0,0.36,0.64,0.050011418131993605,0.9834913944502985,7.198356164383561,0.36,7.198356164383561,0.36,175.0,0.01787629603146228,0.035124692658939236,948.9118916597383
our_vol3,Our vol3 STNPP-GAT-ZINB,44,2021-09-08,0.06,0.06000667521562703,3416,69.0,0.3942857142857143,0.6057142857142856,0.06000667521562703,0.897736143637783,6.570697557711609,0.3942857142857143,6.570697557711609,0.3942857142857143,175.0,0.021225710014947684,0.04156908665105386,948.9118916597383
our_vol3,Our vol3 STNPP-GAT-ZINB,44,2021-09-08,0.07,0.07000193229926045,3985,78.0,0.44571428571428573,0.5542857142857143,0.07000193229926045,0.8699289000418235,6.3671711776304,0.44571428571428573,6.3671711776304,0.44571428571428573,175.0,0.023632160287695863,0.04617314930991217,948.9118916597383
our_vol3,Our vol3 STNPP-GAT-ZINB,44,2021-09-08,0.08,0.08001475573980713,4555,89.0,0.5085714285714286,0.49142857142857144,0.08001475573980713,0.8683985851933163,6.355970519052846,0.5085714285714286,6.355970519052846,0.5085714285714286,175.0,0.029843997286909337,0.0579582875960483,948.9118916597383
our_vol3,Our vol3 STNPP-GAT-ZINB,44,2021-09-08,0.09,0.09001001282344055,5124,93.0,0.5314285714285715,0.4685714285714285,0.09001001282344055,0.8066614623991673,5.904105051856808,0.5314285714285715,5.904105051856808,0.5314285714285715,175.0,0.03556992724333064,0.06869633099141297,948.9118916597383
our_vol3,Our vol3 STNPP-GAT-ZINB,44,2021-09-08,0.1,0.10000526990707397,5693,101.0,0.5771428571428572,0.4228571428571428,0.10000526990707397,0.7884926908288932,5.771124438533538,0.5771428571428572,5.771124438533538,0.5771428571428572,175.0,0.04391675071055286,0.08413841559810294,948.9118916597383
our_vol3,Our vol3 STNPP-GAT-ZINB,45,2021-09-22,0.01,0.010012823440546666,570,25.0,0.12437810945273632,0.8756218905472637,0.010012823440546666,1.9493177387914231,12.421881818975299,0.12437810945273632,12.421881818975299,0.12437810945273632,201.0,0.02242152466367713,0.043859649122807015,2052.4375098919586
our_vol3,Our vol3 STNPP-GAT-ZINB,45,2021-09-22,0.02,0.02000808052418009,1139,50.0,0.24875621890547264,0.7512437810945274,0.02000808052418009,1.9510291678860598,12.432787773162284,0.24875621890547264,12.432787773162284,0.24875621890547264,201.0,0.02244165170556553,0.043898156277436345,2052.4375098919586
our_vol3,Our vol3 STNPP-GAT-ZINB,45,2021-09-22,0.03,0.030003337607813516,1708,65.0,0.32338308457711445,0.6766169154228856,0.030003337607813516,1.6913869372885766,10.778237034965688,0.32338308457711445,10.778237034965688,0.32338308457711445,201.0,0.023980815347721823,0.0468384074941452,2052.4375098919586
our_vol3,Our vol3 STNPP-GAT-ZINB,45,2021-09-22,0.04,0.04001616104836018,2278,70.0,0.3482587064676617,0.6517412935323383,0.04001616104836018,1.3657204175202418,8.7029514412136,0.3482587064676617,8.7029514412136,0.3482587064676617,201.0,0.021753756447634,0.04258121158911326,2052.4375098919586
our_vol3,Our vol3 STNPP-GAT-ZINB,45,2021-09-22,0.05,0.050011418131993605,2847,79.0,0.39303482587064675,0.6069651741293532,0.050011418131993605,1.2332669866916441,7.858901837842749,0.39303482587064675,7.858901837842749,0.39303482587064675,201.0,0.023916561769465924,0.04671584123638918,2052.4375098919586
our_vol3,Our vol3 STNPP-GAT-ZINB,45,2021-09-22,0.06,0.06000667521562703,3416,88.0,0.43781094527363185,0.5621890547263682,0.06000667521562703,1.1449388498568827,7.296037377515234,0.43781094527363185,7.296037377515234,0.43781094527363185,201.0,0.02675082657048392,0.052107728337236536,2052.4375098919586
our_vol3,Our vol3 STNPP-GAT-ZINB,45,2021-09-22,0.07,0.07000193229926045,3985,99.0,0.4925373134328358,0.5074626865671642,0.07000193229926045,1.1041405269761606,7.036053109608794,0.4925373134328358,7.036053109608794,0.4925373134328358,201.0,0.027989165484328647,0.054454203262233374,2052.4375098919586
our_vol3,Our vol3 STNPP-GAT-ZINB,45,2021-09-22,0.08,0.08001475573980713,4555,107.0,0.5323383084577115,0.46766169154228854,0.08001475573980713,1.044029759726796,6.653001731190371,0.5323383084577115,6.653001731190371,0.5323383084577115,201.0,0.03546260513753126,0.06849615806805708,2052.4375098919586
our_vol3,Our vol3 STNPP-GAT-ZINB,45,2021-09-22,0.09,0.09001001282344055,5124,114.0,0.5671641791044776,0.4328358208955224,0.09001001282344055,0.9888108248763986,6.301123189672247,0.5671641791044776,6.301123189672247,0.5671641791044776,201.0,0.039983762938908055,0.07689305230288837,2052.4375098919586
our_vol3,Our vol3 STNPP-GAT-ZINB,45,2021-09-22,0.1,0.10000526990707397,5693,119.0,0.5920398009950248,0.40796019900497515,0.10000526990707397,0.929016140679587,5.920086026917931,0.5920398009950248,5.920086026917931,0.5920398009950248,201.0,0.048820928518791454,0.09309678552608466,2052.4375098919586
our_vol3,Our vol3 STNPP-GAT-ZINB,46,2021-10-06,0.01,0.010012823440546666,570,29.0,0.14871794871794872,0.8512820512820513,0.010012823440546666,2.261208576998051,14.852748538011696,0.14871794871794872,14.852748538011696,0.14871794871794872,195.0,0.025179856115107913,0.04912280701754386,714.8221850367302
our_vol3,Our vol3 STNPP-GAT-ZINB,46,2021-10-06,0.02,0.02000808052418009,1139,44.0,0.22564102564102564,0.7743589743589744,0.02000808052418009,1.7169056677397325,11.277494878548435,0.22564102564102564,11.277494878548435,0.22564102564102564,195.0,0.01923937360178971,0.03775241439859526,714.8221850367302
our_vol3,Our vol3 STNPP-GAT-ZINB,46,2021-10-06,0.03,0.030003337607813516,1708,58.0,0.29743589743589743,0.7025641025641025,0.030003337607813516,1.5092375748113454,9.913427010148322,0.29743589743589743,9.913427010148322,0.29743589743589743,195.0,0.022754491017964073,0.04449648711943794,714.8221850367302
our_vol3,Our vol3 STNPP-GAT-ZINB,46,2021-10-06,0.04,0.04001616104836018,2278,70.0,0.358974358974359,0.641025641025641,0.04001616104836018,1.3657204175202418,8.97073456248171,0.358974358974359,8.97073456248171,0.358974358974359,195.0,0.022671156004489337,0.04433713784021071,714.8221850367302
our_vol3,Our vol3 STNPP-GAT-ZINB,46,2021-10-06,0.05,0.050011418131993605,2847,82.0,0.4205128205128205,0.5794871794871794,0.050011418131993605,1.2800999102368964,8.408336260391055,0.4205128205128205,8.408336260391055,0.4205128205128205,195.0,0.025207057976233346,0.04917456972251493,714.8221850367302
our_vol3,Our vol3 STNPP-GAT-ZINB,46,2021-10-06,0.06,0.06000667521562703,3416,92.0,0.4717948717948718,0.5282051282051282,0.06000667521562703,1.1969815248503772,7.862373145979703,0.4717948717948718,7.862373145979703,0.4717948717948718,195.0,0.030623020063357972,0.05942622950819672,714.8221850367302
our_vol3,Our vol3 STNPP-GAT-ZINB,46,2021-10-06,0.07,0.07000193229926045,3985,96.0,0.49230769230769234,0.5076923076923077,0.07000193229926045,1.0706817231283983,7.032772898368884,0.49230769230769234,7.032772898368884,0.49230769230769234,195.0,0.031181265364212705,0.060476787954830614,714.8221850367302
our_vol3,Our vol3 STNPP-GAT-ZINB,46,2021-10-06,0.08,0.08001475573980713,4555,100.0,0.5128205128205128,0.4871794871794872,0.08001475573980713,0.9757287474082206,6.4090742773508955,0.5128205128205128,6.4090742773508955,0.5128205128205128,195.0,0.039479689639434046,0.07596048298572997,714.8221850367302
our_vol3,Our vol3 STNPP-GAT-ZINB,46,2021-10-06,0.09,0.09001001282344055,5124,105.0,0.5384615384615384,0.46153846153846156,0.09001001282344055,0.9107468123861566,5.982240437158469,0.5384615384615384,5.982240437158469,0.5384615384615384,195.0,0.043903432820617296,0.08411397345823575,714.8221850367302
our_vol3,Our vol3 STNPP-GAT-ZINB,46,2021-10-06,0.1,0.10000526990707397,5693,109.0,0.558974358974359,0.441025641025641,0.10000526990707397,0.8509475574292016,5.589449030973711,0.558974358974359,5.589449030973711,0.558974358974359,195.0,0.05124180592743052,0.09748814333391885,714.8221850367302
our_vol3,Our vol3 STNPP-GAT-ZINB,47,2021-10-20,0.01,0.010012823440546666,570,27.0,0.14835164835164835,0.8516483516483516,0.010012823440546666,2.105263157894737,14.816165413533835,0.14835164835164835,14.816165413533835,0.14835164835164835,182.0,0.02333931777378815,0.0456140350877193,2336.9724592302086
our_vol3,Our vol3 STNPP-GAT-ZINB,47,2021-10-20,0.02,0.02000808052418009,1139,40.0,0.21978021978021978,0.7802197802197802,0.02000808052418009,1.5608233343088478,10.984572933651073,0.21978021978021978,10.984572933651073,0.21978021978021978,182.0,0.017873100983020553,0.03511852502194908,2336.9724592302086
our_vol3,Our vol3 STNPP-GAT-ZINB,47,2021-10-20,0.03,0.030003337607813516,1708,53.0,0.29120879120879123,0.7087912087912087,0.030003337607813516,1.3791308873276087,9.705879892940784,0.29120879120879123,9.705879892940784,0.29120879120879123,182.0,0.020615476546160742,0.04039812646370024,2336.9724592302086
our_vol3,Our vol3 STNPP-GAT-ZINB,47,2021-10-20,0.04,0.04001616104836018,2278,69.0,0.3791208791208791,0.6208791208791209,0.04001616104836018,1.3462101258413812,9.47419415527405,0.3791208791208791,9.47419415527405,0.3791208791208791,182.0,0.021524663677130046,0.04214223002633889,2336.9724592302086
our_vol3,Our vol3 STNPP-GAT-ZINB,47,2021-10-20,0.05,0.050011418131993605,2847,72.0,0.3956043956043956,0.6043956043956045,0.050011418131993605,1.1239901650860553,7.910281499322595,0.3956043956043956,7.910281499322595,0.3956043956043956,182.0,0.02207862143241788,0.04320337197049526,2336.9724592302086
our_vol3,Our vol3 STNPP-GAT-ZINB,47,2021-10-20,0.06,0.06000667521562703,3416,80.0,0.43956043956043955,0.5604395604395604,0.06000667521562703,1.0408534998698933,7.325192372030779,0.43956043956043955,7.325192372030779,0.43956043956043955,182.0,0.025825825825825825,0.05035128805620609,2336.9724592302086
our_vol3,Our vol3 STNPP-GAT-ZINB,47,2021-10-20,0.07,0.07000193229926045,3985,86.0,0.4725274725274725,0.5274725274725275,0.07000193229926045,0.9591523769691901,6.750206130130848,0.4725274725274725,6.750206130130848,0.4725274725274725,182.0,0.026797217212058747,0.05219573400250941,2336.9724592302086
our_vol3,Our vol3 STNPP-GAT-ZINB,47,2021-10-20,0.08,0.08001475573980713,4555,89.0,0.489010989010989,0.510989010989011,0.08001475573980713,0.8683985851933163,6.11151011447389,0.489010989010989,6.11151011447389,0.489010989010989,182.0,0.032879818594104306,0.06366630076838639,2336.9724592302086
our_vol3,Our vol3 STNPP-GAT-ZINB,47,2021-10-20,0.09,0.09001001282344055,5124,96.0,0.5274725274725275,0.4725274725274725,0.09001001282344055,0.8326827998959146,5.860153897624623,0.5274725274725275,5.860153897624623,0.5274725274725275,182.0,0.040406091370558374,0.07767369242779079,2336.9724592302086
our_vol3,Our vol3 STNPP-GAT-ZINB,47,2021-10-20,0.1,0.10000526990707397,5693,106.0,0.5824175824175825,0.41758241758241754,0.10000526990707397,0.827526982454086,5.823868911696069,0.5824175824175825,5.823868911696069,0.5824175824175825,182.0,0.04930421159340153,0.0939750570876515,2336.9724592302086
our_vol3,Our vol3 STNPP-GAT-ZINB,48,2021-11-03,0.01,0.010012823440546666,570,37.0,0.18592964824120603,0.8140703517587939,0.010012823440546666,2.8849902534113063,18.569152781451113,0.18592964824120603,18.569152781451113,0.18592964824120603,199.0,0.03260869565217391,0.06315789473684211,2339.7241085206983
our_vol3,Our vol3 STNPP-GAT-ZINB,48,2021-11-03,0.02,0.02000808052418009,1139,52.0,0.2613065326633166,0.7386934673366834,0.02000808052418009,2.029070334601502,13.060050030662532,0.2613065326633166,13.060050030662532,0.2613065326633166,199.0,0.02336028751123091,0.0456540825285338,2339.7241085206983
our_vol3,Our vol3 STNPP-GAT-ZINB,48,2021-11-03,0.03,0.030003337607813516,1708,69.0,0.34673366834170855,0.6532663316582914,0.030003337607813516,1.795472287275566,11.556503242206349,0.34673366834170855,11.556503242206349,0.34673366834170855,199.0,0.02459508098380324,0.04800936768149883,2339.7241085206983
our_vol3,Our vol3 STNPP-GAT-ZINB,48,2021-11-03,0.04,0.04001616104836018,2278,79.0,0.3969849246231156,0.6030150753768844,0.04001616104836018,1.5413130426299873,9.920614927137885,0.3969849246231156,9.920614927137885,0.3969849246231156,199.0,0.022900763358778626,0.04477611940298507,2339.7241085206983
our_vol3,Our vol3 STNPP-GAT-ZINB,48,2021-11-03,0.05,0.050011418131993605,2847,86.0,0.4321608040201005,0.5678391959798995,0.050011418131993605,1.342543808297233,8.641242743397353,0.4321608040201005,8.641242743397353,0.4321608040201005,199.0,0.022813005209268905,0.04460835967685283,2339.7241085206983
our_vol3,Our vol3 STNPP-GAT-ZINB,48,2021-11-03,0.06,0.06000667521562703,3416,96.0,0.4824120603015075,0.5175879396984925,0.06000667521562703,1.249024199843872,8.03930660327398,0.4824120603015075,8.03930660327398,0.4824120603015075,199.0,0.02675082657048392,0.052107728337236536,2339.7241085206983
our_vol3,Our vol3 STNPP-GAT-ZINB,48,2021-11-03,0.07,0.07000193229926045,3985,104.0,0.5226130653266332,0.4773869346733668,0.07000193229926045,1.1599052000557648,7.4656948481428484,0.5226130653266332,7.4656948481428484,0.5226130653266332,199.0,0.028652555498193084,0.05570890840652447,2339.7241085206983
our_vol3,Our vol3 STNPP-GAT-ZINB,48,2021-11-03,0.08,0.08001475573980713,4555,111.0,0.5577889447236181,0.44221105527638194,0.08001475573980713,1.083058909623125,6.971076016746741,0.5577889447236181,6.971076016746741,0.5577889447236181,199.0,0.033700215590604786,0.06520307354555434,2339.7241085206983
our_vol3,Our vol3 STNPP-GAT-ZINB,48,2021-11-03,0.09,0.09001001282344055,5124,119.0,0.5979899497487438,0.40201005025125625,0.09001001282344055,1.0321797207043109,6.643593651316693,0.5979899497487438,6.643593651316693,0.5979899497487438,199.0,0.04167513722301281,0.08001561280249805,2339.7241085206983
our_vol3,Our vol3 STNPP-GAT-ZINB,48,2021-11-03,0.1,0.10000526990707397,5693,123.0,0.6180904522613065,0.38190954773869346,0.10000526990707397,0.9602435739797412,6.180578811853048,0.6180904522613065,6.180578811853048,0.6180904522613065,199.0,0.049981556621173,0.09520463727384507,2339.7241085206983
our_vol3,Our vol3 STNPP-GAT-ZINB,49,2021-11-17,0.01,0.010012823440546666,570,27.0,0.14917127071823205,0.850828729281768,0.010012823440546666,2.105263157894737,14.898022681011922,0.14917127071823205,14.898022681011922,0.14917127071823205,181.0,0.02242152466367713,0.043859649122807015,1888.7163865066243
our_vol3,Our vol3 STNPP-GAT-ZINB,49,2021-11-17,0.02,0.02000808052418009,1139,40.0,0.22099447513812154,0.7790055248618785,0.02000808052418009,1.5608233343088478,11.045261181903289,0.22099447513812154,11.045261181903289,0.22099447513812154,181.0,0.017418490397498883,0.03424056189640035,1888.7163865066243
our_vol3,Our vol3 STNPP-GAT-ZINB,49,2021-11-17,0.03,0.030003337607813516,1708,56.0,0.30939226519337015,0.6906077348066298,0.030003337607813516,1.4571948998178506,10.311928267367085,0.30939226519337015,10.311928267367085,0.30939226519337015,181.0,0.02031063321385902,0.03981264637002342,1888.7163865066243
our_vol3,Our vol3 STNPP-GAT-ZINB,49,2021-11-17,0.04,0.04001616104836018,2278,69.0,0.3812154696132597,0.6187845303867403,0.04001616104836018,1.3462101258413812,9.526537769391588,0.3812154696132597,9.526537769391588,0.3812154696132597,181.0,0.02038073908174692,0.03994732221246708,1888.7163865066243
our_vol3,Our vol3 STNPP-GAT-ZINB,49,2021-11-17,0.05,0.050011418131993605,2847,71.0,0.39226519337016574,0.6077348066298343,0.050011418131993605,1.1083791905709712,7.843512702136785,0.39226519337016574,7.843512702136785,0.39226519337016574,181.0,0.01896921975662133,0.03723217421847559,1888.7163865066243
our_vol3,Our vol3 STNPP-GAT-ZINB,49,2021-11-17,0.06,0.06000667521562703,3416,83.0,0.4585635359116022,0.5414364640883977,0.06000667521562703,1.0798855061150143,7.641875412423823,0.4585635359116022,7.641875412423823,0.4585635359116022,181.0,0.024134312696747113,0.0471311475409836,1888.7163865066243
our_vol3,Our vol3 STNPP-GAT-ZINB,49,2021-11-17,0.07,0.07000193229926045,3985,91.0,0.5027624309392266,0.49723756906077343,0.07000193229926045,1.014917050048794,7.182122184712008,0.5027624309392266,7.182122184712008,0.5027624309392266,181.0,0.028121775025799794,0.05470514429109159,1888.7163865066243
our_vol3,Our vol3 STNPP-GAT-ZINB,49,2021-11-17,0.08,0.08001475573980713,4555,100.0,0.5524861878453039,0.4475138121546961,0.08001475573980713,0.9757287474082206,6.904803779466436,0.5524861878453039,6.904803779466436,0.5524861878453039,181.0,0.033700215590604786,0.06520307354555434,1888.7163865066243
our_vol3,Our vol3 STNPP-GAT-ZINB,49,2021-11-17,0.09,0.09001001282344055,5124,108.0,0.5966850828729282,0.4033149171270718,0.09001001282344055,0.9367681498829039,6.629096743307413,0.5966850828729282,6.629096743307413,0.5966850828729282,181.0,0.03966724155422542,0.07630757220921155,1888.7163865066243
our_vol3,Our vol3 STNPP-GAT-ZINB,49,2021-11-17,0.1,0.10000526990707397,5693,112.0,0.6187845303867403,0.3812154696132597,0.10000526990707397,0.8743681324043172,6.1875192273539374,0.6187845303867403,6.1875192273539374,0.6187845303867403,181.0,0.04756647345661975,0.0908132794660109,1888.7163865066243
our_vol3,Our vol3 STNPP-GAT-ZINB,50,2021-12-01,0.01,0.010012823440546666,570,39.0,0.15476190476190477,0.8452380952380952,0.010012823440546666,3.04093567251462,15.456370091896407,0.15476190476190477,15.456370091896407,0.15476190476190477,252.0,0.033544877606527655,0.06491228070175438,925.3683855582518
our_vol3,Our vol3 STNPP-GAT-ZINB,50,2021-12-01,0.02,0.02000808052418009,1139,60.0,0.23809523809523808,0.7619047619047619,0.02000808052418009,2.341235001463272,11.899954011455328,0.23809523809523808,11.899954011455328,0.23809523809523808,252.0,0.026126126126126126,0.050921861281826165,925.3683855582518
our_vol3,Our vol3 STNPP-GAT-ZINB,50,2021-12-01,0.03,0.030003337607813516,1708,79.0,0.3134920634920635,0.6865079365079365,0.030003337607813516,2.0556856622430395,10.448573008438348,0.3134920634920635,10.448573008438348,0.3134920634920635,252.0,0.027677496991576414,0.053864168618266976,925.3683855582518
our_vol3,Our vol3 STNPP-GAT-ZINB,50,2021-12-01,0.04,0.04001616104836018,2278,87.0,0.34523809523809523,0.6547619047619048,0.04001616104836018,1.697395376060872,8.627466658305114,0.34523809523809523,8.627466658305114,0.34523809523809523,252.0,0.024280575539568347,0.04741000877963126,925.3683855582518
our_vol3,Our vol3 STNPP-GAT-ZINB,50,2021-12-01,0.05,0.050011418131993605,2847,93.0,0.36904761904761907,0.6309523809523809,0.050011418131993605,1.4518206299028216,7.379267232006958,0.36904761904761907,7.379267232006958,0.36904761904761907,252.0,0.022262118491921005,0.04355461889708465,925.3683855582518
our_vol3,Our vol3 STNPP-GAT-ZINB,50,2021-12-01,0.06,0.06000667521562703,3416,100.0,0.3968253968253968,0.6031746031746033,0.06000667521562703,1.3010668748373666,6.613020891416675,0.3968253968253968,6.613020891416675,0.3968253968253968,252.0,0.02845100105374078,0.055327868852459015,925.3683855582518
our_vol3,Our vol3 STNPP-GAT-ZINB,50,2021-12-01,0.07,0.07000193229926045,3985,110.0,0.4365079365079365,0.5634920634920635,0.07000193229926045,1.2268228077512897,6.235655533648006,0.4365079365079365,6.235655533648006,0.4365079365079365,252.0,0.029715762273901807,0.05771643663739021,925.3683855582518
our_vol3,Our vol3 STNPP-GAT-ZINB,50,2021-12-01,0.08,0.08001475573980713,4555,119.0,0.4722222222222222,0.5277777777777778,0.08001475573980713,1.1611172094157824,5.90168923039395,0.4722222222222222,5.90168923039395,0.4722222222222222,252.0,0.034756928668786914,0.06717892425905599,925.3683855582518
our_vol3,Our vol3 STNPP-GAT-ZINB,50,2021-12-01,0.09,0.09001001282344055,5124,128.0,0.5079365079365079,0.4920634920634921,0.09001001282344055,1.1102437331945527,5.643111160675563,0.5079365079365079,5.643111160675563,0.5079365079365079,252.0,0.04061738424045491,0.078064012490242,925.3683855582518
our_vol3,Our vol3 STNPP-GAT-ZINB,50,2021-12-01,0.1,0.10000526990707397,5693,139.0,0.5515873015873016,0.4484126984126984,0.10000526990707397,1.0851533071803579,5.515582349808593,0.5515873015873016,5.515582349808593,0.5515873015873016,252.0,0.04959439528023599,0.0945020200245916,925.3683855582518
our_vol3,Our vol3 STNPP-GAT-ZINB,51,2021-12-15,0.01,0.010012823440546666,570,30.0,0.16129032258064516,0.8387096774193549,0.010012823440546666,2.339181286549708,16.108375778155064,0.16129032258064516,16.108375778155064,0.16129032258064516,186.0,0.026102610261026102,0.05087719298245614,760.3194553848309
our_vol3,Our vol3 STNPP-GAT-ZINB,51,2021-12-15,0.02,0.02000808052418009,1139,46.0,0.24731182795698925,0.7526881720430108,0.02000808052418009,1.794946834455175,12.360597392543923,0.24731182795698925,12.360597392543923,0.24731182795698925,186.0,0.02060931899641577,0.04038630377524144,760.3194553848309
our_vol3,Our vol3 STNPP-GAT-ZINB,51,2021-12-15,0.03,0.030003337607813516,1708,57.0,0.3064516129032258,0.6935483870967742,0.030003337607813516,1.483216237314598,10.213917428420336,0.3064516129032258,10.213917428420336,0.3064516129032258,186.0,0.021225710014947684,0.04156908665105386,760.3194553848309
our_vol3,Our vol3 STNPP-GAT-ZINB,51,2021-12-15,0.04,0.04001616104836018,2278,71.0,0.3817204301075269,0.6182795698924731,0.04001616104836018,1.3852307091991025,9.539156683376287,0.3817204301075269,9.539156683376287,0.3817204301075269,186.0,0.02060931899641577,0.04038630377524144,760.3194553848309
our_vol3,Our vol3 STNPP-GAT-ZINB,51,2021-12-15,0.05,0.050011418131993605,2847,79.0,0.42473118279569894,0.575268817204301,0.050011418131993605,1.2332669866916441,8.49268424412039,0.42473118279569894,8.49268424412039,0.42473118279569894,186.0,0.021528525296017224,0.04214963119072708,760.3194553848309
our_vol3,Our vol3 STNPP-GAT-ZINB,51,2021-12-15,0.06,0.06000667521562703,3416,85.0,0.45698924731182794,0.543010752688172,0.06000667521562703,1.1059068436117616,7.615640187857268,0.45698924731182794,7.615640187857268,0.45698924731182794,186.0,0.026596543951915852,0.05181498829039813,760.3194553848309
our_vol3,Our vol3 STNPP-GAT-ZINB,51,2021-12-15,0.07,0.07000193229926045,3985,88.0,0.4731182795698925,0.5268817204301075,0.07000193229926045,0.9814582462010317,6.75864599776042,0.4731182795698925,6.75864599776042,0.4731182795698925,186.0,0.027724049000644745,0.053952321204516936,760.3194553848309
our_vol3,Our vol3 STNPP-GAT-ZINB,51,2021-12-15,0.08,0.08001475573980713,4555,94.0,0.5053763440860215,0.4946236559139785,0.08001475573980713,0.9171850225637274,6.316039328163544,0.5053763440860215,6.316039328163544,0.5053763440860215,186.0,0.033465683494044246,0.06476399560922064,760.3194553848309
our_vol3,Our vol3 STNPP-GAT-ZINB,51,2021-12-15,0.09,0.09001001282344055,5124,105.0,0.5645161290322581,0.4354838709677419,0.09001001282344055,0.9107468123861566,6.271703684117751,0.5645161290322581,6.271703684117751,0.5645161290322581,186.0,0.03882412569690826,0.07474629195940671,760.3194553848309
our_vol3,Our vol3 STNPP-GAT-ZINB,51,2021-12-15,0.1,0.10000526990707397,5693,114.0,0.6129032258064516,0.3870967741935484,0.10000526990707397,0.8899818490543943,6.128709280780585,0.6129032258064516,6.128709280780585,0.6129032258064516,186.0,0.05017524441984873,0.09555594589847181,760.3194553848309
our_vol3,Our vol3 STNPP-GAT-ZINB,52,2021-12-29,0.01,0.010012823440546666,570,23.0,0.11219512195121951,0.8878048780487805,0.010012823440546666,1.7933723196881093,11.205143346170303,0.11219512195121951,11.205143346170303,0.11219512195121951,205.0,0.01694915254237288,0.03333333333333333,1116.61845153128
our_vol3,Our vol3 STNPP-GAT-ZINB,52,2021-12-29,0.02,0.02000808052418009,1139,42.0,0.2048780487804878,0.7951219512195122,0.02000808052418009,1.6388645010242902,10.239765305466927,0.2048780487804878,10.239765305466927,0.2048780487804878,205.0,0.017418490397498883,0.03424056189640035,1116.61845153128
our_vol3,Our vol3 STNPP-GAT-ZINB,52,2021-12-29,0.03,0.030003337607813516,1708,55.0,0.2682926829268293,0.7317073170731707,0.030003337607813516,1.4311735623211033,8.942094590735135,0.2682926829268293,8.942094590735135,0.2682926829268293,205.0,0.02031063321385902,0.03981264637002342,1116.61845153128
our_vol3,Our vol3 STNPP-GAT-ZINB,52,2021-12-29,0.04,0.04001616104836018,2278,69.0,0.33658536585365856,0.6634146341463414,0.04001616104836018,1.3462101258413812,8.411235786633547,0.33658536585365856,8.411235786633547,0.33658536585365856,205.0,0.021524663677130046,0.04214223002633889,1116.61845153128
our_vol3,Our vol3 STNPP-GAT-ZINB,52,2021-12-29,0.05,0.050011418131993605,2847,77.0,0.375609756097561,0.624390243902439,0.050011418131993605,1.202045037661476,7.510480008909679,0.375609756097561,7.510480008909679,0.375609756097561,205.0,0.02244568145088885,0.04390586582367404,1116.61845153128
our_vol3,Our vol3 STNPP-GAT-ZINB,52,2021-12-29,0.06,0.06000667521562703,3416,83.0,0.40487804878048783,0.5951219512195122,0.06000667521562703,1.0798855061150143,6.747216827554693,0.40487804878048783,6.747216827554693,0.40487804878048783,205.0,0.027213952789054276,0.05298594847775176,1116.61845153128
our_vol3,Our vol3 STNPP-GAT-ZINB,52,2021-12-29,0.07,0.07000193229926045,3985,88.0,0.4292682926829268,0.5707317073170732,0.07000193229926045,0.9814582462010317,6.132234905285063,0.4292682926829268,6.132234905285063,0.4292682926829268,205.0,0.03011503166602042,0.05846925972396487,1116.61845153128
our_vol3,Our vol3 STNPP-GAT-ZINB,52,2021-12-29,0.08,0.08001475573980713,4555,93.0,0.45365853658536587,0.5463414634146342,0.08001475573980713,0.9074277350896451,5.669685952183341,0.45365853658536587,5.669685952183341,0.45365853658536587,205.0,0.0340522133938706,0.06586169045005488,1116.61845153128
our_vol3,Our vol3 STNPP-GAT-ZINB,52,2021-12-29,0.09,0.09001001282344055,5124,99.0,0.48292682926829267,0.5170731707317073,0.09001001282344055,0.8587041373926619,5.36525675444108,0.48292682926829267,5.36525675444108,0.48292682926829267,205.0,0.04082876294942109,0.07845433255269321,1116.61845153128
our_vol3,Our vol3 STNPP-GAT-ZINB,52,2021-12-29,0.1,0.10000526990707397,5693,104.0,0.5073170731707317,0.4926829268292683,0.10000526990707397,0.8119132658040088,5.07290339441248,0.5073170731707317,5.07290339441248,0.5073170731707317,205.0,0.04891754951635191,0.09327243983839803,1116.61845153128
our_vol3,Our vol3 STNPP-GAT-ZINB,53,2022-01-12,0.01,0.010012823440546666,570,42.0,0.1990521327014218,0.8009478672985781,0.010012823440546666,3.274853801169591,19.87972062858568,0.1990521327014218,19.87972062858568,0.1990521327014218,211.0,0.0373066424021838,0.07192982456140351,803.2237387971188
our_vol3,Our vol3 STNPP-GAT-ZINB,53,2022-01-12,0.02,0.02000808052418009,1139,60.0,0.2843601895734597,0.7156398104265402,0.02000808052418009,2.341235001463272,14.212267350174137,0.2843601895734597,14.212267350174137,0.2843601895734597,211.0,0.026126126126126126,0.050921861281826165,803.2237387971188
our_vol3,Our vol3 STNPP-GAT-ZINB,53,2022-01-12,0.03,0.030003337607813516,1708,74.0,0.35071090047393366,0.6492890995260663,0.030003337607813516,1.9255789747593026,11.689062898875656,0.35071090047393366,11.689062898875656,0.35071090047393366,211.0,0.02613397416641634,0.050936768149882905,803.2237387971188
our_vol3,Our vol3 STNPP-GAT-ZINB,53,2022-01-12,0.04,0.04001616104836018,2278,77.0,0.36492890995260663,0.6350710900473934,0.04001616104836018,1.502292459272266,9.119538216361738,0.36492890995260663,9.119538216361738,0.36492890995260663,211.0,0.022671156004489337,0.04433713784021071,803.2237387971188
our_vol3,Our vol3 STNPP-GAT-ZINB,53,2022-01-12,0.05,0.050011418131993605,2847,84.0,0.3981042654028436,0.6018957345971564,0.050011418131993605,1.3113218592670646,7.960267480360969,0.3981042654028436,7.960267480360969,0.3981042654028436,211.0,0.022629310344827586,0.044257112750263436,803.2237387971188
our_vol3,Our vol3 STNPP-GAT-ZINB,53,2022-01-12,0.06,0.06000667521562703,3416,92.0,0.43601895734597157,0.5639810426540284,0.06000667521562703,1.1969815248503772,7.266174234436218,0.43601895734597157,7.266174234436218,0.43601895734597157,211.0,0.02675082657048392,0.052107728337236536,803.2237387971188
our_vol3,Our vol3 STNPP-GAT-ZINB,53,2022-01-12,0.07,0.07000193229926045,3985,102.0,0.4834123222748815,0.5165876777251185,0.07000193229926045,1.1375993308239232,6.905699691378214,0.4834123222748815,6.905699691378214,0.4834123222748815,211.0,0.02878533625919711,0.05595984943538269,803.2237387971188
our_vol3,Our vol3 STNPP-GAT-ZINB,53,2022-01-12,0.08,0.08001475573980713,4555,114.0,0.5402843601895735,0.4597156398104265,0.08001475573980713,1.1123307720453715,6.752309060924665,0.5402843601895735,6.752309060924665,0.5402843601895735,211.0,0.034756928668786914,0.06717892425905599,803.2237387971188
our_vol3,Our vol3 STNPP-GAT-ZINB,53,2022-01-12,0.09,0.09001001282344055,5124,118.0,0.5592417061611374,0.44075829383886256,0.09001001282344055,1.0235059415387284,6.213105504807781,0.5592417061611374,6.213105504807781,0.5592417061611374,211.0,0.039878234398782346,0.07669789227166277,803.2237387971188
our_vol3,Our vol3 STNPP-GAT-ZINB,53,2022-01-12,0.1,0.10000526990707397,5693,126.0,0.5971563981042654,0.40284360189573465,0.10000526990707397,0.9836641489548569,5.971249301753296,0.5971563981042654,5.971249301753296,0.5971563981042654,211.0,0.04756647345661975,0.0908132794660109,803.2237387971188
our_vol3,Our vol3 STNPP-GAT-ZINB,54,2022-01-26,0.01,0.010012823440546666,570,25.0,0.1388888888888889,0.8611111111111112,0.010012823440546666,1.9493177387914231,13.871101364522417,0.1388888888888889,13.871101364522417,0.1388888888888889,180.0,0.020590868397493287,0.04035087719298246,1984.8328694073275
our_vol3,Our vol3 STNPP-GAT-ZINB,54,2022-01-26,0.02,0.02000808052418009,1139,36.0,0.2,0.8,0.02000808052418009,1.404741000877963,9.995961369622476,0.2,9.995961369622476,0.2,180.0,0.01560410164957646,0.030728709394205442,1984.8328694073275
our_vol3,Our vol3 STNPP-GAT-ZINB,54,2022-01-26,0.03,0.030003337607813516,1708,43.0,0.2388888888888889,0.7611111111111111,0.030003337607813516,1.1189175123601354,7.962077153265678,0.2388888888888889,7.962077153265678,0.2388888888888889,180.0,0.016666666666666666,0.03278688524590164,1984.8328694073275
our_vol3,Our vol3 STNPP-GAT-ZINB,54,2022-01-26,0.04,0.04001616104836018,2278,59.0,0.3277777777777778,0.6722222222222223,0.04001616104836018,1.1511072090527752,8.191135011218417,0.3277777777777778,8.191135011218417,0.3277777777777778,180.0,0.018555779119159403,0.036435469710272166,1984.8328694073275
our_vol3,Our vol3 STNPP-GAT-ZINB,54,2022-01-26,0.05,0.050011418131993605,2847,65.0,0.3611111111111111,0.6388888888888888,0.050011418131993605,1.0147133434804667,7.220573313039067,0.3611111111111111,7.220573313039067,0.3611111111111111,180.0,0.019516562220232767,0.03828591499824376,1984.8328694073275
our_vol3,Our vol3 STNPP-GAT-ZINB,54,2022-01-26,0.06,0.06000667521562703,3416,71.0,0.39444444444444443,0.6055555555555556,0.06000667521562703,0.9237574811345303,6.573342766068175,0.39444444444444443,6.573342766068175,0.39444444444444443,180.0,0.023827364004196015,0.046545667447306795,1984.8328694073275
our_vol3,Our vol3 STNPP-GAT-ZINB,54,2022-01-26,0.07,0.07000193229926045,3985,77.0,0.42777777777777776,0.5722222222222222,0.07000193229926045,0.8587759654259027,6.110942422975046,0.42777777777777776,6.110942422975046,0.42777777777777776,180.0,0.026797217212058747,0.05219573400250941,1984.8328694073275
our_vol3,Our vol3 STNPP-GAT-ZINB,54,2022-01-26,0.08,0.08001475573980713,4555,82.0,0.45555555555555555,0.5444444444444445,0.08001475573980713,0.8000975728747408,5.693394316380046,0.45555555555555555,5.693394316380046,0.45555555555555555,180.0,0.03042642235041285,0.059055982436882544,1984.8328694073275
our_vol3,Our vol3 STNPP-GAT-ZINB,54,2022-01-26,0.09,0.09001001282344055,5124,93.0,0.5166666666666667,0.4833333333333333,0.09001001282344055,0.8066614623991673,5.740102133749675,0.5166666666666667,5.740102133749675,0.5166666666666667,180.0,0.037456975096173316,0.07220921155347385,1984.8328694073275
our_vol3,Our vol3 STNPP-GAT-ZINB,54,2022-01-26,0.1,0.10000526990707397,5693,96.0,0.5333333333333333,0.4666666666666667,0.10000526990707397,0.7494583992037005,5.333052286433632,0.5333333333333333,5.333052286433632,0.5333333333333333,180.0,0.04391675071055286,0.08413841559810294,1984.8328694073275
our_vol3,Our vol3 STNPP-GAT-ZINB,55,2022-02-09,0.01,0.010012823440546666,570,26.0,0.13541666666666666,0.8645833333333334,0.010012823440546666,2.0272904483430803,13.524323830409354,0.13541666666666666,13.524323830409354,0.13541666666666666,192.0,0.01967799642218247,0.03859649122807018,1126.3109428961632
our_vol3,Our vol3 STNPP-GAT-ZINB,55,2022-02-09,0.02,0.02000808052418009,1139,39.0,0.203125,0.796875,0.02000808052418009,1.5218027509511267,10.152148266022827,0.203125,10.152148266022827,0.203125,192.0,0.016057091882247992,0.03160667251975417,1126.3109428961632
our_vol3,Our vol3 STNPP-GAT-ZINB,55,2022-02-09,0.03,0.030003337607813516,1708,50.0,0.2604166666666667,0.7395833333333333,0.030003337607813516,1.3010668748373666,8.679589919984387,0.2604166666666667,8.679589919984387,0.2604166666666667,192.0,0.019701492537313434,0.03864168618266979,1126.3109428961632
our_vol3,Our vol3 STNPP-GAT-ZINB,55,2022-02-09,0.04,0.04001616104836018,2278,58.0,0.3020833333333333,0.6979166666666667,0.04001616104836018,1.1315969173739147,7.549033326016974,0.3020833333333333,7.549033326016974,0.3020833333333333,192.0,0.018328118015198926,0.035996488147497806,1126.3109428961632
our_vol3,Our vol3 STNPP-GAT-ZINB,55,2022-02-09,0.05,0.050011418131993605,2847,67.0,0.3489583333333333,0.6510416666666667,0.050011418131993605,1.0459352925106349,6.977573249619482,0.3489583333333333,6.977573249619482,0.3489583333333333,192.0,0.02097902097902098,0.0410958904109589,1126.3109428961632
our_vol3,Our vol3 STNPP-GAT-ZINB,55,2022-02-09,0.06,0.06000667521562703,3416,78.0,0.40625,0.59375,0.06000667521562703,1.014832162373146,6.770080137587822,0.40625,6.770080137587822,0.40625,192.0,0.02690515556891628,0.052400468384074944,1126.3109428961632
our_vol3,Our vol3 STNPP-GAT-ZINB,55,2022-02-09,0.07,0.07000193229926045,3985,85.0,0.4427083333333333,0.5572916666666667,0.07000193229926045,0.9479994423532693,6.324230186114597,0.4427083333333333,6.324230186114597,0.4427083333333333,192.0,0.028121775025799794,0.05470514429109159,1126.3109428961632
our_vol3,Our vol3 STNPP-GAT-ZINB,55,2022-02-09,0.08,0.08001475573980713,4555,89.0,0.4635416666666667,0.5364583333333333,0.08001475573980713,0.8683985851933163,5.793202296011708,0.4635416666666667,5.793202296011708,0.4635416666666667,192.0,0.03252861838376969,0.06300768386388585,1126.3109428961632
our_vol3,Our vol3 STNPP-GAT-ZINB,55,2022-02-09,0.09,0.09001001282344055,5124,94.0,0.4895833333333333,0.5104166666666667,0.09001001282344055,0.8153352415647497,5.4392096831902155,0.4895833333333333,5.4392096831902155,0.4895833333333333,192.0,0.036617438802346754,0.070647931303669,1126.3109428961632
our_vol3,Our vol3 STNPP-GAT-ZINB,55,2022-02-09,0.1,0.10000526990707397,5693,99.0,0.515625,0.484375,0.10000526990707397,0.7728789741788161,5.155978284735641,0.515625,5.155978284735641,0.515625,192.0,0.04401247019988997,0.0843140699104163,1126.3109428961632
our_vol3,Our vol3 STNPP-GAT-ZINB,56,2022-02-23,0.01,0.010012823440546666,570,31.0,0.18674698795180722,0.8132530120481928,0.010012823440546666,2.417153996101365,18.650782075671103,0.18674698795180722,18.650782075671103,0.18674698795180722,166.0,0.025179856115107913,0.04912280701754386,1964.434122878691
our_vol3,Our vol3 STNPP-GAT-ZINB,56,2022-02-23,0.02,0.02000808052418009,1139,45.0,0.2710843373493976,0.7289156626506024,0.02000808052418009,1.7559262510974538,13.548742820271428,0.2710843373493976,13.548742820271428,0.2710843373493976,166.0,0.019695613249776187,0.038630377524143986,1964.434122878691
our_vol3,Our vol3 STNPP-GAT-ZINB,56,2022-02-23,0.03,0.030003337607813516,1708,53.0,0.3192771084337349,0.6807228915662651,0.030003337607813516,1.3791308873276087,10.641386388645918,0.3192771084337349,10.641386388645918,0.3192771084337349,166.0,0.02092050209205021,0.040983606557377046,1964.434122878691
our_vol3,Our vol3 STNPP-GAT-ZINB,56,2022-02-23,0.04,0.04001616104836018,2278,67.0,0.4036144578313253,0.5963855421686747,0.04001616104836018,1.3071895424836601,10.086286321757619,0.4036144578313253,10.086286321757619,0.4036144578313253,166.0,0.0210667861945316,0.041264266900790166,1964.434122878691
our_vol3,Our vol3 STNPP-GAT-ZINB,56,2022-02-23,0.05,0.050011418131993605,2847,74.0,0.4457831325301205,0.5542168674698795,0.050011418131993605,1.1552121141162237,8.913627111184464,0.4457831325301205,8.913627111184464,0.4457831325301205,166.0,0.021162123385939743,0.0414471373375483,1964.434122878691
our_vol3,Our vol3 STNPP-GAT-ZINB,56,2022-02-23,0.06,0.06000667521562703,3416,80.0,0.4819277108433735,0.5180722891566265,0.06000667521562703,1.0408534998698933,8.031235010298806,0.4819277108433735,8.031235010298806,0.4819277108433735,166.0,0.025210084033613446,0.04918032786885246,1964.434122878691
our_vol3,Our vol3 STNPP-GAT-ZINB,56,2022-02-23,0.07,0.07000193229926045,3985,86.0,0.5180722891566265,0.4819277108433735,0.07000193229926045,0.9591523769691901,7.400828407733822,0.5180722891566265,7.400828407733822,0.5180722891566265,166.0,0.02838709677419355,0.05520702634880803,1964.434122878691
our_vol3,Our vol3 STNPP-GAT-ZINB,56,2022-02-23,0.08,0.08001475573980713,4555,93.0,0.5602409638554217,0.43975903614457834,0.08001475573980713,0.9074277350896451,7.001720603599909,0.5602409638554217,7.001720603599909,0.5602409638554217,166.0,0.030776193708983934,0.059714599341383096,1964.434122878691
our_vol3,Our vol3 STNPP-GAT-ZINB,56,2022-02-23,0.09,0.09001001282344055,5124,97.0,0.5843373493975904,0.4156626506024096,0.09001001282344055,0.8413565790614971,6.491914966658202,0.5843373493975904,6.491914966658202,0.5843373493975904,166.0,0.03724696356275304,0.07181889149102264,1964.434122878691
our_vol3,Our vol3 STNPP-GAT-ZINB,56,2022-02-23,0.1,0.10000526990707397,5693,100.0,0.6024096385542169,0.3975903614457831,0.10000526990707397,0.7806858325038546,6.023778937989796,0.6024096385542169,6.023778937989796,0.6024096385542169,166.0,0.04315162620247366,0.082733181099596,1964.434122878691
our_vol3,Our vol3 STNPP-GAT-ZINB,57,2022-03-09,0.01,0.010012823440546666,570,22.0,0.11827956989247312,0.8817204301075269,0.010012823440546666,1.7153996101364524,11.81280890398038,0.11827956989247312,11.81280890398038,0.11827956989247312,186.0,0.017857142857142856,0.03508771929824561,354.73817689329144
our_vol3,Our vol3 STNPP-GAT-ZINB,57,2022-03-09,0.02,0.02000808052418009,1139,33.0,0.1774193548387097,0.8225806451612903,0.02000808052418009,1.2876792508047994,8.867385085955423,0.1774193548387097,8.867385085955423,0.1774193548387097,186.0,0.014699331848552339,0.02897278314310799,354.73817689329144
our_vol3,Our vol3 STNPP-GAT-ZINB,57,2022-03-09,0.03,0.030003337607813516,1708,46.0,0.24731182795698925,0.7526881720430108,0.030003337607813516,1.1969815248503772,8.242810556269044,0.24731182795698925,8.242810556269044,0.24731182795698925,186.0,0.018485390578413835,0.03629976580796253,354.73817689329144
our_vol3,Our vol3 STNPP-GAT-ZINB,57,2022-03-09,0.04,0.04001616104836018,2278,50.0,0.26881720430107525,0.7311827956989247,0.04001616104836018,0.9755145839430299,6.717715974208653,0.26881720430107525,6.717715974208653,0.26881720430107525,186.0,0.018100558659217877,0.03555750658472344,354.73817689329144
our_vol3,Our vol3 STNPP-GAT-ZINB,57,2022-03-09,0.05,0.050011418131993605,2847,61.0,0.3279569892473118,0.6720430107526882,0.050011418131993605,0.9522694454201303,6.55764226444739,0.3279569892473118,6.55764226444739,0.3279569892473118,186.0,0.02097902097902098,0.0410958904109589,354.73817689329144
our_vol3,Our vol3 STNPP-GAT-ZINB,57,2022-03-09,0.06,0.06000667521562703,3416,66.0,0.3548387096774194,0.6451612903225806,0.06000667521562703,0.8587041373926619,5.91332061645388,0.3548387096774194,5.91332061645388,0.3548387096774194,186.0,0.025517862503752625,0.049765807962529274,354.73817689329144
our_vol3,Our vol3 STNPP-GAT-ZINB,57,2022-03-09,0.07,0.07000193229926045,3985,73.0,0.3924731182795699,0.6075268817204301,0.07000193229926045,0.8141642269622195,5.606604066323984,0.3924731182795699,5.606604066323984,0.3924731182795699,186.0,0.026004119464469618,0.0506900878293601,354.73817689329144
our_vol3,Our vol3 STNPP-GAT-ZINB,57,2022-03-09,0.08,0.08001475573980713,4555,78.0,0.41935483870967744,0.5806451612903225,0.08001475573980713,0.761068422978412,5.240968804220814,0.41935483870967744,5.240968804220814,0.41935483870967744,186.0,0.03042642235041285,0.059055982436882544,354.73817689329144
our_vol3,Our vol3 STNPP-GAT-ZINB,57,2022-03-09,0.09,0.09001001282344055,5124,85.0,0.45698924731182794,0.543010752688172,0.09001001282344055,0.7372712290745077,5.077093458571512,0.45698924731182794,5.077093458571512,0.45698924731182794,186.0,0.035988677719369186,0.06947697111631537,354.73817689329144
our_vol3,Our vol3 STNPP-GAT-ZINB,57,2022-03-09,0.1,0.10000526990707397,5693,93.0,0.5,0.5,0.10000526990707397,0.7260378242285848,4.99973651853153,0.5,4.99973651853153,0.5,186.0,0.04191068814055637,0.08044967503952222,354.73817689329144
our_vol3,Our vol3 STNPP-GAT-ZINB,58,2022-03-23,0.01,0.010012823440546666,570,36.0,0.17733990147783252,0.8226600985221675,0.010012823440546666,2.8070175438596494,17.71127819548872,0.17733990147783252,17.71127819548872,0.17733990147783252,203.0,0.03260869565217391,0.06315789473684211,1840.1541708166274
our_vol3,Our vol3 STNPP-GAT-ZINB,58,2022-03-23,0.02,0.02000808052418009,1139,46.0,0.22660098522167488,0.7733990147783252,0.02000808052418009,1.794946834455175,11.325473472971279,0.22660098522167488,11.325473472971279,0.22660098522167488,203.0,0.0210667861945316,0.041264266900790166,1840.1541708166274
our_vol3,Our vol3 STNPP-GAT-ZINB,58,2022-03-23,0.03,0.030003337607813516,1708,59.0,0.29064039408866993,0.7093596059113301,0.030003337607813516,1.5352589123080926,9.686935429909667,0.29064039408866993,9.686935429909667,0.29064039408866993,203.0,0.023980815347721823,0.0468384074941452,1840.1541708166274
our_vol3,Our vol3 STNPP-GAT-ZINB,58,2022-03-23,0.04,0.04001616104836018,2278,68.0,0.33497536945812806,0.6650246305418719,0.04001616104836018,1.3266998341625207,8.371002132196162,0.33497536945812806,8.371002132196162,0.33497536945812806,203.0,0.023130473837862115,0.04521510096575944,1840.1541708166274
our_vol3,Our vol3 STNPP-GAT-ZINB,58,2022-03-23,0.05,0.050011418131993605,2847,78.0,0.3842364532019704,0.6157635467980296,0.050011418131993605,1.21765601217656,7.682974559686888,0.3842364532019704,7.682974559686888,0.3842364532019704,203.0,0.025576368876080693,0.049877063575693714,1840.1541708166274
our_vol3,Our vol3 STNPP-GAT-ZINB,58,2022-03-23,0.06,0.06000667521562703,3416,88.0,0.43349753694581283,0.5665024630541872,0.06000667521562703,1.1449388498568827,7.224155235864838,0.43349753694581283,7.224155235864838,0.43349753694581283,203.0,0.028141459744168547,0.0547423887587822,1840.1541708166274
our_vol3,Our vol3 STNPP-GAT-ZINB,58,2022-03-23,0.07,0.07000193229926045,3985,100.0,0.49261083743842365,0.5073891625615763,0.07000193229926045,1.1152934615920815,7.037103423552608,0.49261083743842365,7.037103423552608,0.49261083743842365,203.0,0.030248190279214063,0.05872020075282309,1840.1541708166274
our_vol3,Our vol3 STNPP-GAT-ZINB,58,2022-03-23,0.08,0.08001475573980713,4555,113.0,0.5566502463054187,0.4433497536945813,0.08001475573980713,1.1025734845712891,6.956844911400345,0.5566502463054187,6.956844911400345,0.5566502463054187,203.0,0.035580311469819256,0.06871569703622393,1840.1541708166274
our_vol3,Our vol3 STNPP-GAT-ZINB,58,2022-03-23,0.09,0.09001001282344055,5124,117.0,0.5763546798029556,0.4236453201970444,0.09001001282344055,1.014832162373146,6.40322850451656,0.5763546798029556,6.40322850451656,0.5763546798029556,203.0,0.039878234398782346,0.07669789227166277,1840.1541708166274
our_vol3,Our vol3 STNPP-GAT-ZINB,58,2022-03-23,0.1,0.10000526990707397,5693,123.0,0.6059113300492611,0.3940886699507389,0.10000526990707397,0.9602435739797412,6.058794007678603,0.6059113300492611,6.058794007678603,0.6059113300492611,203.0,0.04775927118800037,0.09116458809063763,1840.1541708166274
our_vol3,Our vol3 STNPP-GAT-ZINB,59,2022-04-06,0.01,0.010012823440546666,570,33.0,0.15789473684210525,0.8421052631578947,0.010012823440546666,2.5730994152046787,15.769252077562324,0.15789473684210525,15.769252077562324,0.15789473684210525,209.0,0.02888086642599278,0.056140350877192984,570.08263387653
our_vol3,Our vol3 STNPP-GAT-ZINB,59,2022-04-06,0.02,0.02000808052418009,1139,48.0,0.22966507177033493,0.7703349282296651,0.02000808052418009,1.8729880011706175,11.478615926839208,0.22966507177033493,11.478615926839208,0.22966507177033493,209.0,0.021524663677130046,0.04214223002633889,570.08263387653
our_vol3,Our vol3 STNPP-GAT-ZINB,59,2022-04-06,0.03,0.030003337607813516,1708,59.0,0.2822966507177033,0.7177033492822966,0.030003337607813516,1.5352589123080926,9.408841589816568,0.2822966507177033,9.408841589816568,0.2822966507177033,209.0,0.023367285799880167,0.04566744730679157,570.08263387653
our_vol3,Our vol3 STNPP-GAT-ZINB,59,2022-04-06,0.04,0.04001616104836018,2278,70.0,0.3349282296650718,0.6650717703349283,0.04001616104836018,1.3657204175202418,8.369824113320256,0.3349282296650718,8.369824113320256,0.3349282296650718,209.0,0.023130473837862115,0.04521510096575944,570.08263387653
our_vol3,Our vol3 STNPP-GAT-ZINB,59,2022-04-06,0.05,0.050011418131993605,2847,82.0,0.3923444976076555,0.6076555023923444,0.050011418131993605,1.2800999102368964,7.845098424766774,0.3923444976076555,7.845098424766774,0.3923444976076555,209.0,0.024653590066582687,0.04812082894274675,570.08263387653
our_vol3,Our vol3 STNPP-GAT-ZINB,59,2022-04-06,0.06,0.06000667521562703,3416,89.0,0.4258373205741627,0.5741626794258373,0.06000667521562703,1.1579495186052564,7.0964991652006315,0.4258373205741627,7.0964991652006315,0.4258373205741627,209.0,0.02690515556891628,0.052400468384074944,570.08263387653
our_vol3,Our vol3 STNPP-GAT-ZINB,59,2022-04-06,0.07,0.07000193229926045,3985,97.0,0.46411483253588515,0.5358851674641149,0.07000193229926045,1.081834657744319,6.63002887622844,0.46411483253588515,6.63002887622844,0.46411483253588515,209.0,0.02958274124790079,0.057465495608531994,570.08263387653
our_vol3,Our vol3 STNPP-GAT-ZINB,59,2022-04-06,0.08,0.08001475573980713,4555,105.0,0.5023923444976076,0.4976076555023924,0.08001475573980713,1.0245151847786316,6.278746211902373,0.5023923444976076,6.278746211902373,0.5023923444976076,209.0,0.033700215590604786,0.06520307354555434,570.08263387653
our_vol3,Our vol3 STNPP-GAT-ZINB,59,2022-04-06,0.09,0.09001001282344055,5124,113.0,0.5406698564593302,0.4593301435406698,0.09001001282344055,0.9801370457108162,6.006774574289674,0.5406698564593302,6.006774574289674,0.5406698564593302,209.0,0.039983762938908055,0.07689305230288837,570.08263387653
our_vol3,Our vol3 STNPP-GAT-ZINB,59,2022-04-06,0.1,0.10000526990707397,5693,119.0,0.569377990430622,0.430622009569378,0.10000526990707397,0.929016140679587,5.693479863208154,0.569377990430622,5.693479863208154,0.569377990430622,209.0,0.04708478940592238,0.08993500790444406,570.08263387653
our_vol3,Our vol3 STNPP-GAT-ZINB,60,2022-04-20,0.01,0.010012823440546666,570,31.0,0.15121951219512195,0.848780487804878,0.010012823440546666,2.417153996101365,15.102584510055625,0.15121951219512195,15.102584510055625,0.15121951219512195,205.0,0.026102610261026102,0.05087719298245614,1301.4572261565786
our_vol3,Our vol3 STNPP-GAT-ZINB,60,2022-04-20,0.02,0.02000808052418009,1139,52.0,0.25365853658536586,0.7463414634146341,0.02000808052418009,2.029070334601502,12.677804663911434,0.25365853658536586,12.677804663911434,0.25365853658536586,205.0,0.02244165170556553,0.043898156277436345,1301.4572261565786
our_vol3,Our vol3 STNPP-GAT-ZINB,60,2022-04-20,0.03,0.030003337607813516,1708,60.0,0.2926829268292683,0.7073170731707317,0.030003337607813516,1.56128024980484,9.755012280801964,0.2926829268292683,9.755012280801964,0.2926829268292683,205.0,0.024287856071964018,0.04742388758782201,1301.4572261565786
our_vol3,Our vol3 STNPP-GAT-ZINB,60,2022-04-20,0.04,0.04001616104836018,2278,68.0,0.33170731707317075,0.6682926829268292,0.04001616104836018,1.3266998341625207,8.289333818711322,0.33170731707317075,8.289333818711322,0.33170731707317075,205.0,0.022900763358778626,0.04477611940298507,1301.4572261565786
our_vol3,Our vol3 STNPP-GAT-ZINB,60,2022-04-20,0.05,0.050011418131993605,2847,75.0,0.36585365853658536,0.6341463414634146,0.050011418131993605,1.1708230886313078,7.3154026060808555,0.36585365853658536,7.3154026060808555,0.36585365853658536,205.0,0.022996766079770033,0.04495960660344222,1301.4572261565786
our_vol3,Our vol3 STNPP-GAT-ZINB,60,2022-04-20,0.06,0.06000667521562703,3416,82.0,0.4,0.6,0.06000667521562703,1.0668748373666406,6.66592505854801,0.4,6.66592505854801,0.4,205.0,0.025363950172594928,0.049473067915690866,1301.4572261565786
our_vol3,Our vol3 STNPP-GAT-ZINB,60,2022-04-20,0.07,0.07000193229926045,3985,89.0,0.43414634146341463,0.5658536585365854,0.07000193229926045,0.9926111808169525,6.201919392845121,0.43414634146341463,6.201919392845121,0.43414634146341463,205.0,0.028652555498193084,0.05570890840652447,1301.4572261565786
our_vol3,Our vol3 STNPP-GAT-ZINB,60,2022-04-20,0.08,0.08001475573980713,4555,93.0,0.45365853658536587,0.5463414634146342,0.08001475573980713,0.9074277350896451,5.669685952183341,0.45365853658536587,5.669685952183341,0.45365853658536587,205.0,0.03393485415957326,0.06564215148188804,1301.4572261565786
our_vol3,Our vol3 STNPP-GAT-ZINB,60,2022-04-20,0.09,0.09001001282344055,5124,104.0,0.5073170731707317,0.4926829268292683,0.09001001282344055,0.9020730332205742,5.6362293177966905,0.5073170731707317,5.6362293177966905,0.5073170731707317,205.0,0.038508309687880014,0.0741608118657299,1301.4572261565786
our_vol3,Our vol3 STNPP-GAT-ZINB,60,2022-04-20,0.1,0.10000526990707397,5693,111.0,0.5414634146341464,0.4585365853658536,0.10000526990707397,0.8665612740792786,5.414348815190243,0.5414634146341464,5.414348815190243,0.5414634146341464,205.0,0.04545037186667891,0.08694888459511681,1301.4572261565786
our_vol3,Our vol3 STNPP-GAT-ZINB,61,2022-05-04,0.01,0.010012823440546666,570,39.0,0.17256637168141592,0.8274336283185841,0.010012823440546666,3.04093567251462,17.23453656264555,0.17256637168141592,17.23453656264555,0.17256637168141592,226.0,0.03167420814479638,0.06140350877192982,1326.5516206091836
our_vol3,Our vol3 STNPP-GAT-ZINB,61,2022-05-04,0.02,0.02000808052418009,1139,59.0,0.2610619469026549,0.7389380530973451,0.02000808052418009,2.3022144181055504,13.047825681586861,0.2610619469026549,13.047825681586861,0.2610619469026549,226.0,0.025202520252025202,0.04916593503072871,1326.5516206091836
our_vol3,Our vol3 STNPP-GAT-ZINB,61,2022-05-04,0.03,0.030003337607813516,1708,79.0,0.3495575221238938,0.6504424778761062,0.030003337607813516,2.0556856622430395,11.650621230648069,0.3495575221238938,11.650621230648069,0.3495575221238938,226.0,0.02891566265060241,0.05620608899297424,1326.5516206091836
our_vol3,Our vol3 STNPP-GAT-ZINB,61,2022-05-04,0.04,0.04001616104836018,2278,89.0,0.3938053097345133,0.6061946902654867,0.04001616104836018,1.7364159594185933,9.841156658146023,0.3938053097345133,9.841156658146023,0.3938053097345133,226.0,0.02635728767740482,0.051360842844600525,1326.5516206091836
our_vol3,Our vol3 STNPP-GAT-ZINB,61,2022-05-04,0.05,0.050011418131993605,2847,95.0,0.42035398230088494,0.5796460176991151,0.050011418131993605,1.4830425789329897,8.405160221440983,0.42035398230088494,8.405160221440983,0.42035398230088494,226.0,0.025945945945945945,0.0505795574288725,1326.5516206091836
our_vol3,Our vol3 STNPP-GAT-ZINB,61,2022-05-04,0.06,0.06000667521562703,3416,101.0,0.4469026548672566,0.5530973451327434,0.06000667521562703,1.3140775435857404,7.447549014528196,0.4469026548672566,7.447549014528196,0.4469026548672566,226.0,0.027986758952753536,0.05444964871194379,1326.5516206091836
our_vol3,Our vol3 STNPP-GAT-ZINB,61,2022-05-04,0.07,0.07000193229926045,3985,114.0,0.504424778761062,0.49557522123893805,0.07000193229926045,1.271434546214973,7.2058693552148,0.504424778761062,7.2058693552148,0.504424778761062,226.0,0.028918151303898788,0.056210790464240906,1326.5516206091836
our_vol3,Our vol3 STNPP-GAT-ZINB,61,2022-05-04,0.08,0.08001475573980713,4555,120.0,0.5309734513274337,0.4690265486725663,0.08001475573980713,1.1708744968898646,6.635944163274822,0.5309734513274337,6.635944163274822,0.5309734513274337,226.0,0.035227272727272725,0.06805708013172337,1326.5516206091836
our_vol3,Our vol3 STNPP-GAT-ZINB,61,2022-05-04,0.09,0.09001001282344055,5124,128.0,0.5663716814159292,0.4336283185840708,0.09001001282344055,1.1102437331945527,6.292318639337354,0.5663716814159292,6.292318639337354,0.5663716814159292,226.0,0.03956177723676202,0.07611241217798595,1326.5516206091836
our_vol3,Our vol3 STNPP-GAT-ZINB,61,2022-05-04,0.1,0.10000526990707397,5693,129.0,0.5707964601769911,0.42920353982300885,0.10000526990707397,1.0070847239299725,5.707663813190862,0.5707964601769911,5.707663813190862,0.5707964601769911,226.0,0.04429973401816014,0.0848410328473564,1326.5516206091836
our_vol3,Our vol3 STNPP-GAT-ZINB,62,2022-05-18,0.01,0.010012823440546666,570,39.0,0.1875,0.8125,0.010012823440546666,3.04093567251462,18.72598684210526,0.1875,18.72598684210526,0.1875,208.0,0.03167420814479638,0.06140350877192982,397.9620150138442
our_vol3,Our vol3 STNPP-GAT-ZINB,62,2022-05-18,0.02,0.02000808052418009,1139,61.0,0.2932692307692308,0.7067307692307692,0.02000808052418009,2.380255584820993,14.657539508340651,0.2932692307692308,14.657539508340651,0.2932692307692308,208.0,0.025664115263394866,0.05004389815627744,397.9620150138442
our_vol3,Our vol3 STNPP-GAT-ZINB,62,2022-05-18,0.03,0.030003337607813516,1708,70.0,0.33653846153846156,0.6634615384615384,0.030003337607813516,1.8214936247723132,11.216700819672132,0.33653846153846156,11.216700819672132,0.33653846153846156,208.0,0.024902490249024904,0.04859484777517564,397.9620150138442
our_vol3,Our vol3 STNPP-GAT-ZINB,62,2022-05-18,0.04,0.04001616104836018,2278,82.0,0.3942307692307692,0.6057692307692308,0.04001616104836018,1.599843917666569,9.851788849868306,0.3942307692307692,9.851788849868306,0.3942307692307692,208.0,0.025433265811388703,0.04960491659350307,397.9620150138442
our_vol3,Our vol3 STNPP-GAT-ZINB,62,2022-05-18,0.05,0.050011418131993605,2847,95.0,0.4567307692307692,0.5432692307692308,0.050011418131993605,1.4830425789329897,9.13252985598876,0.4567307692307692,9.13252985598876,0.4567307692307692,208.0,0.025022502250225023,0.048823322795925536,397.9620150138442
our_vol3,Our vol3 STNPP-GAT-ZINB,62,2022-05-18,0.06,0.06000667521562703,3416,99.0,0.47596153846153844,0.5240384615384616,0.06000667521562703,1.288056206088993,7.931809865339578,0.47596153846153844,7.931809865339578,0.47596153846153844,208.0,0.02675082657048392,0.052107728337236536,397.9620150138442
our_vol3,Our vol3 STNPP-GAT-ZINB,62,2022-05-18,0.07,0.07000193229926045,3985,107.0,0.5144230769230769,0.48557692307692313,0.07000193229926045,1.1933640039035271,7.348698243412798,0.5144230769230769,7.348698243412798,0.5144230769230769,208.0,0.029051000645577793,0.056461731493099125,397.9620150138442
our_vol3,Our vol3 STNPP-GAT-ZINB,62,2022-05-18,0.08,0.08001475573980713,4555,110.0,0.5288461538461539,0.47115384615384615,0.08001475573980713,1.0733016221490426,6.609357848518112,0.5288461538461539,6.609357848518112,0.5288461538461539,208.0,0.03182693396760675,0.06169045005488474,397.9620150138442
our_vol3,Our vol3 STNPP-GAT-ZINB,62,2022-05-18,0.09,0.09001001282344055,5124,115.0,0.5528846153846154,0.4471153846153846,0.09001001282344055,0.997484604041981,6.142479020296643,0.5528846153846154,6.142479020296643,0.5528846153846154,208.0,0.03640776699029126,0.0702576112412178,397.9620150138442
our_vol3,Our vol3 STNPP-GAT-ZINB,62,2022-05-18,0.1,0.10000526990707397,5693,122.0,0.5865384615384616,0.41346153846153844,0.10000526990707397,0.9524367156547027,5.865075531354296,0.5865384615384616,5.865075531354296,0.5865384615384616,208.0,0.04324720542422576,0.08290883541190937,397.9620150138442
our_vol3,Our vol3 STNPP-GAT-ZINB,63,2022-06-01,0.01,0.010012823440546666,570,32.0,0.15165876777251186,0.8483412322274881,0.010012823440546666,2.4951267056530217,15.146453812255759,0.15165876777251186,15.146453812255759,0.15165876777251186,211.0,0.027953110910730387,0.054385964912280704,467.3924049540612
our_vol3,Our vol3 STNPP-GAT-ZINB,63,2022-06-01,0.02,0.02000808052418009,1139,50.0,0.23696682464454977,0.7630331753554502,0.02000808052418009,1.9510291678860598,11.843556125145115,0.23696682464454977,11.843556125145115,0.23696682464454977,211.0,0.0210667861945316,0.041264266900790166,467.3924049540612
our_vol3,Our vol3 STNPP-GAT-ZINB,63,2022-06-01,0.03,0.030003337607813516,1708,64.0,0.3033175355450237,0.6966824644549763,0.030003337607813516,1.6653655997918293,10.109459804433001,0.3033175355450237,10.109459804433001,0.3033175355450237,211.0,0.023060796645702306,0.045081967213114756,467.3924049540612
our_vol3,Our vol3 STNPP-GAT-ZINB,63,2022-06-01,0.04,0.04001616104836018,2278,71.0,0.33649289099526064,0.6635071090047393,0.04001616104836018,1.3852307091991025,8.408924848853031,0.33649289099526064,8.408924848853031,0.33649289099526064,211.0,0.021295673615781215,0.04170324846356453,467.3924049540612
our_vol3,Our vol3 STNPP-GAT-ZINB,63,2022-06-01,0.05,0.050011418131993605,2847,82.0,0.3886255924170616,0.6113744075829384,0.050011418131993605,1.2800999102368964,7.770737302257136,0.3886255924170616,7.770737302257136,0.3886255924170616,211.0,0.022629310344827586,0.044257112750263436,467.3924049540612
our_vol3,Our vol3 STNPP-GAT-ZINB,63,2022-06-01,0.06,0.06000667521562703,3416,92.0,0.43601895734597157,0.5639810426540284,0.06000667521562703,1.1969815248503772,7.266174234436218,0.43601895734597157,7.266174234436218,0.43601895734597157,211.0,0.023827364004196015,0.046545667447306795,467.3924049540612
our_vol3,Our vol3 STNPP-GAT-ZINB,63,2022-06-01,0.07,0.07000193229926045,3985,97.0,0.4597156398104265,0.5402843601895735,0.07000193229926045,1.081834657744319,6.567185000624379,0.4597156398104265,6.567185000624379,0.4597156398104265,211.0,0.025872055605612048,0.050439146800501884,467.3924049540612
our_vol3,Our vol3 STNPP-GAT-ZINB,63,2022-06-01,0.08,0.08001475573980713,4555,107.0,0.5071090047393365,0.4928909952606635,0.08001475573980713,1.044029759726796,6.337693592271396,0.5071090047393365,6.337693592271396,0.5071090047393365,211.0,0.03252861838376969,0.06300768386388585,467.3924049540612
our_vol3,Our vol3 STNPP-GAT-ZINB,63,2022-06-01,0.09,0.09001001282344055,5124,110.0,0.5213270142180095,0.47867298578199047,0.09001001282344055,0.9541157082140688,5.791878012956406,0.5213270142180095,5.791878012956406,0.5213270142180095,211.0,0.0369321056359405,0.07123341139734582,467.3924049540612
our_vol3,Our vol3 STNPP-GAT-ZINB,63,2022-06-01,0.1,0.10000526990707397,5693,116.0,0.5497630331753555,0.45023696682464454,0.10000526990707397,0.9055955657044714,5.4973406270109715,0.5497630331753555,5.4973406270109715,0.5497630331753555,211.0,0.04229220065909923,0.08115229228877568,467.3924049540612
our_vol3,Our vol3 STNPP-GAT-ZINB,64,2022-06-15,0.01,0.010012823440546666,570,37.0,0.1761904761904762,0.8238095238095238,0.010012823440546666,2.8849902534113063,17.596482873851294,0.1761904761904762,17.596482873851294,0.1761904761904762,210.0,0.03074141048824593,0.05964912280701754,1212.8191495136625
our_vol3,Our vol3 STNPP-GAT-ZINB,64,2022-06-15,0.02,0.02000808052418009,1139,59.0,0.28095238095238095,0.719047619047619,0.02000808052418009,2.3022144181055504,14.041945733517288,0.28095238095238095,14.041945733517288,0.28095238095238095,210.0,0.026126126126126126,0.050921861281826165,1212.8191495136625
our_vol3,Our vol3 STNPP-GAT-ZINB,64,2022-06-15,0.03,0.030003337607813516,1708,77.0,0.36666666666666664,0.6333333333333333,0.030003337607813516,2.0036429872495445,12.220862607338017,0.36666666666666664,12.220862607338017,0.36666666666666664,210.0,0.03046757164404223,0.05913348946135832,1212.8191495136625
our_vol3,Our vol3 STNPP-GAT-ZINB,64,2022-06-15,0.04,0.04001616104836018,2278,94.0,0.44761904761904764,0.5523809523809524,0.04001616104836018,1.8339674178128962,11.18595677076801,0.44761904761904764,11.18595677076801,0.44761904761904764,210.0,0.02913937203523831,0.05662862159789289,1212.8191495136625
our_vol3,Our vol3 STNPP-GAT-ZINB,64,2022-06-15,0.05,0.050011418131993605,2847,100.0,0.47619047619047616,0.5238095238095238,0.050011418131993605,1.5610974515084104,9.521635138073494,0.47619047619047616,9.521635138073494,0.47619047619047616,210.0,0.027612344342176503,0.05374077976817703,1212.8191495136625
our_vol3,Our vol3 STNPP-GAT-ZINB,64,2022-06-15,0.06,0.06000667521562703,3416,107.0,0.5095238095238095,0.4904761904761905,0.06000667521562703,1.3921415560759822,8.491118824579011,0.5095238095238095,8.491118824579011,0.5095238095238095,210.0,0.02891566265060241,0.05620608899297424,1212.8191495136625
our_vol3,Our vol3 STNPP-GAT-ZINB,64,2022-06-15,0.07,0.07000193229926045,3985,111.0,0.5285714285714286,0.4714285714285714,0.07000193229926045,1.2379757423672104,7.550811973471949,0.5285714285714286,7.550811973471949,0.5285714285714286,210.0,0.03184878301398239,0.06173149309912171,1212.8191495136625
our_vol3,Our vol3 STNPP-GAT-ZINB,64,2022-06-15,0.08,0.08001475573980713,4555,118.0,0.5619047619047619,0.4380952380952381,0.08001475573980713,1.1513599219417003,7.022514243897339,0.5619047619047619,7.022514243897339,0.5619047619047619,210.0,0.03640500568828214,0.07025246981339188,1212.8191495136625
our_vol3,Our vol3 STNPP-GAT-ZINB,64,2022-06-15,0.09,0.09001001282344055,5124,121.0,0.5761904761904761,0.42380952380952386,0.09001001282344055,1.0495272790354757,6.401404222891341,0.5761904761904761,6.401404222891341,0.5761904761904761,210.0,0.040406091370558374,0.07767369242779079,1212.8191495136625
our_vol3,Our vol3 STNPP-GAT-ZINB,64,2022-06-15,0.1,0.10000526990707397,5693,131.0,0.6238095238095238,0.3761904761904762,0.10000526990707397,1.0226984405800497,6.237766513596481,0.6238095238095238,6.237766513596481,0.6238095238095238,210.0,0.04641117544343351,0.08870542771825048,1212.8191495136625
our_vol3,Our vol3 STNPP-GAT-ZINB,65,2022-06-29,0.01,0.010012823440546666,570,22.0,0.1116751269035533,0.8883248730964467,0.010012823440546666,1.7153996101364524,11.153210437260665,0.1116751269035533,11.153210437260665,0.1116751269035533,197.0,0.017857142857142856,0.03508771929824561,1565.2556116569601
our_vol3,Our vol3 STNPP-GAT-ZINB,65,2022-06-29,0.02,0.02000808052418009,1139,42.0,0.2131979695431472,0.7868020304568528,0.02000808052418009,1.6388645010242902,10.655593338176244,0.2131979695431472,10.655593338176244,0.2131979695431472,197.0,0.01923937360178971,0.03775241439859526,1565.2556116569601
our_vol3,Our vol3 STNPP-GAT-ZINB,65,2022-06-29,0.03,0.030003337607813516,1708,57.0,0.2893401015228426,0.7106598984771574,0.030003337607813516,1.483216237314598,9.643597165919708,0.2893401015228426,9.643597165919708,0.2893401015228426,197.0,0.023980815347721823,0.0468384074941452,1565.2556116569601
our_vol3,Our vol3 STNPP-GAT-ZINB,65,2022-06-29,0.04,0.04001616104836018,2278,71.0,0.3604060913705584,0.6395939086294415,0.04001616104836018,1.3852307091991025,9.006513416791826,0.3604060913705584,9.006513416791826,0.3604060913705584,197.0,0.024510906228918373,0.04784899034240562,1565.2556116569601
our_vol3,Our vol3 STNPP-GAT-ZINB,65,2022-06-29,0.05,0.050011418131993605,2847,82.0,0.41624365482233505,0.583756345177665,0.050011418131993605,1.2800999102368964,8.322972440488607,0.41624365482233505,8.322972440488607,0.41624365482233505,197.0,0.025022502250225023,0.048823322795925536,1565.2556116569601
our_vol3,Our vol3 STNPP-GAT-ZINB,65,2022-06-29,0.06,0.06000667521562703,3416,88.0,0.4467005076142132,0.5532994923857868,0.06000667521562703,1.1449388498568827,7.444180268429249,0.4467005076142132,7.444180268429249,0.4467005076142132,197.0,0.027986758952753536,0.05444964871194379,1565.2556116569601
our_vol3,Our vol3 STNPP-GAT-ZINB,65,2022-06-29,0.07,0.07000193229926045,3985,99.0,0.5025380710659898,0.4974619289340102,0.07000193229926045,1.1041405269761606,7.178917132138921,0.5025380710659898,7.178917132138921,0.5025380710659898,197.0,0.031181265364212705,0.060476787954830614,1565.2556116569601
our_vol3,Our vol3 STNPP-GAT-ZINB,65,2022-06-29,0.08,0.08001475573980713,4555,111.0,0.5634517766497462,0.4365482233502538,0.08001475573980713,1.083058909623125,7.041848362094424,0.5634517766497462,7.041848362094424,0.5634517766497462,197.0,0.036169244767970885,0.06981339187705818,1565.2556116569601
our_vol3,Our vol3 STNPP-GAT-ZINB,65,2022-06-29,0.09,0.09001001282344055,5124,114.0,0.5786802030456852,0.42131979695431476,0.09001001282344055,0.9888108248763986,6.429064777279805,0.5786802030456852,6.429064777279805,0.5786802030456852,197.0,0.04167513722301281,0.08001561280249805,1565.2556116569601
our_vol3,Our vol3 STNPP-GAT-ZINB,65,2022-06-29,0.1,0.10000526990707397,5693,118.0,0.5989847715736041,0.4010152284263959,0.10000526990707397,0.9212092823545485,5.98953207296163,0.5989847715736041,5.98953207296163,0.5989847715736041,197.0,0.047181090775315,0.09011066221675743,1565.2556116569601
our_vol3,Our vol3 STNPP-GAT-ZINB,66,2022-07-13,0.01,0.010012823440546666,570,37.0,0.18316831683168316,0.8168316831683169,0.010012823440546666,2.8849902534113063,18.29337328469689,0.18316831683168316,18.29337328469689,0.18316831683168316,202.0,0.03260869565217391,0.06315789473684211,738.0931396513357
our_vol3,Our vol3 STNPP-GAT-ZINB,66,2022-07-13,0.02,0.02000808052418009,1139,50.0,0.24752475247524752,0.7524752475247525,0.02000808052418009,1.9510291678860598,12.371239318839699,0.24752475247524752,12.371239318839699,0.24752475247524752,202.0,0.021982951996410947,0.04302019315188762,738.0931396513357
our_vol3,Our vol3 STNPP-GAT-ZINB,66,2022-07-13,0.03,0.030003337607813516,1708,66.0,0.32673267326732675,0.6732673267326732,0.030003337607813516,1.7174082747853239,10.889877570895264,0.32673267326732675,10.889877570895264,0.32673267326732675,202.0,0.026442307692307692,0.05152224824355972,738.0931396513357
our_vol3,Our vol3 STNPP-GAT-ZINB,66,2022-07-13,0.04,0.04001616104836018,2278,74.0,0.36633663366336633,0.6336633663366337,0.04001616104836018,1.4437615842356843,9.154717095941377,0.36633663366336633,9.154717095941377,0.36633663366336633,202.0,0.024741340530814216,0.048287971905179985,738.0931396513357
our_vol3,Our vol3 STNPP-GAT-ZINB,66,2022-07-13,0.05,0.050011418131993605,2847,87.0,0.4306930693069307,0.5693069306930694,0.050011418131993605,1.358154782812317,8.611894751118948,0.4306930693069307,8.611894751118948,0.4306930693069307,202.0,0.024469233537243614,0.04776958201615736,738.0931396513357
our_vol3,Our vol3 STNPP-GAT-ZINB,66,2022-07-13,0.06,0.06000667521562703,3416,95.0,0.47029702970297027,0.5297029702970297,0.06000667521562703,1.2360135310954983,7.8374118881443176,0.47029702970297027,7.8374118881443176,0.47029702970297027,202.0,0.027986758952753536,0.05444964871194379,738.0931396513357
our_vol3,Our vol3 STNPP-GAT-ZINB,66,2022-07-13,0.07,0.07000193229926045,3985,101.0,0.5,0.5,0.07000193229926045,1.1264463962080022,7.142659974905897,0.5,7.142659974905897,0.5,202.0,0.028918151303898788,0.056210790464240906,738.0931396513357
our_vol3,Our vol3 STNPP-GAT-ZINB,66,2022-07-13,0.08,0.08001475573980713,4555,105.0,0.5198019801980198,0.4801980198019802,0.08001475573980713,1.0245151847786316,6.496326526176218,0.5198019801980198,6.496326526176218,0.5198019801980198,202.0,0.03381752156150704,0.06542261251372118,738.0931396513357
our_vol3,Our vol3 STNPP-GAT-ZINB,66,2022-07-13,0.09,0.09001001282344055,5124,109.0,0.5396039603960396,0.46039603960396036,0.09001001282344055,0.9454419290484863,5.994932602159514,0.5396039603960396,5.994932602159514,0.5396039603960396,202.0,0.038613560352690784,0.0743559718969555,738.0931396513357
our_vol3,Our vol3 STNPP-GAT-ZINB,66,2022-07-13,0.1,0.10000526990707397,5693,117.0,0.5792079207920792,0.42079207920792083,0.10000526990707397,0.9134024240295099,5.7917739868137526,0.5792079207920792,5.7917739868137526,0.5792079207920792,202.0,0.046892239794041925,0.08958369927981732,738.0931396513357
our_vol3,Our vol3 STNPP-GAT-ZINB,67,2022-07-27,0.01,0.010012823440546666,570,44.0,0.19383259911894274,0.8061674008810573,0.010012823440546666,3.4307992202729047,19.35843573691939,0.19383259911894274,19.35843573691939,0.19383259911894274,227.0,0.03919781221513218,0.07543859649122807,599.2767224645742
our_vol3,Our vol3 STNPP-GAT-ZINB,67,2022-07-27,0.02,0.02000808052418009,1139,70.0,0.30837004405286345,0.6916299559471366,0.02000808052418009,2.7314408350404835,15.412275239506021,0.30837004405286345,15.412275239506021,0.30837004405286345,227.0,0.03123585332729742,0.06057945566286216,599.2767224645742
our_vol3,Our vol3 STNPP-GAT-ZINB,67,2022-07-27,0.03,0.030003337607813516,1708,85.0,0.3744493392070485,0.6255506607929515,0.030003337607813516,2.2118136872235232,12.48025616688504,0.3744493392070485,12.48025616688504,0.3744493392070485,227.0,0.032648125755743655,0.06323185011709602,599.2767224645742
our_vol3,Our vol3 STNPP-GAT-ZINB,67,2022-07-27,0.04,0.04001616104836018,2278,97.0,0.42731277533039647,0.5726872246696035,0.04001616104836018,1.892498292849478,10.678504987372028,0.42731277533039647,10.678504987372028,0.42731277533039647,227.0,0.030303030303030304,0.058823529411764705,599.2767224645742
our_vol3,Our vol3 STNPP-GAT-ZINB,67,2022-07-27,0.05,0.050011418131993605,2847,104.0,0.4581497797356828,0.5418502202643172,0.050011418131993605,1.6235413495687467,9.16090358658701,0.4581497797356828,9.16090358658701,0.4581497797356828,227.0,0.028912179255511383,0.056199508254302775,599.2767224645742
our_vol3,Our vol3 STNPP-GAT-ZINB,67,2022-07-27,0.06,0.06000667521562703,3416,116.0,0.5110132158590308,0.4889867841409692,0.06000667521562703,1.5092375748113454,8.515939502109791,0.5110132158590308,8.515939502109791,0.5110132158590308,227.0,0.03000150761344791,0.058255269320843094,599.2767224645742
our_vol3,Our vol3 STNPP-GAT-ZINB,67,2022-07-27,0.07,0.07000193229926045,3985,126.0,0.5550660792951542,0.44493392070484583,0.07000193229926045,1.4052697616060226,7.929296536018882,0.5550660792951542,7.929296536018882,0.5550660792951542,227.0,0.031314699792960664,0.06072772898368883,599.2767224645742
our_vol3,Our vol3 STNPP-GAT-ZINB,67,2022-07-27,0.08,0.08001475573980713,4555,132.0,0.5814977973568282,0.41850220264317184,0.08001475573980713,1.2879619465788512,7.26738202198291,0.5814977973568282,7.26738202198291,0.5814977973568282,227.0,0.03393485415957326,0.06564215148188804,599.2767224645742
our_vol3,Our vol3 STNPP-GAT-ZINB,67,2022-07-27,0.09,0.09001001282344055,5124,136.0,0.5991189427312775,0.4008810572687225,0.09001001282344055,1.1796339665192124,6.656136622338687,0.5991189427312775,6.656136622338687,0.5991189427312775,227.0,0.039350912778904665,0.07572209211553474,599.2767224645742
our_vol3,Our vol3 STNPP-GAT-ZINB,67,2022-07-27,0.1,0.10000526990707397,5693,145.0,0.6387665198237885,0.3612334801762115,0.10000526990707397,1.131994457130589,6.38732859195658,0.6387665198237885,6.38732859195658,0.6387665198237885,227.0,0.04833809041524721,0.09221851396451783,599.2767224645742
our_vol3,Our vol3 STNPP-GAT-ZINB,68,2022-08-10,0.01,0.010012823440546666,570,30.0,0.17341040462427745,0.8265895953757225,0.010012823440546666,2.339181286549708,17.318831761484635,0.17341040462427745,17.318831761484635,0.17341040462427745,173.0,0.026102610261026102,0.05087719298245614,332.63045740875714
our_vol3,Our vol3 STNPP-GAT-ZINB,68,2022-08-10,0.02,0.02000808052418009,1139,50.0,0.28901734104046245,0.7109826589595376,0.02000808052418009,1.9510291678860598,14.445030880957336,0.28901734104046245,14.445030880957336,0.28901734104046245,173.0,0.021982951996410947,0.04302019315188762,332.63045740875714
our_vol3,Our vol3 STNPP-GAT-ZINB,68,2022-08-10,0.03,0.030003337607813516,1708,61.0,0.35260115606936415,0.6473988439306358,0.030003337607813516,1.5873015873015872,11.75206440957886,0.35260115606936415,11.75206440957886,0.35260115606936415,173.0,0.025517862503752625,0.049765807962529274,332.63045740875714
our_vol3,Our vol3 STNPP-GAT-ZINB,68,2022-08-10,0.04,0.04001616104836018,2278,64.0,0.3699421965317919,0.630057803468208,0.04001616104836018,1.2486586674470783,9.244819763812695,0.3699421965317919,9.244819763812695,0.3699421965317919,173.0,0.022900763358778626,0.04477611940298507,332.63045740875714
our_vol3,Our vol3 STNPP-GAT-ZINB,68,2022-08-10,0.05,0.050011418131993605,2847,72.0,0.4161849710982659,0.5838150289017341,0.050011418131993605,1.1239901650860553,8.321799033969436,0.4161849710982659,8.321799033969436,0.4161849710982659,173.0,0.023180592991913745,0.045310853530031614,332.63045740875714
our_vol3,Our vol3 STNPP-GAT-ZINB,68,2022-08-10,0.06,0.06000667521562703,3416,77.0,0.44508670520231214,0.5549132947976878,0.06000667521562703,1.0018214936247722,7.417286553586657,0.44508670520231214,7.417286553586657,0.44508670520231214,173.0,0.023673958645489962,0.04625292740046839,332.63045740875714
our_vol3,Our vol3 STNPP-GAT-ZINB,68,2022-08-10,0.07,0.07000193229926045,3985,83.0,0.4797687861271676,0.5202312138728324,0.07000193229926045,0.9256935731214276,6.853650611759416,0.4797687861271676,6.853650611759416,0.4797687861271676,173.0,0.025476067936181162,0.04968632371392723,332.63045740875714
our_vol3,Our vol3 STNPP-GAT-ZINB,68,2022-08-10,0.08,0.08001475573980713,4555,86.0,0.49710982658959535,0.5028901734104047,0.08001475573980713,0.8391267227710697,6.212726915096793,0.49710982658959535,6.212726915096793,0.49710982658959535,173.0,0.02752086623054365,0.05356750823271131,332.63045740875714
our_vol3,Our vol3 STNPP-GAT-ZINB,68,2022-08-10,0.09,0.09001001282344055,5124,89.0,0.5144508670520231,0.48554913294797686,0.09001001282344055,0.7719663457368375,5.715484876789719,0.5144508670520231,5.715484876789719,0.5144508670520231,173.0,0.036302962888057434,0.07006245120999219,332.63045740875714
our_vol3,Our vol3 STNPP-GAT-ZINB,68,2022-08-10,0.1,0.10000526990707397,5693,95.0,0.5491329479768786,0.4508670520231214,0.10000526990707397,0.7416515408786619,5.49104010705775,0.5491329479768786,5.49104010705775,0.5491329479768786,173.0,0.04172003659652333,0.08009836641489548,332.63045740875714
our_vol3,Our vol3 STNPP-GAT-ZINB,69,2022-08-24,0.01,0.010012823440546666,570,38.0,0.20105820105820105,0.798941798941799,0.010012823440546666,2.9629629629629632,20.08007054673721,0.20105820105820105,20.08007054673721,0.20105820105820105,189.0,0.033544877606527655,0.06491228070175438,1752.725261627247
our_vol3,Our vol3 STNPP-GAT-ZINB,69,2022-08-24,0.02,0.02000808052418009,1139,55.0,0.291005291005291,0.7089947089947091,0.02000808052418009,2.1461320846746657,14.54438823622318,0.291005291005291,14.54438823622318,0.291005291005291,189.0,0.024741340530814216,0.048287971905179985,1752.725261627247
our_vol3,Our vol3 STNPP-GAT-ZINB,69,2022-08-24,0.03,0.030003337607813516,1708,66.0,0.3492063492063492,0.6507936507936508,0.030003337607813516,1.7174082747853239,11.638916768893349,0.3492063492063492,11.638916768893349,0.3492063492063492,189.0,0.02675082657048392,0.052107728337236536,1752.725261627247
our_vol3,Our vol3 STNPP-GAT-ZINB,69,2022-08-24,0.04,0.04001616104836018,2278,76.0,0.4021164021164021,0.5978835978835979,0.04001616104836018,1.4827821675934054,10.048850054117834,0.4021164021164021,10.048850054117834,0.4021164021164021,189.0,0.026126126126126126,0.050921861281826165,1752.725261627247
our_vol3,Our vol3 STNPP-GAT-ZINB,69,2022-08-24,0.05,0.050011418131993605,2847,89.0,0.4708994708994709,0.5291005291005291,0.050011418131993605,1.3893767318424852,9.4158391920949,0.4708994708994709,9.4158391920949,0.4708994708994709,189.0,0.026685899747565814,0.05198454513523006,1752.725261627247
our_vol3,Our vol3 STNPP-GAT-ZINB,69,2022-08-24,0.06,0.06000667521562703,3416,96.0,0.5079365079365079,0.4920634920634921,0.06000667521562703,1.249024199843872,8.464666741013344,0.5079365079365079,8.464666741013344,0.5079365079365079,189.0,0.028605841613971696,0.05562060889929742,1752.725261627247
our_vol3,Our vol3 STNPP-GAT-ZINB,69,2022-08-24,0.07,0.07000193229926045,3985,102.0,0.5396825396825397,0.46031746031746035,0.07000193229926045,1.1375993308239232,7.709537750692079,0.5396825396825397,7.709537750692079,0.5396825396825397,189.0,0.030781169167097777,0.05972396486825596,1752.725261627247
our_vol3,Our vol3 STNPP-GAT-ZINB,69,2022-08-24,0.08,0.08001475573980713,4555,112.0,0.5925925925925926,0.40740740740740744,0.08001475573980713,1.092816197097207,7.406041387161035,0.5925925925925926,7.406041387161035,0.5925925925925926,189.0,0.0365229263852543,0.07047200878155872,1752.725261627247
our_vol3,Our vol3 STNPP-GAT-ZINB,69,2022-08-24,0.09,0.09001001282344055,5124,116.0,0.6137566137566137,0.3862433862433863,0.09001001282344055,1.0061583832075636,6.818759319149638,0.6137566137566137,6.818759319149638,0.6137566137566137,189.0,0.04199288256227758,0.08060109289617487,1752.725261627247
our_vol3,Our vol3 STNPP-GAT-ZINB,69,2022-08-24,0.1,0.10000526990707397,5693,121.0,0.6402116402116402,0.35978835978835977,0.10000526990707397,0.9446298573296641,6.401779034310214,0.6402116402116402,6.401779034310214,0.6402116402116402,189.0,0.048820928518791454,0.09309678552608466,1752.725261627247
our_vol3,Our vol3 STNPP-GAT-ZINB,70,2022-09-07,0.01,0.010012823440546666,570,35.0,0.17676767676767677,0.8232323232323232,0.010012823440546666,2.7290448343079925,17.654129009392165,0.17676767676767677,17.654129009392165,0.17676767676767677,198.0,0.02888086642599278,0.056140350877192984,1712.6161168679982
our_vol3,Our vol3 STNPP-GAT-ZINB,70,2022-09-07,0.02,0.02000808052418009,1139,61.0,0.30808080808080807,0.6919191919191919,0.02000808052418009,2.380255584820993,15.397819281489168,0.30808080808080807,15.397819281489168,0.30808080808080807,198.0,0.025664115263394866,0.05004389815627744,1712.6161168679982
our_vol3,Our vol3 STNPP-GAT-ZINB,70,2022-09-07,0.03,0.030003337607813516,1708,77.0,0.3888888888888889,0.6111111111111112,0.030003337607813516,2.0036429872495445,12.961520947176684,0.3888888888888889,12.961520947176684,0.3888888888888889,198.0,0.030156815440289506,0.0585480093676815,1712.6161168679982
our_vol3,Our vol3 STNPP-GAT-ZINB,70,2022-09-07,0.04,0.04001616104836018,2278,83.0,0.41919191919191917,0.5808080808080809,0.04001616104836018,1.6193542093454296,10.475565576750826,0.41919191919191917,10.475565576750826,0.41919191919191917,198.0,0.02774644710128581,0.053994732221246705,1712.6161168679982
our_vol3,Our vol3 STNPP-GAT-ZINB,70,2022-09-07,0.05,0.050011418131993605,2847,91.0,0.4595959595959596,0.5404040404040404,0.050011418131993605,1.4205986808726534,9.18982058023154,0.4595959595959596,9.18982058023154,0.4595959595959596,198.0,0.02631578947368421,0.05128205128205128,1712.6161168679982
our_vol3,Our vol3 STNPP-GAT-ZINB,70,2022-09-07,0.06,0.06000667521562703,3416,94.0,0.47474747474747475,0.5252525252525253,0.06000667521562703,1.2230028623471247,7.91157772100395,0.47474747474747475,7.91157772100395,0.47474747474747475,198.0,0.030156815440289506,0.0585480093676815,1712.6161168679982
our_vol3,Our vol3 STNPP-GAT-ZINB,70,2022-09-07,0.07,0.07000193229926045,3985,101.0,0.51010101010101,0.48989898989898994,0.07000193229926045,1.1264463962080022,7.286956136015107,0.51010101010101,7.286956136015107,0.51010101010101,198.0,0.030914500064674687,0.05997490589711418,1712.6161168679982
our_vol3,Our vol3 STNPP-GAT-ZINB,70,2022-09-07,0.08,0.08001475573980713,4555,106.0,0.5353535353535354,0.46464646464646464,0.08001475573980713,1.0342724722527137,6.690685116810254,0.5353535353535354,6.690685116810254,0.5353535353535354,198.0,0.03687684953334851,0.07113062568605928,1712.6161168679982
our_vol3,Our vol3 STNPP-GAT-ZINB,70,2022-09-07,0.09,0.09001001282344055,5124,110.0,0.5555555555555556,0.4444444444444444,0.09001001282344055,0.9541157082140688,6.172152831988898,0.5555555555555556,6.172152831988898,0.5555555555555556,198.0,0.04082876294942109,0.07845433255269321,1712.6161168679982
our_vol3,Our vol3 STNPP-GAT-ZINB,70,2022-09-07,0.1,0.10000526990707397,5693,115.0,0.5808080808080808,0.4191919191919192,0.10000526990707397,0.8977887073794328,5.807774743748747,0.5808080808080808,5.807774743748747,0.5808080808080808,198.0,0.04766286345233714,0.09098893377832426,1712.6161168679982
our_vol3,Our vol3 STNPP-GAT-ZINB,71,2022-09-21,0.01,0.010012823440546666,570,33.0,0.15,0.85,0.010012823440546666,2.5730994152046787,14.98078947368421,0.15,14.98078947368421,0.15,220.0,0.02888086642599278,0.056140350877192984,165.13882791517028
our_vol3,Our vol3 STNPP-GAT-ZINB,71,2022-09-21,0.02,0.02000808052418009,1139,52.0,0.23636363636363636,0.7636363636363637,0.02000808052418009,2.029070334601502,11.813408891372017,0.23636363636363636,11.813408891372017,0.23636363636363636,220.0,0.022900763358778626,0.04477611940298507,165.13882791517028
our_vol3,Our vol3 STNPP-GAT-ZINB,71,2022-09-21,0.03,0.030003337607813516,1708,62.0,0.2818181818181818,0.7181818181818183,0.030003337607813516,1.6133229247983347,9.392894400681286,0.2818181818181818,9.392894400681286,0.2818181818181818,220.0,0.02459508098380324,0.04800936768149883,165.13882791517028
our_vol3,Our vol3 STNPP-GAT-ZINB,71,2022-09-21,0.04,0.04001616104836018,2278,70.0,0.3181818181818182,0.6818181818181819,0.04001616104836018,1.3657204175202418,7.951332907654242,0.3181818181818182,7.951332907654242,0.3181818181818182,220.0,0.023820224719101123,0.046532045654082525,165.13882791517028
our_vol3,Our vol3 STNPP-GAT-ZINB,71,2022-09-21,0.05,0.050011418131993605,2847,80.0,0.36363636363636365,0.6363636363636364,0.050011418131993605,1.2488779612067282,7.271066832710669,0.36363636363636365,7.271066832710669,0.36363636363636365,220.0,0.024838012958963283,0.04847207586933614,165.13882791517028
our_vol3,Our vol3 STNPP-GAT-ZINB,71,2022-09-21,0.06,0.06000667521562703,3416,91.0,0.41363636363636364,0.5863636363636364,0.06000667521562703,1.1839708561020037,6.893172503725782,0.41363636363636364,6.893172503725782,0.41363636363636364,220.0,0.02690515556891628,0.052400468384074944,165.13882791517028
our_vol3,Our vol3 STNPP-GAT-ZINB,71,2022-09-21,0.07,0.07000193229926045,3985,99.0,0.45,0.55,0.07000193229926045,1.1041405269761606,6.428393977415308,0.45,6.428393977415308,0.45,220.0,0.02838709677419355,0.05520702634880803,165.13882791517028
our_vol3,Our vol3 STNPP-GAT-ZINB,71,2022-09-21,0.08,0.08001475573980713,4555,108.0,0.4909090909090909,0.509090909090909,0.08001475573980713,1.0537870472008781,6.135232012773176,0.4909090909090909,6.135232012773176,0.4909090909090909,220.0,0.033114084826491266,0.06410537870472009,165.13882791517028
our_vol3,Our vol3 STNPP-GAT-ZINB,71,2022-09-21,0.09,0.09001001282344055,5124,114.0,0.5181818181818182,0.4818181818181818,0.09001001282344055,0.9888108248763986,5.7569352778369165,0.5181818181818182,5.7569352778369165,0.5181818181818182,220.0,0.03829787234042553,0.07377049180327869,165.13882791517028
our_vol3,Our vol3 STNPP-GAT-ZINB,71,2022-09-21,0.1,0.10000526990707397,5693,123.0,0.5590909090909091,0.4409090909090909,0.10000526990707397,0.9602435739797412,5.59061447072162,0.5590909090909091,5.59061447072162,0.5590909090909091,220.0,0.04334280216255842,0.08308448972422273,165.13882791517028
our_vol3,Our vol3 STNPP-GAT-ZINB,72,2022-10-05,0.01,0.010012823440546666,570,29.0,0.14795918367346939,0.8520408163265306,0.010012823440546666,2.261208576998051,14.776969208736125,0.14795918367346939,14.776969208736125,0.14795918367346939,196.0,0.025179856115107913,0.04912280701754386,1643.3766588678495
our_vol3,Our vol3 STNPP-GAT-ZINB,72,2022-10-05,0.02,0.02000808052418009,1139,45.0,0.22959183673469388,0.7704081632653061,0.02000808052418009,1.7559262510974538,11.474955653903352,0.22959183673469388,11.474955653903352,0.22959183673469388,196.0,0.020152261531571878,0.03950834064969271,1643.3766588678495
our_vol3,Our vol3 STNPP-GAT-ZINB,72,2022-10-05,0.03,0.030003337607813516,1708,56.0,0.2857142857142857,0.7142857142857143,0.030003337607813516,1.4571948998178506,9.522750083640013,0.2857142857142857,9.522750083640013,0.2857142857142857,196.0,0.023673958645489962,0.04625292740046839,1643.3766588678495
our_vol3,Our vol3 STNPP-GAT-ZINB,72,2022-10-05,0.04,0.04001616104836018,2278,69.0,0.3520408163265306,0.6479591836734694,0.04001616104836018,1.3462101258413812,8.797466001325905,0.3520408163265306,8.797466001325905,0.3520408163265306,196.0,0.023820224719101123,0.046532045654082525,1643.3766588678495
our_vol3,Our vol3 STNPP-GAT-ZINB,72,2022-10-05,0.05,0.050011418131993605,2847,81.0,0.413265306122449,0.5867346938775511,0.050011418131993605,1.2644889357218123,8.26341906625664,0.413265306122449,8.26341906625664,0.413265306122449,196.0,0.024284943335132217,0.04741833508956796,1643.3766588678495
our_vol3,Our vol3 STNPP-GAT-ZINB,72,2022-10-05,0.06,0.06000667521562703,3416,86.0,0.4387755102040816,0.5612244897959184,0.06000667521562703,1.1189175123601354,7.312111671366439,0.4387755102040816,7.312111671366439,0.4387755102040816,196.0,0.026288117770767613,0.05122950819672131,1643.3766588678495
our_vol3,Our vol3 STNPP-GAT-ZINB,72,2022-10-05,0.07,0.07000193229926045,3985,93.0,0.4744897959183674,0.5255102040816326,0.07000193229926045,1.0372229192806357,6.778238547614781,0.4744897959183674,6.778238547614781,0.4744897959183674,196.0,0.030781169167097777,0.05972396486825596,1643.3766588678495
our_vol3,Our vol3 STNPP-GAT-ZINB,72,2022-10-05,0.08,0.08001475573980713,4555,101.0,0.5153061224489796,0.48469387755102045,0.08001475573980713,0.9854860348823028,6.4401386679809125,0.5153061224489796,6.4401386679809125,0.5153061224489796,196.0,0.03381752156150704,0.06542261251372118,1643.3766588678495
our_vol3,Our vol3 STNPP-GAT-ZINB,72,2022-10-05,0.09,0.09001001282344055,5124,107.0,0.5459183673469388,0.45408163265306123,0.09001001282344055,0.9280943707173215,6.065084874699294,0.5459183673469388,6.065084874699294,0.5459183673469388,196.0,0.040300477108922955,0.07747853239656519,1643.3766588678495
our_vol3,Our vol3 STNPP-GAT-ZINB,72,2022-10-05,0.1,0.10000526990707397,5693,113.0,0.576530612244898,0.423469387755102,0.10000526990707397,0.8821749907293557,5.765002312184316,0.576530612244898,5.765002312184316,0.576530612244898,196.0,0.047855696668507273,0.091340242402951,1643.3766588678495
our_vol3,Our vol3 STNPP-GAT-ZINB,73,2022-10-19,0.01,0.010012823440546666,570,32.0,0.16161616161616163,0.8383838383838383,0.010012823440546666,2.4951267056530217,16.14091795144427,0.16161616161616163,16.14091795144427,0.16161616161616163,198.0,0.026102610261026102,0.05087719298245614,1109.334738912816
our_vol3,Our vol3 STNPP-GAT-ZINB,73,2022-10-19,0.02,0.02000808052418009,1139,50.0,0.25252525252525254,0.7474747474747474,0.02000808052418009,1.9510291678860598,12.621163345482925,0.25252525252525254,12.621163345482925,0.25252525252525254,198.0,0.021982951996410947,0.04302019315188762,1109.334738912816
our_vol3,Our vol3 STNPP-GAT-ZINB,73,2022-10-19,0.03,0.030003337607813516,1708,60.0,0.30303030303030304,0.696969696969697,0.030003337607813516,1.56128024980484,10.09988645234547,0.30303030303030304,10.09988645234547,0.30303030303030304,198.0,0.023980815347721823,0.0468384074941452,1109.334738912816
our_vol3,Our vol3 STNPP-GAT-ZINB,73,2022-10-19,0.04,0.04001616104836018,2278,72.0,0.36363636363636365,0.6363636363636364,0.04001616104836018,1.404741000877963,9.087237608747706,0.36363636363636365,9.087237608747706,0.36363636363636365,198.0,0.023130473837862115,0.04521510096575944,1109.334738912816
our_vol3,Our vol3 STNPP-GAT-ZINB,73,2022-10-19,0.05,0.050011418131993605,2847,79.0,0.398989898989899,0.601010101010101,0.050011418131993605,1.2332669866916441,7.977976108113094,0.398989898989899,7.977976108113094,0.398989898989899,198.0,0.022996766079770033,0.04495960660344222,1109.334738912816
our_vol3,Our vol3 STNPP-GAT-ZINB,73,2022-10-19,0.06,0.06000667521562703,3416,85.0,0.4292929292929293,0.5707070707070707,0.06000667521562703,1.1059068436117616,7.15408623707804,0.4292929292929293,7.15408623707804,0.4292929292929293,198.0,0.028296207104154123,0.05503512880562061,1109.334738912816
our_vol3,Our vol3 STNPP-GAT-ZINB,73,2022-10-19,0.07,0.07000193229926045,3985,89.0,0.4494949494949495,0.5505050505050505,0.07000193229926045,0.9926111808169525,6.4211791693598474,0.4494949494949495,6.4211791693598474,0.4494949494949495,198.0,0.029449754585378456,0.057214554579673775,1109.334738912816
our_vol3,Our vol3 STNPP-GAT-ZINB,73,2022-10-19,0.08,0.08001475573980713,4555,96.0,0.48484848484848486,0.5151515151515151,0.08001475573980713,0.9366995975118917,6.059488407677211,0.48484848484848486,6.059488407677211,0.48484848484848486,198.0,0.035698044565711684,0.06893523600439078,1109.334738912816
our_vol3,Our vol3 STNPP-GAT-ZINB,73,2022-10-19,0.09,0.09001001282344055,5124,104.0,0.5252525252525253,0.4747474747474747,0.09001001282344055,0.9020730332205742,5.835489950244049,0.5252525252525253,5.835489950244049,0.5252525252525253,198.0,0.04061738424045491,0.078064012490242,1109.334738912816
our_vol3,Our vol3 STNPP-GAT-ZINB,73,2022-10-19,0.1,0.10000526990707397,5693,111.0,0.5606060606060606,0.43939393939393945,0.10000526990707397,0.8665612740792786,5.605765187444442,0.5606060606060606,5.605765187444442,0.5606060606060606,198.0,0.04843462246777164,0.0923941682768312,1109.334738912816
our_vol3,Our vol3 STNPP-GAT-ZINB,74,2022-11-02,0.01,0.010012823440546666,570,40.0,0.18691588785046728,0.8130841121495327,0.010012823440546666,3.118908382066277,18.667650434497457,0.18691588785046728,18.667650434497457,0.18691588785046728,214.0,0.035422343324250684,0.06842105263157895,1381.6626376177949
our_vol3,Our vol3 STNPP-GAT-ZINB,74,2022-11-02,0.02,0.02000808052418009,1139,59.0,0.2757009345794392,0.7242990654205608,0.02000808052418009,2.3022144181055504,13.77947945812444,0.2757009345794392,13.77947945812444,0.2757009345794392,214.0,0.025202520252025202,0.04916593503072871,1381.6626376177949
our_vol3,Our vol3 STNPP-GAT-ZINB,74,2022-11-02,0.03,0.030003337607813516,1708,65.0,0.3037383177570093,0.6962616822429907,0.030003337607813516,1.6913869372885766,10.12348431788833,0.3037383177570093,10.12348431788833,0.3037383177570093,214.0,0.02459508098380324,0.04800936768149883,1381.6626376177949
our_vol3,Our vol3 STNPP-GAT-ZINB,74,2022-11-02,0.04,0.04001616104836018,2278,77.0,0.3598130841121495,0.6401869158878505,0.04001616104836018,1.502292459272266,8.991694222674424,0.3598130841121495,8.991694222674424,0.3598130841121495,214.0,0.023820224719101123,0.046532045654082525,1381.6626376177949
our_vol3,Our vol3 STNPP-GAT-ZINB,74,2022-11-02,0.05,0.050011418131993605,2847,84.0,0.3925233644859813,0.6074766355140186,0.050011418131993605,1.3113218592670646,7.848674945589553,0.3925233644859813,7.848674945589553,0.3925233644859813,214.0,0.02336448598130841,0.045662100456621,1381.6626376177949
our_vol3,Our vol3 STNPP-GAT-ZINB,74,2022-11-02,0.06,0.06000667521562703,3416,99.0,0.46261682242990654,0.5373831775700935,0.06000667521562703,1.288056206088993,7.709422672853422,0.46261682242990654,7.709422672853422,0.46261682242990654,214.0,0.02690515556891628,0.052400468384074944,1381.6626376177949
our_vol3,Our vol3 STNPP-GAT-ZINB,74,2022-11-02,0.07,0.07000193229926045,3985,104.0,0.48598130841121495,0.514018691588785,0.07000193229926045,1.1599052000557648,6.9423984802823675,0.48598130841121495,6.9423984802823675,0.48598130841121495,214.0,0.029316802273020793,0.056963613550815556,1381.6626376177949
our_vol3,Our vol3 STNPP-GAT-ZINB,74,2022-11-02,0.08,0.08001475573980713,4555,111.0,0.5186915887850467,0.48130841121495327,0.08001475573980713,1.083058909623125,6.4824491931429975,0.5186915887850467,6.4824491931429975,0.5186915887850467,214.0,0.033700215590604786,0.06520307354555434,1381.6626376177949
our_vol3,Our vol3 STNPP-GAT-ZINB,74,2022-11-02,0.09,0.09001001282344055,5124,119.0,0.5560747663551402,0.4439252336448598,0.09001001282344055,1.0321797207043109,6.177921199121597,0.5560747663551402,6.177921199121597,0.5560747663551402,214.0,0.038508309687880014,0.0741608118657299,1381.6626376177949
our_vol3,Our vol3 STNPP-GAT-ZINB,74,2022-11-02,0.1,0.10000526990707397,5693,125.0,0.5841121495327103,0.4158878504672897,0.10000526990707397,0.9758572906298183,5.840813689873283,0.5841121495327103,5.840813689873283,0.5841121495327103,214.0,0.04679599154178542,0.08940804496750396,1381.6626376177949
our_vol3,Our vol3 STNPP-GAT-ZINB,75,2022-11-16,0.01,0.010012823440546666,570,38.0,0.16521739130434782,0.8347826086956522,0.010012823440546666,2.9629629629629632,16.500579710144926,0.16521739130434782,16.500579710144926,0.16521739130434782,230.0,0.03260869565217391,0.06315789473684211,1235.22298843402
our_vol3,Our vol3 STNPP-GAT-ZINB,75,2022-11-16,0.02,0.02000808052418009,1139,54.0,0.23478260869565218,0.7652173913043478,0.02000808052418009,2.1071115013169446,11.734389433904646,0.23478260869565218,11.734389433904646,0.23478260869565218,230.0,0.023820224719101123,0.046532045654082525,1235.22298843402
our_vol3,Our vol3 STNPP-GAT-ZINB,75,2022-11-16,0.03,0.030003337607813516,1708,76.0,0.33043478260869563,0.6695652173913044,0.030003337607813516,1.9776216497527974,11.01326748803584,0.33043478260869563,11.01326748803584,0.33043478260869563,230.0,0.028296207104154123,0.05503512880562061,1235.22298843402
our_vol3,Our vol3 STNPP-GAT-ZINB,75,2022-11-16,0.04,0.04001616104836018,2278,84.0,0.3652173913043478,0.6347826086956522,0.04001616104836018,1.6388645010242902,9.126747337481392,0.3652173913043478,9.126747337481392,0.3652173913043478,230.0,0.026126126126126126,0.050921861281826165,1235.22298843402
our_vol3,Our vol3 STNPP-GAT-ZINB,75,2022-11-16,0.05,0.050011418131993605,2847,95.0,0.41304347826086957,0.5869565217391304,0.050011418131993605,1.4830425789329897,8.258983521937662,0.41304347826086957,8.258983521937662,0.41304347826086957,230.0,0.02576112412177986,0.0502283105022831,1235.22298843402
our_vol3,Our vol3 STNPP-GAT-ZINB,75,2022-11-16,0.06,0.06000667521562703,3416,107.0,0.4652173913043478,0.5347826086956522,0.06000667521562703,1.3921415560759822,7.752760665919967,0.4652173913043478,7.752760665919967,0.4652173913043478,230.0,0.027213952789054276,0.05298594847775176,1235.22298843402
our_vol3,Our vol3 STNPP-GAT-ZINB,75,2022-11-16,0.07,0.07000193229926045,3985,113.0,0.49130434782608695,0.508695652173913,0.07000193229926045,1.260281611599052,7.018439801429273,0.49130434782608695,7.018439801429273,0.49130434782608695,230.0,0.029715762273901807,0.05771643663739021,1235.22298843402
our_vol3,Our vol3 STNPP-GAT-ZINB,75,2022-11-16,0.08,0.08001475573980713,4555,120.0,0.5217391304347826,0.4782608695652174,0.08001475573980713,1.1708744968898646,6.520536438696129,0.5217391304347826,6.520536438696129,0.5217391304347826,230.0,0.032060722782372264,0.062129527991218444,1235.22298843402
our_vol3,Our vol3 STNPP-GAT-ZINB,75,2022-11-16,0.09,0.09001001282344055,5124,128.0,0.5565217391304348,0.4434782608695652,0.09001001282344055,1.1102437331945527,6.182887010827139,0.5565217391304348,6.182887010827139,0.5565217391304348,230.0,0.0369321056359405,0.07123341139734582,1235.22298843402
our_vol3,Our vol3 STNPP-GAT-ZINB,75,2022-11-16,0.1,0.10000526990707397,5693,137.0,0.5956521739130435,0.4043478260869565,0.10000526990707397,1.069539590530281,5.956207852511476,0.5956521739130435,5.956207852511476,0.5956521739130435,230.0,0.04401247019988997,0.0843140699104163,1235.22298843402
our_vol3,Our vol3 STNPP-GAT-ZINB,76,2022-11-30,0.01,0.010012823440546666,570,36.0,0.18090452261306533,0.8190954773869347,0.010012823440546666,2.8070175438596494,18.06728378735784,0.18090452261306533,18.06728378735784,0.18090452261306533,199.0,0.027953110910730387,0.054385964912280704,1617.25276198296
our_vol3,Our vol3 STNPP-GAT-ZINB,76,2022-11-30,0.02,0.02000808052418009,1139,50.0,0.25125628140703515,0.7487437185929648,0.02000808052418009,1.9510291678860598,12.557740414098587,0.25125628140703515,12.557740414098587,0.25125628140703515,199.0,0.02060931899641577,0.04038630377524144,1617.25276198296
our_vol3,Our vol3 STNPP-GAT-ZINB,76,2022-11-30,0.03,0.030003337607813516,1708,61.0,0.3065326633165829,0.6934673366834171,0.030003337607813516,1.5873015873015872,10.21661880832735,0.3065326633165829,10.21661880832735,0.3065326633165829,199.0,0.023980815347721823,0.0468384074941452,1617.25276198296
our_vol3,Our vol3 STNPP-GAT-ZINB,76,2022-11-30,0.04,0.04001616104836018,2278,74.0,0.37185929648241206,0.6281407035175879,0.04001616104836018,1.4437615842356843,9.292727906432955,0.37185929648241206,9.292727906432955,0.37185929648241206,199.0,0.025202520252025202,0.04916593503072871,1617.25276198296
our_vol3,Our vol3 STNPP-GAT-ZINB,76,2022-11-30,0.05,0.050011418131993605,2847,84.0,0.4221105527638191,0.5778894472361809,0.050011418131993605,1.3113218592670646,8.440283609829972,0.4221105527638191,8.440283609829972,0.4221105527638191,199.0,0.024838012958963283,0.04847207586933614,1617.25276198296
our_vol3,Our vol3 STNPP-GAT-ZINB,76,2022-11-30,0.06,0.06000667521562703,3416,88.0,0.44221105527638194,0.5577889447236181,0.06000667521562703,1.1449388498568827,7.369364386334483,0.44221105527638194,7.369364386334483,0.44221105527638194,199.0,0.027213952789054276,0.05298594847775176,1617.25276198296
our_vol3,Our vol3 STNPP-GAT-ZINB,76,2022-11-30,0.07,0.07000193229926045,3985,98.0,0.49246231155778897,0.507537688442211,0.07000193229926045,1.09298759236024,7.034981683826914,0.49246231155778897,7.034981683826914,0.49246231155778897,199.0,0.029051000645577793,0.056461731493099125,1617.25276198296
our_vol3,Our vol3 STNPP-GAT-ZINB,76,2022-11-30,0.08,0.08001475573980713,4555,104.0,0.5226130653266332,0.4773869346733668,0.08001475573980713,1.0147578973045495,6.5314586102852354,0.5226130653266332,6.5314586102852354,0.5226130653266332,199.0,0.033700215590604786,0.06520307354555434,1617.25276198296
our_vol3,Our vol3 STNPP-GAT-ZINB,76,2022-11-30,0.09,0.09001001282344055,5124,110.0,0.5527638190954773,0.44723618090452266,0.09001001282344055,0.9541157082140688,6.141136988612068,0.5527638190954773,6.141136988612068,0.5527638190954773,199.0,0.0369321056359405,0.07123341139734582,1617.25276198296
our_vol3,Our vol3 STNPP-GAT-ZINB,76,2022-11-30,0.1,0.10000526990707397,5693,114.0,0.5728643216080402,0.42713567839195976,0.10000526990707397,0.8899818490543943,5.72834133781502,0.5728643216080402,5.72834133781502,0.5728643216080402,199.0,0.04449133107054399,0.08519234147198314,1617.25276198296
our_vol3,Our vol3 STNPP-GAT-ZINB,77,2022-12-14,0.01,0.010012823440546666,570,48.0,0.22857142857142856,0.7714285714285715,0.010012823440546666,3.7426900584795324,22.82786967418546,0.22857142857142856,22.82786967418546,0.22857142857142856,210.0,0.0373066424021838,0.07192982456140351,1438.231927959172
our_vol3,Our vol3 STNPP-GAT-ZINB,77,2022-12-14,0.02,0.02000808052418009,1139,64.0,0.3047619047619048,0.6952380952380952,0.02000808052418009,2.4973173348941566,15.231941134662822,0.3047619047619048,15.231941134662822,0.3047619047619048,210.0,0.026126126126126126,0.050921861281826165,1438.231927959172
our_vol3,Our vol3 STNPP-GAT-ZINB,77,2022-12-14,0.03,0.030003337607813516,1708,77.0,0.36666666666666664,0.6333333333333333,0.030003337607813516,2.0036429872495445,12.220862607338017,0.36666666666666664,12.220862607338017,0.36666666666666664,210.0,0.027059530968129887,0.05269320843091335,1438.231927959172
our_vol3,Our vol3 STNPP-GAT-ZINB,77,2022-12-14,0.04,0.04001616104836018,2278,86.0,0.4095238095238095,0.5904761904761905,0.04001616104836018,1.6778850843820114,10.233960449851583,0.4095238095238095,10.233960449851583,0.4095238095238095,210.0,0.026126126126126126,0.050921861281826165,1438.231927959172
our_vol3,Our vol3 STNPP-GAT-ZINB,77,2022-12-14,0.05,0.050011418131993605,2847,93.0,0.44285714285714284,0.5571428571428572,0.050011418131993605,1.4518206299028216,8.85512067840835,0.44285714285714284,8.85512067840835,0.44285714285714284,210.0,0.024838012958963283,0.04847207586933614,1438.231927959172
our_vol3,Our vol3 STNPP-GAT-ZINB,77,2022-12-14,0.06,0.06000667521562703,3416,103.0,0.49047619047619045,0.5095238095238095,0.06000667521562703,1.3400988810824876,8.17369382179101,0.49047619047619045,8.17369382179101,0.49047619047619045,210.0,0.028296207104154123,0.05503512880562061,1438.231927959172
our_vol3,Our vol3 STNPP-GAT-ZINB,77,2022-12-14,0.07,0.07000193229926045,3985,108.0,0.5142857142857142,0.48571428571428577,0.07000193229926045,1.204516938519448,7.346735974188922,0.5142857142857142,7.346735974188922,0.5142857142857142,210.0,0.029715762273901807,0.05771643663739021,1438.231927959172
our_vol3,Our vol3 STNPP-GAT-ZINB,77,2022-12-14,0.08,0.08001475573980713,4555,112.0,0.5333333333333333,0.4666666666666667,0.08001475573980713,1.092816197097207,6.665437248444932,0.5333333333333333,6.665437248444932,0.5333333333333333,210.0,0.034874474610928095,0.06739846322722283,1438.231927959172
our_vol3,Our vol3 STNPP-GAT-ZINB,77,2022-12-14,0.09,0.09001001282344055,5124,120.0,0.5714285714285714,0.4285714285714286,0.09001001282344055,1.0408534998698933,6.348500055760008,0.5714285714285714,6.348500055760008,0.5714285714285714,210.0,0.03882412569690826,0.07474629195940671,1438.231927959172
our_vol3,Our vol3 STNPP-GAT-ZINB,77,2022-12-14,0.1,0.10000526990707397,5693,127.0,0.6047619047619047,0.3952380952380953,0.10000526990707397,0.9914710072798953,6.047300360509565,0.6047619047619047,6.047300360509565,0.6047619047619047,210.0,0.04564239140416935,0.08730019321974354,1438.231927959172
our_vol3,Our vol3 STNPP-GAT-ZINB,78,2022-12-28,0.01,0.010012823440546666,570,45.0,0.21634615384615385,0.7836538461538461,0.010012823440546666,3.5087719298245617,21.606907894736842,0.21634615384615385,21.606907894736842,0.21634615384615385,208.0,0.035422343324250684,0.06842105263157895,682.5190050785961
our_vol3,Our vol3 STNPP-GAT-ZINB,78,2022-12-28,0.02,0.02000808052418009,1139,61.0,0.2932692307692308,0.7067307692307692,0.02000808052418009,2.380255584820993,14.657539508340651,0.2932692307692308,14.657539508340651,0.2932692307692308,208.0,0.024741340530814216,0.048287971905179985,682.5190050785961
our_vol3,Our vol3 STNPP-GAT-ZINB,78,2022-12-28,0.03,0.030003337607813516,1708,69.0,0.3317307692307692,0.6682692307692308,0.030003337607813516,1.795472287275566,11.056462236533957,0.3317307692307692,11.056462236533957,0.3317307692307692,208.0,0.023367285799880167,0.04566744730679157,682.5190050785961
our_vol3,Our vol3 STNPP-GAT-ZINB,78,2022-12-28,0.04,0.04001616104836018,2278,79.0,0.3798076923076923,0.6201923076923077,0.04001616104836018,1.5413130426299873,9.49135755048288,0.3798076923076923,9.49135755048288,0.3798076923076923,208.0,0.022900763358778626,0.04477611940298507,682.5190050785961
our_vol3,Our vol3 STNPP-GAT-ZINB,78,2022-12-28,0.05,0.050011418131993605,2847,88.0,0.4230769230769231,0.5769230769230769,0.050011418131993605,1.3737657573274011,8.45960660344222,0.4230769230769231,8.45960660344222,0.4230769230769231,208.0,0.02244568145088885,0.04390586582367404,682.5190050785961
our_vol3,Our vol3 STNPP-GAT-ZINB,78,2022-12-28,0.06,0.06000667521562703,3416,96.0,0.46153846153846156,0.5384615384615384,0.06000667521562703,1.249024199843872,7.691451990632319,0.46153846153846156,7.691451990632319,0.46153846153846156,208.0,0.025517862503752625,0.049765807962529274,682.5190050785961
our_vol3,Our vol3 STNPP-GAT-ZINB,78,2022-12-28,0.07,0.07000193229926045,3985,99.0,0.47596153846153844,0.5240384615384616,0.07000193229926045,1.1041405269761606,6.799262860727729,0.47596153846153844,6.799262860727729,0.47596153846153844,208.0,0.026004119464469618,0.0506900878293601,682.5190050785961
our_vol3,Our vol3 STNPP-GAT-ZINB,78,2022-12-28,0.08,0.08001475573980713,4555,102.0,0.49038461538461536,0.5096153846153846,0.08001475573980713,0.9952433223563849,6.128677277716794,0.49038461538461536,6.128677277716794,0.49038461538461536,208.0,0.028797289666854884,0.05598243688254665,682.5190050785961
our_vol3,Our vol3 STNPP-GAT-ZINB,78,2022-12-28,0.09,0.09001001282344055,5124,113.0,0.5432692307692307,0.4567307692307693,0.09001001282344055,0.9801370457108162,6.035653298204527,0.5432692307692307,6.035653298204527,0.5432692307692307,208.0,0.03358547655068079,0.06498829039812647,682.5190050785961
our_vol3,Our vol3 STNPP-GAT-ZINB,78,2022-12-28,0.1,0.10000526990707397,5693,117.0,0.5625,0.4375,0.10000526990707397,0.9134024240295099,5.624703583347972,0.5625,5.624703583347972,0.5625,208.0,0.042387622448045406,0.08132794660108905,682.5190050785961
our_vol3,Our vol3 STNPP-GAT-ZINB,79,2023-01-11,0.01,0.010012823440546666,570,31.0,0.14691943127962084,0.8530805687203792,0.010012823440546666,2.417153996101365,14.673127130622763,0.14691943127962084,14.673127130622763,0.14691943127962084,211.0,0.02333931777378815,0.0456140350877193,1018.3265757072944
our_vol3,Our vol3 STNPP-GAT-ZINB,79,2023-01-11,0.02,0.02000808052418009,1139,52.0,0.24644549763033174,0.7535545023696683,0.02000808052418009,2.029070334601502,12.317298370150919,0.24644549763033174,12.317298370150919,0.24644549763033174,211.0,0.02060931899641577,0.04038630377524144,1018.3265757072944
our_vol3,Our vol3 STNPP-GAT-ZINB,79,2023-01-11,0.03,0.030003337607813516,1708,70.0,0.33175355450236965,0.6682464454976303,0.030003337607813516,1.8214936247723132,11.057221661098593,0.33175355450236965,11.057221661098593,0.33175355450236965,211.0,0.02459508098380324,0.04800936768149883,1018.3265757072944
our_vol3,Our vol3 STNPP-GAT-ZINB,79,2023-01-11,0.04,0.04001616104836018,2278,86.0,0.4075829383886256,0.5924170616113744,0.04001616104836018,1.6778850843820114,10.185458267624798,0.4075829383886256,10.185458267624798,0.4075829383886256,211.0,0.025433265811388703,0.04960491659350307,1018.3265757072944
our_vol3,Our vol3 STNPP-GAT-ZINB,79,2023-01-11,0.05,0.050011418131993605,2847,105.0,0.4976303317535545,0.5023696682464456,0.050011418131993605,1.6391523240838308,9.950334350451211,0.4976303317535545,9.950334350451211,0.4976303317535545,211.0,0.026685899747565814,0.05198454513523006,1018.3265757072944
our_vol3,Our vol3 STNPP-GAT-ZINB,79,2023-01-11,0.06,0.06000667521562703,3416,118.0,0.5592417061611374,0.44075829383886256,0.06000667521562703,1.5352589123080926,9.319658257211671,0.5592417061611374,9.319658257211671,0.5592417061611374,211.0,0.029225670382645376,0.056791569086651054,1018.3265757072944
our_vol3,Our vol3 STNPP-GAT-ZINB,79,2023-01-11,0.07,0.07000193229926045,3985,123.0,0.5829383886255924,0.41706161137440756,0.07000193229926045,1.3718109577582602,8.327461392544317,0.5829383886255924,8.327461392544317,0.5829383886255924,211.0,0.02958274124790079,0.057465495608531994,1018.3265757072944
our_vol3,Our vol3 STNPP-GAT-ZINB,79,2023-01-11,0.08,0.08001475573980713,4555,128.0,0.6066350710900474,0.39336492890995256,0.08001475573980713,1.2489327966825223,7.581539998231203,0.6066350710900474,7.581539998231203,0.6066350710900474,211.0,0.0340522133938706,0.06586169045005488,1018.3265757072944
our_vol3,Our vol3 STNPP-GAT-ZINB,79,2023-01-11,0.09,0.09001001282344055,5124,133.0,0.6303317535545023,0.3696682464454977,0.09001001282344055,1.153612629022465,7.002907052029109,0.6303317535545023,7.002907052029109,0.6303317535545023,211.0,0.03724696356275304,0.07181889149102264,1018.3265757072944
our_vol3,Our vol3 STNPP-GAT-ZINB,79,2023-01-11,0.1,0.10000526990707397,5693,138.0,0.6540284360189573,0.3459715639810427,0.10000526990707397,1.0773464488553195,6.539939711444087,0.6540284360189573,6.539939711444087,0.6540284360189573,211.0,0.04487473616591722,0.0858949587212366,1018.3265757072944
our_vol3,Our vol3 STNPP-GAT-ZINB,80,2023-01-25,0.01,0.010012823440546666,570,43.0,0.19196428571428573,0.8080357142857143,0.010012823440546666,3.352826510721248,19.1718436716792,0.19196428571428573,19.1718436716792,0.19196428571428573,224.0,0.03167420814479638,0.06140350877192982,1070.536356323034
our_vol3,Our vol3 STNPP-GAT-ZINB,80,2023-01-25,0.02,0.02000808052418009,1139,62.0,0.2767857142857143,0.7232142857142857,0.02000808052418009,2.419276168178714,13.83369653831682,0.2767857142857143,13.83369653831682,0.2767857142857143,224.0,0.025202520252025202,0.04916593503072871,1070.536356323034
our_vol3,Our vol3 STNPP-GAT-ZINB,80,2023-01-25,0.03,0.030003337607813516,1708,79.0,0.35267857142857145,0.6473214285714286,0.030003337607813516,2.0556856622430395,11.754644634493141,0.35267857142857145,11.754644634493141,0.35267857142857145,224.0,0.03140096618357488,0.06088992974238876,1070.536356323034
our_vol3,Our vol3 STNPP-GAT-ZINB,80,2023-01-25,0.04,0.04001616104836018,2278,89.0,0.39732142857142855,0.6026785714285714,0.04001616104836018,1.7364159594185933,9.92902412830804,0.39732142857142855,9.92902412830804,0.39732142857142855,224.0,0.029837251356238697,0.05794556628621598,1070.536356323034
our_vol3,Our vol3 STNPP-GAT-ZINB,80,2023-01-25,0.05,0.050011418131993605,2847,96.0,0.42857142857142855,0.5714285714285714,0.050011418131993605,1.4986535534480738,8.569471624266145,0.42857142857142855,8.569471624266145,0.42857142857142855,224.0,0.028169014084507043,0.0547945205479452,1070.536356323034
our_vol3,Our vol3 STNPP-GAT-ZINB,80,2023-01-25,0.06,0.06000667521562703,3416,104.0,0.4642857142857143,0.5357142857142857,0.06000667521562703,1.3531095498308614,7.737234442957511,0.4642857142857143,7.737234442957511,0.4642857142857143,224.0,0.03000150761344791,0.058255269320843094,1070.536356323034
our_vol3,Our vol3 STNPP-GAT-ZINB,80,2023-01-25,0.07,0.07000193229926045,3985,114.0,0.5089285714285714,0.4910714285714286,0.07000193229926045,1.271434546214973,7.270207474457788,0.5089285714285714,7.270207474457788,0.5089285714285714,224.0,0.03184878301398239,0.06173149309912171,1070.536356323034
our_vol3,Our vol3 STNPP-GAT-ZINB,80,2023-01-25,0.08,0.08001475573980713,4555,119.0,0.53125,0.46875,0.08001475573980713,1.1611172094157824,6.639400384193194,0.53125,6.639400384193194,0.53125,224.0,0.036169244767970885,0.06981339187705818,1070.536356323034
our_vol3,Our vol3 STNPP-GAT-ZINB,80,2023-01-25,0.09,0.09001001282344055,5124,128.0,0.5714285714285714,0.4285714285714286,0.09001001282344055,1.1102437331945527,6.348500055760008,0.5714285714285714,6.348500055760008,0.5714285714285714,224.0,0.039245512625494375,0.07552693208430913,1070.536356323034
our_vol3,Our vol3 STNPP-GAT-ZINB,80,2023-01-25,0.1,0.10000526990707397,5693,132.0,0.5892857142857143,0.4107142857142857,0.10000526990707397,1.030505298905088,5.892546611126447,0.5892857142857143,5.892546611126447,0.5892857142857143,224.0,0.04564239140416935,0.08730019321974354,1070.536356323034
our_vol3,Our vol3 STNPP-GAT-ZINB,81,2023-02-08,0.01,0.010012823440546666,570,38.0,0.20212765957446807,0.7978723404255319,0.010012823440546666,2.9629629629629632,20.18687943262411,0.20212765957446807,20.18687943262411,0.20212765957446807,188.0,0.03167420814479638,0.06140350877192982,1429.7331948373887
our_vol3,Our vol3 STNPP-GAT-ZINB,81,2023-02-08,0.02,0.02000808052418009,1139,51.0,0.2712765957446808,0.7287234042553192,0.02000808052418009,1.990049751243781,13.558351857732614,0.2712765957446808,13.558351857732614,0.2712765957446808,188.0,0.02244165170556553,0.043898156277436345,1429.7331948373887
our_vol3,Our vol3 STNPP-GAT-ZINB,81,2023-02-08,0.03,0.030003337607813516,1708,60.0,0.3191489361702128,0.6808510638297872,0.030003337607813516,1.56128024980484,10.637114455129803,0.3191489361702128,10.637114455129803,0.3191489361702128,188.0,0.024902490249024904,0.04859484777517564,1429.7331948373887
our_vol3,Our vol3 STNPP-GAT-ZINB,81,2023-02-08,0.04,0.04001616104836018,2278,71.0,0.3776595744680851,0.6223404255319149,0.04001616104836018,1.3852307091991025,9.437676293127604,0.3776595744680851,9.437676293127604,0.3776595744680851,188.0,0.024280575539568347,0.04741000877963126,1429.7331948373887
our_vol3,Our vol3 STNPP-GAT-ZINB,81,2023-02-08,0.05,0.050011418131993605,2847,78.0,0.4148936170212766,0.5851063829787234,0.050011418131993605,1.21765601217656,8.295977849023608,0.4148936170212766,8.295977849023608,0.4148936170212766,188.0,0.023732470334412083,0.04636459430979979,1429.7331948373887
our_vol3,Our vol3 STNPP-GAT-ZINB,81,2023-02-08,0.06,0.06000667521562703,3416,81.0,0.4308510638297872,0.5691489361702128,0.06000667521562703,1.053864168618267,7.180052257212616,0.4308510638297872,7.180052257212616,0.4308510638297872,188.0,0.026596543951915852,0.05181498829039813,1429.7331948373887
our_vol3,Our vol3 STNPP-GAT-ZINB,81,2023-02-08,0.07,0.07000193229926045,3985,86.0,0.4574468085106383,0.5425531914893618,0.07000193229926045,0.9591523769691901,6.5347740195947575,0.4574468085106383,6.5347740195947575,0.4574468085106383,188.0,0.027591542031975246,0.053701380175658724,1429.7331948373887
our_vol3,Our vol3 STNPP-GAT-ZINB,81,2023-02-08,0.08,0.08001475573980713,4555,95.0,0.5053191489361702,0.49468085106382975,0.08001475573980713,0.9269423100378095,6.315324520634328,0.5053191489361702,6.315324520634328,0.5053191489361702,188.0,0.032060722782372264,0.062129527991218444,1429.7331948373887
our_vol3,Our vol3 STNPP-GAT-ZINB,81,2023-02-08,0.09,0.09001001282344055,5124,98.0,0.5212765957446809,0.4787234042553191,0.09001001282344055,0.8500303582270795,5.791317870015114,0.5212765957446809,5.791317870015114,0.5212765957446809,188.0,0.036617438802346754,0.070647931303669,1429.7331948373887
our_vol3,Our vol3 STNPP-GAT-ZINB,81,2023-02-08,0.1,0.10000526990707397,5693,102.0,0.5425531914893617,0.45744680851063835,0.10000526990707397,0.7962995491539318,5.425246009470383,0.5425531914893617,5.425246009470383,0.5425531914893617,188.0,0.043534048208230224,0.08343579834884947,1429.7331948373887
our_vol3,Our vol3 STNPP-GAT-ZINB,82,2023-02-22,0.01,0.010012823440546666,570,34.0,0.1691542288557214,0.8308457711442786,0.010012823440546666,2.6510721247563356,16.893759273806406,0.1691542288557214,16.893759273806406,0.1691542288557214,201.0,0.02888086642599278,0.056140350877192984,1294.5621018509726
our_vol3,Our vol3 STNPP-GAT-ZINB,82,2023-02-22,0.02,0.02000808052418009,1139,50.0,0.24875621890547264,0.7512437810945274,0.02000808052418009,1.9510291678860598,12.432787773162284,0.24875621890547264,12.432787773162284,0.24875621890547264,201.0,0.021524663677130046,0.04214223002633889,1294.5621018509726
our_vol3,Our vol3 STNPP-GAT-ZINB,82,2023-02-22,0.03,0.030003337607813516,1708,58.0,0.2885572139303483,0.7114427860696517,0.030003337607813516,1.5092375748113454,9.617503815815537,0.2885572139303483,9.617503815815537,0.2885572139303483,201.0,0.023980815347721823,0.0468384074941452,1294.5621018509726
our_vol3,Our vol3 STNPP-GAT-ZINB,82,2023-02-22,0.04,0.04001616104836018,2278,64.0,0.31840796019900497,0.681592039800995,0.04001616104836018,1.2486586674470783,7.9569841748238614,0.31840796019900497,7.9569841748238614,0.31840796019900497,201.0,0.022900763358778626,0.04477611940298507,1294.5621018509726
our_vol3,Our vol3 STNPP-GAT-ZINB,82,2023-02-22,0.05,0.050011418131993605,2847,71.0,0.35323383084577115,0.6467661691542288,0.050011418131993605,1.1083791905709712,7.0630636770485475,0.35323383084577115,7.0630636770485475,0.35323383084577115,201.0,0.02207862143241788,0.04320337197049526,1294.5621018509726
our_vol3,Our vol3 STNPP-GAT-ZINB,82,2023-02-22,0.06,0.06000667521562703,3416,83.0,0.4129353233830846,0.5870646766169154,0.06000667521562703,1.0798855061150143,6.881489799247323,0.4129353233830846,6.881489799247323,0.4129353233830846,201.0,0.025517862503752625,0.049765807962529274,1294.5621018509726
our_vol3,Our vol3 STNPP-GAT-ZINB,82,2023-02-22,0.07,0.07000193229926045,3985,90.0,0.44776119402985076,0.5522388059701493,0.07000193229926045,1.0037641154328734,6.396411917826177,0.44776119402985076,6.396411917826177,0.44776119402985076,201.0,0.027724049000644745,0.053952321204516936,1294.5621018509726
our_vol3,Our vol3 STNPP-GAT-ZINB,82,2023-02-22,0.08,0.08001475573980713,4555,105.0,0.5223880597014925,0.4776119402985075,0.08001475573980713,1.0245151847786316,6.5286465586447555,0.5223880597014925,6.5286465586447555,0.5223880597014925,201.0,0.03381752156150704,0.06542261251372118,1294.5621018509726
our_vol3,Our vol3 STNPP-GAT-ZINB,82,2023-02-22,0.09,0.09001001282344055,5124,110.0,0.5472636815920398,0.45273631840796025,0.09001001282344055,0.9541157082140688,6.080031147929361,0.5472636815920398,6.080031147929361,0.5472636815920398,201.0,0.038508309687880014,0.0741608118657299,1294.5621018509726
our_vol3,Our vol3 STNPP-GAT-ZINB,82,2023-02-22,0.1,0.10000526990707397,5693,114.0,0.5671641791044776,0.4328358208955224,0.10000526990707397,0.8899818490543943,5.671342916543228,0.5671641791044776,5.671342916543228,0.5671641791044776,201.0,0.04660354812023164,0.08905673634287722,1294.5621018509726
our_vol3,Our vol3 STNPP-GAT-ZINB,83,2023-03-08,0.01,0.010012823440546666,570,25.0,0.13513513513513514,0.8648648648648649,0.010012823440546666,1.9493177387914231,13.496206733048838,0.13513513513513514,13.496206733048838,0.13513513513513514,185.0,0.02333931777378815,0.0456140350877193,886.8004096970292
our_vol3,Our vol3 STNPP-GAT-ZINB,83,2023-03-08,0.02,0.02000808052418009,1139,32.0,0.17297297297297298,0.827027027027027,0.02000808052418009,1.2486586674470783,8.645155779132953,0.17297297297297298,8.645155779132953,0.17297297297297298,185.0,0.014699331848552339,0.02897278314310799,886.8004096970292
our_vol3,Our vol3 STNPP-GAT-ZINB,83,2023-03-08,0.03,0.030003337607813516,1708,47.0,0.25405405405405407,0.7459459459459459,0.030003337607813516,1.2230028623471247,8.467526425723147,0.25405405405405407,8.467526425723147,0.25405405405405407,185.0,0.022142429682824656,0.04332552693208431,886.8004096970292
our_vol3,Our vol3 STNPP-GAT-ZINB,83,2023-03-08,0.04,0.04001616104836018,2278,57.0,0.3081081081081081,0.6918918918918919,0.04001616104836018,1.1120866256950541,7.699591865790286,0.3081081081081081,7.699591865790286,0.3081081081081081,185.0,0.02244165170556553,0.043898156277436345,886.8004096970292
our_vol3,Our vol3 STNPP-GAT-ZINB,83,2023-03-08,0.05,0.050011418131993605,2847,63.0,0.34054054054054056,0.6594594594594594,0.050011418131993605,0.9834913944502985,6.8092558311736395,0.34054054054054056,6.8092558311736395,0.34054054054054056,185.0,0.02189519023689878,0.04285212504390586,886.8004096970292
our_vol3,Our vol3 STNPP-GAT-ZINB,83,2023-03-08,0.06,0.06000667521562703,3416,72.0,0.3891891891891892,0.6108108108108108,0.06000667521562703,0.936768149882904,6.485764921830496,0.3891891891891892,6.485764921830496,0.3891891891891892,185.0,0.025363950172594928,0.049473067915690866,886.8004096970292
our_vol3,Our vol3 STNPP-GAT-ZINB,83,2023-03-08,0.07,0.07000193229926045,3985,78.0,0.42162162162162165,0.5783783783783784,0.07000193229926045,0.8699289000418235,6.022999762623352,0.42162162162162165,6.022999762623352,0.42162162162162165,185.0,0.027591542031975246,0.053701380175658724,886.8004096970292
our_vol3,Our vol3 STNPP-GAT-ZINB,83,2023-03-08,0.08,0.08001475573980713,4555,85.0,0.4594594594594595,0.5405405405405406,0.08001475573980713,0.8293694352969875,5.742184116058979,0.4594594594594595,5.742184116058979,0.4594594594594595,185.0,0.033700215590604786,0.06520307354555434,886.8004096970292
our_vol3,Our vol3 STNPP-GAT-ZINB,83,2023-03-08,0.09,0.09001001282344055,5124,91.0,0.4918918918918919,0.508108108108108,0.09001001282344055,0.7893139040680024,5.464857480431251,0.4918918918918919,5.464857480431251,0.4918918918918919,185.0,0.03882412569690826,0.07474629195940671,886.8004096970292
our_vol3,Our vol3 STNPP-GAT-ZINB,83,2023-03-08,0.1,0.10000526990707397,5693,95.0,0.5135135135135135,0.4864864864864865,0.10000526990707397,0.7416515408786619,5.134864532545896,0.5135135135135135,5.134864532545896,0.5135135135135135,185.0,0.045354388542049213,0.08677323028280344,886.8004096970292
our_vol3,Our vol3 STNPP-GAT-ZINB,84,2023-03-22,0.01,0.010012823440546666,570,29.0,0.15263157894736842,0.8473684210526315,0.010012823440546666,2.261208576998051,15.243610341643581,0.15263157894736842,15.243610341643581,0.15263157894736842,190.0,0.026102610261026102,0.05087719298245614,1097.3801087570403
our_vol3,Our vol3 STNPP-GAT-ZINB,84,2023-03-22,0.02,0.02000808052418009,1139,46.0,0.24210526315789474,0.7578947368421053,0.02000808052418009,1.794946834455175,12.100374289542998,0.24210526315789474,12.100374289542998,0.24210526315789474,190.0,0.021524663677130046,0.04214223002633889,1097.3801087570403
our_vol3,Our vol3 STNPP-GAT-ZINB,84,2023-03-22,0.03,0.030003337607813516,1708,62.0,0.3263157894736842,0.6736842105263158,0.030003337607813516,1.6133229247983347,10.875982990262543,0.3263157894736842,10.875982990262543,0.3263157894736842,190.0,0.025210084033613446,0.04918032786885246,1097.3801087570403
our_vol3,Our vol3 STNPP-GAT-ZINB,84,2023-03-22,0.04,0.04001616104836018,2278,73.0,0.38421052631578945,0.6157894736842106,0.04001616104836018,1.4242512925568236,9.601383947137379,0.38421052631578945,9.601383947137379,0.38421052631578945,190.0,0.024971878515185602,0.048726953467954345,1097.3801087570403
our_vol3,Our vol3 STNPP-GAT-ZINB,84,2023-03-22,0.05,0.050011418131993605,2847,82.0,0.43157894736842106,0.5684210526315789,0.050011418131993605,1.2800999102368964,8.629608267243452,0.43157894736842106,8.629608267243452,0.43157894736842106,190.0,0.025576368876080693,0.049877063575693714,1097.3801087570403
our_vol3,Our vol3 STNPP-GAT-ZINB,84,2023-03-22,0.06,0.06000667521562703,3416,91.0,0.4789473684210526,0.5210526315789474,0.06000667521562703,1.1839708561020037,7.9815681622088,0.4789473684210526,7.9815681622088,0.4789473684210526,190.0,0.028141459744168547,0.0547423887587822,1097.3801087570403
our_vol3,Our vol3 STNPP-GAT-ZINB,84,2023-03-22,0.07,0.07000193229926045,3985,102.0,0.5368421052631579,0.4631578947368421,0.07000193229926045,1.1375993308239232,7.668961236214753,0.5368421052631579,7.668961236214753,0.5368421052631579,190.0,0.03238341968911917,0.06273525721455459,1097.3801087570403
our_vol3,Our vol3 STNPP-GAT-ZINB,84,2023-03-22,0.08,0.08001475573980713,4555,110.0,0.5789473684210527,0.42105263157894735,0.08001475573980713,1.0733016221490426,7.235507539430354,0.5789473684210527,7.235507539430354,0.5789473684210527,190.0,0.0365229263852543,0.07047200878155872,1097.3801087570403
our_vol3,Our vol3 STNPP-GAT-ZINB,84,2023-03-22,0.09,0.09001001282344055,5124,119.0,0.6263157894736842,0.37368421052631584,0.09001001282344055,1.0321797207043109,6.958290192694851,0.6263157894736842,6.958290192694851,0.6263157894736842,190.0,0.04199288256227758,0.08060109289617487,1097.3801087570403
our_vol3,Our vol3 STNPP-GAT-ZINB,84,2023-03-22,0.1,0.10000526990707397,5693,125.0,0.6578947368421053,0.3421052631578947,0.10000526990707397,0.9758572906298183,6.57860068227833,0.6578947368421053,6.57860068227833,0.6578947368421053,190.0,0.04862773991526985,0.09274547690145793,1097.3801087570403
our_vol3,Our vol3 STNPP-GAT-ZINB,85,2023-04-05,0.01,0.010012823440546666,570,33.0,0.1907514450867052,0.8092485549132948,0.010012823440546666,2.5730994152046787,19.0507149376331,0.1907514450867052,19.0507149376331,0.1907514450867052,173.0,0.027953110910730387,0.054385964912280704,1168.5363082640413
our_vol3,Our vol3 STNPP-GAT-ZINB,85,2023-04-05,0.02,0.02000808052418009,1139,43.0,0.24855491329479767,0.7514450867052023,0.02000808052418009,1.6778850843820114,12.422726557623308,0.24855491329479767,12.422726557623308,0.24855491329479767,173.0,0.018328118015198926,0.035996488147497806,1168.5363082640413
our_vol3,Our vol3 STNPP-GAT-ZINB,85,2023-04-05,0.03,0.030003337607813516,1708,56.0,0.3236994219653179,0.676300578034682,0.030003337607813516,1.4571948998178506,10.788780441580593,0.3236994219653179,10.788780441580593,0.3236994219653179,173.0,0.022142429682824656,0.04332552693208431,1168.5363082640413
our_vol3,Our vol3 STNPP-GAT-ZINB,85,2023-04-05,0.04,0.04001616104836018,2278,61.0,0.35260115606936415,0.6473988439306358,0.04001616104836018,1.1901277924104965,8.811468837383975,0.35260115606936415,8.811468837383975,0.35260115606936415,173.0,0.021982951996410947,0.04302019315188762,1168.5363082640413
our_vol3,Our vol3 STNPP-GAT-ZINB,85,2023-04-05,0.05,0.050011418131993605,2847,72.0,0.4161849710982659,0.5838150289017341,0.050011418131993605,1.1239901650860553,8.321799033969436,0.4161849710982659,8.321799033969436,0.4161849710982659,173.0,0.022629310344827586,0.044257112750263436,1168.5363082640413
our_vol3,Our vol3 STNPP-GAT-ZINB,85,2023-04-05,0.06,0.06000667521562703,3416,85.0,0.4913294797687861,0.5086705202312138,0.06000667521562703,1.1059068436117616,8.18791372798527,0.4913294797687861,8.18791372798527,0.4913294797687861,173.0,0.026442307692307692,0.05152224824355972,1168.5363082640413
our_vol3,Our vol3 STNPP-GAT-ZINB,85,2023-04-05,0.07,0.07000193229926045,3985,86.0,0.49710982658959535,0.5028901734104047,0.07000193229926045,0.9591523769691901,7.101372923027828,0.49710982658959535,7.101372923027828,0.49710982658959535,173.0,0.030248190279214063,0.05872020075282309,1168.5363082640413
our_vol3,Our vol3 STNPP-GAT-ZINB,85,2023-04-05,0.08,0.08001475573980713,4555,92.0,0.5317919075144508,0.4682080924855492,0.08001475573980713,0.8976704476155629,6.646172978940755,0.5317919075144508,6.646172978940755,0.5317919075144508,173.0,0.03358293623780349,0.06498353457738748,1168.5363082640413
our_vol3,Our vol3 STNPP-GAT-ZINB,85,2023-04-05,0.09,0.09001001282344055,5124,97.0,0.5606936416184971,0.4393063583815029,0.09001001282344055,0.8413565790614971,6.229236326388794,0.5606936416184971,6.229236326388794,0.5606936416184971,173.0,0.03977272727272727,0.07650273224043716,1168.5363082640413
our_vol3,Our vol3 STNPP-GAT-ZINB,85,2023-04-05,0.1,0.10000526990707397,5693,103.0,0.5953757225433526,0.4046242774566474,0.10000526990707397,0.8041064074789702,5.953443484494192,0.5953757225433526,5.953443484494192,0.5953757225433526,173.0,0.04621887347238813,0.08835411909362374,1168.5363082640413
our_vol3,Our vol3 STNPP-GAT-ZINB,86,2023-04-19,0.01,0.010012823440546666,570,32.0,0.1509433962264151,0.8490566037735849,0.010012823440546666,2.4951267056530217,15.075008275405493,0.1509433962264151,15.075008275405493,0.1509433962264151,212.0,0.02702702702702703,0.05263157894736842,788.8196330465059
our_vol3,Our vol3 STNPP-GAT-ZINB,86,2023-04-19,0.02,0.02000808052418009,1139,50.0,0.2358490566037736,0.7641509433962264,0.02000808052418009,1.9510291678860598,11.787690294366127,0.2358490566037736,11.787690294366127,0.2358490566037736,212.0,0.02244165170556553,0.043898156277436345,788.8196330465059
our_vol3,Our vol3 STNPP-GAT-ZINB,86,2023-04-19,0.03,0.030003337607813516,1708,63.0,0.2971698113207547,0.7028301886792453,0.030003337607813516,1.639344262295082,9.904558459635012,0.2971698113207547,9.904558459635012,0.2971698113207547,212.0,0.025517862503752625,0.049765807962529274,788.8196330465059
our_vol3,Our vol3 STNPP-GAT-ZINB,86,2023-04-19,0.04,0.04001616104836018,2278,77.0,0.3632075471698113,0.6367924528301887,0.04001616104836018,1.502292459272266,9.076521526661917,0.3632075471698113,9.076521526661917,0.3632075471698113,212.0,0.025895068678225625,0.0504828797190518,788.8196330465059
our_vol3,Our vol3 STNPP-GAT-ZINB,86,2023-04-19,0.05,0.050011418131993605,2847,94.0,0.44339622641509435,0.5566037735849056,0.050011418131993605,1.4674316044179057,8.865899887998621,0.44339622641509435,8.865899887998621,0.44339622641509435,212.0,0.027612344342176503,0.05374077976817703,788.8196330465059
our_vol3,Our vol3 STNPP-GAT-ZINB,86,2023-04-19,0.06,0.06000667521562703,3416,101.0,0.47641509433962265,0.5235849056603774,0.06000667521562703,1.3140775435857404,7.939368289072511,0.47641509433962265,7.939368289072511,0.47641509433962265,212.0,0.030623020063357972,0.05942622950819672,788.8196330465059
our_vol3,Our vol3 STNPP-GAT-ZINB,86,2023-04-19,0.07,0.07000193229926045,3985,109.0,0.5141509433962265,0.48584905660377353,0.07000193229926045,1.2156698731353688,7.344810728912669,0.5141509433962265,7.344810728912669,0.5141509433962265,212.0,0.03265094584089142,0.06323713927227102,788.8196330465059
our_vol3,Our vol3 STNPP-GAT-ZINB,86,2023-04-19,0.08,0.08001475573980713,4555,113.0,0.5330188679245284,0.46698113207547165,0.08001475573980713,1.1025734845712891,6.661507155727689,0.5330188679245284,6.661507155727689,0.5330188679245284,212.0,0.0362871118189057,0.07003293084522502,788.8196330465059
our_vol3,Our vol3 STNPP-GAT-ZINB,86,2023-04-19,0.09,0.09001001282344055,5124,122.0,0.5754716981132075,0.42452830188679247,0.09001001282344055,1.0582010582010581,6.393418688230009,0.5754716981132075,6.393418688230009,0.5754716981132075,212.0,0.0417810308020738,0.08021077283372366,788.8196330465059
our_vol3,Our vol3 STNPP-GAT-ZINB,86,2023-04-19,0.1,0.10000526990707397,5693,126.0,0.5943396226415094,0.4056603773584906,0.10000526990707397,0.9836641489548569,5.943083031462008,0.5943396226415094,5.943083031462008,0.5943396226415094,212.0,0.04766286345233714,0.09098893377832426,788.8196330465059
our_vol3,Our vol3 STNPP-GAT-ZINB,87,2023-05-03,0.01,0.010012823440546666,570,28.0,0.1794871794871795,0.8205128205128205,0.010012823440546666,2.183235867446394,17.925730994152044,0.1794871794871795,17.925730994152044,0.1794871794871795,156.0,0.026102610261026102,0.05087719298245614,2332.7226149265257
our_vol3,Our vol3 STNPP-GAT-ZINB,87,2023-05-03,0.02,0.02000808052418009,1139,40.0,0.2564102564102564,0.7435897435897436,0.02000808052418009,1.5608233343088478,12.815335089259584,0.2564102564102564,12.815335089259584,0.2564102564102564,156.0,0.01923937360178971,0.03775241439859526,2332.7226149265257
our_vol3,Our vol3 STNPP-GAT-ZINB,87,2023-05-03,0.03,0.030003337607813516,1708,51.0,0.3269230769230769,0.6730769230769231,0.030003337607813516,1.327088212334114,10.896223653395785,0.3269230769230769,10.896223653395785,0.3269230769230769,156.0,0.021836673646425366,0.04274004683840749,2332.7226149265257
our_vol3,Our vol3 STNPP-GAT-ZINB,87,2023-05-03,0.04,0.04001616104836018,2278,57.0,0.36538461538461536,0.6346153846153846,0.04001616104836018,1.1120866256950541,9.130926251097454,0.36538461538461536,9.130926251097454,0.36538461538461536,156.0,0.021295673615781215,0.04170324846356453,2332.7226149265257
our_vol3,Our vol3 STNPP-GAT-ZINB,87,2023-05-03,0.05,0.050011418131993605,2847,63.0,0.40384615384615385,0.5961538461538461,0.050011418131993605,0.9834913944502985,8.075079030558483,0.40384615384615385,8.075079030558483,0.40384615384615385,156.0,0.02097902097902098,0.0410958904109589,2332.7226149265257
our_vol3,Our vol3 STNPP-GAT-ZINB,87,2023-05-03,0.06,0.06000667521562703,3416,68.0,0.4358974358974359,0.5641025641025641,0.06000667521562703,0.8847254748894093,7.264149102263857,0.4358974358974359,7.264149102263857,0.4358974358974359,156.0,0.024902490249024904,0.04859484777517564,2332.7226149265257
our_vol3,Our vol3 STNPP-GAT-ZINB,87,2023-05-03,0.07,0.07000193229926045,3985,74.0,0.47435897435897434,0.5256410256410257,0.07000193229926045,0.8253171615781403,6.776369719782518,0.47435897435897434,6.776369719782518,0.47435897435897434,156.0,0.027061855670103094,0.05269761606022585,2332.7226149265257
our_vol3,Our vol3 STNPP-GAT-ZINB,87,2023-05-03,0.08,0.08001475573980713,4555,82.0,0.5256410256410257,0.47435897435897434,0.08001475573980713,0.8000975728747408,6.569301134284669,0.5256410256410257,6.569301134284669,0.5256410256410257,156.0,0.032060722782372264,0.062129527991218444,2332.7226149265257
our_vol3,Our vol3 STNPP-GAT-ZINB,87,2023-05-03,0.09,0.09001001282344055,5124,85.0,0.5448717948717948,0.4551282051282052,0.09001001282344055,0.7372712290745077,6.0534575852198795,0.5448717948717948,6.0534575852198795,0.5448717948717948,156.0,0.03903477643718949,0.07513661202185792,2332.7226149265257
our_vol3,Our vol3 STNPP-GAT-ZINB,87,2023-05-03,0.1,0.10000526990707397,5693,92.0,0.5897435897435898,0.41025641025641024,0.10000526990707397,0.7182309659035463,5.897125124421805,0.5897435897435898,5.897125124421805,0.5897435897435898,156.0,0.04449133107054399,0.08519234147198314,2332.7226149265257
our_vol3,Our vol3 STNPP-GAT-ZINB,88,2023-05-17,0.01,0.010012823440546666,570,29.0,0.15591397849462366,0.8440860215053764,0.010012823440546666,2.261208576998051,15.57142991888323,0.15591397849462366,15.57142991888323,0.15591397849462366,186.0,0.02425876010781671,0.04736842105263158,869.9408517247531
our_vol3,Our vol3 STNPP-GAT-ZINB,88,2023-05-17,0.02,0.02000808052418009,1139,44.0,0.23655913978494625,0.7634408602150538,0.02000808052418009,1.7169056677397325,11.823180114607231,0.23655913978494625,11.823180114607231,0.23655913978494625,186.0,0.01923937360178971,0.03775241439859526,869.9408517247531
our_vol3,Our vol3 STNPP-GAT-ZINB,88,2023-05-17,0.03,0.030003337607813516,1708,62.0,0.3333333333333333,0.6666666666666667,0.030003337607813516,1.6133229247983347,11.109875097580014,0.3333333333333333,11.109875097580014,0.3333333333333333,186.0,0.025517862503752625,0.049765807962529274,869.9408517247531
our_vol3,Our vol3 STNPP-GAT-ZINB,88,2023-05-17,0.04,0.04001616104836018,2278,71.0,0.3817204301075269,0.6182795698924731,0.04001616104836018,1.3852307091991025,9.539156683376287,0.3817204301075269,9.539156683376287,0.3817204301075269,186.0,0.023820224719101123,0.046532045654082525,869.9408517247531
our_vol3,Our vol3 STNPP-GAT-ZINB,88,2023-05-17,0.05,0.050011418131993605,2847,75.0,0.4032258064516129,0.5967741935483871,0.050011418131993605,1.1708230886313078,8.062674915304168,0.4032258064516129,8.062674915304168,0.4032258064516129,186.0,0.025207057976233346,0.04917456972251493,869.9408517247531
our_vol3,Our vol3 STNPP-GAT-ZINB,88,2023-05-17,0.06,0.06000667521562703,3416,78.0,0.41935483870967744,0.5806451612903225,0.06000667521562703,1.014832162373146,6.988469819445494,0.41935483870967744,6.988469819445494,0.41935483870967744,186.0,0.026596543951915852,0.05181498829039813,869.9408517247531
our_vol3,Our vol3 STNPP-GAT-ZINB,88,2023-05-17,0.07,0.07000193229926045,3985,81.0,0.43548387096774194,0.564516129032258,0.07000193229926045,0.903387703889586,6.2210264297567495,0.43548387096774194,6.2210264297567495,0.43548387096774194,186.0,0.02878533625919711,0.05595984943538269,869.9408517247531
our_vol3,Our vol3 STNPP-GAT-ZINB,88,2023-05-17,0.08,0.08001475573980713,4555,86.0,0.46236559139784944,0.5376344086021505,0.08001475573980713,0.8391267227710697,5.778504066192179,0.46236559139784944,5.778504066192179,0.46236559139784944,186.0,0.03241160471441523,0.06278814489571899,869.9408517247531
our_vol3,Our vol3 STNPP-GAT-ZINB,88,2023-05-17,0.09,0.09001001282344055,5124,93.0,0.5,0.5,0.09001001282344055,0.8066614623991673,5.554937548790008,0.5,5.554937548790008,0.5,186.0,0.038929440389294405,0.07494145199063232,869.9408517247531
our_vol3,Our vol3 STNPP-GAT-ZINB,88,2023-05-17,0.1,0.10000526990707397,5693,102.0,0.5483870967741935,0.4516129032258065,0.10000526990707397,0.7962995491539318,5.483581988066839,0.5483870967741935,5.483581988066839,0.5483870967741935,186.0,0.04401247019988997,0.0843140699104163,869.9408517247531
our_vol3,Our vol3 STNPP-GAT-ZINB,89,2023-05-31,0.01,0.010012823440546666,570,44.0,0.23529411764705882,0.7647058823529411,0.010012823440546666,3.4307992202729047,23.499277605779152,0.23529411764705882,23.499277605779152,0.23529411764705882,187.0,0.03825136612021858,0.07368421052631578,475.8102373917555
our_vol3,Our vol3 STNPP-GAT-ZINB,89,2023-05-31,0.02,0.02000808052418009,1139,64.0,0.3422459893048128,0.6577540106951871,0.02000808052418009,2.4973173348941566,17.105388439995682,0.3422459893048128,17.105388439995682,0.3422459893048128,187.0,0.02751465944970681,0.053555750658472345,475.8102373917555
our_vol3,Our vol3 STNPP-GAT-ZINB,89,2023-05-31,0.03,0.030003337607813516,1708,71.0,0.37967914438502676,0.6203208556149733,0.030003337607813516,1.8475149622690605,12.654563613821088,0.37967914438502676,12.654563613821088,0.37967914438502676,187.0,0.02675082657048392,0.052107728337236536,475.8102373917555
our_vol3,Our vol3 STNPP-GAT-ZINB,89,2023-05-31,0.04,0.04001616104836018,2278,80.0,0.42780748663101603,0.572192513368984,0.04001616104836018,1.5608233343088478,10.690867774997301,0.42780748663101603,10.690867774997301,0.42780748663101603,187.0,0.024971878515185602,0.048726953467954345,475.8102373917555
our_vol3,Our vol3 STNPP-GAT-ZINB,89,2023-05-31,0.05,0.050011418131993605,2847,84.0,0.44919786096256686,0.5508021390374331,0.050011418131993605,1.3113218592670646,8.98190608746612,0.44919786096256686,8.98190608746612,0.44919786096256686,187.0,0.025022502250225023,0.048823322795925536,475.8102373917555
our_vol3,Our vol3 STNPP-GAT-ZINB,89,2023-05-31,0.06,0.06000667521562703,3416,91.0,0.48663101604278075,0.5133689839572193,0.06000667521562703,1.1839708561020037,8.109614710265626,0.48663101604278075,8.109614710265626,0.48663101604278075,187.0,0.029225670382645376,0.056791569086651054,475.8102373917555
our_vol3,Our vol3 STNPP-GAT-ZINB,89,2023-05-31,0.07,0.07000193229926045,3985,97.0,0.5187165775401069,0.4812834224598931,0.07000193229926045,1.081834657744319,7.410032273431786,0.5187165775401069,7.410032273431786,0.5187165775401069,187.0,0.030914500064674687,0.05997490589711418,475.8102373917555
our_vol3,Our vol3 STNPP-GAT-ZINB,89,2023-05-31,0.08,0.08001475573980713,4555,98.0,0.5240641711229946,0.47593582887700536,0.08001475573980713,0.9562141724600561,6.549594087709926,0.5240641711229946,6.549594087709926,0.5240641711229946,187.0,0.03323125779743677,0.06432491767288694,475.8102373917555
our_vol3,Our vol3 STNPP-GAT-ZINB,89,2023-05-31,0.09,0.09001001282344055,5124,103.0,0.5508021390374331,0.44919786096256686,0.09001001282344055,0.8933992540549918,6.119342968185784,0.5508021390374331,6.119342968185784,0.5508021390374331,187.0,0.037772151898734174,0.07279469164715066,475.8102373917555
our_vol3,Our vol3 STNPP-GAT-ZINB,89,2023-05-31,0.1,0.10000526990707397,5693,109.0,0.5828877005347594,0.41711229946524064,0.10000526990707397,0.8509475574292016,5.828569845133014,0.5828877005347594,5.828569845133014,0.5828877005347594,187.0,0.044395523757108785,0.08501668715966977,475.8102373917555
our_vol3,Our vol3 STNPP-GAT-ZINB,90,2023-06-14,0.01,0.010012823440546666,570,32.0,0.18497109826589594,0.815028901734104,0.010012823440546666,2.4951267056530217,18.47342054558361,0.18497109826589594,18.47342054558361,0.18497109826589594,173.0,0.027953110910730387,0.054385964912280704,744.6718357937225
our_vol3,Our vol3 STNPP-GAT-ZINB,90,2023-06-14,0.02,0.02000808052418009,1139,47.0,0.27167630057803466,0.7283236994219653,0.02000808052418009,1.8339674178128962,13.578329028099894,0.27167630057803466,13.578329028099894,0.27167630057803466,173.0,0.02244165170556553,0.043898156277436345,744.6718357937225
our_vol3,Our vol3 STNPP-GAT-ZINB,90,2023-06-14,0.03,0.030003337607813516,1708,59.0,0.34104046242774566,0.6589595375722543,0.030003337607813516,1.5352589123080926,11.366750822379553,0.34104046242774566,11.366750822379553,0.34104046242774566,173.0,0.023673958645489962,0.04625292740046839,744.6718357937225
our_vol3,Our vol3 STNPP-GAT-ZINB,90,2023-06-14,0.04,0.04001616104836018,2278,66.0,0.3815028901734104,0.6184971098265897,0.04001616104836018,1.2876792508047994,9.533720381431841,0.3815028901734104,9.533720381431841,0.3815028901734104,173.0,0.022900763358778626,0.04477611940298507,744.6718357937225
our_vol3,Our vol3 STNPP-GAT-ZINB,90,2023-06-14,0.05,0.050011418131993605,2847,71.0,0.41040462427745666,0.5895953757225434,0.050011418131993605,1.1083791905709712,8.206218491830972,0.41040462427745666,8.206218491830972,0.41040462427745666,173.0,0.02189519023689878,0.04285212504390586,744.6718357937225
our_vol3,Our vol3 STNPP-GAT-ZINB,90,2023-06-14,0.06,0.06000667521562703,3416,82.0,0.47398843930635837,0.5260115606936416,0.06000667521562703,1.0668748373666406,7.898928537585791,0.47398843930635837,7.898928537585791,0.47398843930635837,173.0,0.027213952789054276,0.05298594847775176,744.6718357937225
our_vol3,Our vol3 STNPP-GAT-ZINB,90,2023-06-14,0.07,0.07000193229926045,3985,90.0,0.5202312138728323,0.47976878612716767,0.07000193229926045,1.0037641154328734,7.431669338052378,0.5202312138728323,7.431669338052378,0.5202312138728323,173.0,0.029316802273020793,0.056963613550815556,744.6718357937225
our_vol3,Our vol3 STNPP-GAT-ZINB,90,2023-06-14,0.08,0.08001475573980713,4555,93.0,0.5375722543352601,0.4624277456647399,0.08001475573980713,0.9074277350896451,6.718413989581417,0.5375722543352601,6.718413989581417,0.5375722543352601,173.0,0.0321776569227283,0.06234906695938529,744.6718357937225
our_vol3,Our vol3 STNPP-GAT-ZINB,90,2023-06-14,0.09,0.09001001282344055,5124,96.0,0.5549132947976878,0.4450867052023122,0.09001001282344055,0.8326827998959146,6.16501739518891,0.5549132947976878,6.16501739518891,0.5549132947976878,173.0,0.03766707168894289,0.07259953161592506,744.6718357937225
our_vol3,Our vol3 STNPP-GAT-ZINB,90,2023-06-14,0.1,0.10000526990707397,5693,102.0,0.5895953757225434,0.4104046242774566,0.10000526990707397,0.7962995491539318,5.895643062314638,0.5895953757225434,5.895643062314638,0.5895953757225434,173.0,0.04516247475674683,0.0864219216581767,744.6718357937225
our_vol3,Our vol3 STNPP-GAT-ZINB,91,2023-06-28,0.01,0.010012823440546666,570,28.0,0.14285714285714285,0.8571428571428572,0.010012823440546666,2.183235867446394,14.267418546365914,0.14285714285714285,14.267418546365914,0.14285714285714285,196.0,0.02425876010781671,0.04736842105263158,1618.1266039024224
our_vol3,Our vol3 STNPP-GAT-ZINB,91,2023-06-28,0.02,0.02000808052418009,1139,41.0,0.20918367346938777,0.7908163265306123,0.02000808052418009,1.599843917666569,10.454959595778611,0.20918367346938777,10.454959595778611,0.20918367346938777,196.0,0.01923937360178971,0.03775241439859526,1618.1266039024224
our_vol3,Our vol3 STNPP-GAT-ZINB,91,2023-06-28,0.03,0.030003337607813516,1708,51.0,0.2602040816326531,0.7397959183673469,0.030003337607813516,1.327088212334114,8.672504540457869,0.2602040816326531,8.672504540457869,0.2602040816326531,196.0,0.022142429682824656,0.04332552693208431,1618.1266039024224
our_vol3,Our vol3 STNPP-GAT-ZINB,91,2023-06-28,0.04,0.04001616104836018,2278,60.0,0.30612244897959184,0.6938775510204082,0.04001616104836018,1.170617500731636,7.649970435935569,0.30612244897959184,7.649970435935569,0.30612244897959184,196.0,0.02244165170556553,0.043898156277436345,1618.1266039024224
our_vol3,Our vol3 STNPP-GAT-ZINB,91,2023-06-28,0.05,0.050011418131993605,2847,75.0,0.3826530612244898,0.6173469387755102,0.050011418131993605,1.1708230886313078,7.651313950237629,0.3826530612244898,7.651313950237629,0.3826530612244898,196.0,0.024469233537243614,0.04776958201615736,1618.1266039024224
our_vol3,Our vol3 STNPP-GAT-ZINB,91,2023-06-28,0.06,0.06000667521562703,3416,83.0,0.42346938775510207,0.5765306122448979,0.06000667521562703,1.0798855061150143,7.057038008411796,0.42346938775510207,7.057038008411796,0.42346938775510207,196.0,0.02907064316915198,0.05649882903981265,1618.1266039024224
our_vol3,Our vol3 STNPP-GAT-ZINB,91,2023-06-28,0.07,0.07000193229926045,3985,84.0,0.42857142857142855,0.5714285714285714,0.07000193229926045,0.9368465077373485,6.122279978490769,0.42857142857142855,6.122279978490769,0.42857142857142855,196.0,0.02878533625919711,0.05595984943538269,1618.1266039024224
our_vol3,Our vol3 STNPP-GAT-ZINB,91,2023-06-28,0.08,0.08001475573980713,4555,86.0,0.4387755102040816,0.5612244897959184,0.08001475573980713,0.8391267227710697,5.4836824301619655,0.4387755102040816,5.4836824301619655,0.4387755102040816,196.0,0.0340522133938706,0.06586169045005488,1618.1266039024224
our_vol3,Our vol3 STNPP-GAT-ZINB,91,2023-06-28,0.09,0.09001001282344055,5124,90.0,0.45918367346938777,0.5408163265306123,0.09001001282344055,0.78064012490242,5.101473259092864,0.45918367346938777,5.101473259092864,0.45918367346938777,196.0,0.038403080352619315,0.07396565183450429,1618.1266039024224
our_vol3,Our vol3 STNPP-GAT-ZINB,91,2023-06-28,0.1,0.10000526990707397,5693,99.0,0.5051020408163265,0.4948979591836735,0.10000526990707397,0.7728789741788161,5.050754238108382,0.5051020408163265,5.050754238108382,0.5051020408163265,196.0,0.04506654428636989,0.08624626734586334,1618.1266039024224
our_vol3,Our vol3 STNPP-GAT-ZINB,92,2023-07-12,0.01,0.010012823440546666,570,32.0,0.13675213675213677,0.8632478632478633,0.010012823440546666,2.4951267056530217,13.657699805068226,0.13675213675213677,13.657699805068226,0.13675213675213677,234.0,0.027953110910730387,0.054385964912280704,1231.7192354894114
our_vol3,Our vol3 STNPP-GAT-ZINB,92,2023-07-12,0.02,0.02000808052418009,1139,49.0,0.2094017094017094,0.7905982905982906,0.02000808052418009,1.9120085845283386,10.465856989561996,0.2094017094017094,10.465856989561996,0.2094017094017094,234.0,0.022900763358778626,0.04477611940298507,1231.7192354894114
our_vol3,Our vol3 STNPP-GAT-ZINB,92,2023-07-12,0.03,0.030003337607813516,1708,59.0,0.25213675213675213,0.7478632478632479,0.030003337607813516,1.5352589123080926,8.403623471246421,0.25213675213675213,8.403623471246421,0.25213675213675213,234.0,0.02459508098380324,0.04800936768149883,1231.7192354894114
our_vol3,Our vol3 STNPP-GAT-ZINB,92,2023-07-12,0.04,0.04001616104836018,2278,70.0,0.29914529914529914,0.7008547008547008,0.04001616104836018,1.3657204175202418,7.475612135401424,0.29914529914529914,7.475612135401424,0.29914529914529914,234.0,0.023820224719101123,0.046532045654082525,1231.7192354894114
our_vol3,Our vol3 STNPP-GAT-ZINB,92,2023-07-12,0.05,0.050011418131993605,2847,84.0,0.358974358974359,0.641025641025641,0.050011418131993605,1.3113218592670646,7.177848027163096,0.358974358974359,7.177848027163096,0.358974358974359,234.0,0.0261308343845738,0.05093080435546189,1231.7192354894114
our_vol3,Our vol3 STNPP-GAT-ZINB,92,2023-07-12,0.06,0.06000667521562703,3416,91.0,0.3888888888888889,0.6111111111111112,0.06000667521562703,1.1839708561020037,6.480760473588342,0.3888888888888889,6.480760473588342,0.3888888888888889,234.0,0.031245283018867923,0.06059718969555035,1231.7192354894114
our_vol3,Our vol3 STNPP-GAT-ZINB,92,2023-07-12,0.07,0.07000193229926045,3985,102.0,0.4358974358974359,0.5641025641025641,0.07000193229926045,1.1375993308239232,6.2269343370974495,0.4358974358974359,6.2269343370974495,0.4358974358974359,234.0,0.03291861067910835,0.06373902132998745,1231.7192354894114
our_vol3,Our vol3 STNPP-GAT-ZINB,92,2023-07-12,0.08,0.08001475573980713,4555,109.0,0.4658119658119658,0.5341880341880342,0.08001475573980713,1.0635443346749605,5.8215758019270645,0.4658119658119658,5.8215758019270645,0.4658119658119658,234.0,0.038294962388876225,0.07376509330406147,1231.7192354894114
our_vol3,Our vol3 STNPP-GAT-ZINB,92,2023-07-12,0.09,0.09001001282344055,5124,115.0,0.49145299145299143,0.5085470085470085,0.09001001282344055,0.997484604041981,5.459981351374793,0.49145299145299143,5.459981351374793,0.49145299145299143,234.0,0.04411614875191034,0.08450429352068696,1231.7192354894114
our_vol3,Our vol3 STNPP-GAT-ZINB,92,2023-07-12,0.1,0.10000526990707397,5693,124.0,0.5299145299145299,0.4700854700854701,0.10000526990707397,0.9680504323047797,5.298866053828289,0.5299145299145299,5.298866053828289,0.5299145299145299,234.0,0.04959439528023599,0.0945020200245916,1231.7192354894114
our_vol3,Our vol3 STNPP-GAT-ZINB,93,2023-07-26,0.01,0.010012823440546666,570,20.0,0.10695187165775401,0.893048128342246,0.010012823440546666,1.5594541910331385,10.681489820808705,0.10695187165775401,10.681489820808705,0.10695187165775401,187.0,0.01694915254237288,0.03333333333333333,1604.3134807272602
our_vol3,Our vol3 STNPP-GAT-ZINB,93,2023-07-26,0.02,0.02000808052418009,1139,31.0,0.1657754010695187,0.8342245989304813,0.02000808052418009,1.209638084089357,8.285422525622907,0.1657754010695187,8.285422525622907,0.1657754010695187,187.0,0.014247551202137132,0.028094820017559263,1604.3134807272602
our_vol3,Our vol3 STNPP-GAT-ZINB,93,2023-07-26,0.03,0.030003337607813516,1708,42.0,0.22459893048128343,0.7754010695187166,0.030003337607813516,1.092896174863388,7.485798194091347,0.22459893048128343,7.485798194091347,0.22459893048128343,187.0,0.020615476546160742,0.04039812646370024,1604.3134807272602
our_vol3,Our vol3 STNPP-GAT-ZINB,93,2023-07-26,0.04,0.04001616104836018,2278,58.0,0.31016042780748665,0.6898395721925134,0.04001616104836018,1.1315969173739147,7.750879136873044,0.31016042780748665,7.750879136873044,0.31016042780748665,187.0,0.024971878515185602,0.048726953467954345,1604.3134807272602
our_vol3,Our vol3 STNPP-GAT-ZINB,93,2023-07-26,0.05,0.050011418131993605,2847,63.0,0.33689839572192515,0.6631016042780749,0.050011418131993605,0.9834913944502985,6.7364295655995905,0.33689839572192515,6.7364295655995905,0.33689839572192515,187.0,0.025207057976233346,0.04917456972251493,1604.3134807272602
our_vol3,Our vol3 STNPP-GAT-ZINB,93,2023-07-26,0.06,0.06000667521562703,3416,72.0,0.3850267379679144,0.6149732620320856,0.06000667521562703,0.936768149882904,6.4163984520782975,0.3850267379679144,6.4163984520782975,0.3850267379679144,187.0,0.03000150761344791,0.058255269320843094,1604.3134807272602
our_vol3,Our vol3 STNPP-GAT-ZINB,93,2023-07-26,0.07,0.07000193229926045,3985,77.0,0.4117647058823529,0.5882352941176471,0.07000193229926045,0.8587759654259027,5.8821905675695625,0.4117647058823529,5.8821905675695625,0.4117647058823529,187.0,0.030781169167097777,0.05972396486825596,1604.3134807272602
our_vol3,Our vol3 STNPP-GAT-ZINB,93,2023-07-26,0.08,0.08001475573980713,4555,82.0,0.4385026737967914,0.5614973262032086,0.08001475573980713,0.8000975728747408,5.480272604002183,0.4385026737967914,5.480272604002183,0.4385026737967914,187.0,0.03711293260473588,0.07156970362239297,1604.3134807272602
our_vol3,Our vol3 STNPP-GAT-ZINB,93,2023-07-26,0.09,0.09001001282344055,5124,93.0,0.49732620320855614,0.5026737967914439,0.09001001282344055,0.8066614623991673,5.525232000400756,0.49732620320855614,5.525232000400756,0.49732620320855614,187.0,0.044009779951100246,0.08430913348946135,1604.3134807272602
our_vol3,Our vol3 STNPP-GAT-ZINB,93,2023-07-26,0.1,0.10000526990707397,5693,102.0,0.5454545454545454,0.4545454545454546,0.10000526990707397,0.7962995491539318,5.454258020216215,0.5454545454545454,5.454258020216215,0.5454545454545454,187.0,0.0503690036900369,0.09590725452309855,1604.3134807272602
our_vol3,Our vol3 STNPP-GAT-ZINB,94,2023-08-09,0.01,0.010012823440546666,570,24.0,0.1411764705882353,0.8588235294117648,0.010012823440546666,1.8713450292397662,14.09956656346749,0.1411764705882353,14.09956656346749,0.1411764705882353,170.0,0.021505376344086023,0.042105263157894736,1730.8587076748963
our_vol3,Our vol3 STNPP-GAT-ZINB,94,2023-08-09,0.02,0.02000808052418009,1139,46.0,0.27058823529411763,0.7294117647058824,0.02000808052418009,1.794946834455175,13.523947735371586,0.27058823529411763,13.523947735371586,0.27058823529411763,170.0,0.021982951996410947,0.04302019315188762,1730.8587076748963
our_vol3,Our vol3 STNPP-GAT-ZINB,94,2023-08-09,0.03,0.030003337607813516,1708,60.0,0.35294117647058826,0.6470588235294117,0.030003337607813516,1.56128024980484,11.763397162143546,0.35294117647058826,11.763397162143546,0.35294117647058826,170.0,0.025825825825825825,0.05035128805620609,1730.8587076748963
our_vol3,Our vol3 STNPP-GAT-ZINB,94,2023-08-09,0.04,0.04001616104836018,2278,67.0,0.3941176470588235,0.6058823529411765,0.04001616104836018,1.3071895424836601,9.848961937716263,0.3941176470588235,9.848961937716263,0.3941176470588235,170.0,0.026126126126126126,0.050921861281826165,1730.8587076748963
our_vol3,Our vol3 STNPP-GAT-ZINB,94,2023-08-09,0.05,0.050011418131993605,2847,77.0,0.45294117647058824,0.5470588235294118,0.050011418131993605,1.202045037661476,9.056755304861671,0.45294117647058824,9.056755304861671,0.45294117647058824,170.0,0.028354704713743906,0.0551457674745346,1730.8587076748963
our_vol3,Our vol3 STNPP-GAT-ZINB,94,2023-08-09,0.06,0.06000667521562703,3416,82.0,0.4823529411764706,0.5176470588235293,0.06000667521562703,1.0668748373666406,8.038321394131422,0.4823529411764706,8.038321394131422,0.4823529411764706,170.0,0.03000150761344791,0.058255269320843094,1730.8587076748963
our_vol3,Our vol3 STNPP-GAT-ZINB,94,2023-08-09,0.07,0.07000193229926045,3985,83.0,0.48823529411764705,0.5117647058823529,0.07000193229926045,0.9256935731214276,6.974597387261053,0.48823529411764705,6.974597387261053,0.48823529411764705,170.0,0.031047865459249677,0.060225846925972396,1730.8587076748963
our_vol3,Our vol3 STNPP-GAT-ZINB,94,2023-08-09,0.08,0.08001475573980713,4555,87.0,0.5117647058823529,0.4882352941176471,0.08001475573980713,0.8488840102451519,6.395879124426938,0.5117647058823529,6.395879124426938,0.5117647058823529,170.0,0.03416959927347032,0.06608122941822174,1730.8587076748963
our_vol3,Our vol3 STNPP-GAT-ZINB,94,2023-08-09,0.09,0.09001001282344055,5124,92.0,0.5411764705882353,0.45882352941176474,0.09001001282344055,0.7979876832335848,6.0124029939844785,0.5411764705882353,6.0124029939844785,0.5411764705882353,170.0,0.04114599207558671,0.07903981264637003,1730.8587076748963
our_vol3,Our vol3 STNPP-GAT-ZINB,94,2023-08-09,0.1,0.10000526990707397,5693,95.0,0.5588235294117647,0.4411764705882353,0.10000526990707397,0.7416515408786619,5.5879408148293574,0.5588235294117647,5.5879408148293574,0.5588235294117647,170.0,0.047952139898757476,0.09151589671526436,1730.8587076748963
our_vol3,Our vol3 STNPP-GAT-ZINB,95,2023-08-23,0.01,0.010012823440546666,570,26.0,0.143646408839779,0.856353591160221,0.010012823440546666,2.0272904483430803,14.346244063196664,0.143646408839779,14.346244063196664,0.143646408839779,181.0,0.02333931777378815,0.0456140350877193,2220.405695357703
our_vol3,Our vol3 STNPP-GAT-ZINB,95,2023-08-23,0.02,0.02000808052418009,1139,45.0,0.24861878453038674,0.7513812154696132,0.02000808052418009,1.7559262510974538,12.4259188296412,0.24861878453038674,12.4259188296412,0.24861878453038674,181.0,0.0210667861945316,0.041264266900790166,2220.405695357703
our_vol3,Our vol3 STNPP-GAT-ZINB,95,2023-08-23,0.03,0.030003337607813516,1708,56.0,0.30939226519337015,0.6906077348066298,0.030003337607813516,1.4571948998178506,10.311928267367085,0.30939226519337015,10.311928267367085,0.30939226519337015,181.0,0.022142429682824656,0.04332552693208431,2220.405695357703
our_vol3,Our vol3 STNPP-GAT-ZINB,95,2023-08-23,0.04,0.04001616104836018,2278,67.0,0.3701657458563536,0.6298342541436464,0.04001616104836018,1.3071895424836601,9.250406239844004,0.3701657458563536,9.250406239844004,0.3701657458563536,181.0,0.02336028751123091,0.0456540825285338,2220.405695357703
our_vol3,Our vol3 STNPP-GAT-ZINB,95,2023-08-23,0.05,0.050011418131993605,2847,74.0,0.4088397790055249,0.5911602209944751,0.050011418131993605,1.1552121141162237,8.174928731804536,0.4088397790055249,8.174928731804536,0.4088397790055249,181.0,0.023548445083587992,0.0460133473832104,2220.405695357703
our_vol3,Our vol3 STNPP-GAT-ZINB,95,2023-08-23,0.06,0.06000667521562703,3416,82.0,0.4530386740331492,0.5469613259668509,0.06000667521562703,1.0668748373666406,7.549804624322331,0.4530386740331492,7.549804624322331,0.4530386740331492,181.0,0.027522935779816515,0.05357142857142857,2220.405695357703
our_vol3,Our vol3 STNPP-GAT-ZINB,95,2023-08-23,0.07,0.07000193229926045,3985,88.0,0.4861878453038674,0.5138121546961326,0.07000193229926045,0.9814582462010317,6.945348925875347,0.4861878453038674,6.945348925875347,0.4861878453038674,181.0,0.029316802273020793,0.056963613550815556,2220.405695357703
our_vol3,Our vol3 STNPP-GAT-ZINB,95,2023-08-23,0.08,0.08001475573980713,4555,98.0,0.5414364640883977,0.45856353591160226,0.08001475573980713,0.9562141724600561,6.766707703877106,0.5414364640883977,6.766707703877106,0.5414364640883977,181.0,0.033465683494044246,0.06476399560922064,2220.405695357703
our_vol3,Our vol3 STNPP-GAT-ZINB,95,2023-08-23,0.09,0.09001001282344055,5124,103.0,0.569060773480663,0.430939226519337,0.09001001282344055,0.8933992540549918,6.322194116302439,0.569060773480663,6.322194116302439,0.569060773480663,181.0,0.039245512625494375,0.07552693208430913,2220.405695357703
our_vol3,Our vol3 STNPP-GAT-ZINB,95,2023-08-23,0.1,0.10000526990707397,5693,107.0,0.5911602209944752,0.4088397790055248,0.10000526990707397,0.8353338407791244,5.911290690418495,0.5911602209944752,5.911290690418495,0.5911602209944752,181.0,0.04814507962809537,0.0918672053398911,2220.405695357703
our_vol3,Our vol3 STNPP-GAT-ZINB,96,2023-09-06,0.01,0.010012823440546666,570,20.0,0.10256410256410256,0.8974358974358975,0.010012823440546666,1.5594541910331385,10.243274853801168,0.10256410256410256,10.243274853801168,0.10256410256410256,195.0,0.017857142857142856,0.03508771929824561,410.7890725333352
our_vol3,Our vol3 STNPP-GAT-ZINB,96,2023-09-06,0.02,0.02000808052418009,1139,39.0,0.2,0.8,0.02000808052418009,1.5218027509511267,9.995961369622476,0.2,9.995961369622476,0.2,195.0,0.017873100983020553,0.03511852502194908,410.7890725333352
our_vol3,Our vol3 STNPP-GAT-ZINB,96,2023-09-06,0.03,0.030003337607813516,1708,55.0,0.28205128205128205,0.717948717948718,0.030003337607813516,1.4311735623211033,9.400663544106166,0.28205128205128205,9.400663544106166,0.28205128205128205,195.0,0.0215311004784689,0.04215456674473068,410.7890725333352
our_vol3,Our vol3 STNPP-GAT-ZINB,96,2023-09-06,0.04,0.04001616104836018,2278,62.0,0.31794871794871793,0.6820512820512821,0.04001616104836018,1.209638084089357,7.945507755340942,0.31794871794871793,7.945507755340942,0.31794871794871793,195.0,0.021982951996410947,0.04302019315188762,410.7890725333352
our_vol3,Our vol3 STNPP-GAT-ZINB,96,2023-09-06,0.05,0.050011418131993605,2847,69.0,0.35384615384615387,0.6461538461538461,0.050011418131993605,1.077157241540803,7.075307341060766,0.35384615384615387,7.075307341060766,0.35384615384615387,195.0,0.022262118491921005,0.04355461889708465,410.7890725333352
our_vol3,Our vol3 STNPP-GAT-ZINB,96,2023-09-06,0.06,0.06000667521562703,3416,76.0,0.38974358974358975,0.6102564102564103,0.06000667521562703,0.9888108248763987,6.495003903200624,0.38974358974358975,6.495003903200624,0.38974358974358975,195.0,0.024902490249024904,0.04859484777517564,410.7890725333352
our_vol3,Our vol3 STNPP-GAT-ZINB,96,2023-09-06,0.07,0.07000193229926045,3985,86.0,0.441025641025641,0.558974358974359,0.07000193229926045,0.9591523769691901,6.300192388122125,0.441025641025641,6.300192388122125,0.441025641025641,195.0,0.027591542031975246,0.053701380175658724,410.7890725333352
our_vol3,Our vol3 STNPP-GAT-ZINB,96,2023-09-06,0.08,0.08001475573980713,4555,88.0,0.4512820512820513,0.5487179487179488,0.08001475573980713,0.858641297719234,5.639985364068789,0.4512820512820513,5.639985364068789,0.4512820512820513,195.0,0.03065957687521213,0.059495060373216245,410.7890725333352
our_vol3,Our vol3 STNPP-GAT-ZINB,96,2023-09-06,0.09,0.09001001282344055,5124,95.0,0.48717948717948717,0.5128205128205128,0.09001001282344055,0.8240090207303321,5.412503252667187,0.48717948717948717,5.412503252667187,0.48717948717948717,195.0,0.03515151515151515,0.06791569086651054,410.7890725333352
our_vol3,Our vol3 STNPP-GAT-ZINB,96,2023-09-06,0.1,0.10000526990707397,5693,103.0,0.5282051282051282,0.4717948717948718,0.10000526990707397,0.8041064074789702,5.281772937525616,0.5282051282051282,5.281772937525616,0.5282051282051282,195.0,0.0442039618488628,0.08466537853504304,410.7890725333352
our_vol3,Our vol3 STNPP-GAT-ZINB,97,2023-09-20,0.01,0.010012823440546666,570,36.0,0.18274111675126903,0.817258883248731,0.010012823440546666,2.8070175438596494,18.25070798824472,0.18274111675126903,18.25070798824472,0.18274111675126903,197.0,0.02981029810298103,0.05789473684210526,921.440631588797
our_vol3,Our vol3 STNPP-GAT-ZINB,97,2023-09-20,0.02,0.02000808052418009,1139,63.0,0.3197969543147208,0.6802030456852792,0.02000808052418009,2.4582967515364356,15.983390007264367,0.3197969543147208,15.983390007264367,0.3197969543147208,197.0,0.027051397655545536,0.05267778753292362,921.440631588797
our_vol3,Our vol3 STNPP-GAT-ZINB,97,2023-09-20,0.03,0.030003337607813516,1708,80.0,0.40609137055837563,0.5939086294416244,0.030003337607813516,2.0817069997397866,13.534873215325907,0.40609137055837563,13.534873215325907,0.40609137055837563,197.0,0.02736842105263158,0.05327868852459016,921.440631588797
our_vol3,Our vol3 STNPP-GAT-ZINB,97,2023-09-20,0.04,0.04001616104836018,2278,89.0,0.4517766497461929,0.5482233502538071,0.04001616104836018,1.7364159594185933,11.28985484640102,0.4517766497461929,11.28985484640102,0.4517766497461929,197.0,0.027282976324689966,0.05311676909569798,921.440631588797
our_vol3,Our vol3 STNPP-GAT-ZINB,97,2023-09-20,0.05,0.050011418131993605,2847,99.0,0.5025380710659898,0.4974619289340102,0.050011418131993605,1.5454864769933263,10.048466726931366,0.5025380710659898,10.048466726931366,0.5025380710659898,197.0,0.02724156593902219,0.05303828591499824,921.440631588797
our_vol3,Our vol3 STNPP-GAT-ZINB,97,2023-09-20,0.06,0.06000667521562703,3416,108.0,0.5482233502538071,0.4517766497461929,0.06000667521562703,1.405152224824356,9.136039420344988,0.5482233502538071,9.136039420344988,0.5482233502538071,197.0,0.029225670382645376,0.056791569086651054,921.440631588797
our_vol3,Our vol3 STNPP-GAT-ZINB,97,2023-09-20,0.07,0.07000193229926045,3985,112.0,0.5685279187817259,0.4314720812182741,0.07000193229926045,1.2491286769831313,8.121603220197569,0.5685279187817259,8.121603220197569,0.5685279187817259,197.0,0.029848817676702416,0.05796737766624843,921.440631588797
our_vol3,Our vol3 STNPP-GAT-ZINB,97,2023-09-20,0.08,0.08001475573980713,4555,115.0,0.583756345177665,0.41624365482233505,0.08001475573980713,1.1220880595194536,7.295608663431159,0.583756345177665,7.295608663431159,0.583756345177665,197.0,0.032060722782372264,0.062129527991218444,921.440631588797
our_vol3,Our vol3 STNPP-GAT-ZINB,97,2023-09-20,0.09,0.09001001282344055,5124,124.0,0.6294416243654822,0.37055837563451777,0.09001001282344055,1.075548616532223,6.993017827918385,0.6294416243654822,6.993017827918385,0.6294416243654822,197.0,0.03798237617745366,0.07318501170960187,921.440631588797
our_vol3,Our vol3 STNPP-GAT-ZINB,97,2023-09-20,0.1,0.10000526990707397,5693,127.0,0.6446700507614214,0.35532994923857864,0.10000526990707397,0.9914710072798953,6.446360790390908,0.6446700507614214,6.446360790390908,0.6446700507614214,197.0,0.04449133107054399,0.08519234147198314,921.440631588797
our_vol3,Our vol3 STNPP-GAT-ZINB,98,2023-10-04,0.01,0.010012823440546666,570,32.0,0.1523809523809524,0.8476190476190476,0.010012823440546666,2.4951267056530217,15.218579782790309,0.1523809523809524,15.218579782790309,0.1523809523809524,210.0,0.026102610261026102,0.05087719298245614,1357.7567913324779
our_vol3,Our vol3 STNPP-GAT-ZINB,98,2023-10-04,0.02,0.02000808052418009,1139,51.0,0.24285714285714285,0.7571428571428571,0.02000808052418009,1.990049751243781,12.137953091684436,0.24285714285714285,12.137953091684436,0.24285714285714285,210.0,0.02244165170556553,0.043898156277436345,1357.7567913324779
our_vol3,Our vol3 STNPP-GAT-ZINB,98,2023-10-04,0.03,0.030003337607813516,1708,67.0,0.319047619047619,0.680952380952381,0.030003337607813516,1.7434296122820714,10.633737593398013,0.319047619047619,10.633737593398013,0.319047619047619,210.0,0.02613397416641634,0.050936768149882905,1357.7567913324779
our_vol3,Our vol3 STNPP-GAT-ZINB,98,2023-10-04,0.04,0.04001616104836018,2278,79.0,0.3761904761904762,0.6238095238095238,0.04001616104836018,1.5413130426299873,9.40096366904971,0.3761904761904762,9.40096366904971,0.3761904761904762,210.0,0.02751465944970681,0.053555750658472345,1357.7567913324779
our_vol3,Our vol3 STNPP-GAT-ZINB,98,2023-10-04,0.05,0.050011418131993605,2847,89.0,0.4238095238095238,0.5761904761904761,0.050011418131993605,1.3893767318424852,8.47425527288541,0.4238095238095238,8.47425527288541,0.4238095238095238,210.0,0.027612344342176503,0.05374077976817703,1357.7567913324779
our_vol3,Our vol3 STNPP-GAT-ZINB,98,2023-10-04,0.06,0.06000667521562703,3416,101.0,0.48095238095238096,0.519047619047619,0.06000667521562703,1.3140775435857404,8.01498132039701,0.48095238095238096,8.01498132039701,0.48095238095238096,210.0,0.030623020063357972,0.05942622950819672,1357.7567913324779
our_vol3,Our vol3 STNPP-GAT-ZINB,98,2023-10-04,0.07,0.07000193229926045,3985,106.0,0.5047619047619047,0.49523809523809526,0.07000193229926045,1.1822110692876064,7.210685308000239,0.5047619047619047,7.210685308000239,0.5047619047619047,210.0,0.031448168758897374,0.06097867001254705,1357.7567913324779
our_vol3,Our vol3 STNPP-GAT-ZINB,98,2023-10-04,0.08,0.08001475573980713,4555,115.0,0.5476190476190477,0.45238095238095233,0.08001475573980713,1.1220880595194536,6.843975746171136,0.5476190476190477,6.843975746171136,0.5476190476190477,210.0,0.03334845735027223,0.0645444566410538,1357.7567913324779
our_vol3,Our vol3 STNPP-GAT-ZINB,98,2023-10-04,0.09,0.09001001282344055,5124,118.0,0.5619047619047619,0.4380952380952381,0.09001001282344055,1.0235059415387284,6.242691721497342,0.5619047619047619,6.242691721497342,0.5619047619047619,210.0,0.039245512625494375,0.07552693208430913,1357.7567913324779
our_vol3,Our vol3 STNPP-GAT-ZINB,98,2023-10-04,0.1,0.10000526990707397,5693,122.0,0.580952380952381,0.419047619047619,0.10000526990707397,0.9524367156547027,5.809217669150922,0.580952380952381,5.809217669150922,0.580952380952381,210.0,0.04660354812023164,0.08905673634287722,1357.7567913324779
our_vol3,Our vol3 STNPP-GAT-ZINB,99,2023-10-18,0.01,0.010012823440546666,570,30.0,0.15873015873015872,0.8412698412698413,0.010012823440546666,2.339181286549708,15.852687273739903,0.15873015873015872,15.852687273739903,0.15873015873015872,189.0,0.027953110910730387,0.054385964912280704,1716.6689301627284
our_vol3,Our vol3 STNPP-GAT-ZINB,99,2023-10-18,0.02,0.02000808052418009,1139,47.0,0.24867724867724866,0.7513227513227514,0.02000808052418009,1.8339674178128962,12.428840856408899,0.24867724867724866,12.428840856408899,0.24867724867724866,189.0,0.0210667861945316,0.041264266900790166,1716.6689301627284
our_vol3,Our vol3 STNPP-GAT-ZINB,99,2023-10-18,0.03,0.030003337607813516,1708,58.0,0.30687830687830686,0.6931216931216931,0.030003337607813516,1.5092375748113454,10.228138978724457,0.30687830687830686,10.228138978724457,0.30687830687830686,189.0,0.024287856071964018,0.04742388758782201,1716.6689301627284
our_vol3,Our vol3 STNPP-GAT-ZINB,99,2023-10-18,0.04,0.04001616104836018,2278,68.0,0.35978835978835977,0.6402116402116402,0.04001616104836018,1.3266998341625207,8.991076364210693,0.35978835978835977,8.991076364210693,0.35978835978835977,189.0,0.02658855340243353,0.05179982440737489,1716.6689301627284
our_vol3,Our vol3 STNPP-GAT-ZINB,99,2023-10-18,0.05,0.050011418131993605,2847,79.0,0.41798941798941797,0.5820105820105821,0.050011418131993605,1.2332669866916441,8.357879732308955,0.41798941798941797,8.357879732308955,0.41798941798941797,189.0,0.026685899747565814,0.05198454513523006,1716.6689301627284
our_vol3,Our vol3 STNPP-GAT-ZINB,99,2023-10-18,0.06,0.06000667521562703,3416,92.0,0.48677248677248675,0.5132275132275133,0.06000667521562703,1.1969815248503772,8.111972293471123,0.48677248677248675,8.111972293471123,0.48677248677248675,189.0,0.029225670382645376,0.056791569086651054,1716.6689301627284
our_vol3,Our vol3 STNPP-GAT-ZINB,99,2023-10-18,0.07,0.07000193229926045,3985,103.0,0.544973544973545,0.455026455026455,0.07000193229926045,1.1487522654398439,7.785121454130238,0.544973544973545,7.785121454130238,0.544973544973545,189.0,0.030914500064674687,0.05997490589711418,1716.6689301627284
our_vol3,Our vol3 STNPP-GAT-ZINB,99,2023-10-18,0.08,0.08001475573980713,4555,109.0,0.5767195767195767,0.42328042328042326,0.08001475573980713,1.0635443346749605,7.207665278576365,0.5767195767195767,7.207665278576365,0.5767195767195767,189.0,0.03381752156150704,0.06542261251372118,1716.6689301627284
our_vol3,Our vol3 STNPP-GAT-ZINB,99,2023-10-18,0.09,0.09001001282344055,5124,112.0,0.5925925925925926,0.40740740740740744,0.09001001282344055,0.9714632665452337,6.583629687454823,0.5925925925925926,6.583629687454823,0.5925925925925926,189.0,0.04114599207558671,0.07903981264637003,1716.6689301627284
our_vol3,Our vol3 STNPP-GAT-ZINB,99,2023-10-18,0.1,0.10000526990707397,5693,118.0,0.6243386243386243,0.3756613756613757,0.10000526990707397,0.9212092823545485,6.243057240071117,0.6243386243386243,6.243057240071117,0.6243386243386243,189.0,0.04631501562212829,0.08852977340593711,1716.6689301627284
our_vol3,Our vol3 STNPP-GAT-ZINB,100,2023-11-01,0.01,0.010012823440546666,570,39.0,0.17889908256880735,0.8211009174311926,0.010012823440546666,3.04093567251462,17.866996619990342,0.17889908256880735,17.866996619990342,0.17889908256880735,218.0,0.033544877606527655,0.06491228070175438,676.1015176895972
our_vol3,Our vol3 STNPP-GAT-ZINB,100,2023-11-01,0.02,0.02000808052418009,1139,60.0,0.27522935779816515,0.7247706422018348,0.02000808052418009,2.341235001463272,13.755910141682307,0.27522935779816515,13.755910141682307,0.27522935779816515,218.0,0.027051397655545536,0.05267778753292362,676.1015176895972
our_vol3,Our vol3 STNPP-GAT-ZINB,100,2023-11-01,0.03,0.030003337607813516,1708,72.0,0.3302752293577982,0.6697247706422018,0.030003337607813516,1.873536299765808,11.00794963796919,0.3302752293577982,11.00794963796919,0.3302752293577982,218.0,0.026442307692307692,0.05152224824355972,676.1015176895972
our_vol3,Our vol3 STNPP-GAT-ZINB,100,2023-11-01,0.04,0.04001616104836018,2278,81.0,0.37155963302752293,0.6284403669724771,0.04001616104836018,1.5803336259877085,9.285239345635556,0.37155963302752293,9.285239345635556,0.37155963302752293,218.0,0.026126126126126126,0.050921861281826165,676.1015176895972
our_vol3,Our vol3 STNPP-GAT-ZINB,100,2023-11-01,0.05,0.050011418131993605,2847,91.0,0.41743119266055045,0.5825688073394495,0.050011418131993605,1.4205986808726534,8.34671777470571,0.41743119266055045,8.34671777470571,0.41743119266055045,218.0,0.0261308343845738,0.05093080435546189,676.1015176895972
our_vol3,Our vol3 STNPP-GAT-ZINB,100,2023-11-01,0.06,0.06000667521562703,3416,102.0,0.46788990825688076,0.5321100917431192,0.06000667521562703,1.327088212334114,7.7972976602281765,0.46788990825688076,7.7972976602281765,0.46788990825688076,218.0,0.02907064316915198,0.05649882903981265,676.1015176895972
our_vol3,Our vol3 STNPP-GAT-ZINB,100,2023-11-01,0.07,0.07000193229926045,3985,110.0,0.5045871559633027,0.4954128440366973,0.07000193229926045,1.2268228077512897,7.208188965501364,0.5045871559633027,7.208188965501364,0.5045871559633027,218.0,0.030781169167097777,0.05972396486825596,676.1015176895972
our_vol3,Our vol3 STNPP-GAT-ZINB,100,2023-11-01,0.08,0.08001475573980713,4555,118.0,0.5412844036697247,0.45871559633027525,0.08001475573980713,1.1513599219417003,6.7648072991671615,0.5412844036697247,6.7648072991671615,0.5412844036697247,218.0,0.033114084826491266,0.06410537870472009,676.1015176895972
our_vol3,Our vol3 STNPP-GAT-ZINB,100,2023-11-01,0.09,0.09001001282344055,5124,121.0,0.555045871559633,0.44495412844036697,0.09001001282344055,1.0495272790354757,6.166490306454962,0.555045871559633,6.166490306454962,0.555045871559633,218.0,0.037037037037037035,0.07142857142857142,676.1015176895972
our_vol3,Our vol3 STNPP-GAT-ZINB,100,2023-11-01,0.1,0.10000526990707397,5693,129.0,0.591743119266055,0.40825688073394495,0.10000526990707397,1.0070847239299725,5.917119365968508,0.591743119266055,5.917119365968508,0.591743119266055,218.0,0.04372536437803649,0.0837871069734762,676.1015176895972
our_vol3,Our vol3 STNPP-GAT-ZINB,101,2023-11-15,0.01,0.010012823440546666,570,35.0,0.18134715025906736,0.8186528497409327,0.010012823440546666,2.7290448343079925,18.111489864557768,0.18134715025906736,18.111489864557768,0.18134715025906736,193.0,0.02888086642599278,0.056140350877192984,542.1615869072123
our_vol3,Our vol3 STNPP-GAT-ZINB,101,2023-11-15,0.02,0.02000808052418009,1139,53.0,0.27461139896373055,0.7253886010362695,0.02000808052418009,2.0680909179592235,13.725024678497181,0.27461139896373055,13.725024678497181,0.27461139896373055,193.0,0.023820224719101123,0.046532045654082525,542.1615869072123
our_vol3,Our vol3 STNPP-GAT-ZINB,101,2023-11-15,0.03,0.030003337607813516,1708,63.0,0.32642487046632124,0.6735751295336787,0.030003337607813516,1.639344262295082,10.879618618873694,0.32642487046632124,10.879618618873694,0.32642487046632124,193.0,0.021836673646425366,0.04274004683840749,542.1615869072123
our_vol3,Our vol3 STNPP-GAT-ZINB,101,2023-11-15,0.04,0.04001616104836018,2278,72.0,0.37305699481865284,0.6269430051813472,0.04001616104836018,1.404741000877963,9.322658272186766,0.37305699481865284,9.322658272186766,0.37305699481865284,193.0,0.021982951996410947,0.04302019315188762,542.1615869072123
our_vol3,Our vol3 STNPP-GAT-ZINB,101,2023-11-15,0.05,0.050011418131993605,2847,84.0,0.43523316062176165,0.5647668393782384,0.050011418131993605,1.3113218592670646,8.702675846404997,0.43523316062176165,8.702675846404997,0.43523316062176165,193.0,0.022996766079770033,0.04495960660344222,542.1615869072123
our_vol3,Our vol3 STNPP-GAT-ZINB,101,2023-11-15,0.06,0.06000667521562703,3416,89.0,0.46113989637305697,0.538860103626943,0.06000667521562703,1.1579495186052564,7.684809976823482,0.46113989637305697,7.684809976823482,0.46113989637305697,193.0,0.02459508098380324,0.04800936768149883,542.1615869072123
our_vol3,Our vol3 STNPP-GAT-ZINB,101,2023-11-15,0.07,0.07000193229926045,3985,96.0,0.49740932642487046,0.5025906735751295,0.07000193229926045,1.0706817231283983,7.105651373999649,0.49740932642487046,7.105651373999649,0.49740932642487046,193.0,0.026797217212058747,0.05219573400250941,542.1615869072123
our_vol3,Our vol3 STNPP-GAT-ZINB,101,2023-11-15,0.08,0.08001475573980713,4555,101.0,0.5233160621761658,0.4766839378238342,0.08001475573980713,0.9854860348823028,6.540244450384761,0.5233160621761658,6.540244450384761,0.5233160621761658,193.0,0.030309884641483827,0.0588364434687157,542.1615869072123
our_vol3,Our vol3 STNPP-GAT-ZINB,101,2023-11-15,0.09,0.09001001282344055,5124,110.0,0.5699481865284974,0.43005181347150256,0.09001001282344055,0.9541157082140688,6.332053164423843,0.5699481865284974,6.332053164423843,0.5699481865284974,193.0,0.03651259229290988,0.0704527712724434,542.1615869072123
our_vol3,Our vol3 STNPP-GAT-ZINB,101,2023-11-15,0.1,0.10000526990707397,5693,115.0,0.5958549222797928,0.40414507772020725,0.10000526990707397,0.8977887073794328,5.958235229338094,0.5958549222797928,5.958235229338094,0.5958549222797928,193.0,0.04257851845069133,0.08167925522571579,542.1615869072123
our_vol3,Our vol3 STNPP-GAT-ZINB,102,2023-11-29,0.01,0.010012823440546666,570,41.0,0.18385650224215247,0.8161434977578476,0.010012823440546666,3.196881091617934,18.362103689717568,0.18385650224215247,18.362103689717568,0.18385650224215247,223.0,0.03636363636363636,0.07017543859649122,1260.0889168814663
our_vol3,Our vol3 STNPP-GAT-ZINB,102,2023-11-29,0.02,0.02000808052418009,1139,55.0,0.24663677130044842,0.7533632286995515,0.02000808052418009,2.1461320846746657,12.326858191238479,0.24663677130044842,12.326858191238479,0.24663677130044842,223.0,0.025202520252025202,0.04916593503072871,1260.0889168814663
our_vol3,Our vol3 STNPP-GAT-ZINB,102,2023-11-29,0.03,0.030003337607813516,1708,75.0,0.336322869955157,0.663677130044843,0.030003337607813516,1.95160031225605,11.209515232984321,0.336322869955157,11.209515232984321,0.336322869955157,223.0,0.02675082657048392,0.052107728337236536,1260.0889168814663
our_vol3,Our vol3 STNPP-GAT-ZINB,102,2023-11-29,0.04,0.04001616104836018,2278,89.0,0.3991031390134529,0.600896860986547,0.04001616104836018,1.7364159594185933,9.97354890018386,0.3991031390134529,9.97354890018386,0.3991031390134529,223.0,0.027282976324689966,0.05311676909569798,1260.0889168814663
our_vol3,Our vol3 STNPP-GAT-ZINB,102,2023-11-29,0.05,0.050011418131993605,2847,98.0,0.43946188340807174,0.5605381165919283,0.050011418131993605,1.529875502478242,8.787230992894731,0.43946188340807174,8.787230992894731,0.43946188340807174,223.0,0.02724156593902219,0.05303828591499824,1260.0889168814663
our_vol3,Our vol3 STNPP-GAT-ZINB,102,2023-11-29,0.06,0.06000667521562703,3416,106.0,0.47533632286995514,0.5246636771300448,0.06000667521562703,1.3791308873276087,7.921390764642253,0.47533632286995514,7.921390764642253,0.47533632286995514,223.0,0.027986758952753536,0.05444964871194379,1260.0889168814663
our_vol3,Our vol3 STNPP-GAT-ZINB,102,2023-11-29,0.07,0.07000193229926045,3985,112.0,0.5022421524663677,0.4977578475336323,0.07000193229926045,1.2491286769831313,7.17468984026422,0.5022421524663677,7.17468984026422,0.5022421524663677,223.0,0.028652555498193084,0.05570890840652447,1260.0889168814663
our_vol3,Our vol3 STNPP-GAT-ZINB,102,2023-11-29,0.08,0.08001475573980713,4555,122.0,0.547085201793722,0.452914798206278,0.08001475573980713,1.190389071838029,6.8373039039541625,0.547085201793722,6.8373039039541625,0.547085201793722,223.0,0.03241160471441523,0.06278814489571899,1260.0889168814663
our_vol3,Our vol3 STNPP-GAT-ZINB,102,2023-11-29,0.09,0.09001001282344055,5124,129.0,0.57847533632287,0.42152466367713004,0.09001001282344055,1.1189175123601351,6.426788733577677,0.57847533632287,6.426788733577677,0.57847533632287,223.0,0.037772151898734174,0.07279469164715066,1260.0889168814663
our_vol3,Our vol3 STNPP-GAT-ZINB,102,2023-11-29,0.1,0.10000526990707397,5693,134.0,0.600896860986547,0.39910313901345296,0.10000526990707397,1.0461190155551652,6.008651959490807,0.600896860986547,6.008651959490807,0.600896860986547,223.0,0.04343841642228739,0.0832601440365361,1260.0889168814663
our_vol3,Our vol3 STNPP-GAT-ZINB,103,2023-12-13,0.01,0.010012823440546666,570,34.0,0.16346153846153846,0.8365384615384616,0.010012823440546666,2.6510721247563356,16.325219298245614,0.16346153846153846,16.325219298245614,0.16346153846153846,208.0,0.02888086642599278,0.056140350877192984,1513.507358103488
our_vol3,Our vol3 STNPP-GAT-ZINB,103,2023-12-13,0.02,0.02000808052418009,1139,53.0,0.2548076923076923,0.7451923076923077,0.02000808052418009,2.0680909179592235,12.735239244951712,0.2548076923076923,12.735239244951712,0.2548076923076923,208.0,0.022900763358778626,0.04477611940298507,1513.507358103488
our_vol3,Our vol3 STNPP-GAT-ZINB,103,2023-12-13,0.03,0.030003337607813516,1708,63.0,0.30288461538461536,0.6971153846153846,0.030003337607813516,1.639344262295082,10.095030737704917,0.30288461538461536,10.095030737704917,0.30288461538461536,208.0,0.024902490249024904,0.04859484777517564,1513.507358103488
our_vol3,Our vol3 STNPP-GAT-ZINB,103,2023-12-13,0.04,0.04001616104836018,2278,79.0,0.3798076923076923,0.6201923076923077,0.04001616104836018,1.5413130426299873,9.49135755048288,0.3798076923076923,9.49135755048288,0.3798076923076923,208.0,0.02658855340243353,0.05179982440737489,1513.507358103488
our_vol3,Our vol3 STNPP-GAT-ZINB,103,2023-12-13,0.05,0.050011418131993605,2847,89.0,0.42788461538461536,0.5721153846153846,0.050011418131993605,1.3893767318424852,8.555738496663153,0.42788461538461536,8.555738496663153,0.42788461538461536,208.0,0.027612344342176503,0.05374077976817703,1513.507358103488
our_vol3,Our vol3 STNPP-GAT-ZINB,103,2023-12-13,0.06,0.06000667521562703,3416,95.0,0.4567307692307692,0.5432692307692308,0.06000667521562703,1.2360135310954983,7.611332699063231,0.4567307692307692,7.611332699063231,0.4567307692307692,208.0,0.027986758952753536,0.05444964871194379,1513.507358103488
our_vol3,Our vol3 STNPP-GAT-ZINB,103,2023-12-13,0.07,0.07000193229926045,3985,104.0,0.5,0.5,0.07000193229926045,1.1599052000557648,7.142659974905897,0.5,7.142659974905897,0.5,208.0,0.029715762273901807,0.05771643663739021,1513.507358103488
our_vol3,Our vol3 STNPP-GAT-ZINB,103,2023-12-13,0.08,0.08001475573980713,4555,115.0,0.5528846153846154,0.4471153846153846,0.08001475573980713,1.1220880595194536,6.909783205268935,0.5528846153846154,6.909783205268935,0.5528846153846154,208.0,0.03299693842839324,0.06388583973655323,1513.507358103488
our_vol3,Our vol3 STNPP-GAT-ZINB,103,2023-12-13,0.09,0.09001001282344055,5124,126.0,0.6057692307692307,0.3942307692307693,0.09001001282344055,1.0928961748633879,6.730020491803278,0.6057692307692307,6.730020491803278,0.6057692307692307,208.0,0.039350912778904665,0.07572209211553474,1513.507358103488
our_vol3,Our vol3 STNPP-GAT-ZINB,103,2023-12-13,0.1,0.10000526990707397,5693,133.0,0.6394230769230769,0.36057692307692313,0.10000526990707397,1.0383121572301266,6.393893816968206,0.6394230769230769,6.393893816968206,0.6394230769230769,208.0,0.04631501562212829,0.08852977340593711,1513.507358103488
our_vol3,Our vol3 STNPP-GAT-ZINB,104,2023-12-27,0.01,0.010012823440546666,570,33.0,0.16751269035532995,0.8324873096446701,0.010012823440546666,2.5730994152046787,16.729815655890995,0.16751269035532995,16.729815655890995,0.16751269035532995,197.0,0.02981029810298103,0.05789473684210526,925.4181872945634
our_vol3,Our vol3 STNPP-GAT-ZINB,104,2023-12-27,0.02,0.02000808052418009,1139,53.0,0.26903553299492383,0.7309644670050761,0.02000808052418009,2.0680909179592235,13.44634397436526,0.26903553299492383,13.44634397436526,0.26903553299492383,197.0,0.026126126126126126,0.050921861281826165,925.4181872945634
our_vol3,Our vol3 STNPP-GAT-ZINB,104,2023-12-27,0.03,0.030003337607813516,1708,66.0,0.3350253807106599,0.6649746192893401,0.030003337607813516,1.7174082747853239,11.166270402643873,0.3350253807106599,11.166270402643873,0.3350253807106599,197.0,0.028296207104154123,0.05503512880562061,925.4181872945634
our_vol3,Our vol3 STNPP-GAT-ZINB,104,2023-12-27,0.04,0.04001616104836018,2278,78.0,0.39593908629441626,0.6040609137055837,0.04001616104836018,1.5218027509511267,9.894479528306512,0.39593908629441626,9.894479528306512,0.39593908629441626,197.0,0.0296045197740113,0.05750658472344162,925.4181872945634
our_vol3,Our vol3 STNPP-GAT-ZINB,104,2023-12-27,0.05,0.050011418131993605,2847,85.0,0.43147208121827413,0.5685279187817258,0.050011418131993605,1.3269328337821487,8.6274714322138,0.43147208121827413,8.6274714322138,0.43147208121827413,197.0,0.028540462427745664,0.05549701440112399,925.4181872945634
our_vol3,Our vol3 STNPP-GAT-ZINB,104,2023-12-27,0.06,0.06000667521562703,3416,95.0,0.48223350253807107,0.5177664974619289,0.06000667521562703,1.2360135310954983,8.036330971599757,0.48223350253807107,8.036330971599757,0.48223350253807107,197.0,0.03140096618357488,0.06088992974238876,925.4181872945634
our_vol3,Our vol3 STNPP-GAT-ZINB,104,2023-12-27,0.07,0.07000193229926045,3985,98.0,0.49746192893401014,0.5025380710659899,0.07000193229926045,1.09298759236024,7.106402817672873,0.49746192893401014,7.106402817672873,0.49746192893401014,197.0,0.031314699792960664,0.06072772898368883,925.4181872945634
our_vol3,Our vol3 STNPP-GAT-ZINB,104,2023-12-27,0.08,0.08001475573980713,4555,106.0,0.5380710659898477,0.46192893401015234,0.08001475573980713,1.0342724722527137,6.724647985423503,0.5380710659898477,6.724647985423503,0.5380710659898477,197.0,0.035580311469819256,0.06871569703622393,925.4181872945634
our_vol3,Our vol3 STNPP-GAT-ZINB,104,2023-12-27,0.09,0.09001001282344055,5124,109.0,0.5532994923857868,0.4467005076142132,0.09001001282344055,0.9454419290484863,6.147088251960516,0.5532994923857868,6.147088251960516,0.5532994923857868,197.0,0.039140133847089836,0.07533177205308353,925.4181872945634
our_vol3,Our vol3 STNPP-GAT-ZINB,104,2023-12-27,0.1,0.10000526990707397,5693,113.0,0.5736040609137056,0.42639593908629436,0.10000526990707397,0.8821749907293557,5.735738341056477,0.5736040609137056,5.735738341056477,0.5736040609137056,197.0,0.04708478940592238,0.08993500790444406,925.4181872945634
our_vol3,Our vol3 STNPP-GAT-ZINB,105,2024-01-10,0.01,0.010012823440546666,570,37.0,0.18877551020408162,0.8112244897959184,0.010012823440546666,2.8849902534113063,18.853374507697815,0.18877551020408162,18.853374507697815,0.18877551020408162,196.0,0.02981029810298103,0.05789473684210526,2271.802665643868
our_vol3,Our vol3 STNPP-GAT-ZINB,105,2024-01-10,0.02,0.02000808052418009,1139,53.0,0.27040816326530615,0.7295918367346939,0.02000808052418009,2.0680909179592235,13.514947770152839,0.27040816326530615,13.514947770152839,0.27040816326530615,196.0,0.024741340530814216,0.048287971905179985,2271.802665643868
our_vol3,Our vol3 STNPP-GAT-ZINB,105,2024-01-10,0.03,0.030003337607813516,1708,66.0,0.336734693877551,0.6632653061224489,0.030003337607813516,1.7174082747853239,11.2232411700043,0.336734693877551,11.2232411700043,0.336734693877551,196.0,0.028296207104154123,0.05503512880562061,2271.802665643868
our_vol3,Our vol3 STNPP-GAT-ZINB,105,2024-01-10,0.04,0.04001616104836018,2278,77.0,0.39285714285714285,0.6071428571428572,0.04001616104836018,1.502292459272266,9.817462059450646,0.39285714285714285,9.817462059450646,0.39285714285714285,196.0,0.03007008817544653,0.058384547848990345,2271.802665643868
our_vol3,Our vol3 STNPP-GAT-ZINB,105,2024-01-10,0.05,0.050011418131993605,2847,84.0,0.42857142857142855,0.5714285714285714,0.050011418131993605,1.3113218592670646,8.569471624266145,0.42857142857142855,8.569471624266145,0.42857142857142855,196.0,0.029470258542758993,0.057253249034070954,2271.802665643868
our_vol3,Our vol3 STNPP-GAT-ZINB,105,2024-01-10,0.06,0.06000667521562703,3416,92.0,0.46938775510204084,0.5306122448979591,0.06000667521562703,1.1969815248503772,7.822258997275726,0.46938775510204084,7.822258997275726,0.46938775510204084,196.0,0.0328042328042328,0.06352459016393443,2271.802665643868
our_vol3,Our vol3 STNPP-GAT-ZINB,105,2024-01-10,0.07,0.07000193229926045,3985,102.0,0.5204081632653061,0.47959183673469385,0.07000193229926045,1.1375993308239232,7.434197116738791,0.5204081632653061,7.434197116738791,0.5204081632653061,196.0,0.03425901894627563,0.06624843161856964,2271.802665643868
our_vol3,Our vol3 STNPP-GAT-ZINB,105,2024-01-10,0.08,0.08001475573980713,4555,109.0,0.5561224489795918,0.44387755102040816,0.08001475573980713,1.0635443346749605,6.950248661484352,0.5561224489795918,6.950248661484352,0.5561224489795918,196.0,0.03900547445255474,0.07508232711306256,2271.802665643868
our_vol3,Our vol3 STNPP-GAT-ZINB,105,2024-01-10,0.09,0.09001001282344055,5124,114.0,0.5816326530612245,0.41836734693877553,0.09001001282344055,0.9888108248763986,6.461866128184294,0.5816326530612245,6.461866128184294,0.5816326530612245,196.0,0.04379710735383988,0.08391881342701014,2271.802665643868
our_vol3,Our vol3 STNPP-GAT-ZINB,105,2024-01-10,0.1,0.10000526990707397,5693,116.0,0.5918367346938775,0.40816326530612246,0.10000526990707397,0.9055955657044714,5.918055470914872,0.5918367346938775,5.918055470914872,0.5918367346938775,196.0,0.04833809041524721,0.09221851396451783,2271.802665643868
our_vol3,Our vol3 STNPP-GAT-ZINB,106,2024-01-24,0.01,0.010012823440546666,570,31.0,0.13716814159292035,0.8628318584070797,0.010012823440546666,2.417153996101365,13.699247011333641,0.13716814159292035,13.699247011333641,0.13716814159292035,226.0,0.026102610261026102,0.05087719298245614,502.21586249882904
our_vol3,Our vol3 STNPP-GAT-ZINB,106,2024-01-24,0.02,0.02000808052418009,1139,50.0,0.22123893805309736,0.7787610619469026,0.02000808052418009,1.9510291678860598,11.057479391175306,0.22123893805309736,11.057479391175306,0.22123893805309736,226.0,0.02336028751123091,0.0456540825285338,502.21586249882904
our_vol3,Our vol3 STNPP-GAT-ZINB,106,2024-01-24,0.03,0.030003337607813516,1708,65.0,0.28761061946902655,0.7123893805309734,0.030003337607813516,1.6913869372885766,9.5859541771155,0.28761061946902655,9.5859541771155,0.28761061946902655,226.0,0.023980815347721823,0.0468384074941452,502.21586249882904
our_vol3,Our vol3 STNPP-GAT-ZINB,106,2024-01-24,0.04,0.04001616104836018,2278,82.0,0.36283185840707965,0.6371681415929203,0.04001616104836018,1.599843917666569,9.067133100763751,0.36283185840707965,9.067133100763751,0.36283185840707965,226.0,0.025895068678225625,0.0504828797190518,502.21586249882904
our_vol3,Our vol3 STNPP-GAT-ZINB,106,2024-01-24,0.05,0.050011418131993605,2847,98.0,0.4336283185840708,0.5663716814159292,0.050011418131993605,1.529875502478242,8.670586333697013,0.4336283185840708,8.670586333697013,0.4336283185840708,226.0,0.02965641952983725,0.05760449596066034,502.21586249882904
our_vol3,Our vol3 STNPP-GAT-ZINB,106,2024-01-24,0.06,0.06000667521562703,3416,107.0,0.47345132743362833,0.5265486725663717,0.06000667521562703,1.3921415560759822,7.889977668856604,0.47345132743362833,7.889977668856604,0.47345132743362833,226.0,0.03186829784020541,0.06176814988290398,502.21586249882904
our_vol3,Our vol3 STNPP-GAT-ZINB,106,2024-01-24,0.07,0.07000193229926045,3985,118.0,0.5221238938053098,0.47787610619469023,0.07000193229926045,1.3160462846786563,7.458706876450407,0.5221238938053098,7.458706876450407,0.5221238938053098,226.0,0.0322497085869706,0.06248431618569636,502.21586249882904
our_vol3,Our vol3 STNPP-GAT-ZINB,106,2024-01-24,0.08,0.08001475573980713,4555,122.0,0.5398230088495575,0.4601769911504425,0.08001475573980713,1.190389071838029,6.746543232662734,0.5398230088495575,6.746543232662734,0.5398230088495575,226.0,0.0353449255597227,0.06827661909989023,502.21586249882904
our_vol3,Our vol3 STNPP-GAT-ZINB,106,2024-01-24,0.09,0.09001001282344055,5124,127.0,0.5619469026548672,0.43805309734513276,0.09001001282344055,1.1015699540289703,6.24315989996753,0.5619469026548672,6.24315989996753,0.5619469026548672,226.0,0.038929440389294405,0.07494145199063232,502.21586249882904
our_vol3,Our vol3 STNPP-GAT-ZINB,106,2024-01-24,0.1,0.10000526990707397,5693,131.0,0.5796460176991151,0.42035398230088494,0.10000526990707397,1.0226984405800497,5.796154725023278,0.5796460176991151,5.796154725023278,0.5796460176991151,226.0,0.04449133107054399,0.08519234147198314,502.21586249882904
our_vol3,Our vol3 STNPP-GAT-ZINB,107,2024-02-07,0.01,0.010012823440546666,570,32.0,0.14953271028037382,0.8504672897196262,0.010012823440546666,2.4951267056530217,14.934120347597965,0.14953271028037382,14.934120347597965,0.14953271028037382,214.0,0.026102610261026102,0.05087719298245614,2099.5145055756816
our_vol3,Our vol3 STNPP-GAT-ZINB,107,2024-02-07,0.02,0.02000808052418009,1139,53.0,0.24766355140186916,0.7523364485981309,0.02000808052418009,2.0680909179592235,12.378176462382973,0.24766355140186916,12.378176462382973,0.24766355140186916,214.0,0.024741340530814216,0.048287971905179985,2099.5145055756816
our_vol3,Our vol3 STNPP-GAT-ZINB,107,2024-02-07,0.03,0.030003337607813516,1708,67.0,0.3130841121495327,0.6869158878504673,0.030003337607813516,1.7434296122820714,10.434976143054126,0.3130841121495327,10.434976143054126,0.3130841121495327,214.0,0.024902490249024904,0.04859484777517564,2099.5145055756816
our_vol3,Our vol3 STNPP-GAT-ZINB,107,2024-02-07,0.04,0.04001616104836018,2278,81.0,0.37850467289719625,0.6214953271028038,0.04001616104836018,1.5803336259877085,9.458795221254913,0.37850467289719625,9.458795221254913,0.37850467289719625,214.0,0.025202520252025202,0.04916593503072871,2099.5145055756816
our_vol3,Our vol3 STNPP-GAT-ZINB,107,2024-02-07,0.05,0.050011418131993605,2847,87.0,0.40654205607476634,0.5934579439252337,0.050011418131993605,1.358154782812317,8.128984765074895,0.40654205607476634,8.128984765074895,0.40654205607476634,214.0,0.024838012958963283,0.04847207586933614,2099.5145055756816
our_vol3,Our vol3 STNPP-GAT-ZINB,107,2024-02-07,0.06,0.06000667521562703,3416,95.0,0.4439252336448598,0.5560747663551402,0.06000667521562703,1.2360135310954983,7.397930847687627,0.4439252336448598,7.397930847687627,0.4439252336448598,214.0,0.027986758952753536,0.05444964871194379,2099.5145055756816
our_vol3,Our vol3 STNPP-GAT-ZINB,107,2024-02-07,0.07,0.07000193229926045,3985,104.0,0.48598130841121495,0.514018691588785,0.07000193229926045,1.1599052000557648,6.9423984802823675,0.48598130841121495,6.9423984802823675,0.48598130841121495,214.0,0.029715762273901807,0.05771643663739021,2099.5145055756816
our_vol3,Our vol3 STNPP-GAT-ZINB,107,2024-02-07,0.08,0.08001475573980713,4555,113.0,0.5280373831775701,0.4719626168224299,0.08001475573980713,1.1025734845712891,6.599250079505935,0.5280373831775701,6.599250079505935,0.5280373831775701,214.0,0.03135967394996038,0.06081229418221734,2099.5145055756816
our_vol3,Our vol3 STNPP-GAT-ZINB,107,2024-02-07,0.09,0.09001001282344055,5124,118.0,0.5514018691588785,0.44859813084112155,0.09001001282344055,1.0235059415387284,6.126005894927298,0.5514018691588785,6.126005894927298,0.5514018691588785,214.0,0.035883958354391995,0.06928181108508977,2099.5145055756816
our_vol3,Our vol3 STNPP-GAT-ZINB,107,2024-02-07,0.1,0.10000526990707397,5693,127.0,0.5934579439252337,0.40654205607476634,0.10000526990707397,0.9914710072798953,5.934266708911256,0.5934579439252337,5.934266708911256,0.5934579439252337,214.0,0.04296052028945681,0.08238187247496927,2099.5145055756816
our_vol3,Our vol3 STNPP-GAT-ZINB,108,2024-02-21,0.01,0.010012823440546666,570,30.0,0.14492753623188406,0.855072463768116,0.010012823440546666,2.339181286549708,14.474192728197304,0.14492753623188406,14.474192728197304,0.14492753623188406,207.0,0.025179856115107913,0.04912280701754386,1553.615261446018
our_vol3,Our vol3 STNPP-GAT-ZINB,108,2024-02-21,0.02,0.02000808052418009,1139,43.0,0.20772946859903382,0.7922705314009661,0.02000808052418009,1.6778850843820114,10.382278717240737,0.20772946859903382,10.382278717240737,0.20772946859903382,207.0,0.020152261531571878,0.03950834064969271,1553.615261446018
our_vol3,Our vol3 STNPP-GAT-ZINB,108,2024-02-21,0.03,0.030003337607813516,1708,61.0,0.2946859903381642,0.7053140096618358,0.030003337607813516,1.5873015873015872,9.821773636991027,0.2946859903381642,9.821773636991027,0.2946859903381642,207.0,0.024287856071964018,0.04742388758782201,1553.615261446018
our_vol3,Our vol3 STNPP-GAT-ZINB,108,2024-02-21,0.04,0.04001616104836018,2278,76.0,0.3671497584541063,0.6328502415458936,0.04001616104836018,1.4827821675934054,9.175037005933675,0.3671497584541063,9.175037005933675,0.3671497584541063,207.0,0.025202520252025202,0.04916593503072871,1553.615261446018
our_vol3,Our vol3 STNPP-GAT-ZINB,108,2024-02-21,0.05,0.050011418131993605,2847,89.0,0.42995169082125606,0.5700483091787439,0.050011418131993605,1.3893767318424852,8.597070566695344,0.42995169082125606,8.597070566695344,0.42995169082125606,207.0,0.02631578947368421,0.05128205128205128,1553.615261446018
our_vol3,Our vol3 STNPP-GAT-ZINB,108,2024-02-21,0.06,0.06000667521562703,3416,96.0,0.463768115942029,0.536231884057971,0.06000667521562703,1.249024199843872,7.728608763533924,0.463768115942029,7.728608763533924,0.463768115942029,207.0,0.027677496991576414,0.053864168618266976,1553.615261446018
our_vol3,Our vol3 STNPP-GAT-ZINB,108,2024-02-21,0.07,0.07000193229926045,3985,104.0,0.5024154589371981,0.4975845410628019,0.07000193229926045,1.1599052000557648,7.177165578649404,0.5024154589371981,7.177165578649404,0.5024154589371981,207.0,0.030381383322559793,0.05897114178168131,1553.615261446018
our_vol3,Our vol3 STNPP-GAT-ZINB,108,2024-02-21,0.08,0.08001475573980713,4555,110.0,0.5314009661835749,0.4685990338164251,0.08001475573980713,1.0733016221490426,6.641287113486799,0.5314009661835749,6.641287113486799,0.5314009661835749,207.0,0.031710079275198186,0.06147091108671789,1553.615261446018
our_vol3,Our vol3 STNPP-GAT-ZINB,108,2024-02-21,0.09,0.09001001282344055,5124,119.0,0.5748792270531401,0.4251207729468599,0.09001001282344055,1.0321797207043109,6.386836408753728,0.5748792270531401,6.386836408753728,0.5748792270531401,207.0,0.03756201275690999,0.07240437158469945,1553.615261446018
our_vol3,Our vol3 STNPP-GAT-ZINB,108,2024-02-21,0.1,0.10000526990707397,5693,127.0,0.6135265700483091,0.38647342995169087,0.10000526990707397,0.9914710072798953,6.1349423947198485,0.6135265700483091,6.1349423947198485,0.6135265700483091,207.0,0.043534048208230224,0.08343579834884947,1553.615261446018
our_vol3,Our vol3 STNPP-GAT-ZINB,109,2024-03-06,0.01,0.010012823440546666,570,36.0,0.18652849740932642,0.8134715025906736,0.010012823440546666,2.8070175438596494,18.62896100354513,0.18652849740932642,18.62896100354513,0.18652849740932642,193.0,0.03167420814479638,0.06140350877192982,564.1892576821126
our_vol3,Our vol3 STNPP-GAT-ZINB,109,2024-03-06,0.02,0.02000808052418009,1139,53.0,0.27461139896373055,0.7253886010362695,0.02000808052418009,2.0680909179592235,13.725024678497181,0.27461139896373055,13.725024678497181,0.27461139896373055,193.0,0.02336028751123091,0.0456540825285338,564.1892576821126
our_vol3,Our vol3 STNPP-GAT-ZINB,109,2024-03-06,0.03,0.030003337607813516,1708,64.0,0.3316062176165803,0.6683937823834196,0.030003337607813516,1.6653655997918293,11.052310977903435,0.3316062176165803,11.052310977903435,0.3316062176165803,193.0,0.025210084033613446,0.04918032786885246,564.1892576821126
our_vol3,Our vol3 STNPP-GAT-ZINB,109,2024-03-06,0.04,0.04001616104836018,2278,73.0,0.37823834196891193,0.6217616580310881,0.04001616104836018,1.4242512925568236,9.452139637078249,0.37823834196891193,9.452139637078249,0.37823834196891193,193.0,0.025895068678225625,0.0504828797190518,564.1892576821126
our_vol3,Our vol3 STNPP-GAT-ZINB,109,2024-03-06,0.05,0.050011418131993605,2847,84.0,0.43523316062176165,0.5647668393782384,0.050011418131993605,1.3113218592670646,8.702675846404997,0.43523316062176165,8.702675846404997,0.43523316062176165,193.0,0.02650081124932396,0.051633298208640675,564.1892576821126
our_vol3,Our vol3 STNPP-GAT-ZINB,109,2024-03-06,0.06,0.06000667521562703,3416,90.0,0.46632124352331605,0.533678756476684,0.06000667521562703,1.17096018735363,7.771156156338352,0.46632124352331605,7.771156156338352,0.46632124352331605,193.0,0.029380744312189244,0.05708430913348946,564.1892576821126
our_vol3,Our vol3 STNPP-GAT-ZINB,109,2024-03-06,0.07,0.07000193229926045,3985,95.0,0.49222797927461137,0.5077720207253886,0.07000193229926045,1.0595287885124773,7.031634172187153,0.49222797927461137,7.031634172187153,0.49222797927461137,193.0,0.02958274124790079,0.057465495608531994,564.1892576821126
our_vol3,Our vol3 STNPP-GAT-ZINB,109,2024-03-06,0.08,0.08001475573980713,4555,103.0,0.533678756476684,0.46632124352331605,0.08001475573980713,1.0050006098304671,6.66975424148149,0.533678756476684,6.66975424148149,0.533678756476684,193.0,0.03299693842839324,0.06388583973655323,564.1892576821126
our_vol3,Our vol3 STNPP-GAT-ZINB,109,2024-03-06,0.09,0.09001001282344055,5124,109.0,0.5647668393782384,0.43523316062176165,0.09001001282344055,0.9454419290484863,6.274489044747263,0.5647668393782384,6.274489044747263,0.5647668393782384,193.0,0.039140133847089836,0.07533177205308353,564.1892576821126
our_vol3,Our vol3 STNPP-GAT-ZINB,109,2024-03-06,0.1,0.10000526990707397,5693,117.0,0.6062176165803109,0.3937823834196891,0.10000526990707397,0.9134024240295099,6.061856711587452,0.6062176165803109,6.061856711587452,0.6062176165803109,193.0,0.04641117544343351,0.08870542771825048,564.1892576821126
our_vol3,Our vol3 STNPP-GAT-ZINB,110,2024-03-20,0.01,0.010012823440546666,570,26.0,0.13978494623655913,0.8602150537634409,0.010012823440546666,2.0272904483430803,13.960592341067722,0.13978494623655913,13.960592341067722,0.13978494623655913,186.0,0.02333931777378815,0.0456140350877193,1046.5449605877443
our_vol3,Our vol3 STNPP-GAT-ZINB,110,2024-03-20,0.02,0.02000808052418009,1139,36.0,0.1935483870967742,0.8064516129032258,0.02000808052418009,1.404741000877963,9.673511002860462,0.1935483870967742,9.673511002860462,0.1935483870967742,186.0,0.017873100983020553,0.03511852502194908,1046.5449605877443
our_vol3,Our vol3 STNPP-GAT-ZINB,110,2024-03-20,0.03,0.030003337607813516,1708,46.0,0.24731182795698925,0.7526881720430108,0.030003337607813516,1.1969815248503772,8.242810556269044,0.24731182795698925,8.242810556269044,0.24731182795698925,186.0,0.022754491017964073,0.04449648711943794,1046.5449605877443
our_vol3,Our vol3 STNPP-GAT-ZINB,110,2024-03-20,0.04,0.04001616104836018,2278,55.0,0.2956989247311828,0.7043010752688172,0.04001616104836018,1.0730660423373328,7.38948757162952,0.2956989247311828,7.38948757162952,0.2956989247311828,186.0,0.024741340530814216,0.048287971905179985,1046.5449605877443
our_vol3,Our vol3 STNPP-GAT-ZINB,110,2024-03-20,0.05,0.050011418131993605,2847,63.0,0.3387096774193548,0.6612903225806452,0.050011418131993605,0.9834913944502985,6.772646928855501,0.3387096774193548,6.772646928855501,0.3387096774193548,186.0,0.024284943335132217,0.04741833508956796,1046.5449605877443
our_vol3,Our vol3 STNPP-GAT-ZINB,110,2024-03-20,0.06,0.06000667521562703,3416,69.0,0.3709677419354839,0.6290322580645161,0.06000667521562703,0.897736143637783,6.182107917201783,0.3709677419354839,6.182107917201783,0.3709677419354839,186.0,0.026596543951915852,0.05181498829039813,1046.5449605877443
our_vol3,Our vol3 STNPP-GAT-ZINB,110,2024-03-20,0.07,0.07000193229926045,3985,76.0,0.40860215053763443,0.5913978494623655,0.07000193229926045,0.8476230308099819,5.837012452611272,0.40860215053763443,5.837012452611272,0.40860215053763443,186.0,0.028519809007613885,0.05545796737766625,1046.5449605877443
our_vol3,Our vol3 STNPP-GAT-ZINB,110,2024-03-20,0.08,0.08001475573980713,4555,88.0,0.4731182795698925,0.5268817204301075,0.08001475573980713,0.858641297719234,5.9128878816850206,0.4731182795698925,5.9128878816850206,0.4731182795698925,186.0,0.03252861838376969,0.06300768386388585,1046.5449605877443
our_vol3,Our vol3 STNPP-GAT-ZINB,110,2024-03-20,0.09,0.09001001282344055,5124,95.0,0.510752688172043,0.489247311827957,0.09001001282344055,0.8240090207303321,5.674398571344631,0.510752688172043,5.674398571344631,0.510752688172043,186.0,0.0387188323535374,0.07455113192818111,1046.5449605877443
our_vol3,Our vol3 STNPP-GAT-ZINB,110,2024-03-20,0.1,0.10000526990707397,5693,105.0,0.5645161290322581,0.4354838709677419,0.10000526990707397,0.8197201241290474,5.644863811245276,0.5645161290322581,5.644863811245276,0.5645161290322581,186.0,0.04593055300385817,0.08782715615668364,1046.5449605877443
our_vol3,Our vol3 STNPP-GAT-ZINB,111,2024-04-03,0.01,0.010012823440546666,570,15.0,0.1,0.9,0.010012823440546666,1.169590643274854,9.98719298245614,0.1,9.98719298245614,0.1,150.0,0.013333333333333334,0.02631578947368421,1507.037240820041
our_vol3,Our vol3 STNPP-GAT-ZINB,111,2024-04-03,0.02,0.02000808052418009,1139,30.0,0.2,0.8,0.02000808052418009,1.170617500731636,9.995961369622476,0.2,9.995961369622476,0.2,150.0,0.017873100983020553,0.03511852502194908,1507.037240820041
our_vol3,Our vol3 STNPP-GAT-ZINB,111,2024-04-03,0.03,0.030003337607813516,1708,34.0,0.22666666666666666,0.7733333333333333,0.030003337607813516,0.8847254748894093,7.55471506635441,0.22666666666666666,7.55471506635441,0.22666666666666666,150.0,0.0215311004784689,0.04215456674473068,1507.037240820041
our_vol3,Our vol3 STNPP-GAT-ZINB,111,2024-04-03,0.04,0.04001616104836018,2278,46.0,0.30666666666666664,0.6933333333333334,0.04001616104836018,0.8974734172275876,7.663570383377231,0.30666666666666664,7.663570383377231,0.30666666666666664,150.0,0.023590204448438554,0.046093064091308165,1507.037240820041
our_vol3,Our vol3 STNPP-GAT-ZINB,111,2024-04-03,0.05,0.050011418131993605,2847,53.0,0.35333333333333333,0.6466666666666667,0.050011418131993605,0.8273816492994575,7.065053272450533,0.35333333333333333,7.065053272450533,0.35333333333333333,150.0,0.023180592991913745,0.045310853530031614,1507.037240820041
our_vol3,Our vol3 STNPP-GAT-ZINB,111,2024-04-03,0.06,0.06000667521562703,3416,57.0,0.38,0.62,0.06000667521562703,0.741608118657299,6.332628805620609,0.38,6.332628805620609,0.38,150.0,0.025517862503752625,0.049765807962529274,1507.037240820041
our_vol3,Our vol3 STNPP-GAT-ZINB,111,2024-04-03,0.07,0.07000193229926045,3985,63.0,0.42,0.5800000000000001,0.07000193229926045,0.7026348808030113,5.999834378920954,0.42,5.999834378920954,0.42,150.0,0.028121775025799794,0.05470514429109159,1507.037240820041
our_vol3,Our vol3 STNPP-GAT-ZINB,111,2024-04-03,0.08,0.08001475573980713,4555,65.0,0.43333333333333335,0.5666666666666667,0.08001475573980713,0.6342236858153434,5.415667764361507,0.43333333333333335,5.415667764361507,0.43333333333333335,150.0,0.031710079275198186,0.06147091108671789,1507.037240820041
our_vol3,Our vol3 STNPP-GAT-ZINB,111,2024-04-03,0.09,0.09001001282344055,5124,77.0,0.5133333333333333,0.4866666666666667,0.09001001282344055,0.6678809957498482,5.703069216757741,0.5133333333333333,5.703069216757741,0.5133333333333333,150.0,0.038192685644818154,0.07357533177205308,1507.037240820041
our_vol3,Our vol3 STNPP-GAT-ZINB,111,2024-04-03,0.1,0.10000526990707397,5693,78.0,0.52,0.48,0.10000526990707397,0.6089349493530066,5.199725979272792,0.52,5.199725979272792,0.52,150.0,0.04545037186667891,0.08694888459511681,1507.037240820041
our_vol3,Our vol3 STNPP-GAT-ZINB,112,2024-04-17,0.01,0.010012823440546666,570,24.0,0.14035087719298245,0.8596491228070176,0.010012823440546666,1.8713450292397662,14.017112957833177,0.14035087719298245,14.017112957833177,0.14035087719298245,171.0,0.021505376344086023,0.042105263157894736,1720.1089233788994
our_vol3,Our vol3 STNPP-GAT-ZINB,112,2024-04-17,0.02,0.02000808052418009,1139,41.0,0.23976608187134502,0.760233918128655,0.02000808052418009,1.599843917666569,11.983462460658524,0.23976608187134502,11.983462460658524,0.23976608187134502,171.0,0.019695613249776187,0.038630377524143986,1720.1089233788994
our_vol3,Our vol3 STNPP-GAT-ZINB,112,2024-04-17,0.03,0.030003337607813516,1708,47.0,0.27485380116959063,0.7251461988304093,0.030003337607813516,1.2230028623471247,9.160774203267732,0.27485380116959063,9.160774203267732,0.27485380116959063,171.0,0.023673958645489962,0.04625292740046839,1720.1089233788994
our_vol3,Our vol3 STNPP-GAT-ZINB,112,2024-04-17,0.04,0.04001616104836018,2278,55.0,0.3216374269005848,0.6783625730994152,0.04001616104836018,1.0730660423373328,8.037688235807547,0.3216374269005848,8.037688235807547,0.3216374269005848,171.0,0.02336028751123091,0.0456540825285338,1720.1089233788994
our_vol3,Our vol3 STNPP-GAT-ZINB,112,2024-04-17,0.05,0.050011418131993605,2847,67.0,0.391812865497076,0.6081871345029239,0.050011418131993605,1.0459352925106349,7.834468210099068,0.391812865497076,7.834468210099068,0.391812865497076,171.0,0.025391680172879523,0.04952581664910432,1720.1089233788994
our_vol3,Our vol3 STNPP-GAT-ZINB,112,2024-04-17,0.06,0.06000667521562703,3416,71.0,0.4152046783625731,0.5847953216374269,0.06000667521562703,0.9237574811345303,6.919308174808606,0.4152046783625731,6.919308174808606,0.4152046783625731,171.0,0.029225670382645376,0.056791569086651054,1720.1089233788994
our_vol3,Our vol3 STNPP-GAT-ZINB,112,2024-04-17,0.07,0.07000193229926045,3985,83.0,0.4853801169590643,0.5146198830409356,0.07000193229926045,0.9256935731214276,6.933810268037304,0.4853801169590643,6.933810268037304,0.4853801169590643,171.0,0.03184878301398239,0.06173149309912171,1720.1089233788994
our_vol3,Our vol3 STNPP-GAT-ZINB,112,2024-04-17,0.08,0.08001475573980713,4555,91.0,0.5321637426900585,0.4678362573099415,0.08001475573980713,0.8879131601414807,6.650820061496588,0.5321637426900585,6.650820061496588,0.5321637426900585,171.0,0.0365229263852543,0.07047200878155872,1720.1089233788994
our_vol3,Our vol3 STNPP-GAT-ZINB,112,2024-04-17,0.09,0.09001001282344055,5124,92.0,0.5380116959064327,0.4619883040935673,0.09001001282344055,0.7979876832335848,5.977242742557668,0.5380116959064327,5.977242742557668,0.5380116959064327,171.0,0.041251778093883355,0.07923497267759563,1720.1089233788994
our_vol3,Our vol3 STNPP-GAT-ZINB,112,2024-04-17,0.1,0.10000526990707397,5693,93.0,0.543859649122807,0.45614035087719296,0.10000526990707397,0.7260378242285848,5.438309897350086,0.543859649122807,5.438309897350086,0.543859649122807,171.0,0.04756647345661975,0.0908132794660109,1720.1089233788994
our_vol3,Our vol3 STNPP-GAT-ZINB,113,2024-05-01,0.01,0.010012823440546666,570,27.0,0.15083798882681565,0.8491620111731844,0.010012823440546666,2.105263157894737,15.064481034989708,0.15083798882681565,15.064481034989708,0.15083798882681565,179.0,0.02333931777378815,0.0456140350877193,2076.2082989599803
our_vol3,Our vol3 STNPP-GAT-ZINB,113,2024-05-01,0.02,0.02000808052418009,1139,41.0,0.22905027932960895,0.770949720670391,0.02000808052418009,1.599843917666569,11.447888719400042,0.22905027932960895,11.447888719400042,0.22905027932960895,179.0,0.01923937360178971,0.03775241439859526,2076.2082989599803
our_vol3,Our vol3 STNPP-GAT-ZINB,113,2024-05-01,0.03,0.030003337607813516,1708,58.0,0.3240223463687151,0.6759776536312849,0.030003337607813516,1.5092375748113454,10.799543390943702,0.3240223463687151,10.799543390943702,0.3240223463687151,179.0,0.026442307692307692,0.05152224824355972,2076.2082989599803
our_vol3,Our vol3 STNPP-GAT-ZINB,113,2024-05-01,0.04,0.04001616104836018,2278,68.0,0.37988826815642457,0.6201117318435754,0.04001616104836018,1.3266998341625207,9.493371133161011,0.37988826815642457,9.493371133161011,0.37988826815642457,179.0,0.02658855340243353,0.05179982440737489,2076.2082989599803
our_vol3,Our vol3 STNPP-GAT-ZINB,113,2024-05-01,0.05,0.050011418131993605,2847,73.0,0.40782122905027934,0.5921787709497206,0.050011418131993605,1.1396011396011396,8.154562383612664,0.40782122905027934,8.154562383612664,0.40782122905027934,179.0,0.02742692168892097,0.053389532841587636,2076.2082989599803
our_vol3,Our vol3 STNPP-GAT-ZINB,113,2024-05-01,0.06,0.06000667521562703,3416,84.0,0.4692737430167598,0.5307262569832403,0.06000667521562703,1.092896174863388,7.820359007235095,0.4692737430167598,7.820359007235095,0.4692737430167598,179.0,0.032180087626529685,0.062353629976580796,2076.2082989599803
our_vol3,Our vol3 STNPP-GAT-ZINB,113,2024-05-01,0.07,0.07000193229926045,3985,90.0,0.5027932960893855,0.4972067039106145,0.07000193229926045,1.0037641154328734,7.182563103257327,0.5027932960893855,7.182563103257327,0.5027932960893855,179.0,0.03372243839169909,0.06524466750313676,2076.2082989599803
our_vol3,Our vol3 STNPP-GAT-ZINB,113,2024-05-01,0.08,0.08001475573980713,4555,92.0,0.5139664804469274,0.4860335195530726,0.08001475573980713,0.8976704476155629,6.4233962310433,0.5139664804469274,6.4233962310433,0.5139664804469274,179.0,0.03687684953334851,0.07113062568605928,2076.2082989599803
our_vol3,Our vol3 STNPP-GAT-ZINB,113,2024-05-01,0.09,0.09001001282344055,5124,102.0,0.5698324022346368,0.4301675977653632,0.09001001282344055,0.8847254748894092,6.33076681538079,0.5698324022346368,6.33076681538079,0.5698324022346368,179.0,0.04337202199144777,0.08313817330210772,2076.2082989599803
our_vol3,Our vol3 STNPP-GAT-ZINB,113,2024-05-01,0.1,0.10000526990707397,5693,109.0,0.6089385474860335,0.3910614525139665,0.10000526990707397,0.8509475574292016,6.089064586814936,0.6089385474860335,6.089064586814936,0.6089385474860335,179.0,0.0503690036900369,0.09590725452309855,2076.2082989599803
our_vol3,Our vol3 STNPP-GAT-ZINB,114,2024-05-15,0.01,0.010012823440546666,570,20.0,0.17094017094017094,0.829059829059829,0.010012823440546666,1.5594541910331385,17.07212475633528,0.17094017094017094,17.07212475633528,0.17094017094017094,117.0,0.01876675603217158,0.03684210526315789,1475.5703230797571
our_vol3,Our vol3 STNPP-GAT-ZINB,114,2024-05-15,0.02,0.02000808052418009,1139,28.0,0.23931623931623933,0.7606837606837606,0.02000808052418009,1.0925763340161936,11.96097941664228,0.23931623931623933,11.96097941664228,0.23931623931623933,117.0,0.01560410164957646,0.030728709394205442,1475.5703230797571
our_vol3,Our vol3 STNPP-GAT-ZINB,114,2024-05-15,0.03,0.030003337607813516,1708,37.0,0.3162393162393162,0.6837606837606838,0.030003337607813516,0.9627894873796513,10.540137913088731,0.3162393162393162,10.540137913088731,0.3162393162393162,117.0,0.02092050209205021,0.040983606557377046,1475.5703230797571
our_vol3,Our vol3 STNPP-GAT-ZINB,114,2024-05-15,0.04,0.04001616104836018,2278,43.0,0.36752136752136755,0.6324786324786325,0.04001616104836018,0.8389425421910057,9.184323480636037,0.36752136752136755,9.184323480636037,0.36752136752136755,117.0,0.021753756447634,0.04258121158911326,1475.5703230797571
our_vol3,Our vol3 STNPP-GAT-ZINB,114,2024-05-15,0.05,0.050011418131993605,2847,50.0,0.42735042735042733,0.5726495726495726,0.050011418131993605,0.7805487257542052,8.545057175194161,0.42735042735042733,8.545057175194161,0.42735042735042733,117.0,0.023548445083587992,0.0460133473832104,1475.5703230797571
our_vol3,Our vol3 STNPP-GAT-ZINB,114,2024-05-15,0.06,0.06000667521562703,3416,55.0,0.4700854700854701,0.5299145299145299,0.06000667521562703,0.7155867811605516,7.833886286755139,0.4700854700854701,7.833886286755139,0.4700854700854701,117.0,0.027059530968129887,0.05269320843091335,1475.5703230797571
our_vol3,Our vol3 STNPP-GAT-ZINB,114,2024-05-15,0.07,0.07000193229926045,3985,59.0,0.5042735042735043,0.49572649572649574,0.07000193229926045,0.6580231423393281,7.203708350759793,0.5042735042735043,7.203708350759793,0.5042735042735043,117.0,0.030248190279214063,0.05872020075282309,1475.5703230797571
our_vol3,Our vol3 STNPP-GAT-ZINB,114,2024-05-15,0.08,0.08001475573980713,4555,63.0,0.5384615384615384,0.46153846153846156,0.08001475573980713,0.6147091108671789,6.729527991218441,0.5384615384615384,6.729527991218441,0.5384615384615384,117.0,0.0353449255597227,0.06827661909989023,1475.5703230797571
our_vol3,Our vol3 STNPP-GAT-ZINB,114,2024-05-15,0.09,0.09001001282344055,5124,63.0,0.5384615384615384,0.46153846153846156,0.09001001282344055,0.5464480874316939,5.982240437158469,0.5384615384615384,5.982240437158469,0.5384615384615384,117.0,0.03829787234042553,0.07377049180327869,1475.5703230797571
our_vol3,Our vol3 STNPP-GAT-ZINB,114,2024-05-15,0.1,0.10000526990707397,5693,63.0,0.5384615384615384,0.46153846153846156,0.10000526990707397,0.49183207447742844,5.384331635341648,0.5384615384615384,5.384331635341648,0.5384615384615384,117.0,0.045546372819100095,0.08712453890743017,1475.5703230797571
our_vol3,Our vol3 STNPP-GAT-ZINB,115,2024-05-29,0.01,0.010012823440546666,570,17.0,0.15315315315315314,0.8468468468468469,0.010012823440546666,1.3255360623781678,15.295700964122014,0.15315315315315314,15.295700964122014,0.15315315315315314,111.0,0.014234875444839857,0.028070175438596492,2590.3399161976345
our_vol3,Our vol3 STNPP-GAT-ZINB,115,2024-05-29,0.02,0.02000808052418009,1139,26.0,0.23423423423423423,0.7657657657657657,0.02000808052418009,1.014535167300751,11.70698178424254,0.23423423423423423,11.70698178424254,0.23423423423423423,111.0,0.013796172674677348,0.027216856892010536,2590.3399161976345
our_vol3,Our vol3 STNPP-GAT-ZINB,115,2024-05-29,0.03,0.030003337607813516,1708,30.0,0.2702702702702703,0.7297297297297297,0.030003337607813516,0.78064012490242,9.008006835875689,0.2702702702702703,9.008006835875689,0.2702702702702703,111.0,0.017878426698450536,0.0351288056206089,2590.3399161976345
our_vol3,Our vol3 STNPP-GAT-ZINB,115,2024-05-29,0.04,0.04001616104836018,2278,35.0,0.3153153153153153,0.6846846846846847,0.04001616104836018,0.6828602087601209,7.879699277855556,0.3153153153153153,7.879699277855556,0.3153153153153153,111.0,0.018783542039355994,0.03687445127304653,2590.3399161976345
our_vol3,Our vol3 STNPP-GAT-ZINB,115,2024-05-29,0.05,0.050011418131993605,2847,42.0,0.3783783783783784,0.6216216216216216,0.050011418131993605,0.6556609296335323,7.565839812415155,0.3783783783783784,7.565839812415155,0.3783783783783784,111.0,0.020795984223736106,0.040744643484369514,2590.3399161976345
our_vol3,Our vol3 STNPP-GAT-ZINB,115,2024-05-29,0.06,0.06000667521562703,3416,45.0,0.40540540540540543,0.5945945945945945,0.06000667521562703,0.585480093676815,6.756005126906767,0.40540540540540543,6.756005126906767,0.40540540540540543,111.0,0.02459508098380324,0.04800936768149883,2590.3399161976345
our_vol3,Our vol3 STNPP-GAT-ZINB,115,2024-05-29,0.07,0.07000193229926045,3985,49.0,0.44144144144144143,0.5585585585585586,0.07000193229926045,0.54649379618012,6.306132230097099,0.44144144144144143,6.306132230097099,0.44144144144144143,111.0,0.026797217212058747,0.05219573400250941,2590.3399161976345
our_vol3,Our vol3 STNPP-GAT-ZINB,115,2024-05-29,0.08,0.08001475573980713,4555,55.0,0.4954954954954955,0.5045045045045045,0.08001475573980713,0.5366508110745213,6.192551497710663,0.4954954954954955,6.192551497710663,0.4954954954954955,111.0,0.03358293623780349,0.06498353457738748,2590.3399161976345
our_vol3,Our vol3 STNPP-GAT-ZINB,115,2024-05-29,0.09,0.09001001282344055,5124,57.0,0.5135135135135135,0.4864864864864865,0.09001001282344055,0.4944054124381993,5.7050709960546016,0.5135135135135135,5.7050709960546016,0.5135135135135135,111.0,0.038403080352619315,0.07396565183450429,2590.3399161976345
our_vol3,Our vol3 STNPP-GAT-ZINB,115,2024-05-29,0.1,0.10000526990707397,5693,61.0,0.5495495495495496,0.4504504504504504,0.10000526990707397,0.47621835782735134,5.495205903250872,0.5495495495495496,5.495205903250872,0.5495495495495496,111.0,0.04631501562212829,0.08852977340593711,2590.3399161976345
our_vol3,Our vol3 STNPP-GAT-ZINB,116,2024-06-12,0.01,0.010012823440546666,570,21.0,0.14685314685314685,0.8531468531468531,0.010012823440546666,1.6374269005847955,14.666507177033491,0.14685314685314685,14.666507177033491,0.14685314685314685,143.0,0.01694915254237288,0.03333333333333333,492.61566984000694
our_vol3,Our vol3 STNPP-GAT-ZINB,116,2024-06-12,0.02,0.02000808052418009,1139,38.0,0.26573426573426573,0.7342657342657343,0.02000808052418009,1.4827821675934054,13.28134727432357,0.26573426573426573,13.28134727432357,0.26573426573426573,143.0,0.018328118015198926,0.035996488147497806,492.61566984000694
our_vol3,Our vol3 STNPP-GAT-ZINB,116,2024-06-12,0.03,0.030003337607813516,1708,49.0,0.34265734265734266,0.6573426573426573,0.030003337607813516,1.2750455373406193,11.420640834575261,0.34265734265734266,11.420640834575261,0.34265734265734266,143.0,0.021225710014947684,0.04156908665105386,492.61566984000694
our_vol3,Our vol3 STNPP-GAT-ZINB,116,2024-06-12,0.04,0.04001616104836018,2278,57.0,0.3986013986013986,0.6013986013986015,0.04001616104836018,1.1120866256950541,9.961010455742677,0.3986013986013986,9.961010455742677,0.3986013986013986,143.0,0.022671156004489337,0.04433713784021071,492.61566984000694
our_vol3,Our vol3 STNPP-GAT-ZINB,116,2024-06-12,0.05,0.050011418131993605,2847,61.0,0.42657342657342656,0.5734265734265734,0.050011418131993605,0.9522694454201303,8.529520707602899,0.42657342657342656,8.529520707602899,0.42657342657342656,143.0,0.021711824869908487,0.042500878117316475,492.61566984000694
our_vol3,Our vol3 STNPP-GAT-ZINB,116,2024-06-12,0.06,0.06000667521562703,3416,69.0,0.4825174825174825,0.5174825174825175,0.06000667521562703,0.897736143637783,8.041063444751968,0.4825174825174825,8.041063444751968,0.4825174825174825,143.0,0.024287856071964018,0.04742388758782201,492.61566984000694
our_vol3,Our vol3 STNPP-GAT-ZINB,116,2024-06-12,0.07,0.07000193229926045,3985,75.0,0.5244755244755245,0.4755244755244755,0.07000193229926045,0.8364700961940611,7.492300672978214,0.5244755244755245,7.492300672978214,0.5244755244755245,143.0,0.02745906922779425,0.053450439146800505,492.61566984000694
our_vol3,Our vol3 STNPP-GAT-ZINB,116,2024-06-12,0.08,0.08001475573980713,4555,78.0,0.5454545454545454,0.4545454545454546,0.08001475573980713,0.761068422978412,6.816924458636862,0.5454545454545454,6.816924458636862,0.5454545454545454,143.0,0.03358293623780349,0.06498353457738748,492.61566984000694
our_vol3,Our vol3 STNPP-GAT-ZINB,116,2024-06-12,0.09,0.09001001282344055,5124,81.0,0.5664335664335665,0.43356643356643354,0.09001001282344055,0.702576112412178,6.293006174153715,0.5664335664335665,6.293006174153715,0.5664335664335665,143.0,0.03808752025931929,0.07338017174082748,492.61566984000694
our_vol3,Our vol3 STNPP-GAT-ZINB,116,2024-06-12,0.1,0.10000526990707397,5693,84.0,0.5874125874125874,0.4125874125874126,0.10000526990707397,0.6557760993032379,5.873816329463616,0.5874125874125874,5.873816329463616,0.5874125874125874,143.0,0.04756647345661975,0.0908132794660109,492.61566984000694
our_vol3,Our vol3 STNPP-GAT-ZINB,117,2024-06-26,0.01,0.010012823440546666,570,17.0,0.1588785046728972,0.8411214953271028,0.010012823440546666,1.3255360623781678,15.867502869322838,0.1588785046728972,15.867502869322838,0.1588785046728972,107.0,0.014234875444839857,0.028070175438596492,1436.0550915793633
our_vol3,Our vol3 STNPP-GAT-ZINB,117,2024-06-26,0.02,0.02000808052418009,1139,24.0,0.22429906542056074,0.7757009345794392,0.02000808052418009,0.9364940005853087,11.21042396593175,0.22429906542056074,11.21042396593175,0.22429906542056074,107.0,0.012894619831036016,0.025460930640913083,1436.0550915793633
our_vol3,Our vol3 STNPP-GAT-ZINB,117,2024-06-26,0.03,0.030003337607813516,1708,31.0,0.2897196261682243,0.7102803738317758,0.030003337607813516,0.8066614623991674,9.656246580139639,0.2897196261682243,9.656246580139639,0.2897196261682243,107.0,0.016061867935752528,0.03161592505854801,1436.0550915793633
our_vol3,Our vol3 STNPP-GAT-ZINB,117,2024-06-26,0.04,0.04001616104836018,2278,38.0,0.35514018691588783,0.6448598130841121,0.04001616104836018,0.7413910837967027,8.8749189730293,0.35514018691588783,8.8749189730293,0.35514018691588783,107.0,0.018100558659217877,0.03555750658472344,1436.0550915793633
our_vol3,Our vol3 STNPP-GAT-ZINB,117,2024-06-26,0.05,0.050011418131993605,2847,48.0,0.4485981308411215,0.5514018691588785,0.050011418131993605,0.7493267767240369,8.969914223530917,0.4485981308411215,8.969914223530917,0.4485981308411215,107.0,0.019881783987103708,0.03898840885142255,1436.0550915793633
our_vol3,Our vol3 STNPP-GAT-ZINB,117,2024-06-26,0.06,0.06000667521562703,3416,54.0,0.5046728971962616,0.4953271028037384,0.06000667521562703,0.702576112412178,8.410279279476459,0.5046728971962616,8.410279279476459,0.5046728971962616,107.0,0.023367285799880167,0.04566744730679157,1436.0550915793633
our_vol3,Our vol3 STNPP-GAT-ZINB,117,2024-06-26,0.07,0.07000193229926045,3985,62.0,0.5794392523364486,0.42056074766355145,0.07000193229926045,0.6914819461870905,8.277475111105899,0.5794392523364486,8.277475111105899,0.5794392523364486,107.0,0.027194226060059286,0.05294855708908407,1436.0550915793633
our_vol3,Our vol3 STNPP-GAT-ZINB,117,2024-06-26,0.08,0.08001475573980713,4555,64.0,0.5981308411214953,0.4018691588785047,0.08001475573980713,0.6244663983412612,7.47525672722796,0.5981308411214953,7.47525672722796,0.5981308411214953,107.0,0.031242925062259452,0.06059275521405049,1436.0550915793633
our_vol3,Our vol3 STNPP-GAT-ZINB,117,2024-06-26,0.09,0.09001001282344055,5124,64.0,0.5981308411214953,0.4018691588785047,0.09001001282344055,0.5551218665972764,6.645158936870289,0.5981308411214953,6.645158936870289,0.5981308411214953,107.0,0.036617438802346754,0.070647931303669,1436.0550915793633
our_vol3,Our vol3 STNPP-GAT-ZINB,117,2024-06-26,0.1,0.10000526990707397,5693,65.0,0.6074766355140186,0.39252336448598135,0.10000526990707397,0.5074457911275055,6.074446237468214,0.6074766355140186,6.074446237468214,0.6074766355140186,107.0,0.04679599154178542,0.08940804496750396,1436.0550915793633
our_vol3,Our vol3 STNPP-GAT-ZINB,118,2024-07-10,0.01,0.010012823440546666,570,18.0,0.13740458015267176,0.8625954198473282,0.010012823440546666,1.4035087719298247,13.722860586580955,0.13740458015267176,13.722860586580955,0.13740458015267176,131.0,0.014234875444839857,0.028070175438596492,467.1414761198309
our_vol3,Our vol3 STNPP-GAT-ZINB,118,2024-07-10,0.02,0.02000808052418009,1139,23.0,0.17557251908396945,0.8244274809160306,0.02000808052418009,0.8974734172275876,8.775080591653317,0.17557251908396945,8.775080591653317,0.17557251908396945,131.0,0.011096316023080338,0.021949078138718173,467.1414761198309
our_vol3,Our vol3 STNPP-GAT-ZINB,118,2024-07-10,0.03,0.030003337607813516,1708,32.0,0.24427480916030533,0.7557251908396947,0.030003337607813516,0.8326827998959146,8.141587857768561,0.24427480916030533,8.141587857768561,0.24427480916030533,131.0,0.017272185824895772,0.03395784543325527,467.1414761198309
our_vol3,Our vol3 STNPP-GAT-ZINB,118,2024-07-10,0.04,0.04001616104836018,2278,38.0,0.2900763358778626,0.7099236641221374,0.04001616104836018,0.7413910837967027,7.248979619191871,0.2900763358778626,7.248979619191871,0.2900763358778626,131.0,0.01923937360178971,0.03775241439859526,467.1414761198309
our_vol3,Our vol3 STNPP-GAT-ZINB,118,2024-07-10,0.05,0.050011418131993605,2847,43.0,0.3282442748091603,0.6717557251908397,0.050011418131993605,0.6712719041486165,6.563386663878141,0.3282442748091603,6.563386663878141,0.3282442748091603,131.0,0.021528525296017224,0.04214963119072708,467.1414761198309
our_vol3,Our vol3 STNPP-GAT-ZINB,118,2024-07-10,0.06,0.06000667521562703,3416,51.0,0.3893129770992366,0.6106870229007634,0.06000667521562703,0.663544106167057,6.4878278241593215,0.3893129770992366,6.4878278241593215,0.3893129770992366,131.0,0.025979876858387145,0.0506440281030445,467.1414761198309
our_vol3,Our vol3 STNPP-GAT-ZINB,118,2024-07-10,0.07,0.07000193229926045,3985,53.0,0.40458015267175573,0.5954198473282443,0.07000193229926045,0.5911055346438032,5.779556926259734,0.40458015267175573,5.779556926259734,0.40458015267175573,131.0,0.028254418784672945,0.05495608531994981,467.1414761198309
our_vol3,Our vol3 STNPP-GAT-ZINB,118,2024-07-10,0.08,0.08001475573980713,4555,57.0,0.4351145038167939,0.5648854961832062,0.08001475573980713,0.5561653860226857,5.437928289523299,0.4351145038167939,5.437928289523299,0.4351145038167939,131.0,0.034287011807447774,0.06630076838638858,467.1414761198309
our_vol3,Our vol3 STNPP-GAT-ZINB,118,2024-07-10,0.09,0.09001001282344055,5124,62.0,0.4732824427480916,0.5267175572519084,0.09001001282344055,0.5377743082661115,5.258108824808862,0.4732824427480916,5.258108824808862,0.4732824427480916,131.0,0.040300477108922955,0.07747853239656519,467.1414761198309
our_vol3,Our vol3 STNPP-GAT-ZINB,118,2024-07-10,0.1,0.10000526990707397,5693,66.0,0.5038167938931297,0.4961832061068703,0.10000526990707397,0.515252649452544,5.0379024461539075,0.5038167938931297,5.0379024461539075,0.5038167938931297,131.0,0.049207519351271656,0.09379940277533813,467.1414761198309
our_vol3,Our vol3 STNPP-GAT-ZINB,119,2024-07-24,0.01,0.010012823440546666,570,25.0,0.18248175182481752,0.8175182481751825,0.010012823440546666,1.9493177387914231,18.224804712511204,0.18248175182481752,18.224804712511204,0.18248175182481752,137.0,0.020590868397493287,0.04035087719298246,1505.6337349833577
our_vol3,Our vol3 STNPP-GAT-ZINB,119,2024-07-24,0.02,0.02000808052418009,1139,35.0,0.25547445255474455,0.7445255474452555,0.02000808052418009,1.3657204175202418,12.768563793313383,0.25547445255474455,12.768563793313383,0.25547445255474455,137.0,0.01651048639000446,0.0324846356453029,1505.6337349833577
our_vol3,Our vol3 STNPP-GAT-ZINB,119,2024-07-24,0.03,0.030003337607813516,1708,45.0,0.3284671532846715,0.6715328467153285,0.030003337607813516,1.17096018735363,10.94768713995111,0.3284671532846715,10.94768713995111,0.3284671532846715,137.0,0.01909307875894988,0.03747072599531616,1505.6337349833577
our_vol3,Our vol3 STNPP-GAT-ZINB,119,2024-07-24,0.04,0.04001616104836018,2278,55.0,0.40145985401459855,0.5985401459854014,0.04001616104836018,1.0730660423373328,10.032442980460514,0.40145985401459855,10.032442980460514,0.40145985401459855,137.0,0.021982951996410947,0.04302019315188762,1505.6337349833577
our_vol3,Our vol3 STNPP-GAT-ZINB,119,2024-07-24,0.05,0.050011418131993605,2847,58.0,0.4233576642335766,0.5766423357664234,0.050011418131993605,0.905436521874878,8.465220144652202,0.4233576642335766,8.465220144652202,0.4233576642335766,137.0,0.022262118491921005,0.04355461889708465,1505.6337349833577
our_vol3,Our vol3 STNPP-GAT-ZINB,119,2024-07-24,0.06,0.06000667521562703,3416,63.0,0.45985401459854014,0.5401459854014599,0.06000667521562703,0.819672131147541,7.663380997965777,0.45985401459854014,7.663380997965777,0.45985401459854014,137.0,0.027986758952753536,0.05444964871194379,1505.6337349833577
our_vol3,Our vol3 STNPP-GAT-ZINB,119,2024-07-24,0.07,0.07000193229926045,3985,67.0,0.48905109489051096,0.5109489051094891,0.07000193229926045,0.7472466192666946,6.986251362316717,0.48905109489051096,6.986251362316717,0.48905109489051096,137.0,0.029715762273901807,0.05771643663739021,1505.6337349833577
our_vol3,Our vol3 STNPP-GAT-ZINB,119,2024-07-24,0.08,0.08001475573980713,4555,70.0,0.5109489051094891,0.4890510948905109,0.08001475573980713,0.6830101231857544,6.385683495316769,0.5109489051094891,6.385683495316769,0.5109489051094891,137.0,0.03664087391898043,0.07069154774972558,1505.6337349833577
our_vol3,Our vol3 STNPP-GAT-ZINB,119,2024-07-24,0.09,0.09001001282344055,5124,76.0,0.5547445255474452,0.44525547445255476,0.09001001282344055,0.6592072165842657,6.163142389898402,0.5547445255474452,6.163142389898402,0.5547445255474452,137.0,0.04241684467500763,0.08138173302107728,1505.6337349833577
our_vol3,Our vol3 STNPP-GAT-ZINB,119,2024-07-24,0.1,0.10000526990707397,5693,81.0,0.5912408759124088,0.4087591240875912,0.10000526990707397,0.6323555243281223,5.912097197095679,0.5912408759124088,5.912097197095679,0.5912408759124088,137.0,0.05114475627769571,0.09731248902160548,1505.6337349833577
our_vol3,Our vol3 STNPP-GAT-ZINB,120,2024-08-07,0.01,0.010012823440546666,570,24.0,0.20869565217391303,0.7913043478260869,0.010012823440546666,1.8713450292397662,20.842837528604118,0.20869565217391303,20.842837528604118,0.20869565217391303,115.0,0.01967799642218247,0.03859649122807018,726.8373050977605
our_vol3,Our vol3 STNPP-GAT-ZINB,120,2024-08-07,0.02,0.02000808052418009,1139,34.0,0.2956521739130435,0.7043478260869565,0.02000808052418009,1.3266998341625207,14.776638546398445,0.2956521739130435,14.776638546398445,0.2956521739130435,115.0,0.01560410164957646,0.030728709394205442,726.8373050977605
our_vol3,Our vol3 STNPP-GAT-ZINB,120,2024-08-07,0.03,0.030003337607813516,1708,40.0,0.34782608695652173,0.6521739130434783,0.030003337607813516,1.0408534998698933,11.592913145300885,0.34782608695652173,11.592913145300885,0.34782608695652173,115.0,0.01575973832887303,0.031030444964871194,726.8373050977605
our_vol3,Our vol3 STNPP-GAT-ZINB,120,2024-08-07,0.04,0.04001616104836018,2278,44.0,0.3826086956521739,0.6173913043478261,0.04001616104836018,0.8584528338698663,9.561354353551934,0.3826086956521739,9.561354353551934,0.3826086956521739,115.0,0.016057091882247992,0.03160667251975417,726.8373050977605
our_vol3,Our vol3 STNPP-GAT-ZINB,120,2024-08-07,0.05,0.050011418131993605,2847,51.0,0.4434782608695652,0.5565217391304348,0.050011418131993605,0.7961597002692893,8.86754020250149,0.4434782608695652,8.86754020250149,0.4434782608695652,115.0,0.01733071288190102,0.03407095187917106,726.8373050977605
our_vol3,Our vol3 STNPP-GAT-ZINB,120,2024-08-07,0.06,0.06000667521562703,3416,56.0,0.48695652173913045,0.5130434782608695,0.06000667521562703,0.7285974499089253,8.115039201710621,0.48695652173913045,8.115039201710621,0.48695652173913045,115.0,0.022448368751870697,0.043911007025761124,726.8373050977605
our_vol3,Our vol3 STNPP-GAT-ZINB,120,2024-08-07,0.07,0.07000193229926045,3985,59.0,0.5130434782608696,0.4869565217391304,0.07000193229926045,0.6580231423393281,7.328990235120834,0.5130434782608696,7.328990235120834,0.5130434782608696,115.0,0.025476067936181162,0.04968632371392723,726.8373050977605
our_vol3,Our vol3 STNPP-GAT-ZINB,120,2024-08-07,0.08,0.08001475573980713,4555,61.0,0.5304347826086957,0.4695652173913043,0.08001475573980713,0.5951945359190145,6.629212046007732,0.5304347826086957,6.629212046007732,0.5304347826086957,115.0,0.02972759127387815,0.05773874862788145,726.8373050977605
our_vol3,Our vol3 STNPP-GAT-ZINB,120,2024-08-07,0.09,0.09001001282344055,5124,63.0,0.5478260869565217,0.4521739130434783,0.09001001282344055,0.5464480874316939,6.086279401282964,0.5478260869565217,6.086279401282964,0.5478260869565217,115.0,0.035988677719369186,0.06947697111631537,726.8373050977605
our_vol3,Our vol3 STNPP-GAT-ZINB,120,2024-08-07,0.1,0.10000526990707397,5693,65.0,0.5652173913043478,0.4347826086956522,0.10000526990707397,0.5074457911275055,5.651876064426947,0.5652173913043478,5.651876064426947,0.5652173913043478,115.0,0.04477885850614792,0.08571930440892324,726.8373050977605
our_vol3,Our vol3 STNPP-GAT-ZINB,121,2024-08-21,0.01,0.010012823440546666,570,32.0,0.25196850393700787,0.7480314960629921,0.010012823440546666,2.4951267056530217,25.164580743196574,0.25196850393700787,25.164580743196574,0.25196850393700787,127.0,0.02702702702702703,0.05263157894736842,1660.7186577187633
our_vol3,Our vol3 STNPP-GAT-ZINB,121,2024-08-21,0.02,0.02000808052418009,1139,44.0,0.3464566929133858,0.6535433070866141,0.02000808052418009,1.7169056677397325,17.31583859304681,0.3464566929133858,17.31583859304681,0.3464566929133858,127.0,0.020152261531571878,0.03950834064969271,1660.7186577187633
our_vol3,Our vol3 STNPP-GAT-ZINB,121,2024-08-21,0.03,0.030003337607813516,1708,53.0,0.41732283464566927,0.5826771653543308,0.030003337607813516,1.3791308873276087,13.909213704844271,0.41732283464566927,13.909213704844271,0.41732283464566927,127.0,0.019701492537313434,0.03864168618266979,1660.7186577187633
our_vol3,Our vol3 STNPP-GAT-ZINB,121,2024-08-21,0.04,0.04001616104836018,2278,59.0,0.4645669291338583,0.5354330708661417,0.04001616104836018,1.1511072090527752,11.609482693065475,0.4645669291338583,11.609482693065475,0.4645669291338583,127.0,0.02038073908174692,0.03994732221246708,1660.7186577187633
our_vol3,Our vol3 STNPP-GAT-ZINB,121,2024-08-21,0.05,0.050011418131993605,2847,65.0,0.5118110236220472,0.4881889763779528,0.050011418131993605,1.0147133434804667,10.233883435803401,0.5118110236220472,10.233883435803401,0.5118110236220472,127.0,0.02043010752688172,0.040042149631190724,1660.7186577187633
our_vol3,Our vol3 STNPP-GAT-ZINB,121,2024-08-21,0.06,0.06000667521562703,3416,70.0,0.5511811023622047,0.44881889763779526,0.06000667521562703,0.9107468123861566,9.18532980508584,0.5511811023622047,9.18532980508584,0.5511811023622047,127.0,0.02229537632799641,0.043618266978922716,1660.7186577187633
our_vol3,Our vol3 STNPP-GAT-ZINB,121,2024-08-21,0.07,0.07000193229926045,3985,73.0,0.5748031496062992,0.4251968503937008,0.07000193229926045,0.8141642269622195,8.21124690028552,0.5748031496062992,8.21124690028552,0.5748031496062992,127.0,0.02560802985458757,0.049937264742785446,1660.7186577187633
our_vol3,Our vol3 STNPP-GAT-ZINB,121,2024-08-21,0.08,0.08001475573980713,4555,78.0,0.6141732283464567,0.3858267716535433,0.08001475573980713,0.761068422978412,7.6757495872840265,0.6141732283464567,7.6757495872840265,0.6141732283464567,127.0,0.03276272531459018,0.06344676180021953,1660.7186577187633
our_vol3,Our vol3 STNPP-GAT-ZINB,121,2024-08-21,0.09,0.09001001282344055,5124,83.0,0.6535433070866141,0.3464566929133859,0.09001001282344055,0.7199236707433428,7.260784512591663,0.6535433070866141,7.260784512591663,0.6535433070866141,127.0,0.039350912778904665,0.07572209211553474,1660.7186577187633
our_vol3,Our vol3 STNPP-GAT-ZINB,121,2024-08-21,0.1,0.10000526990707397,5693,86.0,0.6771653543307087,0.3228346456692913,0.10000526990707397,0.6713898159533149,6.771296702263175,0.6771653543307087,6.771296702263175,0.6771653543307087,127.0,0.04698850574712644,0.08975935359213069,1660.7186577187633
our_vol3,Our vol3 STNPP-GAT-ZINB,122,2024-09-04,0.01,0.010012823440546666,570,18.0,0.16363636363636364,0.8363636363636364,0.010012823440546666,1.4035087719298247,16.342679425837318,0.16363636363636364,16.342679425837318,0.16363636363636364,110.0,0.016042780748663103,0.031578947368421054,3395.6833628633854
our_vol3,Our vol3 STNPP-GAT-ZINB,122,2024-09-04,0.02,0.02000808052418009,1139,28.0,0.2545454545454545,0.7454545454545455,0.02000808052418009,1.0925763340161936,12.722132652246787,0.2545454545454545,12.722132652246787,0.2545454545454545,110.0,0.013345195729537367,0.02633889376646181,3395.6833628633854
our_vol3,Our vol3 STNPP-GAT-ZINB,122,2024-09-04,0.03,0.030003337607813516,1708,33.0,0.3,0.7,0.030003337607813516,0.8587041373926619,9.998887587822013,0.3,9.998887587822013,0.3,110.0,0.017272185824895772,0.03395784543325527,3395.6833628633854
our_vol3,Our vol3 STNPP-GAT-ZINB,122,2024-09-04,0.04,0.04001616104836018,2278,40.0,0.36363636363636365,0.6363636363636364,0.04001616104836018,0.7804116671544239,9.087237608747706,0.36363636363636365,9.087237608747706,0.36363636363636365,110.0,0.017873100983020553,0.03511852502194908,3395.6833628633854
our_vol3,Our vol3 STNPP-GAT-ZINB,122,2024-09-04,0.05,0.050011418131993605,2847,51.0,0.4636363636363636,0.5363636363636364,0.050011418131993605,0.7961597002692893,9.270610211706101,0.4636363636363636,9.270610211706101,0.4636363636363636,110.0,0.02061301308478222,0.04039339655778012,3395.6833628633854
our_vol3,Our vol3 STNPP-GAT-ZINB,122,2024-09-04,0.06,0.06000667521562703,3416,56.0,0.509090909090909,0.49090909090909096,0.06000667521562703,0.7285974499089253,8.483904619970193,0.509090909090909,8.483904619970193,0.509090909090909,110.0,0.025825825825825825,0.05035128805620609,3395.6833628633854
our_vol3,Our vol3 STNPP-GAT-ZINB,122,2024-09-04,0.07,0.07000193229926045,3985,60.0,0.5454545454545454,0.4545454545454546,0.07000193229926045,0.6691760769552489,7.791992699897342,0.5454545454545454,7.791992699897342,0.5454545454545454,110.0,0.028652555498193084,0.05570890840652447,3395.6833628633854
our_vol3,Our vol3 STNPP-GAT-ZINB,122,2024-09-04,0.08,0.08001475573980713,4555,61.0,0.5545454545454546,0.44545454545454544,0.08001475573980713,0.5951945359190145,6.93053986628081,0.5545454545454546,6.93053986628081,0.5545454545454546,110.0,0.03241160471441523,0.06278814489571899,3395.6833628633854
our_vol3,Our vol3 STNPP-GAT-ZINB,122,2024-09-04,0.09,0.09001001282344055,5124,64.0,0.5818181818181818,0.4181818181818182,0.09001001282344055,0.5551218665972764,6.463927329501099,0.5818181818181818,6.463927329501099,0.5818181818181818,110.0,0.039878234398782346,0.07669789227166277,3395.6833628633854
our_vol3,Our vol3 STNPP-GAT-ZINB,122,2024-09-04,0.1,0.10000526990707397,5693,67.0,0.6090909090909091,0.3909090909090909,0.10000526990707397,0.5230595077775826,6.090588122574774,0.6090909090909091,6.090588122574774,0.6090909090909091,110.0,0.047855696668507273,0.091340242402951,3395.6833628633854
our_vol3,Our vol3 STNPP-GAT-ZINB,123,2024-09-18,0.01,0.010012823440546666,570,16.0,0.12598425196850394,0.8740157480314961,0.010012823440546666,1.2475633528265109,12.582290371598287,0.12598425196850394,12.582290371598287,0.12598425196850394,127.0,0.013333333333333334,0.02631578947368421,724.7167639866694
our_vol3,Our vol3 STNPP-GAT-ZINB,123,2024-09-18,0.02,0.02000808052418009,1139,26.0,0.2047244094488189,0.7952755905511811,0.02000808052418009,1.014535167300751,10.232086441345842,0.2047244094488189,10.232086441345842,0.2047244094488189,127.0,0.012444444444444444,0.024582967515364356,724.7167639866694
our_vol3,Our vol3 STNPP-GAT-ZINB,123,2024-09-18,0.03,0.030003337607813516,1708,36.0,0.28346456692913385,0.7165354330708662,0.030003337607813516,0.936768149882904,9.447767799516864,0.28346456692913385,9.447767799516864,0.28346456692913385,127.0,0.017878426698450536,0.0351288056206089,724.7167639866694
our_vol3,Our vol3 STNPP-GAT-ZINB,123,2024-09-18,0.04,0.04001616104836018,2278,42.0,0.33070866141732286,0.6692913385826771,0.04001616104836018,0.8194322505121451,8.264377510317797,0.33070866141732286,8.264377510317797,0.33070866141732286,127.0,0.018100558659217877,0.03555750658472344,724.7167639866694
our_vol3,Our vol3 STNPP-GAT-ZINB,123,2024-09-18,0.05,0.050011418131993605,2847,50.0,0.3937007874015748,0.6062992125984252,0.050011418131993605,0.7805487257542052,7.872218027541078,0.3937007874015748,7.872218027541078,0.3937007874015748,127.0,0.021345291479820627,0.04179838426413769,724.7167639866694
our_vol3,Our vol3 STNPP-GAT-ZINB,123,2024-09-18,0.06,0.06000667521562703,3416,52.0,0.4094488188976378,0.5905511811023623,0.06000667521562703,0.6765547749154307,6.823387855206623,0.4094488188976378,6.823387855206623,0.4094488188976378,127.0,0.027986758952753536,0.05444964871194379,724.7167639866694
our_vol3,Our vol3 STNPP-GAT-ZINB,123,2024-09-18,0.07,0.07000193229926045,3985,57.0,0.44881889763779526,0.5511811023622047,0.07000193229926045,0.6357172731074865,6.411521552277734,0.44881889763779526,6.411521552277734,0.44881889763779526,127.0,0.03211603211603212,0.06223337515683814,724.7167639866694
our_vol3,Our vol3 STNPP-GAT-ZINB,123,2024-09-18,0.08,0.08001475573980713,4555,59.0,0.4645669291338583,0.5354330708661417,0.08001475573980713,0.5756799609708502,5.80601571345843,0.4645669291338583,5.80601571345843,0.4645669291338583,127.0,0.035580311469819256,0.06871569703622393,724.7167639866694
our_vol3,Our vol3 STNPP-GAT-ZINB,123,2024-09-18,0.09,0.09001001282344055,5124,65.0,0.5118110236220472,0.4881889763779528,0.09001001282344055,0.5637956457628589,5.6861565460055195,0.5118110236220472,5.6861565460055195,0.5118110236220472,127.0,0.04315960912052117,0.08274785323965651,724.7167639866694
our_vol3,Our vol3 STNPP-GAT-ZINB,123,2024-09-18,0.1,0.10000526990707397,5693,72.0,0.5669291338582677,0.4330708661417323,0.10000526990707397,0.5620937994027754,5.668992587941263,0.5669291338582677,5.668992587941263,0.5669291338582677,127.0,0.05231053604436229,0.09942034076936589,724.7167639866694
our_vol3,Our vol3 STNPP-GAT-ZINB,124,2024-10-02,0.01,0.010012823440546666,570,20.0,0.16806722689075632,0.8319327731092436,0.010012823440546666,1.5594541910331385,16.785198289842253,0.16806722689075632,16.785198289842253,0.16806722689075632,119.0,0.017857142857142856,0.03508771929824561,903.8192081777185
our_vol3,Our vol3 STNPP-GAT-ZINB,124,2024-10-02,0.02,0.02000808052418009,1139,35.0,0.29411764705882354,0.7058823529411764,0.02000808052418009,1.3657204175202418,14.699943190621289,0.29411764705882354,14.699943190621289,0.29411764705882354,119.0,0.017418490397498883,0.03424056189640035,903.8192081777185
our_vol3,Our vol3 STNPP-GAT-ZINB,124,2024-10-02,0.03,0.030003337607813516,1708,41.0,0.3445378151260504,0.6554621848739496,0.030003337607813516,1.0668748373666406,11.483316277330603,0.3445378151260504,11.483316277330603,0.3445378151260504,119.0,0.02092050209205021,0.040983606557377046,903.8192081777185
our_vol3,Our vol3 STNPP-GAT-ZINB,124,2024-10-02,0.04,0.04001616104836018,2278,47.0,0.3949579831932773,0.6050420168067228,0.04001616104836018,0.9169837089064481,9.869961856560009,0.3949579831932773,9.869961856560009,0.3949579831932773,119.0,0.02038073908174692,0.03994732221246708,903.8192081777185
our_vol3,Our vol3 STNPP-GAT-ZINB,124,2024-10-02,0.05,0.050011418131993605,2847,51.0,0.42857142857142855,0.5714285714285714,0.050011418131993605,0.7961597002692893,8.569471624266145,0.42857142857142855,8.569471624266145,0.42857142857142855,119.0,0.02336448598130841,0.045662100456621,903.8192081777185
our_vol3,Our vol3 STNPP-GAT-ZINB,124,2024-10-02,0.06,0.06000667521562703,3416,57.0,0.4789915966386555,0.5210084033613445,0.06000667521562703,0.741608118657299,7.982305217168835,0.4789915966386555,7.982305217168835,0.4789915966386555,119.0,0.029380744312189244,0.05708430913348946,903.8192081777185
our_vol3,Our vol3 STNPP-GAT-ZINB,124,2024-10-02,0.07,0.07000193229926045,3985,61.0,0.5126050420168067,0.4873949579831933,0.07000193229926045,0.6803290115711698,7.322727033096802,0.5126050420168067,7.322727033096802,0.5126050420168067,119.0,0.03265094584089142,0.06323713927227102,903.8192081777185
our_vol3,Our vol3 STNPP-GAT-ZINB,124,2024-10-02,0.08,0.08001475573980713,4555,63.0,0.5294117647058824,0.47058823529411764,0.08001475573980713,0.6147091108671789,6.616426680441661,0.5294117647058824,6.616426680441661,0.5294117647058824,119.0,0.03758542141230068,0.07244785949506037,903.8192081777185
our_vol3,Our vol3 STNPP-GAT-ZINB,124,2024-10-02,0.09,0.09001001282344055,5124,63.0,0.5294117647058824,0.47058823529411764,0.09001001282344055,0.5464480874316939,5.881698581071773,0.5294117647058824,5.881698581071773,0.5294117647058824,119.0,0.0436908035441491,0.08372365339578454,903.8192081777185
our_vol3,Our vol3 STNPP-GAT-ZINB,124,2024-10-02,0.1,0.10000526990707397,5693,68.0,0.5714285714285714,0.4285714285714286,0.10000526990707397,0.5308663661026212,5.713984592607463,0.5714285714285714,5.713984592607463,0.5714285714285714,119.0,0.050465910139311745,0.09608290883541191,903.8192081777185
our_vol3,Our vol3 STNPP-GAT-ZINB,125,2024-10-16,0.01,0.010012823440546666,570,15.0,0.11904761904761904,0.8809523809523809,0.010012823440546666,1.169590643274854,11.889515455304927,0.11904761904761904,11.889515455304927,0.11904761904761904,126.0,0.013333333333333334,0.02631578947368421,986.1188248544777
our_vol3,Our vol3 STNPP-GAT-ZINB,125,2024-10-16,0.02,0.02000808052418009,1139,27.0,0.21428571428571427,0.7857142857142857,0.02000808052418009,1.0535557506584723,10.709958610309796,0.21428571428571427,10.709958610309796,0.21428571428571427,126.0,0.014699331848552339,0.02897278314310799,986.1188248544777
our_vol3,Our vol3 STNPP-GAT-ZINB,125,2024-10-16,0.03,0.030003337607813516,1708,39.0,0.30952380952380953,0.6904761904761905,0.030003337607813516,1.014832162373146,10.316312590610014,0.30952380952380953,10.316312590610014,0.30952380952380953,126.0,0.01757521596663688,0.03454332552693208,986.1188248544777
our_vol3,Our vol3 STNPP-GAT-ZINB,125,2024-10-16,0.04,0.04001616104836018,2278,43.0,0.3412698412698413,0.6587301587301587,0.04001616104836018,0.8389425421910057,8.52830037487632,0.3412698412698413,8.52830037487632,0.3412698412698413,126.0,0.018100558659217877,0.03555750658472344,986.1188248544777
our_vol3,Our vol3 STNPP-GAT-ZINB,125,2024-10-16,0.05,0.050011418131993605,2847,48.0,0.38095238095238093,0.6190476190476191,0.050011418131993605,0.7493267767240369,7.617308110458795,0.38095238095238093,7.617308110458795,0.38095238095238093,126.0,0.021162123385939743,0.0414471373375483,986.1188248544777
our_vol3,Our vol3 STNPP-GAT-ZINB,125,2024-10-16,0.06,0.06000667521562703,3416,50.0,0.3968253968253968,0.6031746031746033,0.06000667521562703,0.6505334374186833,6.613020891416675,0.3968253968253968,6.613020891416675,0.3968253968253968,126.0,0.025210084033613446,0.04918032786885246,986.1188248544777
our_vol3,Our vol3 STNPP-GAT-ZINB,125,2024-10-16,0.07,0.07000193229926045,3985,55.0,0.4365079365079365,0.5634920634920635,0.07000193229926045,0.6134114038756449,6.235655533648006,0.4365079365079365,6.235655533648006,0.4365079365079365,126.0,0.027194226060059286,0.05294855708908407,986.1188248544777
our_vol3,Our vol3 STNPP-GAT-ZINB,125,2024-10-16,0.08,0.08001475573980713,4555,59.0,0.46825396825396826,0.5317460317460317,0.08001475573980713,0.5756799609708502,5.852095203247782,0.46825396825396826,5.852095203247782,0.46825396825396826,126.0,0.03194381513366561,0.061909989023051594,986.1188248544777
our_vol3,Our vol3 STNPP-GAT-ZINB,125,2024-10-16,0.09,0.09001001282344055,5124,62.0,0.49206349206349204,0.5079365079365079,0.09001001282344055,0.5377743082661115,5.466763936904451,0.49206349206349204,5.466763936904451,0.49206349206349204,126.0,0.038613560352690784,0.0743559718969555,986.1188248544777
our_vol3,Our vol3 STNPP-GAT-ZINB,125,2024-10-16,0.1,0.10000526990707397,5693,64.0,0.5079365079365079,0.4920634920634921,0.10000526990707397,0.49963893280246696,5.079097415651078,0.5079365079365079,5.079097415651078,0.5079365079365079,126.0,0.04641117544343351,0.08870542771825048,986.1188248544777
our_vol3,Our vol3 STNPP-GAT-ZINB,126,2024-10-30,0.01,0.010012823440546666,570,18.0,0.15789473684210525,0.8421052631578947,0.010012823440546666,1.4035087719298247,15.769252077562324,0.15789473684210525,15.769252077562324,0.15789473684210525,114.0,0.014234875444839857,0.028070175438596492,2365.696448867254
our_vol3,Our vol3 STNPP-GAT-ZINB,126,2024-10-30,0.02,0.02000808052418009,1139,29.0,0.2543859649122807,0.7456140350877193,0.02000808052418009,1.1315969173739147,12.714161391186483,0.2543859649122807,12.714161391186483,0.2543859649122807,114.0,0.014247551202137132,0.028094820017559263,2365.696448867254
our_vol3,Our vol3 STNPP-GAT-ZINB,126,2024-10-30,0.03,0.030003337607813516,1708,35.0,0.30701754385964913,0.6929824561403508,0.030003337607813516,0.9107468123861566,10.232779695139488,0.30701754385964913,10.232779695139488,0.30701754385964913,114.0,0.017272185824895772,0.03395784543325527,2365.696448867254
our_vol3,Our vol3 STNPP-GAT-ZINB,126,2024-10-30,0.04,0.04001616104836018,2278,39.0,0.34210526315789475,0.6578947368421053,0.04001616104836018,0.7609013754755634,8.549177487177118,0.34210526315789475,8.549177487177118,0.34210526315789475,114.0,0.016964285714285713,0.033362598770851626,2365.696448867254
our_vol3,Our vol3 STNPP-GAT-ZINB,126,2024-10-30,0.05,0.050011418131993605,2847,44.0,0.38596491228070173,0.6140350877192983,0.050011418131993605,0.6868828786637006,7.717535848754306,0.38596491228070173,7.717535848754306,0.38596491228070173,114.0,0.02097902097902098,0.0410958904109589,2365.696448867254
our_vol3,Our vol3 STNPP-GAT-ZINB,126,2024-10-30,0.06,0.06000667521562703,3416,48.0,0.42105263157894735,0.5789473684210527,0.06000667521562703,0.624512099921936,7.01676321952422,0.42105263157894735,7.01676321952422,0.42105263157894735,114.0,0.025825825825825825,0.05035128805620609,2365.696448867254
our_vol3,Our vol3 STNPP-GAT-ZINB,126,2024-10-30,0.07,0.07000193229926045,3985,51.0,0.4473684210526316,0.5526315789473684,0.07000193229926045,0.5687996654119616,6.390801030178961,0.4473684210526316,6.390801030178961,0.4473684210526316,114.0,0.026664949117609173,0.05194479297365119,2365.696448867254
our_vol3,Our vol3 STNPP-GAT-ZINB,126,2024-10-30,0.08,0.08001475573980713,4555,57.0,0.5,0.5,0.08001475573980713,0.5561653860226857,6.248847420417124,0.5,6.248847420417124,0.5,114.0,0.0311262026032824,0.06037321624588365,2365.696448867254
our_vol3,Our vol3 STNPP-GAT-ZINB,126,2024-10-30,0.09,0.09001001282344055,5124,59.0,0.5175438596491229,0.48245614035087714,0.09001001282344055,0.5117529707693642,5.749847638221237,0.5175438596491229,5.749847638221237,0.5175438596491229,114.0,0.037456975096173316,0.07220921155347385,2365.696448867254
our_vol3,Our vol3 STNPP-GAT-ZINB,126,2024-10-30,0.1,0.10000526990707397,5693,61.0,0.5350877192982456,0.4649122807017544,0.10000526990707397,0.47621835782735134,5.350595221586374,0.5350877192982456,5.350595221586374,0.5350877192982456,114.0,0.04698850574712644,0.08975935359213069,2365.696448867254
our_vol3,Our vol3 STNPP-GAT-ZINB,127,2024-11-13,0.01,0.010012823440546666,570,27.0,0.25471698113207547,0.7452830188679245,0.010012823440546666,2.105263157894737,25.43907646474677,0.25471698113207547,25.43907646474677,0.25471698113207547,106.0,0.02242152466367713,0.043859649122807015,937.2185313822938
our_vol3,Our vol3 STNPP-GAT-ZINB,127,2024-11-13,0.02,0.02000808052418009,1139,38.0,0.3584905660377358,0.6415094339622642,0.02000808052418009,1.4827821675934054,17.917289247436514,0.3584905660377358,17.917289247436514,0.3584905660377358,106.0,0.017418490397498883,0.03424056189640035,937.2185313822938
our_vol3,Our vol3 STNPP-GAT-ZINB,127,2024-11-13,0.03,0.030003337607813516,1708,39.0,0.36792452830188677,0.6320754716981132,0.030003337607813516,1.014832162373146,12.262786664310017,0.36792452830188677,12.262786664310017,0.36792452830188677,106.0,0.017272185824895772,0.03395784543325527,937.2185313822938
our_vol3,Our vol3 STNPP-GAT-ZINB,127,2024-11-13,0.04,0.04001616104836018,2278,44.0,0.41509433962264153,0.5849056603773585,0.04001616104836018,0.8584528338698663,10.373167459042193,0.41509433962264153,10.373167459042193,0.41509433962264153,106.0,0.017645744918472192,0.03467954345917471,937.2185313822938
our_vol3,Our vol3 STNPP-GAT-ZINB,127,2024-11-13,0.05,0.050011418131993605,2847,50.0,0.4716981132075472,0.5283018867924528,0.050011418131993605,0.7805487257542052,9.431808391487895,0.4716981132075472,9.431808391487895,0.4716981132075472,106.0,0.020247267514782296,0.039690902704601336,937.2185313822938
our_vol3,Our vol3 STNPP-GAT-ZINB,127,2024-11-13,0.06,0.06000667521562703,3416,51.0,0.4811320754716981,0.5188679245283019,0.06000667521562703,0.663544106167057,8.017975895895011,0.4811320754716981,8.017975895895011,0.4811320754716981,106.0,0.025979876858387145,0.0506440281030445,937.2185313822938
our_vol3,Our vol3 STNPP-GAT-ZINB,127,2024-11-13,0.07,0.07000193229926045,3985,55.0,0.5188679245283019,0.4811320754716981,0.07000193229926045,0.6134114038756449,7.412194313581591,0.5188679245283019,7.412194313581591,0.5188679245283019,106.0,0.027989165484328647,0.054454203262233374,937.2185313822938
our_vol3,Our vol3 STNPP-GAT-ZINB,127,2024-11-13,0.08,0.08001475573980713,4555,56.0,0.5283018867924528,0.4716981132075472,0.08001475573980713,0.5464080985486035,6.602555764969036,0.5283018867924528,6.602555764969036,0.5283018867924528,106.0,0.035698044565711684,0.06893523600439078,937.2185313822938
our_vol3,Our vol3 STNPP-GAT-ZINB,127,2024-11-13,0.09,0.09001001282344055,5124,60.0,0.5660377358490566,0.4339622641509434,0.09001001282344055,0.5204267499349466,6.288608545800009,0.5660377358490566,6.288608545800009,0.5660377358490566,106.0,0.03977272727272727,0.07650273224043716,937.2185313822938
our_vol3,Our vol3 STNPP-GAT-ZINB,127,2024-11-13,0.1,0.10000526990707397,5693,65.0,0.6132075471698113,0.3867924528301887,0.10000526990707397,0.5074457911275055,6.131752334048103,0.6132075471698113,6.131752334048103,0.6132075471698113,106.0,0.04853117229947509,0.09256982258914456,937.2185313822938
our_vol3,Our vol3 STNPP-GAT-ZINB,128,2024-11-27,0.01,0.010012823440546666,570,15.0,0.12295081967213115,0.8770491803278688,0.010012823440546666,1.169590643274854,12.279335634167385,0.12295081967213115,12.279335634167385,0.12295081967213115,122.0,0.012433392539964476,0.02456140350877193,876.2029402147236
our_vol3,Our vol3 STNPP-GAT-ZINB,128,2024-11-27,0.02,0.02000808052418009,1139,26.0,0.21311475409836064,0.7868852459016393,0.02000808052418009,1.014535167300751,10.651434246319031,0.21311475409836064,10.651434246319031,0.21311475409836064,122.0,0.012444444444444444,0.024582967515364356,876.2029402147236
our_vol3,Our vol3 STNPP-GAT-ZINB,128,2024-11-27,0.03,0.030003337607813516,1708,33.0,0.27049180327868855,0.7295081967213115,0.030003337607813516,0.8587041373926619,9.015390448036243,0.27049180327868855,9.015390448036243,0.27049180327868855,122.0,0.013950727218759276,0.027517564402810304,876.2029402147236
our_vol3,Our vol3 STNPP-GAT-ZINB,128,2024-11-27,0.04,0.04001616104836018,2278,43.0,0.3524590163934426,0.6475409836065573,0.04001616104836018,0.8389425421910057,8.807916780609968,0.3524590163934426,8.807916780609968,0.3524590163934426,122.0,0.016057091882247992,0.03160667251975417,876.2029402147236
our_vol3,Our vol3 STNPP-GAT-ZINB,128,2024-11-27,0.05,0.050011418131993605,2847,50.0,0.4098360655737705,0.5901639344262295,0.050011418131993605,0.7805487257542052,8.194849913915712,0.4098360655737705,8.194849913915712,0.4098360655737705,122.0,0.019881783987103708,0.03898840885142255,876.2029402147236
our_vol3,Our vol3 STNPP-GAT-ZINB,128,2024-11-27,0.06,0.06000667521562703,3416,52.0,0.4262295081967213,0.5737704918032787,0.06000667521562703,0.6765547749154307,7.103034898452797,0.4262295081967213,7.103034898452797,0.4262295081967213,122.0,0.02675082657048392,0.052107728337236536,876.2029402147236
our_vol3,Our vol3 STNPP-GAT-ZINB,128,2024-11-27,0.07,0.07000193229926045,3985,57.0,0.4672131147540984,0.5327868852459017,0.07000193229926045,0.6357172731074865,6.674288829010429,0.4672131147540984,6.674288829010429,0.4672131147540984,122.0,0.02958274124790079,0.057465495608531994,876.2029402147236
our_vol3,Our vol3 STNPP-GAT-ZINB,128,2024-11-27,0.08,0.08001475573980713,4555,65.0,0.5327868852459017,0.4672131147540983,0.08001475573980713,0.6342236858153434,6.658607907001854,0.5327868852459017,6.658607907001854,0.5327868852459017,122.0,0.035227272727272725,0.06805708013172337,876.2029402147236
our_vol3,Our vol3 STNPP-GAT-ZINB,128,2024-11-27,0.09,0.09001001282344055,5124,69.0,0.5655737704918032,0.43442622950819676,0.09001001282344055,0.5984907624251886,6.28345394863132,0.5655737704918032,6.28345394863132,0.5655737704918032,122.0,0.041886945912972755,0.08040593286494926,876.2029402147236
our_vol3,Our vol3 STNPP-GAT-ZINB,128,2024-11-27,0.1,0.10000526990707397,5693,71.0,0.5819672131147541,0.4180327868852459,0.10000526990707397,0.5542869410777368,5.819365455995715,0.5819672131147541,5.819365455995715,0.5819672131147541,122.0,0.04843462246777164,0.0923941682768312,876.2029402147236
