forecast_date,mae,picp,mpiw,occurrence_f1,true_zero_rate,observed_events,predicted_events
2020-01-01,0.2998161017894745,0.9739837398373984,0.8065040707588196,0.5660377358490566,0.9132149901380671,158.0,179.8105926513672
2020-01-02,0.31115469336509705,0.975609756097561,0.8162601590156555,0.4307692307692308,0.8901734104046243,139.0,179.2789306640625
2020-01-03,0.31547126173973083,0.9739837398373984,0.8097561001777649,0.5112107623318386,0.9107505070993914,173.0,177.65374755859375
2020-01-04,0.3100207448005676,0.9723577235772358,0.8113821148872375,0.44660194174757284,0.8939096267190569,149.0,178.61880493164062
2020-01-05,0.3222470283508301,0.9658536585365853,0.8081300854682922,0.4485981308411215,0.8944223107569721,156.0,175.58221435546875
2020-01-06,0.33809420466423035,0.9544715447154472,0.8113821148872375,0.5583333333333333,0.918918918918919,193.0,180.08642578125
2020-01-07,0.311975359916687,0.9609756097560975,0.7983739972114563,0.5622119815668203,0.9235412474849095,169.0,179.4850616455078
2020-01-08,0.3076392710208893,0.9691056910569106,0.8048780560493469,0.5120772946859904,0.9021526418786693,152.0,174.81900024414062
2020-01-09,0.30614516139030457,0.9723577235772358,0.7983739972114563,0.4834123222748815,0.9027777777777778,158.0,171.50228881835938
2020-01-10,0.33686110377311707,0.9528455284552846,0.7967479825019836,0.5062240663900415,0.9138655462184874,200.0,175.18836975097656
2020-01-11,0.31961148977279663,0.967479674796748,0.7983739972114563,0.5164319248826291,0.9013806706114399,162.0,178.70655822753906
2020-01-12,0.2917647957801819,0.9869918699186991,0.8178861737251282,0.5352112676056338,0.898238747553816,142.0,177.17623901367188
2020-01-13,0.29886603355407715,0.9691056910569106,0.7886179089546204,0.5333333333333333,0.9127789046653144,166.0,173.72793579101562
2020-01-14,0.32048800587654114,0.9560975609756097,0.795121967792511,0.4792626728110599,0.8946322067594433,172.0,174.11001586914062
2020-01-15,0.3227601647377014,0.9626016260162602,0.7788617610931396,0.5114155251141552,0.9149797570850202,173.0,171.40121459960938
2020-01-16,0.3346080183982849,0.9626016260162602,0.7837398648262024,0.48214285714285715,0.9137577002053389,180.0,168.56924438476562
2020-01-17,0.3211858570575714,0.959349593495935,0.795121967792511,0.5627705627705628,0.9200819672131147,185.0,176.42623901367188
2020-01-18,0.3364189565181732,0.959349593495935,0.7918699383735657,0.5429864253393665,0.9190283400809717,184.0,173.9584503173828
2020-01-19,0.28925377130508423,0.967479674796748,0.795121967792511,0.5420560747663551,0.9071146245059288,154.0,173.8048553466797
2020-01-20,0.3196758031845093,0.9658536585365853,0.7934959530830383,0.47577092511013214,0.9075975359342916,184.0,173.85362243652344
2020-01-21,0.3291914761066437,0.9528455284552846,0.7886179089546204,0.5022421524663677,0.9124236252545825,182.0,174.09707641601562
2020-01-22,0.3140243887901306,0.9642276422764228,0.7869918942451477,0.5145631067961165,0.9041095890410958,155.0,169.8099822998047
2020-01-23,0.30135199427604675,0.9723577235772358,0.7967479825019836,0.5178571428571429,0.8997995991983968,152.0,170.17041015625
2020-01-24,0.3213203549385071,0.9609756097560975,0.7983739972114563,0.5517241379310345,0.9159836065573771,193.0,172.87069702148438
2020-01-25,0.3172041177749634,0.9658536585365853,0.8130081295967102,0.5309734513274337,0.898,175.0,175.98443603515625
2020-01-26,0.3205566704273224,0.9626016260162602,0.7869918942451477,0.4956521739130435,0.9038854805725971,184.0,172.52011108398438
2020-01-27,0.3112001121044159,0.9642276422764228,0.8065040707588196,0.48,0.8951612903225806,161.0,176.5659637451172
2020-01-28,0.3149702250957489,0.9658536585365853,0.777235746383667,0.5569620253164557,0.925,199.0,173.59140014648438
2020-01-29,0.31126293540000916,0.9658536585365853,0.7788617610931396,0.579185520361991,0.9215291750503019,179.0,173.0847930908203
2020-01-30,0.31950145959854126,0.967479674796748,0.7886179089546204,0.5581395348837209,0.9145129224652088,176.0,173.08995056152344
2020-01-31,0.3178730905056,0.9560975609756097,0.795121967792511,0.5333333333333333,0.9089026915113871,188.0,178.60623168945312
2020-02-01,0.33283722400665283,0.9626016260162602,0.7886179089546204,0.540084388185654,0.91701244813278,203.0,176.45069885253906
2020-02-02,0.3120604157447815,0.959349593495935,0.795121967792511,0.6050420168067226,0.9315352697095436,198.0,178.6292724609375
2020-02-03,0.3148321509361267,0.9658536585365853,0.8146341443061829,0.47577092511013214,0.8804780876494024,157.0,182.348876953125
2020-02-04,0.31574901938438416,0.967479674796748,0.8178861737251282,0.5429864253393665,0.8937007874015748,152.0,179.7176971435547
2020-02-05,0.3454524874687195,0.9447154471544715,0.785365879535675,0.5666666666666667,0.920997920997921,212.0,173.9896240234375
2020-02-06,0.3334718346595764,0.9691056910569106,0.8227642178535461,0.47577092511013214,0.878727634194831,169.0,181.71084594726562
2020-02-07,0.3427374064922333,0.9512195121951219,0.8146341443061829,0.5634920634920635,0.9117647058823529,204.0,183.17947387695312
2020-02-08,0.3240329921245575,0.9626016260162602,0.7821138501167297,0.5221238938053098,0.8977955911823647,179.0,179.01727294921875
2020-02-09,0.29314154386520386,0.9788617886178862,0.8048780560493469,0.49523809523809526,0.8856589147286822,131.0,179.56585693359375
2020-02-10,0.3268857002258301,0.9528455284552846,0.7934959530830383,0.5378151260504201,0.9092783505154639,193.0,174.51771545410156
2020-02-11,0.30847495794296265,0.967479674796748,0.8227642178535461,0.5866666666666667,0.9011857707509882,164.0,181.74664306640625
2020-02-12,0.30232399702072144,0.9642276422764228,0.7983739972114563,0.5286343612334802,0.896,159.0,180.0975341796875
2020-02-13,0.33507755398750305,0.9544715447154472,0.8048780560493469,0.5367965367965368,0.9083503054989817,192.0,176.58062744140625
2020-02-14,0.33168378472328186,0.9560975609756097,0.8341463208198547,0.5142857142857142,0.8891170431211499,182.0,183.9769744873047
2020-02-15,0.3176994025707245,0.959349593495935,0.8097561001777649,0.5374449339207048,0.8962075848303394,163.0,180.73956298828125
2020-02-16,0.3006461262702942,0.9804878048780488,0.7918699383735657,0.514018691588785,0.8958742632612967,148.0,171.89520263671875
2020-02-17,0.3200874626636505,0.959349593495935,0.7918699383735657,0.5110132158590308,0.892,167.0,174.61215209960938
2020-02-18,0.31538355350494385,0.9642276422764228,0.8081300854682922,0.547085201793722,0.897029702970297,159.0,177.59365844726562
2020-02-19,0.30640819668769836,0.9642276422764228,0.8016260266304016,0.5727699530516432,0.9096267190569745,172.0,174.08843994140625
2020-02-20,0.31450900435447693,0.9723577235772358,0.790243923664093,0.5847457627118644,0.9180327868852459,193.0,174.75146484375
2020-02-21,0.3248669505119324,0.9528455284552846,0.8113821148872375,0.5425101214574899,0.90625,193.0,182.87255859375
2020-02-22,0.31277450919151306,0.9658536585365853,0.7918699383735657,0.5422222222222223,0.9056224899598394,163.0,177.4616241455078
2020-02-23,0.2907274067401886,0.9821138211382113,0.7886179089546204,0.5377358490566038,0.8966861598440545,139.0,174.28521728515625
2020-02-24,0.3128790259361267,0.9691056910569106,0.7804877758026123,0.47706422018348627,0.8873517786561265,159.0,172.6202850341797
2020-02-25,0.28714486956596375,0.9658536585365853,0.777235746383667,0.5395348837209303,0.9015748031496063,146.0,173.78836059570312
2020-02-26,0.3274651765823364,0.9512195121951219,0.7739837169647217,0.4845814977973568,0.8985801217038539,168.0,172.67958068847656
2020-02-27,0.2895490229129791,0.975609756097561,0.7886179089546204,0.4931506849315068,0.8893280632411067,147.0,174.19479370117188
2020-02-28,0.31486478447914124,0.9642276422764228,0.772357702255249,0.5344827586206896,0.9118852459016393,182.0,172.93154907226562
2020-02-29,0.30654528737068176,0.9642276422764228,0.7707316875457764,0.5152838427947598,0.9044715447154471,162.0,172.94264221191406
2020-03-01,0.31462860107421875,0.9560975609756097,0.7593495845794678,0.584,0.9419354838709677,210.0,168.2841033935547
2020-03-02,0.30582088232040405,0.9642276422764228,0.7707316875457764,0.5550660792951542,0.9129554655870445,167.0,170.96359252929688
2020-03-03,0.32297149300575256,0.9577235772357724,0.7756097316741943,0.5367965367965368,0.9158110882956879,176.0,171.47012329101562
2020-03-04,0.287841796875,0.9821138211382113,0.7918699383735657,0.4729064039408867,0.8863198458574181,125.0,174.92083740234375
2020-03-05,0.32952186465263367,0.9642276422764228,0.772357702255249,0.5294117647058824,0.9166666666666666,190.0,170.75804138183594
2020-03-06,0.31316906213760376,0.9642276422764228,0.8016260266304016,0.5272727272727272,0.897029702970297,163.0,176.72630310058594
2020-03-07,0.29729315638542175,0.9739837398373984,0.7821138501167297,0.5130434782608696,0.9079754601226994,171.0,169.49176025390625
2020-03-08,0.3046972155570984,0.9642276422764228,0.7788617610931396,0.5181818181818182,0.9112903225806451,160.0,169.38504028320312
2020-03-09,0.31183379888534546,0.967479674796748,0.7788617610931396,0.5277777777777778,0.902970297029703,156.0,169.62258911132812
2020-03-10,0.3272891044616699,0.9577235772357724,0.7577235698699951,0.46846846846846846,0.9063136456211812,175.0,167.0803680419922
2020-03-11,0.3273259401321411,0.9544715447154472,0.7756097316741943,0.5181818181818182,0.9021956087824351,169.0,168.90916442871094
2020-03-12,0.32702866196632385,0.9626016260162602,0.7934959530830383,0.4745762711864407,0.8913934426229508,181.0,171.63424682617188
2020-03-13,0.3426256775856018,0.9528455284552846,0.7886179089546204,0.5271966527196653,0.9089026915113871,204.0,171.86550903320312
2020-03-14,0.3160408139228821,0.9626016260162602,0.7934959530830383,0.5308056872037915,0.8966861598440545,156.0,172.2501220703125
2020-03-15,0.29803645610809326,0.9626016260162602,0.7821138501167297,0.5739910313901345,0.912,166.0,168.12611389160156
2020-03-16,0.311606764793396,0.975609756097561,0.790243923664093,0.5579399141630901,0.9103869653767821,169.0,169.36837768554688
2020-03-17,0.31774207949638367,0.9658536585365853,0.7869918942451477,0.5357142857142857,0.8895463510848126,166.0,171.6446075439453
2020-03-18,0.2878418564796448,0.9642276422764228,0.7626016139984131,0.5022421524663677,0.9068825910931174,155.0,168.6540069580078
2020-03-19,0.29235002398490906,0.9739837398373984,0.7886179089546204,0.5395348837209303,0.903353057199211,147.0,172.09829711914062
2020-03-20,0.3054218292236328,0.9642276422764228,0.7804877758026123,0.5357142857142857,0.902,156.0,170.4864501953125
2020-03-21,0.2822331190109253,0.9723577235772358,0.7837398648262024,0.5,0.8936170212765957,130.0,167.3840789794922
2020-03-22,0.30105772614479065,0.967479674796748,0.7593495845794678,0.4444444444444444,0.88996138996139,133.0,163.47393798828125
2020-03-23,0.2901906669139862,0.9642276422764228,0.7479674816131592,0.5533980582524272,0.9155206286836935,147.0,160.1456756591797
2020-03-24,0.29147645831108093,0.9707317073170731,0.7707316875457764,0.48598130841121495,0.897029702970297,146.0,163.4817352294922
2020-03-25,0.314617395401001,0.959349593495935,0.7463414669036865,0.5067873303167421,0.9036144578313253,167.0,161.3231201171875
2020-03-26,0.3059574365615845,0.9739837398373984,0.7560975551605225,0.5188679245283019,0.9105367793240556,156.0,161.7855987548828
2020-03-27,0.32369527220726013,0.9512195121951219,0.7609755992889404,0.5361702127659574,0.9134020618556701,193.0,164.50296020507812
2020-03-28,0.30843737721443176,0.9658536585365853,0.7756097316741943,0.5225225225225225,0.9092741935483871,163.0,164.66192626953125
2020-03-29,0.288234144449234,0.9723577235772358,0.7577235698699951,0.5555555555555556,0.9111969111969112,137.0,163.14935302734375
2020-03-30,0.32133251428604126,0.9658536585365853,0.7512195110321045,0.5042016806722689,0.9142259414225942,184.0,159.65200805664062
2020-03-31,0.2984006404876709,0.9707317073170731,0.772357702255249,0.4666666666666667,0.8954635108481263,140.0,165.31207275390625
2020-04-01,0.3217931091785431,0.9577235772357724,0.7609755992889404,0.504424778761062,0.9120654396728016,182.0,159.92584228515625
2020-04-02,0.30837467312812805,0.9544715447154472,0.7869918942451477,0.5462555066079295,0.9146341463414634,173.0,165.89810180664062
2020-04-03,0.3397921323776245,0.9512195121951219,0.777235746383667,0.4721030042918455,0.9010309278350516,185.0,163.81597900390625
2020-04-04,0.306666761636734,0.9691056910569106,0.7869918942451477,0.5272727272727272,0.9023904382470119,163.0,165.464111328125
2020-04-05,0.31793075799942017,0.9512195121951219,0.7593495845794678,0.5526315789473685,0.9221311475409836,184.0,159.84677124023438
2020-04-06,0.31418362259864807,0.9658536585365853,0.7691056728363037,0.5221238938053098,0.9087221095334685,178.0,164.4569091796875
2020-04-07,0.30660390853881836,0.967479674796748,0.7739837169647217,0.5663716814159292,0.917004048582996,167.0,167.84535217285156
2020-04-08,0.2818690240383148,0.9804878048780488,0.7788617610931396,0.5277777777777778,0.9011857707509882,149.0,167.39352416992188
2020-04-09,0.298819363117218,0.967479674796748,0.7707316875457764,0.5688888888888889,0.9134808853118712,166.0,163.7747802734375
2020-04-10,0.3389733135700226,0.9560975609756097,0.7756097316741943,0.5447154471544715,0.9140461215932913,198.0,166.7675323486328
2020-04-11,0.34146320819854736,0.9512195121951219,0.7821138501167297,0.5040650406504065,0.9016736401673641,197.0,164.6158905029297
2020-04-12,0.31714245676994324,0.967479674796748,0.7821138501167297,0.5302325581395348,0.9067460317460317,163.0,166.1170196533203
2020-04-13,0.3096599876880646,0.9691056910569106,0.785365879535675,0.5309734513274337,0.905241935483871,175.0,167.90646362304688
2020-04-14,0.33381912112236023,0.9560975609756097,0.777235746383667,0.5045871559633027,0.9076305220883534,181.0,168.06924438476562
2020-04-15,0.3048308193683624,0.967479674796748,0.7739837169647217,0.5321100917431193,0.9063745019920318,159.0,165.74024963378906
2020-04-16,0.3084574043750763,0.9626016260162602,0.7788617610931396,0.5738396624472574,0.9176954732510288,183.0,166.86846923828125
2020-04-17,0.34051230549812317,0.9528455284552846,0.7821138501167297,0.5021645021645021,0.9020408163265307,190.0,169.615478515625
2020-04-18,0.3453020751476288,0.9544715447154472,0.785365879535675,0.5349794238683128,0.9047619047619048,210.0,168.18585205078125
2020-04-19,0.3210103213787079,0.9658536585365853,0.790243923664093,0.5022026431718062,0.8953722334004024,178.0,171.89019775390625
2020-04-20,0.320875346660614,0.9658536585365853,0.8048780560493469,0.5627705627705628,0.907070707070707,180.0,173.06402587890625
2020-04-21,0.3266727924346924,0.9642276422764228,0.8032520413398743,0.5752212389380531,0.906187624750499,174.0,173.47735595703125
2020-04-22,0.31504327058792114,0.9626016260162602,0.8032520413398743,0.5299145299145299,0.8949494949494949,165.0,173.54971313476562
2020-04-23,0.33864137530326843,0.9658536585365853,0.7967479825019836,0.49557522123893805,0.89,171.0,173.0536651611328
2020-04-24,0.3286440074443817,0.9609756097560975,0.8162601590156555,0.5294117647058824,0.8997955010224948,187.0,174.78065490722656
2020-04-25,0.37403997778892517,0.9495934959349593,0.7918699383735657,0.44176706827309237,0.8863157894736842,214.0,173.70420837402344
2020-04-26,0.31490546464920044,0.9691056910569106,0.8178861737251282,0.5560165975103735,0.9,171.0,173.43228149414062
2020-04-27,0.33536428213119507,0.9544715447154472,0.8048780560493469,0.5887096774193549,0.918580375782881,204.0,175.3647003173828
2020-04-28,0.3133127987384796,0.9609756097560975,0.8081300854682922,0.6124031007751938,0.9159663865546218,200.0,175.28372192382812
2020-04-29,0.3236900269985199,0.9544715447154472,0.8065040707588196,0.5232067510548524,0.8853118712273642,170.0,178.47300720214844
2020-04-30,0.32581737637519836,0.959349593495935,0.8016260266304016,0.5327868852459017,0.897119341563786,188.0,176.31414794921875
2020-05-01,0.36826860904693604,0.9479674796747968,0.8260162472724915,0.5533596837944664,0.8981288981288982,218.0,182.85342407226562
2020-05-02,0.3127003014087677,0.9788617886178862,0.8357723355293274,0.5565217391304348,0.8926441351888668,160.0,183.82992553710938
2020-05-03,0.29214316606521606,0.975609756097561,0.8162601590156555,0.5932203389830508,0.9089068825910931,163.0,178.5653076171875
2020-05-04,0.3260734975337982,0.9626016260162602,0.8243902325630188,0.5523012552301255,0.8947368421052632,179.0,177.6521759033203
2020-05-05,0.31151819229125977,0.9723577235772358,0.8292682766914368,0.5416666666666666,0.8906882591093117,170.0,179.62860107421875
2020-05-06,0.31937381625175476,0.9658536585365853,0.8178861737251282,0.5478260869565217,0.8942115768463074,164.0,176.60003662109375
2020-05-07,0.3231143057346344,0.959349593495935,0.8211382031440735,0.5020576131687243,0.8836734693877552,180.0,178.46115112304688
2020-05-08,0.3169519305229187,0.9626016260162602,0.8292682766914368,0.5967741935483871,0.9074074074074074,189.0,181.00180053710938
2020-05-09,0.33012446761131287,0.9626016260162602,0.8439024686813354,0.6046511627906976,0.9024896265560166,199.0,180.4641571044922
2020-05-10,0.30717164278030396,0.959349593495935,0.8178861737251282,0.6311787072243346,0.9275053304904051,208.0,179.19931030273438
2020-05-11,0.3104137182235718,0.9723577235772358,0.8292682766914368,0.5267489711934157,0.8861788617886179,165.0,182.0909881591797
2020-05-12,0.29432567954063416,0.9739837398373984,0.8341463208198547,0.5925925925925926,0.896969696969697,161.0,180.7113037109375
2020-05-13,0.31564751267433167,0.9642276422764228,0.8146341443061829,0.5609756097560976,0.8920570264765784,181.0,176.56883239746094
2020-05-14,0.32190248370170593,0.9658536585365853,0.8243902325630188,0.5166666666666667,0.8810483870967742,172.0,181.28399658203125
2020-05-15,0.33161550760269165,0.9560975609756097,0.8162601590156555,0.6240601503759399,0.9250535331905781,214.0,182.15103149414062
2020-05-16,0.3114079236984253,0.9723577235772358,0.8373983502388,0.5414847161572053,0.8784313725490196,153.0,184.97044372558594
2020-05-17,0.30137625336647034,0.9772357723577236,0.8325203061103821,0.5630252100840336,0.891566265060241,167.0,180.29466247558594
2020-05-18,0.31872794032096863,0.9691056910569106,0.8146341443061829,0.5469387755102041,0.8954918032786885,177.0,177.88345336914062
2020-05-19,0.3220997750759125,0.9658536585365853,0.8113821148872375,0.5147679324894515,0.888663967611336,174.0,176.51718139648438
2020-05-20,0.3295462727546692,0.9495934959349593,0.8048780560493469,0.5418326693227091,0.9037656903765691,189.0,175.39227294921875
2020-05-21,0.30920520424842834,0.967479674796748,0.8130081295967102,0.5485232067510548,0.8877755511022044,163.0,181.79942321777344
2020-05-22,0.33731600642204285,0.9560975609756097,0.8178861737251282,0.5603112840466926,0.8977035490605428,197.0,181.96014404296875
2020-05-23,0.3095875680446625,0.9723577235772358,0.8341463208198547,0.611764705882353,0.9012345679012346,177.0,184.35494995117188
2020-05-24,0.30890294909477234,0.9609756097560975,0.8373983502388,0.5523012552301255,0.8929292929292929,157.0,180.11221313476562
2020-05-25,0.31846320629119873,0.975609756097561,0.8130081295967102,0.5304347826086957,0.892,170.0,174.80615234375
2020-05-26,0.32045304775238037,0.9691056910569106,0.8065040707588196,0.4954128440366973,0.8877952755905512,155.0,174.57354736328125
2020-05-27,0.33281630277633667,0.9626016260162602,0.800000011920929,0.5145228215767634,0.8934426229508197,183.0,174.48312377929688
2020-05-28,0.337765634059906,0.9658536585365853,0.8113821148872375,0.5062240663900415,0.893223819301848,185.0,175.25338745117188
2020-05-29,0.37658512592315674,0.9642276422764228,0.8341463208198547,0.5798319327731093,0.902834008097166,225.0,179.8426971435547
2020-05-30,0.6687296628952026,0.943089430894309,0.8341463208198547,0.6172839506172839,0.9066937119675457,401.0,178.28756713867188
2020-05-31,0.4259968101978302,0.9398373983739837,0.8065040707588196,0.5583333333333333,0.8983739837398373,235.0,178.57705688476562
2020-06-01,0.46825358271598816,0.9235772357723577,0.8211382031440735,0.5373134328358209,0.8972162740899358,288.0,174.8993682861328
2020-06-02,0.3030979633331299,0.9772357723577236,0.8406503796577454,0.5679012345679012,0.8873239436619719,168.0,181.02252197265625
2020-06-03,0.3280433118343353,0.9723577235772358,0.8373983502388,0.4608695652173913,0.8673267326732673,155.0,182.1845245361328
2020-06-04,0.2850271165370941,0.9853658536585366,0.8276422619819641,0.5371900826446281,0.8830645161290323,138.0,178.53607177734375
2020-06-05,0.3430553674697876,0.9528455284552846,0.8211382031440735,0.616600790513834,0.9090909090909091,203.0,176.69882202148438
2020-06-06,0.3139939606189728,0.9723577235772358,0.8390243649482727,0.5409836065573771,0.8687872763419483,160.0,179.66030883789062
2020-06-07,0.34133365750312805,0.9577235772357724,0.8357723355293274,0.5206611570247934,0.872,169.0,176.51351928710938
2020-06-08,0.32240065932273865,0.9626016260162602,0.8243902325630188,0.4602510460251046,0.862,154.0,177.6319122314453
2020-06-09,0.2911193072795868,0.967479674796748,0.7886179089546204,0.5701754385964912,0.904,152.0,168.36273193359375
2020-06-10,0.3019574284553528,0.9642276422764228,0.7967479825019836,0.5304347826086957,0.892,159.0,167.17691040039062
2020-06-11,0.3506506681442261,0.9495934959349593,0.790243923664093,0.5267489711934157,0.889795918367347,192.0,165.75067138671875
2020-06-12,0.33217862248420715,0.9560975609756097,0.8065040707588196,0.5714285714285714,0.8966244725738397,200.0,172.642822265625
2020-06-13,0.32469290494918823,0.9544715447154472,0.785365879535675,0.5099601593625498,0.8972746331236897,190.0,169.74545288085938
2020-06-14,0.35101616382598877,0.9528455284552846,0.8113821148872375,0.5416666666666666,0.8870967741935484,188.0,171.94635009765625
2020-06-15,0.35014086961746216,0.9609756097560975,0.8146341443061829,0.5166051660516605,0.8980477223427332,211.0,173.69036865234375
2020-06-16,0.3269265592098236,0.9495934959349593,0.8081300854682922,0.555984555984556,0.9145299145299145,210.0,173.93356323242188
2020-06-17,0.35336196422576904,0.9560975609756097,0.8178861737251282,0.5296442687747036,0.8956158663883089,205.0,174.4161376953125
2020-06-18,0.33819112181663513,0.9577235772357724,0.8325203061103821,0.6053639846743295,0.911578947368421,213.0,177.5728759765625
2020-06-19,0.3767157793045044,0.9447154471544715,0.8406503796577454,0.4961832061068702,0.872651356993737,213.0,183.85009765625
2020-06-20,0.36459165811538696,0.943089430894309,0.8439024686813354,0.556390977443609,0.8942917547568711,218.0,182.55526733398438
2020-06-21,0.3559782803058624,0.9495934959349593,0.8341463208198547,0.5692883895131086,0.8888888888888888,207.0,186.49691772460938
2020-06-22,0.33919042348861694,0.9658536585365853,0.8520325422286987,0.5882352941176471,0.8877551020408163,190.0,185.5826873779297
2020-06-23,0.3368397057056427,0.959349593495935,0.842276394367218,0.5564516129032258,0.889795918367347,190.0,180.22265625
2020-06-24,0.33198657631874084,0.967479674796748,0.8536585569381714,0.622568093385214,0.9087136929460581,193.0,181.7650146484375
2020-06-25,0.3732282817363739,0.9479674796747968,0.8569105863571167,0.5461538461538461,0.8856548856548857,212.0,184.14404296875
2020-06-26,0.3673402965068817,0.9512195121951219,0.842276394367218,0.5785714285714286,0.8869936034115139,223.0,183.61968994140625
2020-06-27,0.3429830074310303,0.9544715447154472,0.8585366010665894,0.4961832061068702,0.8672199170124482,193.0,187.05874633789062
2020-06-28,0.3192542791366577,0.967479674796748,0.855284571647644,0.6412213740458015,0.9085239085239085,196.0,185.2926483154297
2020-06-29,0.35834917426109314,0.9577235772357724,0.8813008069992065,0.5454545454545454,0.8736842105263158,216.0,192.80908203125
2020-06-30,0.3291120231151581,0.9642276422764228,0.8634146451950073,0.5584905660377358,0.8851774530271399,189.0,189.76119995117188
2020-07-01,0.37241512537002563,0.9495934959349593,0.8634146451950073,0.45925925925925926,0.8659574468085106,211.0,185.21881103515625
2020-07-02,0.3267236053943634,0.9658536585365853,0.8731707334518433,0.5830258302583026,0.8849372384937239,198.0,190.83328247070312
2020-07-03,0.3720383644104004,0.943089430894309,0.8845528364181519,0.5323741007194245,0.874468085106383,212.0,194.96090698242188
2020-07-04,0.3563877046108246,0.9544715447154472,0.8666666746139526,0.5019607843137255,0.8778467908902692,188.0,191.16244506835938
2020-07-05,0.3320848047733307,0.9658536585365853,0.8634146451950073,0.5102880658436214,0.8714859437751004,166.0,189.17373657226562
2020-07-06,0.2976597249507904,0.9804878048780488,0.8504065275192261,0.5819672131147541,0.8929292929292929,155.0,185.93817138671875
2020-07-07,0.32914918661117554,0.9739837398373984,0.8617886304855347,0.5230769230769231,0.8830897703549061,178.0,187.95277404785156
2020-07-08,0.3200663924217224,0.9772357723577236,0.8617886304855347,0.5333333333333333,0.878,154.0,190.97686767578125
2020-07-09,0.32351335883140564,0.9739837398373984,0.8536585569381714,0.4957983193277311,0.872,156.0,188.79428100585938
2020-07-10,0.3325269818305969,0.9658536585365853,0.8666666746139526,0.5590551181102362,0.8852459016393442,182.0,190.01092529296875
2020-07-11,0.3463011085987091,0.9658536585365853,0.8682926893234253,0.5019305019305019,0.864476386036961,184.0,188.11666870117188
2020-07-12,0.30347052216529846,0.9804878048780488,0.8471544981002808,0.5294117647058824,0.8853118712273642,153.0,182.468994140625
2020-07-13,0.31627607345581055,0.9642276422764228,0.8520325422286987,0.5925925925925926,0.9006085192697769,175.0,184.6651611328125
2020-07-14,0.2962632477283478,0.983739837398374,0.8666666746139526,0.5662100456621004,0.8875968992248062,144.0,186.5262451171875
2020-07-15,0.3153724670410156,0.9691056910569106,0.8308942914009094,0.5470085470085471,0.8971774193548387,177.0,177.5511016845703
2020-07-16,0.3339020609855652,0.967479674796748,0.8617886304855347,0.608,0.9036885245901639,195.0,184.81585693359375
2020-07-17,0.3566855490207672,0.959349593495935,0.860162615776062,0.5947955390334573,0.9044585987261147,222.0,185.5259552001953
2020-07-18,0.33666831254959106,0.967479674796748,0.8357723355293274,0.5833333333333334,0.9044715447154471,186.0,184.693603515625
2020-07-19,0.30828601121902466,0.9739837398373984,0.8276422619819641,0.5263157894736842,0.8869047619047619,153.0,179.54071044921875
2020-07-20,0.338083416223526,0.9544715447154472,0.8195121884346008,0.5245901639344263,0.8913934426229508,182.0,179.95391845703125
2020-07-21,0.32791242003440857,0.9658536585365853,0.842276394367218,0.5476190476190477,0.8962655601659751,195.0,181.7523956298828
2020-07-22,0.3027379810810089,0.9804878048780488,0.842276394367218,0.5263157894736842,0.8922155688622755,156.0,179.90570068359375
2020-07-23,0.3238750100135803,0.9723577235772358,0.855284571647644,0.5240174672489083,0.8849206349206349,161.0,182.2574920654297
2020-07-24,0.3315272033214569,0.9707317073170731,0.8471544981002808,0.5087719298245614,0.8725490196078431,170.0,182.52249145507812
2020-07-25,0.3141734004020691,0.9707317073170731,0.8178861737251282,0.5702127659574469,0.9103869653767821,177.0,176.0889434814453
2020-07-26,0.30609428882598877,0.9707317073170731,0.8097561001777649,0.6278026905829597,0.9203187250996016,169.0,172.34750366210938
2020-07-27,0.3312791883945465,0.9577235772357724,0.8113821148872375,0.5378151260504201,0.9,192.0,173.43865966796875
2020-07-28,0.3092341423034668,0.9691056910569106,0.8195121884346008,0.5470085470085471,0.9026369168356998,172.0,173.91847229003906
2020-07-29,0.31206268072128296,0.9658536585365853,0.8211382031440735,0.5281385281385281,0.8917835671342685,161.0,173.98602294921875
2020-07-30,0.31147217750549316,0.9658536585365853,0.8243902325630188,0.5903083700440529,0.908183632734531,175.0,176.2743377685547
2020-07-31,0.33530887961387634,0.9626016260162602,0.8081300854682922,0.5432098765432098,0.9125,198.0,173.96200561523438
2020-08-01,0.353915274143219,0.9479674796747968,0.8048780560493469,0.5477178423236515,0.9090909090909091,205.0,173.08238220214844
2020-08-02,0.3069419264793396,0.9658536585365853,0.7967479825019836,0.4792626728110599,0.8910891089108911,153.0,169.83847045898438
2020-08-03,0.28589919209480286,0.975609756097561,0.7934959530830383,0.5296803652968036,0.8919449901768173,142.0,171.7117919921875
2020-08-04,0.30750393867492676,0.959349593495935,0.795121967792511,0.5321100917431193,0.8974358974358975,156.0,170.61172485351562
2020-08-05,0.2936417758464813,0.9723577235772358,0.795121967792511,0.5217391304347826,0.9005847953216374,139.0,168.567626953125
2020-08-06,0.29886379837989807,0.9626016260162602,0.7739837169647217,0.5514018691588785,0.905511811023622,155.0,165.9912109375
2020-08-07,0.30966445803642273,0.9691056910569106,0.7918699383735657,0.5289256198347108,0.9047619047619048,178.0,167.56065368652344
2020-08-08,0.30011892318725586,0.9739837398373984,0.7983739972114563,0.5240174672489083,0.8937875751503006,163.0,170.81961059570312
2020-08-09,0.2921411395072937,0.9772357723577236,0.7869918942451477,0.5495495495495496,0.9098196392785571,161.0,166.12954711914062
2020-08-10,0.30620574951171875,0.9707317073170731,0.7804877758026123,0.4931506849315068,0.8858267716535433,148.0,167.38400268554688
2020-08-11,0.2715943455696106,0.9739837398373984,0.7577235698699951,0.5308056872037915,0.9090909090909091,133.0,164.0811767578125
2020-08-12,0.2990325689315796,0.9642276422764228,0.7609755992889404,0.5120772946859904,0.90748031496063,155.0,161.67942810058594
2020-08-13,0.2924208343029022,0.9626016260162602,0.7691056728363037,0.547945205479452,0.912,156.0,164.46160888671875
2020-08-14,0.30000364780426025,0.9739837398373984,0.7691056728363037,0.5610859728506787,0.912,171.0,162.47299194335938
2020-08-15,0.31595131754875183,0.9642276422764228,0.7886179089546204,0.5309734513274337,0.9016064257028112,179.0,165.32012939453125
2020-08-16,0.2955610454082489,0.975609756097561,0.7544715404510498,0.5145631067961165,0.9041095890410958,144.0,160.00576782226562
2020-08-17,0.2943956255912781,0.9691056910569106,0.7560975551605225,0.5177664974619289,0.9019230769230769,139.0,161.1702880859375
2020-08-18,0.2739339768886566,0.9691056910569106,0.7626016139984131,0.5192307692307693,0.9021526418786693,139.0,160.74453735351562
2020-08-19,0.3044549226760864,0.9658536585365853,0.7447154521942139,0.4519230769230769,0.8972332015810277,156.0,156.951416015625
2020-08-20,0.2824874222278595,0.9772357723577236,0.7414634227752686,0.4827586206896552,0.8951456310679612,142.0,158.27484130859375
2020-08-21,0.32252493500709534,0.9479674796747968,0.7382113933563232,0.5764192139737991,0.9205702647657841,187.0,158.18124389648438
2020-08-22,0.2704082131385803,0.9788617886178862,0.7463414669036865,0.5855855855855856,0.9178356713426854,157.0,160.55662536621094
2020-08-23,0.2654801905155182,0.9788617886178862,0.7333333492279053,0.49746192893401014,0.8895238095238095,114.0,155.42001342773438
2020-08-24,0.29170000553131104,0.9626016260162602,0.7138211131095886,0.4975609756097561,0.90748031496063,151.0,150.40499877929688
2020-08-25,0.2629338204860687,0.9739837398373984,0.7284553050994873,0.5472636815920398,0.9178082191780822,132.0,153.5924072265625
2020-08-26,0.28467318415641785,0.9691056910569106,0.7235772609710693,0.5566037735849056,0.927710843373494,167.0,153.62025451660156
2020-08-27,0.3262951076030731,0.959349593495935,0.7333333492279053,0.49107142857142855,0.9120654396728016,187.0,155.59051513671875
2020-08-28,0.3226918876171112,0.9512195121951219,0.7317073345184326,0.5857740585774058,0.9311064718162839,199.0,156.06753540039062
2020-08-29,0.286807119846344,0.9691056910569106,0.7414634227752686,0.5511111111111111,0.9131313131313131,160.0,159.19642639160156
2020-08-30,0.28844231367111206,0.9658536585365853,0.7365853786468506,0.5370370370370371,0.9103585657370518,157.0,152.9711456298828
2020-08-31,0.29737207293510437,0.9658536585365853,0.7349593639373779,0.5096153846153846,0.9108910891089109,154.0,152.90782165527344
2020-09-01,0.3074284791946411,0.9544715447154472,0.725203275680542,0.4840182648401826,0.9089068825910931,168.0,154.7626953125
2020-09-02,0.2672332525253296,0.9853658536585366,0.7398374080657959,0.45544554455445546,0.884393063583815,119.0,157.95767211914062
2020-09-03,0.2649441361427307,0.9739837398373984,0.7317073345184326,0.54,0.9054054054054054,135.0,156.3131103515625
2020-09-04,0.3000827729701996,0.9626016260162602,0.7317073345184326,0.46788990825688076,0.896,164.0,155.87583923339844
2020-09-05,0.3044286072254181,0.959349593495935,0.725203275680542,0.5023696682464455,0.8978388998035364,160.0,152.26889038085938
2020-09-06,0.28542360663414,0.9609756097560975,0.7056910395622253,0.4854368932038835,0.9,140.0,147.7912139892578
2020-09-07,0.26374363899230957,0.9788617886178862,0.7105690836906433,0.5,0.9063097514340345,123.0,148.04632568359375
2020-09-08,0.29178306460380554,0.967479674796748,0.7008129954338074,0.5204081632653061,0.9233791748526523,154.0,148.8246307373047
2020-09-09,0.2803015112876892,0.9707317073170731,0.7186991572380066,0.5123152709359606,0.9151873767258383,143.0,152.30393981933594
2020-09-10,0.2846439480781555,0.967479674796748,0.707317054271698,0.4873096446700508,0.9048543689320389,136.0,148.79750061035156
2020-09-11,0.3173254430294037,0.9512195121951219,0.7154471278190613,0.5650224215246636,0.9210526315789473,181.0,148.8345489501953
2020-09-12,0.3055313527584076,0.959349593495935,0.7154471278190613,0.5164319248826291,0.9085487077534792,163.0,151.3890838623047
2020-09-13,0.27437469363212585,0.9739837398373984,0.707317054271698,0.4631578947368421,0.9036608863198459,124.0,146.7537384033203
2020-09-14,0.28802841901779175,0.9609756097560975,0.6861788630485535,0.5098039215686274,0.9223107569721115,157.0,141.603759765625
2020-09-15,0.29691028594970703,0.967479674796748,0.7089430689811707,0.5844748858447488,0.9368635437881874,184.0,150.22915649414062
2020-09-16,0.31114494800567627,0.9560975609756097,0.7138211131095886,0.5073170731707317,0.9094488188976378,162.0,153.41802978515625
2020-09-17,0.2729543149471283,0.9723577235772358,0.7105690836906433,0.4895833333333333,0.9038461538461539,134.0,154.07666015625
2020-09-18,0.278881311416626,0.9691056910569106,0.7365853786468506,0.580952380952381,0.9155206286836935,159.0,157.1036376953125
2020-09-19,0.29025769233703613,0.9658536585365853,0.707317054271698,0.43564356435643564,0.9067460317460317,141.0,151.97775268554688
2020-09-20,0.2666422426700592,0.9772357723577236,0.6878048777580261,0.4731182795698925,0.9184466019417475,136.0,145.25936889648438
2020-09-21,0.24477951228618622,0.983739837398374,0.6959349513053894,0.519774011299435,0.9166666666666666,114.0,147.51718139648438
2020-09-22,0.2715696692466736,0.9788617886178862,0.6764227747917175,0.45714285714285713,0.9056603773584906,113.0,145.7534942626953
2020-09-23,0.27884092926979065,0.9626016260162602,0.6813008189201355,0.49230769230769234,0.924901185770751,151.0,141.63131713867188
2020-09-24,0.2954261302947998,0.9691056910569106,0.6894308924674988,0.4835164835164835,0.9173076923076923,148.0,146.85763549804688
2020-09-25,0.3186088800430298,0.943089430894309,0.7040650248527527,0.4933920704845815,0.9192546583850931,184.0,149.96102905273438
2020-09-26,0.3075370490550995,0.9495934959349593,0.7170731425285339,0.43523316062176165,0.8992248062015504,155.0,148.94955444335938
2020-09-27,0.2955598533153534,0.9658536585365853,0.6796748042106628,0.45918367346938777,0.9151873767258383,152.0,141.9573974609375
2020-09-28,0.2917078137397766,0.9577235772357724,0.6910569071769714,0.4467005076142132,0.9058823529411765,148.0,143.93832397460938
2020-09-29,0.2725858688354492,0.967479674796748,0.6861788630485535,0.5416666666666666,0.9295499021526419,135.0,144.3194122314453
2020-09-30,0.2856100797653198,0.9560975609756097,0.6829268336296082,0.5279187817258884,0.9325396825396826,150.0,141.66358947753906
2020-10-01,0.29428642988204956,0.9560975609756097,0.6959349513053894,0.5302325581395348,0.9269776876267748,168.0,144.90928649902344
2020-10-02,0.2982846796512604,0.9691056910569106,0.7170731425285339,0.47619047619047616,0.9063745019920318,164.0,151.11093139648438
2020-10-03,0.2886253297328949,0.9528455284552846,0.7089430689811707,0.5490196078431373,0.9247524752475248,162.0,146.57070922851562
2020-10-04,0.2706378698348999,0.9691056910569106,0.7040650248527527,0.5079365079365079,0.9168278529980658,128.0,148.24923706054688
2020-10-05,0.29679396748542786,0.9512195121951219,0.6829268336296082,0.4479166666666667,0.9119373776908023,143.0,144.33599853515625
2020-10-06,0.2991868853569031,0.9609756097560975,0.7008129954338074,0.42718446601941745,0.9096385542168675,153.0,145.86984252929688
2020-10-07,0.2977015972137451,0.959349593495935,0.7170731425285339,0.4791666666666667,0.9124513618677043,151.0,148.7522430419922
2020-10-08,0.31868448853492737,0.9642276422764228,0.7089430689811707,0.5170731707317073,0.93158953722334,177.0,149.10916137695312
2020-10-09,0.29522082209587097,0.9560975609756097,0.720325231552124,0.5225225225225225,0.9185336048879837,161.0,152.21946716308594
2020-10-10,0.3111626207828522,0.9528455284552846,0.6991869807243347,0.4927536231884058,0.9254032258064516,170.0,150.887939453125
2020-10-11,0.2888425886631012,0.959349593495935,0.6894308924674988,0.5181347150259067,0.923679060665362,146.0,145.01210021972656
2020-10-12,0.2925221920013428,0.959349593495935,0.6926829218864441,0.5,0.9254032258064516,161.0,146.8914794921875
2020-10-13,0.2827405333518982,0.9707317073170731,0.7040650248527527,0.4723618090452261,0.9025341130604289,151.0,147.885498046875
2020-10-14,0.2857421934604645,0.9658536585365853,0.7186991572380066,0.5046728971962616,0.91,152.0,150.2977294921875
2020-10-15,0.3012106418609619,0.9609756097560975,0.7138211131095886,0.45320197044334976,0.8962818003913894,154.0,152.0321807861328
2020-10-16,0.3234274387359619,0.9544715447154472,0.7284553050994873,0.4748858447488584,0.9105691056910569,174.0,153.61083984375
2020-10-17,0.3113986551761627,0.959349593495935,0.7138211131095886,0.5025125628140703,0.9119373776908023,162.0,149.254638671875
2020-10-18,0.2764575779438019,0.9707317073170731,0.720325231552124,0.49514563106796117,0.9145129224652088,148.0,148.9760284423828
2020-10-19,0.30305999517440796,0.9609756097560975,0.7219512462615967,0.4528301886792453,0.9074446680080482,162.0,149.6184539794922
2020-10-20,0.2979525625705719,0.9658536585365853,0.7333333492279053,0.4834123222748815,0.908183632734531,164.0,153.27313232421875
2020-10-21,0.3117977976799011,0.9560975609756097,0.7495934963226318,0.5201793721973094,0.907258064516129,174.0,155.54037475585938
2020-10-22,0.29370585083961487,0.9642276422764228,0.7495934963226318,0.49107142857142855,0.8955823293172691,157.0,157.921142578125
2020-10-23,0.3268519341945648,0.959349593495935,0.7365853786468506,0.5191489361702127,0.9245283018867925,202.0,157.04937744140625
2020-10-24,0.30502229928970337,0.959349593495935,0.7544715404510498,0.5069124423963134,0.9133064516129032,165.0,160.4340057373047
2020-10-25,0.2808513343334198,0.9691056910569106,0.73008131980896,0.5247524752475248,0.9209486166007905,149.0,155.5073699951172
2020-10-26,0.30001845955848694,0.9609756097560975,0.7382113933563232,0.514018691588785,0.9212121212121213,161.0,155.04913330078125
2020-10-27,0.2973627746105194,0.9739837398373984,0.7447154521942139,0.5507246376811594,0.9207920792079208,166.0,158.60638427734375
2020-10-28,0.3029427230358124,0.9577235772357724,0.7382113933563232,0.5463414634146342,0.9227722772277228,166.0,157.89537048339844
2020-10-29,0.30326467752456665,0.959349593495935,0.7333333492279053,0.4225352112676056,0.8957915831663327,148.0,159.12738037109375
2020-10-30,0.3080058693885803,0.9609756097560975,0.7463414669036865,0.48847926267281105,0.9129554655870445,173.0,159.04278564453125
2020-10-31,0.2970867455005646,0.9691056910569106,0.7479674816131592,0.4585365853658537,0.9085487077534792,151.0,159.73898315429688
2020-11-01,0.31343501806259155,0.9609756097560975,0.725203275680542,0.5486725663716814,0.9454926624737946,195.0,152.0378875732422
2020-11-02,0.303071528673172,0.9707317073170731,0.7593495845794678,0.5497630331753555,0.9184890656063618,163.0,161.06915283203125
2020-11-03,0.309344083070755,0.9642276422764228,0.7593495845794678,0.5263157894736842,0.9235537190082644,181.0,159.89389038085938
2020-11-04,0.3166433274745941,0.9626016260162602,0.7593495845794678,0.5588235294117647,0.9230769230769231,165.0,163.111328125
2020-11-05,0.3024539053440094,0.967479674796748,0.7577235698699951,0.5116279069767442,0.9063745019920318,161.0,162.64248657226562
2020-11-06,0.29913413524627686,0.9707317073170731,0.7707316875457764,0.509090909090909,0.9001996007984032,160.0,164.04360961914062
2020-11-07,0.30749964714050293,0.9577235772357724,0.7495934963226318,0.5023696682464455,0.904950495049505,152.0,161.24375915527344
2020-11-08,0.34803807735443115,0.967479674796748,0.767479658126831,0.5539906103286385,0.9110671936758893,192.0,160.94549560546875
2020-11-09,0.3118917942047119,0.967479674796748,0.7658536434173584,0.49056603773584906,0.904572564612326,155.0,160.4503173828125
2020-11-10,0.3030768036842346,0.975609756097561,0.7691056728363037,0.49074074074074076,0.8968253968253969,152.0,162.7655029296875
2020-11-11,0.305259644985199,0.959349593495935,0.7577235698699951,0.47577092511013214,0.9020408163265307,169.0,160.17739868164062
2020-11-12,0.2907208204269409,0.9821138211382113,0.767479658126831,0.47619047619047616,0.8939096267190569,144.0,160.28460693359375
2020-11-13,0.3047320246696472,0.9642276422764228,0.7691056728363037,0.47115384615384615,0.8994082840236687,157.0,162.31768798828125
2020-11-14,0.34282827377319336,0.959349593495935,0.7479674816131592,0.5374449339207048,0.9257731958762887,206.0,157.1405792236328
2020-11-15,0.321304053068161,0.9544715447154472,0.7544715404510498,0.5412844036697247,0.912,177.0,162.28106689453125
2020-11-16,0.29088884592056274,0.967479674796748,0.7642276287078857,0.49523809523809526,0.9013806706114399,151.0,163.9314422607422
2020-11-17,0.3022593557834625,0.9609756097560975,0.7560975551605225,0.593607305936073,0.9427402862985685,183.0,161.2298583984375
2020-11-18,0.323397696018219,0.9609756097560975,0.767479658126831,0.5304347826086957,0.9233954451345756,190.0,162.63345336914062
2020-11-19,0.3365364968776703,0.9609756097560975,0.7691056728363037,0.4915254237288136,0.9142259414225942,204.0,164.73069763183594
2020-11-20,0.29500338435173035,0.9723577235772358,0.7804877758026123,0.6026200873362445,0.9285714285714286,177.0,169.12062072753906
2020-11-21,0.3090687692165375,0.9609756097560975,0.7821138501167297,0.5511111111111111,0.9094567404426559,170.0,167.71615600585938
2020-11-22,0.29056888818740845,0.9723577235772358,0.767479658126831,0.4873096446700508,0.8978805394990366,141.0,169.24374389648438
2020-11-23,0.31520816683769226,0.9626016260162602,0.7626016139984131,0.5529953917050692,0.9196787148594378,171.0,162.71160888671875
2020-11-24,0.2975587844848633,0.9609756097560975,0.7658536434173584,0.5158371040723982,0.9092741935483871,162.0,165.61087036132812
2020-11-25,0.32619383931159973,0.9512195121951219,0.7788617610931396,0.4774774774774775,0.89738430583501,174.0,166.60093688964844
2020-11-26,0.3041965961456299,0.9691056910569106,0.7756097316741943,0.5045871559633027,0.8986083499005965,150.0,167.92453002929688
2020-11-27,0.326145738363266,0.9577235772357724,0.7691056728363037,0.44545454545454544,0.891566265060241,170.0,166.5555419921875
2020-11-28,0.31535133719444275,0.9577235772357724,0.7691056728363037,0.5821596244131455,0.9224652087475149,171.0,163.7413787841797
2020-11-29,0.2911720871925354,0.975609756097561,0.7593495845794678,0.5614035087719298,0.9185336048879837,165.0,161.39712524414062
2020-11-30,0.30608364939689636,0.9691056910569106,0.7560975551605225,0.5263157894736842,0.903921568627451,154.0,162.4661865234375
2020-12-01,0.3224512040615082,0.9463414634146341,0.7495934963226318,0.5108225108225108,0.9096509240246407,185.0,164.24337768554688
2020-12-02,0.3153390884399414,0.9609756097560975,0.7447154521942139,0.4777327935222672,0.9104477611940298,191.0,162.25823974609375
2020-12-03,0.32050633430480957,0.9577235772357724,0.7707316875457764,0.4722222222222222,0.8946322067594433,168.0,168.50738525390625
2020-12-04,0.31531858444213867,0.9642276422764228,0.7609755992889404,0.5478260869565217,0.9237113402061856,182.0,165.40402221679688
2020-12-05,0.3203742802143097,0.9609756097560975,0.7739837169647217,0.5272727272727272,0.9114688128772636,171.0,168.5708770751953
2020-12-06,0.33742254972457886,0.9512195121951219,0.7691056728363037,0.5631067961165048,0.9174852652259332,172.0,164.09156799316406
2020-12-07,0.31847667694091797,0.9691056910569106,0.7609755992889404,0.41706161137440756,0.8906560636182903,158.0,162.0804443359375
2020-12-08,0.2958002984523773,0.9609756097560975,0.7707316875457764,0.5258215962441315,0.9087301587301587,156.0,166.65127563476562
2020-12-09,0.3050990700721741,0.9723577235772358,0.7886179089546204,0.5291479820627802,0.9148073022312373,169.0,169.7100372314453
2020-12-10,0.3172268867492676,0.9609756097560975,0.767479658126831,0.5,0.9078156312625251,165.0,166.96998596191406
2020-12-11,0.32002052664756775,0.9577235772357724,0.7934959530830383,0.5213675213675214,0.9132231404958677,184.0,166.97933959960938
2020-12-12,0.3079400658607483,0.9560975609756097,0.777235746383667,0.5702127659574469,0.9273858921161826,176.0,168.03329467773438
2020-12-13,0.3103533089160919,0.9691056910569106,0.7804877758026123,0.49038461538461536,0.8962818003913894,147.0,165.5455322265625
2020-12-14,0.29034551978111267,0.9772357723577236,0.7495934963226318,0.5395348837209303,0.9233870967741935,162.0,157.70803833007812
2020-12-15,0.3287169933319092,0.9626016260162602,0.7756097316741943,0.49777777777777776,0.9139344262295082,176.0,167.42633056640625
2020-12-16,0.30754518508911133,0.9707317073170731,0.7788617610931396,0.5370370370370371,0.9103585657370518,166.0,167.93482971191406
2020-12-17,0.29360559582710266,0.9772357723577236,0.7934959530830383,0.5446428571428571,0.9094567404426559,155.0,169.10992431640625
2020-12-18,0.325088232755661,0.959349593495935,0.7739837169647217,0.4824561403508772,0.9057377049180327,174.0,166.41943359375
2020-12-19,0.3178391456604004,0.9658536585365853,0.790243923664093,0.5178571428571429,0.9016064257028112,166.0,166.7344970703125
2020-12-20,0.3335428237915039,0.943089430894309,0.7609755992889404,0.5276595744680851,0.9208333333333333,201.0,160.67625427246094
2020-12-21,0.3038649260997772,0.9577235772357724,0.772357702255249,0.5486725663716814,0.9222903885480572,174.0,165.1393280029297
2020-12-22,0.33450135588645935,0.9577235772357724,0.7983739972114563,0.47863247863247865,0.8954918032786885,191.0,169.664794921875
2020-12-23,0.3369084298610687,0.9626016260162602,0.7967479825019836,0.49361702127659574,0.9087136929460581,190.0,171.4621124267578
2020-12-24,0.32107141613960266,0.959349593495935,0.7918699383735657,0.5579399141630901,0.9293139293139293,185.0,171.64085388183594
2020-12-25,0.29840174317359924,0.983739837398374,0.8227642178535461,0.5135135135135135,0.8946322067594433,143.0,175.74053955078125
2020-12-26,0.3144320249557495,0.9609756097560975,0.7918699383735657,0.49137931034482757,0.8961303462321792,168.0,170.521484375
2020-12-27,0.308419406414032,0.975609756097561,0.7837398648262024,0.4897959183673469,0.8998073217726397,145.0,169.55848693847656
2020-12-28,0.32249322533607483,0.9609756097560975,0.7756097316741943,0.4909090909090909,0.9144602851323829,172.0,165.626220703125
2020-12-29,0.3140683174133301,0.9642276422764228,0.800000011920929,0.5765765765765766,0.9158316633266533,182.0,170.3683624267578
2020-12-30,0.32913246750831604,0.967479674796748,0.8081300854682922,0.4700854700854701,0.8861788617886179,166.0,172.04673767089844
2020-12-31,0.33789899945259094,0.959349593495935,0.7983739972114563,0.5084745762711864,0.9107883817427386,196.0,169.346923828125
2021-01-01,0.36492666602134705,0.9349593495934959,0.8227642178535461,0.5020242914979757,0.8977035490605428,212.0,175.10305786132812
2021-01-02,0.31287330389022827,0.9707317073170731,0.8211382031440735,0.5045871559633027,0.8915187376725838,154.0,172.75955200195312
2021-01-03,0.3175688087940216,0.9691056910569106,0.7886179089546204,0.5377358490566038,0.9181636726546906,176.0,167.1081085205078
2021-01-04,0.3121032118797302,0.9691056910569106,0.8065040707588196,0.5739910313901345,0.9193548387096774,164.0,170.63763427734375
2021-01-05,0.31424233317375183,0.9658536585365853,0.795121967792511,0.5188679245283019,0.9123505976095617,166.0,170.5111541748047
2021-01-06,0.34109658002853394,0.9691056910569106,0.8211382031440735,0.47863247863247865,0.8918367346938776,174.0,174.4956512451172
2021-01-07,0.32725998759269714,0.9577235772357724,0.7983739972114563,0.5145228215767634,0.9083333333333333,184.0,171.94378662109375
2021-01-08,0.3321413993835449,0.959349593495935,0.8211382031440735,0.5176470588235295,0.9006342494714588,193.0,176.15098571777344
2021-01-09,0.32183322310447693,0.9609756097560975,0.8162601590156555,0.5537190082644629,0.9090909090909091,192.0,174.52731323242188
2021-01-10,0.3323824405670166,0.9626016260162602,0.8276422619819641,0.5086206896551724,0.8947368421052632,184.0,172.75001525878906
2021-01-11,0.3045083284378052,0.9772357723577236,0.8292682766914368,0.6063348416289592,0.9110671936758893,162.0,174.477294921875
2021-01-12,0.296432226896286,0.9772357723577236,0.8032520413398743,0.5240174672489083,0.901010101010101,168.0,175.19007873535156
2021-01-13,0.31002742052078247,0.9739837398373984,0.8130081295967102,0.5309734513274337,0.8997995991983968,170.0,173.71072387695312
2021-01-14,0.3237799406051636,0.9658536585365853,0.8243902325630188,0.5691699604743083,0.9194915254237288,202.0,177.07591247558594
2021-01-15,0.37614285945892334,0.9447154471544715,0.8341463208198547,0.5283018867924528,0.8993576017130621,226.0,179.3826904296875
2021-01-16,0.3310994505882263,0.9658536585365853,0.8211382031440735,0.5084745762711864,0.8995901639344263,179.0,180.27764892578125
2021-01-17,0.3104332387447357,0.9772357723577236,0.8276422619819641,0.509090909090909,0.8791423001949318,145.0,179.50668334960938
2021-01-18,0.3431585133075714,0.9544715447154472,0.8097561001777649,0.5846153846153846,0.924892703862661,211.0,175.5030517578125
2021-01-19,0.3425573706626892,0.9560975609756097,0.8065040707588196,0.5365853658536586,0.9024896265560166,195.0,177.11740112304688
2021-01-20,0.33663830161094666,0.9544715447154472,0.8243902325630188,0.5267489711934157,0.8916155419222904,184.0,177.5394287109375
2021-01-21,0.3314155340194702,0.975609756097561,0.8487805128097534,0.5365853658536586,0.8752515090543259,175.0,181.43209838867188
2021-01-22,0.3373820185661316,0.9479674796747968,0.8357723355293274,0.5615384615384615,0.8972746331236897,209.0,180.9708251953125
2021-01-23,0.3258366882801056,0.9642276422764228,0.8373983502388,0.5967741935483871,0.9055441478439425,185.0,181.65452575683594
2021-01-24,0.34025660157203674,0.9560975609756097,0.8373983502388,0.45,0.8701825557809331,174.0,178.0032958984375
2021-01-25,0.32311663031578064,0.9658536585365853,0.8260162472724915,0.5344827586206896,0.8882235528942116,167.0,176.5672607421875
2021-01-26,0.33664098381996155,0.9626016260162602,0.8406503796577454,0.5560165975103735,0.8927125506072875,185.0,177.22869873046875
2021-01-27,0.2958220839500427,0.983739837398374,0.8406503796577454,0.5701754385964912,0.8932806324110671,145.0,179.8764190673828
2021-01-28,0.31913068890571594,0.967479674796748,0.8341463208198547,0.5528455284552846,0.8864097363083164,181.0,180.81246948242188
2021-01-29,0.3643897771835327,0.9512195121951219,0.8666666746139526,0.5327868852459017,0.8808080808080808,195.0,184.05308532714844
2021-01-30,0.3191463053226471,0.9577235772357724,0.8243902325630188,0.5669291338582677,0.9096638655462185,190.0,176.1382293701172
2021-01-31,0.3225767910480499,0.9658536585365853,0.8373983502388,0.5344129554655871,0.891170431211499,175.0,180.07781982421875
2021-02-01,0.3135746717453003,0.9626016260162602,0.842276394367218,0.5891472868217055,0.9077568134171907,199.0,178.63092041015625
2021-02-02,0.30940237641334534,0.9707317073170731,0.8666666746139526,0.5968992248062015,0.8875255623721882,171.0,184.92803955078125
2021-02-03,0.34348177909851074,0.959349593495935,0.842276394367218,0.6345381526104418,0.9063136456211812,204.0,180.15399169921875
2021-02-04,0.3159259259700775,0.967479674796748,0.8569105863571167,0.5276595744680851,0.878727634194831,158.0,186.97036743164062
2021-02-05,0.33537015318870544,0.9577235772357724,0.8308942914009094,0.6377952755905512,0.9151138716356108,214.0,183.345947265625
2021-02-06,0.3482546806335449,0.9528455284552846,0.8520325422286987,0.5666666666666667,0.8967611336032388,196.0,185.52737426757812
2021-02-07,0.33090734481811523,0.975609756097561,0.8276422619819641,0.5188284518828452,0.8866396761133604,186.0,181.8257293701172
2021-02-08,0.3311014771461487,0.9642276422764228,0.8260162472724915,0.5416666666666666,0.8888888888888888,182.0,181.54237365722656
2021-02-09,0.30278828740119934,0.9707317073170731,0.8357723355293274,0.5201793721973094,0.8754863813229572,150.0,181.4851837158203
2021-02-10,0.32304447889328003,0.9707317073170731,0.8081300854682922,0.5738396624472574,0.9102040816326531,186.0,179.1305389404297
2021-02-11,0.3199348747730255,0.9707317073170731,0.8357723355293274,0.608,0.901840490797546,186.0,185.40304565429688
2021-02-12,0.3451276123523712,0.9577235772357724,0.8439024686813354,0.5643153526970954,0.8929292929292929,188.0,183.93028259277344
2021-02-13,0.33773672580718994,0.959349593495935,0.8341463208198547,0.5823754789272031,0.9090909090909091,205.0,180.12118530273438
2021-02-14,0.3247361481189728,0.9691056910569106,0.8292682766914368,0.5333333333333333,0.8959183673469387,182.0,179.01992797851562
2021-02-15,0.33732539415359497,0.9512195121951219,0.8292682766914368,0.6294820717131474,0.917184265010352,209.0,181.1436767578125
2021-02-16,0.3326801657676697,0.967479674796748,0.8373983502388,0.6129032258064516,0.9152892561983471,207.0,181.795166015625
2021-02-17,0.2884542942047119,0.9723577235772358,0.8357723355293274,0.5892116182572614,0.9100204498977505,177.0,183.3617401123047
2021-02-18,0.32000860571861267,0.9658536585365853,0.8504065275192261,0.528,0.8813905930470347,185.0,185.3384246826172
2021-02-19,0.3360688388347626,0.967479674796748,0.8471544981002808,0.5101214574898786,0.8923395445134575,188.0,187.50767517089844
2021-02-20,0.33974742889404297,0.9707317073170731,0.842276394367218,0.5737704918032787,0.8963414634146342,195.0,185.98109436035156
2021-02-21,0.29847580194473267,0.9723577235772358,0.8325203061103821,0.582995951417004,0.9072164948453608,187.0,181.17413330078125
2021-02-22,0.31187430024147034,0.9691056910569106,0.8341463208198547,0.5493562231759657,0.9046653144016227,173.0,183.8997039794922
2021-02-23,0.3135553002357483,0.9691056910569106,0.8243902325630188,0.5,0.8873239436619719,172.0,180.8446502685547
2021-02-24,0.30789268016815186,0.9772357723577236,0.8292682766914368,0.592274678111588,0.9166666666666666,175.0,181.57293701171875
2021-02-25,0.3344968259334564,0.9642276422764228,0.8390243649482727,0.5245901639344263,0.8950617283950617,191.0,185.06813049316406
2021-02-26,0.35538825392723083,0.9577235772357724,0.8325203061103821,0.48872180451127817,0.9,213.0,185.50155639648438
2021-02-27,0.3346581757068634,0.959349593495935,0.855284571647644,0.5761316872427984,0.8947368421052632,185.0,189.3218536376953
2021-02-28,0.32330000400543213,0.967479674796748,0.8227642178535461,0.5398230088495575,0.907258064516129,175.0,184.28297424316406
2021-03-01,0.30596908926963806,0.9658536585365853,0.8357723355293274,0.5916666666666667,0.9158110882956879,181.0,184.5501251220703
2021-03-02,0.32127904891967773,0.9723577235772358,0.8373983502388,0.5291479820627802,0.8913043478260869,160.0,182.0988311767578
2021-03-03,0.3173876404762268,0.9707317073170731,0.8243902325630188,0.502283105022831,0.8948412698412699,159.0,181.7782440185547
2021-03-04,0.2993498146533966,0.9691056910569106,0.8227642178535461,0.5738396624472574,0.9195876288659793,176.0,180.7246856689453
2021-03-05,0.3185611963272095,0.959349593495935,0.8373983502388,0.5394190871369294,0.8922764227642277,178.0,186.07154846191406
2021-03-06,0.3374040722846985,0.9577235772357724,0.8178861737251282,0.4773662551440329,0.8977035490605428,188.0,184.81529235839844
2021-03-07,0.3220685124397278,0.9658536585365853,0.8227642178535461,0.5520361990950227,0.908183632734531,173.0,181.04217529296875
2021-03-08,0.31403571367263794,0.9707317073170731,0.8211382031440735,0.4727272727272727,0.8957915831663327,148.0,181.4208221435547
2021-03-09,0.31161901354789734,0.9658536585365853,0.8113821148872375,0.5321888412017167,0.9006085192697769,167.0,174.46170043945312
2021-03-10,0.322361558675766,0.9723577235772358,0.8097561001777649,0.5244444444444445,0.903420523138833,176.0,178.27655029296875
2021-03-11,0.31689268350601196,0.9772357723577236,0.8195121884346008,0.4608294930875576,0.8784313725490196,145.0,180.82296752929688
2021-03-12,0.3335198760032654,0.9528455284552846,0.8065040707588196,0.5418326693227091,0.9171974522292994,196.0,178.17005920410156
2021-03-13,0.31586214900016785,0.9739837398373984,0.8227642178535461,0.5619834710743802,0.8981670061099797,167.0,178.7763671875
2021-03-14,0.30939245223999023,0.975609756097561,0.8097561001777649,0.4888888888888889,0.8864541832669323,157.0,177.84495544433594
2021-03-15,0.28607872128486633,0.9739837398373984,0.7918699383735657,0.5961538461538461,0.9214145383104125,149.0,173.86900329589844
2021-03-16,0.3015100359916687,0.9723577235772358,0.800000011920929,0.5272727272727272,0.9041916167664671,153.0,172.63916015625
2021-03-17,0.3117062449455261,0.9658536585365853,0.800000011920929,0.4778761061946903,0.8877755511022044,157.0,173.29379272460938
2021-03-18,0.349945992231369,0.967479674796748,0.7934959530830383,0.5363636363636364,0.9025844930417495,185.0,174.47763061523438
2021-03-19,0.3346579670906067,0.9560975609756097,0.7967479825019836,0.5232067510548524,0.9072164948453608,191.0,172.1135711669922
2021-03-20,0.33688268065452576,0.9577235772357724,0.8211382031440735,0.48034934497816595,0.8909090909090909,178.0,177.8360595703125
2021-03-21,0.33271467685699463,0.9691056910569106,0.8162601590156555,0.5022026431718062,0.8917835671342685,179.0,175.4150390625
2021-03-22,0.27148863673210144,0.9788617886178862,0.7967479825019836,0.5714285714285714,0.9207920792079208,144.0,170.55616760253906
2021-03-23,0.3178047239780426,0.9609756097560975,0.7756097316741943,0.514018691588785,0.9230769230769231,174.0,168.95565795898438
2021-03-24,0.31483420729637146,0.975609756097561,0.7869918942451477,0.4630541871921182,0.896484375,154.0,172.23013305664062
2021-03-25,0.3002951443195343,0.9739837398373984,0.7837398648262024,0.5178571428571429,0.9126016260162602,161.0,170.94482421875
2021-03-26,0.32779058814048767,0.9577235772357724,0.7886179089546204,0.5454545454545454,0.91,182.0,173.3280487060547
2021-03-27,0.31086912751197815,0.9707317073170731,0.772357702255249,0.45685279187817257,0.8955512572533849,136.0,171.0372772216797
2021-03-28,0.30205491185188293,0.9691056910569106,0.7756097316741943,0.5539906103286385,0.9238476953907816,165.0,165.7068328857422
2021-03-29,0.31665149331092834,0.9577235772357724,0.767479658126831,0.5514018691588785,0.9311740890688259,185.0,165.92922973632812
2021-03-30,0.30438703298568726,0.9739837398373984,0.7869918942451477,0.4976958525345622,0.904,159.0,165.263671875
2021-03-31,0.29806607961654663,0.967479674796748,0.7788617610931396,0.5619047619047619,0.9243027888446215,164.0,166.10791015625
2021-04-01,0.3280569016933441,0.9577235772357724,0.785365879535675,0.5132743362831859,0.9141104294478528,180.0,168.4691925048828
2021-04-02,0.3165724575519562,0.959349593495935,0.7934959530830383,0.5248868778280543,0.9076305220883534,166.0,168.90380859375
2021-04-03,0.3022485375404358,0.9788617886178862,0.7886179089546204,0.5213270142180095,0.9107142857142857,160.0,166.88978576660156
2021-04-04,0.3052804172039032,0.9772357723577236,0.800000011920929,0.5410628019323671,0.9027237354085603,144.0,168.4746551513672
2021-04-05,0.3092229962348938,0.9626016260162602,0.7739837169647217,0.4830917874396135,0.906930693069307,155.0,163.3293914794922
2021-04-06,0.28249338269233704,0.9691056910569106,0.7707316875457764,0.5051546391752577,0.914396887159533,134.0,163.79127502441406
2021-04-07,0.2769821584224701,0.9739837398373984,0.7642276287078857,0.5242718446601942,0.9186507936507936,142.0,160.51168823242188
2021-04-08,0.29742318391799927,0.9707317073170731,0.7756097316741943,0.4672897196261682,0.902,153.0,162.21688842773438
2021-04-09,0.3010519742965698,0.9739837398373984,0.7788617610931396,0.5588235294117647,0.9158512720156555,160.0,160.7958221435547
2021-04-10,0.31273528933525085,0.9626016260162602,0.772357702255249,0.4788732394366197,0.906,169.0,160.29232788085938
2021-04-11,0.2621929347515106,0.9869918699186991,0.767479658126831,0.5102040816326531,0.9036608863198459,128.0,159.1634063720703
2021-04-12,0.29487621784210205,0.975609756097561,0.7560975551605225,0.5229357798165137,0.9227642276422764,168.0,157.43905639648438
2021-04-13,0.31992217898368835,0.9642276422764228,0.7658536434173584,0.4954954954954955,0.9180327868852459,186.0,158.3963623046875
2021-04-14,0.3034631311893463,0.967479674796748,0.7560975551605225,0.4166666666666667,0.8955512572533849,141.0,161.21096801757812
2021-04-15,0.31105923652648926,0.9658536585365853,0.7349593639373779,0.4788732394366197,0.917004048582996,167.0,158.13125610351562
2021-04-16,0.3130106031894684,0.9528455284552846,0.7609755992889404,0.47577092511013214,0.9094650205761317,176.0,160.6697998046875
2021-04-17,0.3096746504306793,0.9528455284552846,0.7544715404510498,0.5130434782608696,0.9269311064718163,187.0,159.10092163085938
2021-04-18,0.2944709062576294,0.9707317073170731,0.7560975551605225,0.42424242424242425,0.8929961089494164,137.0,159.41477966308594
2021-04-19,0.31218069791793823,0.9560975609756097,0.7365853786468506,0.5,0.9235412474849095,174.0,154.8394775390625
2021-04-20,0.3087821304798126,0.9626016260162602,0.7495934963226318,0.5,0.9161676646706587,159.0,160.31568908691406
2021-04-21,0.2971200942993164,0.9609756097560975,0.7284553050994873,0.5283018867924528,0.9291497975708503,166.0,155.87899780273438
2021-04-22,0.36856716871261597,0.9349593495934959,0.7577235698699951,0.4444444444444444,0.8943089430894309,199.0,162.3104248046875
2021-04-23,0.3096432387828827,0.9609756097560975,0.7447154521942139,0.5137614678899083,0.9188640973630832,173.0,161.56959533691406
2021-04-24,0.32174450159072876,0.9577235772357724,0.7479674816131592,0.4864864864864865,0.9141104294478528,179.0,159.25796508789062
2021-04-25,0.28649643063545227,0.9772357723577236,0.7495934963226318,0.5395348837209303,0.9252525252525252,163.0,159.82286071777344
2021-04-26,0.32947051525115967,0.9512195121951219,0.7512195110321045,0.5714285714285714,0.9318637274549099,185.0,164.3807373046875
2021-04-27,0.2863459289073944,0.9772357723577236,0.7577235698699951,0.5358851674641149,0.9130434782608695,156.0,160.73849487304688
2021-04-28,0.2993104159832001,0.967479674796748,0.7414634227752686,0.5023696682464455,0.9085487077534792,161.0,160.4146728515625
2021-04-29,0.29948991537094116,0.9772357723577236,0.7804877758026123,0.5374449339207048,0.9107505070993914,167.0,162.908203125
2021-04-30,0.3175036907196045,0.9560975609756097,0.7528455257415771,0.5089285714285714,0.9124236252545825,178.0,162.4032440185547
2021-05-01,0.296111524105072,0.9658536585365853,0.7447154521942139,0.5471698113207547,0.9275653923541247,170.0,160.9839630126953
2021-05-02,0.3104727864265442,0.9577235772357724,0.7560975551605225,0.5308056872037915,0.9236947791164659,168.0,159.81723022460938
2021-05-03,0.31095173954963684,0.9560975609756097,0.7560975551605225,0.5636363636363636,0.9251012145748988,171.0,159.99960327148438
2021-05-04,0.3063514530658722,0.9642276422764228,0.7560975551605225,0.5192307692307693,0.9092702169625246,161.0,161.01730346679688
2021-05-05,0.33499255776405334,0.959349593495935,0.7577235698699951,0.4474885844748858,0.89,171.0,163.4668731689453
2021-05-06,0.32930222153663635,0.9577235772357724,0.7593495845794678,0.4774774774774775,0.89738430583501,167.0,161.44485473632812
2021-05-07,0.31178733706474304,0.9609756097560975,0.7739837169647217,0.4845814977973568,0.9004065040650406,175.0,163.26734924316406
2021-05-08,0.3379925489425659,0.9495934959349593,0.7593495845794678,0.44036697247706424,0.898989898989899,178.0,165.51840209960938
2021-05-09,0.2993926405906677,0.9723577235772358,0.7544715404510498,0.5673076923076923,0.9191321499013807,162.0,161.93209838867188
2021-05-10,0.3017129600048065,0.9609756097560975,0.7626016139984131,0.5596330275229358,0.9252525252525252,169.0,160.4127655029297
2021-05-11,0.28648409247398376,0.9739837398373984,0.767479658126831,0.5045871559633027,0.905811623246493,152.0,161.85455322265625
2021-05-12,0.3071712553501129,0.967479674796748,0.7609755992889404,0.4528301886792453,0.9001996007984032,152.0,160.1095428466797
2021-05-13,0.3290558457374573,0.9626016260162602,0.7869918942451477,0.5327510917030568,0.9012096774193549,181.0,166.5697021484375
2021-05-14,0.3168896734714508,0.9658536585365853,0.7804877758026123,0.5345622119815668,0.9138276553106213,175.0,165.11764526367188
2021-05-15,0.3408127427101135,0.9560975609756097,0.7821138501167297,0.5569620253164557,0.9230769230769231,201.0,166.37075805664062
2021-05-16,0.29411590099334717,0.975609756097561,0.7691056728363037,0.4953271028037383,0.9025844930417495,152.0,164.0198974609375
2021-05-17,0.3194584548473358,0.959349593495935,0.7658536434173584,0.4594594594594595,0.896969696969697,170.0,163.86428833007812
2021-05-18,0.3098670244216919,0.9642276422764228,0.772357702255249,0.4792626728110599,0.9,162.0,163.3353271484375
2021-05-19,0.3096025288105011,0.9691056910569106,0.785365879535675,0.46226415094339623,0.8950495049504951,154.0,163.37997436523438
2021-05-20,0.32467007637023926,0.9560975609756097,0.7886179089546204,0.4827586206896552,0.9089026915113871,186.0,164.289306640625
2021-05-21,0.31273162364959717,0.9626016260162602,0.7788617610931396,0.5526315789473685,0.9221311475409836,183.0,166.99412536621094
2021-05-22,0.32121607661247253,0.9626016260162602,0.7869918942451477,0.5076142131979695,0.9,154.0,166.499755859375
2021-05-23,0.29911351203918457,0.9658536585365853,0.767479658126831,0.5145631067961165,0.9094488188976378,155.0,162.33383178710938
2021-05-24,0.3283783793449402,0.9560975609756097,0.7739837169647217,0.5575221238938053,0.9281314168377823,200.0,161.06228637695312
2021-05-25,0.31114357709884644,0.9723577235772358,0.7821138501167297,0.5092592592592593,0.908,160.0,165.0189208984375
2021-05-26,0.29558923840522766,0.9707317073170731,0.7658536434173584,0.5263157894736842,0.9165009940357853,156.0,160.75717163085938
2021-05-27,0.30663836002349854,0.9642276422764228,0.7707316875457764,0.586046511627907,0.9241516966067864,170.0,166.59933471679688
2021-05-28,0.33034753799438477,0.9495934959349593,0.7967479825019836,0.4978540772532189,0.9147609147609148,185.0,168.11109924316406
2021-05-29,0.31575942039489746,0.9739837398373984,0.8065040707588196,0.4975609756097561,0.90748031496063,159.0,168.43606567382812
2021-05-30,0.29238057136535645,0.975609756097561,0.7983739972114563,0.5258215962441315,0.9141716566866267,160.0,164.86363220214844
2021-05-31,0.3230776786804199,0.9609756097560975,0.7918699383735657,0.4392523364485981,0.9014084507042254,158.0,166.2071075439453
2021-06-01,0.34726423025131226,0.9528455284552846,0.772357702255249,0.5063291139240507,0.9260042283298098,208.0,161.20458984375
2021-06-02,0.3024119734764099,0.9691056910569106,0.7967479825019836,0.49760765550239233,0.9087301587301587,145.0,165.01364135742188
2021-06-03,0.3329150676727295,0.9512195121951219,0.7837398648262024,0.5412844036697247,0.926829268292683,187.0,166.55899047851562
2021-06-04,0.31221505999565125,0.9658536585365853,0.7983739972114563,0.4423076923076923,0.893491124260355,144.0,169.2504119873047
2021-06-05,0.3025866150856018,0.9723577235772358,0.7804877758026123,0.5161290322580645,0.9134808853118712,161.0,161.3568115234375
2021-06-06,0.3061366677284241,0.967479674796748,0.772357702255249,0.49514563106796117,0.9072978303747534,153.0,161.94772338867188
2021-06-07,0.3029927611351013,0.9658536585365853,0.7756097316741943,0.49038461538461536,0.9123505976095617,155.0,163.32485961914062
2021-06-08,0.29416853189468384,0.9691056910569106,0.767479658126831,0.5142857142857142,0.9272727272727272,168.0,157.77825927734375
2021-06-09,0.30585408210754395,0.9691056910569106,0.790243923664093,0.5327102803738317,0.9123505976095617,168.0,164.16244506835938
2021-06-10,0.32994529604911804,0.959349593495935,0.800000011920929,0.44052863436123346,0.8938775510204081,173.0,167.58978271484375
2021-06-11,0.33840471506118774,0.9577235772357724,0.790243923664093,0.48598130841121495,0.9096385542168675,186.0,164.97633361816406
2021-06-12,0.31386181712150574,0.9642276422764228,0.785365879535675,0.5283018867924528,0.918,171.0,164.29469299316406
2021-06-13,0.28169751167297363,0.9821138211382113,0.777235746383667,0.5050505050505051,0.912109375,139.0,162.366455078125
2021-06-14,0.2834721803665161,0.9691056910569106,0.7691056728363037,0.48205128205128206,0.9103313840155945,137.0,161.6926727294922
2021-06-15,0.3382404148578644,0.9528455284552846,0.7658536434173584,0.4744186046511628,0.9204081632653062,188.0,162.37835693359375
2021-06-16,0.31463032960891724,0.9609756097560975,0.7756097316741943,0.45410628019323673,0.9136546184738956,162.0,162.8934783935547
2021-06-17,0.3134130537509918,0.9609756097560975,0.777235746383667,0.4824120603015075,0.9098039215686274,158.0,164.0767822265625
2021-06-18,0.370242714881897,0.9365853658536586,0.7707316875457764,0.5110132158590308,0.9272349272349273,224.0,162.73558044433594
2021-06-19,0.30413204431533813,0.975609756097561,0.7821138501167297,0.5242718446601942,0.9168316831683169,160.0,165.565673828125
2021-06-20,0.3129664361476898,0.9479674796747968,0.767479658126831,0.4840182648401826,0.907070707070707,169.0,160.88998413085938
2021-06-21,0.3261835277080536,0.9560975609756097,0.772357702255249,0.4810126582278481,0.9177215189873418,198.0,163.94252014160156
2021-06-22,0.3110712766647339,0.959349593495935,0.7756097316741943,0.45662100456621,0.902834008097166,167.0,166.10543823242188
2021-06-23,0.30211344361305237,0.9658536585365853,0.7918699383735657,0.5170731707317073,0.9096267190569745,154.0,166.90969848632812
2021-06-24,0.3139938712120056,0.959349593495935,0.7886179089546204,0.5126050420168067,0.9106029106029107,183.0,168.31253051757812
2021-06-25,0.3205251395702362,0.9609756097560975,0.8016260266304016,0.5086206896551724,0.9208333333333333,180.0,171.51144409179688
2021-06-26,0.3234412670135498,0.9691056910569106,0.7756097316741943,0.5120772946859904,0.9146825396825397,176.0,167.39503479003906
2021-06-27,0.33753663301467896,0.9609756097560975,0.772357702255249,0.44339622641509435,0.9,182.0,163.32101440429688
2021-06-28,0.3116491436958313,0.967479674796748,0.7804877758026123,0.5570776255707762,0.9288617886178862,175.0,166.13253784179688
2021-06-29,0.3116605877876282,0.9723577235772358,0.785365879535675,0.47619047619047616,0.8956692913385826,150.0,170.0556640625
2021-06-30,0.3411588966846466,0.9479674796747968,0.7512195110321045,0.46956521739130436,0.9126819126819127,201.0,164.21109008789062
2021-07-01,0.35228702425956726,0.9447154471544715,0.785365879535675,0.544,0.9311827956989247,223.0,172.61026000976562
2021-07-02,0.3706500232219696,0.9414634146341463,0.8097561001777649,0.5590551181102362,0.9152542372881356,226.0,175.463134765625
2021-07-03,0.30662837624549866,0.967479674796748,0.8130081295967102,0.6222222222222222,0.9218436873747495,172.0,176.47283935546875
2021-07-04,0.32247576117515564,0.9707317073170731,0.8032520413398743,0.4935064935064935,0.8963414634146342,179.0,173.6278839111328
2021-07-05,0.34309515357017517,0.9560975609756097,0.8065040707588196,0.4778761061946903,0.8895582329317269,176.0,172.94387817382812
2021-07-06,0.31598174571990967,0.9642276422764228,0.8048780560493469,0.625,0.9164969450101833,184.0,174.84352111816406
2021-07-07,0.3192843198776245,0.9723577235772358,0.8178861737251282,0.48,0.8897795591182365,169.0,178.27706909179688
2021-07-08,0.3581577241420746,0.9479674796747968,0.8130081295967102,0.5447154471544715,0.9083333333333333,200.0,177.54359436035156
2021-07-09,0.33365398645401,0.9658536585365853,0.8178861737251282,0.5407725321888412,0.893574297188755,177.0,180.50985717773438
2021-07-10,0.32963797450065613,0.9577235772357724,0.8016260266304016,0.5551020408163265,0.9049586776859504,191.0,176.76528930664062
2021-07-11,0.31502947211265564,0.9739837398373984,0.8081300854682922,0.5866666666666667,0.9101796407185628,165.0,172.91796875
2021-07-12,0.31669771671295166,0.9691056910569106,0.8048780560493469,0.543859649122807,0.9016064257028112,161.0,173.69973754882812
2021-07-13,0.3077476918697357,0.967479674796748,0.8113821148872375,0.5523012552301255,0.9057377049180327,181.0,177.43931579589844
2021-07-14,0.33742815256118774,0.9642276422764228,0.8211382031440735,0.559322033898305,0.898989898989899,183.0,175.73193359375
2021-07-15,0.3119499087333679,0.967479674796748,0.8065040707588196,0.5355648535564853,0.8997955010224948,178.0,179.86195373535156
2021-07-16,0.31119751930236816,0.9691056910569106,0.8292682766914368,0.5551020408163265,0.8884381338742393,171.0,181.84141540527344
2021-07-17,0.3277454376220703,0.9642276422764228,0.8211382031440735,0.5169491525423728,0.8817635270541082,177.0,178.18475341796875
2021-07-18,0.29295724630355835,0.9788617886178862,0.795121967792511,0.4954954954954955,0.8818897637795275,142.0,175.48728942871094
2021-07-19,0.3029232919216156,0.975609756097561,0.800000011920929,0.5398230088495575,0.8946322067594433,164.0,171.75607299804688
2021-07-20,0.3020308315753937,0.9739837398373984,0.8016260266304016,0.5811965811965812,0.9107505070993914,168.0,173.09637451171875
2021-07-21,0.30504295229911804,0.9723577235772358,0.8065040707588196,0.5152838427947598,0.8864541832669323,162.0,175.08883666992188
2021-07-22,0.32889026403427124,0.9609756097560975,0.8016260266304016,0.5925925925925926,0.9135802469135802,199.0,171.87965393066406
2021-07-23,0.3191317021846771,0.9528455284552846,0.8016260266304016,0.5806451612903226,0.9014373716632443,187.0,176.18148803710938
2021-07-24,0.3394028842449188,0.9577235772357724,0.8016260266304016,0.5327510917030568,0.894,184.0,175.74395751953125
2021-07-25,0.30145832896232605,0.9723577235772358,0.7967479825019836,0.5344827586206896,0.8953722334004024,163.0,174.9216766357422
2021-07-26,0.34682217240333557,0.9609756097560975,0.7983739972114563,0.5603448275862069,0.9014084507042254,191.0,174.077392578125
2021-07-27,0.3262929618358612,0.9723577235772358,0.8178861737251282,0.540084388185654,0.8893360160965795,180.0,177.2533721923828
2021-07-28,0.30603107810020447,0.9691056910569106,0.8146341443061829,0.5416666666666666,0.8924949290060852,167.0,175.22268676757812
2021-07-29,0.2977679371833801,0.9723577235772358,0.8162601590156555,0.5132743362831859,0.8799212598425197,149.0,176.96075439453125
2021-07-30,0.3215956389904022,0.9544715447154472,0.795121967792511,0.5925925925925926,0.9154639175257732,193.0,174.84170532226562
2021-07-31,0.296779066324234,0.967479674796748,0.8016260266304016,0.5726872246696035,0.906,168.0,175.59121704101562
2021-08-01,0.33575281500816345,0.9560975609756097,0.7934959530830383,0.5573770491803278,0.9107883817427386,199.0,172.2783203125
2021-08-02,0.29767921566963196,0.9723577235772358,0.8178861737251282,0.5798319327731093,0.9102040816326531,173.0,175.8502655029297
2021-08-03,0.30622559785842896,0.967479674796748,0.7967479825019836,0.48695652173913045,0.8873239436619719,158.0,173.02435302734375
2021-08-04,0.3309566080570221,0.9560975609756097,0.7934959530830383,0.5431034482758621,0.89738430583501,187.0,171.80746459960938
2021-08-05,0.3251766264438629,0.9528455284552846,0.8130081295967102,0.5,0.8830645161290323,171.0,174.22714233398438
2021-08-06,0.30972734093666077,0.967479674796748,0.7967479825019836,0.5625,0.9043824701195219,172.0,171.38241577148438
2021-08-07,0.3213740587234497,0.9658536585365853,0.800000011920929,0.5267857142857143,0.8982035928143712,168.0,174.3813934326172
2021-08-08,0.3296734094619751,0.9528455284552846,0.7918699383735657,0.5726495726495726,0.9105691056910569,184.0,171.3093719482422
2021-08-09,0.3197908103466034,0.9626016260162602,0.7788617610931396,0.5585585585585585,0.9154929577464789,172.0,169.19711303710938
2021-08-10,0.32740598917007446,0.967479674796748,0.8016260266304016,0.4424778761061947,0.8762475049900199,157.0,172.02627563476562
2021-08-11,0.29946327209472656,0.9642276422764228,0.7869918942451477,0.5021645021645021,0.8983739837398373,161.0,168.01747131347656
2021-08-12,0.31331828236579895,0.9642276422764228,0.7934959530830383,0.452991452991453,0.8785425101214575,162.0,168.97494506835938
2021-08-13,0.3244684040546417,0.9609756097560975,0.790243923664093,0.5638766519823789,0.9094567404426559,184.0,168.776611328125
2021-08-14,0.30904436111450195,0.967479674796748,0.7886179089546204,0.5209302325581395,0.9011857707509882,167.0,171.0306396484375
2021-08-15,0.30714675784111023,0.9544715447154472,0.7934959530830383,0.5523012552301255,0.9020408163265307,179.0,167.64193725585938
2021-08-16,0.3036401867866516,0.9642276422764228,0.790243923664093,0.5982142857142857,0.916,173.0,170.85159301757812
2021-08-17,0.3358493745326996,0.9544715447154472,0.7691056728363037,0.5286343612334802,0.9050505050505051,176.0,166.798828125
2021-08-18,0.3043367266654968,0.9723577235772358,0.8065040707588196,0.5398230088495575,0.9054325955734407,165.0,171.65167236328125
2021-08-19,0.3093739151954651,0.9626016260162602,0.8016260266304016,0.5702127659574469,0.9141104294478528,170.0,171.25201416015625
2021-08-20,0.36257508397102356,0.9463414634146341,0.795121967792511,0.528,0.9112050739957717,225.0,172.1180419921875
2021-08-21,0.33435600996017456,0.9642276422764228,0.8243902325630188,0.5573770491803278,0.9070247933884298,197.0,179.7406005859375
2021-08-22,0.3194369673728943,0.9658536585365853,0.8016260266304016,0.543778801843318,0.9067460317460317,168.0,176.90606689453125
2021-08-23,0.31917306780815125,0.959349593495935,0.800000011920929,0.5370370370370371,0.9013806706114399,170.0,171.62625122070312
2021-08-24,0.3211517930030823,0.9609756097560975,0.7869918942451477,0.5714285714285714,0.9173387096774194,175.0,170.46697998046875
2021-08-25,0.2939789593219757,0.9739837398373984,0.8113821148872375,0.5638766519823789,0.9131313131313131,166.0,173.7233428955078
2021-08-26,0.30704188346862793,0.9772357723577236,0.800000011920929,0.5619834710743802,0.9074074074074074,179.0,170.93370056152344
2021-08-27,0.37706854939460754,0.9447154471544715,0.8113821148872375,0.5328185328185329,0.9042553191489362,230.0,175.61935424804688
2021-08-28,0.33725953102111816,0.9577235772357724,0.8146341443061829,0.6083333333333333,0.9161554192229039,204.0,175.1541748046875
2021-08-29,0.30504482984542847,0.975609756097561,0.8146341443061829,0.6297872340425532,0.9134808853118712,178.0,176.9019775390625
2021-08-30,0.31582701206207275,0.9691056910569106,0.8113821148872375,0.5166666666666667,0.8936605316973415,175.0,174.49868774414062
2021-08-31,0.29827311635017395,0.967479674796748,0.8081300854682922,0.5714285714285714,0.9090909090909091,172.0,172.39688110351562
2021-09-01,0.33458033204078674,0.9577235772357724,0.8113821148872375,0.5542168674698795,0.9100418410041841,210.0,177.24191284179688
2021-09-02,0.3415851294994354,0.9626016260162602,0.8243902325630188,0.5276595744680851,0.8875502008032129,188.0,179.38400268554688
2021-09-03,0.3349807560443878,0.9512195121951219,0.8178861737251282,0.5795918367346938,0.9055441478439425,195.0,178.47406005859375
2021-09-04,0.3036993741989136,0.967479674796748,0.8292682766914368,0.5809128630705395,0.896969696969697,173.0,178.26589965820312
2021-09-05,0.31113335490226746,0.9609756097560975,0.8146341443061829,0.5254237288135594,0.8873239436619719,170.0,177.48257446289062
2021-09-06,0.3242032825946808,0.9658536585365853,0.8195121884346008,0.4864864864864865,0.8816568047337278,159.0,174.51870727539062
2021-09-07,0.3276732265949249,0.9609756097560975,0.790243923664093,0.4909090909090909,0.8926441351888668,173.0,173.68724060058594
2021-09-08,0.30531638860702515,0.9723577235772358,0.7869918942451477,0.543859649122807,0.907070707070707,175.0,174.75869750976562
2021-09-09,0.3078882098197937,0.9642276422764228,0.7967479825019836,0.525,0.9049586776859504,181.0,174.32470703125
2021-09-10,0.320900559425354,0.9642276422764228,0.8048780560493469,0.5772357723577236,0.9128630705394191,187.0,177.27291870117188
2021-09-11,0.3131304979324341,0.9658536585365853,0.7983739972114563,0.5294117647058824,0.9072164948453608,183.0,175.568115234375
2021-09-12,0.34279924631118774,0.943089430894309,0.8065040707588196,0.5569620253164557,0.9061224489795918,198.0,175.4793701171875
2021-09-13,0.313229501247406,0.9739837398373984,0.8308942914009094,0.543859649122807,0.903420523138833,177.0,177.39776611328125
2021-09-14,0.33196425437927246,0.9560975609756097,0.8195121884346008,0.5431034482758621,0.901010101010101,182.0,177.4415283203125
2021-09-15,0.31276190280914307,0.9723577235772358,0.8081300854682922,0.5175438596491229,0.901010101010101,176.0,175.31431579589844
2021-09-16,0.32402756810188293,0.959349593495935,0.8292682766914368,0.551440329218107,0.888663967611336,176.0,179.06875610351562
2021-09-17,0.31747400760650635,0.9642276422764228,0.8439024686813354,0.5896414342629482,0.9012345679012346,191.0,183.45022583007812
2021-09-18,0.3338736891746521,0.959349593495935,0.8308942914009094,0.556390977443609,0.9038461538461539,209.0,181.40533447265625
2021-09-19,0.309766948223114,0.975609756097561,0.8178861737251282,0.5294117647058824,0.8997955010224948,174.0,177.8643798828125
2021-09-20,0.3235514461994171,0.9577235772357724,0.8016260266304016,0.563265306122449,0.9126819126819127,183.0,177.20623779296875
2021-09-21,0.32018089294433594,0.9707317073170731,0.8260162472724915,0.5381526104417671,0.8964803312629399,187.0,180.4611358642578
2021-09-22,0.3333342671394348,0.9560975609756097,0.8113821148872375,0.6122448979591837,0.9194214876033058,201.0,179.71707153320312
2021-09-23,0.3259618878364563,0.967479674796748,0.8341463208198547,0.5691056910569106,0.9014373716632443,185.0,182.46795654296875
2021-09-24,0.3841620087623596,0.9398373983739837,0.8455284833908081,0.5190839694656488,0.8957446808510638,237.0,184.94729614257812
2021-09-25,0.32666143774986267,0.9642276422764228,0.8373983502388,0.5952380952380952,0.9087136929460581,199.0,184.7357940673828
2021-09-26,0.324516236782074,0.9626016260162602,0.8292682766914368,0.5344129554655871,0.8948453608247423,186.0,183.54942321777344
2021-09-27,0.31353959441185,0.9804878048780488,0.8406503796577454,0.512396694214876,0.8877551020408163,174.0,181.12393188476562
2021-09-28,0.33425968885421753,0.967479674796748,0.8211382031440735,0.5783132530120482,0.906832298136646,202.0,180.622802734375
2021-09-29,0.3432329297065735,0.959349593495935,0.8341463208198547,0.5238095238095238,0.8900414937759336,201.0,185.19461059570312
2021-09-30,0.3468899130821228,0.959349593495935,0.8325203061103821,0.5344827586206896,0.8882235528942116,179.0,184.8681640625
2021-10-01,0.3655701279640198,0.959349593495935,0.842276394367218,0.5886524822695035,0.9082969432314411,248.0,184.63803100585938
2021-10-02,0.34014198184013367,0.9609756097560975,0.8504065275192261,0.5525291828793775,0.8845360824742268,193.0,188.07449340820312
2021-10-03,0.33688119053840637,0.967479674796748,0.8308942914009094,0.5555555555555556,0.8909465020576132,200.0,183.0074920654297
2021-10-04,0.33365607261657715,0.9577235772357724,0.8243902325630188,0.5416666666666666,0.8924949290060852,182.0,184.66502380371094
2021-10-05,0.3371606469154358,0.9642276422764228,0.8487805128097534,0.555984555984556,0.8991596638655462,205.0,186.62088012695312
2021-10-06,0.33460527658462524,0.9707317073170731,0.842276394367218,0.5736434108527132,0.8868312757201646,195.0,189.0224151611328
2021-10-07,0.353538453578949,0.9544715447154472,0.8406503796577454,0.512,0.8827160493827161,202.0,188.6847381591797
2021-10-08,0.3393997251987457,0.967479674796748,0.8585366010665894,0.6181818181818182,0.9081196581196581,230.0,190.96502685546875
2021-10-09,0.37245360016822815,0.9495934959349593,0.8731707334518433,0.5725190839694656,0.8842975206611571,216.0,191.66836547851562
2021-10-10,0.3350341320037842,0.9642276422764228,0.8569105863571167,0.5791505791505791,0.890495867768595,198.0,188.5535430908203
2021-10-11,0.3387080132961273,0.9544715447154472,0.8390243649482727,0.5390625,0.8861283643892339,193.0,185.44467163085938
2021-10-12,0.33424118161201477,0.9723577235772358,0.8747967481613159,0.5663082437275986,0.8848614072494669,219.0,189.10577392578125
2021-10-13,0.3104649484157562,0.9788617886178862,0.8959349393844604,0.5116279069767442,0.8493975903614458,163.0,195.99517822265625
2021-10-14,0.34492751955986023,0.9609756097560975,0.8585366010665894,0.6192468619246861,0.8910891089108911,195.0,191.68002319335938
2021-10-15,0.36893022060394287,0.9463414634146341,0.8959349393844604,0.5714285714285714,0.8742004264392325,231.0,197.71688842773438
2021-10-16,0.33267658948898315,0.9658536585365853,0.869918704032898,0.552,0.8821138211382114,185.0,195.37442016601562
2021-10-17,0.33051618933677673,0.959349593495935,0.8260162472724915,0.55,0.8981670061099797,194.0,184.7307891845703
2021-10-18,0.35435977578163147,0.9512195121951219,0.8373983502388,0.5597014925373134,0.8921775898520085,223.0,188.95774841308594
2021-10-19,0.3463846743106842,0.9512195121951219,0.8504065275192261,0.5214007782101168,0.8726899383983573,192.0,190.4451446533203
2021-10-20,0.33279019594192505,0.9577235772357724,0.8471544981002808,0.532258064516129,0.885480572597137,182.0,190.16990661621094
2021-10-21,0.3470001220703125,0.9626016260162602,0.8731707334518433,0.5942028985507246,0.8938428874734607,219.0,192.5196533203125
2021-10-22,0.36245882511138916,0.9414634146341463,0.8813008069992065,0.5808823529411765,0.8940677966101694,217.0,198.80288696289062
2021-10-23,0.34426170587539673,0.967479674796748,0.8894308805465698,0.5390625,0.8788501026694046,193.0,195.0787353515625
2021-10-24,0.340023010969162,0.9691056910569106,0.8682926893234253,0.5271966527196653,0.878,191.0,191.1002960205078
2021-10-25,0.3466726243495941,0.9658536585365853,0.860162615776062,0.5142857142857142,0.8747474747474747,194.0,187.75027465820312
2021-10-26,0.3236008584499359,0.967479674796748,0.86504065990448,0.5855513307984791,0.8900414937759336,200.0,191.05880737304688
2021-10-27,0.3676474988460541,0.959349593495935,0.855284571647644,0.5859375,0.906054279749478,226.0,191.66961669921875
2021-10-28,0.3479192852973938,0.9528455284552846,0.8796747922897339,0.562962962962963,0.8881856540084389,214.0,196.73541259765625
2021-10-29,0.3912270963191986,0.9479674796747968,0.8813008069992065,0.5882352941176471,0.8886554621848739,238.0,200.53887939453125
2021-10-30,0.35963761806488037,0.9577235772357724,0.8634146451950073,0.599250936329588,0.8991596638655462,227.0,194.6355438232422
2021-10-31,0.3552772104740143,0.9528455284552846,0.8796747922897339,0.5692307692307692,0.8881987577639752,216.0,195.91351318359375
2021-11-01,0.3636026382446289,0.967479674796748,0.8666666746139526,0.6222222222222222,0.9147121535181236,235.0,193.14578247070312
2021-11-02,0.33994051814079285,0.9560975609756097,0.8731707334518433,0.5418326693227091,0.8744939271255061,181.0,195.21746826171875
2021-11-03,0.3518432378768921,0.9707317073170731,0.8731707334518433,0.5793650793650794,0.8825910931174089,199.0,196.58847045898438
2021-11-04,0.3697795867919922,0.9642276422764228,0.8715447187423706,0.5528455284552846,0.8918367346938776,208.0,195.93113708496094
2021-11-05,0.4031515121459961,0.9414634146341463,0.8796747922897339,0.5208333333333334,0.881578947368421,258.0,196.57205200195312
2021-11-06,0.3730805218219757,0.9495934959349593,0.8894308805465698,0.6367041198501873,0.9058577405857741,237.0,201.29705810546875
2021-11-07,0.3398480713367462,0.9642276422764228,0.8634146451950073,0.5485232067510548,0.886,191.0,196.995849609375
2021-11-08,0.33009493350982666,0.9691056910569106,0.855284571647644,0.5783132530120482,0.9012345679012346,196.0,190.97979736328125
2021-11-09,0.345999538898468,0.959349593495935,0.8780487775802612,0.518796992481203,0.8837209302325582,203.0,196.5740966796875
2021-11-10,0.3912849724292755,0.9382113821138212,0.8666666746139526,0.49429657794676807,0.8723849372384938,217.0,193.0408935546875
2021-11-11,0.3384300768375397,0.9577235772357724,0.8813008069992065,0.5223880597014925,0.8778947368421053,204.0,196.6099090576172
2021-11-12,0.3918525278568268,0.9528455284552846,0.8829268217086792,0.5144927536231884,0.8798283261802575,234.0,199.04428100585938
2021-11-13,0.33443236351013184,0.9723577235772358,0.8943089246749878,0.5625,0.8760162601626016,189.0,196.8759765625
2021-11-14,0.32257798314094543,0.9788617886178862,0.86504065990448,0.4789915966386555,0.8662674650698603,159.0,192.45425415039062
2021-11-15,0.3545518219470978,0.9658536585365853,0.8634146451950073,0.5281385281385281,0.8794466403162056,185.0,188.87574768066406
2021-11-16,0.33541250228881836,0.975609756097561,0.8357723355293274,0.5210084033613446,0.8904665314401623,182.0,185.37594604492188
2021-11-17,0.3450254499912262,0.9577235772357724,0.86504065990448,0.5596707818930041,0.8835341365461847,181.0,190.5301055908203
2021-11-18,0.379788875579834,0.9528455284552846,0.86504065990448,0.5207547169811321,0.8747390396659708,224.0,191.9196014404297
2021-11-19,0.37556445598602295,0.9447154471544715,0.869918704032898,0.5917602996254682,0.8989473684210526,236.0,196.2513427734375
2021-11-20,0.3379467725753784,0.959349593495935,0.8585366010665894,0.5650557620817844,0.8940677966101694,210.0,194.49826049804688
2021-11-21,0.3222810924053192,0.9723577235772358,0.8520325422286987,0.5630252100840336,0.896969696969697,175.0,186.8232421875
2021-11-22,0.36817309260368347,0.9560975609756097,0.8504065275192261,0.6055776892430279,0.9034907597535934,224.0,188.11244201660156
2021-11-23,0.36425620317459106,0.9528455284552846,0.8731707334518433,0.5747126436781609,0.8900414937759336,202.0,194.00384521484375
2021-11-24,0.37009814381599426,0.9495934959349593,0.8682926893234253,0.5547445255474452,0.892933618843683,234.0,190.16314697265625
2021-11-25,0.3545570373535156,0.959349593495935,0.8910568952560425,0.48120300751879697,0.8515463917525773,177.0,196.230224609375
2021-11-26,0.3223375082015991,0.9707317073170731,0.8878048658370972,0.528,0.862,156.0,195.7973175048828
2021-11-27,0.32326456904411316,0.975609756097561,0.8569105863571167,0.5652173913043478,0.8858267716535433,173.0,189.4642333984375
2021-11-28,0.3266286849975586,0.9723577235772358,0.8357723355293274,0.5968992248062015,0.921443736730361,212.0,182.01841735839844
2021-11-29,0.3398467004299164,0.9626016260162602,0.842276394367218,0.5291828793774319,0.891213389121339,197.0,187.5546417236328
2021-11-30,0.37225234508514404,0.9512195121951219,0.855284571647644,0.4921875,0.8701030927835052,213.0,187.77362060546875
2021-12-01,0.38123834133148193,0.9414634146341463,0.8715447187423706,0.5637583892617449,0.8950892857142857,252.0,187.43270874023438
2021-12-02,0.33615317940711975,0.9707317073170731,0.9040650129318237,0.5977859778597786,0.8835758835758836,207.0,196.8272705078125
2021-12-03,0.38868364691734314,0.9528455284552846,0.8975609540939331,0.6028368794326241,0.88,235.0,195.72039794921875
2021-12-04,0.34695887565612793,0.975609756097561,0.8894308805465698,0.5770750988142292,0.8823529411764706,200.0,191.59498596191406
2021-12-05,0.33603233098983765,0.9658536585365853,0.8634146451950073,0.5882352941176471,0.8987603305785123,198.0,188.49278259277344
2021-12-06,0.33934205770492554,0.9577235772357724,0.8894308805465698,0.5954198473282443,0.8850102669404517,206.0,194.53907775878906
2021-12-07,0.31173840165138245,0.9772357723577236,0.8829268217086792,0.59375,0.8823529411764706,175.0,194.42127990722656
2021-12-08,0.38047683238983154,0.9544715447154472,0.8829268217086792,0.6051660516605166,0.8930817610062893,232.0,192.66928100585938
2021-12-09,0.3411371409893036,0.9577235772357724,0.86504065990448,0.5606060606060606,0.8817427385892116,196.0,193.53341674804688
2021-12-10,0.37338986992836,0.9544715447154472,0.8569105863571167,0.5977011494252874,0.8962655601659751,231.0,191.06100463867188
2021-12-11,0.33892324566841125,0.9642276422764228,0.8504065275192261,0.5447470817120622,0.8806584362139918,200.0,192.32501220703125
2021-12-12,0.31465157866477966,0.9723577235772358,0.8406503796577454,0.5872340425531914,0.8908730158730159,173.0,190.17364501953125
2021-12-13,0.35312405228614807,0.9658536585365853,0.8487805128097534,0.5747126436781609,0.897489539748954,216.0,186.4155731201172
2021-12-14,0.35514551401138306,0.967479674796748,0.8715447187423706,0.5176470588235295,0.8640973630831643,190.0,197.78738403320312
2021-12-15,0.35094141960144043,0.9609756097560975,0.8747967481613159,0.5059288537549407,0.8640973630831643,186.0,193.00454711914062
2021-12-16,0.35409143567085266,0.9495934959349593,0.8569105863571167,0.4980237154150198,0.8603238866396761,182.0,189.7101593017578
2021-12-17,0.36129915714263916,0.9512195121951219,0.8585366010665894,0.6111111111111112,0.9140969162995595,248.0,192.31265258789062
2021-12-18,0.39943939447402954,0.9398373983739837,0.869918704032898,0.6153846153846154,0.896774193548387,246.0,193.3748779296875
2021-12-19,0.3471234142780304,0.9642276422764228,0.8747967481613159,0.5551330798479087,0.8799171842650103,199.0,190.91232299804688
2021-12-20,0.34434160590171814,0.9609756097560975,0.8666666746139526,0.5096525096525096,0.8647540983606558,181.0,193.37893676757812
2021-12-21,0.3279382288455963,0.9691056910569106,0.8796747922897339,0.5488721804511278,0.8683127572016461,186.0,192.9648895263672
2021-12-22,0.3578730523586273,0.9495934959349593,0.8634146451950073,0.5693950177935944,0.8865096359743041,218.0,192.00807189941406
2021-12-23,0.3950744569301605,0.9333333333333333,0.8682926893234253,0.5170068027210885,0.8687089715536105,249.0,193.55526733398438
2021-12-24,0.35294076800346375,0.9544715447154472,0.8991869688034058,0.5804195804195804,0.8747346072186837,215.0,200.7578582763672
2021-12-25,0.32701531052589417,0.967479674796748,0.8861788511276245,0.5059288537549407,0.8502994011976048,157.0,198.30767822265625
2021-12-26,0.34181180596351624,0.9609756097560975,0.8569105863571167,0.5447470817120622,0.8788501026694046,186.0,190.11593627929688
2021-12-27,0.32344165444374084,0.9658536585365853,0.8585366010665894,0.5702479338842975,0.8875502008032129,181.0,190.80735778808594
2021-12-28,0.3255535066127777,0.9707317073170731,0.8569105863571167,0.5475285171102662,0.8833333333333333,193.0,189.9545440673828
2021-12-29,0.3607997000217438,0.9479674796747968,0.8813008069992065,0.56,0.8742138364779874,205.0,193.62582397460938
2021-12-30,0.3582838773727417,0.9577235772357724,0.8731707334518433,0.5328185328185329,0.8638211382113821,192.0,195.20480346679688
2021-12-31,0.3457401394844055,0.9626016260162602,0.8829268217086792,0.6446886446886447,0.9052631578947369,227.0,195.99810791015625
2022-01-01,0.3745754063129425,0.9544715447154472,0.8764227628707886,0.5393258426966292,0.8823529411764706,231.0,194.90139770507812
2022-01-02,0.3440309464931488,0.9577235772357724,0.8780487775802612,0.48333333333333334,0.854043392504931,155.0,192.91195678710938
2022-01-03,0.3574622571468353,0.9626016260162602,0.8585366010665894,0.5830258302583026,0.8905263157894737,215.0,186.05923461914062
2022-01-04,0.35160955786705017,0.9691056910569106,0.8845528364181519,0.5482625482625483,0.8678861788617886,196.0,188.5434112548828
2022-01-05,0.3709016442298889,0.9577235772357724,0.8878048658370972,0.5789473684210527,0.8693877551020408,217.0,193.21835327148438
2022-01-06,0.3749145269393921,0.9642276422764228,0.9024389982223511,0.5454545454545454,0.8685831622176592,206.0,199.05029296875
2022-01-07,0.39759597182273865,0.9560975609756097,0.8926829099655151,0.5543071161048689,0.8755186721991701,235.0,198.3192138671875
2022-01-08,0.3541223108768463,0.9642276422764228,0.869918704032898,0.4978902953586498,0.8670634920634921,179.0,190.67373657226562
2022-01-09,0.34105387330055237,0.9739837398373984,0.869918704032898,0.5469387755102041,0.8810483870967742,182.0,185.06884765625
2022-01-10,0.3474384546279907,0.9528455284552846,0.8617886304855347,0.52,0.8829568788501027,191.0,188.084716796875
2022-01-11,0.3241403102874756,0.9691056910569106,0.8390243649482727,0.5849802371541502,0.8989690721649485,195.0,185.67384338378906
2022-01-12,0.34337326884269714,0.9626016260162602,0.869918704032898,0.5407407407407407,0.8874734607218684,211.0,190.8731231689453
2022-01-13,0.3552464544773102,0.9577235772357724,0.9040650129318237,0.5328185328185329,0.8620689655172413,192.0,196.047119140625
2022-01-14,0.37538331747055054,0.9512195121951219,0.8910568952560425,0.5259259259259259,0.8851063829787233,229.0,196.43417358398438
2022-01-15,0.4171077013015747,0.9317073170731708,0.8634146451950073,0.5441176470588235,0.8948497854077253,254.0,189.26573181152344
2022-01-16,0.3266785144805908,0.9642276422764228,0.860162615776062,0.5991902834008097,0.8983739837398373,189.0,186.74050903320312
2022-01-17,0.3751554787158966,0.9577235772357724,0.8715447187423706,0.562962962962963,0.8919491525423728,223.0,192.35601806640625
2022-01-18,0.3296124339103699,0.967479674796748,0.8731707334518433,0.5682656826568265,0.8825995807127882,194.0,193.60980224609375
2022-01-19,0.3592725098133087,0.959349593495935,0.869918704032898,0.5882352941176471,0.8924050632911392,216.0,196.40176391601562
2022-01-20,0.3797425329685211,0.9447154471544715,0.8878048658370972,0.5182481751824818,0.860125260960334,220.0,197.757080078125
2022-01-21,0.3534306287765503,0.9609756097560975,0.8861788511276245,0.5407407407407407,0.872651356993737,199.0,195.173828125
2022-01-22,0.33696115016937256,0.9707317073170731,0.8682926893234253,0.532258064516129,0.8747474747474747,179.0,187.19744873046875
2022-01-23,0.3382635712623596,0.9642276422764228,0.8780487775802612,0.5746268656716418,0.8851774530271399,193.0,190.07949829101562
2022-01-24,0.33788493275642395,0.9544715447154472,0.8520325422286987,0.6,0.8983402489626556,206.0,189.90557861328125
2022-01-25,0.32923397421836853,0.967479674796748,0.8780487775802612,0.5791505791505791,0.8795918367346939,186.0,194.0536346435547
2022-01-26,0.33549273014068604,0.9723577235772358,0.8878048658370972,0.5603112840466926,0.8704453441295547,180.0,194.82789611816406
2022-01-27,0.3659740388393402,0.9544715447154472,0.869918704032898,0.47692307692307695,0.8597938144329897,195.0,195.57720947265625
2022-01-28,0.346553772687912,0.9642276422764228,0.8747967481613159,0.6041666666666666,0.9,223.0,191.9811248779297
2022-01-29,0.3357658088207245,0.9658536585365853,0.8878048658370972,0.5869565217391305,0.8823529411764706,206.0,194.98397827148438
2022-01-30,0.2940334677696228,0.9772357723577236,0.8536585569381714,0.6536964980544747,0.9075975359342916,179.0,188.23495483398438
2022-01-31,0.3473570644855499,0.9560975609756097,0.8845528364181519,0.5851851851851851,0.8870292887029289,205.0,196.59585571289062
2022-02-01,0.3989940583705902,0.9414634146341463,0.8617886304855347,0.5714285714285714,0.8982683982683982,247.0,191.78335571289062
2022-02-02,0.33857378363609314,0.9642276422764228,0.8878048658370972,0.5891472868217055,0.8818737270875764,196.0,198.98536682128906
2022-02-03,0.3473756015300751,0.9723577235772358,0.8894308805465698,0.5338645418326693,0.8654618473895582,181.0,197.32977294921875
2022-02-04,0.36759424209594727,0.9577235772357724,0.8845528364181519,0.5304659498207885,0.8779443254817987,225.0,198.171875
2022-02-05,0.393530011177063,0.967479674796748,0.8813008069992065,0.6459143968871596,0.8981670061099797,240.0,197.55787658691406
2022-02-06,0.32597148418426514,0.9707317073170731,0.8894308805465698,0.552,0.8714859437751004,174.0,197.04815673828125
2022-02-07,0.34279677271842957,0.959349593495935,0.86504065990448,0.61003861003861,0.8950617283950617,210.0,193.88882446289062
2022-02-08,0.3378439247608185,0.9642276422764228,0.8715447187423706,0.5984848484848485,0.8921161825726142,209.0,196.50048828125
2022-02-09,0.3360421657562256,0.967479674796748,0.869918704032898,0.5692883895131086,0.8833333333333333,192.0,198.67710876464844
2022-02-10,0.3358360528945923,0.9626016260162602,0.86504065990448,0.5328185328185329,0.8744855967078189,189.0,192.71136474609375
2022-02-11,0.3850238025188446,0.9544715447154472,0.8813008069992065,0.572463768115942,0.8781512605042017,240.0,195.92538452148438
2022-02-12,0.32233136892318726,0.9691056910569106,0.8764227628707886,0.6086956521739131,0.8868686868686869,185.0,197.91485595703125
2022-02-13,0.3256201148033142,0.9642276422764228,0.8585366010665894,0.5846153846153846,0.8923395445134575,195.0,192.52081298828125
2022-02-14,0.3149300813674927,0.9707317073170731,0.8715447187423706,0.5660377358490566,0.869120654396728,181.0,195.940673828125
2022-02-15,0.32685840129852295,0.9707317073170731,0.86504065990448,0.5787545787545788,0.8825995807127882,201.0,193.48538208007812
2022-02-16,0.33565545082092285,0.9691056910569106,0.8796747922897339,0.5846153846153846,0.8760162601626016,190.0,192.71002197265625
2022-02-17,0.32731884717941284,0.959349593495935,0.8585366010665894,0.59375,0.8969072164948454,198.0,189.19021606445312
2022-02-18,0.3922882676124573,0.9382113821138212,0.8634146451950073,0.5703703703703704,0.8865546218487395,244.0,192.48678588867188
2022-02-19,0.32124271988868713,0.9723577235772358,0.8634146451950073,0.6015625,0.8879837067209776,190.0,195.77117919921875
2022-02-20,0.3247273564338684,0.9707317073170731,0.8455284833908081,0.5645161290322581,0.8882113821138211,194.0,189.4810333251953
2022-02-21,0.34560924768447876,0.9577235772357724,0.8682926893234253,0.5328467153284672,0.8865096359743041,217.0,195.34674072265625
2022-02-22,0.34565937519073486,0.9577235772357724,0.8585366010665894,0.5609756097560976,0.874251497005988,183.0,194.2557373046875
2022-02-23,0.3295014202594757,0.9723577235772358,0.8439024686813354,0.5063291139240507,0.8725099601593626,166.0,189.0092315673828
2022-02-24,0.3314262926578522,0.9658536585365853,0.869918704032898,0.5900383141762452,0.8831967213114754,190.0,193.13401794433594
2022-02-25,0.37178051471710205,0.959349593495935,0.8796747922897339,0.5433962264150943,0.8810020876826722,221.0,196.62661743164062
2022-02-26,0.3285004496574402,0.9642276422764228,0.8455284833908081,0.5748031496062992,0.8930041152263375,195.0,192.1195068359375
2022-02-27,0.321944922208786,0.9577235772357724,0.8471544981002808,0.5647058823529412,0.8907216494845361,189.0,187.88070678710938
2022-02-28,0.33557555079460144,0.9626016260162602,0.860162615776062,0.5454545454545454,0.8831967213114754,187.0,191.88504028320312
2022-03-01,0.3450482487678528,0.9609756097560975,0.8536585569381714,0.5514705882352942,0.8874734607218684,208.0,189.547607421875
2022-03-02,0.3541707992553711,0.9560975609756097,0.8439024686813354,0.5577689243027888,0.8857142857142857,190.0,188.04290771484375
2022-03-03,0.35269367694854736,0.9512195121951219,0.8471544981002808,0.5681818181818182,0.8893528183716075,212.0,189.21392822265625
2022-03-04,0.33017855882644653,0.9707317073170731,0.8747967481613159,0.5734767025089605,0.8907922912205567,209.0,197.94154357910156
2022-03-05,0.3540416955947876,0.9609756097560975,0.8666666746139526,0.5,0.8623481781376519,189.0,190.5963897705078
2022-03-06,0.3264789581298828,0.9691056910569106,0.8504065275192261,0.49586776859504134,0.8608349900596421,150.0,187.81015014648438
2022-03-07,0.3224996030330658,0.9658536585365853,0.86504065990448,0.5962264150943396,0.89937106918239,186.0,186.85134887695312
2022-03-08,0.35036954283714294,0.9577235772357724,0.8569105863571167,0.6273062730627307,0.9069767441860465,224.0,187.44837951660156
2022-03-09,0.3418577015399933,0.9642276422764228,0.8796747922897339,0.5584905660377358,0.8706365503080082,186.0,193.4759521484375
2022-03-10,0.3466750383377075,0.9544715447154472,0.8780487775802612,0.5421245421245421,0.8721174004192872,207.0,193.8667755126953
2022-03-11,0.3611655533313751,0.9528455284552846,0.8682926893234253,0.5799256505576208,0.8870292887029289,210.0,193.93380737304688
2022-03-12,0.33659207820892334,0.9609756097560975,0.8731707334518433,0.6541353383458647,0.9083333333333333,210.0,191.8724365234375
2022-03-13,0.33811143040657043,0.967479674796748,0.8666666746139526,0.552,0.8803245436105477,176.0,190.64682006835938
2022-03-14,0.34893134236335754,0.9691056910569106,0.8666666746139526,0.5568627450980392,0.8813905930470347,198.0,185.8394775390625
2022-03-15,0.3472599983215332,0.9642276422764228,0.8634146451950073,0.5813953488372093,0.8888888888888888,201.0,190.37823486328125
2022-03-16,0.3460586965084076,0.967479674796748,0.86504065990448,0.5555555555555556,0.8729838709677419,190.0,191.34642028808594
2022-03-17,0.35764583945274353,0.9626016260162602,0.8780487775802612,0.5735849056603773,0.8801652892561983,201.0,191.31149291992188
2022-03-18,0.34953442215919495,0.9512195121951219,0.86504065990448,0.6258992805755396,0.9002123142250531,224.0,193.66673278808594
2022-03-19,0.3348918557167053,0.9609756097560975,0.8634146451950073,0.5634920634920635,0.8803245436105477,175.0,191.8704833984375
2022-03-20,0.3473200500011444,0.9609756097560975,0.8536585569381714,0.5099601593625498,0.8663967611336032,188.0,185.256591796875
2022-03-21,0.3254314064979553,0.967479674796748,0.8569105863571167,0.5546875,0.8739837398373984,181.0,187.8065948486328
2022-03-22,0.3301127552986145,0.9658536585365853,0.8487805128097534,0.5748987854251012,0.8850806451612904,187.0,186.23280334472656
2022-03-23,0.3347383737564087,0.9658536585365853,0.8373983502388,0.5799256505576208,0.8907563025210085,203.0,183.8795623779297
2022-03-24,0.352961927652359,0.9609756097560975,0.8569105863571167,0.5564516129032258,0.8825910931174089,200.0,189.61895751953125
2022-03-25,0.3681171238422394,0.9560975609756097,0.8634146451950073,0.5704225352112676,0.8917748917748918,239.0,190.37413024902344
2022-03-26,0.3433694541454315,0.9642276422764228,0.8487805128097534,0.5517241379310345,0.8856548856548857,202.0,189.192626953125
2022-03-27,0.33811381459236145,0.967479674796748,0.8487805128097534,0.5375494071146245,0.8739837398373984,184.0,185.01844787597656
2022-03-28,0.3310161530971527,0.9723577235772358,0.860162615776062,0.5284552845528455,0.8732394366197183,178.0,188.05795288085938
2022-03-29,0.33023208379745483,0.9609756097560975,0.855284571647644,0.570281124497992,0.8973305954825462,189.0,186.1737060546875
2022-03-30,0.3860827684402466,0.9463414634146341,0.8569105863571167,0.5793650793650794,0.8916155419222904,227.0,186.6240692138672
2022-03-31,0.3385172486305237,0.975609756097561,0.8666666746139526,0.5311203319502075,0.8795180722891566,176.0,188.0816650390625
2022-04-01,0.3670348525047302,0.9463414634146341,0.8585366010665894,0.5797101449275363,0.9010752688172043,239.0,187.13450622558594
2022-04-02,0.3541721701622009,0.9626016260162602,0.8666666746139526,0.5491803278688525,0.8866396761133604,202.0,187.21652221679688
2022-04-03,0.329074889421463,0.9609756097560975,0.8471544981002808,0.5080645161290323,0.8793456032719836,180.0,184.66952514648438
2022-04-04,0.32909971475601196,0.959349593495935,0.8536585569381714,0.575107296137339,0.8944223107569721,180.0,186.63218688964844
2022-04-05,0.3436814248561859,0.9626016260162602,0.8373983502388,0.5714285714285714,0.9043659043659044,202.0,184.81332397460938
2022-04-06,0.35641026496887207,0.9560975609756097,0.842276394367218,0.5039370078740157,0.8835758835758836,209.0,184.775146484375
2022-04-07,0.32549160718917847,0.967479674796748,0.8471544981002808,0.59375,0.9024896265560166,198.0,185.88275146484375
2022-04-08,0.39779478311538696,0.9333333333333333,0.8471544981002808,0.5547445255474452,0.8987068965517241,250.0,187.391357421875
2022-04-09,0.34119322896003723,0.9658536585365853,0.8504065275192261,0.5196850393700787,0.8714285714285714,181.0,189.05636596679688
2022-04-10,0.3433244526386261,0.9658536585365853,0.8325203061103821,0.5748987854251012,0.9051546391752577,203.0,178.40155029296875
2022-04-11,0.3471410870552063,0.9577235772357724,0.8536585569381714,0.6130268199233716,0.8930041152263375,212.0,184.38352966308594
2022-04-12,0.3341706693172455,0.9577235772357724,0.8504065275192261,0.5475285171102662,0.8907563025210085,196.0,184.62326049804688
2022-04-13,0.3797062039375305,0.9528455284552846,0.8471544981002808,0.5118110236220472,0.8783505154639175,222.0,184.47418212890625
2022-04-14,0.3891593813896179,0.9479674796747968,0.8439024686813354,0.5058365758754864,0.8794178794178794,223.0,188.49395751953125
2022-04-15,0.3449292778968811,0.9626016260162602,0.8796747922897339,0.5362318840579711,0.8768577494692145,212.0,194.8734893798828
2022-04-16,0.3265434801578522,0.959349593495935,0.8536585569381714,0.5668016194331984,0.8975409836065574,182.0,187.62216186523438
2022-04-17,0.3736569881439209,0.9544715447154472,0.842276394367218,0.5407725321888412,0.893574297188755,194.0,182.746337890625
2022-04-18,0.37138551473617554,0.9577235772357724,0.8520325422286987,0.6292134831460674,0.9310344827586207,244.0,186.04383850097656
2022-04-19,0.35251447558403015,0.9739837398373984,0.8878048658370972,0.5254901960784314,0.8678861788617886,190.0,194.44842529296875
2022-04-20,0.35001033544540405,0.959349593495935,0.860162615776062,0.5905511811023622,0.8989690721649485,205.0,186.7104949951172
2022-04-21,0.34929168224334717,0.9626016260162602,0.8764227628707886,0.5333333333333333,0.8731182795698925,211.0,194.86280822753906
2022-04-22,0.37783515453338623,0.9560975609756097,0.8975609540939331,0.5527272727272727,0.8684759916492694,221.0,199.462890625
2022-04-23,0.32524755597114563,0.967479674796748,0.8666666746139526,0.6307692307692307,0.9028925619834711,201.0,189.22158813476562
2022-04-24,0.338787704706192,0.9577235772357724,0.8634146451950073,0.568,0.8952772073921971,196.0,189.95648193359375
2022-04-25,0.3587750792503357,0.9577235772357724,0.8731707334518433,0.5440613026819924,0.8799171842650103,211.0,191.86717224121094
2022-04-26,0.35210883617401123,0.9609756097560975,0.8666666746139526,0.5543071161048689,0.8865546218487395,218.0,192.09059143066406
2022-04-27,0.3822896182537079,0.9577235772357724,0.8878048658370972,0.5836298932384342,0.8813559322033898,237.0,195.68026733398438
2022-04-28,0.3418428301811218,0.9723577235772358,0.8959349393844604,0.5977859778597786,0.878099173553719,203.0,197.23025512695312
2022-04-29,0.3694187104701996,0.9528455284552846,0.8959349393844604,0.5524475524475524,0.8662420382165605,228.0,198.33816528320312
2022-04-30,0.3495015501976013,0.967479674796748,0.8813008069992065,0.5271317829457365,0.8673469387755102,195.0,196.54815673828125
2022-05-01,0.38100627064704895,0.9495934959349593,0.8536585569381714,0.5348837209302325,0.8893528183716075,227.0,191.32411193847656
2022-05-02,0.35206419229507446,0.959349593495935,0.8780487775802612,0.5193798449612403,0.8670756646216768,186.0,195.3597412109375
2022-05-03,0.34602969884872437,0.9560975609756097,0.8764227628707886,0.6159420289855072,0.8907563025210085,216.0,195.55224609375
2022-05-04,0.36288532614707947,0.967479674796748,0.8861788511276245,0.6617647058823529,0.8927835051546392,226.0,198.39276123046875
2022-05-05,0.35650116205215454,0.9577235772357724,0.8764227628707886,0.5758754863813229,0.8709677419354839,195.0,196.74363708496094
2022-05-06,0.3546014726161957,0.959349593495935,0.8878048658370972,0.6142857142857143,0.8919491525423728,224.0,195.774169921875
2022-05-07,0.3537747859954834,0.9707317073170731,0.8926829099655151,0.5779467680608364,0.8806584362139918,195.0,199.72869873046875
2022-05-08,0.3449042737483978,0.967479674796748,0.8747967481613159,0.5775862068965517,0.87890625,176.0,193.51133728027344
2022-05-09,0.3327215909957886,0.9691056910569106,0.8715447187423706,0.5542168674698795,0.8752515090543259,175.0,190.95175170898438
2022-05-10,0.3498148024082184,0.9609756097560975,0.8747967481613159,0.5776173285198556,0.872651356993737,208.0,190.9469757080078
2022-05-11,0.36236143112182617,0.967479674796748,0.8682926893234253,0.5859375,0.8803245436105477,213.0,193.28570556640625
2022-05-12,0.35688066482543945,0.9609756097560975,0.8682926893234253,0.5962264150943396,0.8863636363636364,214.0,193.0543670654297
2022-05-13,0.3635752499103546,0.9577235772357724,0.8682926893234253,0.5591397849462365,0.8771186440677966,231.0,192.21051025390625
2022-05-14,0.34375351667404175,0.967479674796748,0.8682926893234253,0.5816733067729084,0.8792756539235412,193.0,195.3714599609375
2022-05-15,0.34300100803375244,0.9609756097560975,0.8471544981002808,0.5271317829457365,0.8726899383983573,191.0,187.08819580078125
2022-05-16,0.33306586742401123,0.9560975609756097,0.869918704032898,0.5746268656716418,0.8796680497925311,198.0,192.37576293945312
2022-05-17,0.3565629720687866,0.9658536585365853,0.8487805128097534,0.5171102661596958,0.8624229979466119,202.0,190.51214599609375
2022-05-18,0.3523068428039551,0.9609756097560975,0.855284571647644,0.5984251968503937,0.8954918032786885,208.0,191.86566162109375
2022-05-19,0.3373658359050751,0.9577235772357724,0.8455284833908081,0.5779467680608364,0.895397489539749,201.0,192.15032958984375
2022-05-20,0.3715168535709381,0.9528455284552846,0.8764227628707886,0.5724907063197026,0.8830897703549061,218.0,194.37660217285156
2022-05-21,0.35408270359039307,0.9626016260162602,0.8666666746139526,0.5375494071146245,0.8757637474541752,192.0,192.63394165039062
2022-05-22,0.3359992802143097,0.9609756097560975,0.842276394367218,0.502092050209205,0.8772635814889336,176.0,184.35159301757812
2022-05-23,0.3452140986919403,0.9626016260162602,0.8487805128097534,0.5506072874493927,0.8808080808080808,187.0,185.72579956054688
2022-05-24,0.3118201792240143,0.967479674796748,0.8504065275192261,0.6007905138339921,0.8993839835728953,179.0,191.0915069580078
2022-05-25,0.3500380218029022,0.9495934959349593,0.842276394367218,0.5121951219512195,0.8780487804878049,192.0,185.59219360351562
2022-05-26,0.3530511260032654,0.9479674796747968,0.8373983502388,0.5173745173745173,0.8886554621848739,201.0,188.27880859375
2022-05-27,0.3546088635921478,0.9577235772357724,0.8715447187423706,0.6787003610108303,0.9171974522292994,237.0,191.38919067382812
2022-05-28,0.3525960147380829,0.9609756097560975,0.8634146451950073,0.5627376425855514,0.8893528183716075,208.0,187.27481079101562
2022-05-29,0.33117443323135376,0.9691056910569106,0.8390243649482727,0.5590551181102362,0.8870636550308009,201.0,185.834228515625
2022-05-30,0.3117891252040863,0.9658536585365853,0.8178861737251282,0.5224489795918368,0.8785425101214575,174.0,187.55453491210938
2022-05-31,0.33032047748565674,0.9560975609756097,0.8373983502388,0.5910931174089069,0.9,187.0,186.4320831298828
2022-06-01,0.3564484119415283,0.9447154471544715,0.8325203061103821,0.5468164794007491,0.8900634249471459,211.0,188.89315795898438
2022-06-02,0.3262667655944824,0.9723577235772358,0.8585366010665894,0.5991902834008097,0.8857715430861723,186.0,189.92501831054688
2022-06-03,0.35252827405929565,0.9463414634146341,0.8780487775802612,0.5304659498207885,0.8779443254817987,215.0,194.87496948242188
2022-06-04,0.35984545946121216,0.9560975609756097,0.8666666746139526,0.5130111524163569,0.8736842105263158,209.0,188.57562255859375
2022-06-05,0.3119235932826996,0.9707317073170731,0.8439024686813354,0.6341463414634146,0.9122448979591836,191.0,183.082275390625
2022-06-06,0.3424862325191498,0.967479674796748,0.855284571647644,0.5542168674698795,0.8841463414634146,191.0,187.22320556640625
2022-06-07,0.3334401547908783,0.975609756097561,0.8439024686813354,0.6153846153846154,0.9042769857433809,194.0,187.4647216796875
2022-06-08,0.34139740467071533,0.9544715447154472,0.8276422619819641,0.568,0.897119341563786,196.0,185.76629638671875
2022-06-09,0.34245625138282776,0.959349593495935,0.8634146451950073,0.5482625482625483,0.8804123711340206,188.0,191.50314331054688
2022-06-10,0.3587197959423065,0.9642276422764228,0.8731707334518433,0.6273062730627307,0.9050632911392406,225.0,195.737060546875
2022-06-11,0.35181358456611633,0.967479674796748,0.8536585569381714,0.5877862595419847,0.893970893970894,210.0,191.95208740234375
2022-06-12,0.3313838243484497,0.9626016260162602,0.8471544981002808,0.5641025641025641,0.8922155688622755,179.0,184.99171447753906
2022-06-13,0.3333781361579895,0.959349593495935,0.8520325422286987,0.5581395348837209,0.897489539748954,205.0,184.44644165039062
2022-06-14,0.3503856062889099,0.9626016260162602,0.8471544981002808,0.5258964143426295,0.8811475409836066,198.0,184.71420288085938
2022-06-15,0.338818222284317,0.9560975609756097,0.869918704032898,0.6067415730337079,0.9031578947368422,210.0,187.35549926757812
2022-06-16,0.3502451479434967,0.9642276422764228,0.8829268217086792,0.5909090909090909,0.8809034907597536,201.0,194.89749145507812
2022-06-17,0.3959578275680542,0.9447154471544715,0.8845528364181519,0.5785714285714286,0.8927038626609443,243.0,195.72271728515625
2022-06-18,0.34367963671684265,0.9642276422764228,0.8682926893234253,0.5583333333333333,0.884,191.0,194.73135375976562
2022-06-19,0.3354380130767822,0.9658536585365853,0.8341463208198547,0.5531914893617021,0.8917835671342685,183.0,186.6182861328125
2022-06-20,0.3633369505405426,0.9544715447154472,0.8341463208198547,0.5887096774193549,0.9034907597535934,209.0,186.67636108398438
2022-06-21,0.3542974293231964,0.959349593495935,0.842276394367218,0.47808764940239046,0.8706365503080082,197.0,188.01254272460938
2022-06-22,0.35796746611595154,0.9658536585365853,0.8373983502388,0.5634920634920635,0.8966942148760331,210.0,189.431396484375
2022-06-23,0.3573623299598694,0.9626016260162602,0.8520325422286987,0.4827586206896552,0.8727634194831014,179.0,192.51971435546875
2022-06-24,0.37792298197746277,0.9495934959349593,0.8487805128097534,0.5477178423236515,0.8817635270541082,212.0,193.71755981445312
2022-06-25,0.3435404896736145,0.9577235772357724,0.8487805128097534,0.5863453815261044,0.9051546391752577,205.0,188.68118286132812
2022-06-26,0.3392603397369385,0.9642276422764228,0.8308942914009094,0.5589519650655022,0.9036144578313253,192.0,185.64537048339844
2022-06-27,0.3381751477718353,0.9658536585365853,0.8276422619819641,0.5150214592274678,0.8911290322580645,188.0,185.0528564453125
2022-06-28,0.3290485739707947,0.959349593495935,0.8178861737251282,0.5836909871244635,0.9090909090909091,188.0,182.89285278320312
2022-06-29,0.35640180110931396,0.9577235772357724,0.8292682766914368,0.512396694214876,0.893223819301848,197.0,183.44049072265625
2022-06-30,0.34638211131095886,0.9528455284552846,0.8276422619819641,0.5657370517928287,0.8987603305785123,207.0,184.20553588867188
2022-07-01,0.3953275978565216,0.9495934959349593,0.842276394367218,0.6296296296296297,0.9129511677282378,255.0,191.499267578125
2022-07-02,0.32719364762306213,0.9707317073170731,0.8439024686813354,0.5867768595041323,0.891566265060241,177.0,188.87228393554688
2022-07-03,0.3318486511707306,0.959349593495935,0.8162601590156555,0.5286343612334802,0.8942115768463074,177.0,180.71347045898438
2022-07-04,0.321113258600235,0.9691056910569106,0.8341463208198547,0.5267489711934157,0.889795918367347,182.0,184.06716918945312
2022-07-05,0.3248569965362549,0.9642276422764228,0.8178861737251282,0.5542168674698795,0.8913934426229508,191.0,182.09390258789062
2022-07-06,0.3099950850009918,0.9788617886178862,0.8146341443061829,0.49777777777777776,0.8814229249011858,150.0,181.56582641601562
2022-07-07,0.30944278836250305,0.9853658536585366,0.8130081295967102,0.5775862068965517,0.9018036072144289,170.0,179.11508178710938
2022-07-08,0.3836020231246948,0.943089430894309,0.8308942914009094,0.5864661654135338,0.9065817409766455,248.0,185.205810546875
2022-07-09,0.3480360209941864,0.9528455284552846,0.8308942914009094,0.5158730158730159,0.8898128898128899,203.0,185.7735137939453
2022-07-10,0.34835895895957947,0.9609756097560975,0.8211382031440735,0.5299145299145299,0.9022403258655805,196.0,179.0660858154297
2022-07-11,0.31937137246131897,0.9723577235772358,0.842276394367218,0.43103448275862066,0.8608349900596421,157.0,184.3485107421875
2022-07-12,0.2983894348144531,0.9658536585365853,0.8146341443061829,0.5803571428571429,0.9065606361829026,165.0,179.33502197265625
2022-07-13,0.3233132064342499,0.967479674796748,0.8341463208198547,0.5725806451612904,0.906832298136646,202.0,177.56668090820312
2022-07-14,0.35921937227249146,0.9626016260162602,0.8357723355293274,0.578125,0.9039665970772442,224.0,178.03997802734375
2022-07-15,0.3755268156528473,0.9495934959349593,0.8504065275192261,0.5703125,0.8870636550308009,225.0,188.1340789794922
2022-07-16,0.3384911119937897,0.9544715447154472,0.8390243649482727,0.5748987854251012,0.9107883817427386,206.0,183.3748779296875
2022-07-17,0.3032621443271637,0.9739837398373984,0.8162601590156555,0.5137614678899083,0.897029702970297,156.0,176.09429931640625
2022-07-18,0.3366897702217102,0.959349593495935,0.8195121884346008,0.5819672131147541,0.91701244813278,197.0,177.78857421875
2022-07-19,0.31560420989990234,0.9642276422764228,0.8373983502388,0.6218487394957983,0.9148073022312373,182.0,176.7800750732422
2022-07-20,0.322843462228775,0.9642276422764228,0.8211382031440735,0.5541125541125541,0.9050505050505051,179.0,178.55804443359375
2022-07-21,0.3203810751438141,0.9609756097560975,0.8211382031440735,0.5793650793650794,0.9121338912133892,202.0,181.15725708007812
2022-07-22,0.3533823788166046,0.9398373983739837,0.8406503796577454,0.6046511627906976,0.9177215189873418,231.0,187.70425415039062
2022-07-23,0.35309407114982605,0.9528455284552846,0.8211382031440735,0.5542168674698795,0.9100418410041841,204.0,180.8926544189453
2022-07-24,0.2922250032424927,0.9739837398373984,0.8325203061103821,0.5573770491803278,0.9032921810699589,173.0,180.16246032714844
2022-07-25,0.3056557774543762,0.9739837398373984,0.8243902325630188,0.6,0.9043824701195219,168.0,182.0362548828125
2022-07-26,0.3297880291938782,0.9642276422764228,0.8276422619819641,0.5829596412556054,0.9085487077534792,177.0,177.842529296875
2022-07-27,0.3528088927268982,0.9479674796747968,0.8308942914009094,0.5826771653543307,0.9177215189873418,227.0,179.01339721679688
2022-07-28,0.3268918991088867,0.9658536585365853,0.8536585569381714,0.5560165975103735,0.8802395209580839,180.0,189.3174591064453
2022-07-29,0.3454579710960388,0.9691056910569106,0.8585366010665894,0.5537190082644629,0.8997955010224948,203.0,189.59454345703125
2022-07-30,0.34903672337532043,0.959349593495935,0.8390243649482727,0.5217391304347826,0.8917835671342685,192.0,181.527099609375
2022-07-31,0.32388970255851746,0.9609756097560975,0.8178861737251282,0.4954954954954955,0.8871287128712871,163.0,176.62364196777344
2022-08-01,0.33899715542793274,0.9560975609756097,0.800000011920929,0.5228215767634855,0.9142259414225942,203.0,176.8680419921875
2022-08-02,0.33336374163627625,0.9642276422764228,0.8341463208198547,0.5645161290322581,0.9104166666666667,199.0,183.4137420654297
2022-08-03,0.3424782454967499,0.967479674796748,0.8406503796577454,0.5690376569037657,0.9024390243902439,188.0,184.52081298828125
2022-08-04,0.3409857153892517,0.9577235772357724,0.8455284833908081,0.5991902834008097,0.9094650205761317,201.0,186.79351806640625
2022-08-05,0.34114497900009155,0.9512195121951219,0.8455284833908081,0.6083650190114068,0.9191489361702128,224.0,187.88632202148438
2022-08-06,0.32986390590667725,0.967479674796748,0.8341463208198547,0.5106382978723404,0.8835341365461847,187.0,185.70384216308594
2022-08-07,0.3253924250602722,0.9609756097560975,0.8195121884346008,0.5609756097560976,0.9030927835051547,190.0,181.68612670898438
2022-08-08,0.3304809033870697,0.9723577235772358,0.8276422619819641,0.5526315789473685,0.8982035928143712,180.0,182.51405334472656
2022-08-09,0.33156928420066833,0.9626016260162602,0.8195121884346008,0.5485232067510548,0.9040816326530612,193.0,182.69256591796875
2022-08-10,0.32547155022621155,0.967479674796748,0.842276394367218,0.5224489795918368,0.8839103869653768,173.0,187.8632354736328
2022-08-11,0.3381774425506592,0.9658536585365853,0.8357723355293274,0.5104602510460251,0.8918367346938776,194.0,186.86575317382812
2022-08-12,0.33921146392822266,0.9609756097560975,0.8357723355293274,0.5967741935483871,0.9206680584551148,213.0,184.67031860351562
2022-08-13,0.3533686101436615,0.9463414634146341,0.8292682766914368,0.5665236051502146,0.8995983935742972,196.0,183.98500061035156
2022-08-14,0.3100864291191101,0.9642276422764228,0.8065040707588196,0.5304347826086957,0.901010101010101,169.0,179.53329467773438
2022-08-15,0.333572119474411,0.9544715447154472,0.8195121884346008,0.5083333333333333,0.8934426229508197,186.0,179.88690185546875
2022-08-16,0.31460103392601013,0.9626016260162602,0.7967479825019836,0.5309734513274337,0.8997995991983968,165.0,180.55136108398438
2022-08-17,0.3085213005542755,0.967479674796748,0.8146341443061829,0.584070796460177,0.904572564612326,160.0,179.05291748046875
2022-08-18,0.3298884928226471,0.9626016260162602,0.8097561001777649,0.5108225108225108,0.8967611336032388,184.0,182.17083740234375
2022-08-19,0.338539183139801,0.9560975609756097,0.8146341443061829,0.6122448979591837,0.9156378600823045,203.0,185.47100830078125
2022-08-20,0.4165951609611511,0.9382113821138212,0.8178861737251282,0.5263157894736842,0.8946280991735537,250.0,182.21652221679688
2022-08-21,0.33898836374282837,0.959349593495935,0.8016260266304016,0.5357142857142857,0.8966202783300199,184.0,181.52651977539062
2022-08-22,0.3435346186161041,0.9577235772357724,0.8178861737251282,0.5182186234817814,0.9018789144050104,195.0,179.09413146972656
2022-08-23,0.3330644369125366,0.9658536585365853,0.800000011920929,0.48847926267281105,0.8895463510848126,174.0,178.59759521484375
2022-08-24,0.3360046446323395,0.959349593495935,0.8016260266304016,0.5929203539823009,0.9138276553106213,189.0,178.14581298828125
2022-08-25,0.31886404752731323,0.9512195121951219,0.8032520413398743,0.5739130434782609,0.9148073022312373,189.0,179.852783203125
2022-08-26,0.3392302393913269,0.9609756097560975,0.8292682766914368,0.6153846153846154,0.9240780911062907,237.0,185.6276397705078
2022-08-27,0.34663334488868713,0.9626016260162602,0.8325203061103821,0.5772357723577236,0.8997955010224948,207.0,186.347412109375
2022-08-28,0.3186955153942108,0.967479674796748,0.8292682766914368,0.5753424657534246,0.896484375,172.0,180.24624633789062
2022-08-29,0.31133848428726196,0.967479674796748,0.7967479825019836,0.5555555555555556,0.902834008097166,181.0,178.90882873535156
2022-08-30,0.3452489972114563,0.9463414634146341,0.8032520413398743,0.49166666666666664,0.889344262295082,189.0,176.79957580566406
2022-08-31,0.34205231070518494,0.9577235772357724,0.8178861737251282,0.5690376569037657,0.9024390243902439,204.0,179.3490753173828
2022-09-01,0.3776358366012573,0.9414634146341463,0.8243902325630188,0.6051660516605166,0.9200863930885529,246.0,184.43405151367188
2022-09-02,0.32484889030456543,0.9723577235772358,0.855284571647644,0.584,0.8938775510204081,191.0,191.36898803710938
2022-09-03,0.3359420597553253,0.967479674796748,0.8113821148872375,0.5726141078838174,0.9134020618556701,204.0,183.32916259765625
2022-09-04,0.2987677752971649,0.9788617886178862,0.8097561001777649,0.5118483412322274,0.8875968992248062,139.0,180.95745849609375
2022-09-05,0.3151688873767853,0.9626016260162602,0.8081300854682922,0.5871559633027523,0.9110671936758893,178.0,172.6363067626953
2022-09-06,0.3287520706653595,0.9609756097560975,0.8016260266304016,0.5803571428571429,0.9101796407185628,184.0,175.4165802001953
2022-09-07,0.3312768042087555,0.9609756097560975,0.7967479825019836,0.5213675213675214,0.90020366598778,198.0,176.9073028564453
2022-09-08,0.3276669979095459,0.9560975609756097,0.8032520413398743,0.5701754385964912,0.9131313131313131,180.0,183.12960815429688
2022-09-09,0.33649560809135437,0.9544715447154472,0.8130081295967102,0.5405405405405406,0.9122055674518201,210.0,182.29269409179688
2022-09-10,0.3259745240211487,0.9560975609756097,0.8162601590156555,0.5416666666666666,0.8997955010224948,178.0,179.39561462402344
2022-09-11,0.3218246400356293,0.9658536585365853,0.8130081295967102,0.6075949367088608,0.9278350515463918,202.0,172.64866638183594
2022-09-12,0.35478881001472473,0.959349593495935,0.8097561001777649,0.5333333333333333,0.896414342629482,194.0,176.40267944335938
2022-09-13,0.3084864914417267,0.9658536585365853,0.8065040707588196,0.5785123966942148,0.9134020618556701,178.0,176.3905029296875
2022-09-14,0.37671616673469543,0.9544715447154472,0.8178861737251282,0.5619834710743802,0.9,219.0,182.96043395996094
2022-09-15,0.3641028106212616,0.9560975609756097,0.8406503796577454,0.5349794238683128,0.8882113821138211,214.0,188.35301208496094
2022-09-16,0.35416990518569946,0.9626016260162602,0.855284571647644,0.6022304832713755,0.9065817409766455,234.0,189.45399475097656
2022-09-17,0.34807446599006653,0.9609756097560975,0.8617886304855347,0.5873015873015873,0.8991769547325102,221.0,189.78408813476562
2022-09-18,0.3372061252593994,0.9577235772357724,0.8195121884346008,0.5555555555555556,0.8937875751503006,185.0,182.1065216064453
2022-09-19,0.3678317070007324,0.9495934959349593,0.8308942914009094,0.5491803278688525,0.8902439024390244,210.0,182.76324462890625
2022-09-20,0.32064148783683777,0.9512195121951219,0.8227642178535461,0.5583333333333333,0.8875502008032129,181.0,183.3700408935547
2022-09-21,0.3363202214241028,0.9544715447154472,0.8178861737251282,0.5681818181818182,0.902542372881356,220.0,186.22409057617188
2022-09-22,0.3476574420928955,0.9609756097560975,0.8455284833908081,0.5725490196078431,0.8909465020576132,206.0,191.14508056640625
2022-09-23,0.3573242127895355,0.9512195121951219,0.8634146451950073,0.5851851851851851,0.8964059196617337,228.0,192.55677795410156
2022-09-24,0.32326844334602356,0.9723577235772358,0.8373983502388,0.5407725321888412,0.8882235528942116,171.0,188.80108642578125
2022-09-25,0.3173685669898987,0.9707317073170731,0.8227642178535461,0.5221238938053098,0.8853754940711462,169.0,181.48440551757812
2022-09-26,0.3135983347892761,0.9577235772357724,0.8162601590156555,0.5654008438818565,0.8953722334004024,174.0,184.81707763671875
2022-09-27,0.3169494569301605,0.9658536585365853,0.8211382031440735,0.5045045045045045,0.8838582677165354,156.0,180.95010375976562
2022-09-28,0.31311482191085815,0.9691056910569106,0.8227642178535461,0.5564516129032258,0.9045643153526971,190.0,181.47064208984375
2022-09-29,0.3169441819190979,0.9691056910569106,0.8471544981002808,0.5761316872427984,0.9075975359342916,186.0,186.40032958984375
2022-09-30,0.3219703137874603,0.9642276422764228,0.8390243649482727,0.5702479338842975,0.9038854805725971,186.0,184.57449340820312
2022-10-01,0.3566630184650421,0.9495934959349593,0.8227642178535461,0.5568627450980392,0.9073684210526316,226.0,181.6642303466797
2022-10-02,0.3030385971069336,0.9642276422764228,0.795121967792511,0.5488372093023256,0.9053254437869822,157.0,176.01748657226562
2022-10-03,0.3346315920352936,0.9463414634146341,0.8032520413398743,0.5367965367965368,0.9102040816326531,188.0,176.804931640625
2022-10-04,0.3270515203475952,0.9626016260162602,0.8292682766914368,0.5405405405405406,0.8988095238095238,179.0,180.94061279296875
2022-10-05,0.3189866542816162,0.9626016260162602,0.8292682766914368,0.5737704918032787,0.9130434782608695,196.0,180.6458740234375
2022-10-06,0.3151024281978607,0.9723577235772358,0.8569105863571167,0.6094420600858369,0.9005964214711729,162.0,186.98757934570312
2022-10-07,0.3741725981235504,0.9447154471544715,0.8439024686813354,0.608,0.9130434782608695,228.0,188.6948699951172
2022-10-08,0.35645604133605957,0.9560975609756097,0.8227642178535461,0.5737704918032787,0.9074074074074074,220.0,185.6334228515625
2022-10-09,0.2949412167072296,0.975609756097561,0.8227642178535461,0.5739910313901345,0.9083665338645418,160.0,182.09600830078125
2022-10-10,0.28752443194389343,0.9739837398373984,0.8016260266304016,0.6173913043478261,0.9156626506024096,165.0,179.68096923828125
2022-10-11,0.34186267852783203,0.9528455284552846,0.8016260266304016,0.6359832635983264,0.9205702647657841,210.0,179.79537963867188
2022-10-12,0.33095964789390564,0.9609756097560975,0.8227642178535461,0.5868725868725869,0.9152542372881356,217.0,184.68255615234375
2022-10-13,0.33894118666648865,0.9626016260162602,0.860162615776062,0.5785123966942148,0.8913480885311871,195.0,187.72476196289062
2022-10-14,0.36181744933128357,0.9495934959349593,0.8455284833908081,0.5806451612903226,0.9104803493449781,242.0,190.859130859375
2022-10-15,0.36003121733665466,0.9479674796747968,0.8390243649482727,0.5403225806451613,0.8948453608247423,210.0,190.39698791503906
2022-10-16,0.3115682005882263,0.9642276422764228,0.8243902325630188,0.5666666666666667,0.9096509240246407,183.0,182.2158966064453
2022-10-17,0.34697225689888,0.9544715447154472,0.8178861737251282,0.5301204819277109,0.8981288981288982,204.0,182.42462158203125
2022-10-18,0.3461325466632843,0.959349593495935,0.8292682766914368,0.5422222222222223,0.9001996007984032,188.0,184.5551300048828
2022-10-19,0.346638560295105,0.9528455284552846,0.8406503796577454,0.5081967213114754,0.8872950819672131,198.0,187.0445556640625
2022-10-20,0.3620123267173767,0.9512195121951219,0.842276394367218,0.5857740585774058,0.9046653144016227,207.0,188.78421020507812
2022-10-21,0.37090641260147095,0.943089430894309,0.8536585569381714,0.5737051792828686,0.9045643153526971,226.0,189.86428833007812
2022-10-22,0.3507527709007263,0.9560975609756097,0.8390243649482727,0.6040816326530613,0.9061224489795918,206.0,186.66409301757812
2022-10-23,0.32647904753685,0.9691056910569106,0.8081300854682922,0.547945205479452,0.8976377952755905,173.0,178.99232482910156
2022-10-24,0.34849002957344055,0.9609756097560975,0.8276422619819641,0.5327510917030568,0.8886679920477137,190.0,182.6450653076172
2022-10-25,0.32506063580513,0.9691056910569106,0.8178861737251282,0.5974025974025974,0.9114688128772636,195.0,182.30496215820312
2022-10-26,0.35841086506843567,0.9528455284552846,0.8585366010665894,0.5411764705882353,0.8881987577639752,210.0,187.70022583007812
2022-10-27,0.330165296792984,0.959349593495935,0.8325203061103821,0.5647058823529412,0.9018789144050104,209.0,185.6788787841797
2022-10-28,0.3778091371059418,0.943089430894309,0.8666666746139526,0.6064981949458483,0.8997867803837953,244.0,193.361083984375
2022-10-29,0.34871169924736023,0.9560975609756097,0.869918704032898,0.5390625,0.8752556237218814,201.0,193.6011962890625
2022-10-30,0.32035180926322937,0.9544715447154472,0.8260162472724915,0.5655737704918032,0.9016393442622951,191.0,183.1271209716797
2022-10-31,0.33570438623428345,0.9626016260162602,0.842276394367218,0.5590551181102362,0.8962655601659751,199.0,188.94114685058594
2022-11-01,0.36296749114990234,0.9463414634146341,0.86504065990448,0.6813186813186813,0.9294871794871795,244.0,192.646484375
2022-11-02,0.3598279356956482,0.9495934959349593,0.869918704032898,0.555984555984556,0.8788501026694046,214.0,196.4770050048828
2022-11-03,0.34025487303733826,0.967479674796748,0.8764227628707886,0.5836575875486382,0.8872950819672131,197.0,196.4139404296875
2022-11-04,0.3412715792655945,0.9707317073170731,0.8910568952560425,0.5811320754716981,0.8804123711340206,201.0,201.9967041015625
2022-11-05,0.35778650641441345,0.9609756097560975,0.8780487775802612,0.5348837209302325,0.8729508196721312,207.0,196.2317352294922
2022-11-06,0.32444754242897034,0.9739837398373984,0.8504065275192261,0.584,0.8902439024390244,187.0,189.9625701904297
2022-11-07,0.35649219155311584,0.9528455284552846,0.855284571647644,0.5433070866141733,0.8793456032719836,192.0,194.04991149902344
2022-11-08,0.37768107652664185,0.9512195121951219,0.8747967481613159,0.4627450980392157,0.8551020408163266,198.0,196.32237243652344
2022-11-09,0.3603712022304535,0.9495934959349593,0.8617886304855347,0.5145228215767634,0.8772635814889336,202.0,196.73959350585938
2022-11-10,0.31991511583328247,0.9739837398373984,0.8617886304855347,0.6412213740458015,0.9123173277661796,203.0,194.31265258789062
2022-11-11,0.3620831370353699,0.959349593495935,0.8861788511276245,0.5703125,0.879837067209776,211.0,195.6065216064453
2022-11-12,0.357251912355423,0.9544715447154472,0.8813008069992065,0.5318352059925093,0.8858350951374208,222.0,196.1626739501953
2022-11-13,0.33947354555130005,0.9658536585365853,0.869918704032898,0.5022421524663677,0.8682170542635659,162.0,193.8881378173828
2022-11-14,0.3790469765663147,0.9463414634146341,0.8439024686813354,0.5241935483870968,0.8888888888888888,215.0,188.04629516601562
2022-11-15,0.35881316661834717,0.959349593495935,0.8731707334518433,0.6135458167330677,0.901840490797546,203.0,192.90640258789062
2022-11-16,0.37992677092552185,0.9447154471544715,0.8747967481613159,0.555956678700361,0.8867521367521367,230.0,192.96212768554688
2022-11-17,0.39165225625038147,0.9544715447154472,0.8796747922897339,0.5441176470588235,0.8723849372384938,233.0,199.65835571289062
2022-11-18,0.37963029742240906,0.9398373983739837,0.8796747922897339,0.5857142857142857,0.8872340425531915,243.0,197.92974853515625
2022-11-19,0.3467259407043457,0.9544715447154472,0.8910568952560425,0.59375,0.8877551020408163,195.0,198.86685180664062
2022-11-20,0.3384007513523102,0.9723577235772358,0.8666666746139526,0.5609756097560976,0.8920570264765784,196.0,190.9571533203125
2022-11-21,0.3801509141921997,0.9544715447154472,0.8829268217086792,0.5138339920948617,0.8678861788617886,209.0,196.4481201171875
2022-11-22,0.34329092502593994,0.9609756097560975,0.8910568952560425,0.5507246376811594,0.881104033970276,209.0,199.27651977539062
2022-11-23,0.3891235291957855,0.9495934959349593,0.8975609540939331,0.5704225352112676,0.886021505376344,243.0,202.05740356445312
2022-11-24,0.38928601145744324,0.9528455284552846,0.8975609540939331,0.5528455284552846,0.8705179282868526,203.0,204.85621643066406
2022-11-25,0.3710724711418152,0.9479674796747968,0.8991869688034058,0.5791505791505791,0.8760162601626016,213.0,202.63356018066406
2022-11-26,0.31779944896698,0.983739837398374,0.9024389982223511,0.5405405405405406,0.8658536585365854,187.0,199.52479553222656
2022-11-27,0.3155152201652527,0.9739837398373984,0.8731707334518433,0.48484848484848486,0.8560311284046692,146.0,191.96588134765625
2022-11-28,0.34526729583740234,0.9609756097560975,0.8731707334518433,0.5440613026819924,0.878099173553719,202.0,190.16705322265625
2022-11-29,0.34082770347595215,0.967479674796748,0.8796747922897339,0.5153846153846153,0.8577235772357723,185.0,195.41986083984375
2022-11-30,0.34075525403022766,0.9560975609756097,0.8682926893234253,0.6,0.885480572597137,199.0,193.08946228027344
2022-12-01,0.35969653725624084,0.9544715447154472,0.8731707334518433,0.5777777777777777,0.8886554621848739,217.0,193.620849609375
2022-12-02,0.39163997769355774,0.9479674796747968,0.8861788511276245,0.5653710247349824,0.8841201716738197,256.0,196.9947509765625
2022-12-03,0.36672982573509216,0.9528455284552846,0.8764227628707886,0.5905511811023622,0.8825910931174089,209.0,193.74490356445312
2022-12-04,0.3084161877632141,0.9821138211382113,0.8487805128097534,0.5339366515837104,0.8813229571984436,142.0,189.31781005859375
2022-12-05,0.35955584049224854,0.9626016260162602,0.8292682766914368,0.5306122448979592,0.8823529411764706,197.0,186.40335083007812
2022-12-06,0.34533053636550903,0.9626016260162602,0.8585366010665894,0.55,0.8767395626242545,187.0,193.02340698242188
2022-12-07,0.3476840555667877,0.9626016260162602,0.8617886304855347,0.5625,0.8778004073319755,193.0,195.08255004882812
2022-12-08,0.3611261248588562,0.9495934959349593,0.8585366010665894,0.5304659498207885,0.8836206896551724,217.0,193.56089782714844
2022-12-09,0.35191065073013306,0.9577235772357724,0.8569105863571167,0.5627376425855514,0.8875,214.0,194.6309356689453
2022-12-10,0.3774142265319824,0.9382113821138212,0.8585366010665894,0.6130268199233716,0.9022869022869023,227.0,193.3570556640625
2022-12-11,0.35414281487464905,0.9560975609756097,0.8406503796577454,0.5984251968503937,0.9066390041493776,211.0,186.45928955078125
2022-12-12,0.3714464604854584,0.9544715447154472,0.8585366010665894,0.5555555555555556,0.8786610878661087,221.0,196.1448974609375
2022-12-13,0.35487625002861023,0.9560975609756097,0.8780487775802612,0.6130268199233716,0.8875255623721882,211.0,199.79946899414062
2022-12-14,0.37787142395973206,0.9609756097560975,0.869918704032898,0.576,0.8775100401606426,210.0,200.06600952148438
2022-12-15,0.3666398525238037,0.9658536585365853,0.8894308805465698,0.5714285714285714,0.8744855967078189,218.0,202.88211059570312
2022-12-16,0.3686240017414093,0.9495934959349593,0.8959349393844604,0.6175438596491228,0.8950749464668094,245.0,203.19223022460938
2022-12-17,0.3370007574558258,0.9707317073170731,0.8747967481613159,0.625,0.8959183673469387,201.0,196.73020935058594
2022-12-18,0.349184513092041,0.9626016260162602,0.8536585569381714,0.5425101214574899,0.8823529411764706,188.0,197.0208282470703
2022-12-19,0.3714865446090698,0.9544715447154472,0.8682926893234253,0.5851851851851851,0.8888888888888888,218.0,199.083251953125
2022-12-20,0.35159438848495483,0.967479674796748,0.86504065990448,0.5517241379310345,0.8783505154639175,207.0,197.9694061279297
2022-12-21,0.3490166962146759,0.9479674796747968,0.8747967481613159,0.5977011494252874,0.8834355828220859,213.0,198.11880493164062
2022-12-22,0.3648509979248047,0.9577235772357724,0.8747967481613159,0.5785714285714286,0.8851063829787233,231.0,202.43069458007812
2022-12-23,0.4067377746105194,0.9414634146341463,0.9040650129318237,0.5958904109589042,0.8951965065502183,268.0,206.78125
2022-12-24,0.3917796015739441,0.9382113821138212,0.8764227628707886,0.5789473684210527,0.8801652892561983,226.0,203.85211181640625
2022-12-25,0.3316228687763214,0.9642276422764228,0.869918704032898,0.5182186234817814,0.8657314629258517,165.0,197.72421264648438
2022-12-26,0.34527796506881714,0.9707317073170731,0.8796747922897339,0.5577689243027888,0.868,172.0,199.69003295898438
2022-12-27,0.3356192708015442,0.9739837398373984,0.8780487775802612,0.5121951219512195,0.8588469184890656,166.0,199.899658203125
2022-12-28,0.35955432057380676,0.9544715447154472,0.8796747922897339,0.5503875968992248,0.8770491803278688,208.0,199.0311279296875
2022-12-29,0.37345683574676514,0.9544715447154472,0.8959349393844604,0.5461254612546126,0.8744769874476988,218.0,202.84121704101562
2022-12-30,0.3934793770313263,0.9512195121951219,0.9024389982223511,0.6041666666666666,0.8922413793103449,253.0,206.75875854492188
2022-12-31,0.34652256965637207,0.9642276422764228,0.8910568952560425,0.5970149253731343,0.8895833333333333,206.0,200.3685760498047
2023-01-01,0.36411553621292114,0.9609756097560975,0.8878048658370972,0.5149253731343284,0.8666666666666667,208.0,197.55581665039062
2023-01-02,0.3332122266292572,0.9723577235772358,0.8845528364181519,0.5291828793774319,0.8676171079429735,182.0,198.78213500976562
2023-01-03,0.3323565125465393,0.9691056910569106,0.86504065990448,0.6007905138339921,0.8975409836065574,189.0,197.328369140625
2023-01-04,0.3879028856754303,0.9398373983739837,0.869918704032898,0.5785714285714286,0.8907922912205567,241.0,198.43629455566406
2023-01-05,0.3612505793571472,0.9577235772357724,0.9219512343406677,0.5670498084291188,0.8699186991869918,198.0,208.66741943359375
2023-01-06,0.33887404203414917,0.967479674796748,0.9170731902122498,0.5963636363636363,0.888421052631579,215.0,206.96566772460938
2023-01-07,0.3584561347961426,0.9658536585365853,0.8926829099655151,0.5132075471698113,0.865424430641822,194.0,202.23716735839844
2023-01-08,0.3299138844013214,0.9626016260162602,0.8682926893234253,0.5477178423236515,0.8747514910536779,175.0,194.92898559570312
2023-01-09,0.3009277284145355,0.9788617886178862,0.8715447187423706,0.5855513307984791,0.8845360824742268,180.0,193.6204376220703
2023-01-10,0.36219334602355957,0.9560975609756097,0.8715447187423706,0.5533596837944664,0.8727272727272727,211.0,195.62368774414062
2023-01-11,0.3488773703575134,0.9626016260162602,0.869918704032898,0.6377952755905512,0.9075975359342916,211.0,199.78915405273438
2023-01-12,0.3495371639728546,0.967479674796748,0.8829268217086792,0.5603112840466926,0.8811475409836066,206.0,201.302734375
2023-01-13,0.4058912396430969,0.9414634146341463,0.8926829099655151,0.6021505376344086,0.8879492600422833,261.0,202.65151977539062
2023-01-14,0.3577931225299835,0.9528455284552846,0.86504065990448,0.5823754789272031,0.9033613445378151,223.0,197.74276733398438
2023-01-15,0.3423295319080353,0.9560975609756097,0.860162615776062,0.6666666666666666,0.9297872340425531,237.0,195.07437133789062
2023-01-16,0.35731056332588196,0.9707317073170731,0.8796747922897339,0.5931558935361216,0.8902691511387164,217.0,199.85862731933594
2023-01-17,0.33427098393440247,0.9723577235772358,0.8910568952560425,0.5622489959839357,0.8667992047713717,177.0,201.83688354492188
2023-01-18,0.34015536308288574,0.959349593495935,0.8829268217086792,0.6007905138339921,0.8848484848484849,200.0,201.3806915283203
2023-01-19,0.3290932774543762,0.9723577235772358,0.8878048658370972,0.5284552845528455,0.868,173.0,201.3134002685547
2023-01-20,0.35887911915779114,0.9528455284552846,0.8747967481613159,0.610909090909091,0.8926315789473684,234.0,197.4235382080078
2023-01-21,0.3403409421443939,0.9609756097560975,0.869918704032898,0.5748987854251012,0.8922764227642277,196.0,197.07192993164062
2023-01-22,0.3425087332725525,0.9626016260162602,0.8455284833908081,0.5064377682403434,0.8784860557768924,174.0,191.68304443359375
2023-01-23,0.36820513010025024,0.9495934959349593,0.8504065275192261,0.5803921568627451,0.8985507246376812,228.0,188.68899536132812
2023-01-24,0.3467317819595337,0.9658536585365853,0.855284571647644,0.568,0.8989690721649485,205.0,193.16839599609375
2023-01-25,0.37940147519111633,0.9577235772357724,0.8666666746139526,0.5669291338582677,0.8909465020576132,224.0,197.72482299804688
2023-01-26,0.3432603180408478,0.9495934959349593,0.8634146451950073,0.5851851851851851,0.8926315789473684,224.0,195.61007690429688
2023-01-27,0.40014582872390747,0.9365853658536586,0.8959349393844604,0.6028368794326241,0.8950749464668094,257.0,203.35385131835938
2023-01-28,0.34401997923851013,0.9626016260162602,0.8536585569381714,0.5702479338842975,0.8857715430861723,193.0,197.92257690429688
2023-01-29,0.31523022055625916,0.9707317073170731,0.8455284833908081,0.5344827586206896,0.8882235528942116,178.0,194.3355712890625
2023-01-30,0.3393959701061249,0.9528455284552846,0.855284571647644,0.5769230769230769,0.8958333333333334,209.0,193.92068481445312
2023-01-31,0.32096001505851746,0.967479674796748,0.855284571647644,0.5714285714285714,0.8969072164948454,202.0,193.97592163085938
2023-02-01,0.3343043029308319,0.9658536585365853,0.869918704032898,0.6007604562737643,0.890495867768595,213.0,201.76211547851562
2023-02-02,0.34338846802711487,0.959349593495935,0.8617886304855347,0.6164874551971327,0.9075268817204301,233.0,197.88397216796875
2023-02-03,0.34300488233566284,0.9560975609756097,0.8926829099655151,0.5777777777777777,0.8849372384937239,215.0,203.95571899414062
2023-02-04,0.3347286581993103,0.9577235772357724,0.86504065990448,0.5528455284552846,0.8882113821138211,192.0,199.4789276123047
2023-02-05,0.3474765419960022,0.9560975609756097,0.8439024686813354,0.5477178423236515,0.8853118712273642,194.0,194.05117797851562
2023-02-06,0.3304777443408966,0.967479674796748,0.8439024686813354,0.5416666666666666,0.8888888888888888,190.0,195.84654235839844
2023-02-07,0.33659589290618896,0.959349593495935,0.842276394367218,0.5493562231759657,0.8937875751503006,182.0,194.11605834960938
2023-02-08,0.3455282747745514,0.9739837398373984,0.8504065275192261,0.5491803278688525,0.8884381338742393,188.0,194.9660186767578
2023-02-09,0.33898261189460754,0.9609756097560975,0.8617886304855347,0.5590551181102362,0.8888888888888888,195.0,197.4917755126953
2023-02-10,0.38966065645217896,0.943089430894309,0.8747967481613159,0.5407407407407407,0.88,239.0,198.77842712402344
2023-02-11,0.3692243993282318,0.9512195121951219,0.8487805128097534,0.544,0.8872950819672131,220.0,193.82492065429688
2023-02-12,0.34300467371940613,0.9658536585365853,0.842276394367218,0.575107296137339,0.8926441351888668,189.0,190.09840393066406
2023-02-13,0.29940125346183777,0.9772357723577236,0.8406503796577454,0.6561264822134387,0.9194214876033058,185.0,191.16864013671875
2023-02-14,0.3661547303199768,0.9544715447154472,0.8373983502388,0.6196078431372549,0.9089026915113871,228.0,191.49078369140625
2023-02-15,0.3409564793109894,0.9691056910569106,0.8569105863571167,0.5560165975103735,0.8855421686746988,191.0,198.48753356933594
2023-02-16,0.3589438199996948,0.959349593495935,0.8666666746139526,0.5365853658536586,0.8787878787878788,203.0,196.17266845703125
2023-02-17,0.38937142491340637,0.9479674796747968,0.86504065990448,0.63003663003663,0.9145299145299145,255.0,197.95806884765625
2023-02-18,0.343828022480011,0.959349593495935,0.8747967481613159,0.5947955390334573,0.9006342494714588,221.0,197.55270385742188
2023-02-19,0.3430648744106293,0.9609756097560975,0.8504065275192261,0.5833333333333334,0.8846918489065606,181.0,192.2015380859375
2023-02-20,0.31316182017326355,0.9723577235772358,0.8585366010665894,0.5826771653543307,0.8877551020408163,177.0,195.945068359375
2023-02-21,0.34659233689308167,0.9577235772357724,0.8536585569381714,0.5081967213114754,0.8712273641851107,185.0,195.92713928222656
2023-02-22,0.3286799490451813,0.9691056910569106,0.855284571647644,0.6640625,0.8987854251012146,201.0,195.68223571777344
2023-02-23,0.33383581042289734,0.9642276422764228,0.8520325422286987,0.627906976744186,0.9030927835051547,209.0,194.80323791503906
2023-02-24,0.356064110994339,0.9528455284552846,0.8780487775802612,0.6304347826086957,0.902542372881356,236.0,200.88002014160156
2023-02-25,0.3331463932991028,0.9577235772357724,0.8471544981002808,0.5344129554655871,0.8839103869653768,179.0,192.42198181152344
2023-02-26,0.3181072771549225,0.9739837398373984,0.8308942914009094,0.5932203389830508,0.8997995991983968,188.0,191.9521484375
2023-02-27,0.36421623826026917,0.9479674796747968,0.8390243649482727,0.5267489711934157,0.8843813387423936,196.0,191.50634765625
2023-02-28,0.3523087799549103,0.9495934959349593,0.8471544981002808,0.5587044534412956,0.8918367346938776,191.0,194.17588806152344
2023-03-01,0.3381979465484619,0.9560975609756097,0.8455284833908081,0.5836575875486382,0.9002079002079002,208.0,194.17190551757812
2023-03-02,0.34389737248420715,0.9577235772357724,0.8780487775802612,0.5939849624060151,0.895397489539749,216.0,200.68902587890625
2023-03-03,0.35230210423469543,0.9577235772357724,0.8845528364181519,0.5934065934065934,0.8886554621848739,222.0,201.56381225585938
2023-03-04,0.340168833732605,0.9642276422764228,0.8731707334518433,0.5846153846153846,0.8868312757201646,197.0,195.58267211914062
2023-03-05,0.32111915946006775,0.9626016260162602,0.8455284833908081,0.5630252100840336,0.8844621513944223,165.0,190.98626708984375
2023-03-06,0.35205450654029846,0.9560975609756097,0.855284571647644,0.5803921568627451,0.8930041152263375,205.0,188.07882690429688
2023-03-07,0.32915201783180237,0.9707317073170731,0.8569105863571167,0.5381526104417671,0.8765182186234818,173.0,192.32498168945312
2023-03-08,0.33109086751937866,0.9642276422764228,0.8471544981002808,0.5647058823529412,0.8870636550308009,185.0,188.71188354492188
2023-03-09,0.34501913189888,0.9577235772357724,0.86504065990448,0.623574144486692,0.8948453608247423,209.0,192.18121337890625
2023-03-10,0.3855929672718048,0.9463414634146341,0.8796747922897339,0.6006825938566553,0.8951965065502183,257.0,199.12921142578125
2023-03-11,0.3215125501155853,0.9723577235772358,0.855284571647644,0.5737704918032787,0.8855421686746988,178.0,193.82305908203125
2023-03-12,0.3209408223628998,0.9642276422764228,0.8357723355293274,0.5670498084291188,0.895397489539749,189.0,184.76077270507812
2023-03-13,0.3354853391647339,0.9609756097560975,0.8357723355293274,0.5546218487394958,0.8913480885311871,178.0,187.74000549316406
2023-03-14,0.3066191077232361,0.975609756097561,0.855284571647644,0.6204081632653061,0.8955823293172691,176.0,190.012451171875
2023-03-15,0.3325485587120056,0.9642276422764228,0.8471544981002808,0.5758754863813229,0.8888888888888888,193.0,191.34713745117188
2023-03-16,0.35370251536369324,0.9495934959349593,0.8536585569381714,0.5461847389558233,0.8785425101214575,196.0,193.4119873046875
2023-03-17,0.3402029275894165,0.959349593495935,0.8715447187423706,0.5970149253731343,0.8970588235294118,210.0,194.97608947753906
2023-03-18,0.32888346910476685,0.9609756097560975,0.8487805128097534,0.5603112840466926,0.8847736625514403,194.0,191.24658203125
2023-03-19,0.3238244652748108,0.9691056910569106,0.842276394367218,0.6083333333333333,0.9068825910931174,182.0,187.46873474121094
2023-03-20,0.3723903000354767,0.943089430894309,0.8178861737251282,0.59375,0.9081419624217119,233.0,181.7140350341797
2023-03-21,0.33028173446655273,0.9691056910569106,0.8617886304855347,0.5714285714285714,0.8805668016194332,186.0,189.15054321289062
2023-03-22,0.3255142867565155,0.967479674796748,0.8439024686813354,0.6190476190476191,0.8981670061099797,190.0,189.2808837890625
2023-03-23,0.32908210158348083,0.967479674796748,0.8487805128097534,0.5104602510460251,0.872255489021956,169.0,193.49081420898438
2023-03-24,0.3478970229625702,0.9626016260162602,0.8487805128097534,0.5411764705882353,0.8863636363636364,193.0,192.48922729492188
2023-03-25,0.3130527436733246,0.9723577235772358,0.8227642178535461,0.5665236051502146,0.896,173.0,183.66384887695312
2023-03-26,0.3160364627838135,0.9707317073170731,0.8276422619819641,0.5596707818930041,0.8943089430894309,177.0,181.46099853515625
2023-03-27,0.31666210293769836,0.9723577235772358,0.8308942914009094,0.5188284518828452,0.8812877263581489,164.0,180.2259521484375
2023-03-28,0.33067139983177185,0.9626016260162602,0.8227642178535461,0.5726141078838174,0.8967611336032388,186.0,180.67169189453125
2023-03-29,0.3355386257171631,0.9658536585365853,0.842276394367218,0.6171875,0.8993839835728953,198.0,184.13427734375
2023-03-30,0.3276174068450928,0.9642276422764228,0.8308942914009094,0.5079365079365079,0.8804123711340206,197.0,184.32937622070312
2023-03-31,0.36212635040283203,0.9495934959349593,0.8471544981002808,0.5925925925925926,0.8947368421052632,225.0,190.83843994140625
2023-04-01,0.33651307225227356,0.975609756097561,0.842276394367218,0.5757575757575758,0.9008438818565401,209.0,186.11251831054688
2023-04-02,0.3188278079032898,0.9723577235772358,0.8227642178535461,0.5627705627705628,0.8944223107569721,174.0,179.1055145263672
2023-04-03,0.3308393657207489,0.9609756097560975,0.8146341443061829,0.5344827586206896,0.8864541832669323,170.0,180.88839721679688
2023-04-04,0.339308500289917,0.9626016260162602,0.8065040707588196,0.4721030042918455,0.8792756539235412,176.0,178.5108642578125
2023-04-05,0.3304109275341034,0.9658536585365853,0.8130081295967102,0.5084745762711864,0.8815261044176707,173.0,179.18264770507812
2023-04-06,0.34828269481658936,0.9560975609756097,0.8227642178535461,0.4897959183673469,0.8811475409836066,195.0,184.33929443359375
2023-04-07,0.3391914665699005,0.9691056910569106,0.8341463208198547,0.5795918367346938,0.8963414634146342,194.0,187.7953338623047
2023-04-08,0.31650859117507935,0.9739837398373984,0.8243902325630188,0.6058091286307054,0.9066937119675457,187.0,182.6822509765625
2023-04-09,0.313401460647583,0.967479674796748,0.8113821148872375,0.5688888888888889,0.899009900990099,169.0,182.08230590820312
2023-04-10,0.31693512201309204,0.959349593495935,0.7983739972114563,0.5063291139240507,0.8920570264765784,176.0,176.91079711914062
2023-04-11,0.336475670337677,0.9626016260162602,0.7821138501167297,0.430622009569378,0.874031007751938,163.0,177.11477661132812
2023-04-12,0.3514151871204376,0.9447154471544715,0.7869918942451477,0.5523012552301255,0.9038854805725971,208.0,175.864013671875
2023-04-13,0.320225328207016,0.9642276422764228,0.8178861737251282,0.5691056910569106,0.8959183673469387,187.0,182.98133850097656
2023-04-14,0.3474936783313751,0.9512195121951219,0.8162601590156555,0.5846153846153846,0.896049896049896,217.0,185.46768188476562
2023-04-15,0.3143768310546875,0.9707317073170731,0.8113821148872375,0.5384615384615384,0.8844621513944223,169.0,182.2131805419922
2023-04-16,0.2804807722568512,0.9821138211382113,0.790243923664093,0.5943396226415094,0.8996138996138996,137.0,174.84664916992188
2023-04-17,0.32105836272239685,0.9560975609756097,0.7886179089546204,0.5289256198347108,0.8973305954825462,192.0,172.6202392578125
2023-04-18,0.326198548078537,0.9609756097560975,0.8016260266304016,0.551440329218107,0.888663967611336,180.0,175.70692443847656
2023-04-19,0.33932390809059143,0.943089430894309,0.7967479825019836,0.5703125,0.9037656903765691,212.0,173.4676513671875
2023-04-20,0.33999767899513245,0.9626016260162602,0.8341463208198547,0.5612648221343873,0.8872950819672131,196.0,182.69528198242188
2023-04-21,0.34655022621154785,0.959349593495935,0.8308942914009094,0.5538461538461539,0.8840579710144928,199.0,183.5997314453125
2023-04-22,0.34112629294395447,0.9544715447154472,0.8065040707588196,0.5172413793103449,0.8824701195219123,184.0,176.82899475097656
2023-04-23,0.2990156412124634,0.9707317073170731,0.8146341443061829,0.5470085470085471,0.8882235528942116,161.0,174.42648315429688
2023-04-24,0.3349049687385559,0.9626016260162602,0.795121967792511,0.5188284518828452,0.8902439024390244,177.0,174.40496826171875
2023-04-25,0.3193768858909607,0.9609756097560975,0.8081300854682922,0.5108225108225108,0.8807157057654076,163.0,177.08644104003906
2023-04-26,0.3458639085292816,0.959349593495935,0.8178861737251282,0.5491803278688525,0.8812877263581489,190.0,180.26901245117188
2023-04-27,0.34213241934776306,0.9544715447154472,0.8276422619819641,0.5483870967741935,0.8841463414634146,200.0,181.28244018554688
2023-04-28,0.36523571610450745,0.9577235772357724,0.8097561001777649,0.5593869731800766,0.8989473684210526,220.0,180.04092407226562
2023-04-29,0.3083495497703552,0.9658536585365853,0.8048780560493469,0.5416666666666666,0.8835341365461847,163.0,177.98941040039062
2023-04-30,0.3127887547016144,0.9772357723577236,0.772357702255249,0.5535714285714286,0.906,171.0,169.7874755859375
2023-05-01,0.331884503364563,0.9544715447154472,0.7934959530830383,0.5873015873015873,0.9123173277661796,200.0,172.23216247558594
2023-05-02,0.3508245348930359,0.9609756097560975,0.7983739972114563,0.4260869565217391,0.8697394789579158,175.0,176.133056640625
2023-05-03,0.30491340160369873,0.967479674796748,0.8048780560493469,0.6017699115044248,0.8978388998035364,156.0,176.84716796875
2023-05-04,0.3366832137107849,0.9560975609756097,0.8032520413398743,0.5725806451612904,0.8993839835728953,195.0,176.69100952148438
2023-05-05,0.33373570442199707,0.9560975609756097,0.8162601590156555,0.4979919678714859,0.8770491803278688,188.0,181.40896606445312
2023-05-06,0.30610206723213196,0.967479674796748,0.785365879535675,0.5357142857142857,0.8948412698412699,161.0,173.97486877441406
2023-05-07,0.3218270242214203,0.9658536585365853,0.7837398648262024,0.5333333333333333,0.8928571428571429,176.0,168.0391845703125
2023-05-08,0.30203044414520264,0.975609756097561,0.7869918942451477,0.49557522123893805,0.8864541832669323,152.0,174.48944091796875
2023-05-09,0.28164640069007874,0.9821138211382113,0.767479658126831,0.5728643216080402,0.9096153846153846,138.0,168.62799072265625
2023-05-10,0.3301459550857544,0.9512195121951219,0.7626016139984131,0.5511111111111111,0.9168356997971603,191.0,168.31539916992188
2023-05-11,0.31472113728523254,0.9544715447154472,0.7967479825019836,0.47058823529411764,0.8814229249011858,151.0,172.68161010742188
2023-05-12,0.3259478211402893,0.9447154471544715,0.7967479825019836,0.5220883534136547,0.9073684210526316,204.0,175.71511840820312
2023-05-13,0.32417765259742737,0.9609756097560975,0.7837398648262024,0.5112107623318386,0.8962075848303394,182.0,172.01234436035156
2023-05-14,0.30523625016212463,0.967479674796748,0.772357702255249,0.5,0.9041916167664671,165.0,167.03524780273438
2023-05-15,0.31148025393486023,0.967479674796748,0.7934959530830383,0.543778801843318,0.9067460317460317,164.0,170.65872192382812
2023-05-16,0.3007816672325134,0.9707317073170731,0.777235746383667,0.5073170731707317,0.9058823529411765,157.0,167.1105194091797
2023-05-17,0.32659125328063965,0.9512195121951219,0.7756097316741943,0.5112107623318386,0.9107505070993914,186.0,169.343994140625
2023-05-18,0.3064548373222351,0.975609756097561,0.7934959530830383,0.5321100917431193,0.8992094861660079,160.0,172.40646362304688
2023-05-19,0.3268907070159912,0.9528455284552846,0.8065040707588196,0.5470085470085471,0.9026369168356998,187.0,173.1448211669922
2023-05-20,0.3374694585800171,0.9626016260162602,0.7804877758026123,0.4909090909090909,0.8873517786561265,170.0,170.49313354492188
2023-05-21,0.33109885454177856,0.967479674796748,0.7691056728363037,0.5046728971962616,0.91,182.0,166.15708923339844
2023-05-22,0.31397461891174316,0.9642276422764228,0.7707316875457764,0.5185185185185185,0.9027777777777778,169.0,164.08897399902344
2023-05-23,0.3141337037086487,0.9577235772357724,0.7626016139984131,0.5092592592592593,0.9098196392785571,170.0,163.6876220703125
2023-05-24,0.32358023524284363,0.9626016260162602,0.7691056728363037,0.5116279069767442,0.9173387096774194,180.0,167.6202392578125
2023-05-25,0.3089265525341034,0.9626016260162602,0.7609755992889404,0.5727272727272728,0.9215291750503019,176.0,163.87680053710938
2023-05-26,0.36131802201271057,0.9349593495934959,0.7788617610931396,0.5306122448979592,0.919661733615222,232.0,170.08255004882812
2023-05-27,0.3161877989768982,0.9658536585365853,0.8032520413398743,0.5614035087719298,0.9074446680080482,181.0,171.92982482910156
2023-05-28,0.3635450005531311,0.943089430894309,0.7593495845794678,0.4,0.8913480885311871,191.0,163.12071228027344
2023-05-29,0.32009556889533997,0.9626016260162602,0.7739837169647217,0.45098039215686275,0.8943248532289628,157.0,165.9394989013672
2023-05-30,0.3068479001522064,0.9642276422764228,0.7642276287078857,0.5990338164251208,0.9270216962524654,173.0,163.41419982910156
2023-05-31,0.32319796085357666,0.9642276422764228,0.767479658126831,0.497737556561086,0.905241935483871,187.0,164.92437744140625
2023-06-01,0.37906497716903687,0.9252032520325203,0.7626016139984131,0.532258064516129,0.9252136752136753,234.0,168.35427856445312
2023-06-02,0.3378499746322632,0.9528455284552846,0.8162601590156555,0.5304347826086957,0.902834008097166,192.0,175.02626037597656
2023-06-03,0.3126401901245117,0.967479674796748,0.777235746383667,0.5315315315315315,0.9131313131313131,174.0,169.04901123046875
2023-06-04,0.31781700253486633,0.9626016260162602,0.772357702255249,0.5488372093023256,0.9107142857142857,171.0,165.39266967773438
2023-06-05,0.3177253007888794,0.9642276422764228,0.7609755992889404,0.5192307692307693,0.9128712871287129,175.0,165.3387451171875
2023-06-06,0.3247867524623871,0.9495934959349593,0.7593495845794678,0.4915254237288136,0.9180672268907563,192.0,163.55401611328125
2023-06-07,0.33132511377334595,0.959349593495935,0.8032520413398743,0.4978540772532189,0.8888888888888888,179.0,172.41226196289062
2023-06-08,0.33578217029571533,0.959349593495935,0.795121967792511,0.5603448275862069,0.9180327868852459,195.0,174.1654052734375
2023-06-09,0.36638495326042175,0.9414634146341463,0.8178861737251282,0.5193798449612403,0.8945147679324894,213.0,177.0850830078125
2023-06-10,0.3178819715976715,0.9626016260162602,0.8178861737251282,0.5546218487394958,0.9004065040650406,178.0,172.1986846923828
2023-06-11,0.3081839084625244,0.9658536585365853,0.785365879535675,0.5116279069767442,0.9027777777777778,165.0,167.29559326171875
2023-06-12,0.34341949224472046,0.9658536585365853,0.8113821148872375,0.5454545454545454,0.8974358974358975,175.0,168.34725952148438
2023-06-13,0.30655092000961304,0.9658536585365853,0.8146341443061829,0.5066666666666667,0.8886679920477137,166.0,168.83712768554688
2023-06-14,0.3178747892379761,0.9658536585365853,0.8146341443061829,0.5228215767634855,0.8918367346938776,173.0,173.86492919921875
2023-06-15,0.3541441857814789,0.9560975609756097,0.800000011920929,0.5454545454545454,0.9089026915113871,213.0,171.40762329101562
2023-06-16,0.3502923846244812,0.9544715447154472,0.8195121884346008,0.5344827586206896,0.8953722334004024,189.0,177.22320556640625
2023-06-17,0.3587146997451782,0.9560975609756097,0.8162601590156555,0.5462184873949579,0.8983739837398373,212.0,171.6571044921875
2023-06-18,0.3266683518886566,0.959349593495935,0.8097561001777649,0.5291479820627802,0.9056224899598394,182.0,169.89108276367188
2023-06-19,0.31034398078918457,0.9642276422764228,0.8130081295967102,0.5726872246696035,0.9151515151515152,173.0,170.71246337890625
2023-06-20,0.33443477749824524,0.9642276422764228,0.8243902325630188,0.563265306122449,0.9126819126819127,194.0,171.98451232910156
2023-06-21,0.34347426891326904,0.9495934959349593,0.8162601590156555,0.4892703862660944,0.8940936863543788,180.0,177.00241088867188
2023-06-22,0.34744977951049805,0.967479674796748,0.8292682766914368,0.5714285714285714,0.9128630705394191,212.0,178.858154296875
2023-06-23,0.3659733831882477,0.9463414634146341,0.8471544981002808,0.5826771653543307,0.9006211180124224,225.0,183.63461303710938
2023-06-24,0.33040276169776917,0.9609756097560975,0.8081300854682922,0.5062240663900415,0.8950617283950617,189.0,173.73199462890625
2023-06-25,0.3351622521877289,0.967479674796748,0.8097561001777649,0.5132743362831859,0.8886679920477137,173.0,174.10403442382812
2023-06-26,0.31501346826553345,0.9658536585365853,0.8146341443061829,0.5811965811965812,0.9089068825910931,178.0,172.25003051757812
2023-06-27,0.3341224193572998,0.9609756097560975,0.8308942914009094,0.5020242914979757,0.8865979381443299,177.0,174.5338134765625
2023-06-28,0.3483523428440094,0.9528455284552846,0.8276422619819641,0.5609756097560976,0.9012345679012346,196.0,177.93235778808594
2023-06-29,0.36033597588539124,0.9463414634146341,0.860162615776062,0.6153846153846154,0.9079754601226994,212.0,184.52886962890625
2023-06-30,0.3523982763290405,0.9577235772357724,0.8308942914009094,0.5606060606060606,0.9023354564755839,222.0,180.57583618164062
2023-07-01,0.3742463290691376,0.943089430894309,0.8292682766914368,0.556390977443609,0.9057815845824411,236.0,179.4873809814453
2023-07-02,0.33665695786476135,0.959349593495935,0.8260162472724915,0.46473029045643155,0.8757637474541752,179.0,178.63037109375
2023-07-03,0.37111595273017883,0.9512195121951219,0.8406503796577454,0.5309090909090909,0.8997821350762527,234.0,178.54861450195312
2023-07-04,0.346527099609375,0.9577235772357724,0.855284571647644,0.5,0.8709677419354839,183.0,184.45538330078125
2023-07-05,0.35229983925819397,0.967479674796748,0.8504065275192261,0.5703422053231939,0.8970588235294118,209.0,183.14569091796875
2023-07-06,0.3253457546234131,0.9691056910569106,0.8666666746139526,0.6186440677966102,0.8932806324110671,173.0,191.51235961914062
2023-07-07,0.33739298582077026,0.9577235772357724,0.8731707334518433,0.6015037593984962,0.897489539748954,209.0,188.58319091796875
2023-07-08,0.320343017578125,0.9739837398373984,0.842276394367218,0.5647058823529412,0.879837067209776,175.0,183.5526885986328
2023-07-09,0.32501929998397827,0.9707317073170731,0.8406503796577454,0.5843621399176955,0.8842315369261478,170.0,181.16412353515625
2023-07-10,0.3344687223434448,0.9642276422764228,0.8276422619819641,0.5843621399176955,0.9004065040650406,194.0,180.71417236328125
2023-07-11,0.32680609822273254,0.959349593495935,0.8308942914009094,0.5725806451612904,0.9012345679012346,192.0,181.79896545410156
2023-07-12,0.38904860615730286,0.9414634146341463,0.8520325422286987,0.5555555555555556,0.89171974522293,234.0,184.1893768310547
2023-07-13,0.3412580192089081,0.9560975609756097,0.8780487775802612,0.587360594795539,0.8854166666666666,199.0,193.18365478515625
2023-07-14,0.38226640224456787,0.9447154471544715,0.8747967481613159,0.63003663003663,0.9010526315789473,242.0,189.65322875976562
2023-07-15,0.3422687351703644,0.9577235772357724,0.8682926893234253,0.5757575757575758,0.8895833333333333,202.0,186.42190551757812
2023-07-16,0.3318019211292267,0.9642276422764228,0.8504065275192261,0.5726141078838174,0.8877755511022044,183.0,183.9884033203125
2023-07-17,0.35374367237091064,0.9544715447154472,0.8682926893234253,0.5625,0.8850102669404517,201.0,187.76571655273438
2023-07-18,0.3352396786212921,0.9512195121951219,0.869918704032898,0.6147859922178989,0.8991769547325102,199.0,189.14376831054688
2023-07-19,0.34143948554992676,0.967479674796748,0.8666666746139526,0.5142857142857142,0.8677354709418837,179.0,191.44683837890625
2023-07-20,0.3376525938510895,0.9609756097560975,0.8585366010665894,0.623574144486692,0.9022869022869023,207.0,189.29708862304688
2023-07-21,0.3715212047100067,0.9577235772357724,0.8780487775802612,0.6058394160583942,0.9040511727078892,236.0,191.82241821289062
2023-07-22,0.32088345289230347,0.9723577235772358,0.8585366010665894,0.536,0.8762677484787018,182.0,189.49349975585938
2023-07-23,0.3384588956832886,0.9626016260162602,0.8455284833908081,0.6055776892430279,0.9090909090909091,201.0,182.5250244140625
2023-07-24,0.359154611825943,0.9544715447154472,0.8747967481613159,0.5327868852459017,0.8772635814889336,191.0,189.5041961669922
2023-07-25,0.34341832995414734,0.9626016260162602,0.8666666746139526,0.5462184873949579,0.878727634194831,175.0,189.512451171875
2023-07-26,0.3465064764022827,0.9642276422764228,0.8617886304855347,0.5887096774193549,0.8924949290060852,187.0,184.67372131347656
2023-07-27,0.3248139023780823,0.9691056910569106,0.8504065275192261,0.5811320754716981,0.893305439330544,199.0,186.0025634765625
2023-07-28,0.3409710228443146,0.9707317073170731,0.8764227628707886,0.6051660516605166,0.8893528183716075,216.0,192.02330017089844
2023-07-29,0.33446481823921204,0.9626016260162602,0.855284571647644,0.5737051792828686,0.889795918367347,198.0,187.039794921875
2023-07-30,0.32929539680480957,0.9707317073170731,0.8439024686813354,0.5843621399176955,0.8842315369261478,180.0,183.80075073242188
2023-07-31,0.33958321809768677,0.9609756097560975,0.8292682766914368,0.570281124497992,0.8936605316973415,198.0,184.26443481445312
2023-08-01,0.38518258929252625,0.9479674796747968,0.8536585569381714,0.5468164794007491,0.8900634249471459,239.0,186.02081298828125
2023-08-02,0.3276384174823761,0.9642276422764228,0.8569105863571167,0.47161572052401746,0.8661417322834646,151.0,186.91262817382812
2023-08-03,0.3470415771007538,0.9560975609756097,0.8569105863571167,0.4769874476987448,0.866,168.0,186.24578857421875
2023-08-04,0.3812742829322815,0.9414634146341463,0.8406503796577454,0.5992217898832685,0.90625,233.0,187.41281127929688
2023-08-05,0.3841307759284973,0.943089430894309,0.8536585569381714,0.5581395348837209,0.89375,226.0,184.88067626953125
2023-08-06,0.350755900144577,0.9626016260162602,0.8569105863571167,0.5126050420168067,0.876,184.0,184.926513671875
2023-08-07,0.35511717200279236,0.9544715447154472,0.8471544981002808,0.576,0.9028925619834711,206.0,184.12725830078125
2023-08-08,0.35006287693977356,0.9560975609756097,0.860162615776062,0.5669291338582677,0.8964803312629399,204.0,187.86691284179688
2023-08-09,0.3089565932750702,0.9788617886178862,0.8715447187423706,0.6065573770491803,0.898989898989899,170.0,188.2385711669922
2023-08-10,0.35942232608795166,0.9512195121951219,0.8634146451950073,0.5970149253731343,0.8970588235294118,226.0,186.47830200195312
2023-08-11,0.36565065383911133,0.9560975609756097,0.8926829099655151,0.6007067137809188,0.8948497854077253,231.0,191.9324951171875
2023-08-12,0.3352259695529938,0.9691056910569106,0.855284571647644,0.5551020408163265,0.8884381338742393,188.0,189.2255096435547
2023-08-13,0.34326171875,0.9560975609756097,0.8439024686813354,0.5603448275862069,0.8906560636182903,189.0,182.82742309570312
2023-08-14,0.33745482563972473,0.9626016260162602,0.855284571647644,0.5485232067510548,0.8807157057654076,187.0,180.70028686523438
2023-08-15,0.3516280949115753,0.9577235772357724,0.842276394367218,0.5714285714285714,0.8961303462321792,209.0,182.88543701171875
2023-08-16,0.33052751421928406,0.9691056910569106,0.8390243649482727,0.5887096774193549,0.9072164948453608,190.0,183.36810302734375
2023-08-17,0.3680662214756012,0.9528455284552846,0.8617886304855347,0.5468164794007491,0.884453781512605,214.0,186.02272033691406
2023-08-18,0.4143562614917755,0.9317073170731708,0.8780487775802612,0.6223776223776224,0.8989247311827957,267.0,192.62643432617188
2023-08-19,0.38127923011779785,0.9447154471544715,0.8487805128097534,0.5538461538461539,0.8877338877338877,229.0,187.67579650878906
2023-08-20,0.31942570209503174,0.9739837398373984,0.8325203061103821,0.5528455284552846,0.8828282828282829,172.0,185.51907348632812
2023-08-21,0.35266104340553284,0.9577235772357724,0.8292682766914368,0.5737051792828686,0.8934426229508197,201.0,185.67079162597656
2023-08-22,0.3141573667526245,0.975609756097561,0.8227642178535461,0.5321888412017167,0.8774703557312253,159.0,182.6573486328125
2023-08-23,0.3430395722389221,0.9577235772357724,0.8227642178535461,0.5361702127659574,0.8913480885311871,181.0,180.032470703125
2023-08-24,0.34664419293403625,0.9560975609756097,0.8487805128097534,0.5977011494252874,0.9094736842105263,218.0,186.24462890625
2023-08-25,0.3934333026409149,0.943089430894309,0.8439024686813354,0.49808429118773945,0.8914893617021277,236.0,190.58377075195312
2023-08-26,0.3386164903640747,0.959349593495935,0.842276394367218,0.5938864628820961,0.9043824701195219,184.0,185.58062744140625
2023-08-27,0.351918488740921,0.9463414634146341,0.8227642178535461,0.631578947368421,0.9291666666666667,231.0,182.53323364257812
2023-08-28,0.3479219675064087,0.9642276422764228,0.8390243649482727,0.5041322314049587,0.8785425101214575,182.0,186.01898193359375
2023-08-29,0.3172133266925812,0.9626016260162602,0.8455284833908081,0.5327868852459017,0.8879837067209776,171.0,183.404052734375
2023-08-30,0.35690680146217346,0.9528455284552846,0.8373983502388,0.5166666666666667,0.8882113821138211,199.0,181.8779296875
2023-08-31,0.37999510765075684,0.9495934959349593,0.8520325422286987,0.5491803278688525,0.8975409836065574,219.0,187.39735412597656
2023-09-01,0.3978656530380249,0.9414634146341463,0.8845528364181519,0.6111111111111112,0.9061135371179039,270.0,193.2205047607422
2023-09-02,0.39187198877334595,0.943089430894309,0.8504065275192261,0.5291828793774319,0.8875,234.0,191.8131103515625
2023-09-03,0.35701310634613037,0.9658536585365853,0.8520325422286987,0.59375,0.9024896265560166,217.0,185.47189331054688
2023-09-04,0.32101550698280334,0.9707317073170731,0.8829268217086792,0.5577689243027888,0.875,173.0,190.0482635498047
2023-09-05,0.3500005006790161,0.9528455284552846,0.8325203061103821,0.5185185185185185,0.8841463414634146,195.0,183.6389617919922
2023-09-06,0.34808358550071716,0.9642276422764228,0.8439024686813354,0.5210084033613446,0.8940936863543788,195.0,183.81576538085938
2023-09-07,0.3175916075706482,0.9691056910569106,0.8780487775802612,0.6097560975609756,0.882703777335984,178.0,193.66342163085938
2023-09-08,0.34984061121940613,0.9577235772357724,0.860162615776062,0.596078431372549,0.9026915113871635,219.0,194.7694549560547
2023-09-09,0.3412049114704132,0.9691056910569106,0.8455284833908081,0.552,0.891170431211499,198.0,185.34532165527344
2023-09-10,0.30679842829704285,0.9723577235772358,0.8373983502388,0.5726141078838174,0.9040816326530612,180.0,182.52838134765625
2023-09-11,0.32246434688568115,0.9642276422764228,0.8195121884346008,0.46296296296296297,0.8752436647173489,155.0,180.97662353515625
2023-09-12,0.3522578477859497,0.9512195121951219,0.8032520413398743,0.5476190476190477,0.9056603773584906,212.0,177.36474609375
2023-09-13,0.32971063256263733,0.9658536585365853,0.8276422619819641,0.5446808510638298,0.8951612903225806,189.0,184.73699951171875
2023-09-14,0.3305526673793793,0.9560975609756097,0.842276394367218,0.5241935483870968,0.8925619834710744,191.0,188.49415588378906
2023-09-15,0.3817247152328491,0.9463414634146341,0.8585366010665894,0.5672727272727273,0.9028077753779697,250.0,188.67034912109375
2023-09-16,0.3553714454174042,0.9414634146341463,0.842276394367218,0.5643153526970954,0.8947368421052632,202.0,188.50819396972656
2023-09-17,0.32926762104034424,0.9626016260162602,0.8032520413398743,0.5486725663716814,0.9074446680080482,185.0,181.3372802734375
2023-09-18,0.3121025264263153,0.959349593495935,0.8048780560493469,0.5826086956521739,0.9205702647657841,177.0,181.18289184570312
2023-09-19,0.342765748500824,0.9447154471544715,0.8130081295967102,0.5147679324894515,0.9070247933884298,194.0,178.78196716308594
2023-09-20,0.346030592918396,0.9577235772357724,0.8373983502388,0.5267489711934157,0.8934426229508197,197.0,184.80010986328125
2023-09-21,0.3528672754764557,0.9495934959349593,0.8439024686813354,0.5603112840466926,0.8958333333333334,212.0,189.52407836914062
2023-09-22,0.38290032744407654,0.9463414634146341,0.8487805128097534,0.5153846153846153,0.8846960167714885,228.0,193.59555053710938
2023-09-23,0.321492075920105,0.9707317073170731,0.8243902325630188,0.5555555555555556,0.9102040816326531,183.0,185.15237426757812
2023-09-24,0.3268708288669586,0.9609756097560975,0.8113821148872375,0.5517241379310345,0.9085365853658537,180.0,180.11752319335938
2023-09-25,0.3582213819026947,0.9528455284552846,0.8227642178535461,0.5928853754940712,0.9180672268907563,224.0,179.65267944335938
2023-09-26,0.3371669352054596,0.967479674796748,0.8260162472724915,0.5172413793103449,0.9040816326530612,190.0,186.38690185546875
2023-09-27,0.3380396068096161,0.959349593495935,0.8292682766914368,0.584,0.9125,200.0,184.69285583496094
2023-09-28,0.34780827164649963,0.967479674796748,0.8471544981002808,0.5447154471544715,0.8952772073921971,209.0,186.5052490234375
2023-09-29,0.37965071201324463,0.943089430894309,0.860162615776062,0.52,0.8793456032719836,211.0,191.92359924316406
2023-09-30,0.35463958978652954,0.959349593495935,0.8325203061103821,0.5365853658536586,0.9043659043659044,213.0,183.0349884033203
2023-10-01,0.32119855284690857,0.9658536585365853,0.8243902325630188,0.6192468619246861,0.9221311475409836,195.0,182.53738403320312
2023-10-02,0.3439939618110657,0.967479674796748,0.8260162472724915,0.5108225108225108,0.886,182.0,181.8927764892578
2023-10-03,0.3403509855270386,0.9626016260162602,0.8130081295967102,0.5617021276595745,0.9139344262295082,203.0,178.96670532226562
2023-10-04,0.3493323028087616,0.9512195121951219,0.8308942914009094,0.5275590551181102,0.895397489539749,210.0,183.65155029296875
2023-10-05,0.3397151231765747,0.9577235772357724,0.8373983502388,0.5813953488372093,0.9,202.0,187.48873901367188
2023-10-06,0.3737655580043793,0.9479674796747968,0.8487805128097534,0.5597014925373134,0.9036402569593148,233.0,188.26220703125
2023-10-07,0.3547420799732208,0.9577235772357724,0.855284571647644,0.5737051792828686,0.8989690721649485,217.0,187.37738037109375
2023-10-08,0.3213377296924591,0.9626016260162602,0.8373983502388,0.525,0.8795180722891566,177.0,184.6156768798828
2023-10-09,0.3336312472820282,0.9642276422764228,0.8276422619819641,0.582995951417004,0.9016393442622951,192.0,184.32571411132812
2023-10-10,0.37253376841545105,0.9512195121951219,0.8406503796577454,0.5846153846153846,0.9054621848739496,220.0,183.90789794921875
2023-10-11,0.3796665668487549,0.9577235772357724,0.8406503796577454,0.5258964143426295,0.8977035490605428,222.0,188.18460083007812
2023-10-12,0.3739995062351227,0.9512195121951219,0.8569105863571167,0.6060606060606061,0.9054621848739496,227.0,193.47442626953125
2023-10-13,0.3411566913127899,0.9626016260162602,0.8764227628707886,0.6,0.9020833333333333,212.0,193.57470703125
2023-10-14,0.3652959167957306,0.9495934959349593,0.842276394367218,0.5333333333333333,0.8916666666666667,218.0,187.16220092773438
2023-10-15,0.3137127459049225,0.9723577235772358,0.8536585569381714,0.5849802371541502,0.9102296450939458,193.0,189.50929260253906
2023-10-16,0.3576046824455261,0.9691056910569106,0.8634146451950073,0.5737051792828686,0.897119341563786,207.0,191.4340362548828
2023-10-17,0.3372039496898651,0.959349593495935,0.8585366010665894,0.5991902834008097,0.9075975359342916,199.0,189.928466796875
2023-10-18,0.3398573398590088,0.9658536585365853,0.8715447187423706,0.576271186440678,0.8904382470119522,189.0,191.34242248535156
2023-10-19,0.35057204961776733,0.9560975609756097,0.869918704032898,0.5482625482625483,0.8951781970649895,212.0,191.5811004638672
2023-10-20,0.385030597448349,0.9495934959349593,0.8894308805465698,0.6115107913669064,0.9134199134199135,252.0,197.0780029296875
2023-10-21,0.3694087266921997,0.9609756097560975,0.8910568952560425,0.5511811023622047,0.8831967213114754,214.0,195.59378051757812
2023-10-22,0.3506653904914856,0.9626016260162602,0.8764227628707886,0.5774058577405857,0.8846918489065606,195.0,190.68321228027344
2023-10-23,0.3772399425506592,0.9528455284552846,0.8731707334518433,0.5354330708661418,0.8809034907597536,221.0,191.77601623535156
2023-10-24,0.34269967675209045,0.9658536585365853,0.869918704032898,0.5508474576271186,0.8844621513944223,180.0,193.32550048828125
2023-10-25,0.37983790040016174,0.9577235772357724,0.860162615776062,0.5234375,0.8893528183716075,223.0,188.04049682617188
2023-10-26,0.3376823961734772,0.9691056910569106,0.8845528364181519,0.5454545454545454,0.8707070707070707,182.0,195.8904571533203
2023-10-27,0.37197157740592957,0.9560975609756097,0.8666666746139526,0.5328467153284672,0.8865096359743041,223.0,192.9486541748047
2023-10-28,0.37328600883483887,0.9560975609756097,0.8731707334518433,0.5615384615384615,0.8898128898128899,228.0,192.54220581054688
2023-10-29,0.3123784363269806,0.9691056910569106,0.860162615776062,0.6475409836065574,0.9127789046653144,188.0,189.15838623046875
2023-10-30,0.34486204385757446,0.9544715447154472,0.8455284833908081,0.5477178423236515,0.8979591836734694,199.0,186.816162109375
2023-10-31,0.38859081268310547,0.9414634146341463,0.8520325422286987,0.5551020408163265,0.8975409836065574,216.0,189.19747924804688
2023-11-01,0.393012672662735,0.943089430894309,0.8780487775802612,0.5230769230769231,0.8775933609958506,218.0,192.57635498046875
2023-11-02,0.317775160074234,0.9691056910569106,0.8634146451950073,0.5725806451612904,0.8993839835728953,182.0,193.23748779296875
2023-11-03,0.3663939833641052,0.9512195121951219,0.8845528364181519,0.5725190839694656,0.904862579281184,225.0,194.102294921875
2023-11-04,0.34644415974617004,0.9560975609756097,0.86504065990448,0.5976095617529881,0.9051546391752577,212.0,193.25082397460938
2023-11-05,0.33027657866477966,0.959349593495935,0.8536585569381714,0.6076923076923076,0.9117647058823529,212.0,187.23529052734375
2023-11-06,0.34265100955963135,0.9560975609756097,0.860162615776062,0.5523012552301255,0.8983739837398373,192.0,188.02130126953125
2023-11-07,0.3951910138130188,0.9300813008130081,0.8390243649482727,0.6201550387596899,0.9317697228144989,252.0,184.79107666015625
2023-11-08,0.3664330840110779,0.9528455284552846,0.8715447187423706,0.5267175572519084,0.888421052631579,209.0,196.40431213378906
2023-11-09,0.3387662172317505,0.9512195121951219,0.9056910276412964,0.6356589147286822,0.9032921810699589,208.0,198.5662078857422
2023-11-10,0.3803892433643341,0.9512195121951219,0.8845528364181519,0.6142857142857143,0.913232104121475,252.0,197.5145263671875
2023-11-11,0.3894025683403015,0.959349593495935,0.9089431166648865,0.5509433962264151,0.8867924528301887,233.0,200.38296508789062
2023-11-12,0.31769871711730957,0.9723577235772358,0.8731707334518433,0.5565217391304348,0.8926441351888668,174.0,194.968505859375
2023-11-13,0.3149237036705017,0.9739837398373984,0.86504065990448,0.563265306122449,0.8977505112474438,178.0,187.7081298828125
2023-11-14,0.35749879479408264,0.959349593495935,0.8634146451950073,0.5060240963855421,0.8827160493827161,206.0,191.4597930908203
2023-11-15,0.3403962254524231,0.9609756097560975,0.8780487775802612,0.5849802371541502,0.8916155419222904,193.0,196.09376525878906
2023-11-16,0.34761691093444824,0.9723577235772358,0.8829268217086792,0.5483870967741935,0.8841463414634146,187.0,194.19692993164062
2023-11-17,0.41151222586631775,0.9333333333333333,0.8861788511276245,0.5866666666666667,0.901565995525727,282.0,197.0586395263672
2023-11-18,0.3953683376312256,0.9365853658536586,0.9056910276412964,0.5393258426966292,0.8731808731808732,226.0,201.71743774414062
2023-11-19,0.36200034618377686,0.9577235772357724,0.869918704032898,0.4789915966386555,0.8839103869653768,199.0,191.12100219726562
2023-11-20,0.3384318947792053,0.9609756097560975,0.8487805128097534,0.549800796812749,0.9039665970772442,201.0,187.7585906982422
2023-11-21,0.37581324577331543,0.9626016260162602,0.8585366010665894,0.5118110236220472,0.8856548856548857,214.0,191.0287628173828
2023-11-22,0.38516566157341003,0.9463414634146341,0.8764227628707886,0.6,0.8991416309012875,250.0,195.39590454101562
2023-11-23,0.3683888614177704,0.9544715447154472,0.8926829099655151,0.5658914728682171,0.8829568788501027,210.0,199.56729125976562
2023-11-24,0.3411303460597992,0.9642276422764228,0.8959349393844604,0.5652173913043478,0.8834745762711864,210.0,202.5579833984375
2023-11-25,0.3584051728248596,0.9560975609756097,0.8894308805465698,0.5737051792828686,0.8879837067209776,206.0,197.8845977783203
2023-11-26,0.3474571406841278,0.9658536585365853,0.8634146451950073,0.5374449339207048,0.8873517786561265,177.0,193.840576171875
2023-11-27,0.33761924505233765,0.967479674796748,0.8504065275192261,0.5916666666666667,0.9065040650406504,193.0,188.1503143310547
2023-11-28,0.33710888028144836,0.9609756097560975,0.8715447187423706,0.5909090909090909,0.9088983050847458,197.0,193.4453887939453
2023-11-29,0.3617435097694397,0.9626016260162602,0.8910568952560425,0.5692883895131086,0.8870292887029289,223.0,197.02398681640625
2023-11-30,0.3626403212547302,0.967479674796748,0.9056910276412964,0.6153846153846154,0.8913934426229508,212.0,200.44134521484375
2023-12-01,0.39376068115234375,0.943089430894309,0.8878048658370972,0.6083916083916084,0.9102844638949672,257.0,200.4996337890625
2023-12-02,0.3829754590988159,0.9512195121951219,0.8975609540939331,0.5454545454545454,0.8792372881355932,233.0,198.02108764648438
2023-12-03,0.35796305537223816,0.9609756097560975,0.8731707334518433,0.6039215686274509,0.8918367346938776,214.0,193.60076904296875
2023-12-04,0.3435499370098114,0.9691056910569106,0.8894308805465698,0.5220883534136547,0.8689516129032258,179.0,197.09815979003906
2023-12-05,0.3704448342323303,0.9658536585365853,0.9040650129318237,0.5547445255474452,0.86875,222.0,198.26678466796875
2023-12-06,0.3299879729747772,0.9691056910569106,0.8796747922897339,0.5333333333333333,0.86875,190.0,198.37100219726562
2023-12-07,0.3776226341724396,0.9560975609756097,0.8894308805465698,0.65,0.908315565031983,249.0,197.72579956054688
2023-12-08,0.39463895559310913,0.9544715447154472,0.9040650129318237,0.5527272727272727,0.8776371308016878,226.0,204.79742431640625
2023-12-09,0.4181913137435913,0.9349593495934959,0.8861788511276245,0.5555555555555556,0.8879492600422833,257.0,203.83090209960938
2023-12-10,0.3618627190589905,0.959349593495935,0.8715447187423706,0.6044776119402985,0.8991596638655462,231.0,195.8275604248047
2023-12-11,0.3385328948497772,0.9609756097560975,0.8861788511276245,0.6023166023166023,0.8948453608247423,198.0,199.2186279296875
2023-12-12,0.32589107751846313,0.967479674796748,0.8943089246749878,0.549618320610687,0.8762886597938144,185.0,201.19540405273438
2023-12-13,0.35472753643989563,0.9609756097560975,0.8975609540939331,0.5945945945945946,0.8836734693877552,208.0,200.0782928466797
2023-12-14,0.3564170300960541,0.9707317073170731,0.8991869688034058,0.5799256505576208,0.8796680497925311,208.0,198.96014404296875
2023-12-15,0.3934515714645386,0.943089430894309,0.9073171019554138,0.58,0.8893805309734514,253.0,205.09112548828125
2023-12-16,0.3776811361312866,0.9495934959349593,0.8975609540939331,0.5227272727272727,0.875,223.0,200.58702087402344
2023-12-17,0.3404540419578552,0.9528455284552846,0.8780487775802612,0.52,0.8704453441295547,186.0,198.0057830810547
2023-12-18,0.3380718231201172,0.9739837398373984,0.8878048658370972,0.5823754789272031,0.8865979381443299,200.0,196.52001953125
2023-12-19,0.34163832664489746,0.9609756097560975,0.8682926893234253,0.6106870229007634,0.9039665970772442,211.0,196.74977111816406
2023-12-20,0.3794327974319458,0.9544715447154472,0.8829268217086792,0.4961832061068702,0.872651356993737,207.0,198.41830444335938
2023-12-21,0.3607984185218811,0.9544715447154472,0.8780487775802612,0.5440613026819924,0.878099173553719,208.0,198.7406463623047
2023-12-22,0.3777278661727905,0.9560975609756097,0.8910568952560425,0.6095890410958904,0.8976034858387799,239.0,202.76251220703125
2023-12-23,0.40307506918907166,0.9414634146341463,0.9089431166648865,0.5107913669064749,0.8607594936708861,223.0,203.60165405273438
2023-12-24,0.341038316488266,0.9642276422764228,0.8813008069992065,0.5816733067729084,0.8846153846153846,179.0,198.3995819091797
2023-12-25,0.33776047825813293,0.9707317073170731,0.8878048658370972,0.5172413793103449,0.8686274509803922,157.0,196.60328674316406
2023-12-26,0.31881606578826904,0.9739837398373984,0.8715447187423706,0.5267489711934157,0.8667992047713717,155.0,194.07247924804688
2023-12-27,0.34836912155151367,0.9707317073170731,0.8764227628707886,0.5419847328244275,0.8796680497925311,197.0,195.66378784179688
2023-12-28,0.33720389008522034,0.9691056910569106,0.8796747922897339,0.5877862595419847,0.8865979381443299,195.0,195.48690795898438
2023-12-29,0.38500121235847473,0.9512195121951219,0.9186992049217224,0.5416666666666666,0.8653846153846154,228.0,202.0775604248047
2023-12-30,0.3425741493701935,0.9723577235772358,0.8943089246749878,0.5714285714285714,0.8726899383983573,188.0,196.0538330078125
2023-12-31,0.3049263060092926,0.9739837398373984,0.8731707334518433,0.544,0.8712273641851107,162.0,189.89749145507812
2024-01-01,0.33173656463623047,0.967479674796748,0.860162615776062,0.6196078431372549,0.9014373716632443,194.0,188.67550659179688
2024-01-02,0.32666128873825073,0.975609756097561,0.8634146451950073,0.6031746031746031,0.8995901639344263,194.0,191.73587036132812
2024-01-03,0.34705838561058044,0.967479674796748,0.8845528364181519,0.551440329218107,0.8745019920318725,168.0,192.95791625976562
2024-01-04,0.37443089485168457,0.9495934959349593,0.8747967481613159,0.5190839694656488,0.8698347107438017,207.0,192.5720672607422
2024-01-05,0.3533955216407776,0.9609756097560975,0.8829268217086792,0.5683453237410072,0.8776371308016878,214.0,197.18292236328125
2024-01-06,0.34614866971969604,0.9609756097560975,0.8910568952560425,0.5962264150943396,0.8881987577639752,207.0,194.75711059570312
2024-01-07,0.3446543216705322,0.9691056910569106,0.855284571647644,0.5703422053231939,0.8858921161825726,203.0,188.51141357421875
2024-01-08,0.3322817385196686,0.9626016260162602,0.8487805128097534,0.5577689243027888,0.8821138211382114,185.0,189.75653076171875
2024-01-09,0.3496233820915222,0.9528455284552846,0.855284571647644,0.5318352059925093,0.8692946058091287,186.0,186.15328979492188
2024-01-10,0.3564355969429016,0.9642276422764228,0.869918704032898,0.5375494071146245,0.8651911468812877,196.0,187.16336059570312
2024-01-11,0.3699240982532501,0.9463414634146341,0.8747967481613159,0.5703971119133574,0.8742138364779874,227.0,190.6222381591797
2024-01-12,0.3659994602203369,0.9560975609756097,0.8845528364181519,0.5454545454545454,0.8773784355179705,214.0,197.08642578125
2024-01-13,0.3194011151790619,0.9772357723577236,0.8715447187423706,0.5703422053231939,0.8804123711340206,190.0,190.34048461914062
2024-01-14,0.3060036897659302,0.9707317073170731,0.8325203061103821,0.5702479338842975,0.8983739837398373,173.0,184.7637939453125
2024-01-15,0.324192613363266,0.9691056910569106,0.8373983502388,0.5555555555555556,0.8909465020576132,184.0,184.00506591796875
2024-01-16,0.33975088596343994,0.9642276422764228,0.860162615776062,0.5411764705882353,0.8755102040816326,195.0,185.02096557617188
2024-01-17,0.3516480326652527,0.9544715447154472,0.8455284833908081,0.5603112840466926,0.8847736625514403,215.0,183.93154907226562
2024-01-18,0.3542107343673706,0.9658536585365853,0.8585366010665894,0.5511811023622047,0.8689516129032258,195.0,187.85848999023438
2024-01-19,0.39062580466270447,0.9382113821138212,0.8617886304855347,0.5474452554744526,0.8757894736842106,235.0,191.20135498046875
2024-01-20,0.34936052560806274,0.9447154471544715,0.8471544981002808,0.5891472868217055,0.8927835051546392,213.0,189.32965087890625
2024-01-21,0.34063175320625305,0.9560975609756097,0.8308942914009094,0.5569620253164557,0.8809523809523809,194.0,184.42697143554688
2024-01-22,0.3618376553058624,0.9577235772357724,0.8406503796577454,0.5490196078431373,0.8847736625514403,214.0,184.12867736816406
2024-01-23,0.341166615486145,0.9658536585365853,0.8276422619819641,0.56,0.8895705521472392,190.0,183.5632781982422
2024-01-24,0.3738287091255188,0.959349593495935,0.8406503796577454,0.6124031007751938,0.9083333333333333,226.0,189.05870056152344
2024-01-25,0.3662828207015991,0.9560975609756097,0.8357723355293274,0.5584905660377358,0.8851774530271399,221.0,190.05056762695312
2024-01-26,0.3490786552429199,0.9528455284552846,0.8520325422286987,0.6142322097378277,0.8921161825726142,209.0,190.39337158203125
2024-01-27,0.3534940481185913,0.959349593495935,0.8308942914009094,0.5525291828793775,0.8827160493827161,203.0,188.8974151611328
2024-01-28,0.339394748210907,0.9560975609756097,0.8276422619819641,0.5798319327731093,0.892,187.0,185.98574829101562
2024-01-29,0.33268001675605774,0.959349593495935,0.8178861737251282,0.5813953488372093,0.9056603773584906,193.0,183.84776306152344
2024-01-30,0.33824124932289124,0.959349593495935,0.8308942914009094,0.5210084033613446,0.8745019920318725,176.0,188.23504638671875
2024-01-31,0.32870399951934814,0.9560975609756097,0.8373983502388,0.5769230769230769,0.8958333333333334,196.0,186.13926696777344
2024-02-01,0.34203144907951355,0.9447154471544715,0.8487805128097534,0.5849802371541502,0.8879837067209776,200.0,189.87954711914062
2024-02-02,0.31373101472854614,0.9642276422764228,0.8585366010665894,0.6592592592592592,0.9079497907949791,202.0,190.12811279296875
2024-02-03,0.3364769220352173,0.959349593495935,0.8439024686813354,0.5682656826568265,0.884453781512605,203.0,188.00222778320312
2024-02-04,0.3433628976345062,0.9577235772357724,0.8211382031440735,0.5394190871369294,0.888663967611336,192.0,183.10498046875
2024-02-05,0.3569942116737366,0.9463414634146341,0.8227642178535461,0.5317460317460317,0.8811475409836066,187.0,184.5308074951172
2024-02-06,0.33129358291625977,0.9723577235772358,0.8341463208198547,0.5387755102040817,0.8843813387423936,181.0,187.21795654296875
2024-02-07,0.34447258710861206,0.9512195121951219,0.8341463208198547,0.6287878787878788,0.9079497907949791,214.0,186.833251953125
2024-02-08,0.3317594826221466,0.9739837398373984,0.8682926893234253,0.5647058823529412,0.8727272727272727,173.0,193.27638244628906
2024-02-09,0.3439766764640808,0.9658536585365853,0.8471544981002808,0.5851851851851851,0.8851774530271399,202.0,189.5166015625
2024-02-10,0.37417328357696533,0.9398373983739837,0.8292682766914368,0.49429657794676807,0.8723849372384938,205.0,186.0245361328125
2024-02-11,0.35274994373321533,0.9544715447154472,0.8292682766914368,0.570281124497992,0.8918367346938776,190.0,185.10537719726562
2024-02-12,0.3246714174747467,0.9642276422764228,0.8373983502388,0.563265306122449,0.8922764227642277,183.0,186.57528686523438
2024-02-13,0.3169632852077484,0.9707317073170731,0.8487805128097534,0.5276595744680851,0.8683693516699411,153.0,187.0726318359375
2024-02-14,0.3538087010383606,0.9642276422764228,0.8520325422286987,0.48132780082987553,0.8622754491017964,181.0,189.31959533691406
2024-02-15,0.33289551734924316,0.967479674796748,0.8813008069992065,0.568,0.8790322580645161,183.0,192.7113037109375
2024-02-16,0.36727824807167053,0.9463414634146341,0.8617886304855347,0.5984848484848485,0.899581589958159,222.0,190.15533447265625
2024-02-17,0.3386482000350952,0.9560975609756097,0.8471544981002808,0.56,0.8841463414634146,200.0,185.91683959960938
2024-02-18,0.34464606642723083,0.9528455284552846,0.8146341443061829,0.5560538116591929,0.899009900990099,189.0,180.57907104492188
2024-02-19,0.3406895697116852,0.959349593495935,0.8292682766914368,0.5525291828793775,0.89937106918239,205.0,181.25250244140625
2024-02-20,0.32275867462158203,0.9626016260162602,0.8536585569381714,0.625,0.9089026915113871,201.0,183.60736083984375
2024-02-21,0.3353617489337921,0.9577235772357724,0.855284571647644,0.5939849624060151,0.9067796610169492,207.0,189.41265869140625
2024-02-22,0.3616892993450165,0.9577235772357724,0.8813008069992065,0.5860805860805861,0.8959660297239915,217.0,189.5345001220703
2024-02-23,0.38333627581596375,0.9479674796747968,0.8975609540939331,0.5656565656565656,0.8758169934640523,236.0,196.16680908203125
2024-02-24,0.35690805315971375,0.959349593495935,0.8796747922897339,0.6285714285714286,0.907725321888412,236.0,193.87673950195312
2024-02-25,0.3245795667171478,0.9691056910569106,0.8569105863571167,0.5150214592274678,0.878727634194831,170.0,189.26547241210938
2024-02-26,0.35577109456062317,0.9691056910569106,0.8813008069992065,0.5517241379310345,0.8783505154639175,208.0,188.56991577148438
2024-02-27,0.37810587882995605,0.9495934959349593,0.8666666746139526,0.5620437956204379,0.8893617021276595,225.0,188.8787078857422
2024-02-28,0.3562479615211487,0.9577235772357724,0.8829268217086792,0.4816326530612245,0.8495049504950495,171.0,194.74310302734375
2024-02-29,0.34777796268463135,0.9577235772357724,0.8845528364181519,0.5681818181818182,0.8801652892561983,205.0,192.18955993652344
2024-03-01,0.4095068573951721,0.9414634146341463,0.8926829099655151,0.6202090592334495,0.9025974025974026,271.0,197.2196044921875
2024-03-02,0.34190982580184937,0.967479674796748,0.9056910276412964,0.6245353159851301,0.8958333333333334,218.0,198.4315185546875
2024-03-03,0.3144768476486206,0.9723577235772358,0.869918704032898,0.6229508196721312,0.8993963782696177,172.0,191.44204711914062
2024-03-04,0.3279554545879364,0.967479674796748,0.8780487775802612,0.5813953488372093,0.8888888888888888,191.0,190.91293334960938
2024-03-05,0.3300264775753021,0.9642276422764228,0.8715447187423706,0.6451612903225806,0.9048582995951417,193.0,187.8848114013672
2024-03-06,0.34418201446533203,0.9609756097560975,0.869918704032898,0.5461847389558233,0.8714859437751004,193.0,193.46533203125
2024-03-07,0.35405540466308594,0.959349593495935,0.8796747922897339,0.5396825396825397,0.8760162601626016,188.0,193.2301025390625
2024-03-08,0.3338872790336609,0.9626016260162602,0.8991869688034058,0.6096654275092936,0.8824742268041237,190.0,196.35023498535156
2024-03-09,0.33000174164772034,0.959349593495935,0.8780487775802612,0.48535564853556484,0.8560157790927022,160.0,195.99114990234375
2024-03-10,0.3099506199359894,0.9723577235772358,0.8211382031440735,0.5181818181818182,0.8845401174168297,154.0,183.34375
2024-03-11,0.3129672408103943,0.9788617886178862,0.8308942914009094,0.5267857142857143,0.8858267716535433,143.0,181.35171508789062
2024-03-12,0.32545074820518494,0.9609756097560975,0.8227642178535461,0.5381526104417671,0.8927835051546392,181.0,178.48080444335938
2024-03-13,0.3328414857387543,0.9707317073170731,0.8162601590156555,0.5254237288135594,0.8927125506072875,178.0,181.59356689453125
2024-03-14,0.34497714042663574,0.9658536585365853,0.8357723355293274,0.5188284518828452,0.8690476190476191,176.0,184.29949951171875
2024-03-15,0.32832422852516174,0.9691056910569106,0.855284571647644,0.5363984674329502,0.8742268041237113,186.0,187.3295135498047
2024-03-16,0.35262545943260193,0.9544715447154472,0.8260162472724915,0.525,0.8848484848484849,191.0,178.4083251953125
2024-03-17,0.30414581298828125,0.975609756097561,0.8146341443061829,0.5495495495495496,0.884990253411306,151.0,176.35696411132812
2024-03-18,0.30817386507987976,0.9723577235772358,0.8146341443061829,0.47058823529411764,0.8643410852713178,140.0,176.04022216796875
2024-03-19,0.2978380620479584,0.9739837398373984,0.8032520413398743,0.5291479820627802,0.8860510805500982,148.0,172.72747802734375
2024-03-20,0.3295806646347046,0.9642276422764228,0.8146341443061829,0.5378151260504201,0.8891129032258065,186.0,174.39089965820312
2024-03-21,0.3371497392654419,0.9739837398373984,0.8243902325630188,0.5416666666666666,0.8853118712273642,179.0,180.4001007080078
2024-03-22,0.35235944390296936,0.9544715447154472,0.8211382031440735,0.5867768595041323,0.8933601609657947,197.0,179.3900146484375
2024-03-23,0.3222488462924957,0.9691056910569106,0.795121967792511,0.46551724137931033,0.875751503006012,160.0,171.89349365234375
2024-03-24,0.32385680079460144,0.9528455284552846,0.7788617610931396,0.5388127853881278,0.9027777777777778,174.0,164.9966278076172
2024-03-25,0.3114737272262573,0.967479674796748,0.7788617610931396,0.44549763033175355,0.8860510805500982,152.0,166.31393432617188
2024-03-26,0.34003016352653503,0.9560975609756097,0.7886179089546204,0.45493562231759654,0.8734939759036144,178.0,169.2286376953125
2024-03-27,0.33792927861213684,0.967479674796748,0.7788617610931396,0.4954128440366973,0.8913043478260869,174.0,166.29461669921875
2024-03-28,0.32346102595329285,0.9626016260162602,0.7934959530830383,0.5526315789473685,0.896414342629482,170.0,170.55950927734375
2024-03-29,0.35704734921455383,0.9365853658536586,0.800000011920929,0.5228215767634855,0.8991769547325102,200.0,172.8123779296875
2024-03-30,0.3229054808616638,0.959349593495935,0.7869918942451477,0.584070796460177,0.91,178.0,166.0887451171875
2024-03-31,0.28729376196861267,0.9642276422764228,0.7463414669036865,0.5384615384615384,0.9168316831683169,158.0,158.5679931640625
2024-04-01,0.3086811304092407,0.9658536585365853,0.7609755992889404,0.5,0.9042769857433809,172.0,161.06442260742188
2024-04-02,0.3179159462451935,0.9707317073170731,0.767479658126831,0.4729064039408867,0.8949416342412452,143.0,164.29486083984375
2024-04-03,0.3041360676288605,0.9707317073170731,0.7739837169647217,0.5074626865671642,0.908203125,150.0,162.66070556640625
2024-04-04,0.3073332607746124,0.9739837398373984,0.7869918942451477,0.5238095238095238,0.9001956947162426,159.0,164.69332885742188
2024-04-05,0.29545947909355164,0.9691056910569106,0.7707316875457764,0.5213270142180095,0.9035433070866141,155.0,162.28317260742188
2024-04-06,0.29728224873542786,0.9691056910569106,0.7463414669036865,0.526829268292683,0.9188118811881189,165.0,155.83546447753906
2024-04-07,0.2703811228275299,0.975609756097561,0.7463414669036865,0.5347593582887701,0.9157088122605364,134.0,153.95254516601562
2024-04-08,0.28091782331466675,0.9642276422764228,0.73008131980896,0.4088397790055249,0.9040307101727447,125.0,150.2357940673828
2024-04-09,0.28739088773727417,0.9528455284552846,0.7349593639373779,0.5133689839572193,0.918918918918919,137.0,149.5631561279297
2024-04-10,0.30005526542663574,0.967479674796748,0.7365853786468506,0.5588235294117647,0.9230769230769231,165.0,149.99703979492188
2024-04-11,0.2963032126426697,0.967479674796748,0.7349593639373779,0.4742268041237113,0.913894324853229,151.0,153.14730834960938
2024-04-12,0.311531126499176,0.9544715447154472,0.7333333492279053,0.45662100456621,0.9102040816326531,168.0,151.4133758544922
2024-04-13,0.2741846740245819,0.9804878048780488,0.7528455257415771,0.5527638190954773,0.919921875,143.0,150.76779174804688
2024-04-14,0.28435879945755005,0.9739837398373984,0.7170731425285339,0.5027932960893855,0.9161904761904762,139.0,146.397705078125
2024-04-15,0.2520504593849182,0.9804878048780488,0.7186991572380066,0.4606741573033708,0.9070208728652751,112.0,142.37969970703125
2024-04-16,0.2936134934425354,0.959349593495935,0.712195098400116,0.48677248677248675,0.9129593810444874,149.0,140.36404418945312
2024-04-17,0.3231613039970398,0.959349593495935,0.720325231552124,0.49514563106796117,0.9163346613545816,171.0,147.02252197265625
2024-04-18,0.2943213880062103,0.967479674796748,0.7349593639373779,0.5687203791469194,0.9261477045908184,164.0,147.87704467773438
2024-04-19,0.31887736916542053,0.959349593495935,0.7186991572380066,0.5454545454545454,0.9285714285714286,185.0,147.4824676513672
2024-04-20,0.31096529960632324,0.9691056910569106,0.7349593639373779,0.58,0.9256360078277887,173.0,147.94683837890625
2024-04-21,0.27227315306663513,0.975609756097561,0.7235772609710693,0.47513812154696133,0.9120458891013384,127.0,147.78628540039062
2024-04-22,0.2791253924369812,0.959349593495935,0.7138211131095886,0.5673076923076923,0.9338677354709419,155.0,140.5196533203125
2024-04-23,0.29594480991363525,0.9691056910569106,0.7349593639373779,0.5376344086021505,0.9176245210727969,149.0,146.33547973632812
2024-04-24,0.3375588655471802,0.959349593495935,0.720325231552124,0.5384615384615384,0.9278557114228457,189.0,145.81411743164062
2024-04-25,0.29039856791496277,0.9528455284552846,0.7105690836906433,0.592964824120603,0.9350393700787402,158.0,146.8145751953125
2024-04-26,0.3014368712902069,0.959349593495935,0.7414634227752686,0.49760765550239233,0.9141716566866267,165.0,148.6949920654297
2024-04-27,0.29552027583122253,0.9577235772357724,0.7089430689811707,0.5102040816326531,0.9250493096646942,160.0,144.61376953125
2024-04-28,0.29913094639778137,0.9707317073170731,0.6878048777580261,0.5513513513513514,0.9412915851272016,165.0,137.44679260253906
2024-04-29,0.2911278009414673,0.959349593495935,0.6926829218864441,0.5,0.931237721021611,148.0,139.29901123046875
2024-04-30,0.28544431924819946,0.9642276422764228,0.6943089365959167,0.5280898876404494,0.9325626204238922,147.0,141.04209899902344
2024-05-01,0.31386053562164307,0.9479674796747968,0.70243901014328,0.5560975609756098,0.9415322580645161,179.0,142.15687561035156
2024-05-02,0.28938907384872437,0.9642276422764228,0.7105690836906433,0.5340314136125655,0.9387351778656127,156.0,143.98284912109375
2024-05-03,0.28479325771331787,0.9739837398373984,0.7138211131095886,0.5052631578947369,0.9166666666666666,142.0,145.29489135742188
2024-05-04,0.27342841029167175,0.975609756097561,0.70243901014328,0.4948453608247423,0.916015625,141.0,140.67373657226562
2024-05-05,0.311088889837265,0.9512195121951219,0.6731707453727722,0.43956043956043955,0.9184466019417475,160.0,134.41146850585938
2024-05-06,0.27812111377716064,0.967479674796748,0.6813008189201355,0.5240641711229946,0.9298245614035088,148.0,134.88018798828125
2024-05-07,0.2973614037036896,0.959349593495935,0.6845528483390808,0.5212765957446809,0.9260700389105059,152.0,140.18597412109375
2024-05-08,0.27493855357170105,0.9739837398373984,0.7105690836906433,0.5543478260869565,0.9233716475095786,139.0,143.12860107421875
2024-05-09,0.30141839385032654,0.9658536585365853,0.6991869807243347,0.5157894736842106,0.9294117647058824,164.0,139.45547485351562
2024-05-10,0.2858984172344208,0.9642276422764228,0.6959349513053894,0.5527638190954773,0.9271653543307087,160.0,140.4680938720703
2024-05-11,0.2704218029975891,0.9626016260162602,0.6829268336296082,0.4835164835164835,0.9208494208494209,138.0,139.201416015625
2024-05-12,0.2627509832382202,0.975609756097561,0.6780487895011902,0.5202312138728323,0.9258555133079848,134.0,134.94911193847656
2024-05-13,0.26244503259658813,0.9658536585365853,0.6796748042106628,0.5681818181818182,0.9349904397705545,132.0,134.93600463867188
2024-05-14,0.24731211364269257,0.9739837398373984,0.6796748042106628,0.4875,0.9199255121042831,110.0,136.8713836669922
2024-05-15,0.23768022656440735,0.9821138211382113,0.6845528483390808,0.5882352941176471,0.9375,117.0,135.687744140625
2024-05-16,0.24823784828186035,0.9723577235772358,0.6764227747917175,0.5121951219512195,0.924953095684803,116.0,135.25830078125
2024-05-17,0.2750761806964874,0.9691056910569106,0.6991869807243347,0.5454545454545454,0.9258555133079848,143.0,135.9505615234375
2024-05-18,0.25474265217781067,0.9772357723577236,0.6406503915786743,0.6064516129032258,0.9423791821561338,123.0,128.33734130859375
2024-05-19,0.24717435240745544,0.9772357723577236,0.6390243768692017,0.5138888888888888,0.9304029304029304,104.0,125.09638977050781
2024-05-20,0.26947513222694397,0.9739837398373984,0.6308943033218384,0.49382716049382713,0.9426386233269598,138.0,125.2882080078125
2024-05-21,0.23979482054710388,0.975609756097561,0.6390243768692017,0.6380368098159509,0.9509433962264151,125.0,125.41427612304688
2024-05-22,0.23344185948371887,0.9723577235772358,0.6260162591934204,0.5732484076433121,0.9454887218045113,113.0,122.77114868164062
2024-05-23,0.2550199329853058,0.9658536585365853,0.6243902444839478,0.4567901234567901,0.9210526315789473,122.0,123.06471252441406
2024-05-24,0.28007593750953674,0.9479674796747968,0.6146341562271118,0.5365853658536586,0.94106463878327,144.0,123.18678283691406
2024-05-25,0.24765920639038086,0.9772357723577236,0.6292682886123657,0.47368421052631576,0.9275092936802974,116.0,121.95787048339844
2024-05-26,0.26006758213043213,0.9577235772357724,0.5886178612709045,0.5316455696202531,0.9450757575757576,133.0,116.52047729492188
2024-05-27,0.2441280633211136,0.9691056910569106,0.6000000238418579,0.5477707006369427,0.947069943289225,124.0,118.13063049316406
2024-05-28,0.22934770584106445,0.9691056910569106,0.5967479944229126,0.4305555555555556,0.9296296296296296,99.0,117.48171997070312
2024-05-29,0.2276839166879654,0.9707317073170731,0.5918698906898499,0.5416666666666666,0.9514925373134329,111.0,116.30657958984375
2024-05-30,0.24474000930786133,0.9691056910569106,0.5821138024330139,0.5,0.957089552238806,117.0,113.47174072265625
2024-05-31,0.23408183455467224,0.9788617886178862,0.5756097435951233,0.5362318840579711,0.9643527204502814,119.0,113.37879943847656
2024-06-01,0.28464528918266296,0.9447154471544715,0.5609756112098694,0.524390243902439,0.9686274509803922,166.0,111.3799819946289
2024-06-02,0.24398761987686157,0.9658536585365853,0.572357714176178,0.5,0.9553072625698324,119.0,114.22782897949219
2024-06-03,0.25237011909484863,0.9739837398373984,0.5739837288856506,0.4258064516129032,0.948076923076923,135.0,112.76606750488281
2024-06-04,0.23803137242794037,0.967479674796748,0.56747967004776,0.5070422535211268,0.9549718574108818,120.0,112.60661315917969
2024-06-05,0.23430651426315308,0.9707317073170731,0.562601625919342,0.4857142857142857,0.956766917293233,116.0,111.44467163085938
2024-06-06,0.24692295491695404,0.9626016260162602,0.572357714176178,0.5323741007194245,0.9588785046728971,124.0,112.82588958740234
2024-06-07,0.255988746881485,0.9609756097560975,0.572357714176178,0.5359477124183006,0.9526515151515151,136.0,111.04193115234375
2024-06-08,0.2222856730222702,0.975609756097561,0.56747967004776,0.5957446808510638,0.9662921348314607,118.0,110.31744384765625
2024-06-09,0.22411119937896729,0.9723577235772358,0.5430894494056702,0.48484848484848486,0.9537037037037037,108.0,108.87122344970703
2024-06-10,0.24440857768058777,0.9707317073170731,0.5577235817909241,0.43243243243243246,0.9504761904761905,125.0,109.60630798339844
2024-06-11,0.2520730495452881,0.9658536585365853,0.5609756112098694,0.5277777777777778,0.9640151515151515,133.0,108.48161315917969
2024-06-12,0.25091663002967834,0.959349593495935,0.5577235817909241,0.4935064935064935,0.9633204633204633,143.0,109.97911071777344
2024-06-13,0.24436719715595245,0.9707317073170731,0.5642276406288147,0.5106382978723404,0.9568480300187617,127.0,111.5605239868164
2024-06-14,0.25551536679267883,0.9609756097560975,0.5658536553382874,0.4666666666666667,0.9487666034155597,130.0,111.69730377197266
2024-06-15,0.24695387482643127,0.9609756097560975,0.5447154641151428,0.4594594594594595,0.9597701149425287,132.0,109.66746520996094
2024-06-16,0.24082320928573608,0.9707317073170731,0.5495935082435608,0.5362318840579711,0.9589552238805971,122.0,109.82797241210938
2024-06-17,0.23614542186260223,0.9691056910569106,0.5430894494056702,0.416,0.943327239488117,105.0,107.98133087158203
2024-06-18,0.22876077890396118,0.9691056910569106,0.5300812721252441,0.5416666666666666,0.9714285714285714,122.0,107.36924743652344
2024-06-19,0.2339661568403244,0.9626016260162602,0.5495935082435608,0.5298013245033113,0.9655172413793104,127.0,108.890625
2024-06-20,0.24394318461418152,0.967479674796748,0.5317073464393616,0.5068493150684932,0.9601518026565465,131.0,109.43511962890625
2024-06-21,0.26331835985183716,0.9528455284552846,0.5430894494056702,0.44155844155844154,0.9574468085106383,146.0,109.16291046142578
2024-06-22,0.27741581201553345,0.9512195121951219,0.5463414788246155,0.543046357615894,0.9655831739961759,152.0,109.24681091308594
2024-06-23,0.22861982882022858,0.9772357723577236,0.5495935082435608,0.49624060150375937,0.9484346224677717,105.0,112.67838287353516
2024-06-24,0.25145143270492554,0.967479674796748,0.5317073464393616,0.463768115942029,0.9549718574108818,129.0,108.08181762695312
2024-06-25,0.23519031703472137,0.9739837398373984,0.5512195229530334,0.5379310344827586,0.9621928166351607,126.0,108.81900024414062
2024-06-26,0.21196946501731873,0.9772357723577236,0.5414634346961975,0.5373134328358209,0.962756052141527,107.0,111.38785552978516
2024-06-27,0.2665465474128723,0.959349593495935,0.5463414788246155,0.4625,0.9590643274853801,151.0,109.88704681396484
2024-06-28,0.2448779046535492,0.967479674796748,0.5691056847572327,0.4827586206896552,0.9456928838951311,126.0,111.93891906738281
2024-06-29,0.21242253482341766,0.9772357723577236,0.5430894494056702,0.5428571428571428,0.9642857142857143,112.0,110.28176879882812
2024-06-30,0.23508089780807495,0.9739837398373984,0.5414634346961975,0.4925373134328358,0.957169459962756,115.0,108.02350616455078
2024-07-01,0.26171377301216125,0.9495934959349593,0.5447154641151428,0.5490196078431373,0.9655172413793104,148.0,108.37422180175781
2024-07-02,0.2592846751213074,0.9528455284552846,0.562601625919342,0.4935064935064935,0.943289224952741,135.0,110.44080352783203
2024-07-03,0.23787425458431244,0.9723577235772358,0.562601625919342,0.43356643356643354,0.9437148217636022,116.0,110.66197204589844
2024-07-04,0.21453507244586945,0.9804878048780488,0.5609756112098694,0.5,0.9473684210526315,108.0,110.39696502685547
2024-07-05,0.21752791106700897,0.9739837398373984,0.5479674935340881,0.5390070921985816,0.9642184557438794,116.0,108.66802215576172
2024-07-06,0.24097269773483276,0.9642276422764228,0.5528455376625061,0.5098039215686274,0.9561068702290076,129.0,108.1759033203125
2024-07-07,0.22455811500549316,0.9707317073170731,0.5317073464393616,0.5342465753424658,0.9657794676806084,123.0,105.93087768554688
2024-07-08,0.23044730722904205,0.967479674796748,0.5479674935340881,0.4496124031007752,0.9432234432234432,104.0,107.51293182373047
2024-07-09,0.2192801833152771,0.975609756097561,0.5203251838684082,0.5396825396825397,0.966728280961183,107.0,107.06395721435547
2024-07-10,0.24725626409053802,0.9642276422764228,0.5365853905677795,0.4383561643835616,0.9579349904397706,131.0,106.4999771118164
2024-07-11,0.24143056571483612,0.9658536585365853,0.5365853905677795,0.5174825174825175,0.960377358490566,127.0,106.56212615966797
2024-07-12,0.23729035258293152,0.9707317073170731,0.5252032279968262,0.47619047619047616,0.9544592030360531,122.0,107.61167907714844
2024-07-13,0.22867895662784576,0.967479674796748,0.5300812721252441,0.5285714285714286,0.9606003752345216,119.0,107.52879333496094
2024-07-14,0.2402208000421524,0.9691056910569106,0.5300812721252441,0.5170068027210885,0.9693486590038314,140.0,104.77552795410156
2024-07-15,0.24216139316558838,0.9577235772357724,0.5284552574157715,0.4645161290322581,0.96875,135.0,107.88444519042969
2024-07-16,0.21941347420215607,0.975609756097561,0.5235772132873535,0.5735294117647058,0.9736842105263158,119.0,108.16361999511719
2024-07-17,0.24293237924575806,0.9609756097560975,0.5430894494056702,0.4594594594594595,0.9542857142857143,130.0,110.05624389648438
2024-07-18,0.2390475571155548,0.967479674796748,0.5609756112098694,0.46153846153846156,0.9404096834264432,117.0,112.0426254272461
2024-07-19,0.2221045047044754,0.9739837398373984,0.5495935082435608,0.5369127516778524,0.9601518026565465,117.0,109.68965911865234
2024-07-20,0.233783558011055,0.9626016260162602,0.5430894494056702,0.5833333333333334,0.9679245283018868,131.0,107.79710388183594
2024-07-21,0.22324854135513306,0.9739837398373984,0.5512195229530334,0.4409448818897638,0.9502762430939227,104.0,109.27924346923828
2024-07-22,0.19806848466396332,0.9853658536585366,0.5414634346961975,0.5196850393700787,0.9577205882352942,89.0,106.43284606933594
2024-07-23,0.23356030881404877,0.9626016260162602,0.5105690956115723,0.4126984126984127,0.9537037037037037,115.0,103.28251647949219
2024-07-24,0.24075639247894287,0.9658536585365853,0.5414634346961975,0.5492957746478874,0.973384030418251,137.0,104.79074096679688
2024-07-25,0.2410239577293396,0.9609756097560975,0.5284552574157715,0.4931506849315068,0.9619047619047619,128.0,106.66033172607422
2024-07-26,0.22617559134960175,0.9691056910569106,0.5447154641151428,0.5774647887323944,0.9625468164794008,118.0,107.58850860595703
2024-07-27,0.24694392085075378,0.9658536585365853,0.5382114052772522,0.5034965034965035,0.9603024574669187,131.0,106.99884796142578
2024-07-28,0.24555543065071106,0.9626016260162602,0.5219511985778809,0.5103448275862069,0.9657142857142857,134.0,103.8643798828125
2024-07-29,0.22650669515132904,0.9739837398373984,0.5365853905677795,0.5771812080536913,0.967680608365019,128.0,106.64005279541016
2024-07-30,0.2438783198595047,0.9658536585365853,0.5414634346961975,0.4666666666666667,0.9596928982725528,133.0,107.31938934326172
2024-07-31,0.24740394949913025,0.9642276422764228,0.5447154641151428,0.4931506849315068,0.9546313799621928,128.0,107.34706115722656
2024-08-01,0.2582380473613739,0.959349593495935,0.5349593758583069,0.5324675324675324,0.963531669865643,147.0,107.91825103759766
2024-08-02,0.24930612742900848,0.9658536585365853,0.5414634346961975,0.5100671140939598,0.9618320610687023,139.0,108.66524505615234
2024-08-03,0.2465972900390625,0.9707317073170731,0.5430894494056702,0.46875,0.9538745387453874,120.0,109.44557189941406
2024-08-04,0.2190646529197693,0.975609756097561,0.5317073464393616,0.48854961832061067,0.9573283858998145,108.0,106.93450927734375
2024-08-05,0.20764541625976562,0.9804878048780488,0.5365853905677795,0.5538461538461539,0.9666048237476809,103.0,106.79740905761719
2024-08-06,0.22906896471977234,0.9658536585365853,0.5382114052772522,0.417910447761194,0.9443413729128015,106.0,106.7413101196289
2024-08-07,0.23210565745830536,0.9707317073170731,0.5349593758583069,0.45255474452554745,0.9531835205992509,115.0,107.51993560791016
2024-08-08,0.21820896863937378,0.9723577235772358,0.5252032279968262,0.4580152671755725,0.9553903345724907,103.0,106.5944595336914
2024-08-09,0.23780901730060577,0.9626016260162602,0.5154471397399902,0.5190839694656488,0.9700374531835206,124.0,105.11825561523438
2024-08-10,0.19532425701618195,0.975609756097561,0.502439022064209,0.48333333333333334,0.9650092081031307,90.0,103.50775146484375
2024-08-11,0.23825781047344208,0.9723577235772358,0.5056910514831543,0.4132231404958678,0.9522935779816514,111.0,102.32533264160156
2024-08-12,0.22460880875587463,0.967479674796748,0.5008130073547363,0.5042016806722689,0.9633699633699634,108.0,101.52527618408203
2024-08-13,0.23087167739868164,0.9642276422764228,0.48943090438842773,0.453125,0.9626865671641791,119.0,100.51046752929688
2024-08-14,0.2155310958623886,0.9739837398373984,0.5056910514831543,0.4647887323943662,0.9601518026565465,117.0,102.49627685546875
2024-08-15,0.2350771576166153,0.967479674796748,0.5089430809020996,0.5072463768115942,0.9624060150375939,124.0,103.8369369506836
2024-08-16,0.22794082760810852,0.9626016260162602,0.5203251838684082,0.4881889763779528,0.9593345656192237,110.0,104.8096923828125
2024-08-17,0.2607100307941437,0.9577235772357724,0.49268293380737305,0.4788732394366197,0.9638783269961977,145.0,100.33660888671875
2024-08-18,0.2297092080116272,0.9626016260162602,0.5203251838684082,0.47058823529411764,0.9533582089552238,111.0,105.14643859863281
2024-08-19,0.21870727837085724,0.9739837398373984,0.5138211250305176,0.47619047619047616,0.9575645756457565,104.0,102.84347534179688
2024-08-20,0.21660302579402924,0.9739837398373984,0.49268293380737305,0.432,0.955637707948244,105.0,102.2189712524414
2024-08-21,0.23256738483905792,0.9609756097560975,0.5268292427062988,0.5454545454545454,0.9623352165725048,127.0,105.48501586914062
2024-08-22,0.24473832547664642,0.9560975609756097,0.5170731544494629,0.4563758389261745,0.9652509652509652,136.0,105.519287109375
2024-08-23,0.25478774309158325,0.9577235772357724,0.5138211250305176,0.5179856115107914,0.9715370018975332,143.0,104.94302368164062
2024-08-24,0.23745541274547577,0.967479674796748,0.5186991691589355,0.5,0.9661016949152542,130.0,106.2340087890625
2024-08-25,0.21184352040290833,0.9723577235772358,0.5089430809020996,0.46875,0.9609665427509294,106.0,105.56391906738281
2024-08-26,0.22306828200817108,0.9739837398373984,0.5138211250305176,0.4172661870503597,0.9564393939393939,116.0,102.84761047363281
2024-08-27,0.21513332426548004,0.9739837398373984,0.502439022064209,0.41935483870967744,0.9538745387453874,95.0,104.07811737060547
2024-08-28,0.24143007397651672,0.967479674796748,0.49593496322631836,0.45925925925925926,0.9678030303030303,128.0,100.85330963134766
2024-08-29,0.2327180653810501,0.9609756097560975,0.5056910514831543,0.512396694214876,0.9704251386321626,116.0,103.27082061767578
2024-08-30,0.23373591899871826,0.9707317073170731,0.5219511985778809,0.4566929133858268,0.9574074074074074,114.0,101.0396728515625
2024-08-31,0.2306220382452011,0.9691056910569106,0.507317066192627,0.5864661654135338,0.9830188679245283,131.0,100.63306427001953
2024-09-01,0.22334827482700348,0.959349593495935,0.5170731544494629,0.4732824427480916,0.9644194756554307,115.0,101.9677963256836
2024-09-02,0.21821849048137665,0.9772357723577236,0.5138211250305176,0.36363636363636365,0.9485294117647058,98.0,101.15800476074219
2024-09-03,0.2249390184879303,0.9642276422764228,0.5203251838684082,0.4461538461538462,0.9607476635514018,111.0,102.12242126464844
2024-09-04,0.21992963552474976,0.975609756097561,0.5056910514831543,0.45454545454545453,0.9642857142857143,110.0,100.23307800292969
2024-09-05,0.24604427814483643,0.959349593495935,0.5154471397399902,0.5,0.976878612716763,140.0,100.26348876953125
2024-09-06,0.22565069794654846,0.9707317073170731,0.5252032279968262,0.5245901639344263,0.9668508287292817,114.0,104.98733520507812
2024-09-07,0.21604065597057343,0.9642276422764228,0.507317066192627,0.5,0.9719101123595506,114.0,100.43663024902344
2024-09-08,0.20904381573200226,0.9739837398373984,0.5138211250305176,0.453125,0.9626865671641791,106.0,100.46343994140625
2024-09-09,0.23093558847904205,0.9691056910569106,0.5138211250305176,0.4307692307692308,0.957089552238806,115.0,100.64991760253906
2024-09-10,0.2062755823135376,0.9788617886178862,0.5040650367736816,0.5409836065573771,0.9740740740740741,103.0,101.30442810058594
2024-09-11,0.21583475172519684,0.9772357723577236,0.5317073464393616,0.43333333333333335,0.9577205882352942,100.0,103.07046508789062
2024-09-12,0.21635280549526215,0.9723577235772358,0.5219511985778809,0.5084745762711864,0.9652014652014652,106.0,103.18924713134766
2024-09-13,0.2789185643196106,0.9479674796747968,0.5040650367736816,0.45517241379310347,0.971042471042471,163.0,100.65620422363281
2024-09-14,0.23836344480514526,0.9707317073170731,0.5268292427062988,0.4580152671755725,0.9589552238805971,125.0,104.29141998291016
2024-09-15,0.23236210644245148,0.9739837398373984,0.5121951103210449,0.4852941176470588,0.9696969696969697,124.0,100.66226196289062
2024-09-16,0.21806685626506805,0.9788617886178862,0.507317066192627,0.4065040650406504,0.9538745387453874,101.0,100.47882080078125
2024-09-17,0.2253970056772232,0.967479674796748,0.5154471397399902,0.46153846153846156,0.9626168224299065,114.0,101.48301696777344
2024-09-18,0.23709909617900848,0.9626016260162602,0.5170731544494629,0.48854961832061067,0.9662921348314607,127.0,103.34951782226562
2024-09-19,0.23668770492076874,0.9642276422764228,0.5105690956115723,0.5147058823529411,0.9753320683111955,135.0,103.44898986816406
2024-09-20,0.2502436935901642,0.9609756097560975,0.5317073464393616,0.5540540540540541,0.9750479846449136,148.0,107.13116455078125
2024-09-21,0.26484668254852295,0.9463414634146341,0.5235772132873535,0.425531914893617,0.9509433962264151,138.0,106.0177993774414
2024-09-22,0.2081695795059204,0.9821138211382113,0.5219511985778809,0.47619047619047616,0.9611111111111111,102.0,104.1254653930664
2024-09-23,0.2231629192829132,0.967479674796748,0.5121951103210449,0.4603174603174603,0.9664179104477612,110.0,102.8263931274414
2024-09-24,0.21650202572345734,0.9739837398373984,0.5105690956115723,0.5454545454545454,0.9774011299435028,119.0,101.66634368896484
2024-09-25,0.2631562054157257,0.959349593495935,0.5317073464393616,0.496551724137931,0.9674952198852772,149.0,106.53474426269531
2024-09-26,0.2367115020751953,0.967479674796748,0.5479674935340881,0.53125,0.9612546125461254,120.0,107.85249328613281
2024-09-27,0.25644105672836304,0.9544715447154472,0.5235772132873535,0.5241379310344828,0.9769230769230769,149.0,106.25027465820312
2024-09-28,0.25881385803222656,0.9642276422764228,0.5382114052772522,0.5285714285714286,0.9696969696969697,148.0,107.14691162109375
2024-09-29,0.22716118395328522,0.967479674796748,0.5138211250305176,0.47058823529411764,0.9605263157894737,117.0,105.35658264160156
2024-09-30,0.23325654864311218,0.9707317073170731,0.5170731544494629,0.43283582089552236,0.9659090909090909,120.0,103.04825592041016
2024-10-01,0.24000194668769836,0.9642276422764228,0.5219511985778809,0.4714285714285714,0.9621212121212122,133.0,104.8287124633789
2024-10-02,0.22583840787410736,0.9723577235772358,0.5398374199867249,0.5481481481481482,0.962756052141527,119.0,107.47422790527344
2024-10-03,0.21527014672756195,0.9739837398373984,0.5365853905677795,0.6212121212121212,0.9757914338919925,117.0,108.48114013671875
2024-10-04,0.26047128438949585,0.9512195121951219,0.5349593758583069,0.5714285714285714,0.97678916827853,158.0,106.87895965576172
2024-10-05,0.21710970997810364,0.9739837398373984,0.5382114052772522,0.5857142857142857,0.9644859813084112,119.0,107.3765869140625
2024-10-06,0.2277175486087799,0.975609756097561,0.5252032279968262,0.4897959183673469,0.9618320610687023,127.0,105.74906158447266
2024-10-07,0.21173572540283203,0.9707317073170731,0.5349593758583069,0.5,0.9553072625698324,103.0,105.20614624023438
2024-10-08,0.21870680153369904,0.9723577235772358,0.5300812721252441,0.460431654676259,0.9495327102803738,111.0,106.21278381347656
2024-10-09,0.2445223480463028,0.9626016260162602,0.5235772132873535,0.5035971223021583,0.9569288389513109,131.0,106.4932861328125
2024-10-10,0.25502049922943115,0.959349593495935,0.5398374199867249,0.4968152866242038,0.9631782945736435,149.0,111.40254211425781
2024-10-11,0.2445913404226303,0.9528455284552846,0.5349593758583069,0.4246575342465753,0.9487666034155597,125.0,111.52821350097656
2024-10-12,0.26702454686164856,0.9577235772357724,0.5235772132873535,0.45454545454545453,0.95,127.0,110.03793334960938
2024-10-13,0.2209748774766922,0.9707317073170731,0.5138211250305176,0.453125,0.9537892791127541,106.0,106.2446060180664
2024-10-14,0.21607179939746857,0.9691056910569106,0.502439022064209,0.5271317829457365,0.966542750929368,110.0,104.4557876586914
2024-10-15,0.22187282145023346,0.9739837398373984,0.5154471397399902,0.4393939393939394,0.9516728624535316,109.0,106.53362274169922
2024-10-16,0.23709066212177277,0.9626016260162602,0.5154471397399902,0.5285714285714286,0.9696969696969697,126.0,107.88226318359375
2024-10-17,0.2459932118654251,0.9609756097560975,0.5398374199867249,0.5074626865671642,0.9590316573556797,130.0,110.231689453125
2024-10-18,0.23908138275146484,0.9626016260162602,0.5349593758583069,0.5303030303030303,0.9592592592592593,115.0,110.75916290283203
2024-10-19,0.23392653465270996,0.9577235772357724,0.5105690956115723,0.4316546762589928,0.9565217391304348,121.0,103.73635864257812
2024-10-20,0.26708975434303284,0.9495934959349593,0.5219511985778809,0.5362318840579711,0.9625468164794008,142.0,102.92710876464844
2024-10-21,0.23886723816394806,0.9642276422764228,0.5186991691589355,0.48175182481751827,0.9605263157894737,125.0,106.6068115234375
2024-10-22,0.2340620905160904,0.9707317073170731,0.5284552574157715,0.5736434108527132,0.9649446494464945,119.0,106.45346069335938
2024-10-23,0.23340921103954315,0.9723577235772358,0.5398374199867249,0.4888888888888889,0.9553072625698324,122.0,107.1342544555664
2024-10-24,0.2804693877696991,0.9528455284552846,0.5317073464393616,0.45588235294117646,0.9568480300187617,149.0,109.16344451904297
2024-10-25,0.2497270554304123,0.967479674796748,0.5349593758583069,0.4460431654676259,0.9548022598870056,130.0,108.18585205078125
2024-10-26,0.22605018317699432,0.9707317073170731,0.5479674935340881,0.49635036496350365,0.9552238805970149,116.0,108.82019805908203
2024-10-27,0.20585639774799347,0.9821138211382113,0.5186991691589355,0.45614035087719296,0.9547101449275363,88.0,102.67485046386719
2024-10-28,0.22660283744335175,0.975609756097561,0.5186991691589355,0.4153846153846154,0.9588014981273408,113.0,103.3983383178711
2024-10-29,0.23381759226322174,0.9626016260162602,0.5219511985778809,0.4566929133858268,0.9663551401869159,123.0,103.83746337890625
2024-10-30,0.23362773656845093,0.9691056910569106,0.5219511985778809,0.46774193548387094,0.9558823529411765,114.0,104.43074798583984
2024-10-31,0.24143141508102417,0.9658536585365853,0.5252032279968262,0.515625,0.9737827715355806,132.0,104.80717468261719
2024-11-01,0.2400425374507904,0.967479674796748,0.5317073464393616,0.4861111111111111,0.9674952198852772,134.0,106.3357162475586
2024-11-02,0.2588072121143341,0.9560975609756097,0.5333333611488342,0.5142857142857142,0.9678030303030303,147.0,105.96347045898438
2024-11-03,0.23211203515529633,0.9658536585365853,0.5414634346961975,0.5205479452054794,0.9675572519083969,128.0,105.8067626953125
2024-11-04,0.24368727207183838,0.9642276422764228,0.5333333611488342,0.5,0.9624765478424016,129.0,104.9419174194336
2024-11-05,0.220831498503685,0.975609756097561,0.5333333611488342,0.44274809160305345,0.9517625231910947,110.0,105.23281860351562
2024-11-06,0.2164190709590912,0.975609756097561,0.5365853905677795,0.4122137404580153,0.9551401869158879,105.0,107.0369644165039
2024-11-07,0.22994565963745117,0.9788617886178862,0.5463414788246155,0.44776119402985076,0.9587242026266416,117.0,106.48956298828125
2024-11-08,0.23879632353782654,0.9577235772357724,0.5219511985778809,0.42424242424242425,0.9605263157894737,124.0,104.40736389160156
2024-11-09,0.2509136497974396,0.9609756097560975,0.5463414788246155,0.4142857142857143,0.9527410207939508,130.0,105.65409851074219
2024-11-10,0.20401088893413544,0.9821138211382113,0.5349593758583069,0.48739495798319327,0.963302752293578,95.0,103.3881607055664
2024-11-11,0.21479681134223938,0.967479674796748,0.5203251838684082,0.4915254237288136,0.9633699633699634,106.0,103.1108169555664
2024-11-12,0.2130778431892395,0.975609756097561,0.5203251838684082,0.5161290322580645,0.9721189591078067,104.0,103.23951721191406
2024-11-13,0.2087036371231079,0.9788617886178862,0.5219511985778809,0.4852941176470588,0.9642184557438794,106.0,102.34333801269531
2024-11-14,0.20786124467849731,0.9821138211382113,0.5284552574157715,0.5573770491803278,0.9669724770642202,106.0,103.72954559326172
2024-11-15,0.2399066686630249,0.9658536585365853,0.5186991691589355,0.4566929133858268,0.9663551401869159,124.0,101.76715850830078
2024-11-16,0.24646903574466705,0.9609756097560975,0.5284552574157715,0.45255474452554745,0.9658444022770398,136.0,102.36077117919922
2024-11-17,0.2165454924106598,0.9788617886178862,0.5235772132873535,0.47619047619047616,0.9719101123595506,118.0,102.61196899414062
2024-11-18,0.21125562489032745,0.9788617886178862,0.5186991691589355,0.47540983606557374,0.9630996309963099,102.0,101.43195343017578
2024-11-19,0.24524344503879547,0.9512195121951219,0.5138211250305176,0.4444444444444444,0.96045197740113,129.0,101.86477661132812
2024-11-20,0.21288010478019714,0.9707317073170731,0.5382114052772522,0.5116279069767442,0.9575645756457565,105.0,105.1910400390625
2024-11-21,0.19898366928100586,0.9821138211382113,0.5284552574157715,0.5689655172413793,0.9708029197080292,100.0,103.85127258300781
2024-11-22,0.24240760505199432,0.9560975609756097,0.5268292427062988,0.4429530201342282,0.965183752417795,141.0,103.53688049316406
2024-11-23,0.22453393042087555,0.9723577235772358,0.5219511985778809,0.49624060150375937,0.9662288930581614,124.0,105.69497680664062
2024-11-24,0.2629674971103668,0.9577235772357724,0.49918699264526367,0.43609022556390975,0.9659735349716446,144.0,101.10844421386719
2024-11-25,0.2298107147216797,0.959349593495935,0.5154471397399902,0.38461538461538464,0.9568480300187617,115.0,103.59799194335938
2024-11-26,0.23611654341220856,0.959349593495935,0.5105690956115723,0.5426356589147286,0.9720149253731343,126.0,101.90487670898438
2024-11-27,0.23711828887462616,0.959349593495935,0.5170731544494629,0.4857142857142857,0.960377358490566,122.0,103.77566528320312
2024-11-28,0.21330204606056213,0.9723577235772358,0.5252032279968262,0.460431654676259,0.9566854990583804,113.0,105.91171264648438
2024-11-29,0.20572400093078613,0.9739837398373984,0.5317073464393616,0.5481481481481482,0.9591836734693877,101.0,106.10868835449219
2024-11-30,0.2228960543870926,0.9658536585365853,0.5268292427062988,0.41935483870967744,0.9486238532110092,101.0,105.25220489501953
