{
"type": "FeatureCollection",
"name": "grid",
"crs": { "type": "name", "properties": { "name": "urn:ogc:def:crs:OGC:1.3:CRS84" } },
"features": [
{ "type": "Feature", "properties": { "cell_id": "c0000_0001", "row": 0, "col": 1, "area_m2": 4543.889498547298 }, "geometry": { "type": "Polygon", "coordinates": [ [ [ -87.74432663111898, 41.867016587259187 ], [ -87.744336867906583, 41.865901334441972 ], [ -87.744754112001402, 41.865896928668228 ], [ -87.744764030526312, 41.866204526469183 ], [ -87.744784558600131, 41.866832407866227 ], [ -87.744789297673137, 41.867018959170174 ], [ -87.74432663111898, 41.867016587259187 ] ] ] } },
{ "type": "Feature", "properties": { "cell_id": "c0000_0002", "row": 0, "col": 2, "area_m2": 18336.816881754843 }, "geometry": { "type": "Polygon", "coordinates": [ [ [ -87.74432663111898, 41.867016587259187 ], [ -87.742519954646681, 41.867007307282698 ], [ -87.742529936042175, 41.865923204348945 ], [ -87.742641576464067, 41.865921564471485 ], [ -87.743172040638399, 41.865913626086311 ], [ -87.744336867906583, 41.865901334441972 ], [ -87.74432663111898, 41.867016587259187 ] ] ] } },
{ "type": "Feature", "properties": { "cell_id": "c0000_0003", "row": 0, "col": 3, "area_m2": 17769.56857043727 }, "geometry": { "type": "Polygon", "coordinates": [ [ [ -87.742519954646681, 41.867007307282698 ], [ -87.740713279024746, 41.866997998887754 ], [ -87.740722968242636, 41.86594883914659 ], [ -87.742126866660499, 41.865929124108 ], [ -87.74230586566047, 41.865926495373515 ], [ -87.742529936042175, 41.865923204348945 ], [ -87.742519954646681, 41.867007307282698 ] ] ] } },
{ "type": "Feature", "properties": { "cell_id": "c0000_0004", "row": 0, "col": 4, "area_m2": 17190.86769175866 }, "geometry": { "type": "Polygon", "coordinates": [ [ [ -87.740713279024746, 41.866997998887754 ], [ -87.738906604255774, 41.866988662074377 ], [ -87.738915997676656, 41.865974623792127 ], [ -87.739107023111032, 41.865971740877576 ], [ -87.739416849912175, 41.865967063633512 ], [ -87.739730286136563, 41.86596269949132 ], [ -87.739931985538888, 41.865959891014498 ], [ -87.739969018628742, 41.865959375570561 ], [ -87.739985680061139, 41.865959143866618 ], [ -87.740069114835933, 41.865957981304497 ], [ -87.740166769218831, 41.865956621952435 ], [ -87.740391408645038, 41.865953492752674 ], [ -87.740722968242636, 41.86594883914659 ], [ -87.740713279024746, 41.866997998887754 ] ] ] } },
{ "type": "Feature", "properties": { "cell_id": "c0000_0005", "row": 0, "col": 5, "area_m2": 16597.190496912033 }, "geometry": { "type": "Polygon", "coordinates": [ [ [ -87.738906604255774, 41.866988662074377 ], [ -87.737099930342353, 41.866979296842629 ], [ -87.737109016907254, 41.866001357365292 ], [ -87.737149479504438, 41.866000760747134 ], [ -87.737403840889982, 41.8659967499582 ], [ -87.737607834054515, 41.865993534301545 ], [ -87.738731765336496, 41.865977403885481 ], [ -87.738915997676656, 41.865974623792127 ], [ -87.738906604255774, 41.866988662074377 ] ] ] } },
{ "type": "Feature", "properties": { "cell_id": "c0000_0006", "row": 0, "col": 6, "area_m2": 15993.450899782094 }, "geometry": { "type": "Polygon", "coordinates": [ [ [ -87.737099930342353, 41.866979296842629 ], [ -87.735293257287083, 41.866969903192533 ], [ -87.735302035670301, 41.866027986600841 ], [ -87.735302201359858, 41.866027984188818 ], [ -87.737109016907254, 41.866001357365292 ], [ -87.737099930342353, 41.866979296842629 ] ] ] } },
{ "type": "Feature", "properties": { "cell_id": "c0000_0007", "row": 0, "col": 7, "area_m2": 15404.454710116788 }, "geometry": { "type": "Polygon", "coordinates": [ [ [ -87.735293257287083, 41.866969903192533 ], [ -87.73348658509255, 41.866960481124131 ], [ -87.733495071819391, 41.866052602510699 ], [ -87.733564909371566, 41.866051635964482 ], [ -87.733732596281499, 41.866049541311 ], [ -87.733992590395914, 41.866046294027726 ], [ -87.734000301285576, 41.866046197397701 ], [ -87.734830118461744, 41.866034855258036 ], [ -87.734964745614462, 41.866032896205446 ], [ -87.735302035670301, 41.866027986600841 ], [ -87.735293257287083, 41.866969903192533 ] ] ] } },
{ "type": "Feature", "properties": { "cell_id": "c0000_0008", "row": 0, "col": 8, "area_m2": 14834.631086660862 }, "geometry": { "type": "Polygon", "coordinates": [ [ [ -87.73348658509255, 41.866960481124131 ], [ -87.731679913761383, 41.866951030637452 ], [ -87.731688095840866, 41.866078371107911 ], [ -87.732495946175973, 41.866066724021778 ], [ -87.733000594410626, 41.866059444823115 ], [ -87.733495071819391, 41.866052602510699 ], [ -87.73348658509255, 41.866960481124131 ] ] ] } },
{ "type": "Feature", "properties": { "cell_id": "c0000_0009", "row": 0, "col": 9, "area_m2": 14243.660678512812 }, "geometry": { "type": "Polygon", "coordinates": [ [ [ -87.731679913761383, 41.866951030637452 ], [ -87.729873243296169, 41.866941551732552 ], [ -87.729881116010688, 41.866104402010237 ], [ -87.730063972233239, 41.866101768980016 ], [ -87.731287668656663, 41.866084142110822 ], [ -87.731688095840866, 41.866078371107911 ], [ -87.731679913761383, 41.866951030637452 ] ] ] } },
{ "type": "Feature", "properties": { "cell_id": "c0000_0010", "row": 0, "col": 10, "area_m2": 13652.023358058259 }, "geometry": { "type": "Polygon", "coordinates": [ [ [ -87.729873243296169, 41.866941551732552 ], [ -87.728066573699508, 41.866932044409452 ], [ -87.728074135043286, 41.866130405100499 ], [ -87.728835022963523, 41.866119459579288 ], [ -87.729881116010688, 41.866104402010237 ], [ -87.729873243296169, 41.866941551732552 ] ] ] } },
{ "type": "Feature", "properties": { "cell_id": "c0000_0011", "row": 0, "col": 11, "area_m2": 13060.389194289994 }, "geometry": { "type": "Polygon", "coordinates": [ [ [ -87.728066573699508, 41.866932044409452 ], [ -87.726259904973986, 41.866922508668196 ], [ -87.726267152945582, 41.866156379919602 ], [ -87.726388688843016, 41.866154633839415 ], [ -87.727618785945054, 41.866136952972795 ], [ -87.728074135043286, 41.866130405100499 ], [ -87.728066573699508, 41.866932044409452 ] ] ] } },
{ "type": "Feature", "properties": { "cell_id": "c0000_0012", "row": 0, "col": 12, "area_m2": 12468.75165986223 }, "geometry": { "type": "Polygon", "coordinates": [ [ [ -87.726259904973986, 41.866922508668196 ], [ -87.724453237122233, 41.866912944508833 ], [ -87.724460169726171, 41.866182325831019 ], [ -87.724813121232259, 41.866177260232895 ], [ -87.725170489597204, 41.866172129625177 ], [ -87.726267152945582, 41.866156379919602 ], [ -87.726259904973986, 41.866922508668196 ] ] ] } },
{ "type": "Feature", "properties": { "cell_id": "c0000_0013", "row": 0, "col": 13, "area_m2": 11884.511833147542 }, "geometry": { "type": "Polygon", "coordinates": [ [ [ -87.724453237122233, 41.866912944508833 ], [ -87.722646570146821, 41.866903351931391 ], [ -87.722653199134328, 41.866206798355527 ], [ -87.72273533950883, 41.866205727637883 ], [ -87.723763500973277, 41.866192321735738 ], [ -87.723947421855371, 41.866189682909514 ], [ -87.724460169726171, 41.866182325831019 ], [ -87.724453237122233, 41.866912944508833 ] ] ] } },
{ "type": "Feature", "properties": { "cell_id": "c0000_0014", "row": 0, "col": 14, "area_m2": 11329.134279162663 }, "geometry": { "type": "Polygon", "coordinates": [ [ [ -87.722646570146821, 41.866903351931391 ], [ -87.720839904050351, 41.866893730935921 ], [ -87.72084623614812, 41.866230336702728 ], [ -87.720902835732019, 41.866229599964768 ], [ -87.72151587333299, 41.866221617601767 ], [ -87.722653199134328, 41.866206798355527 ], [ -87.722646570146821, 41.866903351931391 ] ] ] } },
{ "type": "Feature", "properties": { "cell_id": "c0000_0015", "row": 0, "col": 15, "area_m2": 10776.695193660666 }, "geometry": { "type": "Polygon", "coordinates": [ [ [ -87.720839904050351, 41.866893730935921 ], [ -87.719033238835436, 41.866884081522443 ], [ -87.719039272183807, 41.866253845797054 ], [ -87.719527149628831, 41.866247499620265 ], [ -87.720123200741284, 41.866239745378664 ], [ -87.720776196463675, 41.866231248347383 ], [ -87.72084623614812, 41.866230336702728 ], [ -87.720839904050351, 41.866893730935921 ] ] ] } },
{ "type": "Feature", "properties": { "cell_id": "c0000_0016", "row": 0, "col": 16, "area_m2": 10224.189836011132 }, "geometry": { "type": "Polygon", "coordinates": [ [ [ -87.719033238835436, 41.866884081522443 ], [ -87.717226574504679, 41.866874403691 ], [ -87.717232307226922, 41.866277327424179 ], [ -87.717853881040597, 41.866269256187088 ], [ -87.718707858628846, 41.866258155503864 ], [ -87.718793705101021, 41.866257039281976 ], [ -87.719039272183807, 41.866253845797054 ], [ -87.719033238835436, 41.866884081522443 ] ] ] } },
{ "type": "Feature", "properties": { "cell_id": "c0000_0017", "row": 0, "col": 17, "area_m2": 9741.8723087464132 }, "geometry": { "type": "Polygon", "coordinates": [ [ [ -87.717226574504679, 41.866874403691 ], [ -87.71541991106065, 41.866864697441649 ], [ -87.715425447435123, 41.866289757455228 ], [ -87.715614208758552, 41.866287665090624 ], [ -87.715633816910909, 41.866287398707506 ], [ -87.716635150328813, 41.866285078432675 ], [ -87.717232307226922, 41.866277327424179 ], [ -87.717226574504679, 41.866874403691 ] ] ] } },
{ "type": "Feature", "properties": { "cell_id": "c0000_0018", "row": 0, "col": 18, "area_m2": 9317.9475215498423 }, "geometry": { "type": "Polygon", "coordinates": [ [ [ -87.71541991106065, 41.866864697441649 ], [ -87.713613248505993, 41.866854962774426 ], [ -87.713618492984594, 41.866311923637468 ], [ -87.713619650046596, 41.86631190894407 ], [ -87.71398939538409, 41.866307235506248 ], [ -87.714280271755968, 41.86630353493964 ], [ -87.714602578223108, 41.866299453774431 ], [ -87.714972470399616, 41.866294777138947 ], [ -87.715420788604078, 41.866289809093097 ], [ -87.715425447435123, 41.866289757455228 ], [ -87.71541991106065, 41.866864697441649 ] ] ] } },
{ "type": "Feature", "properties": { "cell_id": "c0000_0019", "row": 0, "col": 19, "area_m2": 8775.2885016717992 }, "geometry": { "type": "Polygon", "coordinates": [ [ [ -87.713613248505993, 41.866854962774426 ], [ -87.711806586843267, 41.866845199689351 ], [ -87.711811537172665, 41.866334108544251 ], [ -87.711970374780293, 41.866332334371847 ], [ -87.71229396211227, 41.866328733002547 ], [ -87.712553074567694, 41.866325825736737 ], [ -87.712981893191142, 41.86632015587886 ], [ -87.71326473733528, 41.866316415389811 ], [ -87.713618492984594, 41.866311923637468 ], [ -87.713613248505993, 41.866854962774426 ] ] ] } },
{ "type": "Feature", "properties": { "cell_id": "c0000_0020", "row": 0, "col": 20, "area_m2": 8257.0976186720818 }, "geometry": { "type": "Polygon", "coordinates": [ [ [ -87.711806586843267, 41.866845199689351 ], [ -87.709999926075099, 41.866835408186489 ], [ -87.710004580489766, 41.866356261544119 ], [ -87.71011343086073, 41.866354819194605 ], [ -87.710542778777594, 41.866349134286729 ], [ -87.710955847078282, 41.866343662998062 ], [ -87.711278552779959, 41.866340059712428 ], [ -87.711703919087853, 41.86633531048377 ], [ -87.711811537172665, 41.866334108544251 ], [ -87.711806586843267, 41.866845199689351 ] ] ] } },
{ "type": "Feature", "properties": { "cell_id": "c0000_0021", "row": 0, "col": 21, "area_m2": 7718.2458288002363 }, "geometry": { "type": "Polygon", "coordinates": [ [ [ -87.709999926075099, 41.866835408186489 ], [ -87.708193266204063, 41.866825588265861 ], [ -87.708197628065065, 41.866377856437516 ], [ -87.708345856005892, 41.86637603161995 ], [ -87.708669335921357, 41.866372248125465 ], [ -87.708945045428663, 41.866369082725981 ], [ -87.709323305915262, 41.866364784892625 ], [ -87.709577351112657, 41.866361898178553 ], [ -87.709876894251252, 41.86635795335151 ], [ -87.710004580489766, 41.866356261544119 ], [ -87.709999926075099, 41.866835408186489 ] ] ] } },
{ "type": "Feature", "properties": { "cell_id": "c0000_0022", "row": 0, "col": 22, "area_m2": 7208.821566184979 }, "geometry": { "type": "Polygon", "coordinates": [ [ [ -87.708193266204063, 41.866825588265861 ], [ -87.706386607232787, 41.86681573992751 ], [ -87.706390694888242, 41.866397363841294 ], [ -87.706454489140782, 41.866396882513897 ], [ -87.706544075497007, 41.866396179373062 ], [ -87.706882936684067, 41.866392429901389 ], [ -87.707173258689664, 41.866389210768475 ], [ -87.707488582386247, 41.866385990210063 ], [ -87.707780040439033, 41.866382995342754 ], [ -87.708102124870791, 41.86637903206524 ], [ -87.708197628065065, 41.866377856437516 ], [ -87.708193266204063, 41.866825588265861 ] ] ] } },
{ "type": "Feature", "properties": { "cell_id": "c0000_0023", "row": 0, "col": 23, "area_m2": 6701.7664974785557 }, "geometry": { "type": "Polygon", "coordinates": [ [ [ -87.706386607232787, 41.86681573992751 ], [ -87.704579949163858, 41.866805863171479 ], [ -87.704583723475906, 41.866420668418421 ], [ -87.704973954711633, 41.866416195331155 ], [ -87.705279110557512, 41.86641270470745 ], [ -87.7056691997754, 41.866405307123443 ], [ -87.705875552440347, 41.866401392823626 ], [ -87.706273920745573, 41.86639824480995 ], [ -87.706390694888242, 41.866397363841294 ], [ -87.706386607232787, 41.86681573992751 ] ] ] } },
{ "type": "Feature", "properties": { "cell_id": "c0000_0024", "row": 0, "col": 24, "area_m2": 6237.5133838305483 }, "geometry": { "type": "Polygon", "coordinates": [ [ [ -87.704579949163858, 41.866805863171479 ], [ -87.702773291999861, 41.866795957997802 ], [ -87.70277686435378, 41.866432419223628 ], [ -87.702792230470479, 41.866432201565949 ], [ -87.703199301080943, 41.866430327495245 ], [ -87.703395754719509, 41.866428817661415 ], [ -87.703775950476299, 41.866425605666088 ], [ -87.704049740452675, 41.86642342922368 ], [ -87.704445980421525, 41.866421649868983 ], [ -87.704531585286674, 41.866421265960184 ], [ -87.704583723475906, 41.866420668418421 ], [ -87.704579949163858, 41.866805863171479 ] ] ] } },
{ "type": "Feature", "properties": { "cell_id": "c0000_0025", "row": 0, "col": 25, "area_m2": 5780.6187055530982 }, "geometry": { "type": "Polygon", "coordinates": [ [ [ -87.702773291999861, 41.866795957997802 ], [ -87.700966635743413, 41.866786024406544 ], [ -87.700969911936312, 41.866453577047118 ], [ -87.701008575258712, 41.866453129953179 ], [ -87.701429265456255, 41.866450011874619 ], [ -87.701734758154629, 41.866445985044699 ], [ -87.702015242312925, 41.866442647392518 ], [ -87.702266352517938, 41.866439658975999 ], [ -87.702540931597412, 41.866435760901041 ], [ -87.70277686435378, 41.866432419223628 ], [ -87.702773291999861, 41.866795957997802 ] ] ] } },
{ "type": "Feature", "properties": { "cell_id": "c0000_0026", "row": 0, "col": 26, "area_m2": 5278.668815620169 }, "geometry": { "type": "Polygon", "coordinates": [ [ [ -87.700966635743413, 41.866786024406544 ], [ -87.699159980397098, 41.866776062397712 ], [ -87.699162969128309, 41.866473649017571 ], [ -87.699433986898484, 41.866471645581385 ], [ -87.699573769292073, 41.866470122010803 ], [ -87.700050613391412, 41.866464921258554 ], [ -87.700363856601982, 41.866460583374099 ], [ -87.700787838250506, 41.866455682331065 ], [ -87.700969911936312, 41.866453577047118 ], [ -87.700966635743413, 41.866786024406544 ] ] ] } },
{ "type": "Feature", "properties": { "cell_id": "c0000_0027", "row": 0, "col": 27, "area_m2": 4812.8101727942776 }, "geometry": { "type": "Polygon", "coordinates": [ [ [ -87.699159980397098, 41.866776062397712 ], [ -87.697353325963547, 41.866766071971377 ], [ -87.697356031873937, 41.86649305364034 ], [ -87.697635618475516, 41.866487775682558 ], [ -87.697877441151959, 41.866484668067173 ], [ -87.698111175870579, 41.866482750465053 ], [ -87.69834707058375, 41.866481529501286 ], [ -87.698518712915643, 41.866480640762703 ], [ -87.698864297655888, 41.866476485800987 ], [ -87.699106702419996, 41.866474064876016 ], [ -87.699162969128309, 41.866473649017571 ], [ -87.699159980397098, 41.866776062397712 ] ] ] } },
{ "type": "Feature", "properties": { "cell_id": "c0000_0028", "row": 0, "col": 28, "area_m2": 4282.1238248471936 }, "geometry": { "type": "Polygon", "coordinates": [ [ [ -87.697353325963547, 41.866766071971377 ], [ -87.695546672445332, 41.866756053127546 ], [ -87.695549067846414, 41.866515049061 ], [ -87.695578569157959, 41.866514790567948 ], [ -87.69590748856254, 41.866510666257483 ], [ -87.696248998819485, 41.866506382116881 ], [ -87.69668453509064, 41.866501799893818 ], [ -87.696958609269672, 41.866497006559023 ], [ -87.697128714096934, 41.866495702622117 ], [ -87.697275247481812, 41.866494578538607 ], [ -87.697356031873937, 41.86649305364034 ], [ -87.697353325963547, 41.866766071971377 ] ] ] } },
{ "type": "Feature", "properties": { "cell_id": "c0000_0029", "row": 0, "col": 29, "area_m2": 3781.5450307686724 }, "geometry": { "type": "Polygon", "coordinates": [ [ [ -87.695546672445332, 41.866756053127546 ], [ -87.693740019845038, 41.866746005866283 ], [ -87.69374214145742, 41.866533151078073 ], [ -87.694033966635416, 41.866530242904837 ], [ -87.694374226383772, 41.866526373407744 ], [ -87.694701065112923, 41.86652375168844 ], [ -87.694905581058066, 41.866522111241046 ], [ -87.69521812447006, 41.866517948296071 ], [ -87.695549067846414, 41.866515049061 ], [ -87.695546672445332, 41.866756053127546 ] ] ] } },
{ "type": "Feature", "properties": { "cell_id": "c0000_0030", "row": 0, "col": 30, "area_m2": 3294.3826727260407 }, "geometry": { "type": "Polygon", "coordinates": [ [ [ -87.693740019845038, 41.866746005866283 ], [ -87.691933368165309, 41.866735930187637 ], [ -87.691935195606774, 41.8665531051969 ], [ -87.692187169568584, 41.866549890501297 ], [ -87.692444674689469, 41.866546604568704 ], [ -87.69280911495116, 41.866544054947063 ], [ -87.69306213000219, 41.866541569088071 ], [ -87.693427621323494, 41.866537012031294 ], [ -87.693717724505078, 41.866533394370684 ], [ -87.69374214145742, 41.866533151078073 ], [ -87.693740019845038, 41.866746005866283 ] ] ] } },
{ "type": "Feature", "properties": { "cell_id": "c0000_0031", "row": 0, "col": 31, "area_m2": 2816.2304285754067 }, "geometry": { "type": "Polygon", "coordinates": [ [ [ -87.691933368165309, 41.866735930187637 ], [ -87.690126717408717, 41.866725826091624 ], [ -87.690128253912818, 41.866572539571571 ], [ -87.69052782349678, 41.866566819438951 ], [ -87.690911482195702, 41.866562654800617 ], [ -87.690971097079668, 41.866561982555808 ], [ -87.691171844511871, 41.866559719896614 ], [ -87.69150030813546, 41.866556890452522 ], [ -87.691840225154351, 41.866554316690809 ], [ -87.691935195606774, 41.8665531051969 ], [ -87.691933368165309, 41.866735930187637 ] ] ] } },
{ "type": "Feature", "properties": { "cell_id": "c0000_0032", "row": 0, "col": 32, "area_m2": 2331.9336036044429 }, "geometry": { "type": "Polygon", "coordinates": [ [ [ -87.690126717408717, 41.866725826091624 ], [ -87.688320067577862, 41.866715693578307 ], [ -87.688321337673997, 41.866589339737267 ], [ -87.688473957177521, 41.866587255015595 ], [ -87.688771888581101, 41.866583185981206 ], [ -87.689177588674269, 41.866581172118245 ], [ -87.68951683576455, 41.866579488282049 ], [ -87.690055147847346, 41.866573585988128 ], [ -87.690128253912818, 41.866572539571571 ], [ -87.690126717408717, 41.866725826091624 ] ] ] } },
{ "type": "Feature", "properties": { "cell_id": "c0000_0033", "row": 0, "col": 33, "area_m2": 1868.8024666428485 }, "geometry": { "type": "Polygon", "coordinates": [ [ [ -87.688320067577862, 41.866715693578307 ], [ -87.686513418675332, 41.866705532647707 ], [ -87.686514419178948, 41.86660627693098 ], [ -87.686562483316905, 41.866605644015053 ], [ -87.68660265038892, 41.866605335427579 ], [ -87.687186839025685, 41.866600842887443 ], [ -87.687671681294873, 41.866596517289899 ], [ -87.688095982334502, 41.86659212950665 ], [ -87.688145401994191, 41.866591742696727 ], [ -87.688321337673997, 41.866589339737267 ], [ -87.688320067577862, 41.866715693578307 ] ] ] } },
{ "type": "Feature", "properties": { "cell_id": "c0000_0034", "row": 0, "col": 34, "area_m2": 414.40114108510738 }, "geometry": { "type": "Polygon", "coordinates": [ [ [ -87.686513418675332, 41.866705532647707 ], [ -87.686041329090088, 41.866702872843923 ], [ -87.68603841452105, 41.866612543946289 ], [ -87.686514419178948, 41.86660627693098 ], [ -87.686513418675332, 41.866705532647707 ] ] ] } },
{ "type": "Feature", "properties": { "cell_id": "c0001_0001", "row": 1, "col": 1, "area_m2": 6083.1056723758011 }, "geometry": { "type": "Polygon", "coordinates": [ [ [ -87.744314234674917, 41.868367040501468 ], [ -87.74432663111898, 41.867016587259187 ], [ -87.744789297673137, 41.867018959170174 ], [ -87.744801397233445, 41.867495248638448 ], [ -87.744803764590941, 41.867588439230147 ], [ -87.744815150539765, 41.867893823325311 ], [ -87.744815364822983, 41.867908807990304 ], [ -87.744820663244241, 41.868059604129897 ], [ -87.744824560830253, 41.868179670598359 ], [ -87.744824728968737, 41.868184845753618 ], [ -87.744829472438326, 41.868284129436645 ], [ -87.744830645405443, 41.868327887659987 ], [ -87.744831766939669, 41.868369693633113 ], [ -87.744314234674917, 41.868367040501468 ] ] ] } },
{ "type": "Feature", "properties": { "cell_id": "c0001_0002", "row": 1, "col": 2, "area_m2": 22500.0 }, "geometry": { "type": "Polygon", "coordinates": [ [ [ -87.74432663111898, 41.867016587259187 ], [ -87.744314234674917, 41.868367040501468 ], [ -87.742507520184077, 41.868357760087811 ], [ -87.742519954646681, 41.867007307282698 ], [ -87.74432663111898, 41.867016587259187 ] ] ] } },
{ "type": "Feature", "properties": { "cell_id": "c0001_0003", "row": 1, "col": 3, "area_m2": 22500.0 }, "geometry": { "type": "Polygon", "coordinates": [ [ [ -87.742519954646681, 41.867007307282698 ], [ -87.742507520184077, 41.868357760087811 ], [ -87.740700806543629, 41.868348451254349 ], [ -87.740713279024746, 41.866997998887754 ], [ -87.742519954646681, 41.867007307282698 ] ] ] } },
{ "type": "Feature", "properties": { "cell_id": "c0001_0004", "row": 1, "col": 4, "area_m2": 22500.0 }, "geometry": { "type": "Polygon", "coordinates": [ [ [ -87.740713279024746, 41.866997998887754 ], [ -87.740700806543629, 41.868348451254349 ], [ -87.738894093756215, 41.868339114001131 ], [ -87.738906604255774, 41.866988662074377 ], [ -87.740713279024746, 41.866997998887754 ] ] ] } },
{ "type": "Feature", "properties": { "cell_id": "c0001_0005", "row": 1, "col": 5, "area_m2": 22500.0 }, "geometry": { "type": "Polygon", "coordinates": [ [ [ -87.738906604255774, 41.866988662074377 ], [ -87.738894093756215, 41.868339114001131 ], [ -87.737087381824409, 41.868329748328179 ], [ -87.737099930342353, 41.866979296842629 ], [ -87.738906604255774, 41.866988662074377 ] ] ] } },
{ "type": "Feature", "properties": { "cell_id": "c0001_0006", "row": 1, "col": 6, "area_m2": 22500.0 }, "geometry": { "type": "Polygon", "coordinates": [ [ [ -87.737099930342353, 41.866979296842629 ], [ -87.737087381824409, 41.868329748328179 ], [ -87.735280670750839, 41.868320354235557 ], [ -87.735293257287083, 41.866969903192533 ], [ -87.737099930342353, 41.866979296842629 ] ] ] } },
{ "type": "Feature", "properties": { "cell_id": "c0001_0007", "row": 1, "col": 7, "area_m2": 22500.0 }, "geometry": { "type": "Polygon", "coordinates": [ [ [ -87.735293257287083, 41.866969903192533 ], [ -87.735280670750839, 41.868320354235557 ], [ -87.733473960538092, 41.868310931723286 ], [ -87.73348658509255, 41.866960481124131 ], [ -87.735293257287083, 41.866969903192533 ] ] ] } },
{ "type": "Feature", "properties": { "cell_id": "c0001_0008", "row": 1, "col": 8, "area_m2": 22500.0 }, "geometry": { "type": "Polygon", "coordinates": [ [ [ -87.73348658509255, 41.866960481124131 ], [ -87.733473960538092, 41.868310931723286 ], [ -87.731667251188767, 41.868301480791402 ], [ -87.731679913761383, 41.866951030637452 ], [ -87.73348658509255, 41.866960481124131 ] ] ] } },
{ "type": "Feature", "properties": { "cell_id": "c0001_0009", "row": 1, "col": 9, "area_m2": 22500.0 }, "geometry": { "type": "Polygon", "coordinates": [ [ [ -87.731679913761383, 41.866951030637452 ], [ -87.731667251188767, 41.868301480791402 ], [ -87.729860542705453, 41.868292001439954 ], [ -87.729873243296169, 41.866941551732552 ], [ -87.731679913761383, 41.866951030637452 ] ] ] } },
{ "type": "Feature", "properties": { "cell_id": "c0001_0010", "row": 1, "col": 10, "area_m2": 22500.0 }, "geometry": { "type": "Polygon", "coordinates": [ [ [ -87.729873243296169, 41.866941551732552 ], [ -87.729860542705453, 41.868292001439954 ], [ -87.728053835090762, 41.868282493668971 ], [ -87.728066573699508, 41.866932044409452 ], [ -87.729873243296169, 41.866941551732552 ] ] ] } },
{ "type": "Feature", "properties": { "cell_id": "c0001_0011", "row": 1, "col": 11, "area_m2": 22500.0 }, "geometry": { "type": "Polygon", "coordinates": [ [ [ -87.728066573699508, 41.866932044409452 ], [ -87.728053835090762, 41.868282493668971 ], [ -87.726247128347282, 41.868272957478489 ], [ -87.726259904973986, 41.866922508668196 ], [ -87.728066573699508, 41.866932044409452 ] ] ] } },
{ "type": "Feature", "properties": { "cell_id": "c0001_0012", "row": 1, "col": 12, "area_m2": 22500.0 }, "geometry": { "type": "Polygon", "coordinates": [ [ [ -87.726259904973986, 41.866922508668196 ], [ -87.726247128347282, 41.868272957478489 ], [ -87.724440422477628, 41.86826339286857 ], [ -87.724453237122233, 41.866912944508833 ], [ -87.726259904973986, 41.866922508668196 ] ] ] } },
{ "type": "Feature", "properties": { "cell_id": "c0001_0013", "row": 1, "col": 13, "area_m2": 22500.0 }, "geometry": { "type": "Polygon", "coordinates": [ [ [ -87.724453237122233, 41.866912944508833 ], [ -87.724440422477628, 41.86826339286857 ], [ -87.722633717484399, 41.868253799839231 ], [ -87.722646570146821, 41.866903351931391 ], [ -87.724453237122233, 41.866912944508833 ] ] ] } },
{ "type": "Feature", "properties": { "cell_id": "c0001_0014", "row": 1, "col": 14, "area_m2": 22500.0 }, "geometry": { "type": "Polygon", "coordinates": [ [ [ -87.722646570146821, 41.866903351931391 ], [ -87.722633717484399, 41.868253799839231 ], [ -87.720827013370183, 41.868244178390512 ], [ -87.720839904050351, 41.866893730935921 ], [ -87.722646570146821, 41.866903351931391 ] ] ] } },
{ "type": "Feature", "properties": { "cell_id": "c0001_0015", "row": 1, "col": 15, "area_m2": 22500.0 }, "geometry": { "type": "Polygon", "coordinates": [ [ [ -87.720839904050351, 41.866893730935921 ], [ -87.720827013370183, 41.868244178390512 ], [ -87.719020310137594, 41.868234528522471 ], [ -87.719033238835436, 41.866884081522443 ], [ -87.720839904050351, 41.866893730935921 ] ] ] } },
{ "type": "Feature", "properties": { "cell_id": "c0001_0016", "row": 1, "col": 16, "area_m2": 22500.0 }, "geometry": { "type": "Polygon", "coordinates": [ [ [ -87.719033238835436, 41.866884081522443 ], [ -87.719020310137594, 41.868234528522471 ], [ -87.717213607789233, 41.868224850235123 ], [ -87.717226574504679, 41.866874403691 ], [ -87.719033238835436, 41.866884081522443 ] ] ] } },
{ "type": "Feature", "properties": { "cell_id": "c0001_0017", "row": 1, "col": 17, "area_m2": 22500.0 }, "geometry": { "type": "Polygon", "coordinates": [ [ [ -87.717226574504679, 41.866874403691 ], [ -87.717213607789233, 41.868224850235123 ], [ -87.715406906327672, 41.868215143528509 ], [ -87.71541991106065, 41.866864697441649 ], [ -87.717226574504679, 41.866874403691 ] ] ] } },
{ "type": "Feature", "properties": { "cell_id": "c0001_0018", "row": 1, "col": 18, "area_m2": 22500.0 }, "geometry": { "type": "Polygon", "coordinates": [ [ [ -87.71541991106065, 41.866864697441649 ], [ -87.715406906327672, 41.868215143528509 ], [ -87.713600205755526, 41.868205408402694 ], [ -87.713613248505993, 41.866854962774426 ], [ -87.71541991106065, 41.866864697441649 ] ] ] } },
{ "type": "Feature", "properties": { "cell_id": "c0001_0019", "row": 1, "col": 19, "area_m2": 22500.0 }, "geometry": { "type": "Polygon", "coordinates": [ [ [ -87.713613248505993, 41.866854962774426 ], [ -87.713600205755526, 41.868205408402694 ], [ -87.711793506075409, 41.868195644857686 ], [ -87.711806586843267, 41.866845199689351 ], [ -87.713613248505993, 41.866854962774426 ] ] ] } },
{ "type": "Feature", "properties": { "cell_id": "c0001_0020", "row": 1, "col": 20, "area_m2": 22500.0 }, "geometry": { "type": "Polygon", "coordinates": [ [ [ -87.711806586843267, 41.866845199689351 ], [ -87.711793506075409, 41.868195644857686 ], [ -87.709986807289908, 41.868185852893561 ], [ -87.709999926075099, 41.866835408186489 ], [ -87.711806586843267, 41.866845199689351 ] ] ] } },
{ "type": "Feature", "properties": { "cell_id": "c0001_0021", "row": 1, "col": 21, "area_m2": 22500.0 }, "geometry": { "type": "Polygon", "coordinates": [ [ [ -87.709999926075099, 41.866835408186489 ], [ -87.709986807289908, 41.868185852893561 ], [ -87.708180109401624, 41.868176032510313 ], [ -87.708193266204063, 41.866825588265861 ], [ -87.709999926075099, 41.866835408186489 ] ] ] } },
{ "type": "Feature", "properties": { "cell_id": "c0001_0022", "row": 1, "col": 22, "area_m2": 22500.0 }, "geometry": { "type": "Polygon", "coordinates": [ [ [ -87.708193266204063, 41.866825588265861 ], [ -87.708180109401624, 41.868176032510313 ], [ -87.706373412413157, 41.86816618370802 ], [ -87.706386607232787, 41.86681573992751 ], [ -87.708193266204063, 41.866825588265861 ] ] ] } },
{ "type": "Feature", "properties": { "cell_id": "c0001_0023", "row": 1, "col": 23, "area_m2": 22500.0 }, "geometry": { "type": "Polygon", "coordinates": [ [ [ -87.706386607232787, 41.86681573992751 ], [ -87.706373412413157, 41.86816618370802 ], [ -87.704566716327108, 41.868156306486711 ], [ -87.704579949163858, 41.866805863171479 ], [ -87.706386607232787, 41.86681573992751 ] ] ] } },
{ "type": "Feature", "properties": { "cell_id": "c0001_0024", "row": 1, "col": 24, "area_m2": 22500.0 }, "geometry": { "type": "Polygon", "coordinates": [ [ [ -87.704579949163858, 41.866805863171479 ], [ -87.704566716327108, 41.868156306486711 ], [ -87.702760021146076, 41.86814640084642 ], [ -87.702773291999861, 41.866795957997802 ], [ -87.704579949163858, 41.866805863171479 ] ] ] } },
{ "type": "Feature", "properties": { "cell_id": "c0001_0025", "row": 1, "col": 25, "area_m2": 22500.0 }, "geometry": { "type": "Polygon", "coordinates": [ [ [ -87.702773291999861, 41.866795957997802 ], [ -87.702760021146076, 41.86814640084642 ], [ -87.700953326872664, 41.868136466787185 ], [ -87.700966635743413, 41.866786024406544 ], [ -87.702773291999861, 41.866795957997802 ] ] ] } },
{ "type": "Feature", "properties": { "cell_id": "c0001_0026", "row": 1, "col": 26, "area_m2": 22500.0 }, "geometry": { "type": "Polygon", "coordinates": [ [ [ -87.700966635743413, 41.866786024406544 ], [ -87.700953326872664, 41.868136466787185 ], [ -87.699146633509457, 41.86812650430906 ], [ -87.699159980397098, 41.866776062397712 ], [ -87.700966635743413, 41.866786024406544 ] ] ] } },
{ "type": "Feature", "properties": { "cell_id": "c0001_0027", "row": 1, "col": 27, "area_m2": 22500.0 }, "geometry": { "type": "Polygon", "coordinates": [ [ [ -87.699159980397098, 41.866776062397712 ], [ -87.699146633509457, 41.86812650430906 ], [ -87.697339941059056, 41.868116513412083 ], [ -87.697353325963547, 41.866766071971377 ], [ -87.699159980397098, 41.866776062397712 ] ] ] } },
{ "type": "Feature", "properties": { "cell_id": "c0001_0028", "row": 1, "col": 28, "area_m2": 22500.0 }, "geometry": { "type": "Polygon", "coordinates": [ [ [ -87.697353325963547, 41.866766071971377 ], [ -87.697339941059056, 41.868116513412083 ], [ -87.69553324952409, 41.868106494096274 ], [ -87.695546672445332, 41.866756053127546 ], [ -87.697353325963547, 41.866766071971377 ] ] ] } },
{ "type": "Feature", "properties": { "cell_id": "c0001_0029", "row": 1, "col": 29, "area_m2": 22500.0 }, "geometry": { "type": "Polygon", "coordinates": [ [ [ -87.695546672445332, 41.866756053127546 ], [ -87.69553324952409, 41.868106494096274 ], [ -87.69372655890713, 41.868096446361704 ], [ -87.693740019845038, 41.866746005866283 ], [ -87.695546672445332, 41.866756053127546 ] ] ] } },
{ "type": "Feature", "properties": { "cell_id": "c0001_0030", "row": 1, "col": 30, "area_m2": 22500.0 }, "geometry": { "type": "Polygon", "coordinates": [ [ [ -87.693740019845038, 41.866746005866283 ], [ -87.69372655890713, 41.868096446361704 ], [ -87.691919869210793, 41.868086370208395 ], [ -87.691933368165309, 41.866735930187637 ], [ -87.693740019845038, 41.866746005866283 ] ] ] } },
{ "type": "Feature", "properties": { "cell_id": "c0001_0031", "row": 1, "col": 31, "area_m2": 22500.0 }, "geometry": { "type": "Polygon", "coordinates": [ [ [ -87.691933368165309, 41.866735930187637 ], [ -87.691919869210793, 41.868086370208395 ], [ -87.690113180437649, 41.86807626563639 ], [ -87.690126717408717, 41.866725826091624 ], [ -87.691933368165309, 41.866735930187637 ] ] ] } },
{ "type": "Feature", "properties": { "cell_id": "c0001_0032", "row": 1, "col": 32, "area_m2": 22500.0 }, "geometry": { "type": "Polygon", "coordinates": [ [ [ -87.690126717408717, 41.866725826091624 ], [ -87.690113180437649, 41.86807626563639 ], [ -87.688306492590343, 41.868066132645744 ], [ -87.688320067577862, 41.866715693578307 ], [ -87.690126717408717, 41.866725826091624 ] ] ] } },
{ "type": "Feature", "properties": { "cell_id": "c0001_0033", "row": 1, "col": 33, "area_m2": 22500.0 }, "geometry": { "type": "Polygon", "coordinates": [ [ [ -87.688320067577862, 41.866715693578307 ], [ -87.688306492590343, 41.868066132645744 ], [ -87.686499805671431, 41.868055971236465 ], [ -87.686513418675332, 41.866705532647707 ], [ -87.688320067577862, 41.866715693578307 ] ] ] } },
{ "type": "Feature", "properties": { "cell_id": "c0001_0034", "row": 1, "col": 34, "area_m2": 5577.5672726916036 }, "geometry": { "type": "Polygon", "coordinates": [ [ [ -87.686513418675332, 41.866705532647707 ], [ -87.686499805671431, 41.868055971236465 ], [ -87.686075145288001, 41.86805357867928 ], [ -87.686069356469716, 41.867879052364188 ], [ -87.686064326895931, 41.867693321015025 ], [ -87.686063076725404, 41.867577726060205 ], [ -87.686062214475569, 41.867521825170236 ], [ -87.686060138733652, 41.867373317169573 ], [ -87.686052296041424, 41.867063941026835 ], [ -87.686049791295773, 41.86696513402061 ], [ -87.686041329090088, 41.866702872843923 ], [ -87.686513418675332, 41.866705532647707 ] ] ] } },
{ "type": "Feature", "properties": { "cell_id": "c0002_0001", "row": 2, "col": 1, "area_m2": 6769.4807860311521 }, "geometry": { "type": "Polygon", "coordinates": [ [ [ -87.744301837383063, 41.869717493422087 ], [ -87.744314234674917, 41.868367040501468 ], [ -87.744831766939669, 41.868369693633113 ], [ -87.744835711712511, 41.868516737461441 ], [ -87.74484088148111, 41.868709410671457 ], [ -87.74484454846133, 41.868861982881306 ], [ -87.744853318340319, 41.869046688470192 ], [ -87.744860930375808, 41.869356580961288 ], [ -87.744865429762513, 41.869539755654294 ], [ -87.744866791905636, 41.869595196855407 ], [ -87.744874769669408, 41.869714064238721 ], [ -87.744875046111034, 41.869720431917052 ], [ -87.744301837383063, 41.869717493422087 ] ] ] } },
{ "type": "Feature", "properties": { "cell_id": "c0002_0002", "row": 2, "col": 2, "area_m2": 22500.0 }, "geometry": { "type": "Polygon", "coordinates": [ [ [ -87.744314234674917, 41.868367040501468 ], [ -87.744301837383063, 41.869717493422087 ], [ -87.742495084871024, 41.86970821257124 ], [ -87.742507520184077, 41.868357760087811 ], [ -87.744314234674917, 41.868367040501468 ] ] ] } },
{ "type": "Feature", "properties": { "cell_id": "c0002_0003", "row": 2, "col": 3, "area_m2": 22500.0 }, "geometry": { "type": "Polygon", "coordinates": [ [ [ -87.742507520184077, 41.868357760087811 ], [ -87.742495084871024, 41.86970821257124 ], [ -87.740688333209491, 41.869698903299245 ], [ -87.740700806543629, 41.868348451254349 ], [ -87.742507520184077, 41.868357760087811 ] ] ] } },
{ "type": "Feature", "properties": { "cell_id": "c0002_0004", "row": 2, "col": 4, "area_m2": 22500.0 }, "geometry": { "type": "Polygon", "coordinates": [ [ [ -87.740700806543629, 41.868348451254349 ], [ -87.740688333209491, 41.869698903299245 ], [ -87.738881582401035, 41.869689565606166 ], [ -87.738894093756215, 41.868339114001131 ], [ -87.740700806543629, 41.868348451254349 ] ] ] } },
{ "type": "Feature", "properties": { "cell_id": "c0002_0005", "row": 2, "col": 5, "area_m2": 22500.0 }, "geometry": { "type": "Polygon", "coordinates": [ [ [ -87.738894093756215, 41.868339114001131 ], [ -87.738881582401035, 41.869689565606166 ], [ -87.737074832448272, 41.869680199492002 ], [ -87.737087381824409, 41.868329748328179 ], [ -87.738894093756215, 41.868339114001131 ] ] ] } },
{ "type": "Feature", "properties": { "cell_id": "c0002_0006", "row": 2, "col": 6, "area_m2": 22500.0 }, "geometry": { "type": "Polygon", "coordinates": [ [ [ -87.737087381824409, 41.868329748328179 ], [ -87.737074832448272, 41.869680199492002 ], [ -87.735268083353787, 41.869670804956826 ], [ -87.735280670750839, 41.868320354235557 ], [ -87.737087381824409, 41.868329748328179 ] ] ] } },
{ "type": "Feature", "properties": { "cell_id": "c0002_0007", "row": 2, "col": 7, "area_m2": 22500.0 }, "geometry": { "type": "Polygon", "coordinates": [ [ [ -87.735280670750839, 41.868320354235557 ], [ -87.735268083353787, 41.869670804956826 ], [ -87.733461335120211, 41.869661382000672 ], [ -87.733473960538092, 41.868310931723286 ], [ -87.735280670750839, 41.868320354235557 ] ] ] } },
{ "type": "Feature", "properties": { "cell_id": "c0002_0008", "row": 2, "col": 8, "area_m2": 22500.0 }, "geometry": { "type": "Polygon", "coordinates": [ [ [ -87.733473960538092, 41.868310931723286 ], [ -87.733461335120211, 41.869661382000672 ], [ -87.731654587750114, 41.869651930623561 ], [ -87.731667251188767, 41.868301480791402 ], [ -87.733473960538092, 41.868310931723286 ] ] ] } },
{ "type": "Feature", "properties": { "cell_id": "c0002_0009", "row": 2, "col": 9, "area_m2": 22500.0 }, "geometry": { "type": "Polygon", "coordinates": [ [ [ -87.731667251188767, 41.868301480791402 ], [ -87.731654587750114, 41.869651930623561 ], [ -87.729847841246112, 41.869642450825552 ], [ -87.729860542705453, 41.868292001439954 ], [ -87.731667251188767, 41.868301480791402 ] ] ] } },
{ "type": "Feature", "properties": { "cell_id": "c0002_0010", "row": 2, "col": 10, "area_m2": 22500.0 }, "geometry": { "type": "Polygon", "coordinates": [ [ [ -87.729860542705453, 41.868292001439954 ], [ -87.729847841246112, 41.869642450825552 ], [ -87.728041095610791, 41.869632942606671 ], [ -87.728053835090762, 41.868282493668971 ], [ -87.729860542705453, 41.868292001439954 ] ] ] } },
{ "type": "Feature", "properties": { "cell_id": "c0002_0011", "row": 2, "col": 11, "area_m2": 22500.0 }, "geometry": { "type": "Polygon", "coordinates": [ [ [ -87.728053835090762, 41.868282493668971 ], [ -87.728041095610791, 41.869632942606671 ], [ -87.726234350846767, 41.869623405966955 ], [ -87.726247128347282, 41.868272957478489 ], [ -87.728053835090762, 41.868282493668971 ] ] ] } },
{ "type": "Feature", "properties": { "cell_id": "c0002_0012", "row": 2, "col": 12, "area_m2": 22500.0 }, "geometry": { "type": "Polygon", "coordinates": [ [ [ -87.726247128347282, 41.868272957478489 ], [ -87.726234350846767, 41.869623405966955 ], [ -87.724427606956624, 41.86961384090646 ], [ -87.724440422477628, 41.86826339286857 ], [ -87.726247128347282, 41.868272957478489 ] ] ] } },
{ "type": "Feature", "properties": { "cell_id": "c0002_0013", "row": 2, "col": 13, "area_m2": 22500.0 }, "geometry": { "type": "Polygon", "coordinates": [ [ [ -87.724440422477628, 41.86826339286857 ], [ -87.724427606956624, 41.86961384090646 ], [ -87.722620863942979, 41.869604247425208 ], [ -87.722633717484399, 41.868253799839231 ], [ -87.724440422477628, 41.86826339286857 ] ] ] } },
{ "type": "Feature", "properties": { "cell_id": "c0002_0014", "row": 2, "col": 14, "area_m2": 22500.0 }, "geometry": { "type": "Polygon", "coordinates": [ [ [ -87.722633717484399, 41.868253799839231 ], [ -87.722620863942979, 41.869604247425208 ], [ -87.720814121808417, 41.869594625523227 ], [ -87.720827013370183, 41.868244178390512 ], [ -87.722633717484399, 41.868253799839231 ] ] ] } },
{ "type": "Feature", "properties": { "cell_id": "c0002_0015", "row": 2, "col": 15, "area_m2": 22500.0 }, "geometry": { "type": "Polygon", "coordinates": [ [ [ -87.720827013370183, 41.868244178390512 ], [ -87.720814121808417, 41.869594625523227 ], [ -87.719007380555539, 41.869584975200574 ], [ -87.719020310137594, 41.868234528522471 ], [ -87.720827013370183, 41.868244178390512 ] ] ] } },
{ "type": "Feature", "properties": { "cell_id": "c0002_0016", "row": 2, "col": 16, "area_m2": 22500.0 }, "geometry": { "type": "Polygon", "coordinates": [ [ [ -87.719020310137594, 41.868234528522471 ], [ -87.719007380555539, 41.869584975200574 ], [ -87.71720064018696, 41.869575296457306 ], [ -87.717213607789233, 41.868224850235123 ], [ -87.719020310137594, 41.868234528522471 ] ] ] } },
{ "type": "Feature", "properties": { "cell_id": "c0002_0017", "row": 2, "col": 17, "area_m2": 22500.0 }, "geometry": { "type": "Polygon", "coordinates": [ [ [ -87.717213607789233, 41.868224850235123 ], [ -87.71720064018696, 41.869575296457306 ], [ -87.715393900705266, 41.869565589293423 ], [ -87.715406906327672, 41.868215143528509 ], [ -87.717213607789233, 41.868224850235123 ] ] ] } },
{ "type": "Feature", "properties": { "cell_id": "c0002_0018", "row": 2, "col": 18, "area_m2": 22500.0 }, "geometry": { "type": "Polygon", "coordinates": [ [ [ -87.715406906327672, 41.868215143528509 ], [ -87.715393900705266, 41.869565589293423 ], [ -87.713587162113043, 41.869555853708995 ], [ -87.713600205755526, 41.868205408402694 ], [ -87.715406906327672, 41.868215143528509 ] ] ] } },
{ "type": "Feature", "properties": { "cell_id": "c0002_0019", "row": 2, "col": 19, "area_m2": 22500.0 }, "geometry": { "type": "Polygon", "coordinates": [ [ [ -87.713600205755526, 41.868205408402694 ], [ -87.713587162113043, 41.869555853708995 ], [ -87.711780424412936, 41.869546089704045 ], [ -87.711793506075409, 41.868195644857686 ], [ -87.713600205755526, 41.868205408402694 ] ] ] } },
{ "type": "Feature", "properties": { "cell_id": "c0002_0020", "row": 2, "col": 20, "area_m2": 22500.0 }, "geometry": { "type": "Polygon", "coordinates": [ [ [ -87.711793506075409, 41.868195644857686 ], [ -87.711780424412936, 41.869546089704045 ], [ -87.709973687607516, 41.869536297278614 ], [ -87.709986807289908, 41.868185852893561 ], [ -87.711793506075409, 41.868195644857686 ] ] ] } },
{ "type": "Feature", "properties": { "cell_id": "c0002_0021", "row": 2, "col": 21, "area_m2": 22500.0 }, "geometry": { "type": "Polygon", "coordinates": [ [ [ -87.709986807289908, 41.868185852893561 ], [ -87.709973687607516, 41.869536297278614 ], [ -87.708166951699368, 41.869526476432746 ], [ -87.708180109401624, 41.868176032510313 ], [ -87.709986807289908, 41.868185852893561 ] ] ] } },
{ "type": "Feature", "properties": { "cell_id": "c0002_0022", "row": 2, "col": 22, "area_m2": 22500.0 }, "geometry": { "type": "Polygon", "coordinates": [ [ [ -87.708180109401624, 41.868176032510313 ], [ -87.708166951699368, 41.869526476432746 ], [ -87.70636021669111, 41.869516627166483 ], [ -87.706373412413157, 41.86816618370802 ], [ -87.708180109401624, 41.868176032510313 ] ] ] } },
{ "type": "Feature", "properties": { "cell_id": "c0002_0023", "row": 2, "col": 23, "area_m2": 22500.0 }, "geometry": { "type": "Polygon", "coordinates": [ [ [ -87.706373412413157, 41.86816618370802 ], [ -87.70636021669111, 41.869516627166483 ], [ -87.704553482585354, 41.869506749479868 ], [ -87.704566716327108, 41.868156306486711 ], [ -87.706373412413157, 41.86816618370802 ] ] ] } },
{ "type": "Feature", "properties": { "cell_id": "c0002_0024", "row": 2, "col": 24, "area_m2": 22500.0 }, "geometry": { "type": "Polygon", "coordinates": [ [ [ -87.704566716327108, 41.868156306486711 ], [ -87.704553482585354, 41.869506749479868 ], [ -87.702746749384673, 41.869496843372929 ], [ -87.702760021146076, 41.86814640084642 ], [ -87.704566716327108, 41.868156306486711 ] ] ] } },
{ "type": "Feature", "properties": { "cell_id": "c0002_0025", "row": 2, "col": 25, "area_m2": 22500.0 }, "geometry": { "type": "Polygon", "coordinates": [ [ [ -87.702760021146076, 41.86814640084642 ], [ -87.702746749384673, 41.869496843372929 ], [ -87.700940017091682, 41.869486908845722 ], [ -87.700953326872664, 41.868136466787185 ], [ -87.702760021146076, 41.86814640084642 ] ] ] } },
{ "type": "Feature", "properties": { "cell_id": "c0002_0026", "row": 2, "col": 26, "area_m2": 22500.0 }, "geometry": { "type": "Polygon", "coordinates": [ [ [ -87.700953326872664, 41.868136466787185 ], [ -87.700940017091682, 41.869486908845722 ], [ -87.699133285708982, 41.869476945898271 ], [ -87.699146633509457, 41.86812650430906 ], [ -87.700953326872664, 41.868136466787185 ] ] ] } },
{ "type": "Feature", "properties": { "cell_id": "c0002_0027", "row": 2, "col": 27, "area_m2": 22500.0 }, "geometry": { "type": "Polygon", "coordinates": [ [ [ -87.699146633509457, 41.86812650430906 ], [ -87.699133285708982, 41.869476945898271 ], [ -87.697326555239172, 41.869466954530637 ], [ -87.697339941059056, 41.868116513412083 ], [ -87.699146633509457, 41.86812650430906 ] ] ] } },
{ "type": "Feature", "properties": { "cell_id": "c0002_0028", "row": 2, "col": 28, "area_m2": 22500.0 }, "geometry": { "type": "Polygon", "coordinates": [ [ [ -87.697339941059056, 41.868116513412083 ], [ -87.697326555239172, 41.869466954530637 ], [ -87.695519825684855, 41.869456934742828 ], [ -87.69553324952409, 41.868106494096274 ], [ -87.697339941059056, 41.868116513412083 ] ] ] } },
{ "type": "Feature", "properties": { "cell_id": "c0002_0029", "row": 2, "col": 29, "area_m2": 22500.0 }, "geometry": { "type": "Polygon", "coordinates": [ [ [ -87.69553324952409, 41.868106494096274 ], [ -87.695519825684855, 41.869456934742828 ], [ -87.693713097048615, 41.869446886534924 ], [ -87.69372655890713, 41.868096446361704 ], [ -87.69553324952409, 41.868106494096274 ] ] ] } },
{ "type": "Feature", "properties": { "cell_id": "c0002_0030", "row": 2, "col": 30, "area_m2": 22500.0 }, "geometry": { "type": "Polygon", "coordinates": [ [ [ -87.69372655890713, 41.868096446361704 ], [ -87.693713097048615, 41.869446886534924 ], [ -87.691906369333054, 41.869436809906937 ], [ -87.691919869210793, 41.868086370208395 ], [ -87.69372655890713, 41.868096446361704 ] ] ] } },
{ "type": "Feature", "properties": { "cell_id": "c0002_0031", "row": 2, "col": 31, "area_m2": 22500.0 }, "geometry": { "type": "Polygon", "coordinates": [ [ [ -87.691919869210793, 41.868086370208395 ], [ -87.691906369333054, 41.869436809906937 ], [ -87.690099642540801, 41.869426704858931 ], [ -87.690113180437649, 41.86807626563639 ], [ -87.691919869210793, 41.868086370208395 ] ] ] } },
{ "type": "Feature", "properties": { "cell_id": "c0002_0032", "row": 2, "col": 32, "area_m2": 22500.0 }, "geometry": { "type": "Polygon", "coordinates": [ [ [ -87.690113180437649, 41.86807626563639 ], [ -87.690099642540801, 41.869426704858931 ], [ -87.688292916674413, 41.869416571390914 ], [ -87.688306492590343, 41.868066132645744 ], [ -87.690113180437649, 41.86807626563639 ] ] ] } },
{ "type": "Feature", "properties": { "cell_id": "c0002_0033", "row": 2, "col": 33, "area_m2": 22500.0 }, "geometry": { "type": "Polygon", "coordinates": [ [ [ -87.688306492590343, 41.868066132645744 ], [ -87.688292916674413, 41.869416571390914 ], [ -87.68648619173652, 41.869406409502965 ], [ -87.686499805671431, 41.868055971236465 ], [ -87.688306492590343, 41.868066132645744 ] ] ] } },
{ "type": "Feature", "properties": { "cell_id": "c0002_0034", "row": 2, "col": 34, "area_m2": 4949.9116144487607 }, "geometry": { "type": "Polygon", "coordinates": [ [ [ -87.686499805671431, 41.868055971236465 ], [ -87.68648619173652, 41.869406409502965 ], [ -87.686114046698123, 41.869404312850236 ], [ -87.68611198427331, 41.869339042648924 ], [ -87.686107943140968, 41.869211137819896 ], [ -87.686102411678007, 41.868976390802018 ], [ -87.686099484965254, 41.8688521700915 ], [ -87.686094958259829, 41.868667566134427 ], [ -87.686091712013351, 41.868534423974289 ], [ -87.686087910054894, 41.868432014644334 ], [ -87.686084292870191, 41.868334573449992 ], [ -87.686076225471567, 41.868086144904574 ], [ -87.686075145288001, 41.86805357867928 ], [ -87.686499805671431, 41.868055971236465 ] ] ] } },
{ "type": "Feature", "properties": { "cell_id": "c0003_0001", "row": 3, "col": 1, "area_m2": 7519.4933243956566 }, "geometry": { "type": "Polygon", "coordinates": [ [ [ -87.744289439243303, 41.871067946021029 ], [ -87.744301837383063, 41.869717493422087 ], [ -87.744875046111034, 41.869720431917052 ], [ -87.744881771700292, 41.869875351767675 ], [ -87.744886599204932, 41.869996097361948 ], [ -87.744886609911347, 41.869996371156198 ], [ -87.744890362387423, 41.870123614368183 ], [ -87.744894597785233, 41.870270041978785 ], [ -87.74490003420334, 41.870457968934282 ], [ -87.744902182613444, 41.87053223946527 ], [ -87.744906872280623, 41.870657373499157 ], [ -87.744912356318551, 41.870788110839349 ], [ -87.744919733326142, 41.87091010294958 ], [ -87.744923864875148, 41.870978428672203 ], [ -87.74492460515539, 41.871071202046622 ], [ -87.744289439243303, 41.871067946021029 ] ] ] } },
{ "type": "Feature", "properties": { "cell_id": "c0003_0002", "row": 3, "col": 2, "area_m2": 22500.0 }, "geometry": { "type": "Polygon", "coordinates": [ [ [ -87.744301837383063, 41.869717493422087 ], [ -87.744289439243303, 41.871067946021029 ], [ -87.742482648707508, 41.871058664732971 ], [ -87.742495084871024, 41.86970821257124 ], [ -87.744301837383063, 41.869717493422087 ] ] ] } },
{ "type": "Feature", "properties": { "cell_id": "c0003_0003", "row": 3, "col": 3, "area_m2": 22500.0 }, "geometry": { "type": "Polygon", "coordinates": [ [ [ -87.742495084871024, 41.86970821257124 ], [ -87.742482648707508, 41.871058664732971 ], [ -87.740675859022247, 41.871049355022429 ], [ -87.740688333209491, 41.869698903299245 ], [ -87.742495084871024, 41.86970821257124 ] ] ] } },
{ "type": "Feature", "properties": { "cell_id": "c0003_0004", "row": 3, "col": 4, "area_m2": 22500.0 }, "geometry": { "type": "Polygon", "coordinates": [ [ [ -87.740688333209491, 41.869698903299245 ], [ -87.740675859022247, 41.871049355022429 ], [ -87.738869070190162, 41.871040016889452 ], [ -87.738881582401035, 41.869689565606166 ], [ -87.740688333209491, 41.869698903299245 ] ] ] } },
{ "type": "Feature", "properties": { "cell_id": "c0003_0005", "row": 3, "col": 5, "area_m2": 22500.0 }, "geometry": { "type": "Polygon", "coordinates": [ [ [ -87.738881582401035, 41.869689565606166 ], [ -87.738869070190162, 41.871040016889452 ], [ -87.737062282213827, 41.871030650334077 ], [ -87.737074832448272, 41.869680199492002 ], [ -87.738881582401035, 41.869689565606166 ] ] ] } },
{ "type": "Feature", "properties": { "cell_id": "c0003_0006", "row": 3, "col": 6, "area_m2": 22500.0 }, "geometry": { "type": "Polygon", "coordinates": [ [ [ -87.737074832448272, 41.869680199492002 ], [ -87.737062282213827, 41.871030650334077 ], [ -87.735255495095856, 41.871021255356339 ], [ -87.735268083353787, 41.869670804956826 ], [ -87.737074832448272, 41.869680199492002 ] ] ] } },
{ "type": "Feature", "properties": { "cell_id": "c0003_0007", "row": 3, "col": 7, "area_m2": 22500.0 }, "geometry": { "type": "Polygon", "coordinates": [ [ [ -87.735268083353787, 41.869670804956826 ], [ -87.735255495095856, 41.871021255356339 ], [ -87.73344870883885, 41.871011831956281 ], [ -87.733461335120211, 41.869661382000672 ], [ -87.735268083353787, 41.869670804956826 ] ] ] } },
{ "type": "Feature", "properties": { "cell_id": "c0003_0008", "row": 3, "col": 8, "area_m2": 22500.0 }, "geometry": { "type": "Polygon", "coordinates": [ [ [ -87.733461335120211, 41.869661382000672 ], [ -87.73344870883885, 41.871011831956281 ], [ -87.73164192344538, 41.871002380133923 ], [ -87.731654587750114, 41.869651930623561 ], [ -87.733461335120211, 41.869661382000672 ] ] ] } },
{ "type": "Feature", "properties": { "cell_id": "c0003_0009", "row": 3, "col": 9, "area_m2": 22500.0 }, "geometry": { "type": "Polygon", "coordinates": [ [ [ -87.731654587750114, 41.869651930623561 ], [ -87.73164192344538, 41.871002380133923 ], [ -87.729835138918077, 41.87099289988933 ], [ -87.729847841246112, 41.869642450825552 ], [ -87.731654587750114, 41.869651930623561 ] ] ] } },
{ "type": "Feature", "properties": { "cell_id": "c0003_0010", "row": 3, "col": 10, "area_m2": 22500.0 }, "geometry": { "type": "Polygon", "coordinates": [ [ [ -87.729847841246112, 41.869642450825552 ], [ -87.729835138918077, 41.87099289988933 ], [ -87.728028355259539, 41.870983391222524 ], [ -87.728041095610791, 41.869632942606671 ], [ -87.729847841246112, 41.869642450825552 ] ] ] } },
{ "type": "Feature", "properties": { "cell_id": "c0003_0011", "row": 3, "col": 11, "area_m2": 22500.0 }, "geometry": { "type": "Polygon", "coordinates": [ [ [ -87.728041095610791, 41.869632942606671 ], [ -87.728028355259539, 41.870983391222524 ], [ -87.726221572472355, 41.87097385413356 ], [ -87.726234350846767, 41.869623405966955 ], [ -87.728041095610791, 41.869632942606671 ] ] ] } },
{ "type": "Feature", "properties": { "cell_id": "c0003_0012", "row": 3, "col": 12, "area_m2": 22500.0 }, "geometry": { "type": "Polygon", "coordinates": [ [ [ -87.726234350846767, 41.869623405966955 ], [ -87.726221572472355, 41.87097385413356 ], [ -87.724414790559123, 41.870964288622446 ], [ -87.724427606956624, 41.86961384090646 ], [ -87.726234350846767, 41.869623405966955 ] ] ] } },
{ "type": "Feature", "properties": { "cell_id": "c0003_0013", "row": 3, "col": 13, "area_m2": 22500.0 }, "geometry": { "type": "Polygon", "coordinates": [ [ [ -87.724427606956624, 41.86961384090646 ], [ -87.724414790559123, 41.870964288622446 ], [ -87.722608009522446, 41.87095469468926 ], [ -87.722620863942979, 41.869604247425208 ], [ -87.724427606956624, 41.86961384090646 ] ] ] } },
{ "type": "Feature", "properties": { "cell_id": "c0003_0014", "row": 3, "col": 14, "area_m2": 22500.0 }, "geometry": { "type": "Polygon", "coordinates": [ [ [ -87.722620863942979, 41.869604247425208 ], [ -87.722608009522446, 41.87095469468926 ], [ -87.720801229364938, 41.870945072334017 ], [ -87.720814121808417, 41.869594625523227 ], [ -87.722620863942979, 41.869604247425208 ] ] ] } },
{ "type": "Feature", "properties": { "cell_id": "c0003_0015", "row": 3, "col": 15, "area_m2": 22500.0 }, "geometry": { "type": "Polygon", "coordinates": [ [ [ -87.720814121808417, 41.869594625523227 ], [ -87.720801229364938, 41.870945072334017 ], [ -87.718994450089198, 41.870935421556752 ], [ -87.719007380555539, 41.869584975200574 ], [ -87.720814121808417, 41.869594625523227 ] ] ] } },
{ "type": "Feature", "properties": { "cell_id": "c0003_0016", "row": 3, "col": 16, "area_m2": 22500.0 }, "geometry": { "type": "Polygon", "coordinates": [ [ [ -87.719007380555539, 41.869584975200574 ], [ -87.718994450089198, 41.870935421556752 ], [ -87.717187671697801, 41.870925742357514 ], [ -87.71720064018696, 41.869575296457306 ], [ -87.719007380555539, 41.869584975200574 ] ] ] } },
{ "type": "Feature", "properties": { "cell_id": "c0003_0017", "row": 3, "col": 17, "area_m2": 22500.0 }, "geometry": { "type": "Polygon", "coordinates": [ [ [ -87.71720064018696, 41.869575296457306 ], [ -87.717187671697801, 41.870925742357514 ], [ -87.715380894193359, 41.870916034736354 ], [ -87.715393900705266, 41.869565589293423 ], [ -87.71720064018696, 41.869575296457306 ] ] ] } },
{ "type": "Feature", "properties": { "cell_id": "c0003_0018", "row": 3, "col": 18, "area_m2": 22500.0 }, "geometry": { "type": "Polygon", "coordinates": [ [ [ -87.715393900705266, 41.869565589293423 ], [ -87.715380894193359, 41.870916034736354 ], [ -87.713574117578489, 41.870906298693278 ], [ -87.713587162113043, 41.869555853708995 ], [ -87.715393900705266, 41.869565589293423 ] ] ] } },
{ "type": "Feature", "properties": { "cell_id": "c0003_0019", "row": 3, "col": 19, "area_m2": 22500.0 }, "geometry": { "type": "Polygon", "coordinates": [ [ [ -87.713587162113043, 41.869555853708995 ], [ -87.713574117578489, 41.870906298693278 ], [ -87.711767341855776, 41.870896534228372 ], [ -87.711780424412936, 41.869546089704045 ], [ -87.713587162113043, 41.869555853708995 ] ] ] } },
{ "type": "Feature", "properties": { "cell_id": "c0003_0020", "row": 3, "col": 20, "area_m2": 22500.0 }, "geometry": { "type": "Polygon", "coordinates": [ [ [ -87.711780424412936, 41.869546089704045 ], [ -87.711767341855776, 41.870896534228372 ], [ -87.709960567027821, 41.870886741341636 ], [ -87.709973687607516, 41.869536297278614 ], [ -87.711780424412936, 41.869546089704045 ] ] ] } },
{ "type": "Feature", "properties": { "cell_id": "c0003_0021", "row": 3, "col": 21, "area_m2": 22500.0 }, "geometry": { "type": "Polygon", "coordinates": [ [ [ -87.709973687607516, 41.869536297278614 ], [ -87.709960567027821, 41.870886741341636 ], [ -87.708153793097225, 41.870876920033126 ], [ -87.708166951699368, 41.869526476432746 ], [ -87.709973687607516, 41.869536297278614 ] ] ] } },
{ "type": "Feature", "properties": { "cell_id": "c0003_0022", "row": 3, "col": 22, "area_m2": 22500.0 }, "geometry": { "type": "Polygon", "coordinates": [ [ [ -87.708166951699368, 41.869526476432746 ], [ -87.708153793097225, 41.870876920033126 ], [ -87.706347020066588, 41.870867070302879 ], [ -87.70636021669111, 41.869516627166483 ], [ -87.708166951699368, 41.869526476432746 ] ] ] } },
{ "type": "Feature", "properties": { "cell_id": "c0003_0023", "row": 3, "col": 23, "area_m2": 22500.0 }, "geometry": { "type": "Polygon", "coordinates": [ [ [ -87.70636021669111, 41.869516627166483 ], [ -87.706347020066588, 41.870867070302879 ], [ -87.704540247938496, 41.870857192150929 ], [ -87.704553482585354, 41.869506749479868 ], [ -87.70636021669111, 41.869516627166483 ] ] ] } },
{ "type": "Feature", "properties": { "cell_id": "c0003_0024", "row": 3, "col": 24, "area_m2": 22500.0 }, "geometry": { "type": "Polygon", "coordinates": [ [ [ -87.704553482585354, 41.869506749479868 ], [ -87.704540247938496, 41.870857192150929 ], [ -87.702733476715593, 41.870847285577341 ], [ -87.702746749384673, 41.869496843372929 ], [ -87.704553482585354, 41.869506749479868 ] ] ] } },
{ "type": "Feature", "properties": { "cell_id": "c0003_0025", "row": 3, "col": 25, "area_m2": 22500.0 }, "geometry": { "type": "Polygon", "coordinates": [ [ [ -87.702746749384673, 41.869496843372929 ], [ -87.702733476715593, 41.870847285577341 ], [ -87.700926706400438, 41.870837350582121 ], [ -87.700940017091682, 41.869486908845722 ], [ -87.702746749384673, 41.869496843372929 ] ] ] } },
{ "type": "Feature", "properties": { "cell_id": "c0003_0026", "row": 3, "col": 26, "area_m2": 22500.0 }, "geometry": { "type": "Polygon", "coordinates": [ [ [ -87.700940017091682, 41.869486908845722 ], [ -87.700926706400438, 41.870837350582121 ], [ -87.699119936995629, 41.870827387165342 ], [ -87.699133285708982, 41.869476945898271 ], [ -87.700940017091682, 41.869486908845722 ] ] ] } },
{ "type": "Feature", "properties": { "cell_id": "c0003_0027", "row": 3, "col": 27, "area_m2": 22500.0 }, "geometry": { "type": "Polygon", "coordinates": [ [ [ -87.699133285708982, 41.869476945898271 ], [ -87.699119936995629, 41.870827387165342 ], [ -87.697313168503797, 41.870817395327023 ], [ -87.697326555239172, 41.869466954530637 ], [ -87.699133285708982, 41.869476945898271 ] ] ] } },
{ "type": "Feature", "properties": { "cell_id": "c0003_0028", "row": 3, "col": 28, "area_m2": 22500.0 }, "geometry": { "type": "Polygon", "coordinates": [ [ [ -87.697326555239172, 41.869466954530637 ], [ -87.697313168503797, 41.870817395327023 ], [ -87.695506400927513, 41.870807375067201 ], [ -87.695519825684855, 41.869456934742828 ], [ -87.697326555239172, 41.869466954530637 ] ] ] } },
{ "type": "Feature", "properties": { "cell_id": "c0003_0029", "row": 3, "col": 29, "area_m2": 22500.0 }, "geometry": { "type": "Polygon", "coordinates": [ [ [ -87.695519825684855, 41.869456934742828 ], [ -87.695506400927513, 41.870807375067201 ], [ -87.693699634269393, 41.870797326385947 ], [ -87.693713097048615, 41.869446886534924 ], [ -87.695519825684855, 41.869456934742828 ] ] ] } },
{ "type": "Feature", "properties": { "cell_id": "c0003_0030", "row": 3, "col": 30, "area_m2": 22500.0 }, "geometry": { "type": "Polygon", "coordinates": [ [ [ -87.693713097048615, 41.869446886534924 ], [ -87.693699634269393, 41.870797326385947 ], [ -87.691892868532037, 41.870787249283261 ], [ -87.691906369333054, 41.869436809906937 ], [ -87.693713097048615, 41.869446886534924 ] ] ] } },
{ "type": "Feature", "properties": { "cell_id": "c0003_0031", "row": 3, "col": 31, "area_m2": 22500.0 }, "geometry": { "type": "Polygon", "coordinates": [ [ [ -87.691906369333054, 41.869436809906937 ], [ -87.691892868532037, 41.870787249283261 ], [ -87.690086103718045, 41.87077714375922 ], [ -87.690099642540801, 41.869426704858931 ], [ -87.691906369333054, 41.869436809906937 ] ] ] } },
{ "type": "Feature", "properties": { "cell_id": "c0003_0032", "row": 3, "col": 32, "area_m2": 22500.0 }, "geometry": { "type": "Polygon", "coordinates": [ [ [ -87.690099642540801, 41.869426704858931 ], [ -87.690086103718045, 41.87077714375922 ], [ -87.68827933982999, 41.870767009813832 ], [ -87.688292916674413, 41.869416571390914 ], [ -87.690099642540801, 41.869426704858931 ] ] ] } },
{ "type": "Feature", "properties": { "cell_id": "c0003_0033", "row": 3, "col": 33, "area_m2": 22500.0 }, "geometry": { "type": "Polygon", "coordinates": [ [ [ -87.688292916674413, 41.869416571390914 ], [ -87.68827933982999, 41.870767009813832 ], [ -87.686472576870514, 41.870756847447169 ], [ -87.68648619173652, 41.869406409502965 ], [ -87.688292916674413, 41.869416571390914 ] ] ] } },
{ "type": "Feature", "properties": { "cell_id": "c0003_0034", "row": 3, "col": 34, "area_m2": 4291.8350736318062 }, "geometry": { "type": "Polygon", "coordinates": [ [ [ -87.68648619173652, 41.869406409502965 ], [ -87.686472576870514, 41.870756847447169 ], [ -87.686152953533437, 41.870755046726124 ], [ -87.686148000087044, 41.870572292518972 ], [ -87.686142438599646, 41.870410240804866 ], [ -87.686140576588485, 41.870249005904022 ], [ -87.686139459291823, 41.870152346876765 ], [ -87.686130569918561, 41.869901664660588 ], [ -87.686123759560672, 41.86969959381225 ], [ -87.686117711003021, 41.869520277986204 ], [ -87.686114046698123, 41.869404312850236 ], [ -87.68648619173652, 41.869406409502965 ] ] ] } },
{ "type": "Feature", "properties": { "cell_id": "c0004_0001", "row": 4, "col": 1, "area_m2": 8060.6262332415708 }, "geometry": { "type": "Polygon", "coordinates": [ [ [ -87.744277040255582, 41.872418398298322 ], [ -87.744289439243303, 41.871067946021029 ], [ -87.74492460515539, 41.871071202046622 ], [ -87.744925506400435, 41.871184147741339 ], [ -87.744926802279636, 41.871346646668592 ], [ -87.744927553907019, 41.871440830982245 ], [ -87.744930419646721, 41.871799919959116 ], [ -87.74493117481579, 41.871894629190656 ], [ -87.744932592742344, 41.872072325576518 ], [ -87.744933634720738, 41.872203019474689 ], [ -87.744936645357456, 41.872281658312247 ], [ -87.744942009320454, 41.872421807105212 ], [ -87.744277040255582, 41.872418398298322 ] ] ] } },
{ "type": "Feature", "properties": { "cell_id": "c0004_0002", "row": 4, "col": 2, "area_m2": 22500.0 }, "geometry": { "type": "Polygon", "coordinates": [ [ [ -87.744289439243303, 41.871067946021029 ], [ -87.744277040255582, 41.872418398298322 ], [ -87.742470211693416, 41.872409116573031 ], [ -87.742482648707508, 41.871058664732971 ], [ -87.744289439243303, 41.871067946021029 ] ] ] } },
{ "type": "Feature", "properties": { "cell_id": "c0004_0003", "row": 4, "col": 3, "area_m2": 22500.0 }, "geometry": { "type": "Polygon", "coordinates": [ [ [ -87.742482648707508, 41.871058664732971 ], [ -87.742470211693416, 41.872409116573031 ], [ -87.740663383981868, 41.872399806423928 ], [ -87.740675859022247, 41.871049355022429 ], [ -87.742482648707508, 41.871058664732971 ] ] ] } },
{ "type": "Feature", "properties": { "cell_id": "c0004_0004", "row": 4, "col": 4, "area_m2": 22500.0 }, "geometry": { "type": "Polygon", "coordinates": [ [ [ -87.740675859022247, 41.871049355022429 ], [ -87.740663383981868, 41.872399806423928 ], [ -87.73885655712354, 41.872390467851048 ], [ -87.738869070190162, 41.871040016889452 ], [ -87.740675859022247, 41.871049355022429 ] ] ] } },
{ "type": "Feature", "properties": { "cell_id": "c0004_0005", "row": 4, "col": 5, "area_m2": 22500.0 }, "geometry": { "type": "Polygon", "coordinates": [ [ [ -87.738869070190162, 41.871040016889452 ], [ -87.73885655712354, 41.872390467851048 ], [ -87.737049731121033, 41.872381100854419 ], [ -87.737062282213827, 41.871030650334077 ], [ -87.738869070190162, 41.871040016889452 ] ] ] } },
{ "type": "Feature", "properties": { "cell_id": "c0004_0006", "row": 4, "col": 6, "area_m2": 22500.0 }, "geometry": { "type": "Polygon", "coordinates": [ [ [ -87.737062282213827, 41.871030650334077 ], [ -87.737049731121033, 41.872381100854419 ], [ -87.735242905976961, 41.872371705434098 ], [ -87.735255495095856, 41.871021255356339 ], [ -87.737062282213827, 41.871030650334077 ] ] ] } },
{ "type": "Feature", "properties": { "cell_id": "c0004_0007", "row": 4, "col": 7, "area_m2": 22500.0 }, "geometry": { "type": "Polygon", "coordinates": [ [ [ -87.735255495095856, 41.871021255356339 ], [ -87.735242905976961, 41.872371705434098 ], [ -87.733436081693924, 41.872362281590107 ], [ -87.73344870883885, 41.871011831956281 ], [ -87.735255495095856, 41.871021255356339 ] ] ] } },
{ "type": "Feature", "properties": { "cell_id": "c0004_0008", "row": 4, "col": 8, "area_m2": 22500.0 }, "geometry": { "type": "Polygon", "coordinates": [ [ [ -87.73344870883885, 41.871011831956281 ], [ -87.733436081693924, 41.872362281590107 ], [ -87.731629258274495, 41.872352829322502 ], [ -87.73164192344538, 41.871002380133923 ], [ -87.73344870883885, 41.871011831956281 ] ] ] } },
{ "type": "Feature", "properties": { "cell_id": "c0004_0009", "row": 4, "col": 9, "area_m2": 22500.0 }, "geometry": { "type": "Polygon", "coordinates": [ [ [ -87.73164192344538, 41.871002380133923 ], [ -87.731629258274495, 41.872352829322502 ], [ -87.729822435721289, 41.872343348631311 ], [ -87.729835138918077, 41.87099289988933 ], [ -87.73164192344538, 41.871002380133923 ] ] ] } },
{ "type": "Feature", "properties": { "cell_id": "c0004_0010", "row": 4, "col": 10, "area_m2": 22500.0 }, "geometry": { "type": "Polygon", "coordinates": [ [ [ -87.729835138918077, 41.87099289988933 ], [ -87.729822435721289, 41.872343348631311 ], [ -87.72801561403692, 41.872333839516564 ], [ -87.728028355259539, 41.870983391222524 ], [ -87.729835138918077, 41.87099289988933 ] ] ] } },
{ "type": "Feature", "properties": { "cell_id": "c0004_0011", "row": 4, "col": 11, "area_m2": 22500.0 }, "geometry": { "type": "Polygon", "coordinates": [ [ [ -87.728028355259539, 41.870983391222524 ], [ -87.72801561403692, 41.872333839516564 ], [ -87.726208793223989, 41.872324301978317 ], [ -87.726221572472355, 41.87097385413356 ], [ -87.728028355259539, 41.870983391222524 ] ] ] } },
{ "type": "Feature", "properties": { "cell_id": "c0004_0012", "row": 4, "col": 12, "area_m2": 22500.0 }, "geometry": { "type": "Polygon", "coordinates": [ [ [ -87.726221572472355, 41.87097385413356 ], [ -87.726208793223989, 41.872324301978317 ], [ -87.724401973285055, 41.872314736016598 ], [ -87.724414790559123, 41.870964288622446 ], [ -87.726221572472355, 41.87097385413356 ] ] ] } },
{ "type": "Feature", "properties": { "cell_id": "c0004_0013", "row": 4, "col": 13, "area_m2": 22500.0 }, "geometry": { "type": "Polygon", "coordinates": [ [ [ -87.724414790559123, 41.870964288622446 ], [ -87.724401973285055, 41.872314736016598 ], [ -87.722595154222773, 41.87230514163145 ], [ -87.722608009522446, 41.87095469468926 ], [ -87.724414790559123, 41.870964288622446 ] ] ] } },
{ "type": "Feature", "properties": { "cell_id": "c0004_0014", "row": 4, "col": 14, "area_m2": 22500.0 }, "geometry": { "type": "Polygon", "coordinates": [ [ [ -87.722608009522446, 41.87095469468926 ], [ -87.722595154222773, 41.87230514163145 ], [ -87.720788336039718, 41.872295518822916 ], [ -87.720801229364938, 41.870945072334017 ], [ -87.722608009522446, 41.87095469468926 ] ] ] } },
{ "type": "Feature", "properties": { "cell_id": "c0004_0015", "row": 4, "col": 15, "area_m2": 22500.0 }, "geometry": { "type": "Polygon", "coordinates": [ [ [ -87.720801229364938, 41.870945072334017 ], [ -87.720788336039718, 41.872295518822916 ], [ -87.718981518738488, 41.87228586759101 ], [ -87.718994450089198, 41.870935421556752 ], [ -87.720801229364938, 41.870945072334017 ] ] ] } },
{ "type": "Feature", "properties": { "cell_id": "c0004_0016", "row": 4, "col": 16, "area_m2": 22500.0 }, "geometry": { "type": "Polygon", "coordinates": [ [ [ -87.718994450089198, 41.870935421556752 ], [ -87.718981518738488, 41.87228586759101 ], [ -87.717174702321685, 41.87227618793581 ], [ -87.717187671697801, 41.870925742357514 ], [ -87.718994450089198, 41.870935421556752 ] ] ] } },
{ "type": "Feature", "properties": { "cell_id": "c0004_0017", "row": 4, "col": 17, "area_m2": 22500.0 }, "geometry": { "type": "Polygon", "coordinates": [ [ [ -87.717187671697801, 41.870925742357514 ], [ -87.717174702321685, 41.87227618793581 ], [ -87.71536788679191, 41.872266479857331 ], [ -87.715380894193359, 41.870916034736354 ], [ -87.717187671697801, 41.870925742357514 ] ] ] } },
{ "type": "Feature", "properties": { "cell_id": "c0004_0018", "row": 4, "col": 18, "area_m2": 22500.0 }, "geometry": { "type": "Polygon", "coordinates": [ [ [ -87.715380894193359, 41.870916034736354 ], [ -87.71536788679191, 41.872266479857331 ], [ -87.713561072151762, 41.872256743355621 ], [ -87.713574117578489, 41.870906298693278 ], [ -87.715380894193359, 41.870916034736354 ] ] ] } },
{ "type": "Feature", "properties": { "cell_id": "c0004_0019", "row": 4, "col": 19, "area_m2": 22500.0 }, "geometry": { "type": "Polygon", "coordinates": [ [ [ -87.713574117578489, 41.870906298693278 ], [ -87.713561072151762, 41.872256743355621 ], [ -87.711754258403857, 41.872246978430717 ], [ -87.711767341855776, 41.870896534228372 ], [ -87.713574117578489, 41.870906298693278 ] ] ] } },
{ "type": "Feature", "properties": { "cell_id": "c0004_0020", "row": 4, "col": 20, "area_m2": 22500.0 }, "geometry": { "type": "Polygon", "coordinates": [ [ [ -87.711767341855776, 41.870896534228372 ], [ -87.711754258403857, 41.872246978430717 ], [ -87.709947445550767, 41.872237185082646 ], [ -87.709960567027821, 41.870886741341636 ], [ -87.711767341855776, 41.870896534228372 ] ] ] } },
{ "type": "Feature", "properties": { "cell_id": "c0004_0021", "row": 4, "col": 21, "area_m2": 22500.0 }, "geometry": { "type": "Polygon", "coordinates": [ [ [ -87.709960567027821, 41.870886741341636 ], [ -87.709947445550767, 41.872237185082646 ], [ -87.708140633595121, 41.872227363311481 ], [ -87.708153793097225, 41.870876920033126 ], [ -87.709960567027821, 41.870886741341636 ] ] ] } },
{ "type": "Feature", "properties": { "cell_id": "c0004_0022", "row": 4, "col": 22, "area_m2": 22500.0 }, "geometry": { "type": "Polygon", "coordinates": [ [ [ -87.708153793097225, 41.870876920033126 ], [ -87.708140633595121, 41.872227363311481 ], [ -87.706333822539492, 41.872217513117221 ], [ -87.706347020066588, 41.870867070302879 ], [ -87.708153793097225, 41.870876920033126 ] ] ] } },
{ "type": "Feature", "properties": { "cell_id": "c0004_0023", "row": 4, "col": 23, "area_m2": 22500.0 }, "geometry": { "type": "Polygon", "coordinates": [ [ [ -87.706347020066588, 41.870867070302879 ], [ -87.706333822539492, 41.872217513117221 ], [ -87.704527012386492, 41.872207634499944 ], [ -87.704540247938496, 41.870857192150929 ], [ -87.706347020066588, 41.870867070302879 ] ] ] } },
{ "type": "Feature", "properties": { "cell_id": "c0004_0024", "row": 4, "col": 24, "area_m2": 22500.0 }, "geometry": { "type": "Polygon", "coordinates": [ [ [ -87.704540247938496, 41.870857192150929 ], [ -87.704527012386492, 41.872207634499944 ], [ -87.702720203138739, 41.872197727459664 ], [ -87.702733476715593, 41.870847285577341 ], [ -87.704540247938496, 41.870857192150929 ] ] ] } },
{ "type": "Feature", "properties": { "cell_id": "c0004_0025", "row": 4, "col": 25, "area_m2": 22500.0 }, "geometry": { "type": "Polygon", "coordinates": [ [ [ -87.702733476715593, 41.870847285577341 ], [ -87.702720203138739, 41.872197727459664 ], [ -87.700913394798818, 41.872187791996431 ], [ -87.700926706400438, 41.870837350582121 ], [ -87.702733476715593, 41.870847285577341 ] ] ] } },
{ "type": "Feature", "properties": { "cell_id": "c0004_0026", "row": 4, "col": 26, "area_m2": 22500.0 }, "geometry": { "type": "Polygon", "coordinates": [ [ [ -87.700926706400438, 41.870837350582121 ], [ -87.700913394798818, 41.872187791996431 ], [ -87.699106587369329, 41.872177828110274 ], [ -87.699119936995629, 41.870827387165342 ], [ -87.700926706400438, 41.870837350582121 ] ] ] } },
{ "type": "Feature", "properties": { "cell_id": "c0004_0027", "row": 4, "col": 27, "area_m2": 22500.0 }, "geometry": { "type": "Polygon", "coordinates": [ [ [ -87.699119936995629, 41.870827387165342 ], [ -87.699106587369329, 41.872177828110274 ], [ -87.697299780852845, 41.872167835801264 ], [ -87.697313168503797, 41.870817395327023 ], [ -87.699119936995629, 41.870827387165342 ] ] ] } },
{ "type": "Feature", "properties": { "cell_id": "c0004_0028", "row": 4, "col": 28, "area_m2": 22500.0 }, "geometry": { "type": "Polygon", "coordinates": [ [ [ -87.697313168503797, 41.870817395327023 ], [ -87.697299780852845, 41.872167835801264 ], [ -87.695492975252023, 41.872157815069414 ], [ -87.695506400927513, 41.870807375067201 ], [ -87.697313168503797, 41.870817395327023 ] ] ] } },
{ "type": "Feature", "properties": { "cell_id": "c0004_0029", "row": 4, "col": 29, "area_m2": 22500.0 }, "geometry": { "type": "Polygon", "coordinates": [ [ [ -87.695506400927513, 41.870807375067201 ], [ -87.695492975252023, 41.872157815069414 ], [ -87.693686170569421, 41.872147765914775 ], [ -87.693699634269393, 41.870797326385947 ], [ -87.695506400927513, 41.870807375067201 ] ] ] } },
{ "type": "Feature", "properties": { "cell_id": "c0004_0030", "row": 4, "col": 30, "area_m2": 22500.0 }, "geometry": { "type": "Polygon", "coordinates": [ [ [ -87.693699634269393, 41.870797326385947 ], [ -87.693686170569421, 41.872147765914775 ], [ -87.691879366807669, 41.872137688337382 ], [ -87.691892868532037, 41.870787249283261 ], [ -87.693699634269393, 41.870797326385947 ] ] ] } },
{ "type": "Feature", "properties": { "cell_id": "c0004_0031", "row": 4, "col": 31, "area_m2": 22500.0 }, "geometry": { "type": "Polygon", "coordinates": [ [ [ -87.691892868532037, 41.870787249283261 ], [ -87.691879366807669, 41.872137688337382 ], [ -87.690072563969323, 41.872127582337278 ], [ -87.690086103718045, 41.87077714375922 ], [ -87.691892868532037, 41.870787249283261 ] ] ] } },
{ "type": "Feature", "properties": { "cell_id": "c0004_0032", "row": 4, "col": 32, "area_m2": 22500.0 }, "geometry": { "type": "Polygon", "coordinates": [ [ [ -87.690086103718045, 41.87077714375922 ], [ -87.690072563969323, 41.872127582337278 ], [ -87.688265762057028, 41.872117447914505 ], [ -87.68827933982999, 41.870767009813832 ], [ -87.690086103718045, 41.87077714375922 ] ] ] } },
{ "type": "Feature", "properties": { "cell_id": "c0004_0033", "row": 4, "col": 33, "area_m2": 22500.0 }, "geometry": { "type": "Polygon", "coordinates": [ [ [ -87.68827933982999, 41.870767009813832 ], [ -87.688265762057028, 41.872117447914505 ], [ -87.68645896107337, 41.87210728506912 ], [ -87.686472576870514, 41.870756847447169 ], [ -87.68827933982999, 41.870767009813832 ] ] ] } },
{ "type": "Feature", "properties": { "cell_id": "c0004_0034", "row": 4, "col": 34, "area_m2": 3659.1676021403832 }, "geometry": { "type": "Polygon", "coordinates": [ [ [ -87.686472576870514, 41.870756847447169 ], [ -87.68645896107337, 41.87210728506912 ], [ -87.686188650426743, 41.872105762188433 ], [ -87.686188030859157, 41.872070879479807 ], [ -87.686185105141519, 41.871905933756516 ], [ -87.686179217900133, 41.871681585555102 ], [ -87.6861725186032, 41.871439340255158 ], [ -87.686169420838667, 41.871328591464703 ], [ -87.686164710700083, 41.871160233205174 ], [ -87.686161994325332, 41.871063153681774 ], [ -87.686154582365972, 41.870815141275123 ], [ -87.686152953533437, 41.870755046726124 ], [ -87.686472576870514, 41.870756847447169 ] ] ] } },
{ "type": "Feature", "properties": { "cell_id": "c0005_0001", "row": 5, "col": 1, "area_m2": 8985.7325580188735 }, "geometry": { "type": "Polygon", "coordinates": [ [ [ -87.744264640419843, 41.873768850253938 ], [ -87.744277040255582, 41.872418398298322 ], [ -87.744942009320454, 41.872421807105212 ], [ -87.744943409676821, 41.872458395312862 ], [ -87.744967729970753, 41.87264908038734 ], [ -87.74497287638566, 41.87269554020564 ], [ -87.744983463231165, 41.872791093908837 ], [ -87.74499251120352, 41.87295763451737 ], [ -87.744998442564636, 41.873140503102711 ], [ -87.745003674384733, 41.873301793192638 ], [ -87.745011684570287, 41.873469344048068 ], [ -87.745017561754509, 41.873637239626525 ], [ -87.745022645689517, 41.873772735783227 ], [ -87.744264640419843, 41.873768850253938 ] ] ] } },
{ "type": "Feature", "properties": { "cell_id": "c0005_0002", "row": 5, "col": 2, "area_m2": 22500.0 }, "geometry": { "type": "Polygon", "coordinates": [ [ [ -87.744277040255582, 41.872418398298322 ], [ -87.744264640419843, 41.873768850253938 ], [ -87.742457773828704, 41.873759568091394 ], [ -87.742470211693416, 41.872409116573031 ], [ -87.744277040255582, 41.872418398298322 ] ] ] } },
{ "type": "Feature", "properties": { "cell_id": "c0005_0003", "row": 5, "col": 3, "area_m2": 22500.0 }, "geometry": { "type": "Polygon", "coordinates": [ [ [ -87.742470211693416, 41.872409116573031 ], [ -87.742457773828704, 41.873759568091394 ], [ -87.740650908088242, 41.873750257503708 ], [ -87.740663383981868, 41.872399806423928 ], [ -87.742470211693416, 41.872409116573031 ] ] ] } },
{ "type": "Feature", "properties": { "cell_id": "c0005_0004", "row": 5, "col": 4, "area_m2": 22500.0 }, "geometry": { "type": "Polygon", "coordinates": [ [ [ -87.740663383981868, 41.872399806423928 ], [ -87.740650908088242, 41.873750257503708 ], [ -87.738844043201084, 41.873740918490903 ], [ -87.73885655712354, 41.872390467851048 ], [ -87.740663383981868, 41.872399806423928 ] ] ] } },
{ "type": "Feature", "properties": { "cell_id": "c0005_0005", "row": 5, "col": 5, "area_m2": 22500.0 }, "geometry": { "type": "Polygon", "coordinates": [ [ [ -87.73885655712354, 41.872390467851048 ], [ -87.738844043201084, 41.873740918490903 ], [ -87.737037179169818, 41.873731551053012 ], [ -87.737049731121033, 41.872381100854419 ], [ -87.73885655712354, 41.872390467851048 ] ] ] } },
{ "type": "Feature", "properties": { "cell_id": "c0005_0006", "row": 5, "col": 6, "area_m2": 22500.0 }, "geometry": { "type": "Polygon", "coordinates": [ [ [ -87.737049731121033, 41.872381100854419 ], [ -87.737037179169818, 41.873731551053012 ], [ -87.735230315997043, 41.873722155190087 ], [ -87.735242905976961, 41.872371705434098 ], [ -87.737049731121033, 41.872381100854419 ] ] ] } },
{ "type": "Feature", "properties": { "cell_id": "c0005_0007", "row": 5, "col": 7, "area_m2": 22500.0 }, "geometry": { "type": "Polygon", "coordinates": [ [ [ -87.735242905976961, 41.872371705434098 ], [ -87.735230315997043, 41.873722155190087 ], [ -87.733423453685361, 41.87371273090217 ], [ -87.733436081693924, 41.872362281590107 ], [ -87.735242905976961, 41.872371705434098 ] ] ] } },
{ "type": "Feature", "properties": { "cell_id": "c0005_0008", "row": 5, "col": 8, "area_m2": 22500.0 }, "geometry": { "type": "Polygon", "coordinates": [ [ [ -87.733436081693924, 41.872362281590107 ], [ -87.733423453685361, 41.87371273090217 ], [ -87.731616592237373, 41.873703278189275 ], [ -87.731629258274495, 41.872352829322502 ], [ -87.733436081693924, 41.872362281590107 ] ] ] } },
{ "type": "Feature", "properties": { "cell_id": "c0005_0009", "row": 5, "col": 9, "area_m2": 22500.0 }, "geometry": { "type": "Polygon", "coordinates": [ [ [ -87.731629258274495, 41.872352829322502 ], [ -87.731616592237373, 41.873703278189275 ], [ -87.729809731655692, 41.873693797051466 ], [ -87.729822435721289, 41.872343348631311 ], [ -87.731629258274495, 41.872352829322502 ] ] ] } },
{ "type": "Feature", "properties": { "cell_id": "c0005_0010", "row": 5, "col": 10, "area_m2": 22500.0 }, "geometry": { "type": "Polygon", "coordinates": [ [ [ -87.729822435721289, 41.872343348631311 ], [ -87.729809731655692, 41.873693797051466 ], [ -87.728002871942891, 41.873684287488764 ], [ -87.72801561403692, 41.872333839516564 ], [ -87.729822435721289, 41.872343348631311 ] ] ] } },
{ "type": "Feature", "properties": { "cell_id": "c0005_0011", "row": 5, "col": 11, "area_m2": 22500.0 }, "geometry": { "type": "Polygon", "coordinates": [ [ [ -87.72801561403692, 41.872333839516564 ], [ -87.728002871942891, 41.873684287488764 ], [ -87.726196013101585, 41.873674749501227 ], [ -87.726208793223989, 41.872324301978317 ], [ -87.72801561403692, 41.872333839516564 ] ] ] } },
{ "type": "Feature", "properties": { "cell_id": "c0005_0012", "row": 5, "col": 12, "area_m2": 22500.0 }, "geometry": { "type": "Polygon", "coordinates": [ [ [ -87.726208793223989, 41.872324301978317 ], [ -87.726196013101585, 41.873674749501227 ], [ -87.724389155134375, 41.87366518308886 ], [ -87.724401973285055, 41.872314736016598 ], [ -87.726208793223989, 41.872324301978317 ] ] ] } },
{ "type": "Feature", "properties": { "cell_id": "c0005_0013", "row": 5, "col": 13, "area_m2": 22500.0 }, "geometry": { "type": "Polygon", "coordinates": [ [ [ -87.724401973285055, 41.872314736016598 ], [ -87.724389155134375, 41.87366518308886 ], [ -87.722582298043875, 41.873655588251737 ], [ -87.722595154222773, 41.87230514163145 ], [ -87.724401973285055, 41.872314736016598 ] ] ] } },
{ "type": "Feature", "properties": { "cell_id": "c0005_0014", "row": 5, "col": 14, "area_m2": 22500.0 }, "geometry": { "type": "Polygon", "coordinates": [ [ [ -87.722595154222773, 41.87230514163145 ], [ -87.722582298043875, 41.873655588251737 ], [ -87.720775441832657, 41.87364596498989 ], [ -87.720788336039718, 41.872295518822916 ], [ -87.722595154222773, 41.87230514163145 ] ] ] } },
{ "type": "Feature", "properties": { "cell_id": "c0005_0015", "row": 5, "col": 15, "area_m2": 22500.0 }, "geometry": { "type": "Polygon", "coordinates": [ [ [ -87.720788336039718, 41.872295518822916 ], [ -87.720775441832657, 41.87364596498989 ], [ -87.718968586503351, 41.873636313303351 ], [ -87.718981518738488, 41.87228586759101 ], [ -87.720788336039718, 41.872295518822916 ] ] ] } },
{ "type": "Feature", "properties": { "cell_id": "c0005_0016", "row": 5, "col": 16, "area_m2": 22500.0 }, "geometry": { "type": "Polygon", "coordinates": [ [ [ -87.718981518738488, 41.87228586759101 ], [ -87.718968586503351, 41.873636313303351 ], [ -87.717161732058543, 41.873626633192146 ], [ -87.717174702321685, 41.87227618793581 ], [ -87.718981518738488, 41.87228586759101 ] ] ] } },
{ "type": "Feature", "properties": { "cell_id": "c0005_0017", "row": 5, "col": 17, "area_m2": 22500.0 }, "geometry": { "type": "Polygon", "coordinates": [ [ [ -87.717174702321685, 41.87227618793581 ], [ -87.717161732058543, 41.873626633192146 ], [ -87.715354878500818, 41.873616924656339 ], [ -87.71536788679191, 41.872266479857331 ], [ -87.717174702321685, 41.87227618793581 ] ] ] } },
{ "type": "Feature", "properties": { "cell_id": "c0005_0018", "row": 5, "col": 18, "area_m2": 22500.0 }, "geometry": { "type": "Polygon", "coordinates": [ [ [ -87.71536788679191, 41.872266479857331 ], [ -87.715354878500818, 41.873616924656339 ], [ -87.713548025832807, 41.87360718769596 ], [ -87.713561072151762, 41.872256743355621 ], [ -87.71536788679191, 41.872266479857331 ] ] ] } },
{ "type": "Feature", "properties": { "cell_id": "c0005_0019", "row": 5, "col": 19, "area_m2": 22500.0 }, "geometry": { "type": "Polygon", "coordinates": [ [ [ -87.713561072151762, 41.872256743355621 ], [ -87.713548025832807, 41.87360718769596 ], [ -87.711741174057096, 41.87359742231105 ], [ -87.711754258403857, 41.872246978430717 ], [ -87.713561072151762, 41.872256743355621 ] ] ] } },
{ "type": "Feature", "properties": { "cell_id": "c0005_0020", "row": 5, "col": 20, "area_m2": 22500.0 }, "geometry": { "type": "Polygon", "coordinates": [ [ [ -87.711754258403857, 41.872246978430717 ], [ -87.711741174057096, 41.87359742231105 ], [ -87.709934323176284, 41.873587628501632 ], [ -87.709947445550767, 41.872237185082646 ], [ -87.711754258403857, 41.872246978430717 ] ] ] } },
{ "type": "Feature", "properties": { "cell_id": "c0005_0021", "row": 5, "col": 21, "area_m2": 22500.0 }, "geometry": { "type": "Polygon", "coordinates": [ [ [ -87.709947445550767, 41.872237185082646 ], [ -87.709934323176284, 41.873587628501632 ], [ -87.708127473192974, 41.873577806267775 ], [ -87.708140633595121, 41.872227363311481 ], [ -87.709947445550767, 41.872237185082646 ] ] ] } },
{ "type": "Feature", "properties": { "cell_id": "c0005_0022", "row": 5, "col": 22, "area_m2": 22500.0 }, "geometry": { "type": "Polygon", "coordinates": [ [ [ -87.708140633595121, 41.872227363311481 ], [ -87.708127473192974, 41.873577806267775 ], [ -87.706320624109765, 41.873567955609502 ], [ -87.706333822539492, 41.872217513117221 ], [ -87.708140633595121, 41.872227363311481 ] ] ] } },
{ "type": "Feature", "properties": { "cell_id": "c0005_0023", "row": 5, "col": 23, "area_m2": 22500.0 }, "geometry": { "type": "Polygon", "coordinates": [ [ [ -87.706333822539492, 41.872217513117221 ], [ -87.706320624109765, 41.873567955609502 ], [ -87.704513775929257, 41.873558076526855 ], [ -87.704527012386492, 41.872207634499944 ], [ -87.706333822539492, 41.872217513117221 ] ] ] } },
{ "type": "Feature", "properties": { "cell_id": "c0005_0024", "row": 5, "col": 24, "area_m2": 22500.0 }, "geometry": { "type": "Polygon", "coordinates": [ [ [ -87.704527012386492, 41.872207634499944 ], [ -87.704513775929257, 41.873558076526855 ], [ -87.702706928654052, 41.87354816901987 ], [ -87.702720203138739, 41.872197727459664 ], [ -87.704527012386492, 41.872207634499944 ] ] ] } },
{ "type": "Feature", "properties": { "cell_id": "c0005_0025", "row": 5, "col": 25, "area_m2": 22500.0 }, "geometry": { "type": "Polygon", "coordinates": [ [ [ -87.702720203138739, 41.872197727459664 ], [ -87.702706928654052, 41.87354816901987 ], [ -87.700900082286765, 41.873538233088595 ], [ -87.700913394798818, 41.872187791996431 ], [ -87.702720203138739, 41.872197727459664 ] ] ] } },
{ "type": "Feature", "properties": { "cell_id": "c0005_0026", "row": 5, "col": 26, "area_m2": 22500.0 }, "geometry": { "type": "Polygon", "coordinates": [ [ [ -87.700913394798818, 41.872187791996431 ], [ -87.700900082286765, 41.873538233088595 ], [ -87.699093236829967, 41.873528268733075 ], [ -87.699106587369329, 41.872177828110274 ], [ -87.700913394798818, 41.872187791996431 ] ] ] } },
{ "type": "Feature", "properties": { "cell_id": "c0005_0027", "row": 5, "col": 27, "area_m2": 22500.0 }, "geometry": { "type": "Polygon", "coordinates": [ [ [ -87.699106587369329, 41.872177828110274 ], [ -87.699093236829967, 41.873528268733075 ], [ -87.697286392286273, 41.873518275953337 ], [ -87.697299780852845, 41.872167835801264 ], [ -87.699106587369329, 41.872177828110274 ] ] ] } },
{ "type": "Feature", "properties": { "cell_id": "c0005_0028", "row": 5, "col": 28, "area_m2": 22500.0 }, "geometry": { "type": "Polygon", "coordinates": [ [ [ -87.697299780852845, 41.872167835801264 ], [ -87.697286392286273, 41.873518275953337 ], [ -87.695479548658298, 41.873508254749432 ], [ -87.695492975252023, 41.872157815069414 ], [ -87.697299780852845, 41.872167835801264 ] ] ] } },
{ "type": "Feature", "properties": { "cell_id": "c0005_0029", "row": 5, "col": 29, "area_m2": 22500.0 }, "geometry": { "type": "Polygon", "coordinates": [ [ [ -87.695492975252023, 41.872157815069414 ], [ -87.695479548658298, 41.873508254749432 ], [ -87.693672705948615, 41.8734982051214 ], [ -87.693686170569421, 41.872147765914775 ], [ -87.695492975252023, 41.872157815069414 ] ] ] } },
{ "type": "Feature", "properties": { "cell_id": "c0005_0030", "row": 5, "col": 30, "area_m2": 22500.0 }, "geometry": { "type": "Polygon", "coordinates": [ [ [ -87.693686170569421, 41.872147765914775 ], [ -87.693672705948615, 41.8734982051214 ], [ -87.691865864159851, 41.873488127069272 ], [ -87.691879366807669, 41.872137688337382 ], [ -87.693686170569421, 41.872147765914775 ] ] ] } },
{ "type": "Feature", "properties": { "cell_id": "c0005_0031", "row": 5, "col": 31, "area_m2": 22500.0 }, "geometry": { "type": "Polygon", "coordinates": [ [ [ -87.691879366807669, 41.872137688337382 ], [ -87.691865864159851, 41.873488127069272 ], [ -87.69005902329458, 41.873478020593105 ], [ -87.690072563969323, 41.872127582337278 ], [ -87.691879366807669, 41.872137688337382 ] ] ] } },
{ "type": "Feature", "properties": { "cell_id": "c0005_0032", "row": 5, "col": 32, "area_m2": 22500.0 }, "geometry": { "type": "Polygon", "coordinates": [ [ [ -87.690072563969323, 41.872127582337278 ], [ -87.69005902329458, 41.873478020593105 ], [ -87.688252183355416, 41.873467885692918 ], [ -87.688265762057028, 41.872117447914505 ], [ -87.690072563969323, 41.872127582337278 ] ] ] } },
{ "type": "Feature", "properties": { "cell_id": "c0005_0033", "row": 5, "col": 33, "area_m2": 22500.0 }, "geometry": { "type": "Polygon", "coordinates": [ [ [ -87.688265762057028, 41.872117447914505 ], [ -87.688252183355416, 41.873467885692918 ], [ -87.686445344344975, 41.873457722368762 ], [ -87.68645896107337, 41.87210728506912 ], [ -87.688265762057028, 41.872117447914505 ] ] ] } },
{ "type": "Feature", "properties": { "cell_id": "c0005_0034", "row": 5, "col": 34, "area_m2": 3054.4099429889561 }, "geometry": { "type": "Polygon", "coordinates": [ [ [ -87.68645896107337, 41.87210728506912 ], [ -87.686445344344975, 41.873457722368762 ], [ -87.686226627853785, 41.873456490177141 ], [ -87.686225735176038, 41.873426695629064 ], [ -87.686220918207113, 41.873265911371213 ], [ -87.686213653155676, 41.87300019467601 ], [ -87.68620997499913, 41.872865655556566 ], [ -87.686199454868458, 41.87254718109196 ], [ -87.686192293274019, 41.872310860186936 ], [ -87.686188650426743, 41.872105762188433 ], [ -87.68645896107337, 41.87210728506912 ] ] ] } },
{ "type": "Feature", "properties": { "cell_id": "c0006_0001", "row": 6, "col": 1, "area_m2": 9814.3230661146044 }, "geometry": { "type": "Polygon", "coordinates": [ [ [ -87.744252239736014, 41.875119301887885 ], [ -87.744264640419843, 41.873768850253938 ], [ -87.745022645689517, 41.873772735783227 ], [ -87.745024495837484, 41.873822045485682 ], [ -87.745027378108958, 41.873920085165437 ], [ -87.7450346821458, 41.874091210340794 ], [ -87.745040494856809, 41.874227399092867 ], [ -87.745042576607531, 41.874376751501295 ], [ -87.745048403087395, 41.874550191142774 ], [ -87.745054310575071, 41.874682878016785 ], [ -87.745057751866796, 41.874755701002996 ], [ -87.745062366843953, 41.874853310187007 ], [ -87.745066780311561, 41.875000222876473 ], [ -87.745070482478596, 41.875123496088754 ], [ -87.744252239736014, 41.875119301887885 ] ] ] } },
{ "type": "Feature", "properties": { "cell_id": "c0006_0002", "row": 6, "col": 2, "area_m2": 22500.0 }, "geometry": { "type": "Polygon", "coordinates": [ [ [ -87.744264640419843, 41.873768850253938 ], [ -87.744252239736014, 41.875119301887885 ], [ -87.742445335113302, 41.87511001928808 ], [ -87.742457773828704, 41.873759568091394 ], [ -87.744264640419843, 41.873768850253938 ] ] ] } },
{ "type": "Feature", "properties": { "cell_id": "c0006_0003", "row": 6, "col": 3, "area_m2": 22500.0 }, "geometry": { "type": "Polygon", "coordinates": [ [ [ -87.742457773828704, 41.873759568091394 ], [ -87.742445335113302, 41.87511001928808 ], [ -87.740638431341353, 41.875100708261783 ], [ -87.740650908088242, 41.873750257503708 ], [ -87.742457773828704, 41.873759568091394 ] ] ] } },
{ "type": "Feature", "properties": { "cell_id": "c0006_0004", "row": 6, "col": 4, "area_m2": 22500.0 }, "geometry": { "type": "Polygon", "coordinates": [ [ [ -87.740650908088242, 41.873750257503708 ], [ -87.740638431341353, 41.875100708261783 ], [ -87.73883152842275, 41.875091368809038 ], [ -87.738844043201084, 41.873740918490903 ], [ -87.740650908088242, 41.873750257503708 ] ] ] } },
{ "type": "Feature", "properties": { "cell_id": "c0006_0005", "row": 6, "col": 5, "area_m2": 22500.0 }, "geometry": { "type": "Polygon", "coordinates": [ [ [ -87.738844043201084, 41.873740918490903 ], [ -87.73883152842275, 41.875091368809038 ], [ -87.73702462636011, 41.875082000929872 ], [ -87.737037179169818, 41.873731551053012 ], [ -87.738844043201084, 41.873740918490903 ] ] ] } },
{ "type": "Feature", "properties": { "cell_id": "c0006_0006", "row": 6, "col": 6, "area_m2": 22500.0 }, "geometry": { "type": "Polygon", "coordinates": [ [ [ -87.737037179169818, 41.873731551053012 ], [ -87.73702462636011, 41.875082000929872 ], [ -87.735217725156033, 41.875072604624322 ], [ -87.735230315997043, 41.873722155190087 ], [ -87.737037179169818, 41.873731551053012 ] ] ] } },
{ "type": "Feature", "properties": { "cell_id": "c0006_0007", "row": 6, "col": 7, "area_m2": 22500.0 }, "geometry": { "type": "Polygon", "coordinates": [ [ [ -87.735230315997043, 41.873722155190087 ], [ -87.735217725156033, 41.875072604624322 ], [ -87.73341082481312, 41.875063179892429 ], [ -87.733423453685361, 41.87371273090217 ], [ -87.735230315997043, 41.873722155190087 ] ] ] } },
{ "type": "Feature", "properties": { "cell_id": "c0006_0008", "row": 6, "col": 8, "area_m2": 22500.0 }, "geometry": { "type": "Polygon", "coordinates": [ [ [ -87.733423453685361, 41.87371273090217 ], [ -87.73341082481312, 41.875063179892429 ], [ -87.731603925333957, 41.875053726734258 ], [ -87.731616592237373, 41.873703278189275 ], [ -87.733423453685361, 41.87371273090217 ] ] ] } },
{ "type": "Feature", "properties": { "cell_id": "c0006_0009", "row": 6, "col": 9, "area_m2": 22500.0 }, "geometry": { "type": "Polygon", "coordinates": [ [ [ -87.731616592237373, 41.873703278189275 ], [ -87.731603925333957, 41.875053726734258 ], [ -87.729797026721172, 41.875044245149802 ], [ -87.729809731655692, 41.873693797051466 ], [ -87.731616592237373, 41.873703278189275 ] ] ] } },
{ "type": "Feature", "properties": { "cell_id": "c0006_0010", "row": 6, "col": 10, "area_m2": 22500.0 }, "geometry": { "type": "Polygon", "coordinates": [ [ [ -87.729809731655692, 41.873693797051466 ], [ -87.729797026721172, 41.875044245149802 ], [ -87.727990128977353, 41.875034735139131 ], [ -87.728002871942891, 41.873684287488764 ], [ -87.729809731655692, 41.873693797051466 ] ] ] } },
{ "type": "Feature", "properties": { "cell_id": "c0006_0011", "row": 6, "col": 11, "area_m2": 22500.0 }, "geometry": { "type": "Polygon", "coordinates": [ [ [ -87.728002871942891, 41.873684287488764 ], [ -87.727990128977353, 41.875034735139131 ], [ -87.726183232105086, 41.875025196702261 ], [ -87.726196013101585, 41.873674749501227 ], [ -87.728002871942891, 41.873684287488764 ] ] ] } },
{ "type": "Feature", "properties": { "cell_id": "c0006_0012", "row": 6, "col": 12, "area_m2": 22500.0 }, "geometry": { "type": "Polygon", "coordinates": [ [ [ -87.726196013101585, 41.873674749501227 ], [ -87.726183232105086, 41.875025196702261 ], [ -87.724376336106985, 41.875015629839254 ], [ -87.724389155134375, 41.87366518308886 ], [ -87.726196013101585, 41.873674749501227 ] ] ] } },
{ "type": "Feature", "properties": { "cell_id": "c0006_0013", "row": 6, "col": 13, "area_m2": 22500.0 }, "geometry": { "type": "Polygon", "coordinates": [ [ [ -87.724389155134375, 41.87366518308886 ], [ -87.724376336106985, 41.875015629839254 ], [ -87.722569440985652, 41.875006034550132 ], [ -87.722582298043875, 41.873655588251737 ], [ -87.724389155134375, 41.87366518308886 ] ] ] } },
{ "type": "Feature", "properties": { "cell_id": "c0006_0014", "row": 6, "col": 14, "area_m2": 22500.0 }, "geometry": { "type": "Polygon", "coordinates": [ [ [ -87.722582298043875, 41.873655588251737 ], [ -87.722569440985652, 41.875006034550132 ], [ -87.7207625467437, 41.874996410834953 ], [ -87.720775441832657, 41.87364596498989 ], [ -87.722582298043875, 41.873655588251737 ] ] ] } },
{ "type": "Feature", "properties": { "cell_id": "c0006_0015", "row": 6, "col": 15, "area_m2": 22500.0 }, "geometry": { "type": "Polygon", "coordinates": [ [ [ -87.720775441832657, 41.87364596498989 ], [ -87.7207625467437, 41.874996410834953 ], [ -87.718955653383702, 41.874986758693744 ], [ -87.718968586503351, 41.873636313303351 ], [ -87.720775441832657, 41.87364596498989 ] ] ] } },
{ "type": "Feature", "properties": { "cell_id": "c0006_0016", "row": 6, "col": 16, "area_m2": 22500.0 }, "geometry": { "type": "Polygon", "coordinates": [ [ [ -87.718968586503351, 41.873636313303351 ], [ -87.718955653383702, 41.874986758693744 ], [ -87.717148760908287, 41.874977078126534 ], [ -87.717161732058543, 41.873626633192146 ], [ -87.718968586503351, 41.873636313303351 ] ] ] } },
{ "type": "Feature", "properties": { "cell_id": "c0006_0017", "row": 6, "col": 17, "area_m2": 22500.0 }, "geometry": { "type": "Polygon", "coordinates": [ [ [ -87.717161732058543, 41.873626633192146 ], [ -87.717148760908287, 41.874977078126534 ], [ -87.715341869320028, 41.87496736913338 ], [ -87.715354878500818, 41.873616924656339 ], [ -87.717161732058543, 41.873626633192146 ] ] ] } },
{ "type": "Feature", "properties": { "cell_id": "c0006_0018", "row": 6, "col": 18, "area_m2": 22500.0 }, "geometry": { "type": "Polygon", "coordinates": [ [ [ -87.715354878500818, 41.873616924656339 ], [ -87.715341869320028, 41.87496736913338 ], [ -87.713534978621553, 41.87495763171431 ], [ -87.713548025832807, 41.87360718769596 ], [ -87.715354878500818, 41.873616924656339 ] ] ] } },
{ "type": "Feature", "properties": { "cell_id": "c0006_0019", "row": 6, "col": 19, "area_m2": 22500.0 }, "geometry": { "type": "Polygon", "coordinates": [ [ [ -87.713548025832807, 41.87360718769596 ], [ -87.713534978621553, 41.87495763171431 ], [ -87.711728088815434, 41.874947865869366 ], [ -87.711741174057096, 41.87359742231105 ], [ -87.713548025832807, 41.87360718769596 ] ] ] } },
{ "type": "Feature", "properties": { "cell_id": "c0006_0020", "row": 6, "col": 20, "area_m2": 22500.0 }, "geometry": { "type": "Polygon", "coordinates": [ [ [ -87.711741174057096, 41.87359742231105 ], [ -87.711728088815434, 41.874947865869366 ], [ -87.709921199904301, 41.874938071598592 ], [ -87.709934323176284, 41.873587628501632 ], [ -87.711741174057096, 41.87359742231105 ] ] ] } },
{ "type": "Feature", "properties": { "cell_id": "c0006_0021", "row": 6, "col": 21, "area_m2": 22500.0 }, "geometry": { "type": "Polygon", "coordinates": [ [ [ -87.709934323176284, 41.873587628501632 ], [ -87.709921199904301, 41.874938071598592 ], [ -87.708114311890739, 41.87492824890203 ], [ -87.708127473192974, 41.873577806267775 ], [ -87.709934323176284, 41.873587628501632 ] ] ] } },
{ "type": "Feature", "properties": { "cell_id": "c0006_0022", "row": 6, "col": 22, "area_m2": 22500.0 }, "geometry": { "type": "Polygon", "coordinates": [ [ [ -87.708127473192974, 41.873577806267775 ], [ -87.708114311890739, 41.87492824890203 ], [ -87.70630742477735, 41.874918397779716 ], [ -87.706320624109765, 41.873567955609502 ], [ -87.708127473192974, 41.873577806267775 ] ] ] } },
{ "type": "Feature", "properties": { "cell_id": "c0006_0023", "row": 6, "col": 23, "area_m2": 22500.0 }, "geometry": { "type": "Polygon", "coordinates": [ [ [ -87.706320624109765, 41.873567955609502 ], [ -87.70630742477735, 41.874918397779716 ], [ -87.70450053856672, 41.874908518231685 ], [ -87.704513775929257, 41.873558076526855 ], [ -87.706320624109765, 41.873567955609502 ] ] ] } },
{ "type": "Feature", "properties": { "cell_id": "c0006_0024", "row": 6, "col": 24, "area_m2": 22500.0 }, "geometry": { "type": "Polygon", "coordinates": [ [ [ -87.704513775929257, 41.873558076526855 ], [ -87.70450053856672, 41.874908518231685 ], [ -87.702693653261477, 41.874898610257979 ], [ -87.702706928654052, 41.87354816901987 ], [ -87.704513775929257, 41.873558076526855 ] ] ] } },
{ "type": "Feature", "properties": { "cell_id": "c0006_0025", "row": 6, "col": 25, "area_m2": 22500.0 }, "geometry": { "type": "Polygon", "coordinates": [ [ [ -87.702706928654052, 41.87354816901987 ], [ -87.702693653261477, 41.874898610257979 ], [ -87.700886768864223, 41.874888673858649 ], [ -87.700900082286765, 41.873538233088595 ], [ -87.702706928654052, 41.87354816901987 ] ] ] } },
{ "type": "Feature", "properties": { "cell_id": "c0006_0026", "row": 6, "col": 26, "area_m2": 22500.0 }, "geometry": { "type": "Polygon", "coordinates": [ [ [ -87.700900082286765, 41.873538233088595 ], [ -87.700886768864223, 41.874888673858649 ], [ -87.699079885377515, 41.87487870903373 ], [ -87.699093236829967, 41.873528268733075 ], [ -87.700900082286765, 41.873538233088595 ] ] ] } },
{ "type": "Feature", "properties": { "cell_id": "c0006_0027", "row": 6, "col": 27, "area_m2": 22500.0 }, "geometry": { "type": "Polygon", "coordinates": [ [ [ -87.699093236829967, 41.873528268733075 ], [ -87.699079885377515, 41.87487870903373 ], [ -87.697273002803996, 41.874868715783258 ], [ -87.697286392286273, 41.873518275953337 ], [ -87.699093236829967, 41.873528268733075 ] ] ] } },
{ "type": "Feature", "properties": { "cell_id": "c0006_0028", "row": 6, "col": 28, "area_m2": 22500.0 }, "geometry": { "type": "Polygon", "coordinates": [ [ [ -87.697286392286273, 41.873518275953337 ], [ -87.697273002803996, 41.874868715783258 ], [ -87.695466121146268, 41.874858694107274 ], [ -87.695479548658298, 41.873508254749432 ], [ -87.697286392286273, 41.873518275953337 ] ] ] } },
{ "type": "Feature", "properties": { "cell_id": "c0006_0029", "row": 6, "col": 29, "area_m2": 22500.0 }, "geometry": { "type": "Polygon", "coordinates": [ [ [ -87.695479548658298, 41.873508254749432 ], [ -87.695466121146268, 41.874858694107274 ], [ -87.693659240406916, 41.874848644005823 ], [ -87.693672705948615, 41.8734982051214 ], [ -87.695479548658298, 41.873508254749432 ] ] ] } },
{ "type": "Feature", "properties": { "cell_id": "c0006_0030", "row": 6, "col": 30, "area_m2": 22500.0 }, "geometry": { "type": "Polygon", "coordinates": [ [ [ -87.693672705948615, 41.8734982051214 ], [ -87.693659240406916, 41.874848644005823 ], [ -87.691852360588527, 41.874838565478932 ], [ -87.691865864159851, 41.873488127069272 ], [ -87.693672705948615, 41.8734982051214 ] ] ] } },
{ "type": "Feature", "properties": { "cell_id": "c0006_0031", "row": 6, "col": 31, "area_m2": 22500.0 }, "geometry": { "type": "Polygon", "coordinates": [ [ [ -87.691865864159851, 41.873488127069272 ], [ -87.691852360588527, 41.874838565478932 ], [ -87.69004548169373, 41.874828458526672 ], [ -87.69005902329458, 41.873478020593105 ], [ -87.691865864159851, 41.873488127069272 ] ] ] } },
{ "type": "Feature", "properties": { "cell_id": "c0006_0032", "row": 6, "col": 32, "area_m2": 22500.0 }, "geometry": { "type": "Polygon", "coordinates": [ [ [ -87.69005902329458, 41.873478020593105 ], [ -87.69004548169373, 41.874828458526672 ], [ -87.688238603725111, 41.874818323149064 ], [ -87.688252183355416, 41.873467885692918 ], [ -87.69005902329458, 41.873478020593105 ] ] ] } },
{ "type": "Feature", "properties": { "cell_id": "c0006_0033", "row": 6, "col": 33, "area_m2": 22500.0 }, "geometry": { "type": "Polygon", "coordinates": [ [ [ -87.688252183355416, 41.873467885692918 ], [ -87.688238603725111, 41.874818323149064 ], [ -87.686431726685271, 41.874808159346145 ], [ -87.686445344344975, 41.873457722368762 ], [ -87.688252183355416, 41.873467885692918 ] ] ] } },
{ "type": "Feature", "properties": { "cell_id": "c0006_0034", "row": 6, "col": 34, "area_m2": 2452.2028571983665 }, "geometry": { "type": "Polygon", "coordinates": [ [ [ -87.686445344344975, 41.873457722368762 ], [ -87.686431726685271, 41.874808159346145 ], [ -87.686262213985302, 41.874807204367265 ], [ -87.686262887993905, 41.87477639045224 ], [ -87.68625151425708, 41.874469766100198 ], [ -87.686247963327602, 41.874439394628467 ], [ -87.686246725262976, 41.874414882125166 ], [ -87.686244628399777, 41.87437340415665 ], [ -87.68623708887128, 41.874174404018063 ], [ -87.68623479303109, 41.873891114504126 ], [ -87.686232999322868, 41.873669822734847 ], [ -87.686227840410837, 41.873496961173039 ], [ -87.686226627853785, 41.873456490177141 ], [ -87.686445344344975, 41.873457722368762 ] ] ] } },
{ "type": "Feature", "properties": { "cell_id": "c0007_0001", "row": 7, "col": 1, "area_m2": 10610.783776989503 }, "geometry": { "type": "Polygon", "coordinates": [ [ [ -87.744239838204038, 41.876469753200155 ], [ -87.744252239736014, 41.875119301887885 ], [ -87.745070482478596, 41.875123496088754 ], [ -87.745073843940787, 41.875235424319079 ], [ -87.745078991254559, 41.875358803993514 ], [ -87.745087454626088, 41.875561044656848 ], [ -87.745094337492915, 41.875739510829405 ], [ -87.745101458521688, 41.875902659802392 ], [ -87.745112665326303, 41.876159392489974 ], [ -87.745123551552567, 41.876328000596338 ], [ -87.745123692796966, 41.876330196378042 ], [ -87.745131717757019, 41.876474324686527 ], [ -87.744239838204038, 41.876469753200155 ] ] ] } },
{ "type": "Feature", "properties": { "cell_id": "c0007_0002", "row": 7, "col": 2, "area_m2": 22500.0 }, "geometry": { "type": "Polygon", "coordinates": [ [ [ -87.744252239736014, 41.875119301887885 ], [ -87.744239838204038, 41.876469753200155 ], [ -87.74243289554714, 41.876460470163067 ], [ -87.742445335113302, 41.87511001928808 ], [ -87.744252239736014, 41.875119301887885 ] ] ] } },
{ "type": "Feature", "properties": { "cell_id": "c0007_0003", "row": 7, "col": 3, "area_m2": 22500.0 }, "geometry": { "type": "Polygon", "coordinates": [ [ [ -87.742445335113302, 41.87511001928808 ], [ -87.74243289554714, 41.876460470163067 ], [ -87.740625953741073, 41.87645115869816 ], [ -87.740638431341353, 41.875100708261783 ], [ -87.742445335113302, 41.87511001928808 ] ] ] } },
{ "type": "Feature", "properties": { "cell_id": "c0007_0004", "row": 7, "col": 4, "area_m2": 22500.0 }, "geometry": { "type": "Polygon", "coordinates": [ [ [ -87.740638431341353, 41.875100708261783 ], [ -87.740625953741073, 41.87645115869816 ], [ -87.73881901278844, 41.876441818805446 ], [ -87.73883152842275, 41.875091368809038 ], [ -87.740638431341353, 41.875100708261783 ] ] ] } },
{ "type": "Feature", "properties": { "cell_id": "c0007_0005", "row": 7, "col": 5, "area_m2": 22500.0 }, "geometry": { "type": "Polygon", "coordinates": [ [ [ -87.73883152842275, 41.875091368809038 ], [ -87.73881901278844, 41.876441818805446 ], [ -87.73701207269184, 41.876432450484977 ], [ -87.73702462636011, 41.875082000929872 ], [ -87.73883152842275, 41.875091368809038 ] ] ] } },
{ "type": "Feature", "properties": { "cell_id": "c0007_0006", "row": 7, "col": 6, "area_m2": 22500.0 }, "geometry": { "type": "Polygon", "coordinates": [ [ [ -87.73702462636011, 41.875082000929872 ], [ -87.73701207269184, 41.876432450484977 ], [ -87.73520513345386, 41.876423053736787 ], [ -87.735217725156033, 41.875072604624322 ], [ -87.73702462636011, 41.875082000929872 ] ] ] } },
{ "type": "Feature", "properties": { "cell_id": "c0007_0007", "row": 7, "col": 7, "area_m2": 22500.0 }, "geometry": { "type": "Polygon", "coordinates": [ [ [ -87.735217725156033, 41.875072604624322 ], [ -87.73520513345386, 41.876423053736787 ], [ -87.7333981950771, 41.876413628560925 ], [ -87.73341082481312, 41.875063179892429 ], [ -87.735217725156033, 41.875072604624322 ] ] ] } },
{ "type": "Feature", "properties": { "cell_id": "c0007_0008", "row": 7, "col": 8, "area_m2": 22500.0 }, "geometry": { "type": "Polygon", "coordinates": [ [ [ -87.73341082481312, 41.875063179892429 ], [ -87.7333981950771, 41.876413628560925 ], [ -87.73159125756419, 41.876404174957422 ], [ -87.731603925333957, 41.875053726734258 ], [ -87.73341082481312, 41.875063179892429 ] ] ] } },
{ "type": "Feature", "properties": { "cell_id": "c0007_0009", "row": 7, "col": 9, "area_m2": 22500.0 }, "geometry": { "type": "Polygon", "coordinates": [ [ [ -87.731603925333957, 41.875053726734258 ], [ -87.73159125756419, 41.876404174957422 ], [ -87.729784320917702, 41.876394692926311 ], [ -87.729797026721172, 41.875044245149802 ], [ -87.731603925333957, 41.875053726734258 ] ] ] } },
{ "type": "Feature", "properties": { "cell_id": "c0007_0010", "row": 7, "col": 10, "area_m2": 22500.0 }, "geometry": { "type": "Polygon", "coordinates": [ [ [ -87.729797026721172, 41.875044245149802 ], [ -87.729784320917702, 41.876394692926311 ], [ -87.727977385140235, 41.876385182467644 ], [ -87.727990128977353, 41.875034735139131 ], [ -87.729797026721172, 41.875044245149802 ] ] ] } },
{ "type": "Feature", "properties": { "cell_id": "c0007_0011", "row": 7, "col": 11, "area_m2": 22500.0 }, "geometry": { "type": "Polygon", "coordinates": [ [ [ -87.727990128977353, 41.875034735139131 ], [ -87.727977385140235, 41.876385182467644 ], [ -87.72617045023442, 41.876375643581454 ], [ -87.726183232105086, 41.875025196702261 ], [ -87.727990128977353, 41.875034735139131 ] ] ] } },
{ "type": "Feature", "properties": { "cell_id": "c0007_0012", "row": 7, "col": 12, "area_m2": 22500.0 }, "geometry": { "type": "Polygon", "coordinates": [ [ [ -87.726183232105086, 41.875025196702261 ], [ -87.72617045023442, 41.876375643581454 ], [ -87.724363516202843, 41.876366076267765 ], [ -87.724376336106985, 41.875015629839254 ], [ -87.726183232105086, 41.875025196702261 ] ] ] } },
{ "type": "Feature", "properties": { "cell_id": "c0007_0013", "row": 7, "col": 13, "area_m2": 22500.0 }, "geometry": { "type": "Polygon", "coordinates": [ [ [ -87.724376336106985, 41.875015629839254 ], [ -87.724363516202843, 41.876366076267765 ], [ -87.722556583048089, 41.876356480526645 ], [ -87.722569440985652, 41.875006034550132 ], [ -87.724376336106985, 41.875015629839254 ] ] ] } },
{ "type": "Feature", "properties": { "cell_id": "c0007_0014", "row": 7, "col": 14, "area_m2": 22500.0 }, "geometry": { "type": "Polygon", "coordinates": [ [ [ -87.722569440985652, 41.875006034550132 ], [ -87.722556583048089, 41.876356480526645 ], [ -87.720749650772788, 41.876346856358111 ], [ -87.7207625467437, 41.874996410834953 ], [ -87.722569440985652, 41.875006034550132 ] ] ] } },
{ "type": "Feature", "properties": { "cell_id": "c0007_0015", "row": 7, "col": 15, "area_m2": 22500.0 }, "geometry": { "type": "Polygon", "coordinates": [ [ [ -87.7207625467437, 41.874996410834953 ], [ -87.720749650772788, 41.876346856358111 ], [ -87.718942719379498, 41.876337203762205 ], [ -87.718955653383702, 41.874986758693744 ], [ -87.7207625467437, 41.874996410834953 ] ] ] } },
{ "type": "Feature", "properties": { "cell_id": "c0007_0016", "row": 7, "col": 16, "area_m2": 22500.0 }, "geometry": { "type": "Polygon", "coordinates": [ [ [ -87.718955653383702, 41.874986758693744 ], [ -87.718942719379498, 41.876337203762205 ], [ -87.717135788870877, 41.876327522738976 ], [ -87.717148760908287, 41.874977078126534 ], [ -87.718955653383702, 41.874986758693744 ] ] ] } },
{ "type": "Feature", "properties": { "cell_id": "c0007_0017", "row": 7, "col": 17, "area_m2": 22500.0 }, "geometry": { "type": "Polygon", "coordinates": [ [ [ -87.717148760908287, 41.874977078126534 ], [ -87.717135788870877, 41.876327522738976 ], [ -87.715328859249482, 41.876317813288445 ], [ -87.715341869320028, 41.87496736913338 ], [ -87.717148760908287, 41.874977078126534 ] ] ] } },
{ "type": "Feature", "properties": { "cell_id": "c0007_0018", "row": 7, "col": 18, "area_m2": 22500.0 }, "geometry": { "type": "Polygon", "coordinates": [ [ [ -87.715341869320028, 41.87496736913338 ], [ -87.715328859249482, 41.876317813288445 ], [ -87.713521930517928, 41.87630807541067 ], [ -87.713534978621553, 41.87495763171431 ], [ -87.715341869320028, 41.87496736913338 ] ] ] } },
{ "type": "Feature", "properties": { "cell_id": "c0007_0019", "row": 7, "col": 19, "area_m2": 22500.0 }, "geometry": { "type": "Polygon", "coordinates": [ [ [ -87.713534978621553, 41.87495763171431 ], [ -87.713521930517928, 41.87630807541067 ], [ -87.711715002678815, 41.876298309105685 ], [ -87.711728088815434, 41.874947865869366 ], [ -87.713534978621553, 41.87495763171431 ] ] ] } },
{ "type": "Feature", "properties": { "cell_id": "c0007_0020", "row": 7, "col": 20, "area_m2": 22500.0 }, "geometry": { "type": "Polygon", "coordinates": [ [ [ -87.711728088815434, 41.874947865869366 ], [ -87.711715002678815, 41.876298309105685 ], [ -87.709908075734745, 41.876288514373528 ], [ -87.709921199904301, 41.874938071598592 ], [ -87.711728088815434, 41.874947865869366 ] ] ] } },
{ "type": "Feature", "properties": { "cell_id": "c0007_0021", "row": 7, "col": 21, "area_m2": 22500.0 }, "geometry": { "type": "Polygon", "coordinates": [ [ [ -87.709921199904301, 41.874938071598592 ], [ -87.709908075734745, 41.876288514373528 ], [ -87.708101149688332, 41.876278691214232 ], [ -87.708114311890739, 41.87492824890203 ], [ -87.709921199904301, 41.874938071598592 ] ] ] } },
{ "type": "Feature", "properties": { "cell_id": "c0007_0022", "row": 7, "col": 22, "area_m2": 22500.0 }, "geometry": { "type": "Polygon", "coordinates": [ [ [ -87.708114311890739, 41.87492824890203 ], [ -87.708101149688332, 41.876278691214232 ], [ -87.706294224542134, 41.876268839627862 ], [ -87.70630742477735, 41.874918397779716 ], [ -87.708114311890739, 41.87492824890203 ] ] ] } },
{ "type": "Feature", "properties": { "cell_id": "c0007_0023", "row": 7, "col": 23, "area_m2": 22500.0 }, "geometry": { "type": "Polygon", "coordinates": [ [ [ -87.70630742477735, 41.874918397779716 ], [ -87.706294224542134, 41.876268839627862 ], [ -87.704487300298808, 41.876258959614425 ], [ -87.70450053856672, 41.874908518231685 ], [ -87.70630742477735, 41.874918397779716 ] ] ] } },
{ "type": "Feature", "properties": { "cell_id": "c0007_0024", "row": 7, "col": 24, "area_m2": 22500.0 }, "geometry": { "type": "Polygon", "coordinates": [ [ [ -87.70450053856672, 41.874908518231685 ], [ -87.704487300298808, 41.876258959614425 ], [ -87.702680376960927, 41.876249051173978 ], [ -87.702693653261477, 41.874898610257979 ], [ -87.70450053856672, 41.874908518231685 ] ] ] } },
{ "type": "Feature", "properties": { "cell_id": "c0007_0025", "row": 7, "col": 25, "area_m2": 22500.0 }, "geometry": { "type": "Polygon", "coordinates": [ [ [ -87.702693653261477, 41.874898610257979 ], [ -87.702680376960927, 41.876249051173978 ], [ -87.700873454531077, 41.876239114306578 ], [ -87.700886768864223, 41.874888673858649 ], [ -87.702693653261477, 41.874898610257979 ] ] ] } },
{ "type": "Feature", "properties": { "cell_id": "c0007_0026", "row": 7, "col": 26, "area_m2": 22500.0 }, "geometry": { "type": "Polygon", "coordinates": [ [ [ -87.700886768864223, 41.874888673858649 ], [ -87.700873454531077, 41.876239114306578 ], [ -87.699066533011887, 41.876229149012232 ], [ -87.699079885377515, 41.87487870903373 ], [ -87.700886768864223, 41.874888673858649 ] ] ] } },
{ "type": "Feature", "properties": { "cell_id": "c0007_0027", "row": 7, "col": 27, "area_m2": 22500.0 }, "geometry": { "type": "Polygon", "coordinates": [ [ [ -87.699079885377515, 41.87487870903373 ], [ -87.699066533011887, 41.876229149012232 ], [ -87.697259612405944, 41.876219155291011 ], [ -87.697273002803996, 41.874868715783258 ], [ -87.699079885377515, 41.87487870903373 ] ] ] } },
{ "type": "Feature", "properties": { "cell_id": "c0007_0028", "row": 7, "col": 28, "area_m2": 22500.0 }, "geometry": { "type": "Polygon", "coordinates": [ [ [ -87.697273002803996, 41.874868715783258 ], [ -87.697259612405944, 41.876219155291011 ], [ -87.695452692715861, 41.876209133142922 ], [ -87.695466121146268, 41.874858694107274 ], [ -87.697273002803996, 41.874868715783258 ] ] ] } },
{ "type": "Feature", "properties": { "cell_id": "c0007_0029", "row": 7, "col": 29, "area_m2": 22500.0 }, "geometry": { "type": "Polygon", "coordinates": [ [ [ -87.695466121146268, 41.874858694107274 ], [ -87.695452692715861, 41.876209133142922 ], [ -87.693645773944212, 41.876199082568036 ], [ -87.693659240406916, 41.874848644005823 ], [ -87.695466121146268, 41.874858694107274 ] ] ] } },
{ "type": "Feature", "properties": { "cell_id": "c0007_0030", "row": 7, "col": 30, "area_m2": 22500.0 }, "geometry": { "type": "Polygon", "coordinates": [ [ [ -87.693659240406916, 41.874848644005823 ], [ -87.693645773944212, 41.876199082568036 ], [ -87.691838856093625, 41.876189003566388 ], [ -87.691852360588527, 41.874838565478932 ], [ -87.693659240406916, 41.874848644005823 ] ] ] } },
{ "type": "Feature", "properties": { "cell_id": "c0007_0031", "row": 7, "col": 31, "area_m2": 22500.0 }, "geometry": { "type": "Polygon", "coordinates": [ [ [ -87.691852360588527, 41.874838565478932 ], [ -87.691838856093625, 41.876189003566388 ], [ -87.690031939166687, 41.876178896138015 ], [ -87.69004548169373, 41.874828458526672 ], [ -87.691852360588527, 41.874838565478932 ] ] ] } },
{ "type": "Feature", "properties": { "cell_id": "c0007_0032", "row": 7, "col": 32, "area_m2": 22500.0 }, "geometry": { "type": "Polygon", "coordinates": [ [ [ -87.69004548169373, 41.874828458526672 ], [ -87.690031939166687, 41.876178896138015 ], [ -87.688225023166012, 41.876168760282944 ], [ -87.688238603725111, 41.874818323149064 ], [ -87.69004548169373, 41.874828458526672 ] ] ] } },
{ "type": "Feature", "properties": { "cell_id": "c0007_0033", "row": 7, "col": 33, "area_m2": 22500.0 }, "geometry": { "type": "Polygon", "coordinates": [ [ [ -87.688238603725111, 41.874818323149064 ], [ -87.688225023166012, 41.876168760282944 ], [ -87.686418108094173, 41.87615859600124 ], [ -87.686431726685271, 41.874808159346145 ], [ -87.688238603725111, 41.874818323149064 ] ] ] } },
{ "type": "Feature", "properties": { "cell_id": "c0007_0034", "row": 7, "col": 34, "area_m2": 2096.4692917575721 }, "geometry": { "type": "Polygon", "coordinates": [ [ [ -87.686431726685271, 41.874808159346145 ], [ -87.686418108094173, 41.87615859600124 ], [ -87.68627270303061, 41.876157776830787 ], [ -87.686269498201526, 41.876083619265984 ], [ -87.686260636783899, 41.875878548871135 ], [ -87.686256275865048, 41.875777632827585 ], [ -87.686246125296393, 41.87554273670068 ], [ -87.686251242683426, 41.875308785473287 ], [ -87.686253362131595, 41.875211888181312 ], [ -87.686258108423658, 41.874994899109744 ], [ -87.686262213985302, 41.874807204367265 ], [ -87.686431726685271, 41.874808159346145 ] ] ] } },
{ "type": "Feature", "properties": { "cell_id": "c0008_0001", "row": 8, "col": 1, "area_m2": 11499.360021600271 }, "geometry": { "type": "Polygon", "coordinates": [ [ [ -87.744227435823817, 41.877820204190769 ], [ -87.744239838204038, 41.876469753200155 ], [ -87.745131717757019, 41.876474324686527 ], [ -87.74513334015073, 41.876503462811961 ], [ -87.745142637116658, 41.876674861903261 ], [ -87.745145943730918, 41.876807982922195 ], [ -87.74515076377304, 41.877002018014387 ], [ -87.745156396647559, 41.877160500068562 ], [ -87.745159228070733, 41.877239549347543 ], [ -87.74516344233669, 41.877357244008977 ], [ -87.745166215748299, 41.877435002846966 ], [ -87.745171796162083, 41.877591454285842 ], [ -87.745177618557335, 41.877693405655336 ], [ -87.745185149563866, 41.877825112975358 ], [ -87.744227435823817, 41.877820204190769 ] ] ] } },
{ "type": "Feature", "properties": { "cell_id": "c0008_0002", "row": 8, "col": 2, "area_m2": 22500.0 }, "geometry": { "type": "Polygon", "coordinates": [ [ [ -87.744239838204038, 41.876469753200155 ], [ -87.744227435823817, 41.877820204190769 ], [ -87.742420455130159, 41.877810920716378 ], [ -87.74243289554714, 41.876460470163067 ], [ -87.744239838204038, 41.876469753200155 ] ] ] } },
{ "type": "Feature", "properties": { "cell_id": "c0008_0003", "row": 8, "col": 3, "area_m2": 22500.0 }, "geometry": { "type": "Polygon", "coordinates": [ [ [ -87.74243289554714, 41.876460470163067 ], [ -87.742420455130159, 41.877810920716378 ], [ -87.74061347528739, 41.877801608812817 ], [ -87.740625953741073, 41.87645115869816 ], [ -87.74243289554714, 41.876460470163067 ] ] ] } },
{ "type": "Feature", "properties": { "cell_id": "c0008_0004", "row": 8, "col": 4, "area_m2": 22500.0 }, "geometry": { "type": "Polygon", "coordinates": [ [ [ -87.740625953741073, 41.87645115869816 ], [ -87.74061347528739, 41.877801608812817 ], [ -87.73880649629811, 41.877792268480128 ], [ -87.73881901278844, 41.876441818805446 ], [ -87.740625953741073, 41.87645115869816 ] ] ] } },
{ "type": "Feature", "properties": { "cell_id": "c0008_0005", "row": 8, "col": 5, "area_m2": 22500.0 }, "geometry": { "type": "Polygon", "coordinates": [ [ [ -87.73881901278844, 41.876441818805446 ], [ -87.73880649629811, 41.877792268480128 ], [ -87.736999518164936, 41.877782899718341 ], [ -87.73701207269184, 41.876432450484977 ], [ -87.73881901278844, 41.876441818805446 ] ] ] } },
{ "type": "Feature", "properties": { "cell_id": "c0008_0006", "row": 8, "col": 6, "area_m2": 22500.0 }, "geometry": { "type": "Polygon", "coordinates": [ [ [ -87.73701207269184, 41.876432450484977 ], [ -87.736999518164936, 41.877782899718341 ], [ -87.735192540890438, 41.877773502527504 ], [ -87.73520513345386, 41.876423053736787 ], [ -87.73701207269184, 41.876432450484977 ] ] ] } },
{ "type": "Feature", "properties": { "cell_id": "c0008_0007", "row": 8, "col": 7, "area_m2": 22500.0 }, "geometry": { "type": "Polygon", "coordinates": [ [ [ -87.73520513345386, 41.876423053736787 ], [ -87.735192540890438, 41.877773502527504 ], [ -87.73338556447726, 41.877764076907638 ], [ -87.7333981950771, 41.876413628560925 ], [ -87.73520513345386, 41.876423053736787 ] ] ] } },
{ "type": "Feature", "properties": { "cell_id": "c0008_0008", "row": 8, "col": 8, "area_m2": 22500.0 }, "geometry": { "type": "Polygon", "coordinates": [ [ [ -87.7333981950771, 41.876413628560925 ], [ -87.73338556447726, 41.877764076907638 ], [ -87.731578588927974, 41.877754622858802 ], [ -87.73159125756419, 41.876404174957422 ], [ -87.7333981950771, 41.876413628560925 ] ] ] } },
{ "type": "Feature", "properties": { "cell_id": "c0008_0009", "row": 8, "col": 9, "area_m2": 22500.0 }, "geometry": { "type": "Polygon", "coordinates": [ [ [ -87.73159125756419, 41.876404174957422 ], [ -87.731578588927974, 41.877754622858802 ], [ -87.729771614245195, 41.877745140381016 ], [ -87.729784320917702, 41.876394692926311 ], [ -87.73159125756419, 41.876404174957422 ] ] ] } },
{ "type": "Feature", "properties": { "cell_id": "c0008_0010", "row": 8, "col": 10, "area_m2": 22500.0 }, "geometry": { "type": "Polygon", "coordinates": [ [ [ -87.729784320917702, 41.876394692926311 ], [ -87.729771614245195, 41.877745140381016 ], [ -87.727964640431509, 41.877735629474337 ], [ -87.727977385140235, 41.876385182467644 ], [ -87.729784320917702, 41.876394692926311 ] ] ] } },
{ "type": "Feature", "properties": { "cell_id": "c0008_0011", "row": 8, "col": 11, "area_m2": 22500.0 }, "geometry": { "type": "Polygon", "coordinates": [ [ [ -87.727977385140235, 41.876385182467644 ], [ -87.727964640431509, 41.877735629474337 ], [ -87.726157667489517, 41.877726090138786 ], [ -87.72617045023442, 41.876375643581454 ], [ -87.727977385140235, 41.876385182467644 ] ] ] } },
{ "type": "Feature", "properties": { "cell_id": "c0008_0012", "row": 8, "col": 12, "area_m2": 22500.0 }, "geometry": { "type": "Polygon", "coordinates": [ [ [ -87.72617045023442, 41.876375643581454 ], [ -87.726157667489517, 41.877726090138786 ], [ -87.724350695421847, 41.877716522374421 ], [ -87.724363516202843, 41.876366076267765 ], [ -87.72617045023442, 41.876375643581454 ] ] ] } },
{ "type": "Feature", "properties": { "cell_id": "c0008_0013", "row": 8, "col": 13, "area_m2": 22500.0 }, "geometry": { "type": "Polygon", "coordinates": [ [ [ -87.724363516202843, 41.876366076267765 ], [ -87.724350695421847, 41.877716522374421 ], [ -87.722543724231087, 41.877706926181261 ], [ -87.722556583048089, 41.876356480526645 ], [ -87.724363516202843, 41.876366076267765 ] ] ] } },
{ "type": "Feature", "properties": { "cell_id": "c0008_0014", "row": 8, "col": 14, "area_m2": 22500.0 }, "geometry": { "type": "Polygon", "coordinates": [ [ [ -87.722556583048089, 41.876356480526645 ], [ -87.722543724231087, 41.877706926181261 ], [ -87.720736753919809, 41.877697301559351 ], [ -87.720749650772788, 41.876346856358111 ], [ -87.722556583048089, 41.876356480526645 ] ] ] } },
{ "type": "Feature", "properties": { "cell_id": "c0008_0015", "row": 8, "col": 15, "area_m2": 22500.0 }, "geometry": { "type": "Polygon", "coordinates": [ [ [ -87.720749650772788, 41.876346856358111 ], [ -87.720736753919809, 41.877697301559351 ], [ -87.718929784490655, 41.87768764850874 ], [ -87.718942719379498, 41.876337203762205 ], [ -87.720749650772788, 41.876346856358111 ] ] ] } },
{ "type": "Feature", "properties": { "cell_id": "c0008_0016", "row": 8, "col": 16, "area_m2": 22500.0 }, "geometry": { "type": "Polygon", "coordinates": [ [ [ -87.718942719379498, 41.876337203762205 ], [ -87.718929784490655, 41.87768764850874 ], [ -87.717122815946212, 41.877677967029456 ], [ -87.717135788870877, 41.876327522738976 ], [ -87.718942719379498, 41.876337203762205 ] ] ] } },
{ "type": "Feature", "properties": { "cell_id": "c0008_0017", "row": 8, "col": 17, "area_m2": 22500.0 }, "geometry": { "type": "Polygon", "coordinates": [ [ [ -87.717135788870877, 41.876327522738976 ], [ -87.717122815946212, 41.877677967029456 ], [ -87.71531584828908, 41.877668257121542 ], [ -87.715328859249482, 41.876317813288445 ], [ -87.717135788870877, 41.876327522738976 ] ] ] } },
{ "type": "Feature", "properties": { "cell_id": "c0008_0018", "row": 8, "col": 18, "area_m2": 22500.0 }, "geometry": { "type": "Polygon", "coordinates": [ [ [ -87.715328859249482, 41.876317813288445 ], [ -87.71531584828908, 41.877668257121542 ], [ -87.713508881521861, 41.877658518785047 ], [ -87.713521930517928, 41.87630807541067 ], [ -87.715328859249482, 41.876317813288445 ] ] ] } },
{ "type": "Feature", "properties": { "cell_id": "c0008_0019", "row": 8, "col": 19, "area_m2": 22500.0 }, "geometry": { "type": "Polygon", "coordinates": [ [ [ -87.713521930517928, 41.87630807541067 ], [ -87.713508881521861, 41.877658518785047 ], [ -87.711701915647154, 41.877648752019986 ], [ -87.711715002678815, 41.876298309105685 ], [ -87.713521930517928, 41.87630807541067 ] ] ] } },
{ "type": "Feature", "properties": { "cell_id": "c0008_0020", "row": 8, "col": 20, "area_m2": 22500.0 }, "geometry": { "type": "Polygon", "coordinates": [ [ [ -87.711715002678815, 41.876298309105685 ], [ -87.711701915647154, 41.877648752019986 ], [ -87.709894950667547, 41.877638956826431 ], [ -87.709908075734745, 41.876288514373528 ], [ -87.711715002678815, 41.876298309105685 ] ] ] } },
{ "type": "Feature", "properties": { "cell_id": "c0008_0021", "row": 8, "col": 21, "area_m2": 22500.0 }, "geometry": { "type": "Polygon", "coordinates": [ [ [ -87.709908075734745, 41.876288514373528 ], [ -87.709894950667547, 41.877638956826431 ], [ -87.708087986585667, 41.877629133204401 ], [ -87.708101149688332, 41.876278691214232 ], [ -87.709908075734745, 41.876288514373528 ] ] ] } },
{ "type": "Feature", "properties": { "cell_id": "c0008_0022", "row": 8, "col": 22, "area_m2": 22500.0 }, "geometry": { "type": "Polygon", "coordinates": [ [ [ -87.708101149688332, 41.876278691214232 ], [ -87.708087986585667, 41.877629133204401 ], [ -87.706281023404102, 41.877619281153947 ], [ -87.706294224542134, 41.876268839627862 ], [ -87.708101149688332, 41.876278691214232 ] ] ] } },
{ "type": "Feature", "properties": { "cell_id": "c0008_0023", "row": 8, "col": 23, "area_m2": 22500.0 }, "geometry": { "type": "Polygon", "coordinates": [ [ [ -87.706294224542134, 41.876268839627862 ], [ -87.706281023404102, 41.877619281153947 ], [ -87.704474061125453, 41.877609400675091 ], [ -87.704487300298808, 41.876258959614425 ], [ -87.706294224542134, 41.876268839627862 ] ] ] } },
{ "type": "Feature", "properties": { "cell_id": "c0008_0024", "row": 8, "col": 24, "area_m2": 22500.0 }, "geometry": { "type": "Polygon", "coordinates": [ [ [ -87.704487300298808, 41.876258959614425 ], [ -87.704474061125453, 41.877609400675091 ], [ -87.702667099752318, 41.877599491767889 ], [ -87.702680376960927, 41.876249051173978 ], [ -87.704487300298808, 41.876258959614425 ] ] ] } },
{ "type": "Feature", "properties": { "cell_id": "c0008_0025", "row": 8, "col": 25, "area_m2": 22500.0 }, "geometry": { "type": "Polygon", "coordinates": [ [ [ -87.702680376960927, 41.876249051173978 ], [ -87.702667099752318, 41.877599491767889 ], [ -87.700860139287315, 41.87758955443239 ], [ -87.700873454531077, 41.876239114306578 ], [ -87.702680376960927, 41.876249051173978 ] ] ] } },
{ "type": "Feature", "properties": { "cell_id": "c0008_0026", "row": 8, "col": 26, "area_m2": 22500.0 }, "geometry": { "type": "Polygon", "coordinates": [ [ [ -87.700873454531077, 41.876239114306578 ], [ -87.700860139287315, 41.87758955443239 ], [ -87.699053179733014, 41.877579588668603 ], [ -87.699066533011887, 41.876229149012232 ], [ -87.700873454531077, 41.876239114306578 ] ] ] } },
{ "type": "Feature", "properties": { "cell_id": "c0008_0027", "row": 8, "col": 27, "area_m2": 22500.0 }, "geometry": { "type": "Polygon", "coordinates": [ [ [ -87.699066533011887, 41.876229149012232 ], [ -87.699053179733014, 41.877579588668603 ], [ -87.697246221092058, 41.877569594476597 ], [ -87.697259612405944, 41.876219155291011 ], [ -87.699066533011887, 41.876229149012232 ] ] ] } },
{ "type": "Feature", "properties": { "cell_id": "c0008_0028", "row": 8, "col": 28, "area_m2": 22500.0 }, "geometry": { "type": "Polygon", "coordinates": [ [ [ -87.697259612405944, 41.876219155291011 ], [ -87.697246221092058, 41.877569594476597 ], [ -87.695439263366993, 41.877559571856402 ], [ -87.695452692715861, 41.876209133142922 ], [ -87.697259612405944, 41.876219155291011 ] ] ] } },
{ "type": "Feature", "properties": { "cell_id": "c0008_0029", "row": 8, "col": 29, "area_m2": 22500.0 }, "geometry": { "type": "Polygon", "coordinates": [ [ [ -87.695452692715861, 41.876209133142922 ], [ -87.695439263366993, 41.877559571856402 ], [ -87.693632306560474, 41.87754952080806 ], [ -87.693645773944212, 41.876199082568036 ], [ -87.695452692715861, 41.876209133142922 ] ] ] } },
{ "type": "Feature", "properties": { "cell_id": "c0008_0030", "row": 8, "col": 30, "area_m2": 22500.0 }, "geometry": { "type": "Polygon", "coordinates": [ [ [ -87.693645773944212, 41.876199082568036 ], [ -87.693632306560474, 41.87754952080806 ], [ -87.691825350675074, 41.877539441331606 ], [ -87.691838856093625, 41.876189003566388 ], [ -87.693645773944212, 41.876199082568036 ] ] ] } },
{ "type": "Feature", "properties": { "cell_id": "c0008_0031", "row": 8, "col": 31, "area_m2": 22500.0 }, "geometry": { "type": "Polygon", "coordinates": [ [ [ -87.691838856093625, 41.876189003566388 ], [ -87.691825350675074, 41.877539441331606 ], [ -87.690018395713409, 41.877529333427105 ], [ -87.690031939166687, 41.876178896138015 ], [ -87.691838856093625, 41.876189003566388 ] ] ] } },
{ "type": "Feature", "properties": { "cell_id": "c0008_0032", "row": 8, "col": 32, "area_m2": 22500.0 }, "geometry": { "type": "Polygon", "coordinates": [ [ [ -87.690031939166687, 41.876178896138015 ], [ -87.690018395713409, 41.877529333427105 ], [ -87.688211441678064, 41.877519197094571 ], [ -87.688225023166012, 41.876168760282944 ], [ -87.690031939166687, 41.876178896138015 ] ] ] } },
{ "type": "Feature", "properties": { "cell_id": "c0008_0033", "row": 8, "col": 33, "area_m2": 22500.0 }, "geometry": { "type": "Polygon", "coordinates": [ [ [ -87.688225023166012, 41.876168760282944 ], [ -87.688211441678064, 41.877519197094571 ], [ -87.68640448857164, 41.877509032334061 ], [ -87.686418108094173, 41.87615859600124 ], [ -87.688225023166012, 41.876168760282944 ] ] ] } },
{ "type": "Feature", "properties": { "cell_id": "c0008_0034", "row": 8, "col": 34, "area_m2": 1168.9276040636685 }, "geometry": { "type": "Polygon", "coordinates": [ [ [ -87.686418108094173, 41.87615859600124 ], [ -87.68640448857164, 41.877509032334061 ], [ -87.686342980093471, 41.877508685826356 ], [ -87.686342556218037, 41.877333024138515 ], [ -87.686334778064918, 41.876997468781397 ], [ -87.686330178679228, 41.87686368801765 ], [ -87.686319390647441, 41.876742825646716 ], [ -87.686308370631053, 41.876630386464008 ], [ -87.686280538877128, 41.87633909236677 ], [ -87.68627270303061, 41.876157776830787 ], [ -87.686418108094173, 41.87615859600124 ] ] ] } },
{ "type": "Feature", "properties": { "cell_id": "c0009_0001", "row": 9, "col": 1, "area_m2": 12259.448457123355 }, "geometry": { "type": "Polygon", "coordinates": [ [ [ -87.744215032595321, 41.879170654859685 ], [ -87.744227435823817, 41.877820204190769 ], [ -87.745185149563866, 41.877825112975358 ], [ -87.745187238738808, 41.877861649788862 ], [ -87.745190066713178, 41.877957630930418 ], [ -87.745191939909958, 41.878038842425269 ], [ -87.745195715168677, 41.878202583760128 ], [ -87.745200718749572, 41.878373741131945 ], [ -87.745203791842215, 41.878479135750744 ], [ -87.745207792375425, 41.878596637467851 ], [ -87.745209226371628, 41.878638769125821 ], [ -87.745210474591786, 41.878675411399719 ], [ -87.745216354655682, 41.87883507497348 ], [ -87.74522104884106, 41.878963913783416 ], [ -87.745226694054139, 41.879117127020677 ], [ -87.745228962390499, 41.879175851668336 ], [ -87.744215032595321, 41.879170654859685 ] ] ] } },
{ "type": "Feature", "properties": { "cell_id": "c0009_0002", "row": 9, "col": 2, "area_m2": 22500.0 }, "geometry": { "type": "Polygon", "coordinates": [ [ [ -87.744227435823817, 41.877820204190769 ], [ -87.744215032595321, 41.879170654859685 ], [ -87.742408013862274, 41.879161370947983 ], [ -87.742420455130159, 41.877810920716378 ], [ -87.744227435823817, 41.877820204190769 ] ] ] } },
{ "type": "Feature", "properties": { "cell_id": "c0009_0003", "row": 9, "col": 3, "area_m2": 22500.0 }, "geometry": { "type": "Polygon", "coordinates": [ [ [ -87.742420455130159, 41.877810920716378 ], [ -87.742408013862274, 41.879161370947983 ], [ -87.740600995980202, 41.879152058605762 ], [ -87.74061347528739, 41.877801608812817 ], [ -87.742420455130159, 41.877810920716378 ] ] ] } },
{ "type": "Feature", "properties": { "cell_id": "c0009_0004", "row": 9, "col": 4, "area_m2": 22500.0 }, "geometry": { "type": "Polygon", "coordinates": [ [ [ -87.74061347528739, 41.877801608812817 ], [ -87.740600995980202, 41.879152058605762 ], [ -87.738793978951676, 41.879142717833076 ], [ -87.73880649629811, 41.877792268480128 ], [ -87.74061347528739, 41.877801608812817 ] ] ] } },
{ "type": "Feature", "properties": { "cell_id": "c0009_0005", "row": 9, "col": 5, "area_m2": 22500.0 }, "geometry": { "type": "Polygon", "coordinates": [ [ [ -87.73880649629811, 41.877792268480128 ], [ -87.738793978951676, 41.879142717833076 ], [ -87.736986962779326, 41.879133348629956 ], [ -87.736999518164936, 41.877782899718341 ], [ -87.73880649629811, 41.877792268480128 ] ] ] } },
{ "type": "Feature", "properties": { "cell_id": "c0009_0006", "row": 9, "col": 6, "area_m2": 22500.0 }, "geometry": { "type": "Polygon", "coordinates": [ [ [ -87.736999518164936, 41.877782899718341 ], [ -87.736986962779326, 41.879133348629956 ], [ -87.735179947465738, 41.879123950996437 ], [ -87.735192540890438, 41.877773502527504 ], [ -87.736999518164936, 41.877782899718341 ] ] ] } },
{ "type": "Feature", "properties": { "cell_id": "c0009_0007", "row": 9, "col": 7, "area_m2": 22500.0 }, "geometry": { "type": "Polygon", "coordinates": [ [ [ -87.735192540890438, 41.877773502527504 ], [ -87.735179947465738, 41.879123950996437 ], [ -87.733372933013513, 41.879114524932568 ], [ -87.73338556447726, 41.877764076907638 ], [ -87.735192540890438, 41.877773502527504 ] ] ] } },
{ "type": "Feature", "properties": { "cell_id": "c0009_0008", "row": 9, "col": 8, "area_m2": 22500.0 }, "geometry": { "type": "Polygon", "coordinates": [ [ [ -87.73338556447726, 41.877764076907638 ], [ -87.733372933013513, 41.879114524932568 ], [ -87.731565919425265, 41.879105070438357 ], [ -87.731578588927974, 41.877754622858802 ], [ -87.73338556447726, 41.877764076907638 ] ] ] } },
{ "type": "Feature", "properties": { "cell_id": "c0009_0009", "row": 9, "col": 9, "area_m2": 22500.0 }, "geometry": { "type": "Polygon", "coordinates": [ [ [ -87.731578588927974, 41.877754622858802 ], [ -87.731565919425265, 41.879105070438357 ], [ -87.72975890670358, 41.879095587513902 ], [ -87.729771614245195, 41.877745140381016 ], [ -87.731578588927974, 41.877754622858802 ] ] ] } },
{ "type": "Feature", "properties": { "cell_id": "c0009_0010", "row": 9, "col": 10, "area_m2": 22500.0 }, "geometry": { "type": "Polygon", "coordinates": [ [ [ -87.729771614245195, 41.877745140381016 ], [ -87.72975890670358, 41.879095587513902 ], [ -87.72795189485106, 41.879086076159176 ], [ -87.727964640431509, 41.877735629474337 ], [ -87.729771614245195, 41.877745140381016 ] ] ] } },
{ "type": "Feature", "properties": { "cell_id": "c0009_0011", "row": 9, "col": 11, "area_m2": 22500.0 }, "geometry": { "type": "Polygon", "coordinates": [ [ [ -87.727964640431509, 41.877735629474337 ], [ -87.72795189485106, 41.879086076159176 ], [ -87.726144883870333, 41.879076536374257 ], [ -87.726157667489517, 41.877726090138786 ], [ -87.727964640431509, 41.877735629474337 ] ] ] } },
{ "type": "Feature", "properties": { "cell_id": "c0009_0012", "row": 9, "col": 12, "area_m2": 22500.0 }, "geometry": { "type": "Polygon", "coordinates": [ [ [ -87.726157667489517, 41.877726090138786 ], [ -87.726144883870333, 41.879076536374257 ], [ -87.724337873763957, 41.879066968159172 ], [ -87.724350695421847, 41.877716522374421 ], [ -87.726157667489517, 41.877726090138786 ] ] ] } },
{ "type": "Feature", "properties": { "cell_id": "c0009_0013", "row": 9, "col": 13, "area_m2": 22500.0 }, "geometry": { "type": "Polygon", "coordinates": [ [ [ -87.724350695421847, 41.877716522374421 ], [ -87.724337873763957, 41.879066968159172 ], [ -87.722530864534562, 41.879057371513966 ], [ -87.722543724231087, 41.877706926181261 ], [ -87.724350695421847, 41.877716522374421 ] ] ] } },
{ "type": "Feature", "properties": { "cell_id": "c0009_0014", "row": 9, "col": 14, "area_m2": 22500.0 }, "geometry": { "type": "Polygon", "coordinates": [ [ [ -87.722543724231087, 41.877706926181261 ], [ -87.722530864534562, 41.879057371513966 ], [ -87.720723856184748, 41.879047746438673 ], [ -87.720736753919809, 41.877697301559351 ], [ -87.722543724231087, 41.877706926181261 ] ] ] } },
{ "type": "Feature", "properties": { "cell_id": "c0009_0015", "row": 9, "col": 15, "area_m2": 22500.0 }, "geometry": { "type": "Polygon", "coordinates": [ [ [ -87.720736753919809, 41.877697301559351 ], [ -87.720723856184748, 41.879047746438673 ], [ -87.718916848717114, 41.879038092933321 ], [ -87.718929784490655, 41.87768764850874 ], [ -87.720736753919809, 41.877697301559351 ] ] ] } },
{ "type": "Feature", "properties": { "cell_id": "c0009_0016", "row": 9, "col": 16, "area_m2": 22500.0 }, "geometry": { "type": "Polygon", "coordinates": [ [ [ -87.718929784490655, 41.87768764850874 ], [ -87.718916848717114, 41.879038092933321 ], [ -87.717109842134249, 41.879028410997982 ], [ -87.717122815946212, 41.877677967029456 ], [ -87.718929784490655, 41.87768764850874 ] ] ] } },
{ "type": "Feature", "properties": { "cell_id": "c0009_0017", "row": 9, "col": 17, "area_m2": 22500.0 }, "geometry": { "type": "Polygon", "coordinates": [ [ [ -87.717122815946212, 41.877677967029456 ], [ -87.717109842134249, 41.879028410997982 ], [ -87.715302836438767, 41.879018700632663 ], [ -87.71531584828908, 41.877668257121542 ], [ -87.717122815946212, 41.877677967029456 ] ] ] } },
{ "type": "Feature", "properties": { "cell_id": "c0009_0018", "row": 9, "col": 18, "area_m2": 22500.0 }, "geometry": { "type": "Polygon", "coordinates": [ [ [ -87.71531584828908, 41.877668257121542 ], [ -87.715302836438767, 41.879018700632663 ], [ -87.713495831633281, 41.879008961837421 ], [ -87.713508881521861, 41.877658518785047 ], [ -87.71531584828908, 41.877668257121542 ] ] ] } },
{ "type": "Feature", "properties": { "cell_id": "c0009_0019", "row": 9, "col": 19, "area_m2": 22500.0 }, "geometry": { "type": "Polygon", "coordinates": [ [ [ -87.713508881521861, 41.877658518785047 ], [ -87.713495831633281, 41.879008961837421 ], [ -87.711688827720366, 41.878999194612284 ], [ -87.711701915647154, 41.877648752019986 ], [ -87.713508881521861, 41.877658518785047 ] ] ] } },
{ "type": "Feature", "properties": { "cell_id": "c0009_0020", "row": 9, "col": 20, "area_m2": 22500.0 }, "geometry": { "type": "Polygon", "coordinates": [ [ [ -87.711701915647154, 41.877648752019986 ], [ -87.711688827720366, 41.878999194612284 ], [ -87.709881824702634, 41.878989398957309 ], [ -87.709894950667547, 41.877638956826431 ], [ -87.711701915647154, 41.877648752019986 ] ] ] } },
{ "type": "Feature", "properties": { "cell_id": "c0009_0021", "row": 9, "col": 21, "area_m2": 22500.0 }, "geometry": { "type": "Polygon", "coordinates": [ [ [ -87.709894950667547, 41.877638956826431 ], [ -87.709881824702634, 41.878989398957309 ], [ -87.708074822582688, 41.87897957487251 ], [ -87.708087986585667, 41.877629133204401 ], [ -87.709894950667547, 41.877638956826431 ] ] ] } },
{ "type": "Feature", "properties": { "cell_id": "c0009_0022", "row": 9, "col": 22, "area_m2": 22500.0 }, "geometry": { "type": "Polygon", "coordinates": [ [ [ -87.708087986585667, 41.877629133204401 ], [ -87.708074822582688, 41.87897957487251 ], [ -87.706267821363127, 41.878969722357944 ], [ -87.706281023404102, 41.877619281153947 ], [ -87.708087986585667, 41.877629133204401 ] ] ] } },
{ "type": "Feature", "properties": { "cell_id": "c0009_0023", "row": 9, "col": 23, "area_m2": 22500.0 }, "geometry": { "type": "Polygon", "coordinates": [ [ [ -87.706281023404102, 41.877619281153947 ], [ -87.706267821363127, 41.878969722357944 ], [ -87.704460821046567, 41.878959841413661 ], [ -87.704474061125453, 41.877609400675091 ], [ -87.706281023404102, 41.877619281153947 ] ] ] } },
{ "type": "Feature", "properties": { "cell_id": "c0009_0024", "row": 9, "col": 24, "area_m2": 22500.0 }, "geometry": { "type": "Polygon", "coordinates": [ [ [ -87.704474061125453, 41.877609400675091 ], [ -87.704460821046567, 41.878959841413661 ], [ -87.702653821635593, 41.878949932039681 ], [ -87.702667099752318, 41.877599491767889 ], [ -87.704474061125453, 41.877609400675091 ] ] ] } },
{ "type": "Feature", "properties": { "cell_id": "c0009_0025", "row": 9, "col": 25, "area_m2": 22500.0 }, "geometry": { "type": "Polygon", "coordinates": [ [ [ -87.702667099752318, 41.877599491767889 ], [ -87.702653821635593, 41.878949932039681 ], [ -87.700846823132807, 41.878939994236049 ], [ -87.700860139287315, 41.87758955443239 ], [ -87.702667099752318, 41.877599491767889 ] ] ] } },
{ "type": "Feature", "properties": { "cell_id": "c0009_0026", "row": 9, "col": 26, "area_m2": 22500.0 }, "geometry": { "type": "Polygon", "coordinates": [ [ [ -87.700860139287315, 41.87758955443239 ], [ -87.700846823132807, 41.878939994236049 ], [ -87.699039825540808, 41.878930028002813 ], [ -87.699053179733014, 41.877579588668603 ], [ -87.700860139287315, 41.87758955443239 ] ] ] } },
{ "type": "Feature", "properties": { "cell_id": "c0009_0027", "row": 9, "col": 27, "area_m2": 22500.0 }, "geometry": { "type": "Polygon", "coordinates": [ [ [ -87.699053179733014, 41.877579588668603 ], [ -87.699039825540808, 41.878930028002813 ], [ -87.697232828862212, 41.878920033340016 ], [ -87.697246221092058, 41.877569594476597 ], [ -87.699053179733014, 41.877579588668603 ] ] ] } },
{ "type": "Feature", "properties": { "cell_id": "c0009_0028", "row": 9, "col": 28, "area_m2": 22500.0 }, "geometry": { "type": "Polygon", "coordinates": [ [ [ -87.697246221092058, 41.877569594476597 ], [ -87.697232828862212, 41.878920033340016 ], [ -87.695425833099605, 41.878910010247687 ], [ -87.695439263366993, 41.877559571856402 ], [ -87.697246221092058, 41.877569594476597 ] ] ] } },
{ "type": "Feature", "properties": { "cell_id": "c0009_0029", "row": 9, "col": 29, "area_m2": 22500.0 }, "geometry": { "type": "Polygon", "coordinates": [ [ [ -87.695439263366993, 41.877559571856402 ], [ -87.695425833099605, 41.878910010247687 ], [ -87.693618838255617, 41.878899958725867 ], [ -87.693632306560474, 41.87754952080806 ], [ -87.695439263366993, 41.877559571856402 ] ] ] } },
{ "type": "Feature", "properties": { "cell_id": "c0009_0030", "row": 9, "col": 30, "area_m2": 22500.0 }, "geometry": { "type": "Polygon", "coordinates": [ [ [ -87.693632306560474, 41.87754952080806 ], [ -87.693618838255617, 41.878899958725867 ], [ -87.69181184433279, 41.878889878774615 ], [ -87.691825350675074, 41.877539441331606 ], [ -87.693632306560474, 41.87754952080806 ] ] ] } },
{ "type": "Feature", "properties": { "cell_id": "c0009_0031", "row": 9, "col": 31, "area_m2": 22500.0 }, "geometry": { "type": "Polygon", "coordinates": [ [ [ -87.691825350675074, 41.877539441331606 ], [ -87.69181184433279, 41.878889878774615 ], [ -87.690004851333782, 41.878879770393944 ], [ -87.690018395713409, 41.877529333427105 ], [ -87.691825350675074, 41.877539441331606 ] ] ] } },
{ "type": "Feature", "properties": { "cell_id": "c0009_0032", "row": 9, "col": 32, "area_m2": 22500.0 }, "geometry": { "type": "Polygon", "coordinates": [ [ [ -87.690018395713409, 41.877529333427105 ], [ -87.690004851333782, 41.878879770393944 ], [ -87.68819785926118, 41.878869633583918 ], [ -87.688211441678064, 41.877519197094571 ], [ -87.690018395713409, 41.877529333427105 ] ] ] } },
{ "type": "Feature", "properties": { "cell_id": "c0009_0033", "row": 9, "col": 33, "area_m2": 22500.0 }, "geometry": { "type": "Polygon", "coordinates": [ [ [ -87.688211441678064, 41.877519197094571 ], [ -87.68819785926118, 41.878869633583918 ], [ -87.68639086811757, 41.878859468344572 ], [ -87.68640448857164, 41.877509032334061 ], [ -87.688211441678064, 41.877519197094571 ] ] ] } },
{ "type": "Feature", "properties": { "cell_id": "c0009_0034", "row": 9, "col": 34, "area_m2": 530.84086313566866 }, "geometry": { "type": "Polygon", "coordinates": [ [ [ -87.68640448857164, 41.877509032334061 ], [ -87.68639086811757, 41.878859468344572 ], [ -87.686371539249421, 41.878859359456207 ], [ -87.686371206817711, 41.878846527814275 ], [ -87.686364836102584, 41.878588914076964 ], [ -87.686358478377727, 41.878331800059911 ], [ -87.686354961408384, 41.878192701723023 ], [ -87.686348646518994, 41.87794508028135 ], [ -87.686343662090778, 41.877791182859383 ], [ -87.686343080190198, 41.877550167955405 ], [ -87.686342980093471, 41.877508685826356 ], [ -87.68640448857164, 41.877509032334061 ] ] ] } },
{ "type": "Feature", "properties": { "cell_id": "c0010_0001", "row": 10, "col": 1, "area_m2": 13030.517291596929 }, "geometry": { "type": "Polygon", "coordinates": [ [ [ -87.744202628518451, 41.880521105206938 ], [ -87.744215032595321, 41.879170654859685 ], [ -87.745228962390499, 41.879175851668336 ], [ -87.745231820225541, 41.879249837634823 ], [ -87.745236902636719, 41.879381395642334 ], [ -87.745243044896299, 41.879500390271332 ], [ -87.74525087187908, 41.879652049894517 ], [ -87.745254558500321, 41.879774627047169 ], [ -87.745258372357597, 41.879902522244521 ], [ -87.745260091881335, 41.879960166472458 ], [ -87.74526391687877, 41.880087629571868 ], [ -87.745270781625251, 41.880316123038185 ], [ -87.74527756066216, 41.880497998115629 ], [ -87.745278627553233, 41.880526619999053 ], [ -87.744202628518451, 41.880521105206938 ] ] ] } },
{ "type": "Feature", "properties": { "cell_id": "c0010_0002", "row": 10, "col": 2, "area_m2": 22500.0 }, "geometry": { "type": "Polygon", "coordinates": [ [ [ -87.744215032595321, 41.879170654859685 ], [ -87.744202628518451, 41.880521105206938 ], [ -87.74239557174343, 41.88051182085789 ], [ -87.742408013862274, 41.879161370947983 ], [ -87.744215032595321, 41.879170654859685 ] ] ] } },
{ "type": "Feature", "properties": { "cell_id": "c0010_0003", "row": 10, "col": 3, "area_m2": 22500.0 }, "geometry": { "type": "Polygon", "coordinates": [ [ [ -87.742408013862274, 41.879161370947983 ], [ -87.74239557174343, 41.88051182085789 ], [ -87.740588515819454, 41.880502508077008 ], [ -87.740600995980202, 41.879152058605762 ], [ -87.742408013862274, 41.879161370947983 ] ] ] } },
{ "type": "Feature", "properties": { "cell_id": "c0010_0004", "row": 10, "col": 4, "area_m2": 22500.0 }, "geometry": { "type": "Polygon", "coordinates": [ [ [ -87.740600995980202, 41.879152058605762 ], [ -87.740588515819454, 41.880502508077008 ], [ -87.738781460749095, 41.880493166864305 ], [ -87.738793978951676, 41.879142717833076 ], [ -87.740600995980202, 41.879152058605762 ] ] ] } },
{ "type": "Feature", "properties": { "cell_id": "c0010_0005", "row": 10, "col": 5, "area_m2": 22500.0 }, "geometry": { "type": "Polygon", "coordinates": [ [ [ -87.738793978951676, 41.879142717833076 ], [ -87.738781460749095, 41.880493166864305 ], [ -87.736974406534969, 41.880483797219817 ], [ -87.736986962779326, 41.879133348629956 ], [ -87.738793978951676, 41.879142717833076 ] ] ] } },
{ "type": "Feature", "properties": { "cell_id": "c0010_0006", "row": 10, "col": 6, "area_m2": 22500.0 }, "geometry": { "type": "Polygon", "coordinates": [ [ [ -87.736986962779326, 41.879133348629956 ], [ -87.736974406534969, 41.880483797219817 ], [ -87.735167353179662, 41.880474399143608 ], [ -87.735179947465738, 41.879123950996437 ], [ -87.736986962779326, 41.879133348629956 ] ] ] } },
{ "type": "Feature", "properties": { "cell_id": "c0010_0007", "row": 10, "col": 7, "area_m2": 22500.0 }, "geometry": { "type": "Polygon", "coordinates": [ [ [ -87.735179947465738, 41.879123950996437 ], [ -87.735167353179662, 41.880474399143608 ], [ -87.733360300685817, 41.8804649726357 ], [ -87.733372933013513, 41.879114524932568 ], [ -87.735179947465738, 41.879123950996437 ] ] ] } },
{ "type": "Feature", "properties": { "cell_id": "c0010_0008", "row": 10, "col": 8, "area_m2": 22500.0 }, "geometry": { "type": "Polygon", "coordinates": [ [ [ -87.733372933013513, 41.879114524932568 ], [ -87.733360300685817, 41.8804649726357 ], [ -87.731553249055992, 41.880455517696134 ], [ -87.731565919425265, 41.879105070438357 ], [ -87.733372933013513, 41.879114524932568 ] ] ] } },
{ "type": "Feature", "properties": { "cell_id": "c0010_0009", "row": 10, "col": 9, "area_m2": 22500.0 }, "geometry": { "type": "Polygon", "coordinates": [ [ [ -87.731565919425265, 41.879105070438357 ], [ -87.731553249055992, 41.880455517696134 ], [ -87.729746198292801, 41.880446034324947 ], [ -87.72975890670358, 41.879095587513902 ], [ -87.731565919425265, 41.879105070438357 ] ] ] } },
{ "type": "Feature", "properties": { "cell_id": "c0010_0010", "row": 10, "col": 10, "area_m2": 22500.0 }, "geometry": { "type": "Polygon", "coordinates": [ [ [ -87.72975890670358, 41.879095587513902 ], [ -87.729746198292801, 41.880446034324947 ], [ -87.727939148398846, 41.880436522522182 ], [ -87.72795189485106, 41.879086076159176 ], [ -87.72975890670358, 41.879095587513902 ] ] ] } },
{ "type": "Feature", "properties": { "cell_id": "c0010_0011", "row": 10, "col": 11, "area_m2": 22500.0 }, "geometry": { "type": "Polygon", "coordinates": [ [ [ -87.72795189485106, 41.879086076159176 ], [ -87.727939148398846, 41.880436522522182 ], [ -87.726132099376741, 41.880426982287872 ], [ -87.726144883870333, 41.879076536374257 ], [ -87.72795189485106, 41.879086076159176 ] ] ] } },
{ "type": "Feature", "properties": { "cell_id": "c0010_0012", "row": 10, "col": 12, "area_m2": 22500.0 }, "geometry": { "type": "Polygon", "coordinates": [ [ [ -87.726144883870333, 41.879076536374257 ], [ -87.726132099376741, 41.880426982287872 ], [ -87.724325051229087, 41.880417413622062 ], [ -87.724337873763957, 41.879066968159172 ], [ -87.726144883870333, 41.879076536374257 ] ] ] } },
{ "type": "Feature", "properties": { "cell_id": "c0010_0013", "row": 10, "col": 13, "area_m2": 22500.0 }, "geometry": { "type": "Polygon", "coordinates": [ [ [ -87.724337873763957, 41.879066968159172 ], [ -87.724325051229087, 41.880417413622062 ], [ -87.72251800395847, 41.88040781652478 ], [ -87.722530864534562, 41.879057371513966 ], [ -87.724337873763957, 41.879066968159172 ] ] ] } },
{ "type": "Feature", "properties": { "cell_id": "c0010_0014", "row": 10, "col": 14, "area_m2": 22500.0 }, "geometry": { "type": "Polygon", "coordinates": [ [ [ -87.722530864534562, 41.879057371513966 ], [ -87.72251800395847, 41.88040781652478 ], [ -87.720710957567491, 41.880398190996083 ], [ -87.720723856184748, 41.879047746438673 ], [ -87.722530864534562, 41.879057371513966 ] ] ] } },
{ "type": "Feature", "properties": { "cell_id": "c0010_0015", "row": 10, "col": 15, "area_m2": 22500.0 }, "geometry": { "type": "Polygon", "coordinates": [ [ [ -87.720723856184748, 41.879047746438673 ], [ -87.720710957567491, 41.880398190996083 ], [ -87.718903912058778, 41.880388537035991 ], [ -87.718916848717114, 41.879038092933321 ], [ -87.720723856184748, 41.879047746438673 ] ] ] } },
{ "type": "Feature", "properties": { "cell_id": "c0010_0016", "row": 10, "col": 16, "area_m2": 22500.0 }, "geometry": { "type": "Polygon", "coordinates": [ [ [ -87.718916848717114, 41.879038092933321 ], [ -87.718903912058778, 41.880388537035991 ], [ -87.717096867434904, 41.880378854644562 ], [ -87.717109842134249, 41.879028410997982 ], [ -87.718916848717114, 41.879038092933321 ] ] ] } },
{ "type": "Feature", "properties": { "cell_id": "c0010_0017", "row": 10, "col": 17, "area_m2": 22500.0 }, "geometry": { "type": "Polygon", "coordinates": [ [ [ -87.717109842134249, 41.879028410997982 ], [ -87.717096867434904, 41.880378854644562 ], [ -87.715289823698484, 41.880369143821817 ], [ -87.715302836438767, 41.879018700632663 ], [ -87.717109842134249, 41.879028410997982 ] ] ] } },
{ "type": "Feature", "properties": { "cell_id": "c0010_0018", "row": 10, "col": 18, "area_m2": 22500.0 }, "geometry": { "type": "Polygon", "coordinates": [ [ [ -87.715302836438767, 41.879018700632663 ], [ -87.715289823698484, 41.880369143821817 ], [ -87.713482780852104, 41.880359404567805 ], [ -87.713495831633281, 41.879008961837421 ], [ -87.715302836438767, 41.879018700632663 ] ] ] } },
{ "type": "Feature", "properties": { "cell_id": "c0010_0019", "row": 10, "col": 19, "area_m2": 22500.0 }, "geometry": { "type": "Polygon", "coordinates": [ [ [ -87.713495831633281, 41.879008961837421 ], [ -87.713482780852104, 41.880359404567805 ], [ -87.711675738898393, 41.880349636882571 ], [ -87.711688827720366, 41.878999194612284 ], [ -87.713495831633281, 41.879008961837421 ] ] ] } },
{ "type": "Feature", "properties": { "cell_id": "c0010_0020", "row": 10, "col": 20, "area_m2": 22500.0 }, "geometry": { "type": "Polygon", "coordinates": [ [ [ -87.711688827720366, 41.878999194612284 ], [ -87.711675738898393, 41.880349636882571 ], [ -87.709868697839937, 41.880339840766155 ], [ -87.709881824702634, 41.878989398957309 ], [ -87.711688827720366, 41.878999194612284 ] ] ] } },
{ "type": "Feature", "properties": { "cell_id": "c0010_0021", "row": 10, "col": 21, "area_m2": 22500.0 }, "geometry": { "type": "Polygon", "coordinates": [ [ [ -87.709881824702634, 41.878989398957309 ], [ -87.709868697839937, 41.880339840766155 ], [ -87.708061657679323, 41.880330016218579 ], [ -87.708074822582688, 41.87897957487251 ], [ -87.709881824702634, 41.878989398957309 ] ] ] } },
{ "type": "Feature", "properties": { "cell_id": "c0010_0022", "row": 10, "col": 22, "area_m2": 22500.0 }, "geometry": { "type": "Polygon", "coordinates": [ [ [ -87.708074822582688, 41.87897957487251 ], [ -87.708061657679323, 41.880330016218579 ], [ -87.706254618419194, 41.880320163239894 ], [ -87.706267821363127, 41.878969722357944 ], [ -87.708074822582688, 41.87897957487251 ] ] ] } },
{ "type": "Feature", "properties": { "cell_id": "c0010_0023", "row": 10, "col": 23, "area_m2": 22500.0 }, "geometry": { "type": "Polygon", "coordinates": [ [ [ -87.706267821363127, 41.878969722357944 ], [ -87.706254618419194, 41.880320163239894 ], [ -87.704447580062094, 41.880310281830148 ], [ -87.704460821046567, 41.878959841413661 ], [ -87.706267821363127, 41.878969722357944 ] ] ] } },
{ "type": "Feature", "properties": { "cell_id": "c0010_0024", "row": 10, "col": 24, "area_m2": 22500.0 }, "geometry": { "type": "Polygon", "coordinates": [ [ [ -87.704460821046567, 41.878959841413661 ], [ -87.704447580062094, 41.880310281830148 ], [ -87.702640542610681, 41.880300371989364 ], [ -87.702653821635593, 41.878949932039681 ], [ -87.704460821046567, 41.878959841413661 ] ] ] } },
{ "type": "Feature", "properties": { "cell_id": "c0010_0025", "row": 10, "col": 25, "area_m2": 22500.0 }, "geometry": { "type": "Polygon", "coordinates": [ [ [ -87.702653821635593, 41.878949932039681 ], [ -87.702640542610681, 41.880300371989364 ], [ -87.700833506067525, 41.880290433717597 ], [ -87.700846823132807, 41.878939994236049 ], [ -87.702653821635593, 41.878949932039681 ] ] ] } },
{ "type": "Feature", "properties": { "cell_id": "c0010_0026", "row": 10, "col": 26, "area_m2": 22500.0 }, "geometry": { "type": "Polygon", "coordinates": [ [ [ -87.700846823132807, 41.878939994236049 ], [ -87.700833506067525, 41.880290433717597 ], [ -87.699026470435228, 41.880280467014884 ], [ -87.699039825540808, 41.878930028002813 ], [ -87.700846823132807, 41.878939994236049 ] ] ] } },
{ "type": "Feature", "properties": { "cell_id": "c0010_0027", "row": 10, "col": 27, "area_m2": 22500.0 }, "geometry": { "type": "Polygon", "coordinates": [ [ [ -87.699039825540808, 41.878930028002813 ], [ -87.699026470435228, 41.880280467014884 ], [ -87.697219435716391, 41.880270471881275 ], [ -87.697232828862212, 41.878920033340016 ], [ -87.699039825540808, 41.878930028002813 ] ] ] } },
{ "type": "Feature", "properties": { "cell_id": "c0010_0028", "row": 10, "col": 28, "area_m2": 22500.0 }, "geometry": { "type": "Polygon", "coordinates": [ [ [ -87.697232828862212, 41.878920033340016 ], [ -87.697219435716391, 41.880270471881275 ], [ -87.695412401913629, 41.880260448316783 ], [ -87.695425833099605, 41.878910010247687 ], [ -87.697232828862212, 41.878920033340016 ] ] ] } },
{ "type": "Feature", "properties": { "cell_id": "c0010_0029", "row": 10, "col": 29, "area_m2": 22500.0 }, "geometry": { "type": "Polygon", "coordinates": [ [ [ -87.695425833099605, 41.878910010247687 ], [ -87.695412401913629, 41.880260448316783 ], [ -87.693605369029541, 41.880250396321479 ], [ -87.693618838255617, 41.878899958725867 ], [ -87.695425833099605, 41.878910010247687 ] ] ] } },
{ "type": "Feature", "properties": { "cell_id": "c0010_0030", "row": 10, "col": 30, "area_m2": 22500.0 }, "geometry": { "type": "Polygon", "coordinates": [ [ [ -87.693618838255617, 41.878899958725867 ], [ -87.693605369029541, 41.880250396321479 ], [ -87.691798337066729, 41.880240315895385 ], [ -87.69181184433279, 41.878889878774615 ], [ -87.693618838255617, 41.878899958725867 ] ] ] } },
{ "type": "Feature", "properties": { "cell_id": "c0010_0031", "row": 10, "col": 31, "area_m2": 22500.0 }, "geometry": { "type": "Polygon", "coordinates": [ [ [ -87.69181184433279, 41.878889878774615 ], [ -87.691798337066729, 41.880240315895385 ], [ -87.689991306027778, 41.880230207038551 ], [ -87.690004851333782, 41.878879770393944 ], [ -87.69181184433279, 41.878889878774615 ] ] ] } },
{ "type": "Feature", "properties": { "cell_id": "c0010_0032", "row": 10, "col": 32, "area_m2": 22500.0 }, "geometry": { "type": "Polygon", "coordinates": [ [ [ -87.690004851333782, 41.878879770393944 ], [ -87.689991306027778, 41.880230207038551 ], [ -87.688184275915305, 41.880220069751012 ], [ -87.68819785926118, 41.878869633583918 ], [ -87.690004851333782, 41.878879770393944 ] ] ] } },
{ "type": "Feature", "properties": { "cell_id": "c0010_0033", "row": 10, "col": 33, "area_m2": 22378.857825626412 }, "geometry": { "type": "Polygon", "coordinates": [ [ [ -87.68639086811757, 41.878859468344572 ], [ -87.68819785926118, 41.878869633583918 ], [ -87.688184275915305, 41.880220069751012 ], [ -87.686410171034254, 41.880210089507841 ], [ -87.686405044190764, 41.880038792340379 ], [ -87.686398194402386, 41.879834981235696 ], [ -87.686395751684742, 41.879762311762285 ], [ -87.686385900278893, 41.879413929373818 ], [ -87.686385450698964, 41.879396566906166 ], [ -87.68639086811757, 41.878859468344572 ] ] ] } },
{ "type": "Feature", "properties": { "cell_id": "c0010_0034", "row": 10, "col": 34, "area_m2": 47.854294870668745 }, "geometry": { "type": "Polygon", "coordinates": [ [ [ -87.68639086811757, 41.878859468344572 ], [ -87.686385450698964, 41.879396566906166 ], [ -87.686384445437824, 41.879357744387811 ], [ -87.686383064493242, 41.879304390439543 ], [ -87.686378025917392, 41.879109739722544 ], [ -87.686371539249421, 41.878859359456207 ], [ -87.68639086811757, 41.878859468344572 ] ] ] } },
{ "type": "Feature", "properties": { "cell_id": "c0011_0001", "row": 11, "col": 1, "area_m2": 13857.337053869114 }, "geometry": { "type": "Polygon", "coordinates": [ [ [ -87.744190223593179, 41.8818715552325 ], [ -87.744202628518451, 41.880521105206938 ], [ -87.745278627553233, 41.880526619999053 ], [ -87.745290115243463, 41.880834803159871 ], [ -87.745295549540032, 41.880983075066816 ], [ -87.745302618445336, 41.881173419330565 ], [ -87.745303353791243, 41.881193215376577 ], [ -87.745322334145357, 41.881401984932893 ], [ -87.745333273683443, 41.881617738655251 ], [ -87.745337174245236, 41.881693884370961 ], [ -87.745340571139977, 41.881816296094229 ], [ -87.745342268496856, 41.881877459553174 ], [ -87.744190223593179, 41.8818715552325 ] ] ] } },
{ "type": "Feature", "properties": { "cell_id": "c0011_0002", "row": 11, "col": 2, "area_m2": 22500.0 }, "geometry": { "type": "Polygon", "coordinates": [ [ [ -87.744202628518451, 41.880521105206938 ], [ -87.744190223593179, 41.8818715552325 ], [ -87.742383128773582, 41.881862270446099 ], [ -87.74239557174343, 41.88051182085789 ], [ -87.744202628518451, 41.880521105206938 ] ] ] } },
{ "type": "Feature", "properties": { "cell_id": "c0011_0003", "row": 11, "col": 3, "area_m2": 22500.0 }, "geometry": { "type": "Polygon", "coordinates": [ [ [ -87.74239557174343, 41.88051182085789 ], [ -87.742383128773582, 41.881862270446099 ], [ -87.740576034805073, 41.881852957226513 ], [ -87.740588515819454, 41.880502508077008 ], [ -87.74239557174343, 41.88051182085789 ] ] ] } },
{ "type": "Feature", "properties": { "cell_id": "c0011_0004", "row": 11, "col": 4, "area_m2": 22500.0 }, "geometry": { "type": "Polygon", "coordinates": [ [ [ -87.740588515819454, 41.880502508077008 ], [ -87.740576034805073, 41.881852957226513 ], [ -87.738768941690267, 41.881843615573786 ], [ -87.738781460749095, 41.880493166864305 ], [ -87.740588515819454, 41.880502508077008 ] ] ] } },
{ "type": "Feature", "properties": { "cell_id": "c0011_0005", "row": 11, "col": 5, "area_m2": 22500.0 }, "geometry": { "type": "Polygon", "coordinates": [ [ [ -87.738781460749095, 41.880493166864305 ], [ -87.738768941690267, 41.881843615573786 ], [ -87.736961849431765, 41.88183424548793 ], [ -87.736974406534969, 41.880483797219817 ], [ -87.738781460749095, 41.880493166864305 ] ] ] } },
{ "type": "Feature", "properties": { "cell_id": "c0011_0006", "row": 11, "col": 6, "area_m2": 22500.0 }, "geometry": { "type": "Polygon", "coordinates": [ [ [ -87.736974406534969, 41.880483797219817 ], [ -87.736961849431765, 41.88183424548793 ], [ -87.735154758032166, 41.881824846969003 ], [ -87.735167353179662, 41.880474399143608 ], [ -87.736974406534969, 41.880483797219817 ] ] ] } },
{ "type": "Feature", "properties": { "cell_id": "c0011_0007", "row": 11, "col": 7, "area_m2": 22500.0 }, "geometry": { "type": "Polygon", "coordinates": [ [ [ -87.735167353179662, 41.880474399143608 ], [ -87.735154758032166, 41.881824846969003 ], [ -87.733347667494058, 41.881815420017041 ], [ -87.733360300685817, 41.8804649726357 ], [ -87.735167353179662, 41.880474399143608 ] ] ] } },
{ "type": "Feature", "properties": { "cell_id": "c0011_0008", "row": 11, "col": 8, "area_m2": 22500.0 }, "geometry": { "type": "Polygon", "coordinates": [ [ [ -87.733360300685817, 41.8804649726357 ], [ -87.733347667494058, 41.881815420017041 ], [ -87.73154057782007, 41.881805964632086 ], [ -87.731553249055992, 41.880455517696134 ], [ -87.733360300685817, 41.8804649726357 ] ] ] } },
{ "type": "Feature", "properties": { "cell_id": "c0011_0009", "row": 11, "col": 9, "area_m2": 22500.0 }, "geometry": { "type": "Polygon", "coordinates": [ [ [ -87.731553249055992, 41.880455517696134 ], [ -87.73154057782007, 41.881805964632086 ], [ -87.729733489012773, 41.881796480814167 ], [ -87.729746198292801, 41.880446034324947 ], [ -87.731553249055992, 41.880455517696134 ] ] ] } },
{ "type": "Feature", "properties": { "cell_id": "c0011_0010", "row": 11, "col": 10, "area_m2": 22500.0 }, "geometry": { "type": "Polygon", "coordinates": [ [ [ -87.729746198292801, 41.880446034324947 ], [ -87.729733489012773, 41.881796480814167 ], [ -87.727926401074797, 41.881786968563333 ], [ -87.727939148398846, 41.880436522522182 ], [ -87.729746198292801, 41.880446034324947 ] ] ] } },
{ "type": "Feature", "properties": { "cell_id": "c0011_0011", "row": 11, "col": 11, "area_m2": 22500.0 }, "geometry": { "type": "Polygon", "coordinates": [ [ [ -87.727939148398846, 41.880436522522182 ], [ -87.727926401074797, 41.881786968563333 ], [ -87.726119314008727, 41.881777427879612 ], [ -87.726132099376741, 41.880426982287872 ], [ -87.727939148398846, 41.880436522522182 ] ] ] } },
{ "type": "Feature", "properties": { "cell_id": "c0011_0012", "row": 11, "col": 12, "area_m2": 22500.0 }, "geometry": { "type": "Polygon", "coordinates": [ [ [ -87.726132099376741, 41.880426982287872 ], [ -87.726119314008727, 41.881777427879612 ], [ -87.724312227817165, 41.881767858763048 ], [ -87.724325051229087, 41.880417413622062 ], [ -87.726132099376741, 41.880426982287872 ] ] ] } },
{ "type": "Feature", "properties": { "cell_id": "c0011_0013", "row": 11, "col": 13, "area_m2": 22500.0 }, "geometry": { "type": "Polygon", "coordinates": [ [ [ -87.724325051229087, 41.880417413622062 ], [ -87.724312227817165, 41.881767858763048 ], [ -87.722505142502726, 41.88175826121369 ], [ -87.72251800395847, 41.88040781652478 ], [ -87.724325051229087, 41.880417413622062 ] ] ] } },
{ "type": "Feature", "properties": { "cell_id": "c0011_0014", "row": 11, "col": 14, "area_m2": 22500.0 }, "geometry": { "type": "Polygon", "coordinates": [ [ [ -87.72251800395847, 41.88040781652478 ], [ -87.722505142502726, 41.88175826121369 ], [ -87.720698058067995, 41.88174863523156 ], [ -87.720710957567491, 41.880398190996083 ], [ -87.72251800395847, 41.88040781652478 ] ] ] } },
{ "type": "Feature", "properties": { "cell_id": "c0011_0015", "row": 11, "col": 15, "area_m2": 22500.0 }, "geometry": { "type": "Polygon", "coordinates": [ [ [ -87.720710957567491, 41.880398190996083 ], [ -87.720698058067995, 41.88174863523156 ], [ -87.718890974515588, 41.881738980816706 ], [ -87.718903912058778, 41.880388537035991 ], [ -87.720710957567491, 41.880398190996083 ] ] ] } },
{ "type": "Feature", "properties": { "cell_id": "c0011_0016", "row": 11, "col": 16, "area_m2": 22500.0 }, "geometry": { "type": "Polygon", "coordinates": [ [ [ -87.718903912058778, 41.880388537035991 ], [ -87.718890974515588, 41.881738980816706 ], [ -87.717083891848105, 41.881729297969173 ], [ -87.717096867434904, 41.880378854644562 ], [ -87.718903912058778, 41.880388537035991 ] ] ] } },
{ "type": "Feature", "properties": { "cell_id": "c0011_0017", "row": 11, "col": 17, "area_m2": 22500.0 }, "geometry": { "type": "Polygon", "coordinates": [ [ [ -87.717096867434904, 41.880378854644562 ], [ -87.717083891848105, 41.881729297969173 ], [ -87.715276810068133, 41.881719586688988 ], [ -87.715289823698484, 41.880369143821817 ], [ -87.717096867434904, 41.880378854644562 ] ] ] } },
{ "type": "Feature", "properties": { "cell_id": "c0011_0018", "row": 11, "col": 18, "area_m2": 22500.0 }, "geometry": { "type": "Polygon", "coordinates": [ [ [ -87.715289823698484, 41.880369143821817 ], [ -87.715276810068133, 41.881719586688988 ], [ -87.7134697291783, 41.881709846976193 ], [ -87.713482780852104, 41.880359404567805 ], [ -87.715289823698484, 41.880369143821817 ] ] ] } },
{ "type": "Feature", "properties": { "cell_id": "c0011_0019", "row": 11, "col": 19, "area_m2": 22500.0 }, "geometry": { "type": "Polygon", "coordinates": [ [ [ -87.713482780852104, 41.880359404567805 ], [ -87.7134697291783, 41.881709846976193 ], [ -87.711662649181164, 41.881700078830846 ], [ -87.711675738898393, 41.880349636882571 ], [ -87.713482780852104, 41.880359404567805 ] ] ] } },
{ "type": "Feature", "properties": { "cell_id": "c0011_0020", "row": 11, "col": 20, "area_m2": 22500.0 }, "geometry": { "type": "Polygon", "coordinates": [ [ [ -87.711675738898393, 41.880349636882571 ], [ -87.711662649181164, 41.881700078830846 ], [ -87.709855570079384, 41.881690282252947 ], [ -87.709868697839937, 41.880339840766155 ], [ -87.711675738898393, 41.880349636882571 ] ] ] } },
{ "type": "Feature", "properties": { "cell_id": "c0011_0021", "row": 11, "col": 21, "area_m2": 22500.0 }, "geometry": { "type": "Polygon", "coordinates": [ [ [ -87.709868697839937, 41.880339840766155 ], [ -87.709855570079384, 41.881690282252947 ], [ -87.708048491875516, 41.881680457242574 ], [ -87.708061657679323, 41.880330016218579 ], [ -87.709868697839937, 41.880339840766155 ] ] ] } },
{ "type": "Feature", "properties": { "cell_id": "c0011_0022", "row": 11, "col": 22, "area_m2": 22500.0 }, "geometry": { "type": "Polygon", "coordinates": [ [ [ -87.708061657679323, 41.880330016218579 ], [ -87.708048491875516, 41.881680457242574 ], [ -87.706241414572176, 41.881670603799755 ], [ -87.706254618419194, 41.880320163239894 ], [ -87.708061657679323, 41.880330016218579 ] ] ] } },
{ "type": "Feature", "properties": { "cell_id": "c0011_0023", "row": 11, "col": 23, "area_m2": 11836.816544617603 }, "geometry": { "type": "Polygon", "coordinates": [ [ [ -87.704447580062094, 41.880310281830148 ], [ -87.706254618419194, 41.880320163239894 ], [ -87.706241414572176, 41.881670603799755 ], [ -87.706141412105524, 41.881670057686335 ], [ -87.706135242839821, 41.881439219719077 ], [ -87.706134471026402, 41.881410345133467 ], [ -87.706131131303877, 41.881275200032057 ], [ -87.706126608520435, 41.881114445394886 ], [ -87.706122737786842, 41.880972742888964 ], [ -87.705870401472268, 41.880975559106311 ], [ -87.705388017091423, 41.88098155221595 ], [ -87.70525531610113, 41.880983200786694 ], [ -87.704609307445111, 41.88099124692522 ], [ -87.704440886835783, 41.880992884879355 ], [ -87.704447580062094, 41.880310281830148 ] ] ] } },
{ "type": "Feature", "properties": { "cell_id": "c0011_0024", "row": 11, "col": 24, "area_m2": 11608.73827175774 }, "geometry": { "type": "Polygon", "coordinates": [ [ [ -87.702640542610681, 41.880300371989364 ], [ -87.704447580062094, 41.880310281830148 ], [ -87.704440886835783, 41.880992884879355 ], [ -87.704116459093058, 41.880996039365378 ], [ -87.703660833266312, 41.881000954616617 ], [ -87.703418163410603, 41.881003572698589 ], [ -87.703216281517612, 41.881006004426723 ], [ -87.702965735453148, 41.881007695031819 ], [ -87.702781066995684, 41.881008940219523 ], [ -87.702633554211289, 41.881011035572762 ], [ -87.702640542610681, 41.880300371989364 ] ] ] } },
{ "type": "Feature", "properties": { "cell_id": "c0011_0025", "row": 11, "col": 25, "area_m2": 12091.796138282234 }, "geometry": { "type": "Polygon", "coordinates": [ [ [ -87.700833506067525, 41.880290433717597 ], [ -87.702640542610681, 41.880300371989364 ], [ -87.702633554211289, 41.881011035572762 ], [ -87.70251237061801, 41.881012756789687 ], [ -87.702400725827104, 41.881014342981743 ], [ -87.702225944578245, 41.881016839940571 ], [ -87.70205082294909, 41.881018791812998 ], [ -87.701765846746355, 41.881021967059844 ], [ -87.701506940420657, 41.881024056022135 ], [ -87.701207753215726, 41.881025585075207 ], [ -87.700971844946736, 41.881026791045365 ], [ -87.700826223529461, 41.881028892579693 ], [ -87.700833506067525, 41.880290433717597 ] ] ] } },
{ "type": "Feature", "properties": { "cell_id": "c0011_0026", "row": 11, "col": 26, "area_m2": 12574.086795832667 }, "geometry": { "type": "Polygon", "coordinates": [ [ [ -87.699026470435228, 41.880280467014884 ], [ -87.700833506067525, 41.880290433717597 ], [ -87.700826223529461, 41.881028892579693 ], [ -87.700684201321039, 41.881030941994027 ], [ -87.700355204323955, 41.881035661021023 ], [ -87.700068662038447, 41.881039788575343 ], [ -87.699700391765688, 41.881042559661587 ], [ -87.699422455885838, 41.881045389780084 ], [ -87.699217235589941, 41.881047549341496 ], [ -87.699018865655887, 41.88104940422236 ], [ -87.699026470435228, 41.880280467014884 ] ] ] } },
{ "type": "Feature", "properties": { "cell_id": "c0011_0027", "row": 11, "col": 27, "area_m2": 13028.336287949462 }, "geometry": { "type": "Polygon", "coordinates": [ [ [ -87.697219435716391, 41.880270471881275 ], [ -87.699026470435228, 41.880280467014884 ], [ -87.699018865655887, 41.88104940422236 ], [ -87.698912748775115, 41.88105039633971 ], [ -87.698727601931395, 41.881051743095902 ], [ -87.698451898073714, 41.881053749428482 ], [ -87.698215092380366, 41.881056391677625 ], [ -87.69792841382511, 41.881059416467657 ], [ -87.697701850248492, 41.881061161730294 ], [ -87.697515853233014, 41.881062593622062 ], [ -87.697268683339843, 41.881066027322184 ], [ -87.697211539550707, 41.881066603347925 ], [ -87.697219435716391, 41.880270471881275 ] ] ] } },
{ "type": "Feature", "properties": { "cell_id": "c0011_0028", "row": 11, "col": 28, "area_m2": 13503.675285630392 }, "geometry": { "type": "Polygon", "coordinates": [ [ [ -87.695412401913629, 41.880260448316783 ], [ -87.697219435716391, 41.880270471881275 ], [ -87.697211539550707, 41.881066603347925 ], [ -87.697130743843218, 41.881067417743203 ], [ -87.697078081917851, 41.881067798536002 ], [ -87.69661086727001, 41.881072261492044 ], [ -87.696288776349974, 41.881076658775484 ], [ -87.696016228668583, 41.881080379298318 ], [ -87.695755676250513, 41.881081732241711 ], [ -87.695404214070791, 41.881083649184056 ], [ -87.695412401913629, 41.880260448316783 ] ] ] } },
{ "type": "Feature", "properties": { "cell_id": "c0011_0029", "row": 11, "col": 29, "area_m2": 13864.045557898176 }, "geometry": { "type": "Polygon", "coordinates": [ [ [ -87.693605369029541, 41.880250396321479 ], [ -87.695412401913629, 41.880260448316783 ], [ -87.695404214070791, 41.881083649184056 ], [ -87.695351864562539, 41.881083934616299 ], [ -87.694828967190233, 41.881086023607843 ], [ -87.69433133863005, 41.881087508985104 ], [ -87.693930854988778, 41.8810903784914 ], [ -87.693654513808383, 41.881092358093532 ], [ -87.693596964820614, 41.88109296345803 ], [ -87.693605369029541, 41.880250396321479 ] ] ] } },
{ "type": "Feature", "properties": { "cell_id": "c0011_0030", "row": 11, "col": 30, "area_m2": 14262.098979682412 }, "geometry": { "type": "Polygon", "coordinates": [ [ [ -87.691798337066729, 41.880240315895385 ], [ -87.693605369029541, 41.880250396321479 ], [ -87.693596964820614, 41.88109296345803 ], [ -87.693286085012389, 41.881096233139985 ], [ -87.692931821471674, 41.881099549469155 ], [ -87.692894743615355, 41.881099896420352 ], [ -87.692478402004497, 41.881102952473626 ], [ -87.692162269869897, 41.881105978591826 ], [ -87.691789642420943, 41.881109545099179 ], [ -87.691798337066729, 41.880240315895385 ] ] ] } },
{ "type": "Feature", "properties": { "cell_id": "c0011_0031", "row": 11, "col": 31, "area_m2": 14725.265307267555 }, "geometry": { "type": "Polygon", "coordinates": [ [ [ -87.689991306027778, 41.880230207038551 ], [ -87.691798337066729, 41.880240315895385 ], [ -87.691789642420943, 41.881109545099179 ], [ -87.691728733610304, 41.881110127957093 ], [ -87.69163260992832, 41.881111559945332 ], [ -87.691530109531527, 41.881113085812999 ], [ -87.691472769530634, 41.881113940293623 ], [ -87.69135628568894, 41.881115675103452 ], [ -87.691076736153022, 41.881117517983725 ], [ -87.690865323356419, 41.881118912217559 ], [ -87.690544638441978, 41.881122166851064 ], [ -87.690392102146006, 41.881123624170449 ], [ -87.690070040734923, 41.881126699560156 ], [ -87.689982304816553, 41.881127556360205 ], [ -87.689991306027778, 41.880230207038551 ] ] ] } },
{ "type": "Feature", "properties": { "cell_id": "c0011_0032", "row": 11, "col": 32, "area_m2": 15103.674612004052 }, "geometry": { "type": "Polygon", "coordinates": [ [ [ -87.688184275915305, 41.880220069751012 ], [ -87.689991306027778, 41.880230207038551 ], [ -87.689982304816553, 41.881127556360205 ], [ -87.689487911554281, 41.881132383188167 ], [ -87.68886327621982, 41.881127796348203 ], [ -87.688791722938063, 41.881127270531003 ], [ -87.688488816948777, 41.881134929113138 ], [ -87.688174993475982, 41.881142862836818 ], [ -87.688184275915305, 41.880220069751012 ] ] ] } },
{ "type": "Feature", "properties": { "cell_id": "c0011_0033", "row": 11, "col": 33, "area_m2": 15208.358977902079 }, "geometry": { "type": "Polygon", "coordinates": [ [ [ -87.688184275915305, 41.880220069751012 ], [ -87.688174993475982, 41.881142862836818 ], [ -87.688145113013306, 41.881143618195438 ], [ -87.687949585392062, 41.881145811181071 ], [ -87.687938861831483, 41.881145916531032 ], [ -87.68755045143692, 41.881150264130518 ], [ -87.687053773379532, 41.881155757698011 ], [ -87.68643116160645, 41.881161733676763 ], [ -87.686430984470007, 41.881153373911552 ], [ -87.686428157993873, 41.881020210123886 ], [ -87.68642183704587, 41.88084588731185 ], [ -87.686420459717198, 41.880711311807246 ], [ -87.686416606491761, 41.880425165245683 ], [ -87.68641299596122, 41.880304508112083 ], [ -87.686411600433274, 41.880257848199513 ], [ -87.686410171034254, 41.880210089507841 ], [ -87.688184275915305, 41.880220069751012 ] ] ] } },
{ "type": "Feature", "properties": { "cell_id": "c0012_0001", "row": 12, "col": 1, "area_m2": 14622.491479468816 }, "geometry": { "type": "Polygon", "coordinates": [ [ [ -87.744177817819391, 41.883222004936385 ], [ -87.744190223593179, 41.8818715552325 ], [ -87.745342268496856, 41.881877459553174 ], [ -87.745345813686427, 41.882005208495642 ], [ -87.745352936992589, 41.882401871868879 ], [ -87.745354820099379, 41.882475853626609 ], [ -87.745361522560501, 41.882739183987212 ], [ -87.745372371820395, 41.883037758818602 ], [ -87.745375714426061, 41.883130094301336 ], [ -87.745379264694023, 41.883228162348153 ], [ -87.744177817819391, 41.883222004936385 ] ] ] } },
{ "type": "Feature", "properties": { "cell_id": "c0012_0002", "row": 12, "col": 2, "area_m2": 22500.0 }, "geometry": { "type": "Polygon", "coordinates": [ [ [ -87.744190223593179, 41.8818715552325 ], [ -87.744177817819391, 41.883222004936385 ], [ -87.742370684952604, 41.88321271971261 ], [ -87.742383128773582, 41.881862270446099 ], [ -87.744190223593179, 41.8818715552325 ] ] ] } },
{ "type": "Feature", "properties": { "cell_id": "c0012_0003", "row": 12, "col": 3, "area_m2": 22500.0 }, "geometry": { "type": "Polygon", "coordinates": [ [ [ -87.742383128773582, 41.881862270446099 ], [ -87.742370684952604, 41.88321271971261 ], [ -87.740563552937004, 41.883203406054321 ], [ -87.740576034805073, 41.881852957226513 ], [ -87.742383128773582, 41.881862270446099 ] ] ] } },
{ "type": "Feature", "properties": { "cell_id": "c0012_0004", "row": 12, "col": 4, "area_m2": 22500.0 }, "geometry": { "type": "Polygon", "coordinates": [ [ [ -87.740576034805073, 41.881852957226513 ], [ -87.740563552937004, 41.883203406054321 ], [ -87.73875642177515, 41.883194063961525 ], [ -87.738768941690267, 41.881843615573786 ], [ -87.740576034805073, 41.881852957226513 ] ] ] } },
{ "type": "Feature", "properties": { "cell_id": "c0012_0005", "row": 12, "col": 5, "area_m2": 22500.0 }, "geometry": { "type": "Polygon", "coordinates": [ [ [ -87.738768941690267, 41.881843615573786 ], [ -87.73875642177515, 41.883194063961525 ], [ -87.736949291469671, 41.883184693434281 ], [ -87.736961849431765, 41.88183424548793 ], [ -87.738768941690267, 41.881843615573786 ] ] ] } },
{ "type": "Feature", "properties": { "cell_id": "c0012_0006", "row": 12, "col": 6, "area_m2": 22500.0 }, "geometry": { "type": "Polygon", "coordinates": [ [ [ -87.736961849431765, 41.88183424548793 ], [ -87.736949291469671, 41.883184693434281 ], [ -87.735142162023152, 41.883175294472622 ], [ -87.735154758032166, 41.881824846969003 ], [ -87.736961849431765, 41.88183424548793 ] ] ] } },
{ "type": "Feature", "properties": { "cell_id": "c0012_0007", "row": 12, "col": 7, "area_m2": 22500.0 }, "geometry": { "type": "Polygon", "coordinates": [ [ [ -87.735154758032166, 41.881824846969003 ], [ -87.735142162023152, 41.883175294472622 ], [ -87.733335033438209, 41.883165867076592 ], [ -87.733347667494058, 41.881815420017041 ], [ -87.735154758032166, 41.881824846969003 ] ] ] } },
{ "type": "Feature", "properties": { "cell_id": "c0012_0008", "row": 12, "col": 8, "area_m2": 22500.0 }, "geometry": { "type": "Polygon", "coordinates": [ [ [ -87.733347667494058, 41.881815420017041 ], [ -87.733335033438209, 41.883165867076592 ], [ -87.731527905717442, 41.883156411246226 ], [ -87.73154057782007, 41.881805964632086 ], [ -87.733347667494058, 41.881815420017041 ] ] ] } },
{ "type": "Feature", "properties": { "cell_id": "c0012_0009", "row": 12, "col": 9, "area_m2": 22500.0 }, "geometry": { "type": "Polygon", "coordinates": [ [ [ -87.73154057782007, 41.881805964632086 ], [ -87.731527905717442, 41.883156411246226 ], [ -87.729720778863452, 41.883146926981567 ], [ -87.729733489012773, 41.881796480814167 ], [ -87.73154057782007, 41.881805964632086 ] ] ] } },
{ "type": "Feature", "properties": { "cell_id": "c0012_0010", "row": 12, "col": 10, "area_m2": 22500.0 }, "geometry": { "type": "Polygon", "coordinates": [ [ [ -87.729733489012773, 41.881796480814167 ], [ -87.729720778863452, 41.883146926981567 ], [ -87.72791365287884, 41.883137414282629 ], [ -87.727926401074797, 41.881786968563333 ], [ -87.729733489012773, 41.881796480814167 ] ] ] } },
{ "type": "Feature", "properties": { "cell_id": "c0012_0011", "row": 12, "col": 11, "area_m2": 22500.0 }, "geometry": { "type": "Polygon", "coordinates": [ [ [ -87.727926401074797, 41.881786968563333 ], [ -87.72791365287884, 41.883137414282629 ], [ -87.726106527766206, 41.883127873149498 ], [ -87.726119314008727, 41.881777427879612 ], [ -87.727926401074797, 41.881786968563333 ] ] ] } },
{ "type": "Feature", "properties": { "cell_id": "c0012_0012", "row": 12, "col": 12, "area_m2": 22500.0 }, "geometry": { "type": "Polygon", "coordinates": [ [ [ -87.726119314008727, 41.881777427879612 ], [ -87.726106527766206, 41.883127873149498 ], [ -87.72429940352815, 41.883118303582165 ], [ -87.724312227817165, 41.881767858763048 ], [ -87.726119314008727, 41.881777427879612 ] ] ] } },
{ "type": "Feature", "properties": { "cell_id": "c0012_0013", "row": 12, "col": 13, "area_m2": 22500.0 }, "geometry": { "type": "Polygon", "coordinates": [ [ [ -87.724312227817165, 41.881767858763048 ], [ -87.72429940352815, 41.883118303582165 ], [ -87.722492280167273, 41.883108705580696 ], [ -87.722505142502726, 41.88175826121369 ], [ -87.724312227817165, 41.881767858763048 ] ] ] } },
{ "type": "Feature", "properties": { "cell_id": "c0012_0014", "row": 12, "col": 14, "area_m2": 22500.0 }, "geometry": { "type": "Polygon", "coordinates": [ [ [ -87.722505142502726, 41.88175826121369 ], [ -87.722492280167273, 41.883108705580696 ], [ -87.720685157686191, 41.883099079145119 ], [ -87.720698058067995, 41.88174863523156 ], [ -87.722505142502726, 41.88175826121369 ] ] ] } },
{ "type": "Feature", "properties": { "cell_id": "c0012_0015", "row": 12, "col": 15, "area_m2": 22500.0 }, "geometry": { "type": "Polygon", "coordinates": [ [ [ -87.720698058067995, 41.88174863523156 ], [ -87.720685157686191, 41.883099079145119 ], [ -87.718878036087489, 41.883089424275489 ], [ -87.718890974515588, 41.881738980816706 ], [ -87.720698058067995, 41.88174863523156 ] ] ] } },
{ "type": "Feature", "properties": { "cell_id": "c0012_0016", "row": 12, "col": 16, "area_m2": 22500.0 }, "geometry": { "type": "Polygon", "coordinates": [ [ [ -87.718890974515588, 41.881738980816706 ], [ -87.718878036087489, 41.883089424275489 ], [ -87.717070915373782, 41.883079740971823 ], [ -87.717083891848105, 41.881729297969173 ], [ -87.718890974515588, 41.881738980816706 ] ] ] } },
{ "type": "Feature", "properties": { "cell_id": "c0012_0017", "row": 12, "col": 17, "area_m2": 22500.0 }, "geometry": { "type": "Polygon", "coordinates": [ [ [ -87.717083891848105, 41.881729297969173 ], [ -87.717070915373782, 41.883079740971823 ], [ -87.715263795547656, 41.883070029234176 ], [ -87.715276810068133, 41.881719586688988 ], [ -87.717083891848105, 41.881729297969173 ] ] ] } },
{ "type": "Feature", "properties": { "cell_id": "c0012_0018", "row": 12, "col": 18, "area_m2": 22500.0 }, "geometry": { "type": "Polygon", "coordinates": [ [ [ -87.715276810068133, 41.881719586688988 ], [ -87.715263795547656, 41.883070029234176 ], [ -87.713456676611742, 41.883060289062584 ], [ -87.7134697291783, 41.881709846976193 ], [ -87.715276810068133, 41.881719586688988 ] ] ] } },
{ "type": "Feature", "properties": { "cell_id": "c0012_0019", "row": 12, "col": 19, "area_m2": 22500.0 }, "geometry": { "type": "Polygon", "coordinates": [ [ [ -87.7134697291783, 41.881709846976193 ], [ -87.713456676611742, 41.883060289062584 ], [ -87.71164955856861, 41.883050520457083 ], [ -87.711662649181164, 41.881700078830846 ], [ -87.7134697291783, 41.881709846976193 ] ] ] } },
{ "type": "Feature", "properties": { "cell_id": "c0012_0020", "row": 12, "col": 20, "area_m2": 22500.0 }, "geometry": { "type": "Polygon", "coordinates": [ [ [ -87.711662649181164, 41.881700078830846 ], [ -87.71164955856861, 41.883050520457083 ], [ -87.709842441420889, 41.883040723417714 ], [ -87.709855570079384, 41.881690282252947 ], [ -87.711662649181164, 41.881700078830846 ] ] ] } },
{ "type": "Feature", "properties": { "cell_id": "c0012_0021", "row": 12, "col": 21, "area_m2": 22500.0 }, "geometry": { "type": "Polygon", "coordinates": [ [ [ -87.709855570079384, 41.881690282252947 ], [ -87.709842441420889, 41.883040723417714 ], [ -87.708035325171167, 41.883030897944529 ], [ -87.708048491875516, 41.881680457242574 ], [ -87.709855570079384, 41.881690282252947 ] ] ] } },
{ "type": "Feature", "properties": { "cell_id": "c0012_0022", "row": 12, "col": 22, "area_m2": 22500.0 }, "geometry": { "type": "Polygon", "coordinates": [ [ [ -87.708048491875516, 41.881680457242574 ], [ -87.708035325171167, 41.883030897944529 ], [ -87.706228209822029, 41.883021044037541 ], [ -87.706241414572176, 41.881670603799755 ], [ -87.708048491875516, 41.881680457242574 ] ] ] } },
{ "type": "Feature", "properties": { "cell_id": "c0012_0023", "row": 12, "col": 23, "area_m2": 931.96341389761881 }, "geometry": { "type": "Polygon", "coordinates": [ [ [ -87.706241414572176, 41.881670603799755 ], [ -87.706228209822029, 41.883021044037541 ], [ -87.706176472610537, 41.88302076150417 ], [ -87.706173530796974, 41.882932655199241 ], [ -87.70617046561982, 41.882794319937865 ], [ -87.706165988924695, 41.882592355178446 ], [ -87.706159986552962, 41.88230099798978 ], [ -87.706159315809543, 41.882268442485184 ], [ -87.706152878586678, 41.882017857540518 ], [ -87.706148056613898, 41.881881642815308 ], [ -87.706144017220836, 41.881767533976003 ], [ -87.706141412105524, 41.881670057686335 ], [ -87.706241414572176, 41.881670603799755 ] ] ] } },
{ "type": "Feature", "properties": { "cell_id": "c0013_0001", "row": 13, "col": 1, "area_m2": 15342.366283797421 }, "geometry": { "type": "Polygon", "coordinates": [ [ [ -87.744165411197045, 41.884572454318594 ], [ -87.744177817819391, 41.883222004936385 ], [ -87.745379264694023, 41.883228162348153 ], [ -87.745381690231625, 41.88329516214008 ], [ -87.745394724730929, 41.883651871442126 ], [ -87.745399956447926, 41.883793363599587 ], [ -87.745408202375074, 41.88401637644801 ], [ -87.745419444689972, 41.884316270392183 ], [ -87.745423261270048, 41.884452064198101 ], [ -87.745426450210829, 41.884565510985517 ], [ -87.745427015089362, 41.884578919873007 ], [ -87.744165411197045, 41.884572454318594 ] ] ] } },
{ "type": "Feature", "properties": { "cell_id": "c0013_0002", "row": 13, "col": 2, "area_m2": 22500.0 }, "geometry": { "type": "Polygon", "coordinates": [ [ [ -87.744177817819391, 41.883222004936385 ], [ -87.744165411197045, 41.884572454318594 ], [ -87.742358240280481, 41.884563168657436 ], [ -87.742370684952604, 41.88321271971261 ], [ -87.744177817819391, 41.883222004936385 ] ] ] } },
{ "type": "Feature", "properties": { "cell_id": "c0013_0003", "row": 13, "col": 3, "area_m2": 22500.0 }, "geometry": { "type": "Polygon", "coordinates": [ [ [ -87.742370684952604, 41.88321271971261 ], [ -87.742358240280481, 41.884563168657436 ], [ -87.740551070215162, 41.884553854560401 ], [ -87.740563552937004, 41.883203406054321 ], [ -87.742370684952604, 41.88321271971261 ] ] ] } },
{ "type": "Feature", "properties": { "cell_id": "c0013_0004", "row": 13, "col": 4, "area_m2": 22500.0 }, "geometry": { "type": "Polygon", "coordinates": [ [ [ -87.740563552937004, 41.883203406054321 ], [ -87.740551070215162, 41.884553854560401 ], [ -87.738743901003673, 41.884544512027539 ], [ -87.73875642177515, 41.883194063961525 ], [ -87.740563552937004, 41.883203406054321 ] ] ] } },
{ "type": "Feature", "properties": { "cell_id": "c0013_0005", "row": 13, "col": 5, "area_m2": 22500.0 }, "geometry": { "type": "Polygon", "coordinates": [ [ [ -87.73875642177515, 41.883194063961525 ], [ -87.738743901003673, 41.884544512027539 ], [ -87.736936732648601, 41.884535141058883 ], [ -87.736949291469671, 41.883184693434281 ], [ -87.73875642177515, 41.883194063961525 ] ] ] } },
{ "type": "Feature", "properties": { "cell_id": "c0013_0006", "row": 13, "col": 6, "area_m2": 22500.0 }, "geometry": { "type": "Polygon", "coordinates": [ [ [ -87.736949291469671, 41.883184693434281 ], [ -87.736936732648601, 41.884535141058883 ], [ -87.735129565152576, 41.884525741654485 ], [ -87.735142162023152, 41.883175294472622 ], [ -87.736949291469671, 41.883184693434281 ] ] ] } },
{ "type": "Feature", "properties": { "cell_id": "c0013_0007", "row": 13, "col": 7, "area_m2": 22500.0 }, "geometry": { "type": "Polygon", "coordinates": [ [ [ -87.735142162023152, 41.883175294472622 ], [ -87.735129565152576, 41.884525741654485 ], [ -87.733322398518197, 41.884516313814352 ], [ -87.733335033438209, 41.883165867076592 ], [ -87.735142162023152, 41.883175294472622 ] ] ] } },
{ "type": "Feature", "properties": { "cell_id": "c0013_0008", "row": 13, "col": 8, "area_m2": 22500.0 }, "geometry": { "type": "Polygon", "coordinates": [ [ [ -87.733335033438209, 41.883165867076592 ], [ -87.733322398518197, 41.884516313814352 ], [ -87.731515232748038, 41.884506857538568 ], [ -87.731527905717442, 41.883156411246226 ], [ -87.733335033438209, 41.883165867076592 ] ] ] } },
{ "type": "Feature", "properties": { "cell_id": "c0013_0009", "row": 13, "col": 9, "area_m2": 22500.0 }, "geometry": { "type": "Polygon", "coordinates": [ [ [ -87.731527905717442, 41.883156411246226 ], [ -87.731515232748038, 41.884506857538568 ], [ -87.72970806784474, 41.884497372827127 ], [ -87.729720778863452, 41.883146926981567 ], [ -87.731527905717442, 41.883156411246226 ] ] ] } },
{ "type": "Feature", "properties": { "cell_id": "c0013_0010", "row": 13, "col": 10, "area_m2": 22500.0 }, "geometry": { "type": "Polygon", "coordinates": [ [ [ -87.729720778863452, 41.883146926981567 ], [ -87.72970806784474, 41.884497372827127 ], [ -87.727900903810891, 41.8844878596801 ], [ -87.72791365287884, 41.883137414282629 ], [ -87.729720778863452, 41.883146926981567 ] ] ] } },
{ "type": "Feature", "properties": { "cell_id": "c0013_0011", "row": 13, "col": 11, "area_m2": 22500.0 }, "geometry": { "type": "Polygon", "coordinates": [ [ [ -87.72791365287884, 41.883137414282629 ], [ -87.727900903810891, 41.8844878596801 ], [ -87.726093740649091, 41.884478318097507 ], [ -87.726106527766206, 41.883127873149498 ], [ -87.72791365287884, 41.883137414282629 ] ] ] } },
{ "type": "Feature", "properties": { "cell_id": "c0013_0012", "row": 13, "col": 12, "area_m2": 22500.0 }, "geometry": { "type": "Polygon", "coordinates": [ [ [ -87.726106527766206, 41.883127873149498 ], [ -87.726093740649091, 41.884478318097507 ], [ -87.724286578361941, 41.884468748079399 ], [ -87.72429940352815, 41.883118303582165 ], [ -87.726106527766206, 41.883127873149498 ] ] ] } },
{ "type": "Feature", "properties": { "cell_id": "c0013_0013", "row": 13, "col": 13, "area_m2": 22500.0 }, "geometry": { "type": "Polygon", "coordinates": [ [ [ -87.72429940352815, 41.883118303582165 ], [ -87.724286578361941, 41.884468748079399 ], [ -87.722479416952041, 41.884459149625805 ], [ -87.722492280167273, 41.883108705580696 ], [ -87.72429940352815, 41.883118303582165 ] ] ] } },
{ "type": "Feature", "properties": { "cell_id": "c0013_0014", "row": 13, "col": 14, "area_m2": 22500.0 }, "geometry": { "type": "Polygon", "coordinates": [ [ [ -87.722492280167273, 41.883108705580696 ], [ -87.722479416952041, 41.884459149625805 ], [ -87.720672256421992, 41.884449522736766 ], [ -87.720685157686191, 41.883099079145119 ], [ -87.722492280167273, 41.883108705580696 ] ] ] } },
{ "type": "Feature", "properties": { "cell_id": "c0013_0015", "row": 13, "col": 15, "area_m2": 22500.0 }, "geometry": { "type": "Polygon", "coordinates": [ [ [ -87.720685157686191, 41.883099079145119 ], [ -87.720672256421992, 41.884449522736766 ], [ -87.718865096774394, 41.884439867412325 ], [ -87.718878036087489, 41.883089424275489 ], [ -87.720685157686191, 41.883099079145119 ] ] ] } },
{ "type": "Feature", "properties": { "cell_id": "c0013_0016", "row": 13, "col": 16, "area_m2": 22500.0 }, "geometry": { "type": "Polygon", "coordinates": [ [ [ -87.718878036087489, 41.883089424275489 ], [ -87.718865096774394, 41.884439867412325 ], [ -87.717057938011877, 41.884430183652533 ], [ -87.717070915373782, 41.883079740971823 ], [ -87.718878036087489, 41.883089424275489 ] ] ] } },
{ "type": "Feature", "properties": { "cell_id": "c0013_0017", "row": 13, "col": 17, "area_m2": 22500.0 }, "geometry": { "type": "Polygon", "coordinates": [ [ [ -87.717070915373782, 41.883079740971823 ], [ -87.717057938011877, 41.884430183652533 ], [ -87.715250780137012, 41.884420471457389 ], [ -87.715263795547656, 41.883070029234176 ], [ -87.717070915373782, 41.883079740971823 ] ] ] } },
{ "type": "Feature", "properties": { "cell_id": "c0013_0018", "row": 13, "col": 18, "area_m2": 22500.0 }, "geometry": { "type": "Polygon", "coordinates": [ [ [ -87.715263795547656, 41.883070029234176 ], [ -87.715250780137012, 41.884420471457389 ], [ -87.713443623152401, 41.884410730826978 ], [ -87.713456676611742, 41.883060289062584 ], [ -87.715263795547656, 41.883070029234176 ] ] ] } },
{ "type": "Feature", "properties": { "cell_id": "c0013_0019", "row": 13, "col": 19, "area_m2": 22500.0 }, "geometry": { "type": "Polygon", "coordinates": [ [ [ -87.713456676611742, 41.883060289062584 ], [ -87.713443623152401, 41.884410730826978 ], [ -87.711636467060671, 41.884400961761308 ], [ -87.71164955856861, 41.883050520457083 ], [ -87.713456676611742, 41.883060289062584 ] ] ] } },
{ "type": "Feature", "properties": { "cell_id": "c0013_0020", "row": 13, "col": 20, "area_m2": 22500.0 }, "geometry": { "type": "Polygon", "coordinates": [ [ [ -87.71164955856861, 41.883050520457083 ], [ -87.711636467060671, 41.884400961761308 ], [ -87.709829311864411, 41.884391164260457 ], [ -87.709842441420889, 41.883040723417714 ], [ -87.71164955856861, 41.883050520457083 ] ] ] } },
{ "type": "Feature", "properties": { "cell_id": "c0013_0021", "row": 13, "col": 21, "area_m2": 22500.0 }, "geometry": { "type": "Polygon", "coordinates": [ [ [ -87.709842441420889, 41.883040723417714 ], [ -87.709829311864411, 41.884391164260457 ], [ -87.708022157566205, 41.884381338324424 ], [ -87.708035325171167, 41.883030897944529 ], [ -87.709842441420889, 41.883040723417714 ] ] ] } },
{ "type": "Feature", "properties": { "cell_id": "c0013_0022", "row": 13, "col": 22, "area_m2": 22497.23005350574 }, "geometry": { "type": "Polygon", "coordinates": [ [ [ -87.706228209822029, 41.883021044037541 ], [ -87.708035325171167, 41.883030897944529 ], [ -87.708022157566205, 41.884381338324424 ], [ -87.706219851799816, 41.884371510425339 ], [ -87.706219281458999, 41.884352066317646 ], [ -87.706217973273596, 41.884307444600537 ], [ -87.706216216334525, 41.88424752900233 ], [ -87.706228209822029, 41.883021044037541 ] ] ] } },
{ "type": "Feature", "properties": { "cell_id": "c0013_0023", "row": 13, "col": 23, "area_m2": 284.268191933401 }, "geometry": { "type": "Polygon", "coordinates": [ [ [ -87.706228209822029, 41.883021044037541 ], [ -87.706216216334525, 41.88424752900233 ], [ -87.706208789012067, 41.883994239512013 ], [ -87.706200285168862, 41.883704236330253 ], [ -87.706196880201105, 41.883590416394547 ], [ -87.706192225580509, 41.88349189724233 ], [ -87.706183481597776, 41.883230404754443 ], [ -87.706177905022798, 41.883063661687125 ], [ -87.706176472610537, 41.88302076150417 ], [ -87.706228209822029, 41.883021044037541 ] ] ] } },
{ "type": "Feature", "properties": { "cell_id": "c0014_0001", "row": 14, "col": 1, "area_m2": 16093.364930552918 }, "geometry": { "type": "Polygon", "coordinates": [ [ [ -87.744153003726083, 41.885922903379111 ], [ -87.744165411197045, 41.884572454318594 ], [ -87.745427015089362, 41.884578919873007 ], [ -87.745441669828068, 41.884926787184924 ], [ -87.745446205647468, 41.885034466960803 ], [ -87.745452914637085, 41.88528005697804 ], [ -87.745454737834379, 41.885357316531554 ], [ -87.74545812442777, 41.885500858208225 ], [ -87.745461064418407, 41.885596784905765 ], [ -87.745468648194546, 41.885742625032428 ], [ -87.745475613262983, 41.885876580221137 ], [ -87.745476949899526, 41.88592968824706 ], [ -87.744153003726083, 41.885922903379111 ] ] ] } },
{ "type": "Feature", "properties": { "cell_id": "c0014_0002", "row": 14, "col": 2, "area_m2": 22500.0 }, "geometry": { "type": "Polygon", "coordinates": [ [ [ -87.744165411197045, 41.884572454318594 ], [ -87.744153003726083, 41.885922903379111 ], [ -87.742345794757128, 41.885913617280536 ], [ -87.742358240280481, 41.884563168657436 ], [ -87.744165411197045, 41.884572454318594 ] ] ] } },
{ "type": "Feature", "properties": { "cell_id": "c0014_0003", "row": 14, "col": 3, "area_m2": 22500.0 }, "geometry": { "type": "Polygon", "coordinates": [ [ [ -87.742358240280481, 41.884563168657436 ], [ -87.742345794757128, 41.885913617280536 ], [ -87.740538586639488, 41.885904302744741 ], [ -87.740551070215162, 41.884553854560401 ], [ -87.742358240280481, 41.884563168657436 ] ] ] } },
{ "type": "Feature", "properties": { "cell_id": "c0014_0004", "row": 14, "col": 4, "area_m2": 22500.0 }, "geometry": { "type": "Polygon", "coordinates": [ [ [ -87.740551070215162, 41.884553854560401 ], [ -87.740538586639488, 41.885904302744741 ], [ -87.73873137937575, 41.885894959771804 ], [ -87.738743901003673, 41.884544512027539 ], [ -87.740551070215162, 41.884553854560401 ] ] ] } },
{ "type": "Feature", "properties": { "cell_id": "c0014_0005", "row": 14, "col": 5, "area_m2": 22500.0 }, "geometry": { "type": "Polygon", "coordinates": [ [ [ -87.738743901003673, 41.884544512027539 ], [ -87.73873137937575, 41.885894959771804 ], [ -87.736924172968486, 41.885885588361717 ], [ -87.736936732648601, 41.884535141058883 ], [ -87.738743901003673, 41.884544512027539 ] ] ] } },
{ "type": "Feature", "properties": { "cell_id": "c0014_0006", "row": 14, "col": 6, "area_m2": 22500.0 }, "geometry": { "type": "Polygon", "coordinates": [ [ [ -87.736936732648601, 41.884535141058883 ], [ -87.736924172968486, 41.885885588361717 ], [ -87.735116967420353, 41.885876188514551 ], [ -87.735129565152576, 41.884525741654485 ], [ -87.736936732648601, 41.884535141058883 ] ] ] } },
{ "type": "Feature", "properties": { "cell_id": "c0014_0007", "row": 14, "col": 7, "area_m2": 22500.0 }, "geometry": { "type": "Polygon", "coordinates": [ [ [ -87.735129565152576, 41.884525741654485 ], [ -87.735116967420353, 41.885876188514551 ], [ -87.733309762733924, 41.885866760230321 ], [ -87.733322398518197, 41.884516313814352 ], [ -87.735129565152576, 41.884525741654485 ] ] ] } },
{ "type": "Feature", "properties": { "cell_id": "c0014_0008", "row": 14, "col": 8, "area_m2": 22500.0 }, "geometry": { "type": "Polygon", "coordinates": [ [ [ -87.733322398518197, 41.884516313814352 ], [ -87.733309762733924, 41.885866760230321 ], [ -87.731502558911799, 41.885857303509077 ], [ -87.731515232748038, 41.884506857538568 ], [ -87.733322398518197, 41.884516313814352 ] ] ] } },
{ "type": "Feature", "properties": { "cell_id": "c0014_0009", "row": 14, "col": 9, "area_m2": 22500.0 }, "geometry": { "type": "Polygon", "coordinates": [ [ [ -87.731515232748038, 41.884506857538568 ], [ -87.731502558911799, 41.885857303509077 ], [ -87.729695355956594, 41.885847818350861 ], [ -87.72970806784474, 41.884497372827127 ], [ -87.731515232748038, 41.884506857538568 ] ] ] } },
{ "type": "Feature", "properties": { "cell_id": "c0014_0010", "row": 14, "col": 10, "area_m2": 22500.0 }, "geometry": { "type": "Polygon", "coordinates": [ [ [ -87.72970806784474, 41.884497372827127 ], [ -87.729695355956594, 41.885847818350861 ], [ -87.727888153870907, 41.885838304755694 ], [ -87.727900903810891, 41.8844878596801 ], [ -87.72970806784474, 41.884497372827127 ] ] ] } },
{ "type": "Feature", "properties": { "cell_id": "c0014_0011", "row": 14, "col": 11, "area_m2": 22500.0 }, "geometry": { "type": "Polygon", "coordinates": [ [ [ -87.727900903810891, 41.8844878596801 ], [ -87.727888153870907, 41.885838304755694 ], [ -87.726080952657327, 41.885828762723648 ], [ -87.726093740649091, 41.884478318097507 ], [ -87.727900903810891, 41.8844878596801 ] ] ] } },
{ "type": "Feature", "properties": { "cell_id": "c0014_0012", "row": 14, "col": 12, "area_m2": 22500.0 }, "geometry": { "type": "Polygon", "coordinates": [ [ [ -87.726093740649091, 41.884478318097507 ], [ -87.726080952657327, 41.885828762723648 ], [ -87.724273752318467, 41.885819192254729 ], [ -87.724286578361941, 41.884468748079399 ], [ -87.726093740649091, 41.884478318097507 ] ] ] } },
{ "type": "Feature", "properties": { "cell_id": "c0014_0013", "row": 14, "col": 13, "area_m2": 22500.0 }, "geometry": { "type": "Polygon", "coordinates": [ [ [ -87.724286578361941, 41.884468748079399 ], [ -87.724273752318467, 41.885819192254729 ], [ -87.722466552856929, 41.885809593348981 ], [ -87.722479416952041, 41.884459149625805 ], [ -87.724286578361941, 41.884468748079399 ] ] ] } },
{ "type": "Feature", "properties": { "cell_id": "c0014_0014", "row": 14, "col": 14, "area_m2": 22500.0 }, "geometry": { "type": "Polygon", "coordinates": [ [ [ -87.722479416952041, 41.884459149625805 ], [ -87.722466552856929, 41.885809593348981 ], [ -87.720659354275327, 41.885799966006473 ], [ -87.720672256421992, 41.884449522736766 ], [ -87.722479416952041, 41.884459149625805 ] ] ] } },
{ "type": "Feature", "properties": { "cell_id": "c0014_0015", "row": 14, "col": 15, "area_m2": 22500.0 }, "geometry": { "type": "Polygon", "coordinates": [ [ [ -87.720672256421992, 41.884449522736766 ], [ -87.720659354275327, 41.885799966006473 ], [ -87.718852156576261, 41.8857903102272 ], [ -87.718865096774394, 41.884439867412325 ], [ -87.720672256421992, 41.884449522736766 ] ] ] } },
{ "type": "Feature", "properties": { "cell_id": "c0014_0016", "row": 14, "col": 16, "area_m2": 22500.0 }, "geometry": { "type": "Polygon", "coordinates": [ [ [ -87.718865096774394, 41.884439867412325 ], [ -87.718852156576261, 41.8857903102272 ], [ -87.717044959762305, 41.88578062601124 ], [ -87.717057938011877, 41.884430183652533 ], [ -87.718865096774394, 41.884439867412325 ] ] ] } },
{ "type": "Feature", "properties": { "cell_id": "c0014_0017", "row": 14, "col": 17, "area_m2": 22500.0 }, "geometry": { "type": "Polygon", "coordinates": [ [ [ -87.717057938011877, 41.884430183652533 ], [ -87.717044959762305, 41.88578062601124 ], [ -87.715237763836086, 41.885770913358613 ], [ -87.715250780137012, 41.884420471457389 ], [ -87.717057938011877, 41.884430183652533 ] ] ] } },
{ "type": "Feature", "properties": { "cell_id": "c0014_0018", "row": 14, "col": 18, "area_m2": 22500.0 }, "geometry": { "type": "Polygon", "coordinates": [ [ [ -87.715250780137012, 41.884420471457389 ], [ -87.715237763836086, 41.885770913358613 ], [ -87.713430568800192, 41.885761172269348 ], [ -87.713443623152401, 41.884410730826978 ], [ -87.715250780137012, 41.884420471457389 ] ] ] } },
{ "type": "Feature", "properties": { "cell_id": "c0014_0019", "row": 14, "col": 19, "area_m2": 22500.0 }, "geometry": { "type": "Polygon", "coordinates": [ [ [ -87.713443623152401, 41.884410730826978 ], [ -87.713430568800192, 41.885761172269348 ], [ -87.71162337465725, 41.885751402743516 ], [ -87.711636467060671, 41.884400961761308 ], [ -87.713443623152401, 41.884410730826978 ] ] ] } },
{ "type": "Feature", "properties": { "cell_id": "c0014_0020", "row": 14, "col": 20, "area_m2": 22500.0 }, "geometry": { "type": "Polygon", "coordinates": [ [ [ -87.711636467060671, 41.884400961761308 ], [ -87.71162337465725, 41.885751402743516 ], [ -87.709816181409849, 41.885741604781131 ], [ -87.709829311864411, 41.884391164260457 ], [ -87.711636467060671, 41.884400961761308 ] ] ] } },
{ "type": "Feature", "properties": { "cell_id": "c0014_0021", "row": 14, "col": 21, "area_m2": 22500.0 }, "geometry": { "type": "Polygon", "coordinates": [ [ [ -87.709829311864411, 41.884391164260457 ], [ -87.709816181409849, 41.885741604781131 ], [ -87.708008989060588, 41.885731778382237 ], [ -87.708022157566205, 41.884381338324424 ], [ -87.709829311864411, 41.884391164260457 ] ] ] } },
{ "type": "Feature", "properties": { "cell_id": "c0014_0022", "row": 14, "col": 22, "area_m2": 22111.24804091316 }, "geometry": { "type": "Polygon", "coordinates": [ [ [ -87.708022157566205, 41.884381338324424 ], [ -87.708008989060588, 41.885731778382237 ], [ -87.706259215689954, 41.885722237092125 ], [ -87.706251749032688, 41.88550153184967 ], [ -87.706249501366457, 41.885397109694402 ], [ -87.706245814069874, 41.885225894215644 ], [ -87.706234662292474, 41.884875090094262 ], [ -87.706234103065228, 41.884857498005587 ], [ -87.706220603446923, 41.884397135627623 ], [ -87.706219851799816, 41.884371510425339 ], [ -87.708022157566205, 41.884381338324424 ] ] ] } },
{ "type": "Feature", "properties": { "cell_id": "c0015_0001", "row": 15, "col": 1, "area_m2": 16838.246865018031 }, "geometry": { "type": "Polygon", "coordinates": [ [ [ -87.744140595406407, 41.887273352117944 ], [ -87.744153003726083, 41.885922903379111 ], [ -87.745476949899526, 41.88592968824706 ], [ -87.745477531525097, 41.885952797713543 ], [ -87.745482558929325, 41.886152494930144 ], [ -87.745483689951186, 41.886183811891549 ], [ -87.745492107380514, 41.886416814784766 ], [ -87.745496553648081, 41.886566880336474 ], [ -87.745498296651007, 41.886625684265169 ], [ -87.745499201025154, 41.886656227626844 ], [ -87.745502624820759, 41.886771809360383 ], [ -87.745512001728272, 41.886962856717957 ], [ -87.745518285351864, 41.887084815893452 ], [ -87.745528366158752, 41.88728046386943 ], [ -87.744140595406407, 41.887273352117944 ] ] ] } },
{ "type": "Feature", "properties": { "cell_id": "c0015_0002", "row": 15, "col": 2, "area_m2": 22500.0 }, "geometry": { "type": "Polygon", "coordinates": [ [ [ -87.744153003726083, 41.885922903379111 ], [ -87.744140595406407, 41.887273352117944 ], [ -87.742333348382473, 41.887264065581938 ], [ -87.742345794757128, 41.885913617280536 ], [ -87.744153003726083, 41.885922903379111 ] ] ] } },
{ "type": "Feature", "properties": { "cell_id": "c0015_0003", "row": 15, "col": 3, "area_m2": 22500.0 }, "geometry": { "type": "Polygon", "coordinates": [ [ [ -87.742345794757128, 41.885913617280536 ], [ -87.742333348382473, 41.887264065581938 ], [ -87.740526102209898, 41.887254750607397 ], [ -87.740538586639488, 41.885904302744741 ], [ -87.742345794757128, 41.885913617280536 ] ] ] } },
{ "type": "Feature", "properties": { "cell_id": "c0015_0004", "row": 15, "col": 4, "area_m2": 22500.0 }, "geometry": { "type": "Polygon", "coordinates": [ [ [ -87.740538586639488, 41.885904302744741 ], [ -87.740526102209898, 41.887254750607397 ], [ -87.73871885689131, 41.887245407194328 ], [ -87.73873137937575, 41.885894959771804 ], [ -87.740538586639488, 41.885904302744741 ] ] ] } },
{ "type": "Feature", "properties": { "cell_id": "c0015_0005", "row": 15, "col": 5, "area_m2": 22500.0 }, "geometry": { "type": "Polygon", "coordinates": [ [ [ -87.73873137937575, 41.885894959771804 ], [ -87.73871885689131, 41.887245407194328 ], [ -87.736911612429282, 41.887236035342802 ], [ -87.736924172968486, 41.885885588361717 ], [ -87.73873137937575, 41.885894959771804 ] ] ] } },
{ "type": "Feature", "properties": { "cell_id": "c0015_0006", "row": 15, "col": 6, "area_m2": 22500.0 }, "geometry": { "type": "Polygon", "coordinates": [ [ [ -87.736924172968486, 41.885885588361717 ], [ -87.736911612429282, 41.887236035342802 ], [ -87.735104368826427, 41.887226635052848 ], [ -87.735116967420353, 41.885876188514551 ], [ -87.736924172968486, 41.885885588361717 ] ] ] } },
{ "type": "Feature", "properties": { "cell_id": "c0015_0007", "row": 15, "col": 7, "area_m2": 22500.0 }, "geometry": { "type": "Polygon", "coordinates": [ [ [ -87.735116967420353, 41.885876188514551 ], [ -87.735104368826427, 41.887226635052848 ], [ -87.733297126085347, 41.887217206324486 ], [ -87.733309762733924, 41.885866760230321 ], [ -87.735116967420353, 41.885876188514551 ] ] ] } },
{ "type": "Feature", "properties": { "cell_id": "c0015_0008", "row": 15, "col": 8, "area_m2": 22500.0 }, "geometry": { "type": "Polygon", "coordinates": [ [ [ -87.733309762733924, 41.885866760230321 ], [ -87.733297126085347, 41.887217206324486 ], [ -87.731489884208656, 41.887207749157781 ], [ -87.731502558911799, 41.885857303509077 ], [ -87.733309762733924, 41.885866760230321 ] ] ] } },
{ "type": "Feature", "properties": { "cell_id": "c0015_0009", "row": 15, "col": 9, "area_m2": 22500.0 }, "geometry": { "type": "Polygon", "coordinates": [ [ [ -87.731502558911799, 41.885857303509077 ], [ -87.731489884208656, 41.887207749157781 ], [ -87.729682643198927, 41.887198263552762 ], [ -87.729695355956594, 41.885847818350861 ], [ -87.731502558911799, 41.885857303509077 ] ] ] } },
{ "type": "Feature", "properties": { "cell_id": "c0015_0010", "row": 15, "col": 10, "area_m2": 22500.0 }, "geometry": { "type": "Polygon", "coordinates": [ [ [ -87.729695355956594, 41.885847818350861 ], [ -87.729682643198927, 41.887198263552762 ], [ -87.727875403058789, 41.887188749509448 ], [ -87.727888153870907, 41.885838304755694 ], [ -87.729695355956594, 41.885847818350861 ] ] ] } },
{ "type": "Feature", "properties": { "cell_id": "c0015_0011", "row": 15, "col": 11, "area_m2": 22500.0 }, "geometry": { "type": "Polygon", "coordinates": [ [ [ -87.727888153870907, 41.885838304755694 ], [ -87.727875403058789, 41.887188749509448 ], [ -87.726068163790842, 41.887179207027927 ], [ -87.726080952657327, 41.885828762723648 ], [ -87.727888153870907, 41.885838304755694 ] ] ] } },
{ "type": "Feature", "properties": { "cell_id": "c0015_0012", "row": 15, "col": 12, "area_m2": 22500.0 }, "geometry": { "type": "Polygon", "coordinates": [ [ [ -87.726080952657327, 41.885828762723648 ], [ -87.726068163790842, 41.887179207027927 ], [ -87.724260925397687, 41.887169636108183 ], [ -87.724273752318467, 41.885819192254729 ], [ -87.726080952657327, 41.885828762723648 ] ] ] } },
{ "type": "Feature", "properties": { "cell_id": "c0015_0013", "row": 15, "col": 13, "area_m2": 22500.0 }, "geometry": { "type": "Polygon", "coordinates": [ [ [ -87.724273752318467, 41.885819192254729 ], [ -87.724260925397687, 41.887169636108183 ], [ -87.722453687881909, 41.887160036750274 ], [ -87.722466552856929, 41.885809593348981 ], [ -87.724273752318467, 41.885819192254729 ] ] ] } },
{ "type": "Feature", "properties": { "cell_id": "c0015_0014", "row": 15, "col": 14, "area_m2": 22500.0 }, "geometry": { "type": "Polygon", "coordinates": [ [ [ -87.722466552856929, 41.885809593348981 ], [ -87.722453687881909, 41.887160036750274 ], [ -87.720646451246139, 41.887150408954255 ], [ -87.720659354275327, 41.885799966006473 ], [ -87.722466552856929, 41.885809593348981 ] ] ] } },
{ "type": "Feature", "properties": { "cell_id": "c0015_0015", "row": 15, "col": 15, "area_m2": 22500.0 }, "geometry": { "type": "Polygon", "coordinates": [ [ [ -87.720659354275327, 41.885799966006473 ], [ -87.720646451246139, 41.887150408954255 ], [ -87.718839215492977, 41.88714075272015 ], [ -87.718852156576261, 41.8857903102272 ], [ -87.720659354275327, 41.885799966006473 ] ] ] } },
{ "type": "Feature", "properties": { "cell_id": "c0015_0016", "row": 15, "col": 16, "area_m2": 22500.0 }, "geometry": { "type": "Polygon", "coordinates": [ [ [ -87.718852156576261, 41.8857903102272 ], [ -87.718839215492977, 41.88714075272015 ], [ -87.717031980624995, 41.887131068047999 ], [ -87.717044959762305, 41.88578062601124 ], [ -87.718852156576261, 41.8857903102272 ] ] ] } },
{ "type": "Feature", "properties": { "cell_id": "c0015_0017", "row": 15, "col": 17, "area_m2": 22500.0 }, "geometry": { "type": "Polygon", "coordinates": [ [ [ -87.717044959762305, 41.88578062601124 ], [ -87.717031980624995, 41.887131068047999 ], [ -87.715224746644822, 41.887121354937861 ], [ -87.715237763836086, 41.885770913358613 ], [ -87.717044959762305, 41.88578062601124 ] ] ] } },
{ "type": "Feature", "properties": { "cell_id": "c0015_0018", "row": 15, "col": 18, "area_m2": 22500.0 }, "geometry": { "type": "Polygon", "coordinates": [ [ [ -87.715237763836086, 41.885770913358613 ], [ -87.715224746644822, 41.887121354937861 ], [ -87.713417513555058, 41.887111613389742 ], [ -87.713430568800192, 41.885761172269348 ], [ -87.715237763836086, 41.885770913358613 ] ] ] } },
{ "type": "Feature", "properties": { "cell_id": "c0015_0019", "row": 15, "col": 19, "area_m2": 22500.0 }, "geometry": { "type": "Polygon", "coordinates": [ [ [ -87.713430568800192, 41.885761172269348 ], [ -87.713417513555058, 41.887111613389742 ], [ -87.711610281358304, 41.887101843403705 ], [ -87.71162337465725, 41.885751402743516 ], [ -87.713430568800192, 41.885761172269348 ] ] ] } },
{ "type": "Feature", "properties": { "cell_id": "c0015_0020", "row": 15, "col": 20, "area_m2": 22500.0 }, "geometry": { "type": "Polygon", "coordinates": [ [ [ -87.71162337465725, 41.885751402743516 ], [ -87.711610281358304, 41.887101843403705 ], [ -87.709803050057147, 41.887092044979781 ], [ -87.709816181409849, 41.885741604781131 ], [ -87.71162337465725, 41.885751402743516 ] ] ] } },
{ "type": "Feature", "properties": { "cell_id": "c0015_0021", "row": 15, "col": 21, "area_m2": 22500.0 }, "geometry": { "type": "Polygon", "coordinates": [ [ [ -87.709816181409849, 41.885741604781131 ], [ -87.709803050057147, 41.887092044979781 ], [ -87.707995819654215, 41.88708221811801 ], [ -87.708008989060588, 41.885731778382237 ], [ -87.709816181409849, 41.885741604781131 ] ] ] } },
{ "type": "Feature", "properties": { "cell_id": "c0015_0022", "row": 15, "col": 22, "area_m2": 21429.380448188553 }, "geometry": { "type": "Polygon", "coordinates": [ [ [ -87.708008989060588, 41.885731778382237 ], [ -87.707995819654215, 41.88708221811801 ], [ -87.706302451569286, 41.887072984574353 ], [ -87.706301151218071, 41.887021701334646 ], [ -87.706300240208677, 41.886992637899823 ], [ -87.706286174602312, 41.886544121089493 ], [ -87.70628201096234, 41.886419511021423 ], [ -87.706276429761246, 41.886252464579883 ], [ -87.706265985680574, 41.885927214267873 ], [ -87.706264688393048, 41.885888486231792 ], [ -87.706264676325517, 41.885888124199994 ], [ -87.706264138347052, 41.885872047533972 ], [ -87.706263423384968, 41.885847452588536 ], [ -87.706263394876672, 41.885846546694836 ], [ -87.706262973655555, 41.885833317477307 ], [ -87.706259215689954, 41.885722237092125 ], [ -87.708008989060588, 41.885731778382237 ] ] ] } },
{ "type": "Feature", "properties": { "cell_id": "c0016_0001", "row": 16, "col": 1, "area_m2": 17674.693830102304 }, "geometry": { "type": "Polygon", "coordinates": [ [ [ -87.744128186237987, 41.888623800535086 ], [ -87.744140595406407, 41.887273352117944 ], [ -87.745528366158752, 41.88728046386943 ], [ -87.745530396467998, 41.88731986791656 ], [ -87.7455383556171, 41.887548998753616 ], [ -87.745541564602419, 41.887641371278157 ], [ -87.745548000436386, 41.887826644063942 ], [ -87.74555118365258, 41.887918274613583 ], [ -87.745555444173164, 41.888040909405071 ], [ -87.745566394233961, 41.888240581975424 ], [ -87.74557548245339, 41.888479597974921 ], [ -87.745576698990064, 41.888510668652863 ], [ -87.745580134050797, 41.888631240955732 ], [ -87.744128186237987, 41.888623800535086 ] ] ] } },
{ "type": "Feature", "properties": { "cell_id": "c0016_0002", "row": 16, "col": 2, "area_m2": 22500.0 }, "geometry": { "type": "Polygon", "coordinates": [ [ [ -87.744140595406407, 41.887273352117944 ], [ -87.744128186237987, 41.888623800535086 ], [ -87.742320901156461, 41.888614513561635 ], [ -87.742333348382473, 41.887264065581938 ], [ -87.744140595406407, 41.887273352117944 ] ] ] } },
{ "type": "Feature", "properties": { "cell_id": "c0016_0003", "row": 16, "col": 3, "area_m2": 22500.0 }, "geometry": { "type": "Polygon", "coordinates": [ [ [ -87.742333348382473, 41.887264065581938 ], [ -87.742320901156461, 41.888614513561635 ], [ -87.740513616926364, 41.888605198148298 ], [ -87.740526102209898, 41.887254750607397 ], [ -87.742333348382473, 41.887264065581938 ] ] ] } },
{ "type": "Feature", "properties": { "cell_id": "c0016_0004", "row": 16, "col": 4, "area_m2": 22500.0 }, "geometry": { "type": "Polygon", "coordinates": [ [ [ -87.740526102209898, 41.887254750607397 ], [ -87.740513616926364, 41.888605198148298 ], [ -87.738706333550311, 41.888595854295112 ], [ -87.73871885689131, 41.887245407194328 ], [ -87.740526102209898, 41.887254750607397 ] ] ] } },
{ "type": "Feature", "properties": { "cell_id": "c0016_0005", "row": 16, "col": 5, "area_m2": 22500.0 }, "geometry": { "type": "Polygon", "coordinates": [ [ [ -87.73871885689131, 41.887245407194328 ], [ -87.738706333550311, 41.888595854295112 ], [ -87.736899051030889, 41.888586482002125 ], [ -87.736911612429282, 41.887236035342802 ], [ -87.73871885689131, 41.887245407194328 ] ] ] } },
{ "type": "Feature", "properties": { "cell_id": "c0016_0006", "row": 16, "col": 6, "area_m2": 22500.0 }, "geometry": { "type": "Polygon", "coordinates": [ [ [ -87.736911612429282, 41.887236035342802 ], [ -87.736899051030889, 41.888586482002125 ], [ -87.735091769370726, 41.888577081269354 ], [ -87.735104368826427, 41.887226635052848 ], [ -87.736911612429282, 41.887236035342802 ] ] ] } },
{ "type": "Feature", "properties": { "cell_id": "c0016_0007", "row": 16, "col": 7, "area_m2": 22500.0 }, "geometry": { "type": "Polygon", "coordinates": [ [ [ -87.735104368826427, 41.887226635052848 ], [ -87.735091769370726, 41.888577081269354 ], [ -87.733284488572394, 41.88856765209686 ], [ -87.733297126085347, 41.887217206324486 ], [ -87.735104368826427, 41.887226635052848 ] ] ] } },
{ "type": "Feature", "properties": { "cell_id": "c0016_0008", "row": 16, "col": 8, "area_m2": 22500.0 }, "geometry": { "type": "Polygon", "coordinates": [ [ [ -87.733297126085347, 41.887217206324486 ], [ -87.733284488572394, 41.88856765209686 ], [ -87.731477208638509, 41.888558194484666 ], [ -87.731489884208656, 41.887207749157781 ], [ -87.733297126085347, 41.887217206324486 ] ] ] } },
{ "type": "Feature", "properties": { "cell_id": "c0016_0009", "row": 16, "col": 9, "area_m2": 22500.0 }, "geometry": { "type": "Polygon", "coordinates": [ [ [ -87.731489884208656, 41.887207749157781 ], [ -87.731477208638509, 41.888558194484666 ], [ -87.729669929571671, 41.888548708432822 ], [ -87.729682643198927, 41.887198263552762 ], [ -87.731489884208656, 41.887207749157781 ] ] ] } },
{ "type": "Feature", "properties": { "cell_id": "c0016_0010", "row": 16, "col": 10, "area_m2": 22500.0 }, "geometry": { "type": "Polygon", "coordinates": [ [ [ -87.729682643198927, 41.887198263552762 ], [ -87.729669929571671, 41.888548708432822 ], [ -87.727862651374494, 41.888539193941355 ], [ -87.727875403058789, 41.887188749509448 ], [ -87.729682643198927, 41.887198263552762 ] ] ] } },
{ "type": "Feature", "properties": { "cell_id": "c0016_0011", "row": 16, "col": 11, "area_m2": 22500.0 }, "geometry": { "type": "Polygon", "coordinates": [ [ [ -87.727875403058789, 41.887188749509448 ], [ -87.727862651374494, 41.888539193941355 ], [ -87.726055374049565, 41.888529651010309 ], [ -87.726068163790842, 41.887179207027927 ], [ -87.727875403058789, 41.887188749509448 ] ] ] } },
{ "type": "Feature", "properties": { "cell_id": "c0016_0012", "row": 16, "col": 12, "area_m2": 22500.0 }, "geometry": { "type": "Polygon", "coordinates": [ [ [ -87.726068163790842, 41.887179207027927 ], [ -87.726055374049565, 41.888529651010309 ], [ -87.724248097599514, 41.888520079639733 ], [ -87.724260925397687, 41.887169636108183 ], [ -87.726068163790842, 41.887179207027927 ] ] ] } },
{ "type": "Feature", "properties": { "cell_id": "c0016_0013", "row": 16, "col": 13, "area_m2": 22500.0 }, "geometry": { "type": "Polygon", "coordinates": [ [ [ -87.724260925397687, 41.887169636108183 ], [ -87.724248097599514, 41.888520079639733 ], [ -87.722440822026911, 41.888510479829648 ], [ -87.722453687881909, 41.887160036750274 ], [ -87.724260925397687, 41.887169636108183 ] ] ] } },
{ "type": "Feature", "properties": { "cell_id": "c0016_0014", "row": 16, "col": 14, "area_m2": 22500.0 }, "geometry": { "type": "Polygon", "coordinates": [ [ [ -87.722453687881909, 41.887160036750274 ], [ -87.722440822026911, 41.888510479829648 ], [ -87.720633547334359, 41.888500851580105 ], [ -87.720646451246139, 41.887150408954255 ], [ -87.722453687881909, 41.887160036750274 ] ] ] } },
{ "type": "Feature", "properties": { "cell_id": "c0016_0015", "row": 16, "col": 15, "area_m2": 22500.0 }, "geometry": { "type": "Polygon", "coordinates": [ [ [ -87.720646451246139, 41.887150408954255 ], [ -87.720633547334359, 41.888500851580105 ], [ -87.718826273524485, 41.888491194891145 ], [ -87.718839215492977, 41.88714075272015 ], [ -87.720646451246139, 41.887150408954255 ] ] ] } },
{ "type": "Feature", "properties": { "cell_id": "c0016_0016", "row": 16, "col": 16, "area_m2": 22500.0 }, "geometry": { "type": "Polygon", "coordinates": [ [ [ -87.718839215492977, 41.88714075272015 ], [ -87.718826273524485, 41.888491194891145 ], [ -87.71701900059989, 41.888481509762805 ], [ -87.717031980624995, 41.887131068047999 ], [ -87.718839215492977, 41.88714075272015 ] ] ] } },
{ "type": "Feature", "properties": { "cell_id": "c0016_0017", "row": 16, "col": 17, "area_m2": 22500.0 }, "geometry": { "type": "Polygon", "coordinates": [ [ [ -87.717031980624995, 41.887131068047999 ], [ -87.71701900059989, 41.888481509762805 ], [ -87.715211728563162, 41.888471796195113 ], [ -87.715224746644822, 41.887121354937861 ], [ -87.717031980624995, 41.887131068047999 ] ] ] } },
{ "type": "Feature", "properties": { "cell_id": "c0016_0018", "row": 16, "col": 18, "area_m2": 22500.0 }, "geometry": { "type": "Polygon", "coordinates": [ [ [ -87.715224746644822, 41.887121354937861 ], [ -87.715211728563162, 41.888471796195113 ], [ -87.7134044574169, 41.888462054188118 ], [ -87.713417513555058, 41.887111613389742 ], [ -87.715224746644822, 41.887121354937861 ] ] ] } },
{ "type": "Feature", "properties": { "cell_id": "c0016_0019", "row": 16, "col": 19, "area_m2": 22500.0 }, "geometry": { "type": "Polygon", "coordinates": [ [ [ -87.713417513555058, 41.887111613389742 ], [ -87.7134044574169, 41.888462054188118 ], [ -87.711597187163733, 41.888452283741856 ], [ -87.711610281358304, 41.887101843403705 ], [ -87.713417513555058, 41.887111613389742 ] ] ] } },
{ "type": "Feature", "properties": { "cell_id": "c0016_0020", "row": 16, "col": 20, "area_m2": 22500.0 }, "geometry": { "type": "Polygon", "coordinates": [ [ [ -87.711610281358304, 41.887101843403705 ], [ -87.711597187163733, 41.888452283741856 ], [ -87.709789917806233, 41.888442484856384 ], [ -87.709803050057147, 41.887092044979781 ], [ -87.711610281358304, 41.887101843403705 ] ] ] } },
{ "type": "Feature", "properties": { "cell_id": "c0016_0021", "row": 16, "col": 21, "area_m2": 22500.0 }, "geometry": { "type": "Polygon", "coordinates": [ [ [ -87.709803050057147, 41.887092044979781 ], [ -87.709789917806233, 41.888442484856384 ], [ -87.707982649347031, 41.888432657531716 ], [ -87.707995819654215, 41.88708221811801 ], [ -87.709803050057147, 41.887092044979781 ] ] ] } },
{ "type": "Feature", "properties": { "cell_id": "c0016_0022", "row": 16, "col": 22, "area_m2": 20759.088934740656 }, "geometry": { "type": "Polygon", "coordinates": [ [ [ -87.707995819654215, 41.88708221811801 ], [ -87.707982649347031, 41.888432657531716 ], [ -87.706342438739895, 41.888423713990406 ], [ -87.706341851111134, 41.888403002167664 ], [ -87.706340780398506, 41.888365244995867 ], [ -87.706339310753606, 41.888313460227536 ], [ -87.706338000946644, 41.888272070703557 ], [ -87.706336060685544, 41.88821209653095 ], [ -87.706334890485039, 41.888175894595086 ], [ -87.706332880687114, 41.888110957419819 ], [ -87.706331701303114, 41.888072859366446 ], [ -87.706320490142673, 41.887710556855048 ], [ -87.706314398530054, 41.887520895642758 ], [ -87.706311594455201, 41.887433559855779 ], [ -87.706302451569286, 41.887072984574353 ], [ -87.707995819654215, 41.88708221811801 ] ] ] } },
{ "type": "Feature", "properties": { "cell_id": "c0017_0001", "row": 17, "col": 1, "area_m2": 18464.177329741251 }, "geometry": { "type": "Polygon", "coordinates": [ [ [ -87.744115776220724, 41.889974248630551 ], [ -87.744128186237987, 41.888623800535086 ], [ -87.745580134050797, 41.888631240955732 ], [ -87.745581690903677, 41.888685887129363 ], [ -87.74558472945418, 41.888792516628278 ], [ -87.745586831804616, 41.888843542504411 ], [ -87.745593419305763, 41.889022419120565 ], [ -87.745598085696102, 41.889150351740952 ], [ -87.745605126708725, 41.889303818543347 ], [ -87.745611625952989, 41.889444082679567 ], [ -87.745615961769516, 41.889569050567836 ], [ -87.745620079813165, 41.889687787970523 ], [ -87.745625730730623, 41.889852663909252 ], [ -87.745630382998399, 41.889954141777217 ], [ -87.745631533485181, 41.889982015820323 ], [ -87.744115776220724, 41.889974248630551 ] ] ] } },
{ "type": "Feature", "properties": { "cell_id": "c0017_0002", "row": 17, "col": 2, "area_m2": 22500.0 }, "geometry": { "type": "Polygon", "coordinates": [ [ [ -87.744128186237987, 41.888623800535086 ], [ -87.744115776220724, 41.889974248630551 ], [ -87.742308453079019, 41.889964961219626 ], [ -87.742320901156461, 41.888614513561635 ], [ -87.744128186237987, 41.888623800535086 ] ] ] } },
{ "type": "Feature", "properties": { "cell_id": "c0017_0003", "row": 17, "col": 3, "area_m2": 22500.0 }, "geometry": { "type": "Polygon", "coordinates": [ [ [ -87.742320901156461, 41.888614513561635 ], [ -87.742308453079019, 41.889964961219626 ], [ -87.7405011307888, 41.889955645367486 ], [ -87.740513616926364, 41.888605198148298 ], [ -87.742320901156461, 41.888614513561635 ] ] ] } },
{ "type": "Feature", "properties": { "cell_id": "c0017_0004", "row": 17, "col": 4, "area_m2": 22500.0 }, "geometry": { "type": "Polygon", "coordinates": [ [ [ -87.740513616926364, 41.888605198148298 ], [ -87.7405011307888, 41.889955645367486 ], [ -87.738693809352682, 41.889946301074161 ], [ -87.738706333550311, 41.888595854295112 ], [ -87.740513616926364, 41.888605198148298 ] ] ] } },
{ "type": "Feature", "properties": { "cell_id": "c0017_0005", "row": 17, "col": 5, "area_m2": 22500.0 }, "geometry": { "type": "Polygon", "coordinates": [ [ [ -87.738706333550311, 41.888595854295112 ], [ -87.738693809352682, 41.889946301074161 ], [ -87.736886488773266, 41.889936928339679 ], [ -87.736899051030889, 41.888586482002125 ], [ -87.738706333550311, 41.888595854295112 ] ] ] } },
{ "type": "Feature", "properties": { "cell_id": "c0017_0006", "row": 17, "col": 6, "area_m2": 22500.0 }, "geometry": { "type": "Polygon", "coordinates": [ [ [ -87.736899051030889, 41.888586482002125 ], [ -87.736886488773266, 41.889936928339679 ], [ -87.735079169053165, 41.889927527164097 ], [ -87.735091769370726, 41.888577081269354 ], [ -87.736899051030889, 41.888586482002125 ] ] ] } },
{ "type": "Feature", "properties": { "cell_id": "c0017_0007", "row": 17, "col": 7, "area_m2": 22500.0 }, "geometry": { "type": "Polygon", "coordinates": [ [ [ -87.735091769370726, 41.888577081269354 ], [ -87.735079169053165, 41.889927527164097 ], [ -87.733271850194981, 41.889918097547437 ], [ -87.733284488572394, 41.88856765209686 ], [ -87.735091769370726, 41.888577081269354 ] ] ] } },
{ "type": "Feature", "properties": { "cell_id": "c0017_0008", "row": 17, "col": 8, "area_m2": 22500.0 }, "geometry": { "type": "Polygon", "coordinates": [ [ [ -87.733284488572394, 41.88856765209686 ], [ -87.733271850194981, 41.889918097547437 ], [ -87.731464532201329, 41.88990863948974 ], [ -87.731477208638509, 41.888558194484666 ], [ -87.733284488572394, 41.88856765209686 ] ] ] } },
{ "type": "Feature", "properties": { "cell_id": "c0017_0009", "row": 17, "col": 9, "area_m2": 22500.0 }, "geometry": { "type": "Polygon", "coordinates": [ [ [ -87.731477208638509, 41.888558194484666 ], [ -87.731464532201329, 41.88990863948974 ], [ -87.729657215074781, 41.889899152991049 ], [ -87.729669929571671, 41.888548708432822 ], [ -87.731477208638509, 41.888558194484666 ] ] ] } },
{ "type": "Feature", "properties": { "cell_id": "c0017_0010", "row": 17, "col": 10, "area_m2": 22500.0 }, "geometry": { "type": "Polygon", "coordinates": [ [ [ -87.729669929571671, 41.888548708432822 ], [ -87.729657215074781, 41.889899152991049 ], [ -87.727849898817936, 41.889889638051407 ], [ -87.727862651374494, 41.888539193941355 ], [ -87.729669929571671, 41.888548708432822 ] ] ] } },
{ "type": "Feature", "properties": { "cell_id": "c0017_0011", "row": 17, "col": 11, "area_m2": 22500.0 }, "geometry": { "type": "Polygon", "coordinates": [ [ [ -87.727862651374494, 41.888539193941355 ], [ -87.727849898817936, 41.889889638051407 ], [ -87.72604258343344, 41.88988009467085 ], [ -87.726055374049565, 41.888529651010309 ], [ -87.727862651374494, 41.888539193941355 ] ] ] } },
{ "type": "Feature", "properties": { "cell_id": "c0017_0012", "row": 17, "col": 12, "area_m2": 22500.0 }, "geometry": { "type": "Polygon", "coordinates": [ [ [ -87.726055374049565, 41.888529651010309 ], [ -87.72604258343344, 41.88988009467085 ], [ -87.724235268923863, 41.889870522849407 ], [ -87.724248097599514, 41.888520079639733 ], [ -87.726055374049565, 41.888529651010309 ] ] ] } },
{ "type": "Feature", "properties": { "cell_id": "c0017_0013", "row": 17, "col": 13, "area_m2": 22500.0 }, "geometry": { "type": "Polygon", "coordinates": [ [ [ -87.724248097599514, 41.888520079639733 ], [ -87.724235268923863, 41.889870522849407 ], [ -87.72242795529182, 41.889860922587118 ], [ -87.722440822026911, 41.888510479829648 ], [ -87.724248097599514, 41.888520079639733 ] ] ] } },
{ "type": "Feature", "properties": { "cell_id": "c0017_0014", "row": 17, "col": 14, "area_m2": 22500.0 }, "geometry": { "type": "Polygon", "coordinates": [ [ [ -87.722440822026911, 41.888510479829648 ], [ -87.72242795529182, 41.889860922587118 ], [ -87.720620642539913, 41.889851293884043 ], [ -87.720633547334359, 41.888500851580105 ], [ -87.722440822026911, 41.888510479829648 ] ] ] } },
{ "type": "Feature", "properties": { "cell_id": "c0017_0015", "row": 17, "col": 15, "area_m2": 22500.0 }, "geometry": { "type": "Polygon", "coordinates": [ [ [ -87.720633547334359, 41.888500851580105 ], [ -87.720620642539913, 41.889851293884043 ], [ -87.718813330670727, 41.889841636740186 ], [ -87.718826273524485, 41.888491194891145 ], [ -87.720633547334359, 41.888500851580105 ] ] ] } },
{ "type": "Feature", "properties": { "cell_id": "c0017_0016", "row": 17, "col": 16, "area_m2": 22500.0 }, "geometry": { "type": "Polygon", "coordinates": [ [ [ -87.718826273524485, 41.888491194891145 ], [ -87.718813330670727, 41.889841636740186 ], [ -87.717006019686906, 41.889831951155628 ], [ -87.71701900059989, 41.888481509762805 ], [ -87.718826273524485, 41.888491194891145 ] ] ] } },
{ "type": "Feature", "properties": { "cell_id": "c0017_0017", "row": 17, "col": 17, "area_m2": 22500.0 }, "geometry": { "type": "Polygon", "coordinates": [ [ [ -87.71701900059989, 41.888481509762805 ], [ -87.717006019686906, 41.889831951155628 ], [ -87.715198709591021, 41.889822237130382 ], [ -87.715211728563162, 41.888471796195113 ], [ -87.71701900059989, 41.888481509762805 ] ] ] } },
{ "type": "Feature", "properties": { "cell_id": "c0017_0018", "row": 17, "col": 18, "area_m2": 22500.0 }, "geometry": { "type": "Polygon", "coordinates": [ [ [ -87.715211728563162, 41.888471796195113 ], [ -87.715198709591021, 41.889822237130382 ], [ -87.713391400385675, 41.88981249466449 ], [ -87.7134044574169, 41.888462054188118 ], [ -87.715211728563162, 41.888471796195113 ] ] ] } },
{ "type": "Feature", "properties": { "cell_id": "c0017_0019", "row": 17, "col": 19, "area_m2": 22500.0 }, "geometry": { "type": "Polygon", "coordinates": [ [ [ -87.7134044574169, 41.888462054188118 ], [ -87.713391400385675, 41.88981249466449 ], [ -87.711584092073494, 41.889802723757995 ], [ -87.711597187163733, 41.888452283741856 ], [ -87.7134044574169, 41.888462054188118 ] ] ] } },
{ "type": "Feature", "properties": { "cell_id": "c0017_0020", "row": 17, "col": 20, "area_m2": 22500.0 }, "geometry": { "type": "Polygon", "coordinates": [ [ [ -87.711597187163733, 41.888452283741856 ], [ -87.711584092073494, 41.889802723757995 ], [ -87.709776784657052, 41.889792924410933 ], [ -87.709789917806233, 41.888442484856384 ], [ -87.711597187163733, 41.888452283741856 ] ] ] } },
{ "type": "Feature", "properties": { "cell_id": "c0017_0021", "row": 17, "col": 21, "area_m2": 22500.0 }, "geometry": { "type": "Polygon", "coordinates": [ [ [ -87.709789917806233, 41.888442484856384 ], [ -87.709776784657052, 41.889792924410933 ], [ -87.707969478138949, 41.889783096623361 ], [ -87.707982649347031, 41.888432657531716 ], [ -87.709789917806233, 41.888442484856384 ] ] ] } },
{ "type": "Feature", "properties": { "cell_id": "c0017_0022", "row": 17, "col": 22, "area_m2": 20091.379185921804 }, "geometry": { "type": "Polygon", "coordinates": [ [ [ -87.707982649347031, 41.888432657531716 ], [ -87.707969478138949, 41.889783096623361 ], [ -87.706381383048083, 41.889774437386286 ], [ -87.706376966136034, 41.889611802870256 ], [ -87.706369653157779, 41.889293046949426 ], [ -87.706369598437206, 41.889291619575566 ], [ -87.706366744011575, 41.88921805881975 ], [ -87.706358418595713, 41.889003467595593 ], [ -87.706349007156888, 41.888655226595553 ], [ -87.706342438739895, 41.888423713990406 ], [ -87.707982649347031, 41.888432657531716 ] ] ] } },
{ "type": "Feature", "properties": { "cell_id": "c0018_0001", "row": 18, "col": 1, "area_m2": 19239.504482506283 }, "geometry": { "type": "Polygon", "coordinates": [ [ [ -87.744103365354562, 41.891324696404297 ], [ -87.744115776220724, 41.889974248630551 ], [ -87.745631533485181, 41.889982015820323 ], [ -87.745633849712846, 41.890038133420518 ], [ -87.74563885751806, 41.890159454819624 ], [ -87.745643326901089, 41.890312963317399 ], [ -87.745648509212742, 41.890479940097123 ], [ -87.745652457318599, 41.890607110909812 ], [ -87.745661287285174, 41.890809681501842 ], [ -87.745663336913481, 41.890886585660056 ], [ -87.745664819031504, 41.890936401903872 ], [ -87.745668699823568, 41.891066855026992 ], [ -87.745674664130775, 41.891245535735216 ], [ -87.745677638617607, 41.891332763256621 ], [ -87.744103365354562, 41.891324696404297 ] ] ] } },
{ "type": "Feature", "properties": { "cell_id": "c0018_0002", "row": 18, "col": 2, "area_m2": 22500.0 }, "geometry": { "type": "Polygon", "coordinates": [ [ [ -87.744115776220724, 41.889974248630551 ], [ -87.744103365354562, 41.891324696404297 ], [ -87.742296004150063, 41.891315408555911 ], [ -87.742308453079019, 41.889964961219626 ], [ -87.744115776220724, 41.889974248630551 ] ] ] } },
{ "type": "Feature", "properties": { "cell_id": "c0018_0003", "row": 18, "col": 3, "area_m2": 22500.0 }, "geometry": { "type": "Polygon", "coordinates": [ [ [ -87.742308453079019, 41.889964961219626 ], [ -87.742296004150063, 41.891315408555911 ], [ -87.740488643797107, 41.891306092264941 ], [ -87.7405011307888, 41.889955645367486 ], [ -87.742308453079019, 41.889964961219626 ] ] ] } },
{ "type": "Feature", "properties": { "cell_id": "c0018_0004", "row": 18, "col": 4, "area_m2": 22500.0 }, "geometry": { "type": "Polygon", "coordinates": [ [ [ -87.7405011307888, 41.889955645367486 ], [ -87.740488643797107, 41.891306092264941 ], [ -87.738681284298337, 41.891296747531456 ], [ -87.738693809352682, 41.889946301074161 ], [ -87.7405011307888, 41.889955645367486 ] ] ] } },
{ "type": "Feature", "properties": { "cell_id": "c0018_0005", "row": 18, "col": 5, "area_m2": 22500.0 }, "geometry": { "type": "Polygon", "coordinates": [ [ [ -87.738693809352682, 41.889946301074161 ], [ -87.738681284298337, 41.891296747531456 ], [ -87.73687392565634, 41.891287374355464 ], [ -87.736886488773266, 41.889936928339679 ], [ -87.738693809352682, 41.889946301074161 ] ] ] } },
{ "type": "Feature", "properties": { "cell_id": "c0018_0006", "row": 18, "col": 6, "area_m2": 22500.0 }, "geometry": { "type": "Polygon", "coordinates": [ [ [ -87.736886488773266, 41.889936928339679 ], [ -87.73687392565634, 41.891287374355464 ], [ -87.735066567873702, 41.891277972737036 ], [ -87.735079169053165, 41.889927527164097 ], [ -87.736886488773266, 41.889936928339679 ] ] ] } },
{ "type": "Feature", "properties": { "cell_id": "c0018_0007", "row": 18, "col": 7, "area_m2": 22500.0 }, "geometry": { "type": "Polygon", "coordinates": [ [ [ -87.735079169053165, 41.889927527164097 ], [ -87.735066567873702, 41.891277972737036 ], [ -87.733259210953079, 41.891268542676194 ], [ -87.733271850194981, 41.889918097547437 ], [ -87.735079169053165, 41.889927527164097 ] ] ] } },
{ "type": "Feature", "properties": { "cell_id": "c0018_0008", "row": 18, "col": 8, "area_m2": 22500.0 }, "geometry": { "type": "Polygon", "coordinates": [ [ [ -87.733271850194981, 41.889918097547437 ], [ -87.733259210953079, 41.891268542676194 ], [ -87.731451854897017, 41.891259084172987 ], [ -87.731464532201329, 41.88990863948974 ], [ -87.733271850194981, 41.889918097547437 ] ] ] } },
{ "type": "Feature", "properties": { "cell_id": "c0018_0009", "row": 18, "col": 9, "area_m2": 22500.0 }, "geometry": { "type": "Polygon", "coordinates": [ [ [ -87.731464532201329, 41.88990863948974 ], [ -87.731451854897017, 41.891259084172987 ], [ -87.729644499708144, 41.891249597227436 ], [ -87.729657215074781, 41.889899152991049 ], [ -87.731464532201329, 41.88990863948974 ] ] ] } },
{ "type": "Feature", "properties": { "cell_id": "c0018_0010", "row": 18, "col": 10, "area_m2": 22500.0 }, "geometry": { "type": "Polygon", "coordinates": [ [ [ -87.729657215074781, 41.889899152991049 ], [ -87.729644499708144, 41.891249597227436 ], [ -87.727837145389074, 41.891240081839591 ], [ -87.727849898817936, 41.889889638051407 ], [ -87.729657215074781, 41.889899152991049 ] ] ] } },
{ "type": "Feature", "properties": { "cell_id": "c0018_0011", "row": 18, "col": 11, "area_m2": 22500.0 }, "geometry": { "type": "Polygon", "coordinates": [ [ [ -87.727849898817936, 41.889889638051407 ], [ -87.727837145389074, 41.891240081839591 ], [ -87.726029791942381, 41.891230538009481 ], [ -87.72604258343344, 41.88988009467085 ], [ -87.727849898817936, 41.889889638051407 ] ] ] } },
{ "type": "Feature", "properties": { "cell_id": "c0018_0012", "row": 18, "col": 12, "area_m2": 22500.0 }, "geometry": { "type": "Polygon", "coordinates": [ [ [ -87.72604258343344, 41.88988009467085 ], [ -87.726029791942381, 41.891230538009481 ], [ -87.724222439370692, 41.891220965737162 ], [ -87.724235268923863, 41.889870522849407 ], [ -87.72604258343344, 41.88988009467085 ] ] ] } },
{ "type": "Feature", "properties": { "cell_id": "c0018_0013", "row": 18, "col": 13, "area_m2": 22500.0 }, "geometry": { "type": "Polygon", "coordinates": [ [ [ -87.724235268923863, 41.889870522849407 ], [ -87.724222439370692, 41.891220965737162 ], [ -87.722415087676609, 41.891211365022663 ], [ -87.72242795529182, 41.889860922587118 ], [ -87.724235268923863, 41.889870522849407 ] ] ] } },
{ "type": "Feature", "properties": { "cell_id": "c0018_0014", "row": 18, "col": 14, "area_m2": 22500.0 }, "geometry": { "type": "Polygon", "coordinates": [ [ [ -87.72242795529182, 41.889860922587118 ], [ -87.722415087676609, 41.891211365022663 ], [ -87.720607736862732, 41.891201735866026 ], [ -87.720620642539913, 41.889851293884043 ], [ -87.72242795529182, 41.889860922587118 ] ] ] } },
{ "type": "Feature", "properties": { "cell_id": "c0018_0015", "row": 18, "col": 15, "area_m2": 22500.0 }, "geometry": { "type": "Polygon", "coordinates": [ [ [ -87.720620642539913, 41.889851293884043 ], [ -87.720607736862732, 41.891201735866026 ], [ -87.718800386931647, 41.891192078267281 ], [ -87.718813330670727, 41.889841636740186 ], [ -87.720620642539913, 41.889851293884043 ] ] ] } },
{ "type": "Feature", "properties": { "cell_id": "c0018_0016", "row": 18, "col": 16, "area_m2": 22500.0 }, "geometry": { "type": "Polygon", "coordinates": [ [ [ -87.718813330670727, 41.889841636740186 ], [ -87.718800386931647, 41.891192078267281 ], [ -87.716993037885985, 41.891182392226476 ], [ -87.717006019686906, 41.889831951155628 ], [ -87.718813330670727, 41.889841636740186 ] ] ] } },
{ "type": "Feature", "properties": { "cell_id": "c0018_0017", "row": 18, "col": 17, "area_m2": 22500.0 }, "geometry": { "type": "Polygon", "coordinates": [ [ [ -87.717006019686906, 41.889831951155628 ], [ -87.716993037885985, 41.891182392226476 ], [ -87.71518568972833, 41.891172677743654 ], [ -87.715198709591021, 41.889822237130382 ], [ -87.717006019686906, 41.889831951155628 ] ] ] } },
{ "type": "Feature", "properties": { "cell_id": "c0018_0018", "row": 18, "col": 18, "area_m2": 22500.0 }, "geometry": { "type": "Polygon", "coordinates": [ [ [ -87.715198709591021, 41.889822237130382 ], [ -87.71518568972833, 41.891172677743654 ], [ -87.713378342461297, 41.891162934818844 ], [ -87.713391400385675, 41.88981249466449 ], [ -87.715198709591021, 41.889822237130382 ] ] ] } },
{ "type": "Feature", "properties": { "cell_id": "c0018_0019", "row": 18, "col": 19, "area_m2": 22500.0 }, "geometry": { "type": "Polygon", "coordinates": [ [ [ -87.713391400385675, 41.88981249466449 ], [ -87.713378342461297, 41.891162934818844 ], [ -87.711570996087474, 41.891153163452103 ], [ -87.711584092073494, 41.889802723757995 ], [ -87.713391400385675, 41.88981249466449 ] ] ] } },
{ "type": "Feature", "properties": { "cell_id": "c0018_0020", "row": 18, "col": 20, "area_m2": 22500.0 }, "geometry": { "type": "Polygon", "coordinates": [ [ [ -87.711584092073494, 41.889802723757995 ], [ -87.711570996087474, 41.891153163452103 ], [ -87.709763650609489, 41.891143363643451 ], [ -87.709776784657052, 41.889792924410933 ], [ -87.711584092073494, 41.889802723757995 ] ] ] } },
{ "type": "Feature", "properties": { "cell_id": "c0018_0021", "row": 18, "col": 21, "area_m2": 22500.0 }, "geometry": { "type": "Polygon", "coordinates": [ [ [ -87.709776784657052, 41.889792924410933 ], [ -87.709763650609489, 41.891143363643451 ], [ -87.707956306029928, 41.891133535392932 ], [ -87.707969478138949, 41.889783096623361 ], [ -87.709776784657052, 41.889792924410933 ] ] ] } },
{ "type": "Feature", "properties": { "cell_id": "c0018_0022", "row": 18, "col": 22, "area_m2": 19458.325577107746 }, "geometry": { "type": "Polygon", "coordinates": [ [ [ -87.707969478138949, 41.889783096623361 ], [ -87.707956306029928, 41.891133535392932 ], [ -87.706420492837012, 41.891125161359561 ], [ -87.706409532307887, 41.890871396577751 ], [ -87.706408301005638, 41.890843041692975 ], [ -87.706405457912211, 41.890777054648836 ], [ -87.706400266586996, 41.890399033772603 ], [ -87.706397660389285, 41.890307338783693 ], [ -87.706394473770843, 41.890195160545872 ], [ -87.706390299855556, 41.890070334394466 ], [ -87.706385607704647, 41.889929990764607 ], [ -87.706382823998396, 41.889827494281569 ], [ -87.706381383048083, 41.889774437386286 ], [ -87.707969478138949, 41.889783096623361 ] ] ] } },
{ "type": "Feature", "properties": { "cell_id": "c0019_0001", "row": 19, "col": 1, "area_m2": 19989.712861394528 }, "geometry": { "type": "Polygon", "coordinates": [ [ [ -87.744090953639457, 41.892675143856373 ], [ -87.744103365354562, 41.891324696404297 ], [ -87.745677638617607, 41.891332763256621 ], [ -87.745679302405719, 41.891381554144672 ], [ -87.745685490467736, 41.891563045888169 ], [ -87.745690996642992, 41.89170363350707 ], [ -87.74569587203446, 41.891844822863149 ], [ -87.745699771327438, 41.891960375430898 ], [ -87.745706473901947, 41.892126765742717 ], [ -87.745713374702632, 41.892269418597841 ], [ -87.745718206898246, 41.892369307325929 ], [ -87.745721579659332, 41.892458182793725 ], [ -87.745727571409546, 41.892637961980604 ], [ -87.74572893512881, 41.892683536925247 ], [ -87.744090953639457, 41.892675143856373 ] ] ] } },
{ "type": "Feature", "properties": { "cell_id": "c0019_0002", "row": 19, "col": 2, "area_m2": 22500.0 }, "geometry": { "type": "Polygon", "coordinates": [ [ [ -87.744103365354562, 41.891324696404297 ], [ -87.744090953639457, 41.892675143856373 ], [ -87.74228355436955, 41.892665855570471 ], [ -87.742296004150063, 41.891315408555911 ], [ -87.744103365354562, 41.891324696404297 ] ] ] } },
{ "type": "Feature", "properties": { "cell_id": "c0019_0003", "row": 19, "col": 3, "area_m2": 22500.0 }, "geometry": { "type": "Polygon", "coordinates": [ [ [ -87.742296004150063, 41.891315408555911 ], [ -87.74228355436955, 41.892665855570471 ], [ -87.740476155951256, 41.892656538840662 ], [ -87.740488643797107, 41.891306092264941 ], [ -87.742296004150063, 41.891315408555911 ] ] ] } },
{ "type": "Feature", "properties": { "cell_id": "c0019_0004", "row": 19, "col": 4, "area_m2": 22500.0 }, "geometry": { "type": "Polygon", "coordinates": [ [ [ -87.740488643797107, 41.891306092264941 ], [ -87.740476155951256, 41.892656538840662 ], [ -87.73866875838722, 41.892647193666988 ], [ -87.738681284298337, 41.891296747531456 ], [ -87.740488643797107, 41.891306092264941 ] ] ] } },
{ "type": "Feature", "properties": { "cell_id": "c0019_0005", "row": 19, "col": 5, "area_m2": 22500.0 }, "geometry": { "type": "Polygon", "coordinates": [ [ [ -87.738681284298337, 41.891296747531456 ], [ -87.73866875838722, 41.892647193666988 ], [ -87.736861361680027, 41.892637820049487 ], [ -87.73687392565634, 41.891287374355464 ], [ -87.738681284298337, 41.891296747531456 ] ] ] } },
{ "type": "Feature", "properties": { "cell_id": "c0019_0006", "row": 19, "col": 6, "area_m2": 22500.0 }, "geometry": { "type": "Polygon", "coordinates": [ [ [ -87.73687392565634, 41.891287374355464 ], [ -87.736861361680027, 41.892637820049487 ], [ -87.735053965832265, 41.892628417988199 ], [ -87.735066567873702, 41.891277972737036 ], [ -87.73687392565634, 41.891287374355464 ] ] ] } },
{ "type": "Feature", "properties": { "cell_id": "c0019_0007", "row": 19, "col": 7, "area_m2": 22500.0 }, "geometry": { "type": "Polygon", "coordinates": [ [ [ -87.735066567873702, 41.891277972737036 ], [ -87.735053965832265, 41.892628417988199 ], [ -87.733246570846561, 41.892618987483161 ], [ -87.733259210953079, 41.891268542676194 ], [ -87.735066567873702, 41.891277972737036 ] ] ] } },
{ "type": "Feature", "properties": { "cell_id": "c0019_0008", "row": 19, "col": 8, "area_m2": 22500.0 }, "geometry": { "type": "Polygon", "coordinates": [ [ [ -87.733259210953079, 41.891268542676194 ], [ -87.733246570846561, 41.892618987483161 ], [ -87.731439176725516, 41.892609528534408 ], [ -87.731451854897017, 41.891259084172987 ], [ -87.733259210953079, 41.891268542676194 ] ] ] } },
{ "type": "Feature", "properties": { "cell_id": "c0019_0009", "row": 19, "col": 9, "area_m2": 22500.0 }, "geometry": { "type": "Polygon", "coordinates": [ [ [ -87.731451854897017, 41.891259084172987 ], [ -87.731439176725516, 41.892609528534408 ], [ -87.729631783471731, 41.892600041141975 ], [ -87.729644499708144, 41.891249597227436 ], [ -87.731451854897017, 41.891259084172987 ] ] ] } },
{ "type": "Feature", "properties": { "cell_id": "c0019_0010", "row": 19, "col": 10, "area_m2": 22500.0 }, "geometry": { "type": "Polygon", "coordinates": [ [ [ -87.729644499708144, 41.891249597227436 ], [ -87.729631783471731, 41.892600041141975 ], [ -87.727824391087793, 41.892590525305906 ], [ -87.727837145389074, 41.891240081839591 ], [ -87.729644499708144, 41.891249597227436 ] ] ] } },
{ "type": "Feature", "properties": { "cell_id": "c0019_0011", "row": 19, "col": 11, "area_m2": 22500.0 }, "geometry": { "type": "Polygon", "coordinates": [ [ [ -87.727837145389074, 41.891240081839591 ], [ -87.727824391087793, 41.892590525305906 ], [ -87.726016999576331, 41.892580981026256 ], [ -87.726029791942381, 41.891230538009481 ], [ -87.727837145389074, 41.891240081839591 ] ] ] } },
{ "type": "Feature", "properties": { "cell_id": "c0019_0012", "row": 19, "col": 12, "area_m2": 22500.0 }, "geometry": { "type": "Polygon", "coordinates": [ [ [ -87.726029791942381, 41.891230538009481 ], [ -87.726016999576331, 41.892580981026256 ], [ -87.724209608939915, 41.892571408303027 ], [ -87.724222439370692, 41.891220965737162 ], [ -87.726029791942381, 41.891230538009481 ] ] ] } },
{ "type": "Feature", "properties": { "cell_id": "c0019_0013", "row": 19, "col": 13, "area_m2": 22500.0 }, "geometry": { "type": "Polygon", "coordinates": [ [ [ -87.724222439370692, 41.891220965737162 ], [ -87.724209608939915, 41.892571408303027 ], [ -87.722402219181191, 41.892561807136296 ], [ -87.722415087676609, 41.891211365022663 ], [ -87.724222439370692, 41.891220965737162 ] ] ] } },
{ "type": "Feature", "properties": { "cell_id": "c0019_0014", "row": 19, "col": 14, "area_m2": 22500.0 }, "geometry": { "type": "Polygon", "coordinates": [ [ [ -87.722415087676609, 41.891211365022663 ], [ -87.722402219181191, 41.892561807136296 ], [ -87.72059483030273, 41.892552177526071 ], [ -87.720607736862732, 41.891201735866026 ], [ -87.722415087676609, 41.891211365022663 ] ] ] } },
{ "type": "Feature", "properties": { "cell_id": "c0019_0015", "row": 19, "col": 15, "area_m2": 22500.0 }, "geometry": { "type": "Polygon", "coordinates": [ [ [ -87.720607736862732, 41.891201735866026 ], [ -87.72059483030273, 41.892552177526071 ], [ -87.718787442307146, 41.892542519472421 ], [ -87.718800386931647, 41.891192078267281 ], [ -87.720607736862732, 41.891201735866026 ] ] ] } },
{ "type": "Feature", "properties": { "cell_id": "c0019_0016", "row": 19, "col": 16, "area_m2": 22500.0 }, "geometry": { "type": "Polygon", "coordinates": [ [ [ -87.718800386931647, 41.891192078267281 ], [ -87.718787442307146, 41.892542519472421 ], [ -87.716980055197041, 41.892532832975355 ], [ -87.716993037885985, 41.891182392226476 ], [ -87.718800386931647, 41.891192078267281 ] ] ] } },
{ "type": "Feature", "properties": { "cell_id": "c0019_0017", "row": 19, "col": 17, "area_m2": 22500.0 }, "geometry": { "type": "Polygon", "coordinates": [ [ [ -87.716993037885985, 41.891182392226476 ], [ -87.716980055197041, 41.892532832975355 ], [ -87.715172668975029, 41.892523118034937 ], [ -87.71518568972833, 41.891172677743654 ], [ -87.716993037885985, 41.891182392226476 ] ] ] } },
{ "type": "Feature", "properties": { "cell_id": "c0019_0018", "row": 19, "col": 18, "area_m2": 22500.0 }, "geometry": { "type": "Polygon", "coordinates": [ [ [ -87.71518568972833, 41.891172677743654 ], [ -87.715172668975029, 41.892523118034937 ], [ -87.713365283643697, 41.892513374651195 ], [ -87.713378342461297, 41.891162934818844 ], [ -87.71518568972833, 41.891172677743654 ] ] ] } },
{ "type": "Feature", "properties": { "cell_id": "c0019_0019", "row": 19, "col": 19, "area_m2": 22500.0 }, "geometry": { "type": "Polygon", "coordinates": [ [ [ -87.713378342461297, 41.891162934818844 ], [ -87.713365283643697, 41.892513374651195 ], [ -87.711557899205658, 41.892503602824171 ], [ -87.711570996087474, 41.891153163452103 ], [ -87.713378342461297, 41.891162934818844 ] ] ] } },
{ "type": "Feature", "properties": { "cell_id": "c0019_0020", "row": 19, "col": 20, "area_m2": 22500.0 }, "geometry": { "type": "Polygon", "coordinates": [ [ [ -87.711570996087474, 41.891153163452103 ], [ -87.711557899205658, 41.892503602824171 ], [ -87.709750515663515, 41.892493802553901 ], [ -87.709763650609489, 41.891143363643451 ], [ -87.711570996087474, 41.891153163452103 ] ] ] } },
{ "type": "Feature", "properties": { "cell_id": "c0019_0021", "row": 19, "col": 21, "area_m2": 22500.0 }, "geometry": { "type": "Polygon", "coordinates": [ [ [ -87.709763650609489, 41.891143363643451 ], [ -87.709750515663515, 41.892493802553901 ], [ -87.707943133019867, 41.892483973840427 ], [ -87.707956306029928, 41.891133535392932 ], [ -87.709763650609489, 41.891143363643451 ] ] ] } },
{ "type": "Feature", "properties": { "cell_id": "c0019_0022", "row": 19, "col": 22, "area_m2": 18759.975278927632 }, "geometry": { "type": "Polygon", "coordinates": [ [ [ -87.707956306029928, 41.891133535392932 ], [ -87.707943133019867, 41.892483973840427 ], [ -87.706463915704546, 41.892475908551212 ], [ -87.706457458333247, 41.89227256579948 ], [ -87.706449633231983, 41.892021041025806 ], [ -87.706445854535175, 41.891896071216465 ], [ -87.706439254083364, 41.891677789108364 ], [ -87.706424144373358, 41.891209703545776 ], [ -87.706420492837012, 41.891125161359561 ], [ -87.707956306029928, 41.891133535392932 ] ] ] } },
{ "type": "Feature", "properties": { "cell_id": "c0020_0001", "row": 20, "col": 1, "area_m2": 20766.442879525111 }, "geometry": { "type": "Polygon", "coordinates": [ [ [ -87.744078541075297, 41.894025590986743 ], [ -87.744090953639457, 41.892675143856373 ], [ -87.74572893512881, 41.892683536925247 ], [ -87.745732154105752, 41.892791113620248 ], [ -87.745735220796931, 41.892893270203892 ], [ -87.745741327897164, 41.893060481262083 ], [ -87.745746005385612, 41.893162402119572 ], [ -87.74575237912569, 41.893301317677675 ], [ -87.745755706309268, 41.893411214077076 ], [ -87.745759505157494, 41.893517627629784 ], [ -87.745767436342106, 41.893762317718441 ], [ -87.745771013297528, 41.893877045735167 ], [ -87.74577545664485, 41.89403428582694 ], [ -87.744078541075297, 41.894025590986743 ] ] ] } },
{ "type": "Feature", "properties": { "cell_id": "c0020_0002", "row": 20, "col": 2, "area_m2": 22500.0 }, "geometry": { "type": "Polygon", "coordinates": [ [ [ -87.744090953639457, 41.892675143856373 ], [ -87.744078541075297, 41.894025590986743 ], [ -87.742271103737394, 41.894016302263317 ], [ -87.74228355436955, 41.892665855570471 ], [ -87.744090953639457, 41.892675143856373 ] ] ] } },
{ "type": "Feature", "properties": { "cell_id": "c0020_0003", "row": 20, "col": 3, "area_m2": 22500.0 }, "geometry": { "type": "Polygon", "coordinates": [ [ [ -87.74228355436955, 41.892665855570471 ], [ -87.742271103737394, 41.894016302263317 ], [ -87.740463667251177, 41.894006985094649 ], [ -87.740476155951256, 41.892656538840662 ], [ -87.74228355436955, 41.892665855570471 ] ] ] } },
{ "type": "Feature", "properties": { "cell_id": "c0020_0004", "row": 20, "col": 4, "area_m2": 22500.0 }, "geometry": { "type": "Polygon", "coordinates": [ [ [ -87.740476155951256, 41.892656538840662 ], [ -87.740463667251177, 41.894006985094649 ], [ -87.73865623161926, 41.893997639480787 ], [ -87.73866875838722, 41.892647193666988 ], [ -87.740476155951256, 41.892656538840662 ] ] ] } },
{ "type": "Feature", "properties": { "cell_id": "c0020_0005", "row": 20, "col": 5, "area_m2": 22500.0 }, "geometry": { "type": "Polygon", "coordinates": [ [ [ -87.73866875838722, 41.892647193666988 ], [ -87.73865623161926, 41.893997639480787 ], [ -87.736848796844271, 41.89398826542174 ], [ -87.736861361680027, 41.892637820049487 ], [ -87.73866875838722, 41.892647193666988 ] ] ] } },
{ "type": "Feature", "properties": { "cell_id": "c0020_0006", "row": 20, "col": 6, "area_m2": 22500.0 }, "geometry": { "type": "Polygon", "coordinates": [ [ [ -87.736861361680027, 41.892637820049487 ], [ -87.736848796844271, 41.89398826542174 ], [ -87.735041362928783, 41.893978862917578 ], [ -87.735053965832265, 41.892628417988199 ], [ -87.736861361680027, 41.892637820049487 ] ] ] } },
{ "type": "Feature", "properties": { "cell_id": "c0020_0007", "row": 20, "col": 7, "area_m2": 22500.0 }, "geometry": { "type": "Polygon", "coordinates": [ [ [ -87.735053965832265, 41.892628417988199 ], [ -87.735041362928783, 41.893978862917578 ], [ -87.733233929875411, 41.893969431968316 ], [ -87.733246570846561, 41.892618987483161 ], [ -87.735053965832265, 41.892628417988199 ] ] ] } },
{ "type": "Feature", "properties": { "cell_id": "c0020_0008", "row": 20, "col": 8, "area_m2": 22500.0 }, "geometry": { "type": "Polygon", "coordinates": [ [ [ -87.733246570846561, 41.892618987483161 ], [ -87.733233929875411, 41.893969431968316 ], [ -87.731426497686769, 41.893959972573995 ], [ -87.731439176725516, 41.892609528534408 ], [ -87.733246570846561, 41.892618987483161 ] ] ] } },
{ "type": "Feature", "properties": { "cell_id": "c0020_0009", "row": 20, "col": 9, "area_m2": 22500.0 }, "geometry": { "type": "Polygon", "coordinates": [ [ [ -87.731439176725516, 41.892609528534408 ], [ -87.731426497686769, 41.893959972573995 ], [ -87.729619066365444, 41.893950484734681 ], [ -87.729631783471731, 41.892600041141975 ], [ -87.731439176725516, 41.892609528534408 ] ] ] } },
{ "type": "Feature", "properties": { "cell_id": "c0020_0010", "row": 20, "col": 10, "area_m2": 22500.0 }, "geometry": { "type": "Polygon", "coordinates": [ [ [ -87.729631783471731, 41.892600041141975 ], [ -87.729619066365444, 41.893950484734681 ], [ -87.727811635914051, 41.893940968450366 ], [ -87.727824391087793, 41.892590525305906 ], [ -87.729631783471731, 41.892600041141975 ] ] ] } },
{ "type": "Feature", "properties": { "cell_id": "c0020_0011", "row": 20, "col": 11, "area_m2": 22500.0 }, "geometry": { "type": "Polygon", "coordinates": [ [ [ -87.727824391087793, 41.892590525305906 ], [ -87.727811635914051, 41.893940968450366 ], [ -87.726004206335205, 41.893931423721135 ], [ -87.726016999576331, 41.892580981026256 ], [ -87.727824391087793, 41.892590525305906 ] ] ] } },
{ "type": "Feature", "properties": { "cell_id": "c0020_0012", "row": 20, "col": 12, "area_m2": 22500.0 }, "geometry": { "type": "Polygon", "coordinates": [ [ [ -87.726016999576331, 41.892580981026256 ], [ -87.726004206335205, 41.893931423721135 ], [ -87.724196777631477, 41.893921850546988 ], [ -87.724209608939915, 41.892571408303027 ], [ -87.726016999576331, 41.892580981026256 ] ] ] } },
{ "type": "Feature", "properties": { "cell_id": "c0020_0013", "row": 20, "col": 13, "area_m2": 22500.0 }, "geometry": { "type": "Polygon", "coordinates": [ [ [ -87.724209608939915, 41.892571408303027 ], [ -87.724196777631477, 41.893921850546988 ], [ -87.722389349805496, 41.893912248928011 ], [ -87.722402219181191, 41.892561807136296 ], [ -87.724209608939915, 41.892571408303027 ] ] ] } },
{ "type": "Feature", "properties": { "cell_id": "c0020_0014", "row": 20, "col": 14, "area_m2": 22500.0 }, "geometry": { "type": "Polygon", "coordinates": [ [ [ -87.722402219181191, 41.892561807136296 ], [ -87.722389349805496, 41.893912248928011 ], [ -87.720581922859864, 41.893902618864196 ], [ -87.72059483030273, 41.892552177526071 ], [ -87.722402219181191, 41.892561807136296 ] ] ] } },
{ "type": "Feature", "properties": { "cell_id": "c0020_0015", "row": 20, "col": 15, "area_m2": 22500.0 }, "geometry": { "type": "Polygon", "coordinates": [ [ [ -87.72059483030273, 41.892552177526071 ], [ -87.720581922859864, 41.893902618864196 ], [ -87.718774496797167, 41.893892960355593 ], [ -87.718787442307146, 41.892542519472421 ], [ -87.72059483030273, 41.892552177526071 ] ] ] } },
{ "type": "Feature", "properties": { "cell_id": "c0020_0016", "row": 20, "col": 16, "area_m2": 22500.0 }, "geometry": { "type": "Polygon", "coordinates": [ [ [ -87.718787442307146, 41.892542519472421 ], [ -87.718774496797167, 41.893892960355593 ], [ -87.716967071620033, 41.893883273402267 ], [ -87.716980055197041, 41.892532832975355 ], [ -87.718787442307146, 41.892542519472421 ] ] ] } },
{ "type": "Feature", "properties": { "cell_id": "c0020_0017", "row": 20, "col": 17, "area_m2": 22500.0 }, "geometry": { "type": "Polygon", "coordinates": [ [ [ -87.716980055197041, 41.892532832975355 ], [ -87.716967071620033, 41.893883273402267 ], [ -87.715159647331035, 41.893873558004231 ], [ -87.715172668975029, 41.892523118034937 ], [ -87.716980055197041, 41.892532832975355 ] ] ] } },
{ "type": "Feature", "properties": { "cell_id": "c0020_0018", "row": 20, "col": 18, "area_m2": 22500.0 }, "geometry": { "type": "Polygon", "coordinates": [ [ [ -87.715172668975029, 41.892523118034937 ], [ -87.715159647331035, 41.893873558004231 ], [ -87.713352223932802, 41.893863814161527 ], [ -87.713365283643697, 41.892513374651195 ], [ -87.715172668975029, 41.892523118034937 ] ] ] } },
{ "type": "Feature", "properties": { "cell_id": "c0020_0019", "row": 20, "col": 19, "area_m2": 22500.0 }, "geometry": { "type": "Polygon", "coordinates": [ [ [ -87.713365283643697, 41.892513374651195 ], [ -87.713352223932802, 41.893863814161527 ], [ -87.711544801427934, 41.893854041874206 ], [ -87.711557899205658, 41.892503602824171 ], [ -87.713365283643697, 41.892513374651195 ] ] ] } },
{ "type": "Feature", "properties": { "cell_id": "c0020_0020", "row": 20, "col": 20, "area_m2": 22500.0 }, "geometry": { "type": "Polygon", "coordinates": [ [ [ -87.711557899205658, 41.892503602824171 ], [ -87.711544801427934, 41.893854041874206 ], [ -87.709737379819046, 41.893844241142304 ], [ -87.709750515663515, 41.892493802553901 ], [ -87.711557899205658, 41.892503602824171 ] ] ] } },
{ "type": "Feature", "properties": { "cell_id": "c0020_0021", "row": 20, "col": 21, "area_m2": 22500.0 }, "geometry": { "type": "Polygon", "coordinates": [ [ [ -87.709750515663515, 41.892493802553901 ], [ -87.709737379819046, 41.893844241142304 ], [ -87.707929959108711, 41.893834411965855 ], [ -87.707943133019867, 41.892483973840427 ], [ -87.709750515663515, 41.892493802553901 ] ] ] } },
{ "type": "Feature", "properties": { "cell_id": "c0020_0022", "row": 20, "col": 22, "area_m2": 18084.24246256378 }, "geometry": { "type": "Polygon", "coordinates": [ [ [ -87.707943133019867, 41.892483973840427 ], [ -87.707929959108711, 41.893834411965855 ], [ -87.706504467595764, 41.893826639742656 ], [ -87.706504259744989, 41.893819119041758 ], [ -87.706501221993165, 41.893724460579847 ], [ -87.706493308624829, 41.893477868300891 ], [ -87.706481924128497, 41.893098386723231 ], [ -87.70646880331239, 41.892629818722526 ], [ -87.706463915704546, 41.892475908551212 ], [ -87.707943133019867, 41.892483973840427 ] ] ] } },
{ "type": "Feature", "properties": { "cell_id": "c0021_0001", "row": 21, "col": 1, "area_m2": 21474.183443510963 }, "geometry": { "type": "Polygon", "coordinates": [ [ [ -87.744066127662052, 41.895376037795437 ], [ -87.744078541075297, 41.894025590986743 ], [ -87.74577545664485, 41.89403428582694 ], [ -87.74577600045113, 41.894053529868259 ], [ -87.745780026643999, 41.894196027527634 ], [ -87.745783461916474, 41.894298076201473 ], [ -87.745786065503296, 41.89437465356211 ], [ -87.745792864606386, 41.89455460071715 ], [ -87.745799807767824, 41.894758808190836 ], [ -87.745807210261688, 41.895004153726298 ], [ -87.745814062863019, 41.895231275283685 ], [ -87.745816910417801, 41.895341443821074 ], [ -87.745817999547299, 41.895385014041551 ], [ -87.744066127662052, 41.895376037795437 ] ] ] } },
{ "type": "Feature", "properties": { "cell_id": "c0021_0002", "row": 21, "col": 2, "area_m2": 22500.0 }, "geometry": { "type": "Polygon", "coordinates": [ [ [ -87.744078541075297, 41.894025590986743 ], [ -87.744066127662052, 41.895376037795437 ], [ -87.742258652253525, 41.895366748634466 ], [ -87.742271103737394, 41.894016302263317 ], [ -87.744078541075297, 41.894025590986743 ] ] ] } },
{ "type": "Feature", "properties": { "cell_id": "c0021_0003", "row": 21, "col": 3, "area_m2": 22500.0 }, "geometry": { "type": "Polygon", "coordinates": [ [ [ -87.742271103737394, 41.894016302263317 ], [ -87.742258652253525, 41.895366748634466 ], [ -87.740451177696784, 41.895357431026916 ], [ -87.740463667251177, 41.894006985094649 ], [ -87.742271103737394, 41.894016302263317 ] ] ] } },
{ "type": "Feature", "properties": { "cell_id": "c0021_0004", "row": 21, "col": 4, "area_m2": 22500.0 }, "geometry": { "type": "Polygon", "coordinates": [ [ [ -87.740463667251177, 41.894006985094649 ], [ -87.740451177696784, 41.895357431026916 ], [ -87.738643703994398, 41.895348084972831 ], [ -87.73865623161926, 41.893997639480787 ], [ -87.740463667251177, 41.894006985094649 ] ] ] } },
{ "type": "Feature", "properties": { "cell_id": "c0021_0005", "row": 21, "col": 5, "area_m2": 22500.0 }, "geometry": { "type": "Polygon", "coordinates": [ [ [ -87.73865623161926, 41.893997639480787 ], [ -87.738643703994398, 41.895348084972831 ], [ -87.736836231148999, 41.895338710472231 ], [ -87.736848796844271, 41.89398826542174 ], [ -87.73865623161926, 41.893997639480787 ] ] ] } },
{ "type": "Feature", "properties": { "cell_id": "c0021_0006", "row": 21, "col": 6, "area_m2": 22500.0 }, "geometry": { "type": "Polygon", "coordinates": [ [ [ -87.736848796844271, 41.89398826542174 ], [ -87.736836231148999, 41.895338710472231 ], [ -87.735028759163171, 41.895329307525166 ], [ -87.735041362928783, 41.893978862917578 ], [ -87.736848796844271, 41.89398826542174 ] ] ] } },
{ "type": "Feature", "properties": { "cell_id": "c0021_0007", "row": 21, "col": 7, "area_m2": 22500.0 }, "geometry": { "type": "Polygon", "coordinates": [ [ [ -87.735041362928783, 41.893978862917578 ], [ -87.735028759163171, 41.895329307525166 ], [ -87.73322128803953, 41.895319876131673 ], [ -87.733233929875411, 41.893969431968316 ], [ -87.735041362928783, 41.893978862917578 ] ] ] } },
{ "type": "Feature", "properties": { "cell_id": "c0021_0008", "row": 21, "col": 8, "area_m2": 22500.0 }, "geometry": { "type": "Polygon", "coordinates": [ [ [ -87.733233929875411, 41.893969431968316 ], [ -87.73322128803953, 41.895319876131673 ], [ -87.731413817780705, 41.895310416291778 ], [ -87.731426497686769, 41.893959972573995 ], [ -87.733233929875411, 41.893969431968316 ] ] ] } },
{ "type": "Feature", "properties": { "cell_id": "c0021_0009", "row": 21, "col": 9, "area_m2": 22500.0 }, "geometry": { "type": "Polygon", "coordinates": [ [ [ -87.731426497686769, 41.893959972573995 ], [ -87.731413817780705, 41.895310416291778 ], [ -87.72960634838924, 41.895300928005526 ], [ -87.729619066365444, 41.893950484734681 ], [ -87.731426497686769, 41.893959972573995 ] ] ] } },
{ "type": "Feature", "properties": { "cell_id": "c0021_0010", "row": 21, "col": 10, "area_m2": 22500.0 }, "geometry": { "type": "Polygon", "coordinates": [ [ [ -87.729619066365444, 41.893950484734681 ], [ -87.72960634838924, 41.895300928005526 ], [ -87.727798879867791, 41.895291411272972 ], [ -87.727811635914051, 41.893940968450366 ], [ -87.729619066365444, 41.893950484734681 ] ] ] } },
{ "type": "Feature", "properties": { "cell_id": "c0021_0011", "row": 21, "col": 11, "area_m2": 22500.0 }, "geometry": { "type": "Polygon", "coordinates": [ [ [ -87.727811635914051, 41.893940968450366 ], [ -87.727798879867791, 41.895291411272972 ], [ -87.725991412218946, 41.895281866094145 ], [ -87.726004206335205, 41.893931423721135 ], [ -87.727811635914051, 41.893940968450366 ] ] ] } },
{ "type": "Feature", "properties": { "cell_id": "c0021_0012", "row": 21, "col": 12, "area_m2": 22500.0 }, "geometry": { "type": "Polygon", "coordinates": [ [ [ -87.726004206335205, 41.893931423721135 ], [ -87.725991412218946, 41.895281866094145 ], [ -87.724183945445304, 41.895272292469066 ], [ -87.724196777631477, 41.893921850546988 ], [ -87.726004206335205, 41.893931423721135 ] ] ] } },
{ "type": "Feature", "properties": { "cell_id": "c0021_0013", "row": 21, "col": 13, "area_m2": 22500.0 }, "geometry": { "type": "Polygon", "coordinates": [ [ [ -87.724196777631477, 41.893921850546988 ], [ -87.724183945445304, 41.895272292469066 ], [ -87.722376479549467, 41.8952626903978 ], [ -87.722389349805496, 41.893912248928011 ], [ -87.724196777631477, 41.893921850546988 ] ] ] } },
{ "type": "Feature", "properties": { "cell_id": "c0021_0014", "row": 21, "col": 14, "area_m2": 22500.0 }, "geometry": { "type": "Polygon", "coordinates": [ [ [ -87.722389349805496, 41.893912248928011 ], [ -87.722376479549467, 41.8952626903978 ], [ -87.720569014534036, 41.895253059880368 ], [ -87.720581922859864, 41.893902618864196 ], [ -87.722389349805496, 41.893912248928011 ] ] ] } },
{ "type": "Feature", "properties": { "cell_id": "c0021_0015", "row": 21, "col": 15, "area_m2": 22500.0 }, "geometry": { "type": "Polygon", "coordinates": [ [ [ -87.720581922859864, 41.893902618864196 ], [ -87.720569014534036, 41.895253059880368 ], [ -87.718761550401624, 41.895243400916826 ], [ -87.718774496797167, 41.893892960355593 ], [ -87.720581922859864, 41.893902618864196 ] ] ] } },
{ "type": "Feature", "properties": { "cell_id": "c0021_0016", "row": 21, "col": 16, "area_m2": 22500.0 }, "geometry": { "type": "Polygon", "coordinates": [ [ [ -87.718774496797167, 41.893892960355593 ], [ -87.718761550401624, 41.895243400916826 ], [ -87.716954087154846, 41.895233713507189 ], [ -87.716967071620033, 41.893883273402267 ], [ -87.718774496797167, 41.893892960355593 ] ] ] } },
{ "type": "Feature", "properties": { "cell_id": "c0021_0017", "row": 21, "col": 17, "area_m2": 22500.0 }, "geometry": { "type": "Polygon", "coordinates": [ [ [ -87.716967071620033, 41.893883273402267 ], [ -87.716954087154846, 41.895233713507189 ], [ -87.71514662479629, 41.895223997651527 ], [ -87.715159647331035, 41.893873558004231 ], [ -87.716967071620033, 41.893883273402267 ] ] ] } },
{ "type": "Feature", "properties": { "cell_id": "c0021_0018", "row": 21, "col": 18, "area_m2": 22500.0 }, "geometry": { "type": "Polygon", "coordinates": [ [ [ -87.715159647331035, 41.893873558004231 ], [ -87.71514662479629, 41.895223997651527 ], [ -87.713339163328556, 41.895214253349856 ], [ -87.713352223932802, 41.893863814161527 ], [ -87.715159647331035, 41.893873558004231 ] ] ] } },
{ "type": "Feature", "properties": { "cell_id": "c0021_0019", "row": 21, "col": 19, "area_m2": 22500.0 }, "geometry": { "type": "Polygon", "coordinates": [ [ [ -87.713352223932802, 41.893863814161527 ], [ -87.713339163328556, 41.895214253349856 ], [ -87.711531702754257, 41.895204480602224 ], [ -87.711544801427934, 41.893854041874206 ], [ -87.713352223932802, 41.893863814161527 ] ] ] } },
{ "type": "Feature", "properties": { "cell_id": "c0021_0020", "row": 21, "col": 20, "area_m2": 22500.0 }, "geometry": { "type": "Polygon", "coordinates": [ [ [ -87.711544801427934, 41.893854041874206 ], [ -87.711531702754257, 41.895204480602224 ], [ -87.709724243075996, 41.895194679408661 ], [ -87.709737379819046, 41.893844241142304 ], [ -87.711544801427934, 41.893854041874206 ] ] ] } },
{ "type": "Feature", "properties": { "cell_id": "c0021_0021", "row": 21, "col": 21, "area_m2": 22500.0 }, "geometry": { "type": "Polygon", "coordinates": [ [ [ -87.709737379819046, 41.893844241142304 ], [ -87.709724243075996, 41.895194679408661 ], [ -87.707916784296387, 41.895184849769223 ], [ -87.707929959108711, 41.893834411965855 ], [ -87.709737379819046, 41.893844241142304 ] ] ] } },
{ "type": "Feature", "properties": { "cell_id": "c0021_0022", "row": 21, "col": 22, "area_m2": 17415.588241755057 }, "geometry": { "type": "Polygon", "coordinates": [ [ [ -87.707929959108711, 41.893834411965855 ], [ -87.707916784296387, 41.895184849769223 ], [ -87.706544751461763, 41.895177369144108 ], [ -87.706543476515392, 41.895133797570196 ], [ -87.706542291822942, 41.895078603877742 ], [ -87.706538044996776, 41.894946637747339 ], [ -87.706522133026894, 41.894440321423318 ], [ -87.706513775488432, 41.89415583502678 ], [ -87.706510228759043, 41.894035096367396 ], [ -87.706504467595764, 41.893826639742656 ], [ -87.707929959108711, 41.893834411965855 ] ] ] } },
{ "type": "Feature", "properties": { "cell_id": "c0022_0001", "row": 22, "col": 1, "area_m2": 22078.493688325059 }, "geometry": { "type": "Polygon", "coordinates": [ [ [ -87.744053713399637, 41.896726484282397 ], [ -87.744066127662052, 41.895376037795437 ], [ -87.745817999547299, 41.895385014041551 ], [ -87.745820978818102, 41.895504198427069 ], [ -87.745825187565231, 41.895672551177775 ], [ -87.74583068407641, 41.895951394807057 ], [ -87.745833336170492, 41.896085930927462 ], [ -87.745841581148596, 41.896412016867593 ], [ -87.745846761146041, 41.896616928344237 ], [ -87.745850088519674, 41.896735688446171 ], [ -87.744053713399637, 41.896726484282397 ] ] ] } },
{ "type": "Feature", "properties": { "cell_id": "c0022_0002", "row": 22, "col": 2, "area_m2": 22500.0 }, "geometry": { "type": "Polygon", "coordinates": [ [ [ -87.744066127662052, 41.895376037795437 ], [ -87.744053713399637, 41.896726484282397 ], [ -87.742246199917901, 41.89671719468388 ], [ -87.742258652253525, 41.895366748634466 ], [ -87.744066127662052, 41.895376037795437 ] ] ] } },
{ "type": "Feature", "properties": { "cell_id": "c0022_0003", "row": 22, "col": 3, "area_m2": 22500.0 }, "geometry": { "type": "Polygon", "coordinates": [ [ [ -87.742258652253525, 41.895366748634466 ], [ -87.742246199917901, 41.89671719468388 ], [ -87.740438687287991, 41.896707876637429 ], [ -87.740451177696784, 41.895357431026916 ], [ -87.742258652253525, 41.895366748634466 ] ] ] } },
{ "type": "Feature", "properties": { "cell_id": "c0022_0004", "row": 22, "col": 4, "area_m2": 22500.0 }, "geometry": { "type": "Polygon", "coordinates": [ [ [ -87.740451177696784, 41.895357431026916 ], [ -87.740438687287991, 41.896707876637429 ], [ -87.738631175512538, 41.896698530143112 ], [ -87.738643703994398, 41.895348084972831 ], [ -87.740451177696784, 41.895357431026916 ] ] ] } },
{ "type": "Feature", "properties": { "cell_id": "c0022_0005", "row": 22, "col": 5, "area_m2": 22500.0 }, "geometry": { "type": "Polygon", "coordinates": [ [ [ -87.738643703994398, 41.895348084972831 ], [ -87.738631175512538, 41.896698530143112 ], [ -87.736823664594141, 41.896689155200932 ], [ -87.736836231148999, 41.895338710472231 ], [ -87.738643703994398, 41.895348084972831 ] ] ] } },
{ "type": "Feature", "properties": { "cell_id": "c0022_0006", "row": 22, "col": 6, "area_m2": 22500.0 }, "geometry": { "type": "Polygon", "coordinates": [ [ [ -87.736836231148999, 41.895338710472231 ], [ -87.736823664594141, 41.896689155200932 ], [ -87.735016154535373, 41.89667975181095 ], [ -87.735028759163171, 41.895329307525166 ], [ -87.736836231148999, 41.895338710472231 ] ] ] } },
{ "type": "Feature", "properties": { "cell_id": "c0022_0007", "row": 22, "col": 7, "area_m2": 22500.0 }, "geometry": { "type": "Polygon", "coordinates": [ [ [ -87.735028759163171, 41.895329307525166 ], [ -87.735016154535373, 41.89667975181095 ], [ -87.733208645338877, 41.896670319973197 ], [ -87.73322128803953, 41.895319876131673 ], [ -87.735028759163171, 41.895329307525166 ] ] ] } },
{ "type": "Feature", "properties": { "cell_id": "c0022_0008", "row": 22, "col": 8, "area_m2": 22500.0 }, "geometry": { "type": "Polygon", "coordinates": [ [ [ -87.73322128803953, 41.895319876131673 ], [ -87.733208645338877, 41.896670319973197 ], [ -87.731401137007225, 41.896660859687714 ], [ -87.731413817780705, 41.895310416291778 ], [ -87.73322128803953, 41.895319876131673 ] ] ] } },
{ "type": "Feature", "properties": { "cell_id": "c0022_0009", "row": 22, "col": 9, "area_m2": 22500.0 }, "geometry": { "type": "Polygon", "coordinates": [ [ [ -87.731413817780705, 41.895310416291778 ], [ -87.731401137007225, 41.896660859687714 ], [ -87.729593629543032, 41.896651370954537 ], [ -87.72960634838924, 41.895300928005526 ], [ -87.731413817780705, 41.895310416291778 ] ] ] } },
{ "type": "Feature", "properties": { "cell_id": "c0022_0010", "row": 22, "col": 10, "area_m2": 22500.0 }, "geometry": { "type": "Polygon", "coordinates": [ [ [ -87.72960634838924, 41.895300928005526 ], [ -87.729593629543032, 41.896651370954537 ], [ -87.727786122948928, 41.896641853773708 ], [ -87.727798879867791, 41.895291411272972 ], [ -87.72960634838924, 41.895300928005526 ] ] ] } },
{ "type": "Feature", "properties": { "cell_id": "c0022_0011", "row": 22, "col": 11, "area_m2": 22500.0 }, "geometry": { "type": "Polygon", "coordinates": [ [ [ -87.727798879867791, 41.895291411272972 ], [ -87.727786122948928, 41.896641853773708 ], [ -87.725978617227469, 41.89663230814525 ], [ -87.725991412218946, 41.895281866094145 ], [ -87.727798879867791, 41.895291411272972 ] ] ] } },
{ "type": "Feature", "properties": { "cell_id": "c0022_0012", "row": 22, "col": 12, "area_m2": 22500.0 }, "geometry": { "type": "Polygon", "coordinates": [ [ [ -87.725991412218946, 41.895281866094145 ], [ -87.725978617227469, 41.89663230814525 ], [ -87.724171112381299, 41.896622734069233 ], [ -87.724183945445304, 41.895272292469066 ], [ -87.725991412218946, 41.895281866094145 ] ] ] } },
{ "type": "Feature", "properties": { "cell_id": "c0022_0013", "row": 22, "col": 13, "area_m2": 22500.0 }, "geometry": { "type": "Polygon", "coordinates": [ [ [ -87.724183945445304, 41.895272292469066 ], [ -87.724171112381299, 41.896622734069233 ], [ -87.722363608413005, 41.896613131545664 ], [ -87.722376479549467, 41.8952626903978 ], [ -87.724183945445304, 41.895272292469066 ] ] ] } },
{ "type": "Feature", "properties": { "cell_id": "c0022_0014", "row": 22, "col": 14, "area_m2": 22500.0 }, "geometry": { "type": "Polygon", "coordinates": [ [ [ -87.722376479549467, 41.8952626903978 ], [ -87.722363608413005, 41.896613131545664 ], [ -87.720556105325201, 41.896603500574599 ], [ -87.720569014534036, 41.895253059880368 ], [ -87.722376479549467, 41.8952626903978 ] ] ] } },
{ "type": "Feature", "properties": { "cell_id": "c0022_0015", "row": 22, "col": 15, "area_m2": 22500.0 }, "geometry": { "type": "Polygon", "coordinates": [ [ [ -87.720569014534036, 41.895253059880368 ], [ -87.720556105325201, 41.896603500574599 ], [ -87.718748603120474, 41.896593841156083 ], [ -87.718761550401624, 41.895243400916826 ], [ -87.720569014534036, 41.895253059880368 ] ] ] } },
{ "type": "Feature", "properties": { "cell_id": "c0022_0016", "row": 22, "col": 16, "area_m2": 22500.0 }, "geometry": { "type": "Polygon", "coordinates": [ [ [ -87.718761550401624, 41.895243400916826 ], [ -87.718748603120474, 41.896593841156083 ], [ -87.716941101801439, 41.896584153290128 ], [ -87.716954087154846, 41.895233713507189 ], [ -87.718761550401624, 41.895243400916826 ] ] ] } },
{ "type": "Feature", "properties": { "cell_id": "c0022_0017", "row": 22, "col": 17, "area_m2": 22500.0 }, "geometry": { "type": "Polygon", "coordinates": [ [ [ -87.716954087154846, 41.895233713507189 ], [ -87.716941101801439, 41.896584153290128 ], [ -87.715133601370709, 41.896574436976813 ], [ -87.71514662479629, 41.895223997651527 ], [ -87.716954087154846, 41.895233713507189 ] ] ] } },
{ "type": "Feature", "properties": { "cell_id": "c0022_0018", "row": 22, "col": 18, "area_m2": 22500.0 }, "geometry": { "type": "Polygon", "coordinates": [ [ [ -87.71514662479629, 41.895223997651527 ], [ -87.715133601370709, 41.896574436976813 ], [ -87.713326101830873, 41.896564692216145 ], [ -87.713339163328556, 41.895214253349856 ], [ -87.71514662479629, 41.895223997651527 ] ] ] } },
{ "type": "Feature", "properties": { "cell_id": "c0022_0019", "row": 22, "col": 19, "area_m2": 22500.0 }, "geometry": { "type": "Polygon", "coordinates": [ [ [ -87.713339163328556, 41.895214253349856 ], [ -87.713326101830873, 41.896564692216145 ], [ -87.71151860318453, 41.896554919008182 ], [ -87.711531702754257, 41.895204480602224 ], [ -87.713339163328556, 41.895214253349856 ] ] ] } },
{ "type": "Feature", "properties": { "cell_id": "c0022_0020", "row": 22, "col": 20, "area_m2": 22500.0 }, "geometry": { "type": "Polygon", "coordinates": [ [ [ -87.711531702754257, 41.895204480602224 ], [ -87.71151860318453, 41.896554919008182 ], [ -87.709711105434309, 41.89654511735295 ], [ -87.709724243075996, 41.895194679408661 ], [ -87.711531702754257, 41.895204480602224 ] ] ] } },
{ "type": "Feature", "properties": { "cell_id": "c0022_0021", "row": 22, "col": 21, "area_m2": 22500.0 }, "geometry": { "type": "Polygon", "coordinates": [ [ [ -87.709724243075996, 41.895194679408661 ], [ -87.709711105434309, 41.89654511735295 ], [ -87.707903608582797, 41.896535287250501 ], [ -87.707916784296387, 41.895184849769223 ], [ -87.709724243075996, 41.895194679408661 ] ] ] } },
{ "type": "Feature", "properties": { "cell_id": "c0022_0022", "row": 22, "col": 22, "area_m2": 16718.495793771635 }, "geometry": { "type": "Polygon", "coordinates": [ [ [ -87.707916784296387, 41.895184849769223 ], [ -87.707903608582797, 41.896535287250501 ], [ -87.706591069857296, 41.89652813115422 ], [ -87.706585935067139, 41.896359606521784 ], [ -87.706566565978605, 41.895865044316984 ], [ -87.706556332223911, 41.895553410646052 ], [ -87.706551027451582, 41.895391851793228 ], [ -87.706544751461763, 41.895177369144108 ], [ -87.707916784296387, 41.895184849769223 ] ] ] } },
{ "type": "Feature", "properties": { "cell_id": "c0023_0000", "row": 23, "col": 0, "area_m2": 104.10933771481294 }, "geometry": { "type": "Polygon", "coordinates": [ [ [ -87.745848850694841, 41.898086192034462 ], [ -87.745857130249107, 41.897182828006677 ], [ -87.74586092548742, 41.897322353292097 ], [ -87.745864039582457, 41.897436858299415 ], [ -87.745864472504692, 41.897766207508873 ], [ -87.745874403654568, 41.898017346044867 ], [ -87.74587582882576, 41.898086330050255 ], [ -87.745848850694841, 41.898086192034462 ] ] ] } },
{ "type": "Feature", "properties": { "cell_id": "c0023_0001", "row": 23, "col": 1, "area_m2": 22476.163752990469 }, "geometry": { "type": "Polygon", "coordinates": [ [ [ -87.745848850694841, 41.898086192034462 ], [ -87.744041298287996, 41.898076930447665 ], [ -87.744053713399637, 41.896726484282397 ], [ -87.745850088519674, 41.896735688446171 ], [ -87.745853567737072, 41.896859867754344 ], [ -87.745852583343492, 41.897015668354122 ], [ -87.745857130249107, 41.897182828006677 ], [ -87.745848850694841, 41.898086192034462 ] ] ] } },
{ "type": "Feature", "properties": { "cell_id": "c0023_0002", "row": 23, "col": 2, "area_m2": 22500.0 }, "geometry": { "type": "Polygon", "coordinates": [ [ [ -87.744053713399637, 41.896726484282397 ], [ -87.744041298287996, 41.898076930447665 ], [ -87.742233746730435, 41.898067640411575 ], [ -87.742246199917901, 41.89671719468388 ], [ -87.744053713399637, 41.896726484282397 ] ] ] } },
{ "type": "Feature", "properties": { "cell_id": "c0023_0003", "row": 23, "col": 3, "area_m2": 22500.0 }, "geometry": { "type": "Polygon", "coordinates": [ [ [ -87.742246199917901, 41.89671719468388 ], [ -87.742233746730435, 41.898067640411575 ], [ -87.740426196024785, 41.898058321926214 ], [ -87.740438687287991, 41.896707876637429 ], [ -87.742246199917901, 41.89671719468388 ] ] ] } },
{ "type": "Feature", "properties": { "cell_id": "c0023_0004", "row": 23, "col": 4, "area_m2": 22500.0 }, "geometry": { "type": "Polygon", "coordinates": [ [ [ -87.740438687287991, 41.896707876637429 ], [ -87.740426196024785, 41.898058321926214 ], [ -87.738618646173663, 41.898048974991646 ], [ -87.738631175512538, 41.896698530143112 ], [ -87.740438687287991, 41.896707876637429 ] ] ] } },
{ "type": "Feature", "properties": { "cell_id": "c0023_0005", "row": 23, "col": 5, "area_m2": 22500.0 }, "geometry": { "type": "Polygon", "coordinates": [ [ [ -87.738631175512538, 41.896698530143112 ], [ -87.738618646173663, 41.898048974991646 ], [ -87.73681109717964, 41.89803959960787 ], [ -87.736823664594141, 41.896689155200932 ], [ -87.738631175512538, 41.896698530143112 ] ] ] } },
{ "type": "Feature", "properties": { "cell_id": "c0023_0006", "row": 23, "col": 6, "area_m2": 22500.0 }, "geometry": { "type": "Polygon", "coordinates": [ [ [ -87.736823664594141, 41.896689155200932 ], [ -87.73681109717964, 41.89803959960787 ], [ -87.735003549045331, 41.898030195774957 ], [ -87.735016154535373, 41.89667975181095 ], [ -87.736823664594141, 41.896689155200932 ] ] ] } },
{ "type": "Feature", "properties": { "cell_id": "c0023_0007", "row": 23, "col": 7, "area_m2": 22500.0 }, "geometry": { "type": "Polygon", "coordinates": [ [ [ -87.735016154535373, 41.89667975181095 ], [ -87.735003549045331, 41.898030195774957 ], [ -87.733196001773337, 41.89802076349293 ], [ -87.733208645338877, 41.896670319973197 ], [ -87.735016154535373, 41.89667975181095 ] ] ] } },
{ "type": "Feature", "properties": { "cell_id": "c0023_0008", "row": 23, "col": 8, "area_m2": 22500.0 }, "geometry": { "type": "Polygon", "coordinates": [ [ [ -87.733208645338877, 41.896670319973197 ], [ -87.733196001773337, 41.89802076349293 ], [ -87.731388455366286, 41.898011302761837 ], [ -87.731401137007225, 41.896660859687714 ], [ -87.733208645338877, 41.896670319973197 ] ] ] } },
{ "type": "Feature", "properties": { "cell_id": "c0023_0009", "row": 23, "col": 9, "area_m2": 22500.0 }, "geometry": { "type": "Polygon", "coordinates": [ [ [ -87.731401137007225, 41.896660859687714 ], [ -87.731388455366286, 41.898011302761837 ], [ -87.729580909826765, 41.898001813581701 ], [ -87.729593629543032, 41.896651370954537 ], [ -87.731401137007225, 41.896660859687714 ] ] ] } },
{ "type": "Feature", "properties": { "cell_id": "c0023_0010", "row": 23, "col": 10, "area_m2": 22500.0 }, "geometry": { "type": "Polygon", "coordinates": [ [ [ -87.729593629543032, 41.896651370954537 ], [ -87.729580909826765, 41.898001813581701 ], [ -87.72777336515739, 41.897992295952577 ], [ -87.727786122948928, 41.896641853773708 ], [ -87.729593629543032, 41.896651370954537 ] ] ] } },
{ "type": "Feature", "properties": { "cell_id": "c0023_0011", "row": 23, "col": 11, "area_m2": 22500.0 }, "geometry": { "type": "Polygon", "coordinates": [ [ [ -87.727786122948928, 41.896641853773708 ], [ -87.72777336515739, 41.897992295952577 ], [ -87.725965821360745, 41.897982749874494 ], [ -87.725978617227469, 41.89663230814525 ], [ -87.727786122948928, 41.896641853773708 ] ] ] } },
{ "type": "Feature", "properties": { "cell_id": "c0023_0012", "row": 23, "col": 12, "area_m2": 22500.0 }, "geometry": { "type": "Polygon", "coordinates": [ [ [ -87.725978617227469, 41.89663230814525 ], [ -87.725965821360745, 41.897982749874494 ], [ -87.724158278439432, 41.897973175347495 ], [ -87.724171112381299, 41.896622734069233 ], [ -87.725978617227469, 41.89663230814525 ] ] ] } },
{ "type": "Feature", "properties": { "cell_id": "c0023_0013", "row": 23, "col": 13, "area_m2": 22500.0 }, "geometry": { "type": "Polygon", "coordinates": [ [ [ -87.724171112381299, 41.896622734069233 ], [ -87.724158278439432, 41.897973175347495 ], [ -87.722350736396081, 41.897963572371616 ], [ -87.722363608413005, 41.896613131545664 ], [ -87.724171112381299, 41.896622734069233 ] ] ] } },
{ "type": "Feature", "properties": { "cell_id": "c0023_0014", "row": 23, "col": 14, "area_m2": 22500.0 }, "geometry": { "type": "Polygon", "coordinates": [ [ [ -87.722363608413005, 41.896613131545664 ], [ -87.722350736396081, 41.897963572371616 ], [ -87.72054319523329, 41.897953940946906 ], [ -87.720556105325201, 41.896603500574599 ], [ -87.722363608413005, 41.896613131545664 ] ] ] } },
{ "type": "Feature", "properties": { "cell_id": "c0023_0015", "row": 23, "col": 15, "area_m2": 22500.0 }, "geometry": { "type": "Polygon", "coordinates": [ [ [ -87.720556105325201, 41.896603500574599 ], [ -87.72054319523329, 41.897953940946906 ], [ -87.718735654953633, 41.897944281073386 ], [ -87.718748603120474, 41.896593841156083 ], [ -87.720556105325201, 41.896603500574599 ] ] ] } },
{ "type": "Feature", "properties": { "cell_id": "c0023_0016", "row": 23, "col": 16, "area_m2": 22500.0 }, "geometry": { "type": "Polygon", "coordinates": [ [ [ -87.718748603120474, 41.896593841156083 ], [ -87.718735654953633, 41.897944281073386 ], [ -87.716928115559753, 41.897934592751113 ], [ -87.716941101801439, 41.896584153290128 ], [ -87.718748603120474, 41.896593841156083 ] ] ] } },
{ "type": "Feature", "properties": { "cell_id": "c0023_0017", "row": 23, "col": 17, "area_m2": 22500.0 }, "geometry": { "type": "Polygon", "coordinates": [ [ [ -87.716941101801439, 41.896584153290128 ], [ -87.716928115559753, 41.897934592751113 ], [ -87.715120577054236, 41.897924875980117 ], [ -87.715133601370709, 41.896574436976813 ], [ -87.716941101801439, 41.896584153290128 ] ] ] } },
{ "type": "Feature", "properties": { "cell_id": "c0023_0018", "row": 23, "col": 18, "area_m2": 22500.0 }, "geometry": { "type": "Polygon", "coordinates": [ [ [ -87.715133601370709, 41.896574436976813 ], [ -87.715120577054236, 41.897924875980117 ], [ -87.713313039439697, 41.897915130760438 ], [ -87.713326101830873, 41.896564692216145 ], [ -87.715133601370709, 41.896574436976813 ] ] ] } },
{ "type": "Feature", "properties": { "cell_id": "c0023_0019", "row": 23, "col": 19, "area_m2": 22500.0 }, "geometry": { "type": "Polygon", "coordinates": [ [ [ -87.713326101830873, 41.896564692216145 ], [ -87.713313039439697, 41.897915130760438 ], [ -87.711505502718708, 41.897905357092128 ], [ -87.71151860318453, 41.896554919008182 ], [ -87.713326101830873, 41.896564692216145 ] ] ] } },
{ "type": "Feature", "properties": { "cell_id": "c0023_0020", "row": 23, "col": 20, "area_m2": 22500.0 }, "geometry": { "type": "Polygon", "coordinates": [ [ [ -87.71151860318453, 41.896554919008182 ], [ -87.711505502718708, 41.897905357092128 ], [ -87.709697966893913, 41.897895554975193 ], [ -87.709711105434309, 41.89654511735295 ], [ -87.71151860318453, 41.896554919008182 ] ] ] } },
{ "type": "Feature", "properties": { "cell_id": "c0023_0021", "row": 23, "col": 21, "area_m2": 22500.0 }, "geometry": { "type": "Polygon", "coordinates": [ [ [ -87.709711105434309, 41.89654511735295 ], [ -87.709697966893913, 41.897895554975193 ], [ -87.707890431967911, 41.897885724409718 ], [ -87.707903608582797, 41.896535287250501 ], [ -87.709711105434309, 41.89654511735295 ] ] ] } },
{ "type": "Feature", "properties": { "cell_id": "c0023_0022", "row": 23, "col": 22, "area_m2": 16004.692424687637 }, "geometry": { "type": "Polygon", "coordinates": [ [ [ -87.707903608582797, 41.896535287250501 ], [ -87.707890431967911, 41.897885724409718 ], [ -87.706632274430078, 41.897878864924742 ], [ -87.706628130653556, 41.897759375487325 ], [ -87.706623850458953, 41.897635967835072 ], [ -87.706621577491731, 41.897557964490403 ], [ -87.706604277601286, 41.89696437181351 ], [ -87.706602452088148, 41.896901738781089 ], [ -87.706600732608635, 41.896845279013689 ], [ -87.706598029582338, 41.896756549302076 ], [ -87.706591069857296, 41.89652813115422 ], [ -87.707903608582797, 41.896535287250501 ] ] ] } },
{ "type": "Feature", "properties": { "cell_id": "c0024_0000", "row": 24, "col": 0, "area_m2": 616.24580776500704 }, "geometry": { "type": "Polygon", "coordinates": [ [ [ -87.745836472812371, 41.899436638314292 ], [ -87.745848850694841, 41.898086192034462 ], [ -87.74587582882576, 41.898086330050255 ], [ -87.745878716889123, 41.898226123575846 ], [ -87.745882189675228, 41.898394197850727 ], [ -87.745890528002718, 41.898686737503901 ], [ -87.745897142845635, 41.898918808718555 ], [ -87.745907333617467, 41.899410024934085 ], [ -87.745908005964338, 41.899437004262047 ], [ -87.745836472812371, 41.899436638314292 ] ] ] } },
{ "type": "Feature", "properties": { "cell_id": "c0024_0001", "row": 24, "col": 1, "area_m2": 22500.0 }, "geometry": { "type": "Polygon", "coordinates": [ [ [ -87.745848850694841, 41.898086192034462 ], [ -87.745836472812371, 41.899436638314292 ], [ -87.744028882327044, 41.89942737629125 ], [ -87.744041298287996, 41.898076930447665 ], [ -87.745848850694841, 41.898086192034462 ] ] ] } },
{ "type": "Feature", "properties": { "cell_id": "c0024_0002", "row": 24, "col": 2, "area_m2": 22500.0 }, "geometry": { "type": "Polygon", "coordinates": [ [ [ -87.744041298287996, 41.898076930447665 ], [ -87.744028882327044, 41.89942737629125 ], [ -87.742221292691056, 41.899418085817558 ], [ -87.742233746730435, 41.898067640411575 ], [ -87.744041298287996, 41.898076930447665 ] ] ] } },
{ "type": "Feature", "properties": { "cell_id": "c0024_0003", "row": 24, "col": 3, "area_m2": 22500.0 }, "geometry": { "type": "Polygon", "coordinates": [ [ [ -87.742233746730435, 41.898067640411575 ], [ -87.742221292691056, 41.899418085817558 ], [ -87.740413703907066, 41.899408766893266 ], [ -87.740426196024785, 41.898058321926214 ], [ -87.742233746730435, 41.898067640411575 ] ] ] } },
{ "type": "Feature", "properties": { "cell_id": "c0024_0004", "row": 24, "col": 4, "area_m2": 22500.0 }, "geometry": { "type": "Polygon", "coordinates": [ [ [ -87.740426196024785, 41.898058321926214 ], [ -87.740413703907066, 41.899408766893266 ], [ -87.738606115977646, 41.899399419518417 ], [ -87.738618646173663, 41.898048974991646 ], [ -87.740426196024785, 41.898058321926214 ] ] ] } },
{ "type": "Feature", "properties": { "cell_id": "c0024_0005", "row": 24, "col": 5, "area_m2": 22500.0 }, "geometry": { "type": "Polygon", "coordinates": [ [ [ -87.738618646173663, 41.898048974991646 ], [ -87.738606115977646, 41.899399419518417 ], [ -87.736798528905396, 41.899390043693032 ], [ -87.73681109717964, 41.89803959960787 ], [ -87.738618646173663, 41.898048974991646 ] ] ] } },
{ "type": "Feature", "properties": { "cell_id": "c0024_0006", "row": 24, "col": 6, "area_m2": 22500.0 }, "geometry": { "type": "Polygon", "coordinates": [ [ [ -87.73681109717964, 41.89803959960787 ], [ -87.736798528905396, 41.899390043693032 ], [ -87.73499094269296, 41.899380639417167 ], [ -87.735003549045331, 41.898030195774957 ], [ -87.73681109717964, 41.89803959960787 ] ] ] } },
{ "type": "Feature", "properties": { "cell_id": "c0024_0007", "row": 24, "col": 7, "area_m2": 22500.0 }, "geometry": { "type": "Polygon", "coordinates": [ [ [ -87.735003549045331, 41.898030195774957 ], [ -87.73499094269296, 41.899380639417167 ], [ -87.733183357342895, 41.899371206690844 ], [ -87.733196001773337, 41.89802076349293 ], [ -87.735003549045331, 41.898030195774957 ] ] ] } },
{ "type": "Feature", "properties": { "cell_id": "c0024_0008", "row": 24, "col": 8, "area_m2": 22500.0 }, "geometry": { "type": "Polygon", "coordinates": [ [ [ -87.733196001773337, 41.89802076349293 ], [ -87.733183357342895, 41.899371206690844 ], [ -87.731375772857831, 41.899361745514121 ], [ -87.731388455366286, 41.898011302761837 ], [ -87.733196001773337, 41.89802076349293 ] ] ] } },
{ "type": "Feature", "properties": { "cell_id": "c0024_0009", "row": 24, "col": 9, "area_m2": 22500.0 }, "geometry": { "type": "Polygon", "coordinates": [ [ [ -87.731388455366286, 41.898011302761837 ], [ -87.731375772857831, 41.899361745514121 ], [ -87.729568189240368, 41.899352255887017 ], [ -87.729580909826765, 41.898001813581701 ], [ -87.731388455366286, 41.898011302761837 ] ] ] } },
{ "type": "Feature", "properties": { "cell_id": "c0024_0010", "row": 24, "col": 10, "area_m2": 22500.0 }, "geometry": { "type": "Polygon", "coordinates": [ [ [ -87.729580909826765, 41.898001813581701 ], [ -87.729568189240368, 41.899352255887017 ], [ -87.727760606493106, 41.899342737809569 ], [ -87.72777336515739, 41.897992295952577 ], [ -87.729580909826765, 41.898001813581701 ] ] ] } },
{ "type": "Feature", "properties": { "cell_id": "c0024_0011", "row": 24, "col": 11, "area_m2": 22500.0 }, "geometry": { "type": "Polygon", "coordinates": [ [ [ -87.72777336515739, 41.897992295952577 ], [ -87.727760606493106, 41.899342737809569 ], [ -87.725953024618661, 41.899333191281841 ], [ -87.725965821360745, 41.897982749874494 ], [ -87.72777336515739, 41.897992295952577 ] ] ] } },
{ "type": "Feature", "properties": { "cell_id": "c0024_0012", "row": 24, "col": 12, "area_m2": 22500.0 }, "geometry": { "type": "Polygon", "coordinates": [ [ [ -87.725965821360745, 41.897982749874494 ], [ -87.725953024618661, 41.899333191281841 ], [ -87.724145443619605, 41.899323616303853 ], [ -87.724158278439432, 41.897973175347495 ], [ -87.725965821360745, 41.897982749874494 ] ] ] } },
{ "type": "Feature", "properties": { "cell_id": "c0024_0013", "row": 24, "col": 13, "area_m2": 22500.0 }, "geometry": { "type": "Polygon", "coordinates": [ [ [ -87.724158278439432, 41.897973175347495 ], [ -87.724145443619605, 41.899323616303853 ], [ -87.722337863498595, 41.899314012875635 ], [ -87.722350736396081, 41.897963572371616 ], [ -87.724158278439432, 41.897973175347495 ] ] ] } },
{ "type": "Feature", "properties": { "cell_id": "c0024_0014", "row": 24, "col": 14, "area_m2": 22500.0 }, "geometry": { "type": "Polygon", "coordinates": [ [ [ -87.722350736396081, 41.897963572371616 ], [ -87.722337863498595, 41.899314012875635 ], [ -87.720530284258189, 41.899304380997251 ], [ -87.72054319523329, 41.897953940946906 ], [ -87.722350736396081, 41.897963572371616 ] ] ] } },
{ "type": "Feature", "properties": { "cell_id": "c0024_0015", "row": 24, "col": 15, "area_m2": 22500.0 }, "geometry": { "type": "Polygon", "coordinates": [ [ [ -87.72054319523329, 41.897953940946906 ], [ -87.720530284258189, 41.899304380997251 ], [ -87.71872270590103, 41.899294720668728 ], [ -87.718735654953633, 41.897944281073386 ], [ -87.72054319523329, 41.897953940946906 ] ] ] } },
{ "type": "Feature", "properties": { "cell_id": "c0024_0016", "row": 24, "col": 16, "area_m2": 22500.0 }, "geometry": { "type": "Polygon", "coordinates": [ [ [ -87.718735654953633, 41.897944281073386 ], [ -87.71872270590103, 41.899294720668728 ], [ -87.71691512842969, 41.899285031890102 ], [ -87.716928115559753, 41.897934592751113 ], [ -87.718735654953633, 41.897944281073386 ] ] ] } },
{ "type": "Feature", "properties": { "cell_id": "c0024_0017", "row": 24, "col": 17, "area_m2": 22500.0 }, "geometry": { "type": "Polygon", "coordinates": [ [ [ -87.716928115559753, 41.897934592751113 ], [ -87.71691512842969, 41.899285031890102 ], [ -87.715107551846785, 41.899275314661409 ], [ -87.715120577054236, 41.897924875980117 ], [ -87.716928115559753, 41.897934592751113 ] ] ] } },
{ "type": "Feature", "properties": { "cell_id": "c0024_0018", "row": 24, "col": 18, "area_m2": 22500.0 }, "geometry": { "type": "Polygon", "coordinates": [ [ [ -87.715120577054236, 41.897924875980117 ], [ -87.715107551846785, 41.899275314661409 ], [ -87.713299976154914, 41.899265568982699 ], [ -87.713313039439697, 41.897915130760438 ], [ -87.715120577054236, 41.897924875980117 ] ] ] } },
{ "type": "Feature", "properties": { "cell_id": "c0024_0019", "row": 24, "col": 19, "area_m2": 22500.0 }, "geometry": { "type": "Polygon", "coordinates": [ [ [ -87.713313039439697, 41.897915130760438 ], [ -87.713299976154914, 41.899265568982699 ], [ -87.711492401356708, 41.899255794854014 ], [ -87.711505502718708, 41.897905357092128 ], [ -87.713313039439697, 41.897915130760438 ] ] ] } },
{ "type": "Feature", "properties": { "cell_id": "c0024_0020", "row": 24, "col": 20, "area_m2": 22500.0 }, "geometry": { "type": "Polygon", "coordinates": [ [ [ -87.711505502718708, 41.897905357092128 ], [ -87.711492401356708, 41.899255794854014 ], [ -87.709684827454751, 41.899245992275375 ], [ -87.709697966893913, 41.897895554975193 ], [ -87.711505502718708, 41.897905357092128 ] ] ] } },
{ "type": "Feature", "properties": { "cell_id": "c0024_0021", "row": 24, "col": 21, "area_m2": 22500.0 }, "geometry": { "type": "Polygon", "coordinates": [ [ [ -87.709697966893913, 41.897895554975193 ], [ -87.709684827454751, 41.899245992275375 ], [ -87.707877254451631, 41.899236161246847 ], [ -87.707890431967911, 41.897885724409718 ], [ -87.709697966893913, 41.897895554975193 ] ] ] } },
{ "type": "Feature", "properties": { "cell_id": "c0024_0022", "row": 24, "col": 22, "area_m2": 15310.114308824397 }, "geometry": { "type": "Polygon", "coordinates": [ [ [ -87.707890431967911, 41.897885724409718 ], [ -87.707877254451631, 41.899236161246847 ], [ -87.706675659870712, 41.899229610269096 ], [ -87.706674456166326, 41.899195400811301 ], [ -87.706669545675524, 41.899055839495254 ], [ -87.706661468811902, 41.898799976659461 ], [ -87.706659035229933, 41.89872323473584 ], [ -87.706652990180132, 41.898532587325178 ], [ -87.706646380655087, 41.898310677132081 ], [ -87.706641099607069, 41.898133345426047 ], [ -87.706632274430078, 41.897878864924742 ], [ -87.707890431967911, 41.897885724409718 ] ] ] } },
{ "type": "Feature", "properties": { "cell_id": "c0025_0000", "row": 25, "col": 0, "area_m2": 1141.8569714192556 }, "geometry": { "type": "Polygon", "coordinates": [ [ [ -87.745824094083147, 41.900787084272423 ], [ -87.745836472812371, 41.899436638314292 ], [ -87.745908005964338, 41.899437004262047 ], [ -87.7459119531824, 41.899595394304896 ], [ -87.745916628937579, 41.899782520476812 ], [ -87.745924078439728, 41.900236236958619 ], [ -87.745929549597449, 41.900516067955131 ], [ -87.745934432182281, 41.900765845332309 ], [ -87.745934837196373, 41.900787650805505 ], [ -87.745824094083147, 41.900787084272423 ] ] ] } },
{ "type": "Feature", "properties": { "cell_id": "c0025_0001", "row": 25, "col": 1, "area_m2": 22500.0 }, "geometry": { "type": "Polygon", "coordinates": [ [ [ -87.745836472812371, 41.899436638314292 ], [ -87.745824094083147, 41.900787084272423 ], [ -87.744016465516708, 41.900777821813115 ], [ -87.744028882327044, 41.89942737629125 ], [ -87.745836472812371, 41.899436638314292 ] ] ] } },
{ "type": "Feature", "properties": { "cell_id": "c0025_0002", "row": 25, "col": 2, "area_m2": 22500.0 }, "geometry": { "type": "Polygon", "coordinates": [ [ [ -87.744028882327044, 41.89942737629125 ], [ -87.744016465516708, 41.900777821813115 ], [ -87.742208837799723, 41.900768530901814 ], [ -87.742221292691056, 41.899418085817558 ], [ -87.744028882327044, 41.89942737629125 ] ] ] } },
{ "type": "Feature", "properties": { "cell_id": "c0025_0003", "row": 25, "col": 3, "area_m2": 22500.0 }, "geometry": { "type": "Polygon", "coordinates": [ [ [ -87.742221292691056, 41.899418085817558 ], [ -87.742208837799723, 41.900768530901814 ], [ -87.740401210934763, 41.900759211538571 ], [ -87.740413703907066, 41.899408766893266 ], [ -87.742221292691056, 41.899418085817558 ] ] ] } },
{ "type": "Feature", "properties": { "cell_id": "c0025_0004", "row": 25, "col": 4, "area_m2": 22500.0 }, "geometry": { "type": "Polygon", "coordinates": [ [ [ -87.740413703907066, 41.899408766893266 ], [ -87.740401210934763, 41.900759211538571 ], [ -87.738593584924459, 41.900749863723433 ], [ -87.738606115977646, 41.899399419518417 ], [ -87.740413703907066, 41.899408766893266 ] ] ] } },
{ "type": "Feature", "properties": { "cell_id": "c0025_0005", "row": 25, "col": 5, "area_m2": 22500.0 }, "geometry": { "type": "Polygon", "coordinates": [ [ [ -87.738606115977646, 41.899399419518417 ], [ -87.738593584924459, 41.900749863723433 ], [ -87.736785959771396, 41.900740487456417 ], [ -87.736798528905396, 41.899390043693032 ], [ -87.738606115977646, 41.899399419518417 ] ] ] } },
{ "type": "Feature", "properties": { "cell_id": "c0025_0006", "row": 25, "col": 6, "area_m2": 22500.0 }, "geometry": { "type": "Polygon", "coordinates": [ [ [ -87.736798528905396, 41.899390043693032 ], [ -87.736785959771396, 41.900740487456417 ], [ -87.734978335478189, 41.900731082737579 ], [ -87.73499094269296, 41.899380639417167 ], [ -87.736798528905396, 41.899390043693032 ] ] ] } },
{ "type": "Feature", "properties": { "cell_id": "c0025_0007", "row": 25, "col": 7, "area_m2": 22500.0 }, "geometry": { "type": "Polygon", "coordinates": [ [ [ -87.73499094269296, 41.899380639417167 ], [ -87.734978335478189, 41.900731082737579 ], [ -87.733170712047453, 41.900721649566947 ], [ -87.733183357342895, 41.899371206690844 ], [ -87.73499094269296, 41.899380639417167 ] ] ] } },
{ "type": "Feature", "properties": { "cell_id": "c0025_0008", "row": 25, "col": 8, "area_m2": 22500.0 }, "geometry": { "type": "Polygon", "coordinates": [ [ [ -87.733183357342895, 41.899371206690844 ], [ -87.733170712047453, 41.900721649566947 ], [ -87.731363089481775, 41.900712187944571 ], [ -87.731375772857831, 41.899361745514121 ], [ -87.733183357342895, 41.899371206690844 ] ] ] } },
{ "type": "Feature", "properties": { "cell_id": "c0025_0009", "row": 25, "col": 9, "area_m2": 22500.0 }, "geometry": { "type": "Polygon", "coordinates": [ [ [ -87.731375772857831, 41.899361745514121 ], [ -87.731363089481775, 41.900712187944571 ], [ -87.729555467783754, 41.900702697870472 ], [ -87.729568189240368, 41.899352255887017 ], [ -87.731375772857831, 41.899361745514121 ] ] ] } },
{ "type": "Feature", "properties": { "cell_id": "c0025_0010", "row": 25, "col": 10, "area_m2": 22500.0 }, "geometry": { "type": "Polygon", "coordinates": [ [ [ -87.729568189240368, 41.899352255887017 ], [ -87.729555467783754, 41.900702697870472 ], [ -87.727747846956007, 41.900693179344707 ], [ -87.727760606493106, 41.899342737809569 ], [ -87.729568189240368, 41.899352255887017 ] ] ] } },
{ "type": "Feature", "properties": { "cell_id": "c0025_0011", "row": 25, "col": 11, "area_m2": 22500.0 }, "geometry": { "type": "Polygon", "coordinates": [ [ [ -87.727760606493106, 41.899342737809569 ], [ -87.727747846956007, 41.900693179344707 ], [ -87.725940227001146, 41.90068363236729 ], [ -87.725953024618661, 41.899333191281841 ], [ -87.727760606493106, 41.899342737809569 ] ] ] } },
{ "type": "Feature", "properties": { "cell_id": "c0025_0012", "row": 25, "col": 12, "area_m2": 22500.0 }, "geometry": { "type": "Polygon", "coordinates": [ [ [ -87.725953024618661, 41.899333191281841 ], [ -87.725940227001146, 41.90068363236729 ], [ -87.724132607921774, 41.9006740569383 ], [ -87.724145443619605, 41.899323616303853 ], [ -87.725953024618661, 41.899333191281841 ] ] ] } },
{ "type": "Feature", "properties": { "cell_id": "c0025_0013", "row": 25, "col": 13, "area_m2": 22500.0 }, "geometry": { "type": "Polygon", "coordinates": [ [ [ -87.724145443619605, 41.899323616303853 ], [ -87.724132607921774, 41.9006740569383 ], [ -87.722324989720477, 41.900664453057743 ], [ -87.722337863498595, 41.899314012875635 ], [ -87.724145443619605, 41.899323616303853 ] ] ] } },
{ "type": "Feature", "properties": { "cell_id": "c0025_0014", "row": 25, "col": 14, "area_m2": 22500.0 }, "geometry": { "type": "Polygon", "coordinates": [ [ [ -87.722337863498595, 41.899314012875635 ], [ -87.722324989720477, 41.900664453057743 ], [ -87.720517372399883, 41.900654820725663 ], [ -87.720530284258189, 41.899304380997251 ], [ -87.722337863498595, 41.899314012875635 ] ] ] } },
{ "type": "Feature", "properties": { "cell_id": "c0025_0015", "row": 25, "col": 15, "area_m2": 22500.0 }, "geometry": { "type": "Polygon", "coordinates": [ [ [ -87.720530284258189, 41.899304380997251 ], [ -87.720517372399883, 41.900654820725663 ], [ -87.718709755962593, 41.900645159942101 ], [ -87.71872270590103, 41.899294720668728 ], [ -87.720530284258189, 41.899304380997251 ] ] ] } },
{ "type": "Feature", "properties": { "cell_id": "c0025_0016", "row": 25, "col": 16, "area_m2": 22500.0 }, "geometry": { "type": "Polygon", "coordinates": [ [ [ -87.71872270590103, 41.899294720668728 ], [ -87.718709755962593, 41.900645159942101 ], [ -87.716902140411193, 41.900635470707101 ], [ -87.71691512842969, 41.899285031890102 ], [ -87.71872270590103, 41.899294720668728 ] ] ] } },
{ "type": "Feature", "properties": { "cell_id": "c0025_0017", "row": 25, "col": 17, "area_m2": 22500.0 }, "geometry": { "type": "Polygon", "coordinates": [ [ [ -87.71691512842969, 41.899285031890102 ], [ -87.716902140411193, 41.900635470707101 ], [ -87.715094525748299, 41.900625753020705 ], [ -87.715107551846785, 41.899275314661409 ], [ -87.71691512842969, 41.899285031890102 ] ] ] } },
{ "type": "Feature", "properties": { "cell_id": "c0025_0018", "row": 25, "col": 18, "area_m2": 22500.0 }, "geometry": { "type": "Polygon", "coordinates": [ [ [ -87.715107551846785, 41.899275314661409 ], [ -87.715094525748299, 41.900625753020705 ], [ -87.713286911976525, 41.900616006882949 ], [ -87.713299976154914, 41.899265568982699 ], [ -87.715107551846785, 41.899275314661409 ] ] ] } },
{ "type": "Feature", "properties": { "cell_id": "c0025_0019", "row": 25, "col": 19, "area_m2": 22500.0 }, "geometry": { "type": "Polygon", "coordinates": [ [ [ -87.713299976154914, 41.899265568982699 ], [ -87.713286911976525, 41.900616006882949 ], [ -87.711479299098457, 41.900606232293875 ], [ -87.711492401356708, 41.899255794854014 ], [ -87.713299976154914, 41.899265568982699 ] ] ] } },
{ "type": "Feature", "properties": { "cell_id": "c0025_0020", "row": 25, "col": 20, "area_m2": 22500.0 }, "geometry": { "type": "Polygon", "coordinates": [ [ [ -87.711492401356708, 41.899255794854014 ], [ -87.711479299098457, 41.900606232293875 ], [ -87.70967168711671, 41.900596429253504 ], [ -87.709684827454751, 41.899245992275375 ], [ -87.711492401356708, 41.899255794854014 ] ] ] } },
{ "type": "Feature", "properties": { "cell_id": "c0025_0021", "row": 25, "col": 21, "area_m2": 22500.0 }, "geometry": { "type": "Polygon", "coordinates": [ [ [ -87.709684827454751, 41.899245992275375 ], [ -87.70967168711671, 41.900596429253504 ], [ -87.707864076033886, 41.900586597761894 ], [ -87.707877254451631, 41.899236161246847 ], [ -87.709684827454751, 41.899245992275375 ] ] ] } },
{ "type": "Feature", "properties": { "cell_id": "c0025_0022", "row": 25, "col": 22, "area_m2": 14615.394253933551 }, "geometry": { "type": "Polygon", "coordinates": [ [ [ -87.707877254451631, 41.899236161246847 ], [ -87.707864076033886, 41.900586597761894 ], [ -87.70671744426501, 41.900580346547891 ], [ -87.706716212767574, 41.900541879261567 ], [ -87.706708220162611, 41.900254815721397 ], [ -87.706704024703868, 41.900136155227436 ], [ -87.706697602147813, 41.899954511023097 ], [ -87.706683768665144, 41.899509649242965 ], [ -87.706678571696827, 41.89931236467541 ], [ -87.706675659870712, 41.899229610269096 ], [ -87.707877254451631, 41.899236161246847 ] ] ] } },
{ "type": "Feature", "properties": { "cell_id": "c0026_0000", "row": 26, "col": 0, "area_m2": 1669.7740749686523 }, "geometry": { "type": "Polygon", "coordinates": [ [ [ -87.745811714507084, 41.902137529908885 ], [ -87.745824094083147, 41.900787084272423 ], [ -87.745934837196373, 41.900787650805505 ], [ -87.745941786057458, 41.901161767555536 ], [ -87.74595015081222, 41.901435164207193 ], [ -87.74595594781718, 41.901624628794536 ], [ -87.745973920270259, 41.902138359696814 ], [ -87.745811714507084, 41.902137529908885 ] ] ] } },
{ "type": "Feature", "properties": { "cell_id": "c0026_0001", "row": 26, "col": 1, "area_m2": 22500.0 }, "geometry": { "type": "Polygon", "coordinates": [ [ [ -87.745824094083147, 41.900787084272423 ], [ -87.745811714507084, 41.902137529908885 ], [ -87.744004047856961, 41.902128267013275 ], [ -87.744016465516708, 41.900777821813115 ], [ -87.745824094083147, 41.900787084272423 ] ] ] } },
{ "type": "Feature", "properties": { "cell_id": "c0026_0002", "row": 26, "col": 2, "area_m2": 22500.0 }, "geometry": { "type": "Polygon", "coordinates": [ [ [ -87.744016465516708, 41.900777821813115 ], [ -87.744004047856961, 41.902128267013275 ], [ -87.742196382056335, 41.902118975664344 ], [ -87.742208837799723, 41.900768530901814 ], [ -87.744016465516708, 41.900777821813115 ] ] ] } },
{ "type": "Feature", "properties": { "cell_id": "c0026_0003", "row": 26, "col": 3, "area_m2": 22500.0 }, "geometry": { "type": "Polygon", "coordinates": [ [ [ -87.742208837799723, 41.900768530901814 ], [ -87.742196382056335, 41.902118975664344 ], [ -87.74038871710782, 41.902109655862141 ], [ -87.740401210934763, 41.900759211538571 ], [ -87.742208837799723, 41.900768530901814 ] ] ] } },
{ "type": "Feature", "properties": { "cell_id": "c0026_0004", "row": 26, "col": 4, "area_m2": 22500.0 }, "geometry": { "type": "Polygon", "coordinates": [ [ [ -87.740401210934763, 41.900759211538571 ], [ -87.74038871710782, 41.902109655862141 ], [ -87.738581053014016, 41.902100307606695 ], [ -87.738593584924459, 41.900749863723433 ], [ -87.740401210934763, 41.900759211538571 ] ] ] } },
{ "type": "Feature", "properties": { "cell_id": "c0026_0005", "row": 26, "col": 5, "area_m2": 22500.0 }, "geometry": { "type": "Polygon", "coordinates": [ [ [ -87.738593584924459, 41.900749863723433 ], [ -87.738581053014016, 41.902100307606695 ], [ -87.736773389777539, 41.902090930898026 ], [ -87.736785959771396, 41.900740487456417 ], [ -87.738593584924459, 41.900749863723433 ] ] ] } },
{ "type": "Feature", "properties": { "cell_id": "c0026_0006", "row": 26, "col": 6, "area_m2": 22500.0 }, "geometry": { "type": "Polygon", "coordinates": [ [ [ -87.736785959771396, 41.900740487456417 ], [ -87.736773389777539, 41.902090930898026 ], [ -87.734965727400976, 41.9020815257362 ], [ -87.734978335478189, 41.900731082737579 ], [ -87.736785959771396, 41.900740487456417 ] ] ] } },
{ "type": "Feature", "properties": { "cell_id": "c0026_0007", "row": 26, "col": 7, "area_m2": 22500.0 }, "geometry": { "type": "Polygon", "coordinates": [ [ [ -87.734978335478189, 41.900731082737579 ], [ -87.734965727400976, 41.9020815257362 ], [ -87.73315806588694, 41.902072092121244 ], [ -87.733170712047453, 41.900721649566947 ], [ -87.734978335478189, 41.900731082737579 ] ] ] } },
{ "type": "Feature", "properties": { "cell_id": "c0026_0008", "row": 26, "col": 8, "area_m2": 22500.0 }, "geometry": { "type": "Polygon", "coordinates": [ [ [ -87.733170712047453, 41.900721649566947 ], [ -87.73315806588694, 41.902072092121244 ], [ -87.731350405238032, 41.902062630053194 ], [ -87.731363089481775, 41.900712187944571 ], [ -87.733170712047453, 41.900721649566947 ] ] ] } },
{ "type": "Feature", "properties": { "cell_id": "c0026_0009", "row": 26, "col": 9, "area_m2": 22500.0 }, "geometry": { "type": "Polygon", "coordinates": [ [ [ -87.731363089481775, 41.900712187944571 ], [ -87.731350405238032, 41.902062630053194 ], [ -87.729542745456882, 41.902053139532079 ], [ -87.729555467783754, 41.900702697870472 ], [ -87.731363089481775, 41.900712187944571 ] ] ] } },
{ "type": "Feature", "properties": { "cell_id": "c0026_0010", "row": 26, "col": 10, "area_m2": 22500.0 }, "geometry": { "type": "Polygon", "coordinates": [ [ [ -87.729555467783754, 41.900702697870472 ], [ -87.729542745456882, 41.902053139532079 ], [ -87.727735086546048, 41.902043620557961 ], [ -87.727747846956007, 41.900693179344707 ], [ -87.729555467783754, 41.900702697870472 ] ] ] } },
{ "type": "Feature", "properties": { "cell_id": "c0026_0011", "row": 26, "col": 11, "area_m2": 22500.0 }, "geometry": { "type": "Polygon", "coordinates": [ [ [ -87.727747846956007, 41.900693179344707 ], [ -87.727735086546048, 41.902043620557961 ], [ -87.725927428508172, 41.902034073130864 ], [ -87.725940227001146, 41.90068363236729 ], [ -87.727747846956007, 41.900693179344707 ] ] ] } },
{ "type": "Feature", "properties": { "cell_id": "c0026_0012", "row": 26, "col": 12, "area_m2": 22500.0 }, "geometry": { "type": "Polygon", "coordinates": [ [ [ -87.725940227001146, 41.90068363236729 ], [ -87.725927428508172, 41.902034073130864 ], [ -87.724119771345855, 41.902024497250842 ], [ -87.724132607921774, 41.9006740569383 ], [ -87.725940227001146, 41.90068363236729 ] ] ] } },
{ "type": "Feature", "properties": { "cell_id": "c0026_0013", "row": 26, "col": 13, "area_m2": 22500.0 }, "geometry": { "type": "Polygon", "coordinates": [ [ [ -87.724132607921774, 41.9006740569383 ], [ -87.724119771345855, 41.902024497250842 ], [ -87.722312115061683, 41.902014892917904 ], [ -87.722324989720477, 41.900664453057743 ], [ -87.724132607921774, 41.9006740569383 ] ] ] } },
{ "type": "Feature", "properties": { "cell_id": "c0026_0014", "row": 26, "col": 14, "area_m2": 22500.0 }, "geometry": { "type": "Polygon", "coordinates": [ [ [ -87.722324989720477, 41.900664453057743 ], [ -87.722312115061683, 41.902014892917904 ], [ -87.720504459658287, 41.902005260132121 ], [ -87.720517372399883, 41.900654820725663 ], [ -87.722324989720477, 41.900664453057743 ] ] ] } },
{ "type": "Feature", "properties": { "cell_id": "c0026_0015", "row": 26, "col": 15, "area_m2": 22500.0 }, "geometry": { "type": "Polygon", "coordinates": [ [ [ -87.720517372399883, 41.900654820725663 ], [ -87.720504459658287, 41.902005260132121 ], [ -87.718696805138251, 41.901995598893514 ], [ -87.718709755962593, 41.900645159942101 ], [ -87.720517372399883, 41.900654820725663 ] ] ] } },
{ "type": "Feature", "properties": { "cell_id": "c0026_0016", "row": 26, "col": 16, "area_m2": 22500.0 }, "geometry": { "type": "Polygon", "coordinates": [ [ [ -87.718709755962593, 41.900645159942101 ], [ -87.718696805138251, 41.901995598893514 ], [ -87.716889151504191, 41.901985909202118 ], [ -87.716902140411193, 41.900635470707101 ], [ -87.718709755962593, 41.900645159942101 ] ] ] } },
{ "type": "Feature", "properties": { "cell_id": "c0026_0017", "row": 26, "col": 17, "area_m2": 22500.0 }, "geometry": { "type": "Polygon", "coordinates": [ [ [ -87.716902140411193, 41.900635470707101 ], [ -87.716889151504191, 41.901985909202118 ], [ -87.715081498758693, 41.901976191057997 ], [ -87.715094525748299, 41.900625753020705 ], [ -87.716902140411193, 41.900635470707101 ] ] ] } },
{ "type": "Feature", "properties": { "cell_id": "c0026_0018", "row": 26, "col": 18, "area_m2": 22500.0 }, "geometry": { "type": "Polygon", "coordinates": [ [ [ -87.715094525748299, 41.900625753020705 ], [ -87.715081498758693, 41.901976191057997 ], [ -87.713273846904386, 41.901966444461173 ], [ -87.713286911976525, 41.900616006882949 ], [ -87.715094525748299, 41.900625753020705 ] ] ] } },
{ "type": "Feature", "properties": { "cell_id": "c0026_0019", "row": 26, "col": 19, "area_m2": 22500.0 }, "geometry": { "type": "Polygon", "coordinates": [ [ [ -87.713286911976525, 41.900616006882949 ], [ -87.713273846904386, 41.901966444461173 ], [ -87.711466195943885, 41.901956669411668 ], [ -87.711479299098457, 41.900606232293875 ], [ -87.713286911976525, 41.900616006882949 ] ] ] } },
{ "type": "Feature", "properties": { "cell_id": "c0026_0020", "row": 26, "col": 20, "area_m2": 22500.0 }, "geometry": { "type": "Polygon", "coordinates": [ [ [ -87.711479299098457, 41.900606232293875 ], [ -87.711466195943885, 41.901956669411668 ], [ -87.709658545879762, 41.901946865909565 ], [ -87.70967168711671, 41.900596429253504 ], [ -87.711479299098457, 41.900606232293875 ] ] ] } },
{ "type": "Feature", "properties": { "cell_id": "c0026_0021", "row": 26, "col": 21, "area_m2": 22500.0 }, "geometry": { "type": "Polygon", "coordinates": [ [ [ -87.70967168711671, 41.900596429253504 ], [ -87.709658545879762, 41.901946865909565 ], [ -87.707850896714618, 41.901937033954873 ], [ -87.707864076033886, 41.900586597761894 ], [ -87.70967168711671, 41.900596429253504 ] ] ] } },
{ "type": "Feature", "properties": { "cell_id": "c0026_0022", "row": 26, "col": 22, "area_m2": 13918.766933620449 }, "geometry": { "type": "Polygon", "coordinates": [ [ [ -87.707864076033886, 41.900586597761894 ], [ -87.707850896714618, 41.901937033954873 ], [ -87.706760751209387, 41.901931090806542 ], [ -87.70675898302521, 41.90187161298406 ], [ -87.706756420888638, 41.901779530388851 ], [ -87.706743187607117, 41.901374656051964 ], [ -87.706735720912988, 41.901150273401932 ], [ -87.706731088670324, 41.901006011196309 ], [ -87.706725527006469, 41.900832819648613 ], [ -87.70671744426501, 41.900580346547891 ], [ -87.707864076033886, 41.900586597761894 ] ] ] } },
{ "type": "Feature", "properties": { "cell_id": "c0027_0000", "row": 27, "col": 0, "area_m2": 328.945519548954 }, "geometry": { "type": "Polygon", "coordinates": [ [ [ -87.745811714507084, 41.902137529908885 ], [ -87.745973920270259, 41.902138359696814 ], [ -87.745975915610813, 41.902195394783298 ], [ -87.745975578507256, 41.902202857801818 ], [ -87.745978356755515, 41.902352331862815 ], [ -87.745809725911499, 41.902354450362516 ], [ -87.745811714507084, 41.902137529908885 ] ] ] } },
{ "type": "Feature", "properties": { "cell_id": "c0027_0001", "row": 27, "col": 1, "area_m2": 3999.998796630668 }, "geometry": { "type": "Polygon", "coordinates": [ [ [ -87.744004047856961, 41.902128267013275 ], [ -87.745811714507084, 41.902137529908885 ], [ -87.745809725911499, 41.902354450362516 ], [ -87.745701000324715, 41.902355816144478 ], [ -87.74540206775977, 41.902363094959831 ], [ -87.744521097630638, 41.902381468580451 ], [ -87.744001642050407, 41.902389892541187 ], [ -87.744004047856961, 41.902128267013275 ] ] ] } },
{ "type": "Feature", "properties": { "cell_id": "c0027_0002", "row": 27, "col": 2, "area_m2": 4659.2453977243867 }, "geometry": { "type": "Polygon", "coordinates": [ [ [ -87.742196382056335, 41.902118975664344 ], [ -87.744004047856961, 41.902128267013275 ], [ -87.744001642050407, 41.902389892541187 ], [ -87.743836945757707, 41.902392562913796 ], [ -87.743619958247422, 41.90239608099759 ], [ -87.742940591334474, 41.902405515431234 ], [ -87.742836108043761, 41.902406914806406 ], [ -87.742447311453375, 41.902412466926187 ], [ -87.742341459407754, 41.90241395965883 ], [ -87.742235496442746, 41.902415589483745 ], [ -87.742193640204604, 41.902416233252652 ], [ -87.742196382056335, 41.902118975664344 ] ] ] } },
{ "type": "Feature", "properties": { "cell_id": "c0027_0003", "row": 27, "col": 3, "area_m2": 5258.5725615861475 }, "geometry": { "type": "Polygon", "coordinates": [ [ [ -87.74038871710782, 41.902109655862141 ], [ -87.742196382056335, 41.902118975664344 ], [ -87.742193640204604, 41.902416233252652 ], [ -87.741739895083995, 41.902423211088831 ], [ -87.741713402217272, 41.902423681419059 ], [ -87.741418790271723, 41.90242891126826 ], [ -87.741337696581866, 41.902429962566671 ], [ -87.741128264183018, 41.902432679406637 ], [ -87.740649713150432, 41.902438885195153 ], [ -87.740385638246195, 41.902442432469485 ], [ -87.74038871710782, 41.902109655862141 ] ] ] } },
{ "type": "Feature", "properties": { "cell_id": "c0027_0004", "row": 27, "col": 4, "area_m2": 5861.2669400908535 }, "geometry": { "type": "Polygon", "coordinates": [ [ [ -87.738581053014016, 41.902100307606695 ], [ -87.74038871710782, 41.902109655862141 ], [ -87.740385638246195, 41.902442432469485 ], [ -87.740088938947324, 41.90244641725684 ], [ -87.739886836248033, 41.902449784614163 ], [ -87.739716805868724, 41.902452617017836 ], [ -87.73938122533734, 41.902458456274097 ], [ -87.738988882928126, 41.902465262234394 ], [ -87.738599926481854, 41.902471225375102 ], [ -87.738577607628741, 41.902471567511569 ], [ -87.738581053014016, 41.902100307606695 ] ] ] } },
{ "type": "Feature", "properties": { "cell_id": "c0027_0005", "row": 27, "col": 5, "area_m2": 6499.1420177701284 }, "geometry": { "type": "Polygon", "coordinates": [ [ [ -87.736773389777539, 41.902090930898026 ], [ -87.738581053014016, 41.902100307606695 ], [ -87.738577607628741, 41.902471567511569 ], [ -87.737688247580124, 41.902485197406527 ], [ -87.737328605808699, 41.902491124636903 ], [ -87.736968007788917, 41.902497101619822 ], [ -87.736769578649714, 41.902500356902443 ], [ -87.736773389777539, 41.902090930898026 ] ] ] } },
{ "type": "Feature", "properties": { "cell_id": "c0027_0006", "row": 27, "col": 6, "area_m2": 7196.0722360300133 }, "geometry": { "type": "Polygon", "coordinates": [ [ [ -87.734965727400976, 41.9020815257362 ], [ -87.736773389777539, 41.902090930898026 ], [ -87.736769578649714, 41.902500356902443 ], [ -87.73667964022269, 41.90250183225313 ], [ -87.736409900054639, 41.902506276240743 ], [ -87.736145862840587, 41.902512654440976 ], [ -87.735812583481888, 41.902520704689067 ], [ -87.735321230979892, 41.90252874035874 ], [ -87.734961497099818, 41.90253460978743 ], [ -87.734965727400976, 41.9020815257362 ] ] ] } },
{ "type": "Feature", "properties": { "cell_id": "c0027_0007", "row": 27, "col": 7, "area_m2": 7860.8831381583286 }, "geometry": { "type": "Polygon", "coordinates": [ [ [ -87.73315806588694, 41.902072092121244 ], [ -87.734965727400976, 41.9020815257362 ], [ -87.734961497099818, 41.90253460978743 ], [ -87.734748831490933, 41.902538079115182 ], [ -87.733873513867465, 41.902552394048662 ], [ -87.733683278573309, 41.902554271066961 ], [ -87.733651290288805, 41.902554586594306 ], [ -87.733563637491571, 41.902555275837429 ], [ -87.733153485939582, 41.902561147011482 ], [ -87.73315806588694, 41.902072092121244 ] ] ] } },
{ "type": "Feature", "properties": { "cell_id": "c0027_0008", "row": 27, "col": 8, "area_m2": 8454.1012995293931 }, "geometry": { "type": "Polygon", "coordinates": [ [ [ -87.731350405238032, 41.902062630053194 ], [ -87.73315806588694, 41.902072092121244 ], [ -87.733153485939582, 41.902561147011482 ], [ -87.732614198247759, 41.90256886449211 ], [ -87.731926107940268, 41.902579779843606 ], [ -87.731345461055554, 41.902588992828825 ], [ -87.731350405238032, 41.902062630053194 ] ] ] } },
{ "type": "Feature", "properties": { "cell_id": "c0027_0009", "row": 27, "col": 9, "area_m2": 9118.3940293358901 }, "geometry": { "type": "Polygon", "coordinates": [ [ [ -87.729542745456882, 41.902053139532079 ], [ -87.731350405238032, 41.902062630053194 ], [ -87.731345461055554, 41.902588992828825 ], [ -87.731338426028074, 41.902589104433893 ], [ -87.731225079791244, 41.902592254683434 ], [ -87.731095037422804, 41.902595868301958 ], [ -87.730601448063908, 41.902603281344255 ], [ -87.730500562943803, 41.902604796434325 ], [ -87.730113295982264, 41.902610611880931 ], [ -87.729989676220043, 41.90261176045442 ], [ -87.729835931699895, 41.902613188078341 ], [ -87.729537416431654, 41.902618774048335 ], [ -87.729542745456882, 41.902053139532079 ] ] ] } },
{ "type": "Feature", "properties": { "cell_id": "c0027_0010", "row": 27, "col": 10, "area_m2": 9769.6978435456949 }, "geometry": { "type": "Polygon", "coordinates": [ [ [ -87.727735086546048, 41.902043620557961 ], [ -87.729542745456882, 41.902053139532079 ], [ -87.729537416431654, 41.902618774048335 ], [ -87.729374106108722, 41.90262182966552 ], [ -87.729219980216214, 41.902624713021446 ], [ -87.728901845386758, 41.902630668379402 ], [ -87.728763800512766, 41.902633008227738 ], [ -87.72864738587019, 41.902634981983624 ], [ -87.728148906904309, 41.902642866555496 ], [ -87.72803806358398, 41.90264461418424 ], [ -87.727729361384164, 41.902649487467009 ], [ -87.727735086546048, 41.902043620557961 ] ] ] } },
{ "type": "Feature", "properties": { "cell_id": "c0027_0011", "row": 27, "col": 11, "area_m2": 10394.552184436696 }, "geometry": { "type": "Polygon", "coordinates": [ [ [ -87.725927428508172, 41.902034073130864 ], [ -87.727735086546048, 41.902043620557961 ], [ -87.727729361384164, 41.902649487467009 ], [ -87.72765101508314, 41.902650724137409 ], [ -87.727529556479979, 41.902652471129372 ], [ -87.727416326764128, 41.902654096621966 ], [ -87.726910736534322, 41.902660373530225 ], [ -87.726600298195464, 41.902664222100924 ], [ -87.726302934155783, 41.902671453163606 ], [ -87.726106186965055, 41.902676237238715 ], [ -87.725921330622825, 41.902677462603776 ], [ -87.725927428508172, 41.902034073130864 ] ] ] } },
{ "type": "Feature", "properties": { "cell_id": "c0027_0012", "row": 27, "col": 12, "area_m2": 10898.753625349469 }, "geometry": { "type": "Polygon", "coordinates": [ [ [ -87.724119771345855, 41.902024497250842 ], [ -87.725927428508172, 41.902034073130864 ], [ -87.725921330622825, 41.902677462603776 ], [ -87.725493648303569, 41.902680296458719 ], [ -87.725216730819483, 41.902682095818726 ], [ -87.725081947461121, 41.902682978286713 ], [ -87.7247880200688, 41.902684901728506 ], [ -87.724466577375566, 41.902687071022484 ], [ -87.724113450308579, 41.90268945232539 ], [ -87.724119771345855, 41.902024497250842 ] ] ] } },
{ "type": "Feature", "properties": { "cell_id": "c0027_0013", "row": 27, "col": 13, "area_m2": 11288.763567533848 }, "geometry": { "type": "Polygon", "coordinates": [ [ [ -87.722312115061683, 41.902014892917904 ], [ -87.724119771345855, 41.902024497250842 ], [ -87.724113450308579, 41.90268945232539 ], [ -87.724022730240421, 41.902690063918357 ], [ -87.723864897634272, 41.902691466382713 ], [ -87.723550917447469, 41.902694255253323 ], [ -87.722853982915368, 41.902700020214468 ], [ -87.722645386855902, 41.902702319750787 ], [ -87.722449316338171, 41.902704481165486 ], [ -87.72230552913588, 41.90270566348309 ], [ -87.722312115061683, 41.902014892917904 ] ] ] } },
{ "type": "Feature", "properties": { "cell_id": "c0027_0014", "row": 27, "col": 14, "area_m2": 11712.628670398473 }, "geometry": { "type": "Polygon", "coordinates": [ [ [ -87.720504459658287, 41.902005260132121 ], [ -87.722312115061683, 41.902014892917904 ], [ -87.72230552913588, 41.90270566348309 ], [ -87.721596252188178, 41.902711493011999 ], [ -87.721430829940047, 41.902712832762859 ], [ -87.721148614410197, 41.90271511809172 ], [ -87.720819711172453, 41.90271781636784 ], [ -87.72049762065366, 41.902720458867805 ], [ -87.720504459658287, 41.902005260132121 ] ] ] } },
{ "type": "Feature", "properties": { "cell_id": "c0027_0015", "row": 27, "col": 15, "area_m2": 12136.039079148411 }, "geometry": { "type": "Polygon", "coordinates": [ [ [ -87.718696805138251, 41.901995598893514 ], [ -87.720504459658287, 41.902005260132121 ], [ -87.72049762065366, 41.902720458867805 ], [ -87.720354034731272, 41.902721636586364 ], [ -87.720215241440116, 41.90272291413693 ], [ -87.720022041527116, 41.902724693278429 ], [ -87.719707826755325, 41.9027277900218 ], [ -87.719640637132983, 41.902728508691204 ], [ -87.719160361739597, 41.902733644235433 ], [ -87.718996484138884, 41.902734381029092 ], [ -87.718770010540112, 41.902735398475492 ], [ -87.718689702680905, 41.902736163746589 ], [ -87.718696805138251, 41.901995598893514 ] ] ] } },
{ "type": "Feature", "properties": { "cell_id": "c0027_0016", "row": 27, "col": 16, "area_m2": 12562.601155930492 }, "geometry": { "type": "Polygon", "coordinates": [ [ [ -87.716889151504191, 41.901985909202118 ], [ -87.718696805138251, 41.901995598893514 ], [ -87.718689702680905, 41.902736163746589 ], [ -87.718364357300345, 41.902739263458727 ], [ -87.717781277746539, 41.902745009548433 ], [ -87.717262088231905, 41.902750122976208 ], [ -87.717161433460589, 41.902750568785777 ], [ -87.716881784470885, 41.902751808152672 ], [ -87.716889151504191, 41.901985909202118 ] ] ] } },
{ "type": "Feature", "properties": { "cell_id": "c0027_0017", "row": 27, "col": 17, "area_m2": 12960.350521562008 }, "geometry": { "type": "Polygon", "coordinates": [ [ [ -87.715081498758693, 41.901976191057997 ], [ -87.716889151504191, 41.901985909202118 ], [ -87.716881784470885, 41.902751808152672 ], [ -87.716732804251848, 41.902752468134977 ], [ -87.71656238879504, 41.902754299855779 ], [ -87.716358188683955, 41.902756493647011 ], [ -87.715564208120469, 41.902761774817066 ], [ -87.715282360777579, 41.902764341203799 ], [ -87.715159289838581, 41.902765633390985 ], [ -87.715073876919107, 41.902766263245233 ], [ -87.715081498758693, 41.901976191057997 ] ] ] } },
{ "type": "Feature", "properties": { "cell_id": "c0027_0018", "row": 27, "col": 18, "area_m2": 13352.58945704229 }, "geometry": { "type": "Polygon", "coordinates": [ [ [ -87.713273846904386, 41.901966444461173 ], [ -87.715081498758693, 41.901976191057997 ], [ -87.715073876919107, 41.902766263245233 ], [ -87.714737697875506, 41.902768741688455 ], [ -87.714591527017205, 41.902769819706528 ], [ -87.714492068520201, 41.902770552278263 ], [ -87.714261134967131, 41.902772254345138 ], [ -87.714071005607167, 41.90277365555901 ], [ -87.713265987869661, 41.902778728722751 ], [ -87.713273846904386, 41.901966444461173 ] ] ] } },
{ "type": "Feature", "properties": { "cell_id": "c0027_0019", "row": 27, "col": 19, "area_m2": 13687.735998927423 }, "geometry": { "type": "Polygon", "coordinates": [ [ [ -87.711466195943885, 41.901956669411668 ], [ -87.713273846904386, 41.901966444461173 ], [ -87.713265987869661, 41.902778728722751 ], [ -87.713024759601211, 41.902780247826705 ], [ -87.712128353826287, 41.902782810914275 ], [ -87.711674996900612, 41.902787762741241 ], [ -87.711458108505397, 41.902790130610114 ], [ -87.711466195943885, 41.901956669411668 ] ] ] } },
{ "type": "Feature", "properties": { "cell_id": "c0027_0020", "row": 27, "col": 20, "area_m2": 14032.980621770281 }, "geometry": { "type": "Polygon", "coordinates": [ [ [ -87.709658545879762, 41.901946865909565 ], [ -87.711466195943885, 41.901956669411668 ], [ -87.711458108505397, 41.902790130610114 ], [ -87.71136556572344, 41.902791140816838 ], [ -87.710753486443764, 41.902789278868262 ], [ -87.710620013295525, 41.902791095000346 ], [ -87.71024450684385, 41.902796204954484 ], [ -87.709650214928004, 41.902802933852385 ], [ -87.709658545879762, 41.901946865909565 ] ] ] } },
{ "type": "Feature", "properties": { "cell_id": "c0027_0021", "row": 27, "col": 21, "area_m2": 14505.321513292885 }, "geometry": { "type": "Polygon", "coordinates": [ [ [ -87.707850896714618, 41.901937033954873 ], [ -87.709658545879762, 41.901946865909565 ], [ -87.709650214928004, 41.902802933852385 ], [ -87.709603943609423, 41.902803457632409 ], [ -87.709447806704617, 41.902805306815914 ], [ -87.709232923684311, 41.902807852162866 ], [ -87.707842263924576, 41.902821553836581 ], [ -87.707850896714618, 41.901937033954873 ] ] ] } },
{ "type": "Feature", "properties": { "cell_id": "c0027_0022", "row": 27, "col": 22, "area_m2": 8814.4131202833214 }, "geometry": { "type": "Polygon", "coordinates": [ [ [ -87.707850896714618, 41.901937033954873 ], [ -87.707842263924576, 41.902821553836581 ], [ -87.706789401365256, 41.902831916107559 ], [ -87.70678880830036, 41.902805416784126 ], [ -87.706786078926243, 41.902683588850458 ], [ -87.706775558974371, 41.902376890541035 ], [ -87.706766373960605, 41.902159112510518 ], [ -87.706762668699227, 41.901995590843363 ], [ -87.706760751209387, 41.901931090806542 ], [ -87.707850896714618, 41.901937033954873 ] ] ] } }
]
}
