forecast_date,rank,cell_id,risk,background,trigger
2012-05-16,1,c0012_0045,0.029431635884531102,0.028632876712328763,0.0007987591722023397
2012-05-16,2,c0029_0055,0.018691787115258457,0.018221917808219176,0.00046986930703927913
2012-05-16,3,c0015_0045,0.016402818249495455,0.01561917808219178,0.0007836401673036754
2012-05-16,4,c0017_0017,0.016317280384184868,0.01561917808219178,0.0006981023019930876
2012-05-16,5,c0012_0029,0.016040811674210616,0.01561917808219178,0.00042163359201883595
2012-05-16,6,c0031_0060,0.014511356879469485,0.013016438356164384,0.0014949185233051
2012-05-16,7,c0029_0046,0.01438215519622211,0.013016438356164384,0.0013657168400577255
2012-05-16,8,c0009_0027,0.01425194297575309,0.013016438356164384,0.0012355046195887055
2012-05-16,9,c0021_0048,0.014128414796866213,0.013016438356164384,0.0011119764407018285
2012-05-16,10,c0014_0019,0.013762021675420372,0.013016438356164384,0.000745583319255988
2012-05-16,11,c0017_0040,0.013648693053800148,0.013016438356164384,0.0006322546976357642
2012-05-16,12,c0010_0056,0.013605801496050852,0.013016438356164384,0.000589363139886467
2012-05-16,13,c0012_0050,0.013556972241792215,0.013016438356164384,0.0005405338856278301
2012-05-16,14,c0017_0019,0.013549144549501286,0.013016438356164384,0.0005327061933369009
2012-05-16,15,c0013_0052,0.013440643472710304,0.013016438356164384,0.0004242051165459196
2012-05-16,16,c0016_0023,0.013353511829156398,0.013016438356164384,0.0003370734729920146
2012-05-16,17,c0029_0052,0.013229847788199007,0.013016438356164384,0.00021340943203462307
2012-05-16,18,c0011_0058,0.013202225184825193,0.013016438356164384,0.00018578682866080904
2012-05-16,19,c0031_0052,0.011353788567001024,0.010413698630136985,0.0009400899368640397
2012-05-16,20,c0014_0024,0.011237214741038292,0.010413698630136985,0.0008235161109013067
2012-05-17,1,c0012_0045,0.02942280990663036,0.028632876712328763,0.0007899331943015949
2012-05-17,2,c0029_0055,0.018686595242332935,0.018221917808219176,0.00046467743411376055
2012-05-17,3,c0015_0045,0.016943579039877067,0.01561917808219178,0.0013244009576852886
2012-05-17,4,c0017_0017,0.01630956662551483,0.01561917808219178,0.0006903885433230473
2012-05-17,5,c0012_0029,0.016036152787158205,0.01561917808219178,0.00041697470496642255
2012-05-17,6,c0031_0060,0.014494838611749659,0.013016438356164384,0.001478400255585274
2012-05-17,7,c0029_0046,0.014367064556804737,0.013016438356164384,0.001350626200640353
2012-05-17,8,c0009_0027,0.014238291130681074,0.013016438356164384,0.0012218527745166898
2012-05-17,9,c0021_0048,0.014116127890082129,0.013016438356164384,0.0010996895339177434
2012-05-17,10,c0014_0019,0.01375378326999365,0.013016438356164384,0.0007373449138292641
2012-05-17,11,c0017_0040,0.013641706885524185,0.013016438356164384,0.0006252685293598002
2012-05-17,12,c0010_0056,0.013599289262790594,0.013016438356164384,0.00058285090662621
2012-05-17,13,c0012_0050,0.013550999552782583,0.013016438356164384,0.0005345611966181992
2012-05-17,14,c0017_0019,0.013543258353444197,0.013016438356164384,0.0005268199972798116
2012-05-17,15,c0013_0052,0.013435956171312945,0.013016438356164384,0.0004195178151485609
2012-05-17,16,c0016_0023,0.013349787298500492,0.013016438356164384,0.0003333489423361072
2012-05-17,17,c0029_0052,0.013227489697054019,0.013016438356164384,0.00021105134088963536
2012-05-17,18,c0011_0058,0.013200172312694174,0.013016438356164384,0.0001837339565297903
2012-05-17,19,c0031_0052,0.011343400939169976,0.010413698630136985,0.0009297023090329907
2012-05-17,20,c0014_0024,0.01122811520860265,0.010413698630136985,0.0008144165784656641
2012-05-18,1,c0012_0045,0.029414081452349517,0.028632876712328763,0.0007812047400207538
2012-05-18,2,c0029_0055,0.01868146073758208,0.018221917808219176,0.0004595429293629045
2012-05-18,3,c0015_0045,0.01692894492487589,0.01561917808219178,0.0013097668426841097
2012-05-18,4,c0017_0017,0.01630193810087517,0.01561917808219178,0.0006827600186833915
2012-05-18,5,c0012_0029,0.016031545378994042,0.01561917808219178,0.00041236729680226204
2012-05-18,6,c0031_0060,0.014478502864457676,0.013016438356164384,0.0014620645082932913
2012-05-18,7,c0029_0046,0.014352140663078232,0.013016438356164384,0.0013357023069138485
2012-05-18,8,c0009_0027,0.014224790133182523,0.013016438356164384,0.0012083517770181394
2012-05-18,9,c0021_0048,0.014103976748834788,0.013016438356164384,0.0010875383926704043
2012-05-18,10,c0014_0019,0.013745635895739728,0.013016438356164384,0.0007291975395753444
2012-05-18,11,c0017_0040,0.013634797911687997,0.013016438356164384,0.0006183595555236128
2012-05-18,12,c0010_0056,0.01359284898717269,0.013016438356164384,0.0005764106310083059
2012-05-18,13,c0012_0050,0.013545092859661377,0.013016438356164384,0.0005286545034969929
2012-05-18,14,c0017_0019,0.013537437197562077,0.013016438356164384,0.0005209988413976928
2012-05-18,15,c0013_0052,0.01343132066277129,0.013016438356164384,0.00041488230660690506
2012-05-18,16,c0016_0023,0.013346103922458394,0.013016438356164384,0.00032966556629401047
2012-05-18,17,c0029_0052,0.013225157661898194,0.013016438356164384,0.00020871930573380918
2012-05-18,18,c0011_0058,0.013198142124001033,0.013016438356164384,0.00018170376783664872
2012-05-18,19,c0031_0052,0.01133312809058262,0.010413698630136985,0.0009194294604456348
2012-05-18,20,c0014_0024,0.011219116222458027,0.010413698630136985,0.0008054175923210428
2012-05-19,1,c0012_0045,0.029405449444090546,0.028632876712328763,0.0007725727317617819
2012-05-19,2,c0029_0055,0.01867638296710989,0.018221917808219176,0.0004544651588907138
2012-05-19,3,c0015_0045,0.016914472511148502,0.01561917808219178,0.0012952944289567217
2012-05-19,4,c0017_0017,0.016294393868463045,0.01561917808219178,0.0006752157862712656
2012-05-19,5,c0012_0029,0.01602698888089646,0.01561917808219178,0.00040781079870467937
2012-05-19,6,c0031_0060,0.014462347620813863,0.013016438356164384,0.0014459092646494775
2012-05-19,7,c0029_0046,0.014337381672567625,0.013016438356164384,0.0013209433164032406
2012-05-19,8,c0009_0027,0.014211438316450477,0.013016438356164384,0.0011949999602860917
2012-05-19,9,c0021_0048,0.014091959872967868,0.013016438356164384,0.001075521516803483
2012-05-19,10,c0014_0019,0.013737578546799592,0.013016438356164384,0.000721140190635207
2012-05-19,11,c0017_0040,0.013627965279323077,0.013016438356164384,0.0006115269231586935
2012-05-19,12,c0010_0056,0.013586479874093204,0.013016438356164384,0.0005700415179288195
2012-05-19,13,c0012_0050,0.013539251433199721,0.013016438356164384,0.0005228130770353363
2012-05-19,14,c0017_0019,0.013531680363186315,0.013016438356164384,0.0005152420070219307
2012-05-19,15,c0013_0052,0.013426736374794444,0.013016438356164384,0.0004102980186300591
2012-05-19,16,c0016_0023,0.013342461246287648,0.013016438356164384,0.000326022890123263
2012-05-19,17,c0029_0052,0.013222851394822993,0.013016438356164384,0.0002064130386586078
2012-05-19,18,c0011_0058,0.013196134368102611,0.013016438356164384,0.00017969601193822625
2012-05-19,19,c0031_0052,0.011322968752972996,0.010413698630136985,0.0009092701228360115
2012-05-19,20,c0014_0024,0.011210216671607053,0.010413698630136985,0.0007965180414700689
2012-05-20,1,c0012_0045,0.029396912816162447,0.028632876712328763,0.0007640361038336834
2012-05-20,2,c0029_0055,0.01867136130402467,0.018221917808219176,0.0004494434958054958
2012-05-20,3,c0015_0045,0.01690016001195878,0.01561917808219178,0.0012809819297669987
2012-05-20,4,c0017_0017,0.01628693299688215,0.01561917808219178,0.00066775491469037
2012-05-20,5,c0012_0029,0.016022482730329038,0.01561917808219178,0.00040330464813725816
2012-05-20,6,c0031_0060,0.014446370886323175,0.013016438356164384,0.0014299325301587896
2012-05-20,7,c0029_0046,0.014322785763156574,0.013016438356164384,0.0013063474069921898
2012-05-20,8,c0009_0027,0.014198234032095537,0.013016438356164384,0.0011817956759311524
2012-05-20,9,c0010_0056,0.014131831019024117,0.013016438356164384,0.0011153926628597317
2012-05-20,10,c0021_0048,0.014080075778901179,0.013016438356164384,0.0010636374227367944
2012-05-20,11,c0014_0019,0.013729610228428566,0.013016438356164384,0.0007131718722641815
2012-05-20,12,c0017_0040,0.013621208144885889,0.013016438356164384,0.0006047697887215046
2012-05-20,13,c0012_0050,0.013533474552226433,0.013016438356164384,0.0005170361960620493
2012-05-20,14,c0017_0019,0.013525987139589305,0.013016438356164384,0.0005095487834249204
2012-05-20,15,c0013_0052,0.013422202741415106,0.013016438356164384,0.00040576438525072203
2012-05-20,16,c0016_0023,0.013338858820270515,0.013016438356164384,0.00032242046410613066
2012-05-20,17,c0029_0052,0.013220570611101157,0.013016438356164384,0.00020413225493677163
2012-05-20,18,c0011_0058,0.01319414879712526,0.013016438356164384,0.00017771044096087418
2012-05-20,19,c0031_0052,0.011312921672088992,0.010413698630136985,0.0008992230419520063
2012-05-20,20,c0014_0024,0.011201415457328442,0.010413698630136985,0.0007877168271914573
2012-05-21,1,c0012_0045,0.029388470514649698,0.028632876712328763,0.0007555938023209328
2012-05-21,2,c0029_0055,0.018666395128361643,0.018221917808219176,0.0004444773201424664
2012-05-21,3,c0015_0045,0.016886005660313334,0.01561917808219178,0.0012668275781215531
2012-05-21,4,c0017_0017,0.016279554565027752,0.01561917808219178,0.0006603764828359714
2012-05-21,5,c0012_0029,0.01601802637097117,0.01561917808219178,0.00039884828877938977
2012-05-21,6,c0031_0060,0.014430570688528963,0.013016438356164384,0.0014141323323645784
2012-05-21,7,c0029_0046,0.014308351132862416,0.013016438356164384,0.0012919127766980322
2012-05-21,8,c0009_0027,0.014185175649942372,0.013016438356164384,0.0011687372937779872
2012-05-21,9,c0010_0056,0.014119506364315101,0.013016438356164384,0.0011030680081507162
2012-05-21,10,c0021_0048,0.014068322999447522,0.013016438356164384,0.0010518846432831372
2012-05-21,11,c0014_0019,0.013721729956873522,0.013016438356164384,0.0007052916007091376
2012-05-21,12,c0017_0040,0.01361452567415372,0.013016438356164384,0.0005980873179893351
2012-05-21,13,c0012_0050,0.013527761503538996,0.013016438356164384,0.0005113231473746123
2012-05-21,14,c0017_0019,0.013520356823896703,0.013016438356164384,0.0005039184677323195
2012-05-21,15,c0013_0052,0.013417719202919695,0.013016438356164384,0.0004012808467553106
2012-05-21,16,c0016_0023,0.01333529619965847,0.013016438356164384,0.00031885784349408504
2012-05-21,17,c0029_0052,0.01321831502915155,0.013016438356164384,0.0002018766729871665
2012-05-21,18,c0011_0058,0.013192185165934235,0.013016438356164384,0.00017574680976985112
2012-05-21,19,c0031_0052,0.011302985607537487,0.010413698630136985,0.0008892869774005017
2012-05-21,20,c0014_0024,0.01119271149304135,0.010413698630136985,0.000779012862904365
2012-05-22,1,c0012_0045,0.029380121497282124,0.028632876712328763,0.0007472447849533615
2012-05-22,2,c0029_0055,0.018661483827006387,0.018221917808219176,0.00043956601878721144
2012-05-22,3,c0015_0045,0.016872007708743367,0.01561917808219178,0.0012528296265515869
2012-05-22,4,c0017_0017,0.016272257661972964,0.01561917808219178,0.000653079579781185
2012-05-22,5,c0012_0029,0.016013619252649373,0.01561917808219178,0.00039444117045759226
2012-05-22,6,c0031_0060,0.014414945076769457,0.013016438356164384,0.001398506720605072
2012-05-22,7,c0029_0046,0.014294075999613695,0.013016438356164384,0.0012776376434493115
2012-05-22,8,c0009_0027,0.01417226155782845,0.013016438356164384,0.0011558232016640655
2012-05-22,9,c0010_0056,0.014107317892242706,0.013016438356164384,0.0010908795360783223
2012-05-22,10,c0021_0048,0.014056700083631541,0.013016438356164384,0.001040261727467157
2012-05-22,11,c0014_0019,0.01371393675925142,0.013016438356164384,0.0006974984030870354
2012-05-22,12,c0017_0040,0.013607917042121696,0.013016438356164384,0.0005914786859573107
2012-05-22,13,c0012_0050,0.0135221115818155,0.013016438356164384,0.0005056732256511165
2012-05-22,14,c0017_0019,0.013514788721000658,0.013016438356164384,0.0004983503648362742
2012-05-22,15,c0013_0052,0.013413285205779243,0.013016438356164384,0.0003968468496148592
2012-05-22,16,c0016_0023,0.01333177294461728,0.013016438356164384,0.0003153345884528959
2012-05-22,17,c0029_0052,0.013216084370504404,0.013016438356164384,0.00019964601434002018
2012-05-22,18,c0011_0058,0.013190243232103443,0.013016438356164384,0.0001738048759390591
2012-05-22,19,c0031_0052,0.011293159332631227,0.010413698630136985,0.0008794607024942416
2012-05-22,20,c0014_0024,0.011184103704171229,0.010413698630136985,0.0007704050740342446
2012-05-23,1,c0012_0045,0.026759605842692283,0.02603013698630137,0.0007294688563909119
2012-05-23,2,c0015_0045,0.019460904155116327,0.018221917808219176,0.0012389863468971517
2012-05-23,3,c0029_0055,0.01865662679361917,0.018221917808219176,0.00043470898539999246
2012-05-23,4,c0010_0056,0.01669800382406921,0.01561917808219178,0.0010788257418774302
2012-05-23,5,c0017_0017,0.016265041386856294,0.01561917808219178,0.0006458633046645142
2012-05-23,6,c0012_0029,0.016009260831269367,0.01561917808219178,0.0003900827490775864
2012-05-23,7,c0031_0060,0.014399492121936938,0.013016438356164384,0.001383053765772553
2012-05-23,8,c0029_0046,0.01427995860103015,0.013016438356164384,0.0012635202448657656
2012-05-23,9,c0009_0027,0.01415949016140501,0.013016438356164384,0.0011430518052406257
2012-05-23,10,c0021_0048,0.014045205596510598,0.013016438356164384,0.0010287672403462133
2012-05-23,11,c0014_0019,0.013706229673429198,0.013016438356164384,0.0006897913172648129
2012-05-23,12,c0017_0040,0.013601381432900924,0.013016438356164384,0.0005849430767365402
2012-05-23,13,c0012_0050,0.01351652408952757,0.013016438356164384,0.0005000857333631853
2012-05-23,14,c0017_0019,0.013509282143473985,0.013016438356164384,0.0004928437873096016
2012-05-23,15,c0013_0052,0.013408900202581066,0.013016438356164384,0.00039246184641668173
2012-05-23,16,c0016_0023,0.013328288620172714,0.013016438356164384,0.00031185026400833035
2012-05-23,17,c0029_0052,0.013213878359766928,0.013016438356164384,0.0001974400036025429
2012-05-23,18,c0011_0058,0.013188322755885499,0.013016438356164384,0.0001718843997211145
2012-05-23,19,c0031_0052,0.011283441634237371,0.010413698630136985,0.0008697430041003867
2012-05-23,20,c0014_0024,0.011175591028017164,0.010413698630136985,0.0007618923978801793
2012-05-24,1,c0012_0045,0.026751545495806953,0.02603013698630137,0.0007214085095055846
2012-05-24,2,c0015_0045,0.01944721383831297,0.018221917808219176,0.0012252960300937928
2012-05-24,3,c0029_0055,0.018651823428560064,0.018221917808219176,0.0004299056203408885
2012-05-24,4,c0010_0056,0.016686083219601768,0.01561917808219178,0.0010669051374099891
2012-05-24,5,c0017_0017,0.01625790484877041,0.01561917808219178,0.0006387267665786305
2012-05-24,6,c0012_0029,0.016004950568748903,0.01561917808219178,0.00038577248655712244
2012-05-24,7,c0031_0060,0.014384209916239576,0.013016438356164384,0.0013677715600751914
2012-05-24,8,c0029_0046,0.014265997194205135,0.013016438356164384,0.0012495588380407505
2012-05-24,9,c0009_0027,0.01414685988394022,0.013016438356164384,0.0011304215277758373
2012-05-24,10,c0021_0048,0.014033838118997607,0.013016438356164384,0.0010173997628332217
2012-05-24,11,c0014_0019,0.013698607747904988,0.013016438356164384,0.0006821693917406041
2012-05-24,12,c0017_0040,0.01359491803961777,0.013016438356164384,0.000578479683453386
2012-05-24,13,c0012_0050,0.013510998336854244,0.013016438356164384,0.0004945599806898588
2012-05-24,14,c0017_0019,0.013503836411485306,0.013016438356164384,0.0004873980553209215
2012-05-24,15,c0013_0052,0.013404563651961174,0.013016438356164384,0.000388125295796789
2012-05-24,16,c0016_0023,0.013324842796156835,0.013016438356164384,0.00030840443999245086
2012-05-24,17,c0029_0052,0.013211696724589312,0.013016438356164384,0.00019525836842492823
2012-05-24,18,c0011_0058,0.013186423500182133,0.013016438356164384,0.00016998514401774832
2012-05-24,19,c0031_0052,0.011273831312627727,0.010413698630136985,0.0008601326824907426
2012-05-24,20,c0014_0024,0.011167172413620668,0.010413698630136985,0.0007534737834836834
2012-05-25,1,c0012_0045,0.026743574212616864,0.02603013698630137,0.0007134372263154963
2012-05-25,2,c0015_0045,0.01943367479418073,0.018221917808219176,0.001211756985961554
2012-05-25,3,c0029_0055,0.018647073138814942,0.018221917808219176,0.0004251553305957669
2012-05-25,4,c0010_0056,0.016674294333173075,0.01561917808219178,0.0010551162509812946
2012-05-25,5,c0017_0017,0.016250847166652167,0.01561917808219178,0.000631669084460385
2012-05-25,6,c0012_0029,0.01600068793295133,0.01561917808219178,0.00038150985075955073
2012-05-25,7,c0031_0060,0.0143690965729659,0.013016438356164384,0.0013526582168015163
2012-05-25,8,c0029_0046,0.014252190055490447,0.013016438356164384,0.001235751699326062
2012-05-25,9,c0009_0027,0.01413436916612453,0.013016438356164384,0.0011179308099601448
2012-05-25,10,c0021_0048,0.014022596247685844,0.013016438356164384,0.001006157891521459
2012-05-25,11,c0014_0019,0.013691070041690652,0.013016438356164384,0.0006746316855262685
2012-05-25,12,c0017_0040,0.013588526064314235,0.013016438356164384,0.000572087708149851
2012-05-25,13,c0012_0050,0.013505533641596816,0.013016438356164384,0.0004890952854324306
2012-05-25,14,c0017_0019,0.01349845085271511,0.013016438356164384,0.0004820124965507261
2012-05-25,15,c0013_0052,0.013400275018537437,0.013016438356164384,0.00038383666237305325
2012-05-25,16,c0016_0023,0.013321435047154892,0.013016438356164384,0.0003049966909905084
2012-05-25,17,c0029_0052,0.013209539195631113,0.013016438356164384,0.00019310083946672894
2012-05-25,18,c0011_0058,0.01318454523051492,0.013016438356164384,0.00016810687435053566
2012-05-25,19,c0031_0052,0.01126432718133063,0.010413698630136985,0.0008506285511936457
2012-05-25,20,c0014_0024,0.011158846821635938,0.010413698630136985,0.0007451481914989531
2012-05-26,1,c0012_0045,0.026735691009002856,0.02603013698630137,0.0007055540227014865
2012-05-26,2,c0015_0045,0.019420285351215486,0.018221917808219176,0.0011983675429963088
2012-05-26,3,c0029_0055,0.018642375337922245,0.018221917808219176,0.00042045752970307004
2012-05-26,4,c0010_0056,0.016662635709350077,0.01561917808219178,0.0010434576271582954
2012-05-26,5,c0017_0017,0.016243867469173813,0.01561917808219178,0.0006246893869820334
2012-05-26,6,c0012_0029,0.015996472397619903,0.01561917808219178,0.0003772943154281239
2012-05-26,7,c0031_0060,0.014354150226251867,0.013016438356164384,0.0013377118700874822
2012-05-26,8,c0029_0046,0.01423853548028352,0.013016438356164384,0.0012220971241191348
2012-05-26,9,c0009_0027,0.01412201646587814,0.013016438356164384,0.001105578109713755
2012-05-26,10,c0021_0048,0.014011478594675683,0.013016438356164384,0.000995040238511299
2012-05-26,11,c0014_0019,0.013683615624195603,0.013016438356164384,0.0006671772680312182
2012-05-26,12,c0017_0040,0.013582204717849447,0.013016438356164384,0.000565766361685063
2012-05-26,13,c0012_0050,0.013500129329094609,0.013016438356164384,0.00048369097293022423
2012-05-26,14,c0017_0019,0.01349312480227276,0.013016438356164384,0.000476686446108376
2012-05-26,15,c0013_0052,0.013396033772843496,0.013016438356164384,0.00037959541667911085
2012-05-26,16,c0016_0023,0.013318064952452805,0.013016438356164384,0.00030162659628842146
2012-05-26,17,c0029_0052,0.01320740550652799,0.013016438356164384,0.0001909671503636048
2012-05-26,18,c0011_0058,0.013182687714996331,0.013016438356164384,0.00016624935883194673
2012-05-26,19,c0031_0052,0.011254928066984466,0.010413698630136985,0.0008412294368474811
2012-05-26,20,c0014_0024,0.011150613224201538,0.010413698630136985,0.000736914594064552
2012-05-27,1,c0012_0045,0.026727894911719896,0.02603013698630137,0.0006977579254185279
2012-05-27,2,c0015_0045,0.019407043856382578,0.018221917808219176,0.001185126048163401
2012-05-27,3,c0029_0055,0.01863772944590059,0.018221917808219176,0.00041581163768141205
2012-05-27,4,c0010_0056,0.016651105908781688,0.01561917808219178,0.0010319278265899087
2012-05-27,5,c0017_0017,0.016236964894635445,0.01561917808219178,0.0006177868124436636
2012-05-27,6,c0012_0029,0.015992303442312807,0.01561917808219178,0.000373125360121027
2012-05-27,7,c0031_0060,0.0143393690308505,0.013016438356164384,0.0013229306746861164
2012-05-27,8,c0029_0046,0.014225031782816986,0.013016438356164384,0.0012085934266526013
2012-05-27,9,c0009_0027,0.014109800258160641,0.013016438356164384,0.001093361901996257
2012-05-27,10,c0021_0048,0.014000483787403251,0.013016438356164384,0.0009840454312388667
2012-05-27,11,c0014_0019,0.013676243575111914,0.013016438356164384,0.0006598052189475289
2012-05-27,12,c0017_0040,0.013575953219802234,0.013016438356164384,0.0005595148636378492
2012-05-27,13,c0012_0050,0.013494784732141685,0.013016438356164384,0.00047834637597730137
2012-05-27,14,c0017_0019,0.0134878576026144,0.013016438356164384,0.00047141924645001485
2012-05-27,15,c0013_0052,0.01339183939126338,0.013016438356164384,0.00037540103509899536
2012-05-27,16,c0016_0023,0.013314732095985219,0.013016438356164384,0.00029829373982083517
2012-05-27,17,c0029_0052,0.013205295393858823,0.013016438356164384,0.00018885703769443802
2012-05-27,18,c0011_0058,0.013180850724301103,0.013016438356164384,0.00016441236813671874
2012-05-27,19,c0031_0052,0.011245632809192808,0.010413698630136985,0.0008319341790558234
2012-05-27,20,c0014_0024,0.011142470604813496,0.010413698630136985,0.0007287719746765114
2012-05-28,1,c0012_0045,0.02672018495827694,0.02603013698630137,0.0006900479719755728
2012-05-28,2,c0015_0045,0.019393948674912738,0.018221917808219176,0.0011720308666935634
2012-05-28,3,c0029_0055,0.01863313488917715,0.018221917808219176,0.00041121708095797585
2012-05-28,4,c0010_0056,0.016639703508021103,0.01561917808219178,0.0010205254258293214
2012-05-28,5,c0017_0017,0.016230138590858593,0.01561917808219178,0.0006109605086668124
2012-05-28,6,c0012_0029,0.015988180552338905,0.01561917808219178,0.00036900247014712474
2012-05-28,7,c0031_0060,0.014324751161904091,0.013016438356164384,0.001308312805739706
2012-05-28,8,c0029_0046,0.01421167729595055,0.013016438356164384,0.0011952389397861657
2012-05-28,9,c0009_0027,0.014097719034782727,0.013016438356164384,0.001081280678618342
2012-05-28,10,c0021_0048,0.013989610468470966,0.013016438356164384,0.0009731721123065829
2012-05-28,11,c0014_0019,0.013668952984300705,0.013016438356164384,0.0006525146281363205
2012-05-28,12,c0017_0040,0.013569770798374771,0.013016438356164384,0.0005533324422103869
2012-05-28,13,c0012_0050,0.013489499190904473,0.013016438356164384,0.0004730608347400892
2012-05-28,14,c0017_0019,0.013482648603461773,0.013016438356164384,0.00046621024729738976
2012-05-28,15,c0013_0052,0.013387691355966878,0.013016438356164384,0.000371252999802493
2012-05-28,16,c0016_0023,0.013311436066284139,0.013016438356164384,0.0002949977101197549
2012-05-28,17,c0029_0052,0.013203208597113197,0.013016438356164384,0.00018677024094881147
2012-05-28,18,c0011_0058,0.013179034031637928,0.013016438356164384,0.00016259567547354371
2012-05-28,19,c0023_0033,0.011446080271142762,0.010413698630136985,0.0010323816410057769
2012-05-28,20,c0031_0052,0.011236440260381161,0.010413698630136985,0.0008227416302441764
2012-05-29,1,c0012_0045,0.026712560196818093,0.02603013698630137,0.0006824232105167243
2012-05-29,2,c0015_0045,0.01938099819010027,0.018221917808219176,0.0011590803818810928
2012-05-29,3,c0029_0055,0.018628591100516876,0.018221917808219176,0.0004066732922977006
2012-05-29,4,c0010_0056,0.016628427099350033,0.01561917808219178,0.0010092490171582534
2012-05-29,5,c0017_0017,0.01622338771508104,0.01561917808219178,0.000604209632889257
2012-05-29,6,c0012_0029,0.015984103218694198,0.01561917808219178,0.000364925136502418
2012-05-29,7,c0031_0060,0.01431029481471889,0.013016438356164384,0.0012938564585545057
2012-05-29,8,c0029_0046,0.014198470370965168,0.013016438356164384,0.0011820320148007836
2012-05-29,9,c0009_0027,0.01408577130421999,0.013016438356164384,0.001069332948055606
2012-05-29,10,c0021_0048,0.013978857295479968,0.013016438356164384,0.0009624189393155839
2012-05-29,11,c0014_0019,0.013661742951679778,0.013016438356164384,0.000645304595515393
2012-05-29,12,c0017_0040,0.013563656690297304,0.013016438356164384,0.0005472183341329191
2012-05-29,13,c0012_0050,0.013484272052840304,0.013016438356164384,0.0004678336966759192
2012-05-29,14,c0017_0019,0.013477497161721953,0.013016438356164384,0.00046105880555756936
2012-05-29,15,c0013_0052,0.013383589154845596,0.013016438356164384,0.0003671507986812119
2012-05-29,16,c0016_0023,0.013308176456428131,0.013016438356164384,0.0002917381002637473
2012-05-29,17,c0029_0052,0.013201144858659232,0.013016438356164384,0.00018470650249484676
2012-05-29,18,c0011_0058,0.013177237412721454,0.013016438356164384,0.00016079905655706932
2012-05-29,19,c0023_0033,0.011434672855909546,0.010413698630136985,0.0010209742257725615
2012-05-29,20,c0031_0052,0.01122734928565528,0.010413698630136985,0.0008136506555182947
2012-05-30,1,c0012_0045,0.026705019686005093,0.02603013698630137,0.0006748826997037227
2012-05-30,2,c0015_0045,0.01936819080310343,0.018221917808219176,0.0011462729948842547
2012-05-30,3,c0017_0017,0.0193674736632784,0.018221917808219176,0.0011455558550592232
2012-05-30,4,c0029_0055,0.01862409751895243,0.018221917808219176,0.0004021797107332519
2012-05-30,5,c0010_0056,0.016617275290604944,0.01561917808219178,0.000998097208413163
2012-05-30,6,c0012_0029,0.015980070937998983,0.01561917808219178,0.0003608928558072039
2012-05-30,7,c0031_0060,0.01429599820454232,0.013016438356164384,0.0012795598483779347
2012-05-30,8,c0029_0046,0.014185409377359499,0.013016438356164384,0.0011689710211951147
2012-05-30,9,c0009_0027,0.014073955591428794,0.013016438356164384,0.0010575172352644089
2012-05-30,10,c0023_0033,0.01402613121420122,0.013016438356164384,0.0010096928580368356
2012-05-30,11,c0021_0048,0.013968222940864375,0.013016438356164384,0.0009517845846999901
2012-05-30,12,c0014_0019,0.013654612587112489,0.013016438356164384,0.0006381742309481052
2012-05-30,13,c0017_0040,0.013557610140733907,0.013016438356164384,0.0005411717845695218
2012-05-30,14,c0012_0050,0.013479102672616849,0.013016438356164384,0.0004626643164524648
2012-05-30,15,c0017_0019,0.013472402641407933,0.013016438356164384,0.00045596428524354905
2012-05-30,16,c0013_0052,0.013379532281449743,0.013016438356164384,0.0003630939252853589
2012-05-30,17,c0016_0023,0.013304952863992086,0.013016438356164384,0.0002885145078277021
2012-05-30,18,c0031_0051,0.011349176657158752,0.010413698630136985,0.0009354780270217671
2012-05-30,19,c0023_0016,0.011316138464481644,0.010413698630136985,0.0009024398343446598
2012-05-30,20,c0031_0052,0.011218358762661057,0.010413698630136985,0.0008046601325240726
2012-05-31,1,c0012_0045,0.0266975624949011,0.02603013698630137,0.00066742550859973
2012-05-31,2,c0015_0045,0.01935552493274707,0.018221917808219176,0.0011336071245278939
2012-05-31,3,c0017_0017,0.019354815717037926,0.018221917808219176,0.0011328979088187508
2012-05-31,4,c0029_0055,0.018619653589714943,0.018221917808219176,0.0003977357814957665
2012-05-31,5,c0010_0056,0.016606246705005157,0.01561917808219178,0.0009870686228133747
2012-05-31,6,c0012_0029,0.01597608321243571,0.01561917808219178,0.0003569051302439296
2012-05-31,7,c0031_0060,0.014281859566342616,0.013016438356164384,0.0012654212101782308
2012-05-31,8,c0029_0046,0.014172492702648608,0.013016438356164384,0.0011560543464842225
2012-05-31,9,c0009_0027,0.014062270437664153,0.013016438356164384,0.0010458320814997696
2012-05-31,10,c0023_0033,0.014014974501187206,0.013016438356164384,0.0009985361450228216
2012-05-31,11,c0021_0048,0.013957706091727393,0.013016438356164384,0.0009412677355630096
2012-05-31,12,c0014_0019,0.013647561010297862,0.013016438356164384,0.0006311226541334781
2012-05-31,13,c0017_0040,0.0135516304031893,0.013016438356164384,0.0005351920470249152
2012-05-31,14,c0012_0050,0.013473990412032457,0.013016438356164384,0.00045755205586807163
2012-05-31,15,c0017_0019,0.013467364413560117,0.013016438356164384,0.00045092605739573295
2012-05-31,16,c0013_0052,0.013375520234925598,0.013016438356164384,0.00035908187876121405
2012-05-31,17,c0016_0023,0.013301764890997535,0.013016438356164384,0.0002853265348331504
2012-05-31,18,c0031_0051,0.011338839989136072,0.010413698630136985,0.000925141358999087
2012-05-31,19,c0023_0016,0.011306166855626479,0.010413698630136985,0.000892468225489494
2012-05-31,20,c0031_0052,0.011209467581445965,0.010413698630136985,0.0007957689513089809
2012-06-01,1,c0012_0045,0.026690187702855767,0.02603013698630137,0.000660050716554397
2012-06-01,2,c0015_0045,0.019342999015327402,0.018221917808219176,0.0011210812071082246
2012-06-01,3,c0017_0017,0.019342297636175752,0.018221917808219176,0.0011203798279565743
2012-06-01,4,c0029_0055,0.018615258764165536,0.018221917808219176,0.00039334095594636064
2012-06-01,5,c0010_0056,0.016595339980982882,0.01561917808219178,0.0009761618987911028
2012-06-01,6,c0012_0029,0.015972139549687514,0.01561917808219178,0.0003529614674957323
2012-06-01,7,c0031_0060,0.014267877154590932,0.013016438356164384,0.0012514387984265476
2012-06-01,8,c0029_0046,0.014159718752164888,0.013016438356164384,0.0011432803960005028
2012-06-01,9,c0009_0027,0.014050714400299655,0.013016438356164384,0.00103427604413527
2012-06-01,10,c0023_0033,0.014003941065508757,0.013016438356164384,0.000987502709344372
2012-06-01,11,c0021_0048,0.013947305449679231,0.013016438356164384,0.000930867093514847
2012-06-01,12,c0014_0019,0.013640587350661901,0.013016438356164384,0.0006241489944975167
2012-06-01,13,c0017_0040,0.013545716739416685,0.013016438356164384,0.0005292783832523012
2012-06-01,14,c0012_0050,0.013468934639937348,0.013016438356164384,0.0004524962837729639
2012-06-01,15,c0017_0019,0.013462381856168668,0.013016438356164384,0.0004459435000042836
2012-06-01,16,c0013_0052,0.01337155251995368,0.013016438356164384,0.0003551141637892956
2012-06-01,17,c0016_0023,0.013298612143863514,0.013016438356164384,0.0002821737876991299
2012-06-01,18,c0031_0051,0.011328617537271041,0.010413698630136985,0.0009149189071340556
2012-06-01,19,c0023_0016,0.011296305429167276,0.010413698630136985,0.0008826067990302913
2012-06-01,20,c0031_0052,0.011200674644322018,0.010413698630136985,0.0007869760141850328
2012-06-02,1,c0012_0045,0.026682894399391574,0.02603013698630137,0.0006527574130902032
2012-06-02,2,c0015_0045,0.019330611504418956,0.018221917808219176,0.0011086936961997788
2012-06-02,3,c0017_0017,0.019329917875233887,0.018221917808219176,0.001108000067014712
2012-06-02,4,c0029_0055,0.018610912499727572,0.018221917808219176,0.0003889946915083969
2012-06-02,5,c0010_0056,0.016584553772015134,0.01561917808219178,0.0009653756898233553
2012-06-02,6,c0012_0029,0.01596823946287744,0.01561917808219178,0.0003490613806856585
2012-06-02,7,c0031_0060,0.014254049243045836,0.013016438356164384,0.0012376108868814527
2012-06-02,8,c0029_0046,0.014147085948861191,0.013016438356164384,0.0011306475926968068
2012-06-02,9,c0009_0027,0.014039286052649338,0.013016438356164384,0.0010228476964849534
2012-06-02,10,c0023_0033,0.013993029544999305,0.013016438356164384,0.0009765911888349199
2012-06-02,11,c0021_0048,0.013937019730676795,0.013016438356164384,0.00092058137451241
2012-06-02,12,c0014_0019,0.013633690747250113,0.013016438356164384,0.0006172523910857292
2012-06-02,13,c0017_0040,0.013539868419326605,0.013016438356164384,0.000523430063162221
2012-06-02,14,c0012_0050,0.01346393473215571,0.013016438356164384,0.00044749637599132583
2012-06-02,15,c0017_0019,0.013457454354096714,0.013016438356164384,0.0004410159979323306
2012-06-02,16,c0013_0052,0.013367628646687594,0.013016438356164384,0.0003511902905232097
2012-06-02,17,c0016_0023,0.01329549423335798,0.013016438356164384,0.0002790558771935951
2012-06-02,18,c0031_0051,0.01131850803951958,0.010413698630136985,0.0009048094093825941
2012-06-02,19,c0023_0016,0.011286552967631454,0.010413698630136985,0.0008728543374944693
2012-06-02,20,c0031_0052,0.011191978865730253,0.010413698630136985,0.0007782802355932675
2012-06-03,1,c0012_0045,0.02667568168409142,0.02603013698630137,0.0006455446977900502
2012-06-03,2,c0015_0045,0.019318360870683664,0.018221917808219176,0.001096443062464489
2012-06-03,3,c0017_0017,0.019317674905831066,0.018221917808219176,0.0010957570976118914
2012-06-03,4,c0029_0055,0.018606614259819673,0.018221917808219176,0.00038469645160049833
2012-06-03,5,c0010_0056,0.016573886746457475,0.01561917808219178,0.000954708664265696
2012-06-03,6,c0012_0029,0.015964382470508336,0.01561917808219178,0.0003452043883165561
2012-06-03,7,c0031_0060,0.014240374124540194,0.013016438356164384,0.0012239357683758094
2012-06-03,8,c0029_0046,0.014134592733116128,0.013016438356164384,0.0011181543769517434
2012-06-03,9,c0009_0027,0.014027983983791572,0.013016438356164384,0.0010115456276271865
2012-06-03,10,c0023_0033,0.013982238592543692,0.013016438356164384,0.0009658002363793083
2012-06-03,11,c0021_0048,0.013926847664865167,0.013016438356164384,0.0009104093087007821
2012-06-03,12,c0014_0019,0.013626870348621221,0.013016438356164384,0.0006104319924568363
2012-06-03,13,c0017_0040,0.013534084720896806,0.013016438356164384,0.0005176463647324209
2012-06-03,14,c0012_0050,0.013458990071408626,0.013016438356164384,0.0004425517152442411
2012-06-03,15,c0017_0019,0.01345258129900441,0.013016438356164384,0.000436142942840026
2012-06-03,16,c0013_0052,0.013363748130693558,0.013016438356164384,0.00034730977452917394
2012-06-03,17,c0016_0023,0.013292410774549747,0.013016438356164384,0.0002759724183853629
2012-06-03,18,c0013_0056,0.01138461415905451,0.010413698630136985,0.000970915528917525
2012-06-03,19,c0031_0051,0.011308510247782705,0.010413698630136985,0.0008948116176457205
2012-06-03,20,c0023_0016,0.01127690826699903,0.010413698630136985,0.000863209636862044
2012-06-04,1,c0012_0045,0.026668548666487466,0.02603013698630137,0.0006384116801860976
2012-06-04,2,c0015_0045,0.019306245601682055,0.018221917808219176,0.0010843277934628767
2012-06-04,3,c0017_0017,0.019305567216474036,0.018221917808219176,0.0010836494082548584
2012-06-04,4,c0029_0055,0.01860236351378948,0.018221917808219176,0.0003804457055703034
2012-06-04,5,c0010_0056,0.01656333758737962,0.01561917808219178,0.0009441595051878409
2012-06-04,6,c0012_0029,0.015960568096403407,0.01561917808219178,0.00034139001421162847
2012-06-04,7,c0031_0060,0.014226850110770397,0.013016438356164384,0.0012104117546060127
2012-06-04,8,c0029_0046,0.014122237562541514,0.013016438356164384,0.00110579920637713
2012-06-04,9,c0009_0027,0.014016806798394855,0.013016438356164384,0.0010003684422304712
2012-06-04,10,c0023_0033,0.013971566875911863,0.013016438356164384,0.0009551285197474791
2012-06-04,11,c0021_0048,0.013916787996420833,0.013016438356164384,0.000900349640256449
2012-06-04,12,c0014_0019,0.013620125312742037,0.013016438356164384,0.0006036869565776529
2012-06-04,13,c0017_0040,0.013528364930083095,0.013016438356164384,0.0005119265739187113
2012-06-04,14,c0012_0050,0.01345410004723787,0.013016438356164384,0.0004376616910734853
2012-06-04,15,c0017_0019,0.013447762089273825,0.013016438356164384,0.00043132373310944056
2012-06-04,16,c0013_0052,0.013359910492890596,0.013016438356164384,0.0003434721367262109
2012-06-04,17,c0016_0023,0.013289361386760973,0.013016438356164384,0.0002729230305965899
2012-06-04,18,c0013_0056,0.011373885920431486,0.010413698630136985,0.0009601872902945009
2012-06-04,19,c0031_0051,0.011298622927752446,0.010413698630136985,0.0008849242976154597
2012-06-04,20,c0023_0016,0.011267370136553968,0.010413698630136985,0.0008536715064169836
2012-06-05,1,c0012_0045,0.0266614944659512,0.02603013698630137,0.0006313574796498284
2012-06-05,2,c0015_0045,0.01929426420168651,0.018221917808219176,0.001072346393467332
2012-06-05,3,c0017_0017,0.019293593312370946,0.018221917808219176,0.0010716755041517707
2012-06-05,4,c0029_0055,0.018598159736848127,0.018221917808219176,0.0003762419286289526
2012-06-05,5,c0010_0056,0.01655290499240285,0.01561917808219178,0.0009337269102110723
2012-06-05,6,c0012_0029,0.015956795869647426,0.01561917808219178,0.0003376177874556477
2012-06-05,7,c0031_0060,0.01421347553208794,0.013016438356164384,0.0011970371759235559
2012-06-05,8,c0029_0046,0.014110018911791958,0.013016438356164384,0.001093580555627573
2012-06-05,9,c0009_0027,0.014005753116545564,0.013016438356164384,0.0009893147603811793
2012-06-05,10,c0023_0033,0.013961013077594382,0.013016438356164384,0.0009445747214299971
2012-06-05,11,c0021_0048,0.013906839483396643,0.013016438356164384,0.0008904011272322583
2012-06-05,12,c0014_0019,0.013613454806883517,0.013016438356164384,0.0005970164507191331
2012-06-05,13,c0017_0040,0.013522708340731198,0.013016438356164384,0.0005062699845668134
2012-06-05,14,c0012_0050,0.013449264055930544,0.013016438356164384,0.0004328256997661597
2012-06-05,15,c0017_0019,0.013442996129934673,0.013016438356164384,0.0004265577737702892
2012-06-05,16,c0013_0052,0.013356115259491387,0.013016438356164384,0.00033967690332700165
2012-06-05,17,c0016_0023,0.01328634569352016,0.013016438356164384,0.0002699073373557746
2012-06-05,18,c0013_0056,0.011363276224668808,0.010413698630136985,0.0009495775945318232
2012-06-05,19,c0031_0051,0.011288844858759445,0.010413698630136985,0.0008751462286224598
2012-06-05,20,c0023_0016,0.01125793739873719,0.010413698630136985,0.0008442387686002052
2012-06-06,1,c0012_0045,0.026654518211584696,0.02603013698630137,0.0006243812252833274
2012-06-06,2,c0015_0045,0.019282415191496628,0.018221917808219176,0.0010604973832774517
2012-06-06,3,c0017_0017,0.01928175171524683,0.018221917808219176,0.0010598339070276542
2012-06-06,4,c0029_0055,0.018594002410005476,0.018221917808219176,0.00037208460178629886
2012-06-06,5,c0012_0029,0.015953065324528597,0.01561917808219178,0.0003338872423368155
2012-06-06,6,c0031_0060,0.014200248737293282,0.013016438356164384,0.0011838103811288977
2012-06-06,7,c0029_0046,0.014097935272376537,0.013016438356164384,0.0010814969162121523
2012-06-06,8,c0009_0027,0.013994821573577575,0.013016438356164384,0.0009783832174131905
2012-06-06,9,c0013_0056,0.013955523487941417,0.013016438356164384,0.000939085131777033
2012-06-06,10,c0023_0033,0.013950575894639779,0.013016438356164384,0.000934137538475394
2012-06-06,11,c0010_0056,0.013930385902134686,0.013016438356164384,0.0009139475459703011
2012-06-06,12,c0021_0048,0.013897000897568474,0.013016438356164384,0.0008805625414040893
2012-06-06,13,c0014_0019,0.013606858007517948,0.013016438356164384,0.0005904196513535626
2012-06-06,14,c0017_0040,0.013517114254489563,0.013016438356164384,0.0005006758983251784
2012-06-06,15,c0012_0050,0.013444481500444543,0.013016438356164384,0.000428043144280158
2012-06-06,16,c0017_0019,0.01343828283259086,0.013016438356164384,0.00042184447642647623
2012-06-06,17,c0013_0052,0.013352361961943776,0.013016438356164384,0.00033592360577939227
2012-06-06,18,c0016_0023,0.013283363322515663,0.013016438356164384,0.00026692496635127936
2012-06-06,19,c0031_0051,0.011279174833622275,0.010413698630136985,0.0008654762034852894
2012-06-06,20,c0023_0016,0.01124860888900118,0.010413698630136985,0.0008349102588641947
2012-06-07,1,c0012_0045,0.026647619042113133,0.02603013698630137,0.0006174820558117627
2012-06-07,2,c0015_0045,0.019270697108256598,0.018221917808219176,0.0010487793000374217
2012-06-07,3,c0017_0017,0.019270040963161074,0.018221917808219176,0.0010481231549418972
2012-06-07,4,c0029_0055,0.01858989102000601,0.018221917808219176,0.00036797321178683434
2012-06-07,5,c0012_0029,0.015949376000481047,0.01561917808219178,0.00033019791828926793
2012-06-07,6,c0031_0060,0.014187168093431995,0.013016438356164384,0.0011707297372676104
2012-06-07,7,c0029_0046,0.014085985152472568,0.013016438356164384,0.0010695467963081843
2012-06-07,8,c0009_0027,0.0139840108199038,0.013016438356164384,0.000967572463739415
2012-06-07,9,c0013_0056,0.013945146962815416,0.013016438356164384,0.0009287086066510312
2012-06-07,10,c0023_0033,0.013940254038493692,0.013016438356164384,0.0009238156823293072
2012-06-07,11,c0010_0056,0.013920287137545938,0.013016438356164384,0.0009038487813815543
2012-06-07,12,c0021_0048,0.013887271024283604,0.013016438356164384,0.0008708326681192198
2012-06-07,13,c0014_0019,0.013600334100217272,0.013016438356164384,0.0005838957440528875
2012-06-07,14,c0017_0040,0.013511581980723154,0.013016438356164384,0.0004951436245587695
2012-06-07,15,c0012_0050,0.01343975179033484,0.013016438356164384,0.0004233134341704568
2012-06-07,16,c0017_0019,0.013433621615347838,0.013016438356164384,0.0004171832591834545
2012-06-07,17,c0013_0052,0.013348650136872933,0.013016438356164384,0.000332211780708548
2012-06-07,18,c0016_0023,0.01328041390554975,0.013016438356164384,0.00026397554938536484
2012-06-07,19,c0031_0051,0.011269611658498388,0.010413698630136985,0.0008559130283614029
2012-06-07,20,c0023_0016,0.01123938345566622,0.010413698630136985,0.0008256848255292347
2012-06-08,1,c0012_0045,0.026640796105778422,0.02603013698630137,0.0006106591194770543
2012-06-08,2,c0015_0045,0.019259108505274593,0.018221917808219176,0.0010371906970554157
2012-06-08,3,c0017_0017,0.01925845961032694,0.018221917808219176,0.0010365418021077634
2012-06-08,4,c0029_0055,0.018585825059265502,0.018221917808219176,0.0003639072510463248
2012-06-08,5,c0012_0029,0.015945727442027994,0.01561917808219178,0.0003265493598362143
2012-06-08,6,c0031_0060,0.01417423198559316,0.013016438356164384,0.0011577936294287748
2012-06-08,7,c0029_0046,0.014074167076741431,0.013016438356164384,0.0010577287205770466
2012-06-08,8,c0009_0027,0.013973319520849558,0.013016438356164384,0.000956881164685174
2012-06-08,9,c0013_0056,0.013934885094252537,0.013016438356164384,0.0009184467380881534
2012-06-08,10,c0023_0033,0.013930046234839783,0.013016438356164384,0.0009136078786753988
2012-06-08,11,c0010_0056,0.01391029996037451,0.013016438356164384,0.0008938616042101254
2012-06-08,12,c0021_0048,0.013877648662310752,0.013016438356164384,0.0008612103061463674
2012-06-08,13,c0014_0019,0.013593882279552553,0.013016438356164384,0.0005774439233881677
2012-06-08,14,c0017_0040,0.013506110836428184,0.013016438356164384,0.0004896724802637988
2012-06-08,15,c0012_0050,0.013435074341680606,0.013016438356164384,0.0004186359855162204
2012-06-08,16,c0017_0019,0.013429011902740769,0.013016438356164384,0.0004125735465763847
2012-06-08,17,c0013_0052,0.01334497932602413,0.013016438356164384,0.00032854096985974573
2012-06-08,18,c0016_0023,0.013277497078493117,0.013016438356164384,0.0002610587223287336
2012-06-08,19,c0031_0051,0.011260154152736734,0.010413698630136985,0.0008464555225997496
2012-06-08,20,c0023_0016,0.011230259959778206,0.010413698630136985,0.0008165613296412212
2012-06-09,1,c0012_0045,0.026634048560234085,0.02603013698630137,0.0006039115739327167
2012-06-09,2,c0015_0045,0.019247647951844166,0.018221917808219176,0.001025730143624988
2012-06-09,3,c0017_0017,0.019247006226933074,0.018221917808219176,0.0010250884187138964
2012-06-09,4,c0029_0055,0.01858180402580832,0.018221917808219176,0.000359886217589144
2012-06-09,5,c0012_0029,0.015942119198725485,0.01561917808219178,0.0003229411165337053
2012-06-09,6,c0031_0060,0.014161438816709995,0.013016438356164384,0.0011450004605456099
2012-06-09,7,c0029_0046,0.014062479586146417,0.013016438356164384,0.0010460412299820325
2012-06-09,8,c0009_0027,0.01396274635648781,0.013016438356164384,0.0009463080003234248
2012-06-09,9,c0013_0056,0.013924736615342397,0.013016438356164384,0.0009082982591780125
2012-06-09,10,c0023_0033,0.013919951223442415,0.013016438356164384,0.0009035128672780303
2012-06-09,11,c0010_0056,0.013900423137622879,0.013016438356164384,0.0008839847814584935
2012-06-09,12,c0021_0048,0.013868132623691772,0.013016438356164384,0.0008516942675273882
2012-06-09,13,c0014_0019,0.013587501748994523,0.013016438356164384,0.0005710633928301383
2012-06-09,14,c0017_0040,0.01350070014614779,0.013016438356164384,0.0004842617899834043
2012-06-09,15,c0012_0050,0.013430448577013095,0.013016438356164384,0.000414010220848711
2012-06-09,16,c0017_0019,0.013424453125663474,0.013016438356164384,0.0004080147694990899
2012-06-09,17,c0013_0052,0.013341349076206183,0.013016438356164384,0.00032491072004179835
2012-06-09,18,c0016_0023,0.01327461248123996,0.013016438356164384,0.00025817412507557507
2012-06-09,19,c0031_0051,0.011250801148731998,0.010413698630136985,0.0008371025185950129
2012-06-09,20,c0023_0016,0.011221237274968033,0.010413698630136985,0.0008075386448310486
2012-06-10,1,c0012_0045,0.026627375572441235,0.02603013698630137,0.0005972385861398655
2012-06-10,2,c0015_0045,0.01923631403306762,0.018221917808219176,0.001014396224848443
2012-06-10,3,c0017_0017,0.019235679398966976,0.018221917808219176,0.0010137615907477992
2012-06-10,4,c0029_0055,0.018577827423205476,0.018221917808219176,0.0003559096149863012
2012-06-10,5,c0012_0029,0.0159385508251068,0.01561917808219178,0.0003193727429150218
2012-06-10,6,c0031_0060,0.014148787007362686,0.013016438356164384,0.0011323486511983013
2012-06-10,7,c0029_0046,0.014050921237772608,0.013016438356164384,0.0010344828816082243
2012-06-10,8,c0009_0027,0.013952290021476188,0.013016438356164384,0.000935851665311804
2012-06-10,9,c0013_0056,0.013914700273173472,0.013016438356164384,0.0008982619170090873
2012-06-10,10,c0023_0033,0.013909967757991061,0.013016438356164384,0.0008935294018266761
2012-06-10,11,c0010_0056,0.013890655449917664,0.013016438356164384,0.00087421709375328
2012-06-10,12,c0021_0048,0.013858721733594996,0.013016438356164384,0.0008422833774306126
2012-06-10,13,c0014_0019,0.013581191720815258,0.013016438356164384,0.0005647533646508734
2012-06-10,14,c0017_0040,0.013495349241888643,0.013016438356164384,0.0004789108857242594
2012-06-10,15,c0012_0050,0.013425873925244379,0.013016438356164384,0.00040943556907999546
2012-06-10,16,c0017_0019,0.013419944721298179,0.013016438356164384,0.0004035063651337949
2012-06-10,17,c0013_0052,0.01333775893923549,0.013016438356164384,0.0003213205830711051
2012-06-10,18,c0016_0023,0.013271759757663492,0.013016438356164384,0.00025532140149910775
2012-06-10,19,c0031_0051,0.011241551491780445,0.010413698630136985,0.0008278528616434609
2012-06-10,20,c0023_0016,0.011212314287312538,0.010413698630136985,0.0007986156571755521
2012-06-11,1,c0012_0045,0.026620776318565742,0.02603013698630137,0.0005906393322643717
2012-06-11,2,c0015_0045,0.01922510534968133,0.018221917808219176,0.0010031875414621527
2012-06-11,3,c0017_0017,0.019224477728040437,0.018221917808219176,0.001002559919821262
2012-06-11,4,c0029_0055,0.01857389476051333,0.018221917808219176,0.0003519769522941526
2012-06-11,5,c0012_0029,0.01593502188062746,0.01561917808219178,0.0003158437984356785
2012-06-11,6,c0031_0060,0.014136274995583393,0.013016438356164384,0.0011198366394190081
2012-06-11,7,c0029_0046,0.014039490604648737,0.013016438356164384,0.0010230522484843522
2012-06-11,8,c0009_0027,0.01394194922489586,0.013016438356164384,0.0009255108687314742
2012-06-11,9,c0013_0056,0.013904774828678426,0.013016438356164384,0.000888336472514042
2012-06-11,10,c0023_0033,0.01390009460594644,0.013016438356164384,0.0008836562497820567
2012-06-11,11,c0010_0056,0.013880995691359092,0.013016438356164384,0.0008645573351947076
2012-06-11,12,c0021_0048,0.013849414830170189,0.013016438356164384,0.000832976474005804
2012-06-11,13,c0014_0019,0.013574951415990919,0.013016438356164384,0.0005585130598265337
2012-06-11,14,c0017_0040,0.013490057463038488,0.013016438356164384,0.00047361910687410353
2012-06-11,15,c0012_0050,0.013421349821596824,0.013016438356164384,0.0004049114654324402
2012-06-11,16,c0017_0019,0.013415486133046026,0.013016438356164384,0.0003990477768816421
2012-06-11,17,c0013_0052,0.013334208471880705,0.013016438356164384,0.00031777011571631954
2012-06-11,18,c0016_0023,0.013268938555571997,0.013016438356164384,0.0002525001994076125
2012-06-11,19,c0031_0051,0.011232404039937373,0.010413698630136985,0.0008187054098003883
2012-06-11,20,c0023_0016,0.01120348989519697,0.010413698630136985,0.0007897912650599838
2012-06-12,1,c0012_0045,0.02661424998387652,0.02603013698630137,0.0005841129975751529
2012-06-12,2,c0015_0045,0.019214020517882985,0.018221917808219176,0.000992102709663809
2012-06-12,3,c0017_0017,0.019213399831216896,0.018221917808219176,0.0009914820229977206
2012-06-12,4,c0029_0055,0.018570005552212967,0.018221917808219176,0.00034808774399379064
2012-06-12,5,c0012_0029,0.015931531929610814,0.01561917808219178,0.0003123538474190354
2012-06-12,6,c0031_0060,0.01412390123666341,0.013016438356164384,0.001107462880499026
2012-06-12,7,c0029_0046,0.014028186275571007,0.013016438356164384,0.0010117479194066228
2012-06-12,8,c0009_0027,0.013931722690092132,0.013016438356164384,0.0009152843339277477
2012-06-12,9,c0013_0056,0.013894959056481136,0.013016438356164384,0.0008785207003167517
2012-06-12,10,c0023_0033,0.013890330548388357,0.013016438356164384,0.0008738921922239727
2012-06-12,11,c0010_0056,0.013871442669372108,0.013016438356164384,0.0008550043132077223
2012-06-12,12,c0021_0048,0.013840210764405104,0.013016438356164384,0.0008237724082407186
2012-06-12,13,c0014_0019,0.013568780064105574,0.013016438356164384,0.0005523417079411904
2012-06-12,14,c0017_0040,0.013484824156284568,0.013016438356164384,0.0004683858001201845
2012-06-12,15,c0012_0050,0.013416875707533369,0.013016438356164384,0.0004004373513689843
2012-06-12,16,c0017_0019,0.01341107681045836,0.013016438356164384,0.00039463845429397424
2012-06-12,17,c0013_0052,0.013330697235808013,0.013016438356164384,0.0003142588796436291
2012-06-12,18,c0016_0023,0.013266148526665337,0.013016438356164384,0.0002497101705009514
2012-06-12,19,c0031_0051,0.011223357663876119,0.010413698630136985,0.0008096590337391342
2012-06-12,20,c0023_0016,0.011194763009178996,0.010413698630136985,0.0007810643790420105
2012-06-13,1,c0012_0045,0.026607795762644958,0.02603013698630137,0.0005776587763435874
2012-06-13,2,c0015_0045,0.019203058169160757,0.018221917808219176,0.0009811403609415788
2012-06-13,3,c0017_0017,0.0192024443408407,0.018221917808219176,0.0009805265326215216
2012-06-13,4,c0029_0055,0.01856615931815028,0.018221917808219176,0.00034424150993110235
2012-06-13,5,c0031_0060,0.014111664202962464,0.013016438356164384,0.0010952258467980798
2012-06-13,6,c0029_0046,0.01401700685492888,0.013016438356164384,0.0010005684987644955
2012-06-13,7,c0009_0027,0.013921609154516859,0.013016438356164384,0.0009051707983524745
2012-06-13,8,c0013_0056,0.013885251744745405,0.013016438356164384,0.0008688133885810207
2012-06-13,9,c0010_0056,0.013861995204559144,0.013016438356164384,0.0008455568483947596
2012-06-13,10,c0021_0048,0.013831108399983635,0.013016438356164384,0.0008146700438192504
2012-06-13,11,c0013_0025,0.013751731622927527,0.013016438356164384,0.0007352932667631425
2012-06-13,12,c0014_0019,0.013562676903256094,0.013016438356164384,0.00054623854709171
2012-06-13,13,c0017_0040,0.013479648675532986,0.013016438356164384,0.00046321031936860164
2012-06-13,14,c0012_0050,0.013412451030688569,0.013016438356164384,0.0003960126745241843
2012-06-13,15,c0017_0019,0.013406716209168761,0.013016438356164384,0.00039027785300437744
2012-06-13,16,c0013_0052,0.013327224797527022,0.013016438356164384,0.00031078644136263867
2012-06-13,17,c0012_0029,0.013315808420332854,0.013016438356164384,0.0002993700641684702
2012-06-13,18,c0016_0023,0.013263389326491952,0.013016438356164384,0.0002469509703275676
2012-06-13,19,c0023_0033,0.011268587984545603,0.010413698630136985,0.0008548893544086183
2012-06-13,20,c0031_0051,0.011214411246748643,0.010413698630136985,0.0008007126166116574
2012-06-14,1,c0012_0045,0.02660141285804541,0.02603013698630137,0.0005712758717440414
2012-06-14,2,c0015_0045,0.01919221695012433,0.018221917808219176,0.0009702991419051538
2012-06-14,3,c0017_0017,0.01919160990436825,0.018221917808219176,0.0009696920961490735
2012-06-14,4,c0029_0055,0.01856235558347667,0.018221917808219176,0.00034043777525749136
2012-06-14,5,c0031_0060,0.01409956238372011,0.013016438356164384,0.0010831240275557268
2012-06-14,6,c0029_0046,0.014005950962532768,0.013016438356164384,0.0009895126063683831
2012-06-14,7,c0009_0027,0.013911607369572554,0.013016438356164384,0.0008951690134081701
2012-06-14,8,c0013_0056,0.013875651695025356,0.013016438356164384,0.0008592133388609722
2012-06-14,9,c0010_0056,0.013852652130554524,0.013016438356164384,0.0008362137743901397
2012-06-14,10,c0021_0048,0.013822106613145528,0.013016438356164384,0.0008056682569811445
2012-06-14,11,c0013_0025,0.013743606918574994,0.013016438356164384,0.0007271685624106097
2012-06-14,12,c0014_0019,0.013556641179958077,0.013016438356164384,0.0005402028237936932
2012-06-14,13,c0017_0040,0.013474530381828925,0.013016438356164384,0.0004580920256645407
2012-06-14,14,c0012_0050,0.013408075244800404,0.013016438356164384,0.0003916368886360193
2012-06-14,15,c0017_0019,0.01340240379082586,0.013016438356164384,0.00038596543466147526
2012-06-14,16,c0013_0052,0.013323790728337238,0.013016438356164384,0.0003073523721728543
2012-06-14,17,c0012_0029,0.013312500497666739,0.013016438356164384,0.0002960621415023551
2012-06-14,18,c0016_0023,0.013260660614406344,0.013016438356164384,0.0002442222582419598
2012-06-14,19,c0023_0033,0.011259141789982618,0.010413698630136985,0.0008454431598456329
2012-06-14,20,c0031_0051,0.01120556368404764,0.010413698630136985,0.0007918650539106539
2012-06-15,1,c0012_0045,0.026595100482056863,0.02603013698630137,0.0005649634957554945
2012-06-15,2,c0015_0045,0.019181495522337836,0.018221917808219176,0.0009595777141186607
2012-06-15,3,c0017_0017,0.019180895184201043,0.018221917808219176,0.0009589773759818659
2012-06-15,4,c0029_0055,0.018558593878590428,0.018221917808219176,0.00033667607037125293
2012-06-15,5,c0031_0060,0.014087594284869222,0.013016438356164384,0.001071155928704837
2012-06-15,6,c0029_0046,0.013995017233443641,0.013016438356164384,0.0009785788772792563
2012-06-15,7,c0009_0027,0.01390171610045825,0.013016438356164384,0.0008852777442938662
2012-06-15,8,c0013_0056,0.013866157722117474,0.013016438356164384,0.0008497193659530893
2012-06-15,9,c0010_0056,0.013843412293880454,0.013016438356164384,0.0008269739377160688
2012-06-15,10,c0021_0048,0.013813204292547643,0.013016438356164384,0.0007967659363832588
2012-06-15,11,c0013_0025,0.013735571989042659,0.013016438356164384,0.0007191336328782743
2012-06-15,12,c0014_0019,0.013550672149052834,0.013016438356164384,0.0005342337928884491
2012-06-15,13,c0017_0040,0.013469468643277773,0.013016438356164384,0.000453030287113389
2012-06-15,14,c0012_0050,0.013403747809642836,0.013016438356164384,0.0003873094534784519
2012-06-15,15,c0017_0019,0.013398139023026848,0.013016438356164384,0.0003817006668624639
2012-06-15,16,c0013_0052,0.01332039460427514,0.013016438356164384,0.0003039562481107548
2012-06-15,17,c0012_0029,0.01330922912625833,0.013016438356164384,0.0002927907700939464
2012-06-15,18,c0016_0023,0.01325796205352701,0.013016438356164384,0.000241523697362627
2012-06-15,19,c0023_0033,0.011249799972192208,0.010413698630136985,0.0008361013420552226
2012-06-15,20,c0031_0051,0.011196813883470179,0.010413698630136985,0.000783115253333194
2012-06-16,1,c0012_0045,0.026588857855365623,0.02603013698630137,0.0005587208690642518
2012-06-16,2,c0015_0045,0.0191708925621546,0.018221917808219176,0.0009489747539354217
2012-06-16,3,c0017_0017,0.01917029885752051,0.018221917808219176,0.0009483810493013305
2012-06-16,4,c0029_0055,0.018554873739078773,0.018221917808219176,0.00033295593085959867
2012-06-16,5,c0031_0060,0.014075758428851526,0.013016438356164384,0.0010593200726871418
2012-06-16,6,c0029_0046,0.013984204317804514,0.013016438356164384,0.0009677659616401299
2012-06-16,7,c0009_0027,0.013891934126017049,0.013016438356164384,0.0008754957698526646
2012-06-16,8,c0013_0056,0.013856768653914277,0.013016438356164384,0.0008403302977498928
2012-06-16,9,c0010_0056,0.013834274553804619,0.013016438356164384,0.0008178361976402341
2012-06-16,10,c0021_0048,0.013804400339126745,0.013016438356164384,0.0007879619829623604
2012-06-16,11,c0013_0025,0.013727625842353706,0.013016438356164384,0.0007111874861893223
2012-06-16,12,c0014_0019,0.013544769073615385,0.013016438356164384,0.0005283307174510004
2012-06-16,13,c0017_0040,0.013464462834967108,0.013016438356164384,0.0004480244788027235
2012-06-16,14,c0012_0050,0.013399468190959116,0.013016438356164384,0.00038302983479473145
2012-06-16,15,c0017_0019,0.013393921379251768,0.013016438356164384,0.00037748302308738353
2012-06-16,16,c0013_0052,0.013317036006061836,0.013016438356164384,0.000300597649897451
2012-06-16,17,c0012_0029,0.01330599390223046,0.013016438356164384,0.00028955554606607565
2012-06-16,18,c0016_0023,0.013255293310694862,0.013016438356164384,0.0002388549545304775
2012-06-16,19,c0023_0033,0.011240561377851668,0.010413698630136985,0.0008268627477146834
2012-06-16,20,c0031_0051,0.011188160764782856,0.010413698630136985,0.0007744621346458709
2012-06-17,1,c0012_0045,0.027133632203930683,0.02603013698630137,0.0011034952176293131
2012-06-17,2,c0015_0045,0.019160406760553715,0.018221917808219176,0.0009384889523345394
2012-06-17,3,c0017_0017,0.019159819616124705,0.018221917808219176,0.0009379018079055294
2012-06-17,4,c0029_0055,0.018551194705660495,0.018221917808219176,0.00032927689744132035
2012-06-17,5,c0031_0060,0.0140640533544352,0.013016438356164384,0.0010476149982708149
2012-06-17,6,c0029_0046,0.013973510880673798,0.013016438356164384,0.0009570725245094137
2012-06-17,7,c0009_0027,0.013882260238585358,0.013016438356164384,0.0008658218824209747
2012-06-17,8,c0013_0056,0.013847483331259618,0.013016438356164384,0.000831044975095234
2012-06-17,9,c0010_0056,0.013825237782199355,0.013016438356164384,0.0008087994260349706
2012-06-17,10,c0021_0048,0.013795693665963822,0.013016438356164384,0.0007792553097994373
2012-06-17,11,c0013_0025,0.01371976749749228,0.013016438356164384,0.000703329141327896
2012-06-17,12,c0014_0019,0.013538931224863488,0.013016438356164384,0.0005224928686991041
2012-06-17,13,c0017_0040,0.013459512338889545,0.013016438356164384,0.00044307398272516003
2012-06-17,14,c0012_0050,0.01339523586039582,0.013016438356164384,0.0003787975042314364
2012-06-17,15,c0017_0019,0.013389750338798499,0.013016438356164384,0.0003733119826341146
2012-06-17,16,c0013_0052,0.013313714519051306,0.013016438356164384,0.00029727616288692234
2012-06-17,17,c0012_0029,0.013302794426168644,0.013016438356164384,0.00028635607000425975
2012-06-17,18,c0016_0023,0.013252654056432082,0.013016438356164384,0.00023621570026769782
2012-06-17,19,c0023_0033,0.011231424866382064,0.010413698630136985,0.0008177262362450785
2012-06-17,20,c0031_0051,0.011179603259688422,0.010413698630136985,0.000765904629551436
2012-06-18,1,c0012_0045,0.02712143901135986,0.02603013698630137,0.0010913020250584908
2012-06-18,2,c0015_0045,0.019150036822978465,0.018221917808219176,0.0009281190147592881
2012-06-18,3,c0017_0017,0.019149456166266822,0.018221917808219176,0.0009275383580476469
2012-06-18,4,c0029_0055,0.018547556324129265,0.018221917808219176,0.0003256385159100887
2012-06-18,5,c0031_0060,0.014052477616534458,0.013016438356164384,0.0010360392603700741
2012-06-18,6,c0029_0046,0.013962935601860486,0.013016438356164384,0.0009464972456961015
2012-06-18,7,c0009_0027,0.013872693243843805,0.013016438356164384,0.0008562548876794196
2012-06-18,8,c0013_0056,0.013838300607805575,0.013016438356164384,0.0008218622516411898
2012-06-18,9,c0010_0056,0.013816300863402369,0.013016438356164384,0.0007998625072379852
2012-06-18,10,c0021_0048,0.013787083198149894,0.013016438356164384,0.0007706448419855095
2012-06-18,11,c0013_0025,0.013711995984282367,0.013016438356164384,0.0006955576281179829
2012-06-18,12,c0014_0019,0.013533157882067662,0.013016438356164384,0.0005167195259032772
2012-06-18,13,c0017_0040,0.01345461654386644,0.013016438356164384,0.0004381781877020556
2012-06-18,14,c0012_0050,0.013391050295437629,0.013016438356164384,0.00037461193927324524
2012-06-18,15,c0017_0019,0.013385625386718478,0.013016438356164384,0.00036918703055409364
2012-06-18,16,c0013_0052,0.01331042973317921,0.013016438356164384,0.00029399137701482535
2012-06-18,17,c0012_0029,0.013299630303071774,0.013016438356164384,0.0002831919469073903
2012-06-18,18,c0016_0023,0.01325004396490146,0.013016438356164384,0.00023360560873707625
2012-06-18,19,c0023_0033,0.01122238930980741,0.010413698630136985,0.0008086906796704241
2012-06-18,20,c0031_0051,0.011171140311693896,0.010413698630136985,0.0007574416815569101
2012-06-19,1,c0012_0045,0.02710938054882021,0.02603013698630137,0.0010792435625188402
2012-06-19,2,c0015_0045,0.019139781469176467,0.018221917808219176,0.0009178636609572896
2012-06-19,3,c0017_0017,0.019139207228495443,0.018221917808219176,0.0009172894202762659
2012-06-19,4,c0029_0055,0.018543958145297555,0.018221917808219176,0.0003220403370783773
2012-06-19,5,c0031_0060,0.014041029786031157,0.013016438356164384,0.0010245914298667722
2012-06-19,6,c0029_0046,0.013952477175761169,0.013016438356164384,0.0009360388195967849
2012-06-19,7,c0009_0027,0.01386323196066977,0.013016438356164384,0.0008467936045053858
2012-06-19,8,c0013_0056,0.013829219349870919,0.013016438356164384,0.0008127809937065341
2012-06-19,9,c0010_0056,0.013807462694079002,0.013016438356164384,0.0007910243379146181
2012-06-19,10,c0021_0048,0.013778567872653307,0.013016438356164384,0.0007621295164889229
2012-06-19,11,c0013_0025,0.01370431034326802,0.013016438356164384,0.0006878719871036365
2012-06-19,12,c0014_0019,0.013527448332462201,0.013016438356164384,0.0005110099762978171
2012-06-19,13,c0017_0040,0.013449774845472438,0.013016438356164384,0.0004333364893080533
2012-06-19,14,c0012_0050,0.013386910979342812,0.013016438356164384,0.00037047262317842705
2012-06-19,15,c0017_0019,0.013381546013753123,0.013016438356164384,0.00036510765758873806
2012-06-19,16,c0013_0052,0.013307181242912252,0.013016438356164384,0.00029074288674786776
2012-06-19,17,c0012_0029,0.013296501142303352,0.013016438356164384,0.00028006278613896743
2012-06-19,18,c0016_0023,0.01324746271386616,0.013016438356164384,0.00023102435770177527
2012-06-19,19,c0023_0033,0.011213453592615417,0.010413698630136985,0.0007997549624784326
2012-06-19,20,c0031_0051,0.011162770875980135,0.010413698630136985,0.0007490722458431494
2012-06-20,1,c0012_0045,0.02708815290664225,0.02603013698630137,0.0010580159203408812
2012-06-20,2,c0015_0045,0.019129639433041634,0.018221917808219176,0.0009077216248224564
2012-06-20,3,c0017_0017,0.019129071537496586,0.018221917808219176,0.0009071537292774094
2012-06-20,4,c0029_0055,0.018540399724941183,0.018221917808219176,0.0003184819167220071
2012-06-20,5,c0031_0060,0.014029708449598345,0.013016438356164384,0.0010132700934339608
2012-06-20,6,c0029_0046,0.013942134311198848,0.013016438356164384,0.000925695955034464
2012-06-20,7,c0009_0027,0.01385387522099159,0.013016438356164384,0.000837436864827205
2012-06-20,8,c0013_0056,0.013820238436301162,0.013016438356164384,0.0008038000801367778
2012-06-20,9,c0010_0056,0.013798722183086013,0.013016438356164384,0.0007822838269216289
2012-06-20,10,c0021_0048,0.013770146638188494,0.013016438356164384,0.0007537082820241091
2012-06-20,11,c0013_0025,0.01369670962559491,0.013016438356164384,0.0006802712694305254
2012-06-20,12,c0014_0019,0.013521801871157188,0.013016438356164384,0.0005053635149928041
2012-06-20,13,c0017_0040,0.013444986645960845,0.013016438356164384,0.00042854828979646087
2012-06-20,14,c0012_0050,0.01338281740107943,0.013016438356164384,0.0003663790449150459
2012-06-20,15,c0017_0019,0.013377511716270959,0.013016438356164384,0.0003610733601065746
2012-06-20,16,c0013_0052,0.013303968647198128,0.013016438356164384,0.00028753029103374266
2012-06-20,17,c0012_0029,0.013293406557543257,0.013016438356164384,0.0002769682013788725
2012-06-20,18,c0016_0023,0.013244909984649934,0.013016438356164384,0.000228471628485549
2012-06-20,19,c0023_0033,0.011204616611619776,0.010413698630136985,0.0007909179814827921
2012-06-20,20,c0031_0051,0.01115449391927284,0.010413698630136985,0.0007407952891358554
2012-06-21,1,c0012_0045,0.02707646224260165,0.02603013698630137,0.001046325256300282
2012-06-21,2,c0015_0045,0.019119609462457856,0.018221917808219176,0.0008976916542386799
2012-06-21,3,c0017_0017,0.019119047841937502,0.018221917808219176,0.0008971300337183274
2012-06-21,4,c0029_0055,0.01853688062374448,0.018221917808219176,0.00031496281552530344
2012-06-21,5,c0031_0060,0.01401851220952579,0.013016438356164384,0.0010020738533614046
2012-06-21,6,c0029_0046,0.013931905731263527,0.013016438356164384,0.0009154673750991424
2012-06-21,7,c0009_0027,0.01384462186964433,0.013016438356164384,0.0008281835134799461
2012-06-21,8,c0013_0056,0.013811356758330137,0.013016438356164384,0.0007949184021657522
2012-06-21,9,c0010_0056,0.013790078251336869,0.013016438356164384,0.0007736398951724842
2012-06-21,10,c0021_0048,0.01376181845508618,0.013016438356164384,0.000745380098921796
2012-06-21,11,c0013_0025,0.013689192892893174,0.013016438356164384,0.0006727545367287888
2012-06-21,12,c0014_0019,0.013516217801051464,0.013016438356164384,0.0004997794448870787
2012-06-21,13,c0017_0040,0.01344025135418984,0.013016438356164384,0.0004238129980254546
2012-06-21,14,c0012_0050,0.013378769055262255,0.013016438356164384,0.00036233069909787015
2012-06-21,15,c0017_0019,0.013373521996205446,0.013016438356164384,0.0003570836400410616
2012-06-21,16,c0013_0052,0.013300791549415998,0.013016438356164384,0.0002843531932516146
2012-06-21,17,c0012_0029,0.013290346166740057,0.013016438356164384,0.00027390781057567347
2012-06-21,18,c0016_0023,0.013242385462097784,0.013016438356164384,0.00022594710593340007
2012-06-21,19,c0023_0033,0.011195877275823956,0.010413698630136985,0.0007821786456869706
2012-06-21,20,c0031_0051,0.011146308419714993,0.010413698630136985,0.0007326097895780079
2012-06-22,1,c0012_0045,0.027064900755847596,0.02603013698630137,0.001034763769546227
2012-06-22,2,c0015_0045,0.019109690319144425,0.018221917808219176,0.0008877725109252475
2012-06-22,3,c0017_0017,0.019109134904312187,0.018221917808219176,0.0008872170960930097
2012-06-22,4,c0029_0055,0.018533400407246034,0.018221917808219176,0.0003114825990268587
2012-06-22,5,c0031_0060,0.014007439683547406,0.013016438356164384,0.000991001327383022
2012-06-22,6,c0029_0046,0.013921790173154567,0.013016438356164384,0.0009053518169901822
2012-06-22,7,c0009_0027,0.013835470764227186,0.013016438356164384,0.0008190324080628012
2012-06-22,8,c0013_0056,0.013802573219443108,0.013016438356164384,0.0007861348632787234
2012-06-22,9,c0010_0056,0.013781529831668521,0.013016438356164384,0.0007650914755041376
2012-06-22,10,c0021_0048,0.013753582295165037,0.013016438356164384,0.0007371439390006525
2012-06-22,11,c0013_0025,0.013681759217161572,0.013016438356164384,0.0006653208609971881
2012-06-22,12,c0014_0019,0.01351069543274656,0.013016438356164384,0.0004942570765821769
2012-06-22,13,c0017_0040,0.013435568385549481,0.013016438356164384,0.00041913002938509774
2012-06-22,14,c0012_0050,0.013374765442090363,0.013016438356164384,0.0003583270859259777
2012-06-22,15,c0017_0019,0.013369576360993483,0.013016438356164384,0.0003531380048290987
2012-06-22,16,c0013_0052,0.013297649557327538,0.013016438356164384,0.0002812112011631542
2012-06-22,17,c0012_0029,0.013287319592063843,0.013016438356164384,0.00027088123589945817
2012-06-22,18,c0016_0023,0.013239888834537056,0.013016438356164384,0.00022345047837267113
2012-06-22,19,c0016_0049,0.011582001461308637,0.010413698630136985,0.001168302831171652
2012-06-22,20,c0023_0033,0.011187234506286508,0.010413698630136985,0.0007735358761495225
2012-06-23,1,c0012_0045,0.02705346701902136,0.02603013698630137,0.0010233300327199878
2012-06-23,2,c0015_0045,0.019099880778503144,0.018221917808219176,0.0008779629702839665
2012-06-23,3,c0017_0017,0.01909933150078858,0.018221917808219176,0.0008774136925694052
2012-06-23,4,c0029_0055,0.01852995864578507,0.018221917808219176,0.0003080408375658946
2012-06-23,5,c0031_0060,0.013996489504670619,0.013016438356164384,0.0009800511485062334
2012-06-23,6,c0029_0046,0.013911786388024785,0.013016438356164384,0.0008953480318604006
2012-06-23,7,c0009_0027,0.01382642077496243,0.013016438356164384,0.000809982418798046
2012-06-23,8,c0013_0056,0.013793886735241402,0.013016438356164384,0.0007774483790770177
2012-06-23,9,c0010_0056,0.013773075868709662,0.013016438356164384,0.0007566375125452781
2012-06-23,10,c0021_0048,0.013745437141604736,0.013016438356164384,0.0007289987854403507
2012-06-23,11,c0013_0025,0.01367440768065292,0.013016438356164384,0.0006579693244885367
2012-06-23,12,c0014_0019,0.013505234084461604,0.013016438356164384,0.0004887957282972199
2012-06-23,13,c0017_0040,0.01343093716188955,0.013016438356164384,0.00041449880572516564
2012-06-23,14,c0012_0050,0.013370806067285437,0.013016438356164384,0.0003543677111210524
2012-06-23,15,c0017_0019,0.0133656743235146,0.013016438356164384,0.00034923596735021614
2012-06-23,16,c0013_0052,0.013294542283028498,0.013016438356164384,0.0002781039268641129
2012-06-23,17,c0012_0029,0.013284326459859573,0.013016438356164384,0.00026788810369518805
2012-06-23,18,c0016_0023,0.013237419793738952,0.013016438356164384,0.00022098143757456632
2012-06-23,19,c0016_0049,0.011569092169837383,0.010413698630136985,0.0011553935397003974
2012-06-23,20,c0023_0033,0.011178687235987871,0.010413698630136985,0.0007649886058508856
2012-06-24,1,c0012_0045,0.027042159620535963,0.02603013698630137,0.001012022634234594
2012-06-24,2,c0015_0045,0.019090179629467154,0.018221917808219176,0.0008682618212479771
2012-06-24,3,c0017_0017,0.01908963642105751,0.018221917808219176,0.0008677186128383313
2012-06-24,4,c0029_0055,0.018526554914448393,0.018221917808219176,0.0003046371062292174
2012-06-24,5,c0031_0060,0.013985660321007579,0.013016438356164384,0.0009692219648431951
2012-06-24,6,c0029_0046,0.013901893140826274,0.013016438356164384,0.0008854547846618901
2012-06-24,7,c0009_0027,0.013817470784555945,0.013016438356164384,0.0008010324283915605
2012-06-24,8,c0013_0056,0.01378529623330853,0.013016438356164384,0.0007688578771441456
2012-06-24,9,c0010_0056,0.013764715318750422,0.013016438356164384,0.000748276962586038
2012-06-24,10,c0021_0048,0.013737381988820416,0.013016438356164384,0.0007209436326560312
2012-06-24,11,c0013_0025,0.013667137375760781,0.013016438356164384,0.0006506990195963976
2012-06-24,12,c0014_0019,0.013499833081949126,0.013016438356164384,0.00048339472578474177
2012-06-24,13,c0017_0040,0.013426357111448153,0.013016438356164384,0.0004099187552837684
2012-06-24,14,c0012_0050,0.013366890442030745,0.013016438356164384,0.000350452085866361
2012-06-24,15,c0017_0019,0.013361815402030821,0.013016438356164384,0.0003453770458664358
2012-06-24,16,c0013_0052,0.013291469342900817,0.013016438356164384,0.0002750309867364329
2012-06-24,17,c0012_0029,0.013281366400600951,0.013016438356164384,0.00026492804443656683
2012-06-24,18,c0016_0023,0.013234978034880482,0.013016438356164384,0.00021853967871609793
2012-06-24,19,c0016_0049,0.011556325521011376,0.010413698630136985,0.0011426268908743909
2012-06-24,20,c0023_0033,0.011170234409698634,0.010413698630136985,0.0007565357795616482
2012-06-25,1,c0012_0045,0.02703097716440193,0.02603013698630137,0.0010008401781005627
2012-06-25,2,c0015_0045,0.019080585674351412,0.018221917808219176,0.0008586678661322369
2012-06-25,3,c0017_0017,0.019080048468183227,0.018221917808219176,0.0008581306599640499
2012-06-25,4,c0029_0055,0.018523188793017935,0.018221917808219176,0.00030127098479875846
2012-06-25,5,c0031_0060,0.013974950795608282,0.013016438356164384,0.000958512439443898
2012-06-25,6,c0029_0046,0.013892109210157927,0.013016438356164384,0.0008756708539935424
2012-06-25,7,c0009_0027,0.013808619688059274,0.013016438356164384,0.0007921813318948897
2012-06-25,8,c0013_0056,0.013776800653077785,0.013016438356164384,0.0007603622969134015
2012-06-25,9,c0010_0056,0.013756447149613521,0.013016438356164384,0.0007400087934491359
2012-06-25,10,c0021_0048,0.013729415842338541,0.013016438356164384,0.0007129774861741567
2012-06-25,11,c0013_0025,0.013659947404907415,0.013016438356164384,0.000643509048743031
2012-06-25,12,c0014_0019,0.013494491758411834,0.013016438356164384,0.0004780534022474492
2012-06-25,13,c0017_0040,0.013421827668781148,0.013016438356164384,0.00040538931261676286
2012-06-25,14,c0012_0050,0.013363018082910788,0.013016438356164384,0.00034657972674640477
2012-06-25,15,c0017_0019,0.013357999120127181,0.013016438356164384,0.0003415607639627966
2012-06-25,16,c0013_0052,0.013288430357565271,0.013016438356164384,0.00027199200140088693
2012-06-25,17,c0012_0029,0.013278439048844804,0.013016438356164384,0.0002620006926804203
2012-06-25,18,c0016_0023,0.013232563256506838,0.013016438356164384,0.00021612490034245371
2012-06-25,19,c0016_0049,0.011543699938684917,0.010413698630136985,0.001130001308547933
2012-06-25,20,c0023_0033,0.011161874983849258,0.010413698630136985,0.0007481763537122731
2012-06-26,1,c0012_0045,0.02701991827005492,0.02603013698630137,0.0009897812837535503
2012-06-26,2,c0015_0045,0.019071097728704835,0.018221917808219176,0.0008491799204856574
2012-06-26,3,c0017_0017,0.019070566458455673,0.018221917808219176,0.0008486486502364977
2012-06-26,4,c0029_0055,0.01851985986591887,0.018221917808219176,0.0002979420576996955
2012-06-26,5,c0031_0060,0.013964359606295496,0.013016438356164384,0.0009479212501311103
2012-06-26,6,c0029_0046,0.013882433388114639,0.013016438356164384,0.0008659950319502551
2012-06-26,7,c0009_0027,0.013799866392733213,0.013016438356164384,0.0007834280365688292
2012-06-26,8,c0013_0056,0.013768398945701314,0.013016438356164384,0.0007519605895369295
2012-06-26,9,c0010_0056,0.013748270340526832,0.013016438356164384,0.0007318319843624488
2012-06-26,10,c0021_0048,0.01372153771867412,0.013016438356164384,0.0007050993625097344
2012-06-26,11,c0013_0025,0.013652836880432968,0.013016438356164384,0.0006363985242685824
2012-06-26,12,c0014_0019,0.013489209454420283,0.013016438356164384,0.000472771098255899
2012-06-26,13,c0017_0040,0.013417348274692327,0.013016438356164384,0.00040090991852794323
2012-06-26,14,c0012_0050,0.013359188511851623,0.013016438356164384,0.0003427501556872383
2012-06-26,15,c0017_0019,0.013354225006652922,0.013016438356164384,0.0003377866504885372
2012-06-26,16,c0013_0052,0.013285424951834624,0.013016438356164384,0.0002689865956702402
2012-06-26,17,c0012_0029,0.013275544043185964,0.013016438356164384,0.000259105687021579
2012-06-26,18,c0016_0023,0.013230175160494163,0.013016438356164384,0.0002137368043297798
2012-06-26,19,c0016_0049,0.011531213864128104,0.010413698630136985,0.0011175152339911198
2012-06-26,20,c0023_0033,0.011153607926401245,0.010413698630136985,0.0007399092962642598
2012-06-27,1,c0012_0045,0.02700898157218528,0.02603013698630137,0.0009788445858839115
2012-06-27,2,c0015_0045,0.019061714621164048,0.018221917808219176,0.0008397968129448731
2012-06-27,3,c0017_0017,0.01906118922124432,0.018221917808219176,0.0008392714130251459
2012-06-27,4,c0029_0055,0.018516567722168323,0.018221917808219176,0.00029464991394914625
2012-06-27,5,c0016_0049,0.01412160548186179,0.013016438356164384,0.0011051671256974065
2012-06-27,6,c0031_0060,0.013953885445501527,0.013016438356164384,0.0009374470893371429
2012-06-27,7,c0029_0046,0.013872864480138192,0.013016438356164384,0.0008564261239738079
2012-06-27,8,c0009_0027,0.013791209817912901,0.013016438356164384,0.0007747714617485164
2012-06-27,9,c0013_0056,0.013760090073920619,0.013016438356164384,0.000743651717756234
2012-06-27,10,c0010_0056,0.013740183881997372,0.013016438356164384,0.0007237455258329876
2012-06-27,11,c0021_0048,0.013713746645209282,0.013016438356164384,0.0006973082890448985
2012-06-27,12,c0013_0025,0.013645804924485876,0.013016438356164384,0.0006293665683214919
2012-06-27,13,c0017_0040,0.013412918376164389,0.013016438356164384,0.00039648002000000404
2012-06-27,14,c0012_0050,0.01335540125606183,0.013016438356164384,0.0003389628998974467
2012-06-27,15,c0017_0019,0.013350492595663314,0.013016438356164384,0.00033405423949892896
2012-06-27,16,c0013_0052,0.013282452754667315,0.013016438356164384,0.000266014398502931
2012-06-27,17,c0012_0029,0.013272681026212645,0.013016438356164384,0.00025624267004825967
2012-06-27,18,c0027_0051,0.011157359598204394,0.010413698630136985,0.0007436609680674094
2012-06-27,19,c0023_0033,0.011145432216719717,0.010413698630136985,0.0007317335865827318
2012-06-27,20,c0031_0051,0.011099060205589754,0.010413698630136985,0.00068536157545277
2012-06-28,1,c0012_0045,0.02699816572056951,0.02603013698630137,0.0009680287342681424
2012-06-28,2,c0015_0045,0.019052435193308803,0.018221917808219176,0.0008305173850896273
2012-06-28,3,c0017_0017,0.019051915598853653,0.018221917808219176,0.0008299977906344784
2012-06-28,4,c0029_0055,0.018513311955324605,0.018221917808219176,0.0002913941471054289
2012-06-28,5,c0016_0049,0.01410939381535768,0.013016438356164384,0.0010929554591932954
2012-06-28,6,c0031_0060,0.013943527020106806,0.013016438356164384,0.0009270886639424219
2012-06-28,7,c0029_0046,0.013863401304869767,0.013016438356164384,0.0008469629487053824
2012-06-28,8,c0009_0027,0.013782648894874402,0.013016438356164384,0.0007662105387100167
2012-06-28,9,c0013_0056,0.013751873011938507,0.013016438356164384,0.0007354346557741217
2012-06-28,10,c0010_0056,0.013732186775686652,0.013016438356164384,0.0007157484195222678
2012-06-28,11,c0021_0048,0.013706041660073215,0.013016438356164384,0.0006896033039088314
2012-06-28,12,c0013_0025,0.013638850668914505,0.013016438356164384,0.0006224123127501193
2012-06-28,13,c0017_0040,0.01340853742629065,0.013016438356164384,0.0003920990701262661
2012-06-28,14,c0012_0050,0.013351655847974162,0.013016438356164384,0.0003352174918097768
2012-06-28,15,c0017_0019,0.013346801426362135,0.013016438356164384,0.00033036307019775095
2012-06-28,16,c0013_0052,0.013279513399121647,0.013016438356164384,0.0002630750429572622
2012-06-28,17,c0012_0029,0.013269849644462324,0.013016438356164384,0.00025341128829794047
2012-06-28,18,c0027_0051,0.011149142434009945,0.010413698630136985,0.0007354438038729595
2012-06-28,19,c0023_0033,0.011137346845447416,0.010413698630136985,0.0007236482153104306
2012-06-28,20,c0031_0051,0.011091487226988097,0.010413698630136985,0.0006777885968511128
2012-06-29,1,c0012_0045,0.026987469379903553,0.02603013698630137,0.0009573323936021823
2012-06-29,2,c0015_0045,0.019043258299518934,0.018221917808219176,0.0008213404912997574
2012-06-29,3,c0017_0017,0.01904274444638024,0.018221917808219176,0.0008208266381610629
2012-06-29,4,c0029_0055,0.01851009216343706,0.018221917808219176,0.0002881743552178844
2012-06-29,5,c0016_0049,0.014097317083014512,0.013016438356164384,0.0010808787268501271
2012-06-29,6,c0031_0060,0.013933283051280224,0.013016438356164384,0.0009168446951158404
2012-06-29,7,c0029_0046,0.013854042694004101,0.013016438356164384,0.0008376043378397161
2012-06-29,8,c0009_0027,0.01377418256670276,0.013016438356164384,0.0007577442105383769
2012-06-29,9,c0013_0056,0.013743746745292443,0.013016438356164384,0.0007273083891280594
2012-06-29,10,c0010_0056,0.01372427803428744,0.013016438356164384,0.0007078396781230563
2012-06-29,11,c0021_0048,0.013698421812023399,0.013016438356164384,0.0006819834558590137
2012-06-29,12,c0013_0025,0.013631973255159946,0.013016438356164384,0.000615534898995561
2012-06-29,13,c0017_0040,0.01340420488420754,0.013016438356164384,0.0003877665280431558
2012-06-29,14,c0012_0050,0.013347951825187795,0.013016438356164384,0.00033151346902341095
2012-06-29,15,c0017_0019,0.013343151043044786,0.013016438356164384,0.0003267126868804012
2012-06-29,16,c0013_0052,0.013276606522310485,0.013016438356164384,0.0002601681661460998
2012-06-29,17,c0012_0029,0.013267049548378106,0.013016438356164384,0.0002506111922137226
2012-06-29,18,c0027_0051,0.011141016066280951,0.010413698630136985,0.0007273174361439663
2012-06-29,19,c0023_0033,0.011129350814380087,0.010413698630136985,0.0007156521842431023
2012-06-29,20,c0031_0051,0.011083997926851875,0.010413698630136985,0.0006702992967148893
2012-06-30,1,c0012_0045,0.02697689122963793,0.02603013698630137,0.0009467542433365606
2012-06-30,2,c0015_0045,0.019034182806832934,0.018221917808219176,0.0008122649986137565
2012-06-30,3,c0017_0017,0.019033674631571382,0.018221917808219176,0.0008117568233522046
2012-06-30,4,c0029_0055,0.01850690794899643,0.018221917808219176,0.00028499014077725183
2012-06-30,5,c0016_0049,0.014085373793862337,0.013016438356164384,0.0010689354376979526
2012-06-30,6,c0031_0060,0.013923152274321263,0.013016438356164384,0.000906713918156878
2012-06-30,7,c0029_0046,0.013844787492145249,0.013016438356164384,0.0008283491359808653
2012-06-30,8,c0009_0027,0.013765809788161528,0.013016438356164384,0.0007493714319971435
2012-06-30,9,c0013_0056,0.013735710270729314,0.013016438356164384,0.0007192719145649299
2012-06-30,10,c0010_0056,0.013716456681401866,0.013016438356164384,0.0007000183252374812
2012-06-30,11,c0021_0048,0.01369088616032817,0.013016438356164384,0.0006744478041637861
2012-06-30,12,c0013_0025,0.013625171834150039,0.013016438356164384,0.0006087334779856553
2012-06-30,13,c0017_0040,0.013399920215027816,0.013016438356164384,0.00038348185886343146
2012-06-30,14,c0012_0050,0.013344288730411265,0.013016438356164384,0.0003278503742468809
2012-06-30,15,c0017_0019,0.013339540995042021,0.013016438356164384,0.00032310263887763615
2012-06-30,16,c0013_0052,0.013273731765356456,0.013016438356164384,0.00025729340919207125
2012-06-30,17,c0012_0029,0.01326428039226556,0.013016438356164384,0.000247842036101175
2012-06-30,18,c0027_0051,0.011132979491751818,0.010413698630136985,0.0007192808616148331
2012-06-30,19,c0023_0033,0.011121443136343247,0.010413698630136985,0.0007077445062062619
2012-06-30,20,c0031_0051,0.011076591380566617,0.010413698630136985,0.0006628927504296323
2012-07-01,1,c0012_0045,0.026966429963814733,0.02603013698630137,0.0009362929775133643
2012-07-01,2,c0015_0045,0.019025207594808077,0.018221917808219176,0.0008032897865889018
2012-07-01,3,c0017_0017,0.019024705034685337,0.018221917808219176,0.0008027872264661604
2012-07-01,4,c0029_0055,0.018503758918885768,0.018221917808219176,0.000281841110666593
2012-07-01,5,c0016_0049,0.014073562473405844,0.013016438356164384,0.0010571241172414594
2012-07-01,6,c0031_0060,0.013913133438503847,0.013016438356164384,0.0008966950823394622
2012-07-01,7,c0029_0046,0.013835634556663945,0.013016438356164384,0.0008191962004995609
2012-07-01,8,c0009_0027,0.013757529525563703,0.013016438356164384,0.0007410911693993192
2012-07-01,9,c0013_0056,0.013727762596081557,0.013016438356164384,0.0007113242399171722
2012-07-01,10,c0010_0056,0.01370872175142087,0.013016438356164384,0.0006922833952564865
2012-07-01,11,c0021_0048,0.013683433774650592,0.013016438356164384,0.0006669954184862074
2012-07-01,12,c0013_0025,0.01361844556619454,0.013016438356164384,0.0006020072100301571
2012-07-01,13,c0017_0040,0.013395682889774533,0.013016438356164384,0.00037924453361014765
2012-07-01,14,c0012_0050,0.013340666111405995,0.013016438356164384,0.000324227755241611
2012-07-01,15,c0017_0019,0.013335970836664317,0.013016438356164384,0.00031953248049993187
2012-07-01,16,c0013_0052,0.013270888773347644,0.013016438356164384,0.00025445041718325927
2012-07-01,17,c0012_0029,0.01326154183425004,0.013016438356164384,0.00024510347808565536
2012-07-01,18,c0027_0051,0.011125031718242643,0.010413698630136985,0.0007113330881056571
2012-07-01,19,c0023_0033,0.011113622835070303,0.010413698630136985,0.0006999242049333174
2012-07-01,20,c0031_0051,0.01106926667373449,0.010413698630136985,0.0006555680435975037
2012-07-02,1,c0012_0045,0.026956084290906377,0.02603013698630137,0.0009259473046050073
2012-07-02,2,c0015_0045,0.019016331555382102,0.018221917808219176,0.0007944137471629261
2012-07-02,3,c0017_0017,0.019015834548353074,0.018221917808219176,0.0007939167401338976
2012-07-02,4,c0029_0055,0.018500644684331935,0.018221917808219176,0.00027872687611275854
2012-07-02,5,c0016_0049,0.01406188166344232,0.013016438356164384,0.0010454433072779352
2012-07-02,6,c0031_0060,0.013903225306921941,0.013016438356164384,0.0008867869507575566
2012-07-02,7,c0029_0046,0.013826582757556527,0.013016438356164384,0.0008101444013921428
2012-07-02,8,c0009_0027,0.01374934075664413,0.013016438356164384,0.0007329024004797449
2012-07-02,9,c0013_0056,0.013719902740144676,0.013016438356164384,0.0007034643839802909
2012-07-02,10,c0010_0056,0.013701072289405005,0.013016438356164384,0.0006846339332406207
2012-07-02,11,c0021_0048,0.013676063734933581,0.013016438356164384,0.0006596253787691974
2012-07-02,12,c0013_0025,0.013611793620881456,0.013016438356164384,0.0005953552647170719
2012-07-02,13,c0017_0040,0.013391492385315732,0.013016438356164384,0.0003750540291513475
2012-07-02,14,c0012_0050,0.01333708352093047,0.013016438356164384,0.0003206451647660857
2012-07-02,15,c0017_0019,0.013332440127146844,0.013016438356164384,0.0003160017709824602
2012-07-02,16,c0013_0052,0.01326807719529377,0.013016438356164384,0.0002516388391293852
2012-07-02,17,c0012_0029,0.013258833536234488,0.013016438356164384,0.0002423951800701032
2012-07-02,18,c0027_0051,0.011117171764536722,0.010413698630136985,0.0007034731343997374
2012-07-02,19,c0023_0033,0.011105888945082028,0.010413698630136985,0.0006921903149450432
2012-07-02,20,c0031_0051,0.011062022902061392,0.010413698630136985,0.0006483242719244062
2012-07-03,1,c0012_0045,0.026945852933656148,0.02603013698630137,0.0009157159473547801
2012-07-03,2,c0015_0045,0.019007553592736395,0.018221917808219176,0.0007856357845172194
2012-07-03,3,c0017_0017,0.019007062077441555,0.018221917808219176,0.0007851442692223797
2012-07-03,4,c0029_0055,0.018497564860857567,0.018221917808219176,0.0002756470526383914
2012-07-03,5,c0016_0049,0.014050329921881623,0.013016438356164384,0.0010338915657172397
2012-07-03,6,c0031_0060,0.013893426656336841,0.013016438356164384,0.000876988300172456
2012-07-03,7,c0029_0046,0.013817630977305435,0.013016438356164384,0.0008011926211410513
2012-07-03,8,c0009_0027,0.013741242470433278,0.013016438356164384,0.0007248041142688938
2012-07-03,9,c0013_0056,0.013712129732556103,0.013016438356164384,0.0006956913763917179
2012-07-03,10,c0010_0056,0.013693507350966526,0.013016438356164384,0.000677068994802141
2012-07-03,11,c0021_0048,0.013668775131286334,0.013016438356164384,0.0006523367751219486
2012-07-03,12,c0013_0025,0.013605215176974519,0.013016438356164384,0.0005887768208101345
2012-07-03,13,c0017_0040,0.013387348184299864,0.013016438356164384,0.00037090982813547924
2012-07-03,14,c0012_0050,0.013333540516685019,0.013016438356164384,0.00031710216052063437
2012-07-03,15,c0017_0019,0.013328948430595058,0.013016438356164384,0.00031251007443067294
2012-07-03,16,c0013_0052,0.013265296684082861,0.013016438356164384,0.0002488583279184762
2012-07-03,17,c0012_0029,0.013256155163857683,0.013016438356164384,0.00023971680769329894
2012-07-03,18,c0027_0051,0.011109398660259421,0.010413698630136985,0.0006957000301224362
2012-07-03,19,c0023_0033,0.011098240511567369,0.010413698630136985,0.0006845418814303833
2012-07-03,20,c0031_0051,0.011054859171245325,0.010413698630136985,0.0006411605411083403
2012-07-04,1,c0012_0045,0.02432413626061442,0.023427397260273968,0.0008967390003404498
2012-07-04,2,c0015_0045,0.018998872623160717,0.018221917808219176,0.0007769548149415403
2012-07-04,3,c0017_0017,0.01899838653891854,0.018221917808219176,0.0007764687306993647
2012-07-04,4,c0029_0055,0.018494519068233635,0.018221917808219176,0.00027260126001445954
2012-07-04,5,c0016_0049,0.014038905822568152,0.013016438356164384,0.001022467466403767
2012-07-04,6,c0031_0060,0.013883736277026151,0.013016438356164384,0.0008672979208617659
2012-07-04,7,c0029_0046,0.013808778110741245,0.013016438356164384,0.0007923397545768608
2012-07-04,8,c0009_0027,0.013733233667132444,0.013016438356164384,0.0007167953109680592
2012-07-04,9,c0013_0056,0.0137044426136754,0.013016438356164384,0.0006880042575110142
2012-07-04,10,c0010_0056,0.013686026002152806,0.013016438356164384,0.0006695876459884221
2012-07-04,11,c0021_0048,0.013661567063871978,0.013016438356164384,0.0006451287077075932
2012-07-04,12,c0013_0025,0.013598709422311804,0.013016438356164384,0.0005822710661474205
2012-07-04,13,c0017_0040,0.013383249775091909,0.013016438356164384,0.00036681141892752405
2012-07-04,14,c0012_0050,0.01333003666125721,0.013016438356164384,0.0003135983050928253
2012-07-04,15,c0013_0052,0.013262546896438396,0.013016438356164384,0.0002461085402740116
2012-07-04,16,c0012_0029,0.013253506386452969,0.013016438356164384,0.00023706803028858444
2012-07-04,17,c0031_0046,0.011287934201173296,0.010413698630136985,0.0008742355710363106
2012-07-04,18,c0027_0051,0.011101711445758363,0.010413698630136985,0.000688012815621377
2012-07-04,19,c0031_0051,0.01104777459686598,0.010413698630136985,0.000634075966728995
2012-07-04,20,c0023_0016,0.011025380993429448,0.010413698630136985,0.0006116823632924624
2012-07-05,1,c0012_0045,0.0243142276437557,0.023427397260273968,0.0008868303834817308
2012-07-05,2,c0015_0045,0.0189902875749194,0.018221917808219176,0.0007683697667002237
2012-07-05,3,c0017_0017,0.01898980686171887,0.018221917808219176,0.0007678890534996945
2012-07-05,4,c0029_0055,0.01849150693043249,0.018221917808219176,0.0002695891222133135
2012-07-05,5,c0016_0049,0.01402760795510476,0.013016438356164384,0.001011169598940376
2012-07-05,6,c0031_0060,0.013874152972634437,0.013016438356164384,0.000857714616470053
2012-07-05,7,c0029_0046,0.013800023064906223,0.013016438356164384,0.0007835847087418376
2012-07-05,8,c0009_0027,0.013725313357990305,0.013016438356164384,0.0007088750018259205
2012-07-05,9,c0013_0056,0.013696840434465778,0.013016438356164384,0.0006804020783013936
2012-07-05,10,c0010_0056,0.013678627319331036,0.013016438356164384,0.000662188963166651
2012-07-05,11,c0021_0048,0.013654438642796494,0.013016438356164384,0.0006380002866321093
2012-07-05,12,c0013_0025,0.013592275553705463,0.013016438356164384,0.0005758371975410788
2012-07-05,13,c0017_0040,0.013379196651710215,0.013016438356164384,0.00036275829554583094
2012-07-05,14,c0012_0050,0.013326571522067848,0.013016438356164384,0.00031013316590346385
2012-07-05,15,c0013_0052,0.013259827492876927,0.013016438356164384,0.00024338913671254279
2012-07-05,16,c0012_0029,0.013250886877007423,0.013016438356164384,0.0002344485208430389
2012-07-05,17,c0031_0046,0.01127827423844794,0.010413698630136985,0.0008645756083109539
2012-07-05,18,c0027_0051,0.011094109171984954,0.010413698630136985,0.0006804105418479684
2012-07-05,19,c0031_0051,0.011040768304275545,0.010413698630136985,0.0006270696741385599
2012-07-05,20,c0023_0016,0.011018622141439291,0.010413698630136985,0.000604923511302307
2012-07-06,1,c0012_0045,0.024304428513255906,0.023427397260273968,0.0008770312529819363
2012-07-06,2,c0015_0045,0.018981797388119042,0.018221917808219176,0.0007598795798998665
2012-07-06,3,c0017_0017,0.018981321986612242,0.018221917808219176,0.0007594041783930645
2012-07-06,4,c0029_0055,0.01848852807558144,0.018221917808219176,0.0002666102673622632
2012-07-06,5,c0016_0049,0.014016434924678649,0.013016438356164384,0.000999996568514264
2012-07-06,6,c0031_0060,0.013864675560025531,0.013016438356164384,0.0008482372038611462
2012-07-06,7,c0029_0046,0.01379136475891939,0.013016438356164384,0.000774926402755005
2012-07-06,8,c0009_0027,0.013717480565180858,0.013016438356164384,0.0007010422090164739
2012-07-06,9,c0013_0056,0.01368932225637694,0.013016438356164384,0.000672883900212557
2012-07-06,10,c0010_0056,0.013671310389074183,0.013016438356164384,0.0006548720329097982
2012-07-06,11,c0021_0048,0.013647388987998842,0.013016438356164384,0.0006309506318344586
2012-07-06,12,c0013_0025,0.013585912776842556,0.013016438356164384,0.0005694744206781712
2012-07-06,13,c0017_0040,0.013375188313764034,0.013016438356164384,0.00035874995759964927
2012-07-06,14,c0012_0050,0.013323144671317571,0.013016438356164384,0.00030670631515318714
2012-07-06,15,c0013_0052,0.013257138137666165,0.013016438356164384,0.00024069978150178089
2012-07-06,16,c0012_0029,0.013248296312121492,0.013016438356164384,0.0002318579559571076
2012-07-06,17,c0027_0051,0.011633557280565561,0.010413698630136985,0.001219858650428576
2012-07-06,18,c0031_0046,0.011268721014550133,0.010413698630136985,0.0008550223844131477
2012-07-06,19,c0031_0051,0.011033839428490727,0.010413698630136985,0.000620140798353742
2012-07-06,20,c0023_0016,0.011011937972132449,0.010413698630136985,0.0005982393419954631
2012-07-07,1,c0012_0045,0.02429473765933339,0.023427397260273968,0.0008673403990594223
2012-07-07,2,c0015_0045,0.018973401014577652,0.018221917808219176,0.0007514832063584751
2012-07-07,3,c0017_0017,0.018972930866072428,0.018221917808219176,0.0007510130578532523
2012-07-07,4,c0029_0055,0.018485582135916844,0.018221917808219176,0.00026366432769766695
2012-07-07,5,c0016_0049,0.014005385351889152,0.013016438356164384,0.000988946995724768
2012-07-07,6,c0031_0060,0.013855302869136454,0.013016438356164384,0.0008388645129720686
2012-07-07,7,c0029_0046,0.013782802123843085,0.013016438356164384,0.000766363767678701
2012-07-07,8,c0009_0027,0.013709734321682697,0.013016438356164384,0.000693295965518313
2012-07-07,9,c0013_0056,0.013681887151229205,0.013016438356164384,0.000665448795064821
2012-07-07,10,c0010_0056,0.013664074308048231,0.013016438356164384,0.0006476359518838473
2012-07-07,11,c0021_0048,0.013640417229142318,0.013016438356164384,0.0006239788729779342
2012-07-07,12,c0013_0025,0.013579620306186993,0.013016438356164384,0.0005631819500226083
2012-07-07,13,c0017_0040,0.013371224266391736,0.013016438356164384,0.0003547859102273514
2012-07-07,14,c0012_0050,0.013319755685934033,0.013016438356164384,0.00030331732976964887
2012-07-07,15,c0013_0052,0.013254478498783532,0.013016438356164384,0.00023804014261914825
2012-07-07,16,c0012_0029,0.013245734371969058,0.013016438356164384,0.00022929601580467466
2012-07-07,17,c0027_0051,0.011620078317361884,0.010413698630136985,0.0012063796872248988
2012-07-07,18,c0031_0046,0.011259273350057384,0.010413698630136985,0.0008455747199204
2012-07-07,19,c0031_0051,0.011026987114085961,0.010413698630136985,0.000613288483948977
2012-07-07,20,c0023_0016,0.011005327660294339,0.010413698630136985,0.000591629030157353
2012-07-08,1,c0012_0045,0.024285153885574128,0.023427397260273968,0.0008577566253001617
2012-07-08,2,c0015_0045,0.018965097417695236,0.018221917808219176,0.000743179609476059
2012-07-08,3,c0017_0017,0.01896463246414797,0.018221917808219176,0.000742714655928793
2012-07-08,4,c0029_0055,0.018482668747738705,0.018221917808219176,0.00026075093951952806
2012-07-08,5,c0016_0049,0.013994457872577448,0.013016438356164384,0.0009780195164130641
2012-07-08,6,c0031_0060,0.013846033742832968,0.013016438356164384,0.0008295953866685837
2012-07-08,7,c0029_0046,0.013774334102550993,0.013016438356164384,0.0007578957463866086
2012-07-08,8,c0009_0027,0.013702073671159627,0.013016438356164384,0.0006856353149952413
2012-07-08,9,c0013_0056,0.01367453420109891,0.013016438356164384,0.0006580958449345265
2012-07-08,10,c0010_0056,0.013656918182900655,0.013016438356164384,0.0006404798267362706
2012-07-08,11,c0021_0048,0.013633522505507095,0.013016438356164384,0.000617084149342711
2012-07-08,12,c0013_0025,0.013573397364882554,0.013016438356164384,0.0005569590087181688
2012-07-08,13,c0017_0040,0.013367304020199722,0.013016438356164384,0.00035086566403533763
2012-07-08,14,c0012_0050,0.013316404147519672,0.013016438356164384,0.00029996579135528725
2012-07-08,15,c0013_0052,0.013251848247875172,0.013016438356164384,0.00023540989171078747
2012-07-08,16,c0012_0029,0.013243200740257963,0.013016438356164384,0.00022676238409357838
2012-07-08,17,c0027_0051,0.01160674829145433,0.010413698630136985,0.0011930496613173438
2012-07-08,18,c0031_0046,0.011249930078579364,0.010413698630136985,0.0008362314484423789
2012-07-08,19,c0031_0051,0.011020210515087805,0.010413698630136985,0.0006065118849508201
2012-07-08,20,c0023_0016,0.010998790389828685,0.010413698630136985,0.0005850917596916999
2012-07-09,1,c0012_0045,0.024275676008784004,0.023427397260273968,0.0008482787485100359
2012-07-09,2,c0029_0055,0.019026416402172543,0.018221917808219176,0.000804498593953367
2012-07-09,3,c0015_0045,0.01895688557232583,0.018221917808219176,0.0007349677641066538
2012-07-09,4,c0017_0017,0.018956425756334258,0.018221917808219176,0.0007345079481150814
2012-07-09,5,c0016_0049,0.013983651137658138,0.013016438356164384,0.0009672127814937537
2012-07-09,6,c0031_0060,0.013836867036766723,0.013016438356164384,0.0008204286806023379
2012-07-09,7,c0029_0046,0.013765959649597629,0.013016438356164384,0.0007495212934332443
2012-07-09,8,c0009_0027,0.01369449766784259,0.013016438356164384,0.000678059311678205
2012-07-09,9,c0013_0056,0.013667262498205096,0.013016438356164384,0.0006508241420407128
2012-07-09,10,c0010_0056,0.013649841130150123,0.013016438356164384,0.0006334027739857388
2012-07-09,11,c0021_0048,0.013626703965883967,0.013016438356164384,0.0006102656097195829
2012-07-09,12,c0013_0025,0.013567243184656975,0.013016438356164384,0.0005508048284925901
2012-07-09,13,c0017_0040,0.013363427091202001,0.013016438356164384,0.0003469887350376178
2012-07-09,14,c0012_0050,0.013313089642300055,0.013016438356164384,0.0002966512861356708
2012-07-09,15,c0013_0052,0.013249247060215408,0.013016438356164384,0.00023280870405102338
2012-07-09,16,c0012_0029,0.013240695104190946,0.013016438356164384,0.0002242567480265623
2012-07-09,17,c0027_0051,0.011593565557143755,0.010413698630136985,0.0011798669270067696
2012-07-09,18,c0031_0046,0.011240690046613896,0.010413698630136985,0.0008269914164769111
2012-07-09,19,c0031_0051,0.011013508794870489,0.010413698630136985,0.0005998101647335042
2012-07-09,20,c0023_0016,0.010992325353656757,0.010413698630136985,0.0005786267235197728
2012-07-10,1,c0012_0045,0.02426630285884273,0.023427397260273968,0.0008389055985687613
2012-07-10,2,c0029_0055,0.019017527005895773,0.018221917808219176,0.0007956091976765955
2012-07-10,3,c0015_0045,0.018948764464650936,0.018221917808219176,0.0007268466564317588
2012-07-10,4,c0017_0017,0.018948309729447065,0.018221917808219176,0.0007263919212278898
2012-07-10,5,c0016_0049,0.01397296381295269,0.013016438356164384,0.000956525456788305
2012-07-10,6,c0031_0060,0.013827801619233965,0.013016438356164384,0.0008113632630695813
2012-07-10,7,c0029_0046,0.013757677731089275,0.013016438356164384,0.0007412393749248912
2012-07-10,8,c0009_0027,0.013687005376412915,0.013016438356164384,0.0006705670202485299
2012-07-10,9,c0013_0056,0.01366007114479743,0.013016438356164384,0.0006436327886330459
2012-07-10,10,c0010_0056,0.01364284227607743,0.013016438356164384,0.0006264039199130467
2012-07-10,11,c0021_0048,0.013619960768469259,0.013016438356164384,0.0006035224123048744
2012-07-10,12,c0013_0025,0.013561157005727104,0.013016438356164384,0.0005447186495627191
2012-07-10,13,c0017_0040,0.013359593000760442,0.013016438356164384,0.00034315464459605777
2012-07-10,14,c0012_0050,0.013309811761072798,0.013016438356164384,0.00029337340490841445
2012-07-10,15,c0013_0052,0.013246674614666658,0.013016438356164384,0.00023023625850227314
2012-07-10,16,c0012_0029,0.013238217154427042,0.013016438356164384,0.00022177879826265788
2012-07-10,17,c0027_0051,0.011580528486915353,0.010413698630136985,0.0011668298567783688
2012-07-10,18,c0031_0046,0.011231552113404559,0.010413698630136985,0.0008178534832675736
2012-07-10,19,c0031_0051,0.011006881126052635,0.010413698630136985,0.0005931824959156506
2012-07-10,20,c0023_0016,0.010985931753617732,0.010413698630136985,0.000572233123480746
2012-07-11,1,c0012_0045,0.024257033278559395,0.023427397260273968,0.0008296360182854271
2012-07-11,2,c0029_0055,0.021611475560014668,0.020824657534246574,0.0007868180257680944
2012-07-11,3,c0015_0045,0.01894073309205435,0.018221917808219176,0.0007188152838351737
2012-07-11,4,c0017_0017,0.018940283381497457,0.018221917808219176,0.0007183655732782817
2012-07-11,5,c0023_0050,0.014092356034946775,0.013016438356164384,0.0010759176787823906
2012-07-11,6,c0016_0049,0.013962394579024725,0.013016438356164384,0.0009459562228603413
2012-07-11,7,c0031_0060,0.013818836371035833,0.013016438356164384,0.0008023980148714494
2012-07-11,8,c0029_0046,0.01374948732455634,0.013016438356164384,0.0007330489683919549
2012-07-11,9,c0009_0027,0.013679595871886835,0.013016438356164384,0.0006631575157224494
2012-07-11,10,c0013_0056,0.013652959253045367,0.013016438356164384,0.0006365208968809832
2012-07-11,11,c0010_0056,0.01363592075661763,0.013016438356164384,0.0006194824004532466
2012-07-11,12,c0021_0048,0.013613292080760897,0.013016438356164384,0.0005968537245965124
2012-07-11,13,c0013_0025,0.013555138076705095,0.013016438356164384,0.0005386997205407107
2012-07-11,14,c0017_0040,0.013355801275525674,0.013016438356164384,0.0003393629193612889
2012-07-11,15,c0012_0050,0.013306570099157044,0.013016438356164384,0.0002901317429926599
2012-07-11,16,c0013_0052,0.013244130593639783,0.013016438356164384,0.00022769223747539911
2012-07-11,17,c0012_0029,0.013235766585043378,0.013016438356164384,0.00021932822887899375
2012-07-11,18,c0027_0051,0.011558763147660911,0.010413698630136985,0.0011450645175239262
2012-07-11,19,c0031_0046,0.011222515150799842,0.010413698630136985,0.0008088165206628573
2012-07-11,20,c0023_0016,0.010979608800370145,0.010413698630136985,0.000565910170233161
2012-07-12,1,c0012_0045,0.0242478661235296,0.023427397260273968,0.0008204688632556325
2012-07-12,2,c0029_0055,0.021602781527133408,0.020824657534246574,0.0007781239928868321
2012-07-12,3,c0015_0045,0.01893279046299839,0.018221917808219176,0.0007108726547792162
2012-07-12,4,c0017_0017,0.018932345721568086,0.018221917808219176,0.0007104279133489084
2012-07-12,5,c0023_0050,0.014080467563444443,0.013016438356164384,0.0010640292072800585
2012-07-12,6,c0016_0049,0.013951942131017128,0.013016438356164384,0.0009355037748527427
2012-07-12,7,c0031_0060,0.013809970185340175,0.013016438356164384,0.0007935318291757903
2012-07-12,8,c0029_0046,0.013741387418827116,0.013016438356164384,0.0007249490626627318
2012-07-12,9,c0009_0027,0.013672268239501292,0.013016438356164384,0.0006558298833369066
2012-07-12,10,c0013_0056,0.01364592594492855,0.013016438356164384,0.000629487588764165
2012-07-12,11,c0010_0056,0.013629075717253357,0.013016438356164384,0.0006126373610889716
2012-07-12,12,c0021_0048,0.013606697079455632,0.013016438356164384,0.0005902587232912485
2012-07-12,13,c0013_0025,0.013549185654505648,0.013016438356164384,0.0005327472983412629
2012-07-12,14,c0017_0040,0.013352051447378653,0.013016438356164384,0.0003356130912142686
2012-07-12,15,c0012_0050,0.0133033642563435,0.013016438356164384,0.0002869259001791152
2012-07-12,16,c0013_0052,0.013241614683054884,0.013016438356164384,0.00022517632689050013
2012-07-12,17,c0012_0029,0.013233343093497411,0.013016438356164384,0.00021690473733302734
2012-07-12,18,c0027_0051,0.01154611063050893,0.010413698630136985,0.0011324120003719444
2012-07-12,19,c0031_0046,0.011213578043113874,0.010413698630136985,0.0007998794129768886
2012-07-12,20,c0020_0018,0.011213085650748808,0.010413698630136985,0.0007993870206118237
2012-07-13,1,c0012_0045,0.024238800261994167,0.023427397260273968,0.0008114030017202
2012-07-13,2,c0029_0055,0.021594183559930948,0.020824657534246574,0.0007695260256843741
2012-07-13,3,c0015_0045,0.018924935596901487,0.018221917808219176,0.00070301778868231
2012-07-13,4,c0017_0017,0.01892449576969085,0.018221917808219176,0.000702577961471672
2012-07-13,5,c0029_0046,0.014281145861900327,0.013016438356164384,0.0012647075057359422
2012-07-13,6,c0023_0050,0.014068710454924102,0.013016438356164384,0.0010522720987597173
2012-07-13,7,c0016_0049,0.013941605178490938,0.013016438356164384,0.0009251668223265537
2012-07-13,8,c0031_0060,0.013801201967544901,0.013016438356164384,0.000784763611380516
2012-07-13,9,c0009_0027,0.013665021574601005,0.013016438356164384,0.0006485832184366213
2012-07-13,10,c0013_0056,0.013638970352128398,0.013016438356164384,0.0006225319959640134
2012-07-13,11,c0010_0056,0.013622306312909324,0.013016438356164384,0.0006058679567449398
2012-07-13,12,c0021_0048,0.013600174950347398,0.013016438356164384,0.0005837365941830137
2012-07-13,13,c0013_0025,0.013543299004254262,0.013016438356164384,0.0005268606480898773
2012-07-13,14,c0017_0040,0.013348343053372872,0.013016438356164384,0.0003319046972084876
2012-07-13,15,c0012_0050,0.013300193836845029,0.013016438356164384,0.00028375548068064504
2012-07-13,16,c0013_0052,0.01323912657230252,0.013016438356164384,0.00022268821613813562
2012-07-13,17,c0012_0029,0.013230946380589578,0.013016438356164384,0.00021450802442519337
2012-07-13,18,c0027_0051,0.01153359791874593,0.010413698630136985,0.001119899288608944
2012-07-13,19,c0031_0046,0.011204739686988673,0.010413698630136985,0.0007910410568516881
2012-07-13,20,c0020_0018,0.011204252735367556,0.010413698630136985,0.0007905541052305716
2012-07-14,1,c0012_0045,0.02422983457469942,0.023427397260273968,0.0008024373144254489
2012-07-14,2,c0029_0055,0.02158568059691894,0.020824657534246574,0.0007610230626723665
2012-07-14,3,c0015_0045,0.0189171675240171,0.018221917808219176,0.000695249715797923
2012-07-14,4,c0017_0017,0.018916732556725917,0.018221917808219176,0.0006948147485067405
2012-07-14,5,c0029_0046,0.01426717133630489,0.013016438356164384,0.0012507329801405057
2012-07-14,6,c0023_0050,0.014057083257875939,0.013016438356164384,0.0010406449017115553
2012-07-14,7,c0016_0049,0.01393138244526605,0.013016438356164384,0.0009149440891016666
2012-07-14,8,c0031_0060,0.01379253063514285,0.013016438356164384,0.0007760922789784659
2012-07-14,9,c0009_0027,0.013657854982526786,0.013016438356164384,0.000641416626362402
2012-07-14,10,c0013_0056,0.013632091615920917,0.013016438356164384,0.0006156532597565336
2012-07-14,11,c0010_0056,0.013615611707848006,0.013016438356164384,0.0005991733516836215
2012-07-14,12,c0021_0048,0.013593724888226784,0.013016438356164384,0.0005772865320623999
2012-07-14,13,c0013_0025,0.013537477399196517,0.013016438356164384,0.0005210390430321325
2012-07-14,14,c0017_0040,0.0133446756356772,0.013016438356164384,0.0003282372795128152
2012-07-14,15,c0012_0050,0.013297058449247792,0.013016438356164384,0.000280620093083408
2012-07-14,16,c0013_0052,0.013236665954205362,0.013016438356164384,0.0002202275980409784
2012-07-14,17,c0012_0029,0.013228576150426349,0.013016438356164384,0.0002121377942619652
2012-07-14,18,c0027_0051,0.011521223467576787,0.010413698630136985,0.0011075248374398023
2012-07-14,19,c0031_0046,0.011195998991257937,0.010413698630136985,0.0007823003611209528
2012-07-14,20,c0020_0018,0.011195517420262667,0.010413698630136985,0.0007818187901256825
2012-07-15,1,c0012_0045,0.024220967954758987,0.023427397260273968,0.0007935706944850173
2012-07-15,2,c0029_0055,0.021577271588338064,0.020824657534246574,0.0007526140540914899
2012-07-15,3,c0015_0045,0.018909485285314023,0.018221917808219176,0.0006875674770948449
2012-07-15,4,c0017_0017,0.018909055124242076,0.018221917808219176,0.0006871373160228998
2012-07-15,5,c0029_0046,0.014253351223777085,0.013016438356164384,0.001236912867612701
2012-07-15,6,c0023_0050,0.014045584536828762,0.013016438356164384,0.0010291461806643783
2012-07-15,7,c0016_0049,0.013921272669263652,0.013016438356164384,0.0009048343130992667
2012-07-15,8,c0031_0060,0.013783955117588146,0.013016438356164384,0.0007675167614237612
2012-07-15,9,c0009_0027,0.013650767578505077,0.013016438356164384,0.0006343292223406919
2012-07-15,10,c0013_0056,0.01362528888707068,0.013016438356164384,0.0006088505309062962
2012-07-15,11,c0010_0056,0.013608991075566446,0.013016438356164384,0.0005925527194020618
2012-07-15,12,c0021_0048,0.013587346096781633,0.013016438356164384,0.0005709077406172487
2012-07-15,13,c0013_0025,0.013531720120608345,0.013016438356164384,0.0005152817644439601
2012-07-15,14,c0017_0040,0.013341048741519361,0.013016438356164384,0.0003246103853549766
2012-07-15,15,c0012_0050,0.013293957706462918,0.013016438356164384,0.00027751935029853307
2012-07-15,16,c0013_0052,0.013234232524980275,0.013016438356164384,0.00021779416881589106
2012-07-15,17,c0012_0029,0.013226232110383708,0.013016438356164384,0.00020979375421932445
2012-07-15,18,c0027_0051,0.011508985749275766,0.010413698630136985,0.0010952871191387803
2012-07-15,19,c0031_0046,0.011187354876812328,0.010413698630136985,0.0007736562466753424
2012-07-15,20,c0020_0018,0.011186878626989083,0.010413698630136985,0.0007731799968520971
2012-07-16,1,c0012_0045,0.024212199307517175,0.023427397260273968,0.0007848020472432062
2012-07-16,2,c0029_0055,0.02156895549602843,0.020824657534246574,0.0007442979617818563
2012-07-16,3,c0015_0045,0.018901887932357964,0.018221917808219176,0.0006799701241387869
2012-07-16,4,c0017_0017,0.018901462524398404,0.018221917808219176,0.0006795447161792278
2012-07-16,5,c0029_0046,0.014239683818112626,0.013016438356164384,0.0012232454619482422
2012-07-16,6,c0023_0050,0.014034212872172774,0.013016438356164384,0.0010177745160083902
2012-07-16,7,c0016_0049,0.013911274602350403,0.013016438356164384,0.0008948362461860184
2012-07-16,8,c0031_0060,0.013775474356164023,0.013016438356164384,0.0007590359999996392
2012-07-16,9,c0009_0027,0.013643758487538724,0.013016438356164384,0.0006273201313743383
2012-07-16,10,c0013_0056,0.013618561325725977,0.013016438356164384,0.0006021229695615931
2012-07-16,11,c0010_0056,0.013602443598694225,0.013016438356164384,0.0005860052425298414
2012-07-16,12,c0021_0048,0.013581037788498725,0.013016438356164384,0.0005645994323343418
2012-07-16,13,c0013_0025,0.013526026457707297,0.013016438356164384,0.0005095881015429136
2012-07-16,14,c0017_0040,0.013337461923130038,0.013016438356164384,0.0003210235669656542
2012-07-16,15,c0012_0050,0.013290891225678714,0.013016438356164384,0.00027445286951433066
2012-07-16,16,c0013_0052,0.013231825984200807,0.013016438356164384,0.00021538762803642169
2012-07-16,17,c0012_0029,0.013223913971071019,0.013016438356164384,0.00020747561490663441
2012-07-16,18,c0027_0051,0.0114968832529979,0.010413698630136985,0.0010831846228609157
2012-07-16,19,c0031_0046,0.01117880627646624,0.010413698630136985,0.0007651076463292547
2012-07-16,20,c0020_0018,0.01117833528901814,0.010413698630136985,0.0007646366588811551
2012-07-17,1,c0012_0045,0.024203527550413804,0.023427397260273968,0.000776130290139836
2012-07-17,2,c0029_0055,0.021560731293301414,0.020824657534246574,0.0007360737590548398
2012-07-17,3,c0015_0045,0.018894374527194467,0.018221917808219176,0.00067245671897529
2012-07-17,4,c0017_0017,0.018893953819827253,0.018221917808219176,0.0006720360116080753
2012-07-17,5,c0029_0046,0.014226167431960122,0.013016438356164384,0.0012097290757957378
2012-07-17,6,c0023_0050,0.014022966859984316,0.013016438356164384,0.001006528503819931
2012-07-17,7,c0016_0049,0.01390138701018436,0.013016438356164384,0.0008849486540199751
2012-07-17,8,c0031_0060,0.01376708730385213,0.013016438356164384,0.0007506489476877448
2012-07-17,9,c0009_0027,0.013636826844298951,0.013016438356164384,0.0006203884881345663
2012-07-17,10,c0013_0056,0.013611908101315134,0.013016438356164384,0.00059546974515075
2012-07-17,11,c0010_0056,0.01359596846889255,0.013016438356164384,0.000579530112728166
2012-07-17,12,c0021_0048,0.013574799184566558,0.013016438356164384,0.0005583608284021748
2012-07-17,13,c0013_0025,0.0135203957075648,0.013016438356164384,0.0005039573514004152
2012-07-17,14,c0017_0040,0.013333914737687592,0.013016438356164384,0.0003174763815232073
2012-07-17,15,c0012_0050,0.013287858628313417,0.013016438356164384,0.00027142027214903137
2012-07-17,16,c0013_0052,0.013229446034760098,0.013016438356164384,0.00021300767859571378
2012-07-17,17,c0012_0029,0.013221621446295297,0.013016438356164384,0.000205183090130912
2012-07-17,18,c0027_0051,0.011484914484592478,0.010413698630136985,0.001071215854455493
2012-07-17,19,c0031_0046,0.011170352134826058,0.010413698630136985,0.0007566535046890731
2012-07-17,20,c0020_0018,0.011169886351605908,0.010413698630136985,0.0007561877214689225
2012-07-18,1,c0012_0045,0.024194951612850565,0.023427397260273968,0.0007675543525765956
2012-07-18,2,c0029_0055,0.0215525979648129,0.020824657534246574,0.0007279404305663245
2012-07-18,3,c0029_0046,0.016815540122640152,0.01561917808219178,0.001196362040448372
2012-07-18,4,c0015_0045,0.016275290921827536,0.01561917808219178,0.0006561128396357545
2012-07-18,5,c0017_0017,0.016274542825334203,0.01561917808219178,0.0006553647431424244
2012-07-18,6,c0016_0049,0.01389160867206257,0.013016438356164384,0.0008751703158981866
2012-07-18,7,c0020_0018,0.01376427049769036,0.013016438356164384,0.0007478321415259748
2012-07-18,8,c0031_0060,0.013758792925203253,0.013016438356164384,0.0007423545690388685
2012-07-18,9,c0009_0027,0.013629971793018532,0.013016438356164384,0.0006135334368541472
2012-07-18,10,c0013_0056,0.013605328392443971,0.013016438356164384,0.0005888900362795869
2012-07-18,11,c0010_0056,0.013589564886754455,0.013016438356164384,0.0005731265305900704
2012-07-18,12,c0021_0048,0.013568629514779192,0.013016438356164384,0.0005521911586148079
2012-07-18,13,c0013_0025,0.013514827175019358,0.013016438356164384,0.0004983888188549747
2012-07-18,14,c0012_0050,0.01328485953996843,0.013016438356164384,0.00026842118380404704
2012-07-18,15,c0013_0052,0.01322709238283421,0.013016438356164384,0.00021065402666982586
2012-07-18,16,c0027_0051,0.011473077966418565,0.010413698630136985,0.0010593793362815808
2012-07-18,17,c0023_0050,0.011399647720010682,0.010413698630136985,0.0009859490898736973
2012-07-18,18,c0009_0057,0.01138937483491636,0.010413698630136985,0.0009756762047793752
2012-07-18,19,c0031_0046,0.011161991408159854,0.010413698630136985,0.0007482927780228692
2012-07-18,20,c0017_0051,0.011096917849534257,0.010413698630136985,0.0006832192193972709
2012-07-19,1,c0012_0045,0.024186470436058836,0.023427397260273968,0.0007590731757848687
2012-07-19,2,c0029_0055,0.021544554506437927,0.020824657534246574,0.0007198969721913521
2012-07-19,3,c0029_0046,0.01680232078782967,0.01561917808219178,0.001183142705637889
2012-07-19,4,c0015_0045,0.016268041130370302,0.01561917808219178,0.0006488630481785204
2012-07-19,5,c0017_0017,0.01626730130005199,0.01561917808219178,0.000648123217860212
2012-07-19,6,c0016_0049,0.01388193838077038,0.013016438356164384,0.0008655000246059968
2012-07-19,7,c0020_0018,0.013756007243653005,0.013016438356164384,0.0007395688874886204
2012-07-19,8,c0031_0060,0.013750590196209495,0.013016438356164384,0.0007341518400451109
2012-07-19,9,c0009_0027,0.01362319248738613,0.013016438356164384,0.000606754131221747
2012-07-19,10,c0013_0056,0.013598821386794394,0.013016438356164384,0.0005823830306300095
2012-07-19,11,c0010_0056,0.01358323206170611,0.013016438356164384,0.0005667937055417252
2012-07-19,12,c0021_0048,0.01356252801744116,0.013016438356164384,0.0005460896612767762
2012-07-19,13,c0013_0025,0.013509320172590749,0.013016438356164384,0.0004928818164263653
2012-07-19,14,c0012_0050,0.013281893590382132,0.013016438356164384,0.00026545523421774784
2012-07-19,15,c0013_0052,0.013224764737845842,0.013016438356164384,0.0002083263816814566
2012-07-19,16,c0027_0051,0.01146137223716259,0.010413698630136985,0.0010476736070256065
2012-07-19,17,c0023_0050,0.011388753366391566,0.010413698630136985,0.0009750547362545815
2012-07-19,18,c0009_0057,0.011378593992678364,0.010413698630136985,0.0009648953625413798
2012-07-19,19,c0031_0046,0.011153723064268532,0.010413698630136985,0.0007400244341315472
2012-07-19,20,c0017_0051,0.011089368543133006,0.010413698630136985,0.0006756699129960207
2012-07-20,1,c0012_0045,0.024178082972968987,0.023427397260273968,0.0007506857126950201
2012-07-20,2,c0029_0055,0.021536599925146727,0.020824657534246574,0.0007119423909001536
2012-07-20,3,c0029_0046,0.016789247521522634,0.01561917808219178,0.001170069439330855
2012-07-20,4,c0015_0045,0.01626087144628637,0.01561917808219178,0.0006416933640945888
2012-07-20,5,c0017_0017,0.016260139790805067,0.01561917808219178,0.0006409617086132862
2012-07-20,6,c0016_0049,0.013872374942432384,0.013016438356164384,0.000855936586268
2012-07-20,7,c0020_0018,0.013747835295355929,0.013016438356164384,0.0007313969391915442
2012-07-20,8,c0031_0060,0.013742478104177846,0.013016438356164384,0.0007260397480134621
2012-07-20,9,c0009_0027,0.013616488090441827,0.013016438356164384,0.0006000497342774424
2012-07-20,10,c0013_0056,0.013592386281024106,0.013016438356164384,0.0005759479248597222
2012-07-20,11,c0010_0056,0.013576969211909219,0.013016438356164384,0.0005605308557448339
2012-07-20,12,c0021_0048,0.013556493939273438,0.013016438356164384,0.0005400555831090541
2012-07-20,13,c0013_0025,0.013503874020395134,0.013016438356164384,0.00048743566423074965
2012-07-20,14,c0012_0050,0.013278960413384135,0.013016438356164384,0.0002625220572197511
2012-07-20,15,c0013_0052,0.013222462812428455,0.013016438356164384,0.00020602445626407076
2012-07-20,16,c0027_0051,0.011449795851657927,0.010413698630136985,0.0010360972215209415
2012-07-20,17,c0023_0050,0.011377979391138836,0.010413698630136985,0.0009642807610018512
2012-07-20,18,c0009_0057,0.011367932274550184,0.010413698630136985,0.0009542336444131979
2012-07-20,19,c0031_0046,0.011145546082358394,0.010413698630136985,0.0007318474522214082
2012-07-20,20,c0017_0051,0.01108190265362859,0.010413698630136985,0.0006682040234916055
2012-07-21,1,c0012_0045,0.024169788188081093,0.023427397260273968,0.0007423909278071256
2012-07-21,2,c0029_0055,0.021528733238882127,0.020824657534246574,0.0007040757046355529
2012-07-21,3,c0029_0046,0.016776318709718952,0.01561917808219178,0.0011571406275271703
2012-07-21,4,c0015_0045,0.01625378098442045,0.01561917808219178,0.0006346029022286702
2012-07-21,5,c0017_0017,0.01625305741344739,0.01561917808219178,0.0006338793312556071
2012-07-21,6,c0016_0049,0.013862917176365034,0.013016438356164384,0.0008464788202006495
2012-07-21,7,c0020_0018,0.013739753643906245,0.013016438356164384,0.000723315287741861
2012-07-21,8,c0031_0060,0.013734455647605158,0.013016438356164384,0.0007180172914407747
2012-07-21,9,c0009_0027,0.013609857774473776,0.013016438356164384,0.0005934194183093913
2012-07-21,10,c0013_0056,0.013586022280667433,0.013016438356164384,0.000569583924503049
2012-07-21,11,c0010_0056,0.013570775564164493,0.013016438356164384,0.0005543372080001089
2012-07-21,12,c0021_0048,0.01355052653532044,0.013016438356164384,0.0005340881791560553
2012-07-21,13,c0013_0025,0.013498488046061127,0.013016438356164384,0.0004820496898967414
2012-07-21,14,c0012_0050,0.0132760596468501,0.013016438356164384,0.0002596212906857142
2012-07-21,15,c0013_0052,0.013220186322390805,0.013016438356164384,0.00020374796622642144
2012-07-21,16,c0027_0051,0.011438347380706471,0.010413698630136985,0.001024648750569486
2012-07-21,17,c0023_0050,0.011367324464118405,0.010413698630136985,0.0009536258339814205
2012-07-21,18,c0009_0057,0.011357388364256775,0.010413698630136985,0.0009436897341197904
2012-07-21,19,c0031_0046,0.011137459452915112,0.010413698630136985,0.000723760822778127
2012-07-21,20,c0017_0051,0.011074519259296773,0.010413698630136985,0.0006608206291597885
2012-07-22,1,c0012_0045,0.0241615850573371,0.023427397260273968,0.0007341877970631331
2012-07-22,2,c0029_0055,0.021520953476438297,0.020824657534246574,0.0006962959421917226
2012-07-22,3,c0029_0046,0.01676353275625259,0.01561917808219178,0.001144354674060809
2012-07-22,4,c0015_0045,0.01624676886939788,0.01561917808219178,0.0006275907872060965
2012-07-22,5,c0017_0017,0.016246053293602385,0.01561917808219178,0.0006268752114106037
2012-07-22,6,c0016_0049,0.013853563914930877,0.013016438356164384,0.0008371255587664924
2012-07-22,7,c0020_0018,0.013731761291558942,0.013016438356164384,0.0007153229353945587
2012-07-22,8,c0031_0060,0.013726521836054505,0.013016438356164384,0.0007100834798901217
2012-07-22,9,c0009_0027,0.01360330072091603,0.013016438356164384,0.0005868623647516455
2012-07-22,10,c0013_0056,0.013579728600037234,0.013016438356164384,0.0005632902438728503
2012-07-22,11,c0010_0056,0.013564650353816198,0.013016438356164384,0.0005482119976518136
2012-07-22,12,c0021_0048,0.013544625068858047,0.013016438356164384,0.000528186712693663
2012-07-22,13,c0013_0025,0.01349316158464678,0.013016438356164384,0.000476723228482397
2012-07-22,14,c0012_0050,0.013273190932657011,0.013016438356164384,0.0002567525764926276
2012-07-22,15,c0013_0052,0.01321793498668185,0.013016438356164384,0.00020149663051746445
2012-07-22,16,c0027_0051,0.011427025410902208,0.010413698630136985,0.0010133267807652243
2012-07-22,17,c0023_0050,0.011356787269893653,0.010413698630136985,0.000943088639756667
2012-07-22,18,c0009_0057,0.01134696096006743,0.010413698630136985,0.0009332623299304449
2012-07-22,19,c0031_0046,0.011129462177579104,0.010413698630136985,0.0007157635474421182
2012-07-22,20,c0017_0051,0.011067217448598012,0.010413698630136985,0.0006535188184610274
2012-07-23,1,c0012_0045,0.0241534725679944,0.023427397260273968,0.0007260753077204329
2012-07-23,2,c0029_0055,0.021513259677340857,0.020824657534246574,0.0006886021430942825
2012-07-23,3,c0029_0046,0.016750888082594537,0.01561917808219178,0.0011317100004027564
2012-07-23,4,c0015_0045,0.016239834235516528,0.01561917808219178,0.0006206561533247482
2012-07-23,5,c0017_0017,0.016239126566555007,0.01561917808219178,0.0006199484843632264
2012-07-23,6,c0016_0049,0.0138443140033944,0.013016438356164384,0.0008278756472300146
2012-07-23,7,c0020_0018,0.013723857251593705,0.013016438356164384,0.0007074188954293201
2012-07-23,8,c0031_0060,0.013718675690032904,0.013016438356164384,0.0007022373338685191
2012-07-23,9,c0009_0027,0.013596816120247476,0.013016438356164384,0.0005803777640830917
2012-07-23,10,c0013_0056,0.013573504462127909,0.013016438356164384,0.0005570661059635239
2012-07-23,11,c0010_0056,0.013558592824657744,0.013016438356164384,0.00054215446849336
2012-07-23,12,c0021_0048,0.01353878881130266,0.013016438356164384,0.0005223504551382751
2012-07-23,13,c0013_0025,0.013487893978557507,0.013016438356164384,0.0004714556223931219
2012-07-23,14,c0012_0050,0.013270353916638986,0.013016438356164384,0.0002539155604746017
2012-07-23,15,c0013_0052,0.013215708527356044,0.013016438356164384,0.0001992701711916601
2012-07-23,16,c0027_0051,0.011415828544456712,0.010413698630136985,0.0010021299143197259
2012-07-23,17,c0023_0050,0.011346366507563016,0.010413698630136985,0.0009326678774260316
2012-07-23,18,c0009_0057,0.011336648774635052,0.010413698630136985,0.0009229501444980664
2012-07-23,19,c0031_0046,0.011121553269022267,0.010413698630136985,0.0007078546388852816
2012-07-23,20,c0017_0051,0.011059996320064922,0.010413698630136985,0.0006462976899279372
2012-07-24,1,c0012_0045,0.024145449718500793,0.023427397260273968,0.0007180524582268264
2012-07-24,2,c0029_0055,0.021505650891728293,0.020824657534246574,0.0006809933574817199
2012-07-24,3,c0029_0046,0.01673838312765791,0.01561917808219178,0.001119205045466131
2012-07-24,4,c0015_0045,0.01623297622663996,0.01561917808219178,0.0006137981444481781
2012-07-24,5,c0017_0017,0.016232276377144972,0.01561917808219178,0.0006130982949531898
2012-07-24,6,c0016_0049,0.013835166299779465,0.013016438356164384,0.0008187279436150809
2012-07-24,7,c0020_0018,0.013716040548193087,0.013016438356164384,0.0006996021920287027
2012-07-24,8,c0031_0060,0.013710916240870383,0.013016438356164384,0.0006944778847059979
2012-07-24,9,c0009_0027,0.013590403171891894,0.013016438356164384,0.0005739648157275099
2012-07-24,10,c0013_0056,0.013567349098519461,0.013016438356164384,0.0005509107423550763
2012-07-24,11,c0010_0056,0.013552602228838332,0.013016438356164384,0.0005361638726739478
2012-07-24,12,c0021_0048,0.013533017042121238,0.013016438356164384,0.0005165786859568545
2012-07-24,13,c0013_0025,0.013482684577464871,0.013016438356164384,0.0004662462213004863
2012-07-24,14,c0012_0050,0.013267548248543527,0.013016438356164384,0.00025110989237914184
2012-07-24,15,c0013_0052,0.013213506669539044,0.013016438356164384,0.0001970683133746588
2012-07-24,16,c0027_0051,0.011404755399026563,0.010413698630136985,0.000991056768889578
2012-07-24,17,c0023_0050,0.011336060890599395,0.010413698630136985,0.0009223622604624102
2012-07-24,18,c0009_0057,0.01132645053483723,0.010413698630136985,0.0009127519047002447
2012-07-24,19,c0031_0046,0.011113731750826094,0.010413698630136985,0.0007000331206891081
2012-07-24,20,c0017_0051,0.01105285498219098,0.010413698630136985,0.0006391563520539961
2012-07-25,1,c0012_0045,0.024137515518370845,0.023427397260273968,0.0007101182580968779
2012-07-25,2,c0029_0055,0.021498126180234695,0.020824657534246574,0.0006734686459881221
2012-07-25,3,c0029_0046,0.016726016347605233,0.01561917808219178,0.001106838265413452
2012-07-25,4,c0015_0045,0.01622619399609169,0.01561917808219178,0.0006070159138999127
2012-07-25,5,c0017_0017,0.016225501879661177,0.01561917808219178,0.0006063237974693972
2012-07-25,6,c0016_0049,0.013826119674728332,0.013016438356164384,0.0008096813185639468
2012-07-25,7,c0020_0018,0.013708310216322052,0.013016438356164384,0.000691871860157667
2012-07-25,8,c0031_0060,0.013703242530600401,0.013016438356164384,0.0006868041744360161
2012-07-25,9,c0009_0027,0.01358406108411912,0.013016438356164384,0.0005676227279547352
2012-07-25,10,c0010_0056,0.013546677826770622,0.013016438356164384,0.000530239470606238
2012-07-25,11,c0021_0048,0.013527309048742359,0.013016438356164384,0.0005108706925779743
2012-07-25,12,c0013_0025,0.01347753273822632,0.013016438356164384,0.00046109438206193634
2012-07-25,13,c0012_0050,0.013264773581988291,0.013016438356164384,0.00024833522582390724
2012-07-25,14,c0013_0052,0.01321132914139375,0.013016438356164384,0.00019489078522936544
2012-07-25,15,c0023_0022,0.01142875679120465,0.010413698630136985,0.0010150581610676658
2012-07-25,16,c0027_0051,0.01139380460754271,0.010413698630136985,0.000980105977405725
2012-07-25,17,c0023_0050,0.011325869146691307,0.010413698630136985,0.0009121705165543228
2012-07-25,18,c0009_0057,0.011316364981619061,0.010413698630136985,0.000902666351482076
2012-07-25,19,c0029_0054,0.011233797920029027,0.010413698630136985,0.0008200992898920426
2012-07-25,20,c0020_0050,0.01110656736488555,0.010413698630136985,0.0006928687347485652
2012-07-26,1,c0012_0045,0.024129668988063596,0.023427397260273968,0.0007022717277896294
2012-07-26,2,c0029_0055,0.021490684613873778,0.020824657534246574,0.0006660270796272043
2012-07-26,3,c0029_0046,0.016713786215657823,0.01561917808219178,0.001094608133466043
2012-07-26,4,c0015_0045,0.016219486706550705,0.01561917808219178,0.0006003086243589247
2012-07-26,5,c0017_0017,0.01621880223773731,0.01561917808219178,0.0005996241555455298
2012-07-26,6,c0016_0049,0.013817173011362215,0.013016438356164384,0.0008007346551978314
2012-07-26,7,c0020_0018,0.01370066530160882,0.013016438356164384,0.0006842269454444351
2012-07-26,8,c0031_0060,0.013695653611841574,0.013016438356164384,0.0006792152556771892
2012-07-26,9,c0009_0027,0.013577789073947298,0.013016438356164384,0.0005613507177829136
2012-07-26,10,c0010_0056,0.013540818887039428,0.013016438356164384,0.0005243805308750423
2012-07-26,11,c0021_0048,0.013521664126468227,0.013016438356164384,0.0005052257703038435
2012-07-26,12,c0013_0025,0.013472437824805776,0.013016438356164384,0.0004559994686413925
2012-07-26,13,c0012_0050,0.013262029574418332,0.013016438356164384,0.00024559121825394717
2012-07-26,14,c0013_0052,0.013209175674086764,0.013016438356164384,0.00019273731792237919
2012-07-26,15,c0023_0022,0.011417540793680826,0.010413698630136985,0.0010038421635438412
2012-07-26,16,c0027_0051,0.011382974818041677,0.010413698630136985,0.0009692761879046922
2012-07-26,17,c0023_0050,0.011315790017585821,0.010413698630136985,0.0009020913874488358
2012-07-26,18,c0009_0057,0.011306390869837708,0.010413698630136985,0.0008926922397007237
2012-07-26,19,c0029_0054,0.01122473614213539,0.010413698630136985,0.0008110375119984048
2012-07-26,20,c0020_0050,0.011098911435096165,0.010413698630136985,0.000685212804959181
2012-07-27,1,c0012_0045,0.024121909158861636,0.023427397260273968,0.0006945118985876695
2012-07-27,2,c0029_0055,0.021483325273924193,0.020824657534246574,0.0006586677396776178
2012-07-27,3,c0029_0046,0.016701691221907317,0.01561917808219178,0.0010825131397155373
2012-07-27,4,c0015_0045,0.01621285352994804,0.01561917808219178,0.0005936754477562577
2012-07-27,5,c0017_0017,0.01621217662424857,0.01561917808219178,0.0005929985420567912
2012-07-27,6,c0016_0049,0.013808325205143414,0.013016438356164384,0.0007918868489790303
2012-07-27,7,c0020_0018,0.01369310486022705,0.013016438356164384,0.0006766665040626654
2012-07-27,8,c0031_0060,0.013688148547680712,0.013016438356164384,0.0006717101915163273
2012-07-27,9,c0009_0027,0.01357158636704622,0.013016438356164384,0.0005551480108818352
2012-07-27,10,c0010_0056,0.013535024686311412,0.013016438356164384,0.0005185863301470269
2012-07-27,11,c0021_0048,0.013516081578387693,0.013016438356164384,0.0004996432222233077
2012-07-27,12,c0013_0025,0.013467399208195112,0.013016438356164384,0.00045096085203072693
2012-07-27,13,c0012_0050,0.013259315887063795,0.013016438356164384,0.0002428775308994097
2012-07-27,14,c0013_0052,0.013207046001755188,0.013016438356164384,0.00019060764559080336
2012-07-27,15,c0023_0022,0.01140644872856332,0.010413698630136985,0.000992750098426335
2012-07-27,16,c0027_0051,0.01137226469349866,0.010413698630136985,0.0009585660633616742
2012-07-27,17,c0023_0050,0.011305822258933205,0.010413698630136985,0.0008921236287962207
2012-07-27,18,c0009_0057,0.01129652696810868,0.010413698630136985,0.000882828337971694
2012-07-27,19,c0029_0054,0.011215774493359781,0.010413698630136985,0.0008020758632227969
2012-07-27,20,c0020_0050,0.011091340100350547,0.010413698630136985,0.0006776414702135625
2012-07-28,1,c0012_0045,0.024114235072751504,0.023427397260273968,0.0006868378124775369
2012-07-28,2,c0029_0055,0.0214760472518161,0.020824657534246574,0.0006513897175695279
2012-07-28,3,c0029_0046,0.016689729873129246,0.01561917808219178,0.0010705517909374664
2012-07-28,4,c0015_0045,0.016206293647364575,0.01561917808219178,0.0005871155651727946
2012-07-28,5,c0017_0017,0.016205624221209573,0.01561917808219178,0.0005864461390177919
2012-07-28,6,c0016_0049,0.013799575163738934,0.013016438356164384,0.0007831368075745494
2012-07-28,7,c0020_0018,0.013685627958779315,0.013016438356164384,0.0006691896026149306
2012-07-28,8,c0031_0060,0.013680726411557152,0.013016438356164384,0.000664288055392767
2012-07-28,9,c0009_0027,0.013565452197641721,0.013016438356164384,0.0005490138414773375
2012-07-28,10,c0010_0056,0.013529294509245794,0.013016438356164384,0.0005128561530814088
2012-07-28,11,c0021_0048,0.013510560715290195,0.013016438356164384,0.0004941223591258099
2012-07-28,12,c0013_0025,0.01346241626633649,0.013016438356164384,0.00044597791017210626
2012-07-28,13,c0012_0050,0.013256632184898103,0.013016438356164384,0.00024019382873371784
2012-07-28,14,c0013_0052,0.013204939861473808,0.013016438356164384,0.00018850150530942296
2012-07-28,15,c0023_0022,0.011395479226447288,0.010413698630136985,0.0009817805963103037
2012-07-28,16,c0027_0051,0.011361672911662455,0.010413698630136985,0.0009479742815254706
2012-07-28,17,c0023_0050,0.011295964640133315,0.010413698630136985,0.000882266009996329
2012-07-28,18,c0009_0057,0.011286772058653798,0.010413698630136985,0.0008730734285168131
2012-07-28,19,c0029_0054,0.011206911867314429,0.010413698630136985,0.0007932132371774435
2012-07-28,20,c0020_0050,0.011083852425906393,0.010413698630136985,0.0006701537957694084
2012-07-29,1,c0012_0045,0.024106645782305414,0.023427397260273968,0.0006792485220314461
2012-07-29,2,c0029_0055,0.021468849649019017,0.020824657534246574,0.0006441921147724429
2012-07-29,3,c0029_0046,0.016677900692598693,0.01561917808219178,0.0010587226104069132
2012-07-29,4,c0015_0045,0.016199806248929936,0.01561917808219178,0.0005806281667381565
2012-07-29,5,c0017_0017,0.016199144219673344,0.01561917808219178,0.0005799661374815629
2012-07-29,6,c0016_0049,0.013790921806885634,0.013016438356164384,0.00077448345072125
2012-07-29,7,c0020_0018,0.013678233674181865,0.013016438356164384,0.0006617953180174806
2012-07-29,8,c0031_0060,0.013673386287148363,0.013016438356164384,0.0006569479309839798
2012-07-29,9,c0009_0027,0.01355938580842115,0.013016438356164384,0.0005429474522567648
2012-07-29,10,c0010_0056,0.013523627648406027,0.013016438356164384,0.0005071892922416426
2012-07-29,11,c0021_0048,0.013505100855580685,0.013016438356164384,0.000488662499416301
2012-07-29,12,c0013_0025,0.013457488384045578,0.013016438356164384,0.0004410500278811945
2012-07-29,13,c0012_0050,0.013253978136596593,0.013016438356164384,0.000237539780432208
2012-07-29,14,c0013_0052,0.013202856993222628,0.013016438356164384,0.00018641863705824423
2012-07-29,15,c0023_0022,0.011384630933059279,0.010413698630136985,0.0009709323029222941
2012-07-29,16,c0027_0051,0.011351198164892225,0.010413698630136985,0.0009374995347552405
2012-07-29,17,c0023_0050,0.01128621594418365,0.010413698630136985,0.000872517314046665
2012-07-29,18,c0009_0057,0.011277124937150867,0.010413698630136985,0.0008634263070138819
2012-07-29,19,c0029_0054,0.011198147169836711,0.010413698630136985,0.0007844485396997252
2012-07-29,20,c0021_0046,0.011169007674769596,0.010413698630136985,0.0007553090446326102
2012-07-30,1,c0012_0045,0.024099140350564287,0.023427397260273968,0.00067174309029032
2012-07-30,2,c0029_0055,0.021461731576930855,0.020824657534246574,0.0006370740426842825
2012-07-30,3,c0029_0046,0.016666202219907975,0.01561917808219178,0.0010470241377161945
2012-07-30,4,c0015_0045,0.016193390533722495,0.01561917808219178,0.0005742124515307162
2012-07-30,5,c0017_0017,0.016192735819631463,0.01561917808219178,0.0005735577374396842
2012-07-30,6,c0016_0049,0.013782364066256865,0.013016438356164384,0.0007659257100924806
2012-07-30,7,c0020_0018,0.013670921093550666,0.013016438356164384,0.0006544827373862826
2012-07-30,8,c0031_0060,0.013666127268256828,0.013016438356164384,0.0006496889120924436
2012-07-30,9,c0009_0027,0.013553386450439854,0.013016438356164384,0.0005369480942754708
2012-07-30,10,c0010_0056,0.013518023404172465,0.013016438356164384,0.0005015850480080814
2012-07-30,11,c0021_0048,0.013499701325195476,0.013016438356164384,0.00048326296903109195
2012-07-30,12,c0013_0025,0.013452614952935586,0.013016438356164384,0.0004361765967712026
2012-07-30,13,c0012_0050,0.01325135341449561,0.013016438356164384,0.0002349150583312249
2012-07-30,14,c0013_0052,0.013200797139854777,0.013016438356164384,0.00018435878369039304
2012-07-30,15,c0023_0022,0.011373902509090032,0.010413698630136985,0.0009602038789530474
2012-07-30,16,c0027_0051,0.011340839159996051,0.010413698630136985,0.0009271405298590663
2012-07-30,17,c0023_0050,0.011276574967529122,0.010413698630136985,0.0008628763373921371
2012-07-30,18,c0009_0057,0.011267584412584977,0.010413698630136985,0.0008538857824479922
2012-07-30,19,c0029_0054,0.011189479318854077,0.010413698630136985,0.0007757806887170921
2012-07-30,20,c0021_0046,0.011160661803863626,0.010413698630136985,0.0007469631737266404
2012-07-31,1,c0012_0045,0.02409171785092208,0.023427397260273968,0.0006643205906481142
2012-07-31,2,c0029_0055,0.02145469215676825,0.020824657534246574,0.000630034622521674
2012-07-31,3,c0029_0046,0.016654633010786346,0.01561917808219178,0.001035454928594564
2012-07-31,4,c0015_0045,0.0161870457096705,0.01561917808219178,0.0005678676274787193
2012-07-31,5,c0017_0017,0.016186398229915296,0.01561917808219178,0.0005672201477235169
2012-07-31,6,c0016_0049,0.013773900885330566,0.013016438356164384,0.0007574625291661825
2012-07-31,7,c0020_0018,0.013663689314088701,0.013016438356164384,0.0006472509579243161
2012-07-31,8,c0031_0060,0.013658948458698151,0.013016438356164384,0.000642510102533767
2012-07-31,9,c0009_0027,0.013547453383028742,0.013016438356164384,0.0005310150268643566
2012-07-31,10,c0010_0056,0.013512481084655987,0.013016438356164384,0.0004960427284916028
2012-07-31,11,c0021_0048,0.013494361457519019,0.013016438356164384,0.00047792310135463513
2012-07-31,12,c0013_0025,0.013447795371342164,0.013016438356164384,0.0004313570151777789
2012-07-31,13,c0012_0050,0.013248757694552053,0.013016438356164384,0.00023231933838766935
2012-07-31,14,c0013_0052,0.013198760047064752,0.013016438356164384,0.00018232169090036818
2012-07-31,15,c0023_0022,0.011363292630029135,0.010413698630136985,0.0009495939998921505
2012-07-31,16,c0027_0051,0.011330594618071281,0.010413698630136985,0.0009168959879342969
2012-07-31,17,c0023_0050,0.011267040519913453,0.010413698630136985,0.0008533418897764678
2012-07-31,18,c0009_0057,0.011258149307101473,0.010413698630136985,0.0008444506769644874
2012-07-31,19,c0029_0054,0.01118090724425046,0.010413698630136985,0.0007672086141134755
2012-07-31,20,c0021_0046,0.01115240815158217,0.010413698630136985,0.0007387095214451846
2012-08-01,1,c0012_0045,0.021472169753035016,0.020824657534246574,0.0006475122187884424
2012-08-01,2,c0029_0055,0.021447730519458034,0.020824657534246574,0.000623072985211459
2012-08-01,3,c0029_0046,0.016643191636921684,0.01561917808219178,0.0010240135547299046
2012-08-01,4,c0015_0045,0.016180770993454274,0.01561917808219178,0.0005615929112624957
2012-08-01,5,c0017_0017,0.01618013066809831,0.01561917808219178,0.0005609525859065282
2012-08-01,6,c0016_0049,0.01376553121925884,0.013016438356164384,0.0007490928630944555
2012-08-01,7,c0021_0046,0.013746985424972727,0.013016438356164384,0.0007305470688083424
2012-08-01,8,c0020_0018,0.0136565374429745,0.013016438356164384,0.0006400990868101165
2012-08-01,9,c0031_0060,0.013651848972190432,0.013016438356164384,0.0006354106160260466
2012-08-01,10,c0009_0027,0.013541585873702812,0.013016438356164384,0.0005251475175384279
2012-08-01,11,c0010_0056,0.013507000005612575,0.013016438356164384,0.00049056164944819
2012-08-01,12,c0021_0048,0.01348908059330161,0.013016438356164384,0.0004726422371372252
2012-08-01,13,c0013_0025,0.013443029044249113,0.013016438356164384,0.00042659068808472886
2012-08-01,14,c0012_0050,0.013246190656303376,0.013016438356164384,0.00022975230013899212
2012-08-01,15,c0013_0052,0.01319674546335703,0.013016438356164384,0.0001803071071926453
2012-08-01,16,c0023_0033,0.011414175462157602,0.010413698630136985,0.0010004768320206181
2012-08-01,17,c0023_0022,0.0113527999860015,0.010413698630136985,0.0009391013558645149
2012-08-01,18,c0027_0051,0.011320463274346644,0.010413698630136985,0.0009067646442096582
2012-08-01,19,c0023_0050,0.011257611424232233,0.010413698630136985,0.0008439127940952491
2012-08-01,20,c0009_0057,0.01124881845586053,0.010413698630136985,0.0008351198257235462
2012-08-02,1,c0012_0045,0.021465014995089977,0.020824657534246574,0.0006403574608434015
2012-08-02,2,c0029_0055,0.021440845805529973,0.020824657534246574,0.0006161882712833987
2012-08-02,3,c0029_0046,0.016631876685784173,0.01561917808219178,0.0010126986035923927
2012-08-02,4,c0015_0045,0.016174565610409534,0.01561917808219178,0.0005553875282177523
2012-08-02,5,c0017_0017,0.016173932360399473,0.01561917808219178,0.0005547542782076934
2012-08-02,6,c0016_0049,0.013757254034738944,0.013016438356164384,0.0007408156785745605
2012-08-02,7,c0021_0046,0.013738913164259929,0.013016438356164384,0.0007224748080955442
2012-08-02,8,c0020_0018,0.013649464597251934,0.013016438356164384,0.0006330262410875489
2012-08-02,9,c0031_0060,0.013644827932244833,0.013016438356164384,0.0006283895760804498
2012-08-02,10,c0009_0027,0.01353578319807075,0.013016438356164384,0.0005193448419063652
2012-08-02,11,c0010_0056,0.01350157949035884,0.013016438356164384,0.0004851411341944562
2012-08-02,12,c0021_0048,0.013483858080577994,0.013016438356164384,0.0004674197244136092
2012-08-02,13,c0013_0025,0.01343831538321494,0.013016438356164384,0.0004218770270505548
2012-08-02,14,c0012_0050,0.013243651982828016,0.013016438356164384,0.00022721362666363034
2012-08-02,15,c0013_0052,0.013194753140015012,0.013016438356164384,0.00017831478385062755
2012-08-02,16,c0023_0033,0.011403120582643325,0.010413698630136985,0.0009894219525063406
2012-08-02,17,c0023_0022,0.011342423281605648,0.010413698630136985,0.0009287246514686623
2012-08-02,18,c0027_0051,0.011310443878026091,0.010413698630136985,0.0008967452478891064
2012-08-02,19,c0023_0050,0.011248286516387604,0.010413698630136985,0.0008345878862506185
2012-08-02,20,c0009_0057,0.011239590706893359,0.010413698630136985,0.0008258920767563737
2012-08-03,1,c0012_0045,0.021457939294434923,0.020824657534246574,0.0006332817601883495
2012-08-03,2,c0029_0055,0.02143403716501064,0.020824657534246574,0.000609379630764066
2012-08-03,3,c0029_0046,0.016620686760451888,0.01561917808219178,0.0010015086782601081
2012-08-03,4,c0015_0045,0.016168428794431717,0.01561917808219178,0.0005492507122399355
2012-08-03,5,c0017_0017,0.01616780254158775,0.01561917808219178,0.0005486244593959673
2012-08-03,6,c0016_0049,0.013749068309885737,0.013016438356164384,0.0007326299537213529
2012-08-03,7,c0021_0046,0.013730930098885525,0.013016438356164384,0.0007144917427211402
2012-08-03,8,c0020_0018,0.013642469903721184,0.013016438356164384,0.0006260315475567998
2012-08-03,9,c0031_0060,0.013637884472057387,0.013016438356164384,0.0006214461158930036
2012-08-03,10,c0009_0027,0.013530044639745475,0.013016438356164384,0.0005136062835810904
2012-08-03,11,c0010_0056,0.013496218869688487,0.013016438356164384,0.00047978051352410244
2012-08-03,12,c0021_0048,0.013478693274586881,0.013016438356164384,0.0004622549184224967
2012-08-03,13,c0013_0025,0.013433653806300194,0.013016438356164384,0.00041721545013580875
2012-08-03,14,c0012_0050,0.013241141360706265,0.013016438356164384,0.00022470300454188115
2012-08-03,15,c0013_0052,0.013192782831070324,0.013016438356164384,0.00017634447490593976
2012-08-03,16,c0023_0033,0.011392187855244084,0.010413698630136985,0.0009784892251070982
2012-08-03,17,c0023_0022,0.011332161235753781,0.010413698630136985,0.000918462605616796
2012-08-03,18,c0027_0051,0.011300535192134392,0.010413698630136985,0.0008868365619974067
2012-08-03,19,c0023_0050,0.011239064645144526,0.010413698630136985,0.0008253660150075408
2012-08-03,20,c0009_0057,0.011230464920959967,0.010413698630136985,0.0008167662908229817
2012-08-04,1,c0012_0045,0.021450941777517583,0.020824657534246574,0.0006262842432710085
2012-08-04,2,c0029_0055,0.021427303757318484,0.020824657534246574,0.0006026462230719097
2012-08-04,3,c0029_0046,0.016609620479438356,0.01561917808219178,0.0009904423972465755
2012-08-04,4,c0015_0045,0.016162359787881428,0.01561917808219178,0.0005431817056896481
2012-08-04,5,c0017_0017,0.01616174045488759,0.01561917808219178,0.0005425623726958094
2012-08-04,6,c0016_0049,0.013740973034105505,0.013016438356164384,0.0007245346779411202
2012-08-04,7,c0021_0046,0.013723035243275748,0.013016438356164384,0.0007065968871113644
2012-08-04,8,c0020_0018,0.013635552498830958,0.013016438356164384,0.0006191141426665736
2012-08-04,9,c0031_0060,0.013631017734401967,0.013016438356164384,0.0006145793782375817
2012-08-04,10,c0009_0027,0.013524369490255709,0.013016438356164384,0.0005079311340913239
2012-08-04,11,c0010_0056,0.013490917481789683,0.013016438356164384,0.000474479125625299
2012-08-04,12,c0021_0048,0.013473585537691343,0.013016438356164384,0.00045714718152695827
2012-08-04,13,c0013_0025,0.013429043737995632,0.013016438356164384,0.00041260538183124704
2012-08-04,14,c0012_0050,0.013238658479981591,0.013016438356164384,0.0002222201238172073
2012-08-04,15,c0013_0052,0.013190834293272446,0.013016438356164384,0.00017439593710806136
2012-08-04,16,c0023_0033,0.011381375930226558,0.010413698630136985,0.0009676773000895728
2012-08-04,17,c0023_0022,0.011322012581513625,0.010413698630136985,0.0009083139513766403
2012-08-04,18,c0027_0051,0.011290735993364404,0.010413698630136985,0.0008770373632274188
2012-08-04,19,c0023_0050,0.011229944671988666,0.010413698630136985,0.0008162460418516807
2012-08-04,20,c0009_0057,0.011221439971408526,0.010413698630136985,0.0008077413412715406
2012-08-05,1,c0012_0045,0.021444021580438087,0.020824657534246574,0.0006193640461915134
2012-08-05,2,c0029_0055,0.02142064475116005,0.020824657534246574,0.0005959872169134771
2012-08-05,3,c0029_0046,0.016598676476521988,0.01561917808219178,0.0009794983943302064
2012-08-05,4,c0015_0045,0.016156357841490894,0.01561917808219178,0.0005371797592991142
2012-08-05,5,c0017_0017,0.016155745351885534,0.01561917808219178,0.0005365672696937549
2012-08-05,6,c0016_0049,0.013732967207971201,0.013016438356164384,0.0007165288518068173
2012-08-05,7,c0021_0046,0.013715227622747041,0.013016438356164384,0.0006987892665826573
2012-08-05,8,c0020_0018,0.013628711528571865,0.013016438356164384,0.0006122731724074809
2012-08-05,9,c0031_0060,0.013624226871524458,0.013016438356164384,0.0006077885153600731
2012-08-05,10,c0009_0027,0.013518757048958503,0.013016438356164384,0.0005023186927941182
2012-08-05,11,c0010_0056,0.013485674672163364,0.013016438356164384,0.00046923631599897925
2012-08-05,12,c0021_0048,0.01346853423930009,0.013016438356164384,0.00045209588313570477
2012-08-05,13,c0013_0025,0.013424484609151164,0.013016438356164384,0.0004080462529867793
2012-08-05,14,c0012_0050,0.013236203034122354,0.013016438356164384,0.00021976467795797075
2012-08-05,15,c0013_0052,0.01318890728605868,0.013016438356164384,0.00017246892989429568
2012-08-05,16,c0023_0033,0.01137068347277146,0.010413698630136985,0.0009569848426344748
2012-08-05,17,c0023_0022,0.011311976065952014,0.010413698630136985,0.0008982774358150292
2012-08-05,18,c0027_0051,0.011281045071926055,0.010413698630136985,0.0008673464417890709
2012-08-05,19,c0023_0050,0.011220925470985828,0.010413698630136985,0.0008072268408488428
2012-08-05,20,c0009_0057,0.01121251474403627,0.010413698630136985,0.0007988161138992849
2012-08-06,1,c0012_0045,0.02143717784884233,0.020824657534246574,0.000612520314595756
2012-08-06,2,c0029_0055,0.02141405932442736,0.020824657534246574,0.0005894017901807844
2012-08-06,3,c0029_0046,0.01658785340057741,0.01561917808219178,0.0009686753183856295
2012-08-06,4,c0015_0045,0.016150422214271456,0.01561917808219178,0.0005312441320796744
2012-08-06,5,c0017_0017,0.016149816492437796,0.01561917808219178,0.0005306384102460159
2012-08-06,6,c0016_0049,0.013725049843099064,0.013016438356164384,0.0007086114869346794
2012-08-06,7,c0021_0046,0.013707506273385718,0.013016438356164384,0.0006910679172213337
2012-08-06,8,c0020_0018,0.013621946148370987,0.013016438356164384,0.000605507792206603
2012-08-06,9,c0031_0060,0.013617511045038104,0.013016438356164384,0.0006010726888737194
2012-08-06,10,c0009_0027,0.013513206622952741,0.013016438356164384,0.0004967682667883573
2012-08-06,11,c0010_0056,0.013480489793542421,0.013016438356164384,0.00046405143737803656
2012-08-06,12,c0021_0048,0.013463538755789619,0.013016438356164384,0.00044710039962523484
2012-08-06,13,c0013_0025,0.013419975856905585,0.013016438356164384,0.00040353750074120174
2012-08-06,14,c0012_0050,0.013233774719983974,0.013016438356164384,0.0002173363638195887
2012-08-06,15,c0013_0052,0.013187001571524455,0.013016438356164384,0.0001705632153600699
2012-08-06,16,c0023_0033,0.011360109162808732,0.010413698630136985,0.0009464105326717468
2012-08-06,17,c0023_0022,0.011302050449980205,0.010413698630136985,0.0008883518198432195
2012-08-06,18,c0027_0051,0.011271461231396985,0.010413698630136985,0.00085776260126
2012-08-06,19,c0023_0050,0.011212005928642951,0.010413698630136985,0.0007983072985059662
2012-08-06,20,c0009_0057,0.011203688136951941,0.010413698630136985,0.000789989506814956
2012-08-07,1,c0012_0045,0.021430409737816482,0.020824657534246574,0.0006057522035699087
2012-08-07,2,c0029_0055,0.021407546664096395,0.020824657534246574,0.0005828891298498214
2012-08-07,3,c0029_0046,0.01657714991540866,0.01561917808219178,0.0009579718332168825
2012-08-07,4,c0015_0045,0.016144552173422085,0.01561917808219178,0.0005253740912303059
2012-08-07,5,c0017_0017,0.016143953144578886,0.01561917808219178,0.0005247750623871056
2012-08-07,6,c0016_0049,0.013717219962026581,0.013016438356164384,0.0007007816058621962
2012-08-07,7,c0021_0046,0.013699870241928962,0.013016438356164384,0.000683431885764578
2012-08-07,8,c0020_0018,0.013615255522987608,0.013016438356164384,0.0005988171668232234
2012-08-07,9,c0031_0060,0.013610869425819993,0.013016438356164384,0.0005944310696556093
2012-08-07,10,c0009_0027,0.013507717526993597,0.013016438356164384,0.000491279170829213
2012-08-07,11,c0010_0056,0.013475362205811798,0.013016438356164384,0.00045892384964741354
2012-08-07,12,c0021_0048,0.013458598470427229,0.013016438356164384,0.0004421601142628443
2012-08-07,13,c0013_0025,0.013415516924617092,0.013016438356164384,0.000399078568452708
2012-08-07,14,c0012_0050,0.013231373237771493,0.013016438356164384,0.0002149348816071078
2012-08-07,15,c0013_0052,0.013185116914393948,0.013016438356164384,0.00016867855822956426
2012-08-07,16,c0023_0033,0.011349651694854577,0.010413698630136985,0.0009359530647175926
2012-08-07,17,c0023_0022,0.011292234508200901,0.010413698630136985,0.0008785358780639164
2012-08-07,18,c0027_0051,0.011261983288574829,0.010413698630136985,0.0008482846584378443
2012-08-07,19,c0023_0050,0.01120318494377064,0.010413698630136985,0.0007894863136336549
2012-08-07,20,c0009_0057,0.01119495906043975,0.010413698630136985,0.0007812604303027644
2012-08-08,1,c0029_0055,0.02140110596612675,0.020824657534246574,0.0005764484318801768
2012-08-08,2,c0012_0045,0.01881175893398147,0.018221917808219176,0.0005898411257622946
2012-08-08,3,c0029_0046,0.01656656469958423,0.01561917808219178,0.0009473866173924484
2012-08-08,4,c0015_0045,0.016138746994238933,0.01561917808219178,0.000519568912047152
2012-08-08,5,c0017_0017,0.01613815458443125,0.01561917808219178,0.0005189765022394707
2012-08-08,6,c0016_0049,0.013709476598091824,0.013016438356164384,0.0006930382419274393
2012-08-08,7,c0021_0046,0.013692318585647144,0.013016438356164384,0.0006758802294827592
2012-08-08,8,c0020_0018,0.013608638826410096,0.013016438356164384,0.000592200470245711
2012-08-08,9,c0031_0060,0.013604301193908703,0.013016438356164384,0.000587862837744318
2012-08-08,10,c0009_0027,0.01350228908340793,0.013016438356164384,0.0004858507272435459
2012-08-08,11,c0010_0056,0.01347029127592946,0.013016438356164384,0.00045385291976507517
2012-08-08,12,c0012_0050,0.013228998291002577,0.013016438356164384,0.00021255993483819242
2012-08-08,13,c0013_0052,0.01318325308199105,0.013016438356164384,0.0001668147258266652
2012-08-08,14,c0025_0036,0.011437766274401628,0.010413698630136985,0.0010240676442646425
2012-08-08,15,c0023_0033,0.011339309777850288,0.010413698630136985,0.0009256111477133032
2012-08-08,16,c0023_0022,0.011282527028756973,0.010413698630136985,0.0008688283986199882
2012-08-08,17,c0027_0051,0.011252610073331153,0.010413698630136985,0.0008389114431941687
2012-08-08,18,c0015_0018,0.011251204905550493,0.010413698630136985,0.0008375062754135081
2012-08-08,19,c0023_0050,0.011194461427347212,0.010413698630136985,0.0007807627972102268
2012-08-08,20,c0009_0057,0.011186326436824842,0.010413698630136985,0.0007726278066878564
2012-08-09,1,c0029_0055,0.021394736435362344,0.020824657534246574,0.0005700789011157721
2012-08-09,2,c0012_0045,0.018805241419163364,0.018221917808219176,0.0005833236109441866
2012-08-09,3,c0029_0046,0.016556096446273896,0.01561917808219178,0.0009369183640821144
2012-08-09,4,c0015_0045,0.016133005960025832,0.01561917808219178,0.0005138278778340507
2012-08-09,5,c0017_0017,0.0161324200961159,0.01561917808219178,0.0005132420139241227
2012-08-09,6,c0016_0049,0.0137018187953141,0.013016438356164384,0.0006853804391497166
2012-08-09,7,c0021_0046,0.013684850372227424,0.013016438356164384,0.0006684120160630403
2012-08-09,8,c0020_0018,0.013602095241753924,0.013016438356164384,0.0005856568855895399
2012-08-09,9,c0031_0060,0.013597805538403058,0.013016438356164384,0.0005813671822386732
2012-08-09,10,c0009_0027,0.013496920622010624,0.013016438356164384,0.00048048226584624005
2012-08-09,11,c0010_0056,0.013465276377848239,0.013016438356164384,0.0004488380216838544
2012-08-09,12,c0012_0050,0.013226649586470905,0.013016438356164384,0.00021021123030652114
2012-08-09,13,c0013_0052,0.013181409844210623,0.013016438356164384,0.00016497148804623947
2012-08-09,14,c0025_0036,0.011426450725595814,0.010413698630136985,0.0010127520954588281
2012-08-09,15,c0023_0033,0.01132908213500285,0.010413698630136985,0.0009153835048658655
2012-08-09,16,c0023_0022,0.011272926813181837,0.010413698630136985,0.0008592281830448525
2012-08-09,17,c0027_0051,0.011243340428466985,0.010413698630136985,0.0008296417983299992
2012-08-09,18,c0015_0018,0.011241950787243276,0.010413698630136985,0.0008282521571062918
2012-08-09,19,c0023_0050,0.01118583430238425,0.010413698630136985,0.0007721356722472655
2012-08-09,20,c0009_0057,0.01117778920034025,0.010413698630136985,0.0007640905702032651
2012-08-10,1,c0029_0055,0.021388437285433267,0.020824657534246574,0.000563779751186694
2012-08-10,2,c0012_0045,0.018798795920346768,0.018221917808219176,0.0005768781121275897
2012-08-10,3,c0029_0046,0.016545743863087412,0.01561917808219178,0.0009265657808956319
2012-08-10,4,c0015_0045,0.016127328362005835,0.01561917808219178,0.0005081502798140543
2012-08-10,5,c0017_0017,0.016126748971664037,0.01561917808219178,0.0005075708894722579
2012-08-10,6,c0016_0049,0.013694245608275936,0.013016438356164384,0.0006778072521115518
2012-08-10,7,c0021_0046,0.013677464679658663,0.013016438356164384,0.0006610263234942792
2012-08-10,8,c0020_0018,0.013595623961160826,0.013016438356164384,0.0005791856049964417
2012-08-10,9,c0031_0060,0.01359138165736203,0.013016438356164384,0.0005749433011976466
2012-08-10,10,c0009_0027,0.01349161148002185,0.013016438356164384,0.00047517312385746493
2012-08-10,11,c0010_0056,0.013460316892438547,0.013016438356164384,0.0004438785362741617
2012-08-10,12,c0012_0050,0.013224326834209973,0.013016438356164384,0.00020788847804558845
2012-08-10,13,c0013_0052,0.01317958697349011,0.013016438356164384,0.00016314861732572616
2012-08-10,14,c0025_0036,0.011415260209199229,0.010413698630136985,0.0010015615790622439
2012-08-10,15,c0023_0033,0.011318967503627318,0.010413698630136985,0.0009052688734903328
2012-08-10,16,c0023_0022,0.011263432676251501,0.010413698630136985,0.0008497340461145165
2012-08-10,17,c0027_0051,0.011234173209569948,0.010413698630136985,0.0008204745794329626
2012-08-10,18,c0015_0018,0.011232798923340783,0.010413698630136985,0.0008191002932037983
2012-08-10,19,c0023_0050,0.011177302503793642,0.010413698630136985,0.0007636038736566576
2012-08-10,20,c0009_0057,0.011169346296995319,0.010413698630136985,0.0007556476668583341
2012-08-11,1,c0029_0055,0.021382207738658687,0.020824657534246574,0.0005575502044121118
2012-08-11,2,c0012_0045,0.018792421641782898,0.018221917808219176,0.0005705038335637229
2012-08-11,3,c0029_0046,0.016535505671914943,0.01561917808219178,0.0009163275897231621
2012-08-11,4,c0015_0045,0.016121713499233706,0.01561917808219178,0.0005025354170419245
2012-08-11,5,c0017_0017,0.01612114051092963,0.01561917808219178,0.0005019624287378519
2012-08-11,6,c0016_0049,0.013686756102006347,0.013016438356164384,0.0006703177458419629
2012-08-11,7,c0021_0046,0.013670160596117583,0.013016438356164384,0.0006537222399531977
2012-08-11,8,c0020_0018,0.01358922418569905,0.013016438356164384,0.0005727858295346668
2012-08-11,9,c0031_0060,0.01358502875770573,0.013016438356164384,0.0005685904015413454
2012-08-11,10,c0009_0027,0.013486361001985234,0.013016438356164384,0.00046992264582084917
2012-08-11,11,c0010_0056,0.013455412207411933,0.013016438356164384,0.0004389738512475487
2012-08-11,12,c0012_0050,0.01322202974745729,0.013016438356164384,0.00020559139129290571
2012-08-11,13,c0013_0052,0.013177784244781426,0.013016438356164384,0.00016134588861704203
2012-08-11,14,c0025_0036,0.011404193343652426,0.010413698630136985,0.0009904947135154416
2012-08-11,15,c0023_0033,0.01130896463499092,0.010413698630136985,0.0008952660048539352
2012-08-11,16,c0023_0022,0.011254043445838236,0.010413698630136985,0.0008403448157012509
2012-08-11,17,c0027_0051,0.011225107284872981,0.010413698630136985,0.0008114086547359956
2012-08-11,18,c0015_0018,0.011223748183971647,0.010413698630136985,0.0008100495538346621
2012-08-11,19,c0023_0050,0.011168864978256084,0.010413698630136985,0.0007551663481190987
2012-08-11,20,c0009_0057,0.01116099668444558,0.010413698630136985,0.0007472980543085936
2012-08-12,1,c0029_0055,0.021376047025950837,0.020824657534246574,0.000551389491704264
2012-08-12,2,c0012_0045,0.018786117796515695,0.018221917808219176,0.000564199988296519
2012-08-12,3,c0029_0046,0.016525380608769263,0.01561917808219178,0.000906202526577483
2012-08-12,4,c0015_0045,0.016116160678509375,0.01561917808219178,0.000496982596317595
2012-08-12,5,c0017_0017,0.016115594021503,0.01561917808219178,0.0004964159393112213
2012-08-12,6,c0016_0049,0.013679349351865419,0.013016438356164384,0.0006629109957010338
2012-08-12,7,c0021_0046,0.013662937219856194,0.013016438356164384,0.0006464988636918098
2012-08-12,8,c0020_0018,0.013582895125264735,0.013016438356164384,0.000566456769100351
2012-08-12,9,c0031_0060,0.013578746055117486,0.013016438356164384,0.0005623076989531012
2012-08-12,10,c0009_0027,0.013481168539686943,0.013016438356164384,0.0004647301835225588
2012-08-12,11,c0010_0056,0.0134505617172455,0.013016438356164384,0.0004341233610811156
2012-08-12,12,c0012_0050,0.013219758042618983,0.013016438356164384,0.00020331968645459825
2012-08-12,13,c0013_0052,0.013176001435523181,0.013016438356164384,0.0001595630793587976
2012-08-12,14,c0025_0036,0.011393248762661652,0.010413698630136985,0.0009795501325246681
2012-08-12,15,c0023_0033,0.011299072294158899,0.010413698630136985,0.0008853736640219137
2012-08-12,16,c0023_0022,0.011244757962765866,0.010413698630136985,0.0008310593326288819
2012-08-12,17,c0027_0051,0.011216141535114606,0.010413698630136985,0.0008024429049776207
2012-08-12,18,c0015_0018,0.011214797451749142,0.010413698630136985,0.0008010988216121573
2012-08-12,19,c0023_0050,0.011160520684091037,0.010413698630136985,0.0007468220539540522
2012-08-12,20,c0009_0057,0.011152739331864059,0.010413698630136985,0.0007390407017270744
2012-08-13,1,c0029_0055,0.021369954386720083,0.020824657534246574,0.0005452968524735098
2012-08-13,2,c0012_0045,0.018779883606284645,0.018221917808219176,0.0005579657980654687
2012-08-13,3,c0029_0046,0.016515367423629718,0.01561917808219178,0.0008961893414379376
2012-08-13,4,c0015_0045,0.01611066921429237,0.01561917808219178,0.0004914911321005898
2012-08-13,5,c0017_0017,0.016110108818625322,0.01561917808219178,0.0004909307364335404
2012-08-13,6,c0016_0049,0.013672024443430143,0.013016438356164384,0.0006555860872657591
2012-08-13,7,c0021_0046,0.013655793659090478,0.013016438356164384,0.000639355302926094
2012-08-13,8,c0020_0018,0.013576635998484354,0.013016438356164384,0.0005601976423199697
2012-08-13,9,c0031_0060,0.013572532773947023,0.013016438356164384,0.0005560944177826391
2012-08-13,10,c0009_0027,0.013476033452075655,0.013016438356164384,0.0004595950959112705
2012-08-13,11,c0010_0056,0.01344576482310714,0.013016438356164384,0.00042932646694275535
2012-08-13,12,c0012_0050,0.013217511439234778,0.013016438356164384,0.00020107308307039322
2012-08-13,13,c0013_0052,0.013174238325613204,0.013016438356164384,0.00015779996944881988
2012-08-13,14,c0025_0036,0.01138242511503017,0.010413698630136985,0.0009687264848931838
2012-08-13,15,c0023_0033,0.011289289259842043,0.010413698630136985,0.000875590629705058
2012-08-13,16,c0023_0022,0.011235575080666665,0.010413698630136985,0.0008218764505296797
2012-08-13,17,c0027_0051,0.011207274853400749,0.010413698630136985,0.0007935762232637638
2012-08-13,18,c0015_0018,0.011205945621633231,0.010413698630136985,0.0007922469914962455
2012-08-13,19,c0023_0050,0.011152268591128132,0.010413698630136985,0.0007385699609911466
2012-08-13,20,c0009_0057,0.01114457321981403,0.010413698630136985,0.0007308745896770436
2012-08-14,1,c0029_0055,0.021363929068781002,0.020824657534246574,0.0005392715345344279
2012-08-14,2,c0012_0045,0.018773718301428717,0.018221917808219176,0.0005518004932095394
2012-08-14,3,c0029_0046,0.016505464880287892,0.01561917808219178,0.0008862867980961123
2012-08-14,4,c0015_0045,0.01610523842861717,0.01561917808219178,0.0004860603464253889
2012-08-14,5,c0017_0017,0.016104684225104082,0.01561917808219178,0.00048550614291230186
2012-08-14,6,c0009_0027,0.014019104480326302,0.013016438356164384,0.0010026661241619183
2012-08-14,7,c0016_0049,0.013664780472381536,0.013016438356164384,0.0006483421162171518
2012-08-14,8,c0021_0046,0.013648729031890279,0.013016438356164384,0.0006322906757258943
2012-08-14,9,c0020_0018,0.013570446032618255,0.013016438356164384,0.0005540076764538715
2012-08-14,10,c0031_0060,0.013566388147114703,0.013016438356164384,0.000549949790950318
2012-08-14,11,c0010_0056,0.013441020932781607,0.013016438356164384,0.0004245825766172221
2012-08-14,12,c0012_0050,0.01321528965994338,0.013016438356164384,0.00019885130377899455
2012-08-14,13,c0013_0052,0.013172494697381364,0.013016438356164384,0.00015605634121697946
2012-08-14,14,c0025_0036,0.011371721064491433,0.010413698630136985,0.000958022434354447
2012-08-14,15,c0023_0033,0.011279614324245913,0.010413698630136985,0.0008659156941089279
2012-08-14,16,c0023_0022,0.011226493665839818,0.010413698630136985,0.0008127950357028338
2012-08-14,17,c0027_0051,0.011198506145068085,0.010413698630136985,0.0007848075149310997
2012-08-14,18,c0015_0018,0.011197191600794135,0.010413698630136985,0.0007834929706571508
2012-08-14,19,c0023_0050,0.011144107680579976,0.010413698630136985,0.0007304090504429915
2012-08-14,20,c0009_0057,0.011136497340123133,0.010413698630136985,0.0007227987099861481
2012-08-15,1,c0012_0045,0.01876762112079133,0.018221917808219176,0.0005457033125721524
2012-08-15,2,c0009_0027,0.016610765136013537,0.01561917808219178,0.000991587053821757
2012-08-15,3,c0029_0046,0.016495671756194995,0.01561917808219178,0.0008764936740032141
2012-08-15,4,c0029_0055,0.016133424886643134,0.01561917808219178,0.0005142468044513542
2012-08-15,5,c0017_0017,0.01609931957122949,0.01561917808219178,0.0004801414890377116
2012-08-15,6,c0023_0016,0.013949819072978124,0.013016438356164384,0.0009333807168137403
2012-08-15,7,c0016_0049,0.013657616544392981,0.013016438356164384,0.0006411781882285975
2012-08-15,8,c0021_0046,0.013641742466070424,0.013016438356164384,0.00062530410990604
2012-08-15,9,c0031_0060,0.013560311416016813,0.013016438356164384,0.0005438730598524281
2012-08-15,10,c0015_0045,0.013487878111495261,0.013016438356164384,0.000471439755330877
2012-08-15,11,c0010_0056,0.013436329460597403,0.013016438356164384,0.0004198911044330185
2012-08-15,12,c0012_0050,0.013213092430448225,0.013016438356164384,0.00019665407428384057
2012-08-15,13,c0013_0052,0.013170770335562701,0.013016438356164384,0.00015433197939831707
2012-08-15,14,c0020_0050,0.011488708465803799,0.010413698630136985,0.001075009835666814
2012-08-15,15,c0025_0036,0.011361135289544126,0.010413698630136985,0.0009474366594071414
2012-08-15,16,c0023_0033,0.011270046292921726,0.010413698630136985,0.0008563476627847408
2012-08-15,17,c0023_0022,0.01121751259711147,0.010413698630136985,0.0008038139669744849
2012-08-15,18,c0027_0051,0.011189834327548892,0.010413698630136985,0.0007761356974119072
2012-08-15,19,c0015_0018,0.011188534308477426,0.010413698630136985,0.0007748356783404407
2012-08-15,20,c0023_0050,0.011136036944916387,0.010413698630136985,0.0007223383147794008
2012-08-16,1,c0012_0045,0.01876159131162639,0.018221917808219176,0.0005396735034072131
2012-08-16,2,c0009_0027,0.01659980848508762,0.01561917808219178,0.00098063040289584
2012-08-16,3,c0029_0046,0.01648598684231092,0.01561917808219178,0.000866808760119139
2012-08-16,4,c0029_0055,0.0161277426596471,0.01561917808219178,0.0005085645774553223
2012-08-16,5,c0017_0017,0.016094014194691787,0.01561917808219178,0.0004748361125000085
2012-08-16,6,c0023_0016,0.013939505579416773,0.013016438356164384,0.0009230672232523887
2012-08-16,7,c0016_0049,0.013650531775019828,0.013016438356164384,0.0006340934188554435
2012-08-16,8,c0021_0046,0.013634833099083052,0.013016438356164384,0.0006183947429186679
2012-08-16,9,c0031_0060,0.01355430183043192,0.013016438356164384,0.0005378634742675355
2012-08-16,10,c0015_0045,0.013482668885727488,0.013016438356164384,0.00046623052956310234
2012-08-16,11,c0010_0056,0.013431689827354473,0.013016438356164384,0.00041525147119008863
2012-08-16,12,c0012_0050,0.013210919479483624,0.013016438356164384,0.00019448112331924008
2012-08-16,13,c0013_0052,0.013169065027270851,0.013016438356164384,0.00015262667110646727
2012-08-16,14,c0020_0050,0.011476830025614476,0.010413698630136985,0.0010631313954774912
2012-08-16,15,c0025_0036,0.011350666483289012,0.010413698630136985,0.000936967853152026
2012-08-16,16,c0023_0033,0.011260583984618894,0.010413698630136985,0.0008468853544819101
2012-08-16,17,c0023_0022,0.011208630765696294,0.010413698630136985,0.0007949321355593089
2012-08-16,18,c0027_0051,0.011181258330237401,0.010413698630136985,0.0007675597001004155
2012-08-16,19,c0015_0018,0.011179972675870585,0.010413698630136985,0.0007662740457335993
2012-08-16,20,c0023_0050,0.011128055387739989,0.010413698630136985,0.0007143567576030041
2012-08-17,1,c0012_0045,0.018755628129505354,0.018221917808219176,0.0005337103212861784
2012-08-17,2,c0009_0027,0.01658897290088908,0.01561917808219178,0.000969794818697297
2012-08-17,3,c0029_0046,0.016476408942954986,0.01561917808219178,0.0008572308607632046
2012-08-17,4,c0029_0055,0.01612212321904732,0.01561917808219178,0.0005029451368555401
2012-08-17,5,c0017_0017,0.016088767440499478,0.01561917808219178,0.0004695893583076961
2012-08-17,6,c0023_0016,0.013929306045944294,0.013016438356164384,0.0009128676897799099
2012-08-17,7,c0016_0049,0.013643525289590189,0.013016438356164384,0.0006270869334258051
2012-08-17,8,c0021_0046,0.013628000077911116,0.013016438356164384,0.0006115617217467317
2012-08-17,9,c0031_0060,0.013548358648428245,0.013016438356164384,0.0005319202922638608
2012-08-17,10,c0015_0045,0.013477517219876526,0.013016438356164384,0.00046107886371214165
2012-08-17,11,c0010_0056,0.013427101460252697,0.013016438356164384,0.00041066310408831226
2012-08-17,12,c0012_0050,0.013208770538781266,0.013016438356164384,0.0001923321826168818
2012-08-17,13,c0013_0052,0.013167378561971761,0.013016438356164384,0.00015094020580737623
2012-08-17,14,c0020_0018,0.011490493697239975,0.010413698630136985,0.0010767950671029907
2012-08-17,15,c0020_0050,0.011465082837565041,0.010413698630136985,0.001051384207428056
2012-08-17,16,c0025_0036,0.011340313353267571,0.010413698630136985,0.0009266147231305866
2012-08-17,17,c0023_0033,0.01125122623113919,0.010413698630136985,0.0008375276010022062
2012-08-17,18,c0023_0022,0.011199847075060613,0.010413698630136985,0.0007861484449236275
2012-08-17,19,c0027_0051,0.011172777094357617,0.010413698630136985,0.000759078464220632
2012-08-17,20,c0015_0018,0.011171505645971056,0.010413698630136985,0.0007578070158340718
2012-08-18,1,c0012_0045,0.018749730838225325,0.018221917808219176,0.0005278130300061505
2012-08-18,2,c0009_0027,0.0165782570456777,0.01561917808219178,0.0009590789634859206
2012-08-18,3,c0029_0046,0.016466936875658315,0.01561917808219178,0.0008477587934665353
2012-08-18,4,c0029_0055,0.016116565871078552,0.01561917808219178,0.0004973877888867713
2012-08-18,5,c0017_0017,0.01608357866089846,0.01561917808219178,0.00046440057870667916
2012-08-18,6,c0023_0016,0.01391921921334607,0.013016438356164384,0.0009027808571816854
2012-08-18,7,c0016_0049,0.013636596223096967,0.013016438356164384,0.0006201578669325819
2012-08-18,8,c0021_0046,0.013621242558963076,0.013016438356164384,0.0006048042027986918
2012-08-18,9,c0031_0060,0.013542481136272067,0.013016438356164384,0.000526042780107682
2012-08-18,10,c0015_0045,0.013472422477927706,0.013016438356164384,0.00045598412176332185
2012-08-18,11,c0010_0056,0.013422563792821172,0.013016438356164384,0.00040612543665678687
2012-08-18,12,c0012_0050,0.0132066453430371,0.013016438356164384,0.000190206986872715
2012-08-18,13,c0013_0052,0.013165710731457694,0.013016438356164384,0.0001492723752933095
2012-08-18,14,c0020_0018,0.011478595530938263,0.010413698630136985,0.0010648969008012778
2012-08-18,15,c0020_0050,0.011453465451370442,0.010413698630136985,0.0010397668212334579
2012-08-18,16,c0025_0036,0.011330074621302458,0.010413698630136985,0.0009163759911654738
2012-08-18,17,c0023_0033,0.011241971877192522,0.010413698630136985,0.0008282732470555366
2012-08-18,18,c0023_0022,0.011191160440787018,0.010413698630136985,0.0007774618106500331
2012-08-18,19,c0027_0051,0.011164389572832611,0.010413698630136985,0.0007506909426956266
2012-08-18,20,c0015_0018,0.011163132173455756,0.010413698630136985,0.0007494335433187708
2012-08-19,1,c0012_0045,0.018743898709718165,0.018221917808219176,0.0005219809014989871
2012-08-19,2,c0009_0027,0.016567659596494793,0.01561917808219178,0.0009484815143030128
2012-08-19,3,c0029_0046,0.016457569471017855,0.01561917808219178,0.0008383913888260759
2012-08-19,4,c0029_0055,0.016111069929641397,0.01561917808219178,0.0004918918474496157
2012-08-19,5,c0017_0017,0.016078447215292075,0.01561917808219178,0.0004592691331002932
2012-08-19,6,c0023_0016,0.013909243836321313,0.013016438356164384,0.0008928054801569286
2012-08-19,7,c0016_0049,0.013629743720091049,0.013016438356164384,0.0006133053639266654
2012-08-19,8,c0021_0046,0.013614559707968751,0.013016438356164384,0.0005981213518043666
2012-08-19,9,c0031_0060,0.013536668568337134,0.013016438356164384,0.0005202302121727493
2012-08-19,10,c0015_0045,0.01346738403089407,0.013016438356164384,0.0004509456747296844
2012-08-19,11,c0010_0056,0.013418076264848278,0.013016438356164384,0.00040163790868389364
2012-08-19,12,c0012_0050,0.01320454362987858,0.013016438356164384,0.00018810527371419548
2012-08-19,13,c0013_0052,0.01316406132982153,0.013016438356164384,0.00014762297365714688
2012-08-19,14,c0020_0018,0.0114668288347423,0.010413698630136985,0.0010531302046053149
2012-08-19,15,c0020_0050,0.011441976432770718,0.010413698630136985,0.0010282778026337322
2012-08-19,16,c0025_0036,0.011319949023339684,0.010413698630136985,0.0009062503932026992
2012-08-19,17,c0023_0033,0.011232819780254298,0.010413698630136985,0.0008191211501173141
2012-08-19,18,c0023_0022,0.011182569790440492,0.010413698630136985,0.0007688711603035078
2012-08-19,19,c0027_0051,0.011156094730155247,0.010413698630136985,0.0007423961000182615
2012-08-19,20,c0015_0018,0.011154851224552008,0.010413698630136985,0.000741152594415022
2012-08-20,1,c0012_0045,0.018738131023960592,0.018221917808219176,0.0005162132157414159
2012-08-20,2,c0009_0027,0.016557179244999835,0.01561917808219178,0.0009380011628080534
2012-08-20,3,c0029_0046,0.016448305572552002,0.01561917808219178,0.0008291274903602202
2012-08-20,4,c0029_0055,0.016105634716217586,0.01561917808219178,0.0004864566340258042
2012-08-20,5,c0017_0017,0.016073372470162,0.01561917808219178,0.0004541943879702172
2012-08-20,6,c0023_0016,0.013899378683329326,0.013016438356164384,0.0008829403271649421
2012-08-20,7,c0016_0049,0.01362296693457571,0.013016438356164384,0.0006065285784113266
2012-08-20,8,c0021_0046,0.01360795069987632,0.013016438356164384,0.0005915123437119354
2012-08-20,9,c0031_0060,0.013530920227015084,0.013016438356164384,0.0005144818708507003
2012-08-20,10,c0015_0045,0.013462401256738716,0.013016438356164384,0.0004459629005743319
2012-08-20,11,c0010_0056,0.013413638322312517,0.013016438356164384,0.0003971999661481335
2012-08-20,12,c0012_0050,0.013202465139832278,0.013016438356164384,0.0001860267836678935
2012-08-20,13,c0013_0052,0.013162430153431347,0.013016438356164384,0.00014599179726696183
2012-08-20,14,c0009_0057,0.011638793094758652,0.010413698630136985,0.0012250944646216677
2012-08-20,15,c0020_0018,0.0114551921559586,0.010413698630136985,0.0010414935258216144
2012-08-20,16,c0020_0050,0.011430614363353913,0.010413698630136985,0.0010169157332169288
2012-08-20,17,c0025_0036,0.011309935309292564,0.010413698630136985,0.0008962366791555796
2012-08-20,18,c0023_0033,0.011223768810424388,0.010413698630136985,0.0008100701802874034
2012-08-20,19,c0023_0022,0.011174074063436009,0.010413698630136985,0.0007603754332990238
2012-08-20,20,c0027_0051,0.011147891542260334,0.010413698630136985,0.0007341929121233494
2012-08-21,1,c0012_0045,0.018732427068885317,0.018221917808219176,0.0005105092606661408
2012-08-21,2,c0009_0027,0.016546814697308957,0.01561917808219178,0.0009276366151171765
2012-08-21,3,c0029_0046,0.01643914403655781,0.01561917808219178,0.0008199659543660326
2012-08-21,4,c0029_0055,0.01610025955978621,0.01561917808219178,0.00048108147759443027
2012-08-21,5,c0017_0017,0.01606835379899004,0.01561917808219178,0.00044917571679826105
2012-08-21,6,c0023_0016,0.013889622536437458,0.013016438356164384,0.0008731841802730726
2012-08-21,7,c0016_0049,0.013616265029902156,0.013016438356164384,0.0005998266737377709
2012-08-21,8,c0021_0046,0.013601414718750463,0.013016438356164384,0.000584976362586079
2012-08-21,9,c0031_0060,0.01352523540262685,0.013016438356164384,0.0005087970464624656
2012-08-21,10,c0015_0045,0.013457473540298017,0.013016438356164384,0.0004410351841336323
2012-08-21,11,c0010_0056,0.013409249417314114,0.013016438356164384,0.00039281106114972934
2012-08-21,12,c0012_0050,0.013200409616291844,0.013016438356164384,0.00018397126012745956
2012-08-21,13,c0013_0052,0.013160817000905265,0.013016438356164384,0.0001443786447408813
2012-08-21,14,c0009_0057,0.011625256277846413,0.010413698630136985,0.0012115576477094276
2012-08-21,15,c0020_0018,0.01144368405794537,0.010413698630136985,0.0010299854278083855
2012-08-21,16,c0020_0050,0.011419377840380981,0.010413698630136985,0.001005679210243996
2012-08-21,17,c0025_0036,0.011300032242887387,0.010413698630136985,0.0008863336127504026
2012-08-21,18,c0023_0033,0.01121481785028761,0.010413698630136985,0.0008011192201506255
2012-08-21,19,c0023_0022,0.01116567221090759,0.010413698630136985,0.0007519735807706045
2012-08-21,20,c0027_0051,0.01113977899639821,0.010413698630136985,0.0007260803662612251
2012-08-22,1,c0012_0045,0.021877167930648034,0.020824657534246574,0.0010525103964014603
2012-08-22,2,c0009_0027,0.01653656467383521,0.01561917808219178,0.0009173865916434281
2012-08-22,3,c0029_0046,0.01643008373196983,0.01561917808219178,0.0008109056497780504
2012-08-22,4,c0029_0055,0.01609494379674089,0.01561917808219178,0.0004757657145491071
2012-08-22,5,c0017_0017,0.016063390582180797,0.01561917808219178,0.00044421249998901697
2012-08-22,6,c0009_0057,0.014214608763518651,0.013016438356164384,0.0011981704073542672
2012-08-22,7,c0020_0018,0.014035042845962555,0.013016438356164384,0.0010186044897981697
2012-08-22,8,c0023_0016,0.013879974191170734,0.013016438356164384,0.0008635358350063496
2012-08-22,9,c0016_0049,0.01360963717866623,0.013016438356164384,0.0005931988225018465
2012-08-22,10,c0021_0046,0.01359495095767163,0.013016438356164384,0.0005785126015072453
2012-08-22,11,c0031_0060,0.013519613393335038,0.013016438356164384,0.0005031750371706533
2012-08-22,12,c0015_0045,0.013452600273205656,0.013016438356164384,0.0004361619170412723
2012-08-22,13,c0010_0056,0.013404909008007369,0.013016438356164384,0.0003884706518429835
2012-08-22,14,c0012_0050,0.013198376805486328,0.013016438356164384,0.00018193844932194457
2012-08-22,15,c0013_0052,0.013159221673086608,0.013016438356164384,0.0001427833169222235
2012-08-22,16,c0020_0050,0.011408265476612589,0.010413698630136985,0.0009945668464756041
2012-08-22,17,c0025_0036,0.011290238601510785,0.010413698630136985,0.0008765399713737992
2012-08-22,18,c0023_0036,0.011274461895581733,0.010413698630136985,0.0008607632654447482
2012-08-22,19,c0023_0033,0.011205965794775789,0.010413698630136985,0.0007922671646388045
2012-08-22,20,c0023_0022,0.011157363195578819,0.010413698630136985,0.0007436645654418343
2012-08-23,1,c0012_0045,0.0218655381005037,0.020824657534246574,0.0010408805662571246
2012-08-23,2,c0009_0027,0.016526427909130573,0.01561917808219178,0.0009072498269387928
2012-08-23,3,c0029_0046,0.016421123540220423,0.01561917808219178,0.000801945458028644
2012-08-23,4,c0029_0055,0.016089686770807823,0.01561917808219178,0.00047050868861604067
2012-08-23,5,c0017_0017,0.016058482206985147,0.01561917808219178,0.0004393041247933648
2012-08-23,6,c0009_0057,0.014201369446957844,0.013016438356164384,0.0011849310907934602
2012-08-23,7,c0020_0018,0.014023787662886821,0.013016438356164384,0.0010073493067224372
2012-08-23,8,c0023_0016,0.013870432456363166,0.013016438356164384,0.0008539941001987815
2012-08-23,9,c0016_0049,0.013603082562606282,0.013016438356164384,0.0005866442064418974
2012-08-23,10,c0021_0046,0.013588558618636414,0.013016438356164384,0.0005721202624720299
2012-08-23,11,c0031_0060,0.013514053505057286,0.013016438356164384,0.0004976151488929013
2012-08-23,12,c0015_0045,0.013447780853817533,0.013016438356164384,0.0004313424976531497
2012-08-23,13,c0010_0056,0.013400616558533767,0.013016438356164384,0.00038417820236938226
2012-08-23,14,c0012_0050,0.013196366456448854,0.013016438356164384,0.0001799281002844696
2012-08-23,15,c0013_0052,0.013157643973019295,0.013016438356164384,0.00014120561685491043
2012-08-23,16,c0020_0050,0.011397275900137862,0.010413698630136985,0.0009835772700008774
2012-08-23,17,c0025_0036,0.011280553176058788,0.010413698630136985,0.0008668545459218025
2012-08-23,18,c0023_0036,0.011264950796588477,0.010413698630136985,0.0008512521664514916
2012-08-23,19,c0023_0033,0.011197211551031323,0.010413698630136985,0.0007835129208943377
2012-08-23,20,c0023_0022,0.011149145991634782,0.010413698630136985,0.0007354473614977977
2012-08-24,1,c0012_0045,0.021854036775455034,0.020824657534246574,0.0010293792412084616
2012-08-24,2,c0009_0027,0.016516403151729742,0.01561917808219178,0.0008972250695379629
2012-08-24,3,c0029_0046,0.016412262355101702,0.01561917808219178,0.0007930842729099201
2012-08-24,4,c0029_0055,0.016084487832964785,0.01561917808219178,0.0004653097507730063
2012-08-24,5,c0017_0017,0.016053628067424604,0.01561917808219178,0.00043444998523282393
2012-08-24,6,c0009_0057,0.014188276419691049,0.013016438356164384,0.0011718380635266647
2012-08-24,7,c0020_0018,0.014012656845202502,0.013016438356164384,0.000996218489038117
2012-08-24,8,c0023_0016,0.013860996154010683,0.013016438356164384,0.0008445577978462979
2012-08-24,9,c0016_0049,0.013596600372502123,0.013016438356164384,0.0005801620163377385
2012-08-24,10,c0021_0046,0.01358223691245904,0.013016438356164384,0.0005657985562946549
2012-08-24,11,c0031_0060,0.013508555051380572,0.013016438356164384,0.000492116695216188
2012-08-24,12,c0015_0045,0.01344301468713748,0.013016438356164384,0.00042657633097309514
2012-08-24,13,c0010_0056,0.013396371538955825,0.013016438356164384,0.0003799331827914399
2012-08-24,14,c0012_0050,0.013194378320985627,0.013016438356164384,0.00017793996482124214
2012-08-24,15,c0013_0052,0.013156083705923537,0.013016438356164384,0.0001396453497591521
2012-08-24,16,c0020_0050,0.011386407754205005,0.010413698630136985,0.000972709124068021
2012-08-24,17,c0025_0036,0.011270974770787558,0.010413698630136985,0.0008572761406505727
2012-08-24,18,c0023_0036,0.011255544791536483,0.010413698630136985,0.0008418461613994974
2012-08-24,19,c0023_0033,0.011188554038272258,0.010413698630136985,0.0007748554081352735
2012-08-24,20,c0023_0022,0.011141019584595421,0.010413698630136985,0.0007273209544584352
2012-08-25,1,c0012_0045,0.021842662535570764,0.020824657534246574,0.0010180050013241905
2012-08-25,2,c0009_0027,0.016506489163995615,0.01561917808219178,0.000887311081803835
2012-08-25,3,c0029_0046,0.016403499082628933,0.01561917808219178,0.000784321000437153
2012-08-25,4,c0029_0055,0.016079346341361003,0.01561917808219178,0.00046016825916922254
2012-08-25,5,c0017_0017,0.01604882756421652,0.01561917808219178,0.00042964948202474005
2012-08-25,6,c0009_0057,0.014175328065278516,0.013016438356164384,0.001158889709114131
2012-08-25,7,c0016_0049,0.014139609517239103,0.013016438356164384,0.0011231711610747183
2012-08-25,8,c0020_0018,0.014001649018720433,0.013016438356164384,0.000985210662556049
2012-08-25,9,c0023_0016,0.013851664119125699,0.013016438356164384,0.0008352257629613141
2012-08-25,10,c0021_0046,0.013575985058673922,0.013016438356164384,0.0005595467025095383
2012-08-25,11,c0031_0060,0.013503117353476472,0.013016438356164384,0.00048667899731208767
2012-08-25,12,c0015_0045,0.0134383011847438,0.013016438356164384,0.00042186282857941554
2012-08-25,13,c0010_0056,0.013392173425191658,0.013016438356164384,0.0003757350690272735
2012-08-25,14,c0012_0050,0.013192412153645298,0.013016438356164384,0.00017597379748091424
2012-08-25,15,c0013_0052,0.013154540679171784,0.013016438356164384,0.0001381023230073994
2012-08-25,16,c0020_0050,0.011375659697053805,0.010413698630136985,0.0009619610669168197
2012-08-25,17,c0025_0036,0.01126150220316576,0.010413698630136985,0.0008478035730287751
2012-08-25,18,c0023_0036,0.011246242719178613,0.010413698630136985,0.0008325440890416271
2012-08-25,19,c0023_0033,0.011179992187658864,0.010413698630136985,0.0007662935575218797
2012-08-25,20,c0023_0022,0.011132982971190282,0.010413698630136985,0.0007192843410532967
2012-08-26,1,c0012_0045,0.02183141397660929,0.020824657534246574,0.001006756442362718
2012-08-26,2,c0009_0027,0.016496684721966495,0.01561917808219178,0.0008775066397747139
2012-08-26,3,c0029_0046,0.0163948326409055,0.01561917808219178,0.0007756545587137209
2012-08-26,4,c0029_0055,0.01607426166123789,0.01561917808219178,0.00045508357904610925
2012-08-26,5,c0017_0017,0.01604408010470008,0.01561917808219178,0.00042490202250829867
2012-08-26,6,c0009_0057,0.014162522785141525,0.013016438356164384,0.0011460844289771404
2012-08-26,7,c0016_0049,0.014127198913152934,0.013016438356164384,0.0011107605569885492
2012-08-26,8,c0020_0018,0.013990762824435713,0.013016438356164384,0.0009743244682713276
2012-08-26,9,c0023_0016,0.01384243519959329,0.013016438356164384,0.0008259968434289049
2012-08-26,10,c0021_0046,0.013569802285439322,0.013016438356164384,0.0005533639292749384
2012-08-26,11,c0031_0060,0.01349773974001735,0.013016438356164384,0.00048130138385296494
2012-08-26,12,c0015_0045,0.013433639764716633,0.013016438356164384,0.0004172014085522482
2012-08-26,13,c0010_0056,0.013388021698950285,0.013016438356164384,0.0003715833427859009
2012-08-26,14,c0012_0050,0.013190467711688664,0.013016438356164384,0.00017402935552428002
2012-08-26,15,c0013_0052,0.013153014702264947,0.013016438356164384,0.00013657634610056264
2012-08-26,16,c0020_0050,0.01136503040174997,0.010413698630136985,0.0009513317716129858
2012-08-26,17,c0025_0036,0.01125213430372857,0.010413698630136985,0.0008384356735915854
2012-08-26,18,c0023_0036,0.011237043431099056,0.010413698630136985,0.000823344800962071
2012-08-26,19,c0023_0033,0.011171524942161672,0.010413698630136985,0.0007578263120246876
2012-08-26,20,c0023_0022,0.011125035159234666,0.010413698630136985,0.0007113365290976801
2012-08-27,1,c0012_0045,0.02182028970984535,0.020824657534246574,0.0009956321755987742
2012-08-27,2,c0009_0027,0.016486988615204985,0.01561917808219178,0.0008678105330132049
2012-08-27,3,c0029_0046,0.01638626195998932,0.01561917808219178,0.0007670838777975398
2012-08-27,4,c0029_0055,0.0160692331648507,0.01561917808219178,0.0004500550826589212
2012-08-27,5,c0017_0017,0.016039385102763138,0.01561917808219178,0.00042020702057135687
2012-08-27,6,c0009_0057,0.01414985899836503,0.013016438356164384,0.0011334206422006455
2012-08-27,7,c0016_0049,0.014114925441410544,0.013016438356164384,0.0010984870852461597
2012-08-27,8,c0020_0018,0.013979996918359909,0.013016438356164384,0.0009635585621955235
2012-08-27,9,c0023_0016,0.01383330825602895,0.013016438356164384,0.0008168698998645664
2012-08-27,10,c0021_0046,0.01356368782944205,0.013016438356164384,0.0005472494732776649
2012-08-27,11,c0031_0060,0.013492421547093477,0.013016438356164384,0.00047598319092909315
2012-08-27,12,c0015_0045,0.013429029851566103,0.013016438356164384,0.0004125914954017186
2012-08-27,13,c0010_0056,0.013383915847667639,0.013016438356164384,0.0003674774915032537
2012-08-27,14,c0012_0050,0.013188544755058691,0.013016438356164384,0.00017210639889430712
2012-08-27,15,c0013_0052,0.013151505586808877,0.013016438356164384,0.0001350672306444929
2012-08-27,16,c0020_0050,0.011354518556021324,0.010413698630136985,0.0009408199258843391
2012-08-27,17,c0025_0036,0.011242869915933295,0.010413698630136985,0.0008291712857963105
2012-08-27,18,c0023_0036,0.011227945791571553,0.010413698630136985,0.000814247161434567
2012-08-27,19,c0023_0033,0.011163151256430977,0.010413698630136985,0.0007494526262939923
2012-08-27,20,c0023_0022,0.011117175167507123,0.010413698630136985,0.0007034765373701379
2012-08-28,1,c0012_0045,0.021809288361898535,0.020824657534246574,0.0009846308276519628
2012-08-28,2,c0009_0027,0.016477399646648554,0.01561917808219178,0.0008582215644567752
2012-08-28,3,c0029_0046,0.016377785981760748,0.01561917808219178,0.0007586078995689685
2012-08-28,4,c0029_0055,0.016064260231391028,0.01561917808219178,0.0004450821491992485
2012-08-28,5,c0017_0017,0.016034741978769862,0.01561917808219178,0.00041556389657808264
2012-08-28,6,c0009_0057,0.01413733514150248,0.013016438356164384,0.001120896785338096
2012-08-28,7,c0016_0049,0.014102787586752919,0.013016438356164384,0.0010863492305885356
2012-08-28,8,c0020_0018,0.01396934997135514,0.013016438356164384,0.0009529116151907551
2012-08-28,9,c0023_0016,0.013824282161637934,0.013016438356164384,0.0008078438054735503
2012-08-28,10,c0021_0046,0.013557640935803226,0.013016438356164384,0.0005412025796388406
2012-08-28,11,c0031_0060,0.013487162118131075,0.013016438356164384,0.00047072376196669
2012-08-28,12,c0015_0045,0.013424470876161276,0.013016438356164384,0.00040803251999689126
2012-08-28,13,c0010_0056,0.01337985536444328,0.013016438356164384,0.00036341700827889677
2012-08-28,14,c0012_0050,0.013186643046350885,0.013016438356164384,0.00017020469018650013
2012-08-28,15,c0013_0052,0.013150013146491108,0.013016438356164384,0.00013357479032672325
2012-08-28,16,c0020_0050,0.011344122862095782,0.010413698630136985,0.0009304242319587961
2012-08-28,17,c0013_0025,0.011273484011533223,0.010413698630136985,0.0008597853813962371
2012-08-28,18,c0025_0036,0.011233707896016588,0.010413698630136985,0.0008200092658796033
2012-08-28,19,c0023_0036,0.011218948677419172,0.010413698630136985,0.0008052500472821864
2012-08-28,20,c0023_0033,0.01115487009666778,0.010413698630136985,0.0007411714665307961
2012-08-29,1,c0016_0049,0.019842892153525638,0.018221917808219176,0.0016209743453064595
2012-08-29,2,c0012_0045,0.019186320015412893,0.018221917808219176,0.0009644022071937184
2012-08-29,3,c0009_0027,0.01646791663246175,0.01561917808219178,0.000848738550269967
2012-08-29,4,c0029_0046,0.01636940365979196,0.01561917808219178,0.0007502255776001764
2012-08-29,5,c0029_0055,0.016059342246910153,0.01561917808219178,0.0004401641647183724
2012-08-29,6,c0017_0017,0.016030150159489175,0.01561917808219178,0.00041097207729739424
2012-08-29,7,c0009_0057,0.0141249496683828,0.013016438356164384,0.0011085113122184158
2012-08-29,8,c0020_0018,0.013958820668969982,0.013016438356164384,0.0009423823128055977
2012-08-29,9,c0013_0025,0.013866723443805417,0.013016438356164384,0.0008502850876410324
2012-08-29,10,c0023_0016,0.013815355802076136,0.013016438356164384,0.0007989174459117514
2012-08-29,11,c0021_0046,0.013551660857985091,0.013016438356164384,0.0005352225018207065
2012-08-29,12,c0031_0060,0.013481960803811243,0.013016438356164384,0.00046552244764685774
2012-08-29,13,c0015_0045,0.01341996227565989,0.013016438356164384,0.0004035239194955057
2012-08-29,14,c0010_0056,0.013375839747977831,0.013016438356164384,0.00035940139181344743
2012-08-29,15,c0012_0050,0.013184762350783976,0.013016438356164384,0.00016832399461959072
2012-08-29,16,c0026_0033,0.011582916712334693,0.010413698630136985,0.0011692180821977084
2012-08-29,17,c0020_0050,0.011333842036541135,0.010413698630136985,0.0009201434064041502
2012-08-29,18,c0025_0036,0.011224647112853241,0.010413698630136985,0.0008109484827162572
2012-08-29,19,c0023_0036,0.011210050977875653,0.010413698630136985,0.0007963523477386676
2012-08-29,20,c0023_0033,0.011146680440496163,0.010413698630136985,0.0007329818103591784
2012-08-30,1,c0016_0049,0.01982498101804546,0.018221917808219176,0.0016030632098262842
2012-08-30,2,c0012_0045,0.01917566374645932,0.018221917808219176,0.0009537459382401458
2012-08-30,3,c0009_0027,0.016458538401890023,0.01561917808219178,0.0008393603196982431
2012-08-30,4,c0029_0046,0.016361113959217733,0.01561917808219178,0.0007419358770259521
2012-08-30,5,c0029_0055,0.01605447860424325,0.01561917808219178,0.00043530052205146847
2012-08-30,6,c0017_0017,0.01602560907802397,0.01561917808219178,0.00040643099583219
2012-08-30,7,c0009_0057,0.014112701049919504,0.013016438356164384,0.001096262693755119
2012-08-30,8,c0020_0018,0.013948407711277188,0.013016438356164384,0.0009319693551128026
2012-08-30,9,c0013_0025,0.0138573281245978,0.013016438356164384,0.0008408897684334158
2012-08-30,10,c0023_0016,0.013806528075312517,0.013016438356164384,0.0007900897191481325
2012-08-30,11,c0021_0046,0.01354574685769884,0.013016438356164384,0.0005293085015344547
2012-08-30,12,c0031_0060,0.013476816961989805,0.013016438356164384,0.0004603786058254196
2012-08-30,13,c0015_0045,0.013415503493438874,0.013016438356164384,0.0003990651372744897
2012-08-30,14,c0010_0056,0.013371868502511071,0.013016438356164384,0.0003554301463466864
2012-08-30,15,c0012_0050,0.013182902436170936,0.013016438356164384,0.00016646408000655234
2012-08-30,16,c0026_0033,0.011569997307695902,0.010413698630136985,0.0011562986775589172
2012-08-30,17,c0020_0050,0.011323674810106606,0.010413698630136985,0.0009099761799696201
2012-08-30,18,c0021_0048,0.011300714895541542,0.010413698630136985,0.0008870162654045564
2012-08-30,19,c0025_0036,0.011215686447816543,0.010413698630136985,0.0008019878176795582
2012-08-30,20,c0023_0036,0.011201251594448269,0.010413698630136985,0.0007875529643112842
2012-08-31,1,c0016_0049,0.019807267793639644,0.018221917808219176,0.0015853499854204688
2012-08-31,2,c0012_0045,0.019716583595072258,0.018221917808219176,0.0014946657868530814
2012-08-31,3,c0009_0027,0.01644926379711523,0.01561917808219178,0.0008300857149234487
2012-08-31,4,c0029_0046,0.016352915856607725,0.01561917808219178,0.0007337377744159432
2012-08-31,5,c0029_0055,0.01604966870293443,0.01561917808219178,0.0004304906207426474
2012-08-31,6,c0017_0017,0.01602111817374114,0.01561917808219178,0.0004019400915493609
2012-08-31,7,c0009_0057,0.014100587773921914,0.013016438356164384,0.001084149417757529
2012-08-31,8,c0020_0018,0.013938109812713196,0.013016438356164384,0.000921671456548812
2012-08-31,9,c0013_0025,0.013848036620009888,0.013016438356164384,0.000831598263845503
2012-08-31,10,c0023_0016,0.013797797891493055,0.013016438356164384,0.0007813595353286715
2012-08-31,11,c0021_0046,0.013539898204813466,0.013016438356164384,0.0005234598486490818
2012-08-31,12,c0031_0060,0.013471729957618027,0.013016438356164384,0.0004552916014536419
2012-08-31,13,c0015_0045,0.013411093979025623,0.013016438356164384,0.0003946556228612393
2012-08-31,14,c0010_0056,0.013367941137760736,0.013016438356164384,0.00035150278159635134
2012-08-31,15,c0012_0050,0.013181063072890319,0.013016438356164384,0.00016462471672593458
2012-08-31,16,c0026_0033,0.011557220657448923,0.010413698630136985,0.0011435220273119388
2012-08-31,17,c0012_0029,0.011546619000607888,0.010413698630136985,0.001132920370470903
2012-08-31,18,c0020_0050,0.011313619927566137,0.010413698630136985,0.0008999212974291523
2012-08-31,19,c0021_0048,0.011290913711118863,0.010413698630136985,0.0008772150809818774
2012-08-31,20,c0025_0036,0.011206824794640167,0.010413698630136985,0.0007931261645031825
2012-09-01,1,c0016_0049,0.019789750293467863,0.018221917808219176,0.0015678324852486864
2012-09-01,2,c0012_0045,0.019700068119991837,0.018221917808219176,0.0014781503117726614
2012-09-01,3,c0009_0027,0.01644009167311265,0.01561917808219178,0.0008209135909208686
2012-09-01,4,c0029_0046,0.016344808339840082,0.01561917808219178,0.0007256302576483031
2012-09-01,5,c0029_0055,0.016044911949162605,0.01561917808219178,0.0004257338669708235
2012-09-01,6,c0017_0017,0.016016676892202354,0.01561917808219178,0.0003974988100105753
2012-09-01,7,c0009_0057,0.014088608344908472,0.013016438356164384,0.001072169988744088
2012-09-01,8,c0020_0018,0.013927925701919428,0.013016438356164384,0.0009114873457550441
2012-09-01,9,c0013_0025,0.013838847782930545,0.013016438356164384,0.00082240942676616
2012-09-01,10,c0023_0016,0.013789164172806193,0.013016438356164384,0.000772725816641808
2012-09-01,11,c0021_0046,0.01353411417726563,0.013016438356164384,0.0005176758211012471
2012-09-01,12,c0031_0060,0.013466699162664218,0.013016438356164384,0.0004502608064998326
2012-09-01,13,c0015_0045,0.013406733188030042,0.013016438356164384,0.00039029483186565797
2012-09-01,14,c0010_0056,0.013364057168861992,0.013016438356164384,0.00034761881269760827
2012-09-01,15,c0012_0050,0.013179244033857899,0.013016438356164384,0.00016280567769351467
2012-09-01,16,c0012_0029,0.01208447506285625,0.010413698630136985,0.0016707764327192661
2012-09-01,17,c0026_0033,0.011544585184213302,0.010413698630136985,0.0011308865540763176
2012-09-01,18,c0020_0050,0.011303676147563438,0.010413698630136985,0.0008899775174264521
2012-09-01,19,c0021_0048,0.011281220825968512,0.010413698630136985,0.0008675221958315273
2012-09-01,20,c0025_0036,0.011198061059281603,0.010413698630136985,0.0007843624291446177
2012-09-02,1,c0016_0049,0.01977242635485352,0.018221917808219176,0.001550508546634346
2012-09-02,2,c0012_0045,0.019683735134481684,0.018221917808219176,0.0014618173262625066
2012-09-02,3,c0009_0027,0.016431020897509644,0.01561917808219178,0.0008118428153178648
2012-09-02,4,c0029_0046,0.016336790407976517,0.01561917808219178,0.0007176123257847384
2012-09-02,5,c0029_0055,0.01604020775566818,0.01561917808219178,0.00042102967347640286
2012-09-02,6,c0017_0017,0.01601228468509561,0.01561917808219178,0.0003931066029038294
2012-09-02,7,c0009_0057,0.01407676128392211,0.013016438356164384,0.001060322927757726
2012-09-02,8,c0020_0018,0.013917854121585319,0.013016438356164384,0.0009014157654209347
2012-09-02,9,c0013_0025,0.01382976047892377,0.013016438356164384,0.0008133221227593855
2012-09-02,10,c0023_0016,0.013780625853349765,0.013016438356164384,0.0007641874971853802
2012-09-02,11,c0021_0046,0.013528394060970514,0.013016438356164384,0.0005119557048061292
2012-09-02,12,c0031_0060,0.01346172395603619,0.013016438356164384,0.0004452855998718049
2012-09-02,13,c0015_0045,0.013402420582077332,0.013016438356164384,0.0003859822259129484
2012-09-02,14,c0010_0056,0.013360216116307576,0.013016438356164384,0.0003437777601431908
2012-09-02,15,c0012_0050,0.013177445094498646,0.013016438356164384,0.0001610067383342622
2012-09-02,16,c0012_0029,0.012066013633697813,0.010413698630136985,0.001652315003560829
2012-09-02,17,c0026_0033,0.011532089328038023,0.010413698630136985,0.0011183906979010368
2012-09-02,18,c0020_0050,0.011293842242458713,0.010413698630136985,0.0008801436123217283
2012-09-02,19,c0021_0048,0.011271635043425692,0.010413698630136985,0.0008579364132887075
2012-09-02,20,c0025_0036,0.011189394159787081,0.010413698630136985,0.0007756955296500961
2012-09-03,1,c0016_0049,0.019755293839016766,0.018221917808219176,0.0015333760307975905
2012-09-03,2,c0012_0045,0.019667582622103084,0.018221917808219176,0.0014456648138839064
2012-09-03,3,c0009_0027,0.016422050350445857,0.01561917808219178,0.0008028722682540762
2012-09-03,4,c0029_0046,0.016328861071138713,0.01561917808219178,0.0007096829889469342
2012-09-03,5,c0029_0055,0.01603555554168056,0.01561917808219178,0.0004163774594887816
2012-09-03,6,c0017_0017,0.016007941010167535,0.01561917808219178,0.00038876292797575333
2012-09-03,7,c0009_0057,0.014065045128347659,0.013016438356164384,0.0010486067721832747
2012-09-03,8,c0020_0018,0.013907893828293097,0.013016438356164384,0.0008914554721287124
2012-09-03,9,c0013_0025,0.013820773586088637,0.013016438356164384,0.0008043352299242536
2012-09-03,10,c0023_0016,0.013772181878999415,0.013016438356164384,0.00075574352283503
2012-09-03,11,c0021_0046,0.01352273714973365,0.013016438356164384,0.0005062987935692659
2012-09-03,12,c0031_0060,0.013456803723504584,0.013016438356164384,0.00044036536734019924
2012-09-03,13,c0015_0045,0.01339815562874153,0.013016438356164384,0.00038171727257714494
2012-09-03,14,c0010_0056,0.013356417505888585,0.013016438356164384,0.00033997914972420116
2012-09-03,15,c0012_0050,0.013175666032718998,0.013016438356164384,0.00015922767655461326
2012-09-03,16,c0012_0029,0.012047756196144656,0.010413698630136985,0.0016340575660076708
2012-09-03,17,c0026_0033,0.011519731546208917,0.010413698630136985,0.001106032916071932
2012-09-03,18,c0020_0050,0.011284116998177118,0.010413698630136985,0.0008704183680401323
2012-09-03,19,c0021_0048,0.011262155180048283,0.010413698630136985,0.0008484565499112987
2012-09-03,20,c0025_0036,0.011180823026158002,0.010413698630136985,0.0007671243960210178
2012-09-04,1,c0016_0049,0.019738350630810423,0.018221917808219176,0.0015164328225912465
2012-09-04,2,c0012_0045,0.019651608588698192,0.018221917808219176,0.001429690780479015
2012-09-04,3,c0009_0027,0.016413178924434942,0.01561917808219178,0.0007940008422431632
2012-09-04,4,c0029_0046,0.016321019350386125,0.01561917808219178,0.0007018412681943449
2012-09-04,5,c0029_0055,0.016030954732846426,0.01561917808219178,0.00041177665065464495
2012-09-04,6,c0017_0017,0.016003645331156446,0.01561917808219178,0.00038446724896466636
2012-09-04,7,c0009_0057,0.014053458431731277,0.013016438356164384,0.0010370200755668928
2012-09-04,8,c0020_0018,0.013898043592364271,0.013016438356164384,0.0008816052361998875
2012-09-04,9,c0013_0025,0.013811885994920791,0.013016438356164384,0.000795447638756407
2012-09-04,10,c0023_0016,0.013763831207278449,0.013016438356164384,0.0007473928511140633
2012-09-04,11,c0021_0046,0.013517142745163753,0.013016438356164384,0.0005007043889993688
2012-09-04,12,c0031_0060,0.013451937857627036,0.013016438356164384,0.00043549950146265113
2012-09-04,13,c0015_0045,0.013393937801479766,0.013016438356164384,0.0003774994453153818
2012-09-04,14,c0010_0056,0.01335266086863595,0.013016438356164384,0.0003362225124715654
2012-09-04,15,c0012_0050,0.013173906628879435,0.013016438356164384,0.00015746827271505157
2012-09-04,16,c0012_0029,0.01202970049616895,0.010413698630136985,0.0016160018660319655
2012-09-04,17,c0026_0033,0.011507510313058213,0.010413698630136985,0.0010938116829212292
2012-09-04,18,c0020_0050,0.011274499214058854,0.010413698630136985,0.0008608005839218693
2012-09-04,19,c0021_0048,0.011252780065470742,0.010413698630136985,0.0008390814353337571
2012-09-04,20,c0014_0019,0.011179102292828737,0.010413698630136985,0.0007654036626917518
2012-09-05,1,c0012_0045,0.022238550788171225,0.020824657534246574,0.0014138932539246533
2012-09-05,2,c0012_0029,0.017217323756703797,0.01561917808219178,0.0015981456745120168
2012-09-05,3,c0016_0049,0.01710972845630893,0.01561917808219178,0.0014905503741171485
2012-09-05,4,c0009_0027,0.01640440552422786,0.01561917808219178,0.0007852274420360781
2012-09-05,5,c0029_0046,0.016313264277595118,0.01561917808219178,0.0006940861954033377
2012-09-05,6,c0029_0055,0.01602640476115884,0.01561917808219178,0.0004072266789670586
2012-09-05,7,c0009_0057,0.014041999763601876,0.013016438356164384,0.0010255614074374912
2012-09-05,8,c0020_0018,0.013888302197707824,0.013016438356164384,0.0008718638415434391
2012-09-05,9,c0014_0019,0.013773384606350386,0.013016438356164384,0.0007569462501860019
2012-09-05,10,c0023_0016,0.013755572807229131,0.013016438356164384,0.0007391344510647474
2012-09-05,11,c0021_0046,0.013511610156586485,0.013016438356164384,0.0004951718004221012
2012-09-05,12,c0031_0060,0.013447125757673182,0.013016438356164384,0.00043068740150879785
2012-09-05,13,c0015_0045,0.013389766579567272,0.013016438356164384,0.0003733282234028866
2012-09-05,14,c0017_0017,0.01338753867851025,0.013016438356164384,0.0003711003223458661
2012-09-05,15,c0010_0056,0.01334894574076252,0.013016438356164384,0.0003325073845981353
2012-09-05,16,c0012_0050,0.013172166665767376,0.013016438356164384,0.00015572830960299176
2012-09-05,17,c0026_0033,0.011495424119776174,0.010413698630136985,0.0010817254896391892
2012-09-05,18,c0020_0050,0.011264987702710953,0.010413698630136985,0.0008512890725739681
2012-09-05,19,c0021_0048,0.011234420033924778,0.010413698630136985,0.0008207214037877938
2012-09-05,20,c0013_0025,0.011191406170728325,0.010413698630136985,0.0007777075405913395
2012-09-06,1,c0012_0045,0.02222292781813541,0.020824657534246574,0.0013982702838888363
2012-09-06,2,c0012_0029,0.017199664869148836,0.01561917808219178,0.0015804867869570573
2012-09-06,3,c0016_0049,0.017093258454937137,0.01561917808219178,0.0014740803727453554
2012-09-06,4,c0009_0027,0.01639572906667763,0.01561917808219178,0.0007765509844858501
2012-09-06,5,c0029_0046,0.016305594895339448,0.01561917808219178,0.0006864168131476685
2012-09-06,6,c0029_0055,0.016021905064887123,0.01561917808219178,0.00040272698269534383
2012-09-06,7,c0009_0057,0.014030667709294514,0.013016438356164384,0.0010142293531301297
2012-09-06,8,c0020_0018,0.013878668441670064,0.013016438356164384,0.0008622300855056785
2012-09-06,9,c0014_0019,0.013765020644960406,0.013016438356164384,0.0007485822887960214
2012-09-06,10,c0023_0016,0.013747405659285415,0.013016438356164384,0.0007309673031210315
2012-09-06,11,c0021_0046,0.013506138700959194,0.013016438356164384,0.0004897003447948095
2012-09-06,12,c0031_0060,0.013442366829550498,0.013016438356164384,0.00042592847338611346
2012-09-06,13,c0015_0045,0.013385641448033078,0.013016438356164384,0.0003692030918686931
2012-09-06,14,c0017_0017,0.013383438164415428,0.013016438356164384,0.00036699980825104434
2012-09-06,15,c0010_0056,0.013345271663605815,0.013016438356164384,0.00032883330744142985
2012-09-06,16,c0012_0050,0.013170445928570348,0.013016438356164384,0.0001540075724059632
2012-09-06,17,c0026_0033,0.01148347147422482,0.010413698630136985,0.0010697728440878349
2012-09-06,18,c0020_0050,0.011255581289860673,0.010413698630136985,0.0008418826597236877
2012-09-06,19,c0021_0048,0.011225351381914779,0.010413698630136985,0.0008116527517777932
2012-09-06,20,c0013_0025,0.01118281280516161,0.010413698630136985,0.0007691141750246239
2012-09-07,1,c0012_0045,0.02220747747583656,0.020824657534246574,0.001382819941589988
2012-09-07,2,c0012_0029,0.017182201105426863,0.01561917808219178,0.0015630230232350825
2012-09-07,3,c0016_0049,0.017076970440668828,0.01561917808219178,0.0014577923584770491
2012-09-07,4,c0009_0027,0.01638714848060564,0.01561917808219178,0.0007679703984138602
2012-09-07,5,c0029_0046,0.01629801025677206,0.01561917808219178,0.0006788321745802801
2012-09-07,6,c0029_0055,0.016017455088507507,0.01561917808219178,0.00039827700631572696
2012-09-07,7,c0009_0057,0.014019460869775749,0.013016438356164384,0.0010030225136113647
2012-09-07,8,c0020_0018,0.013869141134886158,0.013016438356164384,0.0008527027787217728
2012-09-07,9,c0014_0019,0.013756749102087745,0.013016438356164384,0.0007403107459233607
2012-09-07,10,c0023_0016,0.013739328755147058,0.013016438356164384,0.0007228903989826729
2012-09-07,11,c0021_0046,0.01350072770278658,0.013016438356164384,0.0004842893466221948
2012-09-07,12,c0031_0060,0.013437660485730947,0.013016438356164384,0.0004212221295665629
2012-09-07,13,c0015_0045,0.013381561897596449,0.013016438356164384,0.00036512354143206375
2012-09-07,14,c0017_0017,0.013379382959405049,0.013016438356164384,0.0003629446032406652
2012-09-07,15,c0010_0056,0.013341638183571395,0.013016438356164384,0.0003251998274070101
2012-09-07,16,c0012_0050,0.013168744204849474,0.013016438356164384,0.00015230584868508923
2012-09-07,17,c0026_0033,0.011471650900753716,0.010413698630136985,0.0010579522706167309
2012-09-07,18,c0020_0050,0.011246278814210529,0.010413698630136985,0.0008325801840735438
2012-09-07,19,c0021_0048,0.011216382934979117,0.010413698630136985,0.0008026843048421319
2012-09-07,20,c0013_0025,0.011174314392939061,0.010413698630136985,0.0007606157628020758
2012-09-08,1,c0012_0045,0.02219219785380539,0.020824657534246574,0.0013675403195588178
2012-09-08,2,c0012_0029,0.01716493030949548,0.01561917808219178,0.0015457522273036978
2012-09-08,3,c0016_0049,0.017060862402617363,0.01561917808219178,0.001441684320425583
2012-09-08,4,c0009_0027,0.016378662706669374,0.01561917808219178,0.0007594846244775956
2012-09-08,5,c0029_0046,0.01629050942550819,0.01561917808219178,0.0006713313433164077
2012-09-08,6,c0029_0055,0.016013054282634536,0.01561917808219178,0.0003938762004427562
2012-09-08,7,c0009_0057,0.014008377861470913,0.013016438356164384,0.0009919395053065276
2012-09-08,8,c0020_0018,0.01385971910113329,0.013016438356164384,0.0008432807449689064
2012-09-08,9,c0014_0019,0.013748568956543765,0.013016438356164384,0.0007321306003793816
2012-09-08,10,c0023_0016,0.013731341097655137,0.013016438356164384,0.000714902741490753
2012-09-08,11,c0021_0046,0.013495376494037304,0.013016438356164384,0.00047893813787291885
2012-09-08,12,c0031_0060,0.013433006145178452,0.013016438356164384,0.0004165677890140674
2012-09-08,13,c0015_0045,0.013377527424604,0.013016438356164384,0.000361089068439615
2012-09-08,14,c0017_0017,0.013375372562831368,0.013016438356164384,0.00035893420666698397
2012-09-08,15,c0010_0056,0.013338044852076864,0.013016438356164384,0.00032160649591247894
2012-09-08,16,c0012_0050,0.013167061284513245,0.013016438356164384,0.0001506229283488602
2012-09-08,17,c0026_0033,0.011459960940017791,0.010413698630136985,0.001046262309880805
2012-09-08,18,c0020_0050,0.011237079127294922,0.010413698630136985,0.0008233804971579365
2012-09-08,19,c0021_0048,0.011207513585890732,0.010413698630136985,0.000793814955753748
2012-09-08,20,c0013_0025,0.011165909884863191,0.010413698630136985,0.0007522112547262065
2012-09-09,1,c0012_0045,0.0221770870656494,0.020824657534246574,0.0013524295314028278
2012-09-09,2,c0012_0029,0.01714785034913572,0.01561917808219178,0.0015286722669439392
2012-09-09,3,c0016_0049,0.017044932352115603,0.01561917808219178,0.001425754269923824
2012-09-09,4,c0009_0027,0.016370270697231647,0.01561917808219178,0.0007510926150398664
2012-09-09,5,c0029_0046,0.016283091475509753,0.01561917808219178,0.0006639133933179734
2012-09-09,6,c0029_0055,0.016008702103953255,0.01561917808219178,0.00038952402176147476
2012-09-09,7,c0009_0057,0.013997417316093295,0.013016438356164384,0.0009809789599289113
2012-09-09,8,c0020_0018,0.013850401177185454,0.013016438356164384,0.0008339628210210688
2012-09-09,9,c0014_0019,0.013740479198423567,0.013016438356164384,0.0007240408422591827
2012-09-09,10,c0023_0016,0.013723441700668956,0.013016438356164384,0.0007070033445045725
2012-09-09,11,c0021_0046,0.013490084414061514,0.013016438356164384,0.0004736460578971294
2012-09-09,12,c0031_0060,0.013428403233277155,0.013016438356164384,0.00041196487711277045
2012-09-09,13,c0015_0045,0.013373537530967521,0.013016438356164384,0.00035709917480313696
2012-09-09,14,c0017_0017,0.013371406479578603,0.013016438356164384,0.00035496812341421905
2012-09-09,15,c0010_0056,0.013334491225496485,0.013016438356164384,0.0003180528693321004
2012-09-09,16,c0012_0050,0.01316539695979158,0.013016438356164384,0.00014895860362719584
2012-09-09,17,c0026_0033,0.011448400148797166,0.010413698630136985,0.0010347015186601806
2012-09-09,18,c0020_0050,0.011227981093338349,0.010413698630136985,0.0008142824632013645
2012-09-09,19,c0021_0048,0.011198742239656992,0.010413698630136985,0.0007850436095200066
2012-09-09,20,c0013_0025,0.011157598243329736,0.010413698630136985,0.0007438996131927516
2012-09-10,1,c0012_0045,0.02216214324582,0.020824657534246574,0.0013374857115734237
2012-09-10,2,c0012_0029,0.01713095911568881,0.01561917808219178,0.0015117810334970313
2012-09-10,3,c0016_0049,0.017029178322470417,0.01561917808219178,0.0014100002402786377
2012-09-10,4,c0009_0027,0.016361971416231247,0.01561917808219178,0.0007427933340394663
2012-09-10,5,c0029_0046,0.016275755490971038,0.01561917808219178,0.0006565774087792587
2012-09-10,6,c0029_0055,0.016004398015152126,0.01561917808219178,0.0003852199329603447
2012-09-10,7,c0009_0057,0.013986577880475227,0.013016438356164384,0.0009701395243108438
2012-09-10,8,c0020_0018,0.013841186212669828,0.013016438356164384,0.0008247478565054435
2012-09-10,9,c0014_0019,0.013732478828981303,0.013016438356164384,0.000716040472816918
2012-09-10,10,c0023_0016,0.013715629588944286,0.013016438356164384,0.0006991912327799021
2012-09-10,11,c0021_0046,0.013484850809509282,0.013016438356164384,0.00046841245334489773
2012-09-10,12,c0031_0060,0.013423851181760482,0.013016438356164384,0.0004074128255960972
2012-09-10,13,c0015_0045,0.013369591724102485,0.013016438356164384,0.0003531533679381007
2012-09-10,14,c0017_0017,0.013367484220001809,0.013016438356164384,0.000351045863837425
2012-09-10,15,c0010_0056,0.013330976865106415,0.013016438356164384,0.00031453850894202964
2012-09-10,16,c0012_0050,0.013163751025210179,0.013016438356164384,0.00014731266904579443
2012-09-10,17,c0026_0033,0.011436967099818982,0.010413698630136985,0.001023268469681998
2012-09-10,18,c0020_0050,0.011218983589115189,0.010413698630136985,0.0008052849589782036
2012-09-10,19,c0021_0048,0.011190067813384502,0.010413698630136985,0.0007763691832475166
2012-09-10,20,c0013_0025,0.011149378442199554,0.010413698630136985,0.0007356798120625699
2012-09-11,1,c0012_0045,0.02214736454938217,0.020824657534246574,0.001322707015135596
2012-09-11,2,c0012_0029,0.01711425452379584,0.01561917808219178,0.0014950764416040575
2012-09-11,3,c0016_0049,0.01701359836871986,0.01561917808219178,0.0013944202865280827
2012-09-11,4,c0009_0027,0.01635376383905504,0.01561917808219178,0.0007345857568632606
2012-09-11,5,c0029_0046,0.016268500566205622,0.01561917808219178,0.0006493224840138427
2012-09-11,6,c0029_0055,0.016000141484856692,0.01561917808219178,0.0003809634026649115
2012-09-11,7,c0009_0057,0.013975858216401014,0.013016438356164384,0.0009594198602366295
2012-09-11,8,c0020_0018,0.013832073069924771,0.013016438356164384,0.0008156347137603865
2012-09-11,9,c0014_0019,0.01372456686050688,0.013016438356164384,0.0007081285043424952
2012-09-11,10,c0023_0016,0.013707903798012967,0.013016438356164384,0.0006914654418485818
2012-09-11,11,c0021_0046,0.013479675034249943,0.013016438356164384,0.00046323667808555787
2012-09-11,12,c0031_0060,0.013419349428640981,0.013016438356164384,0.00040291107247659725
2012-09-11,13,c0015_0045,0.01336568951686723,0.013016438356164384,0.00034925116070284455
2012-09-11,14,c0017_0017,0.013363605299866427,0.013016438356164384,0.00034716694370204266
2012-09-11,15,c0010_0056,0.013327501337030534,0.013016438356164384,0.0003110629808661501
2012-09-11,16,c0012_0050,0.01316212327756515,0.013016438356164384,0.00014568492140076518
2012-09-11,17,c0026_0033,0.011425660381581193,0.010413698630136985,0.0010119617514442083
2012-09-11,18,c0020_0050,0.011210085503811019,0.010413698630136985,0.0007963868736740346
2012-09-11,19,c0021_0048,0.011181489236145422,0.010413698630136985,0.0007677906060084361
2012-09-11,20,c0013_0025,0.011141249466671943,0.010413698630136985,0.000727550836534958
2012-09-12,1,c0012_0045,0.022132749151786722,0.020824657534246574,0.0013080916175401498
2012-09-12,2,c0012_0029,0.017097734511140286,0.01561917808219178,0.0014785564289485052
2012-09-12,3,c0016_0049,0.01699819056739307,0.01561917808219178,0.0013790124852012906
2012-09-12,4,c0009_0027,0.016345646952411474,0.01561917808219178,0.0007264688702196925
2012-09-12,5,c0029_0046,0.016261325805534566,0.01561917808219178,0.0006421477233427864
2012-09-12,6,c0029_0055,0.015995931987563983,0.01561917808219178,0.0003767539053722015
2012-09-12,7,c0009_0057,0.01396525700044172,0.013016438356164384,0.0009488186442773355
2012-09-12,8,c0020_0018,0.013823060623859356,0.013016438356164384,0.0008066222676949713
2012-09-12,9,c0014_0019,0.013716742316204018,0.013016438356164384,0.0007003039600396337
2012-09-12,10,c0023_0016,0.013700263374063833,0.013016438356164384,0.0006838250178994487
2012-09-12,11,c0021_0046,0.01347455644929232,0.013016438356164384,0.0004581180931279359
2012-09-12,12,c0031_0060,0.013414897418140947,0.013016438356164384,0.00039845906197656265
2012-09-12,13,c0015_0045,0.013361830427502816,0.013016438356164384,0.0003453920713384325
2012-09-12,14,c0017_0017,0.013359769240288501,0.013016438356164384,0.00034333088412411635
2012-09-12,15,c0010_0056,0.013324064212186891,0.013016438356164384,0.00030762585602250707
2012-09-12,16,c0012_0050,0.013160513515897925,0.013016438356164384,0.00014407515973354122
2012-09-12,17,c0026_0033,0.011414478598178294,0.010413698630136985,0.0010007799680413095
2012-09-12,18,c0017_0050,0.011256952834058613,0.010413698630136985,0.0008432542039216275
2012-09-12,19,c0019_0050,0.011232732722903772,0.010413698630136985,0.0008190340927667875
2012-09-12,20,c0020_0050,0.011201285738885491,0.010413698630136985,0.0007875871087485066
2012-09-13,1,c0012_0045,0.02211829524864502,0.020824657534246574,0.0012936377143984476
2012-09-13,2,c0012_0029,0.017081397038193436,0.01561917808219178,0.0014622189560016558
2012-09-13,3,c0016_0049,0.016982953016272777,0.01561917808219178,0.0013637749340809958
2012-09-13,4,c0009_0027,0.01633761975420546,0.01561917808219178,0.0007184416720136807
2012-09-13,5,c0029_0046,0.016254230323175835,0.01561917808219178,0.0006350522409840545
2012-09-13,6,c0029_0055,0.015991769003577624,0.01561917808219178,0.00037259092138584426
2012-09-13,7,c0009_0057,0.013954772923791787,0.013016438356164384,0.0009383345676274028
2012-09-13,8,c0020_0018,0.013814147761814473,0.013016438356164384,0.0007977094056500884
2012-09-13,9,c0014_0019,0.013709004230069656,0.013016438356164384,0.0006925658739052712
2012-09-13,10,c0023_0016,0.013692707373824968,0.013016438356164384,0.0006762690176605831
2012-09-13,11,c0021_0046,0.013469494422705846,0.013016438356164384,0.00045305606654146154
2012-09-13,12,c0031_0060,0.013410494600623797,0.013016438356164384,0.0003940562444594127
2012-09-13,13,c0015_0045,0.013358013979573561,0.013016438356164384,0.000341575623409177
2012-09-13,14,c0017_0017,0.013355975567675555,0.013016438356164384,0.0003395372115111714
2012-09-13,15,c0010_0056,0.013320665066234718,0.013016438356164384,0.00030422671007033445
2012-09-13,16,c0012_0050,0.013158921541470454,0.013016438356164384,0.00014248318530606964
2012-09-13,17,c0026_0033,0.011403420369128997,0.010413698630136985,0.0009897217389920122
2012-09-13,18,c0017_0050,0.011247635203379016,0.010413698630136985,0.00083393657324203
2012-09-13,19,c0019_0050,0.011223682715023693,0.010413698630136985,0.0008099840848867089
2012-09-13,20,c0020_0050,0.011192583207936695,0.010413698630136985,0.0007788845777997104
2012-09-14,1,c0012_0045,0.02210400105550622,0.020824657534246574,0.0012793435212596447
2012-09-14,2,c0012_0029,0.01706524008796257,0.01561917808219178,0.0014460620057707904
2012-09-14,3,c0016_0049,0.016967883834160473,0.01561917808219178,0.0013487057519686939
2012-09-14,4,c0009_0027,0.016329681253414687,0.01561917808219178,0.000710503171222906
2012-09-14,5,c0029_0046,0.01624721324313494,0.01561917808219178,0.0006280351609431585
2012-09-14,6,c0029_0055,0.015987652018943692,0.01561917808219178,0.00036847393675191185
2012-09-14,7,c0009_0057,0.013944404692107448,0.013016438356164384,0.0009279663359430643
2012-09-14,8,c0020_0018,0.013805333383425463,0.013016438356164384,0.0007888950272610783
2012-09-14,9,c0014_0019,0.013701351646774688,0.013016438356164384,0.0006849132906103036
2012-09-14,10,c0023_0016,0.013685234864447237,0.013016438356164384,0.0006687965082828522
2012-09-14,11,c0021_0046,0.013464488329542536,0.013016438356164384,0.00044804997337815163
2012-09-14,12,c0031_0060,0.013406140432526222,0.013016438356164384,0.0003897020763618373
2012-09-14,13,c0015_0045,0.013354239701908204,0.013016438356164384,0.00033780134574381974
2012-09-14,14,c0017_0017,0.013352223813668131,0.013016438356164384,0.00033578545750374584
2012-09-14,15,c0010_0056,0.013317303479522051,0.013016438356164384,0.0003008651233576665
2012-09-14,16,c0012_0050,0.01315734715774066,0.013016438356164384,0.00014090880157627568
2012-09-14,17,c0013_0025,0.011669494514605118,0.010413698630136985,0.0012557958844681323
2012-09-14,18,c0026_0033,0.011392484329205792,0.010413698630136985,0.0009787856990688083
2012-09-14,19,c0017_0050,0.01123842052889113,0.010413698630136985,0.0008247218987541452
2012-09-14,20,c0019_0050,0.011214732706207577,0.010413698630136985,0.0008010340760705923
2012-09-15,1,c0012_0045,0.022089864807636958,0.020824657534246574,0.001265207273390383
2012-09-15,2,c0012_0029,0.017049261665741954,0.01561917808219178,0.0014300835835501732
2012-09-15,3,c0016_0049,0.016952981160644174,0.01561917808219178,0.001333803078452392
2012-09-15,4,c0009_0027,0.01632183046996724,0.01561917808219178,0.0007026523877754592
2012-09-15,5,c0029_0046,0.016240273699096787,0.01561917808219178,0.0006210956169050078
2012-09-15,6,c0029_0055,0.01598358052538725,0.01561917808219178,0.0003644024431954673
2012-09-15,7,c0009_0057,0.013934151025346932,0.013016438356164384,0.0009177126691825481
2012-09-15,8,c0020_0018,0.013796616400486267,0.013016438356164384,0.0007801780443218829
2012-09-15,9,c0014_0019,0.013693783621546026,0.013016438356164384,0.0006773452653816411
2012-09-15,10,c0023_0016,0.013677844923389127,0.013016438356164384,0.0006614065672247426
2012-09-15,11,c0021_0046,0.01345953755175984,0.013016438356164384,0.00044309919559545457
2012-09-15,12,c0031_0060,0.013401834376291073,0.013016438356164384,0.00038539602012668876
2012-09-15,13,c0015_0045,0.013350507128541746,0.013016438356164384,0.00033406877237736137
2012-09-15,14,c0017_0017,0.013348513515081952,0.013016438356164384,0.00033207515891756724
2012-09-15,15,c0010_0056,0.013313979037033912,0.013016438356164384,0.00029754068086952824
2012-09-15,16,c0012_0050,0.013155790170338182,0.013016438356164384,0.0001393518141737979
2012-09-15,17,c0013_0025,0.01165561845895545,0.010413698630136985,0.0012419198288184648
2012-09-15,18,c0026_0033,0.011381669128266407,0.010413698630136985,0.0009679704981294217
2012-09-15,19,c0017_0050,0.011229307672969119,0.010413698630136985,0.0008156090428321347
2012-09-15,20,c0019_0050,0.011205881591504695,0.010413698630136985,0.0007921829613677095
2012-09-16,1,c0012_0045,0.022075884759803495,0.020824657534246574,0.0012512272255569214
2012-09-16,2,c0012_0029,0.01703345979886657,0.01561917808219178,0.0014142817166747916
2012-09-16,3,c0016_0049,0.016938243155868705,0.01561917808219178,0.0013190650736769251
2012-09-16,4,c0009_0027,0.016314066434620626,0.01561917808219178,0.0006948883524288447
2012-09-16,5,c0029_0046,0.016233410834318736,0.01561917808219178,0.0006142327521269563
2012-09-16,6,c0029_0055,0.015979554020249594,0.01561917808219178,0.0003603759380578139
2012-09-16,7,c0023_0016,0.014222846681234904,0.013016438356164384,0.0012064083250705195
2012-09-16,8,c0009_0057,0.01392401065761243,0.013016438356164384,0.0009075723014480457
2012-09-16,9,c0020_0018,0.013787995736815082,0.013016438356164384,0.000771557380650697
2012-09-16,10,c0014_0019,0.013686299220049953,0.013016438356164384,0.0006698608638855691
2012-09-16,11,c0021_0046,0.013454641478144333,0.013016438356164384,0.00043820312197994873
2012-09-16,12,c0031_0060,0.013397575900301002,0.013016438356164384,0.0003811375441366172
2012-09-16,13,c0015_0045,0.013346815798657919,0.013016438356164384,0.00033037744249353446
2012-09-16,14,c0017_0017,0.013344844213850753,0.013016438356164384,0.00032840585768636923
2012-09-16,15,c0010_0056,0.013310691328341083,0.013016438356164384,0.0002942529721766987
2012-09-16,16,c0012_0050,0.013154250387040376,0.013016438356164384,0.00013781203087599175
2012-09-16,17,c0013_0025,0.011641895728318847,0.010413698630136985,0.001228197098181862
2012-09-16,18,c0026_0033,0.011370973431087108,0.010413698630136985,0.0009572748009501236
2012-09-16,19,c0017_0050,0.011220295510557468,0.010413698630136985,0.0008065968804204831
2012-09-16,20,c0019_0050,0.011197128278173594,0.010413698630136985,0.0007834296480366087
2012-09-17,1,c0012_0045,0.022062059186056245,0.020824657534246574,0.001237401651809672
2012-09-17,2,c0012_0029,0.017017832536468592,0.01561917808219178,0.001398654454276812
2012-09-17,3,c0016_0049,0.016923668000308593,0.01561917808219178,0.0013044899181168113
2012-09-17,4,c0009_0027,0.0163063881888421,0.01561917808219178,0.0006872101066503182
2012-09-17,5,c0029_0046,0.01622662380152481,0.01561917808219178,0.0006074457193330308
2012-09-17,6,c0029_0055,0.015975572006426218,0.01561917808219178,0.00035639392423443756
2012-09-17,7,c0023_0016,0.014209516338890303,0.013016438356164384,0.001193077982725919
2012-09-17,8,c0009_0057,0.01391398233699381,0.013016438356164384,0.0008975439808294258
2012-09-17,9,c0020_0018,0.01377947032812149,0.013016438356164384,0.000763031971957106
2012-09-17,10,c0014_0019,0.013678897518276781,0.013016438356164384,0.0006624591621123968
2012-09-17,11,c0021_0046,0.013449799504236267,0.013016438356164384,0.0004333611480718824
2012-09-17,12,c0031_0060,0.013393364478812822,0.013016438356164384,0.0003769261226484371
2012-09-17,13,c0015_0045,0.013343165256532296,0.013016438356164384,0.0003267269003679113
2012-09-17,14,c0017_0017,0.013341215456969724,0.013016438356164384,0.00032477710080533933
2012-09-17,15,c0010_0056,0.013307439947549425,0.013016438356164384,0.0002910015913850399
2012-09-17,16,c0012_0050,0.013152727617748583,0.013016438356164384,0.0001362892615841981
2012-09-17,17,c0013_0025,0.011628324628513603,0.010413698630136985,0.001214625998376618
2012-09-17,18,c0026_0033,0.011360395917197872,0.010413698630136985,0.0009466972870608868
2012-09-17,19,c0017_0050,0.011211382929032085,0.010413698630136985,0.0007976842988951001
2012-09-17,20,c0019_0050,0.01118847168554719,0.010413698630136985,0.0007747730554102046
2012-09-18,1,c0012_0045,0.022048386379516692,0.020824657534246574,0.0012237288452701175
2012-09-18,2,c0012_0029,0.01700237794923651,0.01561917808219178,0.0013831998670447317
2012-09-18,3,c0016_0049,0.016909253894543397,0.01561917808219178,0.0012900758123516177
2012-09-18,4,c0009_0027,0.016298794784690332,0.01561917808219178,0.0006796167024985501
2012-09-18,5,c0029_0046,0.016219911762801107,0.01561917808219178,0.0006007336806093275
2012-09-18,6,c0029_0055,0.015971633992305417,0.01561917808219178,0.00035245591011363566
2012-09-18,7,c0023_0016,0.014196333291639189,0.013016438356164384,0.001179894935474805
2012-09-18,8,c0009_0057,0.013904064825414062,0.013016438356164384,0.0008876264692496775
2012-09-18,9,c0020_0018,0.013771039121875073,0.013016438356164384,0.0007546007657106891
2012-09-18,10,c0014_0019,0.013671577602426765,0.013016438356164384,0.0006551392462623803
2012-09-18,11,c0021_0046,0.013445011032254933,0.013016438356164384,0.0004285726760905492
2012-09-18,12,c0031_0060,0.013389199591892605,0.013016438356164384,0.00037276123572822057
2012-09-18,13,c0015_0045,0.013339555051476026,0.013016438356164384,0.00032311669531164244
2012-09-18,14,c0017_0017,0.013337626796439576,0.013016438356164384,0.0003211884402751918
2012-09-18,15,c0010_0056,0.01330422449324977,0.013016438356164384,0.0002877861370853861
2012-09-18,16,c0012_0050,0.013151221674464659,0.013016438356164384,0.00013478331830027392
2012-09-18,17,c0021_0048,0.011673200869878967,0.010413698630136985,0.001259502239741983
2012-09-18,18,c0013_0025,0.01161490348407806,0.010413698630136985,0.0012012048539410756
2012-09-18,19,c0026_0033,0.011349935280719349,0.010413698630136985,0.0009362366505823641
2012-09-18,20,c0017_0050,0.011202568828062944,0.010413698630136985,0.0007888701979259588
2012-09-19,1,c0012_0045,0.02203486465216666,0.020824657534246574,0.0012102071179200848
2012-09-19,2,c0012_0029,0.01698709412917697,0.01561917808219178,0.0013679160469851888
2012-09-19,3,c0016_0049,0.016894999059035586,0.01561917808219178,0.0012758209768438057
2012-09-19,4,c0023_0016,0.016786035637955516,0.01561917808219178,0.001166857555763736
2012-09-19,5,c0009_0027,0.01629128528469837,0.01561917808219178,0.0006721072025065928
2012-09-19,6,c0029_0046,0.016213273889492345,0.01561917808219178,0.0005940958073005653
2012-09-19,7,c0029_0055,0.015967739491707603,0.01561917808219178,0.00034856140951582365
2012-09-19,8,c0021_0048,0.014262023586473787,0.013016438356164384,0.0012455852303094015
2012-09-19,9,c0013_0025,0.014204370364091161,0.013016438356164384,0.0011879320079267763
2012-09-19,10,c0009_0057,0.013894256898476443,0.013016438356164384,0.0008778185423120582
2012-09-19,11,c0020_0018,0.013762701077175463,0.013016438356164384,0.0007462627210110779
2012-09-19,12,c0014_0019,0.013664338568797292,0.013016438356164384,0.0006479002126329078
2012-09-19,13,c0031_0060,0.013385080725351491,0.013016438356164384,0.00036864236918710734
2012-09-19,14,c0010_0056,0.013301044568468371,0.013016438356164384,0.00028460621230398675
2012-09-19,15,c0012_0050,0.013149732371267767,0.013016438356164384,0.00013329401510338247
2012-09-19,16,c0026_0033,0.011339590230201651,0.010413698630136985,0.0009258916000646669
2012-09-19,17,c0017_0050,0.011193852119478235,0.010413698630136985,0.0007801534893412503
2012-09-19,18,c0019_0050,0.011171444399312945,0.010413698630136985,0.0007577457691759591
2012-09-19,19,c0020_0050,0.011142350593202016,0.010413698630136985,0.0007286519630650315
2012-09-19,20,c0025_0036,0.011055880272436633,0.010413698630136985,0.0006421816422996481
2012-09-20,1,c0012_0045,0.022021492334639917,0.020824657534246574,0.001196834800393344
2012-09-20,2,c0012_0029,0.017522289883628746,0.01561917808219178,0.0019031118014369666
2012-09-20,3,c0016_0049,0.016880901733910814,0.01561917808219178,0.001261723651719034
2012-09-20,4,c0023_0016,0.016773142316214882,0.01561917808219178,0.0011539642340231014
2012-09-20,5,c0009_0027,0.016283858761757926,0.01561917808219178,0.0006646806795661442
2012-09-20,6,c0029_0046,0.016206709362099562,0.01561917808219178,0.0005875312799077812
2012-09-20,7,c0029_0055,0.01596388802382529,0.01561917808219178,0.0003447099416335121
2012-09-20,8,c0021_0048,0.014248260354577626,0.013016438356164384,0.0012318219984132428
2012-09-20,9,c0013_0025,0.01419124417785828,0.013016438356164384,0.0011748058216938962
2012-09-20,10,c0009_0057,0.013884557345313318,0.013016438356164384,0.0008681189891489334
2012-09-20,11,c0020_0018,0.013754455164623832,0.013016438356164384,0.0007380168084594474
2012-09-20,12,c0014_0019,0.013657179523671313,0.013016438356164384,0.0006407411675069292
2012-09-20,13,c0031_0060,0.013381007370682207,0.013016438356164384,0.00036456901451782366
2012-09-20,14,c0010_0056,0.013297899780617881,0.013016438356164384,0.00028146142445349643
2012-09-20,15,c0012_0050,0.013148259524291425,0.013016438356164384,0.00013182116812704008
2012-09-20,16,c0023_0033,0.011535621295896045,0.010413698630136985,0.0011219226657590597
2012-09-20,17,c0026_0033,0.01132935948846491,0.010413698630136985,0.000915660858327925
2012-09-20,18,c0017_0050,0.011185231727130027,0.010413698630136985,0.0007715330969930416
2012-09-20,19,c0019_0050,0.011163071603549372,0.010413698630136985,0.0007493729734123876
2012-09-20,20,c0020_0050,0.011134299272669929,0.010413698630136985,0.0007206006425329438
2012-09-21,1,c0012_0045,0.022008267776016086,0.020824657534246574,0.0011836102417695114
2012-09-21,2,c0012_0029,0.017501261239092725,0.01561917808219178,0.001882083156900946
2012-09-21,3,c0016_0049,0.01686696017874067,0.01561917808219178,0.0012477820965488878
2012-09-21,4,c0023_0016,0.01676039146066019,0.01561917808219178,0.0011412133784684093
2012-09-21,5,c0009_0027,0.01627651429900487,0.01561917808219178,0.0006573362168130872
2012-09-21,6,c0029_0046,0.016200217370178936,0.01561917808219178,0.0005810392879871566
2012-09-21,7,c0029_0055,0.015960079113163727,0.01561917808219178,0.000340901030971947
2012-09-21,8,c0021_0048,0.014234649201035978,0.013016438356164384,0.0012182108448715936
2012-09-21,9,c0013_0025,0.01417826303087333,0.013016438356164384,0.0011618246747089449
2012-09-21,10,c0009_0057,0.013874964968436668,0.013016438356164384,0.000858526612272284
2012-09-21,11,c0020_0018,0.013746300366195813,0.013016438356164384,0.0007298620100314284
2012-09-21,12,c0014_0019,0.013650099583207004,0.013016438356164384,0.0006336612270426199
2012-09-21,13,c0031_0060,0.013376979024996287,0.013016438356164384,0.00036054066883190334
2012-09-21,14,c0010_0056,0.013294789741448891,0.013016438356164384,0.0002783513852845072
2012-09-21,15,c0012_0050,0.0131468029517008,0.013016438356164384,0.0001303645955364159
2012-09-21,16,c0023_0033,0.011523224487197082,0.010413698630136985,0.0011095258570600972
2012-09-21,17,c0026_0033,0.011319241792441594,0.010413698630136985,0.0009055431623046085
2012-09-21,18,c0017_0050,0.0111767065867614,0.010413698630136985,0.000763007956624414
2012-09-21,19,c0019_0050,0.01115479132391951,0.010413698630136985,0.0007410926937825248
2012-09-21,20,c0020_0050,0.011126336916095391,0.010413698630136985,0.0007126382859584053
2012-09-22,1,c0012_0045,0.021995189343616807,0.020824657534246574,0.0011705318093702315
2012-09-22,2,c0012_0029,0.017480464952892506,0.01561917808219178,0.0018612868707007248
2012-09-22,3,c0016_0049,0.01685317267232779,0.01561917808219178,0.001233994590136009
2012-09-22,4,c0023_0016,0.016747781497095545,0.01561917808219178,0.0011286034149037654
2012-09-22,5,c0009_0027,0.016269250989706076,0.01561917808219178,0.0006500729075142967
2012-09-22,6,c0029_0046,0.016193797112241743,0.01561917808219178,0.000574619030049962
2012-09-22,7,c0029_0055,0.01595631228948219,0.01561917808219178,0.0003371342072904066
2012-09-22,8,c0021_0048,0.014221188445442226,0.013016438356164384,0.0012047500892778406
2012-09-22,9,c0013_0025,0.01416542532050908,0.013016438356164384,0.0011489869643446962
2012-09-22,10,c0009_0057,0.013865478583590253,0.013016438356164384,0.0008490402274258678
2012-09-22,11,c0020_0018,0.01373823567511581,0.013016438356164384,0.000721797318951426
2012-09-22,12,c0014_0019,0.013643097873328649,0.013016438356164384,0.0006266595171642637
2012-09-22,13,c0031_0060,0.013372995190961986,0.013016438356164384,0.00035655683479760193
2012-09-22,14,c0010_0056,0.013291714067002,0.013016438356164384,0.000275275710837616
2012-09-22,15,c0012_0050,0.013145362473670267,0.013016438356164384,0.0001289241175058832
2012-09-22,16,c0023_0033,0.011510964658408241,0.010413698630136985,0.001097266028271256
2012-09-22,17,c0026_0033,0.011309235893020577,0.010413698630136985,0.000895537262883592
2012-09-22,18,c0017_0050,0.01116827564587506,0.010413698630136985,0.0007545770157380743
2012-09-22,19,c0019_0050,0.011146602538156095,0.010413698630136985,0.0007329039080191096
2012-09-22,20,c0020_0050,0.011118462540461303,0.010413698630136985,0.0007047639103243185
2012-09-23,1,c0012_0045,0.021982255422804183,0.020824657534246574,0.0011575978885576094
2012-09-23,2,c0012_0029,0.01745989845755893,0.01561917808219178,0.0018407203753671485
2012-09-23,3,c0016_0049,0.016839537512493383,0.01561917808219178,0.0012203594303016006
2012-09-23,4,c0023_0016,0.016735310868719308,0.01561917808219178,0.0011161327865275288
2012-09-23,5,c0009_0027,0.016262067937147476,0.01561917808219178,0.0006428898549556957
2012-09-23,6,c0029_0046,0.016187447795655386,0.01561917808219178,0.0005682697134636061
2012-09-23,7,c0029_0055,0.015952587087735927,0.01561917808219178,0.0003334090055441454
2012-09-23,8,c0021_0048,0.014207876425957593,0.013016438356164384,0.0011914380697932083
2012-09-23,9,c0013_0025,0.014152729461846713,0.013016438356164384,0.001136291105682329
2012-09-23,10,c0009_0057,0.013856097019603397,0.013016438356164384,0.0008396586634390121
2012-09-23,11,c0020_0018,0.013730260095732706,0.013016438356164384,0.0007138217395683221
2012-09-23,12,c0014_0019,0.013636173529618724,0.013016438356164384,0.0006197351734543399
2012-09-23,13,c0031_0060,0.013369055376742881,0.013016438356164384,0.0003526170205784972
2012-09-23,14,c0010_0056,0.013288672377560406,0.013016438356164384,0.0002722340213960215
2012-09-23,15,c0012_0050,0.013143937912361204,0.013016438356164384,0.00012749955619681858
2012-09-23,16,c0023_0033,0.01149884029595484,0.010413698630136985,0.0010851416658178544
2012-09-23,17,c0026_0033,0.011299340554892926,0.010413698630136985,0.0008856419247559418
2012-09-23,18,c0017_0050,0.011159937863603399,0.010413698630136985,0.0007462392334664147
2012-09-23,19,c0019_0050,0.01113850423528752,0.010413698630136985,0.0007248056051505355
2012-09-23,20,c0020_0050,0.011110675173612528,0.010413698630136985,0.0006969765434755418
2012-09-24,1,c0012_0045,0.021969464416781444,0.020824657534246574,0.0011448068825348707
2012-09-24,2,c0012_0029,0.017439559213992376,0.01561917808219178,0.001820381131800596
2012-09-24,3,c0016_0049,0.016826053015867058,0.01561917808219178,0.0012068749336752774
2012-09-24,4,c0023_0016,0.01672297803593189,0.01561917808219178,0.00110379995374011
2012-09-24,5,c0009_0027,0.01625496425452333,0.01561917808219178,0.0006357861723315485
2012-09-24,6,c0029_0046,0.01618116863654556,0.01561917808219178,0.000561990554353779
2012-09-24,7,c0029_0055,0.015948903048018763,0.01561917808219178,0.0003297249658269821
2012-09-24,8,c0021_0048,0.014742670577644237,0.013016438356164384,0.0017262322214798523
2012-09-24,9,c0013_0025,0.014140173887480146,0.013016438356164384,0.001123735531315761
2012-09-24,10,c0009_0057,0.01384681911824641,0.013016438356164384,0.0008303807620820257
2012-09-24,11,c0020_0018,0.013722372643396942,0.013016438356164384,0.000705934287232557
2012-09-24,12,c0014_0019,0.013629325697211191,0.013016438356164384,0.0006128873410468059
2012-09-24,13,c0031_0060,0.013365159095937152,0.013016438356164384,0.0003487207397727678
2012-09-24,14,c0010_0056,0.01328566429760303,0.013016438356164384,0.00026922594143864546
2012-09-24,15,c0012_0050,0.013142529091900031,0.013016438356164384,0.00012609073573564605
2012-09-24,16,c0023_0033,0.011486849902986608,0.010413698630136985,0.0010731512728496225
2012-09-24,17,c0026_0033,0.011289554556399392,0.010413698630136985,0.0008758559262624074
2012-09-24,18,c0017_0050,0.011151692210579994,0.010413698630136985,0.0007379935804430091
2012-09-24,19,c0019_0050,0.011130495415513024,0.010413698630136985,0.0007167967853760391
2012-09-24,20,c0020_0050,0.011102973854135854,0.010413698630136985,0.0006892752239988694
2012-09-25,1,c0012_0045,0.021956814746395797,0.020824657534246574,0.0011321572121492222
2012-09-25,2,c0012_0029,0.01741944471114929,0.01561917808219178,0.0018002666289575107
2012-09-25,3,c0016_0049,0.016812717517679023,0.01561917808219178,0.0011935394354872422
2012-09-25,4,c0023_0016,0.016710781476145676,0.01561917808219178,0.0010916033939538953
2012-09-25,5,c0009_0027,0.016247939064826758,0.01561917808219178,0.0006287609826349777
2012-09-25,6,c0029_0046,0.016174958859699457,0.01561917808219178,0.000555780777507677
2012-09-25,7,c0029_0055,0.0159452597155063,0.01561917808219178,0.00032608163331451914
2012-09-25,8,c0021_0048,0.014723596383608597,0.013016438356164384,0.0017071580274442126
2012-09-25,9,c0013_0025,0.014127757047322519,0.013016438356164384,0.0011113186911581342
2012-09-25,10,c0009_0057,0.013837643734087588,0.013016438356164384,0.0008212053779232031
2012-09-25,11,c0020_0018,0.01371457234433895,0.013016438356164384,0.0006981339881745649
2012-09-25,12,c0014_0019,0.01362255353068594,0.013016438356164384,0.0006061151745215557
2012-09-25,13,c0031_0060,0.013361305867517527,0.013016438356164384,0.0003448675113531432
2012-09-25,14,c0010_0056,0.013282689455758155,0.013016438356164384,0.0002662510995937711
2012-09-25,15,c0012_0050,0.01314113583835651,0.013016438356164384,0.00012469748219212426
2012-09-25,16,c0023_0033,0.011474991999192887,0.010413698630136985,0.0010612933690559024
2012-09-25,17,c0026_0033,0.011279876689379582,0.010413698630136985,0.0008661780592425967
2012-09-25,18,c0017_0050,0.011143537668812514,0.010413698630136985,0.0007298390386755295
2012-09-25,19,c0019_0050,0.01112257509007925,0.010413698630136985,0.0007088764599422658
2012-09-25,20,c0020_0050,0.011095357631241323,0.010413698630136985,0.0006816590011043374
2012-09-26,1,c0012_0029,0.020002292191759564,0.018221917808219176,0.0017803743835403873
2012-09-26,2,c0012_0045,0.01933261544839835,0.018221917808219176,0.001110697640179175
2012-09-26,3,c0021_0048,0.01730747267801898,0.01561917808219178,0.0016882945958271985
2012-09-26,4,c0016_0049,0.016799529371554538,0.01561917808219178,0.0011803512893627565
2012-09-26,5,c0023_0016,0.01669871968359705,0.01561917808219178,0.0010795416014052716
2012-09-26,6,c0009_0027,0.016240991500741472,0.01561917808219178,0.0006218134185496903
2012-09-26,7,c0029_0046,0.016168817698470075,0.01561917808219178,0.0005496396162782959
2012-09-26,8,c0029_0055,0.015941656640399773,0.01561917808219178,0.00032247855820799183
2012-09-26,9,c0013_0025,0.014115477408414833,0.013016438356164384,0.001099039052250449
2012-09-26,10,c0023_0033,0.014066004846647278,0.013016438356164384,0.0010495664904828933
2012-09-26,11,c0009_0057,0.013828569734351799,0.013016438356164384,0.0008121313781874142
2012-09-26,12,c0020_0018,0.013706858235548939,0.013016438356164384,0.0006904198793845545
2012-09-26,13,c0014_0019,0.01361585619396443,0.013016438356164384,0.0005994178378000461
2012-09-26,14,c0031_0060,0.0133574952157719,0.013016438356164384,0.0003410568596075173
2012-09-26,15,c0010_0056,0.01327974748475758,0.013016438356164384,0.0002633091285931949
2012-09-26,16,c0012_0050,0.013139757979722258,0.013016438356164384,0.0001233196235578732
2012-09-26,17,c0002_0039,0.01155413465061933,0.010413698630136985,0.0011404360204823444
2012-09-26,18,c0027_0051,0.011445545809560642,0.010413698630136985,0.0010318471794236576
2012-09-26,19,c0032_0064,0.011277147159837951,0.010413698630136985,0.0008634485297009668
2012-09-26,20,c0026_0033,0.011270305759022806,0.010413698630136985,0.0008566071288858203
2012-09-27,1,c0012_0029,0.01998261974791037,0.018221917808219176,0.0017607019396911928
2012-09-27,2,c0012_0045,0.019320342671862212,0.018221917808219176,0.0010984248636430362
2012-09-27,3,c0021_0048,0.017288817679977912,0.01561917808219178,0.001669639597786133
2012-09-27,4,c0016_0049,0.01678648694931066,0.01561917808219178,0.0011673088671188812
2012-09-27,5,c0023_0016,0.016686791169160508,0.01561917808219178,0.0010676130869687276
2012-09-27,6,c0009_0027,0.016234120704534682,0.01561917808219178,0.0006149426223429009
2012-09-27,7,c0029_0046,0.01616274439468156,0.01561917808219178,0.0005435663124897826
2012-09-27,8,c0029_0055,0.015938093377870517,0.01561917808219178,0.0003189152956787363
2012-09-27,9,c0013_0025,0.01410333345473669,0.013016438356164384,0.0010868950985723053
2012-09-27,10,c0023_0033,0.014054407545517298,0.013016438356164384,0.001037969189352913
2012-09-27,11,c0009_0057,0.013819595998780637,0.013016438356164384,0.000803157642616253
2012-09-27,12,c0020_0018,0.013699229364658002,0.013016438356164384,0.0006827910084936182
2012-09-27,13,c0014_0019,0.01360923286020646,0.013016438356164384,0.0005927945040420767
2012-09-27,14,c0031_0060,0.013353726670244601,0.013016438356164384,0.0003372883140802168
2012-09-27,15,c0010_0056,0.013276838021391268,0.013016438356164384,0.00026039966522688353
2012-09-27,16,c0012_0050,0.013138395345889523,0.013016438356164384,0.00012195698972513869
2012-09-27,17,c0002_0039,0.011541533276557811,0.010413698630136985,0.001127834646420826
2012-09-27,18,c0027_0051,0.011434144299919846,0.010413698630136985,0.0010204456697828618
2012-09-27,19,c0017_0051,0.011270557918761798,0.010413698630136985,0.0008568592886248135
2012-09-27,20,c0032_0064,0.011267606389720021,0.010413698630136985,0.0008539077595830358
2012-09-28,1,c0012_0029,0.019963164676907345,0.018221917808219176,0.001741246868688169
2012-09-28,2,c0012_0045,0.01930820550472908,0.018221917808219176,0.001086287696509904
2012-09-28,3,c0021_0048,0.017270368812402924,0.01561917808219178,0.0016511907302111442
2012-09-28,4,c0016_0049,0.016773588640755246,0.01561917808219178,0.0011544105585634646
2012-09-28,5,c0023_0016,0.01667499446016479,0.01561917808219178,0.0010558163779730092
2012-09-28,6,c0009_0027,0.01622732582795122,0.01561917808219178,0.0006081477457594372
2012-09-28,7,c0029_0046,0.016156738198535612,0.01561917808219178,0.0005375601163438323
2012-09-28,8,c0029_0055,0.015934569488005052,0.01561917808219178,0.0003153914058132726
2012-09-28,9,c0013_0025,0.014091323687019121,0.013016438356164384,0.001074885330854737
2012-09-28,10,c0023_0033,0.014042938390050044,0.013016438356164384,0.0010265000338856602
2012-09-28,11,c0009_0057,0.013810721419494116,0.013016438356164384,0.0007942830633297324
2012-09-28,12,c0020_0018,0.013691684789820538,0.013016438356164384,0.0006752464336561535
2012-09-28,13,c0014_0019,0.013602682711708093,0.013016438356164384,0.0005862443555437095
2012-09-28,14,c0031_0060,0.013349999765678305,0.013016438356164384,0.00033356140951392116
2012-09-28,15,c0010_0056,0.013273960706462518,0.013016438356164384,0.0002575223502981335
2012-09-28,16,c0012_0050,0.013137047768630176,0.013016438356164384,0.00012060941246579075
2012-09-28,17,c0017_0051,0.01180752903926294,0.010413698630136985,0.0013938304091259564
2012-09-28,18,c0002_0039,0.011529071142774034,0.010413698630136985,0.0011153725126370488
2012-09-28,19,c0027_0051,0.011422868772522044,0.010413698630136985,0.0010091701423850586
2012-09-28,20,c0032_0064,0.01125817104139773,0.010413698630136985,0.0008444724112607443
2012-09-29,1,c0012_0029,0.019943924576865165,0.018221917808219176,0.0017220067686459879
2012-09-29,2,c0012_0045,0.019296202448567844,0.018221917808219176,0.001074284640348668
2012-09-29,3,c0021_0048,0.017252123797632607,0.01561917808219178,0.001632945715440827
2012-09-29,4,c0016_0049,0.016760832853488134,0.01561917808219178,0.001141654771296353
2012-09-29,5,c0023_0016,0.016663328100211088,0.01561917808219178,0.0010441500180193067
2012-09-29,6,c0009_0027,0.016220606032108797,0.01561917808219178,0.0006014279499170169
2012-09-29,7,c0029_0046,0.0161507983685189,0.01561917808219178,0.0005316202863271193
2012-09-29,8,c0029_0055,0.015931084535750775,0.01561917808219178,0.0003119064535589934
2012-09-29,9,c0013_0025,0.014079446622559503,0.013016438356164384,0.001063008266395119
2012-09-29,10,c0023_0033,0.014031595964285833,0.013016438356164384,0.0010151576081214484
2012-09-29,11,c0009_0057,0.013801944900853893,0.013016438356164384,0.0007855065446895081
2012-09-29,12,c0020_0018,0.013684223579597971,0.013016438356164384,0.0006677852234335858
2012-09-29,13,c0014_0019,0.013596204939800701,0.013016438356164384,0.0005797665836363164
2012-09-29,14,c0031_0060,0.013346314041956606,0.013016438356164384,0.0003298756857922218
2012-09-29,15,c0010_0056,0.01327111518474361,0.013016438356164384,0.00025467682857922505
2012-09-29,16,c0012_0050,0.013135715081574939,0.013016438356164384,0.000119276725410555
2012-09-29,17,c0017_0051,0.011792127755851808,0.010413698630136985,0.0013784291257148218
2012-09-29,18,c0002_0039,0.011516746710717136,0.010413698630136985,0.00110304808058015
2012-09-29,19,c0027_0051,0.011411717835312491,0.010413698630136985,0.0009980192051755067
2012-09-29,20,c0032_0064,0.011248839950001276,0.010413698630136985,0.0008351413198642905
2012-09-30,1,c0012_0029,0.019924897072438396,0.018221917808219176,0.001702979264219219
2012-09-30,2,c0012_0045,0.019835522386551875,0.018221917808219176,0.0016136045783327001
2012-09-30,3,c0021_0048,0.01723408038317283,0.01561917808219178,0.0016149023009810486
2012-09-30,4,c0016_0049,0.016748218012704572,0.01561917808219178,0.0011290399305127921
2012-09-30,5,c0023_0016,0.01665179064899323,0.01561917808219178,0.0010326125668014496
2012-09-30,6,c0009_0027,0.01621396048739446,0.01561917808219178,0.0005947824052026795
2012-09-30,7,c0029_0046,0.016144924171311532,0.01561917808219178,0.000525746089119751
2012-09-30,8,c0029_0055,0.015927638090862232,0.01561917808219178,0.0003084600086704532
2012-09-30,9,c0013_0025,0.014067700795038494,0.013016438356164384,0.0010512624388741099
2012-09-30,10,c0023_0033,0.014020378867910778,0.013016438356164384,0.0010039405117463931
2012-09-30,11,c0009_0057,0.013793265359327997,0.013016438356164384,0.0007768270031636127
2012-09-30,12,c0020_0018,0.013676844812843758,0.013016438356164384,0.0006604064566793736
2012-09-30,13,c0014_0019,0.013589798744751127,0.013016438356164384,0.0005733603885867423
2012-09-30,14,c0031_0060,0.013342669044047201,0.013016438356164384,0.0003262306878828174
2012-09-30,15,c0010_0056,0.01326830110493195,0.013016438356164384,0.00025186274876756607
2012-09-30,16,c0012_0050,0.013134397120192856,0.013016438356164384,0.00011795876402847263
2012-09-30,17,c0017_0051,0.011776896650626738,0.010413698630136985,0.0013631980204897537
2012-09-30,18,c0002_0039,0.011504558458836639,0.010413698630136985,0.001090859828699653
2012-09-30,19,c0027_0051,0.011400690111618114,0.010413698630136985,0.0009869914814811282
2012-09-30,20,c0032_0064,0.011239611963532216,0.010413698630136985,0.0008259133333952301
2012-10-01,1,c0012_0029,0.01990607981452825,0.018221917808219176,0.0016841620063090743
2012-10-01,2,c0012_0045,0.019817692684127756,0.018221917808219176,0.001595774875908579
2012-10-01,3,c0021_0048,0.01721623634141864,0.01561917808219178,0.0015970582592268589
2012-10-01,4,c0016_0049,0.01673574256100079,0.01561917808219178,0.0011165644788090087
2012-10-01,5,c0023_0016,0.01664038068211987,0.01561917808219178,0.00102120259992809
2012-10-01,6,c0009_0027,0.016207388373362146,0.01561917808219178,0.0005882102911703654
2012-10-01,7,c0029_0046,0.016139114881696514,0.01561917808219178,0.000519936799504735
2012-10-01,8,c0029_0055,0.015924229727848033,0.01561917808219178,0.00030505164565625137
2012-10-01,9,c0013_0025,0.014056084754339013,0.013016438356164384,0.0010396463981746293
2012-10-01,10,c0023_0033,0.01400928571608392,0.013016438356164384,0.0009928473599195352
2012-10-01,11,c0009_0057,0.01378468172335707,0.013016438356164384,0.0007682433671926859
2012-10-01,12,c0020_0018,0.01366954757858967,0.013016438356164384,0.0006531092224252863
2012-10-01,13,c0014_0019,0.013583463335662958,0.013016438356164384,0.0005670249794985735
2012-10-01,14,c0031_0060,0.013339064321945721,0.013016438356164384,0.0003226259657813363
2012-10-01,15,c0010_0056,0.013265518119606707,0.013016438356164384,0.00024907976344232187
2012-10-01,16,c0012_0050,0.013133093721770973,0.013016438356164384,0.00011665536560658795
2012-10-01,17,c0026_0033,0.011774707242018703,0.010413698630136985,0.0013610086118817177
2012-10-01,18,c0017_0051,0.011761833843185032,0.010413698630136985,0.0013481352130480463
2012-10-01,19,c0002_0039,0.01149250488239461,0.010413698630136985,0.0010788062522576235
2012-10-01,20,c0027_0051,0.011389784239977533,0.010413698630136985,0.0009760856098405469
2012-10-02,1,c0012_0029,0.019887470479992567,0.018221917808219176,0.0016655526717733926
2012-10-02,2,c0012_0045,0.019800059992974427,0.018221917808219176,0.00157814218475525
2012-10-02,3,c0021_0048,0.017198589469379258,0.01561917808219178,0.001579411387187476
2012-10-02,4,c0016_0049,0.016723404958181715,0.01561917808219178,0.0011042268759899345
2012-10-02,5,c0023_0016,0.01662909679093863,0.01561917808219178,0.0010099187087468501
2012-10-02,6,c0009_0027,0.016200888878631404,0.01561917808219178,0.0005817107964396243
2012-10-02,7,c0029_0046,0.016133369782470226,0.01561917808219178,0.0005141917002784438
2012-10-02,8,c0029_0055,0.01592085902591828,0.01561917808219178,0.0003016809437265015
2012-10-02,9,c0013_0025,0.01404459706636721,0.013016438356164384,0.001028158710202824
2012-10-02,10,c0023_0033,0.013998315139266252,0.013016438356164384,0.0009818767831018672
2012-10-02,11,c0009_0057,0.013776192933222065,0.013016438356164384,0.0007597545770576805
2012-10-02,12,c0020_0018,0.013662330975933322,0.013016438356164384,0.0006458926197689377
2012-10-02,13,c0014_0019,0.013577197930378877,0.013016438356164384,0.0005607595742144927
2012-10-02,14,c0031_0060,0.013335499430620165,0.013016438356164384,0.0003190610744557803
2012-10-02,15,c0010_0056,0.013262765885185906,0.013016438356164384,0.00024632752902152235
2012-10-02,16,c0012_0050,0.013131804725394245,0.013016438356164384,0.00011536636922985999
2012-10-02,17,c0026_0033,0.011759668626689791,0.010413698630136985,0.0013459699965528056
2012-10-02,18,c0017_0051,0.011746937473901695,0.010413698630136985,0.00133323884376471
2012-10-02,19,c0002_0039,0.011480584493279879,0.010413698630136985,0.0010668858631428942
2012-10-02,20,c0027_0051,0.011378998873972989,0.010413698630136985,0.0009653002438360047
2012-10-03,1,c0012_0029,0.019869066771359006,0.018221917808219176,0.0016471489631398291
2012-10-03,2,c0012_0045,0.01977353783452812,0.018221917808219176,0.0015516200263089443
2012-10-03,3,c0021_0048,0.017181137588406087,0.01561917808219178,0.001561959506214308
2012-10-03,4,c0017_0051,0.01693768515575467,0.01561917808219178,0.0013185070735628893
2012-10-03,5,c0016_0049,0.01671120368107084,0.01561917808219178,0.0010920255988790578
2012-10-03,6,c0023_0016,0.016617937582362192,0.01561917808219178,0.0009987595001704128
2012-10-03,7,c0029_0046,0.01612768816435385,0.01561917808219178,0.0005085100821620708
2012-10-03,8,c0029_0055,0.015917525568932663,0.01561917808219178,0.0002983474867408815
2012-10-03,9,c0026_0033,0.014347535908233221,0.013016438356164384,0.0013310975520688362
2012-10-03,10,c0013_0025,0.014033236312875404,0.013016438356164384,0.0010167979567110201
2012-10-03,11,c0023_0033,0.01398746578305164,0.013016438356164384,0.0009710274268872562
2012-10-03,12,c0017_0017,0.013807608577479187,0.013016438356164384,0.0007911702213148024
2012-10-03,13,c0009_0057,0.013767797940913417,0.013016438356164384,0.0007513595847490325
2012-10-03,14,c0020_0018,0.013655194113926947,0.013016438356164384,0.0006387557577625624
2012-10-03,15,c0009_0027,0.013582177304269678,0.013016438356164384,0.0005657389481052928
2012-10-03,16,c0014_0019,0.013571001755384102,0.013016438356164384,0.0005545633992197164
2012-10-03,17,c0031_0060,0.013331973929955965,0.013016438356164384,0.00031553557379158096
2012-10-03,18,c0010_0056,0.01326004406188403,0.013016438356164384,0.00024360570571964433
2012-10-03,19,c0012_0050,0.01313052997192568,0.013016438356164384,0.00011409161576129649
2012-10-03,20,c0002_0039,0.011468795819824332,0.010413698630136985,0.0010550971896873475
2012-10-04,1,c0012_0029,0.01985086641654139,0.018221917808219176,0.0016289486083222145
2012-10-04,2,c0012_0045,0.019756393037273653,0.018221917808219176,0.0015344752290544763
2012-10-04,3,c0021_0048,0.017163878543923764,0.01561917808219178,0.0015447004617319827
2012-10-04,4,c0017_0051,0.01692311616587859,0.01561917808219178,0.0013039380836868096
2012-10-04,5,c0016_0049,0.016699137223322152,0.01561917808219178,0.001079959141130373
2012-10-04,6,c0023_0016,0.016606901678696315,0.01561917808219178,0.000987723596504533
2012-10-04,7,c0029_0046,0.016122069325905843,0.01561917808219178,0.0005028912437140643
2012-10-04,8,c0029_0055,0.015914228945349038,0.01561917808219178,0.00029505086315725817
2012-10-04,9,c0026_0033,0.014332827798471047,0.013016438356164384,0.0013163894423066627
2012-10-04,10,c0013_0025,0.014022001091287012,0.013016438356164384,0.001005562735122628
2012-10-04,11,c0023_0033,0.013976736307999612,0.013016438356164384,0.0009602979518352276
2012-10-04,12,c0017_0017,0.013798866454531418,0.013016438356164384,0.0007824280983670327
2012-10-04,13,c0009_0057,0.01375949571000166,0.013016438356164384,0.0007430573538372754
2012-10-04,14,c0020_0018,0.013648136111467405,0.013016438356164384,0.0006316977553030204
2012-10-04,15,c0009_0027,0.013575926109131848,0.013016438356164384,0.0005594877529674635
2012-10-04,16,c0014_0019,0.013564874045710884,0.013016438356164384,0.0005484356895464994
2012-10-04,17,c0031_0060,0.013328487384701649,0.013016438356164384,0.00031204902853726517
2012-10-04,18,c0010_0056,0.013257352313670047,0.013016438356164384,0.00024091395750566294
2012-10-04,19,c0012_0050,0.01312926930398669,0.013016438356164384,0.00011283094782230677
2012-10-04,20,c0002_0039,0.011457137406621212,0.010413698630136985,0.0010434387764842257
2012-10-05,1,c0012_0029,0.019832867168559223,0.018221917808219176,0.001610949360340047
2012-10-05,2,c0012_0045,0.019739437683354483,0.018221917808219176,0.001517519875135305
2012-10-05,3,c0021_0048,0.017146810205164127,0.01561917808219178,0.001527632122972346
2012-10-05,4,c0017_0051,0.01690870815766902,0.01561917808219178,0.0012895300754772415
2012-10-05,5,c0016_0049,0.016687204095234193,0.01561917808219178,0.0010680260130424121
2012-10-05,6,c0023_0016,0.016595987717469732,0.01561917808219178,0.000976809635277951
2012-10-05,7,c0029_0046,0.01611651257343531,0.01561917808219178,0.0004973344912435288
2012-10-05,8,c0029_0055,0.01591096874817266,0.01561917808219178,0.00029179066598087824
2012-10-05,9,c0026_0033,0.014318282207595968,0.013016438356164384,0.0013018438514315835
2012-10-05,10,c0013_0025,0.014010890014523368,0.013016438356164384,0.0009944516583589842
2012-10-05,11,c0023_0033,0.013966125389469989,0.013016438356164384,0.0009496870333056048
2012-10-05,12,c0017_0017,0.013790220928638965,0.013016438356164384,0.0007737825724745802
2012-10-05,13,c0009_0057,0.01375128521550947,0.013016438356164384,0.0007348468593450854
2012-10-05,14,c0020_0018,0.013641156097187404,0.013016438356164384,0.000624717741023019
2012-10-05,15,c0009_0027,0.01356974398726674,0.013016438356164384,0.0005533056311023548
2012-10-05,16,c0014_0019,0.013558814044844075,0.013016438356164384,0.0005423756886796914
2012-10-05,17,c0031_0060,0.013325039364415103,0.013016438356164384,0.00030860100825071867
2012-10-05,18,c0010_0056,0.01325469030822595,0.013016438356164384,0.00023825195206156485
2012-10-05,19,c0012_0050,0.013128022565937657,0.013016438356164384,0.0001115842097732725
2012-10-05,20,c0002_0039,0.011445607814345435,0.010413698630136985,0.0010319091842084492
2012-10-06,1,c0012_0029,0.01981506680526026,0.018221917808219176,0.0015931489970410846
2012-10-06,2,c0012_0045,0.0197226696794955,0.018221917808219176,0.0015007518712763243
2012-10-06,3,c0021_0048,0.017129930464903183,0.01561917808219178,0.0015107523827114025
2012-10-06,4,c0017_0051,0.01689445935234122,0.01561917808219178,0.0012752812701494391
2012-10-06,5,c0016_0049,0.01667540282356611,0.01561917808219178,0.0010562247413743295
2012-10-06,6,c0023_0016,0.016585194351265965,0.01561917808219178,0.0009660162690741838
2012-10-06,7,c0029_0046,0.016111017220916363,0.01561917808219178,0.0004918391387245826
2012-10-06,8,c0029_0055,0.015907744574905902,0.01561917808219178,0.00028856649271412235
2012-10-06,9,c0026_0033,0.014303897339837548,0.013016438356164384,0.0012874589836731635
2012-10-06,10,c0013_0025,0.013999901710832489,0.013016438356164384,0.000983463354668104
2012-10-06,11,c0023_0033,0.013955631717459352,0.013016438356164384,0.0009391933612949679
2012-10-06,12,c0017_0017,0.013781670932441974,0.013016438356164384,0.0007652325762775888
2012-10-06,13,c0009_0057,0.013743165443785123,0.013016438356164384,0.0007267270876207383
2012-10-06,14,c0020_0018,0.013634253209347918,0.013016438356164384,0.0006178148531835344
2012-10-06,15,c0009_0027,0.013563630175441578,0.013016438356164384,0.0005471918192771931
2012-10-06,16,c0014_0019,0.013552821004627725,0.013016438356164384,0.00053638264846334
2012-10-06,17,c0031_0060,0.01332162944341043,0.013016438356164384,0.0003051910872460451
2012-10-06,18,c0010_0056,0.013252057716905706,0.013016438356164384,0.00023561936074132145
2012-10-06,19,c0012_0050,0.013126789603858716,0.013016438356164384,0.00011035124769433255
2012-10-06,20,c0002_0039,0.011434205619575904,0.010413698630136985,0.0010205069894389195
2012-10-07,1,c0012_0029,0.019797463129046178,0.018221917808219176,0.0015755453208270028
2012-10-07,2,c0012_0045,0.01970608695555148,0.018221917808219176,0.0014841691473323033
2012-10-07,3,c0021_0048,0.017113237239200944,0.01561917808219178,0.0014940591570091627
2012-10-07,4,c0017_0051,0.016880367990765317,0.01561917808219178,0.0012611899085735359
2012-10-07,5,c0016_0049,0.016663731951355797,0.01561917808219178,0.0010445538691640154
2012-10-07,6,c0023_0016,0.016574520247556956,0.01561917808219178,0.0009553421653651766
2012-10-07,7,c0029_0046,0.016105582589903442,0.01561917808219178,0.0004864045077116634
2012-10-07,8,c0029_0055,0.015904556027498594,0.01561917808219178,0.0002853779453068131
2012-10-07,9,c0026_0033,0.014289671419267918,0.013016438356164384,0.0012732330631035325
2012-10-07,10,c0013_0025,0.013989034823619713,0.013016438356164384,0.0009725964674553283
2012-10-07,11,c0023_0033,0.01394525399643931,0.013016438356164384,0.0009288156402749259
2012-10-07,12,c0017_0017,0.013773215410374497,0.013016438356164384,0.0007567770542101126
2012-10-07,13,c0009_0057,0.013735135392377352,0.013016438356164384,0.0007186970362129676
2012-10-07,14,c0020_0018,0.013627426595731807,0.013016438356164384,0.0006109882395674238
2012-10-07,15,c0009_0027,0.013557583918857015,0.013016438356164384,0.0005411455626926297
2012-10-07,16,c0014_0019,0.013546894185172709,0.013016438356164384,0.0005304558290083252
2012-10-07,17,c0031_0060,0.013318257200705397,0.013016438356164384,0.00030181884454101175
2012-10-07,18,c0010_0056,0.013249454214694699,0.013016438356164384,0.00023301585853031497
2012-10-07,19,c0012_0050,0.013125570265530765,0.013016438356164384,0.00010913190936638022
2012-10-07,20,c0002_0039,0.011422929414619773,0.010413698630136985,0.001009230784482788
2012-10-08,1,c0012_0029,0.01978005396660126,0.018221917808219176,0.0015581361583820823
2012-10-08,2,c0012_0045,0.019689687464251485,0.018221917808219176,0.0014677696560323101
2012-10-08,3,c0021_0048,0.01709672846714414,0.01561917808219178,0.0014775503849523606
2012-10-08,4,c0017_0051,0.016866432333249144,0.01561917808219178,0.0012472542510573645
2012-10-08,5,c0016_0049,0.016652190037740006,0.01561917808219178,0.0010330119555482262
2012-10-08,6,c0023_0016,0.01656396408853857,0.01561917808219178,0.0009447860063467903
2012-10-08,7,c0029_0046,0.016100208009447548,0.01561917808219178,0.0004810299272557681
2012-10-08,8,c0029_0055,0.015901402712298854,0.01561917808219178,0.0002822246301070725
2012-10-08,9,c0026_0033,0.014275602689582516,0.013016438356164384,0.0012591643334181318
2012-10-08,10,c0013_0025,0.013978288011280225,0.013016438356164384,0.0009618496551158407
2012-10-08,11,c0023_0033,0.013934990945196556,0.013016438356164384,0.0009185525890321718
2012-10-08,12,c0017_0017,0.013764853318534184,0.013016438356164384,0.0007484149623697987
2012-10-08,13,c0009_0057,0.013727194069911587,0.013016438356164384,0.0007107557137472025
2012-10-08,14,c0020_0018,0.013620675413538596,0.013016438356164384,0.000604237057374212
2012-10-08,15,c0009_0027,0.013551604471053939,0.013016438356164384,0.0005351661148895548
2012-10-08,16,c0014_0019,0.013541032854765399,0.013016438356164384,0.0005245944986010135
2012-10-08,17,c0031_0060,0.01331492221996946,0.013016438356164384,0.0002984838638050754
2012-10-08,18,c0010_0056,0.013246879480169596,0.013016438356164384,0.00023044112400521255
2012-10-08,19,c0012_0050,0.013124364400416656,0.013016438356164384,0.00010792604425227079
2012-10-08,20,c0002_0039,0.011411777807338649,0.010413698630136985,0.000998079177201664
2012-10-09,1,c0012_0029,0.01976283716862407,0.018221917808219176,0.0015409193604048969
2012-10-09,2,c0012_0045,0.019673469180946136,0.018221917808219176,0.00145155137272696
2012-10-09,3,c0023_0016,0.01709990462731321,0.01561917808219178,0.0014807265451214308
2012-10-09,4,c0021_0048,0.0170804021105918,0.01561917808219178,0.001461224028400022
2012-10-09,5,c0017_0051,0.01685265065932346,0.01561917808219178,0.00123347257713168
2012-10-09,6,c0016_0049,0.016640775657776476,0.01561917808219178,0.001021597575584694
2012-10-09,7,c0029_0046,0.0160948928160134,0.01561917808219178,0.00047571473382161894
2012-10-09,8,c0029_0055,0.015898284240004504,0.01561917808219178,0.00027910615781272263
2012-10-09,9,c0026_0033,0.014261689413883267,0.013016438356164384,0.0012452510577188834
2012-10-09,10,c0013_0025,0.01396765994703342,0.013016438356164384,0.0009512215908690356
2012-10-09,11,c0023_0033,0.01392484129667469,0.013016438356164384,0.0009084029405103065
2012-10-09,12,c0017_0017,0.013756583624553393,0.013016438356164384,0.0007401452683890086
2012-10-09,13,c0009_0057,0.01371934049596756,0.013016438356164384,0.0007029021398031755
2012-10-09,14,c0020_0018,0.013613998829280426,0.013016438356164384,0.0005975604731160412
2012-10-09,15,c0009_0027,0.013545691093821326,0.013016438356164384,0.0005292527376569412
2012-10-09,16,c0014_0019,0.013535236289777307,0.013016438356164384,0.0005187979336129223
2012-10-09,17,c0031_0060,0.013311624089472368,0.013016438356164384,0.00029518573330798335
2012-10-09,18,c0010_0056,0.013244333195458669,0.013016438356164384,0.00022789483929428397
2012-10-09,19,c0012_0050,0.01312317185964262,0.013016438356164384,0.00010673350347823627
2012-10-09,20,c0002_0039,0.011400749420976727,0.010413698630136985,0.0009870507908397433
2012-10-10,1,c0012_0029,0.01974581060956214,0.018221917808219176,0.0015238928013429642
2012-10-10,2,c0023_0016,0.01968628290145486,0.018221917808219176,0.0014643650932356835
2012-10-10,3,c0021_0048,0.017064256153923617,0.01561917808219178,0.001445078071731835
2012-10-10,4,c0012_0045,0.01704577688295206,0.01561917808219178,0.001426598800760282
2012-10-10,5,c0017_0051,0.016839021267529532,0.01561917808219178,0.0012198431853377525
2012-10-10,6,c0016_0049,0.01662948740226799,0.01561917808219178,0.0010103093200762106
2012-10-10,7,c0029_0046,0.016089636353397524,0.01561917808219178,0.00047045827120574486
2012-10-10,8,c0029_0055,0.015895200225615004,0.01561917808219178,0.00027602214342322296
2012-10-10,9,c0026_0033,0.014247929874464143,0.013016438356164384,0.0012314915182997585
2012-10-10,10,c0013_0025,0.013957149318759101,0.013016438356164384,0.000940710962594717
2012-10-10,11,c0023_0033,0.013914803797817796,0.013016438356164384,0.0008983654416534116
2012-10-10,12,c0009_0057,0.013711573700958267,0.013016438356164384,0.0006951353447938814
2012-10-10,13,c0020_0018,0.013607396018679153,0.013016438356164384,0.0005909576625147692
2012-10-10,14,c0009_0027,0.01353984305710509,0.013016438356164384,0.0005234047009407064
2012-10-10,15,c0014_0019,0.013529503774575766,0.013016438356164384,0.000513065418411382
2012-10-10,16,c0010_0056,0.013241815046202542,0.013016438356164384,0.00022537669003815807
2012-10-10,17,c0012_0050,0.01312199249597989,0.013016438356164384,0.00010555413981550597
2012-10-10,18,c0002_0039,0.011389842893990823,0.010413698630136985,0.0009761442638538382
2012-10-10,19,c0027_0051,0.011296897413127161,0.010413698630136985,0.0008831987829901756
2012-10-10,20,c0025_0035,0.011275523603489128,0.010413698630136985,0.0008618249733521432
2012-10-11,1,c0012_0029,0.01972897218734951,0.018221917808219176,0.0015070543791303307
2012-10-11,2,c0023_0016,0.019670102237243036,0.018221917808219176,0.0014481844290238602
2012-10-11,3,c0021_0048,0.01704828860379109,0.01561917808219178,0.0014291105215993088
2012-10-11,4,c0012_0045,0.017030013521569905,0.01561917808219178,0.0014108354393781236
2012-10-11,5,c0017_0051,0.01682554247520909,0.01561917808219178,0.0012063643930173087
2012-10-11,6,c0016_0049,0.016618323877588426,0.01561917808219178,0.0009991457953966464
2012-10-11,7,c0029_0046,0.016084437972647248,0.01561917808219178,0.00046525989045546716
2012-10-11,8,c0029_0055,0.015892150288383918,0.01561917808219178,0.0002729722061921392
2012-10-11,9,c0026_0033,0.014234322372599095,0.013016438356164384,0.0012178840164347095
2012-10-11,10,c0013_0025,0.01394675482883549,0.013016438356164384,0.000930316472671106
2012-10-11,11,c0023_0033,0.013904877209415733,0.013016438356164384,0.0008884388532513479
2012-10-11,12,c0009_0057,0.013703892726010258,0.013016438356164384,0.0006874543698458741
2012-10-11,13,c0020_0018,0.013600866166564592,0.013016438356164384,0.0005844278104002074
2012-10-11,14,c0009_0027,0.013534059638917965,0.013016438356164384,0.0005176212827535807
2012-10-11,15,c0014_0019,0.01352383460143557,0.013016438356164384,0.0005073962452711854
2012-10-11,16,c0010_0056,0.013239324721515396,0.013016438356164384,0.00022288636535101213
2012-10-11,17,c0012_0050,0.013120826163826513,0.013016438356164384,0.00010438780766212972
2012-10-11,18,c0002_0039,0.011379056879882268,0.010413698630136985,0.0009653582497452828
2012-10-11,19,c0027_0051,0.011287138410399038,0.010413698630136985,0.0008734397802620527
2012-10-11,20,c0025_0035,0.011266000773036812,0.010413698630136985,0.0008523021428998264
2012-10-12,1,c0012_0029,0.019712319823147226,0.018221917808219176,0.0014904020149280506
2012-10-12,2,c0023_0016,0.01965410036307172,0.018221917808219176,0.0014321825548525432
2012-10-12,3,c0021_0048,0.017032497488871458,0.01561917808219178,0.0014133194066796768
2012-10-12,4,c0012_0045,0.017014424339194437,0.01561917808219178,0.0013952462570026574
2012-10-12,5,c0017_0051,0.016812212618296574,0.01561917808219178,0.001193034536104794
2012-10-12,6,c0016_0049,0.016607283705510678,0.01561917808219178,0.000988105623318899
2012-10-12,7,c0029_0046,0.016079297031980563,0.01561917808219178,0.0004601189497887819
2012-10-12,8,c0029_0055,0.015889134051771916,0.01561917808219178,0.00026995596958013694
2012-10-12,9,c0026_0033,0.014220865228332337,0.013016438356164384,0.0012044268721679518
2012-10-12,10,c0013_0025,0.013936475193979024,0.013016438356164384,0.000920036837814639
2012-10-12,11,c0023_0033,0.01389506030595115,0.013016438356164384,0.0008786219497867665
2012-10-12,12,c0009_0057,0.01369629662284527,0.013016438356164384,0.0006798582666808851
2012-10-12,13,c0020_0018,0.013594408466773865,0.013016438356164384,0.0005779701106094798
2012-10-12,14,c0009_0027,0.013528340125250357,0.013016438356164384,0.0005119017690859729
2012-10-12,15,c0014_0019,0.013518228070451598,0.013016438356164384,0.0005017897142872134
2012-10-12,16,c0010_0056,0.013236861913946575,0.013016438356164384,0.00022042355778219085
2012-10-12,17,c0012_0050,0.013119672719189387,0.013016438356164384,0.00010323436302500227
2012-10-12,18,c0002_0039,0.011368390047030682,0.010413698630136985,0.0009546914168936969
2012-10-12,19,c0027_0051,0.01127748724085194,0.010413698630136985,0.000863788610714955
2012-10-12,20,c0025_0035,0.011256583166153812,0.010413698630136985,0.0008428845360168275
2012-10-13,1,c0012_0029,0.019695851461086718,0.018221917808219176,0.0014739336528675421
2012-10-13,2,c0023_0016,0.019638275303380564,0.018221917808219176,0.001416357495161387
2012-10-13,3,c0021_0048,0.0170168808596243,0.01561917808219178,0.0013977027774325216
2012-10-13,4,c0012_0045,0.016999007411215447,0.01561917808219178,0.0013798293290236661
2012-10-13,5,c0017_0051,0.01679903005111371,0.01561917808219178,0.0011798519689219297
2012-10-13,6,c0016_0049,0.01659636552303652,0.01561917808219178,0.000977187440844739
2012-10-13,7,c0029_0046,0.016074212896706908,0.01561917808219178,0.00045503481451512656
2012-10-13,8,c0029_0055,0.015886151143400275,0.01561917808219178,0.0002669730612084947
2012-10-13,9,c0026_0033,0.014207556780270941,0.013016438356164384,0.001191118424106557
2012-10-13,10,c0013_0025,0.01392630914508592,0.013016438356164384,0.0009098707889215364
2012-10-13,11,c0023_0033,0.013885351875448192,0.013016438356164384,0.0008689135192838078
2012-10-13,12,c0009_0057,0.013688784453663137,0.013016438356164384,0.0006723460974987528
2012-10-13,13,c0020_0018,0.01358802212205188,0.013016438356164384,0.0005715837658874965
2012-10-13,14,c0009_0027,0.013522683809982205,0.013016438356164384,0.0005062454538178205
2012-10-13,15,c0014_0019,0.01351268348945241,0.013016438356164384,0.0004962451332880257
2012-10-13,16,c0010_0056,0.013234426319442633,0.013016438356164384,0.00021798796327824905
2012-10-13,17,c0012_0050,0.01311853201966647,0.013016438356164384,0.00010209366350208612
2012-10-13,18,c0002_0039,0.011357841078529572,0.010413698630136985,0.0009441424483925878
2012-10-13,19,c0027_0051,0.011267942712971196,0.010413698630136985,0.000854244082834211
2012-10-13,20,c0025_0035,0.011247269620160653,0.010413698630136985,0.0008335709900236686
2012-10-14,1,c0012_0029,0.019679565068015947,0.018221917808219176,0.001457647259796769
2012-10-14,2,c0023_0016,0.019622625104438393,0.018221917808219176,0.0014007072962192184
2012-10-14,3,c0021_0048,0.01700143678805087,0.01561917808219178,0.0013822587058590896
2012-10-14,4,c0012_0045,0.016983760834288906,0.01561917808219178,0.0013645827520971264
2012-10-14,5,c0017_0051,0.016785993146166325,0.01561917808219178,0.0011668150639745434
2012-10-14,6,c0016_0049,0.01658556798222832,0.01561917808219178,0.0009663899000365365
2012-10-14,7,c0029_0046,0.016069184939148804,0.01561917808219178,0.00045000685695702214
2012-10-14,8,c0029_0055,0.01588320119500491,0.01561917808219178,0.00026402311281313107
2012-10-14,9,c0026_0033,0.014194395385379727,0.013016438356164384,0.0011779570292153431
2012-10-14,10,c0020_0018,0.014133164713895903,0.013016438356164384,0.0011167263577315178
2012-10-14,11,c0013_0025,0.013916255427075506,0.013016438356164384,0.0008998170709111218
2012-10-14,12,c0023_0033,0.01387575071932286,0.013016438356164384,0.0008593123631584741
2012-10-14,13,c0009_0057,0.013681355291026025,0.013016438356164384,0.0006649169348616411
2012-10-14,14,c0009_0027,0.013517089994795797,0.013016438356164384,0.000500651638631412
2012-10-14,15,c0014_0019,0.013507200173914791,0.013016438356164384,0.0004907618177504074
2012-10-14,16,c0010_0056,0.013232017637309797,0.013016438356164384,0.00021557928114541368
2012-10-14,17,c0012_0050,0.013117403924429215,0.013016438356164384,0.0001009655682648308
2012-10-14,18,c0002_0039,0.011347408672023752,0.010413698630136985,0.000933710041886767
2012-10-14,19,c0027_0051,0.011258503648407909,0.010413698630136985,0.0008448050182709228
2012-10-14,20,c0025_0035,0.011238058985225013,0.010413698630136985,0.0008243603550880275
2012-10-15,1,c0012_0029,0.01966345863324841,0.018221917808219176,0.0014415408250292338
2012-10-15,2,c0023_0016,0.019607147834102008,0.018221917808219176,0.0013852300258828333
2012-10-15,3,c0021_0048,0.01698616336745604,0.01561917808219178,0.00136698528526426
2012-10-15,4,c0012_0045,0.016968682726102007,0.01561917808219178,0.0013495046439102253
2012-10-15,5,c0017_0051,0.016773100293943417,0.01561917808219178,0.0011539222117516376
2012-10-15,6,c0016_0049,0.016574889750042628,0.01561917808219178,0.0009557116678508475
2012-10-15,7,c0029_0046,0.01606421253856436,0.01561917808219178,0.00044503445637258146
2012-10-15,8,c0029_0055,0.01588028384239092,0.01561917808219178,0.0002611057601991391
2012-10-15,9,c0026_0033,0.01418137941877841,0.013016438356164384,0.0011649410626140258
2012-10-15,10,c0020_0018,0.014120825322377753,0.013016438356164384,0.0011043869662133686
2012-10-15,11,c0013_0025,0.013906312798735256,0.013016438356164384,0.0008898744425708708
2012-10-15,12,c0023_0033,0.013866255652235038,0.013016438356164384,0.0008498172960706533
2012-10-15,13,c0009_0057,0.013674008217743927,0.013016438356164384,0.0006575698615795415
2012-10-15,14,c0009_0027,0.013511557989089559,0.013016438356164384,0.0004951196329251751
2012-10-15,15,c0014_0019,0.013501777446879243,0.013016438356164384,0.00048533909071485836
2012-10-15,16,c0010_0056,0.013229635570176845,0.013016438356164384,0.0002131972140124608
2012-10-15,17,c0012_0050,0.013116288294205171,0.013016438356164384,9.984993804078651e-05
2012-10-15,18,c0002_0039,0.011337091539548547,0.010413698630136985,0.0009233929094115626
2012-10-15,19,c0027_0051,0.011249168881833473,0.010413698630136985,0.0008354702516964881
2012-10-15,20,c0025_0035,0.011228950124219766,0.010413698630136985,0.0008152514940827809
2012-10-16,1,c0012_0029,0.019647530168314917,0.018221917808219176,0.0014256123600957427
2012-10-16,2,c0023_0016,0.019591841581577635,0.018221917808219176,0.001369923773358458
2012-10-16,3,c0021_0048,0.01697105871221293,0.01561917808219178,0.001351880630021153
2012-10-16,4,c0012_0045,0.016953771225140753,0.01561917808219178,0.0013345931429489734
2012-10-16,5,c0017_0051,0.016760349902718467,0.01561917808219178,0.001141171820526686
2012-10-16,6,c0016_0049,0.01656432950816562,0.01561917808219178,0.0009451514259738394
2012-10-16,7,c0029_0046,0.016059295081070655,0.01561917808219178,0.0004401169988788735
2012-10-16,8,c0029_0055,0.015877398725387605,0.01561917808219178,0.00025822064319582416
2012-10-16,9,c0026_0033,0.014168507273541001,0.013016438356164384,0.0011520689173766163
2012-10-16,10,c0020_0018,0.01410862227633223,0.013016438356164384,0.0010921839201678445
2012-10-16,11,c0013_0025,0.013896480032567559,0.013016438356164384,0.0008800416764031748
2012-10-16,12,c0023_0033,0.013856865501942166,0.013016438356164384,0.0008404271457777809
2012-10-16,13,c0009_0057,0.013666742326761423,0.013016438356164384,0.0006503039705970383
2012-10-16,14,c0009_0027,0.0135060871098928,0.013016438356164384,0.0004896487537284158
2012-10-16,15,c0014_0019,0.013496414638866402,0.013016438356164384,0.0004799762827020175
2012-10-16,16,c0010_0056,0.013227279823958387,0.013016438356164384,0.00021084146779400275
2012-10-16,17,c0012_0050,0.013115184991260794,0.013016438356164384,9.874663509640984e-05
2012-10-16,18,c0002_0039,0.011326888407370797,0.010413698630136985,0.0009131897772338125
2012-10-16,19,c0027_0051,0.011239937260795719,0.010413698630136985,0.0008262386306587332
2012-10-16,20,c0025_0035,0.011219941912582602,0.010413698630136985,0.0008062432824456178
2012-10-17,1,c0012_0029,0.01701972370883322,0.01561917808219178,0.0014005456266414375
2012-10-17,2,c0023_0016,0.016964611568868613,0.01561917808219178,0.0013454334866768317
2012-10-17,3,c0021_0048,0.016956120957530112,0.01561917808219178,0.001336942875338332
2012-10-17,4,c0012_0045,0.016939024490460166,0.01561917808219178,0.0013198464082683858
2012-10-17,5,c0017_0051,0.0167477403983529,0.01561917808219178,0.00112856231616112
2012-10-17,6,c0020_0018,0.016699293795222333,0.01561917808219178,0.001080115713030552
2012-10-17,7,c0016_0049,0.016553885952850313,0.01561917808219178,0.0009347078706585341
2012-10-17,8,c0029_0046,0.016054431959567916,0.01561917808219178,0.0004352538773761347
2012-10-17,9,c0026_0033,0.014155777360497416,0.013016438356164384,0.0011393390043330325
2012-10-17,10,c0013_0025,0.01388675591463818,0.013016438356164384,0.0008703175584737955
2012-10-17,11,c0023_0033,0.0138475791091545,0.013016438356164384,0.0008311407529901163
2012-10-17,12,c0009_0057,0.013659556721045709,0.013016438356164384,0.0006431183648813243
2012-10-17,13,c0009_0027,0.013500676681781384,0.013016438356164384,0.00048423832561700066
2012-10-17,14,c0014_0019,0.013491111087794395,0.013016438356164384,0.00047467273163000987
2012-10-17,15,c0029_0055,0.013262495801084013,0.013016438356164384,0.00024605744491962793
2012-10-17,16,c0010_0056,0.013224950107818566,0.013016438356164384,0.00020851175165418096
2012-10-17,17,c0012_0050,0.013114093879384444,0.013016438356164384,9.765552322005943e-05
2012-10-17,18,c0029_0053,0.011505652159573795,0.010413698630136985,0.0010919535294368105
2012-10-17,19,c0002_0039,0.011316798015831594,0.010413698630136985,0.0009030993856946087
2012-10-17,20,c0027_0051,0.011230807645576617,0.010413698630136985,0.0008171090154396316
2012-10-18,1,c0012_0029,0.01700424822488273,0.01561917808219178,0.00138507014269095
2012-10-18,2,c0023_0016,0.01694974505260991,0.01561917808219178,0.0013305669704181317
2012-10-18,3,c0021_0048,0.016941348259221358,0.01561917808219178,0.0013221701770295793
2012-10-18,4,c0012_0045,0.016924440701456985,0.01561917808219178,0.0013052626192652055
2012-10-18,5,c0017_0051,0.016735270224101772,0.01561917808219178,0.0011160921419099904
2012-10-18,6,c0020_0018,0.016687358937075826,0.01561917808219178,0.0010681808548840468
2012-10-18,7,c0016_0049,0.01654355779475563,0.01561917808219178,0.0009243797125638504
2012-10-18,8,c0029_0046,0.016049622573664598,0.01561917808219178,0.0004304444914728175
2012-10-18,9,c0026_0033,0.014143188108037287,0.013016438356164384,0.001126749751872902
2012-10-18,10,c0013_0025,0.01387713924442638,0.013016438356164384,0.000860700888261996
2012-10-18,11,c0023_0033,0.013838395327392004,0.013016438356164384,0.0008219569712276192
2012-10-18,12,c0009_0057,0.01365245051347584,0.013016438356164384,0.0006360121573114563
2012-10-18,13,c0009_0027,0.013495326036794354,0.013016438356164384,0.00047888768062996986
2012-10-18,14,c0014_0019,0.013485866138897093,0.013016438356164384,0.0004694277827327077
2012-10-18,15,c0029_0055,0.013259776962106319,0.013016438356164384,0.0002433386059419339
2012-10-18,16,c0010_0056,0.013222646134135145,0.013016438356164384,0.0002062077779707599
2012-10-18,17,c0012_0050,0.013113014823869564,0.013016438356164384,9.657646770517944e-05
2012-10-18,18,c0029_0053,0.011493586498164392,0.010413698630136985,0.001079887868027406
2012-10-18,19,c0002_0039,0.011306819119190771,0.010413698630136985,0.0008931204890537853
2012-10-18,20,c0027_0051,0.011221778909051582,0.010413698630136985,0.0008080802789145971
2012-10-19,1,c0012_0029,0.016988943739005384,0.01561917808219178,0.0013697656568136037
2012-10-19,2,c0023_0016,0.016935042805568425,0.01561917808219178,0.0013158647233766465
2012-10-19,3,c0021_0048,0.016926738793477995,0.01561917808219178,0.0013075607112862167
2012-10-19,4,c0012_0045,0.01691001805764491,0.01561917808219178,0.0012908399754531295
2012-10-19,5,c0017_0051,0.016722937840421552,0.01561917808219178,0.0011037597582297725
2012-10-19,6,c0020_0018,0.016675555954465675,0.01561917808219178,0.001056377872273893
2012-10-19,7,c0016_0049,0.016533343758787206,0.01561917808219178,0.0009141656765954238
2012-10-19,8,c0029_0046,0.01604486632960325,0.01561917808219178,0.0004256882474114673
2012-10-19,9,c0026_0033,0.014130737961915921,0.013016438356164384,0.001114299605751537
2012-10-19,10,c0013_0025,0.01386762883467671,0.013016438356164384,0.0008511904785123258
2012-10-19,11,c0023_0033,0.013829313022842791,0.013016438356164384,0.0008128746666784074
2012-10-19,12,c0009_0057,0.013645422826733217,0.013016438356164384,0.0006289844705688323
2012-10-19,13,c0009_0027,0.013490034514351457,0.013016438356164384,0.0004735961581870723
2012-10-19,14,c0014_0019,0.013480679144643279,0.013016438356164384,0.0004642407884788941
2012-10-19,15,c0029_0055,0.013257088165240901,0.013016438356164384,0.00024064980907651591
2012-10-19,16,c0010_0056,0.013220367618464002,0.013016438356164384,0.0002039292622996177
2012-10-19,17,c0012_0050,0.013111947691498054,0.013016438356164384,9.550933533366911e-05
2012-10-19,18,c0029_0053,0.011481654157616473,0.010413698630136985,0.0010679555274794874
2012-10-19,19,c0002_0039,0.011296950485473104,0.010413698630136985,0.0008832518553361193
2012-10-19,20,c0027_0051,0.011212849936550317,0.010413698630136985,0.0007991513064133322
2012-10-20,1,c0012_0029,0.016973808361739038,0.01561917808219178,0.0013546302795472585
2012-10-20,2,c0023_0016,0.016920503012633255,0.01561917808219178,0.0013013249304414743
2012-10-20,3,c0021_0048,0.016912290756643723,0.01561917808219178,0.001293112674451942
2012-10-20,4,c0012_0045,0.01689575477843231,0.01561917808219178,0.0012765766962405294
2012-10-20,5,c0017_0051,0.01671074172478008,0.01561917808219178,0.0010915636425882994
2012-10-20,6,c0020_0018,0.016663883390218532,0.01561917808219178,0.0010447053080267518
2012-10-20,7,c0016_0049,0.016523242583939966,0.01561917808219178,0.0009040645017481862
2012-10-20,8,c0029_0046,0.0160401626401872,0.01561917808219178,0.0004209845579954182
2012-10-20,9,c0026_0033,0.014118425385062432,0.013016438356164384,0.001101987028898047
2012-10-20,10,c0013_0025,0.013858223511252429,0.013016438356164384,0.0008417851550880447
2012-10-20,11,c0023_0033,0.013820331074223162,0.013016438356164384,0.0008038927180587783
2012-10-20,12,c0009_0057,0.013638472793193263,0.013016438356164384,0.0006220344370288784
2012-10-20,13,c0009_0027,0.013484801461171595,0.013016438356164384,0.0004683631050072112
2012-10-20,14,c0014_0019,0.013475549464656704,0.013016438356164384,0.0004591111084923198
2012-10-20,15,c0029_0055,0.013254429078534113,0.013016438356164384,0.00023799072236972853
2012-10-20,16,c0010_0056,0.013218114279504013,0.013016438356164384,0.00020167592333962932
2012-10-20,17,c0012_0050,0.01311089235052382,0.013016438356164384,9.445399435943587e-05
2012-10-20,18,c0027_0051,0.01175458515242276,0.010413698630136985,0.0013408865222857744
2012-10-20,19,c0029_0053,0.01146985366478642,0.010413698630136985,0.001056155034649435
2012-10-20,20,c0002_0039,0.01128719089631622,0.010413698630136985,0.0008734922661792344
2012-10-21,1,c0012_0029,0.016958840224499377,0.01561917808219178,0.001339662142307596
2012-10-21,2,c0023_0016,0.016906123878749763,0.01561917808219178,0.0012869457965579822
2012-10-21,3,c0021_0048,0.016898002364991935,0.01561917808219178,0.001278824282800153
2012-10-21,4,c0012_0045,0.0168816491029024,0.01561917808219178,0.0012624710207106208
2012-10-21,5,c0017_0051,0.01669868037146857,0.01561917808219178,0.0010795022892767904
2012-10-21,6,c0020_0018,0.016652339803262264,0.01561917808219178,0.0010331617210704832
2012-10-21,7,c0016_0049,0.016513253023142466,0.01561917808219178,0.0008940749409506844
2012-10-21,8,c0029_0046,0.01603551092470808,0.01561917808219178,0.0004163328425162987
2012-10-21,9,c0026_0033,0.014106248857389961,0.013016438356164384,0.0010898105012255763
2012-10-21,10,c0013_0025,0.01384892211299055,0.013016438356164384,0.0008324837568261665
2012-10-21,11,c0023_0033,0.013811448372639163,0.013016438356164384,0.0007950100164747781
2012-10-21,12,c0009_0057,0.01363159955481832,0.013016438356164384,0.000615161198653935
2012-10-21,13,c0009_0027,0.013479626231192176,0.013016438356164384,0.00046318787502779176
2012-10-21,14,c0014_0019,0.013470476465637028,0.013016438356164384,0.0004540381094726439
2012-10-21,15,c0029_0055,0.013251799373700269,0.013016438356164384,0.0002353610175358848
2012-10-21,16,c0010_0056,0.013215885839062321,0.013016438356164384,0.00019944748289793765
2012-10-21,17,c0012_0050,0.013109848670656515,0.013016438356164384,9.341031449213005e-05
2012-10-21,18,c0027_0051,0.011739768878350475,0.010413698630136985,0.0013260702482134903
2012-10-21,19,c0029_0053,0.01145818356280828,0.010413698630136985,0.0010444849326712948
2012-10-21,20,c0002_0039,0.011277539146820168,0.010413698630136985,0.0008638405166831841
2012-10-22,1,c0012_0029,0.016944037479349208,0.01561917808219178,0.0013248593971574272
2012-10-22,2,c0023_0016,0.016891903628697975,0.01561917808219178,0.0012727255465061938
2012-10-22,3,c0021_0048,0.016883871854505513,0.01561917808219178,0.0012646937723137326
2012-10-22,4,c0012_0045,0.016867699289595844,0.01561917808219178,0.0012485212074040638
2012-10-22,5,c0017_0051,0.01668675229141574,0.01561917808219178,0.0010675742092239623
2012-10-22,6,c0020_0018,0.016640923768448012,0.01561917808219178,0.0010217456862562332
2012-10-22,7,c0016_0049,0.0165033738431029,0.01561917808219178,0.0008841957609111201
2012-10-22,8,c0029_0046,0.01603091060887412,0.01561917808219178,0.00041173252668233885
2012-10-22,9,c0026_0033,0.014094206875608023,0.013016438356164384,0.0010777685194436383
2012-10-22,10,c0013_0025,0.013839723491558488,0.013016438356164384,0.0008232851353941042
2012-10-22,11,c0023_0033,0.013802663821449684,0.013016438356164384,0.0007862254652852994
2012-10-22,12,c0009_0057,0.013624802263051709,0.013016438356164384,0.0006083639068873249
2012-10-22,13,c0009_0027,0.013474508185489344,0.013016438356164384,0.0004580698293249593
2012-10-22,14,c0014_0019,0.013465459521281632,0.013016438356164384,0.00044902116511724775
2012-10-22,15,c0029_0055,0.013249198726081112,0.013016438356164384,0.00023276036991672693
2012-10-22,16,c0010_0056,0.013213682022019993,0.013016438356164384,0.00019724366585560833
2012-10-22,17,c0012_0050,0.013108816523045444,0.013016438356164384,9.237816688105974e-05
2012-10-22,18,c0027_0051,0.011725116318338804,0.010413698630136985,0.0013114176882018198
2012-10-22,19,c0029_0053,0.011446642410913898,0.010413698630136985,0.0010329437807769133
2012-10-22,20,c0002_0039,0.011267994045398683,0.010413698630136985,0.0008542954152616979
2012-10-23,1,c0012_0029,0.01692939829877033,0.01561917808219178,0.001310220216578549
2012-10-23,2,c0023_0016,0.016877840506873402,0.01561917808219178,0.0012586624246816204
2012-10-23,3,c0021_0048,0.016869897480659046,0.01561917808219178,0.0012507193984672648
2012-10-23,4,c0012_0045,0.016853903616295747,0.01561917808219178,0.0012347255341039669
2012-10-23,5,c0017_0051,0.01667495601200397,0.01561917808219178,0.0010557779298121888
2012-10-23,6,c0020_0018,0.01662963387637427,0.01561917808219178,0.0010104557941824877
2012-10-23,7,c0016_0049,0.016493603824156867,0.01561917808219178,0.0008744257419650881
2012-10-23,8,c0029_0046,0.01602636112473925,0.01561917808219178,0.0004071830425474693
2012-10-23,9,c0026_0033,0.014082297953036905,0.013016438356164384,0.0010658595968725203
2012-10-23,10,c0013_0025,0.013830626511312283,0.013016438356164384,0.0008141881551478991
2012-10-23,11,c0023_0033,0.013793976336131077,0.013016438356164384,0.000777537979966692
2012-10-23,12,c0009_0057,0.013618080078712977,0.013016438356164384,0.0006016417225485915
2012-10-23,13,c0009_0027,0.013469446692199103,0.013016438356164384,0.0004530083360347191
2012-10-23,14,c0014_0019,0.013460498012208296,0.013016438356164384,0.0004440596560439128
2012-10-23,15,c0029_0055,0.01324662681460573,0.013016438356164384,0.0002301884584413445
2012-10-23,16,c0010_0056,0.01321150255629805,0.013016438356164384,0.0001950642001336642
2012-10-23,17,c0012_0050,0.013107795780263668,0.013016438356164384,9.135742409928295e-05
2012-10-23,18,c0027_0051,0.01171062566341111,0.010413698630136985,0.0012969270332741252
2012-10-23,19,c0029_0053,0.011435228784255048,0.010413698630136985,0.0010215301541180643
2012-10-23,20,c0002_0039,0.011258554413632054,0.010413698630136985,0.0008448557834950694
2012-10-24,1,c0012_0029,0.016914920875437903,0.01561917808219178,0.0012957427932461232
2012-10-24,2,c0023_0016,0.016863932777070302,0.01561917808219178,0.0012447546948785202
2012-10-24,3,c0021_0048,0.016856077518203443,0.01561917808219178,0.001236899436011662
2012-10-24,4,c0012_0045,0.016840260379815047,0.01561917808219178,0.0012210822976232649
2012-10-24,5,c0017_0051,0.016663290076887476,0.01561917808219178,0.0010441119946956955
2012-10-24,6,c0020_0018,0.016618468733212852,0.01561917808219178,0.0009992906510210707
2012-10-24,7,c0016_0049,0.01648394176011678,0.01561917808219178,0.0008647636779250012
2012-10-24,8,c0029_0046,0.016021861910632984,0.01561917808219178,0.0004026838284412034
2012-10-24,9,c0027_0051,0.014299034850606643,0.013016438356164384,0.0012825964944422577
2012-10-24,10,c0026_0033,0.014070520619424126,0.013016438356164384,0.0010540822632597422
2012-10-24,11,c0013_0025,0.013821630049156399,0.013016438356164384,0.0008051916929920154
2012-10-24,12,c0023_0033,0.013785384844143255,0.013016438356164384,0.0007689464879788703
2012-10-24,13,c0009_0057,0.01361143217189428,0.013016438356164384,0.0005949938157298955
2012-10-24,14,c0009_0027,0.013464441126439311,0.013016438356164384,0.0004480027702749274
2012-10-24,15,c0014_0019,0.013455591325878737,0.013016438356164384,0.0004391529697143527
2012-10-24,16,c0010_0056,0.01320934717282388,0.013016438356164384,0.00019290881665949487
2012-10-24,17,c0012_0050,0.01310678631629226,0.013016438356164384,9.034796012787581e-05
2012-10-24,18,c0007_0039,0.011770062560914148,0.010413698630136985,0.0013563639307771632
2012-10-24,19,c0029_0053,0.011423941273727525,0.010413698630136985,0.0010102426435905404
2012-10-24,20,c0002_0039,0.011249219086121656,0.010413698630136985,0.0008355204559846707
2012-10-25,1,c0012_0029,0.01690060342199733,0.01561917808219178,0.0012814253398055477
2012-10-25,2,c0023_0016,0.01685017872226733,0.01561917808219178,0.00123100064007555
2012-10-25,3,c0021_0048,0.016842410260952945,0.01561917808219178,0.0012232321787611663
2012-10-25,4,c0012_0045,0.016826767895786226,0.01561917808219178,0.0012075898135944449
2012-10-25,5,c0017_0051,0.016651753045812543,0.01561917808219178,0.0010325749636207618
2012-10-25,6,c0020_0018,0.016607426960536846,0.01561917808219178,0.000988248878345065
2012-10-25,7,c0016_0049,0.016474386458122953,0.01561917808219178,0.0008552083759311742
2012-10-25,8,c0029_0046,0.016017412411091076,0.01561917808219178,0.0003982343288992952
2012-10-25,9,c0027_0051,0.014284862658650076,0.013016438356164384,0.001268424302485691
2012-10-25,10,c0026_0033,0.014058873420762926,0.013016438356164384,0.0010424350645985407
2012-10-25,11,c0013_0025,0.01381273299440507,0.013016438356164384,0.0007962946382406859
2012-10-25,12,c0023_0033,0.013776888284797282,0.013016438356164384,0.0007604499286328981
2012-10-25,13,c0009_0057,0.013604857721857941,0.013016438356164384,0.0005884193656935566
2012-10-25,14,c0009_0027,0.01345949087023253,0.013016438356164384,0.0004430525140681452
2012-10-25,15,c0014_0019,0.013450738856522976,0.013016438356164384,0.00043430050035859124
2012-10-25,16,c0010_0056,0.013207215605498021,0.013016438356164384,0.00019077724933363736
2012-10-25,17,c0012_0050,0.013105788006504759,0.013016438356164384,8.934965034037454e-05
2012-10-25,18,c0007_0039,0.011755075267503296,0.010413698630136985,0.0013413766373663101
2012-10-25,19,c0029_0053,0.011412778485797172,0.010413698630136985,0.0009990798556601863
2012-10-25,20,c0002_0039,0.011239986910346061,0.010413698630136985,0.0008262882802090757
2012-10-26,1,c0012_0029,0.016886444170843572,0.01561917808219178,0.0012672660886517936
2012-10-26,2,c0023_0016,0.01683657664441556,0.01561917808219178,0.001217398562223783
2012-10-26,3,c0021_0048,0.01682889402157449,0.01561917808219178,0.0012097159393827082
2012-10-26,4,c0012_0045,0.016813424498453383,0.01561917808219178,0.0011942464162616015
2012-10-26,5,c0017_0051,0.01664034349443969,0.01561917808219178,0.0010211654122479102
2012-10-26,6,c0020_0018,0.016596507195150413,0.01561917808219178,0.000977329112958634
2012-10-26,7,c0016_0049,0.01646493673849634,0.01561917808219178,0.0008457586563045578
2012-10-26,8,c0029_0046,0.01601301207678694,0.01561917808219178,0.0003938339945951619
2012-10-26,9,c0013_0025,0.014353438751343836,0.013016438356164384,0.001337000395179452
2012-10-26,10,c0027_0051,0.01427084706389748,0.013016438356164384,0.0012544087077330961
2012-10-26,11,c0026_0033,0.014047354919112746,0.013016438356164384,0.0010309165629483622
2012-10-26,12,c0023_0033,0.013768485609124425,0.013016438356164384,0.0007520472529600401
2012-10-26,13,c0009_0057,0.01359835591693511,0.013016438356164384,0.0005819175607707258
2012-10-26,14,c0009_0027,0.013454595312429728,0.013016438356164384,0.00043815695626534315
2012-10-26,15,c0014_0019,0.013445940005064558,0.013016438356164384,0.00042950164890017404
2012-10-26,16,c0010_0056,0.013205107591161308,0.013016438356164384,0.00018866923499692435
2012-10-26,17,c0012_0050,0.013104800727651774,0.013016438356164384,8.836237148738925e-05
2012-10-26,18,c0007_0039,0.01174025357785017,0.010413698630136985,0.001326554947713185
2012-10-26,19,c0029_0053,0.011401739042327842,0.010413698630136985,0.0009880404121908571
2012-10-26,20,c0002_0039,0.011230856746518756,0.010413698630136985,0.000817158116381771
2012-10-27,1,c0012_0029,0.01687244137390296,0.01561917808219178,0.0012532632917111775
2012-10-27,2,c0023_0016,0.01682312486422885,0.01561917808219178,0.0012039467820370714
2012-10-27,3,c0021_0048,0.016815527131379373,0.01561917808219178,0.0011963490491875921
2012-10-27,4,c0012_0045,0.016800228540466564,0.01561917808219178,0.0011810504582747826
2012-10-27,5,c0017_0051,0.01662906001416784,0.01561917808219178,0.0010098819319760595
2012-10-27,6,c0020_0018,0.016585708088920504,0.01561917808219178,0.000966530006728725
2012-10-27,7,c0016_0049,0.016455591434592878,0.01561917808219178,0.0008364133524010972
2012-10-27,8,c0029_0046,0.016008660364463845,0.01561917808219178,0.0003894822822720659
2012-10-27,9,c0013_0025,0.014338665417463231,0.013016438356164384,0.001322227061298847
2012-10-27,10,c0027_0051,0.014256986336010715,0.013016438356164384,0.0012405479798463315
2012-10-27,11,c0026_0033,0.01403596369242172,0.013016438356164384,0.001019525336257335
2012-10-27,12,c0023_0033,0.013760175779746642,0.013016438356164384,0.0007437374235822565
2012-10-27,13,c0009_0057,0.013591925954425564,0.013016438356164384,0.000575487598261179
2012-10-27,14,c0009_0027,0.013449753848634836,0.013016438356164384,0.0004333154924704512
2012-10-27,15,c0014_0019,0.013441194179046594,0.013016438356164384,0.00042475582288220874
2012-10-27,16,c0010_0056,0.013203022869562379,0.013016438356164384,0.00018658451339799488
2012-10-27,17,c0012_0050,0.013103824357845772,0.013016438356164384,8.738600168138778e-05
2012-10-27,18,c0007_0039,0.011725595662097719,0.010413698630136985,0.001311897031960733
2012-10-27,19,c0029_0053,0.01139082158041126,0.010413698630136985,0.0009771229502742755
2012-10-27,20,c0002_0039,0.011221827467447426,0.010413698630136985,0.0008081288373104407
2012-10-28,1,c0012_0029,0.016858593302417332,0.01561917808219178,0.0012394152202255513
2012-10-28,2,c0023_0016,0.016809821720976507,0.01561917808219178,0.0011906436387847268
2012-10-28,3,c0021_0048,0.016802307940117264,0.01561917808219178,0.0011831298579254833
2012-10-28,4,c0012_0045,0.016787178392678393,0.01561917808219178,0.0011680003104866114
2012-10-28,5,c0017_0051,0.0166179012119604,0.01561917808219178,0.0009987231297686223
2012-10-28,6,c0020_0018,0.01657502830861041,0.01561917808219178,0.0009558502264186299
2012-10-28,7,c0016_0049,0.01644634939265948,0.01561917808219178,0.0008271713104676996
2012-10-28,8,c0029_0046,0.016004356736867825,0.01561917808219178,0.00038517865467604495
2012-10-28,9,c0013_0025,0.014324055323170838,0.013016438356164384,0.0013076169670064534
2012-10-28,10,c0027_0051,0.014243278763771202,0.013016438356164384,0.0012268404076068182
2012-10-28,11,c0026_0033,0.014024698334351092,0.013016438356164384,0.0010082599781867086
2012-10-28,12,c0023_0033,0.013751957770748516,0.013016438356164384,0.0007355194145841313
2012-10-28,13,c0009_0057,0.0135855670404986,0.013016438356164384,0.0005691286843342172
2012-10-28,14,c0009_0027,0.013444965881130125,0.013016438356164384,0.0004285275249657404
2012-10-28,15,c0014_0019,0.013436500792558604,0.013016438356164384,0.0004200624363942206
2012-10-28,16,c0010_0056,0.013200961183325548,0.013016438356164384,0.0001845228271611641
2012-10-28,17,c0012_0050,0.013102858776546033,0.013016438356164384,8.64204203816478e-05
2012-10-28,18,c0007_0039,0.011711099710608092,0.010413698630136985,0.0012974010804711082
2012-10-28,19,c0029_0053,0.011380024752198755,0.010413698630136985,0.0009663261220617705
2012-10-28,20,c0002_0039,0.01121289795839479,0.010413698630136985,0.0007991993282578052
2012-10-29,1,c0012_0029,0.01684489824673065,0.01561917808219178,0.0012257201645388715
2012-10-29,2,c0023_0016,0.01679666557227827,0.01561917808219178,0.0011774874900864877
2012-10-29,3,c0021_0048,0.01678923481577245,0.01561917808219178,0.00117005673358067
2012-10-29,4,c0012_0045,0.016774272443942938,0.01561917808219178,0.0011550943617511563
2012-10-29,5,c0017_0051,0.016606865710173304,0.01561917808219178,0.0009876876279815234
2012-10-29,6,c0020_0018,0.016564466535715167,0.01561917808219178,0.0009452884535233879
2012-10-29,7,c0016_0049,0.016437209471691576,0.01561917808219178,0.0008180313894997954
2012-10-29,8,c0029_0046,0.016000100662681364,0.01561917808219178,0.0003809225804895839
2012-10-29,9,c0013_0025,0.014309606664732754,0.013016438356164384,0.0012931683085683702
2012-10-29,10,c0027_0051,0.014229722654868661,0.013016438356164384,0.001213284298704277
2012-10-29,11,c0026_0033,0.014013557454101612,0.013016438356164384,0.000997119097937227
2012-10-29,12,c0023_0033,0.013743830567550599,0.013016438356164384,0.0007273922113862146
2012-10-29,13,c0009_0057,0.013579278390095047,0.013016438356164384,0.000562840033930662
2012-10-29,14,c0009_0027,0.013440230818802414,0.013016438356164384,0.00042379246263803
2012-10-29,15,c0014_0019,0.013431859266164203,0.013016438356164384,0.00041542090999981796
2012-10-29,16,c0010_0056,0.013198922277919033,0.013016438356164384,0.00018248392175464835
2012-10-29,17,c0012_0050,0.01310190386454376,0.013016438356164384,8.546550837937502e-05
2012-10-29,18,c0007_0039,0.011696763933739243,0.010413698630136985,0.0012830653036022576
2012-10-29,19,c0029_0053,0.01136934722473486,0.010413698630136985,0.0009556485945978743
2012-10-29,20,c0002_0039,0.011204067116940983,0.010413698630136985,0.0007903684868039976
2012-10-30,1,c0012_0029,0.01683135451607791,0.01561917808219178,0.0012121764338861275
2012-10-30,2,c0023_0016,0.016783654793901537,0.01561917808219178,0.0011644767117097554
2012-10-30,3,c0021_0048,0.01677630614436236,0.01561917808219178,0.0011571280621705787
2012-10-30,4,c0012_0045,0.0167615091009168,0.01561917808219178,0.0011423310187250208
2012-10-30,5,c0017_0051,0.016595952146384898,0.01561917808219178,0.0009767740641931182
2012-10-30,6,c0020_0018,0.016554021466298783,0.01561917808219178,0.0009348433841070042
2012-10-30,7,c0016_0049,0.01642817054329225,0.01561917808219178,0.0008089924611004709
2012-10-30,8,c0029_0046,0.0159958916164578,0.01561917808219178,0.0003767135342660195
2012-10-30,9,c0013_0025,0.014295317658345637,0.013016438356164384,0.0012788793021812528
2012-10-30,10,c0027_0051,0.014216316335692182,0.013016438356164384,0.0011998779795277983
2012-10-30,11,c0026_0033,0.01400253967624181,0.013016438356164384,0.0009861013200774254
2012-10-30,12,c0023_0033,0.013735793166784149,0.013016438356164384,0.0007193548106197639
2012-10-30,13,c0009_0057,0.013573059226830317,0.013016438356164384,0.0005566208706659325
2012-10-30,14,c0009_0027,0.013435548077070094,0.013016438356164384,0.00041910972090570983
2012-10-30,15,c0014_0019,0.013427269026829539,0.013016438356164384,0.00041083067066515535
2012-10-30,16,c0010_0056,0.013196905901623526,0.013016438356164384,0.00018046754545914114
2012-10-30,17,c0012_0050,0.01310095950394737,0.013016438356164384,8.452114778298591e-05
2012-10-30,18,c0007_0039,0.011682586561623963,0.010413698630136985,0.0012688879314869776
2012-10-30,19,c0029_0053,0.011358787679792743,0.010413698630136985,0.0009450890496557577
2012-10-30,20,c0002_0039,0.011195333852847447,0.010413698630136985,0.0007816352227104618
2012-10-31,1,c0012_0029,0.019970119873567744,0.018221917808219176,0.0017482020653485691
2012-10-31,2,c0023_0016,0.01677078777956085,0.01561917808219178,0.0011516096973690697
2012-10-31,3,c0021_0048,0.016763520329738296,0.01561917808219178,0.0011443422475465154
2012-10-31,4,c0012_0045,0.016748886787862412,0.01561917808219178,0.0011297087056706325
2012-10-31,5,c0017_0051,0.01658515917322777,0.01561917808219178,0.0009659810910359913
2012-10-31,6,c0016_0049,0.01641923149153294,0.01561917808219178,0.000800053409341159
2012-10-31,7,c0029_0046,0.01599172907855645,0.01561917808219178,0.0003725509963646693
2012-10-31,8,c0013_0025,0.014271867954897762,0.013016438356164384,0.0012554295987333786
2012-10-31,9,c0027_0051,0.014203058151123606,0.013016438356164384,0.0011866197949592214
2012-10-31,10,c0026_0033,0.013991643640538206,0.013016438356164384,0.0009752052843738205
2012-10-31,11,c0020_0018,0.013931538103282215,0.013016438356164384,0.00091509974711783
2012-10-31,12,c0023_0033,0.013727844576167256,0.013016438356164384,0.0007114062200028713
2012-10-31,13,c0009_0057,0.01356690878289858,0.013016438356164384,0.000550470426734196
2012-10-31,14,c0009_0027,0.013430917077810953,0.013016438356164384,0.0004144787216465688
2012-10-31,15,c0014_0019,0.013422729507852574,0.013016438356164384,0.00040629115168818873
2012-10-31,16,c0010_0056,0.01319491180550112,0.013016438356164384,0.00017847344933673623
2012-10-31,17,c0007_0039,0.011668565843951392,0.010413698630136985,0.0012548672138144063
2012-10-31,18,c0029_0053,0.01134834481371147,0.010413698630136985,0.0009346461835744844
2012-10-31,19,c0025_0035,0.011096168834543021,0.010413698630136985,0.0006824702044060373
2012-10-31,20,c0012_0026,0.01108007203957081,0.010413698630136985,0.0006663734094338247
2012-11-01,1,c0012_0029,0.019950802921310084,0.018221917808219176,0.0017288851130909065
2012-11-01,2,c0023_0016,0.01675806294071958,0.01561917808219178,0.0011388848585277976
2012-11-01,3,c0021_0048,0.016750875793388388,0.01561917808219178,0.0011316977111966084
2012-11-01,4,c0012_0045,0.016736403946453485,0.01561917808219178,0.0011172258642617053
2012-11-01,5,c0017_0051,0.01657448545822239,0.01561917808219178,0.0009553073760306115
2012-11-01,6,c0016_0049,0.01641039121281565,0.01561917808219178,0.0007912131306238691
2012-11-01,7,c0029_0046,0.01598761253507846,0.01561917808219178,0.00036843445288667836
2012-11-01,8,c0013_0025,0.014257995946562872,0.013016438356164384,0.0012415575903984874
2012-11-01,9,c0027_0051,0.014189946464333181,0.013016438356164384,0.0011735081081687962
2012-11-01,10,c0026_0033,0.013980868001787364,0.013016438356164384,0.0009644296456229803
2012-11-01,11,c0020_0018,0.013921426607319333,0.013016438356164384,0.0009049882511549479
2012-11-01,12,c0023_0033,0.013719983814382343,0.013016438356164384,0.0007035454582179575
2012-11-01,13,c0009_0057,0.013560826298977958,0.013016438356164384,0.0005443879428135747
2012-11-01,14,c0009_0027,0.013426337249290807,0.013016438356164384,0.0004098988931264215
2012-11-01,15,c0014_0019,0.013418240148793094,0.013016438356164384,0.00040180179262871025
2012-11-01,16,c0010_0056,0.013192939743364579,0.013016438356164384,0.00017650138720019446
2012-11-01,17,c0007_0039,0.011654700049750923,0.010413698630136985,0.0012410014196139367
2012-11-01,18,c0029_0053,0.011338017337235051,0.010413698630136985,0.0009243187070980654
2012-11-01,19,c0025_0035,0.011088627804465838,0.010413698630136985,0.0006749291743288533
2012-11-01,20,c0012_0026,0.011072708872811685,0.010413698630136985,0.0006590102426746993
2012-11-02,1,c0012_0029,0.019931699413854895,0.018221917808219176,0.0017097816056357187
2012-11-02,2,c0023_0016,0.0167454787063938,0.01561917808219178,0.0011263006242020188
2012-11-02,3,c0021_0048,0.016738370974242706,0.01561917808219178,0.0011191928920509268
2012-11-02,4,c0012_0045,0.016724059035582634,0.01561917808219178,0.0011048809533908523
2012-11-02,5,c0017_0051,0.01656392968361261,0.01561917808219178,0.0009447516014208286
2012-11-02,6,c0016_0049,0.01640164861573672,0.01561917808219178,0.0007824705335449383
2012-11-02,7,c0029_0046,0.015983541477803353,0.01561917808219178,0.00036436339561157386
2012-11-02,8,c0013_0025,0.014244277218519792,0.013016438356164384,0.0012278388623554084
2012-11-02,9,c0027_0051,0.01417697965657749,0.013016438356164384,0.0011605413004131054
2012-11-02,10,c0026_0033,0.01397021142964983,0.013016438356164384,0.0009537730734854457
2012-11-02,11,c0020_0018,0.013911426839450496,0.013016438356164384,0.0008949884832861117
2012-11-02,12,c0023_0033,0.013712209910955005,0.013016438356164384,0.0006957715547906201
2012-11-02,13,c0009_0057,0.013554811024136786,0.013016438356164384,0.0005383726679724023
2012-11-02,14,c0009_0027,0.013421808026092906,0.013016438356164384,0.0004053696699285224
2012-11-02,15,c0014_0019,0.013413800395403543,0.013016438356164384,0.0003973620392391588
2012-11-02,16,c0010_0056,0.013190989471746933,0.013016438356164384,0.00017455111558254964
2012-11-02,17,c0007_0039,0.011640987467178497,0.010413698630136985,0.001227288837041513
2012-11-02,18,c0029_0053,0.011327803975353271,0.010413698630136985,0.0009141053452162865
2012-11-02,19,c0025_0035,0.01108117009983533,0.010413698630136985,0.000667471469698345
2012-11-02,20,c0012_0026,0.011065427066178812,0.010413698630136985,0.0006517284360418261
2012-11-03,1,c0012_0029,0.01991280699272021,0.018221917808219176,0.001690889184501032
2012-11-03,2,c0023_0016,0.016733033522958355,0.01561917808219178,0.0011138554407665747
2012-11-03,3,c0021_0048,0.016726004328480534,0.01561917808219178,0.0011068262462887548
2012-11-03,4,c0012_0045,0.016711850531171104,0.01561917808219178,0.0010926724489793234
2012-11-03,5,c0017_0051,0.016553490546202965,0.01561917808219178,0.000934312464011185
2012-11-03,6,c0016_0049,0.01639300262095207,0.01561917808219178,0.0007738245387602897
2012-11-03,7,c0029_0046,0.0159795154041263,0.01561917808219178,0.00036033732193452143
2012-11-03,8,c0013_0025,0.014230710077080972,0.013016438356164384,0.001214271720916588
2012-11-03,9,c0027_0051,0.0141641561269996,0.013016438356164384,0.0011477177708352157
2012-11-03,10,c0026_0033,0.013959672608485877,0.013016438356164384,0.0009432342523214923
2012-11-03,11,c0020_0018,0.013901537565123762,0.013016438356164384,0.0008850992089593772
2012-11-03,12,c0023_0033,0.013704521906134205,0.013016438356164384,0.0006880835499698212
2012-11-03,13,c0009_0057,0.0135488622157409,0.013016438356164384,0.0005324238595765148
2012-11-03,14,c0009_0027,0.013417328849048145,0.013016438356164384,0.00040089049288376103
2012-11-03,15,c0014_0019,0.013409409699560577,0.013016438356164384,0.0003929713433961929
2012-11-03,16,c0010_0056,0.013189060749871435,0.013016438356164384,0.00017262239370705086
2012-11-03,17,c0007_0039,0.011627426403305274,0.010413698630136985,0.001213727773168289
2012-11-03,18,c0029_0053,0.011317703467144287,0.010413698630136985,0.0009040048370073018
2012-11-03,19,c0025_0035,0.01107379479993775,0.010413698630136985,0.0006600961698007648
2012-11-03,20,c0012_0026,0.011058225720674468,0.010413698630136985,0.0006445270905374831
2012-11-04,1,c0012_0029,0.019894123325484354,0.018221917808219176,0.0016722055172651783
2012-11-04,2,c0023_0016,0.016720725853955037,0.01561917808219178,0.0011015477717632573
2012-11-04,3,c0021_0048,0.016713774329339775,0.01561917808219178,0.0010945962471479948
2012-11-04,4,c0012_0045,0.016699776925980625,0.01561917808219178,0.0010805988437888453
2012-11-04,5,c0017_0051,0.016543166757197806,0.01561917808219178,0.0009239886750060254
2012-11-04,6,c0016_0049,0.01638445216104396,0.01561917808219178,0.0007652740788521785
2012-11-04,7,c0029_0046,0.015975533816996054,0.01561917808219178,0.0003563557348042743
2012-11-04,8,c0013_0025,0.014217292847273445,0.013016438356164384,0.0012008544911090609
2012-11-04,9,c0027_0051,0.014151474292431424,0.013016438356164384,0.001135035936267039
2012-11-04,10,c0026_0033,0.013949250237193086,0.013016438356164384,0.0009328118810287019
2012-11-04,11,c0020_0018,0.013891757563428503,0.013016438356164384,0.0008753192072641188
2012-11-04,12,c0023_0033,0.013696918850773784,0.013016438356164384,0.0006804804946093989
2012-11-04,13,c0009_0057,0.013542979139361951,0.013016438356164384,0.000526540783197567
2012-11-04,14,c0009_0027,0.013412899165166012,0.013016438356164384,0.00039646080900162785
2012-11-04,15,c0014_0019,0.013405067519197405,0.013016438356164384,0.0003886291630330207
2012-11-04,16,c0010_0056,0.01318715333962182,0.013016438356164384,0.00017071498345743667
2012-11-04,17,c0007_0039,0.01161401518390861,0.010413698630136985,0.001200316553771625
2012-11-04,18,c0029_0053,0.011307714565618946,0.010413698630136985,0.00089401593548196
2012-11-04,19,c0025_0035,0.011066500994232878,0.010413698630136985,0.0006528023640958934
2012-11-04,20,c0012_0026,0.011051103947234507,0.010413698630136985,0.000637405317097523
2012-11-05,1,c0012_0029,0.01987564610549802,0.018221917808219176,0.0016537282972788427
2012-11-05,2,c0023_0016,0.016708554179902906,0.01561917808219178,0.001089376097711126
2012-11-05,3,c0021_0048,0.016701679466928455,0.01561917808219178,0.0010825013847366757
2012-11-05,4,c0012_0045,0.01668783672942732,0.01561917808219178,0.0010686586472355409
2012-11-05,5,c0017_0051,0.016532957042042166,0.01561917808219178,0.0009137789598503843
2012-11-05,6,c0016_0049,0.01637599618038919,0.01561917808219178,0.0007568180981974099
2012-11-05,7,c0029_0046,0.015971596224853588,0.01561917808219178,0.0003524181426618088
2012-11-05,8,c0013_0025,0.014204023872632044,0.013016438356164384,0.0011875855164676606
2012-11-05,9,c0027_0051,0.014138932587198264,0.013016438356164384,0.0011224942310338797
2012-11-05,10,c0026_0033,0.013938943029045714,0.013016438356164384,0.0009225046728813305
2012-11-05,11,c0020_0018,0.013882085626944683,0.013016438356164384,0.0008656472707802979
2012-11-05,12,c0023_0033,0.01368939980621527,0.013016438356164384,0.0006729614500508858
2012-11-05,13,c0009_0057,0.013537161068686744,0.013016438356164384,0.0005207227125223607
2012-11-05,14,c0009_0027,0.013408518427566327,0.013016438356164384,0.0003920800714019433
2012-11-05,15,c0014_0019,0.013400773318236862,0.013016438356164384,0.000384334962072477
2012-11-05,16,c0010_0056,0.013185267005512922,0.013016438356164384,0.00016882864934853752
2012-11-05,17,c0007_0039,0.011600752153265373,0.010413698630136985,0.0011870535231283878
2012-11-05,18,c0029_0053,0.011297836037566839,0.010413698630136985,0.0008841374074298543
2012-11-05,19,c0025_0035,0.011059287782241611,0.010413698630136985,0.0006455891521046265
2012-11-05,20,c0012_0026,0.011044060866618596,0.010413698630136985,0.0006303622364816114
2012-11-06,1,c0012_0029,0.019857373051599462,0.018221917808219176,0.001635455243380287
2012-11-06,2,c0023_0016,0.016696516998110693,0.01561917808219178,0.0010773389159189123
2012-11-06,3,c0021_0048,0.016689718248038325,0.01561917808219178,0.0010705401658465455
2012-11-06,4,c0012_0045,0.016676028467397686,0.01561917808219178,0.0010568503852059045
2012-11-06,5,c0017_0051,0.01652286014026441,0.01561917808219178,0.0009036820580726328
2012-11-06,6,c0016_0049,0.016367633635028796,0.01561917808219178,0.0007484555528370145
2012-11-06,7,c0029_0046,0.015967702141571418,0.01561917808219178,0.00034852405937963685
2012-11-06,8,c0013_0025,0.014190901514994901,0.013016438356164384,0.0011744631588305166
2012-11-06,9,c0027_0051,0.014126529462925521,0.013016438356164384,0.0011100911067611374
2012-11-06,10,c0026_0033,0.013928749711535838,0.013016438356164384,0.0009123113553714543
2012-11-06,11,c0020_0018,0.013872520561593781,0.013016438356164384,0.0008560822054293968
2012-11-06,12,c0023_0033,0.01368196384417201,0.013016438356164384,0.000665525488007626
2012-11-06,13,c0009_0057,0.01353140728542756,0.013016438356164384,0.0005149689292631757
2012-11-06,14,c0009_0027,0.013404186095411726,0.013016438356164384,0.0003877477392473406
2012-11-06,15,c0014_0019,0.013396526566525225,0.013016438356164384,0.00038008821036084105
2012-11-06,16,c0010_0056,0.013183401514661588,0.013016438356164384,0.00016696315849720327
2012-11-06,17,c0007_0039,0.011587635673947527,0.010413698630136985,0.0011739370438105415
2012-11-06,18,c0029_0053,0.011288066663404058,0.010413698630136985,0.0008743680332670739
2012-11-06,19,c0025_0035,0.011052154273434788,0.010413698630136985,0.0006384556432978037
2012-11-06,20,c0012_0026,0.011037095609301661,0.010413698630136985,0.0006233969791646771
2012-11-07,1,c0012_0029,0.0198393019078329,0.018221917808219176,0.0016173840996137215
2012-11-07,2,c0023_0016,0.01668461282249128,0.01561917808219178,0.0010654347402995004
2012-11-07,3,c0021_0048,0.016677889195960503,0.01561917808219178,0.0010587111137687218
2012-11-07,4,c0012_0045,0.016664350682066592,0.01561917808219178,0.001045172599874811
2012-11-07,5,c0017_0051,0.016512874805320644,0.01561917808219178,0.0008936967231288632
2012-11-07,6,c0016_0049,0.016359363492539143,0.01561917808219178,0.0007401854103473633
2012-11-07,7,c0029_0046,0.01596385108639357,0.01561917808219178,0.0003446730042017901
2012-11-07,8,c0013_0025,0.014177924154301193,0.013016438356164384,0.0011614857981368091
2012-11-07,9,c0027_0051,0.014114263388347533,0.013016438356164384,0.0010978250321831485
2012-11-07,10,c0026_0033,0.01391866902621625,0.013016438356164384,0.0009022306700518658
2012-11-07,11,c0020_0018,0.013863061186491386,0.013016438356164384,0.0008466228303270018
2012-11-07,12,c0023_0033,0.013674610046614554,0.013016438356164384,0.0006581716904501693
2012-11-07,13,c0009_0057,0.013525717079233477,0.013016438356164384,0.0005092787230690921
2012-11-07,14,c0009_0027,0.01339990163384088,0.013016438356164384,0.0003834632776764959
2012-11-07,15,c0014_0019,0.013392326739766768,0.013016438356164384,0.000375888383602384
2012-11-07,16,c0010_0056,0.013181556636757937,0.013016438356164384,0.00016511828059355207
2012-11-07,17,c0007_0039,0.011574664126619977,0.010413698630136985,0.0011609654964829916
2012-11-07,18,c0013_0053,0.01155700572176986,0.010413698630136985,0.001143307091632874
2012-11-07,19,c0029_0053,0.011278405237022619,0.010413698630136985,0.0008647066068856341
2012-11-07,20,c0025_0035,0.01104509958712325,0.010413698630136985,0.0006314009569862646
2012-11-08,1,c0012_0029,0.019821430443169967,0.018221917808219176,0.0015995126349507903
2012-11-08,2,c0023_0016,0.01667284018337824,0.01561917808219178,0.00105366210118646
2012-11-08,3,c0021_0048,0.01666619085030316,0.01561917808219178,0.0010470127681113796
2012-11-08,4,c0012_0045,0.016652801931717316,0.01561917808219178,0.0010336238495255354
2012-11-08,5,c0017_0051,0.016502999804440772,0.01561917808219178,0.0008838217222489921
2012-11-08,6,c0016_0049,0.016351184731904486,0.01561917808219178,0.0007320066497127064
2012-11-08,7,c0029_0046,0.015960042583876247,0.01561917808219178,0.000340864501684466
2012-11-08,8,c0013_0025,0.014165090188391143,0.013016438356164384,0.0011486518322267592
2012-11-08,9,c0027_0051,0.014102132849118522,0.013016438356164384,0.0010856944929541375
2012-11-08,10,c0026_0033,0.013908699728545094,0.013016438356164384,0.0008922613723807093
2012-11-08,11,c0020_0018,0.013853706333801395,0.013016438356164384,0.0008372679776370109
2012-11-08,12,c0023_0033,0.013667337505657318,0.013016438356164384,0.0006508991494929338
2012-11-08,13,c0009_0057,0.013520089747602675,0.013016438356164384,0.0005036513914382903
2012-11-08,14,c0009_0027,0.013395664513902478,0.013016438356164384,0.00037922615773809405
2012-11-08,15,c0014_0019,0.013388173319459025,0.013016438356164384,0.0003717349632946409
2012-11-08,16,c0010_0056,0.01317973214403692,0.013016438356164384,0.00016329378787253643
2012-11-08,17,c0007_0039,0.011561835909840652,0.010413698630136985,0.0011481372797036667
2012-11-08,18,c0013_0053,0.011544372623489818,0.010413698630136985,0.0011306739933528332
2012-11-08,19,c0029_0053,0.01126885056564156,0.010413698630136985,0.0008551519355045746
2012-11-08,20,c0025_0035,0.011038122852349107,0.010413698630136985,0.0006244242222121217
2012-11-09,1,c0012_0029,0.01980375645123431,0.018221917808219176,0.0015818386430151317
2012-11-09,2,c0023_0016,0.01666119762734438,0.01561917808219178,0.0010420195451526018
2012-11-09,3,c0021_0048,0.016654621766811237,0.01561917808219178,0.001035443684619456
2012-11-09,4,c0012_0045,0.016641380790563542,0.01561917808219178,0.001022202708371761
2012-11-09,5,c0017_0051,0.016493233918476347,0.01561917808219178,0.0008740558362845658
2012-11-09,6,c0016_0049,0.0163430963433909,0.01561917808219178,0.000723918261199121
2012-11-09,7,c0029_0046,0.015956276163829112,0.01561917808219178,0.00033709808163733153
2012-11-09,8,c0013_0025,0.014152398032808216,0.013016438356164384,0.0011359596766438312
2012-11-09,9,c0027_0051,0.014090136347625647,0.013016438356164384,0.0010736979914612618
2012-11-09,10,c0009_0057,0.014065600141477825,0.013016438356164384,0.001049161785313441
2012-11-09,11,c0026_0033,0.013898840587732216,0.013016438356164384,0.0008824022315678319
2012-11-09,12,c0020_0018,0.013844454848591842,0.013016438356164384,0.0008280164924274569
2012-11-09,13,c0023_0033,0.013660145323446504,0.013016438356164384,0.0006437069672821198
2012-11-09,14,c0009_0027,0.013391474212489912,0.013016438356164384,0.00037503585632552656
2012-11-09,15,c0014_0019,0.013384065792828782,0.013016438356164384,0.0003676274366643971
2012-11-09,16,c0010_0056,0.013177927811250208,0.013016438356164384,0.0001614894550858241
2012-11-09,17,c0007_0039,0.011549149439862792,0.010413698630136985,0.0011354508097258065
2012-11-09,18,c0013_0053,0.011531879116027783,0.010413698630136985,0.0011181804858907982
2012-11-09,19,c0029_0053,0.011259401469659685,0.010413698630136985,0.0008457028395227001
2012-11-09,20,c0025_0035,0.011031223207778218,0.010413698630136985,0.0006175245776412325
2012-11-10,1,c0012_0029,0.01978627775002916,0.018221917808219176,0.0015643599418099841
2012-11-10,2,c0023_0016,0.016649683717022322,0.01561917808219178,0.0010305056348305416
2012-11-10,3,c0021_0048,0.016643180517188126,0.01561917808219178,0.0010240024349963445
2012-11-10,4,c0012_0045,0.016630085848573336,0.01561917808219178,0.001010907766381555
2012-11-10,5,c0017_0051,0.016483575941750025,0.01561917808219178,0.0008643978595582461
2012-11-10,6,c0016_0049,0.01633509732842163,0.01561917808219178,0.0007159192462298501
2012-11-10,7,c0029_0046,0.015952551361257252,0.01561917808219178,0.0003333732790654734
2012-11-10,8,c0013_0025,0.0141398461206035,0.013016438356164384,0.0011234077644391152
2012-11-10,9,c0027_0051,0.014078272402804102,0.013016438356164384,0.0010618340466397177
2012-11-10,10,c0009_0057,0.014054007312182419,0.013016438356164384,0.001037568956018034
2012-11-10,11,c0026_0033,0.013889090386587217,0.013016438356164384,0.000872652030422833
2012-11-10,12,c0020_0018,0.013835305588692306,0.013016438356164384,0.0008188672325279216
2012-11-10,13,c0023_0033,0.013653032612049247,0.013016438356164384,0.0006365942558848625
2012-11-10,14,c0009_0027,0.013387330212276694,0.013016438356164384,0.0003708918561123089
2012-11-10,15,c0014_0019,0.013380003652768768,0.013016438356164384,0.0003635652966043823
2012-11-10,16,c0010_0056,0.013176143415638374,0.013016438356164384,0.00015970505947398913
2012-11-10,17,c0007_0039,0.01153660315043942,0.010413698630136985,0.0011229045203024356
2012-11-10,18,c0013_0053,0.011519523656959556,0.010413698630136985,0.0011058250268225721
2012-11-10,19,c0029_0053,0.011250056782509935,0.010413698630136985,0.00083635815237295
2012-11-10,20,c0025_0035,0.011024399801593848,0.010413698630136985,0.0006107011714568619
2012-11-11,1,c0012_0029,0.01976899218166798,0.018221917808219176,0.0015470743734488015
2012-11-11,2,c0023_0016,0.016638297030927025,0.01561917808219178,0.0010191189487352447
2012-11-11,3,c0021_0048,0.01663186568891934,0.01561917808219178,0.0010126876067275592
2012-11-11,4,c0012_0045,0.01661891571129507,0.01561917808219178,0.0009997376291032882
2012-11-11,5,c0017_0051,0.01647402468190674,0.01561917808219178,0.0008548465997149609
2012-11-11,6,c0016_0049,0.0163271866994538,0.01561917808219178,0.0007080086172620218
2012-11-11,7,c0029_0046,0.015948867716303772,0.01561917808219178,0.0003296896341119914
2012-11-11,8,c0013_0025,0.014127432902142262,0.013016438356164384,0.0011109945459778778
2012-11-11,9,c0027_0051,0.014066539549954274,0.013016438356164384,0.0010501011937898896
2012-11-11,10,c0009_0057,0.014042542579137708,0.013016438356164384,0.0010261042229733233
2012-11-11,11,c0026_0033,0.013879447921369177,0.013016438356164384,0.0008630095652047925
2012-11-11,12,c0020_0018,0.01382625742455291,0.013016438356164384,0.000809819068388525
2012-11-11,13,c0023_0033,0.013645998493343994,0.013016438356164384,0.0006295601371796095
2012-11-11,14,c0009_0027,0.013383232001652598,0.013016438356164384,0.00036679364548821336
2012-11-11,15,c0014_0019,0.013375986397775048,0.013016438356164384,0.00035954804161066425
2012-11-11,16,c0010_0056,0.013174378736903395,0.013016438356164384,0.0001579403807390106
2012-11-11,17,c0007_0039,0.011524195492629983,0.010413698630136985,0.0011104968624929988
2012-11-11,18,c0013_0053,0.01150730472090413,0.010413698630136985,0.0010936060907671449
2012-11-11,19,c0029_0053,0.01124081535051536,0.010413698630136985,0.0008271167203783745
2012-11-11,20,c0025_0035,0.011017651791391503,0.010413698630136985,0.000603953161254518
2012-11-12,1,c0012_0029,0.01975189761210802,0.018221917808219176,0.0015299798038888434
2012-11-12,2,c0023_0016,0.016627036163280314,0.01561917808219178,0.0010078580810885332
2012-11-12,3,c0021_0048,0.01662067588509813,0.01561917808219178,0.0010014978029063504
2012-11-12,4,c0012_0045,0.01660786899968526,0.01561917808219178,0.0009886909174934798
2012-11-12,5,c0017_0051,0.016464578959766475,0.01561917808219178,0.0008454008775746965
2012-11-12,6,c0016_0049,0.01631936347985651,0.01561917808219178,0.0007001853976647282
2012-11-12,7,c0029_0046,0.015945224774193006,0.01561917808219178,0.0003260466920012247
2012-11-12,8,c0013_0025,0.014115156844912631,0.013016438356164384,0.001098718488748247
2012-11-12,9,c0027_0051,0.014054936340560908,0.013016438356164384,0.0010384979843965241
2012-11-12,10,c0009_0057,0.01403120452692999,0.013016438356164384,0.0010147661707656057
2012-11-12,11,c0026_0033,0.013869912001638042,0.013016438356164384,0.0008534736454736581
2012-11-12,12,c0020_0018,0.013817309239104857,0.013016438356164384,0.0008008708829404732
2012-11-12,13,c0023_0033,0.013639042098912094,0.013016438356164384,0.0006226037427477098
2012-11-12,14,c0009_0027,0.01337917907466049,0.013016438356164384,0.0003627407184961056
2012-11-12,15,c0014_0019,0.013372013531885118,0.013016438356164384,0.0003555751757207337
2012-11-12,16,c0010_0056,0.013172633557181459,0.013016438356164384,0.00015619520101707484
2012-11-12,17,c0007_0039,0.011511924934609116,0.010413698630136985,0.0010982263044721306
2012-11-12,18,c0013_0053,0.011495220799335357,0.010413698630136985,0.0010815221691983727
2012-11-12,19,c0029_0053,0.01123167603274669,0.010413698630136985,0.0008179774026097058
2012-11-12,20,c0025_0035,0.011010978344074936,0.010413698630136985,0.0005972797139379506
2012-11-13,1,c0012_0029,0.019734991930886885,0.018221917808219176,0.0015130741226677105
2012-11-13,2,c0023_0016,0.01661589972383731,0.01561917808219178,0.0009967216416455304
2012-11-13,3,c0021_0048,0.016609609724253023,0.01561917808219178,0.000990431642061243
2012-11-13,4,c0012_0045,0.016596944349938324,0.01561917808219178,0.000977766267746542
2012-11-13,5,c0017_0051,0.016455237609178698,0.01561917808219178,0.0008360595269869195
2012-11-13,6,c0016_0049,0.016311626703790234,0.01561917808219178,0.0006924486215984527
2012-11-13,7,c0029_0046,0.015941622085174387,0.01561917808219178,0.00032244400298260664
2012-11-13,8,c0013_0025,0.014103016433336394,0.013016438356164384,0.0010865780771720087
2012-11-13,9,c0027_0051,0.014043461342114281,0.013016438356164384,0.0010270229859498962
2012-11-13,10,c0009_0057,0.014019991755785333,0.013016438356164384,0.0010035533996209484
2012-11-13,11,c0026_0033,0.013860481450107662,0.013016438356164384,0.0008440430939432771
2012-11-13,12,c0020_0018,0.013808459927622533,0.013016438356164384,0.0007920215714581482
2012-11-13,13,c0023_0033,0.013632162569930585,0.013016438356164384,0.0006157242137662006
2012-11-13,14,c0009_0027,0.013375170930933865,0.013016438356164384,0.00035873257476948077
2012-11-13,15,c0014_0019,0.01336808456461666,0.013016438356164384,0.0003516462084522745
2012-11-13,16,c0010_0056,0.013170907661016064,0.013016438356164384,0.00015446930485167858
2012-11-13,17,c0007_0039,0.012050482948656661,0.010413698630136985,0.0016367843185196768
2012-11-13,18,c0013_0053,0.011483270400395724,0.010413698630136985,0.001069571770258738
2012-11-13,19,c0029_0053,0.011222637700881485,0.010413698630136985,0.0008089390707444998
2012-11-13,20,c0025_0035,0.011004378635753284,0.010413698630136985,0.0005906800056162987
2012-11-14,1,c0012_0029,0.01971827305086197,0.018221917808219176,0.001496355242642792
2012-11-14,2,c0009_0057,0.016611642607424155,0.01561917808219178,0.0009924645252323762
2012-11-14,3,c0023_0016,0.016604886337714803,0.01561917808219178,0.0009857082555230245
2012-11-14,4,c0021_0048,0.016598665840177267,0.01561917808219178,0.000979487757985485
2012-11-14,5,c0016_0049,0.01630397541608761,0.01561917808219178,0.0006847973338958296
2012-11-14,6,c0029_0046,0.01593805920446692,0.01561917808219178,0.0003188811222751396
2012-11-14,7,c0007_0039,0.014635136845154606,0.013016438356164384,0.0016186984889902214
2012-11-14,8,c0013_0025,0.014091010168581884,0.013016438356164384,0.0010745718124174995
2012-11-14,9,c0027_0051,0.01403211313793334,0.013016438356164384,0.0010156747817689558
2012-11-14,10,c0012_0045,0.013974066990472973,0.013016438356164384,0.0009576286343085894
2012-11-14,11,c0026_0033,0.013851155102500436,0.013016438356164384,0.0008347167463360506
2012-11-14,12,c0020_0018,0.013799708397587105,0.013016438356164384,0.0007832700414227199
2012-11-14,13,c0023_0033,0.013625359057066163,0.013016438356164384,0.0006089207009017789
2012-11-14,14,c0009_0027,0.013371207075635074,0.013016438356164384,0.00035476871947068907
2012-11-14,15,c0014_0019,0.013364199010906993,0.013016438356164384,0.0003477606547426086
2012-11-14,16,c0009_0058,0.011496781430824056,0.010413698630136985,0.0010830828006870715
2012-11-14,17,c0013_0053,0.011471452048712152,0.010413698630136985,0.0010577534185751683
2012-11-14,18,c0017_0051,0.011222215744733739,0.010413698630136985,0.0008085171145967545
2012-11-14,19,c0029_0053,0.011213699239064822,0.010413698630136985,0.0008000006089278368
2012-11-14,20,c0025_0035,0.01099785185163936,0.010413698630136985,0.0005841532215023747
2012-11-15,1,c0012_0029,0.01970173890795277,0.018221917808219176,0.0014798210997335906
2012-11-15,2,c0009_0057,0.01715213463072374,0.01561917808219178,0.0015329565485319582
2012-11-15,3,c0023_0016,0.01659399464522151,0.01561917808219178,0.000974816563029728
2012-11-15,4,c0021_0048,0.016587842881760156,0.01561917808219178,0.0009686647995683765
2012-11-15,5,c0016_0049,0.016296408672135502,0.01561917808219178,0.000677230589943721
2012-11-15,6,c0029_0046,0.015934535692204262,0.01561917808219178,0.00031535761001248226
2012-11-15,7,c0007_0039,0.014617250857000746,0.013016438356164384,0.001600812500836363
2012-11-15,8,c0013_0025,0.014079136568378947,0.013016438356164384,0.0010626982122145618
2012-11-15,9,c0027_0051,0.014020890326990812,0.013016438356164384,0.0010044519708264285
2012-11-15,10,c0012_0045,0.01396348556686287,0.013016438356164384,0.0009470472106984866
2012-11-15,11,c0026_0033,0.013841931807403578,0.013016438356164384,0.0008254934512391933
2012-11-15,12,c0020_0018,0.01379105356855165,0.013016438356164384,0.0007746152123872655
2012-11-15,13,c0023_0033,0.013618630720370327,0.013016438356164384,0.0006021923642059423
2012-11-15,14,c0009_0027,0.013367287019394228,0.013016438356164384,0.00035084866322984427
2012-11-15,15,c0014_0019,0.013360356391053197,0.013016438356164384,0.0003439180348888122
2012-11-15,16,c0009_0058,0.011484813787514016,0.010413698630136985,0.0010711151573770312
2012-11-15,17,c0013_0053,0.011459764285213874,0.010413698630136985,0.0010460656550768898
2012-11-15,18,c0017_0051,0.011213281945368244,0.010413698630136985,0.000799583315231259
2012-11-15,19,c0029_0053,0.011204859543771544,0.010413698630136985,0.0007911609136345593
2012-11-15,20,c0025_0035,0.010991397185949058,0.010413698630136985,0.0005776985558120724
2012-11-16,1,c0012_0029,0.01968538746088607,0.018221917808219176,0.001463469652666895
2012-11-16,2,c0009_0057,0.01713519605763313,0.01561917808219178,0.0015160179754413478
2012-11-16,3,c0023_0016,0.016583223301690195,0.01561917808219178,0.0009640452194984129
2012-11-16,4,c0021_0048,0.016577139512820246,0.01561917808219178,0.0009579614306284652
2012-11-16,5,c0016_0049,0.016288925537758375,0.01561917808219178,0.0006697474555665955
2012-11-16,6,c0029_0046,0.015931051113380425,0.01561917808219178,0.0003118730311886452
2012-11-16,7,c0007_0039,0.014599562502053083,0.013016438356164384,0.0015831241458886987
2012-11-16,8,c0013_0025,0.014067394166835931,0.013016438356164384,0.001050955810671546
2012-11-16,9,c0027_0051,0.014009791523740229,0.013016438356164384,0.0009933531675758442
2012-11-16,10,c0012_0045,0.013953021063864377,0.013016438356164384,0.0009365827076999916
2012-11-16,11,c0026_0033,0.013832810426126968,0.013016438356164384,0.0008163720699625839
2012-11-16,12,c0020_0018,0.013782494372007764,0.013016438356164384,0.0007660560158433806
2012-11-16,13,c0023_0033,0.013611976729175678,0.013016438356164384,0.000595538373011294
2012-11-16,14,c0009_0027,0.013363410278248791,0.013016438356164384,0.0003469719220844067
2012-11-16,15,c0014_0019,0.013356556230652876,0.013016438356164384,0.0003401178744884916
2012-11-16,16,c0009_0058,0.011472978382003621,0.010413698630136985,0.0010592797518666358
2012-11-16,17,c0013_0053,0.011448205666952278,0.010413698630136985,0.001034507036815292
2012-11-16,18,c0017_0051,0.011204446861007864,0.010413698630136985,0.0007907482308708787
2012-11-16,19,c0029_0053,0.011196117523670017,0.010413698630136985,0.0007824188935330326
2012-11-16,20,c0025_0035,0.010985013841801871,0.010413698630136985,0.0005713152116648857
2012-11-17,1,c0012_0029,0.019669216690943944,0.018221917808219176,0.001447298882724767
2012-11-17,2,c0009_0057,0.017118444649181084,0.01561917808219178,0.001499266566989305
2012-11-17,3,c0023_0016,0.01657257097731168,0.01561917808219178,0.0009533928951199001
2012-11-17,4,c0021_0048,0.016566554411940364,0.01561917808219178,0.0009473763297485837
2012-11-17,5,c0016_0049,0.01628152508910298,0.01561917808219178,0.0006623470069111985
2012-11-17,6,c0029_0046,0.015927605037796066,0.01561917808219178,0.0003084269556042863
2012-11-17,7,c0007_0039,0.014582069596541621,0.013016438356164384,0.001565631240377237
2012-11-17,8,c0013_0025,0.014055781514258719,0.013016438356164384,0.0010393431580943352
2012-11-17,9,c0027_0051,0.013998815357944866,0.013016438356164384,0.0009823770017804822
2012-11-17,10,c0012_0045,0.013942672189550247,0.013016438356164384,0.0009262338333858626
2012-11-17,11,c0026_0033,0.013823789832562567,0.013016438356164384,0.0008073514763981826
2012-11-17,12,c0020_0018,0.013774029751253646,0.013016438356164384,0.0007575913950892625
2012-11-17,13,c0023_0033,0.013605396261993374,0.013016438356164384,0.0005889579058289885
2012-11-17,14,c0009_0027,0.013359576373583818,0.013016438356164384,0.00034313801741943454
2012-11-17,15,c0014_0019,0.013352798060545599,0.013016438356164384,0.0003363597043812153
2012-11-17,16,c0009_0058,0.011461273753116664,0.010413698630136985,0.0010475751229796792
2012-11-17,17,c0013_0053,0.01143677476692277,0.010413698630136985,0.001023076136785785
2012-11-17,18,c0017_0051,0.01119570940089022,0.010413698630136985,0.0007820107707532358
2012-11-17,19,c0029_0053,0.011187472099487398,0.010413698630136985,0.0007737734693504127
2012-11-17,20,c0025_0035,0.010978701031122513,0.010413698630136985,0.0005650024009855284
2012-11-18,1,c0012_0029,0.019653224601714495,0.018221917808219176,0.0014313067934953172
2012-11-18,2,c0009_0057,0.017101878337271215,0.01561917808219178,0.0014827002550794356
2012-11-18,3,c0023_0016,0.016562036356970664,0.01561917808219178,0.0009428582747788848
2012-11-18,4,c0021_0048,0.01655608627230449,0.01561917808219178,0.0009369081901127091
2012-11-18,5,c0016_0049,0.016274206412524275,0.01561917808219178,0.000655028330332494
2012-11-18,6,c0029_0046,0.01592419704000538,0.01561917808219178,0.00030501895781359824
2012-11-18,7,c0007_0039,0.014564769980826179,0.013016438356164384,0.001548331624661795
2012-11-18,8,c0013_0025,0.014044297176971752,0.013016438356164384,0.0010278588208073676
2012-11-18,9,c0027_0051,0.01398796047450859,0.013016438356164384,0.0009715221183442041
2012-11-18,10,c0012_0045,0.013932437666268536,0.013016438356164384,0.0009159993101041509
2012-11-18,11,c0026_0033,0.01381486891304539,0.013016438356164384,0.0007984305568810058
2012-11-18,12,c0020_0018,0.013765658661263636,0.013016438356164384,0.000749220305099252
2012-11-18,13,c0023_0033,0.013598888506411696,0.013016438356164384,0.0005824501502473114
2012-11-18,14,c0009_0027,0.013355784832072878,0.013016438356164384,0.0003393464759084945
2012-11-18,15,c0014_0019,0.013349081416754977,0.013016438356164384,0.0003326430605905915
2012-11-18,16,c0009_0058,0.011449698455822367,0.010413698630136985,0.0010359998256853822
2012-11-18,17,c0013_0053,0.01142547017388861,0.010413698630136985,0.0010117715437516245
2012-11-18,18,c0017_0051,0.011187068486305438,0.010413698630136985,0.0007733698561684527
2012-11-18,19,c0029_0053,0.011178922203876385,0.010413698630136985,0.0007652235737393995
2012-11-18,20,c0025_0035,0.010972457974543624,0.010413698630136985,0.0005587593444066391
2012-11-19,1,c0012_0029,0.019637409218845405,0.018221917808219176,0.0014154914106262295
2012-11-19,2,c0009_0057,0.017085495076658786,0.01561917808219178,0.0014663169944670062
2012-11-19,3,c0023_0016,0.016551618140083355,0.01561917808219178,0.0009324400578915743
2012-11-19,4,c0021_0048,0.016545733801536407,0.01561917808219178,0.000926555719344628
2012-11-19,5,c0016_0049,0.01626696860447265,0.01561917808219178,0.0006477905222808679
2012-11-19,6,c0029_0046,0.015920826699263566,0.01561917808219178,0.00030164861707178447
2012-11-19,7,c0007_0039,0.014547661519129758,0.013016438356164384,0.0015312231629653736
2012-11-19,8,c0013_0025,0.014032939737141023,0.013016438356164384,0.0010165013809766382
2012-11-19,9,c0027_0051,0.01397722553330854,0.013016438356164384,0.0009607871771441567
2012-11-19,10,c0012_0045,0.013922316230484849,0.013016438356164384,0.0009058778743204645
2012-11-19,11,c0026_0033,0.013806046566216017,0.013016438356164384,0.0007896082100516339
2012-11-19,12,c0020_0018,0.013757380068559201,0.013016438356164384,0.0007409417123948164
2012-11-19,13,c0023_0033,0.013592452658995767,0.013016438356164384,0.0005760143028313823
2012-11-19,14,c0009_0027,0.01335203518561961,0.013016438356164384,0.0003355968294552263
2012-11-19,15,c0014_0019,0.013345405840431371,0.013016438356164384,0.0003289674842669873
2012-11-19,16,c0009_0058,0.011438251061056979,0.010413698630136985,0.0010245524309199943
2012-11-19,17,c0013_0053,0.011414290492206667,0.010413698630136985,0.0010005918620696818
2012-11-19,18,c0017_0051,0.011178523050462961,0.010413698630136985,0.0007648244203259761
2012-11-19,19,c0029_0053,0.01117046678128345,0.010413698630136985,0.0007567681511464656
2012-11-19,20,c0025_0035,0.010966283901309548,0.010413698630136985,0.0005525852711725627
2012-11-20,1,c0012_0029,0.01962176858980019,0.018221917808219176,0.0013998507815810128
2012-11-20,2,c0009_0057,0.01706929284469822,0.01561917808219178,0.0014501147625064397
2012-11-20,3,c0023_0016,0.0165413150404369,0.01561917808219178,0.0009221369582451199
2012-11-20,4,c0021_0048,0.01653549572154016,0.01561917808219178,0.00091631763934838
2012-11-20,5,c0016_0049,0.016259810771382357,0.01561917808219178,0.0006406326891905777
2012-11-20,6,c0029_0046,0.015917493599474895,0.01561917808219178,0.00029831551728311457
2012-11-20,7,c0007_0039,0.014530742099274862,0.013016438356164384,0.001514303743110477
2012-11-20,8,c0013_0025,0.01402170779259904,0.013016438356164384,0.001005269436434656
2012-11-20,9,c0027_0051,0.013966609209029706,0.013016438356164384,0.0009501708528653226
2012-11-20,10,c0012_0045,0.013912306632626359,0.013016438356164384,0.0008958682764619742
2012-11-20,11,c0026_0033,0.013797321702884625,0.013016438356164384,0.0007808833467202406
2012-11-20,12,c0020_0018,0.013749192951081344,0.013016438356164384,0.0007327545949169591
2012-11-20,13,c0023_0033,0.013586087925188348,0.013016438356164384,0.0005696495690239628
2012-11-20,14,c0009_0027,0.013348326971299937,0.013016438356164384,0.0003318886151355521
2012-11-20,15,c0014_0019,0.013341770877795265,0.013016438356164384,0.0003253325216308794
2012-11-20,16,c0009_0058,0.011426930155547348,0.010413698630136985,0.001013231525410363
2012-11-20,17,c0013_0053,0.011403234341655128,0.010413698630136985,0.0009895357115181425
2012-11-20,18,c0017_0051,0.011170072038359858,0.010413698630136985,0.0007563734082228727
2012-11-20,19,c0029_0053,0.011162104787818525,0.010413698630136985,0.000748406157681539
2012-11-20,20,c0025_0035,0.01096017804918118,0.010413698630136985,0.0005464794190441934
2012-11-21,1,c0009_0057,0.019656009367120784,0.018221917808219176,0.001434091558901607
2012-11-21,2,c0012_0029,0.01960630078361712,0.018221917808219176,0.0013843829753979445
2012-11-21,3,c0021_0048,0.01652537076834225,0.01561917808219178,0.000906192686150468
2012-11-21,4,c0029_0046,0.015914197329141334,0.01561917808219178,0.00029501924694955395
2012-11-21,5,c0007_0039,0.014514009632422735,0.013016438356164384,0.0014975712762583502
2012-11-21,6,c0013_0025,0.01401059995667172,0.013016438356164384,0.000994161600507335
2012-11-21,7,c0027_0051,0.013956110191001283,0.013016438356164384,0.0009396718348368987
2012-11-21,8,c0023_0016,0.013918981153945485,0.013016438356164384,0.0009025427977811007
2012-11-21,9,c0012_0045,0.013902407636927528,0.013016438356164384,0.0008859692807631446
2012-11-21,10,c0026_0033,0.013788693245896507,0.013016438356164384,0.0007722548897321226
2012-11-21,11,c0020_0018,0.013741096298064422,0.013016438356164384,0.0007246579419000369
2012-11-21,12,c0016_0049,0.013640772417774184,0.013016438356164384,0.0006243340616097999
2012-11-21,13,c0023_0033,0.013579793519211748,0.013016438356164384,0.0005633551630473629
2012-11-21,14,c0009_0027,0.013344659731304909,0.013016438356164384,0.000328221375140525
2012-11-21,15,c0014_0019,0.013338176080081216,0.013016438356164384,0.0003217377239168313
2012-11-21,16,c0009_0061,0.011751884083641282,0.010413698630136985,0.0013381854535042977
2012-11-21,17,c0010_0060,0.011667097561316755,0.010413698630136985,0.0012533989311797704
2012-11-21,18,c0009_0058,0.011415734341636438,0.010413698630136985,0.0010020357114994532
2012-11-21,19,c0013_0053,0.01139230035726309,0.010413698630136985,0.0009786017271261054
2012-11-21,20,c0017_0050,0.011328633235560324,0.010413698630136985,0.0009149346054233384
2012-11-22,1,c0009_0057,0.01964016321367805,0.018221917808219176,0.0014182454054588725
2012-11-22,2,c0012_0029,0.019591003890670852,0.018221917808219176,0.0013690860824516757
2012-11-22,3,c0021_0048,0.01651535769193559,0.01561917808219178,0.0008961796097438107
2012-11-22,4,c0029_0046,0.01591093748131174,0.01561917808219178,0.0002917593991199612
2012-11-22,5,c0007_0039,0.014497462052815477,0.013016438356164384,0.0014810236966510916
2012-11-22,6,c0013_0025,0.013999614858007183,0.013016438356164384,0.0009831765018427979
2012-11-22,7,c0027_0051,0.01394572718303487,0.013016438356164384,0.0009292888268704853
2012-11-22,8,c0023_0016,0.01390900840738443,0.013016438356164384,0.0008925700512200455
2012-11-22,9,c0012_0045,0.013892618021277553,0.013016438356164384,0.0008761796651131681
2012-11-22,10,c0026_0033,0.013780160129999101,0.013016438356164384,0.0007637217738347177
2012-11-22,11,c0020_0018,0.013733089109911358,0.013016438356164384,0.0007166507537469739
2012-11-22,12,c0016_0049,0.013633873769442851,0.013016438356164384,0.0006174354132784672
2012-11-22,13,c0023_0033,0.013573568663970815,0.013016438356164384,0.0005571303078064307
2012-11-22,14,c0009_0027,0.013341033012884192,0.013016438356164384,0.0003245946567198088
2012-11-22,15,c0014_0019,0.013334621003482476,0.013016438356164384,0.0003181826473180909
2012-11-22,16,c0009_0061,0.011737097655327525,0.010413698630136985,0.0013233990251905394
2012-11-22,17,c0010_0060,0.011653247991067806,0.010413698630136985,0.0012395493609308203
2012-11-22,18,c0009_0058,0.011404662237110782,0.010413698630136985,0.0009909636069737968
2012-11-22,19,c0013_0053,0.011381487189142052,0.010413698630136985,0.0009677885590050668
2012-11-22,20,c0017_0050,0.011318523564348877,0.010413698630136985,0.0009048249342118918
2012-11-23,1,c0009_0057,0.019624492154062045,0.018221917808219176,0.0014025743458428686
2012-11-23,2,c0012_0029,0.019575876022436652,0.018221917808219176,0.0013539582142174757
2012-11-23,3,c0021_0048,0.016505455256125196,0.01561917808219178,0.000886277173933417
2012-11-23,4,c0029_0046,0.01590771365353163,0.01561917808219178,0.0002885355713398465
2012-11-23,5,c0007_0039,0.014481097317521006,0.013016438356164384,0.0014646589613566212
2012-11-23,6,c0013_0025,0.013988751140406456,0.013016438356164384,0.0009723127842420717
2012-11-23,7,c0027_0051,0.013935458903264444,0.013016438356164384,0.0009190205471000587
2012-11-23,8,c0023_0016,0.013899145855790544,0.013016438356164384,0.0008827074996261602
2012-11-23,9,c0012_0045,0.01388293657706947,0.013016438356164384,0.0008664982209050862
2012-11-23,10,c0026_0033,0.013771721301710473,0.013016438356164384,0.000755282945546089
2012-11-23,11,c0020_0018,0.013725170398070237,0.013016438356164384,0.0007087320419058528
2012-11-23,12,c0016_0049,0.013627051348489978,0.013016438356164384,0.0006106129923255938
2012-11-23,13,c0023_0033,0.013567412590956996,0.013016438356164384,0.0005509742347926123
2012-11-23,14,c0009_0027,0.013337446368290167,0.013016438356164384,0.000321008012125782
2012-11-23,15,c0014_0019,0.01333110520909618,0.013016438356164384,0.0003146668529317968
2012-11-23,16,c0009_0061,0.011722474611290366,0.010413698630136985,0.001308775981153381
2012-11-23,17,c0010_0060,0.011639551453178552,0.010413698630136985,0.0012258528230415673
2012-11-23,18,c0009_0058,0.011393712475029832,0.010413698630136985,0.0009800138448928459
2012-11-23,19,c0013_0053,0.01137079350231925,0.010413698630136985,0.000957094872182265
2012-11-23,20,c0017_0050,0.011308525601068683,0.010413698630136985,0.0008948269709316979
2012-11-24,1,c0009_0057,0.01960899425355415,0.018221917808219176,0.0013870764453349732
2012-11-24,2,c0012_0029,0.019560915311257254,0.018221917808219176,0.0013389975030380767
2012-11-24,3,c0021_0048,0.01649566223837555,0.01561917808219178,0.0008764841561837701
2012-11-24,4,c0029_0046,0.015904525447793465,0.01561917808219178,0.0002853473656016855
2012-11-24,5,c0007_0039,0.014464913406180847,0.013016438356164384,0.0014484750500164624
2012-11-24,6,c0013_0025,0.013978007462656039,0.013016438356164384,0.0009615691064916544
2012-11-24,7,c0027_0051,0.0139253040839881,0.013016438356164384,0.0009088657278237165
2012-11-24,8,c0023_0016,0.013889392281552341,0.013016438356164384,0.0008729539253879558
2012-11-24,9,c0012_0045,0.013873362109050961,0.013016438356164384,0.0008569237528865762
2012-11-24,10,c0026_0033,0.01376337571918925,0.013016438356164384,0.0007469373630248651
2012-11-24,11,c0020_0018,0.013717339184912254,0.013016438356164384,0.0007009008287478696
2012-11-24,12,c0016_0049,0.013620304312632708,0.013016438356164384,0.0006038659564683229
2012-11-24,13,c0023_0033,0.01356132454015346,0.013016438356164384,0.0005448861839890749
2012-11-24,14,c0009_0027,0.013333899354722645,0.013016438356164384,0.00031746099855826026
2012-11-24,15,c0014_0019,0.013327628262869179,0.013016438356164384,0.00031118990670479384
2012-11-24,16,c0009_0061,0.011708013146197157,0.010413698630136985,0.0012943145160601711
2012-11-24,17,c0010_0060,0.011626006256700997,0.010413698630136985,0.001212307626564012
2012-11-24,18,c0009_0058,0.011382883703557199,0.010413698630136985,0.0009691850734202134
2012-11-24,19,c0013_0053,0.011360217976572853,0.010413698630136985,0.0009465193464358678
2012-11-24,20,c0017_0050,0.01129863811139059,0.010413698630136985,0.0008849394812536041
2012-11-25,1,c0009_0057,0.01959366759881363,0.018221917808219176,0.001371749790594452
2012-11-25,2,c0012_0029,0.01954611991011227,0.018221917808219176,0.0013242021018930958
2012-11-25,3,c0021_0048,0.016485977429659675,0.01561917808219178,0.0008667993474678944
2012-11-25,4,c0029_0046,0.015901372470487563,0.01561917808219178,0.000282194388295782
2012-11-25,5,c0007_0039,0.0144489083207607,0.013016438356164384,0.001432469964596314
2012-11-25,6,c0013_0025,0.013967382498362315,0.013016438356164384,0.0009509441421979307
2012-11-25,7,c0027_0051,0.013915261471511554,0.013016438356164384,0.0008988231153471684
2012-11-25,8,c0023_0016,0.013879746480512462,0.013016438356164384,0.0008633081243480766
2012-11-25,9,c0012_0045,0.013863893435176773,0.013016438356164384,0.0008474550790123883
2012-11-25,10,c0026_0033,0.013755122352106,0.013016438356164384,0.0007386839959416162
2012-11-25,11,c0020_0018,0.013709594503611023,0.013016438356164384,0.0006931561474466382
2012-11-25,12,c0016_0049,0.013613631828895079,0.013016438356164384,0.0005971934727306949
2012-11-25,13,c0023_0033,0.01355530375994126,0.013016438356164384,0.0005388654037768755
2012-11-25,14,c0009_0027,0.013330391534274214,0.013016438356164384,0.00031395317810982887
2012-11-25,15,c0014_0019,0.01332418973554443,0.013016438356164384,0.0003077513793800452
2012-11-25,16,c0009_0061,0.011693711474663466,0.010413698630136985,0.0012800128445264812
2012-11-25,17,c0010_0060,0.011612610729371456,0.010413698630136985,0.0011989120992344706
2012-11-25,18,c0009_0058,0.011372174585793765,0.010413698630136985,0.0009584759556567789
2012-11-25,19,c0013_0053,0.011349759306268966,0.010413698630136985,0.0009360606761319804
2012-11-25,20,c0017_0050,0.011288859874624298,0.010413698630136985,0.0008751612444873133
2012-11-26,1,c0009_0057,0.019578510297641415,0.018221917808219176,0.0013565924894222397
2012-11-26,2,c0012_0029,0.019531487992390184,0.018221917808219176,0.0013095701841710071
2012-11-26,3,c0021_0048,0.01647639963430987,0.01561917808219178,0.000857221552118092
2012-11-26,4,c0029_0046,0.015898254332353454,0.01561917808219178,0.000279076250161674
2012-11-26,5,c0007_0039,0.01443308008530376,0.013016438356164384,0.001416641729139376
2012-11-26,6,c0012_0045,0.014402171450790325,0.013016438356164384,0.0013857330946259409
2012-11-26,7,c0013_0025,0.013956874935787802,0.013016438356164384,0.0009404365796234187
2012-11-26,8,c0027_0051,0.013905329825993342,0.013016438356164384,0.0008888914698289582
2012-11-26,9,c0023_0016,0.01387020726181902,0.013016438356164384,0.0008537689056546363
2012-11-26,10,c0026_0033,0.013746960181516036,0.013016438356164384,0.0007305218253516515
2012-11-26,11,c0020_0018,0.013701935398023214,0.013016438356164384,0.0006854970418588284
2012-11-26,12,c0016_0049,0.013607033073505194,0.013016438356164384,0.0005905947173408099
2012-11-26,13,c0023_0033,0.013549349507006552,0.013016438356164384,0.0005329111508421677
2012-11-26,14,c0009_0027,0.013326922473876164,0.013016438356164384,0.0003104841177117794
2012-11-26,15,c0014_0019,0.013320789202608022,0.013016438356164384,0.0003043508464436373
2012-11-26,16,c0009_0061,0.01167956783103267,0.010413698630136985,0.0012658692008956844
2012-11-26,17,c0010_0060,0.011599363217404108,0.010413698630136985,0.0011856645872671233
2012-11-26,18,c0009_0058,0.01136158379961262,0.010413698630136985,0.0009478851694756358
2012-11-26,19,c0013_0053,0.01133941620020044,0.010413698630136985,0.0009257175700634542
2012-11-26,20,c0017_0050,0.011279189683567666,0.010413698630136985,0.0008654910534306819
2012-11-27,1,c0009_0057,0.019563520478746512,0.018221917808219176,0.0013416026705273354
2012-11-27,2,c0012_0029,0.019517017751662806,0.018221917808219176,0.0012950999434436312
2012-11-27,3,c0021_0048,0.016466927669870107,0.01561917808219178,0.0008477495876783276
2012-11-27,4,c0029_0046,0.015895170648431857,0.01561917808219178,0.0002759925662400755
2012-11-27,5,c0007_0039,0.014417426745686785,0.013016438356164384,0.001400988389522401
2012-11-27,6,c0012_0045,0.01438685963955218,0.013016438356164384,0.001370421283387796
2012-11-27,7,c0013_0025,0.013946483477689208,0.013016438356164384,0.0009300451215248246
2012-11-27,8,c0027_0051,0.01389550792129178,0.013016438356164384,0.0008790695651273953
2012-11-27,9,c0023_0016,0.013860773447778583,0.013016438356164384,0.0008443350916141987
2012-11-27,10,c0026_0033,0.013738888199733608,0.013016438356164384,0.0007224498435692226
2012-11-27,11,c0020_0018,0.013694360922570505,0.013016438356164384,0.0006779225664061205
2012-11-27,12,c0016_0049,0.013600507231793513,0.013016438356164384,0.000584068875629128
2012-11-27,13,c0023_0033,0.013543461046248819,0.013016438356164384,0.0005270226900844339
2012-11-27,14,c0009_0027,0.013323491745245029,0.013016438356164384,0.0003070533890806442
2012-11-27,15,c0014_0019,0.013317426244236754,0.013016438356164384,0.0003009878880723699
2012-11-27,16,c0009_0061,0.011665580469157959,0.010413698630136985,0.0012518818390209738
2012-11-27,17,c0010_0060,0.011586262085286824,0.010413698630136985,0.0011725634551498394
2012-11-27,18,c0009_0058,0.011351110037495851,0.010413698630136985,0.0009374114073588657
2012-11-27,19,c0013_0053,0.011329187381427462,0.010413698630136985,0.0009154887512904771
2012-11-27,20,c0017_0050,0.011269626344357665,0.010413698630136985,0.0008559277142206799
2012-11-28,1,c0009_0057,0.01954869629151495,0.018221917808219176,0.0013267784832957739
2012-11-28,2,c0012_0045,0.01697445674389482,0.01561917808219178,0.0013552786617030375
2012-11-28,3,c0012_0029,0.01689078400033855,0.01561917808219178,0.0012716059181467703
2012-11-28,4,c0021_0048,0.016457560366950025,0.01561917808219178,0.0008383822847582441
2012-11-28,5,c0029_0046,0.015892121038017133,0.01561917808219178,0.00027294295582535124
2012-11-28,6,c0007_0039,0.014401946369378828,0.013016438356164384,0.0013855080132144438
2012-11-28,7,c0013_0025,0.013936206841157274,0.013016438356164384,0.0009197684849928885
2012-11-28,8,c0027_0051,0.01388579454481356,0.013016438356164384,0.0008693561886491766
2012-11-28,9,c0023_0016,0.013851443873710765,0.013016438356164384,0.0008350055175463813
2012-11-28,10,c0026_0033,0.0137309054102075,0.013016438356164384,0.0007144670540431159
2012-11-28,11,c0020_0018,0.013686870142122852,0.013016438356164384,0.0006704317859584681
2012-11-28,12,c0016_0049,0.013594053498092274,0.013016438356164384,0.0005776151419278897
2012-11-28,13,c0023_0033,0.013537637650690116,0.013016438356164384,0.0005211992945257311
2012-11-28,14,c0009_0027,0.013320098924829705,0.013016438356164384,0.00030366056866532124
2012-11-28,15,c0014_0019,0.013314100445246311,0.013016438356164384,0.0002976620890819257
2012-11-28,16,c0009_0061,0.011651747662186768,0.010413698630136985,0.0012380490320497836
2012-11-28,17,c0010_0060,0.011573305715579244,0.010413698630136985,0.0011596070854422598
2012-11-28,18,c0029_0054,0.011497079507876293,0.010413698630136985,0.0010833808777393089
2012-11-28,19,c0009_0058,0.011340752006373099,0.010413698630136985,0.0009270533762361134
2012-11-28,20,c0013_0053,0.011319071587119908,0.010413698630136985,0.0009053729569829238
2012-11-29,1,c0009_0057,0.01953403590578133,0.018221917808219176,0.001312118097562155
2012-11-29,2,c0012_0045,0.016959481442284745,0.01561917808219178,0.0013403033600929647
2012-11-29,3,c0012_0029,0.016876733249971486,0.01561917808219178,0.0012575551677797038
2012-11-29,4,c0021_0048,0.016448296569080575,0.01561917808219178,0.0008291184868887936
2012-11-29,5,c0029_0046,0.015889105124610295,0.01561917808219178,0.00026992704241851493
2012-11-29,6,c0007_0039,0.014386637045202658,0.013016438356164384,0.001370198689038273
2012-11-29,7,c0013_0025,0.013926043757458383,0.013016438356164384,0.0009096054012939983
2012-11-29,8,c0027_0051,0.013876188497364068,0.013016438356164384,0.0008597501411996836
2012-11-29,9,c0023_0016,0.01384221738780445,0.013016438356164384,0.0008257790316400666
2012-11-29,10,c0026_0033,0.013723010827398005,0.013016438356164384,0.0007065724712336212
2012-11-29,11,c0020_0018,0.01367946213188303,0.013016438356164384,0.0006630237757186467
2012-11-29,12,c0016_0049,0.013587671075636035,0.013016438356164384,0.0005712327194716507
2012-11-29,13,c0023_0033,0.013531878601385324,0.013016438356164384,0.0005154402452209395
2012-11-29,14,c0009_0027,0.013316743593759168,0.013016438356164384,0.0003003052375947832
2012-11-29,15,c0014_0019,0.013310811395039998,0.013016438356164384,0.00029437303887561254
2012-11-29,16,c0009_0061,0.011638067702347581,0.010413698630136985,0.0012243690722105972
2012-11-29,17,c0010_0060,0.011560492508713098,0.010413698630136985,0.0011467938785761135
2012-11-29,18,c0029_0054,0.011485108570930866,0.010413698630136985,0.001071409940793881
2012-11-29,19,c0009_0058,0.011330508427461933,0.010413698630136985,0.0009168097973249493
2012-11-29,20,c0013_0053,0.011309067568401438,0.010413698630136985,0.000895368938264452
2012-11-30,1,c0009_0057,0.01951953751160287,0.018221917808219176,0.001297619703383694
2012-11-30,2,c0012_0045,0.01694467161192767,0.01561917808219178,0.0013254935297358902
2012-11-30,3,c0012_0029,0.016862837754926103,0.01561917808219178,0.0012436596727343218
2012-11-30,4,c0021_0048,0.01643913513257124,0.01561917808219178,0.0008199570503794604
2012-11-30,5,c0029_0046,0.01588612253587253,0.01561917808219178,0.00026694445368074745
2012-11-30,6,c0007_0039,0.014371496883098807,0.013016438356164384,0.0013550585269344222
2012-11-30,7,c0013_0025,0.013915992971877938,0.013016438356164384,0.0008995546157135539
2012-11-30,8,c0027_0051,0.013866688592999317,0.013016438356164384,0.000850250236834932
2012-11-30,9,c0023_0016,0.013833092850975587,0.013016438356164384,0.000816654494811202
2012-11-30,10,c0026_0033,0.013715203476655244,0.013016438356164384,0.0006987651204908586
2012-11-30,11,c0020_0018,0.013672135977272466,0.013016438356164384,0.0006556976211080821
2012-11-30,12,c0016_0049,0.0135813591764633,0.013016438356164384,0.000564920820298915
2012-11-30,13,c0023_0033,0.013526183187333387,0.013016438356164384,0.0005097448311690029
2012-11-30,14,c0009_0027,0.013313425337790749,0.013016438356164384,0.0002969869816263647
2012-11-30,15,c0014_0019,0.013307558687558056,0.013016438356164384,0.000291120331393672
2012-11-30,16,c0009_0061,0.011624538900739095,0.010413698630136985,0.0012108402706021088
2012-11-30,17,c0010_0060,0.01154782088279472,0.010413698630136985,0.0011341222526577344
2012-11-30,18,c0029_0054,0.011473269908178471,0.010413698630136985,0.0010595712780414866
2012-11-30,19,c0009_0058,0.011320378036109975,0.010413698630136985,0.0009066794059729909
2012-11-30,20,c0013_0053,0.011299174090195301,0.010413698630136985,0.0008854754600583159
2012-12-01,1,c0009_0057,0.019505199319035944,0.018221917808219176,0.001283281510816768
2012-12-01,2,c0012_0045,0.016930025424430666,0.01561917808219178,0.0013108473422388837
2012-12-01,3,c0012_0029,0.01684909579969154,0.01561917808219178,0.0012299177174997596
2012-12-01,4,c0021_0048,0.016430074926368846,0.01561917808219178,0.0008108968441770636
2012-12-01,5,c0029_0046,0.01588317290357921,0.01561917808219178,0.0002639948213874286
2012-12-01,6,c0007_0039,0.01435652401389223,0.013016438356164384,0.0013400856577278457
2012-12-01,7,c0013_0025,0.013906053243565449,0.013016438356164384,0.0008896148874010639
2012-12-01,8,c0027_0051,0.01385729365887954,0.013016438356164384,0.0008408553027151555
2012-12-01,9,c0023_0016,0.013824069136726553,0.013016438356164384,0.0008076307805621696
2012-12-01,10,c0026_0033,0.013707482394098833,0.013016438356164384,0.0006910440379344491
2012-12-01,11,c0020_0018,0.013664890773818321,0.013016438356164384,0.0006484524176539366
2012-12-01,12,c0016_0049,0.01357511702131924,0.013016438356164384,0.0005586786651548539
2012-12-01,13,c0023_0033,0.013520550705389534,0.013016438356164384,0.00050411234922515
2012-12-01,14,c0009_0027,0.013310143747259005,0.013016438356164384,0.0002937053910946203
2012-12-01,15,c0014_0019,0.013304341921227533,0.013016438356164384,0.00028790356506314764
2012-12-01,16,c0009_0061,0.011611159587121698,0.010413698630136985,0.0011974609569847137
2012-12-01,17,c0010_0060,0.011535289273409752,0.010413698630136985,0.0011215906432727669
2012-12-01,18,c0029_0054,0.011461562058040772,0.010413698630136985,0.001047863427903787
2012-12-01,19,c0009_0058,0.011310359581638757,0.010413698630136985,0.0008966609515017715
2012-12-01,20,c0013_0053,0.011289389931071871,0.010413698630136985,0.0008756913009348864
2012-12-02,1,c0009_0057,0.01949101955791511,0.018221917808219176,0.0012691017496959359
2012-12-02,2,c0012_0045,0.016915541071603826,0.01561917808219178,0.0012963629894120476
2012-12-02,3,c0012_0029,0.01683550568771266,0.01561917808219178,0.0012163276055208799
2012-12-02,4,c0021_0048,0.0164211148319179,0.01561917808219178,0.0008019367497261202
2012-12-02,5,c0029_0046,0.015880255863574458,0.01561917808219178,0.000261077781382677
2012-12-02,6,c0007_0039,0.01434171658906154,0.013016438356164384,0.0013252782328971552
2012-12-02,7,c0013_0025,0.013896223345381336,0.013016438356164384,0.0008797849892169511
2012-12-02,8,c0009_0027,0.013853780395334126,0.013016438356164384,0.0008373420391697412
2012-12-02,9,c0027_0051,0.013848002535124396,0.013016438356164384,0.0008315641789600119
2012-12-02,10,c0023_0016,0.013815145131007097,0.013016438356164384,0.0007987067748427121
2012-12-02,11,c0026_0033,0.013699846626498901,0.013016438356164384,0.0006834082703345174
2012-12-02,12,c0020_0018,0.01365772562704183,0.013016438356164384,0.0006412872708774455
2012-12-02,13,c0016_0049,0.013568943839559486,0.013016438356164384,0.0005525054833951016
2012-12-02,14,c0023_0033,0.013514980460178471,0.013016438356164384,0.0004985421040140859
2012-12-02,15,c0014_0019,0.013301160698912693,0.013016438356164384,0.00028472234274830793
2012-12-02,16,c0009_0061,0.01159792810971129,0.010413698630136985,0.0011842294795743056
2012-12-02,17,c0010_0060,0.011522896133430008,0.010413698630136985,0.0011091975032930235
2012-12-02,18,c0029_0054,0.0114499835750893,0.010413698630136985,0.001036284944952314
2012-12-02,19,c0009_0058,0.01130045182718932,0.010413698630136985,0.0008867531970523358
2012-12-02,20,c0013_0053,0.011279713883097842,0.010413698630136985,0.0008660152529608574
2012-12-03,1,c0009_0057,0.01947699647763457,0.018221917808219176,0.0012550786694153937
2012-12-03,2,c0012_0045,0.016901216765237058,0.01561917808219178,0.0012820386830452773
2012-12-03,3,c0012_0029,0.0168220657411806,0.01561917808219178,0.0012028876589888185
2012-12-03,4,c0021_0048,0.01641225374302253,0.01561917808219178,0.0007930756608307494
2012-12-03,5,c0029_0046,0.01587737105572617,0.01561917808219178,0.000258192973534392
2012-12-03,6,c0007_0039,0.014327072780510788,0.013016438356164384,0.001310634424346403
2012-12-03,7,c0013_0025,0.013886502063745438,0.013016438356164384,0.0008700637075810531
2012-12-03,8,c0009_0027,0.013844528091773467,0.013016438356164384,0.0008280897356090824
2012-12-03,9,c0027_0051,0.013838814074669768,0.013016438356164384,0.0008223757185053846
2012-12-03,10,c0023_0016,0.013806319732076779,0.013016438356164384,0.0007898813759123934
2012-12-03,11,c0026_0033,0.013692295231158391,0.013016438356164384,0.0006758568749940071
2012-12-03,12,c0020_0018,0.013650639652347871,0.013016438356164384,0.000634201296183487
2012-12-03,13,c0016_0049,0.013562838869054997,0.013016438356164384,0.0005464005128906125
2012-12-03,14,c0023_0033,0.013509471764008525,0.013016438356164384,0.0004930334078441414
2012-12-03,15,c0014_0019,0.013298014627866001,0.013016438356164384,0.00028157627170161673
2012-12-03,16,c0009_0061,0.011584842834975333,0.010413698630136985,0.0011711442048383484
2012-12-03,17,c0010_0060,0.011510639932822468,0.010413698630136985,0.0010969413026854823
2012-12-03,18,c0029_0054,0.011438533029867007,0.010413698630136985,0.001024834399730022
2012-12-03,19,c0009_0058,0.011290653549569523,0.010413698630136985,0.0008769549194325377
2012-12-03,20,c0013_0053,0.011270144751687099,0.010413698630136985,0.0008564461215501143
2012-12-04,1,c0009_0057,0.019463128346932028,0.018221917808219176,0.0012412105387128519
2012-12-04,2,c0012_0045,0.016887050736879274,0.01561917808219178,0.0012678726546874945
2012-12-04,3,c0012_0029,0.016808774300825627,0.01561917808219178,0.0011895962186338472
2012-12-04,4,c0021_0048,0.016403490565709885,0.01561917808219178,0.0007843124835181044
2012-12-04,5,c0029_0046,0.015874518123881572,0.01561917808219178,0.00025534004168979236
2012-12-04,6,c0007_0039,0.014312590780343776,0.013016438356164384,0.0012961524241793911
2012-12-04,7,c0013_0025,0.01387688819848718,0.013016438356164384,0.0008604498423227959
2012-12-04,8,c0009_0027,0.013835378022565287,0.013016438356164384,0.0008189396664009031
2012-12-04,9,c0027_0051,0.013829727143126153,0.013016438356164384,0.0008132887869617693
2012-12-04,10,c0023_0016,0.013797591850368964,0.013016438356164384,0.0007811534942045805
2012-12-04,11,c0026_0033,0.01368482727579668,0.013016438356164384,0.0006683889196322971
2012-12-04,12,c0020_0018,0.013643631974915754,0.013016438356164384,0.0006271936187513697
2012-12-04,13,c0016_0049,0.013556801356097955,0.013016438356164384,0.0005403629999335702
2012-12-04,14,c0023_0033,0.013504023936786758,0.013016438356164384,0.0004875855806223729
2012-12-04,15,c0014_0019,0.01329490331967963,0.013016438356164384,0.0002784649635152451
2012-12-04,16,c0009_0061,0.01157190214743119,0.010413698630136985,0.0011582035172942057
2012-12-04,17,c0010_0060,0.011498519158460375,0.010413698630136985,0.0010848205283233898
2012-12-04,18,c0029_0054,0.011427209008711794,0.010413698630136985,0.0010135103785748085
2012-12-04,19,c0009_0058,0.011280963539103014,0.010413698630136985,0.0008672649089660286
2012-12-04,20,c0013_0053,0.011260681355453241,0.010413698630136985,0.0008469827253162555
2012-12-05,1,c0009_0057,0.01944941345367497,0.018221917808219176,0.001227495645455794
2012-12-05,2,c0012_0045,0.016873041237620096,0.01561917808219178,0.0012538631554283165
2012-12-05,3,c0012_0029,0.016795629725712302,0.01561917808219178,0.0011764516435205212
2012-12-05,4,c0009_0027,0.01642906878408719,0.01561917808219178,0.000809890701895408
2012-12-05,5,c0021_0048,0.016394824218095093,0.01561917808219178,0.0007756461359033122
2012-12-05,6,c0029_0046,0.015871696715823228,0.01561917808219178,0.0002525186336314466
2012-12-05,7,c0007_0039,0.014298268800640855,0.013016438356164384,0.0012818304444764702
2012-12-05,8,c0013_0025,0.013867380562697408,0.013016438356164384,0.0008509422065330229
2012-12-05,9,c0027_0051,0.013820740618638609,0.013016438356164384,0.0008043022624742238
2012-12-05,10,c0023_0016,0.013788960408356312,0.013016438356164384,0.0007725220521919279
2012-12-05,11,c0026_0033,0.013677441838434489,0.013016438356164384,0.0006610034822701045
2012-12-05,12,c0020_0018,0.013636701729591215,0.013016438356164384,0.0006202633734268306
2012-12-05,13,c0016_0049,0.01355083055530872,0.013016438356164384,0.000534392199144336
2012-12-05,14,c0023_0033,0.013498636305934984,0.013016438356164384,0.00048219794977059883
2012-12-05,15,c0014_0019,0.013291826390237503,0.013016438356164384,0.00027538803407311954
2012-12-05,16,c0009_0061,0.01155910444944668,0.010413698630136985,0.001145405819309695
2012-12-05,17,c0011_0058,0.011553620509577487,0.010413698630136985,0.0011399218794405019
2012-12-05,18,c0010_0060,0.01148653231393644,0.010413698630136985,0.0010728336837994552
2012-12-05,19,c0029_0054,0.011416010113581973,0.010413698630136985,0.0010023114834449875
2012-12-05,20,c0009_0058,0.011271380599479897,0.010413698630136985,0.0008576819693429119
2012-12-06,1,c0009_0057,0.01943585010464928,0.018221917808219176,0.001213932296430102
2012-12-06,2,c0012_0045,0.01685918653787392,0.01561917808219178,0.0012400084556821393
2012-12-06,3,c0012_0029,0.016782630393036874,0.01561917808219178,0.0011634523108450944
2012-12-06,4,c0009_0027,0.016420119807116773,0.01561917808219178,0.0008009417249249917
2012-12-06,5,c0021_0048,0.016386253630247687,0.01561917808219178,0.0007670755480559072
2012-12-06,6,c0029_0046,0.01586890648322557,0.01561917808219178,0.00024972840103378843
2012-12-06,7,c0007_0039,0.014284105073238192,0.013016438356164384,0.0012676667170738066
2012-12-06,8,c0013_0025,0.013857977982581846,0.013016438356164384,0.0008415396264174623
2012-12-06,9,c0027_0051,0.01381185339174825,0.013016438356164384,0.0007954150355838662
2012-12-06,10,c0023_0016,0.013780424340417732,0.013016438356164384,0.0007639859842533468
2012-12-06,11,c0026_0033,0.013670138007280043,0.013016438356164384,0.000653699651115658
2012-12-06,12,c0020_0018,0.01362984806077961,0.013016438356164384,0.0006134097046152256
2012-12-06,13,c0016_0049,0.01354492572954381,0.013016438356164384,0.0005284873733794263
2012-12-06,14,c0023_0033,0.013493308206306748,0.013016438356164384,0.00047686985014236486
2012-12-06,15,c0014_0019,0.013288783459667884,0.013016438356164384,0.0002723451035034995
2012-12-06,16,c0009_0061,0.011546448161042833,0.010413698630136985,0.0011327495309058468
2012-12-06,17,c0011_0058,0.01154102481657433,0.010413698630136985,0.001127326186437344
2012-12-06,18,c0010_0060,0.011474677919378088,0.010413698630136985,0.001060979289241104
2012-12-06,19,c0029_0054,0.011404934961883674,0.010413698630136985,0.0009912363317466893
2012-12-06,20,c0009_0058,0.011261903547609036,0.010413698630136985,0.0008482049174720507
2012-12-07,1,c0009_0057,0.01942243662535019,0.018221917808219176,0.0012005188171310144
2012-12-07,2,c0012_0045,0.016845484927166386,0.01561917808219178,0.0012263068449746071
2012-12-07,3,c0012_0029,0.01676977469792695,0.01561917808219178,0.0011505966157351693
2012-12-07,4,c0009_0027,0.016411269712858098,0.01561917808219178,0.0007920916306663161
2012-12-07,5,c0021_0048,0.01637777774405952,0.01561917808219178,0.0007585996618677382
2012-12-07,6,c0029_0046,0.015866147081611895,0.01561917808219178,0.00024696899942011386
2012-12-07,7,c0007_0039,0.014270097849509474,0.013016438356164384,0.0012536594933450897
2012-12-07,8,c0013_0025,0.013848679297316195,0.013016438356164384,0.0008322409411518113
2012-12-07,9,c0027_0051,0.013803064365255288,0.013016438356164384,0.0007866260090909035
2012-12-07,10,c0023_0016,0.013771982592706832,0.013016438356164384,0.0007555442365424477
2012-12-07,11,c0026_0033,0.013662914880616515,0.013016438356164384,0.0006464765244521312
2012-12-07,12,c0020_0018,0.013623070122340281,0.013016438356164384,0.0006066317661758972
2012-12-07,13,c0016_0049,0.013539086149804891,0.013016438356164384,0.0005226477936405062
2012-12-07,14,c0023_0033,0.013488038980105211,0.013016438356164384,0.00047160062394082617
2012-12-07,15,c0014_0019,0.013285774152296464,0.013016438356164384,0.0002693357961320794
2012-12-07,16,c0009_0061,0.01153393171969883,0.010413698630136985,0.0011202330895618451
2012-12-07,17,c0011_0058,0.01152856830107543,0.010413698630136985,0.001114869670938444
2012-12-07,18,c0010_0060,0.011462954511264764,0.010413698630136985,0.0010492558811277788
2012-12-07,19,c0029_0054,0.011393982186300153,0.010413698630136985,0.0009802835561631678
2012-12-07,20,c0009_0058,0.01125253121347199,0.010413698630136985,0.0008388325833350039
2012-12-08,1,c0009_0057,0.019409171359775573,0.018221917808219176,0.001187253551556396
2012-12-08,2,c0012_0045,0.01683193471392322,0.01561917808219178,0.0012127566317314397
2012-12-08,3,c0012_0029,0.016757061053243344,0.01561917808219178,0.0011378829710515651
2012-12-08,4,c0009_0027,0.01640251740869569,0.01561917808219178,0.0007833393265039111
2012-12-08,5,c0021_0048,0.01636939551311412,0.01561917808219178,0.0007502174309223376
2012-12-08,6,c0029_0046,0.01586341817031183,0.01561917808219178,0.00024424008812005206
2012-12-08,7,c0007_0039,0.014256245400150032,0.013016438356164384,0.001239807043985648
2012-12-08,8,c0013_0025,0.013839483358902808,0.013016438356164384,0.0008230450027384241
2012-12-08,9,c0027_0051,0.013794372454083558,0.013016438356164384,0.0007779340979191735
2012-12-08,10,c0023_0016,0.013763634123021817,0.013016438356164384,0.000747195766857433
2012-12-08,11,c0026_0033,0.013655771566690702,0.013016438356164384,0.0006393332105263171
2012-12-08,12,c0020_0018,0.013616367077482098,0.013016438356164384,0.0005999287213177132
2012-12-08,13,c0016_0049,0.013533311095148772,0.013016438356164384,0.0005168727389843881
2012-12-08,14,c0023_0033,0.013482827976801922,0.013016438356164384,0.0004663896206375368
2012-12-08,15,c0014_0019,0.013282798096599992,0.013016438356164384,0.00026635974043560847
2012-12-08,16,c0009_0061,0.011521553580159105,0.010413698630136985,0.0011078549500221201
2012-12-08,17,c0011_0058,0.011516249425223547,0.010413698630136985,0.0011025507950865614
2012-12-08,18,c0010_0060,0.011451360642247239,0.010413698630136985,0.0010376620121102546
2012-12-08,19,c0029_0054,0.01138315043462298,0.010413698630136985,0.0009694518044859955
2012-12-08,20,c0009_0058,0.011243262439978564,0.010413698630136985,0.0008295638098415785
2012-12-09,1,c0009_0057,0.019396052670221466,0.018221917808219176,0.00117413486200229
2012-12-09,2,c0012_0045,0.016818534225261375,0.01561917808219178,0.0011993561430695939
2012-12-09,3,c0012_0029,0.016744487889384152,0.01561917808219178,0.0011253098071923701
2012-12-09,4,c0009_0027,0.01639386181408706,0.01561917808219178,0.0007746837318952818
2012-12-09,5,c0021_0048,0.016361105902557512,0.01561917808219178,0.0007419278203657322
2012-12-09,6,c0029_0046,0.01586071941241929,0.01561917808219178,0.00024154133022750738
2012-12-09,7,c0007_0039,0.014242546014963338,0.013016438356164384,0.0012261076587989541
2012-12-09,8,c0013_0025,0.013830389032028967,0.013016438356164384,0.000813950675864582
2012-12-09,9,c0027_0051,0.013785776585146568,0.013016438356164384,0.0007693382289821831
2012-12-09,10,c0023_0016,0.013755377900676814,0.013016438356164384,0.0007389395445124294
2012-12-09,11,c0026_0033,0.013648707183602919,0.013016438356164384,0.0006322688274385346
2012-12-09,12,c0020_0018,0.013609738098660142,0.013016438356164384,0.0005932997424957577
2012-12-09,13,c0016_0049,0.013527599852598412,0.013016438356164384,0.0005111614964340267
2012-12-09,14,c0023_0033,0.013477674553056521,0.013016438356164384,0.0004612361968921369
2012-12-09,15,c0014_0019,0.013279854925160407,0.013016438356164384,0.00026341656899602314
2012-12-09,16,c0009_0061,0.01150931221424256,0.010413698630136985,0.0010956135841055745
2012-12-09,17,c0011_0058,0.011504066668154164,0.010413698630136985,0.0010903680380171788
2012-12-09,18,c0010_0060,0.011439894880968936,0.010413698630136985,0.0010261962508319512
2012-12-09,19,c0029_0054,0.011372438369585106,0.010413698630136985,0.0009587397394481209
2012-12-09,20,c0009_0058,0.011234096082823964,0.010413698630136985,0.0008203974526869786
2012-12-10,1,c0009_0057,0.019383078937079905,0.018221917808219176,0.0011611611288607302
2012-12-10,2,c0012_0045,0.016805281806782514,0.01561917808219178,0.0011861037245907322
2012-12-10,3,c0012_0029,0.016732053654090945,0.01561917808219178,0.0011128755718991632
2012-12-10,4,c0009_0027,0.01638530186042929,0.01561917808219178,0.0007661237782375075
2012-12-10,5,c0021_0048,0.016352907888970463,0.01561917808219178,0.0007337298067786823
2012-12-10,6,c0029_0046,0.015858050474750845,0.01561917808219178,0.00023887239255906528
2012-12-10,7,c0007_0039,0.01422899800264987,0.013016438356164384,0.0012125596464854851
2012-12-10,8,c0013_0025,0.013821395193926713,0.013016438356164384,0.0008049568377623296
2012-12-10,9,c0027_0051,0.013777275697215012,0.013016438356164384,0.0007608373410506268
2012-12-10,10,c0023_0016,0.013747212906374625,0.013016438356164384,0.0007307745502102407
2012-12-10,11,c0026_0033,0.013641720859198136,0.013016438356164384,0.0006252825030337507
2012-12-10,12,c0020_0018,0.013603182367473548,0.013016438356164384,0.0005867440113091635
2012-12-10,13,c0016_0049,0.013521951717054878,0.013016438356164384,0.0005055133608904945
2012-12-10,14,c0023_0033,0.013472578072637312,0.013016438356164384,0.00045613971647292704
2012-12-10,15,c0014_0019,0.01327694427461947,0.013016438356164384,0.0002605059184550864
2012-12-10,16,c0009_0058,0.011777255826824536,0.010413698630136985,0.0013635571966875508
2012-12-10,17,c0009_0061,0.011497206110653902,0.010413698630136985,0.0010835074805169175
2012-12-10,18,c0011_0058,0.011492018525807723,0.010413698630136985,0.0010783198956707393
2012-12-10,19,c0010_0060,0.011428555811889207,0.010413698630136985,0.0010148571817522216
2012-12-10,20,c0029_0054,0.011361844668695758,0.010413698630136985,0.0009481460385587731
2012-12-11,1,c0009_0057,0.019370248558638965,0.018221917808219176,0.0011483307504197898
2012-12-11,2,c0012_0045,0.016792175822368756,0.01561917808219178,0.001172997740176976
2012-12-11,3,c0012_0029,0.016719756812257153,0.01561917808219178,0.001100578730065374
2012-12-11,4,c0009_0027,0.016376836490927093,0.01561917808219178,0.000757658408735314
2012-12-11,5,c0021_0048,0.01634480046024211,0.01561917808219178,0.0007256223780503323
2012-12-11,6,c0029_0046,0.01585541102780464,0.01561917808219178,0.00023623294561285826
2012-12-11,7,c0007_0039,0.014215599690598307,0.013016438356164384,0.0011991613344339215
2012-12-11,8,c0013_0025,0.013812500734234245,0.013016438356164384,0.0007960623780698606
2012-12-11,9,c0027_0051,0.013768868740785754,0.013016438356164384,0.0007524303846213701
2012-12-11,10,c0023_0016,0.013739138132080893,0.013016438356164384,0.0007226997759165085
2012-12-11,11,c0026_0033,0.01363481173095829,0.013016438356164384,0.000618373374793906
2012-12-11,12,c0020_0018,0.013596699074564459,0.013016438356164384,0.0005802607184000748
2012-12-11,13,c0016_0049,0.013516365991210318,0.013016438356164384,0.0004999276350459338
2012-12-11,14,c0023_0033,0.013467537906342706,0.013016438356164384,0.00045109955017832054
2012-12-11,15,c0014_0019,0.013274065785633914,0.013016438356164384,0.00025762742946952854
2012-12-11,16,c0009_0058,0.011762189050625668,0.010413698630136985,0.0013484904204886829
2012-12-11,17,c0009_0061,0.011485233774797068,0.010413698630136985,0.0010715351446600827
2012-12-11,18,c0011_0058,0.011480103510743944,0.010413698630136985,0.0010664048806069595
2012-12-11,19,c0010_0060,0.011417342035108578,0.010413698630136985,0.0010036434049715927
2012-12-11,20,c0029_0054,0.011351368024077173,0.010413698630136985,0.0009376693939401889
2012-12-12,1,c0009_0057,0.01935755995088501,0.018221917808219176,0.001135642142665833
2012-12-12,2,c0012_0045,0.01677921465398069,0.01561917808219178,0.0011600365717889106
2012-12-12,3,c0012_0029,0.016707595845738544,0.01561917808219178,0.0010884177635467627
2012-12-12,4,c0009_0027,0.016368464660462382,0.01561917808219178,0.0007492865782706024
2012-12-12,5,c0029_0046,0.015852800745719667,0.01561917808219178,0.00023362266352788613
2012-12-12,6,c0009_0058,0.014350028482465792,0.013016438356164384,0.0013335901263014076
2012-12-12,7,c0007_0039,0.01420234942467903,0.013016438356164384,0.0011859110685146456
2012-12-12,8,c0013_0025,0.013803704554858819,0.013016438356164384,0.0007872661986944342
2012-12-12,9,c0027_0051,0.013760554677952263,0.013016438356164384,0.0007441163217878795
2012-12-12,10,c0023_0016,0.013731152580899646,0.013016438356164384,0.0007147142247352614
2012-12-12,11,c0021_0048,0.01372471279286856,0.013016438356164384,0.0007082744367041763
2012-12-12,12,c0026_0033,0.013627978945895814,0.013016438356164384,0.0006115405897314296
2012-12-12,13,c0020_0018,0.013590287419518109,0.013016438356164384,0.0005738490633537249
2012-12-12,14,c0016_0049,0.01351084198546185,0.013016438356164384,0.000494403629297466
2012-12-12,15,c0014_0019,0.013271219102831067,0.013016438356164384,0.0002547807466666827
2012-12-12,16,c0009_0061,0.011473393728590693,0.010413698630136985,0.0010596950984537081
2012-12-12,17,c0011_0058,0.011468320151958176,0.010413698630136985,0.001054621521821191
2012-12-12,18,c0002_0039,0.01143539459973084,0.010413698630136985,0.0010216959695938548
2012-12-12,19,c0009_0056,0.011418973408267669,0.010413698630136985,0.0010052747781306827
2012-12-12,20,c0010_0060,0.011406252166195919,0.010413698630136985,0.000992553536058934
2012-12-13,1,c0009_0057,0.019345011547307136,0.018221917808219176,0.0011230937390879594
2012-12-13,2,c0012_0045,0.01676639670145761,0.01561917808219178,0.0011472186192658302
2012-12-13,3,c0012_0029,0.01669556925316577,0.01561917808219178,0.001076391170973991
2012-12-13,4,c0009_0027,0.016360185335465204,0.01561917808219178,0.0007410072532734231
2012-12-13,5,c0029_0046,0.015850219306235567,0.01561917808219178,0.00023104122404378602
2012-12-13,6,c0009_0058,0.014335292830728692,0.013016438356164384,0.0013188544745643082
2012-12-13,7,c0007_0039,0.014189245569039916,0.013016438356164384,0.0011728072128755302
2012-12-13,8,c0013_0025,0.01379500556984119,0.013016438356164384,0.0007785672136768071
2012-12-13,9,c0027_0051,0.01375233248227647,0.013016438356164384,0.000735894126112085
2012-12-13,10,c0023_0016,0.013723255266950224,0.013016438356164384,0.0007068169107858406
2012-12-13,11,c0021_0048,0.013716886636069913,0.013016438356164384,0.0007004482799055287
2012-12-13,12,c0026_0033,0.013621221660448317,0.013016438356164384,0.0006047833042839323
2012-12-13,13,c0020_0018,0.013583946610764003,0.013016438356164384,0.0005675082545996189
2012-12-13,14,c0016_0049,0.013505379017826441,0.013016438356164384,0.000488940661662057
2012-12-13,15,c0014_0019,0.013268403874764996,0.013016438356164384,0.0002519655186006121
2012-12-13,16,c0009_0061,0.011461684510285642,0.010413698630136985,0.001047985880148656
2012-12-13,17,c0011_0058,0.0114566669946998,0.010413698630136985,0.0010429683645628157
2012-12-13,18,c0002_0039,0.011424105257006859,0.010413698630136985,0.0010104066268698743
2012-12-13,19,c0009_0056,0.011407865513316686,0.010413698630136985,0.0009941668831797003
2012-12-13,20,c0010_0060,0.011395284836017526,0.010413698630136985,0.000981586205880542
2012-12-14,1,c0009_0057,0.01933260179870378,0.018221917808219176,0.0011106839904846046
2012-12-14,2,c0012_0045,0.01675372038231996,0.01561917808219178,0.0011345423001281791
2012-12-14,3,c0012_0029,0.01668367554975905,0.01561917808219178,0.0010644974675672694
2012-12-14,4,c0009_0027,0.01635199749378615,0.01561917808219178,0.000732819411594372
2012-12-14,5,c0029_0046,0.015847666390652826,0.01561917808219178,0.00022848830846104653
2012-12-14,6,c0007_0039,0.014728255721915464,0.013016438356164384,0.001711817365751079
2012-12-14,7,c0009_0058,0.014320720002206789,0.013016438356164384,0.0013042816460424045
2012-12-14,8,c0013_0025,0.013786402705221548,0.013016438356164384,0.0007699643490571628
2012-12-14,9,c0027_0051,0.013744201138662041,0.013016438356164384,0.0007277627824976573
2012-12-14,10,c0023_0016,0.01371544521524557,0.013016438356164384,0.0006990068590811847
2012-12-14,11,c0021_0048,0.013709146955257216,0.013016438356164384,0.0006927085990928309
2012-12-14,12,c0026_0033,0.013614539040374444,0.013016438356164384,0.0005981006842100596
2012-12-14,13,c0020_0018,0.013577675865478192,0.013016438356164384,0.0005612375093138077
2012-12-14,14,c0016_0049,0.013499976413856704,0.013016438356164384,0.00048353805769231923
2012-12-14,15,c0014_0019,0.013265619753873106,0.013016438356164384,0.0002491813977087204
2012-12-14,16,c0009_0061,0.011450104674284532,0.010413698630136985,0.0010364060441475473
2012-12-14,17,c0011_0058,0.011445142600292627,0.010413698630136985,0.0010314439701556422
2012-12-14,18,c0002_0039,0.011412940657125106,0.010413698630136985,0.0009992420269881214
2012-12-14,19,c0009_0056,0.011396880356280675,0.010413698630136985,0.00098318172614369
2012-12-14,20,c0010_0060,0.01138443869056809,0.010413698630136985,0.0009707400604311063
2012-12-15,1,c0009_0057,0.01932032917299145,0.018221917808219176,0.0010984113647722771
2012-12-15,2,c0012_0045,0.016741184131573966,0.01561917808219178,0.0011220060493821848
2012-12-15,3,c0012_0029,0.016671913267144827,0.01561917808219178,0.0010527351849530457
2012-12-15,4,c0009_0027,0.01634390012457018,0.01561917808219178,0.0007247220423783973
2012-12-15,5,c0029_0046,0.015845141683793442,0.01561917808219178,0.0002259636016016618
2012-12-15,6,c0007_0039,0.01470934080642401,0.013016438356164384,0.0016929024502596258
2012-12-15,7,c0009_0058,0.014306308197766938,0.013016438356164384,0.0012898698416025536
2012-12-15,8,c0013_0025,0.013777894898906908,0.013016438356164384,0.0007614565427425228
2012-12-15,9,c0027_0051,0.01373615964322907,0.013016438356164384,0.0007197212870646861
2012-12-15,10,c0023_0016,0.013707721461571844,0.013016438356164384,0.0006912831054074596
2012-12-15,11,c0021_0048,0.013701492794904487,0.013016438356164384,0.0006850544387401028
2012-12-15,12,c0026_0033,0.013607930260650884,0.013016438356164384,0.0005914919044864997
2012-12-15,13,c0020_0018,0.013571474409486625,0.013016438356164384,0.0005550360533222415
2012-12-15,14,c0016_0049,0.01349463350655763,0.013016438356164384,0.0004781951503932462
2012-12-15,15,c0014_0019,0.013262866396433226,0.013016438356164384,0.00024642804026884276
2012-12-15,16,c0009_0061,0.011438652790963276,0.010413698630136985,0.001024954160826291
2012-12-15,17,c0011_0058,0.011433745545957276,0.010413698630136985,0.0010200469158202915
2012-12-15,18,c0002_0039,0.011401899421725736,0.010413698630136985,0.0009882007915887508
2012-12-15,19,c0009_0056,0.011386016580953458,0.010413698630136985,0.0009723179508164729
2012-12-15,20,c0010_0060,0.011373712390803533,0.010413698630136985,0.0009600137606665485
2012-12-16,1,c0009_0057,0.01930819215501559,0.018221917808219176,0.0010862743467964118
2012-12-16,2,c0012_0045,0.01672878640151843,0.01561917808219178,0.0011096083193266474
2012-12-16,3,c0012_0029,0.016660280953174504,0.01561917808219178,0.0010411028709827238
2012-12-16,4,c0009_0027,0.016335892228131782,0.01561917808219178,0.0007167141459400025
2012-12-16,5,c0029_0046,0.015842644873962,0.01561917808219178,0.00022346679177022018
2012-12-16,6,c0007_0039,0.014690634893385277,0.013016438356164384,0.0016741965372208923
2012-12-16,7,c0009_0058,0.01429205563815572,0.013016438356164384,0.0012756172819913354
2012-12-16,8,c0013_0025,0.013769481100540007,0.013016438356164384,0.000753042744375622
2012-12-16,9,c0027_0051,0.013728207003190128,0.013016438356164384,0.0007117686470257444
2012-12-16,10,c0023_0016,0.013700083052369402,0.013016438356164384,0.0006836446962050187
2012-12-16,11,c0021_0048,0.013693923210043939,0.013016438356164384,0.000677484853879554
2012-12-16,12,c0026_0033,0.013601394505370512,0.013016438356164384,0.0005849561492061274
2012-12-16,13,c0020_0018,0.013565341477169578,0.013016438356164384,0.000548903121005193
2012-12-16,14,c0016_0049,0.013489349636304252,0.013016438356164384,0.00047291128013986656
2012-12-16,15,c0014_0019,0.013260143462521195,0.013016438356164384,0.0002437051063568104
2012-12-16,16,c0009_0061,0.011427327446494571,0.010413698630136985,0.0010136288163575858
2012-12-16,17,c0011_0058,0.011422474424635527,0.010413698630136985,0.0010087757944985422
2012-12-16,18,c0002_0039,0.011390980187679242,0.010413698630136985,0.0009772815575422574
2012-12-16,19,c0009_0056,0.011375272846114405,0.010413698630136985,0.0009615742159774196
2012-12-16,20,c0010_0060,0.01136310461247569,0.010413698630136985,0.0009494059823387056
2012-12-17,1,c0009_0057,0.01929618924636349,0.018221917808219176,0.0010742714381443126
2012-12-17,2,c0012_0045,0.016716525661553645,0.01561917808219178,0.0010973475793618628
2012-12-17,3,c0012_0029,0.016648777171745167,0.01561917808219178,0.001029599089553385
2012-12-17,4,c0009_0027,0.016327972815831607,0.01561917808219178,0.0007087947336398264
2012-12-17,5,c0029_0046,0.015840175652907202,0.01561917808219178,0.00022099757071542312
2012-12-17,6,c0007_0039,0.014672135673403523,0.013016438356164384,0.001655697317239138
2012-12-17,7,c0009_0058,0.01427796056377977,0.013016438356164384,0.0012615222076153862
2012-12-17,8,c0013_0025,0.01376116027136962,0.013016438356164384,0.000744721915205235
2012-12-17,9,c0027_0051,0.013720342236727703,0.013016438356164384,0.0007039038805633182
2012-12-17,10,c0023_0016,0.013692529044615064,0.013016438356164384,0.0006760906884506783
2012-12-17,11,c0021_0048,0.013686437266149305,0.013016438356164384,0.000669998909984921
2012-12-17,12,c0026_0033,0.013594930967641658,0.013016438356164384,0.0005784926114772733
2012-12-17,13,c0020_0018,0.013559276311367118,0.013016438356164384,0.0005428379552027345
2012-12-17,14,c0016_0049,0.013484124150760193,0.013016438356164384,0.00046768579459580817
2012-12-17,15,c0014_0019,0.013257450615968868,0.013016438356164384,0.00024101225980448435
2012-12-17,16,c0009_0056,0.011916617041373955,0.010413698630136985,0.0015029184112369703
2012-12-17,17,c0009_0061,0.011416127242673357,0.010413698630136985,0.0010024286125363722
2012-12-17,18,c0011_0058,0.011411327844816604,0.010413698630136985,0.000997629214679619
2012-12-17,19,c0002_0039,0.011380181606918172,0.010413698630136985,0.0009664829767811862
2012-12-17,20,c0010_0060,0.011352614045968826,0.010413698630136985,0.0009389154158318415
2012-12-18,1,c0009_0057,0.019284318965179337,0.018221917808219176,0.0010624011569601596
2012-12-18,2,c0012_0045,0.01670440039799244,0.01561917808219178,0.0010852223158006578
2012-12-18,3,c0012_0029,0.016637400502622267,0.01561917808219178,0.0010182224204304882
2012-12-18,4,c0009_0027,0.01632014090995437,0.01561917808219178,0.0007009628277625885
2012-12-18,5,c0029_0046,0.01583773371578381,0.01561917808219178,0.0002185556335920289
2012-12-18,6,c0007_0039,0.014653840862600933,0.013016438356164384,0.0016374025064365488
2012-12-18,7,c0009_0058,0.014264021234488548,0.013016438356164384,0.0012475828783241644
2012-12-18,8,c0013_0025,0.013752931384122317,0.013016438356164384,0.0007364930279579326
2012-12-18,9,c0027_0051,0.01371256437287298,0.013016438356164384,0.0006961260167085961
2012-12-18,10,c0023_0016,0.013685058505705679,0.013016438356164384,0.0006686201495412944
2012-12-18,11,c0021_0048,0.013679034039020476,0.013016438356164384,0.0006625956828560912
2012-12-18,12,c0026_0033,0.013588538849488492,0.013016438356164384,0.0005721004933241073
2012-12-18,13,c0020_0018,0.013553278163285646,0.013016438356164384,0.0005368398071212612
2012-12-18,14,c0016_0049,0.013478956404797146,0.013016438356164384,0.00046251804863276186
2012-12-18,15,c0014_0019,0.013254787524322638,0.013016438356164384,0.0002383491681582528
2012-12-18,16,c0009_0056,0.01190001037800679,0.010413698630136985,0.001486311747869805
2012-12-18,17,c0009_0061,0.011405050796744197,0.010413698630136985,0.0009913521666072118
2012-12-18,18,c0011_0058,0.011400304430365384,0.010413698630136985,0.0009866058002283994
2012-12-18,19,c0002_0039,0.011369502346270688,0.010413698630136985,0.000955803716133703
2012-12-18,20,c0010_0060,0.01134223939613795,0.010413698630136985,0.0009285407660009647
2012-12-19,1,c0009_0057,0.019272579845981238,0.018221917808219176,0.0010506620377620632
2012-12-19,2,c0007_0039,0.01723848792836305,0.01561917808219178,0.0016193098461712685
2012-12-19,3,c0012_0045,0.01669240911387329,0.01561917808219178,0.0010732310316815122
2012-12-19,4,c0012_0029,0.01662614954126431,0.01561917808219178,0.001006971459072531
2012-12-19,5,c0009_0027,0.01631239554358816,0.01561917808219178,0.0006932174613963804
2012-12-19,6,c0029_0046,0.015835318761115,0.01561917808219178,0.00021614067892321675
2012-12-19,7,c0009_0056,0.014486326937832358,0.013016438356164384,0.0014698885816679735
2012-12-19,8,c0009_0058,0.014250235929359499,0.013016438356164384,0.0012337975731951144
2012-12-19,9,c0013_0025,0.013744793422875642,0.013016438356164384,0.0007283550667112572
2012-12-19,10,c0027_0051,0.013704872451385979,0.013016438356164384,0.0006884340952215938
2012-12-19,11,c0023_0016,0.013677670513343008,0.013016438356164384,0.0006612321571786238
2012-12-19,12,c0021_0048,0.013671712614669387,0.013016438356164384,0.0006552742585050038
2012-12-19,13,c0026_0033,0.013582217361752505,0.013016438356164384,0.000565779005588121
2012-12-19,14,c0020_0018,0.01354734629240543,0.013016438356164384,0.0005309079362410453
2012-12-19,15,c0016_0049,0.01347384576041522,0.013016438356164384,0.00045740740425083523
2012-12-19,16,c0014_0019,0.01325215385880237,0.013016438356164384,0.00023571550263798663
2012-12-19,17,c0009_0061,0.01139409674123056,0.010413698630136985,0.0009803981110935755
2012-12-19,18,c0011_0058,0.011389402820352501,0.010413698630136985,0.0009757041902155167
2012-12-19,19,c0002_0039,0.011358941087295987,0.010413698630136985,0.0009452424571590029
2012-12-19,20,c0010_0060,0.011331979382148916,0.010413698630136985,0.0009182807520119306
2012-12-20,1,c0009_0057,0.019260970439480316,0.018221917808219176,0.0010390526312611384
2012-12-20,2,c0007_0039,0.017220595184950338,0.01561917808219178,0.0016014171027585573
2012-12-20,3,c0012_0045,0.01668055032877553,0.01561917808219178,0.0010613722465837494
2012-12-20,4,c0012_0029,0.01661502289864943,0.01561917808219178,0.0009958448164576487
2012-12-20,5,c0009_0027,0.016304735760505076,0.01561917808219178,0.000685557678313295
2012-12-20,6,c0029_0046,0.015832930490755147,0.01561917808219178,0.0002137524085633679
2012-12-20,7,c0009_0056,0.014470085241223618,0.013016438356164384,0.0014536468850592339
2012-12-20,8,c0009_0058,0.014236602946485589,0.013016438356164384,0.001220164590321205
2012-12-20,9,c0013_0025,0.013736745382932684,0.013016438356164384,0.0007203070267682985
2012-12-20,10,c0027_0051,0.01369726552263699,0.013016438356164384,0.0006808271664726044
2012-12-20,11,c0023_0016,0.013670364155419844,0.013016438356164384,0.00065392579925546
2012-12-20,12,c0021_0048,0.013664472089207194,0.013016438356164384,0.0006480337330428099
2012-12-20,13,c0026_0033,0.013575965723995085,0.013016438356164384,0.0005595273678307006
2012-12-20,14,c0020_0018,0.0135414799663892,0.013016438356164384,0.0005250416102248147
2012-12-20,15,c0016_0049,0.013468791586664171,0.013016438356164384,0.00045235323049978604
2012-12-20,16,c0014_0019,0.013249549294260834,0.013016438356164384,0.00023311093809644945
2012-12-20,17,c0009_0061,0.011383263723766003,0.010413698630136985,0.0009695650936290175
2012-12-20,18,c0011_0058,0.011378621668886332,0.010413698630136985,0.0009649230387493465
2012-12-20,19,c0002_0039,0.011348496526121524,0.010413698630136985,0.0009347978959845395
2012-12-20,20,c0010_0060,0.011321832737320299,0.010413698630136985,0.0009081341071833145
2012-12-21,1,c0009_0057,0.019249489312401752,0.018221917808219176,0.0010275715041825769
2012-12-21,2,c0007_0039,0.0172029001493868,0.01561917808219178,0.0015837220671950205
2012-12-21,3,c0012_0045,0.016668822578636545,0.01561917808219178,0.001049644496444764
2012-12-21,4,c0012_0029,0.016604019201103905,0.01561917808219178,0.0009848411189121262
2012-12-21,5,c0009_0027,0.01629716061504315,0.01561917808219178,0.0006779825328513706
2012-12-21,6,c0029_0046,0.015830568609853036,0.01561917808219178,0.0002113905276612562
2012-12-21,7,c0009_0056,0.014454023009039611,0.013016438356164384,0.001437584652875227
2012-12-21,8,c0009_0058,0.0142231206027652,0.013016438356164384,0.0012066822466008152
2012-12-21,9,c0013_0025,0.01372878627069804,0.013016438356164384,0.0007123479145336565
2012-12-21,10,c0027_0051,0.013689742647489345,0.013016438356164384,0.0006733042913249601
2012-12-21,11,c0023_0016,0.013663138529907411,0.013016438356164384,0.0006467001737430266
2012-12-21,12,c0021_0048,0.013657311568732665,0.013016438356164384,0.0006408732125682805
2012-12-21,13,c0026_0033,0.01356978316440116,0.013016438356164384,0.0005533448082367751
2012-12-21,14,c0020_0018,0.013535678460991723,0.013016438356164384,0.0005192401048273383
2012-12-21,15,c0016_0049,0.013463793259565511,0.013016438356164384,0.00044735490340112676
2012-12-21,16,c0014_0019,0.01324697350914354,0.013016438356164384,0.0002305351529791551
2012-12-21,17,c0009_0061,0.0113725504069272,0.010413698630136985,0.0009588517767902151
2012-12-21,18,c0011_0058,0.011367959644946826,0.010413698630136985,0.0009542610148098406
2012-12-21,19,c0002_0039,0.011338167373282035,0.010413698630136985,0.0009244687431450499
2012-12-21,20,c0010_0060,0.011311798208967012,0.010413698630136985,0.0008980995788300274
2012-12-22,1,c0009_0057,0.019238135047307876,0.018221917808219176,0.001016217239088701
2012-12-22,2,c0007_0039,0.017185400637077672,0.01561917808219178,0.001566222554885891
2012-12-22,3,c0012_0045,0.01665722441557105,0.01561917808219178,0.0010380463333792723
2012-12-22,4,c0012_0029,0.01659313709013259,0.01561917808219178,0.0009739590079408093
2012-12-22,5,c0009_0027,0.016289669171989624,0.01561917808219178,0.0006704910897978425
2012-12-22,6,c0029_0046,0.015828232826815426,0.01561917808219178,0.000209054744623647
2012-12-22,7,c0009_0056,0.01443813825826831,0.013016438356164384,0.001421699902103924
2012-12-22,8,c0009_0058,0.014209787233694326,0.013016438356164384,0.001193348877529941
2012-12-22,9,c0013_0025,0.013720915103555158,0.013016438356164384,0.0007044767473907733
2012-12-22,10,c0027_0051,0.013682302897183472,0.013016438356164384,0.0006658645410190878
2012-12-22,11,c0023_0016,0.013655992744743998,0.013016438356164384,0.0006395543885796133
2012-12-22,12,c0021_0048,0.013650230169221832,0.013016438356164384,0.0006337918130574476
2012-12-22,13,c0026_0033,0.013563668919683913,0.013016438356164384,0.0005472305635195294
2012-12-22,14,c0020_0018,0.013529941059970397,0.013016438356164384,0.0005135027038060132
2012-12-22,15,c0016_0049,0.013458850162035473,0.013016438356164384,0.0004424118058710893
2012-12-22,16,c0014_0019,0.013244426185449054,0.013016438356164384,0.0002279878292846694
2012-12-22,17,c0009_0061,0.011361955468068837,0.010413698630136985,0.0009482568379318523
2012-12-22,18,c0011_0058,0.01135741543222119,0.010413698630136985,0.0009437168020842052
2012-12-22,19,c0002_0039,0.011327952353560345,0.010413698630136985,0.0009142537234233602
2012-12-22,20,c0010_0060,0.011301874558245648,0.010413698630136985,0.0008881759281086633
2012-12-23,1,c0009_0057,0.019226906242423143,0.018221917808219176,0.0010049884342039656
2012-12-23,2,c0007_0039,0.017168094487567103,0.01561917808219178,0.0015489164053753236
2012-12-23,3,c0012_0045,0.01664575440769234,0.01561917808219178,0.00102657632550056
2012-12-23,4,c0012_0029,0.016582375222251165,0.01561917808219178,0.0009631971400593858
2012-12-23,5,c0009_0027,0.016282260506465463,0.01561917808219178,0.0006630824242736825
2012-12-23,6,c0029_0046,0.015825922853271078,0.01561917808219178,0.0002067447710792972
2012-12-23,7,c0009_0056,0.014422429027809191,0.013016438356164384,0.001405990671644807
2012-12-23,8,c0009_0058,0.014196601193161084,0.013016438356164384,0.0011801628369967005
2012-12-23,9,c0013_0025,0.013713130909745005,0.013016438356164384,0.0006966925535806214
2012-12-23,10,c0027_0051,0.01367494535322223,0.013016438356164384,0.0006585069970578458
2012-12-23,11,c0023_0016,0.01364892591772483,0.013016438356164384,0.0006324875615604451
2012-12-23,12,c0021_0048,0.013643227016418848,0.013016438356164384,0.0006267886602544638
2012-12-23,13,c0026_0033,0.013557622234990555,0.013016438356164384,0.0005411838788261712
2012-12-23,14,c0020_0018,0.013524267054996823,0.013016438356164384,0.0005078286988324385
2012-12-23,15,c0016_0049,0.013453961683808826,0.013016438356164384,0.00043752332764444103
2012-12-23,16,c0014_0019,0.013241907008689734,0.013016438356164384,0.00022546865252535007
2012-12-23,17,c0009_0061,0.011351477599160314,0.010413698630136985,0.0009377789690233291
2012-12-23,18,c0011_0058,0.011346987728941375,0.010413698630136985,0.0009332890988043901
2012-12-23,19,c0002_0039,0.011317850205829936,0.010413698630136985,0.00090415157569295
2012-12-23,20,c0010_0060,0.011292060560001538,0.010413698630136985,0.0008783619298645533
2012-12-24,1,c0009_0057,0.019215801511461076,0.018221917808219176,0.0009938837032419012
2012-12-24,2,c0007_0039,0.01715097956427145,0.01561917808219178,0.0015318014820796689
2012-12-24,3,c0012_0045,0.016634411138935483,0.01561917808219178,0.0010152330567437032
2012-12-24,4,c0012_0029,0.0165717322688203,0.01561917808219178,0.0009525541866285222
2012-12-24,5,c0009_0027,0.016274933703811195,0.01561917808219178,0.0006557556216194162
2012-12-24,6,c0029_0046,0.015823638404035133,0.01561917808219178,0.00020446032184335376
2012-12-24,7,c0009_0056,0.01440689337823114,0.013016438356164384,0.0013904550220667552
2012-12-24,8,c0009_0058,0.014183560853242492,0.013016438356164384,0.0011671224970781068
2012-12-24,9,c0013_0025,0.013705432728246116,0.013016438356164384,0.0006889943720817325
2012-12-24,10,c0027_0051,0.013667669107257512,0.013016438356164384,0.0006512307510931283
2012-12-24,11,c0023_0016,0.01364193717639315,0.013016438356164384,0.0006254988202287658
2012-12-24,12,c0021_0048,0.013636301245728052,0.013016438356164384,0.000619862889563668
2012-12-24,13,c0026_0033,0.013551642363809121,0.013016438356164384,0.0005352040076447369
2012-12-24,14,c0020_0018,0.01351865574556935,0.013016438356164384,0.0005022173894049661
2012-12-24,15,c0016_0049,0.013449127221363526,0.013016438356164384,0.0004326888651991422
2012-12-24,16,c0014_0019,0.013239415667852906,0.013016438356164384,0.00022297731168852107
2012-12-24,17,c0009_0061,0.011341115506624259,0.010413698630136985,0.0009274168764872744
2012-12-24,18,c0011_0058,0.01133667524772336,0.010413698630136985,0.0009229766175863756
2012-12-24,19,c0002_0039,0.01130785968289924,0.010413698630136985,0.0008941610527622561
2012-12-24,20,c0010_0060,0.011282355002617496,0.010413698630136985,0.0008686563724805108
2012-12-25,1,c0009_0057,0.01920481948345314,0.018221917808219176,0.0009829016752339634
2012-12-25,2,c0007_0039,0.017134053754215475,0.01561917808219178,0.0015148756720236955
2012-12-25,3,c0012_0029,0.017110881044910986,0.01561917808219178,0.0014917029627192048
2012-12-25,4,c0012_0045,0.016623193208882524,0.01561917808219178,0.001004015126690744
2012-12-25,5,c0009_0027,0.01626768785947398,0.01561917808219178,0.0006485097772821996
2012-12-25,6,c0029_0046,0.015821379197073927,0.01561917808219178,0.00020220111488214538
2012-12-25,7,c0009_0056,0.014391529391532992,0.013016438356164384,0.001375091035368607
2012-12-25,8,c0009_0058,0.014170664604003473,0.013016438356164384,0.0011542262478390884
2012-12-25,9,c0013_0025,0.013697819608655935,0.013016438356164384,0.0006813812524915509
2012-12-25,10,c0027_0051,0.013660473260978107,0.013016438356164384,0.0006440349048137226
2012-12-25,11,c0023_0016,0.01363502565793251,0.013016438356164384,0.000618587301768127
2012-12-25,12,c0021_0048,0.01362945200210723,0.013016438356164384,0.000613013645942845
2012-12-25,13,c0026_0033,0.013545728567876314,0.013016438356164384,0.0005292902117119299
2012-12-25,14,c0020_0018,0.013513106438926604,0.013016438356164384,0.0004966680827622185
2012-12-25,15,c0016_0049,0.013444346177846222,0.013016438356164384,0.00042790782168183715
2012-12-25,16,c0014_0019,0.01323695185536246,0.013016438356164384,0.00022051349919807516
2012-12-25,17,c0009_0061,0.011330867911176828,0.010413698630136985,0.0009171692810398433
2012-12-25,18,c0011_0058,0.011326476715408219,0.010413698630136985,0.0009127780852712339
2012-12-25,19,c0002_0039,0.011297979551357681,0.010413698630136985,0.0008842809212206965
2012-12-25,20,c0010_0060,0.011272756687864233,0.010413698630136985,0.0008590580577272476
2012-12-26,1,c0012_0029,0.01969713803391123,0.018221917808219176,0.0014752202256920553
2012-12-26,2,c0009_0057,0.01919395880257945,0.018221917808219176,0.0009720409943602767
2012-12-26,3,c0007_0039,0.017117314967771507,0.01561917808219178,0.0014981368855797265
2012-12-26,4,c0012_0045,0.016612099232589578,0.01561917808219178,0.000992921150397798
2012-12-26,5,c0009_0027,0.016260522078895927,0.01561917808219178,0.0006413439967041464
2012-12-26,6,c0029_0046,0.015819144953470143,0.01561917808219178,0.00019996687127836284
2012-12-26,7,c0009_0056,0.014376335170906751,0.013016438356164384,0.0013598968147423664
2012-12-26,8,c0009_0058,0.014157910853298114,0.013016438356164384,0.0011414724971337297
2012-12-26,9,c0013_0025,0.013690290611073484,0.013016438356164384,0.0006738522549090996
2012-12-26,10,c0027_0051,0.01365335692599879,0.013016438356164384,0.0006369185698344055
2012-12-26,11,c0023_0016,0.01362819050906025,0.013016438356164384,0.0006117521528958665
2012-12-26,12,c0021_0048,0.013622678439962049,0.013016438356164384,0.0006062400837976633
2012-12-26,13,c0026_0033,0.01353988011708636,0.013016438356164384,0.0005234417609219756
2012-12-26,14,c0020_0018,0.013507618449961947,0.013016438356164384,0.0004911800937975622
2012-12-26,15,c0016_0049,0.013439617962998552,0.013016438356164384,0.00042317960683416726
2012-12-26,16,c0014_0019,0.013234515267040886,0.013016438356164384,0.0002180769108765015
2012-12-26,17,c0017_0050,0.011560405529958902,0.010413698630136985,0.0011467068998219172
2012-12-26,18,c0009_0061,0.011320733547669765,0.010413698630136985,0.0009070349175327803
2012-12-26,19,c0002_0039,0.011288208591423382,0.010413698630136985,0.0008745099612863964
2012-12-26,20,c0010_0060,0.011263264430752427,0.010413698630136985,0.0008495658006154427
2012-12-27,1,c0012_0029,0.019680837424711602,0.018221917808219176,0.0014589196164924258
2012-12-27,2,c0009_0057,0.019183218128001424,0.018221917808219176,0.0009613003197822469
2012-12-27,3,c0007_0039,0.017100761138401435,0.01561917808219178,0.001481583056209655
2012-12-27,4,c0012_0045,0.016601127840415852,0.01561917808219178,0.0009819497582240718
2012-12-27,5,c0009_0027,0.016253435477403665,0.01561917808219178,0.0006342573952118855
2012-12-27,6,c0029_0046,0.015816935397388404,0.01561917808219178,0.00019775731519662456
2012-12-27,7,c0009_0056,0.014361308840503413,0.013016438356164384,0.0013448704843390285
2012-12-27,8,c0009_0058,0.014145298026573092,0.013016438356164384,0.0011288596704087076
2012-12-27,9,c0013_0025,0.013682844805983327,0.013016438356164384,0.0006664064498189415
2012-12-27,10,c0027_0051,0.013646319223750649,0.013016438356164384,0.0006298808675862636
2012-12-27,11,c0023_0016,0.013621430885922147,0.013016438356164384,0.0006049925297577621
2012-12-27,12,c0021_0048,0.013615979723041663,0.013016438356164384,0.0005995413668772793
2012-12-27,13,c0026_0033,0.013534096289400869,0.013016438356164384,0.000517657933236484
2012-12-27,14,c0020_0018,0.013502191101138908,0.013016438356164384,0.00048575274497452434
2012-12-27,15,c0016_0049,0.013434941993084284,0.013016438356164384,0.0004185036369198987
2012-12-27,16,c0014_0019,0.013232105602071716,0.013016438356164384,0.00021566724590733218
2012-12-27,17,c0017_0050,0.011547734865121896,0.010413698630136985,0.0011340362349849117
2012-12-27,18,c0009_0061,0.01131071116493421,0.010413698630136985,0.0008970125347972238
2012-12-27,19,c0002_0039,0.01127854559679258,0.010413698630136985,0.0008648469666555947
2012-12-27,20,c0010_0060,0.01125387705938643,0.010413698630136985,0.0008401784292494448
2012-12-28,1,c0012_0029,0.0196647169308979,0.018221917808219176,0.0014427991226787246
2012-12-28,2,c0009_0057,0.0191725961336962,0.018221917808219176,0.0009506783254770253
2012-12-28,3,c0007_0039,0.0170843902224016,0.01561917808219178,0.0014652121402098175
2012-12-28,4,c0012_0045,0.016590277677854547,0.01561917808219178,0.0009710995956627686
2012-12-28,5,c0009_0027,0.016246427180099124,0.01561917808219178,0.0006272490979073433
2012-12-28,6,c0029_0046,0.015814750256041205,0.01561917808219178,0.00019557217384942274
2012-12-28,7,c0009_0056,0.014346448545201371,0.013016438356164384,0.0013300101890369878
2012-12-28,8,c0009_0058,0.014132824566673285,0.013016438356164384,0.0011163862105089003
2012-12-28,9,c0013_0025,0.013675481274140807,0.013016438356164384,0.0006590429179764229
2012-12-28,10,c0027_0051,0.013639359285372613,0.013016438356164384,0.0006229209292082289
2012-12-28,11,c0023_0016,0.013614745953988238,0.013016438356164384,0.0005983075978238538
2012-12-28,12,c0021_0048,0.01360935502433548,0.013016438356164384,0.0005929166681710957
2012-12-28,13,c0026_0033,0.013528376370759692,0.013016438356164384,0.0005119380145953082
2012-12-28,14,c0020_0018,0.013496823722407531,0.013016438356164384,0.00048038536624314725
2012-12-28,15,c0016_0049,0.01343031769081724,0.013016438356164384,0.0004138793346528561
2012-12-28,16,c0014_0019,0.013229722562962388,0.013016438356164384,0.00021328420679800423
2012-12-28,17,c0017_0050,0.011535204206198727,0.010413698630136985,0.0011215055760617424
2012-12-28,18,c0009_0061,0.011300799525626227,0.010413698630136985,0.0008871008954892426
2012-12-28,19,c0002_0039,0.011268989374490702,0.010413698630136985,0.0008552907443537183
2012-12-28,20,c0010_0060,0.01124459341481958,0.010413698630136985,0.0008308947846825947
2012-12-29,1,c0012_0029,0.01964877456226523,0.018221917808219176,0.0014268567540460545
2012-12-29,2,c0009_0057,0.019162091508292973,0.018221917808219176,0.0009401737000737982
2012-12-29,3,c0007_0039,0.01706820019865046,0.01561917808219178,0.0014490221164586803
2012-12-29,4,c0012_0045,0.016579547405365647,0.01561917808219178,0.0009603693231738655
2012-12-29,5,c0009_0027,0.01623949632175151,0.01561917808219178,0.0006203182395597287
2012-12-29,6,c0029_0046,0.015812589259655226,0.01561917808219178,0.00019341117746344527
2012-12-29,7,c0009_0056,0.014331752450377397,0.013016438356164384,0.0013153140942130123
2012-12-29,8,c0009_0058,0.014120488933649528,0.013016438356164384,0.0011040505774851433
2012-12-29,9,c0013_0025,0.01366819910645857,0.013016438356164384,0.000651760750294186
2012-12-29,10,c0027_0051,0.013632476251604195,0.013016438356164384,0.0006160378954398099
2012-12-29,11,c0023_0016,0.013608134887949796,0.013016438356164384,0.0005916965317854118
2012-12-29,12,c0021_0048,0.013602803525971045,0.013016438356164384,0.0005863651698066603
2012-12-29,13,c0026_0033,0.013522719654992773,0.013016438356164384,0.0005062812988283876
2012-12-29,14,c0020_0018,0.013491515651121649,0.013016438356164384,0.00047507729495726393
2012-12-29,15,c0016_0049,0.013425744485290035,0.013016438356164384,0.00040930612912565165
2012-12-29,16,c0014_0019,0.013227365855507517,0.013016438356164384,0.00021092749934313175
2012-12-29,17,c0017_0050,0.01152281200617855,0.010413698630136985,0.001109113376041565
2012-12-29,18,c0009_0061,0.011290997406074059,0.010413698630136985,0.0008772987759370736
2012-12-29,19,c0002_0039,0.011259538744725083,0.010413698630136985,0.0008458401145880982
2012-12-29,20,c0010_0060,0.011235412350911127,0.010413698630136985,0.0008217137207741419
2012-12-30,1,c0012_0029,0.019633008350599685,0.018221917808219176,0.0014110905423805077
2012-12-30,2,c0009_0057,0.019151702954911067,0.018221917808219176,0.00092978514669189
2012-12-30,3,c0007_0039,0.017052189068359095,0.01561917808219178,0.001433010986167315
2012-12-30,4,c0012_0045,0.016568935698210514,0.01561917808219178,0.0009497576160187348
2012-12-30,5,c0009_0027,0.016232642046690494,0.01561917808219178,0.0006134639644987144
2012-12-30,6,c0029_0046,0.01581045214143805,0.01561917808219178,0.00019127405924627012
2012-12-30,7,c0009_0056,0.014317218741680125,0.013016438356164384,0.0013007803855157412
2012-12-30,8,c0009_0058,0.014108289604568497,0.013016438356164384,0.0010918512484041124
2012-12-30,9,c0013_0025,0.013660997403894318,0.013016438356164384,0.0006445590477299341
2012-12-30,10,c0027_0051,0.013625669272679393,0.013016438356164384,0.0006092309165150086
2012-12-30,11,c0023_0016,0.013601596871617432,0.013016438356164384,0.0005851585154530466
2012-12-30,12,c0021_0048,0.013596324419113077,0.013016438356164384,0.0005798860629486936
2012-12-30,13,c0026_0033,0.013517125443732951,0.013016438356164384,0.0005006870875685666
2012-12-30,14,c0020_0018,0.013486266231957074,0.013016438356164384,0.00046982787579268964
2012-12-30,15,c0016_0049,0.013421221811903587,0.013016438356164384,0.0004047834557392016
2012-12-30,16,c0014_0019,0.013225035188752569,0.013016438356164384,0.00020859683258818372
2012-12-30,17,c0017_0050,0.011510556735144388,0.010413698630136985,0.0010968581050074023
2012-12-30,18,c0009_0061,0.011281303596127036,0.010413698630136985,0.0008676049659900504
2012-12-30,19,c0002_0039,0.0112501925407393,0.010413698630136985,0.0008364939106023155
2012-12-30,20,c0010_0060,0.01122633273418473,0.010413698630136985,0.0008126341040477449
2012-12-31,1,c0012_0029,0.01961741634943535,0.018221917808219176,0.0013954985412161752
2012-12-31,2,c0009_0057,0.01914142919099983,0.018221917808219176,0.0009195113827806514
2012-12-31,3,c0007_0039,0.017036354854824413,0.01561917808219178,0.0014171767726326337
2012-12-31,4,c0012_0045,0.016558441246288375,0.01561917808219178,0.0009392631640965954
2012-12-31,5,c0009_0027,0.01622586350870058,0.01561917808219178,0.0006066854265087964
2012-12-31,6,c0029_0046,0.01580833863754521,0.01561917808219178,0.00018916055535342756
2012-12-31,7,c0009_0056,0.014302845624806075,0.013016438356164384,0.0012864072686416905
2012-12-31,8,c0009_0058,0.014096225073324687,0.013016438356164384,0.001079786717160302
2012-12-31,9,c0013_0025,0.013653875277339822,0.013016438356164384,0.0006374369211754382
2012-12-31,10,c0027_0051,0.013618937508221796,0.013016438356164384,0.0006024991520574109
2012-12-31,11,c0023_0016,0.013595131097820328,0.013016438356164384,0.0005786927416559441
2012-12-31,12,c0021_0048,0.013589916903863615,0.013016438356164384,0.0005734785476992305
2012-12-31,13,c0026_0033,0.013511593046329758,0.013016438356164384,0.0004951546901653741
2012-12-31,14,c0020_0018,0.013481074816830701,0.013016438356164384,0.00046463646066631704
2012-12-31,15,c0016_0049,0.013416749112297408,0.013016438356164384,0.0004003107561330227
2012-12-31,16,c0014_0019,0.013222730274957947,0.013016438356164384,0.00020629191879356344
2012-12-31,17,c0017_0050,0.01149843688008425,0.010413698630136985,0.0010847382499472643
2012-12-31,18,c0009_0061,0.011271716899006187,0.010413698630136985,0.0008580182688692007
2012-12-31,19,c0002_0039,0.01124094960866914,0.010413698630136985,0.0008272509785321552
2012-12-31,20,c0010_0060,0.01121735344368852,0.010413698630136985,0.0008036548135515352
2013-01-01,1,c0012_0029,0.01960199663381401,0.018221917808219176,0.0013800788255948371
2013-01-01,2,c0009_0057,0.019131268948180295,0.018221917808219176,0.0009093511399611181
2013-01-01,3,c0007_0039,0.01702069560318513,0.01561917808219178,0.0014015175209933478
2013-01-01,4,c0012_0045,0.016548062753974548,0.01561917808219178,0.0009288846717827694
2013-01-01,5,c0009_0027,0.016219159870916603,0.01561917808219178,0.0005999817887248236
2013-01-01,6,c0029_0046,0.015806248487047606,0.01561917808219178,0.00018707040485582674
2013-01-01,7,c0009_0056,0.014288631325278116,0.013016438356164384,0.0012721929691137314
2013-01-01,8,c0023_0016,0.014137393924214621,0.013016438356164384,0.001120955568050237
2013-01-01,9,c0009_0058,0.014084293850454472,0.013016438356164384,0.0010678554942900873
2013-01-01,10,c0013_0025,0.013646831847511153,0.013016438356164384,0.000630393491346769
2013-01-01,11,c0027_0051,0.01361228012714082,0.013016438356164384,0.0005958417709764347
2013-01-01,12,c0021_0048,0.013583580189163252,0.013016438356164384,0.0005671418329988671
2013-01-01,13,c0026_0033,0.013506121779764143,0.013016438356164384,0.0004896834235997582
2013-01-01,14,c0020_0018,0.013475940764820489,0.013016438356164384,0.00045950240865610454
2013-01-01,15,c0016_0049,0.013412325834280682,0.013016438356164384,0.00039588747811629714
2013-01-01,16,c0014_0019,0.01322045082956347,0.013016438356164384,0.00020401247339908477
2013-01-01,17,c0017_0050,0.01148645094470434,0.010413698630136985,0.0010727523145673552
2013-01-01,18,c0009_0061,0.011262236131156478,0.010413698630136985,0.0008485375010194934
2013-01-01,19,c0002_0039,0.011231808807400137,0.010413698630136985,0.0008181101772631532
2013-01-01,20,c0010_0060,0.01120847337085671,0.010413698630136985,0.0007947747407197254
2013-01-02,1,c0012_0029,0.01958674730004749,0.018221917808219176,0.0013648294918283134
2013-01-02,2,c0009_0057,0.019121220972088595,0.018221917808219176,0.0008993031638694198
2013-01-02,3,c0007_0039,0.017005209380180405,0.01561917808219178,0.001386031297988624
2013-01-02,4,c0023_0016,0.016727747527596253,0.01561917808219178,0.0011085694454044718
2013-01-02,5,c0012_0045,0.016537798939960508,0.01561917808219178,0.0009186208577687273
2013-01-02,6,c0009_0027,0.01621253030572046,0.01561917808219178,0.0005933522235286782
2013-01-02,7,c0029_0046,0.015804181431899322,0.01561917808219178,0.0001850033497075416
2013-01-02,8,c0009_0056,0.0142745740882264,0.013016438356164384,0.0012581357320620157
2013-01-02,9,c0009_0058,0.01407249446295222,0.013016438356164384,0.0010560561067878356
2013-01-02,10,c0013_0025,0.013639866244840126,0.013016438356164384,0.0006234278886757421
2013-01-02,11,c0027_0051,0.01360569630752911,0.013016438356164384,0.000589257951364725
2013-01-02,12,c0021_0048,0.013577313492693484,0.013016438356164384,0.0005608751365290985
2013-01-02,13,c0026_0033,0.013500710968564146,0.013016438356164384,0.00048427261239976154
2013-01-02,14,c0020_0018,0.013470863442086334,0.013016438356164384,0.0004544250859219495
2013-01-02,15,c0016_0049,0.013407951431764086,0.013016438356164384,0.00039151307559970127
2013-01-02,16,c0017_0050,0.011474597449244327,0.010413698630136985,0.0010608988191073423
2013-01-02,17,c0009_0061,0.011252860122100704,0.010413698630136985,0.00083916149196372
2013-01-02,18,c0002_0039,0.0112227690084267,0.010413698630136985,0.0008090703782897154
2013-01-02,19,c0010_0060,0.011199691419372734,0.010413698630136985,0.0007859927892357484
2013-01-02,20,c0029_0054,0.01114802456569664,0.010413698630136985,0.0007343259355596551
2013-01-03,1,c0012_0029,0.019571666465482612,0.018221917808219176,0.0013497486572634366
2013-01-03,2,c0009_0057,0.019111284022221096,0.018221917808219176,0.0008893662140019188
2013-01-03,3,c0007_0039,0.01698989427391119,0.01561917808219178,0.0013707161917194104
2013-01-03,4,c0023_0016,0.016715498266783882,0.01561917808219178,0.0010963201845920999
2013-01-03,5,c0012_0045,0.01652764853709568,0.01561917808219178,0.0009084704549038998
2013-01-03,6,c0009_0027,0.01620597399463888,0.01561917808219178,0.0005867959124471007
2013-01-03,7,c0029_0046,0.015802137216905734,0.01561917808219178,0.00018295913471395292
2013-01-03,8,c0009_0056,0.014260672178171709,0.013016438356164384,0.0012442338220073242
2013-01-03,9,c0009_0058,0.01406082545408844,0.013016438356164384,0.0010443870979240542
2013-01-03,10,c0013_0025,0.013632977609366947,0.013016438356164384,0.0006165392532025632
2013-01-03,11,c0027_0051,0.013599185236561069,0.013016438356164384,0.0005827468803966838
2013-01-03,12,c0021_0048,0.013571116040780118,0.013016438356164384,0.0005546776846157338
2013-01-03,13,c0026_0033,0.013495359944721513,0.013016438356164384,0.00047892158855712897
2013-01-03,14,c0020_0018,0.01346584222179182,0.013016438356164384,0.0004494038656274361
2013-01-03,15,c0016_0049,0.013403625364692369,0.013016438356164384,0.0003871870085279854
2013-01-03,16,c0017_0050,0.011462874930294653,0.010413698630136985,0.0010491763001576684
2013-01-03,17,c0009_0061,0.011243587714294975,0.010413698630136985,0.0008298890841579895
2013-01-03,18,c0002_0039,0.01121382909571278,0.010413698630136985,0.0008001304655757951
2013-01-03,19,c0010_0060,0.011191006505033895,0.010413698630136985,0.0007773078748969092
2013-01-03,20,c0029_0054,0.01113991054997733,0.010413698630136985,0.0007262119198403447
2013-01-04,1,c0012_0029,0.0195567522682688,0.018221917808219176,0.0013348344600496247
2013-01-04,2,c0009_0057,0.019101456871781237,0.018221917808219176,0.0008795390635620592
2013-01-04,3,c0007_0039,0.016974748393604175,0.01561917808219178,0.0013555703114123934
2013-01-04,4,c0023_0016,0.016703384355534923,0.01561917808219178,0.001084206273343142
2013-01-04,5,c0012_0045,0.01651761029223102,0.01561917808219178,0.0008984322100392385
2013-01-04,6,c0009_0027,0.016199490128242424,0.01561917808219178,0.0005803120460506427
2013-01-04,7,c0029_0046,0.015800115589692024,0.01561917808219178,0.0001809375075002429
2013-01-04,8,c0009_0056,0.014246923878811192,0.013016438356164384,0.0012304855226468081
2013-01-04,9,c0009_0058,0.014049285383229927,0.013016438356164384,0.001032847027065543
2013-01-04,10,c0013_0025,0.013626165090634043,0.013016438356164384,0.000609726734469659
2013-01-04,11,c0027_0051,0.013592746110392503,0.013016438356164384,0.0005763077542281194
2013-01-04,12,c0021_0048,0.013564987068297766,0.013016438356164384,0.0005485487121333815
2013-01-04,13,c0026_0033,0.013490068047609221,0.013016438356164384,0.00047362969144483643
2013-01-04,14,c0020_0018,0.01346087648402683,0.013016438356164384,0.00044443812786244656
2013-01-04,15,c0016_0049,0.013399347098977684,0.013016438356164384,0.0003829087428133004
2013-01-04,16,c0017_0050,0.011451281940615869,0.010413698630136985,0.0010375833104788832
2013-01-04,17,c0009_0061,0.011234417762985806,0.010413698630136985,0.0008207191328488206
2013-01-04,18,c0002_0039,0.011204987965554095,0.010413698630136985,0.0007912893354171098
2013-01-04,19,c0010_0060,0.011182417555617516,0.010413698630136985,0.0007687189254805298
2013-01-04,20,c0029_0054,0.011131886190972981,0.010413698630136985,0.0007181875608359956
2013-01-05,1,c0012_0029,0.019542002867128195,0.018221917808219176,0.0013200850589090189
2013-01-05,2,c0009_0057,0.019091738307528087,0.018221917808219176,0.0008698204993089104
2013-01-05,3,c0007_0039,0.01695976986937835,0.01561917808219178,0.00134059178718657
2013-01-05,4,c0023_0016,0.016691404298289393,0.01561917808219178,0.001072226216097613
2013-01-05,5,c0012_0045,0.016507682966064283,0.01561917808219178,0.000888504883872504
2013-01-05,6,c0009_0027,0.016193077906045517,0.01561917808219178,0.0005738998238537357
2013-01-05,7,c0029_0046,0.015798116300672016,0.01561917808219178,0.00017893821848023723
2013-01-05,8,c0009_0056,0.01423332749280648,0.013016438356164384,0.0012168891366420962
2013-01-05,9,c0009_0058,0.014037872825661924,0.013016438356164384,0.001021434469497539
2013-01-05,10,c0013_0025,0.013619427847581066,0.013016438356164384,0.0006029894914166813
2013-01-05,11,c0027_0051,0.01358637813406139,0.013016438356164384,0.0005699397778970048
2013-01-05,12,c0021_0048,0.013558925818575372,0.013016438356164384,0.0005424874624109873
2013-01-05,13,c0026_0033,0.013484834623899915,0.013016438356164384,0.00046839626773553133
2013-01-05,14,c0020_0018,0.013455965615731013,0.013016438356164384,0.00043952725956662855
2013-01-05,15,c0016_0049,0.013395116106433643,0.013016438356164384,0.0003786777502692598
2013-01-05,16,c0017_0050,0.011439817048959954,0.010413698630136985,0.0010261184188229682
2013-01-05,17,c0009_0061,0.011225349136068796,0.010413698630136985,0.0008116505059318114
2013-01-05,18,c0002_0039,0.011196244526441865,0.010413698630136985,0.0007825458963048799
2013-01-05,19,c0010_0060,0.01117392351074856,0.010413698630136985,0.0007602248806115756
2013-01-05,20,c0029_0054,0.011123950498011796,0.010413698630136985,0.0007102518678748105
2013-01-06,1,c0012_0029,0.01952741644112834,0.018221917808219176,0.0013054986329091645
2013-01-06,2,c0009_0057,0.019082127129626557,0.018221917808219176,0.0008602093214073807
2013-01-06,3,c0007_0039,0.016944956852014175,0.01561917808219178,0.0013257787698223937
2013-01-06,4,c0023_0016,0.016679556616012663,0.01561917808219178,0.0010603785338208836
2013-01-06,5,c0012_0045,0.016497865332987045,0.01561917808219178,0.0008786872507952641
2013-01-06,6,c0009_0027,0.016186736536407644,0.01561917808219178,0.0005675584542158655
2013-01-06,7,c0029_0046,0.015796139103017373,0.01561917808219178,0.00017696102082559152
2013-01-06,8,c0009_0056,0.01421988134157413,0.013016438356164384,0.001203442985409746
2013-01-06,9,c0009_0058,0.014026586372412208,0.013016438356164384,0.0010101480162478225
2013-01-06,10,c0013_0025,0.013612765048441056,0.013016438356164384,0.0005963266922766713
2013-01-06,11,c0027_0051,0.01358008052138972,0.013016438356164384,0.0005636421652253347
2013-01-06,12,c0021_0048,0.013552931543302803,0.013016438356164384,0.000536493187138418
2013-01-06,13,c0026_0033,0.013479659027485259,0.013016438356164384,0.00046322067132087397
2013-01-06,14,c0020_0018,0.013451109010618092,0.013016438356164384,0.00043467065445370814
2013-01-06,15,c0016_0049,0.013390931864710116,0.013016438356164384,0.0003744935085457312
2013-01-06,16,c0017_0050,0.011428478839893624,0.010413698630136985,0.0010147802097566386
2013-01-06,17,c0009_0061,0.011216380713948858,0.010413698630136985,0.0008026820838118738
2013-01-06,18,c0002_0039,0.011187597698928058,0.010413698630136985,0.0007738990687910725
2013-01-06,19,c0010_0060,0.011165523321768728,0.010413698630136985,0.0007518246916317434
2013-01-06,20,c0029_0054,0.011116102491368515,0.010413698630136985,0.0007024038612315291
2013-01-07,1,c0012_0029,0.019512991189457377,0.018221917808219176,0.0012910733812382014
2013-01-07,2,c0009_0057,0.019072622151499265,0.018221917808219176,0.00085070434328009
2013-01-07,3,c0007_0039,0.016930307512725253,0.01561917808219178,0.0013111294305334737
2013-01-07,4,c0023_0016,0.01666783984601286,0.01561917808219178,0.0010486617638210815
2013-01-07,5,c0012_0045,0.016488156180933362,0.01561917808219178,0.0008689780987415826
2013-01-07,6,c0009_0027,0.016180465236435616,0.01561917808219178,0.0005612871542438369
2013-01-07,7,c0029_0046,0.0157941837526271,0.01561917808219178,0.00017500567043531864
2013-01-07,8,c0009_0056,0.014206583765078393,0.013016438356164384,0.0011901454089140084
2013-01-07,9,c0009_0058,0.014015424630077152,0.013016438356164384,0.0009989862739127674
2013-01-07,10,c0013_0025,0.013606175870637756,0.013016438356164384,0.000589737514473371
2013-01-07,11,c0027_0051,0.013573852494886449,0.013016438356164384,0.000557414138722064
2013-01-07,12,c0021_0048,0.01354700350243846,0.013016438356164384,0.0005305651462740756
2013-01-07,13,c0026_0033,0.013474540619396154,0.013016438356164384,0.00045810226323177026
2013-01-07,14,c0020_0018,0.013446306069101023,0.013016438356164384,0.0004298677129366386
2013-01-07,15,c0016_0049,0.013386793857228732,0.013016438356164384,0.0003703555010643477
2013-01-07,16,c0010_0058,0.011644169206399234,0.010413698630136985,0.0012304705762622493
2013-01-07,17,c0017_0050,0.01141726591362358,0.010413698630136985,0.0010035672834865959
2013-01-07,18,c0009_0061,0.011207511389401995,0.010413698630136985,0.0007938127592650093
2013-01-07,19,c0002_0039,0.01117904641549212,0.010413698630136985,0.0007653477853551351
2013-01-07,20,c0010_0060,0.01115721595160698,0.010413698630136985,0.0007435173214699958
2013-01-08,1,c0012_0029,0.019498725331201717,0.018221917808219176,0.00127680752298254
2013-01-08,2,c0009_0057,0.01906322219968005,0.018221917808219176,0.0008413043914608755
2013-01-08,3,c0012_0045,0.01703077912770718,0.01561917808219178,0.0014116010455154013
2013-01-08,4,c0007_0039,0.01691582004293258,0.01561917808219178,0.0012966419607407975
2013-01-08,5,c0023_0016,0.01665625254176029,0.01561917808219178,0.0010370744595685098
2013-01-08,6,c0009_0027,0.0161742632318869,0.01561917808219178,0.0005550851496951205
2013-01-08,7,c0029_0046,0.015792250008097433,0.01561917808219178,0.00017307192590565226
2013-01-08,8,c0009_0056,0.014193433121626268,0.013016438356164384,0.0011769947654618833
2013-01-08,9,c0009_0058,0.0140043862206497,0.013016438356164384,0.000987947864485316
2013-01-08,10,c0013_0025,0.013599659500684055,0.013016438356164384,0.0005832211445196704
2013-01-08,11,c0027_0051,0.013567693285651506,0.013016438356164384,0.0005512549294871215
2013-01-08,12,c0021_0048,0.013541140964117918,0.013016438356164384,0.0005247026079535338
2013-01-08,13,c0026_0033,0.01346947876772387,0.013016438356164384,0.00045304041155948613
2013-01-08,14,c0020_0018,0.013441556198217961,0.013016438356164384,0.0004251178420535768
2013-01-08,15,c0016_0049,0.013382701573119117,0.013016438356164384,0.0003662632169547323
2013-01-08,16,c0010_0058,0.011630572985546254,0.010413698630136985,0.0012168743554092686
2013-01-08,17,c0017_0050,0.011406176885823698,0.010413698630136985,0.000992478255686713
2013-01-08,18,c0009_0061,0.011198740067438599,0.010413698630136985,0.0007850414373016138
2013-01-08,19,c0002_0039,0.011170589620409187,0.010413698630136985,0.000756890990272202
2013-01-08,20,c0010_0060,0.011149000374651512,0.010413698630136985,0.0007353017445145267
2013-01-09,1,c0012_0045,0.01961792121170934,0.018221917808219176,0.001396003403490164
2013-01-09,2,c0012_0029,0.019484617105126167,0.018221917808219176,0.0012626992969069922
2013-01-09,3,c0009_0057,0.019053926113669097,0.018221917808219176,0.0008320083054499197
2013-01-09,4,c0007_0039,0.016901492654041228,0.01561917808219178,0.0012823145718494464
2013-01-09,5,c0023_0016,0.016644793272708843,0.01561917808219178,0.0010256151905170619
2013-01-09,6,c0029_0046,0.015790337630692024,0.01561917808219178,0.00017115954850024367
2013-01-09,7,c0010_0058,0.014219866723668172,0.013016438356164384,0.0012034283675037868
2013-01-09,8,c0009_0056,0.014180427787664823,0.013016438356164384,0.0011639894315004387
2013-01-09,9,c0009_0058,0.013993469781349237,0.013016438356164384,0.0009770314251848528
2013-01-09,10,c0013_0025,0.013593215134081559,0.013016438356164384,0.000576776777917175
2013-01-09,11,c0027_0051,0.013561602133280866,0.013016438356164384,0.0005451637771164825
2013-01-09,12,c0009_0027,0.013556049850243806,0.013016438356164384,0.0005396114940794213
2013-01-09,13,c0021_0048,0.013535343204563568,0.013016438356164384,0.0005189048483991836
2013-01-09,14,c0026_0033,0.013464472847542017,0.013016438356164384,0.00044803449137763263
2013-01-09,15,c0020_0018,0.01343685881155906,0.013016438356164384,0.00042042045539467706
2013-01-09,16,c0017_0050,0.011395210387464112,0.010413698630136985,0.000981511757327128
2013-01-09,17,c0009_0061,0.011190065665168277,0.010413698630136985,0.0007763670350312913
2013-01-09,18,c0002_0039,0.011162226269619742,0.010413698630136985,0.0007485276394827566
2013-01-09,19,c0010_0060,0.011140875576623126,0.010413698630136985,0.0007271769464861415
2013-01-09,20,c0029_0054,0.01109307495376085,0.010413698630136985,0.0006793763236238637
