forecast_date,rank,cell_id,risk,background,trigger
2012-05-16,1,c0014_0004,0.02339537980873257,0.020824657534246574,0.002570722274485998
2012-05-16,2,c0004_0033,0.022400580344179345,0.020824657534246574,0.0015759228099327715
2012-05-16,3,c0001_0017,0.022112998120281363,0.020824657534246574,0.0012883405860347906
2012-05-16,4,c0019_0020,0.021736177328080118,0.020824657534246574,0.0009115197938335435
2012-05-16,5,c0005_0032,0.02173114618008382,0.020824657534246574,0.000906488645837244
2012-05-16,6,c0009_0005,0.021325868631903635,0.020824657534246574,0.0005012110976570614
2012-05-16,7,c0020_0021,0.02126979223638238,0.020824657534246574,0.0004451347021358066
2012-05-16,8,c0001_0010,0.02007791306814915,0.018221917808219176,0.0018559952599299743
2012-05-16,9,c0007_0011,0.01993970651964779,0.018221917808219176,0.001717788711428617
2012-05-16,10,c0001_0033,0.019519434354493416,0.018221917808219176,0.0012975165462742384
2012-05-16,11,c0004_0013,0.01939017348988485,0.018221917808219176,0.0011682556816656746
2012-05-16,12,c0004_0011,0.01918853342459302,0.018221917808219176,0.0009666156163738451
2012-05-16,13,c0026_0013,0.01903592935978728,0.018221917808219176,0.000814011551568103
2012-05-16,14,c0025_0011,0.01888753952190213,0.018221917808219176,0.0006656217136829538
2012-05-16,15,c0004_0021,0.018824164202760608,0.018221917808219176,0.0006022463945414323
2012-05-16,16,c0009_0006,0.01879266285201607,0.018221917808219176,0.0005707450437968936
2012-05-16,17,c0018_0018,0.018712131977010063,0.018221917808219176,0.0004902141687908864
2012-05-16,18,c0010_0026,0.01862350705764404,0.018221917808219176,0.00040158924942486276
2012-05-16,19,c0020_0022,0.018594100718713938,0.018221917808219176,0.0003721829104947617
2012-05-16,20,c0009_0007,0.016858538476578443,0.01561917808219178,0.0012393603943866617
2012-05-17,1,c0014_0004,0.02336697432836606,0.020824657534246574,0.002542316794119485
2012-05-17,2,c0004_0033,0.02238316701062676,0.020824657534246574,0.0015585094763801864
2012-05-17,3,c0001_0017,0.02209876245834884,0.020824657534246574,0.0012741049241022661
2012-05-17,4,c0019_0020,0.021726105389207374,0.020824657534246574,0.0009014478549607984
2012-05-17,5,c0005_0032,0.02172112983343784,0.020824657534246574,0.000896472299191263
2012-05-17,6,c0009_0005,0.02132033044439296,0.020824657534246574,0.000495672910146385
2012-05-17,7,c0020_0021,0.021264873671212013,0.020824657534246574,0.00044021613696544013
2012-05-17,8,c0001_0010,0.0200574050430546,0.018221917808219176,0.0018354872348354226
2012-05-17,9,c0007_0011,0.019920725623111212,0.018221917808219176,0.0016988078148920357
2012-05-17,10,c0001_0033,0.01950509730177239,0.018221917808219176,0.0012831794935532134
2012-05-17,11,c0004_0013,0.019377264719397283,0.018221917808219176,0.0011553469111781054
2012-05-17,12,c0004_0011,0.019177852698329674,0.018221917808219176,0.0009559348901104987
2012-05-17,13,c0026_0013,0.0190269348490322,0.018221917808219176,0.0008050170408130253
2012-05-17,14,c0025_0011,0.01888018466108842,0.018221917808219176,0.0006582668528692449
2012-05-17,15,c0004_0021,0.018817509614551788,0.018221917808219176,0.0005955918063326106
2012-05-17,16,c0009_0006,0.01878635634146969,0.018221917808219176,0.0005644385332505147
2012-05-17,17,c0018_0018,0.01870671530128232,0.018221917808219176,0.0004847974930631436
2012-05-17,18,c0010_0026,0.01861906965277415,0.018221917808219176,0.00039715184455497207
2012-05-17,19,c0020_0022,0.018589988242441517,0.018221917808219176,0.00036807043422233964
2012-05-17,20,c0009_0007,0.01684484402669594,0.01561917808219178,0.0012256659445041582
2012-05-18,1,c0014_0004,0.023338882717499516,0.020824657534246574,0.0025142251832529416
2012-05-18,2,c0004_0033,0.022365946087631025,0.020824657534246574,0.0015412885533844522
2012-05-18,3,c0001_0017,0.022084684094938814,0.020824657534246574,0.0012600265606922396
2012-05-18,4,c0019_0020,0.021716144741338227,0.020824657534246574,0.000891487207091653
2012-05-18,5,c0005_0032,0.02171122416352299,0.020824657534246574,0.0008865666292764172
2012-05-18,6,c0009_0005,0.02131485345169829,0.020824657534246574,0.0004901959174517189
2012-05-18,7,c0020_0021,0.021260009454272012,0.020824657534246574,0.0004353519200254387
2012-05-18,8,c0001_0010,0.02003712362365369,0.018221917808219176,0.0018152058154345164
2012-05-18,9,c0007_0011,0.019901954458092213,0.018221917808219176,0.0016800366498730369
2012-05-18,10,c0001_0033,0.019490918667902604,0.018221917808219176,0.0012690008596834286
2012-05-18,11,c0004_0013,0.019364498585798296,0.018221917808219176,0.0011425807775791183
2012-05-18,12,c0004_0011,0.019167289989933597,0.018221917808219176,0.0009453721817144206
2012-05-18,13,c0026_0013,0.01901803972411946,0.018221917808219176,0.0007961219159002828
2012-05-18,14,c0025_0011,0.018872911068623502,0.018221917808219176,0.0006509932604043249
2012-05-18,15,c0004_0021,0.018810928556952083,0.018221917808219176,0.0005890107487329057
2012-05-18,16,c0009_0006,0.018780119515409765,0.018221917808219176,0.000558201707190587
2012-05-18,17,c0018_0018,0.01870135847771269,0.018221917808219176,0.0004794406694935136
2012-05-18,18,c0010_0026,0.018614681279500615,0.018221917808219176,0.000392763471281439
2012-05-18,19,c0020_0022,0.018585921207430942,0.018221917808219176,0.00036400339921176575
2012-05-18,20,c0009_0007,0.01683130089515347,0.01561917808219178,0.0012121228129616903
2012-05-19,1,c0014_0004,0.023311101507997155,0.020824657534246574,0.0024864439737505807
2012-05-19,2,c0004_0033,0.022348915449130393,0.020824657534246574,0.0015242579148838206
2012-05-19,3,c0001_0017,0.022070761291963847,0.020824657534246574,0.0012461037577172725
2012-05-19,4,c0019_0020,0.021706294154750415,0.020824657534246574,0.0008816366205038419
2012-05-19,5,c0005_0032,0.021701427947404487,0.020824657534246574,0.0008767704131579132
2012-05-19,6,c0009_0005,0.021309436977640744,0.020824657534246574,0.00048477944339416884
2012-05-19,7,c0020_0021,0.021255198985035587,0.020824657534246574,0.00043054145078901413
2012-05-19,8,c0001_0010,0.020017066306041734,0.018221917808219176,0.0017951484978225571
2012-05-19,9,c0007_0011,0.019883390707139174,0.018221917808219176,0.001661472898919997
2012-05-19,10,c0001_0033,0.019476896702417423,0.018221917808219176,0.0012549788941982486
2012-05-19,11,c0004_0013,0.019351873513005796,0.018221917808219176,0.0011299557047866216
2012-05-19,12,c0004_0011,0.019156843995353296,0.018221917808219176,0.000934926187134121
2012-05-19,13,c0026_0013,0.019009242886874184,0.018221917808219176,0.0007873250786550079
2012-05-19,14,c0025_0011,0.018865717846523754,0.018221917808219176,0.0006438000383045769
2012-05-19,15,c0004_0021,0.01880442021747689,0.018221917808219176,0.0005825024092577119
2012-05-19,16,c0009_0006,0.01877395160384984,0.018221917808219176,0.0005520337956306632
2012-05-19,17,c0018_0018,0.018696060844958125,0.018221917808219176,0.000474143036738949
2012-05-19,18,c0010_0026,0.018610341396043388,0.018221917808219176,0.0003884235878242114
2012-05-19,19,c0020_0022,0.018581899111573964,0.018221917808219176,0.00035998130335478676
2012-05-19,20,c0009_0007,0.01681790740994229,0.01561917808219178,0.0011987293277505077
2012-05-20,1,c0014_0004,0.023283627270044738,0.020824657534246574,0.0024589697357981634
2012-05-20,2,c0004_0033,0.02233207299255527,0.020824657534246574,0.0015074154583086961
2012-05-20,3,c0001_0017,0.02205699233054169,0.020824657534246574,0.001232334796295116
2012-05-20,4,c0019_0020,0.021696552413309627,0.020824657534246574,0.0008718948790630526
2012-05-20,5,c0005_0032,0.021691739975660485,0.020824657534246574,0.0008670824414139114
2012-05-20,6,c0009_0005,0.021304080353512927,0.020824657534246574,0.00047942281926635427
2012-05-20,7,c0020_0021,0.021250441669611538,0.020824657534246574,0.0004257841353649656
2012-05-20,8,c0001_0010,0.019997230613981194,0.018221917808219176,0.0017753128057620177
2012-05-20,9,c0007_0011,0.01986503207840741,0.018221917808219176,0.0016431142701882329
2012-05-20,10,c0001_0033,0.01946302967419219,0.018221917808219176,0.001241111865973014
2012-05-20,11,c0004_0013,0.019339387942352793,0.018221917808219176,0.0011174701341336178
2012-05-20,12,c0004_0011,0.019146513424946547,0.018221917808219176,0.0009245956167273715
2012-05-20,13,c0026_0013,0.019000543251255914,0.018221917808219176,0.0007786254430367383
2012-05-20,14,c0025_0011,0.01885860410672793,0.018221917808219176,0.0006366862985087533
2012-05-20,15,c0004_0021,0.01879798379261924,0.018221917808219176,0.0005760659844000619
2012-05-20,16,c0009_0006,0.01876785184531152,0.018221917808219176,0.0005459340370923459
2012-05-20,17,c0018_0018,0.018690821748983164,0.018221917808219176,0.00046890394076398614
2012-05-20,18,c0010_0026,0.018606049466608873,0.018221917808219176,0.00038413165838969586
2012-05-20,19,c0020_0022,0.018577921458310425,0.018221917808219176,0.0003560036500912499
2012-05-20,20,c0009_0007,0.016804661917528687,0.01561917808219178,0.0011854838353369064
2012-05-21,1,c0014_0004,0.02325645661172614,0.020824657534246574,0.0024317990774795667
2012-05-21,2,c0004_0033,0.022315416638568637,0.020824657534246574,0.0014907591043220615
2012-05-21,3,c0001_0017,0.022043375510783076,0.020824657534246574,0.0012187179765365016
2012-05-21,4,c0019_0020,0.021686918314319358,0.020824657534246574,0.000862260780072783
2012-05-21,5,c0005_0032,0.021682159052232787,0.020824657534246574,0.0008575015179862123
2012-05-21,6,c0009_0005,0.021298782917996424,0.020824657534246574,0.0004741253837498508
2012-05-21,7,c0020_0021,0.021245736920670933,0.020824657534246574,0.00042107938642435886
2012-05-21,8,c0001_0010,0.019977614098596008,0.018221917808219176,0.0017556962903768328
2012-05-21,9,c0007_0011,0.019846876305376227,0.018221917808219176,0.0016249584971570518
2012-05-21,10,c0001_0033,0.019449315871230496,0.018221917808219176,0.0012273980630113184
2012-05-21,11,c0004_0013,0.01932704033239495,0.018221917808219176,0.0011051225241757731
2012-05-21,12,c0009_0006,0.019313218288770695,0.018221917808219176,0.0010913004805515201
2012-05-21,13,c0004_0011,0.019136297003321163,0.018221917808219176,0.0009143791951019882
2012-05-21,14,c0026_0013,0.018991939743224513,0.018221917808219176,0.0007700219350053352
2012-05-21,15,c0025_0011,0.018851568970987515,0.018221917808219176,0.0006296511627683379
2012-05-21,16,c0004_0021,0.018791618487750603,0.018221917808219176,0.0005697006795314276
2012-05-21,17,c0018_0018,0.018685640542979175,0.018221917808219176,0.00046372273475999836
2012-05-21,18,c0010_0026,0.018601804961323787,0.018221917808219176,0.00037988715310460975
2012-05-21,19,c0020_0022,0.018573987756566976,0.018221917808219176,0.0003520699483477989
2012-05-21,20,c0009_0007,0.016791562782649865,0.01561917808219178,0.0011723847004580857
2012-05-22,1,c0014_0004,0.023229586178604593,0.020824657534246574,0.002404928644358019
2012-05-22,2,c0004_0033,0.022298944330809336,0.020824657534246574,0.001474286796562762
2012-05-22,3,c0001_0017,0.022029909151581848,0.020824657534246574,0.0012052516173352745
2012-05-22,4,c0019_0020,0.021677390668372435,0.020824657534246574,0.00085273313412586
2012-05-22,5,c0005_0032,0.021672683994279168,0.020824657534246574,0.000848026460032594
2012-05-22,6,c0009_0005,0.02129354401708012,0.020824657534246574,0.00046888648283354524
2012-05-22,7,c0020_0021,0.02124108415737459,0.020824657534246574,0.00041642662312801556
2012-05-22,8,c0001_0010,0.01995821433806924,0.018221917808219176,0.0017362965298500642
2012-05-22,9,c0007_0011,0.01982892114656911,0.018221917808219176,0.0016070033383499334
2012-05-22,10,c0001_0033,0.019435753600452826,0.018221917808219176,0.0012138357922336495
2012-05-22,11,c0004_0013,0.01931482915872029,0.018221917808219176,0.001092911350501113
2012-05-22,12,c0009_0006,0.019301159843297246,0.018221917808219176,0.0010792420350780704
2012-05-22,13,c0004_0011,0.01912619346917755,0.018221917808219176,0.0009042756609583747
2012-05-22,14,c0026_0013,0.01898343130060756,0.018221917808219176,0.0007615134923883855
2012-05-22,15,c0025_0011,0.018844611570758295,0.018221917808219176,0.0006226937625391188
2012-05-22,16,c0004_0021,0.018785323517022792,0.018221917808219176,0.0005634057088036175
2012-05-22,17,c0018_0018,0.018680516587284517,0.018221917808219176,0.00045859877906534273
2012-05-22,18,c0010_0026,0.01859760735616974,0.018221917808219176,0.0003756895479505637
2012-05-22,19,c0020_0022,0.018570097520696424,0.018221917808219176,0.0003481797124772468
2012-05-22,20,c0009_0007,0.016778608388112043,0.01561917808219178,0.0011594303059202624
2012-05-23,1,c0014_0004,0.02320301265330854,0.020824657534246574,0.002378355119061968
2012-05-23,2,c0004_0033,0.022282654035638207,0.020824657534246574,0.0014579965013916338
2012-05-23,3,c0009_0006,0.021891974364979395,0.020824657534246574,0.0010673168307328226
2012-05-23,4,c0019_0020,0.02166796829920417,0.020824657534246574,0.0008433107649575957
2012-05-23,5,c0005_0032,0.021663313632027354,0.020824657534246574,0.0008386560977807809
2012-05-23,6,c0009_0005,0.021288363003979467,0.020824657534246574,0.0004637054697328927
2012-05-23,7,c0001_0010,0.019939028937344082,0.018221917808219176,0.0017171111291249073
2012-05-23,8,c0007_0011,0.019811164385276976,0.018221917808219176,0.001589246577057799
2012-05-23,9,c0001_0033,0.019422341187487542,0.018221917808219176,0.0012004233792683647
2012-05-23,10,c0001_0017,0.01940494249566453,0.018221917808219176,0.0011830246874453563
2012-05-23,11,c0004_0013,0.019302752913760997,0.018221917808219176,0.0010808351055418219
2012-05-23,12,c0004_0011,0.01911620157515298,0.018221917808219176,0.0008942837669338035
2012-05-23,13,c0026_0013,0.018975016872969243,0.018221917808219176,0.0007530990647500681
2012-05-23,14,c0004_0021,0.01877909810327093,0.018221917808219176,0.0005571802950517558
2012-05-23,15,c0018_0018,0.018675449249305566,0.018221917808219176,0.0004535314410863882
2012-05-23,16,c0020_0021,0.018624616623151433,0.018221917808219176,0.0004026988149322585
2012-05-23,17,c0010_0026,0.018593456132918545,0.018221917808219176,0.0003715383246993677
2012-05-23,18,c0020_0022,0.018566250270417795,0.018221917808219176,0.0003443324621986193
2012-05-23,19,c0012_0007,0.017053562385539362,0.01561917808219178,0.001434384303347583
2012-05-23,20,c0009_0007,0.016765797134590796,0.01561917808219178,0.001146619052399015
2012-05-24,1,c0014_0004,0.0231767327551221,0.020824657534246574,0.002352075220875526
2012-05-24,2,c0004_0033,0.022266543741887006,0.020824657534246574,0.001441886207640433
2012-05-24,3,c0009_0006,0.021880180929499754,0.020824657534246574,0.0010555233952531805
2012-05-24,4,c0019_0020,0.021658650043547143,0.020824657534246574,0.0008339925093005697
2012-05-24,5,c0005_0032,0.0216540468086306,0.020824657534246574,0.0008293892743840251
2012-05-24,6,c0009_0005,0.021283239239056638,0.020824657534246574,0.00045858170481006524
2012-05-24,7,c0001_0010,0.01992005552782818,0.018221917808219176,0.0016981377196090034
2012-05-24,8,c0007_0011,0.01979360382928452,0.018221917808219176,0.0015716860210653436
2012-05-24,9,c0001_0033,0.01940907697646415,0.018221917808219176,0.0011871591682449754
2012-05-24,10,c0001_0017,0.019391870533412583,0.018221917808219176,0.0011699527251934061
2012-05-24,11,c0004_0013,0.019290810106607298,0.018221917808219176,0.0010688922983881225
2012-05-24,12,c0004_0011,0.019106320087667595,0.018221917808219176,0.0008844022794484203
2012-05-24,13,c0026_0013,0.018966695421480644,0.018221917808219176,0.0007447776132614689
2012-05-24,14,c0004_0021,0.018772941477917512,0.018221917808219176,0.0005510236696983365
2012-05-24,15,c0018_0018,0.018670437903438593,0.018221917808219176,0.0004485200952194172
2012-05-24,16,c0020_0021,0.018620166958014633,0.018221917808219176,0.00039824914979545814
2012-05-24,17,c0010_0026,0.018589350779068228,0.018221917808219176,0.0003674329708490514
2012-05-24,18,c0020_0022,0.018562445530757036,0.018221917808219176,0.00034052772253785943
2012-05-24,19,c0012_0007,0.017037712997384463,0.01561917808219178,0.001418534915192684
2012-05-24,20,c0009_0007,0.016753127440433616,0.01561917808219178,0.0011339493582418346
2012-05-25,1,c0014_0004,0.023150743239580013,0.020824657534246574,0.00232608570533344
2012-05-25,2,c0004_0033,0.022250611460610116,0.020824657534246574,0.0014259539263635436
2012-05-25,3,c0009_0006,0.02186851780689105,0.020824657534246574,0.0010438602726444755
2012-05-25,4,c0019_0020,0.021649434750987587,0.020824657534246574,0.0008247772167410134
2012-05-25,5,c0005_0032,0.02164488238002486,0.020824657534246574,0.0008202248457782856
2012-05-25,6,c0009_0005,0.02127817208974156,0.020824657534246574,0.00045351455549498467
2012-05-25,7,c0001_0010,0.019901291767101193,0.018221917808219176,0.0016793739588820175
2012-05-25,8,c0007_0011,0.019776237310599562,0.018221917808219176,0.0015543195023803875
2012-05-25,9,c0001_0033,0.019395959329808893,0.018221917808219176,0.0011740415215897176
2012-05-25,10,c0001_0017,0.01937894301125468,0.018221917808219176,0.0011570252030355045
2012-05-25,11,c0004_0013,0.019278999262823386,0.018221917808219176,0.001057081454604209
2012-05-25,12,c0004_0011,0.019096547786772125,0.018221917808219176,0.0008746299785529474
2012-05-25,13,c0026_0013,0.018958465918791505,0.018221917808219176,0.0007365481105723279
2012-05-25,14,c0004_0021,0.01876685288087751,0.018221917808219176,0.0005449350726583356
2012-05-25,15,c0018_0018,0.018665481930992565,0.018221917808219176,0.00044356412277338973
2012-05-25,16,c0020_0021,0.01861576645994537,0.018221917808219176,0.00039384865172619203
2012-05-25,17,c0010_0026,0.01858529078777977,0.018221917808219176,0.0003633729795605918
2012-05-25,18,c0020_0022,0.018558682831988364,0.018221917808219176,0.0003367650237691888
2012-05-25,19,c0012_0007,0.017022038738798605,0.01561917808219178,0.001402860656606826
2012-05-25,20,c0009_0007,0.016740597741464636,0.01561917808219178,0.001121419659272856
2012-05-26,1,c0014_0004,0.023125040898067106,0.020824657534246574,0.0023003833638205336
2012-05-26,2,c0004_0033,0.022234855224839,0.020824657534246574,0.0014101976905924237
2012-05-26,3,c0009_0006,0.021856983557246787,0.020824657534246574,0.0010323260230002138
2012-05-26,4,c0019_0020,0.021640321283823358,0.020824657534246574,0.0008156637495767828
2012-05-26,5,c0005_0032,0.021635819214787556,0.020824657534246574,0.0008111616805409829
2012-05-26,6,c0009_0005,0.0212731609304538,0.020824657534246574,0.0004485033962072252
2012-05-26,7,c0001_0010,0.019882735338625623,0.018221917808219176,0.0016608175304064466
2012-05-26,8,c0007_0011,0.019759062685185395,0.018221917808219176,0.00153714487696622
2012-05-26,9,c0001_0033,0.019382986628042557,0.018221917808219176,0.00116106881982338
2012-05-26,10,c0001_0017,0.019366158333184016,0.018221917808219176,0.001144240524964842
2012-05-26,11,c0004_0013,0.019267318924265395,0.018221917808219176,0.0010454011160462183
2012-05-26,12,c0004_0011,0.01908688346599725,0.018221917808219176,0.0008649656577780724
2012-05-26,13,c0026_0013,0.01895032734890338,0.018221917808219176,0.0007284095406842066
2012-05-26,14,c0004_0021,0.01876083156046455,0.018221917808219176,0.0005389137522453728
2012-05-26,15,c0018_0018,0.018660580720112736,0.018221917808219176,0.0004386629118935609
2012-05-26,16,c0020_0021,0.01861141458566668,0.018221917808219176,0.00038949677744750397
2012-05-26,17,c0010_0026,0.018581275657814516,0.018221917808219176,0.00035935784959533975
2012-05-26,18,c0020_0022,0.018554961709576292,0.018221917808219176,0.00033304390135711627
2012-05-26,19,c0012_0007,0.01700653767466823,0.01561917808219178,0.0013873595924764482
2012-05-26,20,c0009_0007,0.016728206490791528,0.01561917808219178,0.0011090284085997488
2012-05-27,1,c0014_0004,0.023099622557422154,0.020824657534246574,0.002274965023175579
2012-05-27,2,c0004_0033,0.022219273089339343,0.020824657534246574,0.0013946155550927674
2012-05-27,3,c0009_0006,0.02184557675657088,0.020824657534246574,0.0010209192223243082
2012-05-27,4,c0019_0020,0.021631308516923475,0.020824657534246574,0.0008066509826768998
2012-05-27,5,c0005_0032,0.02162685619399789,0.020824657534246574,0.0008021986597513173
2012-05-27,6,c0009_0005,0.021268205142525354,0.020824657534246574,0.00044354760827878165
2012-05-27,7,c0001_0010,0.019864383951460802,0.018221917808219176,0.0016424661432416264
2012-05-27,8,c0007_0011,0.01974207783269608,0.018221917808219176,0.0015201600244769016
2012-05-27,9,c0001_0033,0.019370157269580544,0.018221917808219176,0.0011482394613613665
2012-05-27,10,c0001_0017,0.01935351492082904,0.018221917808219176,0.0011315971126098627
2012-05-27,11,c0004_0013,0.019255767648901384,0.018221917808219176,0.0010338498406822084
2012-05-27,12,c0004_0011,0.019077325932204674,0.018221917808219176,0.0008554081239854983
2012-05-27,13,c0026_0013,0.01894227870704423,0.018221917808219176,0.0007203608988250533
2012-05-27,14,c0004_0021,0.018754876773298085,0.018221917808219176,0.0005329589650789098
2012-05-27,15,c0018_0018,0.01865573366570512,0.018221917808219176,0.0004338158574859426
2012-05-27,16,c0020_0021,0.018607110797904614,0.018221917808219176,0.00038519298968543736
2012-05-27,17,c0010_0026,0.018577304893472313,0.018221917808219176,0.0003553870852531381
2012-05-27,18,c0020_0022,0.018551281704118263,0.018221917808219176,0.00032936389589908685
2012-05-27,19,c0012_0007,0.01699120789126202,0.01561917808219178,0.0013720298090702408
2012-05-27,20,c0009_0007,0.01671595215861452,0.01561917808219178,0.0010967740764227408
2012-05-28,1,c0014_0004,0.02307448507954612,0.020824657534246574,0.0022498275452995462
2012-05-28,2,c0004_0033,0.022203863130370927,0.020824657534246574,0.001379205596124352
2012-05-28,3,c0009_0006,0.021834295996601846,0.020824657534246574,0.0010096384623552732
2012-05-28,4,c0019_0020,0.02162239533758922,0.020824657534246574,0.0007977378033426452
2012-05-28,5,c0005_0032,0.021617992211098704,0.020824657534246574,0.0007933346768521279
2012-05-28,6,c0009_0005,0.021263304114124262,0.020824657534246574,0.0004386465798776893
2012-05-28,7,c0001_0010,0.01984623533998007,0.018221917808219176,0.0016243175317608937
2012-05-28,8,c0007_0011,0.019725280656214667,0.018221917808219176,0.00150336284799549
2012-05-28,9,c0001_0033,0.019357469670535143,0.018221917808219176,0.0011355518623159672
2012-05-28,10,c0001_0017,0.01934101121325858,0.018221917808219176,0.0011190934050394022
2012-05-28,11,c0004_0013,0.019244344010633307,0.018221917808219176,0.0010224262024141296
2012-05-28,12,c0004_0011,0.019067874005439817,0.018221917808219176,0.0008459561972206423
2012-05-28,13,c0026_0013,0.01893431899954433,0.018221917808219176,0.0007124011913251563
2012-05-28,14,c0004_0021,0.01874898778421165,0.018221917808219176,0.0005270699759924739
2012-05-28,15,c0018_0018,0.018650940169361776,0.018221917808219176,0.00042902236114259964
2012-05-28,16,c0020_0021,0.018602854565321878,0.018221917808219176,0.0003809367571027031
2012-05-28,17,c0010_0026,0.018573378004530298,0.018221917808219176,0.00035146019631112317
2012-05-28,18,c0020_0022,0.01854764236128794,0.018221917808219176,0.00032572455306876483
2012-05-28,19,c0012_0007,0.01697604749599466,0.01561917808219178,0.0013568694138028808
2012-05-28,20,c0009_0007,0.016703833232037533,0.01561917808219178,0.0010846551498457518
2012-05-29,1,c0014_0004,0.02304962536101475,0.020824657534246574,0.002224967826768176
2012-05-29,2,c0004_0033,0.02218862344545011,0.020824657534246574,0.0013639659112035338
2012-05-29,3,c0009_0006,0.021823139884638937,0.020824657534246574,0.0009984823503923644
2012-05-29,4,c0019_0020,0.021613580645416762,0.020824657534246574,0.0007889231111701875
2012-05-29,5,c0005_0032,0.021609226171759855,0.020824657534246574,0.00078456863751328
2012-05-29,6,c0009_0005,0.021258457240179062,0.020824657534246574,0.00043379970593248837
2012-05-29,7,c0001_0010,0.019828287263591055,0.018221917808219176,0.0016063694553718787
2012-05-29,8,c0007_0011,0.019708669081994337,0.018221917808219176,0.00148675127377516
2012-05-29,9,c0001_0033,0.01934492226451999,0.018221917808219176,0.001123004456300814
2012-05-29,10,c0001_0017,0.019328645666789154,0.018221917808219176,0.0011067278585699773
2012-05-29,11,c0004_0013,0.019233046599120937,0.018221917808219176,0.0010111287909017601
2012-05-29,12,c0004_0011,0.01905852651878614,0.018221917808219176,0.0008366087105669604
2012-05-29,13,c0026_0013,0.018926447243713642,0.018221917808219176,0.0007045294354944674
2012-05-29,14,c0004_0021,0.018743163866162073,0.018221917808219176,0.0005212460579428954
2012-05-29,15,c0018_0018,0.01864619963928695,0.018221917808219176,0.0004242818310677717
2012-05-29,16,c0020_0021,0.01859864536245226,0.018221917808219176,0.00037672755423308243
2012-05-29,17,c0010_0026,0.01856949450618238,0.018221917808219176,0.0003475766979632036
2012-05-29,18,c0020_0022,0.01854404323177912,0.018221917808219176,0.0003221254235599439
2012-05-29,19,c0012_0007,0.016961054617193154,0.01561917808219178,0.0013418765350013747
2012-05-29,20,c0009_0007,0.016691848214881393,0.01561917808219178,0.0010726701326896138
2012-05-30,1,c0014_0004,0.023025040332695413,0.020824657534246574,0.00220038279844884
2012-05-30,2,c0009_0006,0.021812107043370214,0.020824657534246574,0.0009874495091236394
2012-05-30,3,c0019_0020,0.021604863352161302,0.020824657534246574,0.0007802058179147294
2012-05-30,4,c0005_0032,0.021600556993743133,0.020824657534246574,0.0007758994594965602
2012-05-30,5,c0009_0005,0.021253663922304097,0.020824657534246574,0.0004290063880575234
2012-05-30,6,c0001_0010,0.019810537506459062,0.018221917808219176,0.0015886196982398857
2012-05-30,7,c0007_0011,0.019692241059202358,0.018221917808219176,0.0014703232509831795
2012-05-30,8,c0004_0033,0.019561721814687832,0.018221917808219176,0.001339804006468656
2012-05-30,9,c0001_0033,0.019332513502456676,0.018221917808219176,0.0011105956942375
2012-05-30,10,c0001_0017,0.019316416754794383,0.018221917808219176,0.001094498946575208
2012-05-30,11,c0004_0013,0.019221874019607767,0.018221917808219176,0.0009999562113885887
2012-05-30,12,c0004_0011,0.019049282318221058,0.018221917808219176,0.0008273645100018819
2012-05-30,13,c0026_0013,0.018918662467720455,0.018221917808219176,0.0006967446595012807
2012-05-30,14,c0004_0021,0.018737404300139725,0.018221917808219176,0.0005154864919205486
2012-05-30,15,c0018_0018,0.018641511490223986,0.018221917808219176,0.00041959368200481103
2012-05-30,16,c0020_0021,0.01859448266963573,0.018221917808219176,0.0003725648614165542
2012-05-30,17,c0010_0026,0.018565653918979384,0.018221917808219176,0.0003437361107602064
2012-05-30,18,c0020_0022,0.018540483871250252,0.018221917808219176,0.0003185660630310761
2012-05-30,19,c0012_0007,0.01694622740386577,0.01561917808219178,0.0013270493216739892
2012-05-30,20,c0015_0021,0.016808661708397565,0.01561917808219178,0.001189483626205785
2012-05-31,1,c0014_0004,0.023000726959368206,0.020824657534246574,0.0021760694251216303
2012-05-31,2,c0009_0006,0.02180119611070249,0.020824657534246574,0.0009765385764559158
2012-05-31,3,c0019_0020,0.02159624238160273,0.020824657534246574,0.0007715848473561547
2012-05-31,4,c0005_0032,0.02159198360676864,0.020824657534246574,0.0007673260725220673
2012-05-31,5,c0009_0005,0.021248923568725642,0.020824657534246574,0.00042426603447906735
2012-05-31,6,c0001_0010,0.019792983877233505,0.018221917808219176,0.0015710660690143282
2012-05-31,7,c0007_0011,0.0196759945596669,0.018221917808219176,0.001454076751447721
2012-05-31,8,c0004_0033,0.01954691750199391,0.018221917808219176,0.0013249996937747342
2012-05-31,9,c0001_0033,0.019320241852383506,0.018221917808219176,0.0010983240441643294
2012-05-31,10,c0001_0017,0.019304322967516517,0.018221917808219176,0.00108240515929734
2012-05-31,11,c0004_0013,0.019210824892748796,0.018221917808219176,0.0009889070845296205
2012-05-31,12,c0004_0011,0.019040140262473512,0.018221917808219176,0.0008182224542543366
2012-05-31,13,c0026_0013,0.018910963710471428,0.018221917808219176,0.000689045902252253
2012-05-31,14,c0004_0021,0.018731708375079762,0.018221917808219176,0.0005097905668605848
2012-05-31,15,c0018_0018,0.018636875143383105,0.018221917808219176,0.0004149573351639281
2012-05-31,16,c0020_0021,0.018590365972954315,0.018221917808219176,0.0003684481647351376
2012-05-31,17,c0010_0026,0.018561855768769862,0.018221917808219176,0.00033993796055068484
2012-05-31,18,c0020_0022,0.01853696384026959,0.018221917808219176,0.0003150460320504149
2012-05-31,19,c0012_0007,0.01693156402547351,0.01561917808219178,0.0013123859432817274
2012-05-31,20,c0015_0021,0.01679551837738674,0.01561917808219178,0.0011763402951949576
2012-06-01,1,c0014_0004,0.02297668223935121,0.020824657534246574,0.002152024705104638
2012-06-01,2,c0009_0006,0.021790405739593184,0.020824657534246574,0.0009657482053466107
2012-06-01,3,c0019_0020,0.021587716669412733,0.020824657534246574,0.0007630591351661609
2012-06-01,4,c0005_0032,0.02158350495238265,0.020824657534246574,0.000758847418136075
2012-06-01,5,c0009_0005,0.021244235594208835,0.020824657534246574,0.00041957805996226236
2012-06-01,6,c0001_0010,0.01977562420877737,0.018221917808219176,0.001553706400558192
2012-06-01,7,c0007_0011,0.01965992757762664,0.018221917808219176,0.0014380097694074655
2012-06-01,8,c0004_0033,0.019532276771192028,0.018221917808219176,0.001310358962972851
2012-06-01,9,c0001_0033,0.019308105799266364,0.018221917808219176,0.0010861879910471887
2012-06-01,10,c0001_0017,0.01929236281188003,0.018221917808219176,0.0010704450036608543
2012-06-01,11,c0004_0013,0.019199897854440262,0.018221917808219176,0.0009779800462210858
2012-06-01,12,c0004_0011,0.01903109922288303,0.018221917808219176,0.0008091814146638546
2012-06-01,13,c0026_0013,0.018903350021492925,0.018221917808219176,0.0006814322132737474
2012-06-01,14,c0004_0021,0.01872607538777432,0.018221917808219176,0.0005041575795551447
2012-06-01,15,c0018_0018,0.018632290026369912,0.018221917808219176,0.00041037221815073537
2012-06-01,16,c0020_0021,0.01858629476416862,0.018221917808219176,0.00036437695594944555
2012-06-01,17,c0010_0026,0.01855809958664156,0.018221917808219176,0.00033618177842238185
2012-06-01,18,c0020_0022,0.018533482704260938,0.018221917808219176,0.0003115648960417635
2012-06-01,19,c0012_0007,0.016917062671704116,0.01561917808219178,0.0012978845895123359
2012-06-01,20,c0015_0021,0.01678252027506696,0.01561917808219178,0.001163342192875181
2012-06-02,1,c0014_0004,0.022952903204129946,0.020824657534246574,0.00212824566988337
2012-06-02,2,c0009_0006,0.02177973459788401,0.020824657534246574,0.0009550770636374376
2012-06-02,3,c0019_0020,0.02157928516302343,0.020824657534246574,0.0007546276287768585
2012-06-02,4,c0005_0032,0.021575119983826933,0.020824657534246574,0.0007504624495803593
2012-06-02,5,c0009_0005,0.021239599419985444,0.020824657534246574,0.00041494188573886804
2012-06-02,6,c0007_0011,0.020190413969949243,0.018221917808219176,0.001968496161730068
2012-06-02,7,c0001_0010,0.01975845635789966,0.018221917808219176,0.001536538549680483
2012-06-02,8,c0004_0033,0.019517797814765956,0.018221917808219176,0.001295880006546781
2012-06-02,9,c0001_0033,0.019296103844811677,0.018221917808219176,0.0010741860365925007
2012-06-02,10,c0001_0017,0.01928053481130731,0.018221917808219176,0.0010586170030881358
2012-06-02,11,c0004_0013,0.019189091555651207,0.018221917808219176,0.0009671737474320311
2012-06-02,12,c0004_0011,0.019022158083260403,0.018221917808219176,0.0008002402750412257
2012-06-02,13,c0026_0013,0.01889582046081367,0.018221917808219176,0.0006739026525944916
2012-06-02,14,c0004_0021,0.01872050464278572,0.018221917808219176,0.000498586834566542
2012-06-02,15,c0018_0018,0.018627755573114756,0.018221917808219176,0.0004058377648955802
2012-06-02,16,c0020_0021,0.018582268540655113,0.018221917808219176,0.00036035073243593856
2012-06-02,17,c0010_0026,0.018554384908863512,0.018221917808219176,0.00033246710064433756
2012-06-02,18,c0020_0022,0.018530040033449997,0.018221917808219176,0.0003081222252308224
2012-06-02,19,c0012_0007,0.016902721552248586,0.01561917808219178,0.0012835434700568071
2012-06-02,20,c0015_0021,0.016769665796717736,0.01561917808219178,0.0011504877145259555
2012-06-03,1,c0014_0004,0.023478298140648623,0.020824657534246574,0.0026536406064020476
2012-06-03,2,c0009_0006,0.021769181368136513,0.020824657534246574,0.0009445238338899402
2012-06-03,3,c0019_0020,0.0215709468214974,0.020824657534246574,0.0007462892872508238
2012-06-03,4,c0005_0032,0.02156682766590954,0.020824657534246574,0.0007421701316629668
2012-06-03,5,c0009_0005,0.02123501447368238,0.020824657534246574,0.00041035693943580786
2012-06-03,6,c0007_0011,0.02016866285368572,0.018221917808219176,0.0019467450454665426
2012-06-03,7,c0001_0010,0.01974147820509081,0.018221917808219176,0.0015195603968716322
2012-06-03,8,c0004_0033,0.019503478845171826,0.018221917808219176,0.00128156103695265
2012-06-03,9,c0001_0033,0.019284234507281426,0.018221917808219176,0.001062316699062249
2012-06-03,10,c0001_0017,0.019268837505536353,0.018221917808219176,0.0010469196973171774
2012-06-03,11,c0004_0013,0.019178404662256947,0.018221917808219176,0.0009564868540377689
2012-06-03,12,c0004_0011,0.019013315739749872,0.018221917808219176,0.0007913979315306958
2012-06-03,13,c0026_0013,0.018888374098848706,0.018221917808219176,0.0006664562906295294
2012-06-03,14,c0004_0021,0.01871499545236058,0.018221917808219176,0.0004930776441414062
2012-06-03,15,c0018_0018,0.018623271223802834,0.018221917808219176,0.00040135341558365935
2012-06-03,16,c0020_0021,0.018578286805344048,0.018221917808219176,0.0003563689971248716
2012-06-03,17,c0010_0026,0.018550711276828814,0.018221917808219176,0.00032879346860963934
2012-06-03,18,c0020_0022,0.018526635402811308,0.018221917808219176,0.0003047175945921314
2012-06-03,19,c0012_0007,0.01688853889658013,0.01561917808219178,0.0012693608143883512
2012-06-03,20,c0015_0021,0.016756953355350098,0.01561917808219178,0.0011377752731583186
2012-06-04,1,c0014_0004,0.023448976444994038,0.020824657534246574,0.0026243189107474645
2012-06-04,2,c0009_0006,0.02175874474746942,0.020824657534246574,0.0009340872132228443
2012-06-04,3,c0019_0020,0.02156270061539916,0.020824657534246574,0.0007380430811525859
2012-06-04,4,c0005_0032,0.021558626974876986,0.020824657534246574,0.0007339694406304126
2012-06-04,5,c0009_0005,0.02123048018925108,0.020824657534246574,0.0004058226550045047
2012-06-04,6,c0007_0011,0.020147152078789327,0.018221917808219176,0.001925234270570152
2012-06-04,7,c0001_0010,0.019724687654261004,0.018221917808219176,0.001502769846041828
2012-06-04,8,c0004_0033,0.019489318094617424,0.018221917808219176,0.0012674002863982462
2012-06-04,9,c0001_0033,0.01927249632131022,0.018221917808219176,0.0010505785130910457
2012-06-04,10,c0001_0017,0.019257269450440474,0.018221917808219176,0.0010353516422212977
2012-06-04,11,c0004_0013,0.019167835854874346,0.018221917808219176,0.0009459180466551705
2012-06-04,12,c0004_0011,0.01900457110069286,0.018221917808219176,0.0007826532924736865
2012-06-04,13,c0026_0013,0.018881010016284634,0.018221917808219176,0.0006590922080654566
2012-06-04,14,c0004_0021,0.01870954713634495,0.018221917808219176,0.00048762932812577373
2012-06-04,15,c0018_0018,0.018618836424805083,0.018221917808219176,0.00039691861658590534
2012-06-04,16,c0020_0021,0.018574349066658103,0.018221917808219176,0.0003524312584389265
2012-06-04,17,c0010_0026,0.01854707823699798,0.018221917808219176,0.00032516042877880186
2012-06-04,18,c0020_0022,0.018523268392015773,0.018221917808219176,0.000301350583796596
2012-06-04,19,c0012_0007,0.016874512953735592,0.01561917808219178,0.0012553348715438103
2012-06-04,20,c0015_0021,0.016744381381510697,0.01561917808219178,0.0011252032993189181
2012-06-05,1,c0014_0004,0.02341997874266168,0.020824657534246574,0.002595321208415107
2012-06-05,2,c0009_0006,0.02174842344739778,0.020824657534246574,0.0009237659131512069
2012-06-05,3,c0019_0020,0.02155454552666811,0.020824657534246574,0.0007298879924215356
2012-06-05,4,c0005_0032,0.021550516898287863,0.020824657534246574,0.0007258593640412889
2012-06-05,5,c0009_0005,0.021225996006897573,0.020824657534246574,0.0004013384726509981
2012-06-05,6,c0007_0011,0.020125878989581528,0.018221917808219176,0.0019039611813623522
2012-06-05,7,c0001_0010,0.01970808263248141,0.018221917808219176,0.0014861648242622334
2012-06-05,8,c0004_0033,0.01947531381484395,0.018221917808219176,0.001253396006624774
2012-06-05,9,c0001_0033,0.019260887837724398,0.018221917808219176,0.0010389700295052198
2012-06-05,10,c0001_0017,0.01924582921785003,0.018221917808219176,0.0010239114096308542
2012-06-05,11,c0004_0013,0.019157383828698953,0.018221917808219176,0.0009354660204797775
2012-06-05,12,c0004_0011,0.0189959230864932,0.018221917808219176,0.0007740052782740223
2012-06-05,13,c0026_0013,0.018873727303966102,0.018221917808219176,0.0006518094957469241
2012-06-05,14,c0004_0021,0.018704159022100295,0.018221917808219176,0.00048224121388111774
2012-06-05,15,c0018_0018,0.01861445062860981,0.018221917808219176,0.00039253282039063614
2012-06-05,16,c0020_0021,0.0185704548384517,0.018221917808219176,0.00034853703023252325
2012-06-05,17,c0010_0026,0.01854348534084295,0.018221917808219176,0.00032156753262377476
2012-06-05,18,c0020_0022,0.01851993858537877,0.018221917808219176,0.00029802077715959435
2012-06-05,19,c0012_0007,0.016860641992099266,0.01561917808219178,0.0012414639099074872
2012-06-05,20,c0015_0021,0.016731948323088032,0.01561917808219178,0.0011127702408962501
2012-06-06,1,c0014_0004,0.02599404117967886,0.023427397260273968,0.0025666439194048933
2012-06-06,2,c0007_0011,0.022707580685755388,0.020824657534246574,0.0018829231515088143
2012-06-06,3,c0009_0006,0.021738216193673915,0.020824657534246574,0.0009135586594273417
2012-06-06,4,c0005_0032,0.021542496434887846,0.020824657534246574,0.0007178389006412716
2012-06-06,5,c0009_0005,0.021221561373013408,0.020824657534246574,0.0003969038387668326
2012-06-06,6,c0001_0010,0.019691661089728245,0.018221917808219176,0.0014697432815090697
2012-06-06,7,c0004_0033,0.019461464276910194,0.018221917808219176,0.0012395464686910183
2012-06-06,8,c0001_0033,0.019249407623363083,0.018221917808219176,0.0010274898151439052
2012-06-06,9,c0001_0017,0.019234515395376097,0.018221917808219176,0.0010125975871569223
2012-06-06,10,c0004_0013,0.019147047293343888,0.018221917808219176,0.0009251294851247123
2012-06-06,11,c0004_0011,0.018987370629483823,0.018221917808219176,0.0007654528212646452
2012-06-06,12,c0019_0020,0.018934807705084534,0.018221917808219176,0.0007128898968653582
2012-06-06,13,c0026_0013,0.018866525062783572,0.018221917808219176,0.000644607254564396
2012-06-06,14,c0018_0018,0.018610113293755136,0.018221917808219176,0.0003881954855359609
2012-06-06,15,c0010_0026,0.018539932144791743,0.018221917808219176,0.00031801433657256825
2012-06-06,16,c0020_0022,0.018516645571808835,0.018221917808219176,0.0002947277635896581
2012-06-06,17,c0012_0007,0.016846924299189145,0.01561917808219178,0.0012277462169973641
2012-06-06,18,c0009_0007,0.016600614647437617,0.01561917808219178,0.000981436565245836
2012-06-06,19,c0003_0011,0.016577883893381898,0.01561917808219178,0.0009587058111901173
2012-06-06,20,c0023_0008,0.016571548780643517,0.01561917808219178,0.0009523706984517357
2012-06-07,1,c0014_0004,0.025965680763548316,0.023427397260273968,0.0025382835032743477
2012-06-07,2,c0007_0011,0.022686775117941753,0.020824657534246574,0.0018621175836951807
2012-06-07,3,c0009_0006,0.021728121726130076,0.020824657534246574,0.0009034641918835033
2012-06-07,4,c0005_0032,0.02153456459448608,0.020824657534246574,0.0007099070602395068
2012-06-07,5,c0009_0005,0.021217175740107286,0.020824657534246574,0.0003925182058607114
2012-06-07,6,c0001_0010,0.0196754209986297,0.018221917808219176,0.0014535031904105214
2012-06-07,7,c0004_0033,0.019447767770979067,0.018221917808219176,0.0012258499627598892
2012-06-07,8,c0001_0033,0.01923805426090128,0.018221917808219176,0.0010161364526821053
2012-06-07,9,c0001_0017,0.0192233265862361,0.018221917808219176,0.0010014087780169248
2012-06-07,10,c0004_0013,0.019136824972680547,0.018221917808219176,0.0009149071644613704
2012-06-07,11,c0004_0011,0.01897891267379498,0.018221917808219176,0.000756994865575802
2012-06-07,12,c0019_0020,0.018926930549247878,0.018221917808219176,0.0007050127410287001
2012-06-07,13,c0026_0013,0.018859402403562323,0.018221917808219176,0.0006374845953431459
2012-06-07,14,c0018_0018,0.018605823884762108,0.018221917808219176,0.00038390607654293176
2012-06-07,15,c0010_0026,0.018536418210173666,0.018221917808219176,0.00031450040195448977
2012-06-07,16,c0020_0022,0.018513388944756896,0.018221917808219176,0.0002914711365377195
2012-06-07,17,c0012_0007,0.016833358181445462,0.01561917808219178,0.0012141800992536839
2012-06-07,18,c0009_0007,0.01658977015545894,0.01561917808219178,0.0009705920732671597
2012-06-07,19,c0003_0011,0.01656729056738659,0.01561917808219178,0.0009481124851948123
2012-06-07,20,c0023_0008,0.01656102545517775,0.01561917808219178,0.0009418473729859687
2012-06-08,1,c0014_0004,0.025937633718975475,0.023427397260273968,0.0025102364587015072
2012-06-08,2,c0007_0011,0.02266619944355298,0.020824657534246574,0.0018415419093064068
2012-06-08,3,c0009_0006,0.021718138798522885,0.020824657534246574,0.0008934812642763095
2012-06-08,4,c0005_0032,0.02152672039783294,0.020824657534246574,0.0007020628635863641
2012-06-08,5,c0009_0005,0.021212838566737478,0.020824657534246574,0.00038818103249090247
2012-06-08,6,c0001_0010,0.01965936035421562,0.018221917808219176,0.0014374425459964433
2012-06-08,7,c0004_0033,0.01943422260610651,0.018221917808219176,0.0012123047978873324
2012-06-08,8,c0001_0033,0.01922682634867489,0.018221917808219176,0.0010049085404557133
2012-06-08,9,c0001_0017,0.019212261409081364,0.018221917808219176,0.0009903436008621889
2012-06-08,10,c0004_0013,0.019126715604681047,0.018221917808219176,0.0009047977964618708
2012-06-08,11,c0004_0011,0.018970548175223867,0.018221917808219176,0.00074863036700469
2012-06-08,12,c0019_0020,0.018919140432916686,0.018221917808219176,0.0006972226246975082
2012-06-08,13,c0026_0013,0.01885235844695266,0.018221917808219176,0.0006304406387334827
2012-06-08,14,c0018_0018,0.01860158187206861,0.018221917808219176,0.0003796640638494347
2012-06-08,15,c0010_0026,0.018532943103165164,0.018221917808219176,0.0003110252949459877
2012-06-08,16,c0020_0022,0.018510168302166095,0.018221917808219176,0.0002882504939469197
2012-06-08,17,c0012_0007,0.016819941964021645,0.01561917808219178,0.001200763881829864
2012-06-08,18,c0009_0007,0.016579045490894933,0.01561917808219178,0.0009598674087031528
2012-06-08,19,c0003_0011,0.016556814293519618,0.01561917808219178,0.0009376362113278377
2012-06-08,20,c0023_0008,0.016550618408361712,0.01561917808219178,0.0009314403261699318
2012-06-09,1,c0014_0004,0.02590989658332662,0.023427397260273968,0.0024824993230526528
2012-06-09,2,c0007_0011,0.022645851122356217,0.020824657534246574,0.0018211935881096441
2012-06-09,3,c0009_0006,0.021708266178379457,0.020824657534246574,0.0008836086441328823
2012-06-09,4,c0005_0032,0.021518962876499115,0.020824657534246574,0.0006943053422525406
2012-06-09,5,c0009_0005,0.02120854931744497,0.020824657534246574,0.00038389178319839473
2012-06-09,6,c0001_0010,0.019643477173670005,0.018221917808219176,0.0014215593654508293
2012-06-09,7,c0004_0033,0.019420827110032745,0.018221917808219176,0.0011989093018135676
2012-06-09,8,c0001_0033,0.01921572250050764,0.018221917808219176,0.000993804692288465
2012-06-09,9,c0001_0017,0.019201318497826584,0.018221917808219176,0.0009794006896074064
2012-06-09,10,c0004_0013,0.019116717941262427,0.018221917808219176,0.0008948001330432504
2012-06-09,11,c0004_0011,0.018962276101105718,0.018221917808219176,0.0007403582928865399
2012-06-09,12,c0019_0020,0.01891143639433831,0.018221917808219176,0.0006895185861191311
2012-06-09,13,c0026_0013,0.018845392323321362,0.018221917808219176,0.0006234745151021868
2012-06-09,14,c0018_0018,0.018597386731963986,0.018221917808219176,0.000375468923744811
2012-06-09,15,c0010_0026,0.01852950639473627,0.018221917808219176,0.00030758858651709154
2012-06-09,16,c0020_0022,0.018506983246422148,0.018221917808219176,0.0002850654382029716
2012-06-09,17,c0023_0008,0.01709101934254073,0.01561917808219178,0.0014718412603489494
2012-06-09,18,c0012_0007,0.016806673990577507,0.01561917808219178,0.0011874959083857251
2012-06-09,19,c0009_0007,0.01656843932969931,0.01561917808219178,0.0009492612475075314
2012-06-09,20,c0003_0011,0.016546453778400524,0.01561917808219178,0.0009272756962087436
2012-06-10,1,c0014_0004,0.025882465932228788,0.023427397260273968,0.0024550686719548194
2012-06-10,2,c0007_0011,0.0226257276421872,0.020824657534246574,0.0018010701079406277
2012-06-10,3,c0009_0006,0.021698502646845263,0.020824657534246574,0.0008738451125986888
2012-06-10,4,c0005_0032,0.021511291072756074,0.020824657534246574,0.0006866335385095002
2012-06-10,5,c0009_0005,0.021204307462687366,0.020824657534246574,0.0003796499284407905
2012-06-10,6,c0001_0010,0.019627769496086196,0.018221917808219176,0.0014058516878670193
2012-06-10,7,c0004_0033,0.01940757962897581,0.018221917808219176,0.0011856618207566323
2012-06-10,8,c0001_0033,0.01920474134553998,0.018221917808219176,0.0009828235373208045
2012-06-10,9,c0001_0017,0.019190496501481157,0.018221917808219176,0.0009685786932619807
2012-06-10,10,c0004_0013,0.01910683074813255,0.018221917808219176,0.0008849129399133759
2012-06-10,11,c0004_0011,0.018954095430186304,0.018221917808219176,0.0007321776219671275
2012-06-10,12,c0019_0020,0.018903817482387085,0.018221917808219176,0.0006818996741679099
2012-06-10,13,c0026_0013,0.018838503172644322,0.018221917808219176,0.000616585364425147
2012-06-10,14,c0018_0018,0.01859323794652438,0.018221917808219176,0.0003713201383052009
2012-06-10,15,c0010_0026,0.01852610766059762,0.018221917808219176,0.00030418985237844507
2012-06-10,16,c0020_0022,0.01850383338430425,0.018221917808219176,0.0002819155760850714
2012-06-10,17,c0023_0008,0.01707475606959273,0.01561917808219178,0.0014555779874009511
2012-06-10,18,c0012_0007,0.016793552623074783,0.01561917808219178,0.001174374540883003
2012-06-10,19,c0009_0007,0.016557950362455987,0.01561917808219178,0.0009387722802642076
2012-06-10,20,c0003_0011,0.01653620774294021,0.01561917808219178,0.00091702966074843
2012-06-11,1,c0014_0004,0.025855338379147,0.023427397260273968,0.002427941118873031
2012-06-11,2,c0007_0011,0.022605826518640106,0.020824657534246574,0.0017811689843935303
2012-06-11,3,c0009_0006,0.02168884699853364,0.020824657534246574,0.0008641894642870648
2012-06-11,4,c0005_0032,0.021503704039457807,0.020824657534246574,0.0006790465052112336
2012-06-11,5,c0009_0005,0.021200112478773504,0.020824657534246574,0.0003754549445269296
2012-06-11,6,c0001_0010,0.019612235382224782,0.018221917808219176,0.0013903175740056066
2012-06-11,7,c0004_0033,0.01939447852742739,0.018221917808219176,0.0011725607192082123
2012-06-11,8,c0001_0033,0.019193881528059814,0.018221917808219176,0.0009719637198406392
2012-06-11,9,c0001_0017,0.01917979408398241,0.018221917808219176,0.0009578762757632344
2012-06-11,10,c0004_0013,0.019097052804637738,0.018221917808219176,0.0008751349964185624
2012-06-11,11,c0004_0011,0.018946005152495865,0.018221917808219176,0.000724087344276689
2012-06-11,12,c0019_0020,0.01889628275644693,0.018221917808219176,0.0006743649482277534
2012-06-11,13,c0026_0013,0.01883169014440036,0.018221917808219176,0.0006097723361811842
2012-06-11,14,c0018_0018,0.01858913500354878,0.018221917808219176,0.00036721719532960154
2012-06-11,15,c0010_0026,0.0185227464811481,0.018221917808219176,0.000300828672928924
2012-06-11,16,c0020_0022,0.01850071832693653,0.018221917808219176,0.00027880051871735184
2012-06-11,17,c0023_0008,0.017058672499479614,0.01561917808219178,0.0014394944172878346
2012-06-11,18,c0012_0007,0.016780576241574897,0.01561917808219178,0.001161398159383117
2012-06-11,19,c0009_0007,0.01654757729421741,0.01561917808219178,0.0009283992120256312
2012-06-11,20,c0003_0011,0.016526074922183012,0.01561917808219178,0.0009068968399912334
2012-06-12,1,c0014_0004,0.025828510574966174,0.023427397260273968,0.0024011133146922057
2012-06-12,2,c0007_0011,0.022586145294760815,0.020824657534246574,0.0017614877605142425
2012-06-12,3,c0009_0006,0.021679298041376974,0.020824657534246574,0.0008546405071303989
2012-06-12,4,c0005_0032,0.0214962008399239,0.020824657534246574,0.0006715433056773272
2012-06-12,5,c0009_0005,0.02119596384779881,0.020824657534246574,0.00037130631355223497
2012-06-12,6,c0004_0013,0.019636675447006608,0.018221917808219176,0.001414757638787433
2012-06-12,7,c0001_0010,0.019596872914274203,0.018221917808219176,0.0013749551060550265
2012-06-12,8,c0004_0033,0.0193815221879509,0.018221917808219176,0.0011596043797317233
2012-06-12,9,c0001_0033,0.019183141707335146,0.018221917808219176,0.0009612238991159692
2012-06-12,10,c0001_0017,0.01916920992403064,0.018221917808219176,0.0009472921158114633
2012-06-12,11,c0004_0011,0.01893800426922441,0.018221917808219176,0.0007160864610052341
2012-06-12,12,c0019_0020,0.018888831286295187,0.018221917808219176,0.0006669134780760125
2012-06-12,13,c0026_0013,0.018824952397466222,0.018221917808219176,0.0006030345892470467
2012-06-12,14,c0018_0018,0.018585077396495807,0.018221917808219176,0.0003631595882766317
2012-06-12,15,c0010_0026,0.01851942244142301,0.018221917808219176,0.00029750463320383347
2012-06-12,16,c0020_0022,0.018497637689740047,0.018221917808219176,0.0002757198815208725
2012-06-12,17,c0023_0008,0.017042766646555012,0.01561917808219178,0.0014235885643632327
2012-06-12,18,c0001_0014,0.016795025834793014,0.01561917808219178,0.0011758477526012331
2012-06-12,19,c0012_0007,0.016767743244038957,0.01561917808219178,0.0011485651618471787
2012-06-12,20,c0009_0007,0.0165373188443447,0.01561917808219178,0.0009181407621529189
2012-06-13,1,c0014_0004,0.025801979207577645,0.023427397260273968,0.002374581947303678
2012-06-13,2,c0007_0011,0.022566681540743615,0.020824657534246574,0.0017420240064970399
2012-06-13,3,c0004_0013,0.022223782651881956,0.020824657534246574,0.0013991251176353823
2012-06-13,4,c0005_0032,0.021488780547823893,0.020824657534246574,0.00066412301357732
2012-06-13,5,c0009_0005,0.02119186105758135,0.020824657534246574,0.000367203523334774
2012-06-13,6,c0023_0008,0.01962977627314057,0.018221917808219176,0.0014078584649213942
2012-06-13,7,c0001_0010,0.01958168019561396,0.018221917808219176,0.0013597623873947845
2012-06-13,8,c0001_0014,0.01938477290090455,0.018221917808219176,0.0011628550926853728
2012-06-13,9,c0004_0033,0.0193687090109818,0.018221917808219176,0.0011467912027626251
2012-06-13,10,c0001_0033,0.019172520557448537,0.018221917808219176,0.0009506027492293595
2012-06-13,11,c0009_0006,0.01905818278693705,0.018221917808219176,0.0008362649787178756
2012-06-13,12,c0004_0011,0.01893009179259841,0.018221917808219176,0.0007081739843792332
2012-06-13,13,c0019_0020,0.018881462151987813,0.018221917808219176,0.0006595443437686359
2012-06-13,14,c0026_0013,0.018818289100012743,0.018221917808219176,0.0005963712917935672
2012-06-13,15,c0018_0018,0.018581064624421172,0.018221917808219176,0.0003591468162019955
2012-06-13,16,c0010_0026,0.018516135131042853,0.018221917808219176,0.0002942173228236767
2012-06-13,17,c0020_0022,0.018494591092385316,0.018221917808219176,0.00027267328416614095
2012-06-13,18,c0012_0007,0.016755052046129985,0.01561917808219178,0.0011358739639382041
2012-06-13,19,c0001_0017,0.01654701490504276,0.01561917808219178,0.0009278368228509807
2012-06-13,20,c0009_0007,0.016527173746349526,0.01561917808219178,0.0009079956641577476
2012-06-14,1,c0014_0004,0.02577574100147026,0.023427397260273968,0.002348343741196293
2012-06-14,2,c0007_0011,0.02254743285363118,0.020824657534246574,0.001722775319384606
2012-06-14,3,c0004_0013,0.02220832286400299,0.020824657534246574,0.001383665329756416
2012-06-14,4,c0005_0032,0.02148144224706292,0.020824657534246574,0.0006567847128163436
2012-06-14,5,c0009_0005,0.0211878036015986,0.020824657534246574,0.00036314606735202463
2012-06-14,6,c0023_0008,0.019614219985173934,0.018221917808219176,0.0013923021769547566
2012-06-14,7,c0001_0010,0.01956665535058048,0.018221917808219176,0.0013447375423613053
2012-06-14,8,c0001_0014,0.019371923804822794,0.018221917808219176,0.0011500059966036195
2012-06-14,9,c0004_0033,0.01935603741463012,0.018221917808219176,0.0011341196064109437
2012-06-14,10,c0001_0033,0.019162016767133423,0.018221917808219176,0.0009400989589142479
2012-06-14,11,c0009_0006,0.019048942384475093,0.018221917808219176,0.0008270245762559169
2012-06-14,12,c0020_0022,0.019040743565803604,0.018221917808219176,0.0008188257575844275
2012-06-14,13,c0004_0011,0.018922266745758847,0.018221917808219176,0.0007003489375396708
2012-06-14,14,c0019_0020,0.018874174443745773,0.018221917808219176,0.0006522566355265972
2012-06-14,15,c0026_0013,0.018811699429402143,0.018221917808219176,0.0005897816211829677
2012-06-14,16,c0018_0018,0.01857709619191581,0.018221917808219176,0.0003551783836966363
2012-06-14,17,c0010_0026,0.018512884144162668,0.018221917808219176,0.00029096633594349067
2012-06-14,18,c0012_0007,0.016742501081017297,0.01561917808219178,0.001123322998825518
2012-06-14,19,c0001_0017,0.016536762669351494,0.01561917808219178,0.0009175845871597136
2012-06-14,20,c0009_0007,0.016517140747737778,0.01561917808219178,0.0008979626655459981
2012-06-15,1,c0014_0004,0.025749792717325987,0.023427397260273968,0.00232239545705202
2012-06-15,2,c0007_0011,0.022528396857017942,0.020824657534246574,0.001703739322771367
2012-06-15,3,c0004_0013,0.022193033900761685,0.020824657534246574,0.0013683763665151112
2012-06-15,4,c0005_0032,0.021474185031668595,0.020824657534246574,0.0006495274974220199
2012-06-15,5,c0009_0005,0.021183790978924914,0.020824657534246574,0.0003591334446783417
2012-06-15,6,c0004_0033,0.01989279837787971,0.018221917808219176,0.0016708805696605332
2012-06-15,7,c0023_0008,0.01959883558813336,0.018221917808219176,0.0013769177799141821
2012-06-15,8,c0001_0010,0.01955179652423554,0.018221917808219176,0.0013298787160163654
2012-06-15,9,c0001_0014,0.01935921668625067,0.018221917808219176,0.0011372988780314946
2012-06-15,10,c0001_0033,0.019151629039612234,0.018221917808219176,0.0009297112313930568
2012-06-15,11,c0009_0006,0.019039804084863107,0.018221917808219176,0.0008178862766439301
2012-06-15,12,c0020_0022,0.01903169585994619,0.018221917808219176,0.0008097780517270105
2012-06-15,13,c0004_0011,0.01891452816264062,0.018221917808219176,0.0006926103544214421
2012-06-15,14,c0019_0020,0.018866967261842747,0.018221917808219176,0.0006450494536235722
2012-06-15,15,c0026_0013,0.018805182572086472,0.018221917808219176,0.0005832647638672966
2012-06-15,16,c0018_0018,0.01857317160904475,0.018221917808219176,0.00035125380082557463
2012-06-15,17,c0010_0026,0.018509669079421916,0.018221917808219176,0.00028775127120274124
2012-06-15,18,c0012_0007,0.016730088799183092,0.01561917808219178,0.0011109107169913121
2012-06-15,19,c0001_0017,0.01652662371687348,0.01561917808219178,0.0009074456346817019
2012-06-15,20,c0009_0007,0.016507218609854903,0.01561917808219178,0.0008880405276631229
2012-06-16,1,c0014_0004,0.02572413115162,0.023427397260273968,0.0022967338913460317
2012-06-16,2,c0007_0011,0.02250957120075668,0.020824657534246574,0.0016849136665101072
2012-06-16,3,c0004_0013,0.022177913874612296,0.020824657534246574,0.0013532563403657223
2012-06-16,4,c0005_0032,0.02146700800567919,0.020824657534246574,0.0006423504714326137
2012-06-16,5,c0009_0005,0.021179822694169688,0.020824657534246574,0.00035516515992311333
2012-06-16,6,c0004_0033,0.01987433579804861,0.018221917808219176,0.001652417989829435
2012-06-16,7,c0023_0008,0.01958362118269103,0.018221917808219176,0.0013617033744718534
2012-06-16,8,c0001_0010,0.019537101882137264,0.018221917808219176,0.001315184073918086
2012-06-16,9,c0001_0014,0.019346649976391964,0.018221917808219176,0.0011247321681727878
2012-06-16,10,c0001_0033,0.019141356092436272,0.018221917808219176,0.0009194382842170956
2012-06-16,11,c0009_0006,0.01903076675990435,0.018221917808219176,0.0008088489516851713
2012-06-16,12,c0020_0022,0.019022748127716278,0.018221917808219176,0.0008008303194971011
2012-06-16,13,c0004_0011,0.018906875087853263,0.018221917808219176,0.0006849572796340869
2012-06-16,14,c0019_0020,0.01885983971649404,0.018221917808219176,0.0006379219082748637
2012-06-16,15,c0026_0013,0.018798737723507167,0.018221917808219176,0.0005768199152879907
2012-06-16,16,c0018_0018,0.0185692903912866,0.018221917808219176,0.00034737258306742185
2012-06-16,17,c0010_0026,0.01850648953989495,0.018221917808219176,0.000284571731675772
2012-06-16,18,c0012_0007,0.016717813668231128,0.01561917808219178,0.0010986355860393485
2012-06-16,19,c0001_0017,0.01651659679587332,0.01561917808219178,0.0008974187136815395
2012-06-16,20,c0009_0007,0.016497406107733006,0.01561917808219178,0.0008782280255412256
2012-06-17,1,c0014_0004,0.02569875313622517,0.023427397260273968,0.0022713558759512036
2012-06-17,2,c0004_0013,0.022713123015324233,0.020824657534246574,0.0018884654810776588
2012-06-17,3,c0007_0011,0.022490953560668395,0.020824657534246574,0.0016662960264218205
2012-06-17,4,c0005_0032,0.02145991028303299,0.020824657534246574,0.000635252748786418
2012-06-17,5,c0009_0005,0.021175898257416174,0.020824657534246574,0.00035124072316960114
2012-06-17,6,c0004_0033,0.019856077222537277,0.018221917808219176,0.0016341594143181005
2012-06-17,7,c0023_0008,0.019568574890505962,0.018221917808219176,0.001346657082286787
2012-06-17,8,c0001_0010,0.019522569610113633,0.018221917808219176,0.001300651801894458
2012-06-17,9,c0001_0014,0.019334222123785053,0.018221917808219176,0.001112304315565876
2012-06-17,10,c0001_0033,0.01913119665732741,0.018221917808219176,0.0009092788491082329
2012-06-17,11,c0009_0006,0.019021829293868208,0.018221917808219176,0.0007999114856490315
2012-06-17,12,c0020_0022,0.01901389926444421,0.018221917808219176,0.0007919814562250343
2012-06-17,13,c0004_0011,0.018899306576563014,0.018221917808219176,0.0006773887683438365
2012-06-17,14,c0019_0020,0.018852790927746724,0.018221917808219176,0.0006308731195275483
2012-06-17,15,c0026_0013,0.01879236408799572,0.018221917808219176,0.0005704462797765458
2012-06-17,16,c0018_0018,0.018565452059473738,0.018221917808219176,0.00034353425125456223
2012-06-17,17,c0010_0026,0.018503345133041978,0.018221917808219176,0.0002814273248228004
2012-06-17,18,c0001_0017,0.01705779873703067,0.01561917808219178,0.001438620654838891
2012-06-17,19,c0012_0007,0.01670567417269755,0.01561917808219178,0.0010864960905057704
2012-06-17,20,c0009_0007,0.01648770202993961,0.01561917808219178,0.0008685239477478281
2012-06-18,1,c0014_0004,0.02567365553802095,0.023427397260273968,0.002246258277746981
2012-06-18,2,c0004_0013,0.02269225620692646,0.020824657534246574,0.0018675986726798847
2012-06-18,3,c0007_0011,0.02247254163825535,0.020824657534246574,0.0016478841040087752
2012-06-18,4,c0005_0032,0.021452890987458936,0.020824657534246574,0.0006282334532123623
2012-06-18,5,c0009_0005,0.021172017184161028,0.020824657534246574,0.00034735964991445574
2012-06-18,6,c0004_0033,0.01983802039717739,0.018221917808219176,0.001616102588958213
2012-06-18,7,c0023_0008,0.019553694853992113,0.018221917808219176,0.0013317770457729357
2012-06-18,8,c0001_0010,0.01950819791403854,0.018221917808219176,0.0012862801058193657
2012-06-18,9,c0001_0014,0.019321931594111358,0.018221917808219176,0.0011000137858921829
2012-06-18,10,c0001_0033,0.019121149480021492,0.018221917808219176,0.0008992316718023164
2012-06-18,11,c0009_0006,0.019012990583352464,0.018221917808219176,0.0007910727751332893
2012-06-18,12,c0020_0022,0.019005148177666492,0.018221917808219176,0.0007832303694473154
2012-06-18,13,c0004_0011,0.018891821694376143,0.018221917808219176,0.0006699038861569677
2012-06-18,14,c0019_0020,0.018845820025371017,0.018221917808219176,0.0006239022171518402
2012-06-18,15,c0026_0013,0.018786060878675463,0.018221917808219176,0.0005641430704562847
2012-06-18,16,c0018_0018,0.018561656139733172,0.018221917808219176,0.0003397383315139954
2012-06-18,17,c0010_0026,0.018500235470660632,0.018221917808219176,0.00027831766244145557
2012-06-18,18,c0001_0017,0.01704190253884098,0.01561917808219178,0.001422724456649199
2012-06-18,19,c0012_0007,0.016693668813863787,0.01561917808219178,0.0010744907316720064
2012-06-18,20,c0009_0007,0.016478105178428088,0.01561917808219178,0.0008589270962363089
2012-06-19,1,c0014_0004,0.02564883525850654,0.023427397260273968,0.002221437998232572
2012-06-19,2,c0004_0013,0.02267161996863816,0.020824657534246574,0.0018469624343915845
2012-06-19,3,c0007_0011,0.022454333160417318,0.020824657534246574,0.0016296756261707445
2012-06-19,4,c0005_0032,0.021445949252368406,0.020824657534246574,0.000621291718121831
2012-06-19,5,c0009_0005,0.021168178995254475,0.020824657534246574,0.0003435214610079016
2012-06-19,6,c0004_0033,0.01982016309270832,0.018221917808219176,0.0015982452844891407
2012-06-19,7,c0023_0008,0.01953897923608903,0.018221917808219176,0.0013170614278698548
2012-06-19,8,c0001_0010,0.019493985019610267,0.018221917808219176,0.0012720672113910893
2012-06-19,9,c0001_0014,0.019309776870005933,0.018221917808219176,0.0010878590617867557
2012-06-19,10,c0001_0033,0.0191112133201135,0.018221917808219176,0.0008892955118943254
2012-06-19,11,c0009_0006,0.019004249537147067,0.018221917808219176,0.0007823317289278899
2012-06-19,12,c0020_0022,0.01899649378699092,0.018221917808219176,0.000774575978771745
2012-06-19,13,c0004_0011,0.01888441951722362,0.018221917808219176,0.0006625017090044446
2012-06-19,14,c0019_0020,0.01883892614875283,0.018221917808219176,0.0006170083405336536
2012-06-19,15,c0026_0013,0.018779827317364387,0.018221917808219176,0.0005579095091452114
2012-06-19,16,c0018_0018,0.01855790216342801,0.018221917808219176,0.00033598435520883343
2012-06-19,17,c0010_0026,0.01849716016883803,0.018221917808219176,0.000275242360618852
2012-06-19,18,c0001_0017,0.01702618198745299,0.01561917808219178,0.0014070039052612093
2012-06-19,19,c0012_0007,0.01668179610957152,0.01561917808219178,0.001062618027379742
2012-06-19,20,c0009_0007,0.016468614368389776,0.01561917808219178,0.0008494362861979959
2012-06-20,1,c0014_0004,0.02562428923341838,0.023427397260273968,0.002196891973144413
2012-06-20,2,c0004_0013,0.025253951478776775,0.023427397260273968,0.0018265542185028076
2012-06-20,3,c0007_0011,0.022436325879170948,0.020824657534246574,0.0016116683449243746
2012-06-20,4,c0004_0033,0.022405242830529287,0.020824657534246574,0.0015805852962827113
2012-06-20,5,c0020_0022,0.021590674749990612,0.020824657534246574,0.0007660172157440381
2012-06-20,6,c0005_0032,0.02143908422074825,0.020824657534246574,0.0006144266865016745
2012-06-20,7,c0009_0005,0.021164383216841155,0.020824657534246574,0.00033972568259458126
2012-06-20,8,c0001_0017,0.019613374868065317,0.018221917808219176,0.0013914570598461422
2012-06-20,9,c0023_0008,0.019524426220035078,0.018221917808219176,0.0013025084118159027
2012-06-20,10,c0001_0010,0.01947992917213243,0.018221917808219176,0.001258011363913252
2012-06-20,11,c0001_0014,0.019297756450870108,0.018221917808219176,0.0010758386426509329
2012-06-20,12,c0009_0006,0.0189956050760994,0.018221917808219176,0.0007736872678802238
2012-06-20,13,c0004_0011,0.01887709913124701,0.018221917808219176,0.0006551813230278342
2012-06-20,14,c0019_0020,0.01883210844678753,0.018221917808219176,0.0006101906385683536
2012-06-20,15,c0026_0013,0.018773662634479115,0.018221917808219176,0.0005517448262599378
2012-06-20,16,c0018_0018,0.01855418966709962,0.018221917808219176,0.00033227185888044325
2012-06-20,17,c0025_0017,0.017176408113399922,0.01561917808219178,0.0015572300312081402
2012-06-20,18,c0012_0007,0.016670054594039717,0.01561917808219178,0.0010508765118479356
2012-06-20,19,c0001_0033,0.016489412387377268,0.01561917808219178,0.0008702343051854865
2012-06-20,20,c0009_0007,0.01645922842810767,0.01561917808219178,0.0008400503459158915
2012-06-21,1,c0014_0004,0.02560001443235183,0.023427397260273968,0.0021726171720778606
2012-06-21,2,c0004_0013,0.025233768765728776,0.023427397260273968,0.0018063715054548078
2012-06-21,3,c0007_0011,0.022418517571372226,0.020824657534246574,0.0015938600371256523
2012-06-21,4,c0004_0033,0.022387777978317612,0.020824657534246574,0.0015631204440710372
2012-06-21,5,c0020_0022,0.021582210557962486,0.020824657534246574,0.000757553023715913
2012-06-21,6,c0005_0032,0.02143229504505498,0.020824657534246574,0.0006076375108084058
2012-06-21,7,c0009_0005,0.021160629380301627,0.020824657534246574,0.0003359718460550547
2012-06-21,8,c0001_0017,0.019597999809239795,0.018221917808219176,0.001376082001020619
2012-06-21,9,c0023_0008,0.019510034009143123,0.018221917808219176,0.0012881162009239452
2012-06-21,10,c0001_0010,0.019466028636297365,0.018221917808219176,0.0012441108280781888
2012-06-21,11,c0001_0014,0.019285868852686263,0.018221917808219176,0.0010639510444670852
2012-06-21,12,c0009_0006,0.018987056132981076,0.018221917808219176,0.0007651383247618985
2012-06-21,13,c0004_0011,0.01886985963268566,0.018221917808219176,0.0006479418244664836
2012-06-21,14,c0019_0020,0.018825366077774856,0.018221917808219176,0.0006034482695556803
2012-06-21,15,c0026_0013,0.01876756606893985,0.018221917808219176,0.0005456482607206731
2012-06-21,16,c0018_0018,0.018550518192410406,0.018221917808219176,0.00032860038419122963
2012-06-21,17,c0025_0017,0.017159201327775257,0.01561917808219178,0.0015400232455834773
2012-06-21,18,c0012_0007,0.016658442817683635,0.01561917808219178,0.0010392647354918552
2012-06-21,19,c0001_0033,0.016479796637081892,0.01561917808219178,0.0008606185548901129
2012-06-21,20,c0009_0007,0.016449946198811793,0.01561917808219178,0.0008307681166200148
2012-06-22,1,c0014_0004,0.02557600785838703,0.023427397260273968,0.002148610598113061
2012-06-22,2,c0004_0013,0.02521380906380295,0.023427397260273968,0.0017864118035289805
2012-06-22,3,c0007_0011,0.02240090603844201,0.020824657534246574,0.0015762485041954395
2012-06-22,4,c0004_0033,0.022370506105923914,0.020824657534246574,0.001545848571677341
2012-06-22,5,c0020_0022,0.021573839891961214,0.020824657534246574,0.00074918235771464
2012-06-22,6,c0005_0032,0.021425580887110135,0.020824657534246574,0.0006009233528635628
2012-06-22,7,c0009_0005,0.021156917022194518,0.020824657534246574,0.0003322594879479441
2012-06-22,8,c0001_0017,0.019582794638828876,0.018221917808219176,0.0013608768306097006
2012-06-22,9,c0023_0008,0.01949580082657872,0.018221917808219176,0.001273883018359544
2012-06-22,10,c0001_0010,0.019452281695971886,0.018221917808219176,0.001230363887752709
2012-06-22,11,c0001_0014,0.019274112607834574,0.018221917808219176,0.001052194799615399
2012-06-22,12,c0009_0006,0.018978601652356156,0.018221917808219176,0.0007566838441369791
2012-06-22,13,c0004_0011,0.01886270012776512,0.018221917808219176,0.0006407823195459434
2012-06-22,14,c0019_0020,0.01881869820931501,0.018221917808219176,0.0005967804010958339
2012-06-22,15,c0026_0013,0.01876153686807644,0.018221917808219176,0.0005396190598572614
2012-06-22,16,c0018_0018,0.018546887286087225,0.018221917808219176,0.00032496947786804894
2012-06-22,17,c0025_0017,0.01714218467043325,0.01561917808219178,0.0015230065882414696
2012-06-22,18,c0012_0007,0.016646959346935896,0.01561917808219178,0.0010277812647441157
2012-06-22,19,c0001_0033,0.01647028713708393,0.01561917808219178,0.0008511090548921499
2012-06-22,20,c0009_0007,0.016440766534536123,0.01561917808219178,0.0008215884523443425
2012-06-23,1,c0014_0004,0.025552266547718926,0.023427397260273968,0.002124869287444959
2012-06-23,2,c0004_0013,0.02519406990881321,0.023427397260273968,0.001766672648539243
2012-06-23,3,c0007_0011,0.022383489106094615,0.020824657534246574,0.0015588315718480425
2012-06-23,4,c0004_0033,0.022353425080996334,0.020824657534246574,0.00152876754674976
2012-06-23,5,c0020_0022,0.021565561718560604,0.020824657534246574,0.0007409041843140316
2012-06-23,6,c0005_0032,0.021418940917996804,0.020824657534246574,0.0005942833837502295
2012-06-23,7,c0009_0005,0.021153245684199292,0.020824657534246574,0.00032858814995271864
2012-06-23,8,c0001_0017,0.019567757479631718,0.018221917808219176,0.001345839671412543
2012-06-23,9,c0023_0008,0.019481724915140764,0.018221917808219176,0.001259807106921588
2012-06-23,10,c0001_0010,0.0194386866539854,0.018221917808219176,0.001216768845766225
2012-06-23,11,c0001_0014,0.019262486264911866,0.018221917808219176,0.0010405684566926895
2012-06-23,12,c0009_0006,0.018970240590450865,0.018221917808219176,0.0007483227822316872
2012-06-23,13,c0004_0011,0.0188556197325868,0.018221917808219176,0.0006337019243676232
2012-06-23,14,c0019_0020,0.018812104018205884,0.018221917808219176,0.0005901862099867081
2012-06-23,15,c0026_0013,0.018755574287535437,0.018221917808219176,0.000533656479316259
2012-06-23,16,c0018_0018,0.018543296499865428,0.018221917808219176,0.00032137869164624975
2012-06-23,17,c0025_0017,0.01712535604053039,0.01561917808219178,0.0015061779583386097
2012-06-23,18,c0012_0007,0.016635602764069474,0.01561917808219178,0.0010164246818776931
2012-06-23,19,c0001_0033,0.016460882713358955,0.01561917808219178,0.0008417046311671741
2012-06-23,20,c0009_0007,0.01643168830197711,0.01561917808219178,0.0008125102197853287
2012-06-24,1,c0014_0004,0.02552878756929136,0.023427397260273968,0.002101390309017392
2012-06-24,2,c0004_0013,0.025174548863801778,0.023427397260273968,0.0017471516035278095
2012-06-24,3,c0007_0011,0.022366264624069352,0.020824657534246574,0.0015416070898227785
2012-06-24,4,c0004_0033,0.022336532794744665,0.020824657534246574,0.0015118752604980899
2012-06-24,5,c0020_0022,0.02155737501575343,0.020824657534246574,0.0007327174815068575
2012-06-24,6,c0005_0032,0.021412374317957273,0.020824657534246574,0.0005877167837106988
2012-06-24,7,c0009_0005,0.021149614913059684,0.020824657534246574,0.0003249573788131109
2012-06-24,8,c0001_0017,0.019552886475189817,0.018221917808219176,0.0013309686669706385
2012-06-24,9,c0023_0008,0.019467804537044532,0.018221917808219176,0.001245886728825354
2012-06-24,10,c0001_0010,0.0194252418319204,0.018221917808219176,0.001203324023701225
2012-06-24,11,c0001_0014,0.01925098838855239,0.018221917808219176,0.0010290705803332112
2012-06-24,12,c0009_0006,0.018961971915024713,0.018221917808219176,0.0007400541068055381
2012-06-24,13,c0004_0011,0.018848617573018846,0.018221917808219176,0.0006266997647996689
2012-06-24,14,c0019_0020,0.018805582690341435,0.018221917808219176,0.0005836648821222597
2012-06-24,15,c0026_0013,0.018749677591188216,0.018221917808219176,0.0005277597829690384
2012-06-24,16,c0018_0018,0.018539745390433505,0.018221917808219176,0.0003178275822143302
2012-06-24,17,c0025_0017,0.017108713360436675,0.01561917808219178,0.0014895352782448934
2012-06-24,18,c0012_0007,0.016624371667022676,0.01561917808219178,0.0010051935848308959
2012-06-24,19,c0001_0033,0.016451582204855056,0.01561917808219178,0.0008324041226632739
2012-06-24,20,c0009_0007,0.016422710380353773,0.01561917808219178,0.0008035322981619911
2012-06-25,1,c0014_0004,0.025505568024435193,0.023427397260273968,0.0020781707641612255
2012-06-25,2,c0004_0013,0.025155243518738296,0.023427397260273968,0.0017278462584643277
2012-06-25,3,c0007_0011,0.02234923046586508,0.020824657534246574,0.0015245729316185072
2012-06-25,4,c0004_0033,0.02231982716168001,0.020824657534246574,0.0014951696274334361
2012-06-25,5,c0020_0022,0.021549278772825243,0.020824657534246574,0.000724621238578669
2012-06-25,6,c0005_0032,0.021405880276291842,0.020824657534246574,0.0005812227420452675
2012-06-25,7,c0009_0005,0.021146024260527734,0.020824657534246574,0.00032136672628115865
2012-06-25,8,c0001_0017,0.019538179789557804,0.018221917808219176,0.001316261981338626
2012-06-25,9,c0023_0008,0.019454037973707143,0.018221917808219176,0.0012321201654879653
2012-06-25,10,c0001_0010,0.01941194556990523,0.018221917808219176,0.0011900277616860556
2012-06-25,11,c0001_0014,0.01923961755925063,0.018221917808219176,0.0010176997510314518
2012-06-25,12,c0009_0006,0.01895379460524308,0.018221917808219176,0.0007318767970239029
2012-06-25,13,c0004_0011,0.018841692784588217,0.018221917808219176,0.0006197749763690421
2012-06-25,14,c0019_0020,0.018799133420611177,0.018221917808219176,0.000577215612392
2012-06-25,15,c0026_0013,0.018743846051040083,0.018221917808219176,0.0005219282428209065
2012-06-25,16,c0018_0018,0.018536233519378383,0.018221917808219176,0.0003143157111592079
2012-06-25,17,c0025_0017,0.0170922545754791,0.01561917808219178,0.001473076493287318
2012-06-25,18,c0012_0007,0.01661326466922605,0.01561917808219178,0.0009940865870342677
2012-06-25,19,c0001_0033,0.01644238446334949,0.01561917808219178,0.0008232063811577106
2012-06-25,20,c0009_0007,0.01641383166126932,0.01561917808219178,0.0007946535790775412
2012-06-26,1,c0014_0004,0.02548260504651046,0.023427397260273968,0.0020552077862364924
2012-06-26,2,c0004_0013,0.025136151490222313,0.023427397260273968,0.0017087542299483447
2012-06-26,3,c0007_0011,0.022332384528477675,0.020824657534246574,0.0015077269942310996
2012-06-26,4,c0004_0033,0.02230330611935732,0.020824657534246574,0.0014786485851107458
2012-06-26,5,c0020_0022,0.021541271990229593,0.020824657534246574,0.0007166144559830188
2012-06-26,6,c0005_0032,0.02139945799125872,0.020824657534246574,0.0005748004570121483
2012-06-26,7,c0009_0005,0.021142473283308438,0.020824657534246574,0.00031781574906186526
2012-06-26,8,c0001_0017,0.0195236356070768,0.018221917808219176,0.001301717798857624
2012-06-26,9,c0023_0008,0.01944042352553539,0.018221917808219176,0.0012185057173162155
2012-06-26,10,c0001_0010,0.019398796226409176,0.018221917808219176,0.0011768784181899997
2012-06-26,11,c0001_0014,0.01922837237318606,0.018221917808219176,0.001006454564966882
2012-06-26,12,c0009_0006,0.018945707651551152,0.018221917808219176,0.0007237898433319779
2012-06-26,13,c0004_0011,0.018834844512373973,0.018221917808219176,0.0006129267041547959
2012-06-26,14,c0019_0020,0.018792755412800774,0.018221917808219176,0.0005708376045815983
2012-06-26,15,c0026_0013,0.018738078947140406,0.018221917808219176,0.0005161611389212284
2012-06-26,16,c0018_0018,0.01853276045313127,0.018221917808219176,0.0003108426449120948
2012-06-26,17,c0025_0017,0.017075977653688,0.01561917808219178,0.001456799571496219
2012-06-26,18,c0012_0007,0.016602280399431187,0.01561917808219178,0.0009831023172394058
2012-06-26,19,c0001_0033,0.01643328835330694,0.01561917808219178,0.000814110271115159
2012-06-26,20,c0009_0007,0.016405051048574322,0.01561917808219178,0.0007858729663825432
2012-06-27,1,c0014_0004,0.025459895800552447,0.023427397260273968,0.002032498540278479
2012-06-27,2,c0004_0013,0.025117270421189018,0.023427397260273968,0.0016898731609150518
2012-06-27,3,c0007_0011,0.022315724732140375,0.020824657534246574,0.001491067197893801
2012-06-27,4,c0004_0033,0.022286967628120755,0.020824657534246574,0.0014623100938741793
2012-06-27,5,c0020_0022,0.021533353679464632,0.020824657534246574,0.0007086961452180595
2012-06-27,6,c0005_0032,0.021393106669975064,0.020824657534246574,0.0005684491357284887
2012-06-27,7,c0009_0005,0.021138961543005045,0.020824657534246574,0.00031430400875847106
2012-06-27,8,c0001_0017,0.01950925213215025,0.018221917808219176,0.0012873343239310747
2012-06-27,9,c0023_0008,0.019426959511715917,0.018221917808219176,0.0012050417034967416
2012-06-27,10,c0001_0010,0.01938579217803979,0.018221917808219176,0.0011638743698206156
2012-06-27,11,c0001_0014,0.019217251442049818,0.018221917808219176,0.0009953336338306435
2012-06-27,12,c0009_0006,0.018937710055549322,0.018221917808219176,0.0007157922473301465
2012-06-27,13,c0004_0011,0.018828071910901703,0.018221917808219176,0.0006061541026825258
2012-06-27,14,c0019_0020,0.018786447879493757,0.018221917808219176,0.0005645300712745814
2012-06-27,15,c0026_0013,0.018732375567493718,0.018221917808219176,0.000510457759274543
2012-06-27,16,c0018_0018,0.018529325762914144,0.018221917808219176,0.0003074079546949685
2012-06-27,17,c0012_0007,0.016591417501541448,0.01561917808219178,0.0009722394193496671
2012-06-27,18,c0001_0033,0.016424292751739296,0.01561917808219178,0.0008051146695475173
2012-06-27,19,c0009_0007,0.016396367458231365,0.01561917808219178,0.0007771893760395857
2012-06-27,20,c0003_0011,0.016378367211259674,0.01561917808219178,0.0007591891290678946
2012-06-28,1,c0014_0004,0.0254374374829217,0.023427397260273968,0.0020100402226477304
2012-06-28,2,c0004_0013,0.02509859798061826,0.023427397260273968,0.0016712007203442917
2012-06-28,3,c0007_0011,0.022299249020067045,0.020824657534246574,0.0014745914858204723
2012-06-28,4,c0004_0033,0.022270809670851877,0.020824657534246574,0.0014461521366053018
2012-06-28,5,c0020_0022,0.021525522862951077,0.020824657534246574,0.0007008653287045018
2012-06-28,6,c0005_0032,0.021386825528319057,0.020824657534246574,0.0005621679940724827
2012-06-28,7,c0009_0005,0.021135488606064904,0.020824657534246574,0.00031083107181833033
2012-06-28,8,c0001_0017,0.01949502758902224,0.018221917808219176,0.0012731097808030643
2012-06-28,9,c0023_0008,0.01941364427000769,0.018221917808219176,0.0011917264617885138
2012-06-28,10,c0001_0010,0.019372931819342493,0.018221917808219176,0.0011510140111233166
2012-06-28,11,c0001_0014,0.019206253392873327,0.018221917808219176,0.0009843355846541493
2012-06-28,12,c0009_0006,0.018929800829869895,0.018221917808219176,0.0007078830216507199
2012-06-28,13,c0004_0011,0.018821374144039168,0.018221917808219176,0.0005994563358199921
2012-06-28,14,c0019_0020,0.018780210041974298,0.018221917808219176,0.000558292233755123
2012-06-28,15,c0026_0013,0.01872673520797184,0.018221917808219176,0.0005048173997526625
2012-06-28,16,c0018_0018,0.018525929024686815,0.018221917808219176,0.0003040112164676375
2012-06-28,17,c0012_0007,0.016580674634444532,0.01561917808219178,0.0009614965522527502
2012-06-28,18,c0001_0033,0.016415396548067045,0.01561917808219178,0.000796218465875265
2012-06-28,19,c0009_0007,0.01638777981818123,0.01561917808219178,0.0007686017359894487
2012-06-28,20,c0003_0011,0.01636997846693119,0.01561917808219178,0.0007508003847394079
2012-06-29,1,c0014_0004,0.025415227320957884,0.023427397260273968,0.0019878300606839157
2012-06-29,2,c0004_0013,0.02508013186324674,0.023427397260273968,0.0016527346029727703
2012-06-29,3,c0007_0011,0.022282955358198235,0.020824657534246574,0.0014582978239516594
2012-06-29,4,c0004_0033,0.022254830252720625,0.020824657534246574,0.0014301727184740504
2012-06-29,5,c0020_0022,0.021517778573911503,0.020824657534246574,0.00069312103966493
2012-06-29,6,c0005_0032,0.021380613790833138,0.020824657534246574,0.0005559562565865652
2012-06-29,7,c0009_0005,0.021132054043725958,0.020824657534246574,0.0003073965094793849
2012-06-29,8,c0001_0017,0.019480960221558267,0.018221917808219176,0.0012590424133390907
2012-06-29,9,c0023_0008,0.019400476156536797,0.018221917808219176,0.0011785583483176194
2012-06-29,10,c0001_0010,0.01936021356260234,0.018221917808219176,0.0011382957543831628
2012-06-29,11,c0001_0014,0.019195376867858757,0.018221917808219176,0.0009734590596395813
2012-06-29,12,c0009_0006,0.018921978998055214,0.018221917808219176,0.0007000611898360374
2012-06-29,13,c0004_0011,0.018814750384893067,0.018221917808219176,0.0005928325766738895
2012-06-29,14,c0019_0020,0.018774041130131078,0.018221917808219176,0.0005521233219119021
2012-06-29,15,c0026_0013,0.01872115717222692,0.018221917808219176,0.0004992393640077411
2012-06-29,16,c0018_0018,0.018522569819094566,0.018221917808219176,0.000300652010875389
2012-06-29,17,c0012_0007,0.0165700504718469,0.01561917808219178,0.0009508723896551213
2012-06-29,18,c0001_0033,0.016406598643982133,0.01561917808219178,0.0007874205617903529
2012-06-29,19,c0009_0007,0.01637928706821053,0.01561917808219178,0.0007601089860187501
2012-06-29,20,c0003_0011,0.016361682414961845,0.01561917808219178,0.0007425043327700641
2012-06-30,1,c0014_0004,0.025393262572637486,0.023427397260273968,0.0019658653123635194
2012-06-30,2,c0004_0013,0.025061869789283424,0.023427397260273968,0.0016344725290094574
2012-06-30,3,c0007_0011,0.022266841734950048,0.020824657534246574,0.0014421842007034734
2012-06-30,4,c0004_0033,0.022239027400939033,0.020824657534246574,0.0014143698666924593
2012-06-30,5,c0020_0022,0.021510119856251016,0.020824657534246574,0.0006854623220044408
2012-06-30,6,c0005_0032,0.02137447069062825,0.020824657534246574,0.0005498131563816754
2012-06-30,7,c0009_0005,0.021128657431963804,0.020824657534246574,0.0003039998977172306
2012-06-30,8,c0001_0017,0.01946704829302843,0.018221917808219176,0.001245130484809253
2012-06-30,9,c0023_0008,0.01938745354559349,0.018221917808219176,0.0011655357373743119
2012-06-30,10,c0001_0010,0.019347635837648022,0.018221917808219176,0.0011257180294288478
2012-06-30,11,c0001_0014,0.019184620524211438,0.018221917808219176,0.0009627027159922596
2012-06-30,12,c0009_0006,0.01891424359443709,0.018221917808219176,0.0006923257862179157
2012-06-30,13,c0004_0011,0.018808199815706937,0.018221917808219176,0.0005862820074877619
2012-06-30,14,c0019_0020,0.018767940382362205,0.018221917808219176,0.0005460225741430292
2012-06-30,15,c0026_0013,0.018715640771605483,0.018221917808219176,0.0004937229633863057
2012-06-30,16,c0018_0018,0.018519247731416392,0.018221917808219176,0.0002973299231972165
2012-06-30,17,c0012_0007,0.016559543702110054,0.01561917808219178,0.0009403656199182746
2012-06-30,18,c0001_0033,0.01639789795331239,0.01561917808219178,0.0007787198711206086
2012-06-30,19,c0009_0007,0.01637088815982083,0.01561917808219178,0.0007517100776290516
2012-06-30,20,c0003_0011,0.01635347803113716,0.01561917808219178,0.0007342999489453789
2012-07-01,1,c0014_0004,0.02537154052623529,0.023427397260273968,0.0019441432659613208
2012-07-01,2,c0004_0013,0.025043809504128094,0.023427397260273968,0.0016164122438541244
2012-07-01,3,c0007_0011,0.022250906160965818,0.020824657534246574,0.001426248626719244
2012-07-01,4,c0004_0033,0.022223399164517675,0.020824657534246574,0.0013987416302711007
2012-07-01,5,c0020_0022,0.02150254576443918,0.020824657534246574,0.0006778882301926075
2012-07-01,6,c0005_0032,0.02136839546928915,0.020824657534246574,0.0005437379350425781
2012-07-01,7,c0009_0005,0.02112529835143934,0.020824657534246574,0.00030064081719276774
2012-07-01,8,c0001_0017,0.019453290085893016,0.018221917808219176,0.0012313722776738413
2012-07-01,9,c0023_0008,0.01937457482943148,0.018221917808219176,0.0011526570212123048
2012-07-01,10,c0001_0010,0.019335197091658023,0.018221917808219176,0.0011132792834388462
2012-07-01,11,c0001_0014,0.019173983033974037,0.018221917808219176,0.0009520652257548615
2012-07-01,12,c0009_0006,0.018906593664017604,0.018221917808219176,0.0006846758557984286
2012-07-01,13,c0004_0011,0.01880172162776022,0.018221917808219176,0.0005798038195410444
2012-07-01,14,c0019_0020,0.018761907045481193,0.018221917808219176,0.0005399892372620182
2012-07-01,15,c0026_0013,0.01871018532506341,0.018221917808219176,0.000488267516844236
2012-07-01,16,c0018_0018,0.018515962351513794,0.018221917808219176,0.00029404454329461923
2012-07-01,17,c0012_0007,0.016549153028088577,0.01561917808219178,0.0009299749458967981
2012-07-01,18,c0001_0033,0.01638929340188742,0.01561917808219178,0.0007701153196956387
2012-07-01,19,c0009_0007,0.016362582056099195,0.01561917808219178,0.000743403973907415
2012-07-01,20,c0003_0011,0.01634536430255982,0.01561917808219178,0.0007261862203680398
2012-07-02,1,c0014_0004,0.025350058499989576,0.023427397260273968,0.001922661239715606
2012-07-02,2,c0004_0013,0.025025948778092968,0.023427397260273968,0.001598551517818999
2012-07-02,3,c0007_0011,0.02223514666887049,0.020824657534246574,0.0014104891346239184
2012-07-02,4,c0004_0033,0.022207943614024794,0.020824657534246574,0.0013832860797782203
2012-07-02,5,c0020_0022,0.02149505536339332,0.020824657534246574,0.0006703978291467472
2012-07-02,6,c0005_0032,0.021362387376780805,0.020824657534246574,0.0005377298425342312
2012-07-02,7,c0009_0005,0.021121976387447006,0.020824657534246574,0.00029731885320043064
2012-07-02,8,c0001_0017,0.019439683901590465,0.018221917808219176,0.0012177660933712896
2012-07-02,9,c0023_0008,0.019361838418069457,0.018221917808219176,0.0011399206098502816
2012-07-02,10,c0001_0010,0.019322895788968883,0.018221917808219176,0.001100977980749706
2012-07-02,11,c0001_0014,0.01916346308386265,0.018221917808219176,0.0009415452756434764
2012-07-02,12,c0009_0006,0.01889902826235118,0.018221917808219176,0.0006771104541320054
2012-07-02,13,c0004_0011,0.018795315021268397,0.018221917808219176,0.000573397213049219
2012-07-02,14,c0019_0020,0.018755940374623976,0.018221917808219176,0.0005340225664048012
2012-07-02,15,c0026_0013,0.01870479015908186,0.018221917808219176,0.0004828723508626841
2012-07-02,16,c0018_0018,0.018512713273780144,0.018221917808219176,0.0002907954655609674
2012-07-02,17,c0020_0001,0.016778758272078136,0.01561917808219178,0.0011595801898863565
2012-07-02,18,c0012_0007,0.016538877166970015,0.01561917808219178,0.0009196990847782329
2012-07-02,19,c0010_0026,0.016396046486386283,0.01561917808219178,0.0007768684041945036
2012-07-02,20,c0001_0033,0.016380783927405995,0.01561917808219178,0.0007616058452142156
2012-07-03,1,c0014_0004,0.02532881384177105,0.023427397260273968,0.0019014165814970833
2012-07-03,2,c0004_0013,0.025008285406127456,0.023427397260273968,0.0015808881458534891
2012-07-03,3,c0007_0011,0.022219561313027745,0.020824657534246574,0.0013949037787811716
2012-07-03,4,c0004_0033,0.02219265884134811,0.020824657534246574,0.0013680013071015345
2012-07-03,5,c0020_0022,0.02148764772836305,0.020824657534246574,0.0006629901941164762
2012-07-03,6,c0005_0032,0.02135644567135576,0.020824657534246574,0.0005317881371091874
2012-07-03,7,c0009_0005,0.021118691129863563,0.020824657534246574,0.0002940335956169884
2012-07-03,8,c0001_0017,0.019426228060327653,0.018221917808219176,0.001204310252108476
2012-07-03,9,c0023_0008,0.019349242739094778,0.018221917808219176,0.0011273249308756013
2012-07-03,10,c0001_0010,0.019310730410885633,0.018221917808219176,0.001088812602666458
2012-07-03,11,c0001_0014,0.019153059375104645,0.018221917808219176,0.0009311415668854695
2012-07-03,12,c0009_0006,0.018891546455428006,0.018221917808219176,0.0006696286472088311
2012-07-03,13,c0004_0011,0.018788979205284252,0.018221917808219176,0.0005670613970650753
2012-07-03,14,c0019_0020,0.018750039633156943,0.018221917808219176,0.0005281218249377677
2012-07-03,15,c0026_0013,0.0186994546075841,0.018221917808219176,0.0004775367993649228
2012-07-03,16,c0018_0018,0.0185095000970906,0.018221917808219176,0.000287582288871426
2012-07-03,17,c0020_0001,0.01676594536239741,0.01561917808219178,0.0011467672802056325
2012-07-03,18,c0012_0007,0.016528714850116477,0.01561917808219178,0.0009095367679246974
2012-07-03,19,c0010_0026,0.016387462392950084,0.01561917808219178,0.0007682843107583024
2012-07-03,20,c0001_0033,0.016372368479304907,0.01561917808219178,0.0007531903971131253
2012-07-04,1,c0014_0004,0.025307803928755427,0.023427397260273968,0.0018804066684814597
2012-07-04,2,c0004_0013,0.024990817207545923,0.023427397260273968,0.0015634199472719557
2012-07-04,3,c0007_0011,0.02220414816929978,0.020824657534246574,0.0013794906350532037
2012-07-04,4,c0020_0022,0.021480321944816118,0.020824657534246574,0.0006556644105695424
2012-07-04,5,c0005_0032,0.021350569619462596,0.020824657534246574,0.0005259120852160205
2012-07-04,6,c0004_0033,0.01956588629954208,0.018221917808219176,0.0013439684913229026
2012-07-04,7,c0001_0017,0.019412920900872516,0.018221917808219176,0.0011910030926533387
2012-07-04,8,c0020_0001,0.01935601375640807,0.018221917808219176,0.0011340959481888932
2012-07-04,9,c0023_0008,0.019336786237469344,0.018221917808219176,0.00111486842925017
2012-07-04,10,c0001_0010,0.019298699455494298,0.018221917808219176,0.0010767816472751226
2012-07-04,11,c0001_0014,0.019142770623278314,0.018221917808219176,0.0009208528150591378
2012-07-04,12,c0010_0026,0.01898171287643201,0.018221917808219176,0.0007597950682128362
2012-07-04,13,c0009_0006,0.018884147319558713,0.018221917808219176,0.0006622295113395363
2012-07-04,14,c0004_0011,0.018782713397600237,0.018221917808219176,0.0005607955893810618
2012-07-04,15,c0018_0018,0.01850632242475261,0.018221917808219176,0.00028440461653343415
2012-07-04,16,c0009_0005,0.018503710201100948,0.018221917808219176,0.00028179239288177226
2012-07-04,17,c0021_0015,0.017238821454792545,0.01561917808219178,0.0016196433726007636
2012-07-04,18,c0009_0009,0.017137546962362454,0.01561917808219178,0.0015183688801706718
2012-07-04,19,c0012_0007,0.016518664822908046,0.01561917808219178,0.0008994867407162656
2012-07-04,20,c0001_0033,0.01636404601862925,0.01561917808219178,0.0007448679364374691
2012-07-05,1,c0014_0004,0.025287026167099595,0.023427397260273968,0.0018596289068256275
2012-07-05,2,c0004_0013,0.024973542025758452,0.023427397260273968,0.0015461447654844843
2012-07-05,3,c0007_0011,0.02218890533480976,0.020824657534246574,0.0013642478005631861
2012-07-05,4,c0020_0022,0.021473077108325495,0.020824657534246574,0.0006484195740789192
2012-07-05,5,c0005_0032,0.021344758495655335,0.020824657534246574,0.0005201009614087619
2012-07-05,6,c0004_0033,0.019551035970911727,0.018221917808219176,0.00132911816269255
2012-07-05,7,c0001_0017,0.01939976078034896,0.018221917808219176,0.001177842972129785
2012-07-05,8,c0020_0001,0.019343482437677244,0.018221917808219176,0.001121564629458066
2012-07-05,9,c0023_0008,0.019324467375337634,0.018221917808219176,0.0011025495671184594
2012-07-05,10,c0001_0010,0.01928680143747646,0.018221917808219176,0.0010648836292572834
2012-07-05,11,c0001_0014,0.019132595558154317,0.018221917808219176,0.0009106777499351389
2012-07-05,12,c0010_0026,0.018973317436711865,0.018221917808219176,0.0007513996284926866
2012-07-05,13,c0009_0006,0.018876829941260335,0.018221917808219176,0.0006549121330411583
2012-07-05,14,c0004_0011,0.018776516824651892,0.018221917808219176,0.0005545990164327157
2012-07-05,15,c0018_0018,0.018503179864456903,0.018221917808219176,0.0002812620562377284
2012-07-05,16,c0009_0005,0.018500596504859673,0.018221917808219176,0.00027867869664049456
2012-07-05,17,c0021_0015,0.017220925026042628,0.01561917808219178,0.0016017469438508465
2012-07-05,18,c0009_0009,0.017120769577328342,0.01561917808219178,0.0015015914951365629
2012-07-05,19,c0012_0007,0.016508725844587853,0.01561917808219178,0.0008895477623960721
2012-07-05,20,c0001_0033,0.016355815517904177,0.01561917808219178,0.0007366374357123957
2012-07-06,1,c0014_0004,0.025266477991621406,0.023427397260273968,0.0018390807313474356
2012-07-06,2,c0004_0013,0.02495645772800461,0.023427397260273968,0.0015290604677306414
2012-07-06,3,c0007_0011,0.022173830927706913,0.020824657534246574,0.0013491733934603404
2012-07-06,4,c0020_0022,0.02146591232445772,0.020824657534246574,0.0006412547902111465
2012-07-06,5,c0005_0032,0.02133901158250391,0.020824657534246574,0.0005143540482573384
2012-07-06,6,c0004_0033,0.019536349732631596,0.018221917808219176,0.0013144319244124201
2012-07-06,7,c0001_0017,0.01938674607403404,0.018221917808219176,0.0011648282658148614
2012-07-06,8,c0020_0001,0.019331089585140026,0.018221917808219176,0.0011091717769208483
2012-07-06,9,c0023_0008,0.01931228463183682,0.018221917808219176,0.0010903668236176458
2012-07-06,10,c0001_0010,0.019275034887925892,0.018221917808219176,0.0010531170797067153
2012-07-06,11,c0001_0014,0.019122532923538844,0.018221917808219176,0.0009006151153196688
2012-07-06,12,c0010_0026,0.018965014763332327,0.018221917808219176,0.0007430969551131512
2012-07-06,13,c0009_0006,0.018869593417143542,0.018221917808219176,0.0006476756089243667
2012-07-06,14,c0004_0011,0.018770388721422337,0.018221917808219176,0.0005484709132031607
2012-07-06,15,c0018_0018,0.018500072028229085,0.018221917808219176,0.00027815422000991054
2012-07-06,16,c0009_0005,0.018497517213749717,0.018221917808219176,0.00027559940553054
2012-07-06,17,c0021_0015,0.017203226345863427,0.01561917808219178,0.001584048263671645
2012-07-06,18,c0009_0009,0.01710417757586753,0.01561917808219178,0.001484999493675747
2012-07-06,19,c0012_0007,0.016498896688108913,0.01561917808219178,0.0008797186059171331
2012-07-06,20,c0001_0033,0.01634767596100803,0.01561917808219178,0.0007284978788162504
2012-07-07,1,c0014_0004,0.025246156865482965,0.023427397260273968,0.001818759605208998
2012-07-07,2,c0004_0013,0.024939562205090134,0.023427397260273968,0.0015121649448161648
2012-07-07,3,c0007_0011,0.02215892308693418,0.020824657534246574,0.0013342655526876058
2012-07-07,4,c0020_0022,0.02145882670866248,0.020824657534246574,0.0006341691744159057
2012-07-07,5,c0005_0032,0.021333328170505574,0.020824657534246574,0.0005086706362589997
2012-07-07,6,c0004_0033,0.0195218257715672,0.018221917808219176,0.0012999079633480228
2012-07-07,7,c0001_0017,0.01937387517515735,0.018221917808219176,0.0011519573669381716
2012-07-07,8,c0020_0001,0.01931883366879888,0.018221917808219176,0.0010969158605797042
2012-07-07,9,c0023_0008,0.019300236502909025,0.018221917808219176,0.0010783186946898484
2012-07-07,10,c0001_0010,0.01926339835416721,0.018221917808219176,0.0010414805459480348
2012-07-07,11,c0001_0014,0.019112581477118553,0.018221917808219176,0.0008906636688993773
2012-07-07,12,c0010_0026,0.018956803831261457,0.018221917808219176,0.0007348860230422792
2012-07-07,13,c0009_0006,0.018862436853801106,0.018221917808219176,0.0006405190455819307
2012-07-07,14,c0004_0011,0.018764328331347835,0.018221917808219176,0.0005424105231286588
2012-07-07,15,c0018_0018,0.018496998532381726,0.018221917808219176,0.0002750807241625483
2012-07-07,16,c0009_0005,0.01849447194760778,0.018221917808219176,0.0002725541393886011
2012-07-07,17,c0021_0015,0.017185723229210217,0.01561917808219178,0.001566545147018435
2012-07-07,18,c0009_0009,0.017087768909563688,0.01561917808219178,0.0014685908273719074
2012-07-07,19,c0012_0007,0.016489176139982634,0.01561917808219178,0.0008699980577908555
2012-07-07,20,c0001_0033,0.016339626343046906,0.01561917808219178,0.0007204482608551275
2012-07-08,1,c0014_0004,0.025226060279877466,0.023427397260273968,0.0017986630196034986
2012-07-08,2,c0004_0013,0.024922853371126538,0.023427397260273968,0.001495456110852569
2012-07-08,3,c0007_0011,0.022144179971998454,0.020824657534246574,0.0013195224377518782
2012-07-08,4,c0020_0022,0.02145181938616339,0.020824657534246574,0.0006271618519168153
2012-07-08,5,c0005_0032,0.0213277075579973,0.020824657534246574,0.0005030500237507249
2012-07-08,6,c0004_0033,0.01950746229461847,0.018221917808219176,0.001285544486399297
2012-07-08,7,c0001_0017,0.019361146494702684,0.018221917808219176,0.0011392286864835065
2012-07-08,8,c0020_0001,0.01930671317556215,0.018221917808219176,0.0010847953673429765
2012-07-08,9,c0023_0008,0.019288321501115615,0.018221917808219176,0.0010664036928964397
2012-07-08,10,c0001_0010,0.019251890399576532,0.018221917808219176,0.001029972591357356
2012-07-08,11,c0001_0014,0.01910273999030717,0.018221917808219176,0.0008808221820879922
2012-07-08,12,c0010_0026,0.0189486836267935,0.018221917808219176,0.0007267658185743243
2012-07-08,13,c0009_0006,0.018855359367697597,0.018221917808219176,0.000633441559478422
2012-07-08,14,c0004_0011,0.018758334906224382,0.018221917808219176,0.0005364170980052072
2012-07-08,15,c0018_0018,0.018493958997466982,0.018221917808219176,0.0002720411892478062
2012-07-08,16,c0009_0005,0.018491460330471204,0.018221917808219176,0.000269542522252027
2012-07-08,17,c0021_0015,0.017168413515182168,0.01561917808219178,0.0015492354329903865
2012-07-08,18,c0009_0009,0.01707154155263471,0.01561917808219178,0.0014523634704429313
2012-07-08,19,c0012_0007,0.016479563000129004,0.01561917808219178,0.0008603849179372229
2012-07-08,20,c0001_0033,0.01633166567023059,0.01561917808219178,0.0007124875880388076
2012-07-09,1,c0014_0004,0.02520618575371943,0.023427397260273968,0.001778788493445462
2012-07-09,2,c0004_0013,0.02490632916327359,0.023427397260273968,0.0014789319029996232
2012-07-09,3,c0007_0011,0.022129599762743358,0.020824657534246574,0.0013049422284967852
2012-07-09,4,c0020_0022,0.021444889491850007,0.020824657534246574,0.0006202319576034317
2012-07-09,5,c0005_0032,0.021322149051069172,0.020824657534246574,0.0004974915168225963
2012-07-09,6,c0004_0033,0.019493257528498415,0.018221917808219176,0.00127133972027924
2012-07-09,7,c0001_0017,0.019348558461211845,0.018221917808219176,0.0011266406529926677
2012-07-09,8,c0020_0001,0.019294726609057258,0.018221917808219176,0.00107280880083808
2012-07-09,9,c0023_0008,0.019276538155453587,0.018221917808219176,0.0010546203472344105
2012-07-09,10,c0001_0010,0.019240509603404104,0.018221917808219176,0.0010185917951849271
2012-07-09,11,c0001_0014,0.01909300724809382,0.018221917808219176,0.0008710894398746419
2012-07-09,12,c0010_0026,0.01894065314742377,0.018221917808219176,0.0007187353392045941
2012-07-09,13,c0009_0006,0.01884836008506031,0.018221917808219176,0.0006264422768411347
2012-07-09,14,c0004_0011,0.018752407706115342,0.018221917808219176,0.0005304898978961657
2012-07-09,15,c0018_0018,0.018490953048229775,0.018221917808219176,0.00026903524001059954
2012-07-09,16,c0009_0005,0.018488481990531585,0.018221917808219176,0.00026656418231240785
2012-07-09,17,c0021_0015,0.01715129506675556,0.01561917808219178,0.001532116984563781
2012-07-09,18,c0009_0009,0.01705549350168259,0.01561917808219178,0.0014363154194908091
2012-07-09,19,c0012_0007,0.016470056081728416,0.01561917808219178,0.0008508779995366361
2012-07-09,20,c0001_0033,0.016323792959749846,0.01561917808219178,0.0007046148775580665
2012-07-10,1,c0014_0004,0.025186530833338407,0.023427397260273968,0.001759133573064439
2012-07-10,2,c0004_0013,0.024889987541484648,0.023427397260273968,0.0014625902812106786
2012-07-10,3,c0007_0011,0.022115180659124548,0.020824657534246574,0.0012905231248779743
2012-07-10,4,c0020_0022,0.02143803617017102,0.020824657534246574,0.0006133786359244455
2012-07-10,5,c0005_0032,0.021316651963478706,0.020824657534246574,0.0004919944292321307
2012-07-10,6,c0004_0033,0.019479209719514157,0.018221917808219176,0.0012572919112949807
2012-07-10,7,c0001_0017,0.019336109520590634,0.018221917808219176,0.001114191712371457
2012-07-10,8,c0020_0001,0.01928287248944594,0.018221917808219176,0.0010609546812267653
2012-07-10,9,c0023_0008,0.01926488501117394,0.018221917808219176,0.0010429672029547618
2012-07-10,10,c0001_0010,0.019229254560598905,0.018221917808219176,0.001007336752379729
2012-07-10,11,c0001_0014,0.019083382048893028,0.018221917808219176,0.0008614642406738519
2012-07-10,12,c0010_0026,0.01893271140172486,0.018221917808219176,0.0007107935935056827
2012-07-10,13,c0009_0006,0.01884143814177139,0.018221917808219176,0.0006195203335522113
2012-07-10,14,c0004_0011,0.018746545999260084,0.018221917808219176,0.0005246281910409064
2012-07-10,15,c0018_0018,0.018487980313561442,0.018221917808219176,0.00026606250534226626
2012-07-10,16,c0009_0005,0.018485536560088847,0.018221917808219176,0.0002636187518696718
2012-07-10,17,c0021_0015,0.017134365770519962,0.01561917808219178,0.0015151876883281816
2012-07-10,18,c0009_0009,0.01703962277544608,0.01561917808219178,0.001420444693254299
2012-07-10,19,c0012_0007,0.01646065421107517,0.01561917808219178,0.00084147612888339
2012-07-10,20,c0001_0033,0.01631600723965512,0.01561917808219178,0.0006968291574633392
2012-07-11,1,c0014_0004,0.025167093092176053,0.023427397260273968,0.001739695831902086
2012-07-11,2,c0004_0013,0.024873826488254775,0.023427397260273968,0.0014464292279808076
2012-07-11,3,c0007_0011,0.022100920880987456,0.020824657534246574,0.0012762633467408818
2012-07-11,4,c0020_0022,0.02143125857502863,0.020824657534246574,0.0006066010407820553
2012-07-11,5,c0005_0032,0.02131121561656613,0.020824657534246574,0.00048655808231955666
2012-07-11,6,c0004_0033,0.019465317133350448,0.018221917808219176,0.0012433993251312707
2012-07-11,7,c0001_0017,0.01932379813591699,0.018221917808219176,0.0011018803276978146
2012-07-11,8,c0020_0001,0.019271149353241594,0.018221917808219176,0.0010492315450224188
2012-07-11,9,c0023_0008,0.019253360629602083,0.018221917808219176,0.001031442821382905
2012-07-11,10,c0001_0014,0.019073863204396375,0.018221917808219176,0.0008519453961771992
2012-07-11,11,c0010_0026,0.018924857409224248,0.018221917808219176,0.0007029396010050709
2012-07-11,12,c0004_0011,0.01874074906198365,0.018221917808219176,0.0005188312537644706
2012-07-11,13,c0018_0018,0.018485040426453925,0.018221917808219176,0.0002631226182347506
2012-07-11,14,c0009_0005,0.018482623675505867,0.018221917808219176,0.0002607058672866899
2012-07-11,15,c0021_0015,0.017117623536417294,0.01561917808219178,0.0014984454542255135
2012-07-11,16,c0009_0009,0.017023927414556106,0.01561917808219178,0.0014047493323643247
2012-07-11,17,c0019_0014,0.016983371244964636,0.01561917808219178,0.0013641931627728552
2012-07-11,18,c0001_0010,0.01660588260279156,0.01561917808219178,0.0009867045205997798
2012-07-11,19,c0012_0007,0.016451356227432552,0.01561917808219178,0.0008321781452407716
2012-07-11,20,c0020_0016,0.016341999713887136,0.01561917808219178,0.0007228216316953559
2012-07-12,1,c0014_0004,0.02514787013048655,0.023427397260273968,0.001720472870212582
2012-07-12,2,c0004_0013,0.024857844008371696,0.023427397260273968,0.0014304467480977271
2012-07-12,3,c0007_0011,0.022086818667847532,0.020824657534246574,0.0012621611336009592
2012-07-12,4,c0020_0022,0.021424555869674088,0.020824657534246574,0.0005998983354275121
2012-07-12,5,c0005_0032,0.021305839339170605,0.020824657534246574,0.0004811818049240299
2012-07-12,6,c0004_0033,0.019451578054855548,0.018221917808219176,0.0012296602466363704
2012-07-12,7,c0001_0017,0.019311622787251244,0.018221917808219176,0.0010897049790320685
2012-07-12,8,c0020_0001,0.01925955575312856,0.018221917808219176,0.0010376379449093844
2012-07-12,9,c0023_0008,0.019241963587960223,0.018221917808219176,0.0010200457797410456
2012-07-12,10,c0001_0014,0.019064449539425782,0.018221917808219176,0.0008425317312066062
2012-07-12,11,c0010_0026,0.018917090200283256,0.018221917808219176,0.0006951723920640792
2012-07-12,12,c0004_0011,0.018735016178607403,0.018221917808219176,0.0005130983703882268
2012-07-12,13,c0018_0018,0.018482133023954468,0.018221917808219176,0.0002602152157352927
2012-07-12,14,c0009_0005,0.01847974297716356,0.018221917808219176,0.00025782516894438164
2012-07-12,15,c0021_0015,0.01710106629748381,0.01561917808219178,0.0014818882152920296
2012-07-12,16,c0009_0009,0.017008405481293856,0.01561917808219178,0.0013892273991020763
2012-07-12,17,c0019_0014,0.016968297441588103,0.01561917808219178,0.0013491193593963224
2012-07-12,18,c0001_0010,0.016594979901957005,0.01561917808219178,0.0009758018197652254
2012-07-12,19,c0012_0007,0.016442160982889534,0.01561917808219178,0.0008229829006977551
2012-07-12,20,c0020_0016,0.01633401281624697,0.01561917808219178,0.0007148347340551904
2012-07-13,1,c0014_0004,0.02512885957504033,0.023427397260273968,0.0017014623147663648
2012-07-13,2,c0004_0013,0.02484203812866944,0.023427397260273968,0.001414640868395473
2012-07-13,3,c0007_0011,0.0220728722786729,0.020824657534246574,0.0012482147444263267
2012-07-13,4,c0020_0022,0.021417927226604388,0.020824657534246574,0.000593269692357814
2012-07-13,5,c0005_0032,0.021300522467547347,0.020824657534246574,0.00047586493330077157
2012-07-13,6,c0004_0033,0.019437990787829474,0.018221917808219176,0.0012160729796102992
2012-07-13,7,c0001_0017,0.019299581971448466,0.018221917808219176,0.0010776641632292896
2012-07-13,8,c0020_0001,0.019248090257783457,0.018221917808219176,0.0010261724495642813
2012-07-13,9,c0023_0008,0.019230692479191708,0.018221917808219176,0.0010087746709725297
2012-07-13,10,c0001_0014,0.019055139891788433,0.018221917808219176,0.0008332220835692555
2012-07-13,11,c0010_0026,0.018909408815977333,0.018221917808219176,0.0006874910077581584
2012-07-13,12,c0004_0011,0.01872934664136069,0.018221917808219176,0.0005074288331415141
2012-07-13,13,c0018_0018,0.018479257747120795,0.018221917808219176,0.0002573399389016197
2012-07-13,14,c0009_0005,0.018476894109416494,0.018221917808219176,0.00025497630119731754
2012-07-13,15,c0021_0015,0.01708469200959491,0.01561917808219178,0.0014655139274031286
2012-07-13,16,c0009_0009,0.016993055059351562,0.01561917808219178,0.001373876977159782
2012-07-13,17,c0019_0014,0.01695339019787074,0.01561917808219178,0.00133421211567896
2012-07-13,18,c0001_0010,0.01658419767172232,0.01561917808219178,0.0009650195895305372
2012-07-13,19,c0012_0007,0.016433067342219068,0.01561917808219178,0.0008138892600272865
2012-07-13,20,c0020_0016,0.01632611417071648,0.01561917808219178,0.000706936088524698
2012-07-14,1,c0014_0004,0.025110059078831102,0.023427397260273968,0.0016826618185571346
2012-07-14,2,c0004_0013,0.024826406897784762,0.023427397260273968,0.0013990096375107951
2012-07-14,3,c0007_0011,0.0220590799916694,0.020824657534246574,0.0012344224574228294
2012-07-14,4,c0020_0022,0.02141137182746012,0.020824657534246574,0.0005867142932135456
2012-07-14,5,c0005_0032,0.021295264345285697,0.020824657534246574,0.00047060681103912446
2012-07-14,6,c0004_0033,0.019424553654814602,0.018221917808219176,0.0012026358465954253
2012-07-14,7,c0001_0017,0.01928767420197289,0.018221917808219176,0.001065756393753715
2012-07-14,8,c0020_0001,0.01923675145169847,0.018221917808219176,0.001014833643479294
2012-07-14,9,c0023_0008,0.019219545911787306,0.018221917808219176,0.0009976281035681317
2012-07-14,10,c0001_0014,0.019045933112133286,0.018221917808219176,0.0008240153039141084
2012-07-14,11,c0010_0026,0.01890181230797768,0.018221917808219176,0.0006798944997585018
2012-07-14,12,c0004_0011,0.018723739750293438,0.018221917808219176,0.0005018219420742611
2012-07-14,13,c0018_0018,0.018476414240976808,0.018221917808219176,0.000254496432757631
2012-07-14,14,c0009_0005,0.018474076720548988,0.018221917808219176,0.0002521589123298115
2012-07-14,15,c0021_0015,0.01706849865121277,0.01561917808219178,0.0014493205690209892
2012-07-14,16,c0009_0009,0.016977874253595905,0.01561917808219178,0.0013586961714041235
2012-07-14,17,c0019_0014,0.016938647673393155,0.01561917808219178,0.0013194695912013752
2012-07-14,18,c0001_0010,0.016573534580934267,0.01561917808219178,0.0009543564987424861
2012-07-14,19,c0012_0007,0.01642407418273791,0.01561917808219178,0.0008048961005461275
2012-07-14,20,c0020_0016,0.0163183028021442,0.01561917808219178,0.0006991247199524228
2012-07-15,1,c0014_0004,0.025091466320786064,0.023427397260273968,0.0016640690605120975
2012-07-15,2,c0004_0013,0.02481094838591622,0.023427397260273968,0.0013835511256422499
2012-07-15,3,c0007_0011,0.022045440104068042,0.020824657534246574,0.001220782569821467
2012-07-15,4,c0020_0022,0.02140488886292442,0.020824657534246574,0.0005802313286778444
2012-07-15,5,c0005_0032,0.021290064323228088,0.020824657534246574,0.0004654067889815135
2012-07-15,6,c0004_0033,0.01941126499688855,0.018221917808219176,0.0011893471886693717
2012-07-15,7,c0001_0017,0.0192758980087144,0.018221917808219176,0.001053980200495223
2012-07-15,8,c0020_0001,0.019225537935006594,0.018221917808219176,0.0010036201267874174
2012-07-15,9,c0023_0008,0.019208522509613437,0.018221917808219176,0.0009866047013942611
2012-07-15,10,c0001_0014,0.019036828063809182,0.018221917808219176,0.0008149102555900071
2012-07-15,11,c0010_0026,0.018894299738434144,0.018221917808219176,0.000672381930214967
2012-07-15,12,c0004_0011,0.01871819481318975,0.018221917808219176,0.0004962770049705727
2012-07-15,13,c0018_0018,0.01847360215446875,0.018221917808219176,0.00025168434624957373
2012-07-15,14,c0009_0005,0.018471290462731674,0.018221917808219176,0.00024937265451249914
2012-07-15,15,c0021_0015,0.017052484223136776,0.01561917808219178,0.0014333061409449966
2012-07-15,16,c0009_0009,0.01696286118983405,0.01561917808219178,0.0013436831076422697
2012-07-15,17,c0019_0014,0.016924068048071873,0.01561917808219178,0.0013048899658800923
2012-07-15,18,c0001_0010,0.016562989313148348,0.01561917808219178,0.0009438112309565665
2012-07-15,19,c0012_0007,0.016415180394168033,0.01561917808219178,0.0007960023119762529
2012-07-15,20,c0020_0016,0.016310577746153732,0.01561917808219178,0.0006913996639619531
2012-07-16,1,c0014_0004,0.02507307900547938,0.023427397260273968,0.0016456817452054102
2012-07-16,2,c0004_0013,0.024795660684585916,0.023427397260273968,0.0013682634243119478
2012-07-16,3,c0007_0011,0.02203195093191475,0.020824657534246574,0.001207293397668175
2012-07-16,4,c0020_0022,0.02139847753262306,0.020824657534246574,0.0005738199983764841
2012-07-16,5,c0005_0032,0.021284921759389876,0.020824657534246574,0.00046026422514330216
2012-07-16,6,c0004_0033,0.019398123173459382,0.018221917808219176,0.0011762053652402073
2012-07-16,7,c0001_0017,0.019264251937807012,0.018221917808219176,0.0010423341295878372
2012-07-16,8,c0020_0001,0.01921444832330881,0.018221917808219176,0.0009925305150896321
2012-07-16,9,c0023_0008,0.019197620911742246,0.018221917808219176,0.0009757031035230684
2012-07-16,10,c0001_0014,0.019027823622724524,0.018221917808219176,0.0008059058145053474
2012-07-16,11,c0010_0026,0.018886870179859468,0.018221917808219176,0.0006649523716402906
2012-07-16,12,c0004_0011,0.018712711145482445,0.018221917808219176,0.0004907933372632697
2012-07-16,13,c0018_0018,0.018470821140421877,0.018221917808219176,0.00024890333220270233
2012-07-16,14,c0009_0005,0.01846853499197857,0.018221917808219176,0.0002466171837593948
2012-07-16,15,c0021_0015,0.017036646748256706,0.01561917808219178,0.001417468666064924
2012-07-16,16,c0009_0009,0.01694801401458227,0.01561917808219178,0.0013288359323904897
2012-07-16,17,c0019_0014,0.01690964952193463,0.01561917808219178,0.0012904714397428505
2012-07-16,18,c0020_0016,0.01685501375084925,0.01561917808219178,0.0012358356686574675
2012-07-16,19,c0001_0010,0.016552560566466253,0.01561917808219178,0.0009333824842744723
2012-07-16,20,c0012_0007,0.016406384878499557,0.01561917808219178,0.0007872067963077774
2012-07-17,1,c0014_0004,0.02505489486284876,0.023427397260273968,0.001627497602574792
2012-07-17,2,c0004_0013,0.024780541906403903,0.023427397260273968,0.0013531446461299361
2012-07-17,3,c0007_0011,0.022018610809862497,0.020824657534246574,0.001193953275615924
2012-07-17,4,c0020_0022,0.021392137045025635,0.020824657534246574,0.0005674795107790619
2012-07-17,5,c0005_0032,0.02127983601888011,0.020824657534246574,0.0004551784846335342
2012-07-17,6,c0004_0033,0.01938512656206308,0.018221917808219176,0.0011632087538439035
2012-07-17,7,c0001_0017,0.01925273455144941,0.018221917808219176,0.0010308167432302332
2012-07-17,8,c0020_0001,0.019203481247503165,0.018221917808219176,0.0009815634392839891
2012-07-17,9,c0023_0008,0.019186839772283602,0.018221917808219176,0.0009649219640644269
2012-07-17,10,c0001_0014,0.019018918677208476,0.018221917808219176,0.0007970008689892992
2012-07-17,11,c0010_0026,0.01887952271501476,0.018221917808219176,0.0006576049067955825
2012-07-17,12,c0004_0011,0.01870728807016855,0.018221917808219176,0.0004853702619493739
2012-07-17,13,c0018_0018,0.018468070855497593,0.018221917808219176,0.0002461530472784169
2012-07-17,14,c0009_0005,0.0184658099681046,0.018221917808219176,0.00024389215988542432
2012-07-17,15,c0021_0015,0.017020984271308624,0.01561917808219178,0.0014018061891168437
2012-07-17,16,c0009_0009,0.016933330894837107,0.01561917808219178,0.001314152812645327
2012-07-17,17,c0019_0014,0.01689539031489816,0.01561917808219178,0.0012762122327063805
2012-07-17,18,c0020_0016,0.0168413582478139,0.01561917808219178,0.0012221801656221174
2012-07-17,19,c0001_0010,0.016542247053375148,0.01561917808219178,0.000923068971183368
2012-07-17,20,c0012_0007,0.016397686549855177,0.01561917808219178,0.0007785084676633982
2012-07-18,1,c0014_0004,0.025036911647915234,0.023427397260273968,0.0016095143876412663
2012-07-18,2,c0004_0013,0.024765590184835155,0.023427397260273968,0.0013381929245611867
2012-07-18,3,c0007_0011,0.022005418090965696,0.020824657534246574,0.0011807605567191223
2012-07-18,4,c0020_0022,0.021385866617347853,0.020824657534246574,0.0005612090831012779
2012-07-18,5,c0005_0032,0.021274806473823127,0.020824657534246574,0.0004501489395765512
2012-07-18,6,c0020_0016,0.01943059335879848,0.018221917808219176,0.0012086755505793037
2012-07-18,7,c0003_0011,0.019373677285107912,0.018221917808219176,0.0011517594768887366
2012-07-18,8,c0004_0033,0.019372273558163202,0.018221917808219176,0.0011503557499440264
2012-07-18,9,c0001_0017,0.01924134442772741,0.018221917808219176,0.0010194266195082326
2012-07-18,10,c0020_0001,0.019192635353615758,0.018221917808219176,0.0009707175453965823
2012-07-18,11,c0023_0008,0.019176177760218946,0.018221917808219176,0.0009542599519997713
2012-07-18,12,c0001_0014,0.01901011212787374,0.018221917808219176,0.0007881943196545613
2012-07-18,13,c0004_0011,0.018701924917725703,0.018221917808219176,0.0004800071095065265
2012-07-18,14,c0018_0018,0.01846535096015105,0.018221917808219176,0.00024343315193187568
2012-07-18,15,c0010_0002,0.017909317631149415,0.01561917808219178,0.0022901395489576338
2012-07-18,16,c0022_0021,0.01742179793021544,0.01561917808219178,0.001802619848023659
2012-07-18,17,c0021_0015,0.01700549485863351,0.01561917808219178,0.0013863167764417317
2012-07-18,18,c0009_0009,0.01691881001784908,0.01561917808219178,0.0012996319356572996
2012-07-18,19,c0019_0014,0.016881288666548422,0.01561917808219178,0.0012621105843566409
2012-07-18,20,c0013_0004,0.016747070934059787,0.01561917808219178,0.0011278928518680066
2012-07-19,1,c0014_0004,0.025019127140505967,0.023427397260273968,0.0015917298802319991
2012-07-19,2,c0004_0013,0.024750803673969125,0.023427397260273968,0.0013234064136951578
2012-07-19,3,c0007_0011,0.02199237114647686,0.020824657534246574,0.0011677136122302842
2012-07-19,4,c0020_0022,0.02137966547545487,0.020824657534246574,0.000555007941208294
2012-07-19,5,c0005_0032,0.02126983250328105,0.020824657534246574,0.0004451749690344767
2012-07-19,6,c0004_0033,0.019910264060546103,0.018221917808219176,0.001688346252326926
2012-07-19,7,c0020_0016,0.019417237964494623,0.018221917808219176,0.0011953201562754485
2012-07-19,8,c0003_0011,0.019360950791261256,0.018221917808219176,0.0011390329830420806
2012-07-19,9,c0001_0017,0.01923008016043843,0.018221917808219176,0.001008162352219254
2012-07-19,10,c0020_0001,0.019181909302633568,0.018221917808219176,0.000959991494414391
2012-07-19,11,c0023_0008,0.01916563355923695,0.018221917808219176,0.0009437157510177735
2012-07-19,12,c0001_0014,0.01900140288748081,0.018221917808219176,0.0007794850792616367
2012-07-19,13,c0004_0011,0.018696621026029505,0.018221917808219176,0.00047470321781032976
2012-07-19,14,c0018_0018,0.01846266111858925,0.018221917808219176,0.00024074331037007504
2012-07-19,15,c0010_0002,0.01788401248067084,0.01561917808219178,0.00226483439847906
2012-07-19,16,c0022_0021,0.01740187968264373,0.01561917808219178,0.0017827016004519486
2012-07-19,17,c0021_0015,0.016990176597938528,0.01561917808219178,0.0013709985157467459
2012-07-19,18,c0009_0009,0.01690444959089888,0.01561917808219178,0.0012852715087071
2012-07-19,19,c0019_0014,0.01686734283592326,0.01561917808219178,0.0012481647537314795
2012-07-19,20,c0013_0004,0.01673460815712848,0.01561917808219178,0.0011154300749366974
2012-07-20,1,c0014_0004,0.025001539144980173,0.023427397260273968,0.001574141884706204
2012-07-20,2,c0004_0013,0.024736180548291867,0.023427397260273968,0.0013087832880179
2012-07-20,3,c0007_0011,0.021979468365645526,0.020824657534246574,0.0011548108313989521
2012-07-20,4,c0020_0022,0.021373532853765736,0.020824657534246574,0.0005488753195191606
2012-07-20,5,c0005_0032,0.02126491349317713,0.020824657534246574,0.00044025595893055553
2012-07-20,6,c0004_0033,0.019891608491720825,0.018221917808219176,0.0016696906835016478
2012-07-20,7,c0020_0016,0.01940403014209865,0.018221917808219176,0.0011821123338794767
2012-07-20,8,c0003_0011,0.01934836492021726,0.018221917808219176,0.0011264471119980832
2012-07-20,9,c0001_0017,0.019218940358917885,0.018221917808219176,0.0009970225506987075
2012-07-20,10,c0020_0001,0.01917130177033914,0.018221917808219176,0.0009493839621199662
2012-07-20,11,c0023_0008,0.01915520586757101,0.018221917808219176,0.0009332880593518335
2012-07-20,12,c0001_0014,0.018992789880803777,0.018221917808219176,0.0007708720725845995
2012-07-20,13,c0004_0011,0.01869137574027178,0.018221917808219176,0.0004694579320526031
2012-07-20,14,c0018_0018,0.01846000099872957,0.018221917808219176,0.00023808319051039329
2012-07-20,15,c0010_0002,0.017858986942253914,0.01561917808219178,0.002239808860062133
2012-07-20,16,c0022_0021,0.017382181523953634,0.01561917808219178,0.0017630034417618528
2012-07-20,17,c0021_0015,0.016975027598060913,0.01561917808219178,0.0013558495158691338
2012-07-20,18,c0009_0009,0.016890247841076053,0.01561917808219178,0.0012710697588842735
2012-07-20,19,c0019_0014,0.01685355110129748,0.01561917808219178,0.0012343730191056994
2012-07-20,20,c0013_0004,0.016722283089030576,0.01561917808219178,0.0011031050068387959
2012-07-21,1,c0004_0013,0.025273049734776634,0.023427397260273968,0.0018456524745026673
2012-07-21,2,c0014_0004,0.02498414548995804,0.023427397260273968,0.0015567482296840688
2012-07-21,3,c0007_0011,0.021966708155519404,0.020824657534246574,0.0011420506212728315
2012-07-21,4,c0020_0022,0.021367467995158873,0.020824657534246574,0.0005428104609122999
2012-07-21,5,c0005_0032,0.021260048836219916,0.020824657534246574,0.000435391301973342
2012-07-21,6,c0020_0016,0.0199431845555533,0.018221917808219176,0.0017212667473341233
2012-07-21,7,c0004_0033,0.019873159059668567,0.018221917808219176,0.0016512412514493896
2012-07-21,8,c0003_0011,0.019335918118148696,0.018221917808219176,0.0011140003099295187
2012-07-21,9,c0001_0017,0.019207923647867484,0.018221917808219176,0.0009860058396483063
2012-07-21,10,c0020_0001,0.019160811447147125,0.018221917808219176,0.000938893638927947
2012-07-21,11,c0023_0008,0.01914489339783854,0.018221917808219176,0.0009229755896193649
2012-07-21,12,c0001_0014,0.018984272044497527,0.018221917808219176,0.0007623542362783523
2012-07-21,13,c0004_0011,0.01868618841287972,0.018221917808219176,0.00046427060466054155
2012-07-21,14,c0018_0018,0.01845737027215877,0.018221917808219176,0.00023545246393959248
2012-07-21,15,c0010_0002,0.017834237926294204,0.01561917808219178,0.0022150598441024226
2012-07-21,16,c0022_0021,0.01736270102224869,0.01561917808219178,0.001743522940056909
2012-07-21,17,c0021_0015,0.016960045988734535,0.01561917808219178,0.001340867906542756
2012-07-21,18,c0009_0009,0.016876203015060116,0.01561917808219178,0.0012570249328683345
2012-07-21,19,c0019_0014,0.016839911759970277,0.01561917808219178,0.001220733677778496
2012-07-21,20,c0013_0004,0.016710094208137082,0.01561917808219178,0.0010909161259453019
2012-07-22,1,c0004_0013,0.025252655993434674,0.023427397260273968,0.001825258733160704
2012-07-22,2,c0014_0004,0.024966944028052652,0.023427397260273968,0.0015395467677786845
2012-07-22,3,c0007_0011,0.021954088940747706,0.020824657534246574,0.0011294314065011326
2012-07-22,4,c0020_0022,0.021361470150878605,0.020824657534246574,0.0005368126166320324
2012-07-22,5,c0005_0032,0.0212552379318283,0.020824657534246574,0.00043058039758172423
2012-07-22,6,c0020_0016,0.019924165228073942,0.018221917808219176,0.0017022474198547645
2012-07-22,7,c0004_0033,0.019854913486658233,0.018221917808219176,0.0016329956784390575
2012-07-22,8,c0003_0011,0.019323608848397525,0.018221917808219176,0.0011016910401783478
2012-07-22,9,c0001_0017,0.01919702866718545,0.018221917808219176,0.0009751108589662732
2012-07-22,10,c0020_0001,0.019150437037942558,0.018221917808219176,0.0009285192297233807
2012-07-22,11,c0023_0008,0.019134694876882033,0.018221917808219176,0.0009127770686628584
2012-07-22,12,c0001_0014,0.018975848326966523,0.018221917808219176,0.0007539305187473475
2012-07-22,13,c0004_0011,0.018681058403435945,0.018221917808219176,0.00045914059521676734
2012-07-22,14,c0018_0018,0.01845476861409245,0.018221917808219176,0.0002328508058732732
2012-07-22,15,c0010_0002,0.017809762377326205,0.01561917808219178,0.0021905842951344258
2012-07-22,16,c0022_0021,0.017343435772503944,0.01561917808219178,0.001724257690312164
2012-07-22,17,c0021_0015,0.016945229920358965,0.01561917808219178,0.0013260518381671854
2012-07-22,18,c0009_0009,0.016862313378904085,0.01561917808219178,0.0012431352967123058
2012-07-22,19,c0019_0014,0.016826423128055025,0.01561917808219178,0.0012072450458632453
2012-07-22,20,c0013_0004,0.016698040009632403,0.01561917808219178,0.0010788619274406238
2012-07-23,1,c0004_0013,0.025232487594995377,0.023427397260273968,0.0018050903347214095
2012-07-23,2,c0014_0004,0.0249499326356049,0.023427397260273968,0.00152253537533093
2012-07-23,3,c0007_0011,0.021941609163386652,0.020824657534246574,0.0011169516291400774
2012-07-23,4,c0020_0022,0.02135553858044271,0.020824657534246574,0.0005308810461961376
2012-07-23,5,c0005_0032,0.021250480186057352,0.020824657534246574,0.0004258226518107781
2012-07-23,6,c0020_0016,0.020456686789075106,0.018221917808219176,0.00223476898085593
2012-07-23,7,c0004_0033,0.019836869520126775,0.018221917808219176,0.0016149517119075983
2012-07-23,8,c0003_0011,0.01931143559128518,0.018221917808219176,0.0010895177830660032
2012-07-23,9,c0001_0017,0.0191862540717986,0.018221917808219176,0.0009643362635794267
2012-07-23,10,c0020_0001,0.019140177261921007,0.018221917808219176,0.0009182594537018301
2012-07-23,11,c0023_0008,0.019124609045611876,0.018221917808219176,0.0009026912373926991
2012-07-23,12,c0001_0014,0.018967517688234934,0.018221917808219176,0.0007455998800157579
2012-07-23,13,c0004_0011,0.018675985078599442,0.018221917808219176,0.00045406727038026527
2012-07-23,14,c0018_0018,0.018452195703334954,0.018221917808219176,0.00023027789511577705
2012-07-23,15,c0010_0002,0.017785557273646124,0.01561917808219178,0.002166379191454343
2012-07-23,16,c0022_0021,0.017324383396269034,0.01561917808219178,0.001705205314077254
2012-07-23,17,c0021_0015,0.01693057756377114,0.01561917808219178,0.0013113994815793593
2012-07-23,18,c0009_0009,0.016848577217820432,0.01561917808219178,0.0012293991356286502
2012-07-23,19,c0019_0014,0.016813083540271397,0.01561917808219178,0.0011939054580796154
2012-07-23,20,c0013_0004,0.016686119005328577,0.01561917808219178,0.0010669409231367966
2012-07-24,1,c0004_0013,0.025212542049507403,0.023427397260273968,0.0017851447892334347
2012-07-24,2,c0014_0004,0.02493310921242126,0.023427397260273968,0.001505711952147291
2012-07-24,3,c0007_0011,0.021929267282707134,0.020824657534246574,0.0011046097484605603
2012-07-24,4,c0020_0022,0.02134967255155101,0.020824657534246574,0.0005250150173044351
2012-07-24,5,c0005_0032,0.02124577501152501,0.020824657534246574,0.00042111747727843925
2012-07-24,6,c0020_0016,0.02043199346181863,0.018221917808219176,0.002210075653599454
2012-07-24,7,c0004_0033,0.01981902493240108,0.018221917808219176,0.0015971071241819058
2012-07-24,8,c0003_0011,0.01929939684392495,0.018221917808219176,0.0010774790357057748
2012-07-24,9,c0001_0017,0.019175598531496297,0.018221917808219176,0.0009536807232771204
2012-07-24,10,c0020_0001,0.019130030852430424,0.018221917808219176,0.0009081130442112492
2012-07-24,11,c0023_0008,0.0191146346588509,0.018221917808219176,0.0008927168506317221
2012-07-24,12,c0001_0014,0.01895927909981826,0.018221917808219176,0.0007373612915990856
2012-07-24,13,c0004_0011,0.01867096781202737,0.018221917808219176,0.000449050003808192
2012-07-24,14,c0018_0018,0.01844965122223971,0.018221917808219176,0.0002277334140205327
2012-07-24,15,c0010_0002,0.01830799968328413,0.01561917808219178,0.0026888216010923474
2012-07-24,16,c0022_0021,0.017305541541374547,0.01561917808219178,0.0016863634591827653
2012-07-24,17,c0021_0015,0.016916087110019535,0.01561917808219178,0.0012969090278277552
2012-07-24,18,c0009_0009,0.016834992835969346,0.01561917808219178,0.0012158147537775653
2012-07-24,19,c0019_0014,0.016799891349739755,0.01561917808219178,0.0011807132675479746
2012-07-24,20,c0013_0004,0.016674329723481533,0.01561917808219178,0.0010551516412897516
2012-07-25,1,c0020_0016,0.025613052438270167,0.023427397260273968,0.0021856551779962
2012-07-25,2,c0004_0013,0.025183511817414402,0.023427397260273968,0.0017561145571404356
2012-07-25,3,c0014_0004,0.024916471681514545,0.023427397260273968,0.0014890744212405756
2012-07-25,4,c0004_0033,0.022404117246450368,0.020824657534246574,0.0015794597122037936
2012-07-25,5,c0007_0011,0.021917061775004507,0.020824657534246574,0.0010924042407579328
2012-07-25,6,c0020_0022,0.02134387133999495,0.020824657534246574,0.0005192138057483765
2012-07-25,7,c0005_0032,0.02124112182733956,0.020824657534246574,0.000416464293092987
2012-07-25,8,c0010_0002,0.02088102897736136,0.018221917808219176,0.0026591111691421847
2012-07-25,9,c0003_0011,0.019287491120036443,0.018221917808219176,0.0010655733118172667
2012-07-25,10,c0001_0017,0.019165060730766195,0.018221917808219176,0.0009431429225470182
2012-07-25,11,c0020_0001,0.01911999655681478,0.018221917808219176,0.0008980787485956039
2012-07-25,12,c0001_0014,0.01895113154459636,0.018221917808219176,0.0007292137363771854
2012-07-25,13,c0004_0011,0.018666005984297726,0.018221917808219176,0.00044408817607854886
2012-07-25,14,c0022_0021,0.01728690788164162,0.01561917808219178,0.0016677297994498422
2012-07-25,15,c0021_0015,0.01690175677014084,0.01561917808219178,0.0012825786879490616
2012-07-25,16,c0009_0009,0.016821558556249398,0.01561917808219178,0.001202380474057618
2012-07-25,17,c0019_0014,0.01678684492777785,0.01561917808219178,0.0011676668455860685
2012-07-25,18,c0013_0004,0.0166626707086094,0.01561917808219178,0.0010434926264176211
2012-07-25,19,c0023_0008,0.016493132314210984,0.01561917808219178,0.0008739542320192047
2012-07-25,20,c0001_0010,0.016463737479302683,0.01561917808219178,0.0008445593971109032
2012-07-26,1,c0020_0016,0.025588901799415587,0.023427397260273968,0.0021615045391416192
2012-07-26,2,c0004_0013,0.025164107435202726,0.023427397260273968,0.0017367101749287577
2012-07-26,3,c0014_0004,0.02490001798884746,0.023427397260273968,0.001472620728573489
2012-07-26,4,c0004_0033,0.02238666483150458,0.020824657534246574,0.0015620072972580082
2012-07-26,5,c0007_0011,0.021904991133410462,0.020824657534246574,0.0010803335991638895
2012-07-26,6,c0010_0002,0.02139962705346077,0.018221917808219176,0.0031777092452415947
2012-07-26,7,c0020_0022,0.02133813422956821,0.020824657534246574,0.0005134766953216359
2012-07-26,8,c0005_0032,0.021236520059027902,0.020824657534246574,0.0004118625247813277
2012-07-26,9,c0003_0011,0.019275716949762076,0.018221917808219176,0.0010537991415428998
2012-07-26,10,c0001_0017,0.01915463936863186,0.018221917808219176,0.0009327215604126814
2012-07-26,11,c0020_0001,0.019110073136259398,0.018221917808219176,0.0008881553280402209
2012-07-26,12,c0001_0014,0.01894307401668787,0.018221917808219176,0.0007211562084686931
2012-07-26,13,c0004_0011,0.018661098982832885,0.018221917808219176,0.0004391811746137089
2012-07-26,14,c0022_0021,0.017268480116594778,0.01561917808219178,0.0016493020344029964
2012-07-26,15,c0021_0015,0.016887584774939093,0.01561917808219178,0.0012684066927473126
2012-07-26,16,c0009_0009,0.016808272720090472,0.01561917808219178,0.0011890946378986921
2012-07-26,17,c0019_0014,0.01677394266369973,0.01561917808219178,0.0011547645815079487
2012-07-26,18,c0013_0004,0.016651140521312825,0.01561917808219178,0.001031962439121044
2012-07-26,19,c0023_0008,0.016483475460172245,0.01561917808219178,0.0008642973779804635
2012-07-26,20,c0001_0010,0.01645440542674645,0.01561917808219178,0.0008352273445546681
2012-07-27,1,c0020_0016,0.025565018015718654,0.023427397260273968,0.0021376207554446845
2012-07-27,2,c0004_0013,0.02514491746386048,0.023427397260273968,0.0017175202035865107
2012-07-27,3,c0014_0004,0.02488374610307902,0.023427397260273968,0.0014563488428050515
2012-07-27,4,c0004_0033,0.02236940525894983,0.020824657534246574,0.0015447477247032546
2012-07-27,5,c0007_0011,0.021893053867707006,0.020824657534246574,0.0010683963334604328
2012-07-27,6,c0010_0002,0.02136451460336375,0.018221917808219176,0.003142596795144572
2012-07-27,7,c0020_0022,0.021332460511978263,0.020824657534246574,0.0005078029777316885
2012-07-27,8,c0005_0032,0.021231969138464646,0.020824657534246574,0.00040731160421807183
2012-07-27,9,c0003_0011,0.019264072879485627,0.018221917808219176,0.0010421550712664518
2012-07-27,10,c0001_0017,0.019144333158492132,0.018221917808219176,0.000922415350272956
2012-07-27,11,c0020_0001,0.019100259365638025,0.018221917808219176,0.0008783415574188479
2012-07-27,12,c0001_0014,0.018935105521326018,0.018221917808219176,0.000713187713106843
2012-07-27,13,c0004_0011,0.018656246201823965,0.018221917808219176,0.0004343283936047895
2012-07-27,14,c0022_0021,0.01725025597117788,0.01561917808219178,0.0016310778889861012
2012-07-27,15,c0021_0015,0.01687356937476725,0.01561917808219178,0.0012543912925754713
2012-07-27,16,c0009_0009,0.016795133687249008,0.01561917808219178,0.0011759556050572274
2012-07-27,17,c0019_0014,0.0167611829646169,0.01561917808219178,0.001142004882425119
2012-07-27,18,c0013_0004,0.01663973773809724,0.01561917808219178,0.001020559655905462
2012-07-27,19,c0023_0008,0.016473925310611277,0.01561917808219178,0.0008547472284194959
2012-07-27,20,c0001_0010,0.016445176489738048,0.01561917808219178,0.0008259984075462681
2012-07-28,1,c0020_0016,0.025541398138533757,0.023427397260273968,0.002114000878259789
2012-07-28,2,c0004_0013,0.025125939534231024,0.023427397260273968,0.0016985422739570568
2012-07-28,3,c0014_0004,0.024867654015313777,0.023427397260273968,0.001440256755039809
2012-07-28,4,c0004_0033,0.022903411943634877,0.020824657534246574,0.0020787544093883027
2012-07-28,5,c0007_0011,0.02188124850414247,0.020824657534246574,0.0010565909698958943
2012-07-28,6,c0010_0002,0.021329790132171234,0.018221917808219176,0.0031078723239520564
2012-07-28,7,c0020_0022,0.02132684948675894,0.020824657534246574,0.0005021919525123663
2012-07-28,8,c0005_0032,0.021227468503801968,0.020824657534246574,0.0004028109695553941
2012-07-28,9,c0003_0011,0.01925255747165277,0.018221917808219176,0.001030639663433593
2012-07-28,10,c0001_0017,0.019134140827962307,0.018221917808219176,0.0009122230197431297
2012-07-28,11,c0020_0001,0.019090554033361577,0.018221917808219176,0.0008686362251423997
2012-07-28,12,c0001_0014,0.01892722507473583,0.018221917808219176,0.0007053072665166545
2012-07-28,13,c0004_0011,0.018651447042156037,0.018221917808219176,0.00042952923393686044
2012-07-28,14,c0022_0021,0.017232233195473293,0.01561917808219178,0.001613055113281514
2012-07-28,15,c0021_0015,0.016859708839311198,0.01561917808219178,0.0012405307571194191
2012-07-28,16,c0009_0009,0.016782139835605496,0.01561917808219178,0.001162961753413715
2012-07-28,17,c0019_0014,0.01674856425524166,0.01561917808219178,0.0011293861730498815
2012-07-28,18,c0013_0004,0.016628460951197157,0.01561917808219178,0.001009282869005378
2012-07-28,19,c0023_0008,0.016464480686485143,0.01561917808219178,0.0008453026042933617
2012-07-28,20,c0001_0010,0.01643604952889082,0.01561917808219178,0.0008168714466990416
2012-07-29,1,c0020_0016,0.02551803925179668,0.023427397260273968,0.0020906419915227127
2012-07-29,2,c0004_0013,0.025107171303335982,0.023427397260273968,0.001679774043062015
2012-07-29,3,c0014_0004,0.02485173973885379,0.023427397260273968,0.0014243424785798204
2012-07-29,4,c0004_0033,0.022880442516657593,0.020824657534246574,0.00205578498241102
2012-07-29,5,c0007_0011,0.02186957358524956,0.020824657534246574,0.0010449160510029878
2012-07-29,6,c0020_0022,0.021321300461183954,0.020824657534246574,0.0004966429269373798
2012-07-29,7,c0010_0002,0.021295449352867372,0.018221917808219176,0.003073531544648194
2012-07-29,8,c0005_0032,0.021223017599400245,0.020824657534246574,0.00039836006515366935
2012-07-29,9,c0003_0011,0.019241169304593585,0.018221917808219176,0.0010192514963744091
2012-07-29,10,c0001_0017,0.01912406111871702,0.018221917808219176,0.0009021433104978455
2012-07-29,11,c0020_0001,0.019080955941228557,0.018221917808219176,0.0008590381330093797
2012-07-29,12,c0001_0014,0.018919431704012654,0.018221917808219176,0.0006975138957934778
2012-07-29,13,c0004_0011,0.018646700911334156,0.018221917808219176,0.00042478310311497834
2012-07-29,14,c0022_0021,0.017214409564424087,0.01561917808219178,0.0015952314822323054
2012-07-29,15,c0021_0015,0.016846001457376115,0.01561917808219178,0.001226823375184334
2012-07-29,16,c0009_0009,0.016769289560964216,0.01561917808219178,0.001150111478772436
2012-07-29,17,c0019_0014,0.016736084977692633,0.01561917808219178,0.0011169068955008538
2012-07-29,18,c0013_0004,0.016617308768402336,0.01561917808219178,0.0009981306862105557
2012-07-29,19,c0023_0008,0.016455140421778865,0.01561917808219178,0.0008359623395870863
2012-07-29,20,c0001_0010,0.01642702341740789,0.01561917808219178,0.0008078453352161069
2012-07-30,1,c0020_0016,0.025494938471664577,0.023427397260273968,0.0020675412113906077
2012-07-30,2,c0004_0013,0.025088610454085974,0.023427397260273968,0.001661213193812006
2012-07-30,3,c0014_0004,0.024836001308953352,0.023427397260273968,0.001408604048679384
2012-07-30,4,c0004_0033,0.022857726892906553,0.020824657534246574,0.0020330693586599778
2012-07-30,5,c0007_0011,0.021858027669665447,0.020824657534246574,0.001033370135418873
2012-07-30,6,c0020_0022,0.02131581275018137,0.020824657534246574,0.0004911552159347947
2012-07-30,7,c0010_0002,0.021261488025806158,0.018221917808219176,0.003039570217586983
2012-07-30,8,c0005_0032,0.021218615875759447,0.020824657534246574,0.00039395834151287356
2012-07-30,9,c0001_0017,0.01966453088206424,0.018221917808219176,0.0014426130738450658
2012-07-30,10,c0003_0011,0.019229906972347062,0.018221917808219176,0.001007989164127885
2012-07-30,11,c0020_0001,0.019071463904277126,0.018221917808219176,0.0008495460960579504
2012-07-30,12,c0001_0014,0.018911724447002058,0.018221917808219176,0.0006898066387828804
2012-07-30,13,c0004_0011,0.018642007223410216,0.018221917808219176,0.0004200894151910383
2012-07-30,14,c0009_0009,0.017305174934452317,0.01561917808219178,0.0016859968522605375
2012-07-30,15,c0022_0021,0.01719678287755934,0.01561917808219178,0.0015776047953675594
2012-07-30,16,c0021_0015,0.016832445536675213,0.01561917808219178,0.0012132674544834308
2012-07-30,17,c0019_0014,0.016723743591302416,0.01561917808219178,0.0011045655091106354
2012-07-30,18,c0013_0004,0.01660627981288592,0.01561917808219178,0.0009871017306941389
2012-07-30,19,c0023_0008,0.016445903363361488,0.01561917808219178,0.0008267252811697073
2012-07-30,20,c0001_0010,0.01641809704094303,0.01561917808219178,0.0007989189587512483
2012-07-31,1,c0020_0016,0.025472092946159937,0.023427397260273968,0.0020446956858859687
2012-07-31,2,c0004_0013,0.02507025469499455,0.023427397260273968,0.0016428574347205828
2012-07-31,3,c0014_0004,0.02482043678257644,0.023427397260273968,0.0013930395223024719
2012-07-31,4,c0004_0033,0.022835262267954903,0.020824657534246574,0.0020106047337083294
2012-07-31,5,c0007_0011,0.02184660933195378,0.020824657534246574,0.0010219517977072077
2012-07-31,6,c0020_0022,0.02131038567624903,0.020824657534246574,0.0004857281420024558
2012-07-31,7,c0010_0002,0.021227901958188033,0.018221917808219176,0.003005984149968858
2012-07-31,8,c0005_0032,0.021214262789451318,0.020824657534246574,0.0003896052552047442
2012-07-31,9,c0001_0017,0.019648590569198755,0.018221917808219176,0.0014266727609795796
2012-07-31,10,c0003_0011,0.019218769084487504,0.018221917808219176,0.0009968512762683272
2012-07-31,11,c0020_0001,0.01906207675063882,0.018221917808219176,0.0008401589424196419
2012-07-31,12,c0001_0014,0.018904102352181037,0.018221917808219176,0.0006821845439618615
2012-07-31,13,c0004_0011,0.01863736539891061,0.018221917808219176,0.0004154475906914334
2012-07-31,14,c0009_0009,0.017286545325583165,0.01561917808219178,0.0016673672433913857
2012-07-31,15,c0022_0021,0.017179350958722486,0.01561917808219178,0.0015601728765307062
2012-07-31,16,c0021_0015,0.016819039403620815,0.01561917808219178,0.0011998613214290348
2012-07-31,17,c0019_0014,0.01671153857242738,0.01561917808219178,0.0010923604902356024
2012-07-31,18,c0013_0004,0.016595372723034452,0.01561917808219178,0.000976194640842673
2012-07-31,19,c0023_0008,0.01643676837084369,0.01561917808219178,0.0008175902886519091
2012-07-31,20,c0001_0010,0.01640926929746312,0.01561917808219178,0.000790091215271342
2012-08-01,1,c0004_0033,0.025415785594391022,0.023427397260273968,0.001988388334117055
2012-08-01,2,c0004_0013,0.025052101759895303,0.023427397260273968,0.0016247044996213357
2012-08-01,3,c0014_0004,0.02480504423815682,0.023427397260273968,0.001377646977882849
2012-08-01,4,c0010_0002,0.023797426729569637,0.020824657534246574,0.0029727691953230617
2012-08-01,5,c0020_0016,0.022837734516455842,0.020824657534246574,0.002013076982209267
2012-08-01,6,c0001_0017,0.022235566116612364,0.020824657534246574,0.00141090858236579
2012-08-01,7,c0007_0011,0.02183531716242874,0.020824657534246574,0.0010106596281821663
2012-08-01,8,c0020_0022,0.021305018569370917,0.020824657534246574,0.0004803610351243422
2012-08-01,9,c0005_0032,0.021209957803052265,0.020824657534246574,0.0003853002688056899
2012-08-01,10,c0003_0011,0.019207754265952882,0.018221917808219176,0.0009858364577337055
2012-08-01,11,c0020_0001,0.01905279332139385,0.018221917808219176,0.0008308755131746746
2012-08-01,12,c0001_0014,0.018896564478540556,0.018221917808219176,0.0006746466703213799
2012-08-01,13,c0004_0011,0.01863277486476469,0.018221917808219176,0.00041085705654551516
2012-08-01,14,c0009_0009,0.01725904146969553,0.01561917808219178,0.0016398633875037492
2012-08-01,15,c0022_0021,0.017162111655802642,0.01561917808219178,0.0015429335736108604
2012-08-01,16,c0021_0015,0.016805781403117743,0.01561917808219178,0.0011866033209259638
2012-08-01,17,c0019_0014,0.01669946841425958,0.01561917808219178,0.0010802903320677988
2012-08-01,18,c0001_0026,0.016585796106469732,0.01561917808219178,0.0009666180242779532
2012-08-01,19,c0013_0004,0.016584586152279784,0.01561917808219178,0.0009654080700880023
2012-08-01,20,c0023_0008,0.016427734316437015,0.01561917808219178,0.0008085562342452358
2012-08-02,1,c0004_0033,0.025393814677366525,0.023427397260273968,0.0019664174170925556
2012-08-02,2,c0004_0013,0.025034149407662076,0.023427397260273968,0.0016067521473881073
2012-08-02,3,c0014_0004,0.024789821775360807,0.023427397260273968,0.0013624245150868396
2012-08-02,4,c0010_0002,0.023764578787242297,0.020824657534246574,0.002939921252995722
2012-08-02,5,c0020_0016,0.022815490799481062,0.020824657534246574,0.0019908332652344885
2012-08-02,6,c0001_0017,0.022219976126035358,0.020824657534246574,0.0013953185917887838
2012-08-02,7,c0007_0011,0.02182414976698098,0.020824657534246574,0.0009994922327344045
2012-08-02,8,c0005_0032,0.021757158755020007,0.020824657534246574,0.0009325012207734318
2012-08-02,9,c0020_0022,0.021299710766934425,0.020824657534246574,0.00047505323268784975
2012-08-02,10,c0003_0011,0.019196861156875064,0.018221917808219176,0.0009749433486558893
2012-08-02,11,c0020_0001,0.01904361247042806,0.018221917808219176,0.0008216946622088819
2012-08-02,12,c0001_0014,0.018889109895469353,0.018221917808219176,0.0006671920872501772
2012-08-02,13,c0004_0011,0.01862823505423402,0.018221917808219176,0.00040631724601484224
2012-08-02,14,c0009_0009,0.017240921617652463,0.01561917808219178,0.0016217435354606829
2012-08-02,15,c0022_0021,0.017145062840468905,0.01561917808219178,0.0015258847582771237
2012-08-02,16,c0021_0015,0.016792669898358974,0.01561917808219178,0.001173491816167193
2012-08-02,17,c0019_0014,0.01668753162664069,0.01561917808219178,0.0010683535444489104
2012-08-02,18,c0001_0026,0.016575115353599984,0.01561917808219178,0.0009559372714082039
2012-08-02,19,c0013_0004,0.016573918768932806,0.01561917808219178,0.0009547406867410242
2012-08-02,20,c0023_0008,0.016418800084814635,0.01561917808219178,0.0007996220026228539
2012-08-03,1,c0004_0033,0.025372086530422,0.023427397260273968,0.0019446892701480316
2012-08-03,2,c0004_0013,0.02501639542193228,0.023427397260273968,0.0015889981616583144
2012-08-03,3,c0014_0004,0.02477476751485268,0.023427397260273968,0.0013473702545787132
2012-08-03,4,c0010_0002,0.023732093801890168,0.020824657534246574,0.002907436267643594
2012-08-03,5,c0020_0016,0.02279349286691951,0.020824657534246574,0.0019688353326729378
2012-08-03,6,c0001_0017,0.02220455839878514,0.020824657534246574,0.0013799008645385654
2012-08-03,7,c0007_0011,0.021813105766905514,0.020824657534246574,0.0009884482326589408
2012-08-03,8,c0005_0032,0.021746854979547516,0.020824657534246574,0.0009221974453009432
2012-08-03,9,c0020_0022,0.02129446161364856,0.020824657534246574,0.0004698040794019853
2012-08-03,10,c0003_0011,0.01918608841241194,0.018221917808219176,0.000964170604192762
2012-08-03,11,c0020_0001,0.019034533064291387,0.018221917808219176,0.0008126152560722119
2012-08-03,12,c0001_0014,0.018881737682639062,0.018221917808219176,0.0006598198744198873
2012-08-03,13,c0004_0011,0.01862374540684239,0.018221917808219176,0.0004018275986232127
2012-08-03,14,c0009_0009,0.017223001982920524,0.01561917808219178,0.0016038239007287445
2012-08-03,15,c0022_0021,0.017128202407907606,0.01561917808219178,0.0015090243257158242
2012-08-03,16,c0021_0015,0.016779703270623558,0.01561917808219178,0.0011605251884317775
2012-08-03,17,c0019_0014,0.016675726735878072,0.01561917808219178,0.0010565486536862918
2012-08-03,18,c0001_0026,0.016564552618891493,0.01561917808219178,0.000945374536699713
2012-08-03,19,c0013_0004,0.01656336925601906,0.01561917808219178,0.0009441911738272827
2012-08-03,20,c0023_0008,0.016409964572973636,0.01561917808219178,0.0007907864907818571
2012-08-04,1,c0004_0033,0.02535059847104258,0.023427397260273968,0.0019232012107686094
2012-08-04,2,c0004_0013,0.024998837610833286,0.023427397260273968,0.0015714403505593167
2012-08-04,3,c0014_0004,0.024759879598062636,0.023427397260273968,0.0013324823377886695
2012-08-04,4,c0010_0002,0.023699967762979977,0.020824657534246574,0.0028753102287334014
2012-08-04,5,c0020_0016,0.022771738002949106,0.020824657534246574,0.0019470804687025307
2012-08-04,6,c0001_0017,0.02218931103141901,0.020824657534246574,0.0013646534971724343
2012-08-04,7,c0007_0011,0.021802183798731525,0.020824657534246574,0.0009775262644849492
2012-08-04,8,c0005_0032,0.021736665056782803,0.020824657534246574,0.0009120075225362285
2012-08-04,9,c0020_0022,0.02128927046146304,0.020824657534246574,0.00046461292721646614
2012-08-04,10,c0003_0011,0.019175434702581363,0.018221917808219176,0.0009535168943621881
2012-08-04,11,c0020_0001,0.01902555398205797,0.018221917808219176,0.0008036361738387942
2012-08-04,12,c0001_0014,0.01887444692989059,0.018221917808219176,0.0006525291216714145
2012-08-04,13,c0004_0011,0.018619305368306645,0.018221917808219176,0.00039738756008746807
2012-08-04,14,c0009_0009,0.01720528035317637,0.01561917808219178,0.0015861022709845888
2012-08-04,15,c0022_0021,0.017111528276562444,0.01561917808219178,0.0014923501943706627
2012-08-04,16,c0021_0015,0.01676687991907679,0.01561917808219178,0.001147701836885009
2012-08-04,17,c0019_0014,0.01666405228456281,0.01561917808219178,0.0010448742023710278
2012-08-04,18,c0001_0026,0.016554106598289525,0.01561917808219178,0.0009349285160977427
2012-08-04,19,c0013_0004,0.016552936311116158,0.01561917808219178,0.0009337582289243768
2012-08-04,20,c0023_0008,0.016401226690098872,0.01561917808219178,0.0007820486079070922
2012-08-05,1,c0004_0033,0.025329347846354128,0.023427397260273968,0.0019019505860801591
2012-08-05,2,c0004_0013,0.02498147380671178,0.023427397260273968,0.0015540765464378142
2012-08-05,3,c0014_0004,0.02474515618695735,0.023427397260273968,0.0013177589266833805
2012-08-05,4,c0010_0002,0.02421965507423626,0.020824657534246574,0.003394997539989686
2012-08-05,5,c0020_0016,0.022750223521756534,0.020824657534246574,0.0019255659875099605
2012-08-05,6,c0001_0017,0.022174232141526567,0.020824657534246574,0.0013495746072799914
2012-08-05,7,c0007_0011,0.021791382514054,0.020824657534246574,0.0009667249798074241
2012-08-05,8,c0005_0032,0.021726587728697764,0.020824657534246574,0.000901930194451189
2012-08-05,9,c0020_0022,0.021284136669488286,0.020824657534246574,0.00045947913524171295
2012-08-05,10,c0003_0011,0.019164898712096996,0.018221917808219176,0.0009429809038778178
2012-08-05,11,c0020_0001,0.01901667411518773,0.018221917808219176,0.0007947563069685539
2012-08-05,12,c0001_0014,0.01886723673712174,0.018221917808219176,0.0006453189289025664
2012-08-05,13,c0004_0011,0.01861491439046824,0.018221917808219176,0.0003929965822490636
2012-08-05,14,c0009_0009,0.017187754540541965,0.01561917808219178,0.0015685764583501832
2012-08-05,15,c0022_0021,0.017095038387877508,0.01561917808219178,0.0014758603056857274
2012-08-05,16,c0021_0015,0.01675419826057256,0.01561917808219178,0.0011350201783807794
2012-08-05,17,c0019_0014,0.016652506831389784,0.01561917808219178,0.0010333287491980044
2012-08-05,18,c0001_0026,0.01654377600214863,0.01561917808219178,0.0009245979199568518
2012-08-05,19,c0013_0004,0.016542618646192945,0.01561917808219178,0.0009234405640011658
2012-08-05,20,c0023_0008,0.01639258535742827,0.01561917808219178,0.0007734072752364889
2012-08-06,1,c0004_0033,0.025308332032795745,0.023427397260273968,0.001880934772521777
2012-08-06,2,c0004_0013,0.0249643018658662,0.023427397260273968,0.0015369046055922308
2012-08-06,3,c0014_0004,0.024730595463813038,0.023427397260273968,0.0013031982035390706
2012-08-06,4,c0010_0002,0.024182141673071283,0.020824657534246574,0.0033574841388247095
2012-08-06,5,c0020_0016,0.022728946767205684,0.020824657534246574,0.0019042892329591112
2012-08-06,6,c0001_0017,0.022159319867497314,0.020824657534246574,0.0013346623332507396
2012-08-06,7,c0007_0011,0.021780700579367287,0.020824657534246574,0.0009560430451207115
2012-08-06,8,c0005_0032,0.02171662175116502,0.020824657534246574,0.0008919642169184464
2012-08-06,9,c0020_0022,0.021279059603916302,0.020824657534246574,0.0004544020696697269
2012-08-06,10,c0003_0011,0.01915447914020588,0.018221917808219176,0.0009325613319867028
2012-08-06,11,c0020_0001,0.019007892367389527,0.018221917808219176,0.0007859745591703511
2012-08-06,12,c0001_0014,0.018860106214176105,0.018221917808219176,0.0006381884059569301
2012-08-06,13,c0004_0011,0.018610571931225568,0.018221917808219176,0.00038865412300639234
2012-08-06,14,c0009_0009,0.017170422381314478,0.01561917808219178,0.0015512442991226956
2012-08-06,15,c0022_0021,0.017078730706043127,0.01561917808219178,0.0014595526238513476
2012-08-06,16,c0021_0015,0.01674165672945791,0.01561917808219178,0.0011224786472661293
2012-08-06,17,c0019_0014,0.016641088950979748,0.01561917808219178,0.0010219108687879684
2012-08-06,18,c0001_0026,0.01653355955507346,0.01561917808219178,0.0009143814728816794
2012-08-06,19,c0013_0004,0.016532414987450533,0.01561917808219178,0.0009132369052587522
2012-08-06,20,c0023_0008,0.016384039508119657,0.01561917808219178,0.0007648614259278775
2012-08-07,1,c0004_0033,0.025287548435795854,0.023427397260273968,0.0018601511755218865
2012-08-07,2,c0004_0013,0.024947319668282026,0.023427397260273968,0.0015199224080080587
2012-08-07,3,c0014_0004,0.02471619563099107,0.023427397260273968,0.001288798370717104
2012-08-07,4,c0010_0002,0.02414504278038544,0.020824657534246574,0.003320385246138866
2012-08-07,5,c0020_0016,0.02270790511250971,0.020824657534246574,0.0018832475782631377
2012-08-07,6,c0001_0017,0.022144572368290826,0.020824657534246574,0.0013199148340442537
2012-08-07,7,c0007_0011,0.02177013667590045,0.020824657534246574,0.0009454791416538744
2012-08-07,8,c0005_0032,0.02170676589380432,0.020824657534246574,0.000882108359557746
2012-08-07,9,c0020_0022,0.021274038637942413,0.020824657534246574,0.00044938110369584043
2012-08-07,10,c0003_0011,0.019144174700527886,0.018221917808219176,0.0009222568923087084
2012-08-07,11,c0020_0001,0.018999207654485813,0.018221917808219176,0.0007772898462666378
2012-08-07,12,c0001_0014,0.01885305448073315,0.018221917808219176,0.0006311366725139738
2012-08-07,13,c0004_0011,0.018606277454467034,0.018221917808219176,0.00038435964624785967
2012-08-07,14,c0009_0009,0.017153281735699147,0.01561917808219178,0.0015341036535073676
2012-08-07,15,c0022_0021,0.017062603217744537,0.01561917808219178,0.001443425135552756
2012-08-07,16,c0021_0015,0.016729253777379733,0.01561917808219178,0.0011100756951879537
2012-08-07,17,c0019_0014,0.016629797233703333,0.01561917808219178,0.0010106191515115517
2012-08-07,18,c0001_0026,0.016523455995761268,0.01561917808219178,0.0009042779135694868
2012-08-07,19,c0013_0004,0.016522324075165,0.01561917808219178,0.0009031459929732198
2012-08-07,20,c0023_0008,0.01637558808711906,0.01561917808219178,0.000756410004927279
2012-08-08,1,c0010_0002,0.026711093542048796,0.023427397260273968,0.0032836962817748283
2012-08-08,2,c0004_0033,0.025266994489451886,0.023427397260273968,0.0018395972291779179
2012-08-08,3,c0004_0013,0.024930525117370095,0.023427397260273968,0.0015031278570961258
2012-08-08,4,c0014_0004,0.02470195491071602,0.023427397260273968,0.001274557650442053
2012-08-08,5,c0005_0032,0.024299758665858023,0.023427397260273968,0.0008723614055840561
2012-08-08,6,c0001_0017,0.022129987823209463,0.020824657534246574,0.0013053302889628879
2012-08-08,7,c0020_0016,0.02007546952219841,0.018221917808219176,0.001853551713979234
2012-08-08,8,c0023_0008,0.019518119152200718,0.018221917808219176,0.00129620134398154
2012-08-08,9,c0007_0011,0.01914742179071737,0.018221917808219176,0.000925503982498196
2012-08-08,10,c0003_0011,0.019133984120896876,0.018221917808219176,0.0009120663126777003
2012-08-08,11,c0020_0001,0.01899061890427878,0.018221917808219176,0.0007687010960596046
2012-08-08,12,c0001_0014,0.01884608066619954,0.018221917808219176,0.0006241628579803652
2012-08-08,13,c0020_0022,0.01865717734508313,0.018221917808219176,0.0004352595368639513
2012-08-08,14,c0001_0009,0.017349131982992726,0.01561917808219178,0.0017299539008009438
2012-08-08,15,c0009_0009,0.01713633048754512,0.01561917808219178,0.0015171524053533402
2012-08-08,16,c0022_0021,0.017046653931913312,0.01561917808219178,0.0014274758497215306
2012-08-08,17,c0021_0015,0.016716987873093628,0.01561917808219178,0.001097809790901848
2012-08-08,18,c0019_0014,0.016618630285507023,0.01561917808219178,0.0009994522033152425
2012-08-08,19,c0013_0004,0.01651234466353189,0.01561917808219178,0.0008931665813401115
2012-08-08,20,c0012_0007,0.01622885881033817,0.01561917808219178,0.0006096807281463899
2012-08-09,1,c0010_0002,0.02667480997645819,0.023427397260273968,0.0032474127161842207
2012-08-09,2,c0004_0033,0.02524666765621349,0.023427397260273968,0.0018192703959395227
2012-08-09,3,c0004_0013,0.024913916139707722,0.023427397260273968,0.0014865188794337526
2012-08-09,4,c0014_0004,0.024687871544856185,0.023427397260273968,0.001260474284582215
2012-08-09,5,c0005_0032,0.024290119411931314,0.023427397260273968,0.0008627221516573455
2012-08-09,6,c0001_0017,0.02211556443167357,0.020824657534246574,0.001290906897426996
2012-08-09,7,c0020_0016,0.020054988497335356,0.018221917808219176,0.0018330706891161806
2012-08-09,8,c0023_0008,0.019503796631953025,0.018221917808219176,0.0012818788237338491
2012-08-09,9,c0007_0011,0.019137195332003844,0.018221917808219176,0.0009152775237846663
2012-08-09,10,c0003_0011,0.01912390614320366,0.018221917808219176,0.0009019883349844839
2012-08-09,11,c0020_0001,0.018982125056417987,0.018221917808219176,0.0007602072481988107
2012-08-09,12,c0001_0014,0.018839183909601667,0.018221917808219176,0.0006172661013824892
2012-08-09,13,c0020_0022,0.018652367896644675,0.018221917808219176,0.000430450088425497
2012-08-09,14,c0001_0009,0.017330016665849414,0.01561917808219178,0.0017108385836576332
2012-08-09,15,c0009_0009,0.017119566544084176,0.01561917808219178,0.0015003884618923966
2012-08-09,16,c0022_0021,0.01703088087948156,0.01561917808219178,0.00141170279728978
2012-08-09,17,c0021_0015,0.016704857502274843,0.01561917808219178,0.001085679420083062
2012-08-09,18,c0019_0014,0.01660758672774106,0.01561917808219178,0.0009884086455492775
2012-08-09,19,c0013_0004,0.016502475520512407,0.01561917808219178,0.0008832974383206251
2012-08-09,20,c0012_0007,0.016222122075637155,0.01561917808219178,0.0006029439934453742
2012-08-10,1,c0010_0002,0.026638927330142385,0.023427397260273968,0.003211530069868418
2012-08-10,2,c0004_0013,0.025447674007040223,0.023427397260273968,0.002020276746766253
2012-08-10,3,c0004_0033,0.02522656542656927,0.023427397260273968,0.0017991681662952992
2012-08-10,4,c0014_0004,0.024673943794706527,0.023427397260273968,0.00124654653443256
2012-08-10,5,c0005_0032,0.02428058666800799,0.023427397260273968,0.0008531894077340223
2012-08-10,6,c0001_0017,0.022101300412999212,0.020824657534246574,0.0012766428787526374
2012-08-10,7,c0020_0016,0.020034733779823902,0.018221917808219176,0.0018128159716047255
2012-08-10,8,c0023_0008,0.019489632369978402,0.018221917808219176,0.0012677145617592254
2012-08-10,9,c0007_0011,0.019127081871677998,0.018221917808219176,0.000905164063458823
2012-08-10,10,c0003_0011,0.01911393952324066,0.018221917808219176,0.000892021715021482
2012-08-10,11,c0020_0001,0.01897372506226945,0.018221917808219176,0.0007518072540502755
2012-08-10,12,c0001_0014,0.01883236335947933,0.018221917808219176,0.0006104455512601545
2012-08-10,13,c0020_0022,0.018647611590739174,0.018221917808219176,0.00042569378251999855
2012-08-10,14,c0001_0009,0.01731111256551906,0.01561917808219178,0.0016919344833272792
2012-08-10,15,c0009_0009,0.017102987835672375,0.01561917808219178,0.0014838097534805952
2012-08-10,16,c0022_0021,0.017015282113138828,0.01561917808219178,0.0013961040309470472
2012-08-10,17,c0021_0015,0.016692861167331326,0.01561917808219178,0.0010736830851395443
2012-08-10,18,c0019_0014,0.016596665196989217,0.01561917808219178,0.0009774871147974365
2012-08-10,19,c0013_0004,0.016492715427681288,0.01561917808219178,0.0008735373454895067
2012-08-10,20,c0012_0007,0.016215459779232014,0.01561917808219178,0.000596281697040235
2012-08-11,1,c0010_0002,0.026603441173099478,0.023427397260273968,0.00317604391282551
2012-08-11,2,c0004_0013,0.025425350735469913,0.023427397260273968,0.001997953475195945
2012-08-11,3,c0004_0033,0.025206685318736936,0.023427397260273968,0.0017792880584629682
2012-08-11,4,c0014_0004,0.024660169940774038,0.023427397260273968,0.0012327726805000697
2012-08-11,5,c0005_0032,0.024271159257193982,0.023427397260273968,0.0008437619969200121
2012-08-11,6,c0001_0017,0.02208719400617831,0.020824657534246574,0.0012625364719317344
2012-08-11,7,c0020_0016,0.02001470286905591,0.018221917808219176,0.0017927850608367327
2012-08-11,8,c0023_0008,0.019475624617584536,0.018221917808219176,0.00125370680936536
2012-08-11,9,c0007_0011,0.01911708016115165,0.018221917808219176,0.0008951623529324715
2012-08-11,10,c0003_0011,0.019104083030548304,0.018221917808219176,0.000882165222329127
2012-08-11,11,c0020_0001,0.01896541788478619,0.018221917808219176,0.0007435000765670145
2012-08-11,12,c0001_0014,0.01882561817378065,0.018221917808219176,0.0006037003655614729
2012-08-11,13,c0020_0022,0.018642907840162332,0.018221917808219176,0.0004209900319431549
2012-08-11,14,c0001_0009,0.017292417348138103,0.01561917808219178,0.0016732392659463238
2012-08-11,15,c0009_0009,0.017086592315534534,0.01561917808219178,0.0014674142333427533
2012-08-11,16,c0022_0021,0.016999855707091678,0.01561917808219178,0.0013806776248998962
2012-08-11,17,c0021_0015,0.016680997387218833,0.01561917808219178,0.0010618193050270517
2012-08-11,18,c0019_0014,0.0165858643449005,0.01561917808219178,0.0009666862627087178
2012-08-11,19,c0013_0004,0.016483063180076408,0.01561917808219178,0.000863885097884627
2012-08-11,20,c0012_0007,0.016208871098608562,0.01561917808219178,0.0005896930164167811
2012-08-12,1,c0010_0002,0.026568347124277348,0.023427397260273968,0.0031409498640033798
2012-08-12,2,c0004_0013,0.025403274127360143,0.023427397260273968,0.0019758768670861747
2012-08-12,3,c0004_0033,0.02518702487835695,0.023427397260273968,0.0017596276180829795
2012-08-12,4,c0014_0004,0.024646548282565423,0.023427397260273968,0.0012191510222914564
2012-08-12,5,c0005_0032,0.02426183601559943,0.023427397260273968,0.0008344387553254634
2012-08-12,6,c0001_0017,0.022073243469661236,0.020824657534246574,0.0012485859354146637
2012-08-12,7,c0020_0016,0.019994893292053992,0.018221917808219176,0.0017729754838348153
2012-08-12,8,c0023_0008,0.019461771645401492,0.018221917808219176,0.0012398538371823139
2012-08-12,9,c0007_0011,0.019107188965633008,0.018221917808219176,0.0008852711574138312
2012-08-12,10,c0003_0011,0.019094335448263125,0.018221917808219176,0.0008724176400439497
2012-08-12,11,c0020_0001,0.018957202498380187,0.018221917808219176,0.00073528469016101
2012-08-12,12,c0001_0014,0.01881894751975808,0.018221917808219176,0.0005970297115389017
2012-08-12,13,c0020_0022,0.01863825606419822,0.018221917808219176,0.0004163382559790438
2012-08-12,14,c0001_0009,0.017273928705631273,0.01561917808219178,0.0016547506234394938
2012-08-12,15,c0009_0009,0.017070377959511537,0.01561917808219178,0.0014511998773197585
2012-08-12,16,c0022_0021,0.01698459975682594,0.01561917808219178,0.0013654216746341605
2012-08-12,17,c0021_0015,0.016669264697258084,0.01561917808219178,0.0010500866150663047
2012-08-12,18,c0019_0014,0.016575182838022652,0.01561917808219178,0.0009560047558308732
2012-08-12,19,c0004_0011,0.01652452337139923,0.01561917808219178,0.0009053452892074501
2012-08-12,20,c0013_0004,0.01647351758605,0.01561917808219178,0.0008543395038582202
2012-08-13,1,c0010_0002,0.02708573785248517,0.023427397260273968,0.003658340592211203
2012-08-13,2,c0004_0013,0.025381441457175698,0.023427397260273968,0.0019540441969017283
2012-08-13,3,c0004_0033,0.025167581678189468,0.023427397260273968,0.0017401844179155005
2012-08-13,4,c0014_0004,0.024633077138377188,0.023427397260273968,0.001205679878103219
2012-08-13,5,c0005_0032,0.02425261579219502,0.023427397260273968,0.0008252185319210531
2012-08-13,6,c0001_0017,0.022059447081141822,0.020824657534246574,0.0012347895468952483
2012-08-13,7,c0020_0016,0.019975302603166198,0.018221917808219176,0.0017533847949470207
2012-08-13,8,c0023_0008,0.01944807174316819,0.018221917808219176,0.001226153934949013
2012-08-13,9,c0007_0011,0.019097407063974267,0.018221917808219176,0.0008754892557550894
2012-08-13,10,c0003_0011,0.019084695572967526,0.018221917808219176,0.0008627777647483491
2012-08-13,11,c0020_0001,0.018949077888795768,0.018221917808219176,0.000727160080576592
2012-08-13,12,c0001_0014,0.01881235057386561,0.018221917808219176,0.0005904327656464349
2012-08-13,13,c0020_0022,0.018633655688547603,0.018221917808219176,0.00041173788032842807
2012-08-13,14,c0001_0009,0.01725564435542663,0.01561917808219178,0.0016364662732348482
2012-08-13,15,c0009_0009,0.017054342765810446,0.01561917808219178,0.0014351646836186676
2012-08-13,16,c0022_0021,0.016969512378871593,0.01561917808219178,0.0013503342966798124
2012-08-13,17,c0021_0015,0.01665766164895394,0.01561917808219178,0.0010384835667621593
2012-08-13,18,c0019_0014,0.016564619357637565,0.01561917808219178,0.0009454412754457834
2012-08-13,19,c0004_0011,0.016514519658398907,0.01561917808219178,0.0008953415762071264
2012-08-13,20,c0013_0004,0.016464077467121543,0.01561917808219178,0.0008448993849297634
2012-08-14,1,c0010_0002,0.027045314613110997,0.023427397260273968,0.0036179173528370283
2012-08-14,2,c0004_0013,0.025359850029497463,0.023427397260273968,0.0019324527692234938
2012-08-14,3,c0004_0033,0.02514835331781472,0.023427397260273968,0.0017209560575407515
2012-08-14,4,c0014_0004,0.024619754845087997,0.023427397260273968,0.001192357584814027
2012-08-14,5,c0005_0032,0.024243497448669854,0.023427397260273968,0.0008161001883958844
2012-08-14,6,c0001_0017,0.022045803137344697,0.020824657534246574,0.0012211456030981219
2012-08-14,7,c0020_0016,0.019955928383764077,0.018221917808219176,0.0017340105755449004
2012-08-14,8,c0023_0008,0.01943452321952128,0.018221917808219176,0.0012126054113021007
2012-08-14,9,c0007_0011,0.019087733248520818,0.018221917808219176,0.0008658154403016421
2012-08-14,10,c0003_0011,0.019075162214541197,0.018221917808219176,0.00085324440632202
2012-08-14,11,c0020_0001,0.018941043052984396,0.018221917808219176,0.0007191252447652205
2012-08-14,12,c0001_0014,0.018805826521657104,0.018221917808219176,0.000583908713437929
2012-08-14,13,c0020_0022,0.018629106145257028,0.018221917808219176,0.00040718833703785336
2012-08-14,14,c0001_0009,0.017237562040173758,0.01561917808219178,0.0016183839579819773
2012-08-14,15,c0009_0009,0.01703848475475735,0.01561917808219178,0.00141930667256557
2012-08-14,16,c0022_0021,0.016954591710570215,0.01561917808219178,0.0013354136283784354
2012-08-14,17,c0021_0015,0.016646186809816558,0.01561917808219178,0.0010270087276247786
2012-08-14,18,c0019_0014,0.01655417259959843,0.01561917808219178,0.0009349945174066498
2012-08-14,19,c0004_0011,0.016504626482532852,0.01561917808219178,0.0008854484003410717
2012-08-14,20,c0013_0004,0.016454741657832266,0.01561917808219178,0.0008355635756404849
2012-08-15,1,c0010_0002,0.029608077760822787,0.02603013698630137,0.0035779407745214174
2012-08-15,2,c0004_0013,0.027941236904717063,0.02603013698630137,0.0019110999184156923
2012-08-15,3,c0004_0033,0.025129337423336628,0.023427397260273968,0.00170194016306266
2012-08-15,4,c0014_0004,0.024606579757953363,0.023427397260273968,0.0011791824976793935
2012-08-15,5,c0005_0032,0.024234479859290923,0.023427397260273968,0.0008070825990169534
2012-08-15,6,c0001_0017,0.022032309953815023,0.020824657534246574,0.0012076524195684492
2012-08-15,7,c0020_0016,0.019936768241944083,0.018221917808219176,0.0017148504337249077
2012-08-15,8,c0023_0008,0.019421124401786307,0.018221917808219176,0.0011992065935671299
2012-08-15,9,c0004_0011,0.01909758234843616,0.018221917808219176,0.0008756645402169838
2012-08-15,10,c0007_0011,0.019078166324962176,0.018221917808219176,0.0008562485167429982
2012-08-15,11,c0003_0011,0.0190657341960142,0.018221917808219176,0.0008438163877950235
2012-08-15,12,c0001_0014,0.01879937455768573,0.018221917808219176,0.0005774567494665536
2012-08-15,13,c0020_0022,0.018624606872648705,0.018221917808219176,0.0004026890644295299
2012-08-15,14,c0001_0009,0.017219679527465094,0.01561917808219178,0.0016005014452733152
2012-08-15,15,c0003_0013,0.01711594099366644,0.01561917808219178,0.0014967629114746599
2012-08-15,16,c0009_0009,0.017022801968552964,0.01561917808219178,0.001403623886361182
2012-08-15,17,c0022_0021,0.016939835909845043,0.01561917808219178,0.0013206578276532632
2012-08-15,18,c0013_0004,0.01644550900560126,0.01561917808219178,0.0008263309234094794
2012-08-15,19,c0020_0001,0.016320965057851352,0.01561917808219178,0.0007017869756595729
2012-08-15,20,c0012_0007,0.016183236399642788,0.01561917808219178,0.0005640583174510057
2012-08-16,1,c0010_0002,0.029568542908134925,0.02603013698630137,0.003538405921833554
2012-08-16,2,c0004_0013,0.02792011999459815,0.02603013698630137,0.0018899830082967823
2012-08-16,3,c0004_0033,0.02511053164708975,0.023427397260273968,0.0016831343868157797
2012-08-16,4,c0014_0004,0.024593550250402583,0.023427397260273968,0.0011661529901286158
2012-08-16,5,c0005_0032,0.024225561910764134,0.023427397260273968,0.0007981646504901666
2012-08-16,6,c0001_0017,0.02201896586471054,0.020824657534246574,0.001194308330463965
2012-08-16,7,c0020_0016,0.019917819812232274,0.018221917808219176,0.0016959020040130995
2012-08-16,8,c0023_0008,0.019407873635771226,0.018221917808219176,0.0011859558275520517
2012-08-16,9,c0004_0011,0.019087906596157646,0.018221917808219176,0.0008659887879384696
2012-08-16,10,c0007_0011,0.019068705112184507,0.018221917808219176,0.0008467873039653316
2012-08-16,11,c0003_0011,0.019056410353421656,0.018221917808219176,0.0008344925452024799
2012-08-16,12,c0001_0014,0.01879299388540453,0.018221917808219176,0.000571076077185351
2012-08-16,13,c0020_0022,0.018620157315251164,0.018221917808219176,0.000398239507031989
2012-08-16,14,c0001_0009,0.01720199460956031,0.01561917808219178,0.0015828165273685303
2012-08-16,15,c0003_0013,0.01709940234617535,0.01561917808219178,0.0014802242639835692
2012-08-16,16,c0009_0009,0.01700729247103092,0.01561917808219178,0.0013881143888391392
2012-08-16,17,c0022_0021,0.01692524315497354,0.01561917808219178,0.0013060650727817608
2012-08-16,18,c0013_0004,0.01643637837058319,0.01561917808219178,0.0008172002883914108
2012-08-16,19,c0020_0001,0.01631321058497172,0.01561917808219178,0.0006940325027799391
2012-08-16,20,c0012_0007,0.016177003774819426,0.01561917808219178,0.0005578256926276469
2012-08-17,1,c0010_0002,0.029529444900178583,0.02603013698630137,0.003499307913877214
2012-08-17,2,c0004_0013,0.02789923641811537,0.02603013698630137,0.0018690994318140018
2012-08-17,3,c0014_0004,0.025128814088980825,0.023427397260273968,0.0017014168287068558
2012-08-17,4,c0004_0033,0.025091933667349423,0.023427397260273968,0.0016645364070754529
2012-08-17,5,c0005_0032,0.024216742502096867,0.023427397260273968,0.0007893452418228979
2012-08-17,6,c0001_0017,0.022005769222595888,0.020824657534246574,0.0011811116883493132
2012-08-17,7,c0020_0016,0.019899080755292273,0.018221917808219176,0.001677162947073098
2012-08-17,8,c0003_0011,0.019598265081342162,0.018221917808219176,0.0013763472731229865
2012-08-17,9,c0023_0008,0.019394769285562174,0.018221917808219176,0.0011728514773429975
2012-08-17,10,c0004_0011,0.019078337757175098,0.018221917808219176,0.0008564199489559216
2012-08-17,11,c0007_0011,0.01905934844212484,0.018221917808219176,0.0008374306339056658
2012-08-17,12,c0001_0014,0.018786683717068077,0.018221917808219176,0.0005647659088488991
2012-08-17,13,c0020_0022,0.018615756923730683,0.018221917808219176,0.0003938391155115053
2012-08-17,14,c0001_0009,0.017184505103113742,0.01561917808219178,0.0015653270209219623
2012-08-17,15,c0003_0013,0.017083046444300642,0.01561917808219178,0.0014638683621088608
2012-08-17,16,c0009_0009,0.016991954347418743,0.01561917808219178,0.0013727762652269622
2012-08-17,17,c0022_0021,0.0169108116443625,0.01561917808219178,0.0012916335621707175
2012-08-17,18,c0013_0004,0.016427348625527572,0.01561917808219178,0.0008081705433357915
2012-08-17,19,c0020_0001,0.016305541795998635,0.01561917808219178,0.0006863637138068561
2012-08-17,20,c0012_0007,0.016170840018074045,0.01561917808219178,0.0005516619358822635
2012-08-18,1,c0010_0002,0.029490778909989544,0.02603013698630137,0.0034606419236881737
2012-08-18,2,c0004_0013,0.027878583597022874,0.02603013698630137,0.001848446610721506
2012-08-18,3,c0014_0004,0.025110014095374843,0.023427397260273968,0.0016826168351008757
2012-08-18,4,c0004_0033,0.025073541188045143,0.023427397260273968,0.0016461439277711755
2012-08-18,5,c0005_0032,0.024208020544462028,0.023427397260273968,0.0007806232841880601
2012-08-18,6,c0001_0017,0.021992718398239228,0.020824657534246574,0.0011680608639926553
2012-08-18,7,c0020_0016,0.01988054875763646,0.018221917808219176,0.0016586309494172823
2012-08-18,8,c0003_0011,0.01958305697977778,0.018221917808219176,0.001361139171558606
2012-08-18,9,c0023_0008,0.019381809733321487,0.018221917808219176,0.0011598919251023091
2012-08-18,10,c0004_0011,0.019068874650138217,0.018221917808219176,0.0008469568419190395
2012-08-18,11,c0007_0011,0.01905009515962684,0.018221917808219176,0.0008281773514076644
2012-08-18,12,c0001_0014,0.01878044327363523,0.018221917808219176,0.0005585254654160545
2012-08-18,13,c0020_0022,0.018611405154823454,0.018221917808219176,0.00038948734660427706
2012-08-18,14,c0001_0009,0.01716720884890485,0.01561917808219178,0.00154803076671307
2012-08-18,15,c0003_0013,0.017066871268774396,0.01561917808219178,0.0014476931865826143
2012-08-18,16,c0009_0009,0.01697678570410144,0.01561917808219178,0.001357607621909661
2012-08-18,17,c0022_0021,0.016896539596325606,0.01561917808219178,0.0012773615141338265
2012-08-18,18,c0013_0004,0.016418418655639592,0.01561917808219178,0.0007992405734478116
2012-08-18,19,c0020_0001,0.016297957744158292,0.01561917808219178,0.0006787796619665125
2012-08-18,20,c0012_0007,0.016164744368441182,0.01561917808219178,0.0005455662862494031
2012-08-19,1,c0010_0002,0.029452540163939656,0.02603013698630137,0.0034224031776382874
2012-08-19,2,c0004_0013,0.027858158981563436,0.02603013698630137,0.0018280219952620646
2012-08-19,3,c0014_0004,0.02509142183437949,0.023427397260273968,0.0016640245741055186
2012-08-19,4,c0004_0033,0.025055351938477098,0.023427397260273968,0.0016279546782031306
2012-08-19,5,c0005_0032,0.02419939496106365,0.023427397260273968,0.0007719977007896822
2012-08-19,6,c0001_0017,0.021979811780411106,0.020824657534246574,0.0011551542461645315
2012-08-19,7,c0020_0016,0.019862221531340346,0.018221917808219176,0.0016403037231211694
2012-08-19,8,c0004_0011,0.019611272412748085,0.018221917808219176,0.0013893546045289095
2012-08-19,9,c0003_0011,0.019568016921815267,0.018221917808219176,0.0013460991135960906
2012-08-19,10,c0023_0008,0.01936899337908798,0.018221917808219176,0.0011470755708688058
2012-08-19,11,c0007_0011,0.019040944122298196,0.018221917808219176,0.0008190263140790191
2012-08-19,12,c0001_0014,0.018774271784672954,0.018221917808219176,0.0005523539764537762
2012-08-19,13,c0020_0022,0.018607101471268532,0.018221917808219176,0.00038518366304935667
2012-08-19,14,c0001_0009,0.017150103711571642,0.01561917808219178,0.0015309256293798597
2012-08-19,15,c0003_0013,0.017050874822640817,0.01561917808219178,0.0014316967404490355
2012-08-19,16,c0009_0009,0.016961784668387735,0.01561917808219178,0.0013426065861959556
2012-08-19,17,c0022_0021,0.016882425248863502,0.01561917808219178,0.0012632471666717217
2012-08-19,18,c0013_0004,0.01640958735844249,0.01561917808219178,0.000790409276250711
2012-08-19,19,c0020_0001,0.01629045749313836,0.01561917808219178,0.0006712794109465797
2012-08-19,20,c0012_0007,0.016158716073363767,0.01561917808219178,0.0005395379911719866
2012-08-20,1,c0010_0002,0.02941472394114751,0.02603013698630137,0.0033845869548461416
2012-08-20,2,c0004_0013,0.02783796005015364,0.02603013698630137,0.0018078230638522716
2012-08-20,3,c0014_0004,0.025073035010630275,0.023427397260273968,0.0016456377503563057
2012-08-20,4,c0004_0033,0.025037363673035815,0.023427397260273968,0.001609966412761848
2012-08-20,5,c0005_0032,0.024190864687003936,0.023427397260273968,0.0007634674267299691
2012-08-20,6,c0001_0017,0.021967047775685516,0.020824657534246574,0.0011423902414389407
2012-08-20,7,c0020_0016,0.019844096813760127,0.018221917808219176,0.0016221790055409506
2012-08-20,8,c0004_0011,0.019595920585235346,0.018221917808219176,0.0013740027770161685
2012-08-20,9,c0003_0011,0.019553143050638235,0.018221917808219176,0.0013312252424190574
2012-08-20,10,c0023_0008,0.01935631864057943,0.018221917808219176,0.0011344008323602535
2012-08-20,11,c0007_0011,0.01903189420036959,0.018221917808219176,0.0008099763921504123
2012-08-20,12,c0001_0014,0.018768168488261183,0.018221917808219176,0.0005462506800420079
2012-08-20,13,c0020_0022,0.018602845341741496,0.018221917808219176,0.0003809275335223203
2012-08-20,14,c0001_0009,0.017133187579347037,0.01561917808219178,0.0015140094971552555
2012-08-20,15,c0003_0013,0.017035055131009693,0.01561917808219178,0.0014158770488179133
2012-08-20,16,c0009_0009,0.016946949388278856,0.01561917808219178,0.0013277713060870742
2012-08-20,17,c0022_0021,0.016868466859446225,0.01561917808219178,0.0012492887772544436
2012-08-20,18,c0013_0004,0.01640085364364145,0.01561917808219178,0.000781675561449668
2012-08-20,19,c0020_0001,0.016283040116972396,0.01561917808219178,0.0006638620347806148
2012-08-20,20,c0012_0007,0.016152754388600178,0.01561917808219178,0.000533576306408397
2012-08-21,1,c0010_0002,0.02937732557289559,0.02603013698630137,0.0033471885865942225
2012-08-21,2,c0004_0013,0.027817984309072605,0.02603013698630137,0.0017878473227712353
2012-08-21,3,c0014_0004,0.02505485135412561,0.023427397260273968,0.0016274540938516434
2012-08-21,4,c0004_0033,0.025019574170924937,0.023427397260273968,0.0015921769106509692
2012-08-21,5,c0005_0032,0.0241824286691518,0.023427397260273968,0.000755031408877832
2012-08-21,6,c0001_0017,0.02195442480824319,0.020824657534246574,0.0011297672739966184
2012-08-21,7,c0020_0016,0.019826172367253328,0.018221917808219176,0.0016042545590341513
2012-08-21,8,c0004_0011,0.019580738389440248,0.018221917808219176,0.0013588205812210704
2012-08-21,9,c0003_0011,0.0195384335299474,0.018221917808219176,0.0013165157217282233
2012-08-21,10,c0023_0008,0.0193437839529972,0.018221917808219176,0.0011218661447780223
2012-08-21,11,c0007_0011,0.019022944276555213,0.018221917808219176,0.000801026468336037
2012-08-21,12,c0001_0014,0.01876213263089879,0.018221917808219176,0.0005402148226796137
2012-08-21,13,c0020_0022,0.01859863624078885,0.018221917808219176,0.0003767184325696723
2012-08-21,14,c0001_0009,0.017116458363798166,0.01561917808219178,0.0014972802816063853
2012-08-21,15,c0003_0013,0.017019410240812587,0.01561917808219178,0.0014002321586208057
2012-08-21,16,c0009_0009,0.016932278032239893,0.01561917808219178,0.0013130999500481119
2012-08-21,17,c0022_0021,0.01685466270479809,0.01561917808219178,0.0012354846226063103
2012-08-21,18,c0013_0004,0.016392216432988976,0.01561917808219178,0.0007730383507971944
2012-08-21,19,c0020_0001,0.016275704699925526,0.01561917808219178,0.0006565266177337444
2012-08-21,20,c0012_0007,0.01614685857813238,0.01561917808219178,0.0005276804959405975
2012-08-22,1,c0010_0002,0.0293403404420539,0.02603013698630137,0.00331020345575253
2012-08-22,2,c0004_0013,0.02779822929215408,0.02603013698630137,0.0017680923058527097
2012-08-22,3,c0014_0004,0.02763960834597394,0.02603013698630137,0.0016094713596725703
2012-08-22,4,c0005_0032,0.02417408586601284,0.023427397260273968,0.0007466886057388706
2012-08-22,5,c0004_0033,0.02238994447069264,0.020824657534246574,0.0015652869364460645
2012-08-22,6,c0004_0011,0.022168463677025744,0.020824657534246574,0.0013438061427791714
2012-08-22,7,c0003_0011,0.02212662626976127,0.020824657534246574,0.0013019687355146953
2012-08-22,8,c0001_0017,0.021941941319677062,0.020824657534246574,0.0011172837854304888
2012-08-22,9,c0020_0016,0.01980844597890255,0.018221917808219176,0.0015865281706833728
2012-08-22,10,c0023_0008,0.019331387768833072,0.018221917808219176,0.001109469960613897
2012-08-22,11,c0007_0011,0.019014093245914836,0.018221917808219176,0.0007921754376956592
2012-08-22,12,c0001_0014,0.018756163467410526,0.018221917808219176,0.0005342456591913512
2012-08-22,13,c0020_0022,0.01859447364876315,0.018221917808219176,0.0003725558405439737
2012-08-22,14,c0001_0009,0.01709991399956853,0.01561917808219178,0.001480735917376749
2012-08-22,15,c0003_0013,0.017003938220561694,0.01561917808219178,0.0013847601383699146
2012-08-22,16,c0009_0009,0.01691776878897369,0.01561917808219178,0.00129859070678191
2012-08-22,17,c0022_0021,0.016841011080684944,0.01561917808219178,0.001221832998493165
2012-08-22,18,c0020_0001,0.01626845033638139,0.01561917808219178,0.0006492722541896088
2012-08-22,19,c0012_0007,0.016141027914075044,0.01561917808219178,0.0005218498318832638
2012-08-22,20,c0001_0033,0.01605132364900202,0.01561917808219178,0.000432145566810241
2012-08-23,1,c0010_0002,0.02930376398250992,0.02603013698630137,0.003273626996208552
2012-08-23,2,c0004_0013,0.027778692560481995,0.02603013698630137,0.0017485555741806257
2012-08-23,3,c0014_0004,0.027621824314006976,0.02603013698630137,0.0015916873277056064
2012-08-23,4,c0005_0032,0.02416583524760076,0.023427397260273968,0.0007384379873267923
2012-08-23,5,c0004_0033,0.0223726486594016,0.020824657534246574,0.0015479911251550262
2012-08-23,6,c0004_0011,0.0221536151422836,0.020824657534246574,0.0013289576080370256
2012-08-23,7,c0003_0011,0.022112240022082348,0.020824657534246574,0.0012875824878357737
2012-08-23,8,c0001_0017,0.021929595768799843,0.020824657534246574,0.001104938234553269
2012-08-23,9,c0020_0016,0.01979091546024227,0.018221917808219176,0.0015689976520230958
2012-08-23,10,c0023_0008,0.019319128557678204,0.018221917808219176,0.001097210749459026
2012-08-23,11,c0007_0011,0.01900534001571738,0.018221917808219176,0.0007834222074982056
2012-08-23,12,c0001_0014,0.01875026026085505,0.018221917808219176,0.0005283424526358747
2012-08-23,13,c0020_0022,0.018590357051758863,0.018221917808219176,0.00036843924353968725
2012-08-23,14,c0001_0009,0.017083552444123008,0.01561917808219178,0.0014643743619312288
2012-08-23,15,c0003_0013,0.01698863716011141,0.01561917808219178,0.0013694590779196325
2012-08-23,16,c0009_0009,0.01690341986719722,0.01561917808219178,0.0012842417850054395
2012-08-23,17,c0022_0021,0.016827510301703756,0.01561917808219178,0.0012083322195119762
2012-08-23,18,c0020_0001,0.016261276130730338,0.01561917808219178,0.000642098048538556
2012-08-23,19,c0012_0007,0.016135261676585702,0.01561917808219178,0.0005160835943939215
2012-08-23,20,c0001_0033,0.01604654860872041,0.01561917808219178,0.0004273705265286305
2012-08-24,1,c0010_0002,0.02926759167860491,0.02603013698630137,0.0032374546923035403
2012-08-24,2,c0004_0013,0.027759371702089357,0.02603013698630137,0.0017292347157879875
2012-08-24,3,c0014_0004,0.027604236788670033,0.02603013698630137,0.0015740998023686622
2012-08-24,4,c0005_0032,0.024707774219284977,0.023427397260273968,0.00128037695901101
2012-08-24,5,c0004_0033,0.022355543960092174,0.020824657534246574,0.0015308864258456
2012-08-24,6,c0004_0011,0.02213893067806991,0.020824657534246574,0.0013142731438233364
2012-08-24,7,c0003_0011,0.022098012736839798,0.020824657534246574,0.0012733552025932253
2012-08-24,8,c0001_0017,0.021917386631453768,0.020824657534246574,0.0010927290972071947
2012-08-24,9,c0020_0016,0.019773578646988667,0.018221917808219176,0.0015516608387694908
2012-08-24,10,c0023_0008,0.019307004806034155,0.018221917808219176,0.00108508699781498
2012-08-24,11,c0001_0014,0.019294605604691407,0.018221917808219176,0.0010726877964722323
2012-08-24,12,c0007_0011,0.01899668350530603,0.018221917808219176,0.0007747656970868545
2012-08-24,13,c0020_0022,0.01858628594154891,0.018221917808219176,0.0003643681333297319
2012-08-24,14,c0001_0009,0.01706737167749571,0.01561917808219178,0.0014481935953039285
2012-08-24,15,c0003_0013,0.016973505170422495,0.01561917808219178,0.0013543270882307166
2012-08-24,16,c0009_0009,0.016889229495420433,0.01561917808219178,0.001270051413228651
2012-08-24,17,c0022_0021,0.016814158701074538,0.01561917808219178,0.001194980618882758
2012-08-24,18,c0020_0001,0.016254181197258855,0.01561917808219178,0.0006350031150670728
2012-08-24,19,c0012_0007,0.016129559153775855,0.01561917808219178,0.0005103810715840755
2012-08-24,20,c0001_0033,0.016041826330775017,0.01561917808219178,0.0004226482485832378
2012-08-25,1,c0010_0002,0.029231819064576392,0.02603013698630137,0.003201682078275022
2012-08-25,2,c0004_0013,0.027740264331660464,0.02603013698630137,0.0017101273453590954
2012-08-25,3,c0014_0004,0.027586843598641345,0.02603013698630137,0.0015567066123399747
2012-08-25,4,c0005_0032,0.024693626552330875,0.023427397260273968,0.001266229292056907
2012-08-25,5,c0004_0033,0.02233862826105136,0.020824657534246574,0.001513970726804788
2012-08-25,6,c0004_0011,0.02212440847146921,0.020824657534246574,0.0012997509372226358
2012-08-25,7,c0003_0011,0.022083942657560585,0.020824657534246574,0.0012592851233140115
2012-08-25,8,c0001_0017,0.021905312400322424,0.020824657534246574,0.0010806548660758516
2012-08-25,9,c0020_0016,0.019756433398772397,0.018221917808219176,0.001534515590553222
2012-08-25,10,c0023_0008,0.019295015017126074,0.018221917808219176,0.0010730972089068981
2012-08-25,11,c0001_0014,0.01928275282213123,0.018221917808219176,0.0010608350139120538
2012-08-25,12,c0007_0011,0.0189881226459648,0.018221917808219176,0.0007662048377456219
2012-08-25,13,c0020_0022,0.018582259815521914,0.018221917808219176,0.0003603420073027382
2012-08-25,14,c0001_0009,0.017051369702040565,0.01561917808219178,0.001432191619848785
2012-08-25,15,c0003_0013,0.016958540383328852,0.01561917808219178,0.0013393623011370714
2012-08-25,16,c0009_0009,0.01687519592172755,0.01561917808219178,0.0012560178395357707
2012-08-25,17,c0022_0021,0.016800954630434576,0.01561917808219178,0.0011817765482427956
2012-08-25,18,c0020_0001,0.016247164660040215,0.01561917808219178,0.000627986577848435
2012-08-25,19,c0012_0007,0.016123919641623102,0.01561917808219178,0.0005047415594313208
2012-08-25,20,c0001_0033,0.016037156232162567,0.01561917808219178,0.00041797814997078747
2012-08-26,1,c0010_0002,0.029196441724006827,0.02603013698630137,0.003166304737705457
2012-08-26,2,c0004_0013,0.02772136809023643,0.02603013698630137,0.0016912311039350594
2012-08-26,3,c0014_0004,0.02756964259659141,0.02603013698630137,0.001539505610290041
2012-08-26,4,c0005_0032,0.024679635211589016,0.023427397260273968,0.001252237951315046
2012-08-26,5,c0004_0033,0.022321899473899773,0.020824657534246574,0.0014972419396531975
2012-08-26,6,c0004_0011,0.02211004672959804,0.020824657534246574,0.001285389195351466
2012-08-26,7,c0003_0011,0.022070028047180012,0.020824657534246574,0.0012453705129334366
2012-08-26,8,c0001_0017,0.021893371584744657,0.020824657534246574,0.001068714050498085
2012-08-26,9,c0020_0016,0.01973947759887438,0.018221917808219176,0.0015175597906552018
2012-08-26,10,c0023_0008,0.019283157710717876,0.018221917808219176,0.0010612399024986984
2012-08-26,11,c0001_0014,0.019271031008204126,0.018221917808219176,0.0010491131999849493
2012-08-26,12,c0007_0011,0.018979656380786594,0.018221917808219176,0.0007577385725674192
2012-08-26,13,c0020_0022,0.018578278176620174,0.018221917808219176,0.00035636036840099635
2012-08-26,14,c0001_0009,0.01703554454218473,0.01561917808219178,0.0014163664599929492
2012-08-26,15,c0003_0013,0.01694374095130689,0.01561917808219178,0.0013245628691151104
2012-08-26,16,c0009_0009,0.01686131741356079,0.01561917808219178,0.0012421393313690116
2012-08-26,17,c0022_0021,0.01678789645963492,0.01561917808219178,0.0011687183774431406
2012-08-26,18,c0020_0001,0.01624022565282635,0.01561917808219178,0.0006210475706345679
2012-08-26,19,c0012_0007,0.016118342443884208,0.01561917808219178,0.0004991643616924262
2012-08-26,20,c0001_0033,0.016032537736321743,0.01561917808219178,0.00041335965412996365
2012-08-27,1,c0010_0002,0.02916145528927837,0.02603013698630137,0.0031313183029770025
2012-08-27,2,c0004_0013,0.027702680644923938,0.02603013698630137,0.001672543658622567
2012-08-27,3,c0014_0004,0.027552631658917883,0.02603013698630137,0.0015224946726165132
2012-08-27,4,c0005_0032,0.024665798469715606,0.023427397260273968,0.0012384012094416386
2012-08-27,5,c0004_0033,0.02230535553333379,0.020824657534246574,0.0014806979990872168
2012-08-27,6,c0004_0011,0.02209584367938361,0.020824657534246574,0.0012711861451370338
2012-08-27,7,c0003_0011,0.02205626718782727,0.020824657534246574,0.0012316096535806937
2012-08-27,8,c0001_0017,0.02188156271053054,0.020824657534246574,0.0010569051762839656
2012-08-27,9,c0020_0016,0.01972270915396444,0.018221917808219176,0.0015007913457452651
2012-08-27,10,c0023_0008,0.01927143142292951,0.018221917808219176,0.001049513614710332
2012-08-27,11,c0001_0014,0.019259438715757686,0.018221917808219176,0.0010375209075385082
2012-08-27,12,c0007_0011,0.018971283664542746,0.018221917808219176,0.0007493658563235703
2012-08-27,13,c0020_0022,0.018574340533278267,0.018221917808219176,0.00035242272505909086
2012-08-27,14,c0001_0009,0.017019894244184663,0.01561917808219178,0.0014007161619928815
2012-08-27,15,c0003_0013,0.016929105047247442,0.01561917808219178,0.001309926965055663
2012-08-27,16,c0009_0009,0.016847592257506455,0.01561917808219178,0.0012284141753146763
2012-08-27,17,c0022_0021,0.016774982576539137,0.01561917808219178,0.001155804494347355
2012-08-27,18,c0020_0001,0.01623336331894088,0.01561917808219178,0.0006141852367491006
2012-08-27,19,c0012_0007,0.016112826872009156,0.01561917808219178,0.000493648789817377
2012-08-27,20,c0001_0033,0.01602797027306201,0.01561917808219178,0.0004087921908702287
2012-08-28,1,c0010_0002,0.02912685544103366,0.02603013698630137,0.003096718454732291
2012-08-28,2,c0004_0013,0.027684199688607237,0.02603013698630137,0.0016540627023058686
2012-08-28,3,c0014_0004,0.027535808685483394,0.02603013698630137,0.001505671699182024
2012-08-28,4,c0005_0032,0.02465211461845334,0.023427397260273968,0.001224717358179373
2012-08-28,5,c0004_0033,0.02228899439687061,0.020824657534246574,0.001464336862624035
2012-08-28,6,c0004_0011,0.022081797567344883,0.020824657534246574,0.0012571400330983102
2012-08-28,7,c0003_0011,0.022042658380613353,0.020824657534246574,0.00121800084636678
2012-08-28,8,c0001_0017,0.021869884319779362,0.020824657534246574,0.0010452267855327897
2012-08-28,9,c0020_0016,0.019706125993842905,0.018221917808219176,0.0014842081856237292
2012-08-28,10,c0023_0008,0.01925983470605623,0.018221917808219176,0.0010379168978370545
2012-08-28,11,c0001_0014,0.019247974513629966,0.018221917808219176,0.0010260567054107914
2012-08-28,12,c0007_0011,0.018963003463553944,0.018221917808219176,0.0007410856553347684
2012-08-28,13,c0020_0022,0.018570446399362388,0.018221917808219176,0.0003485285911432128
2012-08-28,14,c0001_0009,0.01700441687588493,0.01561917808219178,0.0013852387936931492
2012-08-28,15,c0003_0013,0.016914630864230184,0.01561917808219178,0.0012954527820384042
2012-08-28,16,c0009_0009,0.016834018759083403,0.01561917808219178,0.001214840676891622
2012-08-28,17,c0022_0021,0.016762211386824263,0.01561917808219178,0.0011430333046324821
2012-08-28,18,c0020_0001,0.016226576811173385,0.01561917808219178,0.000607398728981603
2012-08-28,19,c0012_0007,0.01610737224505615,0.01561917808219178,0.00048819416286436876
2012-08-28,20,c0001_0033,0.016023453278493208,0.01561917808219178,0.0004042751963014281
2012-08-29,1,c0010_0002,0.029092637907642542,0.02603013698630137,0.003062500921341173
2012-08-29,2,c0004_0013,0.027665922939663315,0.02603013698630137,0.0016357859533619467
2012-08-29,3,c0014_0004,0.027519171599356275,0.02603013698630137,0.001489034613054905
2012-08-29,4,c0005_0032,0.02462959596489883,0.023427397260273968,0.0012021987046248633
2012-08-29,5,c0004_0033,0.022272814044596054,0.020824657534246574,0.0014481565103494805
2012-08-29,6,c0004_0011,0.02206790665937612,0.020824657534246574,0.001243249125129548
2012-08-29,7,c0003_0011,0.022029199945421327,0.020824657534246574,0.001204542411174754
2012-08-29,8,c0001_0017,0.02185833497069966,0.020824657534246574,0.0010336774364530872
2012-08-29,9,c0001_0014,0.021839376712500216,0.020824657534246574,0.0010147191782536415
2012-08-29,10,c0020_0016,0.01968972607118499,0.018221917808219176,0.001467808262965814
2012-08-29,11,c0023_0008,0.01924836612838987,0.018221917808219176,0.0010264483201706952
2012-08-29,12,c0007_0011,0.018954814755562637,0.018221917808219176,0.0007328969473434608
2012-08-29,13,c0020_0022,0.018566595294110318,0.018221917808219176,0.0003446774858911428
2012-08-29,14,c0004_0025,0.017003709782158302,0.01561917808219178,0.0013845316999665208
2012-08-29,15,c0001_0009,0.016989110526479664,0.01561917808219178,0.001369932444287883
2012-08-29,16,c0022_0021,0.01674958131378399,0.01561917808219178,0.0011304032315922116
2012-08-29,17,c0026_0013,0.01640529406911093,0.01561917808219178,0.0007861159869191488
2012-08-29,18,c0001_0033,0.016018986194955953,0.01561917808219178,0.0003998081127641741
2012-08-29,19,c0017_0017,0.014620653533806404,0.013016438356164384,0.0016042151776420196
2012-08-29,20,c0001_0013,0.014535151989840617,0.013016438356164384,0.001518713633676232
2012-08-30,1,c0010_0002,0.02905879846467472,0.02603013698630137,0.003028661478373349
2012-08-30,2,c0004_0013,0.027647848141680198,0.02603013698630137,0.0016177111553788274
2012-08-30,3,c0014_0004,0.027502718346554142,0.02603013698630137,0.001472581360252773
2012-08-30,4,c0005_0032,0.024616312137221374,0.023427397260273968,0.001188914876947408
2012-08-30,5,c0004_0033,0.02225681247891522,0.020824657534246574,0.0014321549446686473
2012-08-30,6,c0004_0011,0.02205416924053277,0.020824657534246574,0.001229511706286195
2012-08-30,7,c0003_0011,0.022015890220698886,0.020824657534246574,0.0011912326864523131
2012-08-30,8,c0001_0017,0.0218469132374312,0.020824657534246574,0.0010222557031846244
2012-08-30,9,c0001_0014,0.02182816446060452,0.020824657534246574,0.0010035069263579477
2012-08-30,10,c0020_0016,0.019673507361288055,0.018221917808219176,0.001451589553068878
2012-08-30,11,c0023_0008,0.01923702427404208,0.018221917808219176,0.0010151064658229017
2012-08-30,12,c0007_0011,0.01894671652960682,0.018221917808219176,0.0007247987213876431
2012-08-30,13,c0020_0022,0.01856278674207207,0.018221917808219176,0.00034086893385289614
2012-08-30,14,c0004_0025,0.016988411245863446,0.01561917808219178,0.001369233163671667
2012-08-30,15,c0001_0009,0.016973973306276657,0.01561917808219178,0.001354795224084877
2012-08-30,16,c0022_0021,0.016737090798134006,0.01561917808219178,0.0011179127159422256
2012-08-30,17,c0026_0013,0.01639660779348565,0.01561917808219178,0.0007774297112938684
2012-08-30,18,c0001_0033,0.01601456847095278,0.01561917808219178,0.0003953903887609984
2012-08-30,19,c0017_0017,0.014602927580604679,0.013016438356164384,0.001586489224440294
2012-08-30,20,c0001_0013,0.014518370795414482,0.013016438356164384,0.0015019324392500973
2012-08-31,1,c0010_0002,0.029025332934378197,0.02603013698630137,0.0029951959480768293
2012-08-31,2,c0004_0013,0.02762997306317838,0.02603013698630137,0.0015998360768770124
2012-08-31,3,c0014_0004,0.02748644689579032,0.02603013698630137,0.001456309909488954
2012-08-31,4,c0005_0032,0.024603175090668443,0.023427397260273968,0.0011757778303944748
2012-08-31,5,c0004_0033,0.022240987724305848,0.020824657534246574,0.0014163301900592747
2012-08-31,6,c0004_0011,0.022040583614819743,0.020824657534246574,0.0012159260805731673
2012-08-31,7,c0003_0011,0.022002727563253235,0.020824657534246574,0.00117807002900666
2012-08-31,8,c0001_0017,0.02183561770986894,0.020824657534246574,0.0010109601756223665
2012-08-31,9,c0001_0014,0.021817076099727415,0.020824657534246574,0.0009924185654808396
2012-08-31,10,c0020_0016,0.019657467861821633,0.018221917808219176,0.0014355500536024574
2012-08-31,11,c0023_0008,0.019225807742769514,0.018221917808219176,0.0010038899345503364
2012-08-31,12,c0007_0011,0.018938707785895223,0.018221917808219176,0.0007167899776760468
2012-08-31,13,c0020_0022,0.018559020273051202,0.018221917808219176,0.0003371024648320259
2012-08-31,14,c0004_0025,0.016973281752439024,0.01561917808219178,0.001354103670247244
2012-08-31,15,c0001_0009,0.016959003346464066,0.01561917808219178,0.001339825264272286
2012-08-31,16,c0022_0021,0.01672473829781947,0.01561917808219178,0.00110556021562769
2012-08-31,17,c0026_0013,0.016388017497824512,0.01561917808219178,0.0007688394156327327
2012-08-31,18,c0001_0033,0.016010199561080046,0.01561917808219178,0.0003910214788882647
2012-08-31,19,c0017_0017,0.014585397492285226,0.013016438356164384,0.0015689591361208418
2012-08-31,20,c0001_0013,0.014501775026653937,0.013016438356164384,0.001485336670489554
2012-09-01,1,c0010_0002,0.028992237185163527,0.02603013698630137,0.0029621001988621586
2012-09-01,2,c0004_0013,0.027612295497335352,0.02603013698630137,0.0015821585110339833
2012-09-01,3,c0014_0004,0.027470355238223068,0.02603013698630137,0.0014402182519216975
2012-09-01,4,c0005_0032,0.025137571788380823,0.023427397260273968,0.001710174528106857
2012-09-01,5,c0004_0033,0.022225337827074428,0.020824657534246574,0.0014006802928278547
2012-09-01,6,c0004_0011,0.02202714810498204,0.020824657534246574,0.001202490570735467
2012-09-01,7,c0003_0011,0.021989710348048214,0.020824657534246574,0.001165052813801639
2012-09-01,8,c0001_0017,0.021824446993488966,0.020824657534246574,0.0009997894592423916
2012-09-01,9,c0001_0014,0.021806110260921368,0.020824657534246574,0.0009814527266747925
2012-09-01,10,c0020_0016,0.019641605592580238,0.018221917808219176,0.0014196877843610613
2012-09-01,11,c0023_0008,0.01921471514980098,0.018221917808219176,0.0009927973415818057
2012-09-01,12,c0007_0011,0.018930787535683884,0.018221917808219176,0.0007088697274647084
2012-09-01,13,c0020_0022,0.018555295422046748,0.018221917808219176,0.0003333776138275728
2012-09-01,14,c0004_0025,0.016958319434027123,0.01561917808219178,0.001339141351835341
2012-09-01,15,c0001_0009,0.01694419879887969,0.01561917808219178,0.0013250207166879096
2012-09-01,16,c0022_0021,0.016712522287824657,0.01561917808219178,0.001093344205632877
2012-09-01,17,c0026_0013,0.016379522121586283,0.01561917808219178,0.0007603440393945027
2012-09-01,18,c0001_0033,0.016005878925960615,0.01561917808219178,0.0003867008437688346
2012-09-01,19,c0017_0017,0.014568061104617346,0.013016438356164384,0.0015516227484529625
2012-09-01,20,c0001_0013,0.014485362634677567,0.013016438356164384,0.0014689242785131827
2012-09-02,1,c0010_0002,0.028959507131093708,0.02603013698630137,0.0029293701447923367
2012-09-02,2,c0004_0013,0.02759481326171312,0.02603013698630137,0.0015646762754117501
2012-09-02,3,c0014_0004,0.027454441387207543,0.02603013698630137,0.0014243044009061752
2012-09-02,4,c0005_0032,0.025118675025605795,0.023427397260273968,0.001691277765331826
2012-09-02,5,c0004_0033,0.022209860855115005,0.020824657534246574,0.0013852033208684323
2012-09-02,6,c0004_0011,0.022013861052297686,0.020824657534246574,0.0011892035180511111
2012-09-02,7,c0003_0011,0.021976836968003684,0.020824657534246574,0.0011521794337571109
2012-09-02,8,c0001_0017,0.021813399709176298,0.020824657534246574,0.0009887421749297234
2012-09-02,9,c0001_0014,0.021795265590365192,0.020824657534246574,0.0009706080561186175
2012-09-02,10,c0020_0016,0.019625918595238875,0.018221917808219176,0.0014040007870196975
2012-09-02,11,c0023_0008,0.019203745125666475,0.018221917808219176,0.000981827317447298
2012-09-02,12,c0007_0011,0.018922954801154076,0.018221917808219176,0.0007010369929349
2012-09-02,13,c0020_0022,0.018551611729195835,0.018221917808219176,0.000329693920976657
2012-09-02,14,c0004_0025,0.01694352244340893,0.01561917808219178,0.0013243443612171502
2012-09-02,15,c0001_0009,0.016929557835782802,0.01561917808219178,0.0013103797535910199
2012-09-02,16,c0022_0021,0.01670044125998467,0.01561917808219178,0.001081263177792888
2012-09-02,17,c0026_0013,0.01637112061594829,0.01561917808219178,0.0007519425337565069
2012-09-02,18,c0001_0033,0.01600160603217726,0.01561917808219178,0.0003824279499854772
2012-09-02,19,c0003_0013,0.014782114050907829,0.013016438356164384,0.0017656756947434437
2012-09-02,20,c0017_0017,0.014550916277284248,0.013016438356164384,0.001534477921119863
2012-09-03,1,c0010_0002,0.028927138731379743,0.02603013698630137,0.0028970017450783746
2012-09-03,2,c0004_0013,0.027577524197988784,0.02603013698630137,0.0015473872116874149
2012-09-03,3,c0014_0004,0.02743870337805058,0.02603013698630137,0.0014085663917492092
2012-09-03,4,c0005_0032,0.025099987064703032,0.023427397260273968,0.0016725898044290652
2012-09-03,5,c0004_0033,0.022194554897670644,0.020824657534246574,0.00136989736342407
2012-09-03,6,c0004_0011,0.022000720816372922,0.020824657534246574,0.001176063282126348
2012-09-03,7,c0003_0011,0.02196410583379712,0.020824657534246574,0.0011394482995505455
2012-09-03,8,c0001_0017,0.021802474493054644,0.020824657534246574,0.0009778169588080692
2012-09-03,9,c0001_0014,0.021784540749196897,0.020824657534246574,0.0009598832149503241
2012-09-03,10,c0020_0016,0.01961040493311128,0.018221917808219176,0.0013884871248921033
2012-09-03,11,c0023_0008,0.01919289631602809,0.018221917808219176,0.0009709785078089129
2012-09-03,12,c0007_0011,0.018915208615291588,0.018221917808219176,0.0006932908070724101
2012-09-03,13,c0020_0022,0.01854796873971688,0.018221917808219176,0.0003260509314977047
2012-09-03,14,c0004_0025,0.016928888953776693,0.01561917808219178,0.0013097108715849114
2012-09-03,15,c0001_0009,0.016915078649628493,0.01561917808219178,0.0012959005674367133
2012-09-03,16,c0022_0021,0.01668849372279924,0.01561917808219178,0.00106931564060746
2012-09-03,17,c0026_0013,0.016362811943676937,0.01561917808219178,0.0007436338614851558
2012-09-03,18,c0001_0033,0.015997380352206794,0.01561917808219178,0.0003782022700150143
2012-09-03,19,c0003_0013,0.01476260402184773,0.013016438356164384,0.0017461656656833457
2012-09-03,20,c0017_0017,0.014533960893618803,0.013016438356164384,0.0015175225374544172
2012-09-04,1,c0010_0002,0.0288951279898818,0.02603013698630137,0.002864991003580431
2012-09-04,2,c0004_0013,0.027560426171688076,0.02603013698630137,0.0015302891853867058
2012-09-04,3,c0014_0004,0.027423139267768085,0.02603013698630137,0.0013930022814667162
2012-09-04,4,c0005_0032,0.025081505598493137,0.023427397260273968,0.0016541083382191693
2012-09-04,5,c0004_0033,0.022179418065097524,0.020824657534246574,0.0013547605308509517
2012-09-04,6,c0004_0011,0.021987725774939713,0.020824657534246574,0.00116306824069314
2012-09-04,7,c0003_0011,0.021951515373667383,0.020824657534246574,0.0011268578394208098
2012-09-04,8,c0001_0017,0.021791669996318014,0.020824657534246574,0.0009670124620714392
2012-09-04,9,c0001_0014,0.0217739344133484,0.020824657534246574,0.0009492768791018247
2012-09-04,10,c0020_0016,0.01959506269091082,0.018221917808219176,0.0013731448826916441
2012-09-04,11,c0023_0008,0.01918216738151283,0.018221917808219176,0.0009602495732936564
2012-09-04,12,c0007_0011,0.018907548021767334,0.018221917808219176,0.0006856302135481576
2012-09-04,13,c0020_0022,0.018544366003853476,0.018221917808219176,0.000322448195634301
2012-09-04,14,c0004_0025,0.01691441715850816,0.01561917808219178,0.0012952390763163804
2012-09-04,15,c0001_0009,0.016900759452844534,0.01561917808219178,0.0012815813706527524
2012-09-04,16,c0022_0021,0.01667667820124861,0.01561917808219178,0.0010575001190568274
2012-09-04,17,c0026_0013,0.016354595078999667,0.01561917808219178,0.0007354169968078877
2012-09-04,18,c0001_0033,0.015993201364354975,0.01561917808219178,0.00037402328216319355
2012-09-04,19,c0003_0013,0.01474330957101361,0.013016438356164384,0.0017268712148492255
2012-09-04,20,c0017_0017,0.014517192860342231,0.013016438356164384,0.0015007545041778466
2012-09-05,1,c0010_0002,0.028863470954615823,0.02603013698630137,0.0028333339683144537
2012-09-05,2,c0005_0032,0.027665968071317538,0.02603013698630137,0.0016358310850161698
2012-09-05,3,c0004_0013,0.02754351707192183,0.02603013698630137,0.0015133800856204614
2012-09-05,4,c0014_0004,0.0274077471348452,0.02603013698630137,0.0013776101485438305
2012-09-05,5,c0004_0033,0.022164448488631663,0.020824657534246574,0.0013397909543850892
2012-09-05,6,c0004_0011,0.02197487432365545,0.020824657534246574,0.0011502167894088785
2012-09-05,7,c0003_0011,0.02193906403322069,0.020824657534246574,0.0011144064989741177
2012-09-05,8,c0001_0017,0.0217809848850642,0.020824657534246574,0.0009563273508176241
2012-09-05,9,c0001_0014,0.021763445273382042,0.020824657534246574,0.0009387877391354693
2012-09-05,10,c0020_0016,0.019579889974514035,0.018221917808219176,0.0013579721662948592
2012-09-05,11,c0007_0011,0.0188999720748193,0.018221917808219176,0.0006780542666001253
2012-09-05,12,c0020_0022,0.01854080307681884,0.018221917808219176,0.00031888526859966473
2012-09-05,13,c0003_0013,0.01732696804237739,0.01561917808219178,0.0017077899601856104
2012-09-05,14,c0004_0025,0.016900105270943565,0.01561917808219178,0.0012809271887517847
2012-09-05,15,c0001_0009,0.01688659847761066,0.01561917808219178,0.001267420395418878
2012-09-05,16,c0013_0004,0.016807764897347057,0.01561917808219178,0.0011885868151552763
2012-09-05,17,c0022_0021,0.0166649932366114,0.01561917808219178,0.0010458151544196189
2012-09-05,18,c0023_0008,0.016559293698892353,0.01561917808219178,0.0009401156167005722
2012-09-05,19,c0001_0033,0.01598906855269206,0.01561917808219178,0.0003698904705002808
2012-09-05,20,c0023_0010,0.014813239083317272,0.013016438356164384,0.001796800727152888
2012-09-06,1,c0010_0002,0.028832163717265644,0.02603013698630137,0.002802026730964273
2012-09-06,2,c0005_0032,0.02764789277464721,0.02603013698630137,0.0016177557883458409
2012-09-06,3,c0004_0013,0.027526794811125393,0.02603013698630137,0.0014966578248240248
2012-09-06,4,c0014_0004,0.027392525078999048,0.02603013698630137,0.0013623880926976796
2012-09-06,5,c0004_0033,0.022149644320158184,0.020824657534246574,0.0013249867859116097
2012-09-06,6,c0004_0011,0.02196216487590489,0.020824657534246574,0.0011375073416583158
2012-09-06,7,c0003_0011,0.021926750275238705,0.020824657534246574,0.0011020927409921308
2012-09-06,8,c0001_0017,0.021770417840130087,0.020824657534246574,0.0009457603058835148
2012-09-06,9,c0001_0014,0.021753072034328958,0.020824657534246574,0.0009284145000823835
2012-09-06,10,c0020_0016,0.01956488491072679,0.018221917808219176,0.0013429671025076125
2012-09-06,11,c0007_0011,0.018892479839135775,0.018221917808219176,0.0006705620309165989
2012-09-06,12,c0020_0022,0.01853727951874091,0.018221917808219176,0.00031536171052173537
2012-09-06,13,c0003_0013,0.017308097628149593,0.01561917808219178,0.0016889195459578114
2012-09-06,14,c0004_0025,0.016885951524165027,0.01561917808219178,0.0012667734419732472
2012-09-06,15,c0001_0009,0.016872593975640338,0.01561917808219178,0.0012534158934485562
2012-09-06,16,c0013_0004,0.016794631475749215,0.01561917808219178,0.0011754533935574342
2012-09-06,17,c0022_0021,0.016653437386284546,0.01561917808219178,0.0010342593040927658
2012-09-06,18,c0023_0008,0.016548905787309106,0.01561917808219178,0.0009297277051173269
2012-09-06,19,c0001_0033,0.015984981406989146,0.01561917808219178,0.00036580332479736483
2012-09-06,20,c0023_0010,0.014793385134765837,0.013016438356164384,0.0017769467786014513
2012-09-07,1,c0010_0002,0.028801202412700462,0.02603013698630137,0.002771065426399094
2012-09-07,2,c0005_0032,0.027630017202968486,0.02603013698630137,0.0015998802166671156
2012-09-07,3,c0004_0013,0.027510257324800884,0.02603013698630137,0.0014801203384995144
2012-09-07,4,c0014_0004,0.027377471220944145,0.02603013698630137,0.0013473342346427743
2012-09-07,5,c0004_0033,0.022135003731983162,0.020824657534246574,0.001310346197736589
2012-09-07,6,c0004_0011,0.02194959586260426,0.020824657534246574,0.001124938328357686
2012-09-07,7,c0003_0011,0.02191457257948875,0.020824657534246574,0.0010899150452421736
2012-09-07,8,c0001_0017,0.021759967556928814,0.020824657534246574,0.000935310022682241
2012-09-07,9,c0001_0014,0.02174281341552917,0.020824657534246574,0.0009181558812825958
2012-09-07,10,c0020_0016,0.01955004564705301,0.018221917808219176,0.0013281278388338341
2012-09-07,11,c0007_0011,0.01888507038973987,0.018221917808219176,0.0006631525815206935
2012-09-07,12,c0020_0022,0.018533794894608043,0.018221917808219176,0.0003118770863888675
2012-09-07,13,c0003_0013,0.01728943572465287,0.01561917808219178,0.0016702576424610918
2012-09-07,14,c0004_0025,0.016871954170778424,0.01561917808219178,0.0012527760885866445
2012-09-07,15,c0001_0009,0.01685874421796492,0.01561917808219178,0.0012395661357731394
2012-09-07,16,c0013_0004,0.016781643173347266,0.01561917808219178,0.0011624650911554863
2012-09-07,17,c0022_0021,0.016642009223605182,0.01561917808219178,0.0010228311414134017
2012-09-07,18,c0023_0008,0.016538632658104905,0.01561917808219178,0.0009194545759131255
2012-09-07,19,c0001_0033,0.015980939422655147,0.01561917808219178,0.00036176134046336507
2012-09-07,20,c0023_0010,0.014773750564616871,0.013016438356164384,0.0017573122084524862
2012-09-08,1,c0010_0002,0.028770583218497684,0.02603013698630137,0.0027404462321963135
2012-09-08,2,c0005_0032,0.02761233914939796,0.02603013698630137,0.001582202163096589
2012-09-08,3,c0004_0013,0.027493902571262316,0.02603013698630137,0.0014637655849609468
2012-09-08,4,c0014_0004,0.02736258370216037,0.02603013698630137,0.001332446715859001
2012-09-08,5,c0004_0033,0.022120524916607986,0.020824657534246574,0.001295867382361411
2012-09-08,6,c0004_0011,0.02193716573200756,0.020824657534246574,0.0011125081977609876
2012-09-08,7,c0003_0011,0.021902529442536126,0.020824657534246574,0.0010778719082895508
2012-09-08,8,c0001_0017,0.021749632745288683,0.020824657534246574,0.0009249752110421099
2012-09-08,9,c0001_0014,0.021732668150473502,0.020824657534246574,0.0009080106162269275
2012-09-08,10,c0020_0016,0.01953537035146599,0.018221917808219176,0.0013134525432468161
2012-09-08,11,c0007_0011,0.018877742811875337,0.018221917808219176,0.0006558250036561595
2012-09-08,12,c0020_0022,0.0185303487742153,0.018221917808219176,0.0003084309659961247
2012-09-08,13,c0003_0013,0.017270980027924827,0.01561917808219178,0.001651801945733046
2012-09-08,14,c0004_0025,0.01685811148269766,0.01561917808219178,0.0012389334005058796
2012-09-08,15,c0001_0009,0.01684504749472019,0.01561917808219178,0.0012258694125284093
2012-09-08,16,c0013_0004,0.016768798386630594,0.01561917808219178,0.001149620304438813
2012-09-08,17,c0022_0021,0.01663070733767451,0.01561917808219178,0.0010115292554827308
2012-09-08,18,c0023_0008,0.016528473042979143,0.01561917808219178,0.0009092949607873637
2012-09-08,19,c0001_0033,0.015976942100674515,0.01561917808219178,0.00035776401848273607
2012-09-08,20,c0001_0013,0.01492482034386329,0.013016438356164384,0.0019083819876989055
2012-09-09,1,c0010_0002,0.028740302354470976,0.02603013698630137,0.0027101653681696077
2012-09-09,2,c0005_0032,0.02759485643143743,0.02603013698630137,0.0015647194451360574
2012-09-09,3,c0004_0013,0.027477728531383545,0.02603013698630137,0.0014475915450821743
2012-09-09,4,c0014_0004,0.027347860684663536,0.02603013698630137,0.0013177236983621674
2012-09-09,5,c0001_0017,0.022289595451551375,0.020824657534246574,0.0014649379173048006
2012-09-09,6,c0004_0033,0.022106206086506187,0.020824657534246574,0.0012815485522596134
2012-09-09,7,c0004_0011,0.021924872949514982,0.020824657534246574,0.001100215415268409
2012-09-09,8,c0003_0011,0.02189061937755851,0.020824657534246574,0.0010659618433119342
2012-09-09,9,c0001_0014,0.02172263498664721,0.020824657534246574,0.0008979774524006343
2012-09-09,10,c0020_0016,0.01952085721218221,0.018221917808219176,0.001298939403963031
2012-09-09,11,c0007_0011,0.01887049620089362,0.018221917808219176,0.0006485783926744469
2012-09-09,12,c0020_0022,0.018526940732111346,0.018221917808219176,0.00030502292389216813
2012-09-09,13,c0013_0004,0.017306533625536056,0.01561917808219178,0.0016873555433442751
2012-09-09,14,c0003_0013,0.017252728259460934,0.01561917808219178,0.0016335501772691539
2012-09-09,15,c0004_0025,0.016844421750931312,0.01561917808219178,0.001225243668739533
2012-09-09,16,c0001_0009,0.016831502114935264,0.01561917808219178,0.0012123240327434827
2012-09-09,17,c0022_0021,0.01661953033318362,0.01561917808219178,0.0010003522509918381
2012-09-09,18,c0023_0008,0.016518425687645444,0.01561917808219178,0.0008992476054536652
2012-09-09,19,c0001_0033,0.01597298894754564,0.01561917808219178,0.0003538108653538599
2012-09-09,20,c0001_0013,0.014903733465820726,0.013016438356164384,0.0018872951096563417
2012-09-10,1,c0010_0002,0.028710356082203608,0.02603013698630137,0.00268021909590224
2012-09-10,2,c0005_0032,0.027577566890704442,0.02603013698630137,0.001547429904403074
2012-09-10,3,c0004_0013,0.027461733208348976,0.02603013698630137,0.0014315962220476067
2012-09-10,4,c0014_0004,0.02733330035077846,0.02603013698630137,0.0013031633644770921
2012-09-10,5,c0001_0017,0.022273408457856584,0.020824657534246574,0.0014487509236100103
2012-09-10,6,c0004_0033,0.022092045473902783,0.020824657534246574,0.0012673879396562073
2012-09-10,7,c0004_0011,0.021912715997483442,0.020824657534246574,0.0010880584632368673
2012-09-10,8,c0003_0011,0.021878840914162378,0.020824657534246574,0.0010541833799158043
2012-09-10,9,c0001_0014,0.021712712685375345,0.020824657534246574,0.0008880551511287718
2012-09-10,10,c0020_0016,0.019506504437437632,0.018221917808219176,0.001284586629218455
2012-09-10,11,c0007_0011,0.018863329662142197,0.018221917808219176,0.0006414118539230208
2012-09-10,12,c0020_0022,0.018523570347545905,0.018221917808219176,0.0003016525393267301
2012-09-10,13,c0013_0004,0.01728788900365936,0.01561917808219178,0.001668710921467579
2012-09-10,14,c0003_0013,0.017234678165933267,0.01561917808219178,0.001615500083741486
2012-09-10,15,c0004_0025,0.016830883285371655,0.01561917808219178,0.0012117052031798748
2012-09-10,16,c0001_0009,0.016818106406323825,0.01561917808219178,0.001198928324132045
2012-09-10,17,c0022_0021,0.01660847683024121,0.01561917808219178,0.0009892987480494297
2012-09-10,18,c0023_0008,0.01650848935167681,0.01561917808219178,0.0008893112694850295
2012-09-10,19,c0001_0033,0.0159690794752199,0.01561917808219178,0.0003499013930281193
2012-09-10,20,c0001_0013,0.014882879589571539,0.013016438356164384,0.0018664412334071549
2012-09-11,1,c0010_0002,0.028680740704586895,0.02603013698630137,0.002650603718285525
2012-09-11,2,c0005_0032,0.027560468392665845,0.02603013698630137,0.0015303314063644774
2012-09-11,3,c0004_0013,0.02744591462740706,0.02603013698630137,0.0014157776411056892
2012-09-11,4,c0014_0004,0.027318900902914566,0.02603013698630137,0.001288763916613198
2012-09-11,5,c0001_0017,0.022257400324140624,0.020824657534246574,0.0014327427898940493
2012-09-11,6,c0001_0014,0.022252065428728117,0.020824657534246574,0.001427407894481542
2012-09-11,7,c0004_0033,0.022078041330556002,0.020824657534246574,0.0012533837963094286
2012-09-11,8,c0004_0011,0.02190069337503922,0.020824657534246574,0.0010760358407926468
2012-09-11,9,c0003_0011,0.021867192598201492,0.020824657534246574,0.0010425350639549176
2012-09-11,10,c0020_0016,0.019492310255266536,0.018221917808219176,0.0012703924470473583
2012-09-11,11,c0007_0011,0.018856242310854084,0.018221917808219176,0.000634324502634908
2012-09-11,12,c0020_0022,0.018520237204417846,0.018221917808219176,0.00029831939619866997
2012-09-11,13,c0013_0004,0.017269450397596163,0.01561917808219178,0.0016502723154043818
2012-09-11,14,c0003_0013,0.017216827518912285,0.01561917808219178,0.0015976494367205064
2012-09-11,15,c0004_0025,0.01681749441458599,0.01561917808219178,0.0011983163323942083
2012-09-11,16,c0001_0009,0.016804858715077677,0.01561917808219178,0.0011856806328858958
2012-09-11,17,c0022_0021,0.016597545464203254,0.01561917808219178,0.0009783673820114734
2012-09-11,18,c0023_0008,0.016498662808352473,0.01561917808219178,0.0008794847261606922
2012-09-11,19,c0001_0033,0.015965213201041425,0.01561917808219178,0.0003460351188496442
2012-09-11,20,c0001_0013,0.01486225614053662,0.013016438356164384,0.0018458177843722345
2012-09-12,1,c0010_0002,0.028651452565363757,0.02603013698630137,0.0026213155790623865
2012-09-12,2,c0005_0032,0.027543558826374236,0.02603013698630137,0.0015134218400728653
2012-09-12,3,c0004_0013,0.02743027083562647,0.02603013698630137,0.0014001338493251027
2012-09-12,4,c0014_0004,0.027304660563343953,0.02603013698630137,0.0012745235770425824
2012-09-12,5,c0001_0017,0.024844308800097747,0.023427397260273968,0.0014169115398237802
2012-09-12,6,c0001_0014,0.022226751901962254,0.020824657534246574,0.001402094367715679
2012-09-12,7,c0004_0033,0.022064191927541478,0.020824657534246574,0.0012395343932949034
2012-09-12,8,c0004_0011,0.021888803597892675,0.020824657534246574,0.0010641460636461012
2012-09-12,9,c0003_0011,0.021855672991597352,0.020824657534246574,0.00103101545735078
2012-09-12,10,c0013_0004,0.019853955256979323,0.018221917808219176,0.0016320374487601458
2012-09-12,11,c0020_0016,0.019478272913282718,0.018221917808219176,0.0012563551050635436
2012-09-12,12,c0007_0011,0.01884923327203864,0.018221917808219176,0.0006273154638194658
2012-09-12,13,c0020_0022,0.018516940891223778,0.018221917808219176,0.0002950230830046026
2012-09-12,14,c0001_0013,0.017444600298612348,0.01561917808219178,0.0018254222164205665
2012-09-12,15,c0003_0013,0.01719917411459174,0.01561917808219178,0.001579996032399961
2012-09-12,16,c0001_0009,0.01679175740566255,0.01561917808219178,0.0011725793234707703
2012-09-12,17,c0001_0026,0.016743855154612533,0.01561917808219178,0.001124677072420751
2012-09-12,18,c0022_0021,0.016586734885504502,0.01561917808219178,0.0009675568033127223
2012-09-12,19,c0023_0008,0.016488944844506456,0.01561917808219178,0.0008697667623146754
2012-09-12,20,c0018_0017,0.016356507563900387,0.01561917808219178,0.0007373294817086085
2012-09-13,1,c0010_0002,0.02862248804867734,0.02603013698630137,0.002592351062375971
2012-09-13,2,c0005_0032,0.027526836104207354,0.02603013698630137,0.0014966991179059842
2012-09-13,3,c0004_0013,0.02741479990165503,0.02603013698630137,0.0013846629153536584
2012-09-13,4,c0014_0004,0.027290577573981914,0.02603013698630137,0.001260440587680544
2012-09-13,5,c0001_0017,0.024828652479177746,0.023427397260273968,0.0014012552189037785
2012-09-13,6,c0001_0014,0.02221125930502581,0.020824657534246574,0.0013866017707792366
2012-09-13,7,c0004_0033,0.022050495555038775,0.020824657534246574,0.0012258380207922004
2012-09-13,8,c0004_0011,0.02187704519815498,0.020824657534246574,0.0010523876639084069
2012-09-13,9,c0003_0011,0.021844280672161678,0.020824657534246574,0.0010196231379151052
2012-09-13,10,c0013_0004,0.019835921878512783,0.018221917808219176,0.001614004070293606
2012-09-13,11,c0020_0016,0.019464390678463173,0.018221917808219176,0.001242472870243998
2012-09-13,12,c0007_0011,0.018842301680373534,0.018221917808219176,0.0006203838721543583
2012-09-13,13,c0020_0022,0.01851368100100727,0.018221917808219176,0.00029176319278809485
2012-09-13,14,c0001_0013,0.017424430093746675,0.01561917808219178,0.0018052520115548936
2012-09-13,15,c0003_0013,0.017181715773516574,0.01561917808219178,0.001562537691324794
2012-09-13,16,c0001_0009,0.016778800860616203,0.01561917808219178,0.0011596227784244227
2012-09-13,17,c0001_0026,0.01673142791079223,0.01561917808219178,0.0011122498286004505
2012-09-13,18,c0022_0021,0.01657604375949188,0.01561917808219178,0.0009568656773000996
2012-09-13,19,c0023_0008,0.016479334260377794,0.01561917808219178,0.0008601561781860128
2012-09-13,20,c0018_0017,0.016348360360165393,0.01561917808219178,0.0007291822779736144
2012-09-14,1,c0010_0002,0.0285938435786246,0.02603013698630137,0.0025637065923232298
2012-09-14,2,c0005_0032,0.027510298161610363,0.02603013698630137,0.0014801611753089935
2012-09-14,3,c0004_0013,0.027399499915481226,0.02603013698630137,0.001369362929179858
2012-09-14,4,c0014_0004,0.027276650196169903,0.02603013698630137,0.0012465132098685343
2012-09-14,5,c0001_0017,0.024813169154509,0.023427397260273968,0.001385771894235032
2012-09-14,6,c0001_0014,0.022195937895254342,0.020824657534246574,0.001371280361007768
2012-09-14,7,c0004_0033,0.022036950522120312,0.020824657534246574,0.001212292987873738
2012-09-14,8,c0004_0011,0.021865416724156914,0.020824657534246574,0.0010407591899103403
2012-09-14,9,c0003_0011,0.02183301423342081,0.020824657534246574,0.001008356699174234
2012-09-14,10,c0013_0004,0.019818087761858012,0.018221917808219176,0.001596169953638837
2012-09-14,11,c0020_0016,0.019450661836934117,0.018221917808219176,0.001228744028714939
2012-09-14,12,c0007_0011,0.0188354466800979,0.018221917808219176,0.0006135288718787237
2012-09-14,13,c0020_0022,0.0185104571313086,0.018221917808219176,0.0002885393230894241
2012-09-14,14,c0001_0013,0.017404482761792628,0.01561917808219178,0.0017853046796008486
2012-09-14,15,c0003_0013,0.01716445034031386,0.01561917808219178,0.0015452722581220817
2012-09-14,16,c0001_0009,0.016765987480348712,0.01561917808219178,0.0011468093981569327
2012-09-14,17,c0001_0026,0.016719137983178294,0.01561917808219178,0.0010999599009865139
2012-09-14,18,c0022_0021,0.016565470766259707,0.01561917808219178,0.0009462926840679261
2012-09-14,19,c0023_0008,0.01646982986946241,0.01561917808219178,0.0008506517872706298
2012-09-14,20,c0018_0017,0.016340303179860016,0.01561917808219178,0.0007211250976682352
2012-09-15,1,c0010_0002,0.028565515618814822,0.02603013698630137,0.002535378632513453
2012-09-15,2,c0005_0032,0.027493942956840947,0.02603013698630137,0.0014638059705395785
2012-09-15,3,c0004_0013,0.027384368988198456,0.02603013698630137,0.0013542320018970864
2012-09-15,4,c0014_0004,0.027262876710460873,0.02603013698630137,0.0012327397241595037
2012-09-15,5,c0001_0017,0.02479785691455028,0.023427397260273968,0.0013704596542763105
2012-09-15,6,c0001_0014,0.022180785781096318,0.020824657534246574,0.0013561282468497423
2012-09-15,7,c0004_0033,0.0220235551565426,0.020824657534246574,0.0011988976222960255
2012-09-15,8,c0004_0011,0.02185391674026963,0.020824657534246574,0.0010292592060230582
2012-09-15,9,c0003_0011,0.021821872284442066,0.020824657534246574,0.0009972147501954931
2012-09-15,10,c0013_0004,0.019800450705249564,0.018221917808219176,0.0015785328970303898
2012-09-15,11,c0020_0016,0.019437084693759397,0.018221917808219176,0.0012151668855402212
2012-09-15,12,c0007_0011,0.0188286674249067,0.018221917808219176,0.0006067496166875246
2012-09-15,13,c0020_0022,0.018507268884115066,0.018221917808219176,0.00028535107589589085
2012-09-15,14,c0001_0013,0.0173847558400913,0.01561917808219178,0.0017655777578995206
2012-09-15,15,c0003_0013,0.01714737568342671,0.01561917808219178,0.0015281976012349312
2012-09-15,16,c0001_0009,0.016753315682945007,0.01561917808219178,0.0011341376007532272
2012-09-15,17,c0001_0026,0.0167069838544801,0.01561917808219178,0.0010878057722883173
2012-09-15,18,c0022_0021,0.016555014600486747,0.01561917808219178,0.0009358365182949663
2012-09-15,19,c0023_0008,0.01646043049836664,0.01561917808219178,0.0008412524161748602
2012-09-15,20,c0018_0017,0.0163323350282604,0.01561917808219178,0.0007131569460686189
2012-09-16,1,c0010_0002,0.02853750067193304,0.02603013698630137,0.002507363685631672
2012-09-16,2,c0005_0032,0.027477768470717253,0.02603013698630137,0.0014476314844158837
2012-09-16,3,c0004_0013,0.02736940525177178,0.02603013698630137,0.0013392682654704115
2012-09-16,4,c0014_0004,0.027249255416406992,0.02603013698630137,0.0012191184301056236
2012-09-16,5,c0001_0017,0.02478271386888214,0.023427397260273968,0.0013553166086081715
2012-09-16,6,c0001_0014,0.02216580109190111,0.020824657534246574,0.0013411435576545369
2012-09-16,7,c0004_0033,0.022010307804539785,0.020824657534246574,0.0011856502702932124
2012-09-16,8,c0004_0011,0.021842543826727432,0.020824657534246574,0.0010178862924808568
2012-09-16,9,c0003_0011,0.02181085344966205,0.020824657534246574,0.0009861959154154746
2012-09-16,10,c0013_0004,0.020333956527912228,0.018221917808219176,0.00211203871969305
2012-09-16,11,c0020_0016,0.019423657572731262,0.018221917808219176,0.001201739764512085
2012-09-16,12,c0007_0011,0.01882196307784624,0.018221917808219176,0.0006000452696270655
2012-09-16,13,c0020_0022,0.018504115865811858,0.018221917808219176,0.00028219805759268084
2012-09-16,14,c0001_0013,0.017365246893195203,0.01561917808219178,0.001746068811003422
2012-09-16,15,c0003_0013,0.017130489694851102,0.01561917808219178,0.0015113116126593232
2012-09-16,16,c0001_0009,0.01674078390396956,0.01561917808219178,0.001121605821777779
2012-09-16,17,c0001_0026,0.016694964024172487,0.01561917808219178,0.001075785941980707
2012-09-16,18,c0022_0021,0.016544673971275056,0.01561917808219178,0.0009254958890832757
2012-09-16,19,c0023_0008,0.016451134986662362,0.01561917808219178,0.0008319569044705808
2012-09-16,20,c0018_0017,0.016324454921634007,0.01561917808219178,0.0007052768394422255
2012-09-17,1,c0010_0002,0.028509795279308255,0.02603013698630137,0.0024796582930068857
2012-09-17,2,c0005_0032,0.027461772706368598,0.02603013698630137,0.0014316357200672269
2012-09-17,3,c0004_0013,0.027354606858807327,0.02603013698630137,0.0013244698725059594
2012-09-17,4,c0014_0004,0.02723578463234972,0.02603013698630137,0.001205647646048352
2012-09-17,5,c0001_0017,0.024767738147973537,0.023427397260273968,0.0013403408876995696
2012-09-17,6,c0001_0014,0.022150981977688063,0.020824657534246574,0.0013263244434414902
2012-09-17,7,c0004_0033,0.02199720683061949,0.020824657534246574,0.0011725492963729166
2012-09-17,8,c0004_0011,0.021831296579452465,0.020824657534246574,0.0010066390452058908
2012-09-17,9,c0003_0011,0.021799956368716785,0.020824657534246574,0.0009752988344702096
2012-09-17,10,c0013_0004,0.020310619322263454,0.018221917808219176,0.002088701514044279
2012-09-17,11,c0020_0016,0.01941037881616339,0.018221917808219176,0.001188461007944213
2012-09-17,12,c0007_0011,0.01881533281121084,0.018221917808219176,0.0005934150029916629
2012-09-17,13,c0020_0022,0.018500997687133446,0.018221917808219176,0.0002790798789142704
2012-09-17,14,c0001_0013,0.01734595351256759,0.01561917808219178,0.00172677543037581
2012-09-17,15,c0003_0013,0.017113790289875645,0.01561917808219178,0.0014946122076838631
2012-09-17,16,c0001_0009,0.016728390596273245,0.01561917808219178,0.001109212514081464
2012-09-17,17,c0001_0026,0.01668307700831053,0.01561917808219178,0.0010638989261187492
2012-09-17,18,c0022_0021,0.01653444760199061,0.01561917808219178,0.0009152695197988304
2012-09-17,19,c0023_0008,0.01644194218674373,0.01561917808219178,0.0008227641045519474
2012-09-17,20,c0018_0017,0.016316661887118156,0.01561917808219178,0.0006974838049263761
2012-09-18,1,c0010_0002,0.028482396020486432,0.02603013698630137,0.0024522590341850624
2012-09-18,2,c0005_0032,0.027445953688988937,0.02603013698630137,0.001415816702687569
2012-09-18,3,c0004_0013,0.02733997198232421,0.02603013698630137,0.0013098349960228403
2012-09-18,4,c0014_0004,0.02722246269521219,0.02603013698630137,0.0011923257089108187
2012-09-18,5,c0001_0017,0.02475292790295102,0.023427397260273968,0.001325530642677051
2012-09-18,6,c0001_0014,0.02213632660891808,0.020824657534246574,0.0013116690746715067
2012-09-18,7,c0004_0033,0.021984250617360885,0.020824657534246574,0.0011595930831143106
2012-09-18,8,c0004_0011,0.0218201736098814,0.020824657534246574,0.000995516075634828
2012-09-18,9,c0003_0011,0.021789179696273798,0.020824657534246574,0.0009645221620272226
2012-09-18,10,c0013_0004,0.02028753998365207,0.018221917808219176,0.002065622175432895
2012-09-18,11,c0020_0016,0.019397246784686253,0.018221917808219176,0.001175328976467077
2012-09-18,12,c0007_0011,0.018808775806440636,0.018221917808219176,0.0005868579982214592
2012-09-18,13,c0020_0022,0.018497913963115543,0.018221917808219176,0.00027599615489636844
2012-09-18,14,c0001_0013,0.01732687331628512,0.01561917808219178,0.0017076952340933376
2012-09-18,15,c0003_0013,0.017097275406824188,0.01561917808219178,0.0014780973246324054
2012-09-18,16,c0001_0009,0.016716134229802334,0.01561917808219178,0.001096956147610554
2012-09-18,17,c0001_0026,0.016671321339346304,0.01561917808219178,0.001052143257154523
2012-09-18,18,c0022_0021,0.016524334230105697,0.01561917808219178,0.0009051561479139146
2012-09-18,19,c0023_0008,0.016432850963685495,0.01561917808219178,0.0008136728814937137
2012-09-18,20,c0018_0017,0.016308954962599927,0.01561917808219178,0.0006897768804081457
2012-09-19,1,c0010_0002,0.028455299512808226,0.02603013698630137,0.0024251625265068557
2012-09-19,2,c0005_0032,0.027430309465593078,0.02603013698630137,0.0014001724792917093
2012-09-19,3,c0004_0013,0.02732549881552896,0.02603013698630137,0.001295361829227591
2012-09-19,4,c0001_0017,0.024738281305370462,0.023427397260273968,0.0013108840450964932
2012-09-19,5,c0014_0004,0.02459732621402699,0.023427397260273968,0.0011699289537530203
2012-09-19,6,c0013_0004,0.022867455388775094,0.020824657534246574,0.0020427978545285203
2012-09-19,7,c0004_0033,0.02197143756521501,0.020824657534246574,0.001146780030968437
2012-09-19,8,c0004_0011,0.021809173544793996,0.020824657534246574,0.0009845160105474212
2012-09-19,9,c0003_0011,0.02177852210186601,0.020824657534246574,0.0009538645676194375
2012-09-19,10,c0001_0014,0.019509681647626915,0.018221917808219176,0.0012877638394077377
2012-09-19,11,c0020_0016,0.01938425985704472,0.018221917808219176,0.001162342048825543
2012-09-19,12,c0007_0011,0.01880229125402054,0.018221917808219176,0.0005803734458013643
2012-09-19,13,c0001_0013,0.017308003948743763,0.01561917808219178,0.0016888258665519822
2012-09-19,14,c0003_0013,0.017080943006801304,0.01561917808219178,0.0014617649246095228
2012-09-19,15,c0001_0009,0.016704013291409598,0.01561917808219178,0.0010848352092178192
2012-09-19,16,c0001_0026,0.01665969556594772,0.01561917808219178,0.001040517483755941
2012-09-19,17,c0020_0001,0.016619069840932147,0.01561917808219178,0.0009998917587403652
2012-09-19,18,c0022_0021,0.016514332607043034,0.01561917808219178,0.0008951545248512532
2012-09-19,19,c0018_0017,0.016301333196597365,0.01561917808219178,0.0006821551144055829
2012-09-19,20,c0001_0033,0.01593578195522653,0.01561917808219178,0.000316603873034749
2012-09-20,1,c0010_0002,0.028428502410991357,0.02603013698630137,0.0023983654246899876
2012-09-20,2,c0005_0032,0.027414838104775543,0.02603013698630137,0.001384701118474172
2012-09-20,3,c0004_0013,0.027311185571592483,0.02603013698630137,0.0012810485852911132
2012-09-20,4,c0001_0017,0.024723796546991337,0.023427397260273968,0.0012963992867173685
2012-09-20,5,c0014_0004,0.02458439895453425,0.023427397260273968,0.0011570016942602807
2012-09-20,6,c0013_0004,0.022844883267731344,0.020824657534246574,0.002020225733484769
2012-09-20,7,c0004_0033,0.021958766092307305,0.020824657534246574,0.0011341085580607322
2012-09-20,8,c0004_0011,0.021798295026143544,0.020824657534246574,0.0009736374918969714
2012-09-20,9,c0003_0011,0.021767982269727496,0.020824657534246574,0.0009433247354809214
2012-09-20,10,c0001_0014,0.019495452358520095,0.018221917808219176,0.001273534550300918
2012-09-20,11,c0020_0016,0.01937141642989789,0.018221917808219176,0.001149498621678716
2012-09-20,12,c0007_0011,0.018795878353380292,0.018221917808219176,0.0005739605451611143
2012-09-20,13,c0001_0013,0.01728934308036801,0.01561917808219178,0.0016701649981762285
2012-09-20,14,c0003_0013,0.01706479107344057,0.01561917808219178,0.0014456129912487885
2012-09-20,15,c0001_0009,0.016692026284667497,0.01561917808219178,0.001072848202475716
2012-09-20,16,c0001_0026,0.01664819825281935,0.01561917808219178,0.0010290201706275703
2012-09-20,17,c0020_0001,0.01660802142624985,0.01561917808219178,0.0009888433440580688
2012-09-20,18,c0022_0021,0.016504441498021643,0.01561917808219178,0.0008852634158298628
2012-09-20,19,c0018_0017,0.016293795648142022,0.01561917808219178,0.0006746175659502414
2012-09-20,20,c0001_0033,0.01593228360568146,0.01561917808219178,0.00031310552348967857
2012-09-21,1,c0010_0002,0.028402001406717614,0.02603013698630137,0.0023718644204162465
2012-09-21,2,c0005_0032,0.02739953769647213,0.02603013698630137,0.001369400710170762
2012-09-21,3,c0004_0013,0.027297030483429446,0.02603013698630137,0.0012668934971280749
2012-09-21,4,c0001_0017,0.024709471839553472,0.023427397260273968,0.0012820745792795046
2012-09-21,5,c0014_0004,0.024571614536226402,0.023427397260273968,0.0011442172759524322
2012-09-21,6,c0013_0004,0.022822560559837935,0.020824657534246574,0.0019979030255913625
2012-09-21,7,c0004_0033,0.021946234634242303,0.020824657534246574,0.0011215770999957297
2012-09-21,8,c0004_0011,0.021787536710889243,0.020824657534246574,0.0009628791766426678
2012-09-21,9,c0003_0011,0.021757558898631017,0.020824657534246574,0.0009329013643844435
2012-09-21,10,c0001_0014,0.01948138029751853,0.018221917808219176,0.001259462489299353
2012-09-21,11,c0020_0016,0.01935871491762117,0.018221917808219176,0.0011367971094019933
2012-09-21,12,c0007_0011,0.01878953631279561,0.018221917808219176,0.0005676185045764357
2012-09-21,13,c0001_0013,0.017270888407323243,0.01561917808219178,0.0016517103251314639
2012-09-21,14,c0020_0001,0.01714626049930698,0.01561917808219178,0.0015270824171152012
2012-09-21,15,c0003_0013,0.01704881761265562,0.01561917808219178,0.001429639530463841
2012-09-21,16,c0001_0009,0.016680171729683425,0.01561917808219178,0.0010609936474916442
2012-09-21,17,c0001_0026,0.016636827980525213,0.01561917808219178,0.001017649898333434
2012-09-21,18,c0022_0021,0.016494659681904392,0.01561917808219178,0.0008754815997126104
2012-09-21,19,c0018_0017,0.01628634138666279,0.01561917808219178,0.0006671633044710095
2012-09-21,20,c0001_0033,0.015928823911536976,0.01561917808219178,0.000309645829345195
2012-09-22,1,c0010_0002,0.02837579322822442,0.02603013698630137,0.0023456562419230504
2012-09-22,2,c0005_0032,0.02738440635172412,0.02603013698630137,0.0013542693654227489
2012-09-22,3,c0004_0013,0.02728303180348012,0.02603013698630137,0.0012528948171787481
2012-09-22,4,c0001_0017,0.024695305414556275,0.023427397260273968,0.001267908154282308
2012-09-22,5,c0014_0004,0.024558971380763957,0.023427397260273968,0.001131574120489989
2012-09-22,6,c0013_0004,0.022800484509176655,0.020824657534246574,0.001975826974930083
2012-09-22,7,c0004_0033,0.0219338416439105,0.020824657534246574,0.0011091841096639258
2012-09-22,8,c0004_0011,0.02177689727083035,0.020824657534246574,0.0009522397365837777
2012-09-22,9,c0003_0011,0.0217472507017274,0.020824657534246574,0.0009225931674808269
2012-09-22,10,c0001_0014,0.019467463727312864,0.018221917808219176,0.001245545919093688
2012-09-22,11,c0020_0016,0.019346153752110483,0.018221917808219176,0.0011242359438913068
2012-09-22,12,c0007_0011,0.018783264349290476,0.018221917808219176,0.0005613465410713003
2012-09-22,13,c0001_0013,0.017252637651231334,0.01561917808219178,0.0016334595690395523
2012-09-22,14,c0020_0001,0.017129386833081763,0.01561917808219178,0.0015102087508899822
2012-09-22,15,c0003_0013,0.017033020652393975,0.01561917808219178,0.0014138425702021956
2012-09-22,16,c0001_0009,0.01666844816291702,0.01561917808219178,0.00104927008072524
2012-09-22,17,c0001_0026,0.01662558334531355,0.01561917808219178,0.0010064052631217702
2012-09-22,18,c0022_0021,0.01648498595104723,0.01561917808219178,0.0008658078688554519
2012-09-22,19,c0018_0017,0.016278969491871007,0.01561917808219178,0.0006597914096792246
2012-09-22,20,c0001_0033,0.01592540244566595,0.01561917808219178,0.00030622436347417005
2012-09-23,1,c0010_0002,0.02834987463990089,0.02603013698630137,0.0023197376535995192
2012-09-23,2,c0005_0032,0.02736944220244503,0.02603013698630137,0.0013393052161436607
2012-09-23,3,c0004_0013,0.02726918780349463,0.02603013698630137,0.0012390508171932608
2012-09-23,4,c0001_0017,0.024681295523040395,0.023427397260273968,0.001253898262766427
2012-09-23,5,c0014_0004,0.024546467927247472,0.023427397260273968,0.0011190706669735025
2012-09-23,6,c0013_0004,0.022778652390281113,0.020824657534246574,0.0019539948560345385
2012-09-23,7,c0004_0033,0.021921585591297345,0.020824657534246574,0.001096928057050772
2012-09-23,8,c0004_0011,0.021766375392442243,0.020824657534246574,0.000941717858195669
2012-09-23,9,c0003_0011,0.02173705640638665,0.020824657534246574,0.0009123988721400767
2012-09-23,10,c0001_0014,0.019453700929790336,0.018221917808219176,0.0012317831215711587
2012-09-23,11,c0020_0016,0.019333731382588704,0.018221917808219176,0.001111813574369528
2012-09-23,12,c0007_0011,0.018777061688540434,0.018221917808219176,0.0005551438803212592
2012-09-23,13,c0001_0013,0.01723458855888933,0.01561917808219178,0.001615410476697548
2012-09-23,14,c0020_0001,0.017112699614299516,0.01561917808219178,0.0014935215321077362
2012-09-23,15,c0003_0013,0.017017398242393563,0.01561917808219178,0.0013982201602017812
2012-09-23,16,c0001_0009,0.016656854136999473,0.01561917808219178,0.0010376760548076916
2012-09-23,17,c0001_0026,0.016614462958943508,0.01561917808219178,0.000995284876751727
2012-09-23,18,c0022_0021,0.016475419111150122,0.01561917808219178,0.0008562410289583405
2012-09-23,19,c0018_0017,0.016271679053646834,0.01561917808219178,0.0006525009714550549
2012-09-23,20,c0001_0033,0.015922018785660845,0.01561917808219178,0.00030284070346906405
2012-09-24,1,c0010_0002,0.028324242441888383,0.02603013698630137,0.0022941054555870146
2012-09-24,2,c0005_0032,0.027354643401190024,0.02603013698630137,0.001324506414888654
2012-09-24,3,c0004_0013,0.0272554967743196,0.02603013698630137,0.001225359788018228
2012-09-24,4,c0001_0017,0.0246674404353718,0.023427397260273968,0.0012400431750978311
2012-09-24,5,c0014_0004,0.024534102632024823,0.023427397260273968,0.0011067053717508544
2012-09-24,6,c0013_0004,0.022757061507800252,0.020824657534246574,0.0019324039735536787
2012-09-24,7,c0004_0033,0.02190946496329436,0.020824657534246574,0.0010848074290477868
2012-09-24,8,c0004_0011,0.02175596977671422,0.020824657534246574,0.0009313122424676457
2012-09-24,9,c0003_0011,0.02172697475404084,0.020824657534246574,0.0009023172197942645
2012-09-24,10,c0001_0014,0.019440090205822658,0.018221917808219176,0.0012181723976034807
2012-09-24,11,c0020_0016,0.019321446275414187,0.018221917808219176,0.001099528467195012
2012-09-24,12,c0007_0011,0.018770927564777024,0.018221917808219176,0.0005490097565578479
2012-09-24,13,c0001_0013,0.0172167389019913,0.01561917808219178,0.0015975608197995206
2012-09-24,14,c0020_0001,0.01709619678278858,0.01561917808219178,0.001477018700596801
2012-09-24,15,c0003_0013,0.017001948453941942,0.01561917808219178,0.001382770371750162
2012-09-24,16,c0001_0009,0.01664538822055483,0.01561917808219178,0.001026210138363048
2012-09-24,17,c0001_0026,0.016603465448513755,0.01561917808219178,0.000984287366321974
2012-09-24,18,c0022_0021,0.016465957981109558,0.01561917808219178,0.0008467798989177794
2012-09-24,19,c0018_0017,0.01626446917192692,0.01561917808219178,0.0006452910897351392
2012-09-24,20,c0001_0033,0.015918672513781557,0.01561917808219178,0.0002994944315897762
2012-09-25,1,c0010_0002,0.02829889346968546,0.02603013698630137,0.002268756483384089
2012-09-25,2,c0005_0032,0.0273400081209278,0.02603013698630137,0.0013098711346264317
2012-09-25,3,c0004_0013,0.027241957025687113,0.02603013698630137,0.0012118200393857446
2012-09-25,4,c0001_0017,0.02465373844102824,0.023427397260273968,0.0012263411807542715
2012-09-25,5,c0014_0004,0.02452187396850065,0.023427397260273968,0.0010944767082266826
2012-09-25,6,c0013_0004,0.022735709196165608,0.020824657534246574,0.0019110516619190328
2012-09-25,7,c0004_0033,0.02189747826351232,0.020824657534246574,0.0010728207292657476
2012-09-25,8,c0004_0011,0.021745679138989147,0.020824657534246574,0.000921021604742574
2012-09-25,9,c0003_0011,0.02171700450002872,0.020824657534246574,0.0008923469657821476
2012-09-25,10,c0001_0014,0.01942662987505625,0.018221917808219176,0.0012047120668370731
2012-09-25,11,c0020_0016,0.01930929691389143,0.018221917808219176,0.0010873791056722568
2012-09-25,12,c0007_0011,0.01876486122069322,0.018221917808219176,0.0005429434124740452
2012-09-25,13,c0001_0013,0.017199086476853233,0.01561917808219178,0.0015799083946614536
2012-09-25,14,c0020_0001,0.01707987630114139,0.01561917808219178,0.0014606982189496096
2012-09-25,15,c0003_0013,0.016986669379638206,0.01561917808219178,0.0013674912974464245
2012-09-25,16,c0001_0009,0.016634048998023288,0.01561917808219178,0.0010148709158315063
2012-09-25,17,c0001_0026,0.016592589456292987,0.01561917808219178,0.0009734113741012057
2012-09-25,18,c0022_0021,0.016456601392872788,0.01561917808219178,0.0008374233106810061
2012-09-25,19,c0018_0017,0.016257338956593245,0.01561917808219178,0.0006381608744014653
2012-09-25,20,c0001_0033,0.01591536321690385,0.01561917808219178,0.0002961851347120711
2012-09-26,1,c0010_0002,0.028273824593757175,0.02603013698630137,0.002243687607455806
2012-09-26,2,c0004_0013,0.027228566886006077,0.02603013698630137,0.0011984298997047087
2012-09-26,3,c0005_0032,0.024713693688754597,0.023427397260273968,0.001286296428480629
2012-09-26,4,c0001_0017,0.024640187848388072,0.023427397260273968,0.0012127905881141052
2012-09-26,5,c0001_0009,0.02292818034157825,0.020824657534246574,0.002103522807331679
2012-09-26,6,c0013_0004,0.0227145928192622,0.020824657534246574,0.0018899352850156254
2012-09-26,7,c0014_0004,0.02189792058041457,0.020824657534246574,0.0010732630461679931
2012-09-26,8,c0004_0033,0.021885624012096525,0.020824657534246574,0.001060966477849951
2012-09-26,9,c0004_0011,0.021735502208804856,0.020824657534246574,0.000910844674558282
2012-09-26,10,c0003_0011,0.02170714441344208,0.020824657534246574,0.0008824868791955052
2012-09-26,11,c0020_0001,0.019666475880490333,0.018221917808219176,0.0014445580722711553
2012-09-26,12,c0007_0011,0.018758861907349954,0.018221917808219176,0.0005369440991307777
2012-09-26,13,c0001_0013,0.01718162910414096,0.01561917808219178,0.0015624510219491806
2012-09-26,14,c0025_0022,0.017137851568089568,0.01561917808219178,0.0015186734858977887
2012-09-26,15,c0003_0013,0.016971559133157472,0.01561917808219178,0.0013523810509656925
2012-09-26,16,c0001_0014,0.016801204796459482,0.01561917808219178,0.0011820267142677032
2012-09-26,17,c0009_0006,0.016771476437968398,0.01561917808219178,0.001152298355776619
2012-09-26,18,c0020_0016,0.01668553037739356,0.01561917808219178,0.001066352295201781
2012-09-26,19,c0001_0026,0.0165818336395523,0.01561917808219178,0.0009626555573605192
2012-09-26,20,c0022_0021,0.016447348191293565,0.01561917808219178,0.0008281701091017862
2012-09-27,1,c0010_0002,0.028249032719148737,0.02603013698630137,0.002218895732847368
2012-09-27,2,c0004_0013,0.02721532470215582,0.02603013698630137,0.0011851877158544479
2012-09-27,3,c0005_0032,0.02469948061396727,0.023427397260273968,0.0012720833536933
2012-09-27,4,c0001_0017,0.024626786984521417,0.023427397260273968,0.001199389724247449
2012-09-27,5,c0001_0009,0.02290493723344588,0.020824657534246574,0.0020802796991993082
2012-09-27,6,c0013_0004,0.022693709770103095,0.020824657534246574,0.0018690522358565226
2012-09-27,7,c0014_0004,0.021886061441569193,0.020824657534246574,0.0010614039073226177
2012-09-27,8,c0004_0033,0.021873900745544086,0.020824657534246574,0.0010492432112975108
2012-09-27,9,c0004_0011,0.021725437729737285,0.020824657534246574,0.000900780195490709
2012-09-27,10,c0003_0011,0.02169739327697375,0.020824657534246574,0.0008727357427271735
2012-09-27,11,c0020_0001,0.019650514076149414,0.018221917808219176,0.0014285962679302369
2012-09-27,12,c0007_0011,0.018752928884083635,0.018221917808219176,0.000531011075864457
2012-09-27,13,c0001_0013,0.01716436462860111,0.01561917808219178,0.0015451865464093288
2012-09-27,14,c0025_0022,0.017121070817280756,0.01561917808219178,0.0015018927350889761
2012-09-27,15,c0003_0013,0.016956615849018027,0.01561917808219178,0.0013374377668262454
2012-09-27,16,c0001_0014,0.01678814386142264,0.01561917808219178,0.0011689657792308612
2012-09-27,17,c0009_0006,0.016758743989719813,0.01561917808219178,0.0011395659075280338
2012-09-27,18,c0020_0016,0.01667374759965605,0.01561917808219178,0.001054569517464269
2012-09-27,19,c0001_0026,0.016571196670399423,0.01561917808219178,0.0009520185882076433
2012-09-27,20,c0022_0021,0.016438197233989583,0.01561917808219178,0.0008190191517978016
2012-09-28,1,c0010_0002,0.028224514785103398,0.02603013698630137,0.002194377798802027
2012-09-28,2,c0004_0013,0.027202228839282,0.02603013698630137,0.001172091852980631
2012-09-28,3,c0005_0032,0.024685424588123277,0.023427397260273968,0.0012580273278493073
2012-09-28,4,c0001_0017,0.024613534194983612,0.023427397260273968,0.0011861369347096454
2012-09-28,5,c0001_0009,0.022881950952609975,0.020824657534246574,0.0020572934183633994
2012-09-28,6,c0013_0004,0.022673057470507556,0.020824657534246574,0.0018483999362609838
2012-09-28,7,c0014_0004,0.021874333341591366,0.020824657534246574,0.001049675807344793
2012-09-28,8,c0004_0033,0.021862307016523252,0.020824657534246574,0.0010376494822766785
2012-09-28,9,c0004_0011,0.021715484459245368,0.020824657534246574,0.000890826924998792
2012-09-28,10,c0003_0011,0.021687749886767332,0.020824657534246574,0.0008630923525207586
2012-09-28,11,c0020_0001,0.019634728643532627,0.018221917808219176,0.0014128108353134523
2012-09-28,12,c0007_0011,0.018747061418414715,0.018221917808219176,0.0005251436101955392
2012-09-28,13,c0001_0014,0.01732494378842638,0.01561917808219178,0.001705765706234597
2012-09-28,14,c0001_0013,0.01714729091879502,0.01561917808219178,0.0015281128366032373
2012-09-28,15,c0025_0022,0.01710447548723574,0.01561917808219178,0.001485297405043957
2012-09-28,16,c0003_0013,0.01694183768235099,0.01561917808219178,0.0013226596001592093
2012-09-28,17,c0009_0006,0.01674615223006771,0.01561917808219178,0.0011269741478759309
2012-09-28,18,c0020_0016,0.016662095017025574,0.01561917808219178,0.0010429169348337925
2012-09-28,19,c0001_0026,0.01656067723561478,0.01561917808219178,0.0009414991534229991
2012-09-28,20,c0022_0021,0.016429147391201396,0.01561917808219178,0.0008099693090096139
2012-09-29,1,c0010_0002,0.028200267764684574,0.02603013698630137,0.0021701307783832053
2012-09-29,2,c0004_0013,0.0271892776805948,0.02603013698630137,0.0011591406942934297
2012-09-29,3,c0005_0032,0.024671523875892932,0.023427397260273968,0.001244126615618965
2012-09-29,4,c0001_0017,0.02460042784361097,0.023427397260273968,0.0011730305833370035
2012-09-29,5,c0001_0009,0.02285921866122888,0.020824657534246574,0.002034561126982308
2012-09-29,6,c0013_0004,0.022652633370782736,0.020824657534246574,0.0018279758365361614
2012-09-29,7,c0014_0004,0.02186273483255262,0.020824657534246574,0.0010380772983060453
2012-09-29,8,c0004_0033,0.021850841393694732,0.020824657534246574,0.0010261838594481582
2012-09-29,9,c0004_0011,0.02170564116851764,0.020824657534246574,0.0008809836342710633
2012-09-29,10,c0003_0011,0.021678213052268587,0.020824657534246574,0.0008535555180220116
2012-09-29,11,c0020_0001,0.019619117633801086,0.018221917808219176,0.0013971998255819106
2012-09-29,12,c0007_0011,0.01874125878595727,0.018221917808219176,0.0005193409777380942
2012-09-29,13,c0001_0014,0.017306095741416706,0.01561917808219178,0.001686917659224927
2012-09-29,14,c0001_0013,0.01713040586683559,0.01561917808219178,0.0015112277846438115
2012-09-29,15,c0025_0022,0.017088063529127253,0.01561917808219178,0.0014688854469354737
2012-09-29,16,c0003_0013,0.016927222808672576,0.01561917808219178,0.0013080447264807939
2012-09-29,17,c0009_0006,0.01673369960445787,0.01561917808219178,0.0011145215222660883
2012-09-29,18,c0020_0016,0.016650571190896885,0.01561917808219178,0.001031393108705103
2012-09-29,19,c0001_0026,0.016550274036489353,0.01561917808219178,0.0009310959542975732
2012-09-29,20,c0022_0021,0.016420197545652968,0.01561917808219178,0.0008010194634611871
2012-09-30,1,c0010_0002,0.028176288664402162,0.02603013698630137,0.0021461516781007936
2012-09-30,2,c0004_0013,0.027176469627169283,0.02603013698630137,0.0011463326408679148
2012-09-30,3,c0005_0032,0.024657776761121273,0.023427397260273968,0.0012303795008473057
2012-09-30,4,c0001_0017,0.024587466312318774,0.023427397260273968,0.0011600690520448067
2012-09-30,5,c0001_0009,0.02283673755281801,0.020824657534246574,0.002012080018571435
2012-09-30,6,c0013_0004,0.022632434949408895,0.020824657534246574,0.00180777741516232
2012-09-30,7,c0014_0004,0.02185126448252352,0.020824657534246574,0.0010266069482769468
2012-09-30,8,c0004_0033,0.02183950246153497,0.020824657534246574,0.0010148449272883958
2012-09-30,9,c0004_0011,0.021695906642320517,0.020824657534246574,0.0008712491080739426
2012-09-30,10,c0003_0011,0.021668781596078417,0.020824657534246574,0.0008441240618318439
2012-09-30,11,c0020_0001,0.019603679119649806,0.018221917808219176,0.001381761311430631
2012-09-30,12,c0007_0011,0.018735520270329552,0.018221917808219176,0.0005136024621103746
2012-09-30,13,c0001_0014,0.017287455957989063,0.01561917808219178,0.001668277875797284
2012-09-30,14,c0001_0013,0.01711370738812707,0.01561917808219178,0.0014945293059352893
2012-09-30,15,c0025_0022,0.017071832916766793,0.01561917808219178,0.0014526548345750138
2012-09-30,16,c0003_0013,0.016912769423658824,0.01561917808219178,0.0012935913414670432
2012-09-30,17,c0009_0006,0.01672138457551328,0.01561917808219178,0.0011022064933215031
2012-09-30,18,c0020_0016,0.01663917469856076,0.01561917808219178,0.0010199966163689806
2012-09-30,19,c0001_0026,0.016539985788664363,0.01561917808219178,0.0009208077064725812
2012-09-30,20,c0022_0021,0.01641134659241373,0.01561917808219178,0.0007921685102219498
2012-10-01,1,c0010_0002,0.028152574523842955,0.02603013698630137,0.002122437537541584
2012-10-01,2,c0004_0013,0.027163803097748025,0.02603013698630137,0.0011336661114466546
2012-10-01,3,c0005_0032,0.024644181546616174,0.023427397260273968,0.0012167842863422046
2012-10-01,4,c0001_0017,0.024574648000901513,0.023427397260273968,0.0011472507406275429
2012-10-01,5,c0001_0009,0.022814504851903318,0.020824657534246574,0.0019898473176567432
2012-10-01,6,c0013_0004,0.02261245971272811,0.020824657534246574,0.001787802178481537
2012-10-01,7,c0014_0004,0.021839920875396907,0.020824657534246574,0.001015263341150332
2012-10-01,8,c0004_0033,0.021828288820161395,0.020824657534246574,0.0010036312859148212
2012-10-01,9,c0004_0011,0.021686279678848282,0.020824657534246574,0.0008616221446017079
2012-10-01,10,c0003_0011,0.021659454353807544,0.020824657534246574,0.000834796819560969
2012-10-01,11,c0020_0001,0.01958841119506978,0.018221917808219176,0.001366493386850603
2012-10-01,12,c0007_0011,0.01872984516306555,0.018221917808219176,0.0005079273548463719
2012-10-01,13,c0001_0014,0.017269022136911942,0.01561917808219178,0.0016498440547201617
2012-10-01,14,c0001_0013,0.01709719342110766,0.01561917808219178,0.0014780153389158802
2012-10-01,15,c0025_0022,0.017055781646354438,0.01561917808219178,0.0014366035641626583
2012-10-01,16,c0003_0013,0.016898475742922858,0.01561917808219178,0.0012792976607310796
2012-10-01,17,c0009_0006,0.01670920562284437,0.01561917808219178,0.0010900275406525895
2012-10-01,18,c0020_0016,0.01662790413302837,0.01561917808219178,0.001008726050836587
2012-10-01,19,c0001_0026,0.01652981122197268,0.01561917808219178,0.0009106331397809028
2012-10-01,20,c0022_0021,0.016402593438762166,0.01561917808219178,0.0007834153565703834
2012-10-02,1,c0010_0002,0.02812912241530515,0.02603013698630137,0.0020989854290037833
2012-10-02,2,c0004_0013,0.027151276528545865,0.02603013698630137,0.0011211395422444958
2012-10-02,3,c0005_0032,0.02463073655393882,0.023427397260273968,0.0012033392936648506
2012-10-02,4,c0001_0017,0.024561971326835318,0.023427397260273968,0.001134574066561349
2012-10-02,5,c0001_0009,0.022792517813678678,0.020824657534246574,0.0019678602794321034
2012-10-02,6,c0013_0004,0.022592705194636412,0.020824657534246574,0.001768047660389838
2012-10-02,7,c0014_0004,0.021828702610713045,0.020824657534246574,0.001004045076466469
2012-10-02,8,c0004_0033,0.021817199085159597,0.020824657534246574,0.000992541550913022
2012-10-02,9,c0004_0011,0.0216767590895747,0.020824657534246574,0.0008521015553281231
2012-10-02,10,c0003_0011,0.021650230173932722,0.020824657534246574,0.0008255726396861482
2012-10-02,11,c0020_0001,0.01957331197511265,0.018221917808219176,0.001351394166893474
2012-10-02,12,c0007_0011,0.018724232763527526,0.018221917808219176,0.0005023149553083518
2012-10-02,13,c0001_0014,0.017250792002381547,0.01561917808219178,0.0016316139201897671
2012-10-02,14,c0001_0013,0.01708086192699503,0.01561917808219178,0.001461683844803248
2012-10-02,15,c0025_0022,0.01703990773623148,0.01561917808219178,0.001420729654039697
2012-10-02,16,c0003_0013,0.016884340001794586,0.01561917808219178,0.0012651619196028053
2012-10-02,17,c0009_0006,0.016697161242861254,0.01561917808219178,0.001077983160669475
2012-10-02,18,c0020_0016,0.016616758102857544,0.01561917808219178,0.0009975800206657637
2012-10-02,19,c0001_0026,0.016519749080282052,0.01561917808219178,0.0009005709980902704
2012-10-02,20,c0022_0021,0.0163939370040509,0.01561917808219178,0.0007747589218591178
2012-10-03,1,c0010_0002,0.02810592944343693,0.02603013698630137,0.0020757924571355633
2012-10-03,2,c0004_0013,0.027138888373056873,0.02603013698630137,0.0011087513867555044
2012-10-03,3,c0005_0032,0.024617440123196496,0.023427397260273968,0.001190042862922528
2012-10-03,4,c0001_0017,0.024549434725082604,0.023427397260273968,0.001122037464808635
2012-10-03,5,c0001_0009,0.022770773723667,0.020824657534246574,0.0019461161894204259
2012-10-03,6,c0013_0004,0.022573168956279314,0.020824657534246574,0.0017485114220327398
2012-10-03,7,c0014_0004,0.021817608303486734,0.020824657534246574,0.0009929507692401608
2012-10-03,8,c0004_0033,0.0218062318874124,0.020824657534246574,0.000981574353165827
2012-10-03,9,c0004_0011,0.02166734369910628,0.020824657534246574,0.0008426861648597044
2012-10-03,10,c0020_0001,0.019558379595658013,0.018221917808219176,0.0013364617874388374
2012-10-03,11,c0003_0011,0.019029479422598975,0.018221917808219176,0.000807561614379799
2012-10-03,12,c0001_0014,0.01722329687677294,0.01561917808219178,0.0016041187945811605
2012-10-03,13,c0001_0013,0.01706471088953459,0.01561917808219178,0.0014455328073428092
2012-10-03,14,c0025_0022,0.017024209226635757,0.01561917808219178,0.0014050311444439786
2012-10-03,15,c0003_0013,0.01687036045510282,0.01561917808219178,0.0012511823729110408
2012-10-03,16,c0009_0006,0.01668524994858815,0.01561917808219178,0.0010660718663963705
2012-10-03,17,c0020_0016,0.016605735231981028,0.01561917808219178,0.0009865571497892462
2012-10-03,18,c0001_0026,0.01650979812133997,0.01561917808219178,0.0008906200391481896
2012-10-03,19,c0022_0021,0.016385376219573294,0.01561917808219178,0.0007661981373815143
2012-10-03,20,c0018_0017,0.016203061605709335,0.01561917808219178,0.000583883523517554
2012-10-04,1,c0010_0002,0.028082992744878972,0.02603013698630137,0.002052855758577603
2012-10-04,2,c0004_0013,0.0271266371018634,0.02603013698630137,0.0010965001155620326
2012-10-04,3,c0005_0032,0.024604290612837657,0.023427397260273968,0.001176893352563688
2012-10-04,4,c0001_0017,0.024537036647898833,0.023427397260273968,0.0011096393876248653
2012-10-04,5,c0001_0009,0.02274926989738511,0.020824657534246574,0.001924612363138535
2012-10-04,6,c0013_0004,0.02255384858575072,0.020824657534246574,0.0017291910515041479
2012-10-04,7,c0014_0004,0.02180663658403633,0.020824657534246574,0.0009819790497897565
2012-10-04,8,c0004_0033,0.02179538587293085,0.020824657534246574,0.0009707283386842747
2012-10-04,9,c0004_0011,0.02165803234503718,0.020824657534246574,0.0008333748107906072
2012-10-04,10,c0020_0001,0.019543612213183265,0.018221917808219176,0.00132169440496409
2012-10-04,11,c0003_0011,0.019020556181138907,0.018221917808219176,0.0007986383729197307
2012-10-04,12,c0001_0014,0.017205571988566516,0.01561917808219178,0.0015863939063747367
2012-10-04,13,c0001_0013,0.017048738314750587,0.01561917808219178,0.0014295602325588078
2012-10-04,14,c0025_0022,0.01700868417945974,0.01561917808219178,0.0013895060972679578
2012-10-04,15,c0003_0013,0.016856535376959848,0.01561917808219178,0.0012373572947680675
2012-10-04,16,c0009_0006,0.01667347026947977,0.01561917808219178,0.0010542921872879892
2012-10-04,17,c0020_0016,0.016594834159536557,0.01561917808219178,0.0009756560773447777
2012-10-04,18,c0001_0026,0.01649995711662035,0.01561917808219178,0.0008807790344285707
2012-10-04,19,c0022_0021,0.01637691002843151,0.01561917808219178,0.0007577319462397269
2012-10-04,20,c0018_0017,0.016196609920076772,0.01561917808219178,0.0005774318378849921
2012-10-05,1,c0010_0002,0.02806030948791096,0.02603013698630137,0.002030172501609591
2012-10-05,2,c0004_0013,0.027114521202447273,0.02603013698630137,0.0010843842161459031
2012-10-05,3,c0005_0032,0.024591286399449255,0.023427397260273968,0.0011638891391752887
2012-10-05,4,c0001_0017,0.024524775564641447,0.023427397260273968,0.0010973783043674802
2012-10-05,5,c0001_0009,0.022728003680012324,0.020824657534246574,0.00190334614576575
2012-10-05,6,c0013_0004,0.02253474169779517,0.020824657534246574,0.0017100841635485941
2012-10-05,7,c0014_0004,0.02179578609781463,0.020824657534246574,0.0009711285635680558
2012-10-05,8,c0004_0033,0.02178465970268703,0.020824657534246574,0.000960002168440456
2012-10-05,9,c0004_0011,0.021648823877805694,0.020824657534246574,0.0008241663435591197
2012-10-05,10,c0020_0001,0.01952900800453601,0.018221917808219176,0.001307090196316836
2012-10-05,11,c0003_0011,0.01901173153802321,0.018221917808219176,0.0007898137298040326
2012-10-05,12,c0001_0014,0.01718804295347458,0.01561917808219178,0.0015688648712828023
2012-10-05,13,c0001_0013,0.017032942230699923,0.01561917808219178,0.0014137641485081427
2012-10-05,14,c0025_0022,0.016993330678011207,0.01561917808219178,0.0013741525958194257
2012-10-05,15,c0003_0013,0.016842863060548337,0.01561917808219178,0.0012236849783565551
2012-10-05,16,c0009_0006,0.01666182075123978,0.01561917808219178,0.0010426426690479979
2012-10-05,17,c0020_0016,0.01658405353969888,0.01561917808219178,0.0009648754575070992
2012-10-05,18,c0001_0026,0.01649022485117184,0.01561917808219178,0.0008710467689800601
2012-10-05,19,c0022_0021,0.016368537385406,0.01561917808219178,0.0007493593032142194
2012-10-05,20,c0018_0017,0.016190229523058847,0.01561917808219178,0.0005710514408670679
2012-10-06,1,c0010_0002,0.02803787687210199,0.02603013698630137,0.0020077398858006214
2012-10-06,2,c0004_0013,0.027102539179003043,0.02603013698630137,0.0010724021927016757
2012-10-06,3,c0005_0032,0.024578425877556338,0.023427397260273968,0.0011510286172823697
2012-10-06,4,c0001_0017,0.024512649961580892,0.023427397260273968,0.0010852527013069239
2012-10-06,5,c0001_0009,0.0227069724460627,0.020824657534246574,0.001882314911816125
2012-10-06,6,c0013_0004,0.02251584593351333,0.020824657534246574,0.0016911883992667537
2012-10-06,7,c0014_0004,0.02178505550524165,0.020824657534246574,0.0009603979709950764
2012-10-06,8,c0004_0033,0.021774052052448773,0.020824657534246574,0.0009493945182021986
2012-10-06,9,c0004_0011,0.021639717160552314,0.020824657534246574,0.0008150596263057399
2012-10-06,10,c0020_0001,0.01951456516670898,0.018221917808219176,0.001292647358489804
2012-10-06,11,c0003_0011,0.01900300440377856,0.018221917808219176,0.0007810865955593829
2012-10-06,12,c0001_0014,0.017170707607396467,0.01561917808219178,0.0015515295252046864
2012-10-06,13,c0001_0013,0.0170173206872287,0.01561917808219178,0.0013981426050369186
2012-10-06,14,c0025_0022,0.016978146826776657,0.01561917808219178,0.0013589687445848752
2012-10-06,15,c0003_0013,0.01682934181791062,0.01561917808219178,0.00121016373571884
2012-10-06,16,c0009_0006,0.01665029995564125,0.01561917808219178,0.0010311218734494717
2012-10-06,17,c0020_0016,0.016573392041513577,0.01561917808219178,0.0009542139593217971
2012-10-06,18,c0001_0026,0.016480600123467824,0.01561917808219178,0.0008614220412760436
2012-10-06,19,c0022_0021,0.016360257256826504,0.01561917808219178,0.0007410791746347246
2012-10-06,20,c0018_0017,0.016183919626944123,0.01561917808219178,0.0005647415447523421
2012-10-07,1,c0010_0002,0.028015692127964828,0.02603013698630137,0.0019855551416634596
2012-10-07,2,c0004_0013,0.02709068955225335,0.02603013698630137,0.0010605525659519782
2012-10-07,3,c0005_0032,0.024565707459423814,0.023427397260273968,0.0011383101991498446
2012-10-07,4,c0001_0017,0.024500658341713732,0.023427397260273968,0.0010732610814397632
2012-10-07,5,c0001_0009,0.022686173599060885,0.020824657534246574,0.0018615160648143122
2012-10-07,6,c0013_0004,0.022497158960070797,0.020824657534246574,0.0016725014258242214
2012-10-07,7,c0014_0004,0.021774443481539247,0.020824657534246574,0.0009497859472926741
2012-10-07,8,c0004_0033,0.021763561612616153,0.020824657534246574,0.00093890407836958
2012-10-07,9,c0004_0011,0.021630711068979395,0.020824657534246574,0.0008060535347328203
2012-10-07,10,c0020_0001,0.01950028191661743,0.018221917808219176,0.0012783641083982521
2012-10-07,11,c0003_0011,0.01899437370096989,0.018221917808219176,0.0007724558927507163
2012-10-07,12,c0001_0014,0.01715356381014397,0.01561917808219178,0.0015343857279521893
2012-10-07,13,c0001_0013,0.01700187175573146,0.01561917808219178,0.0013826936735396795
2012-10-07,14,c0025_0022,0.016963130751187265,0.01561917808219178,0.0013439526689954853
2012-10-07,15,c0003_0013,0.016815969979740313,0.01561917808219178,0.0011967918975485344
2012-10-07,16,c0009_0006,0.016638906460349115,0.01561917808219178,0.0010197283781573337
2012-10-07,17,c0020_0016,0.016562848348732766,0.01561917808219178,0.0009436702665409862
2012-10-07,18,c0001_0026,0.01647108174525809,0.01561917808219178,0.0008519036630663086
2012-10-07,19,c0022_0021,0.01635206862044441,0.01561917808219178,0.0007328905382526296
2012-10-07,20,c0018_0017,0.01617767945272506,0.01561917808219178,0.0005585013705332798
2012-10-08,1,c0010_0002,0.027993752516614,0.02603013698630137,0.0019636155303126273
2012-10-08,2,c0004_0013,0.027078970859266246,0.02603013698630137,0.0010488338729648771
2012-10-08,3,c0005_0032,0.02455312957486045,0.023427397260273968,0.001125732314586481
2012-10-08,4,c0001_0017,0.024488799224577838,0.023427397260273968,0.0010614019643038698
2012-10-08,5,c0001_0009,0.02266560457122158,0.020824657534246574,0.0018409470369750046
2012-10-08,6,c0013_0004,0.022478678470410077,0.020824657534246574,0.001654020936163504
2012-10-08,7,c0014_0004,0.02176394871656756,0.020824657534246574,0.0009392911823209868
2012-10-08,8,c0004_0033,0.02175318708805982,0.020824657534246574,0.0009285295538132474
2012-10-08,9,c0004_0011,0.02162180449121234,0.020824657534246574,0.0007971469569657649
2012-10-08,10,c0020_0001,0.019486156490879005,0.018221917808219176,0.0012642386826598293
2012-10-08,11,c0003_0011,0.018985838364067382,0.018221917808219176,0.0007639205558482052
2012-10-08,12,c0001_0014,0.017136609445177135,0.01561917808219178,0.001517431362985356
2012-10-08,13,c0001_0013,0.016986593528913088,0.01561917808219178,0.0013674154467213093
2012-10-08,14,c0025_0022,0.016948280597387472,0.01561917808219178,0.0013291025151956912
2012-10-08,15,c0003_0013,0.016802745895176215,0.01561917808219178,0.0011835678129844352
2012-10-08,16,c0009_0006,0.016627638858744534,0.01561917808219178,0.0010084607765527551
2012-10-08,17,c0020_0016,0.016552421159652587,0.01561917808219178,0.0009332430774608077
2012-10-08,18,c0001_0026,0.016461668541422125,0.01561917808219178,0.0008424904592303443
2012-10-08,19,c0022_0021,0.01634397046530655,0.01561917808219178,0.0007247923831147704
2012-10-08,20,c0018_0017,0.016171508230001855,0.01561917808219178,0.0005523301478100761
2012-10-09,1,c0010_0002,0.027972055329427634,0.02603013698630137,0.0019419183431262645
2012-10-09,2,c0004_0013,0.027067381653274637,0.02603013698630137,0.0010372446669732675
2012-10-09,3,c0005_0032,0.024540690671025017,0.023427397260273968,0.0011132934107510486
2012-10-09,4,c0001_0017,0.024477071146069614,0.023427397260273968,0.001049673885795646
2012-10-09,5,c0001_0009,0.0226452628231325,0.020824657534246574,0.0018206052888859237
2012-10-09,6,c0013_0004,0.02246040218296577,0.020824657534246574,0.0016357446487191949
2012-10-09,7,c0014_0004,0.021753569914663262,0.020824657534246574,0.0009289123804166885
2012-10-09,8,c0004_0033,0.021742927197961098,0.020824657534246574,0.000918269663714523
2012-10-09,9,c0004_0011,0.021612996327662334,0.020824657534246574,0.0007883387934157586
2012-10-09,10,c0020_0001,0.01947218714559605,0.018221917808219176,0.0012502693373768737
2012-10-09,11,c0003_0011,0.01897739733931489,0.018221917808219176,0.0007554795310957119
2012-10-09,12,c0001_0014,0.017119842419342956,0.01561917808219178,0.0015006643371511747
2012-10-09,13,c0001_0013,0.016971484120553344,0.01561917808219178,0.0013523060383615617
2012-10-09,14,c0025_0022,0.01693359453200609,0.01561917808219178,0.00131441644981431
2012-10-09,15,c0003_0013,0.016789667931598494,0.01561917808219178,0.0011704898494067134
2012-10-09,16,c0009_0006,0.016616495759751278,0.01561917808219178,0.0009973176775594985
2012-10-09,17,c0020_0016,0.016542109186952505,0.01561917808219178,0.000922931104760724
2012-10-09,18,c0001_0026,0.016452359349824044,0.01561917808219178,0.0008331812676322643
2012-10-09,19,c0022_0021,0.016335961791630403,0.01561917808219178,0.0007167837094386218
2012-10-09,20,c0018_0017,0.016165405196887323,0.01561917808219178,0.0005462271146955444
2012-10-10,1,c0010_0002,0.027950597887713098,0.02603013698630137,0.0019204609014117277
2012-10-10,2,c0005_0032,0.024528389212234575,0.023427397260273968,0.0011009919519606082
2012-10-10,3,c0001_0017,0.024465472658263238,0.023427397260273968,0.0010380753979892681
2012-10-10,4,c0004_0013,0.024444147780055766,0.023427397260273968,0.0010167505197817986
2012-10-10,5,c0001_0009,0.022625145843440882,0.020824657534246574,0.0018004883091943076
2012-10-10,6,c0013_0004,0.02244232784138287,0.020824657534246574,0.0016176703071362978
2012-10-10,7,c0014_0004,0.0217433057944796,0.020824657534246574,0.0009186482602330282
2012-10-10,8,c0004_0033,0.021732780675653852,0.020824657534246574,0.0009081231414072768
2012-10-10,9,c0004_0011,0.02160428549089059,0.020824657534246574,0.0007796279566440157
2012-10-10,10,c0020_0001,0.01945837215614029,0.018221917808219176,0.0012364543479211135
2012-10-10,11,c0003_0011,0.01896904958459987,0.018221917808219176,0.0007471317763806941
2012-10-10,12,c0001_0014,0.01710326066261694,0.01561917808219178,0.00148408258042516
2012-10-10,13,c0025_0022,0.016919070741929977,0.01561917808219178,0.001299892659738197
2012-10-10,14,c0003_0013,0.016776734474427134,0.01561917808219178,0.001157556392235353
2012-10-10,15,c0009_0006,0.016605475787663956,0.01561917808219178,0.0009862977054721762
2012-10-10,16,c0020_0016,0.01653191115753637,0.01561917808219178,0.0009127330753445875
2012-10-10,17,c0001_0026,0.01644315302116911,0.01561917808219178,0.0008239749389773314
2012-10-10,18,c0022_0021,0.016328041610680646,0.01561917808219178,0.0007088635284888666
2012-10-10,19,c0007_0011,0.01607016841680224,0.01561917808219178,0.00045099033461046007
2012-10-10,20,c0001_0033,0.015869893385909814,0.01561917808219178,0.0002507153037180328
2012-10-11,1,c0010_0002,0.027929377542376253,0.02603013698630137,0.0018992405560748853
2012-10-11,2,c0005_0032,0.024516223679774886,0.023427397260273968,0.001088826419500919
2012-10-11,3,c0001_0017,0.024454002329231898,0.023427397260273968,0.00102660506895793
2012-10-11,4,c0004_0013,0.024432913082626975,0.023427397260273968,0.0010055158223530077
2012-10-11,5,c0001_0009,0.02260525114854344,0.020824657534246574,0.0017805936142968666
2012-10-11,6,c0013_0004,0.022424453214238235,0.020824657534246574,0.0015997956799916608
2012-10-11,7,c0014_0004,0.021733155088828213,0.020824657534246574,0.0009084975545816377
2012-10-11,8,c0004_0033,0.02172274626846812,0.020824657534246574,0.000898088734221546
2012-10-11,9,c0004_0011,0.0215956709054741,0.020824657534246574,0.0007710133712275246
2012-10-11,10,c0020_0001,0.019444709816939923,0.018221917808219176,0.0012227920087207482
2012-10-11,11,c0003_0011,0.018960794069324723,0.018221917808219176,0.0007388762611055471
2012-10-11,12,c0001_0014,0.01708686212784757,0.01561917808219178,0.0014676840456557907
2012-10-11,13,c0025_0022,0.016904707434080183,0.01561917808219178,0.001285529351888402
2012-10-11,14,c0003_0013,0.0167639439269226,0.01561917808219178,0.0011447658447308205
2012-10-11,15,c0009_0006,0.01659457758197819,0.01561917808219178,0.0009753994997864111
2012-10-11,16,c0020_0016,0.01652182581237525,0.01561917808219178,0.0009026477301834689
2012-10-11,17,c0001_0026,0.016434048418861848,0.01561917808219178,0.0008148703366700678
2012-10-11,18,c0022_0021,0.01632020894464711,0.01561917808219178,0.000701030862455328
2012-10-11,19,c0007_0011,0.01606518514917259,0.01561917808219178,0.00044600706698081076
2012-10-11,20,c0001_0033,0.015867123079405673,0.01561917808219178,0.00024794499721389257
2012-10-12,1,c0010_0002,0.027908391673594435,0.02603013698630137,0.0018782546872930638
2012-10-12,2,c0005_0032,0.02450419257171291,0.023427397260273968,0.0010767953114389417
2012-10-12,3,c0001_0017,0.024442658742871028,0.023427397260273968,0.0010152614825970593
2012-10-12,4,c0004_0013,0.024421802524231175,0.023427397260273968,0.0009944052639572056
2012-10-12,5,c0001_0009,0.022585576282279734,0.020824657534246574,0.0017609187480331584
2012-10-12,6,c0013_0004,0.022406776094765064,0.020824657534246574,0.0015821185605184882
2012-10-12,7,c0004_0033,0.02226396206884066,0.020824657534246574,0.0014393045345940873
2012-10-12,8,c0014_0004,0.02172311654452266,0.020824657534246574,0.0008984590102760873
2012-10-12,9,c0004_0011,0.021587151507872854,0.020824657534246574,0.00076249397362628
2012-10-12,10,c0020_0001,0.019431198441269056,0.018221917808219176,0.0012092806330498813
2012-10-12,11,c0003_0011,0.018952629774279545,0.018221917808219176,0.0007307119660603685
2012-10-12,12,c0001_0014,0.017070644790503554,0.01561917808219178,0.0014514667083117732
2012-10-12,13,c0001_0026,0.01697344762562025,0.01561917808219178,0.001354269543428469
2012-10-12,14,c0025_0022,0.016890502835190578,0.01561917808219178,0.0012713247529987986
2012-10-12,15,c0003_0013,0.01675129470998871,0.01561917808219178,0.0011321166277969308
2012-10-12,16,c0009_0006,0.01658379979722265,0.01561917808219178,0.0009646217150308684
2012-10-12,17,c0020_0016,0.016511851906351998,0.01561917808219178,0.0008926738241602171
2012-10-12,18,c0022_0021,0.01631246282652403,0.01561917808219178,0.0006932847443322508
2012-10-12,19,c0007_0011,0.016060256944710295,0.01561917808219178,0.0004410788625185134
2012-10-12,20,c0001_0033,0.01586438338370994,0.01561917808219178,0.00024520530151815953
2012-10-13,1,c0010_0002,0.02788763769049298,0.02603013698630137,0.0018575007041916097
2012-10-13,2,c0005_0032,0.02449229440271138,0.023427397260273968,0.0010648971424374115
2012-10-13,3,c0001_0017,0.024431440498723454,0.023427397260273968,0.0010040432384494863
2012-10-13,4,c0004_0013,0.024410814733180373,0.023427397260273968,0.000983417472906404
2012-10-13,5,c0001_0009,0.022566118815628932,0.020824657534246574,0.0017414612813823585
2012-10-13,6,c0013_0004,0.022389294300580474,0.020824657534246574,0.0015646367663338992
2012-10-13,7,c0004_0033,0.022248058314045905,0.020824657534246574,0.0014234007797993304
2012-10-13,8,c0014_0004,0.021713188922223743,0.020824657534246574,0.0008885313879771685
2012-10-13,9,c0004_0011,0.021578726246298554,0.020824657534246574,0.0007540687120519795
2012-10-13,10,c0020_0001,0.019417836361039456,0.018221917808219176,0.001195918552820281
2012-10-13,11,c0003_0011,0.018944555691516304,0.018221917808219176,0.0007226378832971288
2012-10-13,12,c0001_0014,0.017054606648423877,0.01561917808219178,0.0014354285662320962
2012-10-13,13,c0001_0026,0.016958483474374265,0.01561917808219178,0.0013393053921824868
2012-10-13,14,c0025_0022,0.01687645519158894,0.01561917808219178,0.0012572771093971617
2012-10-13,15,c0003_0013,0.016738785261977678,0.01561917808219178,0.0011196071797858972
2012-10-13,16,c0009_0006,0.01657314110279293,0.01561917808219178,0.0009539630206011481
2012-10-13,17,c0020_0016,0.016501988208107523,0.01561917808219178,0.0008828101259157412
2012-10-13,18,c0022_0021,0.016304802299990696,0.01561917808219178,0.0006856242177989168
2012-10-13,19,c0007_0011,0.016055383194988785,0.01561917808219178,0.00043620511279700427
2012-10-13,20,c0001_0033,0.015861673960585097,0.01561917808219178,0.0002424958783933175
2012-10-14,1,c0010_0002,0.027867113030825397,0.02603013698630137,0.0018369760445240274
2012-10-14,2,c0005_0032,0.024480527703845432,0.023427397260273968,0.0010531304435714636
2012-10-14,3,c0001_0017,0.02442034621180652,0.023427397260273968,0.00099294895153255
2012-10-14,4,c0004_0013,0.0243999483529432,0.023427397260273968,0.0009725510926692335
2012-10-14,5,c0001_0009,0.02254687634640995,0.020824657534246574,0.001722218812163376
2012-10-14,6,c0013_0004,0.022372005673416066,0.020824657534246574,0.0015473481391694937
2012-10-14,7,c0004_0033,0.022232330289550396,0.020824657534246574,0.0014076727553038208
2012-10-14,8,c0014_0004,0.021703370996286463,0.020824657534246574,0.0008787134620398901
2012-10-14,9,c0004_0011,0.021570394080584747,0.020824657534246574,0.000745736546338172
2012-10-14,10,c0020_0001,0.019404621926594617,0.018221917808219176,0.001182704118375441
2012-10-14,11,c0003_0011,0.018936570824224407,0.018221917808219176,0.0007146530160052314
2012-10-14,12,c0001_0014,0.017038745721570627,0.01561917808219178,0.0014195676393788479
2012-10-14,13,c0001_0026,0.0169436846711741,0.01561917808219178,0.0013245065889823195
2012-10-14,14,c0025_0022,0.01686256276898044,0.01561917808219178,0.0012433846867886604
2012-10-14,15,c0003_0013,0.016726414038497315,0.01561917808219178,0.0011072359563055335
2012-10-14,16,c0009_0006,0.016562600182787292,0.01561917808219178,0.0009434221005955114
2012-10-14,17,c0020_0016,0.016492233499888768,0.01561917808219178,0.0008730554176969887
2012-10-14,18,c0022_0021,0.01629722641929336,0.01561917808219178,0.0006780483371015797
2012-10-14,19,c0007_0011,0.016050563298304378,0.01561917808219178,0.00043138521611259657
2012-10-14,20,c0001_0033,0.015858994475531022,0.01561917808219178,0.00023981639333924297
2012-10-15,1,c0010_0002,0.027846815160657016,0.02603013698630137,0.0018166781743556466
2012-10-15,2,c0005_0032,0.02446889102242125,0.023427397260273968,0.00104149376214728
2012-10-15,3,c0001_0017,0.024409374512441077,0.023427397260273968,0.0009819772521671073
2012-10-15,4,c0004_0013,0.024389202041977438,0.023427397260273968,0.0009618047817034683
2012-10-15,5,c0004_0033,0.022765687276260518,0.020824657534246574,0.001941029742013945
2012-10-15,6,c0001_0009,0.02252784649898486,0.020824657534246574,0.0017031889647382875
2012-10-15,7,c0013_0004,0.02235490807885147,0.020824657534246574,0.0015302505446048976
2012-10-15,8,c0014_0004,0.021693661554608733,0.020824657534246574,0.0008690040203621596
2012-10-15,9,c0004_0011,0.021562153982058414,0.020824657534246574,0.0007374964478118403
2012-10-15,10,c0020_0001,0.019391553506506093,0.018221917808219176,0.0011696356982869175
2012-10-15,11,c0003_0011,0.018928674186607625,0.018221917808219176,0.000706756378388449
2012-10-15,12,c0001_0014,0.017023060051784545,0.01561917808219178,0.001403881969592766
2012-10-15,13,c0001_0026,0.01692904938898821,0.01561917808219178,0.0013098713067964303
2012-10-15,14,c0025_0022,0.01684882385223353,0.01561917808219178,0.0012296457700417475
2012-10-15,15,c0003_0013,0.016714179512220366,0.01561917808219178,0.0010950014300285858
2012-10-15,16,c0009_0006,0.0165521757358442,0.01561917808219178,0.0009329976536524209
2012-10-15,17,c0020_0016,0.016482586577398387,0.01561917808219178,0.0008634084952066052
2012-10-15,18,c0022_0021,0.016289734249128485,0.01561917808219178,0.000670556166936704
2012-10-15,19,c0007_0011,0.016045796659601975,0.01561917808219178,0.0004266185774101953
2012-10-15,20,c0001_0033,0.01585634459774369,0.01561917808219178,0.00023716651555190873
2012-10-16,1,c0010_0002,0.02782674157405216,0.02603013698630137,0.001796604587750789
2012-10-16,2,c0005_0032,0.02445738292179671,0.023427397260273968,0.0010299856615227443
2012-10-16,3,c0001_0017,0.024398524046082407,0.023427397260273968,0.0009711267858084369
2012-10-16,4,c0004_0013,0.02437857447356437,0.023427397260273968,0.000951177213290401
2012-10-16,5,c0004_0033,0.022744239653242345,0.020824657534246574,0.0019195821189957726
2012-10-16,6,c0001_0009,0.022509026923965617,0.020824657534246574,0.0016843693897190422
2012-10-16,7,c0013_0004,0.022337999406050822,0.020824657534246574,0.00151334187180425
2012-10-16,8,c0014_0004,0.021684059398481715,0.020824657534246574,0.0008594018642351414
2012-10-16,9,c0004_0011,0.021554004933412977,0.020824657534246574,0.0007293473991664042
2012-10-16,10,c0020_0001,0.019378629487372092,0.018221917808219176,0.001156711679152916
2012-10-16,11,c0003_0011,0.018920864803762396,0.018221917808219176,0.0006989469955432196
2012-10-16,12,c0001_0014,0.017007547702543264,0.01561917808219178,0.0013883696203514841
2012-10-16,13,c0001_0026,0.016914575820973048,0.01561917808219178,0.0012953977387812686
2012-10-16,14,c0025_0022,0.01683523674516819,0.01561917808219178,0.001216058662976411
2012-10-16,15,c0003_0013,0.016702080172695952,0.01561917808219178,0.0010829020905041716
2012-10-16,16,c0009_0006,0.016541866474981657,0.01561917808219178,0.000922688392789878
2012-10-16,17,c0020_0016,0.01647304624964603,0.01561917808219178,0.0008538681674542518
2012-10-16,18,c0022_0021,0.016282324864527273,0.01561917808219178,0.0006631467823354939
2012-10-16,19,c0007_0011,0.016041082690401613,0.01561917808219178,0.000421904608209832
2012-10-16,20,c0001_0033,0.015853724000074322,0.01561917808219178,0.00023454591788254326
2012-10-17,1,c0004_0033,0.02792850847016389,0.02603013698630137,0.0018983714838625215
2012-10-17,2,c0010_0002,0.027806889792764758,0.02603013698630137,0.0017767528064633888
2012-10-17,3,c0005_0032,0.024446001981204044,0.023427397260273968,0.0010186047209300763
2012-10-17,4,c0001_0017,0.024387793473152976,0.023427397260273968,0.0009603962128790092
2012-10-17,5,c0004_0013,0.024368064335645017,0.023427397260273968,0.00094066707537105
2012-10-17,6,c0001_0009,0.022490415297923987,0.020824657534246574,0.0016657577636774129
2012-10-17,7,c0013_0004,0.022321277567502178,0.020824657534246574,0.001496620033255605
2012-10-17,8,c0004_0011,0.021545945928582697,0.020824657534246574,0.0007212883943361249
2012-10-17,9,c0001_0026,0.01950300190627738,0.018221917808219176,0.001281084098058202
2012-10-17,10,c0014_0004,0.019062416170108537,0.018221917808219176,0.0008404983618893595
2012-10-17,11,c0002_0033,0.01744574406247746,0.01561917808219178,0.0018265659802856812
2012-10-17,12,c0025_0022,0.01682179977034655,0.01561917808219178,0.0012026216881547685
2012-10-17,13,c0020_0001,0.01675405461624044,0.01561917808219178,0.001134876534048662
2012-10-17,14,c0003_0013,0.016690114526163084,0.01561917808219178,0.0010709364439713033
2012-10-17,15,c0009_0006,0.016531671127438315,0.01561917808219178,0.0009124930452465334
2012-10-17,16,c0020_0016,0.01646361133880135,0.01561917808219178,0.0008444332566095701
2012-10-17,17,c0003_0011,0.016301101717663954,0.01561917808219178,0.0006819236354721733
2012-10-17,18,c0022_0021,0.01627499735074148,0.01561917808219178,0.0006558192685496986
2012-10-17,19,c0011_0003,0.015003607117483924,0.013016438356164384,0.001987168761319539
2012-10-17,20,c0008_0030,0.01453691873533679,0.013016438356164384,0.0015204803791724055
2012-10-18,1,c0004_0033,0.02790753220429169,0.02603013698630137,0.0018773952179903216
2012-10-18,2,c0010_0002,0.027787257365932405,0.02603013698630137,0.0017571203796310374
2012-10-18,3,c0005_0032,0.024434746795574395,0.023427397260273968,0.0010073495353004258
2012-10-18,4,c0001_0017,0.024377181468877074,0.023427397260273968,0.0009497842086031049
2012-10-18,5,c0004_0013,0.024357670330658145,0.023427397260273968,0.0009302730703841751
2012-10-18,6,c0001_0009,0.022472009323104725,0.020824657534246574,0.001647351788858151
2012-10-18,7,c0013_0004,0.022304740498759787,0.020824657534246574,0.0014800829645132136
2012-10-18,8,c0004_0011,0.021537975972618473,0.020824657534246574,0.0007133184383718989
2012-10-18,9,c0001_0026,0.019488846425712088,0.018221917808219176,0.0012669286174929121
2012-10-18,10,c0014_0004,0.01905312899041056,0.018221917808219176,0.0008312111821913861
2012-10-18,11,c0002_0033,0.01742556121946634,0.01561917808219178,0.0018063831372745589
2012-10-18,12,c0025_0022,0.016808511268865754,0.01561917808219178,0.0011893331866739726
2012-10-18,13,c0020_0001,0.016741514672339742,0.01561917808219178,0.001122336590147962
2012-10-18,14,c0003_0013,0.01667828109536625,0.01561917808219178,0.0010591030131744692
2012-10-18,15,c0009_0006,0.016521588434516336,0.01561917808219178,0.0009024103523245558
2012-10-18,16,c0020_0016,0.01645428068004855,0.01561917808219178,0.0008351025978567689
2012-10-18,17,c0003_0011,0.016293566726960713,0.01561917808219178,0.0006743886447689324
2012-10-18,18,c0022_0021,0.01626775080313046,0.01561917808219178,0.0006485727209386798
2012-10-18,19,c0011_0003,0.014981649676264064,0.013016438356164384,0.0019652113200996795
2012-10-18,20,c0008_0030,0.014520118019060706,0.013016438356164384,0.0015036796628963211
2012-10-19,1,c0004_0033,0.027886787717991447,0.02603013698630137,0.0018566507316900766
2012-10-19,2,c0010_0002,0.02776784186977377,0.02603013698630137,0.0017377048834723988
2012-10-19,3,c0005_0032,0.024423615975364375,0.023427397260273968,0.0009962187150904078
2012-10-19,4,c0001_0017,0.024366686723117228,0.023427397260273968,0.0009392894628432605
2012-10-19,5,c0004_0013,0.02434739117538005,0.023427397260273968,0.0009199939151060824
2012-10-19,6,c0001_0009,0.02245380672714188,0.020824657534246574,0.0016291491928953075
2012-10-19,7,c0013_0004,0.02228838615818922,0.020824657534246574,0.0014637286239426452
2012-10-19,8,c0004_0011,0.021530094081564997,0.020824657534246574,0.0007054365473184221
2012-10-19,9,c0001_0026,0.019474847357696404,0.018221917808219176,0.0012529295494772262
2012-10-19,10,c0014_0004,0.019043944430432808,0.018221917808219176,0.0008220266222136325
2012-10-19,11,c0002_0033,0.017405601389013432,0.01561917808219178,0.001786423306821652
2012-10-19,12,c0025_0022,0.01679536960015319,0.01561917808219178,0.0011761915179614064
2012-10-19,13,c0020_0001,0.01672911328993742,0.01561917808219178,0.0011099352077456404
2012-10-19,14,c0003_0013,0.016666578419373038,0.01561917808219178,0.0010474003371812575
2012-10-19,15,c0009_0006,0.016511617151426017,0.01561917808219178,0.0008924390692342352
2012-10-19,16,c0020_0016,0.016445053121442597,0.01561917808219178,0.0008258750392508174
2012-10-19,17,c0003_0011,0.016286114994971415,0.01561917808219178,0.0006669369127796365
2012-10-19,18,c0022_0021,0.016260584327049507,0.01561917808219178,0.0006414062448577259
2012-10-19,19,c0011_0003,0.014959934856221786,0.013016438356164384,0.001943496500057401
2012-10-19,20,c0001_0014,0.014901505999515825,0.013016438356164384,0.0018850676433514399
2012-10-20,1,c0004_0033,0.027866272450189116,0.02603013698630137,0.0018361354638877472
2012-10-20,2,c0010_0002,0.02774864090728935,0.02603013698630137,0.001718503920987979
2012-10-20,3,c0005_0032,0.024412608146384518,0.023427397260273968,0.00098521088611055
2012-10-20,4,c0001_0017,0.02435630794021249,0.023427397260273968,0.0009289106799385216
2012-10-20,5,c0004_0013,0.02433722560076617,0.023427397260273968,0.0009098283404922001
2012-10-20,6,c0001_0009,0.022435805262778268,0.020824657534246574,0.0016111477285316938
2012-10-20,7,c0013_0004,0.02227221252671531,0.020824657534246574,0.0014475549924687363
2012-10-20,8,c0004_0011,0.02152229928233929,0.020824657534246574,0.0006976417480927141
2012-10-20,9,c0001_0026,0.019461002973932537,0.018221917808219176,0.0012390851657133614
2012-10-20,10,c0014_0004,0.019034861356267314,0.018221917808219176,0.0008129435480481399
2012-10-20,11,c0002_0033,0.01738586210691679,0.01561917808219178,0.0017666840247250086
2012-10-20,12,c0025_0022,0.016782373141763923,0.01561917808219178,0.0011631950595721425
2012-10-20,13,c0020_0001,0.01671684893798286,0.01561917808219178,0.001097670855791082
2012-10-20,14,c0003_0013,0.01665500505339377,0.01561917808219178,0.00103582697120199
2012-10-20,15,c0009_0006,0.016501756047132082,0.01561917808219178,0.0008825779649403026
2012-10-20,16,c0020_0016,0.01643592752376701,0.01561917808219178,0.0008167494415752294
2012-10-20,17,c0003_0011,0.01627874560171969,0.01561917808219178,0.0006595675195279081
2012-10-20,18,c0022_0021,0.01625349703773938,0.01561917808219178,0.0006343189555476009
2012-10-20,19,c0011_0003,0.014938459976487527,0.013016438356164384,0.0019220216203231426
2012-10-20,20,c0001_0014,0.014880676735902168,0.013016438356164384,0.0018642383797377832
2012-10-21,1,c0004_0033,0.027845983868109533,0.02603013698630137,0.0018158468818081643
2012-10-21,2,c0010_0002,0.027729652107965564,0.02603013698630137,0.0016995151216641937
2012-10-21,3,c0005_0032,0.024401721949629605,0.023427397260273968,0.0009743246893556386
2012-10-21,4,c0001_0017,0.02434604383881845,0.023427397260273968,0.0009186465785444832
2012-10-21,5,c0004_0013,0.024327172351794372,0.023427397260273968,0.0008997750915204047
2012-10-21,6,c0001_0009,0.022418002707588012,0.020824657534246574,0.0015933451733414373
2012-10-21,7,c0013_0004,0.022256217607572893,0.020824657534246574,0.0014315600733263178
2012-10-21,8,c0004_0011,0.021514590612610556,0.020824657534246574,0.000689933078363982
2012-10-21,9,c0001_0026,0.01944731156521973,0.018221917808219176,0.0012253937570005536
2012-10-21,10,c0014_0004,0.019025878646535366,0.018221917808219176,0.0008039608383161905
2012-10-21,11,c0002_0033,0.017366340936202932,0.01561917808219178,0.0017471628540111509
2012-10-21,12,c0025_0022,0.01676952028918042,0.01561917808219178,0.0011503422069886373
2012-10-21,13,c0020_0001,0.016704720102342963,0.01561917808219178,0.0010855420201511831
2012-10-21,14,c0003_0013,0.016643559568603132,0.01561917808219178,0.0010243814864113526
2012-10-21,15,c0009_0006,0.01649200390420173,0.01561917808219178,0.00087282582200995
2012-10-21,16,c0020_0016,0.016426902760393196,0.01561917808219178,0.0008077246782014166
2012-10-21,17,c0003_0011,0.016271457637394533,0.01561917808219178,0.0006522795552027516
2012-10-21,18,c0022_0021,0.016246488060217095,0.01561917808219178,0.0006273099780253141
2012-10-21,19,c0011_0003,0.014917222385814291,0.013016438356164384,0.001900784029649907
2012-10-21,20,c0001_0014,0.014860077627542736,0.013016438356164384,0.0018436392713783516
2012-10-22,1,c0004_0033,0.02782591946696371,0.02603013698630137,0.0017957824806623392
2012-10-22,2,c0010_0002,0.02771087312748208,0.02603013698630137,0.001680736141180712
2012-10-22,3,c0005_0032,0.024390956041110908,0.023427397260273968,0.0009635587808369387
2012-10-22,4,c0001_0017,0.024335893151749066,0.023427397260273968,0.0009084958914750963
2012-10-22,5,c0004_0013,0.024317230187310048,0.023427397260273968,0.0008898329270360788
2012-10-22,6,c0001_0009,0.02240039686370218,0.020824657534246574,0.0015757393294556063
2012-10-22,7,c0013_0004,0.02224039942606027,0.020824657534246574,0.0014157418918136983
2012-10-22,8,c0004_0011,0.021506967120681387,0.020824657534246574,0.0006823095864348141
2012-10-22,9,c0001_0026,0.019433771441243215,0.018221917808219176,0.0012118536330240394
2012-10-22,10,c0014_0004,0.01901699519224904,0.018221917808219176,0.0007950773840298647
2012-10-22,11,c0002_0033,0.017347035466825988,0.01561917808219178,0.001727857384634208
2012-10-22,12,c0025_0022,0.016756809455614422,0.01561917808219178,0.0011376313734226427
2012-10-22,13,c0020_0001,0.016692725285615204,0.01561917808219178,0.0010735472034234235
2012-10-22,14,c0003_0013,0.016632240551963773,0.01561917808219178,0.0010130624697719938
2012-10-22,15,c0009_0006,0.01648235951865431,0.01561917808219178,0.0008631814364625278
2012-10-22,16,c0020_0016,0.016417977717141378,0.01561917808219178,0.000798799634949599
2012-10-22,17,c0003_0011,0.01626425020223801,0.01561917808219178,0.0006450721200462277
2012-10-22,18,c0022_0021,0.016239556529167875,0.01561917808219178,0.0006203784469760961
2012-10-22,19,c0011_0003,0.01489621946225033,0.013016438356164384,0.0018797811060859463
2012-10-22,20,c0001_0014,0.014839706131311569,0.013016438356164384,0.0018232677751471842
2012-10-23,1,c0004_0033,0.027806076769639594,0.02603013698630137,0.0017759397833382257
2012-10-23,2,c0010_0002,0.0276923016474224,0.02603013698630137,0.00166216466112103
2012-10-23,3,c0005_0032,0.024380309091690235,0.023427397260273968,0.0009529118314162677
2012-10-23,4,c0001_0017,0.024325854625820195,0.023427397260273968,0.0008984573655462255
2012-10-23,5,c0004_0013,0.02430739787987285,0.023427397260273968,0.0008800006195988805
2012-10-23,6,c0001_0009,0.02238298555753744,0.020824657534246574,0.001558328023290866
2012-10-23,7,c0013_0004,0.022224756029295446,0.020824657534246574,0.0014000984950488708
2012-10-23,8,c0004_0011,0.02149942786537026,0.020824657534246574,0.0006747703311236846
2012-10-23,9,c0001_0026,0.019420380930365553,0.018221917808219176,0.001198463122146378
2012-10-23,10,c0014_0004,0.019008209896674306,0.018221917808219176,0.0007862920884551283
2012-10-23,11,c0002_0033,0.01732794331537016,0.01561917808219178,0.0017087652331783784
2012-10-23,12,c0025_0022,0.016744239071811082,0.01561917808219178,0.0011250609896193019
2012-10-23,13,c0020_0001,0.016680863006942777,0.01561917808219178,0.0010616849247509963
2012-10-23,14,c0003_0013,0.016621046606051855,0.01561917808219178,0.0010018685238600757
2012-10-23,15,c0009_0006,0.016472821699812686,0.01561917808219178,0.0008536436176209039
2012-10-23,16,c0020_0016,0.01640915129214303,0.01561917808219178,0.000789973209951249
2012-10-23,17,c0003_0011,0.016257122406434153,0.01561917808219178,0.0006379443242423726
2012-10-23,18,c0022_0021,0.01623270158883835,0.01561917808219178,0.0006135235066465691
2012-10-23,19,c0011_0003,0.01487544861281544,0.013016438356164384,0.0018590102566510564
2012-10-23,20,c0001_0014,0.014819559732183256,0.013016438356164384,0.0018031213760188714
2012-10-24,1,c0004_0033,0.027786453326396274,0.02603013698630137,0.0017563163400949027
2012-10-24,2,c0010_0002,0.027673935374987614,0.02603013698630137,0.0016437983886862437
2012-10-24,3,c0005_0032,0.02436977978691587,0.023427397260273968,0.0009423825266419027
2012-10-24,4,c0001_0017,0.0243159270216949,0.023427397260273968,0.0008885297614209317
2012-10-24,5,c0001_0009,0.022365766639527704,0.020824657534246574,0.0015411091052811307
2012-10-24,6,c0013_0004,0.022209285485974988,0.020824657534246574,0.0013846279517284155
2012-10-24,7,c0004_0013,0.021685933913599072,0.020824657534246574,0.0008612763793524996
2012-10-24,8,c0004_0011,0.02149197191589533,0.020824657534246574,0.0006673143816487569
2012-10-24,9,c0001_0026,0.019407138379420246,0.018221917808219176,0.0011852205712010705
2012-10-24,10,c0014_0004,0.018999521675195606,0.018221917808219176,0.0007776038669764301
2012-10-24,11,c0001_0014,0.017402375668949838,0.01561917808219178,0.0017831975867580565
2012-10-24,12,c0002_0033,0.01730906212475546,0.01561917808219178,0.0016898840425636778
2012-10-24,13,c0004_0024,0.016894214458817305,0.01561917808219178,0.0012750363766255255
2012-10-24,14,c0025_0022,0.016731807585855196,0.01561917808219178,0.001112629503663414
2012-10-24,15,c0020_0001,0.016669131801831768,0.01561917808219178,0.001049953719639986
2012-10-24,16,c0020_0021,0.01663560234753628,0.01561917808219178,0.0010164242653444987
2012-10-24,17,c0003_0013,0.01660997634888453,0.01561917808219178,0.0009907982666927495
2012-10-24,18,c0009_0006,0.016463389270156246,0.01561917808219178,0.0008442111879644654
2012-10-24,19,c0020_0016,0.016400422395704838,0.01561917808219178,0.0007812443135130575
2012-10-24,20,c0003_0011,0.016250073369999122,0.01561917808219178,0.000630895287807343
2012-10-25,1,c0004_0033,0.0277670467145615,0.02603013698630137,0.0017369097282601308
2012-10-25,2,c0010_0002,0.027655772042713352,0.02603013698630137,0.0016256350564119828
2012-10-25,3,c0005_0032,0.024359366826860268,0.023427397260273968,0.0009319695665862997
2012-10-25,4,c0001_0017,0.024306109113730434,0.023427397260273968,0.0008787118534564663
2012-10-25,5,c0001_0009,0.022348737983858755,0.020824657534246574,0.0015240804496121827
2012-10-25,6,c0013_0004,0.022193985886135636,0.020824657534246574,0.0013693283518890628
2012-10-25,7,c0004_0013,0.02167641714489689,0.020824657534246574,0.0008517596106503144
2012-10-25,8,c0004_0011,0.021484598351759546,0.020824657534246574,0.0006599408175129712
2012-10-25,9,c0001_0026,0.01939404215350764,0.018221917808219176,0.0011721243452884635
2012-10-25,10,c0014_0004,0.018990929455181976,0.018221917808219176,0.0007690116469628001
2012-10-25,11,c0001_0014,0.017382672029804144,0.01561917808219178,0.0017634939476123628
2012-10-25,12,c0002_0033,0.017290389563946715,0.01561917808219178,0.0016712114817549364
2012-10-25,13,c0004_0024,0.016880125803219508,0.01561917808219178,0.0012609477210277257
2012-10-25,14,c0025_0022,0.01671951346297962,0.01561917808219178,0.001100335380787837
2012-10-25,15,c0020_0001,0.016657530221970345,0.01561917808219178,0.0010383521397785659
2012-10-25,16,c0020_0021,0.016624371255092012,0.01561917808219178,0.001005193172900231
2012-10-25,17,c0003_0013,0.016599028413749318,0.01561917808219178,0.000979850331557538
2012-10-25,18,c0009_0006,0.016454061065175524,0.01561917808219178,0.0008348829829837427
2012-10-25,19,c0020_0016,0.016391789950174183,0.01561917808219178,0.0007726118679824013
2012-10-25,20,c0003_0011,0.016243102222672553,0.01561917808219178,0.0006239241404807729
2012-10-26,1,c0004_0033,0.027747854538232627,0.02603013698630137,0.001717717551931257
2012-10-26,2,c0010_0002,0.027637809408189846,0.02603013698630137,0.001607672421888478
2012-10-26,3,c0005_0032,0.024349068925959578,0.023427397260273968,0.0009216716656856093
2012-10-26,4,c0001_0017,0.024296399689826925,0.023427397260273968,0.0008690024295529564
2012-10-26,5,c0001_0009,0.0223318974882058,0.020824657534246574,0.0015072399539592242
2012-10-26,6,c0013_0004,0.022178855340918468,0.020824657534246574,0.0013541978066718937
2012-10-26,7,c0004_0013,0.021667005532784042,0.020824657534246574,0.0008423479985374681
2012-10-26,8,c0004_0011,0.021477306262636976,0.020824657534246574,0.0006526487283904024
2012-10-26,9,c0001_0026,0.019381090635793085,0.018221917808219176,0.0011591728275739098
2012-10-26,10,c0014_0004,0.0189824321758546,0.018221917808219176,0.0007605143676354215
2012-10-26,11,c0001_0014,0.017363186108200503,0.01561917808219178,0.001744008026008722
2012-10-26,12,c0002_0033,0.0172719233276658,0.01561917808219178,0.0016527452454740172
2012-10-26,13,c0004_0024,0.016866192821781433,0.01561917808219178,0.0012470147395896535
2012-10-26,14,c0025_0022,0.016707355185375788,0.01561917808219178,0.0010881771031840076
2012-10-26,15,c0020_0001,0.01664605683504997,0.01561917808219178,0.00102687875285819
2012-10-26,16,c0020_0021,0.016613264261847057,0.01561917808219178,0.0009940861796552765
2012-10-26,17,c0003_0013,0.016588201449035386,0.01561917808219178,0.0009690233668436061
2012-10-26,18,c0009_0006,0.016444835933228423,0.01561917808219178,0.0008256578510366434
2012-10-26,19,c0020_0016,0.01638325288980608,0.01561917808219178,0.0007640748076143003
2012-10-26,20,c0003_0011,0.016236208103810115,0.01561917808219178,0.0006170300216183362
2012-10-27,1,c0004_0033,0.02772887442798079,0.02603013698630137,0.0016987374416794203
2012-10-27,2,c0010_0002,0.027620045253785083,0.02603013698630137,0.001589908267483713
2012-10-27,3,c0005_0032,0.02433888481285493,0.023427397260273968,0.0009114875525809611
2012-10-27,4,c0001_0017,0.024286797551277727,0.023427397260273968,0.0008594002910037607
2012-10-27,5,c0001_0009,0.022315243073473903,0.020824657534246574,0.0014905855392273284
2012-10-27,6,c0013_0004,0.022163891982335718,0.020824657534246574,0.0013392344480891451
2012-10-27,7,c0004_0013,0.02165769791532116,0.020824657534246574,0.0008330403810745856
2012-10-27,8,c0004_0011,0.021470094748260445,0.020824657534246574,0.0006454372140138718
2012-10-27,9,c0001_0026,0.01936828222730733,0.018221917808219176,0.0011463644190881546
2012-10-27,10,c0014_0004,0.018974028788155847,0.018221917808219176,0.0007521109799366711
2012-10-27,11,c0001_0014,0.017343915498444832,0.01561917808219178,0.0017247374162530507
2012-10-27,12,c0002_0033,0.01725366113610699,0.01561917808219178,0.0016344830539152086
2012-10-27,13,c0020_0021,0.01715051396917683,0.01561917808219178,0.0015313358869850529
2012-10-27,14,c0004_0024,0.016852413794364227,0.01561917808219178,0.0012332357121724474
2012-10-27,15,c0025_0022,0.016695331252006337,0.01561917808219178,0.001076153169814557
2012-10-27,16,c0020_0001,0.016634710224588546,0.01561917808219178,0.0010155321423967645
2012-10-27,17,c0003_0013,0.016577494118066673,0.01561917808219178,0.0009583160358748913
2012-10-27,18,c0009_0006,0.016435712735398053,0.01561917808219178,0.0008165346532062719
2012-10-27,19,c0020_0016,0.016374810160631623,0.01561917808219178,0.0007556320784398411
2012-10-27,20,c0003_0011,0.01622939016227727,0.01561917808219178,0.0006102120800854909
2012-10-28,1,c0004_0033,0.027710104040558393,0.02603013698630137,0.0016799670542570247
2012-10-28,2,c0010_0002,0.027602477386371012,0.02603013698630137,0.0015723404000696438
2012-10-28,3,c0005_0032,0.024328813230235474,0.023427397260273968,0.0009014159699615061
2012-10-28,4,c0001_0017,0.024277301512621446,0.023427397260273968,0.0008499042523474794
2012-10-28,5,c0001_0009,0.022298772683541333,0.020824657534246574,0.001474115149294758
2012-10-28,6,c0013_0004,0.022149093963040167,0.020824657534246574,0.0013244364287935916
2012-10-28,7,c0004_0013,0.021648493143407842,0.020824657534246574,0.0008238356091612689
2012-10-28,8,c0004_0011,0.021462962918310378,0.020824657534246574,0.0006383053840638033
2012-10-28,9,c0001_0026,0.019355615346749108,0.018221917808219176,0.0011336975385299317
2012-10-28,10,c0014_0004,0.01896571825461978,0.018221917808219176,0.0007438004464006044
2012-10-28,11,c0001_0014,0.017324857821425028,0.01561917808219178,0.0017056797392332485
2012-10-28,12,c0002_0033,0.017235600734655545,0.01561917808219178,0.0016164226524637648
2012-10-28,13,c0020_0021,0.017133593303765404,0.01561917808219178,0.0015144152215736226
2012-10-28,14,c0004_0024,0.01683878701983589,0.01561917808219178,0.0012196089376441096
2012-10-28,15,c0025_0022,0.016683440178419776,0.01561917808219178,0.001064262096227995
2012-10-28,16,c0020_0001,0.01662348898975555,0.01561917808219178,0.0010043109075637715
2012-10-28,17,c0003_0013,0.016566905098936862,0.01561917808219178,0.0009477270167450824
2012-10-28,18,c0009_0006,0.016426690345352102,0.01561917808219178,0.0008075122631603206
2012-10-28,19,c0020_0016,0.01636646072032784,0.01561917808219178,0.0007472826381360566
2012-10-28,20,c0003_0011,0.016222647556344182,0.01561917808219178,0.0006034694741524004
2012-10-29,1,c0004_0033,0.02769154105860982,0.02603013698630137,0.0016614040723084485
2012-10-29,2,c0010_0002,0.027585103637052806,0.02603013698630137,0.0015549666507514355
2012-10-29,3,c0005_0032,0.02431885293468316,0.023427397260273968,0.00089145567440919
2012-10-29,4,c0001_0017,0.024267910401495566,0.023427397260273968,0.0008405131412215996
2012-10-29,5,c0001_0009,0.022282484285005694,0.020824657534246574,0.0014578267507591191
2012-10-29,6,c0013_0004,0.022134459456097048,0.020824657534246574,0.0013098019218504748
2012-10-29,7,c0004_0013,0.021639390080640808,0.020824657534246574,0.0008147325463942326
2012-10-29,8,c0004_0011,0.021455909892304878,0.020824657534246574,0.0006312523580583048
2012-10-29,9,c0001_0026,0.019343088430289913,0.018221917808219176,0.0011211706220707373
2012-10-29,10,c0014_0004,0.01895749954924405,0.018221917808219176,0.000735581741024871
2012-10-29,11,c0001_0014,0.017306010724317256,0.01561917808219178,0.001686832642125477
2012-10-29,12,c0002_0033,0.017217739893609335,0.01561917808219178,0.0015985618114175548
2012-10-29,13,c0020_0021,0.017116859605119657,0.01561917808219178,0.0014976815229278755
2012-10-29,14,c0004_0024,0.01682531081586127,0.01561917808219178,0.0012061327336694893
2012-10-29,15,c0025_0022,0.016671680496567223,0.01561917808219178,0.0010525024143754416
2012-10-29,16,c0020_0001,0.016612391745199104,0.01561917808219178,0.0009932136630073241
2012-10-29,17,c0003_0013,0.016556433084346196,0.01561917808219178,0.0009372550021544168
2012-10-29,18,c0009_0006,0.016417767649203795,0.01561917808219178,0.0007985895670120152
2012-10-29,19,c0020_0016,0.016358203538089023,0.01561917808219178,0.0007390254558972426
2012-10-29,20,c0003_0011,0.016215979453581796,0.01561917808219178,0.000596801371390015
2012-10-30,1,c0004_0033,0.027673183190385316,0.02603013698630137,0.001643046204083948
2012-10-30,2,c0010_0002,0.027567921860901068,0.02603013698630137,0.0015377848745996992
2012-10-30,3,c0005_0032,0.024309002696519214,0.023427397260273968,0.0008816054362452448
2012-10-30,4,c0001_0017,0.024258623058491725,0.023427397260273968,0.0008312257982177587
2012-10-30,5,c0001_0009,0.0222663758669329,0.020824657534246574,0.0014417183326863251
2012-10-30,6,c0013_0004,0.02211998665475853,0.020824657534246574,0.0012953291205119546
2012-10-30,7,c0004_0013,0.021630387603173578,0.020824657534246574,0.0008057300689270049
2012-10-30,8,c0004_0011,0.021448934799491042,0.020824657534246574,0.0006242772652444671
2012-10-30,9,c0001_0026,0.01933069993138094,0.018221917808219176,0.001108782123161765
2012-10-30,10,c0014_0004,0.018949371657363222,0.018221917808219176,0.0007274538491440475
2012-10-30,11,c0001_0014,0.017287371880295468,0.01561917808219178,0.001668193798103686
2012-10-30,12,c0002_0033,0.01720007640790357,0.01561917808219178,0.001580898325711789
2012-10-30,13,c0020_0021,0.017100310807329617,0.01561917808219178,0.0014811327251378374
2012-10-30,14,c0004_0024,0.016811983518694364,0.01561917808219178,0.001192805436502584
2012-10-30,15,c0025_0022,0.016660050754621167,0.01561917808219178,0.0010408726724293862
2012-10-30,16,c0020_0001,0.016601417120874915,0.01561917808219178,0.0009822390386831359
2012-10-30,17,c0003_0013,0.016546076781440065,0.01561917808219178,0.0009268986992482867
2012-10-30,18,c0009_0006,0.016408943545374376,0.01561917808219178,0.0007897654631825975
2012-10-30,19,c0020_0016,0.016350037594499475,0.01561917808219178,0.0007308595123076966
2012-10-30,20,c0003_0011,0.016209385030759083,0.01561917808219178,0.0005902069485673023
2012-10-31,1,c0004_0033,0.02765502816945809,0.02603013698630137,0.0016248911831567214
2012-10-31,2,c0010_0002,0.024939237081668876,0.023427397260273968,0.001511839821394909
2012-10-31,3,c0005_0032,0.02429926129965234,0.023427397260273968,0.0008718640393783729
2012-10-31,4,c0001_0017,0.024249438337012572,0.023427397260273968,0.0008220410767386036
2012-10-31,5,c0001_0009,0.0222504454406089,0.020824657534246574,0.0014257879063623254
2012-10-31,6,c0013_0004,0.022105673772240625,0.020824657534246574,0.0012810162379940512
2012-10-31,7,c0004_0013,0.021621484599577755,0.020824657534246574,0.0007968270653311802
2012-10-31,8,c0020_0021,0.019686684593340206,0.018221917808219176,0.0014647667851210317
2012-10-31,9,c0001_0026,0.019318448320562145,0.018221917808219176,0.0010965305123429693
2012-10-31,10,c0014_0004,0.018941333575523543,0.018221917808219176,0.0007194157673043679
2012-10-31,11,c0001_0014,0.017268938988244126,0.01561917808219178,0.0016497609060523472
2012-10-31,12,c0002_0033,0.017182608096838563,0.01561917808219178,0.0015634300146467831
2012-10-31,13,c0004_0024,0.016798803482972916,0.01561917808219178,0.001179625400781137
2012-10-31,14,c0025_0022,0.016648549516796226,0.01561917808219178,0.0010293714346044465
2012-10-31,15,c0020_0001,0.016590563761877154,0.01561917808219178,0.0009713856796853751
2012-10-31,16,c0003_0013,0.016535834911649405,0.01561917808219178,0.0009166568294576234
2012-10-31,17,c0009_0006,0.016400216944457105,0.01561917808219178,0.0007810388622653243
2012-10-31,18,c0020_0016,0.016341961881407643,0.01561917808219178,0.0007227837992158625
2012-10-31,19,c0004_0011,0.01621875918893892,0.01561917808219178,0.0005995811067471394
2012-10-31,20,c0003_0011,0.01620286347374139,0.01561917808219178,0.0005836853915496114
2012-11-01,1,c0004_0033,0.02763707375444447,0.02603013698630137,0.0016069367681431016
2012-11-01,2,c0010_0002,0.024922531840192517,0.023427397260273968,0.0014951345799185493
2012-11-01,3,c0005_0032,0.02428962754142858,0.023427397260273968,0.0008622302811546136
2012-11-01,4,c0001_0017,0.024240355103130204,0.023427397260273968,0.0008129578428562372
2012-11-01,5,c0001_0009,0.022234691039294163,0.020824657534246574,0.0014100335050475882
2012-11-01,6,c0013_0004,0.022091519041502628,0.020824657534246574,0.001266861507256053
2012-11-01,7,c0004_0013,0.02161267997070578,0.020824657534246574,0.0007880224364592043
2012-11-01,8,c0020_0021,0.019670499490589428,0.018221917808219176,0.001448581682370251
2012-11-01,9,c0001_0026,0.01930633208527342,0.018221917808219176,0.0010844142770542436
2012-11-01,10,c0014_0004,0.018933384311359016,0.018221917808219176,0.0007114665031398406
2012-11-01,11,c0001_0014,0.017250709772474143,0.01561917808219178,0.0016315316902823626
2012-11-01,12,c0002_0033,0.01716533280381052,0.01561917808219178,0.001546154721618739
2012-11-01,13,c0004_0024,0.016785769081515287,0.01561917808219178,0.001166590999323505
2012-11-01,14,c0025_0022,0.016637175363171892,0.01561917808219178,0.0010179972809801106
2012-11-01,15,c0020_0001,0.016579830328271174,0.01561917808219178,0.0009606522460793932
2012-11-01,16,c0003_0013,0.01652570621053283,0.01561917808219178,0.0009065281283410494
2012-11-01,17,c0009_0006,0.016391586769082755,0.01561917808219178,0.0007724086868909748
2012-11-01,18,c0020_0016,0.016333975401801648,0.01561917808219178,0.0007147973196098675
2012-11-01,19,c0004_0011,0.016212134051122644,0.01561917808219178,0.0005929559689308643
2012-11-01,20,c0003_0011,0.016196413977389943,0.01561917808219178,0.0005772358951981637
2012-11-02,1,c0004_0033,0.027619317728727208,0.02603013698630137,0.001589180742425838
2012-11-02,2,c0010_0002,0.02490601118513122,0.023427397260273968,0.0014786139248572545
2012-11-02,3,c0005_0032,0.02428010023248283,0.023427397260273968,0.0008527029722088631
2012-11-02,4,c0001_0017,0.02423137223544619,0.023427397260273968,0.0008039749751722231
2012-11-02,5,c0001_0009,0.02221911071798086,0.020824657534246574,0.0013944531837342864
2012-11-02,6,c0013_0004,0.02207752071502893,0.020824657534246574,0.0012528631807823586
2012-11-02,7,c0004_0013,0.02160397262955525,0.020824657534246574,0.0007793150953086754
2012-11-02,8,c0020_0021,0.01965449322692328,0.018221917808219176,0.001432575418704105
2012-11-02,9,c0001_0026,0.019294349729667856,0.018221917808219176,0.0010724319214486817
2012-11-02,10,c0014_0004,0.018925522883468906,0.018221917808219176,0.0007036050752497309
2012-11-02,11,c0001_0014,0.017232681982441895,0.01561917808219178,0.0016135039002501141
2012-11-02,12,c0002_0033,0.017148248396045267,0.01561917808219178,0.0015290703138534881
2012-11-02,13,c0004_0024,0.016772878705119548,0.01561917808219178,0.001153700622927766
2012-11-02,14,c0025_0022,0.016625926889517216,0.01561917808219178,0.0010067488073254348
2012-11-02,15,c0020_0001,0.016569215494928076,0.01561917808219178,0.0009500374127362968
2012-11-02,16,c0003_0013,0.016515689427620554,0.01561917808219178,0.0008965113454287716
2012-11-02,17,c0009_0006,0.01638305195378662,0.01561917808219178,0.0007638738715948372
2012-11-02,18,c0020_0016,0.01632607716968621,0.01561917808219178,0.0007068990874944308
2012-11-02,19,c0004_0011,0.016205582118500112,0.01561917808219178,0.0005864040363083332
2012-11-02,20,c0003_0011,0.01619003574546243,0.01561917808219178,0.0005708576632706499
2012-11-03,1,c0004_0033,0.027601757900181805,0.02603013698630137,0.0015716209138804367
2012-11-03,2,c0010_0002,0.024889673076876964,0.023427397260273968,0.0014622758166029962
2012-11-03,3,c0005_0032,0.024270678196592007,0.023427397260273968,0.0008432809363180398
2012-11-03,4,c0001_0017,0.02422248862495311,0.023427397260273968,0.0007950913646791416
2012-11-03,5,c0001_0009,0.022203702553152745,0.020824657534246574,0.0013790450189061717
2012-11-03,6,c0013_0004,0.022063677064613308,0.020824657534246574,0.0012390195303667354
2012-11-03,7,c0004_0013,0.021595361501134717,0.020824657534246574,0.0007707039668881446
2012-11-03,8,c0020_0021,0.019638663826239505,0.018221917808219176,0.0014167460180203283
2012-11-03,9,c0001_0026,0.01928249977442708,0.018221917808219176,0.0010605819662079029
2012-11-03,10,c0014_0004,0.018917748321296578,0.018221917808219176,0.0006958305130774008
2012-11-03,11,c0001_0014,0.01721485339247139,0.01561917808219178,0.001595675310279612
2012-11-03,12,c0002_0033,0.017131352764334966,0.01561917808219178,0.001512174682143187
2012-11-03,13,c0004_0024,0.016760130762364836,0.01561917808219178,0.0011409526801730548
2012-11-03,14,c0025_0022,0.01661480270711746,0.01561917808219178,0.0009956246249256805
2012-11-03,15,c0020_0001,0.016558717951361133,0.01561917808219178,0.0009395398691693514
2012-11-03,16,c0003_0013,0.01650578332625998,0.01561917808219178,0.0008866052440682018
2012-11-03,17,c0009_0006,0.01637461144487695,0.01561917808219178,0.0007554333626851698
2012-11-03,18,c0020_0016,0.016318266209960915,0.01561917808219178,0.0006990881277691358
2012-11-03,19,c0004_0011,0.016199102582182434,0.01561917808219178,0.0005799244999906534
2012-11-03,20,c0003_0011,0.016183727990514707,0.01561917808219178,0.0005645499083229281
2012-11-04,1,c0004_0033,0.027584392100905897,0.02603013698630137,0.001554255114604528
2012-11-04,2,c0010_0002,0.02487351549835859,0.023427397260273968,0.0014461182380846216
2012-11-04,3,c0005_0032,0.024261360270529837,0.023427397260273968,0.0008339630102558689
2012-11-04,4,c0001_0017,0.02421370317489764,0.023427397260273968,0.000786305914623673
2012-11-04,5,c0001_0009,0.022188464642547676,0.020824657534246574,0.001363807108301103
2012-11-04,6,c0013_0004,0.02204998638114553,0.020824657534246574,0.0012253288468989563
2012-11-04,7,c0004_0013,0.021586845522330974,0.020824657534246574,0.0007621879880844011
2012-11-04,8,c0020_0021,0.019623009334270993,0.018221917808219176,0.0014010915260518181
2012-11-04,9,c0001_0026,0.019270780756578596,0.018221917808219176,0.001048862948359419
2012-11-04,10,c0014_0004,0.018910059665009662,0.018221917808219176,0.0006881418567904853
2012-11-04,11,c0001_0014,0.017197221801479503,0.01561917808219178,0.0015780437192877228
2012-11-04,12,c0002_0033,0.0171146438227777,0.01561917808219178,0.001495465740585918
2012-11-04,13,c0004_0024,0.01674752367941487,0.01561917808219178,0.0011283455972230867
2012-11-04,14,c0025_0022,0.016603801442602647,0.01561917808219178,0.0009846233604108674
2012-11-04,15,c0020_0001,0.01654833640156397,0.01561917808219178,0.000929158319372191
2012-11-04,16,c0003_0013,0.01649598668346306,0.01561917808219178,0.0008768086012712812
2012-11-04,17,c0009_0006,0.016366264200304896,0.01561917808219178,0.0007470861181131155
2012-11-04,18,c0020_0016,0.016310541558299828,0.01561917808219178,0.0006913634761080462
2012-11-04,19,c0004_0011,0.01619269464221862,0.01561917808219178,0.0005735165600268399
2012-11-04,20,c0003_0011,0.01617748993380359,0.01561917808219178,0.0005583118516118078
2012-11-05,1,c0004_0033,0.027567218186951587,0.02603013698630137,0.0015370812006502178
2012-11-05,2,c0010_0002,0.024857536454792797,0.023427397260273968,0.0014301391945188275
2012-11-05,3,c0005_0032,0.02425214530392324,0.023427397260273968,0.0008247480436492729
2012-11-05,4,c0001_0017,0.02420501480064516,0.023427397260273968,0.0007776175403711951
2012-11-05,5,c0001_0009,0.022173395104922767,0.020824657534246574,0.0013487375706761943
2012-11-05,6,c0013_0004,0.02203644697440037,0.020824657534246574,0.0012117894401537951
2012-11-05,7,c0004_0013,0.021578423641777793,0.020824657534246574,0.0007537661075312197
2012-11-05,8,c0020_0021,0.019607527818344538,0.018221917808219176,0.001385610010125361
2012-11-05,9,c0001_0026,0.019259191229315194,0.018221917808219176,0.0010372734210960187
2012-11-05,10,c0014_0004,0.01890245596538157,0.018221917808219176,0.0006805381571623929
2012-11-05,11,c0001_0014,0.017179785032704203,0.01561917808219178,0.0015606069505124222
2012-11-05,12,c0002_0033,0.017098119508519947,0.01561917808219178,0.0014789414263281673
2012-11-05,13,c0004_0024,0.016735055899823634,0.01561917808219178,0.001115877817631855
2012-11-05,14,c0025_0022,0.016592921737778,0.01561917808219178,0.0009737436555862173
2012-11-05,15,c0020_0001,0.016538069563850594,0.01561917808219178,0.0009188914816588151
2012-11-05,16,c0003_0013,0.016486298289755272,0.01561917808219178,0.0008671202075634931
2012-11-05,17,c0009_0006,0.01635800918953583,0.01561917808219178,0.0007388311073440508
2012-11-05,18,c0020_0016,0.016302902261032433,0.01561917808219178,0.0006837241788406516
2012-11-05,19,c0004_0011,0.016186357507496835,0.01561917808219178,0.0005671794253050546
2012-11-05,20,c0003_0011,0.016171320805190688,0.01561917808219178,0.000552142722998908
2012-11-06,1,c0004_0033,0.027550234038060773,0.02603013698630137,0.0015200970517594025
2012-11-06,2,c0010_0002,0.02484173397343786,0.023427397260273968,0.001414336713163891
2012-11-06,3,c0005_0032,0.024243032159110316,0.023427397260273968,0.0008156348988363493
2012-11-06,4,c0001_0017,0.024196422429545845,0.023427397260273968,0.0007690251692718757
2012-11-06,5,c0001_0009,0.022158492079822137,0.020824657534246574,0.0013338345455755612
2012-11-06,6,c0013_0004,0.022023057172828934,0.020824657534246574,0.00119839963858236
2012-11-06,7,c0004_0013,0.02157009481972614,0.020824657534246574,0.0007454372854795643
2012-11-06,8,c0020_0021,0.019592217367142208,0.018221917808219176,0.0013702995589230315
2012-11-06,9,c0001_0026,0.019247729761816323,0.018221917808219176,0.0010258119535971463
2012-11-06,10,c0014_0004,0.018894936283674293,0.018221917808219176,0.000673018475455117
2012-11-06,11,c0001_0014,0.017162540933435843,0.01561917808219178,0.001543362851244061
2012-11-06,12,c0002_0033,0.017081777781501932,0.01561917808219178,0.0014625996993101501
2012-11-06,13,c0004_0024,0.016722725884343256,0.01561917808219178,0.0011035478021514755
2012-11-06,14,c0025_0022,0.01658216224945626,0.01561917808219178,0.0009629841672644766
2012-11-06,15,c0020_0001,0.016527916170697134,0.01561917808219178,0.0009087380885053543
2012-11-06,16,c0003_0013,0.016476716949026325,0.01561917808219178,0.0008575388668345432
2012-11-06,17,c0009_0006,0.01634984539342214,0.01561917808219178,0.0007306673112303587
2012-11-06,18,c0020_0016,0.01629534737502591,0.01561917808219178,0.0006761692928341298
2012-11-06,19,c0004_0011,0.016180090395646718,0.01561917808219178,0.0005609123134549369
2012-11-06,20,c0003_0011,0.016165219843047356,0.01561917808219178,0.0005460417608555763
2012-11-07,1,c0004_0033,0.027533437557403374,0.02603013698630137,0.0015033005711020048
2012-11-07,2,c0010_0002,0.024826106103350086,0.023427397260273968,0.0013987088430761163
2012-11-07,3,c0005_0032,0.024234019710999886,0.023427397260273968,0.0008066224507259166
2012-11-07,4,c0001_0017,0.024187925000802215,0.023427397260273968,0.000760527740528246
2012-11-07,5,c0001_0009,0.02214375372734721,0.020824657534246574,0.0013190961931006339
2012-11-07,6,c0020_0021,0.019577076090465398,0.018221917808219176,0.0013551582822462222
2012-11-07,7,c0013_0004,0.01939754614413405,0.018221917808219176,0.0011756283359148723
2012-11-07,8,c0001_0026,0.019236394939071432,0.018221917808219176,0.0010144771308522567
2012-11-07,9,c0004_0013,0.018949720939950142,0.018221917808219176,0.0007278031317309659
2012-11-07,10,c0014_0004,0.018887499691522515,0.018221917808219176,0.0006655818833033404
2012-11-07,11,c0001_0014,0.017145487374751373,0.01561917808219178,0.0015263092925595924
2012-11-07,12,c0002_0033,0.017065616624205728,0.01561917808219178,0.0014464385420139467
2012-11-07,13,c0004_0024,0.016710532110733933,0.01561917808219178,0.0010913540285421538
2012-11-07,14,c0009_0009,0.016680271908616057,0.01561917808219178,0.001061093826424276
2012-11-07,15,c0025_0022,0.01657152164929187,0.01561917808219178,0.0009523435671000878
2012-11-07,16,c0020_0001,0.016517874968585367,0.01561917808219178,0.0008986968863935847
2012-11-07,17,c0012_0002,0.016497059018821487,0.01561917808219178,0.000877880936629707
2012-11-07,18,c0003_0013,0.01646724147838247,0.01561917808219178,0.0008480633961906905
2012-11-07,19,c0009_0006,0.016341771804077386,0.01561917808219178,0.0007225937218856065
2012-11-07,20,c0004_0011,0.016173892532942796,0.01561917808219178,0.0005547144507510144
2012-11-08,1,c0004_0033,0.027516826671318474,0.02603013698630137,0.0014866896850171036
2012-11-08,2,c0010_0002,0.024810650915142944,0.023427397260273968,0.0013832536548689768
2012-11-08,3,c0005_0032,0.024225106846932583,0.023427397260273968,0.0007977095866586129
2012-11-08,4,c0001_0017,0.024179521465338204,0.023427397260273968,0.0007521242050642363
2012-11-08,5,c0001_0009,0.022129178227929577,0.020824657534246574,0.001304520693683003
2012-11-08,6,c0020_0021,0.01956210211900146,0.018221917808219176,0.0013401843107822848
2012-11-08,7,c0013_0004,0.019384555908687155,0.018221917808219176,0.0011626381004679791
2012-11-08,8,c0001_0026,0.019225185361705296,0.018221917808219176,0.0010032675534861208
2012-11-08,9,c0004_0013,0.018941678998673852,0.018221917808219176,0.0007197611904546745
2012-11-08,10,c0014_0004,0.018880145270818997,0.018221917808219176,0.0006582274625998204
2012-11-08,11,c0001_0014,0.01712862225125152,0.01561917808219178,0.0015094441690597401
2012-11-08,12,c0002_0033,0.017049634041406206,0.01561917808219178,0.0014304559592144262
2012-11-08,13,c0004_0024,0.016698473073576033,0.01561917808219178,0.0010792949913842533
2012-11-08,14,c0009_0009,0.016668547234911447,0.01561917808219178,0.0010493691527196653
2012-11-08,15,c0025_0022,0.016560998623616974,0.01561917808219178,0.0009418205414251946
2012-11-08,16,c0020_0001,0.01650794471784795,0.01561917808219178,0.0008887666356561717
2012-11-08,17,c0012_0002,0.016487358776225442,0.01561917808219178,0.0008681806940336618
2012-11-08,18,c0003_0013,0.01645787070800049,0.01561917808219178,0.0008386926258087091
2012-11-08,19,c0009_0006,0.016333787424751896,0.01561917808219178,0.0007146093425601149
2012-11-08,20,c0004_0011,0.01616776315420896,0.01561917808219178,0.00054858507201718
2012-11-09,1,c0004_0033,0.027500399329058293,0.02603013698630137,0.0014702623427569233
2012-11-09,2,c0010_0002,0.024795366500748883,0.023427397260273968,0.0013679692404749155
2012-11-09,3,c0005_0032,0.0242162924665435,0.023427397260273968,0.0007888952062695291
2012-11-09,4,c0001_0017,0.024171210785669625,0.023427397260273968,0.0007438135253956581
2012-11-09,5,c0001_0009,0.022114763782106358,0.020824657534246574,0.0012901062478597831
2012-11-09,6,c0020_0021,0.019547293604092922,0.018221917808219176,0.0013253757958737473
2012-11-09,7,c0013_0004,0.01937170921028493,0.018221917808219176,0.001149791402065754
2012-11-09,8,c0001_0026,0.019214099645805238,0.018221917808219176,0.0009921818375860602
2012-11-09,9,c0004_0013,0.018933725917717983,0.018221917808219176,0.0007118081094988072
2012-11-09,10,c0014_0004,0.018872872113601218,0.018221917808219176,0.0006509543053820429
2012-11-09,11,c0001_0014,0.01711194348080085,0.01561917808219178,0.0014927653986090707
2012-11-09,12,c0002_0033,0.017033828059924698,0.01561917808219178,0.0014146499777329179
2012-11-09,13,c0004_0024,0.016686547284084217,0.01561917808219178,0.001067369201892438
2012-11-09,14,c0009_0009,0.016656952114286926,0.01561917808219178,0.0010377740320951464
2012-11-09,15,c0025_0022,0.01655059187327924,0.01561917808219178,0.0009314137910874587
2012-11-09,16,c0020_0001,0.016498124192515402,0.01561917808219178,0.0008789461103236207
2012-11-09,17,c0012_0002,0.016477765717533836,0.01561917808219178,0.0008585876353420575
2012-11-09,18,c0003_0013,0.016448603480983245,0.01561917808219178,0.0008294253987914648
2012-11-09,19,c0009_0006,0.01632589126970968,0.01561917808219178,0.0007067131875178995
2012-11-09,20,c0004_0011,0.016161701502724005,0.01561917808219178,0.0005425234205322245
2012-11-10,1,c0004_0033,0.027484153502535025,0.02603013698630137,0.0014540165162336537
2012-11-10,2,c0010_0002,0.024780250973183746,0.023427397260273968,0.001352853712909779
2012-11-10,3,c0005_0032,0.024207575481626328,0.023427397260273968,0.00078017822135236
2012-11-10,4,c0001_0017,0.02416299193577609,0.023427397260273968,0.0007355946755021209
2012-11-10,5,c0001_0009,0.02210050861029803,0.020824657534246574,0.001275851076051454
2012-11-10,6,c0020_0021,0.01953264871750926,0.018221917808219176,0.0013107309092900846
2012-11-10,7,c0013_0004,0.01935900446289891,0.018221917808219176,0.0011370866546797323
2012-11-10,8,c0001_0026,0.019203136422750268,0.018221917808219176,0.0009812186145310934
2012-11-10,9,c0004_0013,0.01892586071521059,0.018221917808219176,0.0007039429069914163
2012-11-10,10,c0014_0004,0.0188656793219393,0.018221917808219176,0.0006437615137201261
2012-11-10,11,c0001_0014,0.017095449004270718,0.01561917808219178,0.0014762709220789377
2012-11-10,12,c0002_0033,0.01701819672838539,0.01561917808219178,0.0013990186461936077
2012-11-10,13,c0004_0024,0.01667475326992365,0.01561917808219178,0.0010555751877318698
2012-11-10,14,c0009_0009,0.0166454851152314,0.01561917808219178,0.0010263070330396183
2012-11-10,15,c0025_0022,0.01654030011348145,0.01561917808219178,0.0009211220312896704
2012-11-10,16,c0020_0001,0.016488412180164704,0.01561917808219178,0.0008692340979729234
2012-11-10,17,c0012_0002,0.016468278658406256,0.01561917808219178,0.0008491005762144759
2012-11-10,18,c0003_0013,0.016439438653216867,0.01561917808219178,0.000820260571025086
2012-11-10,19,c0009_0006,0.016318082364106756,0.01561917808219178,0.0006989042819149756
2012-11-10,20,c0004_0011,0.016155706830128194,0.01561917808219178,0.0005365287479364137
2012-11-11,1,c0004_0033,0.027468087186070432,0.02603013698630137,0.0014379501997690643
2012-11-11,2,c0010_0002,0.024765302466313824,0.023427397260273968,0.001337905206039854
2012-11-11,3,c0005_0032,0.024198954815999024,0.023427397260273968,0.0007715575557250564
2012-11-11,4,c0001_0017,0.02415486390097433,0.023427397260273968,0.0007274666407003589
2012-11-11,5,c0001_0009,0.02208641095258873,0.020824657534246574,0.0012617534183421552
2012-11-11,6,c0020_0021,0.01951816565122118,0.018221917808219176,0.0012962478430020058
2012-11-11,7,c0013_0004,0.019346440098025622,0.018221917808219176,0.001124522289806445
2012-11-11,8,c0001_0026,0.019192294339042144,0.018221917808219176,0.0009703765308229678
2012-11-11,9,c0004_0013,0.01891808242012903,0.018221917808219176,0.0006961646119098565
2012-11-11,10,c0014_0004,0.01885856600782514,0.018221917808219176,0.0006366481996059635
2012-11-11,11,c0001_0014,0.017079136785285044,0.01561917808219178,0.001459958703093263
2012-11-11,12,c0002_0033,0.017002738116974406,0.01561917808219178,0.0013835600347826245
2012-11-11,13,c0004_0024,0.01666308957502822,0.01561917808219178,0.001043911492836438
2012-11-11,14,c0009_0009,0.016634144822051403,0.01561917808219178,0.001014966739859621
2012-11-11,15,c0025_0022,0.016530122073622908,0.01561917808219178,0.0009109439914311282
2012-11-11,16,c0020_0001,0.016478807481769654,0.01561917808219178,0.000859629399577874
2012-11-11,17,c0012_0002,0.01645889642758878,0.01561917808219178,0.0008397183453969998
2012-11-11,18,c0003_0013,0.016430375093229494,0.01561917808219178,0.0008111970110377138
2012-11-11,19,c0009_0006,0.016310359743870784,0.01561917808219178,0.0006911816616790044
2012-11-11,20,c0004_0011,0.016149778396330878,0.01561917808219178,0.0005306003141390971
2012-11-12,1,c0004_0033,0.027452198396148257,0.02603013698630137,0.0014220614098468896
2012-11-12,2,c0010_0002,0.02475051913462545,0.023427397260273968,0.001323121874351479
2012-11-12,3,c0005_0032,0.02419042940537093,0.023427397260273968,0.0007630321450969618
2012-11-12,4,c0001_0017,0.02414682567779293,0.023427397260273968,0.0007194284175189618
2012-11-12,5,c0001_0009,0.022072469068508984,0.020824657534246574,0.0012478115342624114
2012-11-12,6,c0020_0021,0.019503842617177417,0.018221917808219176,0.001281924808958241
2012-11-12,7,c0013_0004,0.019334014564492952,0.018221917808219176,0.0011120967562737768
2012-11-12,8,c0001_0026,0.019181572056138237,0.018221917808219176,0.0009596542479190598
2012-11-12,9,c0004_0013,0.01891039007218008,0.018221917808219176,0.000688472263960905
2012-11-12,10,c0014_0004,0.01885153129306277,0.018221917808219176,0.0006296134848435924
2012-11-12,11,c0001_0014,0.01706300480996891,0.01561917808219178,0.0014438267277771324
2012-11-12,12,c0002_0033,0.016987450317201568,0.01561917808219178,0.0013682722350097894
2012-11-12,13,c0004_0024,0.016651554759420775,0.01561917808219178,0.0010323766772289949
2012-11-12,14,c0009_0009,0.016622929834696334,0.01561917808219178,0.0010037517525045554
2012-11-12,15,c0025_0022,0.016520056497142555,0.01561917808219178,0.0009008784149507736
2012-11-12,16,c0020_0001,0.016469308911552818,0.01561917808219178,0.0008501308293610391
2012-11-12,17,c0012_0002,0.016449617866769392,0.01561917808219178,0.0008304397845776112
2012-11-12,18,c0003_0013,0.016421411682051593,0.01561917808219178,0.0008022335998598131
2012-11-12,19,c0009_0006,0.016302722455582053,0.01561917808219178,0.0006835443733902715
2012-11-12,20,c0004_0011,0.016143915469419116,0.01561917808219178,0.0005247373872273376
2012-11-13,1,c0004_0033,0.027436485171169315,0.02603013698630137,0.0014063481848679454
2012-11-13,2,c0010_0002,0.024735899152997166,0.023427397260273968,0.001308501892723199
2012-11-13,3,c0005_0032,0.024181998197211386,0.023427397260273968,0.0007546009369374167
2012-11-13,4,c0001_0017,0.024138876273848454,0.023427397260273968,0.0007114790135744879
2012-11-13,5,c0001_0009,0.02205868123682083,0.020824657534246574,0.0012340237025742582
2012-11-13,6,c0020_0021,0.019489677847083966,0.018221917808219176,0.0012677600388647891
2012-11-13,7,c0013_0004,0.019321726328268635,0.018221917808219176,0.0010998085200494597
2012-11-13,8,c0001_0026,0.019170968250286295,0.018221917808219176,0.0009490504420671204
2012-11-13,9,c0004_0013,0.01890278272168138,0.018221917808219176,0.0006808649134622051
2012-11-13,10,c0014_0004,0.01884457430915995,0.018221917808219176,0.0006226565009407736
2012-11-13,11,c0001_0014,0.017047051086699946,0.01561917808219178,0.0014278730045081652
2012-11-13,12,c0002_0033,0.016972331441664778,0.01561917808219178,0.0013531533594729962
2012-11-13,13,c0004_0024,0.01664014739903536,0.01561917808219178,0.0010209693168435805
2012-11-13,14,c0009_0009,0.016611838768585616,0.01561917808219178,0.000992660686393837
2012-11-13,15,c0025_0022,0.01651010214136384,0.01561917808219178,0.000890924059172059
2012-11-13,16,c0020_0001,0.016459915296839146,0.01561917808219178,0.0008407372146473648
2012-11-13,17,c0012_0002,0.01644044183043497,0.01561917808219178,0.0008212637482431895
2012-11-13,18,c0003_0013,0.016412547313077806,0.01561917808219178,0.0007933692308860269
2012-11-13,19,c0009_0006,0.01629516955635576,0.01561917808219178,0.000675991474163979
2012-11-13,20,c0004_0011,0.01613811732556733,0.01561917808219178,0.0005189392433755512
2012-11-14,1,c0004_0033,0.027420945571209325,0.02603013698630137,0.001390808584907956
2012-11-14,2,c0010_0002,0.024721440716474412,0.023427397260273968,0.0012940434562004426
2012-11-14,3,c0001_0017,0.024131014707722914,0.023427397260273968,0.0007036174474489458
2012-11-14,4,c0001_0009,0.022045045755305314,0.020824657534246574,0.0012203882210587403
2012-11-14,5,c0005_0032,0.021561394647179006,0.020824657534246574,0.0007367371129324311
2012-11-14,6,c0020_0021,0.019475669592185788,0.018221917808219176,0.0012537517839666115
2012-11-14,7,c0013_0004,0.019309573872270863,0.018221917808219176,0.001087656064051686
2012-11-14,8,c0001_0026,0.019160481612361023,0.018221917808219176,0.0009385638041418481
2012-11-14,9,c0014_0004,0.018837694197220946,0.018221917808219176,0.0006157763890017698
2012-11-14,10,c0001_0014,0.01703127364586241,0.01561917808219178,0.0014120955636706327
2012-11-14,11,c0002_0033,0.01695737962381698,0.01561917808219178,0.0013382015416251983
2012-11-14,12,c0004_0024,0.01662886608554139,0.01561917808219178,0.001009688003349609
2012-11-14,13,c0009_0009,0.01660087025443774,0.01561917808219178,0.0009816921722459572
2012-11-14,14,c0025_0022,0.01650025777734131,0.01561917808219178,0.0008810796951495296
2012-11-14,15,c0020_0001,0.01645062547791118,0.01561917808219178,0.0008314473957193993
2012-11-14,16,c0012_0002,0.016431367185729868,0.01561917808219178,0.0008121891035380883
2012-11-14,17,c0003_0013,0.016403780891930335,0.01561917808219178,0.0007846028097385563
2012-11-14,18,c0009_0006,0.01628770011372562,0.01561917808219178,0.0006685220315338396
2012-11-14,19,c0004_0013,0.01628319140648128,0.01561917808219178,0.000664013324289503
2012-11-14,20,c0004_0011,0.016132383248947925,0.01561917808219178,0.000513205166756145
2012-11-15,1,c0004_0033,0.02740557767777942,0.02603013698630137,0.001375440691478052
2012-11-15,2,c0010_0002,0.024707142040046648,0.023427397260273968,0.0012797447797726806
2012-11-15,3,c0001_0017,0.024123240008842597,0.023427397260273968,0.0006958427485686307
2012-11-15,4,c0001_0009,0.022031560940552333,0.020824657534246574,0.0012069034063057582
2012-11-15,5,c0005_0032,0.021553253988888382,0.020824657534246574,0.0007285964546418082
2012-11-15,6,c0020_0021,0.019461816123050906,0.018221917808219176,0.00123989831483173
2012-11-15,7,c0013_0004,0.019297555696180985,0.018221917808219176,0.0010756378879618101
2012-11-15,8,c0001_0026,0.01915011084770244,0.018221917808219176,0.0009281930394832653
2012-11-15,9,c0014_0004,0.018830890107840483,0.018221917808219176,0.000608972299621306
2012-11-15,10,c0001_0014,0.017015670539604073,0.01561917808219178,0.0013964924574122928
2012-11-15,11,c0002_0033,0.016942593017735746,0.01561917808219178,0.001323414935543967
2012-11-15,12,c0009_0006,0.01683028430664236,0.01561917808219178,0.0012111062244505814
2012-11-15,13,c0004_0024,0.016617709426169778,0.01561917808219178,0.0009985313439779988
2012-11-15,14,c0009_0009,0.016590022938101218,0.01561917808219178,0.0009708448559094358
2012-11-15,15,c0025_0022,0.016490522189708878,0.01561917808219178,0.0008713441075170978
2012-11-15,16,c0020_0001,0.0164414383078659,0.01561917808219178,0.0008222602256741179
2012-11-15,17,c0012_0002,0.016422392812316056,0.01561917808219178,0.0008032147301242744
2012-11-15,18,c0003_0013,0.01639511133632383,0.01561917808219178,0.0007759332541320505
2012-11-15,19,c0004_0013,0.016275854317744236,0.01561917808219178,0.0006566762355524554
2012-11-15,20,c0004_0011,0.016126712531642922,0.01561917808219178,0.000507534449451142
2012-11-16,1,c0004_0033,0.02739037959358929,0.02603013698630137,0.0013602426072879216
2012-11-16,2,c0010_0002,0.024693001358427027,0.023427397260273968,0.0012656040981530575
2012-11-16,3,c0001_0017,0.02411555121735827,0.023427397260273968,0.0006881539570843004
2012-11-16,4,c0001_0009,0.022018225127752814,0.020824657534246574,0.0011935675935062404
2012-11-16,5,c0005_0032,0.02154520328170276,0.020824657534246574,0.0007205457474561878
2012-11-16,6,c0020_0021,0.019448115729356893,0.018221917808219176,0.0012261979211377178
2012-11-16,7,c0013_0004,0.019285670316258302,0.018221917808219176,0.0010637525080391247
2012-11-16,8,c0001_0026,0.01913985467595606,0.018221917808219176,0.0009179368677368841
2012-11-16,9,c0014_0004,0.018824161200998883,0.018221917808219176,0.0006022433927797056
2012-11-16,10,c0001_0014,0.017000239841595693,0.01561917808219178,0.0013810617594039133
2012-11-16,11,c0002_0033,0.016927969797895376,0.01561917808219178,0.0013087917157035972
2012-11-16,12,c0009_0006,0.016816902054338476,0.01561917808219178,0.001197723972146695
2012-11-16,13,c0004_0024,0.016606676043541005,0.01561917808219178,0.0009874979613492256
2012-11-16,14,c0009_0009,0.016579295480387418,0.01561917808219178,0.0009601173981956385
2012-11-16,15,c0025_0022,0.01648089417652978,0.01561917808219178,0.0008617160943379992
2012-11-16,16,c0020_0001,0.016432352652473108,0.01561917808219178,0.0008131745702813273
2012-11-16,17,c0012_0002,0.016413517602234796,0.01561917808219178,0.0007943395200430139
2012-11-16,18,c0003_0013,0.01638653757593177,0.01561917808219178,0.0007673594937399914
2012-11-16,19,c0004_0013,0.01626859830098145,0.01561917808219178,0.0006494202187896682
2012-11-16,20,c0004_0011,0.016121104473556563,0.01561917808219178,0.0005019263913647834
2012-11-17,1,c0004_0033,0.02737534944231294,0.02603013698630137,0.00134521245601157
2012-11-17,2,c0010_0002,0.024679016925834418,0.023427397260273968,0.0012516196655604499
2012-11-17,3,c0001_0017,0.02410794738402664,0.023427397260273968,0.0006805501237526721
2012-11-17,4,c0001_0009,0.02200503667049318,0.020824657534246574,0.0011803791362466067
2012-11-17,5,c0005_0032,0.021537241531697452,0.020824657534246574,0.0007125839974508772
2012-11-17,6,c0020_0021,0.01943456671967972,0.018221917808219176,0.0012126489114605444
2012-11-17,7,c0013_0004,0.019273916265156853,0.018221917808219176,0.0010519984569376786
2012-11-17,8,c0001_0026,0.01912971183091481,0.018221917808219176,0.0009077940226956352
2012-11-17,9,c0014_0004,0.018817506645958357,0.018221917808219176,0.0005955888377391825
2012-11-17,10,c0001_0014,0.01698497964679323,0.01561917808219178,0.0013658015646014494
2012-11-17,11,c0002_0033,0.016913508158941513,0.01561917808219178,0.001294330076749733
2012-11-17,12,c0009_0006,0.016803667670712917,0.01561917808219178,0.0011844895885211371
2012-11-17,13,c0004_0024,0.016595764575495053,0.01561917808219178,0.0009765864933032715
2012-11-17,14,c0009_0009,0.016568686556905226,0.01561917808219178,0.0009495084747134445
2012-11-17,15,c0025_0022,0.016471372549148183,0.01561917808219178,0.0008521944669564027
2012-11-17,16,c0020_0001,0.01642336739003542,0.01561917808219178,0.0008041893078436367
2012-11-17,17,c0012_0002,0.016404740459769866,0.01561917808219178,0.0007855623775780862
2012-11-17,18,c0003_0013,0.016378058552254333,0.01561917808219178,0.0007588804700625517
2012-11-17,19,c0004_0013,0.016261422460379166,0.01561917808219178,0.0006422443781873866
2012-11-17,20,c0004_0011,0.016115558382328875,0.01561917808219178,0.0004963803001370962
2012-11-18,1,c0004_0033,0.027360485368357043,0.02603013698630137,0.0013303483820556756
2012-11-18,2,c0010_0002,0.024665187015777905,0.023427397260273968,0.0012377897555039357
2012-11-18,3,c0001_0017,0.0241004275700932,0.023427397260273968,0.000673030309819232
2012-11-18,4,c0001_0009,0.02199199394055208,0.020824657534246574,0.0011673364063055052
2012-11-18,5,c0005_0032,0.02152936775593024,0.020824657534246574,0.0007047102216836643
2012-11-18,6,c0020_0021,0.019421167421284934,0.018221917808219176,0.0011992496130657565
2012-11-18,7,c0013_0004,0.0192622920917443,0.018221917808219176,0.0010403742835251228
2012-11-18,8,c0001_0026,0.01911968106036272,0.018221917808219176,0.0008977632521435441
2012-11-18,9,c0014_0004,0.018810925621160456,0.018221917808219176,0.0005890078129412792
2012-11-18,10,c0001_0014,0.016969888071202633,0.01561917808219178,0.0013507099890108514
2012-11-18,11,c0002_0033,0.016899206315468263,0.01561917808219178,0.001280028233276481
2012-11-18,12,c0009_0006,0.016790579521874356,0.01561917808219178,0.001171401439682576
2012-11-18,13,c0004_0024,0.016584973674923238,0.01561917808219178,0.0009657955927314567
2012-11-18,14,c0009_0009,0.01655819485789752,0.01561917808219178,0.0009390167757057393
2012-11-18,15,c0025_0022,0.016461956132042443,0.01561917808219178,0.000842778049850661
2012-11-18,16,c0020_0001,0.016414481411249755,0.01561917808219178,0.0007953033290579744
2012-11-18,17,c0012_0002,0.016396060301312288,0.01561917808219178,0.0007768822191205074
2012-11-18,18,c0003_0013,0.016369673218487694,0.01561917808219178,0.0007504951362959151
2012-11-18,19,c0004_0013,0.01625432591002203,0.01561917808219178,0.0006351478278302491
2012-11-18,20,c0004_0011,0.016110073573250196,0.01561917808219178,0.0004908954910584153
2012-11-19,1,c0004_0033,0.02734578553663187,0.02603013698630137,0.0013156485503305001
2012-11-19,2,c0010_0002,0.024651509920843615,0.023427397260273968,0.0012241126605696461
2012-11-19,3,c0001_0017,0.024092990847176306,0.023427397260273968,0.0006655935869023388
2012-11-19,4,c0001_0009,0.02197909532769937,0.020824657534246574,0.0011544377934527977
2012-11-19,5,c0005_0032,0.02152158098232004,0.020824657534246574,0.0006969234480734661
2012-11-19,6,c0020_0021,0.01940791617992114,0.018221917808219176,0.0011859983717019656
2012-11-19,7,c0013_0004,0.019250796360922733,0.018221917808219176,0.0010288785527035557
2012-11-19,8,c0001_0026,0.019109761125920312,0.018221917808219176,0.0008878433177011356
2012-11-19,9,c0014_0004,0.018804417314124616,0.018221917808219176,0.0005824995059054398
2012-11-19,10,c0001_0014,0.01695496325164725,0.01561917808219178,0.0013357851694554708
2012-11-19,11,c0002_0033,0.01688506250179777,0.01561917808219178,0.0012658844196059874
2012-11-19,12,c0009_0006,0.016777635991985326,0.01561917808219178,0.0011584579097935446
2012-11-19,13,c0004_0024,0.01657430200960191,0.01561917808219178,0.0009551239274101286
2012-11-19,14,c0009_0009,0.016547819088079493,0.01561917808219178,0.0009286410058877147
2012-11-19,15,c0025_0022,0.016452643762679964,0.01561917808219178,0.0008334656804881838
2012-11-19,16,c0020_0001,0.016405693619070415,0.01561917808219178,0.0007865155368786362
2012-11-19,17,c0012_0002,0.016387476055226533,0.01561917808219178,0.0007682979730347519
2012-11-19,18,c0003_0013,0.016361380539394822,0.01561917808219178,0.0007422024572030406
2012-11-19,19,c0004_0013,0.016247307773783696,0.01561917808219178,0.0006281296915919139
2012-11-19,20,c0004_0011,0.016104649369176632,0.01561917808219178,0.0004854712869848509
2012-11-20,1,c0004_0033,0.027331248132324702,0.02603013698630137,0.0013011111460233327
2012-11-20,2,c0010_0002,0.024637983952483938,0.023427397260273968,0.0012105866922099706
2012-11-20,3,c0001_0017,0.024085636297152574,0.023427397260273968,0.0006582390368786059
2012-11-20,4,c0001_0009,0.021966339239497333,0.020824657534246574,0.0011416817052507609
2012-11-20,5,c0005_0032,0.02151388024952689,0.020824657534246574,0.0006892227152803173
2012-11-20,6,c0020_0021,0.019394811359615793,0.018221917808219176,0.0011728935513966169
2012-11-20,7,c0013_0004,0.019239427653451525,0.018221917808219176,0.0010175098452323487
2012-11-20,8,c0001_0026,0.019099950802891723,0.018221917808219176,0.0008780329946725457
2012-11-20,9,c0014_0004,0.01879798092134788,0.018221917808219176,0.0005760631131287021
2012-11-20,10,c0001_0014,0.016940203345537818,0.01561917808219178,0.0013210252633460361
2012-11-20,11,c0002_0033,0.016871074971762233,0.01561917808219178,0.0012518968895704524
2012-11-20,12,c0009_0006,0.01676483548306273,0.01561917808219178,0.00114565740087095
2012-11-20,13,c0004_0024,0.01656374826202797,0.01561917808219178,0.0009445701798361867
2012-11-20,14,c0009_0009,0.016537557966478735,0.01561917808219178,0.000918379884286955
2012-11-20,15,c0025_0022,0.016443434291373692,0.01561917808219178,0.0008242562091819132
2012-11-20,16,c0020_0001,0.016397002928573625,0.01561917808219178,0.0007778248463818455
2012-11-20,17,c0012_0002,0.01637898666171823,0.01561917808219178,0.0007598085795264495
2012-11-20,18,c0003_0013,0.016353179491177632,0.01561917808219178,0.0007340014089858527
2012-11-20,19,c0004_0013,0.016240367185218676,0.01561917808219178,0.0006211891030268946
2012-11-20,20,c0004_0011,0.01609928510044647,0.01561917808219178,0.0004801070182546898
2012-11-21,1,c0004_0033,0.027316871360675805,0.02603013698630137,0.0012867343743744363
2012-11-21,2,c0010_0002,0.02462460744080906,0.023427397260273968,0.001197210180535092
2012-11-21,3,c0001_0009,0.021953724101104063,0.020824657534246574,0.0011290665668574897
2012-11-21,4,c0001_0017,0.021466078379064658,0.020824657534246574,0.0006414208448180821
2012-11-21,5,c0009_0006,0.019354916140807966,0.018221917808219176,0.001132998332588789
2012-11-21,6,c0013_0004,0.019228184565772105,0.018221917808219176,0.0010062667575529301
2012-11-21,7,c0001_0026,0.0190902488801135,0.018221917808219176,0.000868331071894323
2012-11-21,8,c0014_0004,0.018791615648205674,0.018221917808219176,0.0005696978399864988
2012-11-21,9,c0026_0011,0.017039088654733244,0.01561917808219178,0.0014199105725414638
2012-11-21,10,c0001_0014,0.01692560653064495,0.01561917808219178,0.001306428448453169
2012-11-21,11,c0002_0033,0.01685724199848833,0.01561917808219178,0.001238063916296549
2012-11-21,12,c0004_0024,0.016553311129256208,0.01561917808219178,0.0009341330470644267
2012-11-21,13,c0009_0009,0.016527410226277073,0.01561917808219178,0.0009082321440852917
2012-11-21,14,c0025_0022,0.016434326581140166,0.01561917808219178,0.0008151484989483859
2012-11-21,15,c0020_0001,0.01638840826682359,0.01561917808219178,0.0007692301846318116
2012-11-21,16,c0003_0013,0.016345069061350626,0.01561917808219178,0.0007258909791588466
2012-11-21,17,c0005_0032,0.016281962198133694,0.01561917808219178,0.000662784115941912
2012-11-21,18,c0004_0013,0.016233503287455372,0.01561917808219178,0.00061432520526359
2012-11-21,19,c0003_0011,0.016081392453783115,0.01561917808219178,0.0004622143715913364
2012-11-21,20,c0022_0021,0.016063698663855295,0.01561917808219178,0.0004445205816635143
2012-11-22,1,c0004_0033,0.02730265344675684,0.02603013698630137,0.0012725164604554704
2012-11-22,2,c0010_0002,0.024611378734380795,0.023427397260273968,0.0011839814741068262
2012-11-22,3,c0001_0009,0.02194124835507904,0.020824657534246574,0.0011165908208324667
2012-11-22,4,c0001_0017,0.021458990928430653,0.020824657534246574,0.0006343333941840788
2012-11-22,5,c0009_0006,0.019342396950302224,0.018221917808219176,0.001120479142083048
2012-11-22,6,c0013_0004,0.01921706570983468,0.018221917808219176,0.0009951479016155032
2012-11-22,7,c0001_0026,0.019080654159805074,0.018221917808219176,0.0008587363515858995
2012-11-22,8,c0014_0004,0.01878532070885373,0.018221917808219176,0.0005634029006345548
2012-11-22,9,c0026_0011,0.01702339919566922,0.01561917808219178,0.0014042211134774366
2012-11-22,10,c0001_0014,0.016911171004874197,0.01561917808219178,0.0012919929226824164
2012-11-22,11,c0002_0033,0.01684356187418401,0.01561917808219178,0.0012243837919922302
2012-11-22,12,c0004_0024,0.016542989322738462,0.01561917808219178,0.0009238112405466826
2012-11-22,13,c0009_0009,0.016517374614654183,0.01561917808219178,0.000898196532462403
2012-11-22,14,c0025_0022,0.01642531950755914,0.01561917808219178,0.0008061414253673627
2012-11-22,15,c0020_0001,0.016379908572740045,0.01561917808219178,0.0007607304905482657
2012-11-22,16,c0003_0013,0.016337048248615867,0.01561917808219178,0.0007178701664240877
2012-11-22,17,c0005_0032,0.01627463869167036,0.01561917808219178,0.000655460609478582
2012-11-22,18,c0004_0013,0.016226715233090275,0.01561917808219178,0.000607537150898496
2012-11-22,19,c0003_0011,0.01607628516491428,0.01561917808219178,0.0004571070827224978
2012-11-22,20,c0022_0021,0.016058786884477073,0.01561917808219178,0.0004396088022852933
2012-11-23,1,c0004_0033,0.02728859263525173,0.02603013698630137,0.0012584556489503619
2012-11-23,2,c0010_0002,0.024598296200008706,0.023427397260273968,0.0011708989397347378
2012-11-23,3,c0001_0009,0.021928910461190863,0.020824657534246574,0.0011042529269442885
2012-11-23,4,c0001_0017,0.021451981791367054,0.020824657534246574,0.0006273242571204798
2012-11-23,5,c0009_0006,0.019330016091977927,0.018221917808219176,0.0011080982837587507
2012-11-23,6,c0013_0004,0.01920606971292686,0.018221917808219176,0.000984151904707682
2012-11-23,7,c0001_0026,0.019071165457420894,0.018221917808219176,0.0008492476492017179
2012-11-23,8,c0014_0004,0.018779095326131045,0.018221917808219176,0.0005571775179118681
2012-11-23,9,c0026_0011,0.017007883099020037,0.01561917808219178,0.0013887050168282567
2012-11-23,10,c0001_0014,0.016896894986043548,0.01561917808219178,0.0012777169038517685
2012-11-23,11,c0002_0033,0.016830032909927666,0.01561917808219178,0.0012108548277358847
2012-11-23,12,c0004_0024,0.016532781568164522,0.01561917808219178,0.0009136034859727433
2012-11-23,13,c0009_0009,0.016507449892632926,0.01561917808219178,0.0008882718104411447
2012-11-23,14,c0025_0022,0.016416411958634792,0.01561917808219178,0.0007972338764430109
2012-11-23,15,c0020_0001,0.016371502796967245,0.01561917808219178,0.0007523247147754639
2012-11-23,16,c0003_0013,0.016329116062739374,0.01561917808219178,0.0007099379805475945
2012-11-23,17,c0005_0032,0.016267396107102455,0.01561917808219178,0.0006482180249106752
2012-11-23,18,c0004_0013,0.016220002184083367,0.01561917808219178,0.0006008241018915881
2012-11-23,19,c0003_0011,0.016071234309599204,0.01561917808219178,0.0004520562274074233
2012-11-23,20,c0022_0021,0.016053929378348857,0.01561917808219178,0.0004347512961570757
2012-11-24,1,c0004_0033,0.027274687190239965,0.02603013698630137,0.001244550203938596
2012-11-24,2,c0010_0002,0.024585358222548478,0.023427397260273968,0.0011579609622745098
2012-11-24,3,c0001_0009,0.021916708896227082,0.020824657534246574,0.0010920513619805073
2012-11-24,4,c0001_0017,0.021445050102539394,0.020824657534246574,0.0006203925682928192
2012-11-24,5,c0009_0006,0.01931777203731832,0.018221917808219176,0.0010958542290991436
2012-11-24,6,c0013_0004,0.019195195217504193,0.018221917808219176,0.0009732774092850172
2012-11-24,7,c0001_0026,0.019061781601504162,0.018221917808219176,0.0008398637932849873
2012-11-24,8,c0014_0004,0.01877293873146394,0.018221917808219176,0.0005510209232447633
2012-11-24,9,c0026_0011,0.016992538449198506,0.01561917808219178,0.0013733603670067274
2012-11-24,10,c0001_0014,0.01688277671166341,0.01561917808219178,0.0012635986294716314
2012-11-24,11,c0002_0033,0.01681665343545961,0.01561917808219178,0.0011974753532678285
2012-11-24,12,c0004_0024,0.016522686605304808,0.01561917808219178,0.0009035085231130292
2012-11-24,13,c0009_0009,0.016497634834926368,0.01561917808219178,0.0008784567527345872
2012-11-24,14,c0025_0022,0.016407602834658398,0.01561917808219178,0.0007884247524666183
2012-11-24,15,c0020_0001,0.016363189901744415,0.01561917808219178,0.0007440118195526342
2012-11-24,16,c0003_0013,0.016321271524428867,0.01561917808219178,0.0007020934422370846
2012-11-24,17,c0005_0032,0.01626023355027453,0.01561917808219178,0.0006410554680827497
2012-11-24,18,c0004_0013,0.016213363311654638,0.01561917808219178,0.0005941852294628574
2012-11-24,19,c0003_0011,0.016066239264269092,0.01561917808219178,0.0004470611820773132
2012-11-24,20,c0022_0021,0.01604912554577236,0.01561917808219178,0.0004299474635805773
2012-11-25,1,c0004_0033,0.027260935394982273,0.02603013698630137,0.0012307984086809048
2012-11-25,2,c0010_0002,0.02457256320470251,0.023427397260273968,0.001145165944428541
2012-11-25,3,c0001_0009,0.021904642153806154,0.020824657534246574,0.001079984619559581
2012-11-25,4,c0001_0017,0.021438195006174814,0.020824657534246574,0.0006135374719282398
2012-11-25,5,c0009_0006,0.019305663274696166,0.018221917808219176,0.0010837454664769893
2012-11-25,6,c0013_0004,0.019184440881022575,0.018221917808219176,0.0009625230728033978
2012-11-25,7,c0001_0026,0.019052501433542236,0.018221917808219176,0.0008305836253230585
2012-11-25,8,c0014_0004,0.01876685016477118,0.018221917808219176,0.0005449323565520052
2012-11-25,9,c0026_0011,0.016977363351783927,0.01561917808219178,0.0013581852695921473
2012-11-25,10,c0001_0014,0.016868814438719015,0.01561917808219178,0.0012496363565272367
2012-11-25,11,c0002_0033,0.016803421798975877,0.01561917808219178,0.0011842437167840962
2012-11-25,12,c0004_0024,0.016512703187854787,0.01561917808219178,0.0008935251056630069
2012-11-25,13,c0009_0009,0.016487928229786526,0.01561917808219178,0.0008687501475947449
2012-11-25,14,c0025_0022,0.016398891048072607,0.01561917808219178,0.0007797129658808265
2012-11-25,15,c0020_0001,0.016354968860777638,0.01561917808219178,0.0007357907785858572
2012-11-25,16,c0003_0013,0.016313513665212855,0.01561917808219178,0.0006943355830210748
2012-11-25,17,c0005_0032,0.016253150136911212,0.01561917808219178,0.0006339720547194329
2012-11-25,18,c0004_0013,0.016206797796181772,0.01561917808219178,0.0005876197139899914
2012-11-25,19,c0003_0011,0.01606129941224534,0.01561917808219178,0.00044212133005356
2012-11-25,20,c0022_0021,0.016044374793675726,0.01561917808219178,0.0004251967114839464
2012-11-26,1,c0004_0033,0.02724733555170869,0.02603013698630137,0.0012171985654073209
2012-11-26,2,c0010_0002,0.024559909566822715,0.023427397260273968,0.0011325123065487478
2012-11-26,3,c0001_0009,0.02189270874419147,0.020824657534246574,0.001068051209944896
2012-11-26,4,c0001_0017,0.021431415655956416,0.020824657534246574,0.0006067581217098417
2012-11-26,5,c0009_0006,0.019293688309187117,0.018221917808219176,0.001071770500967942
2012-11-26,6,c0013_0004,0.019173805375772478,0.018221917808219176,0.0009518875675533026
2012-11-26,7,c0001_0026,0.019043323807823573,0.018221917808219176,0.0008214059996043961
2012-11-26,8,c0014_0004,0.018760828874370136,0.018221917808219176,0.00053891106615096
2012-11-26,9,c0026_0011,0.016962355933288206,0.01561917808219178,0.0013431778510964248
2012-11-26,10,c0001_0014,0.01685500644345523,0.01561917808219178,0.0012358283612634493
2012-11-26,11,c0002_0033,0.016790336366924292,0.01561917808219178,0.0011711582847325137
2012-11-26,12,c0004_0024,0.016502830083281104,0.01561917808219178,0.0008836520010893238
2012-11-26,13,c0009_0009,0.016478328878854757,0.01561917808219178,0.0008591507966629755
2012-11-26,14,c0025_0022,0.016390275523337144,0.01561917808219178,0.0007710974411453623
2012-11-26,15,c0020_0001,0.01634683865911314,0.01561917808219178,0.0007276605769213616
2012-11-26,16,c0003_0013,0.016305841527321095,0.01561917808219178,0.0006866634451293144
2012-11-26,17,c0005_0032,0.01624614499250803,0.01561917808219178,0.0006269669103162509
2012-11-26,18,c0004_0013,0.016200304827098964,0.01561917808219178,0.0005811267449071853
2012-11-26,19,c0003_0011,0.016056414143663395,0.01561917808219178,0.0004372360614716148
2012-11-26,20,c0022_0021,0.016039676535540323,0.01561917808219178,0.00042049845334854436
2012-11-27,1,c0004_0033,0.027233885981408943,0.02603013698630137,0.0012037489951075735
2012-11-27,2,c0010_0002,0.024547395746715512,0.023427397260273968,0.0011199984864415423
2012-11-27,3,c0001_0009,0.021880907194107423,0.020824657534246574,0.0010562496598608498
2012-11-27,4,c0001_0017,0.02142471121491877,0.020824657534246574,0.0006000536806721971
2012-11-27,5,c0009_0006,0.019281845662385166,0.018221917808219176,0.0010599278541659886
2012-11-27,6,c0013_0004,0.01916328738871506,0.018221917808219176,0.0009413695804958835
2012-11-27,7,c0001_0026,0.019034247591296308,0.018221917808219176,0.0008123297830771309
2012-11-27,8,c0014_0004,0.018754874116883972,0.018221917808219176,0.0005329563086647947
2012-11-27,9,c0026_0011,0.016947514340924563,0.01561917808219178,0.0013283362587327833
2012-11-27,10,c0001_0014,0.01684135102116374,0.01561917808219178,0.0012221729389719582
2012-11-27,11,c0002_0033,0.0167773955238028,0.01561917808219178,0.0011582174416110216
2012-11-27,12,c0004_0024,0.01649306607266942,0.01561917808219178,0.0008738879904776402
2012-11-27,13,c0009_0009,0.016468835597013814,0.01561917808219178,0.0008496575148220333
2012-11-27,14,c0025_0022,0.016381755196796036,0.01561917808219178,0.0007625771146042536
2012-11-27,15,c0020_0001,0.016338798293012,0.01561917808219178,0.0007196202108202206
2012-11-27,16,c0003_0013,0.016298254163566322,0.01561917808219178,0.0006790760813745414
2012-11-27,17,c0005_0032,0.016239217252223444,0.01561917808219178,0.0006200391700316641
2012-11-27,18,c0004_0013,0.01619388360279685,0.01561917808219178,0.0005747055206050709
2012-11-27,19,c0003_0011,0.016051582855397477,0.01561917808219178,0.0004324047732056949
2012-11-27,20,c0022_0021,0.016035030191328317,0.01561917808219178,0.0004158521091365352
2012-11-28,1,c0004_0033,0.027220585023625173,0.02603013698630137,0.0011904480373238029
2012-11-28,2,c0010_0002,0.024535020199448934,0.023427397260273968,0.0011076229391749673
2012-11-28,3,c0001_0009,0.021869236046557536,0.020824657534246574,0.0010445785123109604
2012-11-28,4,c0001_0017,0.021418080855344593,0.020824657534246574,0.0005934233210980203
2012-11-28,5,c0009_0006,0.019270133872220103,0.018221917808219176,0.0010482160640009255
2012-11-28,6,c0013_0004,0.019152885621320035,0.018221917808219176,0.0009309678131008604
2012-11-28,7,c0001_0026,0.019025271663428354,0.018221917808219176,0.0008033538552091761
2012-11-28,8,c0014_0004,0.018748985157149876,0.018221917808219176,0.0005270673489307005
2012-11-28,9,c0026_0011,0.016932836742378797,0.01561917808219178,0.001313658660187018
2012-11-28,10,c0001_0014,0.016827846485972596,0.01561917808219178,0.0012086684037808156
2012-11-28,11,c0002_0033,0.01676459767196001,0.01561917808219178,0.001145419589768231
2012-11-28,12,c0004_0024,0.016483409950573926,0.01561917808219178,0.0008642318683821457
2012-11-28,13,c0009_0009,0.016459447212241535,0.01561917808219178,0.000840269130049756
2012-11-28,14,c0025_0022,0.01637332901654629,0.01561917808219178,0.0007541509343545124
2012-11-28,15,c0001_0010,0.016362782291181443,0.01561917808219178,0.000743604208989661
2012-11-28,16,c0003_0013,0.016290750637227326,0.01561917808219178,0.0006715725550355441
2012-11-28,17,c0005_0032,0.016232366060772076,0.01561917808219178,0.0006131879785802948
2012-11-28,18,c0004_0013,0.016187533330523533,0.01561917808219178,0.0005683552483317511
2012-11-28,19,c0022_0021,0.016030435187411055,0.01561917808219178,0.0004112571052192752
2012-11-28,20,c0020_0018,0.014332150662348222,0.013016438356164384,0.0013157123061838364
2012-11-29,1,c0004_0033,0.02720743103624693,0.02603013698630137,0.0011772940499455607
2012-11-29,2,c0010_0002,0.02452278139716193,0.023427397260273968,0.0010953841368879624
2012-11-29,3,c0001_0009,0.021857693860644564,0.020824657534246574,0.0010330363263979904
2012-11-29,4,c0001_0017,0.021411523758662555,0.020824657534246574,0.0005868662244159794
2012-11-29,5,c0009_0006,0.019258551492777033,0.018221917808219176,0.0010366336845578584
2012-11-29,6,c0013_0004,0.019142598789405385,0.018221917808219176,0.0009206809811862074
2012-11-29,7,c0001_0026,0.019016394916069063,0.018221917808219176,0.000794477107849888
2012-11-29,8,c0014_0004,0.01874316126812831,0.018221917808219176,0.000521243459909132
2012-11-29,9,c0026_0011,0.016918321325583064,0.01561917808219178,0.001299143243391284
2012-11-29,10,c0001_0014,0.01681449117063808,0.01561917808219178,0.001195313088446301
2012-11-29,11,c0002_0033,0.016751941231397956,0.01561917808219178,0.0011327631492061769
2012-11-29,12,c0004_0024,0.016473860524868517,0.01561917808219178,0.0008546824426767368
2012-11-29,13,c0009_0009,0.01645016256546615,0.01561917808219178,0.0008309844832743717
2012-11-29,14,c0025_0022,0.01636499594230805,0.01561917808219178,0.0007458178601162702
2012-11-29,15,c0001_0010,0.016354565754152704,0.01561917808219178,0.0007353876719609243
2012-11-29,16,c0003_0013,0.016283330021933294,0.01561917808219178,0.0006641519397415154
2012-11-29,17,c0005_0032,0.016225590572319117,0.01561917808219178,0.0006064124901273359
2012-11-29,18,c0004_0013,0.016181253226286708,0.01561917808219178,0.000562075144094929
2012-11-29,19,c0022_0021,0.016025890956498274,0.01561917808219178,0.0004067128743064938
2012-11-29,20,c0020_0018,0.014317612553563694,0.013016438356164384,0.0013011741973993096
2012-11-30,1,c0004_0033,0.02719442239530845,0.02603013698630137,0.0011642854090070807
2012-11-30,2,c0010_0002,0.024510677828875706,0.023427397260273968,0.0010832805686017374
2012-11-30,3,c0001_0009,0.02184627921139263,0.020824657534246574,0.0010216216771460561
2012-11-30,4,c0001_0017,0.021405039115346212,0.020824657534246574,0.0005803815810996373
2012-11-30,5,c0009_0006,0.019247097094117864,0.018221917808219176,0.001025179285898687
2012-11-30,6,c0013_0004,0.019132425622978788,0.018221917808219176,0.0009105078147596102
2012-11-30,7,c0001_0026,0.01900761625331243,0.018221917808219176,0.0007856984450932562
2012-11-30,8,c0014_0004,0.018737401730813223,0.018221917808219176,0.000515483922594047
2012-11-30,9,c0026_0011,0.01690396629849216,0.01561917808219178,0.0012847882163003791
2012-11-30,10,c0001_0014,0.01680128342633887,0.01561917808219178,0.00118210534414709
2012-11-30,11,c0002_0033,0.01673942463957704,0.01561917808219178,0.001120246557385258
2012-11-30,12,c0004_0024,0.01646441661659962,0.01561917808219178,0.0008452385344078395
2012-11-30,13,c0009_0009,0.01644098051042318,0.01561917808219178,0.0008218024282313987
2012-11-30,14,c0025_0022,0.016356754945296127,0.01561917808219178,0.0007375768631043455
2012-11-30,15,c0001_0010,0.01634644000665949,0.01561917808219178,0.0007272619244677073
2012-11-30,16,c0003_0013,0.016275991401549464,0.01561917808219178,0.0006568133193576852
2012-11-30,17,c0005_0032,0.016218889950375907,0.01561917808219178,0.0005997118681841257
2012-11-30,18,c0004_0013,0.016175042514756897,0.01561917808219178,0.0005558644325651176
2012-11-30,19,c0022_0021,0.016021396937568037,0.01561917808219178,0.00040221885537625705
2012-11-30,20,c0020_0018,0.014303235085221638,0.013016438356164384,0.001286796729057254
2012-12-01,1,c0004_0033,0.027181557494788157,0.02603013698630137,0.0011514205084867859
2012-12-01,2,c0010_0002,0.0244987080003072,0.023427397260273968,0.0010713107400332298
2012-12-01,3,c0001_0009,0.021834990689571277,0.020824657534246574,0.0010103331553247023
2012-12-01,4,c0001_0017,0.021398626124814083,0.020824657534246574,0.0005739685905675084
2012-12-01,5,c0009_0006,0.019235769262104747,0.018221917808219176,0.001013851453885572
2012-12-01,6,c0013_0004,0.019122364866080852,0.018221917808219176,0.0009004470578616749
2012-12-01,7,c0001_0026,0.01899893459136178,0.018221917808219176,0.0007770167831426053
2012-12-01,8,c0014_0004,0.018731705834143318,0.018221917808219176,0.0005097880259241409
2012-12-01,9,c0026_0011,0.016889769888862285,0.01561917808219178,0.001270591806670504
2012-12-01,10,c0001_0014,0.016788221622472472,0.01561917808219178,0.0011690435402806904
2012-12-01,11,c0002_0033,0.01672704635122311,0.01561917808219178,0.0011078682690313273
2012-12-01,12,c0004_0024,0.016455077059840638,0.01561917808219178,0.0008358989776488572
2012-12-01,13,c0009_0009,0.016431899913513914,0.01561917808219178,0.0008127218313221324
2012-12-01,14,c0025_0022,0.016348605008093015,0.01561917808219178,0.0007294269259012326
2012-12-01,15,c0001_0010,0.016338404045512768,0.01561917808219178,0.0007192259633209863
2012-12-01,16,c0003_0013,0.016268733870063997,0.01561917808219178,0.0006495557878722163
2012-12-01,17,c0005_0032,0.016212263367696655,0.01561917808219178,0.0005930852855048765
2012-12-01,18,c0004_0013,0.016168900429171698,0.01561917808219178,0.0005497223469799183
2012-12-01,19,c0022_0021,0.016016952575797487,0.01561917808219178,0.00039777449360570534
2012-12-01,20,c0020_0018,0.014289016482307702,0.013016438356164384,0.0012725781261433173
2012-12-02,1,c0004_0033,0.02716883474641038,0.02603013698630137,0.0011386977601090128
2012-12-02,2,c0010_0002,0.02448687043368459,0.023427397260273968,0.0010594731734106227
2012-12-02,3,c0001_0009,0.021823826901521494,0.020824657534246574,0.000999169367274921
2012-12-02,4,c0001_0017,0.021392283995330795,0.020824657534246574,0.0005676264610842214
2012-12-02,5,c0009_0006,0.019224566598225523,0.018221917808219176,0.0010026487900063456
2012-12-02,6,c0013_0004,0.019112415276630046,0.018221917808219176,0.0008904974684108705
2012-12-02,7,c0001_0026,0.018990348858395966,0.018221917808219176,0.0007684310501767906
2012-12-02,8,c0014_0004,0.018726072874914235,0.018221917808219176,0.0005041550666950594
2012-12-02,9,c0026_0011,0.016875730344032242,0.01561917808219178,0.001256552261840463
2012-12-02,10,c0001_0014,0.016775304146453913,0.01561917808219178,0.001156126064262134
2012-12-02,11,c0002_0033,0.016714804838136695,0.01561917808219178,0.0010956267559449147
2012-12-02,12,c0004_0024,0.01644584070154801,0.01561917808219178,0.0008266626193562291
2012-12-02,13,c0009_0009,0.016422919653665474,0.01561917808219178,0.0008037415714736924
2012-12-02,14,c0025_0022,0.01634054512452327,0.01561917808219178,0.0007213670423314929
2012-12-02,15,c0001_0010,0.016330456878608367,0.01561917808219178,0.0007112787964165858
2012-12-02,16,c0003_0013,0.01626155653147613,0.01561917808219178,0.0006423784492843487
2012-12-02,17,c0005_0032,0.016205710006176325,0.01561917808219178,0.0005865319239845446
2012-12-02,18,c0004_0013,0.01616282621124114,0.01561917808219178,0.0005436481290493589
2012-12-02,19,c0022_0021,0.016012557322494337,0.01561917808219178,0.00039337924030255505
2012-12-02,20,c0020_0018,0.014274954989420748,0.013016438356164384,0.001258516633256364
2012-12-03,1,c0004_0033,0.027156252579449296,0.02603013698630137,0.0011261155931479255
2012-12-03,2,c0010_0002,0.02447516366756487,0.023427397260273968,0.0010477664072909025
2012-12-03,3,c0001_0009,0.02181278646898367,0.020824657534246574,0.0009881289347370952
2012-12-03,4,c0001_0017,0.021386011943909346,0.020824657534246574,0.0005613544096627721
2012-12-03,5,c0009_0006,0.01921348771942103,0.018221917808219176,0.0009915699112018556
2012-12-03,6,c0013_0004,0.01910257562626936,0.018221917808219176,0.0008806578180501827
2012-12-03,7,c0001_0026,0.01898185799443705,0.018221917808219176,0.0007599401862178746
2012-12-03,8,c0014_0004,0.01872050215769176,0.018221917808219176,0.0004985843494725823
2012-12-03,9,c0026_0011,0.016861845930707064,0.01561917808219178,0.0012426678485152843
2012-12-03,10,c0001_0014,0.016762529403516666,0.01561917808219178,0.0011433513213248874
2012-12-03,11,c0002_0033,0.01670269858900434,0.01561917808219178,0.0010835205068125606
2012-12-03,12,c0004_0024,0.016436706401418855,0.01561917808219178,0.0008175283192270762
2012-12-03,13,c0009_0009,0.016414038622192397,0.01561917808219178,0.0007948605400006169
2012-12-03,14,c0025_0022,0.016332574299529317,0.01561917808219178,0.0007133962173375354
2012-12-03,15,c0001_0010,0.016322597524804475,0.01561917808219178,0.0007034194426126951
2012-12-03,16,c0003_0013,0.016254458499685563,0.01561917808219178,0.0006352804174937827
2012-12-03,17,c0005_0032,0.016199229056749608,0.01561917808219178,0.0005800509745578287
2012-12-03,18,c0004_0013,0.016156819111054058,0.01561917808219178,0.0005376410288622759
2012-12-03,19,c0022_0021,0.01600821063502914,0.01561917808219178,0.00038903255283735926
2012-12-03,20,c0020_0018,0.014261048870556143,0.013016438356164384,0.0012446105143917576
2012-12-04,1,c0004_0033,0.027143809440534968,0.02603013698630137,0.0011136724542335974
2012-12-04,2,c0010_0002,0.024463586256653402,0.023427397260273968,0.0010361889963794327
2012-12-04,3,c0001_0009,0.021801868028927415,0.020824657534246574,0.000977210494680839
2012-12-04,4,c0001_0017,0.021379809196214433,0.020824657534246574,0.0005551516619678585
2012-12-04,5,c0009_0006,0.019202531257914393,0.018221917808219176,0.0009806134496952153
2012-12-04,6,c0013_0004,0.01909284470021464,0.018221917808219176,0.0008709268919954643
2012-12-04,7,c0001_0026,0.018973460951219438,0.018221917808219176,0.0007515431430002629
2012-12-04,8,c0014_0004,0.018714992994725944,0.018221917808219176,0.0004930751865067673
2012-12-04,9,c0026_0011,0.016848114934744012,0.01561917808219178,0.0012289368525522314
2012-12-04,10,c0001_0014,0.016749895816515748,0.01561917808219178,0.001130717734323968
2012-12-04,11,c0002_0033,0.01669072610921201,0.01561917808219178,0.0010715480270202297
2012-12-04,12,c0004_0024,0.016427673031750203,0.01561917808219178,0.0008084949495584232
2012-12-04,13,c0009_0009,0.01640525572265977,0.01561917808219178,0.0007860776404679874
2012-12-04,14,c0025_0022,0.01632469154904855,0.01561917808219178,0.0007055134668567673
2012-12-04,15,c0001_0010,0.016314825013800518,0.01561917808219178,0.0006956469316087387
2012-12-04,16,c0003_0013,0.016247438898383062,0.01561917808219178,0.0006282608161912818
2012-12-04,17,c0005_0032,0.016192819719291065,0.01561917808219178,0.0005736416370992838
2012-12-04,18,c0004_0013,0.016150878386985514,0.01561917808219178,0.0005317003047937326
2012-12-04,19,c0022_0021,0.016003911976768294,0.01561917808219178,0.00038473389457651487
2012-12-04,20,c0020_0018,0.014247296408891422,0.013016438356164384,0.0012308580527270376
2012-12-05,1,c0004_0033,0.027131503793461603,0.02603013698630137,0.0011013668071602342
2012-12-05,2,c0010_0002,0.024452136771625485,0.023427397260273968,0.0010247395113515186
2012-12-05,3,c0001_0009,0.021791070233383295,0.020824657534246574,0.0009664126991367223
2012-12-05,4,c0001_0017,0.021373674986466855,0.020824657534246574,0.0005490174522202818
2012-12-05,5,c0009_0006,0.019191695861042114,0.018221917808219176,0.0009697780528229391
2012-12-05,6,c0001_0026,0.018965156692060465,0.018221917808219176,0.0007432388838412883
2012-12-05,7,c0014_0004,0.018709544705866218,0.018221917808219176,0.0004876268976470408
2012-12-05,8,c0026_0011,0.01683453566094096,0.01561917808219178,0.0012153575787491773
2012-12-05,9,c0012_0002,0.01677636702696539,0.01561917808219178,0.0011571889447736065
2012-12-05,10,c0001_0014,0.016737401825733012,0.01561917808219178,0.0011182237435412305
2012-12-05,11,c0002_0033,0.016678885920660573,0.01561917808219178,0.001059707838468791
2012-12-05,12,c0013_0004,0.016471246733577496,0.01561917808219178,0.0008520686513857162
2012-12-05,13,c0004_0024,0.016418739477299753,0.01561917808219178,0.0007995613951079727
2012-12-05,14,c0009_0009,0.016396569870747845,0.01561917808219178,0.0007773917885560643
2012-12-05,15,c0025_0022,0.016316895899891885,0.01561917808219178,0.0006977178177001048
2012-12-05,16,c0001_0010,0.016307138386017366,0.01561917808219178,0.0006879603038255849
2012-12-05,17,c0003_0013,0.016240496860942265,0.01561917808219178,0.0006213187787504858
2012-12-05,18,c0005_0032,0.01618648120251632,0.01561917808219178,0.0005673031203245397
2012-12-05,19,c0004_0013,0.01614500330560524,0.01561917808219178,0.0005258252234134592
2012-12-05,20,c0022_0021,0.01599966081700779,0.01561917808219178,0.0003804827348160113
2012-12-06,1,c0004_0033,0.027119334118997886,0.02603013698630137,0.001089197132696518
2012-12-06,2,c0010_0002,0.024440813798949915,0.023427397260273968,0.001013416538675948
2012-12-06,3,c0001_0009,0.021780391749276425,0.020824657534246574,0.000955734215029852
2012-12-06,4,c0001_0017,0.02136760855734898,0.020824657534246574,0.0005429510231024051
2012-12-06,5,c0009_0006,0.019180980191087126,0.018221917808219176,0.0009590623828679478
2012-12-06,6,c0001_0026,0.018956944191732397,0.018221917808219176,0.0007350263835132224
2012-12-06,7,c0014_0004,0.018704156618477404,0.018221917808219176,0.0004822388102582287
2012-12-06,8,c0026_0011,0.0168211064328271,0.01561917808219178,0.0012019283506353178
2012-12-06,9,c0012_0002,0.01676358053961226,0.01561917808219178,0.0011444024574204814
2012-12-06,10,c0001_0014,0.01672504588868459,0.01561917808219178,0.0011058678064928072
2012-12-06,11,c0002_0033,0.016667176561583313,0.01561917808219178,0.001047998479391532
2012-12-06,12,c0013_0004,0.016461831706684832,0.01561917808219178,0.0008426536244930515
2012-12-06,13,c0004_0024,0.0164099046351482,0.01561917808219178,0.0007907265529564213
2012-12-06,14,c0009_0009,0.016387979994118198,0.01561917808219178,0.0007688019119264183
2012-12-06,15,c0025_0022,0.016309186389623604,0.01561917808219178,0.0006900083074318246
2012-12-06,16,c0001_0010,0.01629953669247886,0.01561917808219178,0.0006803586102870773
2012-12-06,17,c0003_0013,0.0162336315303127,0.01561917808219178,0.0006144534481209174
2012-12-06,18,c0005_0032,0.01618021272388439,0.01561917808219178,0.0005610346416926106
2012-12-06,19,c0004_0013,0.016139193141587085,0.01561917808219178,0.0005200150593953042
2012-12-06,20,c0022_0021,0.015995456630907692,0.01561917808219178,0.00037627854871591067
2012-12-07,1,c0004_0033,0.027107298914699415,0.02603013698630137,0.0010771619283980456
2012-12-07,2,c0010_0002,0.024429615940714446,0.023427397260273968,0.001002218680440478
2012-12-07,3,c0001_0009,0.021769831258261867,0.020824657534246574,0.0009451737240152934
2012-12-07,4,c0001_0017,0.02136160915991123,0.020824657534246574,0.0005369516256646569
2012-12-07,5,c0009_0006,0.01917038292511359,0.018221917808219176,0.0009484651168944139
2012-12-07,6,c0001_0026,0.01894882243633588,0.018221917808219176,0.0007269046281167051
2012-12-07,7,c0014_0004,0.01869882806735669,0.018221917808219176,0.0004769102591375133
2012-12-07,8,c0026_0011,0.01680782559245598,0.01561917808219178,0.0011886475102641995
2012-12-07,9,c0012_0002,0.016750935337966687,0.01561917808219178,0.0011317572557749066
2012-12-07,10,c0001_0014,0.016712826479930457,0.01561917808219178,0.0010936483977386777
2012-12-07,11,c0002_0033,0.016655596586365475,0.01561917808219178,0.0010364185041736942
2012-12-07,12,c0013_0004,0.016452520712174117,0.01561917808219178,0.0008333426299823379
2012-12-07,13,c0004_0024,0.016401167414563076,0.01561917808219178,0.0007819893323712944
2012-12-07,14,c0009_0009,0.016379485032281323,0.01561917808219178,0.0007603069500895434
2012-12-07,15,c0025_0022,0.016301562066442524,0.01561917808219178,0.0006823839842507434
2012-12-07,16,c0001_0010,0.01629201899469466,0.01561917808219178,0.0006728409125028771
2012-12-07,17,c0003_0013,0.016226842058913955,0.01561917808219178,0.0006076639767221741
2012-12-07,18,c0005_0032,0.016174013509501064,0.01561917808219178,0.0005548354273092835
2012-12-07,19,c0004_0013,0.01613344717761947,0.01561917808219178,0.0005142690954276884
2012-12-07,20,c0022_0021,0.015991298899427332,0.01561917808219178,0.00037212081723555194
2012-12-08,1,c0004_0033,0.027095396694723207,0.02603013698630137,0.001065259708421839
2012-12-08,2,c0010_0002,0.02441854181445322,0.023427397260273968,0.000991144554179252
2012-12-08,3,c0001_0009,0.021759387456561884,0.020824657534246574,0.0009347299223153104
2012-12-08,4,c0001_0017,0.02135567605347964,0.020824657534246574,0.0005310185192330669
2012-12-08,5,c0009_0006,0.01915990275480361,0.018221917808219176,0.0009379849465844363
2012-12-08,6,c0001_0026,0.018940790423174744,0.018221917808219176,0.0007188726149555693
2012-12-08,7,c0014_0004,0.018693558394651484,0.018221917808219176,0.0004716405864323091
2012-12-08,8,c0009_0009,0.016921734433541308,0.01561917808219178,0.0013025563513495279
2012-12-08,9,c0026_0011,0.016794691500200812,0.01561917808219178,0.0011755134180090315
2012-12-08,10,c0012_0002,0.016738429860876595,0.01561917808219178,0.0011192517786848153
2012-12-08,11,c0001_0014,0.01670074209088612,0.01561917808219178,0.0010815640086943399
2012-12-08,12,c0002_0033,0.01664414456536578,0.01561917808219178,0.0010249664831739995
2012-12-08,13,c0013_0004,0.016443312600528035,0.01561917808219178,0.0008241345183362541
2012-12-08,14,c0004_0024,0.016392526736864067,0.01561917808219178,0.0007733486546722859
2012-12-08,15,c0025_0022,0.016294021989064492,0.01561917808219178,0.0006748439068727103
2012-12-08,16,c0001_0010,0.01628458436454438,0.01561917808219178,0.0006654062823525982
2012-12-08,17,c0003_0013,0.016220127608531067,0.01561917808219178,0.0006009495263392869
2012-12-08,18,c0005_0032,0.016167882794023355,0.01561917808219178,0.0005487047118315756
2012-12-08,19,c0004_0013,0.016127764704316826,0.01561917808219178,0.0005085866221250457
2012-12-08,20,c0022_0021,0.015987187109261253,0.01561917808219178,0.0003680090270694716
2012-12-09,1,c0004_0033,0.027083625989644276,0.02603013698630137,0.0010534890033429079
2012-12-09,2,c0010_0002,0.024407590052976092,0.023427397260273968,0.0009801927927021224
2012-12-09,3,c0001_0009,0.021749059054804978,0.020824657534246574,0.000924401520558404
2012-12-09,4,c0001_0017,0.021349808505564397,0.020824657534246574,0.0005251509713178238
2012-12-09,5,c0009_0006,0.019149538386295694,0.018221917808219176,0.0009276205780765173
2012-12-09,6,c0001_0026,0.018932847160632225,0.018221917808219176,0.0007109293524130502
2012-12-09,7,c0014_0004,0.018688346949778223,0.018221917808219176,0.0004664291415590459
2012-12-09,8,c0009_0009,0.016907341692936166,0.01561917808219178,0.0012881636107443866
2012-12-09,9,c0026_0011,0.01678170253455204,0.01561917808219178,0.0011625244523602609
2012-12-09,10,c0012_0002,0.016726062564440043,0.01561917808219178,0.001106884482248263
2012-12-09,11,c0001_0014,0.016688791229636343,0.01561917808219178,0.0010696131474445625
2012-12-09,12,c0002_0033,0.01663281908473993,0.01561917808219178,0.0010136410025481492
2012-12-09,13,c0013_0004,0.016434206234930977,0.01561917808219178,0.0008150281527391978
2012-12-09,14,c0004_0024,0.016383981535289867,0.01561917808219178,0.0007648034530980882
2012-12-09,15,c0025_0022,0.016286565226606178,0.01561917808219178,0.0006673871444143984
2012-12-09,16,c0001_0010,0.016277231884163003,0.01561917808219178,0.0006580538019712235
2012-12-09,17,c0003_0013,0.016213487350211015,0.01561917808219178,0.0005943092680192359
2012-12-09,18,c0005_0032,0.016161819820565027,0.01561917808219178,0.0005426417383732462
2012-12-09,19,c0004_0013,0.016122145020132025,0.01561917808219178,0.0005029669379402448
2012-12-09,20,c0022_0021,0.01598312075277581,0.01561917808219178,0.0003639426705840316
2012-12-10,1,c0004_0033,0.027071985346274204,0.02603013698630137,0.001041848359972835
2012-12-10,2,c0010_0002,0.02439675930419983,0.023427397260273968,0.0009693620439258609
2012-12-10,3,c0001_0009,0.021738844777866702,0.020824657534246574,0.0009141872436201276
2012-12-10,4,c0001_0017,0.021344005791769417,0.020824657534246574,0.0005193482575228432
2012-12-10,5,c0009_0006,0.019139288540025,0.018221917808219176,0.000917370731805825
2012-12-10,6,c0001_0026,0.01892499166804854,0.018221917808219176,0.0007030738598293621
2012-12-10,7,c0014_0004,0.018683193089342024,0.018221917808219176,0.00046127528112284834
2012-12-10,8,c0009_0009,0.016893107986511707,0.01561917808219178,0.0012739299043199258
2012-12-10,9,c0026_0011,0.016768857091917163,0.01561917808219178,0.001149679009725384
2012-12-10,10,c0012_0002,0.016713831921814602,0.01561917808219178,0.0010946538396228213
2012-12-10,11,c0001_0014,0.016676972420750977,0.01561917808219178,0.0010577943385591975
2012-12-10,12,c0002_0033,0.016621618746266054,0.01561917808219178,0.0010024406640742737
2012-12-10,13,c0013_0004,0.016425200491128715,0.01561917808219178,0.0008060224089369361
2012-12-10,14,c0004_0024,0.01637553075486647,0.01561917808219178,0.0007563526726746905
2012-12-10,15,c0025_0022,0.01627919085847016,0.01561917808219178,0.0006600127762783785
2012-12-10,16,c0001_0010,0.01626996064582757,0.01561917808219178,0.0006507825636357872
2012-12-10,17,c0003_0013,0.01620692046416039,0.01561917808219178,0.0005877423819686094
2012-12-10,18,c0005_0032,0.016155823840603132,0.01561917808219178,0.0005366457584113526
2012-12-10,19,c0004_0013,0.016116587431269758,0.01561917808219178,0.0004974093490779771
2012-12-10,20,c0022_0021,0.015979099327946528,0.01561917808219178,0.0003599212457547478
2012-12-11,1,c0004_0033,0.027060473327481738,0.02603013698630137,0.0010303363411803695
2012-12-11,2,c0010_0002,0.0243860482309812,0.023427397260273968,0.0009586509707072323
2012-12-11,3,c0001_0009,0.021728743364712238,0.020824657534246574,0.0009040858304656628
2012-12-11,4,c0001_0017,0.02133826719570291,0.020824657534246574,0.000513609661456336
2012-12-11,5,c0009_0006,0.019129151950565398,0.018221917808219176,0.000907234142346221
2012-12-11,6,c0001_0026,0.018917222975599803,0.018221917808219176,0.0006953051673806281
2012-12-11,7,c0014_0004,0.01867809617705728,0.018221917808219176,0.0004561783688381044
2012-12-11,8,c0009_0009,0.01687903155700214,0.01561917808219178,0.00125985347481036
2012-12-11,9,c0026_0011,0.01675615358642275,0.01561917808219178,0.0011369755042309694
2012-12-11,10,c0012_0002,0.016701736423028857,0.01561917808219178,0.001082558340837076
2012-12-11,11,c0001_0014,0.016665284205102805,0.01561917808219178,0.0010461061229110253
2012-12-11,12,c0002_0033,0.01661054216717209,0.01561917808219178,0.0009913640849803112
2012-12-11,13,c0013_0004,0.016416294257289587,0.01561917808219178,0.000797116175097808
2012-12-11,14,c0004_0024,0.016367173352276915,0.01561917808219178,0.0007479952700851337
2012-12-11,15,c0025_0022,0.016271897974231245,0.01561917808219178,0.0006527198920394647
2012-12-11,16,c0001_0010,0.01626276975184509,0.01561917808219178,0.0006435916696533085
2012-12-11,17,c0003_0013,0.016200426139644175,0.01561917808219178,0.0005812480574523936
2012-12-11,18,c0005_0032,0.01614989411388562,0.01561917808219178,0.0005307160316938393
2012-12-11,19,c0004_0013,0.016111091251600883,0.01561917808219178,0.000491913169409102
2012-12-11,20,c0022_0021,0.01597512233829609,0.01561917808219178,0.00035594425610431133
2012-12-12,1,c0004_0033,0.02704908851201537,0.02603013698630137,0.0010189515257140022
2012-12-12,2,c0010_0002,0.024375455510951882,0.023427397260273968,0.0009480582506779141
2012-12-12,3,c0001_0009,0.021718753568240712,0.020824657534246574,0.0008940960339941365
2012-12-12,4,c0001_0017,0.021332592008888936,0.020824657534246574,0.0005079344746423631
2012-12-12,5,c0009_0009,0.019467850392586184,0.018221917808219176,0.0012459325843670065
2012-12-12,6,c0025_0022,0.0194186285237828,0.018221917808219176,0.0011967107155636226
2012-12-12,7,c0009_0006,0.01911912736647321,0.018221917808219176,0.0008972095582540329
2012-12-12,8,c0001_0026,0.018909540124178323,0.018221917808219176,0.0006876223159591482
2012-12-12,9,c0014_0004,0.018673055583669086,0.018221917808219176,0.0004511377754499099
2012-12-12,10,c0026_0011,0.01674359044971865,0.01561917808219178,0.0011244123675268711
2012-12-12,11,c0012_0002,0.01668977457479599,0.01561917808219178,0.0010705964926042088
2012-12-12,12,c0001_0014,0.016653725139687395,0.01561917808219178,0.0010345470574956146
2012-12-12,13,c0002_0033,0.016599587979965073,0.01561917808219178,0.000980409897773292
2012-12-12,14,c0013_0004,0.01640748643386724,0.01561917808219178,0.0007883083516754595
2012-12-12,15,c0004_0024,0.016358908295732486,0.01561917808219178,0.0007397302135407052
2012-12-12,16,c0001_0010,0.016255658314441746,0.01561917808219178,0.000636480232249965
2012-12-12,17,c0003_0013,0.016194003574885662,0.01561917808219178,0.0005748254926938809
2012-12-12,18,c0005_0032,0.01614402990833993,0.01561917808219178,0.0005248518261481479
2012-12-12,19,c0004_0013,0.01610565580257772,0.01561917808219178,0.00048647772038593864
2012-12-12,20,c0022_0021,0.015971189292833074,0.01561917808219178,0.0003520112106412943
2012-12-13,1,c0004_0033,0.02703782949432787,0.02603013698630137,0.0010076925080264988
2012-12-13,2,c0010_0002,0.024364979836355206,0.023427397260273968,0.0009375825760812381
2012-12-13,3,c0001_0009,0.0222585482841606,0.020824657534246574,0.001433890749914026
2012-12-13,4,c0001_0017,0.021326979530679944,0.020824657534246574,0.0005023219964333689
2012-12-13,5,c0009_0009,0.01945408332256291,0.018221917808219176,0.0012321655143437337
2012-12-13,6,c0025_0022,0.01940540533624803,0.018221917808219176,0.0011834875280288533
2012-12-13,7,c0009_0006,0.01910921355013273,0.018221917808219176,0.0008872957419135539
2012-12-13,8,c0001_0026,0.018901942165274164,0.018221917808219176,0.0006800243570549882
2012-12-13,9,c0014_0004,0.01866807068687556,0.018221917808219176,0.0004461528786563826
2012-12-13,10,c0026_0011,0.016731166130784382,0.01561917808219178,0.0011119880485926
2012-12-13,11,c0012_0002,0.01667794490032942,0.01561917808219178,0.00105876681813764
2012-12-13,12,c0001_0014,0.01664229379744495,0.01561917808219178,0.0010231157152531698
2012-12-13,13,c0002_0033,0.01658875483226229,0.01561917808219178,0.0009695767500705117
2012-12-13,14,c0013_0004,0.016398775933464876,0.01561917808219178,0.000779597851273096
2012-12-13,15,c0004_0024,0.016350734564845336,0.01561917808219178,0.0007315564826535567
2012-12-13,16,c0001_0010,0.016248625455653268,0.01561917808219178,0.0006294473734614888
2012-12-13,17,c0003_0013,0.016187651976967466,0.01561917808219178,0.0005684738947756842
2012-12-13,18,c0005_0032,0.016138230499982618,0.01561917808219178,0.0005190524177908369
2012-12-13,19,c0004_0013,0.016100280413150276,0.01561917808219178,0.0004811023309584939
2012-12-13,20,c0022_0021,0.015967299705991315,0.01561917808219178,0.0003481216237995328
2012-12-14,1,c0004_0033,0.027026694884402742,0.02603013698630137,0.0009965578981013749
2012-12-14,2,c0010_0002,0.02435461991388471,0.023427397260273968,0.000927222653610739
2012-12-14,3,c0001_0009,0.022242704349579003,0.020824657534246574,0.0014180468153324303
2012-12-14,4,c0001_0017,0.021321429068170254,0.020824657534246574,0.0004967715339236806
2012-12-14,5,c0009_0009,0.01944046837330396,0.018221917808219176,0.0012185505650847816
2012-12-14,6,c0025_0022,0.019392328259787813,0.018221917808219176,0.0011704104515686362
2012-12-14,7,c0009_0006,0.019099409277603424,0.018221917808219176,0.0008774914693842489
2012-12-14,8,c0001_0026,0.018894428160858057,0.018221917808219176,0.0006725103526388798
2012-12-14,9,c0014_0004,0.01866314087125101,0.018221917808219176,0.00044122306303183363
2012-12-14,10,c0026_0011,0.01671887909573762,0.01561917808219178,0.0010997010135458407
2012-12-14,11,c0012_0002,0.01666624593916049,0.01561917808219178,0.0010470678569687066
2012-12-14,12,c0001_0014,0.01663098876708413,0.01561917808219178,0.0010118106848923522
2012-12-14,13,c0002_0033,0.01657804138662435,0.01561917808219178,0.0009588633044325686
2012-12-14,14,c0013_0004,0.016390161680701013,0.01561917808219178,0.0007709835985092336
2012-12-14,15,c0004_0024,0.01634265115050251,0.01561917808219178,0.0007234730683107275
2012-12-14,16,c0001_0010,0.016241670307216557,0.01561917808219178,0.0006224922250247764
2012-12-14,17,c0003_0013,0.016181370561733625,0.01561917808219178,0.0005621924795418451
2012-12-14,18,c0005_0032,0.01613249517282998,0.01561917808219178,0.0005133170906381998
2012-12-14,19,c0004_0013,0.016094964419683395,0.01561917808219178,0.0004757863374916161
2012-12-14,20,c0022_0021,0.01596345309756996,0.01561917808219178,0.0003442750153781804
2012-12-15,1,c0004_0033,0.027015683307582656,0.02603013698630137,0.0009855463212812877
2012-12-15,2,c0010_0002,0.024344374464524452,0.023427397260273968,0.0009169772042504841
2012-12-15,3,c0001_0009,0.022227035484306587,0.020824657534246574,0.0014023779500600135
2012-12-15,4,c0001_0017,0.021315939936110535,0.020824657534246574,0.0004912824018639628
2012-12-15,5,c0025_0022,0.019927925846566802,0.018221917808219176,0.0017060080383476267
2012-12-15,6,c0009_0009,0.0194270038639341,0.018221917808219176,0.0012050860557149237
2012-12-15,7,c0009_0006,0.019089713338468824,0.018221917808219176,0.0008677955302496491
2012-12-15,8,c0001_0026,0.01888699718326559,0.018221917808219176,0.0006650793750464131
2012-12-15,9,c0014_0004,0.018658265528169966,0.018221917808219176,0.0004363477199507888
2012-12-15,10,c0026_0011,0.01670672782764486,0.01561917808219178,0.0010875497454530803
2012-12-15,11,c0012_0002,0.016654676246958135,0.01561917808219178,0.0010354981647663554
2012-12-15,12,c0001_0014,0.01661980865290782,0.01561917808219178,0.0010006305707160419
2012-12-15,13,c0002_0033,0.016567446320390027,0.01561917808219178,0.0009482682381982455
2012-12-15,14,c0013_0004,0.016381642612076718,0.01561917808219178,0.0007624645298849359
2012-12-15,15,c0004_0024,0.016334657054741342,0.01561917808219178,0.0007154789725495624
2012-12-15,16,c0001_0010,0.016234792010462473,0.01561917808219178,0.0006156139282706925
2012-12-15,17,c0003_0013,0.016175158553692805,0.01561917808219178,0.0005559804715010234
2012-12-15,18,c0005_0032,0.016126823218809653,0.01561917808219178,0.0005076451366178712
2012-12-15,19,c0004_0013,0.016089707165874843,0.01561917808219178,0.0004705290836830632
2012-12-15,20,c0022_0021,0.015959648992674203,0.01561917808219178,0.0003404709104824226
2012-12-16,1,c0004_0033,0.027004793404399693,0.02603013698630137,0.0009746564180983225
2012-12-16,2,c0010_0002,0.024334242223391138,0.023427397260273968,0.0009068449631171689
2012-12-16,3,c0001_0009,0.022211539753895636,0.020824657534246574,0.0013868822196490631
2012-12-16,4,c0001_0017,0.021310511456823195,0.020824657534246574,0.0004858539225766192
2012-12-16,5,c0025_0022,0.01990907512188162,0.018221917808219176,0.0016871573136624464
2012-12-16,6,c0009_0009,0.01941368813215113,0.018221917808219176,0.0011917703239319513
2012-12-16,7,c0009_0006,0.019080124535687092,0.018221917808219176,0.0008582067274679161
2012-12-16,8,c0001_0026,0.018879648315082685,0.018221917808219176,0.0006577305068635089
2012-12-16,9,c0014_0004,0.018653444055732025,0.018221917808219176,0.0004315262475128479
2012-12-16,10,c0026_0011,0.01669471082633411,0.01561917808219178,0.00107553274414233
2012-12-16,11,c0012_0002,0.01664323439535061,0.01561917808219178,0.0010240563131588293
2012-12-16,12,c0001_0014,0.01660875207464081,0.01561917808219178,0.0009895739924490293
2012-12-16,13,c0002_0033,0.016556968325512997,0.01561917808219178,0.0009377902433212168
2012-12-16,14,c0013_0004,0.016373217675844296,0.01561917808219178,0.0007540395936525148
2012-12-16,15,c0004_0024,0.016326751290626287,0.01561917808219178,0.0007075732084345054
2012-12-16,16,c0001_0010,0.016227989716209843,0.01561917808219178,0.000608811634018062
2012-12-16,17,c0003_0013,0.016169015185922536,0.01561917808219178,0.0005498371037307555
2012-12-16,18,c0005_0032,0.01612121393767319,0.01561917808219178,0.0005020358554814102
2012-12-16,19,c0004_0013,0.016084508002674257,0.01561917808219178,0.0004653299204824779
2012-12-16,20,c0022_0021,0.01595588692165663,0.01561917808219178,0.000336708839464848
2012-12-17,1,c0004_0033,0.026994023830407526,0.02603013698630137,0.000963886844106156
2012-12-17,2,c0010_0002,0.024324221939577926,0.023427397260273968,0.0008968246793039567
2012-12-17,3,c0001_0009,0.022196215245273335,0.020824657534246574,0.00137155771102676
2012-12-17,4,c0001_0017,0.021305142960118702,0.020824657534246574,0.00048048542587212685
2012-12-17,5,c0009_0009,0.019950384555261668,0.018221917808219176,0.0017284667470424905
2012-12-17,6,c0025_0022,0.01989043269036574,0.018221917808219176,0.0016685148821465644
2012-12-17,7,c0009_0006,0.019070641685443236,0.018221917808219176,0.0008487238772240587
2012-12-17,8,c0001_0026,0.018872380649032332,0.018221917808219176,0.000650462840813156
2012-12-17,9,c0014_0004,0.01864867585868755,0.018221917808219176,0.0004267580504683764
2012-12-17,10,c0026_0011,0.0166828266082097,0.01561917808219178,0.0010636485260179177
2012-12-17,11,c0012_0002,0.016631918971749104,0.01561917808219178,0.0010127408895573232
2012-12-17,12,c0001_0014,0.016597817667259387,0.01561917808219178,0.0009786395850676084
2012-12-17,13,c0002_0033,0.01654660610840034,0.01561917808219178,0.0009274280262085593
2012-12-17,14,c0013_0004,0.016364885831877465,0.01561917808219178,0.0007457077496856856
2012-12-17,15,c0004_0024,0.016318932882127032,0.01561917808219178,0.0006997547999352537
2012-12-17,16,c0001_0010,0.016221262584660612,0.01561917808219178,0.0006020845024688313
2012-12-17,17,c0003_0013,0.016162939699974555,0.01561917808219178,0.0005437616177827734
2012-12-17,18,c0005_0032,0.01611566663690963,0.01561917808219178,0.0004964885547178479
2012-12-17,19,c0004_0013,0.016079366288203036,0.01561917808219178,0.0004601882060112565
2012-12-17,20,c0022_0021,0.015952166420059248,0.01561917808219178,0.0003329883378674662
2012-12-18,1,c0004_0033,0.026983373256015443,0.02603013698630137,0.0009532362697140734
2012-12-18,2,c0010_0002,0.024314312376000013,0.023427397260273968,0.0008869151157260452
2012-12-18,3,c0001_0009,0.02218106006650557,0.020824657534246574,0.0013564025322589954
2012-12-18,4,c0001_0017,0.02129983378321287,0.020824657534246574,0.0004751762489662959
2012-12-18,5,c0009_0009,0.019931285670588446,0.018221917808219176,0.0017093678623692709
2012-12-18,6,c0025_0022,0.019871996250460724,0.018221917808219176,0.0016500784422415478
2012-12-18,7,c0009_0006,0.019061263617002958,0.018221917808219176,0.00083934580878378
2012-12-18,8,c0001_0026,0.018865193287862576,0.018221917808219176,0.0006432754796434012
2012-12-18,9,c0014_0004,0.018643960348364193,0.018221917808219176,0.00042204254014501625
2012-12-18,10,c0026_0011,0.016671073706069107,0.01561917808219178,0.0010518956238773265
2012-12-18,11,c0012_0002,0.016620728579173367,0.01561917808219178,0.001001550496981588
2012-12-18,12,c0001_0014,0.016587004080822833,0.01561917808219178,0.0009678259986310541
2012-12-18,13,c0002_0033,0.016536358389752828,0.01561917808219178,0.0009171803075610489
2012-12-18,14,c0013_0004,0.016356646051542936,0.01561917808219178,0.0007374679693511536
2012-12-18,15,c0004_0024,0.01631120086399804,0.01561917808219178,0.0006920227818062601
2012-12-18,16,c0001_0010,0.01621460978529617,0.01561917808219178,0.0005954317031043884
2012-12-18,17,c0003_0013,0.016156931345781146,0.01561917808219178,0.0005377532635893669
2012-12-18,18,c0005_0032,0.016110180631659973,0.01561917808219178,0.0004910025494681926
2012-12-18,19,c0004_0013,0.016074281387675086,0.01561917808219178,0.0004551033054833039
2012-12-18,20,c0022_0021,0.015948487028556148,0.01561917808219178,0.00032930894636436697
2012-12-19,1,c0004_0033,0.026972840366324188,0.02603013698630137,0.0009427033800228191
2012-12-19,2,c0001_0009,0.024768812072590764,0.023427397260273968,0.0013414148123167958
2012-12-19,3,c0010_0002,0.024304512309241903,0.023427397260273968,0.0008771150489679365
2012-12-19,4,c0009_0009,0.022515137547183185,0.020824657534246574,0.0016904800129366102
2012-12-19,5,c0025_0022,0.022456503252066863,0.020824657534246574,0.0016318457178202874
2012-12-19,6,c0001_0017,0.02129458327064502,0.020824657534246574,0.00046992573639844407
2012-12-19,7,c0026_0011,0.019810805217833405,0.018221917808219176,0.001588887409614227
2012-12-19,8,c0014_0004,0.018639296942594186,0.018221917808219176,0.00041737913437500966
2012-12-19,9,c0012_0002,0.016609661836079242,0.01561917808219178,0.000990483753887463
2012-12-19,10,c0001_0014,0.01657630998030674,0.01561917808219178,0.0009571318981149602
2012-12-19,11,c0002_0033,0.016526223904407,0.01561917808219178,0.0009070458222152186
2012-12-19,12,c0009_0006,0.016440160938205894,0.01561917808219178,0.0008209828560141132
2012-12-19,13,c0013_0004,0.0163484973175734,0.01561917808219178,0.0007293192353816214
2012-12-19,14,c0004_0024,0.016303554281659343,0.01561917808219178,0.0006843761994675641
2012-12-19,15,c0001_0010,0.016208030496774807,0.01561917808219178,0.0005888524145830282
2012-12-19,16,c0003_0013,0.01615098938156256,0.01561917808219178,0.0005318112993707814
2012-12-19,17,c0005_0032,0.016104755244632656,0.01561917808219178,0.0004855771624408775
2012-12-19,18,c0004_0013,0.016069252673318445,0.01561917808219178,0.0004500745911266642
2012-12-19,19,c0022_0021,0.01594484829289679,0.01561917808219178,0.0003256702107050121
2012-12-19,20,c0011_0014,0.014168035330210134,0.013016438356164384,0.0011515969740457494
2012-12-20,1,c0004_0033,0.026962423860963633,0.02603013698630137,0.0009322868746622635
2012-12-20,2,c0001_0009,0.024753989961119296,0.023427397260273968,0.001326592700845329
2012-12-20,3,c0010_0002,0.024294820529406368,0.023427397260273968,0.0008674232691323985
2012-12-20,4,c0009_0009,0.022496458401133828,0.020824657534246574,0.0016718008668872553
2012-12-20,5,c0025_0022,0.022438471992152566,0.020824657534246574,0.0016138144579059934
2012-12-20,6,c0001_0017,0.02128939077419705,0.020824657534246574,0.00046473323995047436
2012-12-20,7,c0026_0011,0.01979324863050138,0.018221917808219176,0.0015713308222822017
2012-12-20,8,c0014_0004,0.018634685065642503,0.018221917808219176,0.00041276725742332606
2012-12-20,9,c0012_0002,0.016598717376188094,0.01561917808219178,0.000979539293996312
2012-12-20,10,c0001_0014,0.0165657340454382,0.01561917808219178,0.0009465559632464207
2012-12-20,11,c0002_0033,0.016516201401178945,0.01561917808219178,0.0008970233189871665
2012-12-20,12,c0009_0006,0.016431089397250572,0.01561917808219178,0.0008119113150587933
2012-12-20,13,c0013_0004,0.01634043862394198,0.01561917808219178,0.0007212605417502004
2012-12-20,14,c0004_0024,0.016295992191078724,0.01561917808219178,0.0006768141088869425
2012-12-20,15,c0001_0010,0.016201523906830332,0.01561917808219178,0.000582345824638552
2012-12-20,16,c0003_0013,0.01614511307373542,0.01561917808219178,0.000525934991543641
2012-12-20,17,c0005_0032,0.016099389806019923,0.01561917808219178,0.00048021172382814393
2012-12-20,18,c0004_0013,0.016064279524297797,0.01561917808219178,0.0004451014421060174
2012-12-20,19,c0022_0021,0.015941249763849936,0.01561917808219178,0.0003220716816581554
2012-12-20,20,c0011_0014,0.014155310631956632,0.013016438356164384,0.0011388722757922469
2012-12-21,1,c0004_0033,0.026952122453932227,0.02603013698630137,0.0009219854676308595
2012-12-21,2,c0001_0009,0.024739331628209432,0.023427397260273968,0.001311934367935464
2012-12-21,3,c0010_0002,0.02428523583996506,0.023427397260273968,0.0008578385796910922
2012-12-21,4,c0009_0009,0.02247798565237664,0.020824657534246574,0.001653328118130068
2012-12-21,5,c0025_0022,0.022420639970640865,0.020824657534246574,0.0015959824363942924
2012-12-21,6,c0001_0017,0.02128425565281342,0.020824657534246574,0.00045959811856684745
2012-12-21,7,c0026_0011,0.0197758860366247,0.018221917808219176,0.0015539682284055221
2012-12-21,8,c0014_0004,0.01863012414813576,0.018221917808219176,0.00040820633991658293
2012-12-21,9,c0012_0002,0.016587893848318127,0.01561917808219178,0.0009687157661263466
2012-12-21,10,c0001_0014,0.016555274970532812,0.01561917808219178,0.0009360968883410314
2012-12-21,11,c0002_0033,0.016506289642709865,0.01561917808219178,0.0008871115605180845
2012-12-21,12,c0009_0006,0.016422118093291315,0.01561917808219178,0.0008029400110995342
2012-12-21,13,c0013_0004,0.016332468975737986,0.01561917808219178,0.000713290893546206
2012-12-21,14,c0004_0024,0.016288513658655142,0.01561917808219178,0.0006693355764633608
2012-12-21,15,c0001_0010,0.016195089212171766,0.01561917808219178,0.0005759111299799862
2012-12-21,16,c0003_0013,0.01613930169682216,0.01561917808219178,0.0005201236146303794
2012-12-21,17,c0005_0032,0.01609408365341513,0.01561917808219178,0.00047490557122334843
2012-12-21,18,c0004_0013,0.01605936132663781,0.01561917808219178,0.00044018324444603223
2012-12-21,19,c0022_0021,0.01593769099714816,0.01561917808219178,0.000318512914956381
2012-12-21,20,c0011_0014,0.014142726536665182,0.013016438356164384,0.0011262881805007977
2012-12-22,1,c0004_0033,0.026941934873438246,0.02603013698630137,0.0009117978871368777
2012-12-22,2,c0001_0009,0.02472483526417182,0.023427397260273968,0.001297438003897853
2012-12-22,3,c0010_0002,0.02427575705761082,0.023427397260273968,0.0008483597973368511
2012-12-22,4,c0009_0009,0.022459717020301893,0.020824657534246574,0.001635059486055319
2012-12-22,5,c0025_0022,0.02240300498602497,0.020824657534246574,0.0015783474517783978
2012-12-22,6,c0001_0017,0.02127917727252201,0.020824657534246574,0.0004545197382754381
2012-12-22,7,c0026_0011,0.019758715292651205,0.018221917808219176,0.0015367974844320282
2012-12-22,8,c0014_0004,0.01862561362699193,0.018221917808219176,0.000403695818772752
2012-12-22,9,c0012_0002,0.01657718991621759,0.01561917808219178,0.0009580118340258107
2012-12-22,10,c0001_0014,0.016544931464333473,0.01561917808219178,0.0009257533821416923
2012-12-22,11,c0002_0033,0.01649648740531328,0.01561917808219178,0.0008773093231214986
2012-12-22,12,c0009_0006,0.01641324591874833,0.01561917808219178,0.0007940678365565506
2012-12-22,13,c0013_0004,0.01632458738904411,0.01561917808219178,0.0007054093068523299
2012-12-22,14,c0004_0024,0.016281117761103494,0.01561917808219178,0.0006619396789117127
2012-12-22,15,c0001_0010,0.016188725618384192,0.01561917808219178,0.00056954753619241
2012-12-22,16,c0003_0013,0.016133554533361457,0.01561917808219178,0.0005143764511696758
2012-12-22,17,c0005_0032,0.01608883613173096,0.01561917808219178,0.00046965804953918295
2012-12-22,18,c0004_0013,0.016054497473147345,0.01561917808219178,0.0004353193909555654
2012-12-22,19,c0022_0021,0.015934171553433036,0.01561917808219178,0.00031499347124125496
2012-12-22,20,c0011_0014,0.014130281490727791,0.013016438356164384,0.0011138431345634073
2012-12-23,1,c0004_0033,0.02693185986174276,0.02603013698630137,0.000901722875441391
2012-12-23,2,c0001_0009,0.02471049907931348,0.023427397260273968,0.0012831018190395114
2012-12-23,3,c0010_0002,0.02426638301211156,0.023427397260273968,0.0008389857518375918
2012-12-23,4,c0009_0009,0.022441650249499703,0.020824657534246574,0.001616992715253128
2012-12-23,5,c0025_0022,0.02238556486112389,0.020824657534246574,0.0015609073268773167
2012-12-23,6,c0001_0017,0.02127415500635584,0.020824657534246574,0.0004494974721092662
2012-12-23,7,c0026_0011,0.019741734278714153,0.018221917808219176,0.0015198164704949748
2012-12-23,8,c0014_0004,0.018621152945350817,0.018221917808219176,0.00039923513713164177
2012-12-23,9,c0012_0002,0.01656660425839979,0.01561917808219178,0.00094742617620801
2012-12-23,10,c0001_0014,0.01653470224985097,0.01561917808219178,0.0009155241676591919
2012-12-23,11,c0002_0033,0.016486793478823973,0.01561917808219178,0.0008676153966321935
2012-12-23,12,c0009_0006,0.016404471778280163,0.01561917808219178,0.0007852936960883834
2012-12-23,13,c0013_0004,0.01631679289081495,0.01561917808219178,0.0006976148086231678
2012-12-23,14,c0004_0024,0.016273803585340613,0.01561917808219178,0.0006546255031488323
2012-12-23,15,c0001_0010,0.01618243233983066,0.01561917808219178,0.0005632542576388781
2012-12-23,16,c0003_0013,0.016127870873819658,0.01561917808219178,0.0005086927916278771
2012-12-23,17,c0005_0032,0.01608364659311858,0.01561917808219178,0.00046446851092679924
2012-12-23,18,c0004_0013,0.01604968736334448,0.01561917808219178,0.0004305092811526995
2012-12-23,19,c0022_0021,0.015930690998200863,0.01561917808219178,0.0003115129160090831
2012-12-23,20,c0010_0010,0.014452210314716924,0.013016438356164384,0.0014357719585525394
2012-12-24,1,c0004_0033,0.02692189617500437,0.02603013698630137,0.0008917591887029986
2012-12-24,2,c0001_0009,0.024696321303716833,0.023427397260273968,0.0012689240434428648
2012-12-24,3,c0010_0002,0.024257112546165808,0.023427397260273968,0.0008297152858918408
2012-12-24,4,c0009_0009,0.022423783109481593,0.020824657534246574,0.0015991255752350179
2012-12-24,5,c0025_0022,0.02236831744281363,0.020824657534246574,0.0015436599085670581
2012-12-24,6,c0001_0017,0.021269188234275666,0.020824657534246574,0.0004445307000290928
2012-12-24,7,c0026_0011,0.019724940898370496,0.018221917808219176,0.0015030230901513203
2012-12-24,8,c0014_0004,0.018616741552505325,0.018221917808219176,0.0003948237442861496
2012-12-24,9,c0012_0002,0.016556135567979944,0.01561917808219178,0.0009369574857881639
2012-12-24,10,c0001_0014,0.016524586064206332,0.01561917808219178,0.0009054079820145521
2012-12-24,11,c0002_0033,0.01647720666644859,0.01561917808219178,0.0008580285842568089
2012-12-24,12,c0009_0006,0.01639579458864845,0.01561917808219178,0.0007766165064566699
2012-12-24,13,c0013_0004,0.01630908451875687,0.01561917808219178,0.0006899064365650869
2012-12-24,14,c0004_0024,0.016266570228372548,0.01561917808219178,0.0006473921461807677
2012-12-24,15,c0001_0010,0.01617620859955521,0.01561917808219178,0.0005570305173634277
2012-12-24,16,c0003_0013,0.016122250016503182,0.01561917808219178,0.0005030719343114013
2012-12-24,17,c0005_0032,0.016078514396887608,0.01561917808219178,0.00045933631469582655
2012-12-24,18,c0004_0013,0.01604493040338239,0.01561917808219178,0.00042575232119060894
2012-12-24,19,c0022_0021,0.01592724890174905,0.01561917808219178,0.0003080708195572677
2012-12-24,20,c0010_0010,0.014436345593512215,0.013016438356164384,0.0014199072373478313
2012-12-25,1,c0004_0033,0.02691204258312563,0.02603013698630137,0.0008819055968242629
2012-12-25,2,c0001_0009,0.02468230018702121,0.023427397260273968,0.0012549029267472389
2012-12-25,3,c0010_0002,0.02424794451525982,0.023427397260273968,0.0008205472549858541
2012-12-25,4,c0009_0009,0.02240611339440511,0.020824657534246574,0.0015814558601585386
2012-12-25,5,c0025_0022,0.02235126060176139,0.020824657534246574,0.001526603067514813
2012-12-25,6,c0001_0017,0.021264276343093445,0.020824657534246574,0.0004396188088468713
2012-12-25,7,c0026_0011,0.019708333078342077,0.018221917808219176,0.0014864152701229022
2012-12-25,8,c0014_0004,0.018612378903833448,0.018221917808219176,0.0003904610956142717
2012-12-25,9,c0012_0002,0.01654578255251384,0.01561917808219178,0.0009266044703220594
2012-12-25,10,c0001_0014,0.016514581658474897,0.01561917808219178,0.000895403576283116
2012-12-25,11,c0002_0033,0.016467725784617866,0.01561917808219178,0.0008485477024260843
2012-12-25,12,c0009_0006,0.01638721327858419,0.01561917808219178,0.0007680351963924097
2012-12-25,13,c0013_0004,0.016301461321209205,0.01561917808219178,0.0006822832390174254
2012-12-25,14,c0004_0024,0.01625941679718308,0.01561917808219178,0.000640238714991298
2012-12-25,15,c0001_0010,0.016170053629186935,0.01561917808219178,0.0005508755469951568
2012-12-25,16,c0003_0013,0.016116691267471887,0.01561917808219178,0.0004975131852801067
2012-12-25,17,c0005_0032,0.016073438909427053,0.01561917808219178,0.00045426082723527334
2012-12-25,18,c0004_0013,0.016040226005976023,0.01561917808219178,0.00042104792378424384
2012-12-25,19,c0022_0021,0.015923844839123038,0.01561917808219178,0.0003046667569312576
2012-12-25,20,c0019_0020,0.01458323783302445,0.013016438356164384,0.001566799476860066
2012-12-26,1,c0004_0033,0.026902297869601213,0.02603013698630137,0.0008721608832998437
2012-12-26,2,c0001_0009,0.024668433998206733,0.023427397260273968,0.0012410367379327646
2012-12-26,3,c0010_0002,0.024238877787526286,0.023427397260273968,0.0008114805272523197
2012-12-26,4,c0009_0009,0.022388638922801515,0.020824657534246574,0.0015639813885549411
2012-12-26,5,c0025_0022,0.022334392232162645,0.020824657534246574,0.0015097346979160704
2012-12-26,6,c0026_0011,0.01969190876825965,0.018221917808219176,0.0014699909600404753
2012-12-26,7,c0014_0004,0.01860806446073104,0.018221917808219176,0.0003861466525118654
2012-12-26,8,c0019_0020,0.017168665034778055,0.01561917808219178,0.001549486952586276
2012-12-26,9,c0010_0010,0.01700787983712438,0.01561917808219178,0.0013887017549326
2012-12-26,10,c0012_0002,0.01653554393383827,0.01561917808219178,0.0009163658516464893
2012-12-26,11,c0001_0014,0.016504687797532138,0.01561917808219178,0.0008855097153403577
2012-12-26,12,c0002_0033,0.01645834966284052,0.01561917808219178,0.0008391715806487392
2012-12-26,13,c0009_0006,0.016378726788655488,0.01561917808219178,0.0007595487064637078
2012-12-26,14,c0013_0004,0.016293922357026782,0.01561917808219178,0.0006747442748350012
2012-12-26,15,c0004_0024,0.016252342408623464,0.01561917808219178,0.0006331643264316845
2012-12-26,16,c0001_0010,0.016163966668845144,0.01561917808219178,0.0005447885866533629
2012-12-26,17,c0003_0013,0.016111193940453402,0.01561917808219178,0.0004920158582616209
2012-12-26,18,c0005_0032,0.016068419504127084,0.01561917808219178,0.00044924142193530285
2012-12-26,19,c0001_0017,0.016035896373847832,0.01561917808219178,0.00041671829165605315
2012-12-26,20,c0004_0013,0.016035573590329606,0.01561917808219178,0.0004163955081378255
2012-12-27,1,c0004_0033,0.026892660831367682,0.02603013698630137,0.0008625238450663115
2012-12-27,2,c0001_0009,0.024654721025380636,0.023427397260273968,0.001227323765106667
2012-12-27,3,c0010_0002,0.024229911243604588,0.023427397260273968,0.0008025139833306188
2012-12-27,4,c0009_0009,0.022371357537306433,0.020824657534246574,0.0015467000030598582
2012-12-27,5,c0025_0022,0.022317710251481215,0.020824657534246574,0.0014930527172346399
2012-12-27,6,c0026_0011,0.019675665940409752,0.018221917808219176,0.0014537481321905746
2012-12-27,7,c0014_0004,0.01860379769054533,0.018221917808219176,0.0003818798823261542
2012-12-27,8,c0019_0020,0.017151543807157832,0.01561917808219178,0.0015323657249660511
2012-12-27,9,c0010_0010,0.01699253522334553,0.01561917808219178,0.001373357141153748
2012-12-27,10,c0012_0002,0.01652541844791323,0.01561917808219178,0.0009062403657214521
2012-12-27,11,c0001_0014,0.01649490325990118,0.01561917808219178,0.000875725177709397
2012-12-27,12,c0002_0033,0.016449077143558748,0.01561917808219178,0.0008298990613669668
2012-12-27,13,c0009_0006,0.01637033407113676,0.01561917808219178,0.000751155988944979
2012-12-27,14,c0013_0004,0.0162864666954637,0.01561917808219178,0.0006672886132719197
2012-12-27,15,c0004_0024,0.016245346189303417,0.01561917808219178,0.0006261681071116384
2012-12-27,16,c0001_0010,0.01615794696704551,0.01561917808219178,0.000538768884853729
2012-12-27,17,c0003_0013,0.016105757356758392,0.01561917808219178,0.0004865792745666134
2012-12-27,18,c0005_0032,0.016063455561301652,0.01561917808219178,0.00044427747910987295
2012-12-27,19,c0001_0017,0.016031291798950933,0.01561917808219178,0.000412113716759152
2012-12-27,20,c0004_0013,0.016030972582064925,0.01561917808219178,0.00041179449987314314
2012-12-28,1,c0004_0033,0.02688313027865499,0.02603013698630137,0.0008529932923536197
2012-12-28,2,c0001_0009,0.02464115957556589,0.023427397260273968,0.0012137623152919212
2012-12-28,3,c0010_0002,0.0242210437765026,0.023427397260273968,0.0007936465162286318
2012-12-28,4,c0009_0009,0.022354267104393533,0.020824657534246574,0.0015296095701469576
2012-12-28,5,c0025_0022,0.02230121260019212,0.020824657534246574,0.001476555065945546
2012-12-28,6,c0026_0011,0.020209785911741836,0.018221917808219176,0.001987868103522659
2012-12-28,7,c0014_0004,0.018599578066509144,0.018221917808219176,0.00037766025828996747
2012-12-28,8,c0019_0020,0.01713461176243762,0.01561917808219178,0.0015154336802458397
2012-12-28,9,c0010_0010,0.016977360161575368,0.01561917808219178,0.0013581820793835875
2012-12-28,10,c0012_0002,0.016515404844665876,0.01561917808219178,0.0008962267624740966
2012-12-28,11,c0001_0014,0.01648522683760198,0.01561917808219178,0.0008660487554101976
2012-12-28,12,c0002_0033,0.016439907082005302,0.01561917808219178,0.0008207289998135225
2012-12-28,13,c0009_0006,0.01636203408987938,0.01561917808219178,0.0007428560076875984
2012-12-28,14,c0013_0004,0.016279093416058446,0.01561917808219178,0.0006599153338666667
2012-12-28,15,c0004_0024,0.016238427275483275,0.01561917808219178,0.0006192491932914935
2012-12-28,16,c0001_0010,0.01615199378060733,0.01561917808219178,0.0005328156984155477
2012-12-28,17,c0003_0013,0.01610038084519679,0.01561917808219178,0.00048120276300500663
2012-12-28,18,c0005_0032,0.01605854646811201,0.01561917808219178,0.00043936838592023136
2012-12-28,19,c0001_0017,0.01602673810281411,0.01561917808219178,0.0004075600206223286
2012-12-28,20,c0004_0013,0.016026422413150422,0.01561917808219178,0.00040724433095864094
2012-12-29,1,c0004_0033,0.026873705034839587,0.02603013698630137,0.0008435680485382167
2012-12-29,2,c0001_0009,0.024627747974492208,0.023427397260273968,0.0012003507142182381
2012-12-29,3,c0010_0002,0.02421227429146004,0.023427397260273968,0.0007848770311860707
2012-12-29,4,c0009_0009,0.022337365514111116,0.020824657534246574,0.0015127079798645429
2012-12-29,5,c0025_0022,0.022284897241527334,0.020824657534246574,0.0014602397072807608
2012-12-29,6,c0026_0011,0.02018782074306288,0.018221917808219176,0.001965902934843705
2012-12-29,7,c0014_0004,0.01859540506767588,0.018221917808219176,0.0003734872594567066
2012-12-29,8,c0019_0020,0.017117866810220025,0.01561917808219178,0.0014986887280282447
2012-12-29,9,c0010_0010,0.01696235277833021,0.01561917808219178,0.0013431746961384279
2012-12-29,10,c0012_0002,0.01650550188783617,0.01561917808219178,0.0008863238056443897
2012-12-29,11,c0001_0014,0.016475657336002213,0.01561917808219178,0.0008564792538104318
2012-12-29,12,c0002_0033,0.016430838346062175,0.01561917808219178,0.0008116602638703947
2012-12-29,13,c0009_0006,0.01635382582018376,0.01561917808219178,0.0007346477379919793
2012-12-29,14,c0013_0004,0.01627180160852025,0.01561917808219178,0.0006526235263284687
2012-12-29,15,c0004_0024,0.01623158481296735,0.01561917808219178,0.00061240673077557
2012-12-29,16,c0001_0010,0.01614610637456175,0.01561917808219178,0.000526928292369969
2012-12-29,17,c0003_0013,0.016095063741994892,0.01561917808219178,0.0004758856598031124
2012-12-29,18,c0005_0032,0.016053691618491035,0.01561917808219178,0.0004345135362992552
2012-12-29,19,c0001_0017,0.016022234723246872,0.01561917808219178,0.00040305664105509095
2012-12-29,20,c0004_0013,0.016021922521831072,0.01561917808219178,0.00040274443963929087
2012-12-30,1,c0004_0033,0.026864383936299155,0.02603013698630137,0.000834246949997784
2012-12-30,2,c0001_0009,0.024614484566389334,0.023427397260273968,0.0011870873061153643
2012-12-30,3,c0010_0002,0.02420360170581329,0.023427397260273968,0.0007762044455393227
2012-12-30,4,c0009_0009,0.022320650679821637,0.020824657534246574,0.0014959931455750628
2012-12-30,5,c0025_0022,0.022268762161224327,0.020824657534246574,0.0014441046269777517
2012-12-30,6,c0026_0011,0.020166098280946922,0.018221917808219176,0.0019441804727277465
2012-12-30,7,c0014_0004,0.018591278178855208,0.018221917808219176,0.0003693603706360303
2012-12-30,8,c0019_0020,0.017101306883205727,0.01561917808219178,0.001482128801013946
2012-12-30,9,c0010_0010,0.016947511220827625,0.01561917808219178,0.001328333138635844
2012-12-30,10,c0012_0002,0.016495708354824272,0.01561917808219178,0.00087653027263249
2012-12-30,11,c0001_0014,0.016466193573669775,0.01561917808219178,0.0008470154914779948
2012-12-30,12,c0002_0033,0.016421869816120815,0.01561917808219178,0.0008026917339290348
2012-12-30,13,c0009_0006,0.016345708248672847,0.01561917808219178,0.0007265301664810677
2012-12-30,14,c0013_0004,0.016264590372616693,0.01561917808219178,0.0006454122904249116
2012-12-30,15,c0004_0024,0.016224817956998497,0.01561917808219178,0.0006056398748067181
2012-12-30,16,c0001_0010,0.016140284022061042,0.01561917808219178,0.0005211059398692627
2012-12-30,17,c0003_0013,0.016089805390713464,0.01561917808219178,0.00047062730852168324
2012-12-30,18,c0005_0032,0.01604889041306841,0.01561917808219178,0.00042971233087662743
2012-12-30,19,c0001_0017,0.016017781104270712,0.01561917808219178,0.0003986030220789329
2012-12-30,20,c0004_0013,0.016017472352559018,0.01561917808219178,0.0003982942703672393
2012-12-31,1,c0004_0033,0.026855165832268945,0.02603013698630137,0.0008250288459675757
2012-12-31,2,c0001_0009,0.024601367713782633,0.023427397260273968,0.0011739704535086632
2012-12-31,3,c0010_0002,0.024195024948861756,0.023427397260273968,0.0007676276885877863
2012-12-31,4,c0009_0009,0.02230412053794407,0.020824657534246574,0.0014794630036974973
2012-12-31,5,c0025_0022,0.022252805367277376,0.020824657534246574,0.0014281478330308022
2012-12-31,6,c0026_0011,0.02014461584358092,0.018221917808219176,0.0019226980353617465
2012-12-31,7,c0014_0004,0.018587196890549426,0.018221917808219176,0.0003652790823302495
2012-12-31,8,c0019_0020,0.017084929936938255,0.01561917808219178,0.001465751854746476
2012-12-31,9,c0010_0010,0.016932833656757715,0.01561917808219178,0.0013136555745659356
2012-12-31,10,c0012_0002,0.01648602303653959,0.01561917808219178,0.0008668449543478089
2012-12-31,11,c0001_0014,0.016456834382226927,0.01561917808219178,0.0008376563000351458
2012-12-31,12,c0002_0033,0.016413000384943914,0.01561917808219178,0.0007938223027521322
2012-12-31,13,c0009_0006,0.01633768037316701,0.01561917808219178,0.0007185022909752301
2012-12-31,14,c0013_0004,0.01625745881806258,0.01561917808219178,0.0006382807358707983
2012-12-31,15,c0004_0024,0.016218125872153807,0.01561917808219178,0.0005989477899620261
2012-12-31,16,c0001_0010,0.016134526004288864,0.01561917808219178,0.0005153479220970825
2012-12-31,17,c0003_0013,0.01608460514216665,0.01561917808219178,0.00046542705997486945
2012-12-31,18,c0005_0032,0.01604414225909662,0.01561917808219178,0.0004249641769048394
2012-12-31,19,c0001_0017,0.016013376696050474,0.01561917808219178,0.0003941986138586946
2012-12-31,20,c0004_0013,0.016013071355925,0.01561917808219178,0.0003938932737332201
2013-01-01,1,c0004_0033,0.02684604958469972,0.02603013698630137,0.0008159125983983494
2013-01-01,2,c0001_0009,0.024588395797290923,0.023427397260273968,0.001160998537016955
2013-01-01,3,c0010_0002,0.024186542961735655,0.023427397260273968,0.000759145701461685
2013-01-01,4,c0009_0009,0.022287773047699168,0.020824657534246574,0.0014631155134525956
2013-01-01,5,c0025_0022,0.022237024889691658,0.020824657534246574,0.0014123673554450834
2013-01-01,6,c0026_0011,0.020123370778784833,0.018221917808219176,0.0019014529705656585
2013-01-01,7,c0014_0004,0.018583160698890603,0.018221917808219176,0.00036124289067142703
2013-01-01,8,c0019_0020,0.017068733949551596,0.01561917808219178,0.001449555867359816
2013-01-01,9,c0010_0010,0.016918318274056893,0.01561917808219178,0.001299140191865113
2013-01-01,10,c0012_0002,0.016476444737251517,0.01561917808219178,0.000857266655059738
2013-01-01,11,c0001_0014,0.016447578606206045,0.01561917808219178,0.000828400524014264
2013-01-01,12,c0002_0033,0.0164042289575287,0.01561917808219178,0.0007850508753369192
2013-01-01,13,c0009_0006,0.01632974120256031,0.01561917808219178,0.0007105631203685288
2013-01-01,14,c0013_0004,0.016250406064410017,0.01561917808219178,0.0006312279822182372
2013-01-01,15,c0004_0024,0.016211507732241462,0.01561917808219178,0.00059232965004968
2013-01-01,16,c0001_0010,0.016128831610371503,0.01561917808219178,0.0005096535281797237
2013-01-01,17,c0003_0013,0.016079462354341854,0.01561917808219178,0.00046028427215007286
2013-01-01,18,c0005_0032,0.016039446570377792,0.01561917808219178,0.00042026848818601224
2013-01-01,19,c0001_0017,0.01600902095482646,0.01561917808219178,0.00038984287263468055
2013-01-01,20,c0004_0013,0.016008718988590506,0.01561917808219178,0.00038954090639872546
2013-01-02,1,c0001_0009,0.024575567215426558,0.023427397260273968,0.0011481699551525915
2013-01-02,2,c0004_0033,0.02422510641430771,0.023427397260273968,0.0007977091540337423
2013-01-02,3,c0010_0002,0.02417815469726531,0.023427397260273968,0.0007507574369913411
2013-01-02,4,c0026_0011,0.022705100189711568,0.020824657534246574,0.001880442655464994
2013-01-02,5,c0009_0009,0.022271606190857496,0.020824657534246574,0.0014469486566109217
2013-01-02,6,c0025_0022,0.022221418780240015,0.020824657534246574,0.0013967612459934422
2013-01-02,7,c0025_0017,0.0199367691908132,0.018221917808219176,0.0017148513825940236
2013-01-02,8,c0014_0004,0.018579169105578344,0.018221917808219176,0.0003572512973591695
2013-01-02,9,c0019_0020,0.01705271692152056,0.01561917808219178,0.0014335388393287797
2013-01-02,10,c0010_0010,0.016903963280684164,0.01561917808219178,0.0012847851984923845
2013-01-02,11,c0008_0024,0.01666189724393451,0.01561917808219178,0.0010427191617427306
2013-01-02,12,c0012_0002,0.016466972274441806,0.01561917808219178,0.0008477941922500264
2013-01-02,13,c0001_0014,0.016438425102906978,0.01561917808219178,0.0008192470207151958
2013-01-02,14,c0002_0033,0.01639555445097176,0.01561917808219178,0.0007763763687799806
2013-01-02,15,c0009_0006,0.01632188975669814,0.01561917808219178,0.0007027116745063606
2013-01-02,16,c0013_0004,0.016243431240939722,0.01561917808219178,0.0006242531587479428
2013-01-02,17,c0004_0024,0.016204962720198744,0.01561917808219178,0.0005857846380069641
2013-01-02,18,c0001_0010,0.01612320013729014,0.01561917808219178,0.0005040220550983588
2013-01-02,19,c0003_0013,0.016074376392320466,0.01561917808219178,0.0004551983101286842
2013-01-02,20,c0005_0032,0.016034802767191304,0.01561917808219178,0.00041562468499952473
2013-01-03,1,c0001_0009,0.02456288038439771,0.023427397260273968,0.0011354831241237409
2013-01-03,2,c0004_0033,0.024216292038698965,0.023427397260273968,0.0007888947784249949
2013-01-03,3,c0010_0002,0.024169859119851863,0.023427397260273968,0.0007424618595778941
2013-01-03,4,c0026_0011,0.022684322030413578,0.020824657534246574,0.0018596644961670031
2013-01-03,5,c0009_0009,0.02225561797149026,0.020824657534246574,0.0014309604372436894
2013-01-03,6,c0025_0022,0.02220598511222245,0.020824657534246574,0.0013813275779758789
2013-01-03,7,c0025_0017,0.019917820750616756,0.018221917808219176,0.0016959029423975805
2013-01-03,8,c0014_0004,0.018575221617818286,0.018221917808219176,0.0003533038095991095
2013-01-03,9,c0019_0020,0.017036876875413935,0.01561917808219178,0.0014176987932221544
2013-01-03,10,c0010_0010,0.016889766904399892,0.01561917808219178,0.0012705888222081132
2013-01-03,11,c0008_0024,0.016650375603121485,0.01561917808219178,0.0010311975209297058
2013-01-03,12,c0012_0002,0.016457604478658572,0.01561917808219178,0.0008384263964667903
2013-01-03,13,c0001_0014,0.01642937274225596,0.01561917808219178,0.000810194660064179
2013-01-03,14,c0002_0033,0.016386975794335346,0.01561917808219178,0.0007677977121435636
2013-01-03,15,c0009_0006,0.01631412506625623,0.01561917808219178,0.0006949469840644493
2013-01-03,16,c0013_0004,0.01623653348655352,0.01561917808219178,0.0006173554043617388
2013-01-03,17,c0004_0024,0.016198490027991168,0.01561917808219178,0.0005793119457993866
2013-01-03,18,c0001_0010,0.016117630889794024,0.01561917808219178,0.0004984528076022448
2013-01-03,19,c0003_0013,0.016069346628199477,0.01561917808219178,0.0004501685460076979
2013-01-03,20,c0005_0032,0.016030210276222225,0.01561917808219178,0.0004110321940304438
2013-01-04,1,c0001_0009,0.02455033373791282,0.023427397260273968,0.0011229364776388527
2013-01-04,2,c0004_0033,0.02420757505850931,0.023427397260273968,0.0007801777982353413
2013-01-04,3,c0010_0002,0.024161655205339416,0.023427397260273968,0.000734257945065448
2013-01-04,4,c0026_0011,0.022663773461687017,0.020824657534246574,0.0018391159274404436
2013-01-04,5,c0009_0009,0.022239806415722922,0.020824657534246574,0.0014151488814763483
2013-01-04,6,c0025_0022,0.02219072198022825,0.020824657534246574,0.0013660644459816762
2013-01-04,7,c0025_0017,0.01989908168330797,0.018221917808219176,0.0016771638750887957
2013-01-04,8,c0014_0004,0.01857131774826124,0.018221917808219176,0.00034939994004206515
2013-01-04,9,c0019_0020,0.017021211855650354,0.01561917808219178,0.0014020337734585732
2013-01-04,10,c0010_0010,0.016875727392547,0.01561917808219178,0.0012565493103552196
2013-01-04,11,c0008_0024,0.01663898127195414,0.01561917808219178,0.0010198031897623602
2013-01-04,12,c0012_0002,0.016448340193371914,0.01561917808219178,0.0008291621111801327
2013-01-04,13,c0001_0014,0.01642042040666611,0.01561917808219178,0.0008012423244743268
2013-01-04,14,c0002_0033,0.016378491928515142,0.01561917808219178,0.0007593138463233601
2013-01-04,15,c0009_0006,0.016306446172620954,0.01561917808219178,0.0006872680904291742
2013-01-04,16,c0013_0004,0.01622971194966803,0.01561917808219178,0.0006105338674762484
2013-01-04,17,c0004_0024,0.016192088856512705,0.01561917808219178,0.0005729107743209231
2013-01-04,18,c0001_0010,0.01611212318031467,0.01561917808219178,0.0004929450981228886
2013-01-04,19,c0003_0013,0.016064372441013972,0.01561917808219178,0.00044519435882219184
2013-01-04,20,c0005_0032,0.016025668530490523,0.01561917808219178,0.0004064904482987424
2013-01-05,1,c0001_0009,0.024537925726987257,0.023427397260273968,0.001110528466713289
2013-01-05,2,c0004_0033,0.024198954397557284,0.023427397260273968,0.0007715571372833158
2013-01-05,3,c0010_0002,0.024153541940888597,0.023427397260273968,0.00072614468061463
2013-01-05,4,c0026_0011,0.022643451946645455,0.020824657534246574,0.00181879441239888
2013-01-05,5,c0009_0009,0.022224169571491467,0.020824657534246574,0.001399512037244893
2013-01-05,6,c0025_0022,0.02217562749990074,0.020824657534246574,0.001350969965654165
2013-01-05,7,c0025_0017,0.019880549675397943,0.018221917808219176,0.0016586318671787674
2013-01-05,8,c0014_0004,0.01856745701494305,0.018221917808219176,0.0003455392067238735
2013-01-05,9,c0019_0020,0.017005719928256863,0.01561917808219178,0.0013865418460650828
2013-01-05,10,c0010_0010,0.016861843011834583,0.01561917808219178,0.0012426649296428045
2013-01-05,11,c0008_0024,0.01662771284371045,0.01561917808219178,0.00100853476151867
2013-01-05,12,c0012_0002,0.016439178274831143,0.01561917808219178,0.0008200001926393627
2013-01-05,13,c0001_0014,0.016411566990899434,0.01561917808219178,0.0007923889087076528
2013-01-05,14,c0002_0033,0.01637010180610953,0.01561917808219178,0.0007509237239177524
2013-01-05,15,c0009_0006,0.016298852127771,0.01561917808219178,0.0006796740455792225
2013-01-05,16,c0013_0004,0.016222965788109542,0.01561917808219178,0.0006037877059177598
2013-01-05,17,c0004_0024,0.01618575841548714,0.01561917808219178,0.0005665803332953593
2013-01-05,18,c0001_0010,0.01610667632888094,0.01561917808219178,0.0004874982466891613
2013-01-05,19,c0003_0013,0.016059453216660444,0.01561917808219178,0.0004402751344686648
2013-01-05,20,c0005_0032,0.016021176969281084,0.01561917808219178,0.0004019988870893023
2013-01-06,1,c0001_0009,0.02452565481975206,0.023427397260273968,0.00109825755947809
2013-01-06,2,c0004_0033,0.02419042899155281,0.023427397260273968,0.0007630317312788394
2013-01-06,3,c0010_0002,0.02414551832485152,0.023427397260273968,0.0007181210645775492
2013-01-06,4,c0026_0011,0.022623354976434057,0.020824657534246574,0.001798697442187483
2013-01-06,5,c0009_0009,0.02220870550830144,0.020824657534246574,0.001384047974054867
2013-01-06,6,c0025_0022,0.02216069980770466,0.020824657534246574,0.0013360422734580836
2013-01-06,7,c0025_0017,0.019862222438960922,0.018221917808219176,0.0016403046307417474
2013-01-06,8,c0014_0004,0.018563638941225064,0.018221917808219176,0.00034172113300588773
2013-01-06,9,c0008_0024,0.017164972133966658,0.01561917808219178,0.0015457940517748772
2013-01-06,10,c0019_0020,0.016990399180630156,0.01561917808219178,0.0013712210984383772
2013-01-06,11,c0010_0010,0.016848112048123937,0.01561917808219178,0.001228933965932156
2013-01-06,12,c0009_0006,0.01684228999082191,0.01561917808219178,0.00122311190863013
2013-01-06,13,c0012_0002,0.01643011759192357,0.01561917808219178,0.0008109395097317891
2013-01-06,14,c0001_0014,0.0164028114019304,0.01561917808219178,0.0007836333197386193
2013-01-06,15,c0002_0033,0.016361804391290282,0.01561917808219178,0.0007426263090985031
2013-01-06,16,c0013_0004,0.016216294169010034,0.01561917808219178,0.000597116086818253
2013-01-06,17,c0004_0024,0.016179497923370506,0.01561917808219178,0.0005603198411787259
2013-01-06,18,c0001_0010,0.01610128966303513,0.01561917808219178,0.00048211158084335065
2013-01-06,19,c0003_0013,0.016054588347821,0.01561917808219178,0.00043541026562922
2013-01-06,20,c0005_0032,0.016016735038074468,0.01561917808219178,0.00039755695588268906
2013-01-07,1,c0004_0033,0.02473218111022327,0.023427397260273968,0.0013047838499493018
2013-01-07,2,c0001_0009,0.02451351950126482,0.023427397260273968,0.0010861222409908505
2013-01-07,3,c0010_0002,0.0241375833666481,0.023427397260273968,0.0007101861063741334
2013-01-07,4,c0026_0011,0.022603480069919867,0.020824657534246574,0.0017788225356732937
2013-01-07,5,c0009_0009,0.0221934123169896,0.020824657534246574,0.0013687547827430251
2013-01-07,6,c0025_0022,0.022145937060696085,0.020824657534246574,0.001321279526449509
2013-01-07,7,c0025_0017,0.01984409771135185,0.018221917808219176,0.0016221799031326748
2013-01-07,8,c0014_0004,0.018559863055735308,0.018221917808219176,0.000337945247516133
2013-01-07,9,c0008_0024,0.017147891711462776,0.01561917808219178,0.0015287136292709946
2013-01-07,10,c0019_0020,0.016975247721300452,0.01561917808219178,0.001356069639108673
2013-01-07,11,c0010_0010,0.01683453280621691,0.01561917808219178,0.0012153547240251297
2013-01-07,12,c0009_0006,0.01682877508038158,0.01561917808219178,0.0012095969981897995
2013-01-07,13,c0012_0002,0.016421157026034857,0.01561917808219178,0.0008019789438430754
2013-01-07,14,c0001_0014,0.016394152558810975,0.01561917808219178,0.0007749744766191964
2013-01-07,15,c0002_0033,0.016353598659674652,0.01561917808219178,0.0007344205774828735
2013-01-07,16,c0013_0004,0.016209696268704357,0.01561917808219178,0.0005905181865125748
2013-01-07,17,c0004_0024,0.01617330660725459,0.01561917808219178,0.0005541285250628097
2013-01-07,18,c0001_0010,0.01609596251774992,0.01561917808219178,0.00047678443555813996
2013-01-07,19,c0003_0013,0.016049777233888368,0.01561917808219178,0.0004305991516965873
2013-01-07,20,c0005_0032,0.01601234218847847,0.01561917808219178,0.00039316410628669217
2013-01-08,1,c0004_0033,0.024717763756625752,0.023427397260273968,0.0012903664963517848
2013-01-08,2,c0001_0009,0.024501518273322656,0.023427397260273968,0.0010741210130486886
2013-01-08,3,c0010_0002,0.024129736086643802,0.023427397260273968,0.000702338826369834
2013-01-08,4,c0026_0011,0.02258382477338548,0.020824657534246574,0.0017591672391389056
2013-01-08,5,c0009_0009,0.022178288109488208,0.020824657534246574,0.001353630575241633
2013-01-08,6,c0025_0022,0.022131337436294904,0.020824657534246574,0.0013066799020483313
2013-01-08,7,c0025_0017,0.019826173254927013,0.018221917808219176,0.001604255446707836
2013-01-08,8,c0014_0004,0.018556128892310286,0.018221917808219176,0.0003342110840911107
2013-01-08,9,c0008_0024,0.017131000020978254,0.01561917808219178,0.0015118219387864752
2013-01-08,10,c0019_0020,0.01696026367969797,0.01561917808219178,0.0013410855975061911
2013-01-08,11,c0010_0010,0.01682110360964664,0.01561917808219178,0.0012019255274548595
2013-01-08,12,c0009_0006,0.016815409504440344,0.01561917808219178,0.001196231422248562
2013-01-08,13,c0012_0002,0.016412295470910918,0.01561917808219178,0.0007931173887191379
2013-01-08,14,c0001_0014,0.01638558939253719,0.01561917808219178,0.0007664113103454077
2013-01-08,15,c0002_0033,0.016345483598198936,0.01561917808219178,0.0007263055160071551
2013-01-08,16,c0013_0004,0.016203171272628533,0.01561917808219178,0.0005839931904367519
2013-01-08,17,c0004_0024,0.016167183702771513,0.01561917808219178,0.0005480056205797327
2013-01-08,18,c0001_0010,0.016090694235346287,0.01561917808219178,0.0004715161531545056
2013-01-08,19,c0003_0013,0.01604501928089175,0.01561917808219178,0.00042584119869997264
2013-01-08,20,c0005_0032,0.0160079978781604,0.01561917808219178,0.0003888197959686212
2013-01-09,1,c0004_0033,0.027306245435200303,0.02603013698630137,0.0012761084488989325
2013-01-09,2,c0010_0002,0.024121975516028654,0.023427397260273968,0.0006945782557546843
2013-01-09,3,c0026_0011,0.02256438666022611,0.020824657534246574,0.0017397291259795352
2013-01-09,4,c0009_0009,0.022163331018591942,0.020824657534246574,0.001338673484345369
2013-01-09,5,c0025_0022,0.022116899132059817,0.020824657534246574,0.0012922415978132414
2013-01-09,6,c0001_0009,0.02187790935227115,0.020824657534246574,0.0010532518180245765
2013-01-09,7,c0025_0017,0.019808446856767786,0.018221917808219176,0.00158652904854861
2013-01-09,8,c0008_0024,0.019717034703125153,0.018221917808219176,0.0014951168949059771
2013-01-09,9,c0009_0006,0.019404931338937514,0.018221917808219176,0.001183013530718338
2013-01-09,10,c0014_0004,0.018552435989937423,0.018221917808219176,0.0003305181817182476
2013-01-09,11,c0019_0020,0.016945445205922,0.01561917808219178,0.0013262671237302204
2013-01-09,12,c0010_0010,0.016807822800470565,0.01561917808219178,0.001188644718278786
2013-01-09,13,c0019_0014,0.01672201582573367,0.01561917808219178,0.0011028377435418886
2013-01-09,14,c0012_0002,0.01640353183252135,0.01561917808219178,0.0007843537503295706
2013-01-09,15,c0003_0011,0.016401817181970296,0.01561917808219178,0.0007826390997785139
2013-01-09,16,c0001_0014,0.016377120845917137,0.01561917808219178,0.0007579427637253564
2013-01-09,17,c0002_0033,0.01633745820499338,0.01561917808219178,0.000718280122801599
2013-01-09,18,c0013_0004,0.016196718375219205,0.01561917808219178,0.0005775402930274254
2013-01-09,19,c0004_0024,0.016161128453999363,0.01561917808219178,0.000541950371807584
2013-01-09,20,c0001_0010,0.016085484165412302,0.01561917808219178,0.000466306083220521
