forecast_date,rank,cell_id,risk,background,trigger
2012-05-16,1,c0002_0034,0.05146828912123322,0.010345928687872607,0.04112236043336061
2012-05-16,2,c0025_0043,0.03878969833294694,0.03878969833294693,6.5556575042550615e-18
2012-05-16,3,c0042_0075,0.025860712130640416,0.025860712130640416,1.5299701331801746e-53
2012-05-16,4,c0018_0044,0.023274914890179115,0.023274914890179115,6.005512250013514e-48
2012-05-16,5,c0030_0014,0.020689117649717818,0.020689117649717818,1.7855926261819283e-21
2012-05-16,6,c0011_0028,0.018103320409256517,0.018103320409256517,4.667258621669425e-109
2012-05-16,7,c0021_0029,0.018103320409256517,0.018103320409256517,3.163005268233293e-81
2012-05-16,8,c0052_0016,0.015517746144447068,0.015517523168795212,2.2297565185642003e-07
2012-05-16,9,c0014_0047,0.015517523168795403,0.015517523168795212,1.9121368878045894e-16
2012-05-16,10,c0019_0024,0.012931725975632689,0.012931725928333908,4.7298781149081025e-11
2012-05-16,11,c0053_0022,0.012931725928333908,0.012931725928333908,1.6203077889992882e-71
2012-05-16,12,c0013_0050,0.012931725928333908,0.012931725928333908,4.323835675273524e-102
2012-05-16,13,c0035_0095,0.012931725928333908,0.012931725928333908,4.212479350696124e-50
2012-05-16,14,c0035_0020,0.012931725928333908,0.012931725928333908,2.216013283483129e-140
2012-05-16,15,c0038_0023,0.01158510679825714,0.007760131447411304,0.003824975350845836
2012-05-16,16,c0039_0088,0.01106837321310243,0.010345928687872607,0.0007224445252298219
2012-05-16,17,c0003_0034,0.010345928913522472,0.010345928687872607,2.2564986469454462e-10
2012-05-16,18,c0015_0028,0.010345928687872671,0.010345928687872607,6.484469379122489e-17
2012-05-16,19,c0044_0024,0.010345928687872607,0.010345928687872607,9.1719501939629e-106
2012-05-16,20,c0025_0019,0.010345928687872607,0.010345928687872607,2.9192306943888237e-108
2012-05-17,1,c0025_0043,0.03878969833294693,0.03878969833294693,8.87211765140584e-19
2012-05-17,2,c0007_0043,0.03270210384999821,0.007760131447411304,0.024941972402586905
2012-05-17,3,c0042_0075,0.025860712130640416,0.025860712130640416,2.0705894131749696e-54
2012-05-17,4,c0018_0044,0.023274914890179115,0.023274914890179115,8.12757701336526e-49
2012-05-17,5,c0035_0015,0.02288820242328663,0.007760131447411304,0.015128070975875329
2012-05-17,6,c0030_0014,0.020689117649717818,0.020689117649717818,2.416536838095383e-22
2012-05-17,7,c0011_0028,0.018103320409256517,0.018103320409256517,6.316447675021541e-110
2012-05-17,8,c0021_0029,0.018103320409256517,0.018103320409256517,4.280662138552507e-82
2012-05-17,9,c0002_0034,0.01591123498447954,0.010345928687872607,0.005565306296606933
2012-05-17,10,c0052_0016,0.015517553345268211,0.015517523168795212,3.017647299885695e-08
2012-05-17,11,c0014_0047,0.015517523168795238,0.015517523168795212,2.5877958729820918e-17
2012-05-17,12,c0019_0024,0.012931725934735102,0.012931725928333908,6.401193943557437e-12
2012-05-17,13,c0035_0095,0.012931725928333908,0.012931725928333908,5.700970860548422e-51
2012-05-17,14,c0053_0022,0.012931725928333908,0.012931725928333908,2.192848135547083e-72
2012-05-17,15,c0035_0020,0.012931725928333908,0.012931725928333908,2.9990478537628535e-141
2012-05-17,16,c0013_0050,0.012931725928333908,0.012931725928333908,5.851675257817128e-103
2012-05-17,17,c0039_0088,0.010443700922317325,0.010345928687872607,9.777223444471813e-05
2012-05-17,18,c0003_0034,0.010345928718410995,0.010345928687872607,3.053838835073952e-11
2012-05-17,19,c0015_0028,0.010345928687872616,0.010345928687872607,8.775775000626838e-18
2012-05-17,20,c0015_0048,0.010345928687872607,0.010345928687872607,2.3643392687191192e-20
2012-05-18,1,c0007_0055,0.047284597047379896,0.0025885369664886996,0.0446960600808912
2012-05-18,2,c0046_0010,0.040422934999576006,0.0025885369664886996,0.03783439803308731
2012-05-18,3,c0025_0043,0.03878969833294693,0.03878969833294693,1.2007105552615607e-19
2012-05-18,4,c0042_0075,0.025860712130640416,0.025860712130640416,2.8022380469876623e-55
2012-05-18,5,c0018_0044,0.023274914890179115,0.023274914890179115,1.0999479371311704e-49
2012-05-18,6,c0061_0017,0.022888202423286638,0.007760131447411304,0.015128070975875332
2012-05-18,7,c0030_0014,0.020689117649717818,0.020689117649717818,3.2704269743534715e-23
2012-05-18,8,c0021_0029,0.018103320409256517,0.018103320409256517,5.793246229612478e-83
2012-05-18,9,c0011_0028,0.018103320409256517,0.018103320409256517,8.548382351482843e-111
2012-05-18,10,c0045_0014,0.017874443899948272,2.7397260273972604e-06,0.017871704173920876
2012-05-18,11,c0052_0016,0.015517527252736732,0.015517523168795212,4.0839415203823e-09
2012-05-18,12,c0014_0047,0.015517523168795216,0.015517523168795212,3.5022008742856894e-18
2012-05-18,13,c0051_0022,0.015394172580415286,0.0025885369664886996,0.012805635613926588
2012-05-18,14,c0019_0024,0.012931725929200215,0.012931725928333908,8.663073954038356e-13
2012-05-18,15,c0053_0022,0.012931725928333908,0.012931725928333908,2.9676972351914264e-73
2012-05-18,16,c0035_0020,0.012931725928333908,0.012931725928333908,4.058769907291513e-142
2012-05-18,17,c0013_0050,0.012931725928333908,0.012931725928333908,7.919381284253597e-104
2012-05-18,18,c0035_0095,0.012931725928333908,0.012931725928333908,7.715425061359967e-52
2012-05-18,19,c0007_0043,0.011135660346995181,0.007760131447411304,0.003375528899583876
2012-05-18,20,c0002_0034,0.011099110991822411,0.010345928687872607,0.0007531823039498035
2012-05-19,1,c0003_0047,0.04918627607800773,0.0025885369664886996,0.046597739111519036
2012-05-19,2,c0031_0097,0.039446874305148864,2.7397260273972604e-06,0.039444134579121465
2012-05-19,3,c0025_0043,0.03878969833294693,0.03878969833294693,1.6249850308151386e-20
2012-05-19,4,c0023_0041,0.02887305526892716,0.007760131447411304,0.021112923821515854
2012-05-19,5,c0042_0075,0.025860712130640416,0.025860712130640416,3.7924167978548775e-56
2012-05-19,6,c0018_0044,0.023274914890179115,0.023274914890179115,1.4886176561717482e-50
2012-05-19,7,c0030_0014,0.020689117649717818,0.020689117649717818,4.426041608787854e-24
2012-05-19,8,c0021_0029,0.018103320409256517,0.018103320409256517,7.840306193440433e-84
2012-05-19,9,c0011_0028,0.018103320409256517,0.018103320409256517,1.156897746752792e-111
2012-05-19,10,c0052_0016,0.015517523721496595,0.015517523168795212,5.527013823827014e-10
2012-05-19,11,c0014_0047,0.015517523168795212,0.015517523168795212,4.739713472729663e-19
2012-05-19,12,c0019_0024,0.012931725928451149,0.012931725928333908,1.1724195672695033e-13
2012-05-19,13,c0053_0022,0.012931725928333908,0.012931725928333908,4.016341458851441e-74
2012-05-19,14,c0035_0095,0.012931725928333908,0.012931725928333908,1.044169235970011e-52
2012-05-19,15,c0013_0050,0.012931725928333908,0.012931725928333908,1.0717717091631902e-104
2012-05-19,16,c0035_0020,0.012931725928333908,0.012931725928333908,5.492947749955371e-143
2012-05-19,17,c0002_0034,0.010447860828306458,0.010345928687872607,0.00010193214043385118
2012-05-19,18,c0039_0088,0.010347719448812041,0.010345928687872607,1.790760939434116e-06
2012-05-19,19,c0003_0034,0.010345928688431937,0.010345928687872607,5.593300932760718e-13
2012-05-19,20,c0023_0042,0.010345928687872607,0.010345928687872607,1.0570736512904294e-118
2012-05-20,1,c0017_0043,0.047400181849981717,0.0051743342069500015,0.042225847643031715
2012-05-20,2,c0025_0043,0.03878969833294693,0.03878969833294693,2.1991780940062263e-21
2012-05-20,3,c0035_0091,0.030851494410915524,0.0025885369664886996,0.028262957444426823
2012-05-20,4,c0042_0075,0.025860712130640416,0.025860712130640416,5.132478014889776e-57
2012-05-20,5,c0018_0044,0.023274914890179115,0.023274914890179115,2.014624921290261e-51
2012-05-20,6,c0022_0093,0.02161709581207347,0.0051743342069500015,0.01644276160512347
2012-05-20,7,c0030_0014,0.020689117649717818,0.020689117649717818,5.989995947423372e-25
2012-05-20,8,c0021_0029,0.018103320409256517,0.018103320409256517,1.06107005935103e-84
2012-05-20,9,c0011_0028,0.018103320409256517,0.018103320409256517,1.5656908423258816e-112
2012-05-20,10,c0052_0016,0.01551752324359521,0.015517523168795212,7.47999981300303e-11
2012-05-20,11,c0014_0047,0.015517523168795212,0.015517523168795212,6.414504652922584e-20
2012-05-20,12,c0019_0024,0.012931725928349775,0.012931725928333908,1.586697342085652e-14
2012-05-20,13,c0035_0095,0.012931725928333908,0.012931725928333908,1.4131293929695891e-53
2012-05-20,14,c0053_0022,0.012931725928333908,0.012931725928333908,5.435527089086101e-75
2012-05-20,15,c0013_0050,0.012931725928333908,0.012931725928333908,1.4504852782458886e-105
2012-05-20,16,c0035_0020,0.012931725928333908,0.012931725928333908,7.433896395441247e-144
2012-05-20,17,c0023_0041,0.01061745497274918,0.007760131447411304,0.0028573235253378762
2012-05-20,18,c0002_0034,0.010359723702969136,0.010345928687872607,1.3795015096529432e-05
2012-05-20,19,c0039_0088,0.010346171041011555,0.010345928687872607,2.4235313894737877e-07
2012-05-20,20,c0003_0034,0.010345928687948303,0.010345928687872607,7.569709659627819e-14
2012-05-21,1,c0025_0043,0.03878969833294693,0.03878969833294693,2.9762639024008674e-22
2012-05-21,2,c0040_0012,0.0346146634737345,0.0025885369664886996,0.0320261265072458
2012-05-21,3,c0032_0013,0.02946819854123101,2.7397260273972604e-06,0.029465458815203613
2012-05-21,4,c0042_0075,0.025860712130640416,0.025860712130640416,6.946053658507956e-58
2012-05-21,5,c0018_0044,0.023274914890179115,0.023274914890179115,2.7264983433835604e-52
2012-05-21,6,c0030_0014,0.020689117649717818,0.020689117649717818,8.106577981307044e-26
2012-05-21,7,c0021_0029,0.018103320409256517,0.018103320409256517,1.4360021701616108e-85
2012-05-21,8,c0011_0028,0.018103320409256517,0.018103320409256517,2.118932136071439e-113
2012-05-21,9,c0052_0016,0.015517523178918292,0.015517523168795212,1.0123078933025751e-11
2012-05-21,10,c0014_0047,0.015517523168795212,0.015517523168795212,8.681088040258478e-21
2012-05-21,11,c0019_0024,0.012931725928336055,0.012931725928333908,2.1473613420194224e-15
2012-05-21,12,c0035_0020,0.012931725928333908,0.012931725928333908,1.0060684742286756e-144
2012-05-21,13,c0053_0022,0.012931725928333908,0.012931725928333908,7.356185981417483e-76
2012-05-21,14,c0035_0095,0.012931725928333908,0.012931725928333908,1.9124626664752194e-54
2012-05-21,15,c0013_0050,0.012931725928333908,0.012931725928333908,1.963018359619443e-106
2012-05-21,16,c0017_0043,0.010888981257625755,0.0051743342069500015,0.005714647050675753
2012-05-21,17,c0002_0034,0.010347795640147948,0.010345928687872607,1.8669522753421588e-06
2012-05-21,18,c0039_0088,0.01034596148680331,0.010345928687872607,3.279893070272566e-08
2012-05-21,19,c0003_0034,0.010345928687882852,0.010345928687872607,1.024448800804654e-14
2012-05-21,20,c0023_0028,0.010345928687872607,0.010345928687872607,2.689923302751269e-28
2012-05-22,1,c0037_0088,0.047284597047379896,0.0025885369664886996,0.0446960600808912
2012-05-22,2,c0025_0043,0.03878969833294693,0.03878969833294693,4.027935182183276e-23
2012-05-22,3,c0042_0075,0.025860712130640416,0.025860712130640416,9.40046139250884e-59
2012-05-22,4,c0018_0044,0.023274914890179115,0.023274914890179115,3.689914255459694e-53
2012-05-22,5,c0030_0014,0.020689117649717818,0.020689117649717818,1.0971060271798767e-26
2012-05-22,6,c0021_0029,0.018103320409256517,0.018103320409256517,1.9434176042721205e-86
2012-05-22,7,c0011_0028,0.018103320409256517,0.018103320409256517,2.867662807943889e-114
2012-05-22,8,c0052_0016,0.015517523170165222,0.015517523168795212,1.370009754627627e-12
2012-05-22,9,c0014_0047,0.015517523168795212,0.015517523168795212,1.1748575087303521e-21
2012-05-22,10,c0019_0024,0.0129317259283342,0.012931725928333908,2.9061375543355127e-16
2012-05-22,11,c0035_0095,0.012931725928333908,0.012931725928333908,2.5882367664687135e-55
2012-05-22,12,c0013_0050,0.012931725928333908,0.012931725928333908,2.6566564569776817e-107
2012-05-22,13,c0035_0020,0.012931725928333908,0.012931725928333908,1.3615656191516454e-145
2012-05-22,14,c0053_0022,0.012931725928333908,0.012931725928333908,9.955515133363347e-77
2012-05-22,15,c0002_0034,0.01034618135238758,0.010345928687872607,2.5266451497266954e-07
2012-05-22,16,c0039_0088,0.010345933126725184,0.010345928687872607,4.438852576511408e-09
2012-05-22,17,c0003_0034,0.010345928687873993,0.010345928687872607,1.3864406861830602e-15
2012-05-22,18,c0025_0019,0.010345928687872607,0.010345928687872607,1.793637329467871e-113
2012-05-22,19,c0015_0049,0.010345928687872607,0.010345928687872607,6.134537123766665e-31
2012-05-22,20,c0029_0014,0.010345928687872607,0.010345928687872607,1.4504852782458894e-105
2012-05-23,1,c0025_0029,0.04647052121775859,0.005173023059572027,0.04129749815818656
2012-05-23,2,c0002_0049,0.04388537955098627,0.0025878813927997122,0.04129749815818656
2012-05-23,3,c0021_0022,0.040583413911404013,0.0025878813927997122,0.037995532518604304
2012-05-23,4,c0025_0043,0.03877986472761212,0.03877986472761212,5.4744339034326194e-24
2012-05-23,5,c0040_0008,0.03756829510462123,0.010343306393116656,0.027224988711504573
2012-05-23,6,c0042_0075,0.025854156393750542,0.025854156393750542,1.2776323904786947e-59
2012-05-23,7,c0018_0044,0.02326901472697823,0.02326901472697823,5.0150240227795076e-54
2012-05-23,8,c0030_0014,0.020683873060205915,0.020683873060205915,1.4910951043651887e-27
2012-05-23,9,c0011_0028,0.0180987313934336,0.0180987313934336,3.8974883629857893e-115
2012-05-23,10,c0021_0029,0.0180987313934336,0.0180987313934336,2.6413312876570044e-87
2012-05-23,11,c0052_0016,0.015513589726847488,0.015513589726661288,1.8620031131438433e-13
2012-05-23,12,c0014_0047,0.015513589726661288,0.015513589726661288,1.596768440054599e-22
2012-05-23,13,c0019_0024,0.01292844805988901,0.012928448059888971,3.949780032674118e-17
2012-05-23,14,c0013_0050,0.012928448059888971,0.012928448059888971,3.610706111206248e-108
2012-05-23,15,c0035_0095,0.012928448059888971,0.012928448059888971,3.5177157684019626e-56
2012-05-23,16,c0035_0020,0.012928448059888971,0.012928448059888971,1.8505265477464274e-146
2012-05-23,17,c0053_0022,0.012928448059888971,0.012928448059888971,1.3530706703845116e-77
2012-05-23,18,c0037_0088,0.011247739150809235,0.005173023059572027,0.006074716091237208
2012-05-23,19,c0017_0043,0.01044841957725041,0.010343306393116656,0.0001051131841337534
2012-05-23,20,c0023_0041,0.010350419154389978,0.010343306393116656,7.112761273321865e-06
2012-05-24,1,c0045_0022,0.042200006231116305,0.0025878813927997122,0.039612124838316595
2012-05-24,2,c0025_0043,0.03877986472761212,0.03877986472761212,7.408840628811687e-25
2012-05-24,3,c0042_0075,0.025854156393750542,0.025854156393750542,1.7290874143770465e-60
2012-05-24,4,c0018_0044,0.02326901472697823,0.02326901472697823,6.787096965612814e-55
2012-05-24,5,c0030_0014,0.020683873060205915,0.020683873060205915,2.0179777828198932e-28
2012-05-24,6,c0011_0028,0.0180987313934336,0.0180987313934336,5.274676915160837e-116
2012-05-24,7,c0021_0029,0.0180987313934336,0.0180987313934336,3.574653179367876e-88
2012-05-24,8,c0004_0026,0.016565656662755227,0.0025878813927997122,0.013977775269955516
2012-05-24,9,c0052_0016,0.015513589726686488,0.015513589726661288,2.5199471870477653e-14
2012-05-24,10,c0014_0047,0.015513589726661288,0.015513589726661288,2.1609910909807336e-23
2012-05-24,11,c0040_0008,0.01402780795150171,0.010343306393116656,0.003684501558385055
2012-05-24,12,c0019_0024,0.012928448059888976,0.012928448059888971,5.3454459944426906e-18
2012-05-24,13,c0013_0050,0.012928448059888971,0.012928448059888971,4.88655934244266e-109
2012-05-24,14,c0053_0022,0.012928448059888971,0.012928448059888971,1.8311820241564127e-78
2012-05-24,15,c0035_0020,0.012928448059888971,0.012928448059888971,2.5044153447613383e-147
2012-05-24,16,c0035_0095,0.012928448059888971,0.012928448059888971,4.760710598625782e-57
2012-05-24,17,c0025_0029,0.010762031669773695,0.005173023059572027,0.005589008610201668
2012-05-24,18,c0017_0043,0.0103575319156633,0.010343306393116656,1.4225522546643737e-05
2012-05-24,19,c0023_0041,0.010344269000678174,0.010343306393116656,9.626075615194244e-07
2012-05-24,20,c0007_0043,0.010343327221413321,0.010343306393116656,2.0828296665983064e-08
2012-05-25,1,c0025_0043,0.03877986472761212,0.03877986472761212,1.0026775449551535e-25
2012-05-25,2,c0031_0055,0.03216526363051299,2.7397260273972604e-06,0.03216252390448559
2012-05-25,3,c0042_0075,0.025854156393750542,0.025854156393750542,2.3400653496557993e-61
2012-05-25,4,c0018_0044,0.02326901472697823,0.02326901472697823,9.18533690195565e-56
2012-05-25,5,c0030_0014,0.020683873060205915,0.020683873060205915,2.7310359480312196e-29
2012-05-25,6,c0021_0029,0.0180987313934336,0.0180987313934336,4.8377670050240964e-89
2012-05-25,7,c0011_0028,0.0180987313934336,0.0180987313934336,7.138498942949145e-117
2012-05-25,8,c0052_0016,0.015513589726664698,0.015513589726661288,3.4103776630041484e-15
2012-05-25,9,c0014_0047,0.015513589726661288,0.015513589726661288,2.9245834136967426e-24
2012-05-25,10,c0035_0020,0.012928448059888971,0.012928448059888971,3.3893576002539476e-148
2012-05-25,11,c0019_0024,0.012928448059888971,0.012928448059888971,7.234274476839184e-19
2012-05-25,12,c0053_0022,0.012928448059888971,0.012928448059888971,2.478235378970019e-79
2012-05-25,13,c0035_0095,0.012928448059888971,0.012928448059888971,6.442921172725643e-58
2012-05-25,14,c0013_0050,0.012928448059888971,0.012928448059888971,6.613238926619932e-110
2012-05-25,15,c0040_0008,0.010841949455106437,0.010343306393116656,0.0004986430619897821
2012-05-25,16,c0017_0043,0.010345231608239695,0.010343306393116656,1.9252151230388506e-06
2012-05-25,17,c0023_0041,0.01034343666788364,0.010343306393116656,1.302747669839364e-07
2012-05-25,18,c0007_0043,0.010343309211920084,0.010343306393116656,2.8188034286270138e-09
2012-05-25,19,c0035_0015,0.010343308102807359,0.010343306393116656,1.7096907031653753e-09
2012-05-25,20,c0002_0034,0.010343307022076717,0.010343306393116656,6.289600604564887e-10
2012-05-26,1,c0025_0043,0.03877986472761212,0.03877986472761212,1.3569764954149713e-26
2012-05-26,2,c0042_0075,0.025854156393750542,0.025854156393750542,3.166934068878507e-62
2012-05-26,3,c0018_0044,0.02326901472697823,0.02326901472697823,1.2431001712498783e-56
2012-05-26,4,c0030_0014,0.020683873060205915,0.020683873060205915,3.696055235561762e-30
2012-05-26,5,c0011_0028,0.0180987313934336,0.0180987313934336,9.660907763282827e-118
2012-05-26,6,c0021_0029,0.0180987313934336,0.0180987313934336,6.547205678576756e-90
2012-05-26,7,c0045_0022,0.016720737439735945,0.0025878813927997122,0.014132856046936232
2012-05-26,8,c0052_0016,0.01551358972666175,0.015513589726661288,4.615444269664837e-16
2012-05-26,9,c0014_0047,0.015513589726661288,0.015513589726661288,3.9579932464174824e-25
2012-05-26,10,c0035_0020,0.012928448059888971,0.012928448059888971,4.5869967082053385e-149
2012-05-26,11,c0035_0095,0.012928448059888971,0.012928448059888971,8.719545617819936e-59
2012-05-26,12,c0019_0024,0.012928448059888971,0.012928448059888971,9.790525853344291e-20
2012-05-26,13,c0053_0022,0.012928448059888971,0.012928448059888971,3.3539268693990168e-80
2012-05-26,14,c0013_0050,0.012928448059888971,0.012928448059888971,8.950045632455008e-111
2012-05-26,15,c0040_0008,0.010410790393145014,0.010343306393116656,6.7484000028359e-05
2012-05-26,16,c0017_0043,0.010343566942650623,0.010343306393116656,2.60549533967873e-07
2012-05-26,17,c0023_0041,0.010343324023889143,0.010343306393116656,1.7630772488354752e-08
2012-05-26,18,c0007_0043,0.010343306774600216,0.010343306393116656,3.8148356040157183e-10
2012-05-26,19,c0035_0015,0.01034330662449813,0.010343306393116656,2.3138147555988956e-10
2012-05-26,20,c0002_0034,0.010343306478237144,0.010343306393116656,8.512048792639593e-11
2012-05-27,1,c0025_0043,0.03877986472761212,0.03877986472761212,1.8364679835241118e-27
2012-05-27,2,c0042_0075,0.025854156393750542,0.025854156393750542,4.2859791920335095e-63
2012-05-27,3,c0018_0044,0.02326901472697823,0.02326901472697823,1.6823531376758403e-57
2012-05-27,4,c0050_0021,0.02304819513066928,2.7397260273972604e-06,0.023045455404641885
2012-05-27,5,c0030_0014,0.020683873060205915,0.020683873060205915,5.002066821629162e-31
2012-05-27,6,c0021_0029,0.0180987313934336,0.0180987313934336,8.860679349185443e-91
2012-05-27,7,c0011_0028,0.0180987313934336,0.0180987313934336,1.3074616884666717e-118
2012-05-27,8,c0052_0016,0.01551358972666135,0.015513589726661288,6.246324574978917e-17
2012-05-27,9,c0014_0047,0.015513589726661288,0.015513589726661288,5.356561370525102e-26
2012-05-27,10,c0044_0010,0.015195240270239737,2.7397260273972604e-06,0.01519250054421234
2012-05-27,11,c0035_0020,0.012928448059888971,0.012928448059888971,6.207824987103796e-150
2012-05-27,12,c0013_0050,0.012928448059888971,0.012928448059888971,1.2112569606489067e-111
2012-05-27,13,c0053_0022,0.012928448059888971,0.012928448059888971,4.539046428250017e-81
2012-05-27,14,c0035_0095,0.012928448059888971,0.012928448059888971,1.180062175882226e-59
2012-05-27,15,c0019_0024,0.012928448059888971,0.012928448059888971,1.3250035893977288e-20
2012-05-27,16,c0040_0008,0.010352439359374433,0.010343306393116656,9.132966257777541e-06
2012-05-27,17,c0017_0043,0.010343341654661633,0.010343306393116656,3.5261544976709524e-08
2012-05-27,18,c0023_0041,0.010343308779182244,0.010343306393116656,2.386065588391769e-09
2012-05-27,19,c0007_0043,0.010343306444744842,0.010343306393116656,5.162818569705817e-11
2012-05-27,20,c0035_0015,0.010343306424430734,0.010343306393116656,3.131407753060304e-11
2012-05-28,1,c0025_0043,0.03877986472761212,0.03877986472761212,2.485389147052067e-28
2012-05-28,2,c0042_0075,0.025854156393750542,0.025854156393750542,5.800442079000836e-64
2012-05-28,3,c0018_0044,0.02326901472697823,0.02326901472697823,2.276817383913639e-58
2012-05-28,4,c0030_0014,0.020683873060205915,0.020683873060205915,6.769561300736458e-32
2012-05-28,5,c0011_0028,0.0180987313934336,0.0180987313934336,1.769456979296569e-119
2012-05-28,6,c0021_0029,0.0180987313934336,0.0180987313934336,1.1991625493908169e-91
2012-05-28,7,c0052_0016,0.015513589726661297,0.015513589726661288,8.453481055425862e-18
2012-05-28,8,c0014_0047,0.015513589726661288,0.015513589726661288,7.24931750254313e-27
2012-05-28,9,c0019_0024,0.012928448059888971,0.012928448059888971,1.7931973606067012e-21
2012-05-28,10,c0035_0020,0.012928448059888971,0.012928448059888971,8.401377529130138e-151
2012-05-28,11,c0035_0095,0.012928448059888971,0.012928448059888971,1.5970404880983454e-60
2012-05-28,12,c0013_0050,0.012928448059888971,0.012928448059888971,1.6392580384173845e-112
2012-05-28,13,c0053_0022,0.012928448059888971,0.012928448059888971,6.142931339913515e-82
2012-05-28,14,c0040_0008,0.010344542405691942,0.010343306393116656,1.2360125752867506e-06
2012-05-28,15,c0017_0043,0.010343311165247832,0.010343306393116656,4.772131176783541e-09
2012-05-28,16,c0023_0041,0.010343306716035517,0.010343306393116656,3.2291886222613503e-10
2012-05-28,17,c0007_0043,0.010343306400103771,0.010343306393116656,6.987115134303802e-12
2012-05-28,18,c0035_0015,0.010343306397354556,0.010343306393116656,4.237899551897411e-12
2012-05-28,19,c0002_0034,0.010343306394675691,0.010343306393116656,1.5590361188927254e-12
2012-05-28,20,c0039_0088,0.010343306393144045,0.010343306393116656,2.738940802181853e-14
2012-05-29,1,c0025_0043,0.03877986472761212,0.03877986472761212,3.363608441694947e-29
2012-05-29,2,c0042_0075,0.025854156393750542,0.025854156393750542,7.850044716591447e-65
2012-05-29,3,c0018_0044,0.02326901472697823,0.02326901472697823,3.0813372552999586e-59
2012-05-29,4,c0030_0014,0.020683873060205915,0.020683873060205915,9.161604960227807e-33
2012-05-29,5,c0040_0055,0.019510296567838387,2.7397260273972604e-06,0.01950755684181099
2012-05-29,6,c0021_0029,0.0180987313934336,0.0180987313934336,1.6228900326854474e-92
2012-05-29,7,c0011_0028,0.0180987313934336,0.0180987313934336,2.3946996146810228e-120
2012-05-29,8,c0023_0031,0.01763553554914058,0.007758164726344342,0.00987737082279624
2012-05-29,9,c0052_0016,0.01551358972666129,0.015513589726661288,1.1440542529713986e-18
2012-05-29,10,c0014_0047,0.015513589726661288,0.015513589726661288,9.81088437478808e-28
2012-05-29,11,c0035_0020,0.012928448059888971,0.012928448059888971,1.1370028074825404e-151
2012-05-29,12,c0035_0095,0.012928448059888971,0.012928448059888971,2.161359267971277e-61
2012-05-29,13,c0053_0022,0.012928448059888971,0.012928448059888971,8.3135535279026e-83
2012-05-29,14,c0013_0050,0.012928448059888971,0.012928448059888971,2.2184945092711086e-113
2012-05-29,15,c0019_0024,0.012928448059888971,0.012928448059888971,2.426828726968542e-22
2012-05-29,16,c0040_0008,0.010343473669228616,0.010343306393116656,1.6727611196044743e-07
2012-05-29,17,c0017_0043,0.010343307038954381,0.010343306393116656,6.458377244522703e-10
2012-05-29,18,c0023_0041,0.010343306436818972,0.010343306393116656,4.370231568181869e-11
2012-05-29,19,c0007_0043,0.010343306394062259,0.010343306393116656,9.456032057078281e-13
2012-05-29,20,c0035_0015,0.010343306393690193,0.010343306393116656,5.7353733618435e-13
2012-05-30,1,c0040_0083,0.09101161831635105,0.012906950138392029,0.07810466817795901
2012-05-30,2,c0049_0009,0.041165460006327724,0.010326108055919101,0.030839351950408624
2012-05-30,3,c0025_0043,0.03871537096312129,0.03871537096312129,4.678761744801756e-30
2012-05-30,4,c0029_0022,0.03257807358683454,0.0025835818085003237,0.029994491778334218
2012-05-30,5,c0042_0075,0.025811160550756655,0.025811160550756655,1.0919371131219929e-65
2012-05-30,6,c0046_0006,0.02521456075043539,0.00516442389097325,0.020050136859462143
2012-05-30,7,c0018_0044,0.02323031846828373,0.02323031846828373,4.286124001301719e-60
2012-05-30,8,c0030_0014,0.018068634303337883,0.018068634303337883,1.2743744568348215e-33
2012-05-30,9,c0021_0029,0.018068634303337883,0.018068634303337883,2.257431544892475e-93
2012-05-30,10,c0011_0028,0.015487792220864955,0.015487792220864955,3.331014635524955e-121
2012-05-30,11,c0052_0016,0.015487792220864955,0.015487792220864955,1.591373480464656e-19
2012-05-30,12,c0014_0047,0.015487792220864955,0.015487792220864955,1.3646888837126758e-28
2012-05-30,13,c0040_0085,0.014744604545198483,0.0025835818085003237,0.01216102273669816
2012-05-30,14,c0035_0020,0.012906950138392029,0.012906950138392029,1.5815649566811275e-152
2012-05-30,15,c0019_0024,0.012906950138392029,0.012906950138392029,3.3757060626250525e-23
2012-05-30,16,c0053_0022,0.012906950138392029,0.012906950138392029,1.1564109462786363e-83
2012-05-30,17,c0013_0050,0.012906950138392029,0.012906950138392029,3.0859142557627853e-114
2012-05-30,18,c0040_0008,0.01032613132393876,0.010326108055919101,2.3268019658832268e-08
2012-05-30,19,c0007_0043,0.010326108056050635,0.010326108055919101,1.3153291119694965e-13
2012-05-30,20,c0035_0015,0.01032610805599888,0.010326108055919101,7.977874340220911e-14
2012-05-31,1,c0025_0043,0.03871537096312129,0.03871537096312129,6.332015459293738e-31
2012-05-31,2,c0025_0019,0.03830832818166106,0.010326108055919101,0.027982220125741954
2012-05-31,3,c0042_0075,0.025811160550756655,0.025811160550756655,1.4777761848093412e-66
2012-05-31,4,c0040_0083,0.023477267528357763,0.012906950138392029,0.010570317389965734
2012-05-31,5,c0018_0044,0.02323031846828373,0.02323031846828373,5.800638057034119e-61
2012-05-31,6,c0030_0014,0.018068634303337883,0.018068634303337883,1.7246782806524504e-34
2012-05-31,7,c0021_0029,0.018068634303337883,0.018068634303337883,3.055101375152873e-94
2012-05-31,8,c0011_0028,0.015487792220864955,0.015487792220864955,4.5080380916407214e-122
2012-05-31,9,c0052_0016,0.015487792220864955,0.015487792220864955,2.153689807139184e-20
2012-05-31,10,c0014_0047,0.015487792220864955,0.015487792220864955,1.8469055660711178e-29
2012-05-31,11,c0049_0009,0.014499760486961236,0.010326108055919101,0.004173652431042135
2012-05-31,12,c0013_0050,0.012906950138392029,0.012906950138392029,4.176330798475575e-115
2012-05-31,13,c0053_0022,0.012906950138392029,0.012906950138392029,1.5650320295253855e-84
2012-05-31,14,c0019_0024,0.012906950138392029,0.012906950138392029,4.568521361089121e-24
2012-05-31,15,c0035_0020,0.012906950138392029,0.012906950138392029,2.1404154136954147e-153
2012-05-31,16,c0038_0059,0.010960734574176713,2.7397260273972604e-06,0.010957994848149315
2012-05-31,17,c0040_0008,0.010326111204903132,0.010326108055919101,3.1489840308831377e-09
2012-05-31,18,c0007_0043,0.010326108055936903,0.010326108055919101,1.7801043791775408e-14
2012-05-31,19,c0035_0015,0.010326108055929898,0.010326108055919101,1.0796878834599016e-14
2012-05-31,20,c0039_0088,0.01032610805591917,0.010326108055919101,6.977987942884755e-17
2012-06-01,1,c0035_0095,0.04778469518957205,0.010326108055919101,0.037458587133652944
2012-06-01,2,c0025_0043,0.03871537096312129,0.03871537096312129,8.569451056421283e-32
2012-06-01,3,c0042_0075,0.025811160550756655,0.025811160550756655,1.999952585314931e-67
2012-06-01,4,c0018_0044,0.02323031846828373,0.02323031846828373,7.850309944017873e-62
2012-06-01,5,c0021_0029,0.018068634303337883,0.018068634303337883,4.1346300992287905e-95
2012-06-01,6,c0030_0014,0.018068634303337883,0.018068634303337883,2.334098236041336e-35
2012-06-01,7,c0014_0047,0.015487792220864955,0.015487792220864955,2.4995148789551122e-30
2012-06-01,8,c0052_0016,0.015487792220864955,0.015487792220864955,2.914702200529872e-21
2012-06-01,9,c0011_0028,0.015487792220864955,0.015487792220864955,6.10096611973636e-123
2012-06-01,10,c0040_0083,0.014337487036263934,0.012906950138392029,0.0014305368978719051
2012-06-01,11,c0025_0019,0.014113089742225634,0.010326108055919101,0.0037869816863065316
2012-06-01,12,c0019_0024,0.012906950138392029,0.012906950138392029,6.182821323755116e-25
2012-06-01,13,c0013_0050,0.012906950138392029,0.012906950138392029,5.652049115014806e-116
2012-06-01,14,c0035_0020,0.012906950138392029,0.012906950138392029,2.8967372625648052e-154
2012-06-01,15,c0053_0022,0.012906950138392029,0.012906950138392029,2.1180405299018887e-85
2012-06-01,16,c0049_0009,0.010890950489805366,0.010326108055919101,0.0005648424338862646
2012-06-01,17,c0040_0008,0.010326108482087747,0.010326108055919101,4.2616864572713973e-10
2012-06-01,18,c0007_0043,0.010326108055921511,0.010326108055919101,2.409109303467271e-15
2012-06-01,19,c0035_0015,0.010326108055920562,0.010326108055919101,1.4611986551518465e-15
2012-06-01,20,c0039_0088,0.01032610805591911,0.010326108055919101,9.443679746719767e-18
2012-06-02,1,c0043_0016,0.04613762124875137,2.7397260273972604e-06,0.04613488152272397
2012-06-02,2,c0026_0017,0.041094305747777164,0.00516442389097325,0.035929881856803916
2012-06-02,3,c0025_0043,0.03871537096312129,0.03871537096312129,1.1597490859030647e-32
2012-06-02,4,c0003_0041,0.0330598268466713,2.7397260273972604e-06,0.033057087120643903
2012-06-02,5,c0042_0075,0.025811160550756655,0.025811160550756655,2.7066414959339203e-68
2012-06-02,6,c0018_0044,0.02323031846828373,0.02323031846828373,1.0624239197688561e-62
2012-06-02,7,c0023_0018,0.018449756156129062,2.7397260273972604e-06,0.018447016430101666
2012-06-02,8,c0030_0014,0.018068634303337883,0.018068634303337883,3.1588584587673234e-36
2012-06-02,9,c0021_0029,0.018068634303337883,0.018068634303337883,5.595613355577526e-96
2012-06-02,10,c0011_0028,0.015487792220864955,0.015487792220864955,8.256759778314982e-124
2012-06-02,11,c0014_0047,0.015487792220864955,0.015487792220864955,3.382725540975178e-31
2012-06-02,12,c0052_0016,0.015487792220864955,0.015487792220864955,3.9446204785908862e-22
2012-06-02,13,c0035_0095,0.015395576555295361,0.010326108055919101,0.00506946849937626
2012-06-02,14,c0040_0083,0.013100552254645948,0.012906950138392029,0.00019360211625391965
2012-06-02,15,c0035_0020,0.012906950138392029,0.012906950138392029,3.92030757891258e-155
2012-06-02,16,c0053_0022,0.012906950138392029,0.012906950138392029,2.8664561502089738e-86
2012-06-02,17,c0019_0024,0.012906950138392029,0.012906950138392029,8.367538750517674e-26
2012-06-02,18,c0013_0050,0.012906950138392029,0.012906950138392029,7.64921667847775e-117
2012-06-02,19,c0025_0019,0.010838620295047261,0.010326108055919101,0.0005125122391281596
2012-06-02,20,c0000_0023,0.010600622101323145,0.0025835818085003237,0.008017040292822821
2012-06-03,1,c0014_0047,0.05141767407766887,0.015487792220864955,0.035929881856803916
2012-06-03,2,c0025_0043,0.03871537096312129,0.03871537096312129,1.569549710240939e-33
2012-06-03,3,c0042_0075,0.025811160550756655,0.025811160550756655,3.6630409347218616e-69
2012-06-03,4,c0018_0044,0.02323031846828373,0.02323031846828373,1.4378344209927042e-63
2012-06-03,5,c0021_0029,0.018068634303337883,0.018068634303337883,7.572839183596573e-97
2012-06-03,6,c0030_0014,0.018068634303337883,0.018068634303337883,4.275050042216455e-37
2012-06-03,7,c0011_0028,0.015487792220864955,0.015487792220864955,1.1174309232149294e-124
2012-06-03,8,c0052_0016,0.015487792220864955,0.015487792220864955,5.338463297310403e-23
2012-06-03,9,c0040_0083,0.012933151335630461,0.012906950138392029,2.6201197238431834e-05
2012-06-03,10,c0013_0050,0.012906950138392029,0.012906950138392029,1.0352089057200081e-117
2012-06-03,11,c0035_0020,0.012906950138392029,0.012906950138392029,5.305559365667735e-156
2012-06-03,12,c0053_0022,0.012906950138392029,0.012906950138392029,3.8793265497386186e-87
2012-06-03,13,c0019_0024,0.012906950138392029,0.012906950138392029,1.1324232267946416e-26
2012-06-03,14,c0035_0095,0.011012186011141274,0.010326108055919101,0.000686077955222172
2012-06-03,15,c0025_0019,0.010395469044963742,0.010326108055919101,6.936098904464005e-05
2012-06-03,16,c0049_0009,0.010336453505967196,0.010326108055919101,1.0345450048094533e-05
2012-06-03,17,c0040_0008,0.010326108063724653,0.010326108055919101,7.805551020839183e-12
2012-06-03,18,c0007_0043,0.010326108055919145,0.010326108055919101,4.412437604579646e-17
2012-06-03,19,c0035_0015,0.010326108055919127,0.010326108055919101,2.676278691246525e-17
2012-06-03,20,c0029_0014,0.010326108055919101,0.010326108055919101,5.652049115014807e-116
2012-06-04,1,c0025_0043,0.03871537096312129,0.03871537096312129,2.1241545458940083e-34
2012-06-04,2,c0042_0075,0.025811160550756655,0.025811160550756655,4.957386824078896e-70
2012-06-04,3,c0018_0044,0.02323031846828373,0.02323031846828373,1.945897286123986e-64
2012-06-04,4,c0014_0047,0.020350372958613545,0.015487792220864955,0.00486258073774859
2012-06-04,5,c0030_0014,0.018068634303337883,0.018068634303337883,5.785651083140569e-38
2012-06-04,6,c0021_0029,0.018068634303337883,0.018068634303337883,1.0248723358173608e-97
2012-06-04,7,c0011_0028,0.015487792220864955,0.015487792220864955,1.5122783049064208e-125
2012-06-04,8,c0052_0016,0.015487792220864955,0.015487792220864955,7.224824423897647e-24
2012-06-04,9,c0040_0083,0.012910496084841431,0.012906950138392029,3.545946449401526e-06
2012-06-04,10,c0035_0020,0.012906950138392029,0.012906950138392029,7.180293794813059e-157
2012-06-04,11,c0013_0050,0.012906950138392029,0.012906950138392029,1.4010029046468118e-118
2012-06-04,12,c0053_0022,0.012906950138392029,0.012906950138392029,5.250097573761874e-88
2012-06-04,13,c0019_0024,0.012906950138392029,0.012906950138392029,1.5325681814197169e-27
2012-06-04,14,c0030_0012,0.011191420771106747,2.7397260273972604e-06,0.011188681045079349
2012-06-04,15,c0035_0095,0.01041895861031149,0.010326108055919101,9.28505543923887e-05
2012-06-04,16,c0025_0019,0.01033549504501703,0.010326108055919101,9.386989097927949e-06
2012-06-04,17,c0049_0009,0.01032750816033157,0.010326108055919101,1.400104412469102e-06
2012-06-04,18,c0040_0008,0.010326108056975468,0.010326108055919101,1.0563664582231019e-12
2012-06-04,19,c0007_0043,0.010326108055919107,0.010326108055919101,5.971584929796672e-18
2012-06-04,20,c0035_0015,0.010326108055919105,0.010326108055919101,3.621949346999596e-18
2012-06-05,1,c0025_0043,0.03871537096312129,0.03871537096312129,2.87473057106904e-35
2012-06-05,2,c0032_0097,0.029583520980937486,2.7397260273972604e-06,0.02958078125491009
2012-06-05,3,c0042_0075,0.025811160550756655,0.025811160550756655,6.7090934995016905e-71
2012-06-05,4,c0018_0044,0.02323031846828373,0.02323031846828373,2.6334856036694564e-65
2012-06-05,5,c0021_0029,0.018068634303337883,0.018068634303337883,1.3870138784921137e-98
2012-06-05,6,c0030_0014,0.018068634303337883,0.018068634303337883,7.830027280450439e-39
2012-06-05,7,c0014_0047,0.016145870962269056,0.015487792220864955,0.0006580787414041024
2012-06-05,8,c0011_0028,0.015487792220864955,0.015487792220864955,2.0466461272709494e-126
2012-06-05,9,c0052_0016,0.015487792220864955,0.015487792220864955,9.77773659742985e-25
2012-06-05,10,c0040_0083,0.0129074300300591,0.012906950138392029,4.798916670716165e-07
2012-06-05,11,c0035_0020,0.012906950138392029,0.012906950138392029,9.717470944431178e-158
2012-06-05,12,c0013_0050,0.012906950138392029,0.012906950138392029,1.8960512491569335e-119
2012-06-05,13,c0019_0024,0.012906950138392029,0.012906950138392029,2.074105489118578e-28
2012-06-05,14,c0053_0022,0.012906950138392029,0.012906950138392029,7.105234421649162e-89
2012-06-05,15,c0035_0095,0.010338674011996472,0.010326108055919101,1.2565956077370437e-05
2012-06-05,16,c0025_0019,0.010327378446747408,0.010326108055919101,1.2703908283070746e-06
2012-06-05,17,c0049_0009,0.010326297539446324,0.010326108055919101,1.894835272223371e-07
2012-06-05,18,c0040_0008,0.010326108056062065,0.010326108055919101,1.429636538252809e-13
2012-06-05,19,c0007_0043,0.010326108055919101,0.010326108055919101,8.081661378455204e-19
2012-06-05,20,c0035_0015,0.010326108055919101,0.010326108055919101,4.901775407448547e-19
2012-06-06,1,c0048_0021,0.03887293657626419,0.005158101153300786,0.033714835422963406
2012-06-06,2,c0025_0043,0.03866795043057781,0.03866795043057781,3.967935878180351e-36
2012-06-06,3,c0043_0075,0.02883756066819153,0.002580420439664092,0.02625714022852744
2012-06-06,4,c0022_0093,0.026239223165550076,0.010313462580574174,0.0159257605849759
2012-06-06,5,c0042_0075,0.02577954686239434,0.02577954686239434,9.260434029767026e-72
2012-06-06,6,c0018_0044,0.020624185435120953,0.020624185435120953,3.6349500424958323e-66
2012-06-06,7,c0014_0047,0.018137338077311205,0.01804650472148426,9.083335582694498e-05
2012-06-06,8,c0030_0014,0.015468824007847564,0.015468824007847564,1.0807637587294456e-39
2012-06-06,9,c0052_0016,0.015468824007847564,0.015468824007847564,1.3496023677067996e-25
2012-06-06,10,c0021_0029,0.015468824007847564,0.015468824007847564,1.9144688505386766e-99
2012-06-06,11,c0035_0095,0.012892877749205188,0.012891143294210872,1.734454994316027e-06
2012-06-06,12,c0025_0019,0.012891318643838336,0.012891143294210872,1.7534962746356905e-07
2012-06-06,13,c0040_0083,0.012891209532744061,0.012891143294210872,6.623853318904704e-08
2012-06-06,14,c0019_0024,0.012891143294210872,0.012891143294210872,2.8628483198492966e-29
2012-06-06,15,c0013_0050,0.012891143294210872,0.012891143294210872,2.6170834422234916e-120
2012-06-06,16,c0053_0022,0.012891143294210872,0.012891143294210872,9.807219802883794e-90
2012-06-06,17,c0035_0020,0.012891143294210872,0.012891143294210872,1.3412840143570295e-158
2012-06-06,18,c0011_0028,0.012891143294210872,0.012891143294210872,2.8249466854618268e-127
2012-06-06,19,c0049_0009,0.010313488734624699,0.010313462580574174,2.6154050524118428e-08
2012-06-06,20,c0040_0008,0.010313462580593907,0.010313462580574174,1.9733000963569773e-14
2012-06-07,1,c0025_0043,0.03866795043057781,0.03866795043057781,5.370017259382552e-37
2012-06-07,2,c0042_0075,0.02577954686239434,0.02577954686239434,1.2532634623124868e-72
2012-06-07,3,c0018_0044,0.020624185435120953,0.020624185435120953,4.919369935521108e-67
2012-06-07,4,c0014_0047,0.01805879767942243,0.01804650472148426,1.2292957938171622e-05
2012-06-07,5,c0052_0016,0.015468824007847564,0.015468824007847564,1.8264881869040284e-26
2012-06-07,6,c0030_0014,0.015468824007847564,0.015468824007847564,1.4626546939951564e-40
2012-06-07,7,c0021_0029,0.015468824007847564,0.015468824007847564,2.5909518413532413e-100
2012-06-07,8,c0024_0044,0.01348360501619273,2.7397260273972604e-06,0.013480865290165333
2012-06-07,9,c0035_0095,0.012891378027168788,0.012891143294210872,2.34732957916917e-07
2012-06-07,10,c0025_0019,0.01289116702520237,0.012891143294210872,2.3730991498216636e-08
2012-06-07,11,c0040_0083,0.012891152258621521,0.012891143294210872,8.964410650317452e-09
2012-06-07,12,c0019_0024,0.012891143294210872,0.012891143294210872,3.8744438823026536e-30
2012-06-07,13,c0011_0028,0.012891143294210872,0.012891143294210872,3.823149598053065e-128
2012-06-07,14,c0013_0050,0.012891143294210872,0.012891143294210872,3.5418372890716556e-121
2012-06-07,15,c0035_0020,0.012891143294210872,0.012891143294210872,1.8152305198374947e-159
2012-06-07,16,c0053_0022,0.012891143294210872,0.012891143294210872,1.327262869786995e-90
2012-06-07,17,c0022_0093,0.01246877990010037,0.010313462580574174,0.002155317319526196
2012-06-07,18,c0049_0009,0.01031346612014001,0.010313462580574174,3.5395658354662455e-09
2012-06-07,19,c0040_0008,0.010313462580576844,0.010313462580574174,2.6705712745130666e-15
2012-06-07,20,c0023_0042,0.010313462580574174,0.010313462580574174,3.493265257354823e-135
2012-06-08,1,c0025_0043,0.03866795043057781,0.03866795043057781,7.267528067840363e-38
2012-06-08,2,c0008_0048,0.02854173176926064,2.7397260273972604e-06,0.028538992043233243
2012-06-08,3,c0042_0075,0.02577954686239434,0.02577954686239434,1.6961076564215825e-73
2012-06-08,4,c0018_0044,0.020624185435120953,0.020624185435120953,6.6576432356942616e-68
2012-06-08,5,c0014_0047,0.018048168392428638,0.01804650472148426,1.6636709443782223e-06
2012-06-08,6,c0052_0016,0.015468824007847564,0.015468824007847564,2.4718829610298386e-27
2012-06-08,7,c0030_0014,0.015468824007847564,0.015468824007847564,1.9794878728919554e-41
2012-06-08,8,c0021_0029,0.015468824007847564,0.015468824007847564,3.5064720130196406e-101
2012-06-08,9,c0035_0095,0.012891175061862216,0.012891143294210872,3.176765134465385e-08
2012-06-08,10,c0025_0019,0.012891146505851327,0.012891143294210872,3.2116404558967965e-09
2012-06-08,11,c0040_0083,0.012891144507411927,0.012891143294210872,1.2132010544100194e-09
2012-06-08,12,c0011_0028,0.012891143294210872,0.012891143294210872,5.174070337084535e-129
2012-06-08,13,c0019_0024,0.012891143294210872,0.012891143294210872,5.243489601957909e-31
2012-06-08,14,c0053_0022,0.012891143294210872,0.012891143294210872,1.7962549641206233e-91
2012-06-08,15,c0013_0050,0.012891143294210872,0.012891143294210872,4.7933555269450893e-122
2012-06-08,16,c0035_0020,0.012891143294210872,0.012891143294210872,2.45664736541951e-160
2012-06-08,17,c0022_0093,0.010605153060477029,0.010313462580574174,0.00029169047990285465
2012-06-08,18,c0049_0009,0.01031346305960232,0.010313462580574174,4.790281448774619e-10
2012-06-08,19,c0040_0008,0.010313462580574535,0.010313462580574174,3.614225198397876e-16
2012-06-08,20,c0044_0024,0.010313462580574174,0.010313462580574174,1.0167920674348297e-125
2012-06-09,1,c0025_0043,0.03866795043057781,0.03866795043057781,9.83552969491208e-39
2012-06-09,2,c0042_0075,0.02577954686239434,0.02577954686239434,2.2954321008160223e-74
2012-06-09,3,c0018_0044,0.020624185435120953,0.020624185435120953,9.010140329910014e-69
2012-06-09,4,c0014_0047,0.01804672987486273,0.01804650472148426,2.2515337846994965e-07
2012-06-09,5,c0052_0016,0.015468824007847564,0.015468824007847564,3.3453298065873e-28
2012-06-09,6,c0021_0029,0.015468824007847564,0.015468824007847564,4.7454938304326845e-102
2012-06-09,7,c0030_0014,0.015468824007847564,0.015468824007847564,2.6789455194127274e-42
2012-06-09,8,c0035_0095,0.012891147593494964,0.012891143294210872,4.299284092490688e-09
2012-06-09,9,c0025_0019,0.012891143728859142,0.012891143294210872,4.346482707529568e-10
2012-06-09,10,c0040_0083,0.01289114345839978,0.012891143294210872,1.6418890832153712e-10
2012-06-09,11,c0053_0022,0.012891143294210872,0.012891143294210872,2.430966743344361e-92
2012-06-09,12,c0013_0050,0.012891143294210872,0.012891143294210872,6.487101278928965e-123
2012-06-09,13,c0011_0028,0.012891143294210872,0.012891143294210872,7.0023427455549156e-130
2012-06-09,14,c0035_0020,0.012891143294210872,0.012891143294210872,3.324710670115277e-161
2012-06-09,15,c0019_0024,0.012891143294210872,0.012891143294210872,7.09629150429207e-32
2012-06-09,16,c0045_0012,0.012405734540614322,2.7397260273972604e-06,0.012402994814586924
2012-06-09,17,c0022_0093,0.01035293859428925,0.010313462580574174,3.947601371507631e-05
2012-06-09,18,c0049_0009,0.010313462645403584,0.010313462580574174,6.482940966530045e-11
2012-06-09,19,c0040_0008,0.010313462580574223,0.010313462580574174,4.8913219090607924e-17
2012-06-09,20,c0029_0014,0.010313462580574174,0.010313462580574174,3.5418372890716556e-121
2012-06-10,1,c0025_0043,0.03866795043057781,0.03866795043057781,1.3310941970430414e-39
2012-06-10,2,c0042_0075,0.02577954686239434,0.02577954686239434,3.1065295351434933e-75
2012-06-10,3,c0018_0044,0.020624185435120953,0.020624185435120953,1.2193898935499989e-69
2012-06-10,4,c0014_0047,0.018046535192680506,0.01804650472148426,3.047119624691089e-08
2012-06-10,5,c0021_0029,0.015468824007847564,0.015468824007847564,6.422327516392055e-103
2012-06-10,6,c0030_0014,0.015468824007847564,0.015468824007847564,3.62555850645176e-43
2012-06-10,7,c0052_0016,0.015468824007847564,0.015468824007847564,4.5274115689437504e-29
2012-06-10,8,c0035_0095,0.012891143876055703,0.012891143294210872,5.818448303718906e-10
2012-06-10,9,c0025_0019,0.012891143353034118,0.012891143294210872,5.882324683065534e-11
2012-06-10,10,c0040_0083,0.012891143316431423,0.012891143294210872,2.222055241200546e-11
2012-06-10,11,c0011_0028,0.012891143294210872,0.012891143294210872,9.476640387895149e-131
2012-06-10,12,c0019_0024,0.012891143294210872,0.012891143294210872,9.603786206629358e-33
2012-06-10,13,c0013_0050,0.012891143294210872,0.012891143294210872,8.779336889684438e-124
2012-06-10,14,c0053_0022,0.012891143294210872,0.012891143294210872,3.2899557274929507e-93
2012-06-10,15,c0035_0020,0.012891143294210872,0.012891143294210872,4.499506602198395e-162
2012-06-10,16,c0022_0093,0.010318805078071357,0.010313462580574174,5.342497497182259e-06
2012-06-10,17,c0049_0009,0.01031346258934788,0.010313462580574174,8.773706519115832e-12
2012-06-10,18,c0040_0008,0.010313462580574181,0.010313462580574174,6.619684359641915e-18
2012-06-10,19,c0029_0014,0.010313462580574174,0.010313462580574174,4.7933555269450904e-122
2012-06-10,20,c0044_0024,0.010313462580574174,0.010313462580574174,1.86231963320658e-127
2012-06-11,1,c0025_0043,0.03866795043057781,0.03866795043057781,1.801440101714316e-40
2012-06-11,2,c0028_0090,0.029755977557942,2.7397260273972604e-06,0.029753237831914605
2012-06-11,3,c0042_0075,0.02577954686239434,0.02577954686239434,4.2042305452154743e-76
2012-06-11,4,c0018_0044,0.020624185435120953,0.020624185435120953,1.650264766194521e-70
2012-06-11,5,c0014_0047,0.018046508845312233,0.01804650472148426,4.123827974634097e-09
2012-06-11,6,c0052_0016,0.015468824007847564,0.015468824007847564,6.127185270117196e-30
2012-06-11,7,c0021_0029,0.015468824007847564,0.015468824007847564,8.691675134692104e-104
2012-06-11,8,c0030_0014,0.015468824007847564,0.015468824007847564,4.906659873615595e-44
2012-06-11,9,c0035_0095,0.012891143372955006,0.012891143294210872,7.874413491813871e-11
2012-06-11,10,c0025_0019,0.012891143302171733,0.012891143294210872,7.960860770723921e-12
2012-06-11,11,c0040_0083,0.012891143297218096,0.012891143294210872,3.0072247543527574e-12
2012-06-11,12,c0053_0022,0.012891143294210872,0.012891143294210872,4.452470902161747e-94
2012-06-11,13,c0013_0050,0.012891143294210872,0.012891143294210872,1.188154044595086e-124
2012-06-11,14,c0019_0024,0.012891143294210872,0.012891143294210872,1.2997311264180587e-33
2012-06-11,15,c0011_0028,0.012891143294210872,0.012891143294210872,1.2825238110273134e-131
2012-06-11,16,c0035_0020,0.012891143294210872,0.012891143294210872,6.089420004335286e-163
2012-06-11,17,c0022_0093,0.010314185608986146,0.010313462580574174,7.230284119720557e-07
2012-06-11,18,c0049_0009,0.010313462581761567,0.010313462580574174,1.1873920567994566e-12
2012-06-11,19,c0040_0008,0.010313462580574176,0.010313462580574174,8.958768577491138e-19
2012-06-11,20,c0029_0014,0.010313462580574174,0.010313462580574174,6.487101278928968e-123
2012-06-12,1,c0018_0032,0.04329344532855662,2.7397260273972604e-06,0.04329070560252922
2012-06-12,2,c0025_0043,0.03866795043057781,0.03866795043057781,2.4379840639929934e-41
2012-06-12,3,c0024_0030,0.03627477391017072,0.00773578186693748,0.028538992043233243
2012-06-12,4,c0054_0018,0.031415241381828225,0.005158101153300786,0.02625714022852744
2012-06-12,5,c0042_0075,0.02577954686239434,0.02577954686239434,5.689807316287549e-77
2012-06-12,6,c0018_0044,0.020624185435120953,0.020624185435120953,2.2333904954833798e-71
2012-06-12,7,c0014_0047,0.018046505279583687,0.01804650472148426,5.580994269661724e-10
2012-06-12,8,c0052_0016,0.015468824007847564,0.015468824007847564,8.29224353974512e-31
2012-06-12,9,c0030_0014,0.015468824007847564,0.015468824007847564,6.640442037414889e-45
2012-06-12,10,c0021_0029,0.015468824007847564,0.015468824007847564,1.1762903161541798e-104
2012-06-12,11,c0035_0095,0.01289114330486773,0.012891143294210872,1.0656859802368349e-11
2012-06-12,12,c0025_0019,0.012891143295288256,0.012891143294210872,1.0773853472131611e-12
2012-06-12,13,c0040_0083,0.012891143294617855,0.012891143294210872,4.0698361388648346e-13
2012-06-12,14,c0011_0028,0.012891143294210872,0.012891143294210872,1.735707232230814e-132
2012-06-12,15,c0035_0020,0.012891143294210872,0.012891143294210872,8.241133810334114e-164
2012-06-12,16,c0053_0022,0.012891143294210872,0.012891143294210872,6.025764106468366e-95
2012-06-12,17,c0019_0024,0.012891143294210872,0.012891143294210872,1.7589948012522965e-34
2012-06-12,18,c0013_0050,0.012891143294210872,0.012891143294210872,1.6079916415400294e-125
2012-06-12,19,c0022_0093,0.010313560431829096,0.010313462580574174,9.785125492235644e-08
2012-06-12,20,c0049_0009,0.01031346258073487,0.010313462580574174,1.606960403198586e-13
2012-06-13,1,c0038_0091,0.04794202421995352,0.005161923736721996,0.042780100483231526
2012-06-13,2,c0036_0021,0.04554161861636363,0.010321107747416595,0.035220510868947036
2012-06-13,3,c0025_0043,0.038696619806236884,0.038696619806236884,3.2605362615419884e-42
2012-06-13,4,c0042_0075,0.02579865977950039,0.02579865977950039,7.609493166890438e-78
2012-06-13,5,c0018_0044,0.020639475768805794,0.020639475768805794,2.986914805661222e-72
2012-06-13,6,c0014_0047,0.01805988383809817,0.018059883763458493,7.463967652801855e-11
2012-06-13,7,c0030_0014,0.015480291758111196,0.015480291758111196,8.880862830660913e-46
2012-06-13,8,c0052_0016,0.015480291758111196,0.015480291758111196,1.1089966152852494e-31
2012-06-13,9,c0021_0029,0.015480291758111196,0.015480291758111196,1.5731592698107214e-105
2012-06-13,10,c0035_0095,0.012900699754189133,0.012900699752763894,1.4252381027824048e-12
2012-06-13,11,c0025_0019,0.012900699752907982,0.012900699752763894,1.4408847228021167e-13
2012-06-13,12,c0040_0083,0.012900699752818325,0.012900699752763894,5.442959412773653e-14
2012-06-13,13,c0053_0022,0.012900699752763894,0.012900699752763894,8.058798522439698e-96
2012-06-13,14,c0019_0024,0.012900699752763894,0.012900699752763894,2.352462601397643e-35
2012-06-13,15,c0013_0050,0.012900699752763894,0.012900699752763894,2.15051243891673e-126
2012-06-13,16,c0035_0020,0.012900699752763894,0.012900699752763894,1.1021612496024624e-164
2012-06-13,17,c0011_0028,0.012900699752763894,0.012900699752763894,2.3213180322599164e-133
2012-06-13,18,c0054_0018,0.011253120231365609,0.007741515742069296,0.0035116044892963124
2012-06-13,19,c0022_0093,0.010321120833948604,0.010321107747416595,1.3086532009121835e-08
2012-06-13,20,c0049_0009,0.010321107747438087,0.010321107747416595,2.1491332707522497e-14
2012-06-14,1,c0025_0043,0.038696619806236884,0.038696619806236884,4.412655984590313e-43
2012-06-14,2,c0042_0075,0.02579865977950039,0.02579865977950039,1.0298329130281861e-78
2012-06-14,3,c0018_0044,0.020639475768805794,0.020639475768805794,4.042349612277934e-73
2012-06-14,4,c0014_0047,0.018059883773559875,0.018059883763458493,1.0101381763608542e-11
2012-06-14,5,c0021_0029,0.015480291758111196,0.015480291758111196,2.1290395535613673e-106
2012-06-14,6,c0030_0014,0.015480291758111196,0.015480291758111196,1.2018940865730004e-46
2012-06-14,7,c0052_0016,0.015480291758111196,0.015480291758111196,1.5008637103807403e-32
2012-06-14,8,c0036_0021,0.015087685561603737,0.010321107747416595,0.004766577814187142
2012-06-14,9,c0029_0046,0.014482324622193503,2.7397260273972604e-06,0.014479584896166105
2012-06-14,10,c0035_0095,0.01290069975295678,0.012900699752763894,1.9288500231966926e-13
2012-06-14,11,c0025_0019,0.012900699752783394,0.012900699752763894,1.950025420717326e-14
2012-06-14,12,c0040_0083,0.01290069975277126,0.012900699752763894,7.366244537731094e-15
2012-06-14,13,c0019_0024,0.012900699752763894,0.012900699752763894,3.183711924636887e-36
2012-06-14,14,c0013_0050,0.012900699752763894,0.012900699752763894,2.9104021002465442e-127
2012-06-14,15,c0035_0020,0.012900699752763894,0.012900699752763894,1.4916130488736818e-165
2012-06-14,16,c0011_0028,0.012900699752763894,0.012900699752763894,3.1415623337815225e-134
2012-06-14,17,c0053_0022,0.012900699752763894,0.012900699752763894,1.0906397805811725e-96
2012-06-14,18,c0038_0091,0.010951580752510886,0.005161923736721996,0.005789657015788889
2012-06-14,19,c0022_0093,0.010321109518486112,0.010321107747416595,1.7710695160395015e-09
2012-06-14,20,c0049_0009,0.010321107747419504,0.010321107747416595,2.908535599104836e-15
2012-06-15,1,c0050_0028,0.03936233223290578,2.7397260273972604e-06,0.03935959250687838
2012-06-15,2,c0025_0043,0.038696619806236884,0.038696619806236884,5.971880475002641e-44
2012-06-15,3,c0042_0075,0.02579865977950039,0.02579865977950039,1.393727289710555e-79
2012-06-15,4,c0018_0044,0.020639475768805794,0.020639475768805794,5.470725297190458e-74
2012-06-15,5,c0014_0047,0.018059883764825566,0.018059883763458493,1.3670733620591164e-12
2012-06-15,6,c0052_0016,0.015480291758111196,0.015480291758111196,2.0311981534393096e-33
2012-06-15,7,c0021_0029,0.015480291758111196,0.015480291758111196,2.881341710031791e-107
2012-06-15,8,c0030_0014,0.015480291758111196,0.015480291758111196,1.6265867662676693e-47
2012-06-15,9,c0035_0095,0.012900699752789999,0.012900699752763894,2.6104146421027137e-14
2012-06-15,10,c0025_0019,0.012900699752766533,0.012900699752763894,2.6390724263137418e-15
2012-06-15,11,c0040_0083,0.012900699752764892,0.012900699752763894,9.96912790903989e-16
2012-06-15,12,c0013_0050,0.012900699752763894,0.012900699752763894,3.938800925692985e-128
2012-06-15,13,c0053_0022,0.012900699752763894,0.012900699752763894,1.476020436140701e-97
2012-06-15,14,c0011_0028,0.012900699752763894,0.012900699752763894,4.251642282477963e-135
2012-06-15,15,c0019_0024,0.012900699752763894,0.012900699752763894,4.308685550645145e-37
2012-06-15,16,c0035_0020,0.012900699752763894,0.012900699752763894,2.0186787444874718e-166
2012-06-15,17,c0036_0021,0.010966193905968966,0.010321107747416595,0.0006450861585523712
2012-06-15,18,c0022_0093,0.01032110798710479,0.010321107747416595,2.396881945849365e-10
2012-06-15,19,c0049_0009,0.010321107747416989,0.010321107747416595,3.936274891086239e-16
2012-06-15,20,c0039_0088,0.010321107747416595,0.010321107747416595,6.581113109847854e-30
2012-06-16,1,c0025_0043,0.038696619806236884,0.038696619806236884,8.082061355396791e-45
2012-06-16,2,c0042_0075,0.02579865977950039,0.02579865977950039,1.886204775075745e-80
2012-06-16,3,c0018_0044,0.020639475768805794,0.020639475768805794,7.403821576049725e-75
2012-06-16,4,c0014_0047,0.018059883763643505,0.018059883763458493,1.8501326065949885e-13
2012-06-16,5,c0030_0014,0.015480291758111196,0.015480291758111196,2.201345807217609e-48
2012-06-16,6,c0021_0029,0.015480291758111196,0.015480291758111196,3.899471964286184e-108
2012-06-16,7,c0052_0016,0.015480291758111196,0.015480291758111196,2.748927774053936e-34
2012-06-16,8,c0035_0095,0.012900699752767428,0.012900699752763894,3.5328120495397166e-15
2012-06-16,9,c0025_0019,0.012900699752764252,0.012900699752763894,3.571596142971049e-16
2012-06-16,10,c0040_0083,0.01290069975276403,0.012900699752763894,1.3491747491919335e-16
2012-06-16,11,c0013_0050,0.012900699752763894,0.012900699752763894,5.330587388912924e-129
2012-06-16,12,c0053_0022,0.012900699752763894,0.012900699752763894,1.9975764378813034e-98
2012-06-16,13,c0011_0028,0.012900699752763894,0.012900699752763894,5.753972125199135e-136
2012-06-16,14,c0035_0020,0.012900699752763894,0.012900699752763894,2.7319845964894164e-167
2012-06-16,15,c0019_0024,0.012900699752763894,0.012900699752763894,5.83117179374061e-38
2012-06-16,16,c0043_0008,0.010819243040694095,2.7397260273972604e-06,0.010816503314666697
2012-06-16,17,c0036_0021,0.010408410665396299,0.010321107747416595,8.730291797970358e-05
2012-06-16,18,c0022_0093,0.010321107779854864,0.010321107747416595,3.2438269702624715e-11
2012-06-16,19,c0049_0009,0.010321107747416649,0.010321107747416595,5.3271687728232293e-17
2012-06-16,20,c0039_0088,0.010321107747416595,0.010321107747416595,8.906568067334442e-31
2012-06-17,1,c0025_0043,0.038696619806236884,0.038696619806236884,1.0937880626683069e-45
2012-06-17,2,c0042_0075,0.02579865977950039,0.02579865977950039,2.5527005747712726e-81
2012-06-17,3,c0018_0044,0.020639475768805794,0.020639475768805794,1.0019982900280339e-75
2012-06-17,4,c0036_0090,0.01859489475579261,2.7397260273972604e-06,0.018592155029765214
2012-06-17,5,c0014_0047,0.018059883763483532,0.018059883763458493,2.5038822033882532e-14
2012-06-17,6,c0004_0053,0.01553699967893634,0.005161923736721996,0.010375075942214344
2012-06-17,7,c0030_0014,0.015480291758111196,0.015480291758111196,2.979197583215249e-49
2012-06-17,8,c0052_0016,0.015480291758111196,0.015480291758111196,3.720269188985808e-35
2012-06-17,9,c0021_0029,0.015480291758111196,0.015480291758111196,5.277361427599011e-109
2012-06-17,10,c0035_0095,0.012900699752764373,0.012900699752763894,4.781141193461758e-16
2012-06-17,11,c0025_0019,0.012900699752763943,0.012900699752763894,4.833629756157804e-17
2012-06-17,12,c0040_0083,0.012900699752763914,0.012900699752763894,1.8259094681757622e-17
2012-06-17,13,c0035_0020,0.012900699752763894,0.012900699752763894,3.6973390916395825e-168
2012-06-17,14,c0053_0022,0.012900699752763894,0.012900699752763894,2.7034257300745007e-99
2012-06-17,15,c0013_0050,0.012900699752763894,0.012900699752763894,7.214165540960464e-130
2012-06-17,16,c0019_0024,0.012900699752763894,0.012900699752763894,7.891632863072324e-39
2012-06-17,17,c0011_0028,0.012900699752763894,0.012900699752763894,7.787154472993994e-137
2012-06-17,18,c0036_0021,0.010332922912548762,0.010321107747416595,1.181516513216595e-05
2012-06-17,19,c0022_0093,0.010321107751806637,0.010321107747416595,4.390042417910347e-12
2012-06-17,20,c0049_0009,0.010321107747416602,0.010321107747416595,7.209538947192701e-18
2012-06-18,1,c0049_0013,0.05105853641599189,0.0025823317313746967,0.04847620468461719
2012-06-18,2,c0034_0093,0.04194192423825307,0.0025823317313746967,0.03935959250687837
2012-06-18,3,c0025_0043,0.038696619806236884,0.038696619806236884,1.4802811726204116e-46
2012-06-18,4,c0042_0075,0.02579865977950039,0.02579865977950039,3.4547045530493425e-82
2012-06-18,5,c0018_0044,0.020639475768805794,0.020639475768805794,1.3560572238354559e-76
2012-06-18,6,c0014_0047,0.018059883763461883,0.018059883763458493,3.388636071866632e-15
2012-06-18,7,c0030_0014,0.015480291758111196,0.015480291758111196,4.0319054874226776e-50
2012-06-18,8,c0052_0016,0.015480291758111196,0.015480291758111196,5.0348368440783776e-36
2012-06-18,9,c0021_0029,0.015480291758111196,0.015480291758111196,7.142132035460869e-110
2012-06-18,10,c0035_0095,0.012900699752763959,0.012900699752763894,6.470570976113834e-17
2012-06-18,11,c0025_0019,0.012900699752763901,0.012900699752763894,6.541606521105355e-18
2012-06-18,12,c0040_0083,0.012900699752763896,0.012900699752763894,2.471099750399796e-18
2012-06-18,13,c0035_0020,0.012900699752763894,0.012900699752763894,5.003804331888431e-169
2012-06-18,14,c0019_0024,0.012900699752763894,0.012900699752763894,1.0680163687232535e-39
2012-06-18,15,c0013_0050,0.012900699752763894,0.012900699752763894,9.763311368016955e-131
2012-06-18,16,c0053_0022,0.012900699752763894,0.012900699752763894,3.658688868887791e-100
2012-06-18,17,c0011_0028,0.012900699752763894,0.012900699752763894,1.0538767562098976e-137
2012-06-18,18,c0036_0021,0.010322706756136245,0.010321107747416595,1.5990087196490293e-06
2012-06-18,19,c0022_0093,0.010321107748010722,0.010321107747416595,5.94127634048641e-13
2012-06-18,20,c0049_0009,0.010321107747416597,0.010321107747416595,9.757049954237149e-19
2012-06-19,1,c0003_0034,0.05879731243203379,0.010321107747416595,0.04847620468461719
2012-06-19,2,c0010_0026,0.04194192423825307,0.0025823317313746967,0.03935959250687837
2012-06-19,3,c0025_0043,0.038696619806236884,0.038696619806236884,2.003342717664086e-47
2012-06-19,4,c0027_0020,0.038479099492936084,0.005161923736721996,0.03331717575621409
2012-06-19,5,c0036_0090,0.034361831271014165,2.7397260273972604e-06,0.034359091544986765
2012-06-19,6,c0042_0075,0.02579865977950039,0.02579865977950039,4.6754341918574815e-83
2012-06-19,7,c0023_0041,0.023754078766487205,0.005161923736721996,0.01859215502976521
2012-06-19,8,c0018_0044,0.020639475768805794,0.020639475768805794,1.835223884728261e-77
2012-06-19,9,c0014_0047,0.01805988376345895,0.018059883763458493,4.586020225718731e-16
2012-06-19,10,c0030_0014,0.015480291758111196,0.015480291758111196,5.45659071123601e-51
2012-06-19,11,c0052_0016,0.015480291758111196,0.015480291758111196,6.813910703434802e-37
2012-06-19,12,c0021_0029,0.015480291758111196,0.015480291758111196,9.665824619323816e-111
2012-06-19,13,c0035_0095,0.012900699752763903,0.012900699752763894,8.756965557549709e-18
2012-06-19,14,c0025_0019,0.012900699752763896,0.012900699752763894,8.853101713562656e-19
2012-06-19,15,c0053_0022,0.012900699752763894,0.012900699752763894,4.9514969434557117e-101
2012-06-19,16,c0013_0050,0.012900699752763894,0.012900699752763894,1.321320509317815e-131
2012-06-19,17,c0019_0024,0.012900699752763894,0.012900699752763894,1.4454029776250006e-40
2012-06-19,18,c0035_0020,0.012900699752763894,0.012900699752763894,6.771912765167102e-170
2012-06-19,19,c0011_0028,0.012900699752763894,0.012900699752763894,1.426267092981491e-138
2012-06-19,20,c0040_0083,0.012900699752763894,0.012900699752763894,3.344269846262793e-19
2012-06-20,1,c0025_0043,0.038775789396092435,0.038775789396092435,2.6218681724549773e-48
2012-06-20,2,c0051_0040,0.03480666064954128,0.002587609704031733,0.032219050945509545
2012-06-20,3,c0042_0075,0.02585143950607075,0.02585143950607075,6.118959073728658e-84
2012-06-20,4,c0014_0047,0.018096829572057806,0.018096829572057747,6.001938840532838e-17
2012-06-20,5,c0003_0034,0.016686526933214298,0.01034221963804474,0.006344307295169557
2012-06-20,6,c0021_0029,0.015511959594053413,0.015511959594053413,1.2650116081728865e-111
2012-06-20,7,c0018_0044,0.015511959594053413,0.015511959594053413,2.401843204496087e-78
2012-06-20,8,c0030_0014,0.015511959594053413,0.015511959594053413,7.141295091328462e-52
2012-06-20,9,c0052_0016,0.015511959594053413,0.015511959594053413,8.917683153143637e-38
2012-06-20,10,c0035_0095,0.012927089616049077,0.012927089616049076,1.1460649783076166e-18
2012-06-20,11,c0053_0022,0.012927089616049076,0.012927089616049076,6.480255289115958e-102
2012-06-20,12,c0035_0020,0.012927089616049076,0.012927089616049076,8.862718489992444e-171
2012-06-20,13,c0040_0083,0.012927089616049076,0.012927089616049076,4.3768021281157276e-20
2012-06-20,14,c0019_0024,0.012927089616049076,0.012927089616049076,1.8916663783945135e-41
2012-06-20,15,c0013_0050,0.012927089616049076,0.012927089616049076,1.7292738573616664e-132
2012-06-20,16,c0025_0019,0.012927089616049076,0.012927089616049076,1.1586467660092358e-19
2012-06-20,17,c0027_0020,0.012117724045365793,0.0077573496600404045,0.004360374385325388
2012-06-20,18,c0036_0021,0.010342247959624093,0.01034221963804474,2.832157935309246e-08
2012-06-20,19,c0022_0093,0.010342219638055263,0.01034221963804474,1.0523165212799431e-14
2012-06-20,20,c0039_0024,0.01034221963804474,0.01034221963804474,4.887683904360495e-189
2012-06-21,1,c0025_0043,0.038775789396092435,0.038775789396092435,3.548312717282544e-49
2012-06-21,2,c0042_0075,0.02585143950607075,0.02585143950607075,8.281110593563094e-85
2012-06-21,3,c0014_0047,0.018096829572057754,0.018096829572057747,8.122740929523383e-18
2012-06-21,4,c0030_0014,0.015511959594053413,0.015511959594053413,9.664691938611694e-53
2012-06-21,5,c0021_0029,0.015511959594053413,0.015511959594053413,1.7120070428968055e-112
2012-06-21,6,c0018_0044,0.015511959594053413,0.015511959594053413,3.250541303704114e-79
2012-06-21,7,c0052_0016,0.015511959594053413,0.015511959594053413,1.2068771753450637e-38
2012-06-21,8,c0025_0019,0.012927089616049076,0.012927089616049076,1.5680578824904524e-20
2012-06-21,9,c0053_0022,0.012927089616049076,0.012927089616049076,8.770071849980657e-103
2012-06-21,10,c0040_0083,0.012927089616049076,0.012927089616049076,5.923357556791513e-21
2012-06-21,11,c0019_0024,0.012927089616049076,0.012927089616049076,2.5600920510919885e-42
2012-06-21,12,c0013_0050,0.012927089616049076,0.012927089616049076,2.3403176727971093e-133
2012-06-21,13,c0035_0095,0.012927089616049076,0.012927089616049076,1.5510302844682369e-19
2012-06-21,14,c0035_0020,0.012927089616049076,0.012927089616049076,1.199438517089492e-171
2012-06-21,15,c0003_0034,0.01120082826277662,0.01034221963804474,0.0008586086247318802
2012-06-21,16,c0036_0021,0.010342223470953704,0.01034221963804474,3.832908963458971e-09
2012-06-21,17,c0022_0093,0.010342219638046164,0.01034221963804474,1.424155544619881e-15
2012-06-21,18,c0039_0024,0.01034221963804474,0.01034221963804474,6.614760855676606e-190
2012-06-21,19,c0007_0043,0.01034221963804474,0.01034221963804474,9.97528677453752e-33
2012-06-21,20,c0015_0049,0.01034221963804474,0.01034221963804474,5.404073081211937e-57
2012-06-22,1,c0035_0020,0.05401087294454989,0.012927089616049076,0.041083783328500816
2012-06-22,2,c0025_0043,0.038775789396092435,0.038775789396092435,4.80211906605508e-50
2012-06-22,3,c0042_0075,0.02585143950607075,0.02585143950607075,1.120726447693575e-85
2012-06-22,4,c0014_0047,0.018096829572057747,0.018096829572057747,1.0992934443546738e-18
2012-06-22,5,c0021_0029,0.015511959594053413,0.015511959594053413,2.3169495805351495e-113
2012-06-22,6,c0018_0044,0.015511959594053413,0.015511959594053413,4.399129280091046e-80
2012-06-22,7,c0030_0014,0.015511959594053413,0.015511959594053413,1.3079738209066212e-53
2012-06-22,8,c0052_0016,0.015511959594053413,0.015511959594053413,1.6333306435712724e-39
2012-06-22,9,c0013_0050,0.012927089616049076,0.012927089616049076,3.1672755511164705e-134
2012-06-22,10,c0035_0095,0.012927089616049076,0.012927089616049076,2.0990912285707275e-20
2012-06-22,11,c0053_0022,0.012927089616049076,0.012927089616049076,1.186900157822576e-103
2012-06-22,12,c0019_0024,0.012927089616049076,0.012927089616049076,3.46470782846335e-43
2012-06-22,13,c0040_0083,0.012927089616049076,0.012927089616049076,8.016392726601095e-22
2012-06-22,14,c0025_0019,0.012927089616049076,0.012927089616049076,2.1221355765824855e-21
2012-06-22,15,c0003_0034,0.010458419679462228,0.01034221963804474,0.00011620004141748753
2012-06-22,16,c0036_0021,0.01034222015677256,0.01034221963804474,5.187278201898714e-10
2012-06-22,17,c0022_0093,0.010342219638044933,0.01034221963804474,1.9273849400412397e-16
2012-06-22,18,c0044_0024,0.01034221963804474,0.01034221963804474,6.718593347921298e-138
2012-06-22,19,c0015_0049,0.01034221963804474,0.01034221963804474,7.313617610771718e-58
2012-06-22,20,c0007_0043,0.01034221963804474,0.01034221963804474,1.350008260998472e-33
2012-06-23,1,c0025_0043,0.038775789396092435,0.038775789396092435,6.498961439405023e-51
2012-06-23,2,c0042_0075,0.02585143950607075,0.02585143950607075,1.5167383122937278e-86
2012-06-23,3,c0035_0020,0.01848717506924336,0.012927089616049076,0.0055600854531942835
2012-06-23,4,c0014_0047,0.018096829572057747,0.018096829572057747,1.487731896518913e-19
2012-06-23,5,c0052_0016,0.015511959594053413,0.015511959594053413,2.21047265266757e-40
2012-06-23,6,c0018_0044,0.015511959594053413,0.015511959594053413,5.953574071155977e-81
2012-06-23,7,c0030_0014,0.015511959594053413,0.015511959594053413,1.7701500751847207e-54
2012-06-23,8,c0021_0029,0.015511959594053413,0.015511959594053413,3.135650277266754e-114
2012-06-23,9,c0025_0019,0.012927089616049076,0.012927089616049076,2.87199819323283e-22
2012-06-23,10,c0019_0024,0.012927089616049076,0.012927089616049076,4.688972152971968e-44
2012-06-23,11,c0053_0022,0.012927089616049076,0.012927089616049076,1.606294690324986e-104
2012-06-23,12,c0035_0095,0.012927089616049076,0.012927089616049076,2.8408110595810874e-21
2012-06-23,13,c0040_0083,0.012927089616049076,0.012927089616049076,1.0849007801904808e-22
2012-06-23,14,c0013_0050,0.012927089616049076,0.012927089616049076,4.286441337987461e-135
2012-06-23,15,c0003_0034,0.010357945603562083,0.01034221963804474,1.5725965517341797e-05
2012-06-23,16,c0036_0021,0.010342219708246916,0.01034221963804474,7.020217646810693e-11
2012-06-23,17,c0022_0093,0.010342219638044766,0.01034221963804474,2.6084318676646292e-17
2012-06-23,18,c0039_0024,0.01034221963804474,0.01034221963804474,1.21153571167907e-191
2012-06-23,19,c0049_0009,0.01034221963804474,0.01034221963804474,4.283692354384616e-23
2012-06-23,20,c0015_0049,0.01034221963804474,0.01034221963804474,9.89790510838069e-59
2012-06-24,1,c0043_0004,0.044968047550062236,2.7397260273972604e-06,0.044965307824034836
2012-06-24,2,c0025_0043,0.038775789396092435,0.038775789396092435,8.795387871457029e-52
2012-06-24,3,c0042_0075,0.02585143950607075,0.02585143950607075,2.052682090900935e-87
2012-06-24,4,c0014_0047,0.018096829572057747,0.018096829572057747,2.0134261759553003e-20
2012-06-24,5,c0030_0014,0.015511959594053413,0.015511959594053413,2.3956376179643542e-55
2012-06-24,6,c0052_0016,0.015511959594053413,0.015511959594053413,2.991549425355521e-41
2012-06-24,7,c0021_0029,0.015511959594053413,0.015511959594053413,4.243641184048593e-115
2012-06-24,8,c0018_0044,0.015511959594053413,0.015511959594053413,8.057286331900475e-82
2012-06-24,9,c0035_0020,0.013679565355676894,0.012927089616049076,0.0007524757396278184
2012-06-24,10,c0035_0095,0.012927089616049076,0.012927089616049076,3.8446196937010824e-22
2012-06-24,11,c0013_0050,0.012927089616049076,0.012927089616049076,5.80106752553658e-136
2012-06-24,12,c0019_0024,0.012927089616049076,0.012927089616049076,6.345833744110508e-45
2012-06-24,13,c0053_0022,0.012927089616049076,0.012927089616049076,2.1738834687659905e-105
2012-06-24,14,c0025_0019,0.012927089616049076,0.012927089616049076,3.886826889362049e-23
2012-06-24,15,c0040_0083,0.012927089616049076,0.012927089616049076,1.468253543707008e-23
2012-06-24,16,c0003_0034,0.010344347916042199,0.01034221963804474,2.1282779974586566e-06
2012-06-24,17,c0036_0021,0.01034221964754557,0.01034221963804474,9.500831436137918e-12
2012-06-24,18,c0022_0093,0.010342219638044743,0.01034221963804474,3.530128656137992e-18
2012-06-24,19,c0044_0024,0.01034221963804474,0.01034221963804474,1.2305532960077805e-139
2012-06-24,20,c0039_0024,0.01034221963804474,0.01034221963804474,1.6396352869135807e-192
2012-06-25,1,c0035_0095,0.04019992743474256,0.012927089616049076,0.027272837818693486
2012-06-25,2,c0025_0043,0.038775789396092435,0.038775789396092435,1.190326308759505e-52
2012-06-25,3,c0042_0075,0.02585143950607075,0.02585143950607075,2.778003121668005e-88
2012-06-25,4,c0014_0047,0.018096829572057747,0.018096829572057747,2.724876017989206e-21
2012-06-25,5,c0018_0044,0.015511959594053413,0.015511959594053413,1.0904351278462388e-82
2012-06-25,6,c0052_0016,0.015511959594053413,0.015511959594053413,4.048621887968155e-42
2012-06-25,7,c0021_0029,0.015511959594053413,0.015511959594053413,5.743143815977706e-116
2012-06-25,8,c0030_0014,0.015511959594053413,0.015511959594053413,3.2421429555949005e-56
2012-06-25,9,c0035_0020,0.013028926133400285,0.012927089616049076,0.00010183651735121043
2012-06-25,10,c0019_0024,0.012927089616049076,0.012927089616049076,8.588152071316498e-46
2012-06-25,11,c0040_0083,0.012927089616049076,0.012927089616049076,1.987065092007482e-24
2012-06-25,12,c0053_0022,0.012927089616049076,0.012927089616049076,2.9420313496883544e-106
2012-06-25,13,c0013_0050,0.012927089616049076,0.012927089616049076,7.850891166432088e-137
2012-06-25,14,c0025_0019,0.012927089616049076,0.012927089616049076,5.2602481796349524e-24
2012-06-25,15,c0035_0047,0.011855466182935679,2.7397260273972604e-06,0.011852726456908281
2012-06-25,16,c0003_0034,0.010342507669150333,0.01034221963804474,2.8803110559231813e-07
2012-06-25,17,c0036_0021,0.010342219639330538,0.01034221963804474,1.2857977133930387e-12
2012-06-25,18,c0040_0008,0.01034221963804474,0.01034221963804474,5.919629479618841e-31
2012-06-25,19,c0049_0009,0.01034221963804474,0.01034221963804474,7.845856227334014e-25
2012-06-25,20,c0022_0093,0.01034221963804474,0.01034221963804474,4.77750961540118e-19
2012-06-26,1,c0025_0043,0.038775789396092435,0.038775789396092435,1.6109314813995925e-53
2012-06-26,2,c0045_0009,0.03806505105315383,2.7397260273972604e-06,0.03806231132712643
2012-06-26,3,c0042_0075,0.02585143950607075,0.02585143950607075,3.759618393031335e-89
2012-06-26,4,c0014_0047,0.018096829572057747,0.018096829572057747,3.6877186767922246e-22
2012-06-26,5,c0035_0095,0.01661806684690816,0.012927089616049076,0.0036909772308590847
2012-06-26,6,c0030_0014,0.015511959594053413,0.015511959594053413,4.3877633518902436e-57
2012-06-26,7,c0018_0044,0.015511959594053413,0.015511959594053413,1.4757434687822268e-83
2012-06-26,8,c0052_0016,0.015511959594053413,0.015511959594053413,5.479213899261197e-43
2012-06-26,9,c0021_0029,0.015511959594053413,0.015511959594053413,7.772499950039434e-117
2012-06-26,10,c0035_0020,0.012940871689968632,0.012927089616049076,1.3782073919556282e-05
2012-06-26,11,c0053_0022,0.012927089616049076,0.012927089616049076,3.9816064600106735e-107
2012-06-26,12,c0019_0024,0.012927089616049076,0.012927089616049076,1.16227999305072e-46
2012-06-26,13,c0025_0019,0.012927089616049076,0.012927089616049076,7.118971772857723e-25
2012-06-26,14,c0040_0083,0.012927089616049076,0.012927089616049076,2.6892001703641844e-25
2012-06-26,15,c0013_0050,0.012927089616049076,0.012927089616049076,1.0625025796689071e-137
2012-06-26,16,c0041_0007,0.012482340437616288,0.002587609704031733,0.009894730733584555
2012-06-26,17,c0043_0008,0.011199238538493589,0.002587609704031733,0.008611628834461855
2012-06-26,18,c0003_0034,0.010342258618815997,0.01034221963804474,3.8980771256291073e-08
2012-06-26,19,c0036_0021,0.010342219638218754,0.01034221963804474,1.7401379772703582e-13
2012-06-26,20,c0039_0088,0.01034221963804474,0.01034221963804474,1.775273690704747e-39
2012-06-27,1,c0026_0100,0.070442668533738,0.010317840783304593,0.06012482775043341
2012-06-27,2,c0025_0043,0.03868436869081689,0.03868436869081689,2.2659638099485436e-54
2012-06-27,3,c0023_0041,0.032393903300428586,0.010317840783304593,0.022076062517123993
2012-06-27,4,c0042_0075,0.02579049236922039,0.02579049236922039,5.288343617460614e-90
2012-06-27,5,c0014_0047,0.018054166576262493,0.018054166576262493,5.18720824527095e-23
2012-06-27,6,c0035_0095,0.01599457049026581,0.015475391311943193,0.0005191791783226178
2012-06-27,7,c0035_0020,0.015477329922063384,0.015475391311943193,1.938610120190686e-06
2012-06-27,8,c0013_0050,0.012896616047623894,0.012896616047623894,1.4945343245852856e-138
2012-06-27,9,c0025_0019,0.012896616047623894,0.012896616047623894,1.0013667612557782e-25
2012-06-27,10,c0030_0014,0.012896616047623894,0.012896616047623894,6.171903073967901e-58
2012-06-27,11,c0053_0022,0.012896616047623894,0.012896616047623894,5.600595834158611e-108
2012-06-27,12,c0040_0083,0.012896616047623894,0.012896616047623894,3.782675013873649e-26
2012-06-27,13,c0019_0024,0.012896616047623894,0.012896616047623894,1.634882942998921e-47
2012-06-27,14,c0052_0016,0.012896616047623894,0.012896616047623894,7.707156105674988e-44
2012-06-27,15,c0018_0044,0.012896616047623894,0.012896616047623894,2.075806036221461e-84
2012-06-27,16,c0021_0029,0.012896616047623894,0.012896616047623894,1.0932931538661764e-117
2012-06-27,17,c0003_0034,0.010317846266406635,0.010317840783304593,5.4831020419252585e-09
2012-06-27,18,c0036_0021,0.01031784078332907,0.010317840783304593,2.4477078797826337e-14
2012-06-27,19,c0015_0049,0.010317840783304593,0.010317840783304593,3.451058292776867e-62
2012-06-27,20,c0044_0024,0.010317840783304593,0.010317840783304593,3.17028569486454e-142
2012-06-28,1,c0053_0022,0.059631636311187994,0.012896616047623894,0.0467350202635641
2012-06-28,2,c0036_0012,0.04214185555584624,0.0025815149903466966,0.03956034056549955
2012-06-28,3,c0043_0006,0.03956308029152695,2.7397260273972604e-06,0.03956034056549955
2012-06-28,4,c0025_0043,0.03868436869081689,0.03868436869081689,3.066648540233002e-55
2012-06-28,5,c0004_0053,0.03492846345788158,0.007739065518985295,0.027189397938896284
2012-06-28,6,c0008_0044,0.028661298835690796,0.0025815149903466966,0.0260797838453441
2012-06-28,7,c0042_0075,0.02579049236922039,0.02579049236922039,7.156994813215653e-91
2012-06-28,8,c0026_0100,0.01845485137646205,0.010317840783304593,0.008137010593157457
2012-06-28,9,c0014_0047,0.018054166576262493,0.018054166576262493,7.020122970810369e-24
2012-06-28,10,c0035_0095,0.015545654573092036,0.015475391311943193,7.026326114884334e-05
2012-06-28,11,c0035_0020,0.015475653674292895,0.015475391311943193,2.6236234970137025e-07
2012-06-28,12,c0023_0041,0.01330551095680874,0.010317840783304593,0.0029876701735041455
2012-06-28,13,c0025_0019,0.012896616047623894,0.012896616047623894,1.355202542582803e-26
2012-06-28,14,c0013_0050,0.012896616047623894,0.012896616047623894,2.022632261245893e-139
2012-06-28,15,c0040_0083,0.012896616047623894,0.012896616047623894,5.1192939439464814e-27
2012-06-28,16,c0030_0014,0.012896616047623894,0.012896616047623894,8.352762506243666e-59
2012-06-28,17,c0052_0016,0.012896616047623894,0.012896616047623894,1.0430501545103133e-44
2012-06-28,18,c0018_0044,0.012896616047623894,0.012896616047623894,2.809297978563018e-85
2012-06-28,19,c0021_0029,0.012896616047623894,0.012896616047623894,1.479611386391286e-118
2012-06-28,20,c0019_0024,0.012896616047623894,0.012896616047623894,2.2125734614946594e-48
2012-06-29,1,c0025_0043,0.03868436869081689,0.03868436869081689,4.150257487795781e-56
2012-06-29,2,c0042_0075,0.02579049236922039,0.02579049236922039,9.685939201695083e-92
2012-06-29,3,c0053_0022,0.019221513252062176,0.012896616047623894,0.006324897204438282
2012-06-29,4,c0014_0047,0.018054166576262493,0.018054166576262493,9.50070330610472e-25
2012-06-29,5,c0044_0005,0.017927095556118388,2.7397260273972604e-06,0.017924355830090992
2012-06-29,6,c0035_0095,0.0154849004102919,0.015475391311943193,9.509098348706798e-06
2012-06-29,7,c0035_0020,0.015475426818826101,0.015475391311943193,3.550688290745817e-08
2012-06-29,8,c0025_0019,0.012896616047623894,0.012896616047623894,1.834067199434213e-27
2012-06-29,9,c0021_0029,0.012896616047623894,0.012896616047623894,2.0024362605738184e-119
2012-06-29,10,c0018_0044,0.012896616047623894,0.012896616047623894,3.801971376248695e-86
2012-06-29,11,c0052_0016,0.012896616047623894,0.012896616047623894,1.4116148809064586e-45
2012-06-29,12,c0013_0050,0.012896616047623894,0.012896616047623894,2.737335099592234e-140
2012-06-29,13,c0040_0083,0.012896616047623894,0.012896616047623894,6.92821095875473e-28
2012-06-29,14,c0019_0024,0.012896616047623894,0.012896616047623894,2.9943925609319225e-49
2012-06-29,15,c0030_0014,0.012896616047623894,0.012896616047623894,1.1304234795906454e-59
2012-06-29,16,c0026_0100,0.011419065416628875,0.010317840783304593,0.0011012246333242822
2012-06-29,17,c0004_0053,0.011418750390078796,0.007739065518985295,0.0036796848710935015
2012-06-29,18,c0023_0041,0.010722177972453357,0.010317840783304593,0.0004043371891487632
2012-06-29,19,c0003_0034,0.01031784088373111,0.010317840783304593,1.0042651698998405e-10
2012-06-29,20,c0036_0021,0.01031784078330504,0.010317840783304593,4.483133363120791e-16
2012-06-30,1,c0014_0047,0.05929767720108612,0.018054166576262493,0.04124351062482363
2012-06-30,2,c0001_0062,0.045579809351427095,0.0025815149903466966,0.0429982943610804
2012-06-30,3,c0053_0021,0.0430010340871078,2.7397260273972604e-06,0.0429982943610804
2012-06-30,4,c0025_0043,0.03868436869081689,0.03868436869081689,5.616762726157149e-57
2012-06-30,5,c0042_0075,0.02579049236922039,0.02579049236922039,1.3108493252740142e-92
2012-06-30,6,c0035_0095,0.01547667822846154,0.015475391311943193,1.2869165183470405e-06
2012-06-30,7,c0035_0020,0.015475396117277248,0.015475391311943193,4.805334055130094e-09
2012-06-30,8,c0053_0022,0.013752597802229009,0.012896616047623894,0.0008559817546051148
2012-06-30,9,c0052_0016,0.012896616047623894,0.012896616047623894,1.9104129972849293e-46
2012-06-30,10,c0040_0083,0.012896616047623894,0.012896616047623894,9.376313924260756e-29
2012-06-30,11,c0030_0014,0.012896616047623894,0.012896616047623894,1.5298618178771726e-60
2012-06-30,12,c0013_0050,0.012896616047623894,0.012896616047623894,3.7045802101683646e-141
2012-06-30,13,c0019_0024,0.012896616047623894,0.012896616047623894,4.052469653553279e-50
2012-06-30,14,c0021_0029,0.012896616047623894,0.012896616047623894,2.7100027848802133e-120
2012-06-30,15,c0025_0019,0.012896616047623894,0.012896616047623894,2.482140039104103e-28
2012-06-30,16,c0018_0044,0.012896616047623894,0.012896616047623894,5.145408730621114e-87
2012-06-30,17,c0022_0019,0.012339079229179926,2.7397260273972604e-06,0.012336339503152528
2012-06-30,18,c0026_0100,0.01046687533096267,0.010317840783304593,0.0001490345476580767
2012-06-30,19,c0023_0041,0.010372561871321137,0.010317840783304593,5.4721088016543706e-05
2012-06-30,20,c0003_0034,0.010317840796895844,0.010317840783304593,1.359125112130599e-11
2012-07-01,1,c0029_0022,0.043825025615170314,0.0025815149903466966,0.04124351062482362
2012-07-01,2,c0021_0029,0.04124283871976672,0.012896616047623894,0.02834622267214283
2012-07-01,3,c0025_0043,0.03868436869081689,0.03868436869081689,7.601461744173264e-58
2012-07-01,4,c0042_0075,0.02579049236922039,0.02579049236922039,1.7740416471648135e-93
2012-07-01,5,c0014_0047,0.023635868768345242,0.018054166576262493,0.005581702192082749
2012-07-01,6,c0035_0095,0.015475565477154707,0.015475391311943193,1.7416521151237218e-07
2012-07-01,7,c0035_0020,0.015475391962274439,0.015475391311943193,6.503312453975718e-10
2012-07-01,8,c0053_0022,0.01301246058082875,0.012896616047623894,0.0001158445332048559
2012-07-01,9,c0030_0014,0.012896616047623894,0.012896616047623894,2.0704428243528632e-61
2012-07-01,10,c0025_0019,0.012896616047623894,0.012896616047623894,3.359211252250906e-29
2012-07-01,11,c0052_0016,0.012896616047623894,0.012896616047623894,2.5854628408646203e-47
2012-07-01,12,c0040_0083,0.012896616047623894,0.012896616047623894,1.2689461006552246e-29
2012-07-01,13,c0019_0024,0.012896616047623894,0.012896616047623894,5.484421283714105e-51
2012-07-01,14,c0018_0044,0.012896616047623894,0.012896616047623894,6.963553479267482e-88
2012-07-01,15,c0013_0050,0.012896616047623894,0.012896616047623894,5.013604120158856e-142
2012-07-01,16,c0026_0100,0.01033801041602394,0.010317840783304593,2.016963271934626e-05
2012-07-01,17,c0023_0041,0.010325246477250328,0.010317840783304593,7.405693945734554e-06
2012-07-01,18,c0003_0034,0.010317840785143969,0.010317840783304593,1.839375820041876e-12
2012-07-01,19,c0036_0021,0.010317840783304602,0.010317840783304593,8.211145176895681e-18
2012-07-01,20,c0044_0024,0.010317840783304593,0.010317840783304593,1.0635123704009994e-145
2012-07-02,1,c0025_0043,0.03868436869081689,0.03868436869081689,1.0287459781599646e-58
2012-07-02,2,c0042_0075,0.02579049236922039,0.02579049236922039,2.4009042879259696e-94
2012-07-02,3,c0014_0047,0.018809567823370434,0.018054166576262493,0.0007554012471079407
2012-07-02,4,c0021_0029,0.016732860121646435,0.012896616047623894,0.0038362440740225415
2012-07-02,5,c0016_0027,0.01582092822690683,2.7397260273972604e-06,0.015818188500879436
2012-07-02,6,c0035_0095,0.015475414882641423,0.015475391311943193,2.3570698229991444e-08
2012-07-02,7,c0035_0020,0.015475391399955957,0.015475391311943193,8.801276329349945e-11
2012-07-02,8,c0053_0022,0.012912293900336587,0.012896616047623894,1.567785271269236e-05
2012-07-02,9,c0030_0014,0.012896616047623894,0.012896616047623894,2.8020396605900707e-62
2012-07-02,10,c0052_0016,0.012896616047623894,0.012896616047623894,3.499043458661506e-48
2012-07-02,11,c0013_0050,0.012896616047623894,0.012896616047623894,6.785175336379471e-143
2012-07-02,12,c0018_0044,0.012896616047623894,0.012896616047623894,9.424144824499643e-89
2012-07-02,13,c0025_0019,0.012896616047623894,0.012896616047623894,4.5461980627499285e-30
2012-07-02,14,c0040_0083,0.012896616047623894,0.012896616047623894,1.7173317994417003e-30
2012-07-02,15,c0019_0024,0.012896616047623894,0.012896616047623894,7.422357078203553e-52
2012-07-02,16,c0026_0100,0.010320570446261444,0.010317840783304593,2.7296629568511764e-06
2012-07-02,17,c0023_0041,0.010318843034992302,0.010317840783304593,1.0022516877096536e-06
2012-07-02,18,c0003_0034,0.010317840783553526,0.010317840783304593,2.4893244758394395e-13
2012-07-02,19,c0036_0021,0.010317840783304595,0.010317840783304593,1.1112576582121231e-18
2012-07-02,20,c0023_0042,0.010317840783304593,0.010317840783304593,6.692124830457083e-157
2012-07-03,1,c0025_0043,0.03868436869081689,0.03868436869081689,1.39225628332805e-59
2012-07-03,2,c0042_0075,0.02579049236922039,0.02579049236922039,3.24927061830459e-95
2012-07-03,3,c0014_0047,0.018156399017997135,0.018054166576262493,0.00010223244173464361
2012-07-03,4,c0035_0095,0.015475394501890314,0.015475391311943193,3.1899471210406173e-09
2012-07-03,5,c0035_0020,0.015475391323854426,0.015475391311943193,1.1911232248762696e-11
2012-07-03,6,c0030_0013,0.01391574232778508,0.0025815149903466966,0.011334227337438383
2012-07-03,7,c0021_0029,0.013415795225946511,0.012896616047623894,0.0005191791783226177
2012-07-03,8,c0053_0022,0.012898737814261308,0.012896616047623894,2.121766637414117e-06
2012-07-03,9,c0030_0014,0.012896616047623894,0.012896616047623894,3.792148311061793e-63
2012-07-03,10,c0052_0016,0.012896616047623894,0.012896616047623894,4.735440375351718e-49
2012-07-03,11,c0040_0083,0.012896616047623894,0.012896616047623894,2.324155854886842e-31
2012-07-03,12,c0025_0019,0.012896616047623894,0.012896616047623894,6.152610024720015e-31
2012-07-03,13,c0013_0050,0.012896616047623894,0.012896616047623894,9.182736259589943e-144
2012-07-03,14,c0018_0044,0.012896616047623894,0.012896616047623894,1.2754193090865167e-89
2012-07-03,15,c0019_0024,0.012896616047623894,0.012896616047623894,1.0045067974619546e-52
2012-07-03,16,c0026_0100,0.010318210203014,0.010317840783304593,3.6941970940594365e-07
2012-07-03,17,c0023_0041,0.010317976423320623,0.010317840783304593,1.3564001603055906e-07
2012-07-03,18,c0003_0034,0.010317840783338283,0.010317840783304593,3.368934330055629e-14
2012-07-03,19,c0039_0088,0.010317840783304593,0.010317840783304593,1.5342899304216715e-45
2012-07-03,20,c0040_0008,0.010317840783304593,0.010317840783304593,6.923850441113367e-38
2012-07-04,1,c0048_0021,0.051198935643329814,0.007733823355124683,0.043465112288205134
2012-07-04,2,c0025_0043,0.03865815787151383,0.03865815787151383,1.9046702578514224e-60
2012-07-04,3,c0035_0019,0.03638779137173409,0.007733823355124683,0.028653968016609407
2012-07-04,4,c0059_0020,0.02440406623626546,0.007733823355124683,0.016670242881140777
2012-07-04,5,c0042_0075,0.023195990613319256,0.023195990613319256,4.445150781867173e-96
2012-07-04,6,c0014_0047,0.020632948602450477,0.020618962736953496,1.3985865496979101e-05
2012-07-04,7,c0053_0022,0.015465197251599951,0.01546490698422197,2.902673779804239e-07
2012-07-04,8,c0035_0095,0.015464907420621322,0.01546490698422197,4.3639935249860524e-10
2012-07-04,9,c0035_0020,0.01546490698585148,0.01546490698422197,1.6295110368866688e-12
2012-07-04,10,c0021_0029,0.012958905193447508,0.01288787910785621,7.10260855912988e-05
2012-07-04,11,c0040_0083,0.01288787910785621,0.01288787910785621,3.1795514837487014e-32
2012-07-04,12,c0025_0019,0.01288787910785621,0.01288787910785621,8.4170518478324e-32
2012-07-04,13,c0013_0050,0.01288787910785621,0.01288787910785621,1.2562403092573038e-144
2012-07-04,14,c0019_0024,0.01288787910785621,0.01288787910785621,1.3742112309681216e-53
2012-07-04,15,c0018_0044,0.01288787910785621,0.01288787910785621,1.7448319346058736e-90
2012-07-04,16,c0052_0016,0.01288787910785621,0.01288787910785621,6.478298966050249e-50
2012-07-04,17,c0004_0053,0.010311020102611161,0.010310851231490446,1.6887112071593e-07
2012-07-04,18,c0026_0100,0.0103109017697959,0.010310851231490446,5.053830545391154e-08
2012-07-04,19,c0003_0034,0.010310851231495055,0.010310851231490446,4.608856211280995e-15
2012-07-04,20,c0036_0021,0.010310851231490446,0.010310851231490446,2.0574363889052282e-20
2012-07-05,1,c0025_0043,0.03865815787151383,0.03865815787151383,2.5776908881867438e-61
2012-07-05,2,c0042_0075,0.023195990613319256,0.023195990613319256,6.015857400934444e-97
2012-07-05,3,c0014_0047,0.020620855518021838,0.020618962736953496,1.8927810683428356e-06
2012-07-05,4,c0053_0022,0.015464946267639784,0.01546490698422197,3.928341781332958e-08
2012-07-05,5,c0035_0095,0.0154649070432822,0.01546490698422197,5.906022997467313e-11
2012-07-05,6,c0035_0020,0.0154649069844425,0.01546490698422197,2.2053033771424378e-13
2012-07-05,7,c0048_0021,0.0136161866375601,0.007733823355124683,0.005882363282435417
2012-07-05,8,c0021_0029,0.012897491443266896,0.01288787910785621,9.612335410686318e-06
2012-07-05,9,c0040_0083,0.01288787910785621,0.01288787910785621,4.3030550061852264e-33
2012-07-05,10,c0018_0044,0.01288787910785621,0.01288787910785621,2.3613732407017283e-91
2012-07-05,11,c0052_0016,0.01288787910785621,0.01288787910785621,8.767424254618658e-51
2012-07-05,12,c0013_0050,0.01288787910785621,0.01288787910785621,1.7001363806658715e-145
2012-07-05,13,c0025_0019,0.01288787910785621,0.01288787910785621,1.1391240958436523e-32
2012-07-05,14,c0019_0024,0.01288787910785621,0.01288787910785621,1.8597926617000493e-54
2012-07-05,15,c0035_0019,0.011611716232505358,0.007733823355124683,0.003877892877380675
2012-07-05,16,c0004_0053,0.0103108740857114,0.010310851231490446,2.2854220952574597e-08
2012-07-05,17,c0026_0100,0.010310858071106328,0.010310851231490446,6.8396158829035676e-09
2012-07-05,18,c0003_0034,0.01031085123149107,0.010310851231490446,6.237408607505352e-16
2012-07-05,19,c0015_0049,0.010310851231490446,0.010310851231490446,3.925818001521442e-69
2012-07-05,20,c0036_0021,0.010310851231490446,0.010310851231490446,2.7844373643380265e-21
2012-07-06,1,c0007_0027,0.039992573518026896,2.7397260273972604e-06,0.039989833791999496
2012-07-06,2,c0025_0043,0.03865815787151383,0.03865815787151383,3.488525264491888e-62
2012-07-06,3,c0004_0058,0.03381076349536833,0.005156795478758921,0.028653968016609407
2012-07-06,4,c0027_0032,0.02425779999768742,2.7397260273972604e-06,0.024255060271660023
2012-07-06,5,c0042_0075,0.023195990613319256,0.023195990613319256,8.141577652665358e-98
2012-07-06,6,c0014_0047,0.020619218897015484,0.020618962736953496,2.561600619890761e-07
2012-07-06,7,c0043_0075,0.020448809472349273,0.0025797676023931594,0.017869041869956113
2012-07-06,8,c0053_0022,0.015464912300654447,0.01546490698422197,5.316432476269157e-09
2012-07-06,9,c0035_0095,0.015464906992214903,0.01546490698422197,7.992932951641872e-12
2012-07-06,10,c0035_0020,0.015464906984251816,0.01546490698422197,2.9845535716823045e-14
2012-07-06,11,c0021_0029,0.01288917999599158,0.01288787910785621,1.3008881353705553e-06
2012-07-06,12,c0040_0083,0.01288787910785621,0.01288787910785621,5.823551680448019e-34
2012-07-06,13,c0052_0016,0.01288787910785621,0.01288787910785621,1.1865418447543642e-51
2012-07-06,14,c0025_0019,0.01288787910785621,0.01288787910785621,1.5416368215265105e-33
2012-07-06,15,c0018_0044,0.01288787910785621,0.01288787910785621,3.195771163577264e-92
2012-07-06,16,c0019_0024,0.01288787910785621,0.01288787910785621,2.5169556663255005e-55
2012-07-06,17,c0013_0050,0.01288787910785621,0.01288787910785621,2.3008843861828533e-146
2012-07-06,18,c0047_0013,0.011146140778375868,2.7397260273972604e-06,0.01114340105234847
2012-07-06,19,c0004_0053,0.010310854324472912,0.010310851231490446,3.092982465768813e-09
2012-07-06,20,c0026_0100,0.0103108521571318,0.010310851231490446,9.256413527423892e-10
2012-07-07,1,c0025_0043,0.03865815787151383,0.03865815787151383,4.721205547480889e-63
2012-07-07,2,c0042_0075,0.023195990613319256,0.023195990613319256,1.1018427176163426e-98
2012-07-07,3,c0014_0047,0.020618997404448038,0.020618962736953496,3.466749454319988e-08
2012-07-07,4,c0053_0022,0.015464907703722865,0.01546490698422197,7.195008949842125e-10
2012-07-07,5,c0035_0095,0.015464906985303695,0.01546490698422197,1.0817258449017075e-12
2012-07-07,6,c0035_0020,0.015464906984226008,0.01546490698422197,4.039154029584688e-15
2012-07-07,7,c0021_0029,0.01288805516392047,0.01288787910785621,1.7605606425952305e-07
2012-07-07,8,c0019_0024,0.01288787910785621,0.01288787910785621,3.4063290799615886e-56
2012-07-07,9,c0018_0044,0.01288787910785621,0.01288787910785621,4.325005955821283e-93
2012-07-07,10,c0013_0050,0.01288787910785621,0.01288787910785621,3.113908400987562e-147
2012-07-07,11,c0040_0083,0.01288787910785621,0.01288787910785621,7.881320161164845e-35
2012-07-07,12,c0052_0016,0.01288787910785621,0.01288787910785621,1.605809766319248e-52
2012-07-07,13,c0025_0019,0.01288787910785621,0.01288787910785621,2.0863785588928163e-34
2012-07-07,14,c0004_0053,0.010310851650080104,0.010310851231490446,4.185896580506991e-10
2012-07-07,15,c0026_0100,0.010310851356762381,0.010310851231490446,1.252719346489126e-10
2012-07-07,16,c0003_0034,0.010310851231490458,0.010310851231490446,1.1424212365655038e-17
2012-07-07,17,c0036_0021,0.010310851231490446,0.010310851231490446,5.099874927351408e-23
2012-07-07,18,c0022_0093,0.010310851231490446,0.010310851231490446,1.894909381855247e-29
2012-07-07,19,c0035_0015,0.010310851231490446,0.010310851231490446,8.05024633579662e-47
2012-07-07,20,c0015_0049,0.010310851231490446,0.010310851231490446,7.190386485875882e-71
2012-07-08,1,c0025_0043,0.03865815787151383,0.03865815787151383,6.389456899865932e-64
2012-07-08,2,c0042_0075,0.023195990613319256,0.023195990613319256,1.4911819627080678e-99
2012-07-08,3,c0014_0047,0.02061896742868869,0.020618962736953496,4.691735193107681e-09
2012-07-08,4,c0053_0022,0.015464907081595827,0.01546490698422197,9.737385741168473e-11
2012-07-08,5,c0035_0095,0.015464906984368365,0.01546490698422197,1.463956736041368e-13
2012-07-08,6,c0035_0020,0.015464906984222516,0.01546490698422197,5.466400546301491e-16
2012-07-08,7,c0021_0029,0.012887902934453532,0.01288787910785621,2.382659732208584e-08
2012-07-08,8,c0025_0019,0.01288787910785621,0.01288787910785621,2.8236063320655514e-35
2012-07-08,9,c0052_0016,0.01288787910785621,0.01288787910785621,2.173227195489343e-53
2012-07-08,10,c0040_0083,0.01288787910785621,0.01288787910785621,1.0666206962896703e-35
2012-07-08,11,c0013_0050,0.01288787910785621,0.01288787910785621,4.2142167542051956e-148
2012-07-08,12,c0018_0044,0.01288787910785621,0.01288787910785621,5.853259060311103e-94
2012-07-08,13,c0019_0024,0.01288787910785621,0.01288787910785621,4.60996510833712e-57
2012-07-08,14,c0004_0053,0.010310851288140396,0.010310851231490446,5.664994993220822e-11
2012-07-08,15,c0026_0100,0.010310851248444159,0.010310851231490446,1.6953712757309022e-11
2012-07-08,16,c0003_0034,0.010310851231490448,0.010310851231490446,1.5460990162611376e-18
2012-07-08,17,c0036_0021,0.010310851231490446,0.010310851231490446,6.901930177644025e-24
2012-07-08,18,c0044_0024,0.010310851231490446,0.010310851231490446,8.93942070860267e-152
2012-07-08,19,c0030_0014,0.010310851231490446,0.010310851231490446,1.7403238528404794e-67
2012-07-08,20,c0023_0042,0.010310851231490446,0.010310851231490446,4.1564238481113884e-162
2012-07-09,1,c0025_0043,0.03865815787151383,0.03865815787151383,8.647189592714854e-65
2012-07-09,2,c0055_0009,0.033723881474497695,0.0025797676023931594,0.031144113872104535
2012-07-09,3,c0042_0075,0.023195990613319256,0.023195990613319256,2.0180953328042442e-100
2012-07-09,4,c0014_0047,0.02061896337191081,0.020618962736953496,6.349573112304117e-10
2012-07-09,5,c0053_0022,0.015464906997400088,0.01546490698422197,1.3178118572651892e-11
2012-07-09,6,c0035_0095,0.015464906984241782,0.01546490698422197,1.9812499951830557e-14
2012-07-09,7,c0035_0020,0.015464906984222045,0.01546490698422197,7.397968662184868e-17
2012-07-09,8,c0021_0029,0.012887882332435506,0.01288787910785621,3.224579297149204e-09
2012-07-09,9,c0025_0019,0.01288787910785621,0.01288787910785621,3.821335626987844e-36
2012-07-09,10,c0052_0016,0.01288787910785621,0.01288787910785621,2.941143180390598e-54
2012-07-09,11,c0018_0044,0.01288787910785621,0.01288787910785621,7.921524727844725e-95
2012-07-09,12,c0019_0024,0.01288787910785621,0.01288787910785621,6.23890933647706e-58
2012-07-09,13,c0040_0083,0.01288787910785621,0.01288787910785621,1.443514140383956e-36
2012-07-09,14,c0013_0050,0.01288787910785621,0.01288787910785621,5.703322180508387e-149
2012-07-09,15,c0017_0050,0.012455702892664964,2.7397260273972604e-06,0.012452963166637566
2012-07-09,16,c0004_0053,0.010310851239157183,0.010310851231490446,7.666737019415326e-12
2012-07-09,17,c0026_0100,0.010310851233784881,0.010310851231490446,2.29443551792259e-12
2012-07-09,18,c0015_0049,0.010310851231490446,0.010310851231490446,1.3169652234573705e-72
2012-07-09,19,c0022_0093,0.010310851231490446,0.010310851231490446,3.470647596493521e-31
2012-07-09,20,c0007_0043,0.010310851231490446,0.010310851231490446,2.4309637524616507e-48
2012-07-10,1,c0025_0043,0.03865815787151383,0.03865815787151383,1.170269852730754e-65
2012-07-10,2,c0042_0075,0.023195990613319256,0.023195990613319256,2.731195034635485e-101
2012-07-10,3,c0014_0047,0.020618962822885622,0.020618962736953496,8.593212755852579e-11
2012-07-10,4,c0053_0022,0.015464906986005434,0.01546490698422197,1.7834644095555101e-12
2012-07-10,5,c0035_0095,0.015464906984224652,0.01546490698422197,2.6813302926063634e-15
2012-07-10,6,c0035_0020,0.01546490698422198,0.01546490698422197,1.0012061842723734e-17
2012-07-10,7,c0005_0053,0.014714177433967033,2.7397260273972604e-06,0.014711437707939635
2012-07-10,8,c0021_0029,0.012887879544255562,0.01288787910785621,4.36399352498605e-10
2012-07-10,9,c0019_0024,0.01288787910785621,0.01288787910785621,8.443445621396703e-59
2012-07-10,10,c0025_0019,0.01288787910785621,0.01288787910785621,5.171615394205588e-37
2012-07-10,11,c0018_0044,0.01288787910785621,0.01288787910785621,1.072061792708697e-95
2012-07-10,12,c0040_0083,0.01288787910785621,0.01288787910785621,1.953583950449181e-37
2012-07-10,13,c0013_0050,0.01288787910785621,0.01288787910785621,7.71860722688758e-150
2012-07-10,14,c0052_0016,0.01288787910785621,0.01288787910785621,3.980404453575933e-55
2012-07-10,15,c0004_0053,0.010310851232528026,0.010310851231490446,1.037580026023197e-12
2012-07-10,16,c0026_0100,0.010310851231800963,0.010310851231490446,3.1051808068619783e-13
2012-07-10,17,c0022_0093,0.010310851231490446,0.010310851231490446,4.6970107548591976e-32
2012-07-10,18,c0007_0043,0.010310851231490446,0.010310851231490446,3.2899516797733632e-49
2012-07-10,19,c0044_0024,0.010310851231490446,0.010310851231490446,1.6373120157323873e-153
2012-07-10,20,c0003_0034,0.010310851231490446,0.010310851231490446,2.8317791268066144e-20
2012-07-11,1,c0025_0043,0.03864738110334617,0.03864738110334617,1.590781795808419e-66
2012-07-11,2,c0048_0019,0.0269412162173499,0.0025790491511819822,0.024362167066167915
2012-07-11,3,c0042_0075,0.023189524552418662,0.023189524552418662,3.7125927253122826e-102
2012-07-11,4,c0051_0016,0.022611614072675472,0.0051553585763365675,0.017456255496338904
2012-07-11,5,c0014_0047,0.020613215138945082,0.02061321512726408,1.1681003648535473e-11
2012-07-11,6,c0053_0022,0.01546059627719734,0.015460596276954909,2.4243149642562465e-13
2012-07-11,7,c0035_0095,0.015460596276955273,0.015460596276954909,3.6448101333848506e-16
2012-07-11,8,c0035_0020,0.01546059627695491,0.015460596276954909,1.360968641612723e-18
2012-07-11,9,c0021_0029,0.012884286911121355,0.012884286851800325,5.932103130209253e-11
2012-07-11,10,c0040_0083,0.012884286851800325,0.012884286851800325,2.6555633965160807e-38
2012-07-11,11,c0018_0044,0.012884286851800325,0.012884286851800325,1.4572847278285842e-96
2012-07-11,12,c0025_0019,0.012884286851800325,0.012884286851800325,7.029926990623428e-38
2012-07-11,13,c0019_0024,0.012884286851800325,0.012884286851800325,1.147742083338656e-59
2012-07-11,14,c0013_0050,0.012884286851800325,0.012884286851800325,1.0492126954203467e-150
2012-07-11,15,c0052_0016,0.012884286851800325,0.012884286851800325,5.410679365898486e-56
2012-07-11,16,c0004_0053,0.010307977426786779,0.010307977426645737,1.4104126610120198e-13
2012-07-11,17,c0026_0100,0.010307977426687947,0.010307977426645737,4.220962446160031e-14
2012-07-11,18,c0035_0015,0.010307977426645737,0.010307977426645737,2.7124820544175915e-50
2012-07-11,19,c0036_0021,0.010307977426645737,0.010307977426645737,1.7183721644271928e-26
2012-07-11,20,c0044_0024,0.010307977426645737,0.010307977426645737,2.2256457710226214e-154
2012-07-12,1,c0033_0099,0.05204896539864269,0.0025790491511819822,0.04946991624746071
2012-07-12,2,c0025_0043,0.03864738110334617,0.03864738110334617,2.1528890490337975e-67
2012-07-12,3,c0055_0019,0.03393585831992654,0.0051553585763365675,0.028780499743589972
2012-07-12,4,c0045_0007,0.03128438144458003,2.7397260273972604e-06,0.03128164171855263
2012-07-12,5,c0042_0075,0.023189524552418662,0.023189524552418662,5.024447880223254e-103
2012-07-12,6,c0014_0047,0.020613215128844932,0.02061321512726408,1.5808519372624546e-12
2012-07-12,7,c0053_0022,0.015460596276987718,0.015460596276954909,3.2809535234237765e-14
2012-07-12,8,c0035_0095,0.015460596276954957,0.015460596276954909,4.932714117453149e-17
2012-07-12,9,c0035_0020,0.015460596276954909,0.015460596276954909,1.8418707658880581e-19
2012-07-12,10,c0021_0029,0.012884286859828554,0.012884286851800325,8.02822857315666e-12
2012-07-12,11,c0025_0019,0.012884286851800325,0.012884286851800325,9.513971604087299e-39
2012-07-12,12,c0018_0044,0.012884286851800325,0.012884286851800325,1.9722204139707147e-97
2012-07-12,13,c0019_0024,0.012884286851800325,0.012884286851800325,1.5532999993121693e-60
2012-07-12,14,c0040_0083,0.012884286851800325,0.012884286851800325,3.5939142442028495e-39
2012-07-12,15,c0013_0050,0.012884286851800325,0.012884286851800325,1.4199549731016245e-151
2012-07-12,16,c0052_0016,0.012884286851800325,0.012884286851800325,7.322558244863675e-57
2012-07-12,17,c0004_0053,0.010307977426664824,0.010307977426645737,1.9087859695856626e-14
2012-07-12,18,c0026_0100,0.01030797742665145,0.010307977426645737,5.712451481821732e-15
2012-07-12,19,c0022_0093,0.010307977426645737,0.010307977426645737,8.640864321792269e-34
2012-07-12,20,c0003_0034,0.010307977426645737,0.010307977426645737,5.209487587122442e-22
2012-07-13,1,c0037_0090,0.050030071259818364,0.0025790491511819822,0.04745102210863638
2012-07-13,2,c0053_0022,0.044241096020549334,0.015460596276954909,0.028780499743594423
2012-07-13,3,c0025_0043,0.03864738110334617,0.03864738110334617,2.9136184922799085e-68
2012-07-13,4,c0041_0013,0.033860690869734617,0.0025790491511819822,0.03128164171855263
2012-07-13,5,c0019_0046,0.026482077765358023,2.7397260273972604e-06,0.026479338039330627
2012-07-13,6,c0042_0075,0.023189524552418662,0.023189524552418662,6.799850769776125e-104
2012-07-13,7,c0014_0047,0.020613215127478022,0.02061321512726408,2.1394504468456213e-13
2012-07-13,8,c0035_0095,0.015460596276954916,0.015460596276954909,6.6757026221075994e-18
2012-07-13,9,c0035_0020,0.015460596276954909,0.015460596276954909,2.4927010178669713e-20
2012-07-13,10,c0021_0029,0.012884286852886827,0.012884286851800325,1.0865025878364233e-12
2012-07-13,11,c0019_0024,0.012884286851800325,0.012884286851800325,2.102162953583428e-61
2012-07-13,12,c0040_0083,0.012884286851800325,0.012884286851800325,4.863834021672896e-40
2012-07-13,13,c0013_0050,0.012884286851800325,0.012884286851800325,1.9217000846794515e-152
2012-07-13,14,c0018_0044,0.012884286851800325,0.012884286851800325,2.6691100832975628e-98
2012-07-13,15,c0025_0019,0.012884286851800325,0.012884286851800325,1.2875760417442451e-39
2012-07-13,16,c0052_0016,0.012884286851800325,0.012884286851800325,9.910004940852194e-58
2012-07-13,17,c0004_0053,0.01030797742664832,0.010307977426645737,2.58326089831948e-15
2012-07-13,18,c0026_0100,0.010307977426646511,0.010307977426645737,7.730962392677522e-16
2012-07-13,19,c0036_0021,0.010307977426645737,0.010307977426645737,3.147308404010101e-28
2012-07-13,20,c0015_0049,0.010307977426645737,0.010307977426645737,4.437435062124315e-76
2012-07-14,1,c0021_0029,0.05654133471145081,0.012884286851800325,0.04365704785965048
2012-07-14,2,c0025_0043,0.03864738110334617,0.03864738110334617,3.943153838961339e-69
2012-07-14,3,c0042_0024,0.03135954889477196,0.0025790491511819822,0.02878049974358998
2012-07-14,4,c0051_0020,0.023201178351425118,0.0025790491511819822,0.020622129200243134
2012-07-14,5,c0042_0075,0.023189524552418662,0.023189524552418662,9.20259729894351e-105
2012-07-14,6,c0014_0047,0.020613215127293034,0.02061321512726408,2.895431321945498e-14
2012-07-14,7,c0053_0022,0.01935561336144552,0.015460596276954909,0.003895017084490611
2012-07-14,8,c0035_0095,0.01546059627695491,0.015460596276954909,9.034581051663302e-19
2012-07-14,9,c0035_0020,0.015460596276954909,0.015460596276954909,3.373503982772194e-21
2012-07-14,10,c0025_0019,0.012884286851800325,0.012884286851800325,1.7425446829813408e-40
2012-07-14,11,c0019_0024,0.012884286851800325,0.012884286851800325,2.844968187327275e-62
2012-07-14,12,c0040_0083,0.012884286851800325,0.012884286851800325,6.582483549389744e-41
2012-07-14,13,c0052_0016,0.012884286851800325,0.012884286851800325,1.3411733255464631e-58
2012-07-14,14,c0018_0044,0.012884286851800325,0.012884286851800325,3.6122476911277457e-99
2012-07-14,15,c0013_0050,0.012884286851800325,0.012884286851800325,2.600738252559162e-153
2012-07-14,16,c0004_0053,0.010307977426646088,0.010307977426645737,3.496063453481335e-16
2012-07-14,17,c0026_0100,0.010307977426645841,0.010307977426645737,1.0462719851046135e-16
2012-07-14,18,c0036_0021,0.010307977426645737,0.010307977426645737,4.259418742896785e-29
2012-07-14,19,c0015_0049,0.010307977426645737,0.010307977426645737,6.0054153097667045e-77
2012-07-14,20,c0023_0042,0.010307977426645737,0.010307977426645737,2.5650722604255724e-167
2012-07-15,1,c0025_0043,0.03864738110334617,0.03864738110334617,5.336478416413694e-70
2012-07-15,2,c0029_0015,0.03852994923802662,2.7397260273972604e-06,0.03852720951199922
2012-07-15,3,c0052_0012,0.03128438144458003,2.7397260273972604e-06,0.03128164171855263
2012-07-15,4,c0033_0011,0.03128438144458003,2.7397260273972604e-06,0.03128164171855263
2012-07-15,5,c0042_0075,0.023189524552418662,0.023189524552418662,1.2454361119650069e-105
2012-07-15,6,c0014_0047,0.020613215127267995,0.02061321512726408,3.91854018047654e-15
2012-07-15,7,c0021_0029,0.01879262578916048,0.012884286851800325,0.005908338937360154
2012-07-15,8,c0053_0022,0.015987729517295893,0.015460596276954909,0.0005271332403409823
2012-07-15,9,c0035_0095,0.015460596276954909,0.015460596276954909,1.2226975855509868e-19
2012-07-15,10,c0035_0020,0.015460596276954909,0.015460596276954909,4.565541170083158e-22
2012-07-15,11,c0018_0044,0.012884286851800325,0.012884286851800325,4.888645643995736e-100
2012-07-15,12,c0013_0050,0.012884286851800325,0.012884286851800325,3.519716480343873e-154
2012-07-15,13,c0019_0024,0.012884286851800325,0.012884286851800325,3.8502457543108937e-63
2012-07-15,14,c0025_0019,0.012884286851800325,0.012884286851800325,2.358277782237332e-41
2012-07-15,15,c0052_0016,0.012884286851800325,0.012884286851800325,1.8150807188222032e-59
2012-07-15,16,c0040_0083,0.012884286851800325,0.012884286851800325,8.908422755570045e-42
2012-07-15,17,c0004_0053,0.010307977426645784,0.010307977426645737,4.731407376900667e-17
2012-07-15,18,c0026_0100,0.010307977426645751,0.010307977426645737,1.4159751544666588e-17
2012-07-15,19,c0015_0049,0.010307977426645737,0.010307977426645737,8.127445819007668e-78
2012-07-15,20,c0023_0042,0.010307977426645737,0.010307977426645737,3.471447808870731e-168
2012-07-16,1,c0023_0041,0.07573195412062529,0.007731668001491152,0.06800028611913414
2012-07-16,2,c0015_0047,0.04274547219352316,0.0025790491511819822,0.04016642304234118
2012-07-16,3,c0025_0043,0.03864738110334617,0.03864738110334617,7.22213817971418e-71
2012-07-16,4,c0044_0021,0.03128438144458004,2.7397260273972604e-06,0.03128164171855264
2012-07-16,5,c0042_0075,0.023189524552418662,0.023189524552418662,1.685514489658899e-106
2012-07-16,6,c0014_0047,0.02061321512726461,0.02061321512726408,5.3031674519884e-16
2012-07-16,7,c0053_0022,0.015531936003339889,0.015460596276954909,7.13397263849803e-05
2012-07-16,8,c0035_0095,0.015460596276954909,0.015460596276954909,1.6547412405326532e-20
2012-07-16,9,c0035_0020,0.015460596276954909,0.015460596276954909,6.178788073816205e-23
2012-07-16,10,c0021_0029,0.013683893575345869,0.012884286851800325,0.0007996067235455438
2012-07-16,11,c0052_0016,0.012884286851800325,0.012884286851800325,2.4564446317911746e-60
2012-07-16,12,c0025_0019,0.012884286851800325,0.012884286851800325,3.191581916097002e-42
2012-07-16,13,c0019_0024,0.012884286851800325,0.012884286851800325,5.2107409969023025e-64
2012-07-16,14,c0018_0044,0.012884286851800325,0.012884286851800325,6.61606242873596e-101
2012-07-16,15,c0013_0050,0.012884286851800325,0.012884286851800325,4.763418267799117e-155
2012-07-16,16,c0040_0083,0.012884286851800325,0.012884286851800325,1.205623916816558e-42
2012-07-16,17,c0059_0014,0.01277400907003466,2.7397260273972604e-06,0.012771269344007262
2012-07-16,18,c0004_0053,0.010307977426645744,0.010307977426645737,6.403263574606506e-18
2012-07-16,19,c0026_0100,0.010307977426645739,0.010307977426645737,1.9163139858575175e-18
2012-07-16,20,c0036_0021,0.010307977426645737,0.010307977426645737,7.801397557080363e-31
2012-07-17,1,c0025_0018,0.06522789725190574,2.7397260273972604e-06,0.06522515752587835
2012-07-17,2,c0047_0020,0.03915550163590364,0.0051553585763365675,0.03400014305956707
2012-07-17,3,c0025_0043,0.03864738110334617,0.03864738110334617,9.774101161255729e-72
2012-07-17,4,c0003_0038,0.03474652376295033,0.0051553585763365675,0.029591165186613765
2012-07-17,5,c0042_0075,0.023189524552418662,0.023189524552418662,2.2810958085740172e-107
2012-07-17,6,c0020_0045,0.022730496763005304,2.7397260273972604e-06,0.022727757036977908
2012-07-17,7,c0014_0047,0.02061321512726415,0.02061321512726408,7.177056691660356e-17
2012-07-17,8,c0023_0041,0.01693450598359487,0.007731668001491152,0.00920283798210372
2012-07-17,9,c0053_0022,0.015470251059031243,0.015460596276954909,9.65478207633376e-06
2012-07-17,10,c0035_0020,0.015460596276954909,0.015460596276954909,8.362080340289204e-24
2012-07-17,11,c0035_0095,0.015460596276954909,0.015460596276954909,2.2394487447079048e-21
2012-07-17,12,c0049_0014,0.015087002779684607,0.0025790491511819822,0.012507953628502625
2012-07-17,13,c0021_0029,0.01299250185420926,0.012884286851800325,0.00010821500240893604
2012-07-17,14,c0040_0083,0.012884286851800325,0.012884286851800325,1.6316345425920325e-43
2012-07-17,15,c0013_0050,0.012884286851800325,0.012884286851800325,6.446585604470484e-156
2012-07-17,16,c0052_0016,0.012884286851800325,0.012884286851800325,3.3244362999851534e-61
2012-07-17,17,c0019_0024,0.012884286851800325,0.012884286851800325,7.051971086884028e-65
2012-07-17,18,c0018_0044,0.012884286851800325,0.012884286851800325,8.953866827040931e-102
2012-07-17,19,c0025_0019,0.012884286851800325,0.012884286851800325,4.319336425878389e-43
2012-07-17,20,c0022_0093,0.010307977426645737,0.010307977426645737,3.9229463329653037e-38
2012-07-18,1,c0025_0047,0.041394084848471825,0.002570786961162216,0.03882329788730961
2012-07-18,2,c0047_0003,0.0401215414445537,0.005138834196297034,0.03498270724825667
2012-07-18,3,c0025_0043,0.03852344825304967,0.03852344825304967,1.3896593020963464e-72
2012-07-18,4,c0031_0104,0.03683222709483201,0.002570786961162216,0.034261440133669795
2012-07-18,5,c0015_0047,0.036297858619050855,0.007706881431431853,0.028590977187619004
2012-07-18,6,c0042_0075,0.023115164842240767,0.023115164842240767,3.2432097407825604e-108
2012-07-18,7,c0049_0013,0.020310960881535126,0.007706881431431853,0.012604079450103273
2012-07-18,8,c0053_0022,0.017980443066759198,0.01797907037197113,1.3726947880664806e-06
2012-07-18,9,c0014_0047,0.01797907037197114,0.01797907037197113,1.0204174715086788e-17
2012-07-18,10,c0021_0029,0.015426408897863633,0.01541102313683631,1.5385761027322567e-05
2012-07-18,11,c0035_0095,0.01541102313683631,0.01541102313683631,3.183996899876063e-22
2012-07-18,12,c0035_0020,0.01541102313683631,0.01541102313683631,1.1889014179455192e-24
2012-07-18,13,c0025_0018,0.014412397605465936,0.005138834196297034,0.009273563409168902
2012-07-18,14,c0023_0041,0.01415141431424939,0.012842975901701493,0.0013084384125478978
2012-07-18,15,c0013_0050,0.012842975901701493,0.012842975901701493,9.165607664799184e-157
2012-07-18,16,c0052_0016,0.012842975901701493,0.012842975901701493,4.7266073394186785e-62
2012-07-18,17,c0019_0024,0.012842975901701493,0.012842975901701493,1.0026330869020637e-65
2012-07-18,18,c0040_0083,0.012842975901701493,0.012842975901701493,2.3198205976450424e-44
2012-07-18,19,c0018_0044,0.012842975901701493,0.012842975901701493,1.2730402643316549e-102
2012-07-18,20,c0047_0020,0.012540943847587947,0.007706881431431853,0.004834062416156093
2012-07-19,1,c0025_0043,0.03852344825304967,0.03852344825304967,1.8806993525160258e-73
2012-07-19,2,c0007_0055,0.030732729561986576,0.005138834196297034,0.025593895365689543
2012-07-19,3,c0042_0075,0.023115164842240767,0.023115164842240767,4.38920708864549e-109
2012-07-19,4,c0053_0022,0.017979256146009072,0.01797907037197113,1.857740379403992e-07
2012-07-19,5,c0014_0047,0.01797907037197113,0.01797907037197113,1.3809848752621519e-18
2012-07-19,6,c0061_0017,0.01712234935596209,0.007706881431431853,0.009415467924530237
2012-07-19,7,c0021_0029,0.015413105373162754,0.01541102313683631,2.0822363264435365e-06
2012-07-19,8,c0035_0020,0.01541102313683631,0.01541102313683631,1.6090031013806732e-25
2012-07-19,9,c0035_0095,0.01541102313683631,0.01541102313683631,4.309071222692236e-23
2012-07-19,10,c0023_0041,0.013020053784861325,0.012842975901701493,0.00017707788315983366
2012-07-19,11,c0019_0024,0.012842975901701493,0.012842975901701493,1.356916327982901e-66
2012-07-19,12,c0040_0083,0.012842975901701493,0.012842975901701493,3.1395357764041995e-45
2012-07-19,13,c0052_0016,0.012842975901701493,0.012842975901701493,6.396767430284793e-63
2012-07-19,14,c0018_0044,0.012842975901701493,0.012842975901701493,1.722872647449368e-103
2012-07-19,15,c0013_0050,0.012842975901701493,0.012842975901701493,1.2404301093512654e-157
2012-07-19,16,c0015_0047,0.011576249427129804,0.007706881431431853,0.00386936799569795
2012-07-19,17,c0036_0021,0.010274928666566673,0.010274928666566673,2.0315428712694343e-33
2012-07-19,18,c0022_0093,0.010274928666566673,0.010274928666566673,7.548400110292179e-40
2012-07-19,19,c0007_0043,0.010274928666566673,0.010274928666566673,5.287165160685656e-57
2012-07-19,20,c0026_0100,0.010274928666566673,0.010274928666566673,4.990226415970147e-21
2012-07-20,1,c0035_0020,0.054234321024145916,0.01541102313683631,0.03882329788730961
2012-07-20,2,c0015_0049,0.05247212835605246,0.010274928666566673,0.042197199689485786
2012-07-20,3,c0048_0009,0.041394084848471825,0.002570786961162216,0.03882329788730961
2012-07-20,4,c0036_0011,0.040477848787711164,2.7397260273972604e-06,0.040475109061683764
2012-07-20,5,c0025_0043,0.03852344825304967,0.03852344825304967,2.5452497955567048e-74
2012-07-20,6,c0041_0012,0.030238354522078542,2.7397260273972604e-06,0.030235614796051146
2012-07-20,7,c0042_0075,0.023115164842240767,0.023115164842240767,5.940145845259856e-110
2012-07-20,8,c0022_0032,0.020909614350228173,0.002570786961162216,0.01833882738906596
2012-07-20,9,c0053_0022,0.017979095513753172,0.01797907037197113,2.514178204267315e-08
2012-07-20,10,c0014_0047,0.01797907037197113,0.01797907037197113,1.8689597923908157e-19
2012-07-20,11,c0021_0029,0.015411304936879316,0.01541102313683631,2.8180004300479986e-07
2012-07-20,12,c0035_0095,0.01541102313683631,0.01541102313683631,5.831693744097905e-24
2012-07-20,13,c0023_0041,0.012866940787173868,0.012842975901701493,2.3964885472375893e-05
2012-07-20,14,c0013_0050,0.012842975901701493,0.012842975901701493,1.6787396018427599e-158
2012-07-20,15,c0052_0016,0.012842975901701493,0.012842975901701493,8.657083319763315e-64
2012-07-20,16,c0018_0044,0.012842975901701493,0.012842975901701493,2.3316545772317292e-104
2012-07-20,17,c0019_0024,0.012842975901701493,0.012842975901701493,1.8363865557595035e-67
2012-07-20,18,c0040_0083,0.012842975901701493,0.012842975901701493,4.24889963531141e-46
2012-07-20,19,c0032_0018,0.012346950551541797,2.7397260273972604e-06,0.0123442108255144
2012-07-20,20,c0023_0042,0.010274928666566673,0.010274928666566673,1.6557177105106536e-172
2012-07-21,1,c0058_0014,0.04586704694698544,2.7397260273972604e-06,0.045864307220958044
2012-07-21,2,c0036_0014,0.04219993941551319,2.7397260273972604e-06,0.04219719968948579
2012-07-21,3,c0025_0043,0.03852344825304967,0.03852344825304967,3.4446210198959727e-75
2012-07-21,4,c0004_0033,0.03828994533987184,0.002570786961162216,0.03571915837870962
2012-07-21,5,c0018_0040,0.026118307440972204,0.002570786961162216,0.02354752047980999
2012-07-21,6,c0042_0075,0.023115164842240767,0.023115164842240767,8.039113204350309e-111
2012-07-21,7,c0035_0020,0.020665185152594745,0.01541102313683631,0.005254162015758435
2012-07-21,8,c0053_0022,0.017979073774541325,0.01797907037197113,3.4025701938183546e-09
2012-07-21,9,c0014_0047,0.01797907037197113,0.01797907037197113,2.5293620286105196e-20
2012-07-21,10,c0015_0049,0.015985698638335138,0.010274928666566673,0.005710769971768466
2012-07-21,11,c0021_0029,0.015411061274324947,0.01541102313683631,3.813748863614423e-08
2012-07-21,12,c0035_0095,0.01541102313683631,0.01541102313683631,7.892339246066726e-25
2012-07-21,13,c0037_0013,0.013143083749501336,2.7397260273972604e-06,0.013140344023473938
2012-07-21,14,c0023_0041,0.01284621919626463,0.012842975901701493,3.243294563136977e-06
2012-07-21,15,c0018_0044,0.012842975901701493,0.012842975901701493,3.155551326196005e-105
2012-07-21,16,c0052_0016,0.012842975901701493,0.012842975901701493,1.1716088230831239e-64
2012-07-21,17,c0040_0083,0.012842975901701493,0.012842975901701493,5.750260355888102e-47
2012-07-21,18,c0013_0050,0.012842975901701493,0.012842975901701493,2.2719269949590832e-159
2012-07-21,19,c0019_0024,0.012842975901701493,0.012842975901701493,2.485278946556201e-68
2012-07-21,20,c0044_0024,0.010274928666566673,0.010274928666566673,4.8193323722384306e-163
2012-07-22,1,c0025_0043,0.03852344825304967,0.03852344825304967,4.6617876137041115e-76
2012-07-22,2,c0050_0017,0.03543399912275419,0.002570786961162216,0.03286321216159197
2012-07-22,3,c0052_0015,0.027820848242017977,2.7397260273972604e-06,0.02781810851599058
2012-07-22,4,c0042_0075,0.023115164842240767,0.023115164842240767,1.0879756624819421e-111
2012-07-22,5,c0053_0022,0.01797907083245893,0.01797907037197113,4.6048780091286324e-10
2012-07-22,6,c0014_0047,0.01797907037197113,0.01797907037197113,3.42311926549938e-21
2012-07-22,7,c0035_0020,0.01612209664141003,0.01541102313683631,0.0007110735045737198
2012-07-22,8,c0021_0029,0.015411028298184137,0.01541102313683631,5.1613478265056775e-09
2012-07-22,9,c0035_0095,0.01541102313683631,0.01541102313683631,1.0681119672658747e-25
2012-07-22,10,c0023_0041,0.012843414833889814,0.012842975901701493,4.389321883219089e-07
2012-07-22,11,c0052_0016,0.012842975901701493,0.012842975901701493,1.5856001191446905e-65
2012-07-22,12,c0019_0024,0.012842975901701493,0.012842975901701493,3.3634593015417387e-69
2012-07-22,13,c0013_0050,0.012842975901701493,0.012842975901701493,3.074718833556939e-160
2012-07-22,14,c0040_0083,0.012842975901701493,0.012842975901701493,7.782131139483816e-48
2012-07-22,15,c0018_0044,0.012842975901701493,0.012842975901701493,4.2705743249840524e-106
2012-07-22,16,c0015_0049,0.0110477973381951,0.010274928666566673,0.000772868671628428
2012-07-22,17,c0036_0021,0.010274928666566673,0.010274928666566673,5.0356913141501345e-36
2012-07-22,18,c0030_0014,0.010274928666566673,0.010274928666566673,1.269751139752706e-79
2012-07-22,19,c0026_0100,0.010274928666566673,0.010274928666566673,1.2369534590643965e-23
2012-07-22,20,c0007_0043,0.010274928666566673,0.010274928666566673,1.3105572150444106e-59
2012-07-23,1,c0015_0047,0.04196961959345781,0.007706881431431853,0.034262738162025956
2012-07-23,2,c0030_0014,0.039276611608152,0.010274928666566673,0.029001682941585324
2012-07-23,3,c0025_0043,0.03852344825304967,0.03852344825304967,6.309043470895787e-77
2012-07-23,4,c0055_0016,0.03828994533987183,0.002570786961162216,0.03571915837870961
2012-07-23,5,c0028_0016,0.026118307440972204,0.002570786961162216,0.02354752047980999
2012-07-23,6,c0042_0075,0.023115164842240767,0.023115164842240767,1.4724149443653496e-112
2012-07-23,7,c0053_0022,0.017979070434291377,0.01797907037197113,6.232024696354725e-11
2012-07-23,8,c0014_0047,0.01797907037197113,0.01797907037197113,4.632688153490642e-22
2012-07-23,9,c0035_0020,0.015507256470979846,0.01541102313683631,9.623333414353517e-05
2012-07-23,10,c0021_0029,0.01541102383534878,0.01541102313683631,6.985124699828211e-10
2012-07-23,11,c0035_0095,0.01541102313683631,0.01541102313683631,1.4455323561834274e-26
2012-07-23,12,c0023_0041,0.012843035304713521,0.012842975901701493,5.940301202821175e-08
2012-07-23,13,c0018_0044,0.012842975901701493,0.012842975901701493,5.779593858547227e-107
2012-07-23,14,c0040_0083,0.012842975901701493,0.012842975901701493,1.0531969219465056e-48
2012-07-23,15,c0052_0016,0.012842975901701493,0.012842975901701493,2.1458764122445356e-66
2012-07-23,16,c0019_0024,0.012842975901701493,0.012842975901701493,4.5519471722897064e-70
2012-07-23,17,c0013_0050,0.012842975901701493,0.012842975901701493,4.161179442123757e-161
2012-07-23,18,c0015_0049,0.010379525067146211,0.010274928666566673,0.00010459640057953788
2012-07-23,19,c0026_0100,0.010274928666566673,0.010274928666566673,1.674034467329879e-24
2012-07-23,20,c0036_0021,0.010274928666566673,0.010274928666566673,6.8150671029265855e-37
2012-07-24,1,c0031_0019,0.042199939415513185,2.7397260273972604e-06,0.042197199689485786
2012-07-24,2,c0025_0043,0.03852344825304967,0.03852344825304967,8.538361850857834e-78
2012-07-24,3,c0042_0075,0.023115164842240767,0.023115164842240767,1.992696935375059e-113
2012-07-24,4,c0053_0022,0.01797907038040526,0.01797907037197113,8.434128274187319e-12
2012-07-24,5,c0014_0047,0.01797907037197113,0.01797907037197113,6.269661633995563e-23
2012-07-24,6,c0035_0020,0.01542404690236943,0.01541102313683631,1.3023765533118925e-05
2012-07-24,7,c0021_0029,0.015411023231369694,0.01541102313683631,9.453338296943103e-11
2012-07-24,8,c0035_0095,0.01541102313683631,0.01541102313683631,1.9563153085177224e-27
2012-07-24,9,c0030_0014,0.014199879641804561,0.010274928666566673,0.003924950975237889
2012-07-24,10,c0023_0041,0.012842983941024951,0.012842975901701493,8.03932345794595e-09
2012-07-24,11,c0019_0024,0.012842975901701493,0.012842975901701493,6.160390598399257e-71
2012-07-24,12,c0013_0050,0.012842975901701493,0.012842975901701493,5.631543983981888e-162
2012-07-24,13,c0052_0016,0.012842975901701493,0.012842975901701493,2.904127920418805e-67
2012-07-24,14,c0040_0083,0.012842975901701493,0.012842975901701493,1.4253470373555903e-49
2012-07-24,15,c0018_0044,0.012842975901701493,0.012842975901701493,7.821829718390763e-108
2012-07-24,16,c0015_0047,0.012343838805051535,0.007706881431431853,0.004636957373619683
2012-07-24,17,c0015_0049,0.010289084250064634,0.010274928666566673,1.4155583497961961e-05
2012-07-24,18,c0004_0053,0.010274928666566673,0.010274928666566673,7.570248597565813e-25
2012-07-24,19,c0039_0088,0.010274928666566673,0.010274928666566673,9.409418917293254e-64
2012-07-24,20,c0049_0009,0.010274928666566673,0.010274928666566673,5.627932358194903e-50
2012-07-25,1,c0045_0017,0.0467429402918853,0.0025771448124434367,0.04416579547944186
2012-07-25,2,c0025_0043,0.038618816022267986,0.038618816022267986,1.112747971691683e-78
2012-07-25,3,c0005_0029,0.032931822534738614,0.0025771448124434367,0.03035467772229518
2012-07-25,4,c0014_0030,0.030846229855726593,0.005151549898859476,0.02569467995686712
2012-07-25,5,c0021_0022,0.030846229855726593,0.005151549898859476,0.02569467995686712
2012-07-25,6,c0042_0075,0.02317238550377175,0.02317238550377175,2.596949522362996e-114
2012-07-25,7,c0035_0020,0.01802527263177254,0.018023575330939675,1.6973008328652788e-06
2012-07-25,8,c0053_0022,0.018023575332038837,0.018023575330939675,1.099163902165441e-12
2012-07-25,9,c0014_0047,0.018023575330939675,0.018023575330939675,8.170833455273162e-24
2012-07-25,10,c0021_0029,0.015449170256843543,0.015449170244523636,1.2319907728649245e-11
2012-07-25,11,c0035_0095,0.015449170244523636,0.015449170244523636,2.549535765251947e-28
2012-07-25,12,c0030_0014,0.013386277941586835,0.012874765158107595,0.000511512783479241
2012-07-25,13,c0015_0049,0.012876609961256091,0.012874765158107595,1.8448031484970267e-06
2012-07-25,14,c0023_0041,0.012874766205819208,0.012874765158107595,1.047711613522675e-09
2012-07-25,15,c0019_0024,0.012874765158107595,0.012874765158107595,8.028427774478286e-72
2012-07-25,16,c0040_0083,0.012874765158107595,0.012874765158107595,1.8575600946390377e-50
2012-07-25,17,c0013_0050,0.012874765158107595,0.012874765158107595,7.339217118139311e-163
2012-07-25,18,c0052_0016,0.012874765158107595,0.012874765158107595,3.784756970278251e-68
2012-07-25,19,c0018_0044,0.012874765158107595,0.012874765158107595,1.0193670994609587e-108
2012-07-25,20,c0015_0047,0.010904663918546874,0.010300360071691555,0.0006043038468553197
2012-07-26,1,c0025_0043,0.038618816022267986,0.038618816022267986,1.5059406191986022e-79
2012-07-26,2,c0042_0075,0.02317238550377175,0.02317238550377175,3.514588991601821e-115
2012-07-26,3,c0035_0020,0.01802380503562863,0.018023575330939675,2.2970468895356112e-07
2012-07-26,4,c0053_0022,0.01802357533108843,0.018023575330939675,1.4875565802302043e-13
2012-07-26,5,c0014_0047,0.018023575330939675,0.018023575330939675,1.1058020599485841e-24
2012-07-26,6,c0021_0029,0.015449170246190955,0.015449170244523636,1.6673182019056795e-12
2012-07-26,7,c0035_0095,0.015449170244523636,0.015449170244523636,3.4504214491224634e-29
2012-07-26,8,c0030_0014,0.012943990885538905,0.012874765158107595,6.922572743131123e-05
2012-07-26,9,c0015_0049,0.012875014825064212,0.012874765158107595,2.4966695661764e-07
2012-07-26,10,c0023_0041,0.012874765299899943,0.012874765158107595,1.417923479663797e-10
2012-07-26,11,c0052_0016,0.012874765158107595,0.012874765158107595,5.122111565543513e-69
2012-07-26,12,c0019_0024,0.012874765158107595,0.012874765158107595,1.086529546803707e-72
2012-07-26,13,c0018_0044,0.012874765158107595,0.012874765158107595,1.379563351276332e-109
2012-07-26,14,c0040_0083,0.012874765158107595,0.012874765158107595,2.513934215370032e-51
2012-07-26,15,c0013_0050,0.012874765158107595,0.012874765158107595,9.9325502741838e-164
2012-07-26,16,c0015_0047,0.010382143703966694,0.010300360071691555,8.178363227513932e-05
2012-07-26,17,c0061_0017,0.010300367610980372,0.010300360071691555,7.539288816866234e-09
2012-07-26,18,c0036_0021,0.010300360071691555,0.010300360071691555,1.6267262097980265e-39
2012-07-26,19,c0007_0043,0.010300360071691555,0.010300360071691555,4.23361488652424e-63
2012-07-26,20,c0035_0015,0.010300360071691555,0.010300360071691555,2.5678172300927733e-63
2012-07-27,1,c0024_0047,0.04416853520546926,2.7397260273972604e-06,0.04416579547944186
2012-07-27,2,c0025_0043,0.038618816022267986,0.038618816022267986,2.0380690023676276e-80
2012-07-27,3,c0042_0075,0.02317238550377175,0.02317238550377175,4.7564789663871346e-116
2012-07-27,4,c0035_0020,0.018023606418088815,0.018023575330939675,3.108714914030821e-08
2012-07-27,5,c0053_0022,0.018023575330959808,0.018023575330939675,2.013188911159417e-14
2012-07-27,6,c0014_0047,0.018023575330939675,0.018023575330939675,1.4965403498677142e-25
2012-07-27,7,c0021_0029,0.015449170244749283,0.015449170244523636,2.256469811004649e-13
2012-07-27,8,c0035_0095,0.015449170244523636,0.015449170244523636,4.6696376410267225e-30
2012-07-27,9,c0030_0014,0.012884133841536772,0.012874765158107595,9.368683429177053e-06
2012-07-27,10,c0015_0049,0.012874798946855883,0.012874765158107595,3.378874828867141e-08
2012-07-27,11,c0023_0041,0.012874765177297102,0.012874765158107595,1.918950757281434e-11
2012-07-27,12,c0019_0024,0.012874765158107595,0.012874765158107595,1.470457839616281e-73
2012-07-27,13,c0013_0050,0.012874765158107595,0.012874765158107595,1.3442245046185597e-164
2012-07-27,14,c0052_0016,0.012874765158107595,0.012874765158107595,6.932024194923611e-70
2012-07-27,15,c0018_0044,0.012874765158107595,0.012874765158107595,1.8670359688783303e-110
2012-07-27,16,c0040_0083,0.012874765158107595,0.012874765158107595,3.40223999075315e-52
2012-07-27,17,c0015_0047,0.01031142828272963,0.010300360071691555,1.1068211038074963e-05
2012-07-27,18,c0061_0017,0.010300361092023343,0.010300360071691555,1.0203317874332183e-09
2012-07-27,19,c0022_0093,0.010300360071691555,0.010300360071691555,8.180021044657524e-47
2012-07-27,20,c0039_0088,0.010300360071691555,0.010300360071691555,2.2459864503985925e-66
2012-07-28,1,c0025_0043,0.038618816022267986,0.038618816022267986,2.7582264569118354e-81
2012-07-28,2,c0007_0044,0.03414438155169299,0.007725954985275516,0.026418426566417474
2012-07-28,3,c0042_0075,0.02317238550377175,0.02317238550377175,6.437194281249936e-117
2012-07-28,4,c0035_0020,0.018023579538127808,0.018023575330939675,4.207188133922433e-09
2012-07-28,5,c0053_0022,0.0180235753309424,0.018023575330939675,2.724554915005676e-15
2012-07-28,6,c0014_0047,0.018023575330939675,0.018023575330939675,2.0253471212436655e-26
2012-07-28,7,c0021_0029,0.015449170244554174,0.015449170244523636,3.0537998098718006e-14
2012-07-28,8,c0035_0095,0.015449170244523636,0.015449170244523636,6.319667327606995e-31
2012-07-28,9,c0030_0014,0.012876033071533037,0.012874765158107595,1.2679134254418364e-06
2012-07-28,10,c0015_0049,0.012874769730917415,0.012874765158107595,4.5728098198579575e-09
2012-07-28,11,c0023_0041,0.012874765160704613,0.012874765158107595,2.5970174425379535e-12
2012-07-28,12,c0019_0024,0.012874765158107595,0.012874765158107595,1.99004828211967e-74
2012-07-28,13,c0013_0050,0.012874765158107595,0.012874765158107595,1.8192100406614816e-165
2012-07-28,14,c0052_0016,0.012874765158107595,0.012874765158107595,9.381474578230389e-71
2012-07-28,15,c0018_0044,0.012874765158107595,0.012874765158107595,2.5267584166109243e-111
2012-07-28,16,c0040_0083,0.012874765158107595,0.012874765158107595,4.604431127875081e-53
2012-07-28,17,c0015_0047,0.010301857991167316,0.010300360071691555,1.497919475760478e-06
2012-07-28,18,c0061_0017,0.010300360209778446,0.010300360071691555,1.3808689144759392e-10
2012-07-28,19,c0022_0093,0.010300360071691555,0.010300360071691555,1.1070454649601782e-47
2012-07-28,20,c0039_0088,0.010300360071691555,0.010300360071691555,3.039612124102879e-67
2012-07-29,1,c0025_0043,0.038618816022267986,0.038618816022267986,3.7328535877688187e-82
2012-07-29,2,c0035_0011,0.03738827846463143,2.7397260273972604e-06,0.03738553873860403
2012-07-29,3,c0042_0075,0.02317238550377175,0.02317238550377175,8.711795113020637e-118
2012-07-29,4,c0035_0020,0.018023575900320672,0.018023575330939675,5.693809977341086e-10
2012-07-29,5,c0053_0022,0.018023575330940043,0.018023575330939675,3.687284111159984e-16
2012-07-29,6,c0014_0047,0.018023575330939675,0.018023575330939675,2.7410092630596958e-27
2012-07-29,7,c0021_0029,0.015449170244527768,0.015449170244523636,4.132868622169142e-15
2012-07-29,8,c0035_0095,0.015449170244523636,0.015449170244523636,8.5527396774286e-32
2012-07-29,9,c0057_0022,0.014219122103428815,0.0025771448124434367,0.011641977290985378
2012-07-29,10,c0030_0014,0.012874936751530145,0.012874765158107595,1.7159342255167474e-07
2012-07-29,11,c0015_0049,0.012874765776970106,0.012874765158107595,6.188625121576405e-10
2012-07-29,12,c0023_0041,0.012874765158459063,0.012874765158107595,3.514680911562975e-13
2012-07-29,13,c0019_0024,0.012874765158107595,0.012874765158107595,2.693237479152001e-75
2012-07-29,14,c0040_0083,0.012874765158107595,0.012874765158107595,6.231419908344501e-54
2012-07-29,15,c0052_0016,0.012874765158107595,0.012874765158107595,1.2696445192218912e-71
2012-07-29,16,c0013_0050,0.012874765158107595,0.012874765158107595,2.462033061198113e-166
2012-07-29,17,c0018_0044,0.012874765158107595,0.012874765158107595,3.4195956598253444e-112
2012-07-29,18,c0007_0044,0.011301300227307277,0.007725954985275516,0.0035753452420317624
2012-07-29,19,c0015_0047,0.010300562793048073,0.010300360071691555,2.027213565176827e-07
2012-07-29,20,c0061_0017,0.010300360090379584,0.010300360071691555,1.868802856532351e-11
2012-07-30,1,c0025_0043,0.038618816022267986,0.038618816022267986,5.051867975814989e-83
2012-07-30,2,c0030_0015,0.034399095830388235,2.7397260273972604e-06,0.034396356104360835
2012-07-30,3,c0042_0075,0.02317238550377175,0.02317238550377175,1.179013259119986e-118
2012-07-30,4,c0035_0020,0.018023575407997015,0.018023575330939675,7.705733859789071e-11
2012-07-30,5,c0053_0022,0.018023575330939724,0.018023575330939675,4.9901963955769805e-17
2012-07-30,6,c0014_0047,0.018023575330939675,0.018023575330939675,3.709552649703629e-28
2012-07-30,7,c0021_0029,0.015449170244524194,0.015449170244523636,5.593229455609701e-16
2012-07-30,8,c0035_0095,0.015449170244523636,0.015449170244523636,1.1574874466938151e-32
2012-07-30,9,c0030_0014,0.012874788380752037,0.012874765158107595,2.3222644442570666e-08
2012-07-30,10,c0015_0049,0.012874765241861527,0.012874765158107595,8.375393336737596e-11
2012-07-30,11,c0023_0041,0.01287476515815516,0.012874765158107595,4.7566033665269134e-14
2012-07-30,12,c0019_0024,0.012874765158107595,0.012874765158107595,3.644900570644967e-76
2012-07-30,13,c0052_0016,0.012874765158107595,0.012874765158107595,1.7182770061870763e-72
2012-07-30,14,c0018_0044,0.012874765158107595,0.012874765158107595,4.6279194717715456e-113
2012-07-30,15,c0040_0083,0.012874765158107595,0.012874765158107595,8.433309782620701e-55
2012-07-30,16,c0013_0050,0.012874765158107595,0.012874765158107595,3.331999416751512e-167
2012-07-30,17,c0015_0047,0.010300387507043757,0.010300360071691555,2.743535220243093e-08
2012-07-30,18,c0061_0017,0.010300360074220706,0.010300360071691555,2.5291496390219657e-12
2012-07-30,19,c0039_0088,0.010300360071691555,0.010300360071691555,5.56724380268866e-69
2012-07-30,20,c0026_0100,0.010300360071691555,0.010300360071691555,1.340456941678602e-30
2012-07-31,1,c0025_0043,0.038618816022267986,0.038618816022267986,6.836959833808949e-84
2012-07-31,2,c0042_0075,0.02317238550377175,0.02317238550377175,1.5956209336272516e-119
2012-07-31,3,c0035_0020,0.018023575341368253,0.018023575330939675,1.0428576744605108e-11
2012-07-31,4,c0053_0022,0.018023575330939682,0.018023575330939675,6.753496426017346e-18
2012-07-31,5,c0014_0047,0.018023575330939675,0.018023575330939675,5.0203335852876785e-29
2012-07-31,6,c0021_0029,0.015449170244523712,0.015449170244523636,7.569612925823039e-17
2012-07-31,7,c0035_0095,0.015449170244523636,0.015449170244523636,1.5664889144113112e-33
2012-07-31,8,c0030_0014,0.012874768300950757,0.012874765158107595,3.142843163138451e-09
2012-07-31,9,c0015_0049,0.012874765169442456,0.012874765158107595,1.1334862294454213e-11
2012-07-31,10,c0023_0041,0.012874765158114032,0.012874765158107595,6.437362638531453e-15
2012-07-31,11,c0040_0083,0.012874765158107595,0.012874765158107595,1.1413243680530693e-55
2012-07-31,12,c0019_0024,0.012874765158107595,0.012874765158107595,4.9328365109752786e-77
2012-07-31,13,c0052_0016,0.012874765158107595,0.012874765158107595,2.3254350531128683e-73
2012-07-31,14,c0018_0044,0.012874765158107595,0.012874765158107595,6.263207925084371e-114
2012-07-31,15,c0013_0050,0.012874765158107595,0.012874765158107595,4.509370848102941e-168
2012-07-31,16,c0015_0047,0.010300363784662717,0.010300360071691555,3.7129711610122156e-09
2012-07-31,17,c0061_0017,0.010300360072033839,0.010300360071691555,3.4228318274481457e-13
2012-07-31,18,c0035_0015,0.010300360071691555,0.010300360071691555,1.1657872188911033e-67
2012-07-31,19,c0044_0024,0.010300360071691555,0.010300360071691555,9.56551727010144e-172
2012-07-31,20,c0022_0093,0.010300360071691555,0.010300360071691555,2.744091355938663e-50
2012-08-01,1,c0026_0027,0.03907473174194891,0.0025810888255984464,0.03649364291635047
2012-08-01,2,c0025_0043,0.03867797621959314,0.03867797621959314,9.032077170418694e-85
2012-08-01,3,c0042_0075,0.02320788162216684,0.02320788162216684,2.107921028874598e-120
2012-08-01,4,c0053_0022,0.018051183423024742,0.018051183423024742,8.921816475840335e-19
2012-08-01,5,c0014_0047,0.018051183423024742,0.018051183423024742,6.632193469871784e-30
2012-08-01,6,c0035_0020,0.015472834324831378,0.015472834323453694,1.37768412020101e-12
2012-08-01,7,c0021_0029,0.015472834323453704,0.015472834323453694,9.999960473388279e-18
2012-08-01,8,c0035_0095,0.015472834323453694,0.015472834323453694,2.069435700295184e-34
2012-08-01,9,c0048_0011,0.0139453268821381,0.0025810888255984464,0.011364238056539654
2012-08-01,10,c0030_0014,0.01289448563907306,0.012894485223882644,4.1519041612059443e-10
2012-08-01,11,c0015_0049,0.012894485225380054,0.012894485223882644,1.4974104492075675e-12
2012-08-01,12,c0023_0041,0.012894485223883494,0.012894485223882644,8.50418278569795e-16
2012-08-01,13,c0040_0083,0.012894485223882644,0.012894485223882644,1.5077651499075243e-56
2012-08-01,14,c0052_0016,0.012894485223882644,0.012894485223882644,3.0720538609352662e-74
2012-08-01,15,c0019_0024,0.012894485223882644,0.012894485223882644,6.516604034423035e-78
2012-08-01,16,c0013_0050,0.012894485223882644,0.012894485223882644,5.957177821741214e-169
2012-08-01,17,c0007_0044,0.010324787091561618,0.010316136124311594,8.650967250023345e-06
2012-08-01,18,c0015_0047,0.010316136614819699,0.010316136124311594,4.905081040840086e-10
2012-08-01,19,c0061_0017,0.010316136124356811,0.010316136124311594,4.521787747530709e-14
2012-08-01,20,c0039_0088,0.010316136124311594,0.010316136124311594,9.95350153510439e-71
2012-08-02,1,c0025_0043,0.03867797621959314,0.03867797621959314,1.2223587220735574e-85
2012-08-02,2,c0042_0075,0.02320788162216684,0.02320788162216684,2.852760894831558e-121
2012-08-02,3,c0053_0022,0.018051183423024742,0.018051183423024742,1.2074365597429295e-19
2012-08-02,4,c0014_0047,0.018051183423024742,0.018051183423024742,8.97569781725111e-31
2012-08-02,5,c0035_0020,0.015472834323640144,0.015472834323453694,1.8644927061798727e-13
2012-08-02,6,c0021_0029,0.015472834323453696,0.015472834323453694,1.3533474830209343e-18
2012-08-02,7,c0035_0095,0.015472834323453694,0.015472834323453694,2.800676666394066e-35
2012-08-02,8,c0030_0014,0.012894485280072556,0.012894485223882644,5.618991256280774e-11
2012-08-02,9,c0015_0049,0.012894485224085296,0.012894485223882644,2.026524672649696e-13
2012-08-02,10,c0023_0041,0.012894485223882758,0.012894485223882644,1.150915985998358e-16
2012-08-02,11,c0040_0083,0.012894485223882644,0.012894485223882644,2.0405382361702863e-57
2012-08-02,12,c0019_0024,0.012894485223882644,0.012894485223882644,8.819264527394944e-79
2012-08-02,13,c0013_0050,0.012894485223882644,0.012894485223882644,8.062163477962147e-170
2012-08-02,14,c0052_0016,0.012894485223882644,0.012894485223882644,4.1575727938780384e-75
2012-08-02,15,c0007_0044,0.010317306905414646,0.010316136124311594,1.17078110305257e-06
2012-08-02,16,c0015_0047,0.010316136190694648,0.010316136124311594,6.63830531960632e-11
2012-08-02,17,c0061_0017,0.010316136124317714,0.010316136124311594,6.119574255479135e-15
2012-08-02,18,c0018_0044,0.010316136124311594,0.010316136124311594,1.119779408024128e-115
2012-08-02,19,c0004_0053,0.010316136124311594,0.010316136124311594,1.0837628532421591e-32
2012-08-02,20,c0007_0043,0.010316136124311594,0.010316136124311594,3.436387873777701e-69
2012-08-03,1,c0025_0019,0.05342828118694284,0.010316136124311594,0.043112145062631245
2012-08-03,2,c0025_0043,0.03867797621959314,0.03867797621959314,1.6542826386856882e-86
2012-08-03,3,c0007_0030,0.03358071560555147,0.005159437925169496,0.02842127768038197
2012-08-03,4,c0002_0058,0.033578512060692615,2.7397260273972604e-06,0.033575772334665216
2012-08-03,5,c0042_0075,0.02320788162216684,0.02320788162216684,3.8607920370836156e-122
2012-08-03,6,c0014_0047,0.018051183423024742,0.018051183423024742,1.2147286063439256e-31
2012-08-03,7,c0053_0022,0.018051183423024742,0.018051183423024742,1.6340876880305057e-20
2012-08-03,8,c0035_0020,0.015472834323478927,0.015472834323453694,2.5233164848345153e-14
2012-08-03,9,c0035_0095,0.015472834323453694,0.015472834323453694,3.790303699006132e-36
2012-08-03,10,c0021_0029,0.015472834323453694,0.015472834323453694,1.8315566493219505e-19
2012-08-03,11,c0030_0014,0.012894485231487122,0.012894485223882644,7.604477731728087e-12
2012-08-03,12,c0015_0049,0.01289448522391007,0.012894485223882644,2.7426029055903046e-14
2012-08-03,13,c0023_0041,0.01289448522388266,0.012894485223882644,1.557595409466331e-17
2012-08-03,14,c0052_0016,0.012894485223882644,0.012894485223882644,5.626662916363195e-76
2012-08-03,15,c0019_0024,0.012894485223882644,0.012894485223882644,1.193557662753606e-79
2012-08-03,16,c0040_0083,0.012894485223882644,0.012894485223882644,2.7615682014724375e-58
2012-08-03,17,c0013_0050,0.012894485223882644,0.012894485223882644,1.0910951777898815e-170
2012-08-03,18,c0007_0044,0.010316294572303784,0.010316136124311594,1.5844799218969341e-07
2012-08-03,19,c0015_0047,0.010316136133295564,0.010316136124311594,8.983969306400339e-12
2012-08-03,20,c0061_0017,0.010316136124312422,0.010316136124311594,8.281943151527521e-16
2012-08-04,1,c0017_0047,0.04423142994109101,0.007737787024740544,0.03649364291635047
2012-08-04,2,c0025_0043,0.03867797621959314,0.03867797621959314,2.2388280945993867e-87
2012-08-04,3,c0036_0008,0.03649638264237787,2.7397260273972604e-06,0.03649364291635047
2012-08-04,4,c0042_0075,0.02320788162216684,0.02320788162216684,5.2250138385637e-123
2012-08-04,5,c0053_0022,0.018051183423024742,0.018051183423024742,2.211497200930701e-21
2012-08-04,6,c0014_0047,0.018051183423024742,0.018051183423024742,1.64395639995171e-32
2012-08-04,7,c0025_0019,0.016150730487300726,0.010316136124311594,0.005834594362989132
2012-08-04,8,c0035_0020,0.01547283432345711,0.015472834323453694,3.4149375117069304e-15
2012-08-04,9,c0035_0095,0.015472834323453694,0.015472834323453694,5.129618246577757e-37
2012-08-04,10,c0021_0029,0.015472834323453694,0.015472834323453694,2.478742378998875e-20
2012-08-04,11,c0030_0014,0.012894485224911798,0.012894485223882644,1.0291541476899348e-12
2012-08-04,12,c0015_0049,0.012894485223886356,0.012894485223882644,3.711709410336208e-15
2012-08-04,13,c0023_0041,0.012894485223882646,0.012894485223882644,2.1079761590817364e-18
2012-08-04,14,c0052_0016,0.012894485223882644,0.012894485223882644,7.614860194629582e-77
2012-08-04,15,c0019_0024,0.012894485223882644,0.012894485223882644,1.6153046434798874e-80
2012-08-04,16,c0040_0083,0.012894485223882644,0.012894485223882644,3.7373761472349548e-59
2012-08-04,17,c0013_0050,0.012894485223882644,0.012894485223882644,1.4766367492429588e-171
2012-08-04,18,c0007_0044,0.010316157567915495,0.010316136124311594,2.1443603901264754e-08
2012-08-04,19,c0015_0047,0.010316136125527443,0.010316136124311594,1.2158480306707246e-12
2012-08-04,20,c0061_0017,0.010316136124311707,0.010316136124311594,1.1208391221615017e-16
2012-08-05,1,c0047_0009,0.049090502042176215,0.007737787024740544,0.04135271501743567
2012-08-05,2,c0041_0020,0.038735210259834715,0.005159437925169496,0.033575772334665216
2012-08-05,3,c0025_0043,0.03867797621959314,0.03867797621959314,3.0299243430069387e-88
2012-08-05,4,c0013_0031,0.03649638264237787,2.7397260273972604e-06,0.03649364291635047
2012-08-05,5,c0006_0044,0.03605063972854398,0.005159437925169496,0.03089120180337448
2012-08-05,6,c0014_0036,0.03478995301239709,0.005159437925169496,0.029630515087227593
2012-08-05,7,c0030_0103,0.032886252875032926,2.7397260273972604e-06,0.032883513149005526
2012-08-05,8,c0023_0028,0.027293951238540812,0.005159437925169496,0.022134513313371317
2012-08-05,9,c0042_0075,0.02320788162216684,0.02320788162216684,7.071287277572394e-124
2012-08-05,10,c0014_0047,0.018051183423024742,0.018051183423024742,2.2248530501610688e-33
2012-08-05,11,c0053_0022,0.018051183423024742,0.018051183423024742,2.992936000649326e-22
2012-08-05,12,c0035_0020,0.015472834323454155,0.015472834323453694,4.621615353821908e-16
2012-08-05,13,c0035_0095,0.015472834323453694,0.015472834323453694,6.942183382962971e-38
2012-08-05,14,c0021_0029,0.015472834323453694,0.015472834323453694,3.354613019324079e-21
2012-08-05,15,c0030_0014,0.012894485224021925,0.012894485223882644,1.3928086807175202e-13
2012-08-05,16,c0015_0049,0.012894485223883147,0.012894485223882644,5.023252443398513e-16
2012-08-05,17,c0040_0083,0.012894485223882644,0.012894485223882644,5.05798859447803e-60
2012-08-05,18,c0023_0041,0.012894485223882644,0.012894485223882644,2.852835505453537e-19
2012-08-05,19,c0013_0050,0.012894485223882644,0.012894485223882644,1.9984105269638687e-172
2012-08-05,20,c0019_0024,0.012894485223882644,0.012894485223882644,2.1860771143876623e-81
2012-08-06,1,c0037_0008,0.04135545474346307,2.7397260273972604e-06,0.04135271501743567
2012-08-06,2,c0025_0043,0.03867797621959314,0.03867797621959314,4.100556691463516e-89
2012-08-06,3,c0040_0091,0.03357851206069261,2.7397260273972604e-06,0.03357577233466521
2012-08-06,4,c0042_0075,0.02320788162216684,0.02320788162216684,9.569946665577158e-125
2012-08-06,5,c0053_0022,0.018051183423024742,0.018051183423024742,4.050498413569313e-23
2012-08-06,6,c0014_0047,0.018051183423024742,0.018051183423024742,3.0110111770338985e-34
2012-08-06,7,c0035_0020,0.015472834323453756,0.015472834323453694,6.254676229201657e-17
2012-08-06,8,c0021_0029,0.015472834323453694,0.015472834323453694,4.539975031194526e-22
2012-08-06,9,c0035_0095,0.015472834323453694,0.015472834323453694,9.395223544137996e-39
2012-08-06,10,c0047_0009,0.013334268424228128,0.007737787024740544,0.005596481399487583
2012-08-06,11,c0030_0014,0.012894485223901494,0.012894485223882644,1.884961572993184e-14
2012-08-06,12,c0015_0049,0.012894485223882712,0.012894485223882644,6.798232921963445e-17
2012-08-06,13,c0023_0041,0.012894485223882644,0.012894485223882644,3.860893011580195e-20
2012-08-06,14,c0019_0024,0.012894485223882644,0.012894485223882644,2.958533654527312e-82
2012-08-06,15,c0013_0050,0.012894485223882644,0.012894485223882644,2.7045545468968364e-173
2012-08-06,16,c0052_0016,0.012894485223882644,0.012894485223882644,1.3947102951303146e-78
2012-08-06,17,c0040_0083,0.012894485223882644,0.012894485223882644,6.845243190412406e-61
2012-08-06,18,c0025_0019,0.010423000447726347,0.010316136124311594,0.00010686432341475296
2012-08-06,19,c0007_0044,0.0103161365170649,0.010316136124311594,3.9275330552861665e-10
2012-08-06,20,c0015_0047,0.010316136124333863,0.010316136124311594,2.226903347334359e-14
2012-08-07,1,c0025_0043,0.03867797621959314,0.03867797621959314,5.549500012670024e-90
2012-08-07,2,c0042_0075,0.02320788162216684,0.02320788162216684,1.2951514425451618e-125
2012-08-07,3,c0008_0044,0.021317549834715264,0.0025810888255984464,0.018736461009116818
2012-08-07,4,c0053_0022,0.018051183423024742,0.018051183423024742,5.481753500498535e-24
2012-08-07,5,c0014_0047,0.018051183423024742,0.018051183423024742,4.074960504724892e-35
2012-08-07,6,c0035_0020,0.015472834323453703,0.015472834323453694,8.464783790323147e-18
2012-08-07,7,c0021_0029,0.015472834323453694,0.015472834323453694,6.144188067338607e-23
2012-08-07,8,c0035_0095,0.015472834323453694,0.015472834323453694,1.2715052394172079e-39
2012-08-07,9,c0030_0014,0.012894485223885196,0.012894485223882644,2.551018083711636e-15
2012-08-07,10,c0015_0049,0.012894485223882653,0.012894485223882644,9.200407780023878e-18
2012-08-07,11,c0019_0024,0.012894485223882644,0.012894485223882644,4.0039399010050464e-83
2012-08-07,12,c0040_0083,0.012894485223882644,0.012894485223882644,9.264029259979571e-62
2012-08-07,13,c0052_0016,0.012894485223882644,0.012894485223882644,1.8875351282448082e-79
2012-08-07,14,c0023_0041,0.012894485223882644,0.012894485223882644,5.2251504926846424e-21
2012-08-07,15,c0013_0050,0.012894485223882644,0.012894485223882644,3.660216556331521e-174
2012-08-07,16,c0025_0019,0.010330598637788818,0.010316136124311594,1.4462513477224571e-05
2012-08-07,17,c0007_0044,0.010316136177464973,0.010316136124311594,5.3153379845831226e-11
2012-08-07,18,c0015_0047,0.010316136124314607,0.010316136124311594,3.0137859525205636e-15
2012-08-07,19,c0049_0009,0.010316136124311594,0.010316136124311594,3.6578691836503537e-62
2012-08-07,20,c0007_0043,0.010316136124311594,0.010316136124311594,1.5601176810616227e-73
2012-08-08,1,c0019_0024,0.06060878493945706,0.015468661748331912,0.04514012319112515
2012-08-08,2,c0025_0043,0.03866754478178869,0.03866754478178869,7.542796616409707e-91
2012-08-08,3,c0042_0075,0.023201622759484168,0.023201622759484168,1.7603502831361592e-126
2012-08-08,4,c0053_0022,0.018046315418716,0.018046315418716,7.4507165800795835e-25
2012-08-08,5,c0014_0047,0.018046315418716,0.018046315418716,5.538624783650345e-36
2012-08-08,6,c0035_0020,0.015468661748331914,0.015468661748331912,1.1505206304445037e-18
2012-08-08,7,c0035_0095,0.015468661748331912,0.015468661748331912,1.728210720916634e-40
2012-08-08,8,c0021_0029,0.015468661748331912,0.015468661748331912,8.351087640165432e-24
2012-08-08,9,c0025_0019,0.01289297380094038,0.012891008077947828,1.9657229925530554e-06
2012-08-08,10,c0015_0049,0.01289100807794783,0.012891008077947828,1.2505055322878513e-18
2012-08-08,11,c0040_0083,0.012891008077947828,0.012891008077947828,1.259152867771141e-62
2012-08-08,12,c0052_0016,0.012891008077947828,0.012891008077947828,2.5655092433866732e-80
2012-08-08,13,c0023_0041,0.012891008077947828,0.012891008077947828,7.101945646719783e-22
2012-08-08,14,c0013_0050,0.012891008077947828,0.012891008077947828,4.974911071878897e-175
2012-08-08,15,c0047_0009,0.010416299261494753,0.01031335440756374,0.00010294485393101266
2012-08-08,16,c0017_0047,0.010325649417036505,0.01031335440756374,1.229500947276471e-05
2012-08-08,17,c0007_0044,0.010313354414788267,0.01031335440756374,7.224527123822426e-12
2012-08-08,18,c0015_0047,0.01031335440756415,0.01031335440756374,4.096292356672676e-16
2012-08-08,19,c0030_0014,0.010313354407564087,0.01031335440756374,3.467305257462702e-16
2012-08-08,20,c0018_0044,0.01031335440756374,0.01031335440756374,6.9098114795972215e-121
2012-08-09,1,c0025_0043,0.03866754478178869,0.03866754478178869,1.0208065164779715e-91
2012-08-09,2,c0042_0075,0.023201622759484168,0.023201622759484168,2.3823750416388344e-127
2012-08-09,3,c0054_0015,0.022232638338925085,2.7397260273972604e-06,0.02222989861289769
2012-08-09,4,c0019_0024,0.021577713105738423,0.015468661748331912,0.006109051357406511
2012-08-09,5,c0053_0022,0.018046315418716,0.018046315418716,1.0083448386807967e-25
2012-08-09,6,c0014_0047,0.018046315418716,0.018046315418716,7.495713538366419e-37
2012-08-09,7,c0021_0029,0.015468661748331912,0.015468661748331912,1.1301968111155644e-24
2012-08-09,8,c0035_0020,0.015468661748331912,0.015468661748331912,1.557060353907731e-19
2012-08-09,9,c0035_0095,0.015468661748331912,0.015468661748331912,2.3388788740780325e-41
2012-08-09,10,c0025_0019,0.012891274109625789,0.012891008077947828,2.6603167796188966e-07
2012-08-09,11,c0015_0049,0.012891008077947828,0.012891008077947828,1.6923752040112745e-19
2012-08-09,12,c0023_0041,0.012891008077947828,0.012891008077947828,9.611438256298501e-23
2012-08-09,13,c0013_0050,0.012891008077947828,0.012891008077947828,6.732809989896909e-176
2012-08-09,14,c0040_0083,0.012891008077947828,0.012891008077947828,1.7040780999800045e-63
2012-08-09,15,c0052_0016,0.012891008077947828,0.012891008077947828,3.472039200998833e-81
2012-08-09,16,c0047_0009,0.010327286478528245,0.01031335440756374,1.393207096450532e-05
2012-08-09,17,c0017_0047,0.010315018356153133,0.01031335440756374,1.663948589393448e-06
2012-08-09,18,c0007_0044,0.010313354408541473,0.01031335440756374,9.777334245530986e-13
2012-08-09,19,c0015_0047,0.010313354407563795,0.01031335440756374,5.543728863102683e-17
2012-08-09,20,c0030_0014,0.010313354407563787,0.01031335440756374,4.6924873908651105e-17
2012-08-10,1,c0025_0043,0.08131291354598172,0.03866754478178869,0.04264536876419304
2012-08-10,2,c0035_0041,0.036653646414619094,2.7397260273972604e-06,0.036650906688591695
2012-08-10,3,c0042_0075,0.023201622759484168,0.023201622759484168,3.224194010360287e-128
2012-08-10,4,c0014_0047,0.018046315418716,0.018046315418716,1.0144345147753318e-37
2012-08-10,5,c0053_0022,0.018046315418716,0.018046315418716,1.3646463434304216e-26
2012-08-10,6,c0019_0024,0.016295431944093535,0.015468661748331912,0.0008267701957616235
2012-08-10,7,c0021_0029,0.015468661748331912,0.015468661748331912,1.5295550554544136e-25
2012-08-10,8,c0035_0095,0.015468661748331912,0.015468661748331912,3.165328348794804e-42
2012-08-10,9,c0035_0020,0.015468661748331912,0.015468661748331912,2.107252040126032e-20
2012-08-10,10,c0025_0019,0.012891044081420314,0.012891008077947828,3.600347248688368e-08
2012-08-10,11,c0052_0016,0.012891008077947828,0.012891008077947828,4.6988940867579955e-82
2012-08-10,12,c0040_0083,0.012891008077947828,0.012891008077947828,2.3062189231810275e-64
2012-08-10,13,c0013_0050,0.012891008077947828,0.012891008077947828,9.111867469609937e-177
2012-08-10,14,c0023_0041,0.012891008077947828,0.012891008077947828,1.3007667187273727e-23
2012-08-10,15,c0015_0049,0.012891008077947828,0.012891008077947828,2.290380775774861e-20
2012-08-10,16,c0047_0009,0.010315239908333794,0.01031335440756374,1.8855007700539154e-06
2012-08-10,17,c0017_0047,0.010313579598517376,0.01031335440756374,2.251909536367245e-07
2012-08-10,18,c0007_0044,0.010313354407696061,0.01031335440756374,1.323218299417969e-13
2012-08-10,19,c0030_0014,0.010313354407563747,0.01031335440756374,6.3505911012696355e-18
2012-08-10,20,c0015_0047,0.010313354407563747,0.01031335440756374,7.502621158749866e-18
2012-08-11,1,c0025_0043,0.044438967842220546,0.03866754478178869,0.0057714230604318595
2012-08-11,2,c0017_0026,0.03750235869639477,0.005158047066795569,0.0323443116295992
2012-08-11,3,c0042_0075,0.023201622759484168,0.023201622759484168,4.363472096018995e-129
2012-08-11,4,c0014_0047,0.018046315418716,0.018046315418716,1.3728878238211526e-38
2012-08-11,5,c0053_0022,0.018046315418716,0.018046315418716,1.8468479940596394e-27
2012-08-11,6,c0019_0024,0.0155805529269469,0.015468661748331912,0.00011189117861498903
2012-08-11,7,c0035_0095,0.015468661748331912,0.015468661748331912,4.283806086210242e-43
2012-08-11,8,c0021_0029,0.015468661748331912,0.015468661748331912,2.0700276665591588e-26
2012-08-11,9,c0035_0020,0.015468661748331912,0.015468661748331912,2.8518555170138648e-21
2012-08-11,10,c0025_0019,0.012891012950487973,0.012891008077947828,4.8725401465139936e-09
2012-08-11,11,c0013_0050,0.012891008077947828,0.012891008077947828,1.2331571648141384e-177
2012-08-11,12,c0023_0041,0.012891008077947828,0.012891008077947828,1.7603963230372826e-24
2012-08-11,13,c0015_0049,0.012891008077947828,0.012891008077947828,3.0996933100918338e-21
2012-08-11,14,c0052_0016,0.012891008077947828,0.012891008077947828,6.3592616213023765e-83
2012-08-11,15,c0040_0083,0.012891008077947828,0.012891008077947828,3.1211279117434025e-65
2012-08-11,16,c0047_0009,0.010313609582344499,0.01031335440756374,2.55174780758098e-07
2012-08-11,17,c0017_0047,0.010313384883845233,0.01031335440756374,3.047628149274902e-08
2012-08-11,18,c0007_0044,0.010313354407581648,0.01031335440756374,1.790781233355998e-14
2012-08-11,19,c0015_0047,0.010313354407563742,0.01031335440756374,1.0153693595364162e-18
2012-08-11,20,c0049_0009,0.01031335440756374,0.01031335440756374,1.2323663155854872e-65
2012-08-12,1,c0040_0012,0.044994065965250574,0.005158047066795569,0.039836018898455006
2012-08-12,2,c0002_0034,0.04180895375538726,0.005158047066795569,0.036650906688591695
2012-08-12,3,c0025_0043,0.03944862195635055,0.03866754478178869,0.0007810771745618639
2012-08-12,4,c0042_0075,0.023201622759484168,0.023201622759484168,5.905317320097867e-130
2012-08-12,5,c0022_0041,0.020436418052050456,0.005158047066795569,0.015278370985254886
2012-08-12,6,c0014_0047,0.018046315418716,0.018046315418716,1.8580016248893254e-39
2012-08-12,7,c0053_0022,0.018046315418716,0.018046315418716,2.4994369637103134e-28
2012-08-12,8,c0019_0024,0.01548380457268145,0.015468661748331912,1.5142824349537962e-05
2012-08-12,9,c0021_0029,0.015468661748331912,0.015468661748331912,2.8014778056140823e-27
2012-08-12,10,c0035_0095,0.015468661748331912,0.015468661748331912,5.797501100079884e-44
2012-08-12,11,c0035_0020,0.015468661748331912,0.015468661748331912,3.859566741449679e-22
2012-08-12,12,c0025_0019,0.012891008737374428,0.012891008077947828,6.594266008102378e-10
2012-08-12,13,c0015_0049,0.012891008077947828,0.012891008077947828,4.1949787206791194e-22
2012-08-12,14,c0023_0041,0.012891008077947828,0.012891008077947828,2.3824373498694214e-25
2012-08-12,15,c0040_0083,0.012891008077947828,0.012891008077947828,4.223987299534908e-66
2012-08-12,16,c0052_0016,0.012891008077947828,0.012891008077947828,8.606324726946781e-84
2012-08-12,17,c0013_0050,0.012891008077947828,0.012891008077947828,1.668896741753797e-178
2012-08-12,18,c0047_0009,0.010313388941714968,0.01031335440756374,3.4534151228737735e-08
2012-08-12,19,c0017_0047,0.010313358532079929,0.01031335440756374,4.124516187819927e-09
2012-08-12,20,c0007_0044,0.010313354407566163,0.01031335440756374,2.4235588543104453e-15
2012-08-13,1,c0015_0047,0.05545347759868889,0.01031335440756374,0.04514012319112515
2012-08-13,2,c0025_0043,0.03877325208243767,0.03866754478178869,0.00010570730064898303
2012-08-13,3,c0042_0075,0.023201622759484168,0.023201622759484168,7.991977921175197e-131
2012-08-13,4,c0014_0047,0.018046315418716,0.018046315418716,2.514531761584835e-40
2012-08-13,5,c0053_0022,0.018046315418716,0.018046315418716,3.382620094157945e-29
2012-08-13,6,c0019_0024,0.01547071110675426,0.015468661748331912,2.0493584223469955e-06
2012-08-13,7,c0035_0020,0.015468661748331912,0.015468661748331912,5.2233555812470257e-23
2012-08-13,8,c0021_0029,0.015468661748331912,0.015468661748331912,3.7913879230386605e-28
2012-08-13,9,c0035_0095,0.015468661748331912,0.015468661748331912,7.846064534438851e-45
2012-08-13,10,c0020_0024,0.012935601551144664,2.7397260273972604e-06,0.012932861825117267
2012-08-13,11,c0025_0019,0.012891008167191513,0.012891008077947828,8.924368579441028e-11
2012-08-13,12,c0015_0049,0.012891008077947828,0.012891008077947828,5.677286333346718e-23
2012-08-13,13,c0052_0016,0.012891008077947828,0.012891008077947828,1.1647393945476064e-84
2012-08-13,14,c0013_0050,0.012891008077947828,0.012891008077947828,2.2586061323791016e-179
2012-08-13,15,c0040_0083,0.012891008077947828,0.012891008077947828,5.7165451757041174e-67
2012-08-13,16,c0023_0041,0.012891008077947828,0.012891008077947828,3.2242783353806317e-26
2012-08-13,17,c0040_0012,0.010549265967437035,0.005158047066795569,0.005391218900641466
2012-08-13,18,c0047_0009,0.010313359081252877,0.01031335440756374,4.673689137877238e-09
2012-08-13,19,c0017_0047,0.010313354965756307,0.01031335440756374,5.581925664926038e-10
2012-08-13,20,c0007_0044,0.010313354407564068,0.01031335440756374,3.279930239887047e-16
2012-08-14,1,c0032_0014,0.04867080023816936,0.002580393396411483,0.04609040684175788
2012-08-14,2,c0025_0043,0.038681850709262194,0.03866754478178869,1.4305927473507889e-05
2012-08-14,3,c0030_0014,0.03515569000367521,0.01031335440756374,0.02484233559611147
2012-08-14,4,c0042_0075,0.023201622759484168,0.023201622759484168,1.0815965955830004e-131
2012-08-14,5,c0014_0047,0.018046315418716,0.018046315418716,3.403048681615423e-41
2012-08-14,6,c0053_0022,0.018046315418716,0.018046315418716,4.577878485247231e-30
2012-08-14,7,c0015_0047,0.01642240576497025,0.01031335440756374,0.006109051357406512
2012-08-14,8,c0019_0024,0.015468939098834454,0.015468661748331912,2.773505025416684e-07
2012-08-14,9,c0021_0029,0.015468661748331912,0.015468661748331912,5.1310855842431e-29
2012-08-14,10,c0035_0020,0.015468661748331912,0.015468661748331912,7.06904307033608e-24
2012-08-14,11,c0035_0095,0.015468661748331912,0.015468661748331912,1.0618493660610235e-45
2012-08-14,12,c0025_0019,0.012891008090025647,0.012891008077947828,1.2077819494065784e-11
2012-08-14,13,c0023_0041,0.012891008077947828,0.012891008077947828,4.363586217524119e-27
2012-08-14,14,c0015_0049,0.012891008077947828,0.012891008077947828,7.683371539388283e-24
2012-08-14,15,c0052_0016,0.012891008077947828,0.012891008077947828,1.5763033585794106e-85
2012-08-14,16,c0040_0083,0.012891008077947828,0.012891008077947828,7.736502604888086e-68
2012-08-14,17,c0013_0050,0.012891008077947828,0.012891008077947828,3.0566910064547607e-180
2012-08-14,18,c0047_0009,0.010313355040078784,0.01031335440756374,6.325150432344963e-10
2012-08-14,19,c0017_0047,0.01031335448310689,0.01031335440756374,7.554314908684831e-11
2012-08-14,20,c0007_0044,0.010313354407563785,0.01031335440756374,4.438902880114445e-17
2012-08-15,1,c0025_0043,0.04380821410784772,0.043806266356303795,1.9477515439297596e-06
2012-08-15,2,c0045_0009,0.030497506900750825,0.005156095800177562,0.025341411100573263
2012-08-15,3,c0042_0075,0.023192842059703137,0.023192842059703137,1.4725934007824173e-132
2012-08-15,4,c0013_0037,0.021509895337791764,0.0025794177631024797,0.018930477574689283
2012-08-15,5,c0053_0022,0.018039485985552974,0.018039485985552974,6.232780016587622e-31
2012-08-15,6,c0014_0047,0.018039485985552974,0.018039485985552974,4.6332496344323206e-42
2012-08-15,7,c0030_0014,0.01626841306653212,0.01288612991140281,0.0033822831551293094
2012-08-15,8,c0019_0024,0.015462845709739477,0.015462807948477892,3.7761261584444955e-08
2012-08-15,9,c0035_0095,0.015462807948477892,0.015462807948477892,1.445707554435865e-46
2012-08-15,10,c0035_0020,0.015462807948477892,0.015462807948477892,9.624499760571552e-25
2012-08-15,11,c0021_0029,0.015462807948477892,0.015462807948477892,6.98597129564124e-30
2012-08-15,12,c0015_0047,0.013717877048061336,0.01288612991140281,0.0008317471366585256
2012-08-15,13,c0025_0019,0.012886129913047205,0.01288612991140281,1.644394717534743e-12
2012-08-15,14,c0040_0083,0.01288612991140281,0.01288612991140281,1.0533245692173517e-68
2012-08-15,15,c0052_0016,0.01288612991140281,0.01288612991140281,2.146136492066159e-86
2012-08-15,16,c0023_0041,0.01288612991140281,0.01288612991140281,5.941021166220953e-28
2012-08-15,17,c0013_0050,0.01288612991140281,0.01288612991140281,4.1616837762973764e-181
2012-08-15,18,c0015_0049,0.01288612991140281,0.01288612991140281,1.0460907764381341e-24
2012-08-15,19,c0047_0009,0.010309451960444629,0.010309451874327727,8.61169018436734e-11
2012-08-15,20,c0017_0047,0.010309451884612925,0.010309451874327727,1.0285197205123653e-11
2012-08-16,1,c0045_0014,0.05396637060460935,0.0025794177631024797,0.05138695284150687
2012-08-16,2,c0045_0026,0.0461379902655498,0.0025794177631024797,0.043558572502447324
2012-08-16,3,c0025_0043,0.04380652995581067,0.043806266356303795,2.6359950687228365e-07
2012-08-16,4,c0003_0043,0.03687427531167188,2.7397260273972604e-06,0.03687153558564448
2012-08-16,5,c0042_0075,0.023192842059703137,0.023192842059703137,1.992938449872552e-133
2012-08-16,6,c0053_0022,0.018039485985552974,0.018039485985552974,8.435150488963856e-32
2012-08-16,7,c0014_0047,0.018039485985552974,0.018039485985552974,6.270421515818304e-43
2012-08-16,8,c0019_0024,0.015462813058908923,0.015462807948477892,5.11043103190268e-09
2012-08-16,9,c0035_0095,0.015462807948477892,0.015462807948477892,1.9565524135688847e-47
2012-08-16,10,c0035_0020,0.015462807948477892,0.015462807948477892,1.302534401107662e-25
2012-08-16,11,c0021_0029,0.015462807948477892,0.015462807948477892,9.454484039784535e-31
2012-08-16,12,c0030_0014,0.013343872160188659,0.01288612991140281,0.00045774224878584904
2012-08-16,13,c0015_0047,0.012998694645723733,0.01288612991140281,0.0001125647343209232
2012-08-16,14,c0025_0019,0.012886129911625355,0.01288612991140281,2.2254462485035414e-13
2012-08-16,15,c0040_0083,0.01288612991140281,0.01288612991140281,1.4255197891511338e-69
2012-08-16,16,c0015_0049,0.01288612991140281,0.01288612991140281,1.41572991520463e-25
2012-08-16,17,c0052_0016,0.01288612991140281,0.01288612991140281,2.904479900182041e-87
2012-08-16,18,c0023_0041,0.01288612991140281,0.01288612991140281,8.040297822452239e-29
2012-08-16,19,c0013_0050,0.01288612991140281,0.01288612991140281,5.632226526064214e-182
2012-08-16,20,c0047_0009,0.010309451885982382,0.010309451874327727,1.1654655302473115e-11
2012-08-17,1,c0054_0014,0.052500084644451606,0.005156095800177562,0.04734398884427404
2012-08-17,2,c0025_0043,0.04380630203061772,0.043806266356303795,3.567431392359195e-08
2012-08-17,3,c0052_0016,0.0416017106985479,0.01288612991140281,0.02871558078714509
2012-08-17,4,c0040_0080,0.02642234944207734,2.7397260273972604e-06,0.026419609716049945
2012-08-17,5,c0042_0075,0.023192842059703137,0.023192842059703137,2.697148895866377e-134
2012-08-17,6,c0039_0005,0.01893321730071668,2.7397260273972604e-06,0.018930477574689283
2012-08-17,7,c0053_0022,0.018039485985552974,0.018039485985552974,1.1415734805673755e-32
2012-08-17,8,c0014_0047,0.018039485985552974,0.018039485985552974,8.486092718562207e-44
2012-08-17,9,c0019_0024,0.015462808640099523,0.015462807948477892,6.916216311637243e-10
2012-08-17,10,c0035_0095,0.015462807948477892,0.015462807948477892,2.6479057505762323e-48
2012-08-17,11,c0035_0020,0.015462807948477892,0.015462807948477892,1.7627886209933715e-26
2012-08-17,12,c0021_0029,0.015462807948477892,0.015462807948477892,1.2795252753802743e-31
2012-08-17,13,c0030_0014,0.012948078588291608,0.01288612991140281,6.194867688879694e-05
2012-08-17,14,c0015_0047,0.012901363891604586,0.01288612991140281,1.5233980201776201e-05
2012-08-17,15,c0025_0019,0.012886129911432929,0.01288612991140281,3.01181398369084e-14
2012-08-17,16,c0015_0049,0.01288612991140281,0.01288612991140281,1.915982090607643e-26
2012-08-17,17,c0013_0050,0.01288612991140281,0.01288612991140281,7.622389721576637e-183
2012-08-17,18,c0023_0041,0.01288612991140281,0.01288612991140281,1.0881359831082943e-29
2012-08-17,19,c0040_0083,0.01288612991140281,0.01288612991140281,1.9292312442416517e-70
2012-08-17,20,c0047_0009,0.010309451875905014,0.010309451874327727,1.5772860763852888e-12
2012-08-18,1,c0038_0014,0.04936106877497477,2.7397260273972604e-06,0.04935832904894737
2012-08-18,2,c0025_0043,0.043806271184297176,0.043806266356303795,4.827993379121152e-09
2012-08-18,3,c0047_0020,0.041656224211631177,0.007732773837252643,0.033923450374378536
2012-08-18,4,c0042_0075,0.023192842059703137,0.023192842059703137,3.6501940975339336e-135
2012-08-18,5,c0053_0022,0.018039485985552974,0.018039485985552974,1.5449517032799156e-33
2012-08-18,6,c0014_0047,0.018039485985552974,0.018039485985552974,1.1484677616387732e-44
2012-08-18,7,c0052_0016,0.016772361170534926,0.01288612991140281,0.0038862312591321155
2012-08-18,8,c0019_0024,0.015462808042078701,0.015462807948477892,9.36008093461107e-11
2012-08-18,9,c0021_0029,0.015462807948477892,0.015462807948477892,1.7316491555199424e-32
2012-08-18,10,c0035_0020,0.015462807948477892,0.015462807948477892,2.385674973084159e-27
2012-08-18,11,c0035_0095,0.015462807948477892,0.015462807948477892,3.583550747380899e-49
2012-08-18,12,c0030_0014,0.012894513753135689,0.01288612991140281,8.383841732878735e-06
2012-08-18,13,c0015_0047,0.01288819160642824,0.01288612991140281,2.061695025428333e-06
2012-08-18,14,c0025_0019,0.012886129911406887,0.01288612991140281,4.076046985387905e-15
2012-08-18,15,c0015_0049,0.01288612991140281,0.01288612991140281,2.5929997890866272e-27
2012-08-18,16,c0040_0083,0.01288612991140281,0.01288612991140281,2.610930568683666e-71
2012-08-18,17,c0013_0050,0.01288612991140281,0.01288612991140281,1.0315782719094196e-183
2012-08-18,18,c0023_0041,0.01288612991140281,0.01288612991140281,1.4726319147391101e-30
2012-08-18,19,c0054_0014,0.01156340793996842,0.005156095800177562,0.0064073121397908595
2012-08-18,20,c0047_0009,0.01030945187454119,0.010309451874327727,2.1346245789276856e-13
2012-08-19,1,c0025_0043,0.043806267009701645,0.043806266356303795,6.53397851427852e-10
2012-08-19,2,c0044_0006,0.04356131222847472,2.7397260273972604e-06,0.043558572502447324
2012-08-19,3,c0047_0007,0.04356131222847472,2.7397260273972604e-06,0.043558572502447324
2012-08-19,4,c0023_0038,0.03741317808081955,0.0025794177631024797,0.03483376031771707
2012-08-19,5,c0038_0006,0.026886632119040837,0.0025794177631024797,0.024307214355938356
2012-08-19,6,c0042_0075,0.023192842059703137,0.023192842059703137,4.940000520583669e-136
2012-08-19,7,c0014_0047,0.018039485985552974,0.018039485985552974,1.5542820980950197e-45
2012-08-19,8,c0053_0022,0.018039485985552974,0.018039485985552974,2.0908647635027456e-34
2012-08-19,9,c0019_0024,0.015462807961145384,0.015462807948477892,1.2667492044032077e-11
2012-08-19,10,c0035_0020,0.015462807948477892,0.015462807948477892,3.2286599819284303e-28
2012-08-19,11,c0035_0095,0.015462807948477892,0.015462807948477892,4.849808553895691e-50
2012-08-19,12,c0021_0029,0.015462807948477892,0.015462807948477892,2.3435322892873266e-33
2012-08-19,13,c0052_0016,0.013412074119580434,0.01288612991140281,0.0005259442081776229
2012-08-19,14,c0030_0014,0.01288726454099834,0.01288612991140281,1.1346295955300777e-06
2012-08-19,15,c0015_0047,0.012886408931483025,0.01288612991140281,2.790200802138589e-07
2012-08-19,16,c0025_0019,0.012886129911403362,0.01288612991140281,5.516329732532137e-16
2012-08-19,17,c0013_0050,0.01288612991140281,0.01288612991140281,1.3960893760959676e-184
2012-08-19,18,c0015_0049,0.01288612991140281,0.01288612991140281,3.5092436088851574e-28
2012-08-19,19,c0040_0083,0.01288612991140281,0.01288612991140281,3.533510280239343e-72
2012-08-19,20,c0023_0041,0.01288612991140281,0.01288612991140281,1.9929905728449274e-31
2012-08-20,1,c0025_0043,0.04380626644473158,0.043806266356303795,8.842778328918253e-11
2012-08-20,2,c0010_0045,0.04007856106613048,2.7397260273972604e-06,0.04007582134010308
2012-08-20,3,c0028_0019,0.036874275311671874,2.7397260273972604e-06,0.036871535585644474
2012-08-20,4,c0042_0075,0.023192842059703137,0.023192842059703137,6.685563696422049e-137
2012-08-20,5,c0007_0034,0.0211195901838438,0.0025794177631024797,0.018540172420741317
2012-08-20,6,c0014_0047,0.018039485985552974,0.018039485985552974,2.1034920797528616e-46
2012-08-20,7,c0053_0022,0.018039485985552974,0.018039485985552974,2.8296777497809726e-35
2012-08-20,8,c0019_0024,0.01546280795019225,0.015462807948477892,1.714358623676619e-12
2012-08-20,9,c0021_0029,0.015462807948477892,0.015462807948477892,3.1716260614484777e-34
2012-08-20,10,c0035_0095,0.015462807948477892,0.015462807948477892,6.563502142848203e-51
2012-08-20,11,c0035_0020,0.015462807948477892,0.015462807948477892,4.36951613129001e-29
2012-08-20,12,c0052_0016,0.012957308719783185,0.01288612991140281,7.117880838037459e-05
2012-08-20,13,c0030_0014,0.01288628346682049,0.01288612991140281,1.5355541767970638e-07
2012-08-20,14,c0015_0047,0.012886167672664395,0.01288612991140281,3.776126158444499e-08
2012-08-20,15,c0025_0019,0.012886129911402885,0.01288612991140281,7.465540467787848e-17
2012-08-20,16,c0040_0083,0.01288612991140281,0.01288612991140281,4.782086145956742e-73
2012-08-20,17,c0015_0049,0.01288612991140281,0.01288612991140281,4.749244777547457e-29
2012-08-20,18,c0013_0050,0.01288612991140281,0.01288612991140281,1.889401511375737e-185
2012-08-20,19,c0023_0041,0.01288612991140281,0.01288612991140281,2.697219436638673e-32
2012-08-20,20,c0047_0009,0.010309451874331637,0.010309451874327727,3.909701295065576e-15
2012-08-21,1,c0025_0043,0.043806266368271195,0.043806266356303795,1.1967399097427326e-11
2012-08-21,2,c0042_0075,0.023192842059703137,0.023192842059703137,9.047926564516932e-138
2012-08-21,3,c0022_0059,0.01893321730071668,2.7397260273972604e-06,0.018930477574689283
2012-08-21,4,c0014_0047,0.018039485985552974,0.018039485985552974,2.846766963993251e-47
2012-08-21,5,c0053_0022,0.018039485985552974,0.018039485985552974,3.829552397349489e-36
2012-08-21,6,c0019_0024,0.015462807948709906,0.015462807948477892,2.320132099044048e-13
2012-08-21,7,c0021_0029,0.015462807948477892,0.015462807948477892,4.292329113467521e-35
2012-08-21,8,c0035_0020,0.015462807948477892,0.015462807948477892,5.913497032350817e-30
2012-08-21,9,c0035_0095,0.015462807948477892,0.015462807948477892,8.882734215264759e-52
2012-08-21,10,c0052_0016,0.012895762915595414,0.01288612991140281,9.633004192602578e-06
2012-08-21,11,c0030_0014,0.012886150692868754,0.01288612991140281,2.078146594419943e-08
2012-08-21,12,c0015_0047,0.012886135021833842,0.01288612991140281,5.110431031902685e-09
2012-08-21,13,c0025_0019,0.012886129911402821,0.01288612991140281,1.0103510337224625e-17
2012-08-21,14,c0023_0041,0.01288612991140281,0.01288612991140281,3.650289564087917e-33
2012-08-21,15,c0015_0049,0.01288612991140281,0.01288612991140281,6.427403871293888e-30
2012-08-21,16,c0013_0050,0.01288612991140281,0.01288612991140281,2.5570268868971953e-186
2012-08-21,17,c0040_0083,0.01288612991140281,0.01288612991140281,6.471849830249373e-74
2012-08-21,18,c0038_0016,0.012712172232277375,0.0025794177631024797,0.010132754469174896
2012-08-21,19,c0047_0009,0.010309451874328256,0.010309451874327727,5.291205321382513e-16
2012-08-21,20,c0017_0047,0.01030945187432779,0.010309451874327727,6.319443572413757e-17
2012-08-22,1,c0035_0091,0.051458853805309256,0.007730871437576393,0.043727982367732864
2012-08-22,2,c0025_0043,0.04379548609309761,0.0437954860914717,1.6259104082537363e-12
2012-08-22,3,c0054_0049,0.033911252144576236,0.0025787836298770623,0.031332468514699174
2012-08-22,4,c0042_0075,0.023187134860674384,0.023187134860674384,1.2292660965510922e-138
2012-08-22,5,c0010_0042,0.01866540934687331,0.0025787836298770623,0.016086625716996247
2012-08-22,6,c0053_0022,0.018035047052975053,0.018035047052975053,5.202892500795864e-37
2012-08-22,7,c0014_0047,0.018035047052975053,0.018035047052975053,3.867664142348638e-48
2012-08-22,8,c0052_0016,0.015460311904825103,0.01545900314912539,1.3087556997135158e-06
2012-08-22,9,c0019_0024,0.015459003149156911,0.01545900314912539,3.152169404269517e-14
2012-08-22,10,c0035_0020,0.01545900314912539,0.01545900314912539,8.034173754716487e-31
2012-08-22,11,c0021_0029,0.01545900314912539,0.01545900314912539,5.8316285137826346e-36
2012-08-22,12,c0035_0095,0.01545900314912539,0.01545900314912539,1.2068227938897202e-52
2012-08-22,13,c0030_0014,0.012882962068679664,0.012882959245275723,2.8234039411878667e-09
2012-08-22,14,c0015_0047,0.012882959939587239,0.012882959245275723,6.94311515625788e-10
2012-08-22,15,c0025_0019,0.012882959245275724,0.012882959245275723,1.372679433806486e-18
2012-08-22,16,c0023_0041,0.012882959245275723,0.012882959245275723,4.959343084552409e-34
2012-08-22,17,c0040_0083,0.012882959245275723,0.012882959245275723,8.79276099509351e-75
2012-08-22,18,c0013_0050,0.012882959245275723,0.012882959245275723,3.474018536312163e-187
2012-08-22,19,c0015_0049,0.012882959245275723,0.012882959245275723,8.732375988558484e-31
2012-08-22,20,c0047_0020,0.010318339651013165,0.010306915341426057,1.142430958710665e-05
2012-08-23,1,c0025_0043,0.043795486091691746,0.0437954860914717,2.2004304561837599e-13
2012-08-23,2,c0042_0075,0.023187134860674384,0.023187134860674384,1.6636307534990734e-139
2012-08-23,3,c0014_0047,0.018035047052975053,0.018035047052975053,5.234314221688438e-49
2012-08-23,4,c0053_0022,0.018035047052975053,0.018035047052975053,7.041349302448564e-38
2012-08-23,5,c0052_0016,0.015459180269948698,0.01545900314912539,1.7712082330825991e-07
2012-08-23,6,c0019_0024,0.015459003149129655,0.01545900314912539,4.265997391365999e-15
2012-08-23,7,c0035_0095,0.01545900314912539,0.01545900314912539,1.6332570462746556e-53
2012-08-23,8,c0021_0029,0.01545900314912539,0.01545900314912539,7.892250966434795e-37
2012-08-23,9,c0035_0020,0.01545900314912539,0.01545900314912539,1.0873071806667159e-31
2012-08-23,10,c0035_0091,0.013648810316679125,0.007730871437576393,0.005917938879102733
2012-08-23,11,c0030_0014,0.012882959627381894,0.012882959245275723,3.821061720720286e-10
2012-08-23,12,c0015_0047,0.012882959339240569,0.012882959245275723,9.396484562165786e-11
2012-08-23,13,c0015_0049,0.012882959245275723,0.012882959245275723,1.1817985777401583e-31
2012-08-23,14,c0040_0083,0.012882959245275723,0.012882959245275723,1.1899707997028207e-75
2012-08-23,15,c0025_0019,0.012882959245275723,0.012882959245275723,1.8577195996727392e-19
2012-08-23,16,c0023_0041,0.012882959245275723,0.012882959245275723,6.711741010154369e-35
2012-08-23,17,c0013_0050,0.012882959245275723,0.012882959245275723,4.701572825810493e-188
2012-08-23,18,c0047_0020,0.010308461453599812,0.010306915341426057,1.5461121737538283e-06
2012-08-23,19,c0047_0009,0.010306915341426068,0.010306915341426057,9.72887194979111e-18
2012-08-23,20,c0017_0047,0.010306915341426059,0.010306915341426057,1.1619480548503805e-18
2012-08-24,1,c0025_0043,0.04379548609150148,0.0437954860914717,2.9779587903009797e-14
2012-08-24,2,c0007_0027,0.04281046957031921,0.0025787836298770623,0.04023168594044215
2012-08-24,3,c0042_0075,0.023187134860674384,0.023187134860674384,2.2514793922593648e-140
2012-08-24,4,c0062_0018,0.02065837601539324,2.7397260273972604e-06,0.020655636289365845
2012-08-24,5,c0014_0047,0.018035047052975053,0.018035047052975053,7.083873977416346e-50
2012-08-24,6,c0053_0022,0.018035047052975053,0.018035047052975053,9.529430022148017e-39
2012-08-24,7,c0052_0016,0.01545902711982218,0.01545900314912539,2.397069678952538e-08
2012-08-24,8,c0019_0024,0.015459003149125967,0.01545900314912539,5.773399652471683e-16
2012-08-24,9,c0035_0020,0.01545900314912539,0.01545900314912539,1.471510252607328e-32
2012-08-24,10,c0021_0029,0.01545900314912539,0.01545900314912539,1.0681000199168833e-37
2012-08-24,11,c0035_0095,0.01545900314912539,0.01545900314912539,2.2103730495577397e-54
2012-08-24,12,c0032_0033,0.013619774410620093,2.7397260273972604e-06,0.013617034684592695
2012-08-24,13,c0030_0014,0.01288295929698817,0.012882959245275723,5.171244702382586e-11
2012-08-24,14,c0015_0047,0.012882959257992481,0.012882959245275723,1.2716758996491653e-11
2012-08-24,15,c0015_0049,0.012882959245275723,0.012882959245275723,1.5993904524709038e-32
2012-08-24,16,c0023_0041,0.012882959245275723,0.012882959245275723,9.083353706200306e-36
2012-08-24,17,c0013_0050,0.012882959245275723,0.012882959245275723,6.362886900386246e-189
2012-08-24,18,c0040_0083,0.012882959245275723,0.012882959245275723,1.6104503522107977e-76
2012-08-24,19,c0025_0019,0.012882959245275723,0.012882959245275723,2.514150081959169e-20
2012-08-24,20,c0047_0020,0.010307124584955007,0.010306915341426057,2.0924352895054932e-07
2012-08-25,1,c0033_0018,0.046306765997609925,0.0025787836298770623,0.043727982367732864
2012-08-25,2,c0025_0043,0.04379548609147573,0.0437954860914717,4.030228963523437e-15
2012-08-25,3,c0031_0024,0.04373072209376026,2.7397260273972604e-06,0.043727982367732864
2012-08-25,4,c0015_0028,0.041786258347699334,0.007730871437576393,0.03405538691012294
2012-08-25,5,c0011_0032,0.036634170540000004,0.0025787836298770623,0.03405538691012294
2012-08-25,6,c0042_0075,0.023187134860674384,0.023187134860674384,3.0470460125281773e-141
2012-08-25,7,c0014_0047,0.018035047052975053,0.018035047052975053,9.586980911461113e-51
2012-08-25,8,c0053_0022,0.018035047052975053,0.018035047052975053,1.2896681111308825e-39
2012-08-25,9,c0052_0016,0.015459006393206428,0.01545900314912539,3.2440810393893806e-09
2012-08-25,10,c0019_0024,0.015459003149125468,0.01545900314912539,7.813446772054167e-17
2012-08-25,11,c0021_0029,0.01545900314912539,0.01545900314912539,1.445516187204831e-38
2012-08-25,12,c0035_0095,0.01545900314912539,0.01545900314912539,2.9914146272047204e-55
2012-08-25,13,c0035_0020,0.01545900314912539,0.01545900314912539,1.991472568221923e-33
2012-08-25,14,c0030_0014,0.01288295925227424,0.012882959245275723,6.998518664827802e-12
2012-08-25,15,c0015_0047,0.012882959246996749,0.012882959245275723,1.7210261806419407e-12
2012-08-25,16,c0023_0041,0.012882959245275723,0.012882959245275723,1.2292982465669539e-36
2012-08-25,17,c0015_0049,0.012882959245275723,0.012882959245275723,2.1645395989108393e-33
2012-08-25,18,c0013_0050,0.012882959245275723,0.012882959245275723,8.611231008663054e-190
2012-08-25,19,c0025_0019,0.012882959245275723,0.012882959245275723,3.4025321344129714e-21
2012-08-25,20,c0040_0083,0.012882959245275723,0.012882959245275723,2.1795075455495105e-77
2012-08-26,1,c0025_0043,0.04379548609147225,0.0437954860914717,5.454321782868444e-16
2012-08-26,2,c0043_0055,0.035507077954223816,2.7397260273972604e-06,0.035504338228196416
2012-08-26,3,c0042_0075,0.023187134860674384,0.023187134860674384,4.123728351404922e-142
2012-08-26,4,c0014_0047,0.018035047052975053,0.018035047052975053,1.297456777036589e-51
2012-08-26,5,c0053_0022,0.018035047052975053,0.018035047052975053,1.7453759910112528e-40
2012-08-26,6,c0025_0018,0.017683104239100005,0.005154827533726727,0.012528276705373279
2012-08-26,7,c0052_0016,0.015459003588164016,0.01545900314912539,4.390386263082867e-10
2012-08-26,8,c0019_0024,0.0154590031491254,0.01545900314912539,1.0574350319501479e-17
2012-08-26,9,c0035_0095,0.01545900314912539,0.01545900314912539,4.0484394585089706e-56
2012-08-26,10,c0035_0020,0.01545900314912539,0.01545900314912539,2.6951650407825844e-34
2012-08-26,11,c0021_0029,0.01545900314912539,0.01545900314912539,1.9562934261847426e-39
2012-08-26,12,c0030_0014,0.01288295924622287,0.012882959245275723,9.47146505741191e-13
2012-08-26,13,c0015_0047,0.012882959245508639,0.012882959245275723,2.329155656148028e-13
2012-08-26,14,c0013_0050,0.012882959245275723,0.012882959245275723,1.1654033875733164e-190
2012-08-26,15,c0023_0041,0.012882959245275723,0.012882959245275723,1.663674263814101e-37
2012-08-26,16,c0040_0083,0.012882959245275723,0.012882959245275723,2.949642709932776e-78
2012-08-26,17,c0015_0049,0.012882959245275723,0.012882959245275723,2.9293857969546245e-34
2012-08-26,18,c0025_0019,0.012882959245275723,0.012882959245275723,4.604826501324559e-22
2012-08-26,19,c0015_0028,0.012339766870790313,0.007730871437576393,0.00460889543321392
2012-08-26,20,c0047_0020,0.010306919173854973,0.010306915341426057,3.832428916062659e-09
2012-08-27,1,c0025_0043,0.043795486091471776,0.0437954860914717,7.381621833481272e-17
2012-08-27,2,c0035_0016,0.037017677666652274,2.7397260273972604e-06,0.037014937940624874
2012-08-27,3,c0042_0075,0.023187134860674384,0.023187134860674384,5.58085944428235e-143
2012-08-27,4,c0014_0047,0.018035047052975053,0.018035047052975053,1.7559168040750942e-52
2012-08-27,5,c0053_0022,0.018035047052975053,0.018035047052975053,2.362109540978915e-41
2012-08-27,6,c0052_0016,0.015459003208542807,0.01545900314912539,5.941741684324535e-11
2012-08-27,7,c0019_0024,0.015459003149125392,0.01545900314912539,1.4310826955328985e-18
2012-08-27,8,c0021_0029,0.01545900314912539,0.01545900314912539,2.647555249266356e-40
2012-08-27,9,c0035_0095,0.01545900314912539,0.01545900314912539,5.478967007835904e-57
2012-08-27,10,c0035_0020,0.01545900314912539,0.01545900314912539,3.647509241637279e-35
2012-08-27,11,c0030_0014,0.012882959245403905,0.012882959245275723,1.2818234062105214e-13
2012-08-27,12,c0015_0047,0.012882959245307244,0.012882959245275723,3.152169404269519e-14
2012-08-27,13,c0040_0083,0.012882959245275723,0.012882959245275723,3.991907315955621e-79
2012-08-27,14,c0023_0041,0.012882959245275723,0.012882959245275723,2.251538277067445e-38
2012-08-27,15,c0013_0050,0.012882959245275723,0.012882959245275723,1.5772019754214268e-191
2012-08-27,16,c0015_0049,0.012882959245275723,0.012882959245275723,3.964492565401645e-35
2012-08-27,17,c0025_0019,0.012882959245275723,0.012882959245275723,6.231954988122195e-23
2012-08-27,18,c0047_0020,0.01030691586008891,0.010306915341426057,5.186628528395244e-10
2012-08-27,19,c0022_0093,0.010306915341426057,0.010306915341426057,9.597760869776621e-74
2012-08-27,20,c0061_0017,0.010306915341426057,0.010306915341426057,1.1971730207236459e-36
2012-08-28,1,c0056_0016,0.04955303530175735,2.7397260273972604e-06,0.04955029557572995
2012-08-28,2,c0025_0043,0.04379548609147171,0.0437954860914717,9.989938815797522e-18
2012-08-28,3,c0013_0039,0.03405812663615034,2.7397260273972604e-06,0.03405538691012294
2012-08-28,4,c0042_0075,0.023187134860674384,0.023187134860674384,7.552871935956768e-144
2012-08-28,5,c0014_0047,0.018035047052975053,0.018035047052975053,2.3763749801943065e-53
2012-08-28,6,c0053_0022,0.018035047052975053,0.018035047052975053,3.196767637642867e-42
2012-08-28,7,c0052_0016,0.015459003157166662,0.01545900314912539,8.04127293766849e-12
2012-08-28,8,c0021_0029,0.01545900314912539,0.01545900314912539,3.58307639544043e-41
2012-08-28,9,c0035_0095,0.01545900314912539,0.01545900314912539,7.414975518495286e-58
2012-08-28,10,c0019_0024,0.01545900314912539,0.01545900314912539,1.9367598193495998e-19
2012-08-28,11,c0035_0020,0.01545900314912539,0.01545900314912539,4.9363669632514364e-36
2012-08-28,12,c0030_0014,0.01288295924529307,0.012882959245275723,1.7347593373882056e-14
2012-08-28,13,c0015_0047,0.012882959245279988,0.012882959245275723,4.265997391366e-15
2012-08-28,14,c0025_0019,0.012882959245275723,0.012882959245275723,8.434033934353386e-24
2012-08-28,15,c0023_0041,0.012882959245275723,0.012882959245275723,3.047125704449976e-39
2012-08-28,16,c0040_0083,0.012882959245275723,0.012882959245275723,5.402459072591602e-80
2012-08-28,17,c0013_0050,0.012882959245275723,0.012882959245275723,2.1345107606500385e-192
2012-08-28,18,c0015_0049,0.012882959245275723,0.012882959245275723,5.36535724228077e-36
2012-08-28,19,c0047_0020,0.010306915411619441,0.010306915341426057,7.019338409334662e-11
2012-08-28,20,c0022_0093,0.010306915341426057,0.010306915341426057,1.2989156857484971e-74
2012-08-29,1,c0025_0043,0.043796298340887885,0.043796298340887885,1.3515965482499165e-18
2012-08-29,2,c0007_0028,0.03958296456159939,0.002578831409254485,0.0370041331523449
2012-08-29,3,c0042_0075,0.023187564875071186,0.023187564875071186,1.0218716877294375e-144
2012-08-29,4,c0014_0047,0.018035381508617013,0.018035381508617013,3.2151350271524903e-54
2012-08-29,5,c0053_0022,0.018035381508617013,0.018035381508617013,4.3250916589824986e-43
2012-08-29,6,c0052_0016,0.015459289826477875,0.015459289825389924,1.0879502814272794e-12
2012-08-29,7,c0019_0024,0.015459289825389924,0.015459289825389924,2.6203542733240173e-20
2012-08-29,8,c0021_0029,0.015459289825389924,0.015459289825389924,4.847751099871394e-42
2012-08-29,9,c0035_0095,0.015459289825389924,0.015459289825389924,1.0032148845904249e-58
2012-08-29,10,c0035_0020,0.015459289825389924,0.015459289825389924,6.6786961076026554e-37
2012-08-29,11,c0030_0014,0.012883198142165184,0.012883198142162837,2.347056148882957e-15
2012-08-29,12,c0015_0047,0.012883198142163415,0.012883198142162837,5.771714377164707e-16
2012-08-29,13,c0025_0019,0.012883198142162837,0.012883198142162837,1.14108918619885e-24
2012-08-29,14,c0013_0050,0.012883198142162837,0.012883198142162837,2.8879029486494193e-193
2012-08-29,15,c0015_0049,0.012883198142162837,0.012883198142162837,7.259101844874961e-37
2012-08-29,16,c0040_0083,0.012883198142162837,0.012883198142162837,7.30929905499458e-81
2012-08-29,17,c0023_0041,0.012883198142162837,0.012883198142162837,4.122632440656636e-40
2012-08-29,18,c0015_0028,0.010318527433727413,0.010307106458935749,1.1420974791664564e-05
2012-08-29,19,c0047_0020,0.010307106468432617,0.010307106458935749,9.496868539426956e-12
2012-08-29,20,c0047_0009,0.010307106458935749,0.010307106458935749,5.975880632241607e-23
2012-08-30,1,c0025_0043,0.043796298340887885,0.043796298340887885,1.8291870167903053e-19
2012-08-30,2,c0027_0020,0.041157375906470034,0.002578831409254485,0.038578544497215546
2012-08-30,3,c0042_0075,0.023187564875071186,0.023187564875071186,1.3829529429033887e-145
2012-08-30,4,c0014_0047,0.018035381508617013,0.018035381508617013,4.351212095436367e-55
2012-08-30,5,c0053_0022,0.018035381508617013,0.018035381508617013,5.853375046927075e-44
2012-08-30,6,c0052_0016,0.015459289825537162,0.015459289825389924,1.4723805948431333e-13
2012-08-30,7,c0035_0020,0.015459289825389924,0.015459289825389924,9.038632293736682e-38
2012-08-30,8,c0019_0024,0.015459289825389924,0.015459289825389924,3.546263877605743e-21
2012-08-30,9,c0021_0029,0.015459289825389924,0.015459289825389924,6.5607176816169575e-43
2012-08-30,10,c0035_0095,0.015459289825389924,0.015459289825389924,1.3577037055323088e-59
2012-08-30,11,c0030_0014,0.012883198142163155,0.012883198142162837,3.1763950868130837e-16
2012-08-30,12,c0015_0047,0.012883198142162915,0.012883198142162837,7.811165999944153e-17
2012-08-30,13,c0013_0050,0.012883198142162837,0.012883198142162837,3.9083516351531816e-194
2012-08-30,14,c0023_0041,0.012883198142162837,0.012883198142162837,5.579376290367137e-41
2012-08-30,15,c0015_0049,0.012883198142162837,0.012883198142162837,9.824126042195706e-38
2012-08-30,16,c0040_0083,0.012883198142162837,0.012883198142162837,9.89206057868797e-82
2012-08-30,17,c0025_0019,0.012883198142162837,0.012883198142162837,1.5442962821245726e-25
2012-08-30,18,c0015_0028,0.010308652119794016,0.010307106458935749,1.5456608582681376e-06
2012-08-30,19,c0047_0020,0.01030710646022101,0.010307106458935749,1.2852613936442236e-12
2012-08-30,20,c0018_0044,0.010307106458935749,0.010307106458935749,5.428433313619927e-140
2012-08-31,1,c0025_0043,0.043796298340887885,0.043796298340887885,2.4755354301005053e-20
2012-08-31,2,c0033_0014,0.026517359750324092,2.7397260273972604e-06,0.026514620024296696
2012-08-31,3,c0042_0075,0.023187564875071186,0.023187564875071186,1.8716232823073715e-146
2012-08-31,4,c0053_0022,0.018035381508617013,0.018035381508617013,7.92168169865997e-45
2012-08-31,5,c0014_0047,0.018035381508617013,0.018035381508617013,5.888725213584557e-56
2012-08-31,6,c0052_0016,0.015459289825409851,0.015459289825389924,1.9926504483518772e-14
2012-08-31,7,c0019_0024,0.015459289825389924,0.015459289825389924,4.799346263075416e-22
2012-08-31,8,c0035_0020,0.015459289825389924,0.015459289825389924,1.223245861544448e-38
2012-08-31,9,c0021_0029,0.015459289825389924,0.015459289825389924,8.878965856770841e-44
2012-08-31,10,c0035_0095,0.015459289825389924,0.015459289825389924,1.837452155396136e-60
2012-08-31,11,c0030_0014,0.01288319814216288,0.012883198142162837,4.298783287452336e-17
2012-08-31,12,c0015_0047,0.012883198142162848,0.012883198142162837,1.057126363010641e-17
2012-08-31,13,c0040_0083,0.012883198142162837,0.012883198142162837,1.3387448202104675e-82
2012-08-31,14,c0013_0050,0.012883198142162837,0.012883198142162837,5.289378755317341e-195
2012-08-31,15,c0025_0019,0.012883198142162837,0.012883198142162837,2.0899777474257697e-26
2012-08-31,16,c0023_0041,0.012883198142162837,0.012883198142162837,7.550864705404779e-42
2012-08-31,17,c0015_0049,0.012883198142162837,0.012883198142162837,1.3295508804727387e-38
2012-08-31,18,c0015_0028,0.010307315641385791,0.010307106458935749,2.0918245004146424e-07
2012-08-31,19,c0047_0020,0.01030710645910969,0.010307106458935749,1.7394121474192455e-13
2012-08-31,20,c0036_0021,0.010307106458935749,0.010307106458935749,8.66280141283316e-71
2012-09-01,1,c0025_0043,0.043796298340887885,0.043796298340887885,3.350272885949218e-21
2012-09-01,2,c0042_0075,0.023187564875071186,0.023187564875071186,2.5329666702330686e-147
2012-09-01,3,c0014_0047,0.018035381508617013,0.018035381508617013,7.969522946830487e-57
2012-09-01,4,c0053_0022,0.018035381508617013,0.018035381508617013,1.0720830363984383e-45
2012-09-01,5,c0052_0016,0.015459289825392622,0.015459289825389924,2.6967591281926465e-15
2012-09-01,6,c0019_0024,0.015459289825389924,0.015459289825389924,6.495208858638902e-23
2012-09-01,7,c0035_0020,0.015459289825389924,0.015459289825389924,1.655483251401322e-39
2012-09-01,8,c0021_0029,0.015459289825389924,0.015459289825389924,1.2016373590742952e-44
2012-09-01,9,c0035_0095,0.015459289825389924,0.015459289825389924,2.4867210788426053e-61
2012-09-01,10,c0030_0014,0.012883198142162842,0.012883198142162837,5.8177705378017906e-18
2012-09-01,11,c0015_0047,0.012883198142162839,0.012883198142162837,1.4306649575493536e-18
2012-09-01,12,c0013_0050,0.012883198142162837,0.012883198142162837,7.158395719965944e-196
2012-09-01,13,c0040_0083,0.012883198142162837,0.012883198142162837,1.8117940942473174e-83
2012-09-01,14,c0023_0041,0.012883198142162837,0.012883198142162837,1.0218984135872978e-42
2012-09-01,15,c0025_0019,0.012883198142162837,0.012883198142162837,2.8284773040608435e-27
2012-09-01,16,c0015_0049,0.012883198142162837,0.012883198142162837,1.7993514498626587e-39
2012-09-01,17,c0015_0028,0.010307134768701874,0.010307106458935749,2.8309766124490148e-08
2012-09-01,18,c0047_0020,0.010307106458959289,0.010307106458935749,2.3540383563618833e-14
2012-09-01,19,c0039_0088,0.010307106458935749,0.010307106458935749,1.1960546574172908e-97
2012-09-01,20,c0061_0017,0.010307106458935749,0.010307106458935749,5.433570564300742e-41
2012-09-02,1,c0025_0043,0.043796298340887885,0.043796298340887885,4.534101299398812e-22
2012-09-02,2,c0037_0088,0.03166954311677827,0.005154923092481572,0.026514620024296696
2012-09-02,3,c0042_0075,0.023187564875071186,0.023187564875071186,3.4279976174489205e-148
2012-09-02,4,c0014_0047,0.018035381508617013,0.018035381508617013,1.0785576452699882e-57
2012-09-02,5,c0053_0022,0.018035381508617013,0.018035381508617013,1.450906613841504e-46
2012-09-02,6,c0052_0016,0.015459289825390288,0.015459289825389924,3.649666604348725e-16
2012-09-02,7,c0019_0024,0.015459289825389924,0.015459289825389924,8.790309305648519e-24
2012-09-02,8,c0035_0020,0.015459289825389924,0.015459289825389924,2.240452947218664e-40
2012-09-02,9,c0021_0029,0.015459289825389924,0.015459289825389924,1.62623932338015e-45
2012-09-02,10,c0035_0095,0.015459289825389924,0.015459289825389924,3.36541101535619e-62
2012-09-02,11,c0013_0050,0.012883198142162837,0.012883198142162837,9.687835122813471e-197
2012-09-02,12,c0040_0083,0.012883198142162837,0.012883198142162837,2.4519966691138283e-84
2012-09-02,13,c0030_0014,0.012883198142162837,0.012883198142162837,7.873496235390258e-19
2012-09-02,14,c0023_0041,0.012883198142162837,0.012883198142162837,1.3829891124188215e-43
2012-09-02,15,c0025_0019,0.012883198142162837,0.012883198142162837,3.8279277707340497e-28
2012-09-02,16,c0015_0049,0.012883198142162837,0.012883198142162837,2.435157381093726e-40
2012-09-02,17,c0015_0047,0.012883198142162837,0.012883198142162837,1.9361944724663826e-19
2012-09-02,18,c0015_0028,0.010307110290245966,0.010307106458935749,3.831310216820137e-09
2012-09-02,19,c0047_0020,0.010307106458938935,0.010307106458935749,3.1858444770808566e-15
2012-09-02,20,c0039_0088,0.010307106458935749,0.010307106458935749,1.618683958280388e-98
2012-09-03,1,c0025_0043,0.043796298340887885,0.043796298340887885,6.136238835776318e-23
2012-09-03,2,c0049_0085,0.0370068728783723,2.7397260273972604e-06,0.0370041331523449
2012-09-03,3,c0042_0075,0.023187564875071186,0.023187564875071186,4.639290284918831e-149
2012-09-03,4,c0014_0047,0.018035381508617013,0.018035381508617013,1.4596690440962788e-58
2012-09-03,5,c0053_0022,0.018035381508617013,0.018035381508617013,1.9635885753411455e-47
2012-09-03,6,c0052_0016,0.015459289825389973,0.015459289825389924,4.939286636187411e-17
2012-09-03,7,c0019_0024,0.015459289825389924,0.015459289825389924,1.1896389996173744e-24
2012-09-03,8,c0021_0029,0.015459289825389924,0.015459289825389924,2.2008755944017e-46
2012-09-03,9,c0035_0095,0.015459289825389924,0.015459289825389924,4.554588529708463e-63
2012-09-03,10,c0035_0020,0.015459289825389924,0.015459289825389924,3.0321233419014154e-41
2012-09-03,11,c0015_0049,0.012883198142162837,0.012883198142162837,3.295627138960474e-41
2012-09-03,12,c0023_0041,0.012883198142162837,0.012883198142162837,1.8716722324235278e-44
2012-09-03,13,c0040_0083,0.012883198142162837,0.012883198142162837,3.318416637097508e-85
2012-09-03,14,c0030_0014,0.012883198142162837,0.012883198142162837,1.0655618430789444e-19
2012-09-03,15,c0015_0047,0.012883198142162837,0.012883198142162837,2.620354273324018e-20
2012-09-03,16,c0025_0019,0.012883198142162837,0.012883198142162837,5.18053689061588e-29
2012-09-03,17,c0013_0050,0.012883198142162837,0.012883198142162837,1.3111059102955654e-197
2012-09-03,18,c0015_0028,0.010307106977447201,0.010307106458935749,5.185114533606812e-10
2012-09-03,19,c0047_0020,0.01030710645893618,0.010307106458935749,4.31157164653536e-16
2012-09-03,20,c0036_0021,0.010307106458935749,0.010307106458935749,2.1472937858088607e-73
2012-09-04,1,c0025_0043,0.043796298340887885,0.043796298340887885,8.304496208472905e-24
2012-09-04,2,c0052_0046,0.03132606218490627,2.7397260273972604e-06,0.03132332245887887
2012-09-04,3,c0042_0075,0.023187564875071186,0.023187564875071186,6.278596647263557e-150
2012-09-04,4,c0014_0047,0.018035381508617013,0.018035381508617013,1.9754472351448558e-59
2012-09-04,5,c0053_0022,0.018035381508617013,0.018035381508617013,2.657428160039707e-48
2012-09-04,6,c0052_0016,0.015459289825389931,0.015459289825389924,6.6845975589523916e-18
2012-09-04,7,c0035_0095,0.015459289825389924,0.015459289825389924,6.163965286943223e-64
2012-09-04,8,c0035_0020,0.015459289825389924,0.015459289825389924,4.1035327128457265e-42
2012-09-04,9,c0019_0024,0.015459289825389924,0.015459289825389924,1.6100013096253793e-25
2012-09-04,10,c0021_0029,0.015459289825389924,0.015459289825389924,2.9785612193690236e-47
2012-09-04,11,c0013_0050,0.012883198142162837,0.012883198142162837,1.774388897230473e-198
2012-09-04,12,c0023_0041,0.012883198142162837,0.012883198142162837,2.533032917011413e-45
2012-09-04,13,c0040_0083,0.012883198142162837,0.012883198142162837,4.4909885547867905e-86
2012-09-04,14,c0015_0049,0.012883198142162837,0.012883198142162837,4.4601463229348325e-42
2012-09-04,15,c0030_0014,0.012883198142162837,0.012883198142162837,1.4420811383921597e-20
2012-09-04,16,c0025_0019,0.012883198142162837,0.012883198142162837,7.011094274092209e-30
2012-09-04,17,c0015_0047,0.012883198142162837,0.012883198142162837,3.546263877605743e-21
2012-09-04,18,c0015_0028,0.010307106529108642,0.010307106458935749,7.017289440199548e-11
2012-09-04,19,c0047_0020,0.010307106458935808,0.010307106458935749,5.835077699788116e-17
2012-09-04,20,c0022_0093,0.010307106458935749,0.010307106458935749,1.0797704156472589e-80
2012-09-05,1,c0025_0043,0.033582425253419604,0.033582425253419604,1.076080701972563e-24
2012-09-05,2,c0042_0075,0.02325021432191431,0.02325021432191431,8.135685197491763e-151
2012-09-05,3,c0014_0047,0.018084108856161664,0.018084108856161664,2.5597466651084214e-60
2012-09-05,4,c0053_0022,0.018084108856161664,0.018084108856161664,3.443444476474788e-49
2012-09-05,5,c0035_0020,0.01550105612328534,0.01550105612328534,5.317279039396906e-43
2012-09-05,6,c0019_0024,0.01550105612328534,0.01550105612328534,2.086208839099473e-26
2012-09-05,7,c0052_0016,0.01550105612328534,0.01550105612328534,8.661773397286288e-19
2012-09-05,8,c0021_0029,0.01550105612328534,0.01550105612328534,3.859562539792241e-48
2012-09-05,9,c0035_0095,0.01550105612328534,0.01550105612328534,7.98714807785804e-65
2012-09-05,10,c0040_0083,0.012918003390409015,0.012918003390409015,5.81933689325434e-87
2012-09-05,11,c0030_0014,0.012918003390409015,0.012918003390409015,1.868621099638968e-21
2012-09-05,12,c0013_0050,0.012918003390409015,0.012918003390409015,2.2992191244015285e-199
2012-09-05,13,c0015_0047,0.012918003390409015,0.012918003390409015,4.595180763524798e-22
2012-09-05,14,c0023_0041,0.012918003390409015,0.012918003390409015,3.2822555047664743e-46
2012-09-05,15,c0025_0019,0.012918003390409015,0.012918003390409015,9.084841583001033e-31
2012-09-05,16,c0015_0049,0.012918003390409015,0.012918003390409015,5.77937212035482e-43
2012-09-05,17,c0015_0028,0.01033495066662556,0.01033495065753269,9.092869160504004e-12
2012-09-05,18,c0047_0020,0.010334950657532697,0.01033495065753269,7.560981846010257e-18
2012-09-05,19,c0026_0100,0.01033495065753269,0.01033495065753269,9.249714211381716e-63
2012-09-05,20,c0039_0088,0.01033495065753269,0.01033495065753269,3.841631351132453e-101
2012-09-06,1,c0036_0090,0.047024405907999736,0.005168845191780044,0.041855560716219695
2012-09-06,2,c0058_0029,0.03851171458416385,2.7397260273972604e-06,0.03850897485813645
2012-09-06,3,c0025_0043,0.033582425253419604,0.033582425253419604,1.4563168658690982e-25
2012-09-06,4,c0042_0075,0.02325021432191431,0.02325021432191431,1.101045260526465e-151
2012-09-06,5,c0014_0047,0.018084108856161664,0.018084108856161664,3.46424039936423e-61
2012-09-06,6,c0053_0022,0.018084108856161664,0.018084108856161664,4.660195335332649e-50
2012-09-06,7,c0026_0017,0.01675245260980008,0.002585792458903721,0.014166660150896359
2012-09-06,8,c0035_0095,0.01550105612328534,0.01550105612328534,1.0809429473696846e-65
2012-09-06,9,c0021_0029,0.01550105612328534,0.01550105612328534,5.223349894922033e-49
2012-09-06,10,c0052_0016,0.01550105612328534,0.01550105612328534,1.1722435560530969e-19
2012-09-06,11,c0035_0020,0.01550105612328534,0.01550105612328534,7.196154648448843e-44
2012-09-06,12,c0019_0024,0.01550105612328534,0.01550105612328534,2.823376641302522e-27
2012-09-06,13,c0025_0019,0.012918003390409015,0.012918003390409015,1.229499608795202e-31
2012-09-06,14,c0030_0014,0.012918003390409015,0.012918003390409015,2.5289036578155044e-22
2012-09-06,15,c0040_0083,0.012918003390409015,0.012918003390409015,7.875616066978459e-88
2012-09-06,16,c0023_0041,0.012918003390409015,0.012918003390409015,4.44204978392502e-47
2012-09-06,17,c0013_0050,0.012918003390409015,0.012918003390409015,3.111654714239175e-200
2012-09-06,18,c0015_0047,0.012918003390409015,0.012918003390409015,6.218900901550626e-23
2012-09-06,19,c0015_0049,0.012918003390409015,0.012918003390409015,7.821529628380024e-44
2012-09-06,20,c0015_0028,0.010334950658763277,0.01033495065753269,1.2305860232702703e-12
2012-09-07,1,c0025_0043,0.033582425253419604,0.033582425253419604,1.9709105552465048e-26
2012-09-07,2,c0042_0075,0.02325021432191431,0.02325021432191431,1.4901027218967914e-152
2012-09-07,3,c0014_0047,0.018084108856161664,0.018084108856161664,4.688339556476743e-62
2012-09-07,4,c0053_0022,0.018084108856161664,0.018084108856161664,6.306888556451853e-51
2012-09-07,5,c0021_0029,0.01550105612328534,0.01550105612328534,7.069035374732042e-50
2012-09-07,6,c0019_0024,0.01550105612328534,0.01550105612328534,3.82102477434313e-28
2012-09-07,7,c0052_0016,0.01550105612328534,0.01550105612328534,1.586459136807399e-20
2012-09-07,8,c0035_0095,0.01550105612328534,0.01550105612328534,1.4628971994489515e-66
2012-09-07,9,c0035_0020,0.01550105612328534,0.01550105612328534,9.73893627562291e-45
2012-09-07,10,c0023_0041,0.012918003390409015,0.012918003390409015,6.011660656586267e-48
2012-09-07,11,c0025_0019,0.012918003390409015,0.012918003390409015,1.6639467779560312e-32
2012-09-07,12,c0040_0083,0.012918003390409015,0.012918003390409015,1.0658487310873472e-88
2012-09-07,13,c0015_0049,0.012918003390409015,0.012918003390409015,1.0585289276003685e-44
2012-09-07,14,c0030_0014,0.012918003390409015,0.012918003390409015,3.4224989280856713e-23
2012-09-07,15,c0013_0050,0.012918003390409015,0.012918003390409015,4.211166720860998e-201
2012-09-07,16,c0015_0047,0.012918003390409015,0.012918003390409015,8.416367149317799e-24
2012-09-07,17,c0036_0090,0.010833379356336876,0.005168845191780044,0.005664534164556831
2012-09-07,18,c0015_0028,0.010334950657699233,0.01033495065753269,1.6654170800629888e-13
2012-09-07,19,c0018_0044,0.01033495065753269,0.01033495065753269,5.849022772443933e-147
2012-09-07,20,c0022_0093,0.01033495065753269,0.01033495065753269,2.5626249395728548e-83
2012-09-08,1,c0025_0043,0.033582425253419604,0.033582425253419604,2.6673373822831522e-27
2012-09-08,2,c0014_0040,0.029993559500821103,2.7397260273972604e-06,0.029990819774793707
2012-09-08,3,c0013_0047,0.02418486051047612,2.7397260273972604e-06,0.024182120784448723
2012-09-08,4,c0042_0075,0.02325021432191431,0.02325021432191431,2.0166347391954974e-153
2012-09-08,5,c0053_0022,0.018084108856161664,0.018084108856161664,8.535445491291628e-52
2012-09-08,6,c0014_0047,0.018084108856161664,0.018084108856161664,6.34497761785195e-63
2012-09-08,7,c0021_0029,0.01550105612328534,0.01550105612328534,9.566899046489955e-51
2012-09-08,8,c0035_0095,0.01550105612328534,0.01550105612328534,1.9798160683347134e-67
2012-09-08,9,c0019_0024,0.01550105612328534,0.01550105612328534,5.171194700898415e-29
2012-09-08,10,c0035_0020,0.01550105612328534,0.01550105612328534,1.3180216992847483e-45
2012-09-08,11,c0052_0016,0.01550105612328534,0.01550105612328534,2.1470389662314147e-21
2012-09-08,12,c0013_0050,0.012918003390409015,0.012918003390409015,5.699194409243206e-202
2012-09-08,13,c0030_0014,0.012918003390409015,0.012918003390409015,4.6318486180947765e-24
2012-09-08,14,c0015_0049,0.012918003390409015,0.012918003390409015,1.4325631223094377e-45
2012-09-08,15,c0015_0047,0.012918003390409015,0.012918003390409015,1.1390314319762467e-24
2012-09-08,16,c0025_0019,0.012918003390409015,0.012918003390409015,2.2519070848532856e-33
2012-09-08,17,c0040_0083,0.012918003390409015,0.012918003390409015,1.4424693990909035e-89
2012-09-08,18,c0023_0041,0.012918003390409015,0.012918003390409015,8.135897976815032e-49
2012-09-08,19,c0015_0028,0.01033495065755523,0.01033495065753269,2.2538969223741703e-14
2012-09-08,20,c0022_0093,0.01033495065753269,0.01033495065753269,3.4681357202629982e-84
2012-09-09,1,c0025_0043,0.033582425253419604,0.033582425253419604,3.6098486011889552e-28
2012-09-09,2,c0042_0075,0.02325021432191431,0.02325021432191431,2.7292183361381523e-154
2012-09-09,3,c0014_0047,0.018084108856161664,0.018084108856161664,8.586993430419617e-64
2012-09-09,4,c0053_0022,0.018084108856161664,0.018084108856161664,1.1551469331146212e-52
2012-09-09,5,c0008_0050,0.017983592745103995,0.002585792458903721,0.015397800286200273
2012-09-09,6,c0052_0016,0.01550105612328534,0.01550105612328534,2.905701266149726e-22
2012-09-09,7,c0019_0024,0.01550105612328534,0.01550105612328534,6.998450995177577e-30
2012-09-09,8,c0035_0020,0.01550105612328534,0.01550105612328534,1.7837483998470297e-46
2012-09-09,9,c0035_0095,0.01550105612328534,0.01550105612328534,2.679389683644754e-68
2012-09-09,10,c0021_0029,0.01550105612328534,0.01550105612328534,1.2947389921527981e-51
2012-09-09,11,c0015_0049,0.012918003390409015,0.012918003390409015,1.9387633591207397e-46
2012-09-09,12,c0040_0083,0.012918003390409015,0.012918003390409015,1.9521700468611395e-90
2012-09-09,13,c0023_0041,0.012918003390409015,0.012918003390409015,1.1010740570764467e-49
2012-09-09,14,c0025_0019,0.012918003390409015,0.012918003390409015,3.0476248315115428e-34
2012-09-09,15,c0013_0050,0.012918003390409015,0.012918003390409015,7.71302089595449e-203
2012-09-09,16,c0030_0014,0.012918003390409015,0.012918003390409015,6.268525446389697e-25
2012-09-09,17,c0015_0047,0.012918003390409015,0.012918003390409015,1.541511414619099e-25
2012-09-09,18,c0002_0058,0.011925030424616147,0.002585792458903721,0.009339237965712427
2012-09-09,19,c0015_0028,0.01033495065753574,0.01033495065753269,3.0503177837563796e-15
2012-09-09,20,c0061_0017,0.01033495065753269,0.01033495065753269,5.854558052051115e-48
2012-09-10,1,c0025_0043,0.033582425253419604,0.033582425253419604,4.885398828831974e-29
2012-09-10,2,c0029_0035,0.027981534195747816,2.7397260273972604e-06,0.02797879446972042
2012-09-10,3,c0042_0075,0.02325021432191431,0.02325021432191431,3.693595365358136e-155
2012-09-10,4,c0014_0047,0.018084108856161664,0.018084108856161664,1.1621231880567712e-64
2012-09-10,5,c0053_0022,0.018084108856161664,0.018084108856161664,1.5633213737297177e-53
2012-09-10,6,c0035_0020,0.01550105612328534,0.01550105612328534,2.4140409491615245e-47
2012-09-10,7,c0035_0095,0.01550105612328534,0.01550105612328534,3.626159617373208e-69
2012-09-10,8,c0019_0024,0.01550105612328534,0.01550105612328534,9.471373476499113e-31
2012-09-10,9,c0021_0029,0.01550105612328534,0.01550105612328534,1.752238682204854e-52
2012-09-10,10,c0052_0016,0.01550105612328534,0.01550105612328534,3.932439038553573e-23
2012-09-10,11,c0013_0050,0.012918003390409015,0.012918003390409015,1.043843867563913e-203
2012-09-10,12,c0030_0014,0.012918003390409015,0.012918003390409015,8.483526667630638e-26
2012-09-10,13,c0023_0041,0.012918003390409015,0.012918003390409015,1.4901416937892716e-50
2012-09-10,14,c0015_0047,0.012918003390409015,0.012918003390409015,2.0862088390994727e-26
2012-09-10,15,c0025_0019,0.012918003390409015,0.012918003390409015,4.124511697715487e-35
2012-09-10,16,c0040_0083,0.012918003390409015,0.012918003390409015,2.6419748621798376e-91
2012-09-10,17,c0015_0049,0.012918003390409015,0.012918003390409015,2.6238308833537195e-47
2012-09-10,18,c0032_0015,0.01058548277969741,2.7397260273972604e-06,0.010582743053670012
2012-09-10,19,c0015_0028,0.010334950657533103,0.01033495065753269,4.1281562122634637e-16
2012-09-10,20,c0026_0100,0.01033495065753269,0.01033495065753269,4.199363755197879e-67
2012-09-11,1,c0025_0043,0.033582425253419604,0.033582425253419604,6.611668342237912e-30
2012-09-11,2,c0042_0075,0.02325021432191431,0.02325021432191431,4.998737749321834e-156
2012-09-11,3,c0014_0047,0.018084108856161664,0.018084108856161664,1.5727627081149847e-65
2012-09-11,4,c0053_0022,0.018084108856161664,0.018084108856161664,2.1157254090356183e-54
2012-09-11,5,c0019_0024,0.01550105612328534,0.01550105612328534,1.2818110120817485e-31
2012-09-11,6,c0021_0029,0.01550105612328534,0.01550105612328534,2.3713971835434287e-53
2012-09-11,7,c0035_0020,0.01550105612328534,0.01550105612328534,3.2670491559955626e-48
2012-09-11,8,c0052_0016,0.01550105612328534,0.01550105612328534,5.321977510933607e-24
2012-09-11,9,c0035_0095,0.01550105612328534,0.01550105612328534,4.9074733887837025e-70
2012-09-11,10,c0015_0047,0.012918003390409015,0.012918003390409015,2.8233766413025213e-27
2012-09-11,11,c0015_0049,0.012918003390409015,0.012918003390409015,3.550968957636473e-48
2012-09-11,12,c0013_0050,0.012918003390409015,0.012918003390409015,1.4126890547156341e-204
2012-09-11,13,c0025_0019,0.012918003390409015,0.012918003390409015,5.581919588230477e-36
2012-09-11,14,c0030_0014,0.012918003390409015,0.012918003390409015,1.1481204844091495e-26
2012-09-11,15,c0023_0041,0.012918003390409015,0.012918003390409015,2.016687481916569e-51
2012-09-11,16,c0040_0083,0.012918003390409015,0.012918003390409015,3.575524162771192e-92
2012-09-11,17,c0015_0028,0.010334950657532746,0.01033495065753269,5.586851902316581e-17
2012-09-11,18,c0004_0053,0.01033495065753269,0.01033495065753269,1.8990186999651066e-67
2012-09-11,19,c0007_0044,0.01033495065753269,0.01033495065753269,2.0514960460319564e-41
2012-09-11,20,c0061_0017,0.01033495065753269,0.01033495065753269,1.0722997113449926e-49
2012-09-12,1,c0025_0043,0.0284424868089247,0.0284424868089247,8.81206098098702e-31
2012-09-12,2,c0042_0075,0.023271623702943372,0.023271623702943372,6.662339911030092e-157
2012-09-12,3,c0014_0047,0.018100760596962046,0.018100760596962046,2.096185134392337e-66
2012-09-12,4,c0053_0022,0.018100760596962046,0.018100760596962046,2.819848237749778e-55
2012-09-12,5,c0019_0024,0.01551532904397138,0.01551532904397138,1.7084034195129942e-32
2012-09-12,6,c0035_0020,0.01551532904397138,0.01551532904397138,4.354337649787565e-49
2012-09-12,7,c0021_0029,0.01551532904397138,0.01551532904397138,3.160608716264252e-54
2012-09-12,8,c0035_0095,0.01551532904397138,0.01551532904397138,6.5407023652816036e-71
2012-09-12,9,c0015_0049,0.012929897490980719,0.012929897490980719,4.732747224536832e-49
2012-09-12,10,c0013_0050,0.012929897490980719,0.012929897490980719,1.8828382569948225e-205
2012-09-12,11,c0023_0041,0.012929897490980719,0.012929897490980719,2.6878500478786553e-52
2012-09-12,12,c0015_0047,0.012929897490980719,0.012929897490980719,3.7630089483633793e-28
2012-09-12,13,c0030_0014,0.012929897490980719,0.012929897490980719,1.5302200894591878e-27
2012-09-12,14,c0052_0016,0.012929897490980719,0.012929897490980719,7.093155303357912e-25
2012-09-12,15,c0040_0083,0.012929897490980719,0.012929897490980719,4.765474511183298e-93
2012-09-12,16,c0025_0019,0.012929897490980719,0.012929897490980719,7.439607260427664e-37
2012-09-12,17,c0015_0028,0.01034446593799006,0.010344465937990053,7.446181070584876e-18
2012-09-12,18,c0061_0017,0.010344465937990053,0.010344465937990053,1.4291658258025242e-50
2012-09-12,19,c0047_0009,0.010344465937990053,0.010344465937990053,3.8961200821797044e-35
2012-09-12,20,c0026_0100,0.010344465937990053,0.010344465937990053,7.57462200910989e-69
2012-09-13,1,c0053_0022,0.059320815115184236,0.018100760596962046,0.041220054518222186
2012-09-13,2,c0014_0030,0.04639365735023091,0.005173602832008725,0.041220054518222186
2012-09-13,3,c0024_0030,0.03748019412768793,0.002588171279018061,0.03489202284866987
2012-09-13,4,c0025_0043,0.0284424868089247,0.0284424868089247,1.1925827687601815e-31
2012-09-13,5,c0042_0075,0.023271623702943372,0.023271623702943372,9.016496588778468e-158
2012-09-13,6,c0014_0047,0.018100760596962046,0.018100760596962046,2.83687808879364e-67
2012-09-13,7,c0019_0024,0.01551532904397138,0.01551532904397138,2.312072606621887e-33
2012-09-13,8,c0035_0095,0.01551532904397138,0.01551532904397138,8.851878071717684e-72
2012-09-13,9,c0035_0020,0.01551532904397138,0.01551532904397138,5.892955191418465e-50
2012-09-13,10,c0021_0029,0.01551532904397138,0.01551532904397138,4.277418758157294e-55
2012-09-13,11,c0052_0016,0.012929897490980719,0.012929897490980719,9.599541820212244e-26
2012-09-13,12,c0015_0047,0.012929897490980719,0.012929897490980719,5.09267881848666e-29
2012-09-13,13,c0040_0083,0.012929897490980719,0.012929897490980719,6.449368427278502e-94
2012-09-13,14,c0023_0041,0.012929897490980719,0.012929897490980719,3.6376094752720076e-53
2012-09-13,15,c0030_0014,0.012929897490980719,0.012929897490980719,2.0709276922131406e-28
2012-09-13,16,c0015_0049,0.012929897490980719,0.012929897490980719,6.405076861199847e-50
2012-09-13,17,c0013_0050,0.012929897490980719,0.012929897490980719,2.548144487991245e-206
2012-09-13,18,c0025_0019,0.012929897490980719,0.012929897490980719,1.0068413557591383e-37
2012-09-13,19,c0015_0028,0.010344465937990054,0.010344465937990053,1.007731024218708e-18
2012-09-13,20,c0017_0047,0.010344465937990053,0.010344465937990053,6.297491586315605e-37
2012-09-14,1,c0038_0006,0.04155017326870796,0.005173602832008725,0.036376570436699236
2012-09-14,2,c0017_0043,0.03596570492087081,0.005173602832008725,0.03079210208886209
2012-09-14,3,c0025_0043,0.0284424868089247,0.0284424868089247,1.6139852679326295e-32
2012-09-14,4,c0044_0024,0.028175841963734134,0.005173602832008725,0.02300223913172541
2012-09-14,5,c0053_0022,0.023679288350214264,0.018100760596962046,0.0055785277532522165
2012-09-14,6,c0042_0075,0.023271623702943372,0.023271623702943372,1.2202501196442862e-158
2012-09-14,7,c0014_0047,0.018100760596962046,0.018100760596962046,3.839296996546277e-68
2012-09-14,8,c0035_0020,0.01551532904397138,0.01551532904397138,7.975247599312853e-51
2012-09-14,9,c0021_0029,0.01551532904397138,0.01551532904397138,5.788856791568176e-56
2012-09-14,10,c0019_0024,0.01551532904397138,0.01551532904397138,3.1290500108078656e-34
2012-09-14,11,c0035_0095,0.01551532904397138,0.01551532904397138,1.1979714260118739e-72
2012-09-14,12,c0013_0050,0.012929897490980719,0.012929897490980719,3.448538560101085e-207
2012-09-14,13,c0030_0014,0.012929897490980719,0.012929897490980719,2.8026958578821e-29
2012-09-14,14,c0025_0019,0.012929897490980719,0.012929897490980719,1.3626116005599811e-38
2012-09-14,15,c0052_0016,0.012929897490980719,0.012929897490980719,1.299156711180133e-26
2012-09-14,16,c0015_0047,0.012929897490980719,0.012929897490980719,6.892191303329904e-30
2012-09-14,17,c0023_0041,0.012929897490980719,0.012929897490980719,4.922969086401234e-54
2012-09-14,18,c0040_0083,0.012929897490980719,0.012929897490980719,8.728271028030033e-95
2012-09-14,19,c0015_0049,0.012929897490980719,0.012929897490980719,8.668328911627557e-51
2012-09-14,20,c0014_0030,0.010752130585260943,0.005173602832008725,0.0055785277532522165
2012-09-15,1,c0023_0028,0.030287017521331425,0.007759034384999388,0.022527983136332037
2012-09-15,2,c0025_0043,0.0284424868089247,0.0284424868089247,2.184291533753826e-33
2012-09-15,3,c0031_0024,0.026238318561831515,0.002588171279018061,0.023650147282813453
2012-09-15,4,c0042_0075,0.023271623702943372,0.023271623702943372,1.6514289556156998e-159
2012-09-15,5,c0016_0048,0.02050233312720152,0.002588171279018061,0.01791416184818346
2012-09-15,6,c0053_0022,0.01885573223049174,0.018100760596962046,0.0007549716335296936
2012-09-15,7,c0014_0047,0.018100760596962046,0.018100760596962046,5.195923464570668e-69
2012-09-15,8,c0021_0029,0.01551532904397138,0.01551532904397138,7.834365735030682e-57
2012-09-15,9,c0035_0020,0.01551532904397138,0.01551532904397138,1.0793323927351205e-51
2012-09-15,10,c0035_0095,0.01551532904397138,0.01551532904397138,1.6212780224868575e-73
2012-09-15,11,c0019_0024,0.01551532904397138,0.01551532904397138,4.2347086947420855e-35
2012-09-15,12,c0040_0083,0.012929897490980719,0.012929897490980719,1.1812430317443653e-95
2012-09-15,13,c0030_0014,0.012929897490980719,0.012929897490980719,3.793036377525552e-30
2012-09-15,14,c0013_0050,0.012929897490980719,0.012929897490980719,4.667089427836608e-208
2012-09-15,15,c0052_0016,0.012929897490980719,0.012929897490980719,1.758217414763095e-27
2012-09-15,16,c0015_0049,0.012929897490980719,0.012929897490980719,1.1731307484432344e-51
2012-09-15,17,c0023_0041,0.012929897490980719,0.012929897490980719,6.662514156731994e-55
2012-09-15,18,c0015_0047,0.012929897490980719,0.012929897490980719,9.327566621570714e-31
2012-09-15,19,c0025_0019,0.012929897490980719,0.012929897490980719,1.8440942690327917e-39
2012-09-15,20,c0018_0044,0.010344465937990053,0.010344465937990053,6.482268253408744e-154
2012-09-16,1,c0025_0043,0.0284424868089247,0.0284424868089247,2.9561171339190923e-34
2012-09-16,2,c0042_0075,0.023271623702943372,0.023271623702943372,2.2349660545339423e-160
2012-09-16,3,c0053_0022,0.018202934896821395,0.018100760596962046,0.00010217429985934921
2012-09-16,4,c0014_0047,0.018100760596962046,0.018100760596962046,7.031917737534332e-70
2012-09-16,5,c0019_0024,0.01551532904397138,0.01551532904397138,5.731055006274664e-36
2012-09-16,6,c0035_0020,0.01551532904397138,0.01551532904397138,1.460717550772584e-52
2012-09-16,7,c0035_0095,0.01551532904397138,0.01551532904397138,2.194161203785542e-74
2012-09-16,8,c0021_0029,0.01551532904397138,0.01551532904397138,1.0602661057295907e-57
2012-09-16,9,c0040_0083,0.012929897490980719,0.012929897490980719,1.5986386027239872e-96
2012-09-16,10,c0030_0014,0.012929897490980719,0.012929897490980719,5.133316524791959e-31
2012-09-16,11,c0025_0019,0.012929897490980719,0.012929897490980719,2.495710202145671e-40
2012-09-16,12,c0052_0016,0.012929897490980719,0.012929897490980719,2.3794885181850836e-28
2012-09-16,13,c0015_0047,0.012929897490980719,0.012929897490980719,1.2623488706386474e-31
2012-09-16,14,c0023_0041,0.012929897490980719,0.012929897490980719,9.016732404692658e-56
2012-09-16,15,c0015_0049,0.012929897490980719,0.012929897490980719,1.5876598211414453e-52
2012-09-16,16,c0013_0050,0.012929897490980719,0.012929897490980719,6.31621869606868e-209
2012-09-16,17,c0023_0028,0.01080786536350452,0.007759034384999388,0.0030488309785051313
2012-09-16,18,c0015_0028,0.010344465937990053,0.010344465937990053,2.4979154697763415e-21
2012-09-16,19,c0047_0009,0.010344465937990053,0.010344465937990053,1.3070026813917546e-38
2012-09-16,20,c0026_0100,0.010344465937990053,0.010344465937990053,2.541002604544208e-72
2012-09-17,1,c0053_0038,0.034894762574697265,2.7397260273972604e-06,0.034892022848669865
2012-09-17,2,c0025_0043,0.0284424868089247,0.0284424868089247,4.0006694959954405e-35
2012-09-17,3,c0042_0075,0.023271623702943372,0.023271623702943372,3.0246976401456583e-161
2012-09-17,4,c0053_0022,0.018114588384773013,0.018100760596962046,1.3827787810967624e-05
2012-09-17,5,c0014_0047,0.018100760596962046,0.018100760596962046,9.516665787057695e-71
2012-09-17,6,c0019_0024,0.01551532904397138,0.01551532904397138,7.756139525187888e-37
2012-09-17,7,c0035_0020,0.01551532904397138,0.01551532904397138,1.9768662346249883e-53
2012-09-17,8,c0021_0029,0.01551532904397138,0.01551532904397138,1.4349141372509449e-58
2012-09-17,9,c0035_0095,0.01551532904397138,0.01551532904397138,2.969474279811033e-75
2012-09-17,10,c0052_0016,0.012929897490980719,0.012929897490980719,3.2202875256684613e-29
2012-09-17,11,c0025_0019,0.012929897490980719,0.012929897490980719,3.377576470838883e-41
2012-09-17,12,c0015_0047,0.012929897490980719,0.012929897490980719,1.7084034195129947e-32
2012-09-17,13,c0023_0041,0.012929897490980719,0.012929897490980719,1.2202820338578248e-56
2012-09-17,14,c0015_0049,0.012929897490980719,0.012929897490980719,2.1486639157756735e-53
2012-09-17,15,c0013_0050,0.012929897490980719,0.012929897490980719,8.548072462168435e-210
2012-09-17,16,c0040_0083,0.012929897490980719,0.012929897490980719,2.1635220809263356e-97
2012-09-17,17,c0030_0014,0.012929897490980719,0.012929897490980719,6.947188458259042e-32
2012-09-17,18,c0039_0088,0.010344465937990053,0.010344465937990053,1.4282476521660758e-111
2012-09-17,19,c0047_0009,0.010344465937990053,0.010344465937990053,1.7688357807716532e-39
2012-09-17,20,c0017_0047,0.010344465937990053,0.010344465937990053,2.1125730767393907e-40
2012-09-18,1,c0025_0043,0.0284424868089247,0.0284424868089247,5.414317393766194e-36
2012-09-18,2,c0042_0075,0.023271623702943372,0.023271623702943372,4.0934831183422654e-162
2012-09-18,3,c0053_0022,0.01810263198454198,0.018100760596962046,1.8713875799330838e-06
2012-09-18,4,c0014_0047,0.018100760596962046,0.018100760596962046,1.2879406597596347e-71
2012-09-18,5,c0019_0024,0.01551532904397138,0.01551532904397138,1.0496793394639894e-37
2012-09-18,6,c0035_0095,0.01551532904397138,0.01551532904397138,4.018746427220627e-76
2012-09-18,7,c0021_0029,0.01551532904397138,0.01551532904397138,1.9419451118507637e-59
2012-09-18,8,c0035_0020,0.01551532904397138,0.01551532904397138,2.6753975178386887e-54
2012-09-18,9,c0015_0049,0.012929897490980719,0.012929897490980719,2.9079003962179005e-54
2012-09-18,10,c0023_0041,0.012929897490980719,0.012929897490980719,1.6514721468069856e-57
2012-09-18,11,c0015_0047,0.012929897490980719,0.012929897490980719,2.312072606621888e-33
2012-09-18,12,c0052_0016,0.012929897490980719,0.012929897490980719,4.358185243896719e-30
2012-09-18,13,c0013_0050,0.012929897490980719,0.012929897490980719,1.1568558077946542e-210
2012-09-18,14,c0030_0014,0.012929897490980719,0.012929897490980719,9.401997176966138e-33
2012-09-18,15,c0025_0019,0.012929897490980719,0.012929897490980719,4.5710526833429884e-42
2012-09-18,16,c0040_0083,0.012929897490980719,0.012929897490980719,2.928008736108313e-98
2012-09-18,17,c0011_0026,0.010868228130004999,2.7397260273972604e-06,0.010865488403977601
2012-09-18,18,c0026_0100,0.010344465937990053,0.010344465937990053,4.654008612016474e-74
2012-09-18,19,c0061_0017,0.010344465937990053,0.010344465937990053,8.78109832185038e-56
2012-09-18,20,c0018_0044,0.010344465937990053,0.010344465937990053,1.6067936542872158e-156
2012-09-19,1,c0025_0043,0.02848429592517927,0.02848429592517927,7.14697950668664e-37
2012-09-19,2,c0042_0075,0.023305831161697113,0.023305831161697113,5.403458613535294e-163
2012-09-19,3,c0026_0017,0.022560903282597397,0.007770436871250636,0.014790466411346759
2012-09-19,4,c0053_0022,0.020716845805900587,0.020716598779956037,2.4702594454933106e-07
2012-09-19,5,c0014_0047,0.018127366398214956,0.018127366398214956,1.7001008311276102e-72
2012-09-19,6,c0035_0095,0.015538134016473876,0.015538134016473876,5.3048050694229895e-77
2012-09-19,7,c0021_0029,0.015538134016473876,0.015538134016473876,2.5633964372845253e-60
2012-09-19,8,c0019_0024,0.015538134016473876,0.015538134016473876,1.3855923438066294e-38
2012-09-19,9,c0013_0050,0.012948901634732796,0.012948901634732796,1.5270668764301206e-211
2012-09-19,10,c0030_0014,0.012948901634732796,0.012948901634732796,1.2410776143834595e-33
2012-09-19,11,c0015_0047,0.012948901634732796,0.012948901634732796,3.051970236640279e-34
2012-09-19,12,c0035_0020,0.012948901634732796,0.012948901634732796,3.5315645245046945e-55
2012-09-19,13,c0023_0041,0.012948901634732796,0.012948901634732796,2.1799678021615392e-58
2012-09-19,14,c0040_0083,0.012948901634732796,0.012948901634732796,3.865015090629767e-99
2012-09-19,15,c0052_0016,0.012948901634732796,0.012948901634732796,5.752869357148596e-31
2012-09-19,16,c0025_0019,0.012948901634732796,0.012948901634732796,6.0338575439724355e-43
2012-09-19,17,c0023_0028,0.010367040385979884,0.010359669252991715,7.371132988170665e-06
2012-09-19,18,c0018_0044,0.010359669252991715,0.010359669252991715,2.12099152736903e-157
2012-09-19,19,c0004_0053,0.010359669252991715,0.010359669252991715,2.0527720128912882e-74
2012-09-19,20,c0015_0049,0.010359669252991715,0.010359669252991715,3.838471782829647e-55
2012-09-20,1,c0025_0043,0.02848429592517927,0.02848429592517927,9.672384958237031e-38
2012-09-20,2,c0042_0075,0.023305831161697113,0.023305831161697113,7.312786019201136e-164
2012-09-20,3,c0053_0022,0.02071663221128221,0.020716598779956037,3.343132617237551e-08
2012-09-20,4,c0014_0047,0.018127366398214956,0.018127366398214956,2.300836275114558e-73
2012-09-20,5,c0021_0029,0.015538134016473876,0.015538134016473876,3.469179828876251e-61
2012-09-20,6,c0035_0095,0.015538134016473876,0.015538134016473876,7.179272965853792e-78
2012-09-20,7,c0019_0024,0.015538134016473876,0.015538134016473876,1.8751953229955222e-39
2012-09-20,8,c0013_0050,0.012948901634732796,0.012948901634732796,2.0666602824291983e-212
2012-09-20,9,c0030_0014,0.012948901634732796,0.012948901634732796,1.679615904612051e-34
2012-09-20,10,c0052_0016,0.012948901634732796,0.012948901634732796,7.785662038729353e-32
2012-09-20,11,c0035_0020,0.012948901634732796,0.012948901634732796,4.779452851922162e-56
2012-09-20,12,c0015_0047,0.012948901634732796,0.012948901634732796,4.1303925640542414e-35
2012-09-20,13,c0025_0019,0.012948901634732796,0.012948901634732796,8.165938197228818e-44
2012-09-20,14,c0023_0041,0.012948901634732796,0.012948901634732796,2.95026559952228e-59
2012-09-20,15,c0040_0083,0.012948901634732796,0.012948901634732796,5.230729120041618e-100
2012-09-20,16,c0023_0028,0.010360666827362443,0.010359669252991715,9.975743707288161e-07
2012-09-20,17,c0004_0053,0.010359669252991715,0.010359669252991715,2.778124817848341e-75
2012-09-20,18,c0039_0088,0.010359669252991715,0.010359669252991715,3.4530623240127415e-114
2012-09-20,19,c0007_0044,0.010359669252991715,0.010359669252991715,3.0011879710841403e-49
2012-09-20,20,c0026_0100,0.010359669252991715,0.010359669252991715,8.314134473572317e-76
2012-09-21,1,c0041_0011,0.043701343229214616,2.7397260273972604e-06,0.04369860350318722
2012-09-21,2,c0025_0043,0.02848429592517927,0.02848429592517927,1.3090149578965611e-38
2012-09-21,3,c0025_0028,0.024111973754375734,0.002591972107768477,0.021520001646607258
2012-09-21,4,c0042_0075,0.023305831161697113,0.023305831161697113,9.89677967157327e-165
2012-09-21,5,c0053_0022,0.020716603304394034,0.020716598779956037,4.524437996514021e-09
2012-09-21,6,c0014_0047,0.018127366398214956,0.018127366398214956,3.1138432897370168e-74
2012-09-21,7,c0035_0095,0.015538134016473876,0.015538134016473876,9.716089402667795e-79
2012-09-21,8,c0019_0024,0.015538134016473876,0.015538134016473876,2.537800901615705e-40
2012-09-21,9,c0021_0029,0.015538134016473876,0.015538134016473876,4.69502434739711e-62
2012-09-21,10,c0030_0014,0.012948901634732796,0.012948901634732796,2.2731129417939137e-35
2012-09-21,11,c0015_0047,0.012948901634732796,0.012948901634732796,5.589878475346798e-36
2012-09-21,12,c0025_0019,0.012948901634732796,0.012948901634732796,1.1051395588146365e-44
2012-09-21,13,c0013_0050,0.012948901634732796,0.012948901634732796,2.7969205467641354e-213
2012-09-21,14,c0040_0083,0.012948901634732796,0.012948901634732796,7.079022069948303e-101
2012-09-21,15,c0035_0020,0.012948901634732796,0.012948901634732796,6.468286054309223e-57
2012-09-21,16,c0052_0016,0.012948901634732796,0.012948901634732796,1.0536747771959806e-32
2012-09-21,17,c0023_0041,0.012948901634732796,0.012948901634732796,3.992750305345827e-60
2012-09-21,18,c0023_0028,0.010359804260001727,0.010359669252991715,1.3500701001217003e-07
2012-09-21,19,c0061_0017,0.010359669252991715,0.010359669252991715,2.122998748336568e-58
2012-09-21,20,c0047_0020,0.010359669252991715,0.010359669252991715,9.19767292050561e-32
2012-09-22,1,c0023_0028,0.04167110516258677,0.010359669252991715,0.03131143590959506
2012-09-22,2,c0046_0018,0.028810634638347855,2.7397260273972604e-06,0.02880789491232046
2012-09-22,3,c0025_0043,0.02848429592517927,0.02848429592517927,1.7715591008789378e-39
2012-09-22,4,c0042_0075,0.023305831161697113,0.023305831161697113,1.3393834799827194e-165
2012-09-22,5,c0053_0022,0.020716599392272134,0.020716598779956037,6.123160977447176e-10
2012-09-22,6,c0014_0047,0.018127366398214956,0.018127366398214956,4.21412863570985e-75
2012-09-22,7,c0019_0024,0.015538134016473876,0.015538134016473876,3.434540038182925e-41
2012-09-22,8,c0021_0029,0.015538134016473876,0.015538134016473876,6.354024498577806e-63
2012-09-22,9,c0035_0095,0.015538134016473876,0.015538134016473876,1.314929711262297e-79
2012-09-22,10,c0025_0019,0.012948901634732796,0.012948901634732796,1.4956437520816402e-45
2012-09-22,11,c0030_0014,0.012948901634732796,0.012948901634732796,3.0763238380648924e-36
2012-09-22,12,c0035_0020,0.012948901634732796,0.012948901634732796,8.753873252153707e-58
2012-09-22,13,c0015_0047,0.012948901634732796,0.012948901634732796,7.565077867193035e-37
2012-09-22,14,c0052_0016,0.012948901634732796,0.012948901634732796,1.4259937441109281e-33
2012-09-22,15,c0023_0041,0.012948901634732796,0.012948901634732796,5.4035999346704936e-61
2012-09-22,16,c0040_0083,0.012948901634732796,0.012948901634732796,9.58041456874686e-102
2012-09-22,17,c0013_0050,0.012948901634732796,0.012948901634732796,3.785220343866259e-214
2012-09-22,18,c0015_0028,0.010359669252991715,0.010359669252991715,1.4969653377171217e-26
2012-09-22,19,c0047_0020,0.010359669252991715,0.010359669252991715,1.2447696698143492e-32
2012-09-22,20,c0004_0053,0.010359669252991715,0.010359669252991715,5.088313095154064e-77
2012-09-23,1,c0014_0040,0.0602077619324121,0.002591972107768477,0.05761578982464362
2012-09-23,2,c0053_0022,0.04834882794422978,0.020716598779956037,0.027632229164273745
2012-09-23,3,c0046_0003,0.040207395806236175,2.7397260273972604e-06,0.040204656080208775
2012-09-23,4,c0050_0018,0.036624478735177525,0.002591972107768477,0.034032506627409045
2012-09-23,5,c0025_0043,0.02848429592517927,0.02848429592517927,2.3975445268785e-40
2012-09-23,6,c0042_0075,0.023305831161697113,0.023305831161697113,1.8126584262590133e-166
2012-09-23,7,c0050_0029,0.020644498422424377,2.7397260273972604e-06,0.02064175869639698
2012-09-23,8,c0014_0047,0.018127366398214956,0.018127366398214956,5.703202925093131e-76
2012-09-23,9,c0019_0024,0.015538134016473876,0.015538134016473876,4.648144488549729e-42
2012-09-23,10,c0035_0095,0.015538134016473876,0.015538134016473876,1.7795638490992036e-80
2012-09-23,11,c0021_0029,0.015538134016473876,0.015538134016473876,8.599237052074036e-64
2012-09-23,12,c0023_0028,0.014597211300361807,0.010359669252991715,0.0042375420473700935
2012-09-23,13,c0007_0050,0.013038358910256643,2.7397260273972604e-06,0.013035619184229245
2012-09-23,14,c0013_0050,0.012948901634732796,0.012948901634732796,5.122738673501288e-215
2012-09-23,15,c0023_0041,0.012948901634732796,0.012948901634732796,7.312977276559733e-62
2012-09-23,16,c0040_0083,0.012948901634732796,0.012948901634732796,1.296568119185527e-102
2012-09-23,17,c0025_0019,0.012948901634732796,0.012948901634732796,2.0241337080903893e-46
2012-09-23,18,c0035_0020,0.012948901634732796,0.012948901634732796,1.18470791599763e-58
2012-09-23,19,c0052_0016,0.012948901634732796,0.012948901634732796,1.9298726725289032e-34
2012-09-23,20,c0030_0014,0.012948901634732796,0.012948901634732796,4.163351579520558e-37
2012-09-24,1,c0025_0043,0.02848429592517927,0.02848429592517927,3.2447236761749245e-41
2012-09-24,2,c0053_0022,0.024456214340362013,0.020716598779956037,0.003739615560405977
2012-09-24,3,c0042_0075,0.023305831161697113,0.023305831161697113,2.453166415289962e-167
2012-09-24,4,c0014_0047,0.018127366398214956,0.018127366398214956,7.718445832233569e-77
2012-09-24,5,c0035_0095,0.015538134016473876,0.015538134016473876,2.4083777755547737e-81
2012-09-24,6,c0021_0029,0.015538134016473876,0.015538134016473876,1.1637801820612139e-64
2012-09-24,7,c0019_0024,0.015538134016473876,0.015538134016473876,6.290579508825778e-43
2012-09-24,8,c0040_0083,0.012948901634732796,0.012948901634732796,1.7547141364553554e-103
2012-09-24,9,c0013_0050,0.012948901634732796,0.012948901634732796,6.932872893254463e-216
2012-09-24,10,c0023_0041,0.012948901634732796,0.012948901634732796,9.89703851026124e-63
2012-09-24,11,c0025_0019,0.012948901634732796,0.012948901634732796,2.73936708693188e-47
2012-09-24,12,c0030_0014,0.012948901634732796,0.012948901634732796,5.634483652280136e-38
2012-09-24,13,c0035_0020,0.012948901634732796,0.012948901634732796,1.6033278136419642e-59
2012-09-24,14,c0015_0047,0.012948901634732796,0.012948901634732796,1.3855923438066305e-38
2012-09-24,15,c0052_0016,0.012948901634732796,0.012948901634732796,2.611798647472978e-35
2012-09-24,16,c0023_0028,0.010933158206199603,0.010359669252991715,0.0005734889532078873
2012-09-24,17,c0014_0040,0.010389421342587768,0.002591972107768477,0.007797449234819291
2012-09-24,18,c0004_0053,0.010359669252991715,0.010359669252991715,9.319570520365919e-79
2012-09-24,19,c0061_0017,0.010359669252991715,0.010359669252991715,5.2623877684992224e-61
2012-09-24,20,c0015_0049,0.010359669252991715,0.010359669252991715,1.7426634933574612e-59
2012-09-25,1,c0025_0043,0.02848429592517927,0.02848429592517927,4.391255977396765e-42
2012-09-25,2,c0042_0075,0.023305831161697113,0.023305831161697113,3.319999716398129e-168
2012-09-25,3,c0053_0022,0.021222700711019622,0.020716598779956037,0.000506101931063587
2012-09-25,4,c0014_0047,0.018127366398214956,0.018127366398214956,1.044578052851783e-77
2012-09-25,5,c0021_0029,0.015538134016473876,0.015538134016473876,1.575005205644111e-65
2012-09-25,6,c0035_0095,0.015538134016473876,0.015538134016473876,3.259384883954686e-82
2012-09-25,7,c0019_0024,0.015538134016473876,0.015538134016473876,8.513373595493687e-44
2012-09-25,8,c0015_0047,0.012948901634732796,0.012948901634732796,1.875195322995524e-39
2012-09-25,9,c0030_0014,0.012948901634732796,0.012948901634732796,7.625444409733962e-39
2012-09-25,10,c0025_0019,0.012948901634732796,0.012948901634732796,3.707330205989805e-48
2012-09-25,11,c0035_0020,0.012948901634732796,0.012948901634732796,2.169868237803742e-60
2012-09-25,12,c0023_0041,0.012948901634732796,0.012948901634732796,1.3394185099898681e-63
2012-09-25,13,c0040_0083,0.012948901634732796,0.012948901634732796,2.3747473465647382e-104
2012-09-25,14,c0013_0050,0.012948901634732796,0.012948901634732796,9.382623166520274e-217
2012-09-25,15,c0052_0016,0.012948901634732796,0.012948901634732796,3.5346850971275745e-36
2012-09-25,16,c0023_0028,0.010437282542907173,0.010359669252991715,7.761328991545795e-05
2012-09-25,17,c0018_0044,0.010359669252991715,0.010359669252991715,1.3031822343765264e-162
2012-09-25,18,c0015_0049,0.010359669252991715,0.010359669252991715,2.3584385745963691e-60
2012-09-25,19,c0047_0020,0.010359669252991715,0.010359669252991715,3.085475528500583e-35
2012-09-25,20,c0004_0053,0.010359669252991715,0.010359669252991715,1.2612667160173076e-79
2012-09-26,1,c0045_0006,0.0462744524017786,0.0025920278263871876,0.04368242457539141
2012-09-26,2,c0013_0046,0.0462744524017786,0.0025920278263871876,0.04368242457539141
2012-09-26,3,c0050_0013,0.03389185275643309,0.0025920278263871876,0.031299824930045905
2012-09-26,4,c0052_0051,0.032614489908648986,0.0025920278263871876,0.0300224620822618
2012-09-26,5,c0023_0031,0.029133766517451185,0.007770604027106769,0.021363162490344416
2012-09-26,6,c0025_0043,0.025895620729625302,0.025895620729625302,5.940718414300057e-43
2012-09-26,7,c0042_0075,0.023306332629265514,0.023306332629265514,4.491467487251719e-169
2012-09-26,8,c0026_0019,0.023226144138434213,0.0025920278263871876,0.020634116312047025
2012-09-26,9,c0053_0022,0.018196224517786422,0.018127756428545933,6.846808924048776e-05
2012-09-26,10,c0014_0047,0.018127756428545933,0.018127756428545933,1.4131592659804517e-78
2012-09-26,11,c0021_0029,0.015538468328186143,0.015538468328186143,2.130748577616571e-66
2012-09-26,12,c0019_0024,0.015538468328186143,0.015538468328186143,1.1517332523290422e-44
2012-09-26,13,c0035_0095,0.015538468328186143,0.015538468328186143,4.40946460399235e-83
2012-09-26,14,c0020_0043,0.014106589930416453,0.0025920278263871876,0.011514562104029265
2012-09-26,15,c0033_0023,0.013185936377101783,0.0025920278263871876,0.010593908550714595
2012-09-26,16,c0023_0028,0.012959680155477315,0.012949180227826353,1.0499927650961222e-05
2012-09-26,17,c0013_0050,0.012949180227826353,0.012949180227826353,1.2693298342591488e-217
2012-09-26,18,c0015_0047,0.012949180227826353,0.012949180227826353,2.5368613087167146e-40
2012-09-26,19,c0035_0020,0.012949180227826353,0.012949180227826353,2.9355100825999102e-61
2012-09-26,20,c0040_0083,0.012949180227826353,0.012949180227826353,3.212681147185299e-105
2012-09-27,1,c0029_0016,0.040192510474082954,2.7397260273972604e-06,0.040189770748055555
2012-09-27,2,c0038_0093,0.031389256932151575,0.0025920278263871876,0.028797229105764387
2012-09-27,3,c0025_0043,0.025895620729625302,0.025895620729625302,8.039888092282589e-44
2012-09-27,4,c0042_0075,0.023306332629265514,0.023306332629265514,6.0785402453524856e-170
2012-09-27,5,c0053_0022,0.018137022576795964,0.018127756428545933,9.266148250031084e-06
2012-09-27,6,c0014_0047,0.018127756428545933,0.018127756428545933,1.9125030951990818e-79
2012-09-27,7,c0021_0029,0.015538468328186143,0.015538468328186143,2.8836546225774826e-67
2012-09-27,8,c0019_0024,0.015538468328186143,0.015538468328186143,1.5587014591697606e-45
2012-09-27,9,c0035_0095,0.015538468328186143,0.015538468328186143,5.9675614110312295e-84
2012-09-27,10,c0023_0028,0.01295060123850896,0.012949180227826353,1.4210106826067782e-06
2012-09-27,11,c0013_0050,0.012949180227826353,0.012949180227826353,1.7178511264014457e-218
2012-09-27,12,c0035_0020,0.012949180227826353,0.012949180227826353,3.972780884725912e-62
2012-09-27,13,c0023_0041,0.012949180227826353,0.012949180227826353,2.4523222933212844e-65
2012-09-27,14,c0015_0047,0.012949180227826353,0.012949180227826353,3.4332684374718056e-41
2012-09-27,15,c0030_0014,0.012949180227826353,0.012949180227826353,1.3961317678530667e-40
2012-09-27,16,c0040_0083,0.012949180227826353,0.012949180227826353,4.347891130032483e-106
2012-09-27,17,c0023_0031,0.01066179367356731,0.007770604027106769,0.002891189646460542
2012-09-27,18,c0015_0028,0.010359892127466559,0.010359892127466559,6.793695896061471e-31
2012-09-27,19,c0026_0100,0.010359892127466559,0.010359892127466559,6.910881963479451e-82
2012-09-27,20,c0047_0009,0.010359892127466559,0.010359892127466559,3.554715465815025e-48
2012-09-28,1,c0051_0009,0.04554371627829693,2.7397260273972604e-06,0.04554097655226953
2012-09-28,2,c0038_0090,0.045373816092871395,0.0025920278263871876,0.04278178826648421
2012-09-28,3,c0025_0043,0.025895620729625302,0.025895620729625302,1.0880805321597339e-44
2012-09-28,4,c0042_0075,0.023306332629265514,0.023306332629265514,8.22640965769928e-171
2012-09-28,5,c0053_0022,0.018129010465343865,0.018127756428545933,1.2540367979304e-06
2012-09-28,6,c0014_0047,0.018127756428545933,0.018127756428545933,2.588291480796662e-80
2012-09-28,7,c0019_0024,0.015538468328186143,0.015538468328186143,2.1094730345806106e-46
2012-09-28,8,c0035_0095,0.015538468328186143,0.015538468328186143,8.076216137937916e-85
2012-09-28,9,c0021_0029,0.015538468328186143,0.015538468328186143,3.902602151030911e-68
2012-09-28,10,c0052_0021,0.013185936377101784,0.0025920278263871876,0.010593908550714596
2012-09-28,11,c0023_0028,0.012949372540709566,0.012949180227826353,1.923128832128408e-07
2012-09-28,12,c0035_0020,0.012949180227826353,0.012949180227826353,5.376574262713822e-63
2012-09-28,13,c0040_0083,0.012949180227826353,0.012949180227826353,5.88423077564902e-107
2012-09-28,14,c0015_0047,0.012949180227826353,0.012949180227826353,4.646423564125696e-42
2012-09-28,15,c0023_0041,0.012949180227826353,0.012949180227826353,3.3188573215409565e-66
2012-09-28,16,c0013_0050,0.012949180227826353,0.012949180227826353,2.3248586874987378e-219
2012-09-28,17,c0030_0014,0.012949180227826353,0.012949180227826353,1.889458882380276e-41
2012-09-28,18,c0023_0019,0.010596648276741994,2.7397260273972604e-06,0.010593908550714596
2012-09-28,19,c0061_0017,0.010359892127466559,0.010359892127466559,1.7646808341872585e-64
2012-09-28,20,c0007_0044,0.010359892127466559,0.010359892127466559,3.376141684588026e-56
2012-09-29,1,c0004_0028,0.04368516430141881,2.7397260273972604e-06,0.04368242457539141
2012-09-29,2,c0022_0093,0.03426533382266628,0.007770604027106769,0.026494729795559505
2012-09-29,3,c0025_0043,0.025895620729625302,0.025895620729625302,1.4725568700408185e-45
2012-09-29,4,c0042_0075,0.023306332629265514,0.023306332629265514,1.113323481045138e-171
2012-09-29,5,c0055_0009,0.018784163767930115,0.005181315926746978,0.013602847841183137
2012-09-29,6,c0053_0022,0.01812792614397117,0.018127756428545933,1.6971542523704552e-07
2012-09-29,7,c0014_0047,0.018127756428545933,0.018127756428545933,3.502871606525279e-81
2012-09-29,8,c0019_0024,0.015538468328186143,0.015538468328186143,2.854861306149638e-47
2012-09-29,9,c0035_0095,0.015538468328186143,0.015538468328186143,1.0929969985079302e-85
2012-09-29,10,c0021_0029,0.015538468328186143,0.015538468328186143,5.281597674695822e-69
2012-09-29,11,c0023_0028,0.012949206254544873,0.012949180227826353,2.6026718519659423e-08
2012-09-29,12,c0040_0083,0.012949180227826353,0.012949180227826353,7.963440386520533e-108
2012-09-29,13,c0013_0050,0.012949180227826353,0.012949180227826353,3.146354089577414e-220
2012-09-29,14,c0030_0014,0.012949180227826353,0.012949180227826353,2.5571045301086835e-42
2012-09-29,15,c0023_0041,0.012949180227826353,0.012949180227826353,4.491584956326511e-67
2012-09-29,16,c0035_0020,0.012949180227826353,0.012949180227826353,7.276402006870572e-64
2012-09-29,17,c0015_0047,0.012949180227826353,0.012949180227826353,6.288250490882225e-43
2012-09-29,18,c0018_0044,0.010359892127466559,0.010359892127466559,4.37007079984422e-166
2012-09-29,19,c0047_0009,0.010359892127466559,0.010359892127466559,6.510688482406651e-50
2012-09-29,20,c0052_0016,0.010359892127466559,0.010359892127466559,1.1853157388223505e-39
2012-09-30,1,c0023_0031,0.05050409555042492,0.007770604027106769,0.04273349152331815
2012-09-30,2,c0036_0023,0.031302564656073305,2.7397260273972604e-06,0.031299824930045905
2012-09-30,3,c0025_0043,0.025895620729625302,0.025895620729625302,1.9928890108899408e-46
2012-09-30,4,c0042_0075,0.023306332629265514,0.023306332629265514,1.5067194864121537e-172
2012-09-30,5,c0053_0022,0.01812777939703108,0.018127756428545933,2.2968485144077727e-08
2012-09-30,6,c0014_0047,0.018127756428545933,0.018127756428545933,4.740621210105873e-82
2012-09-30,7,c0019_0024,0.015538468328186143,0.015538468328186143,3.863634634690074e-48
2012-09-30,8,c0035_0095,0.015538468328186143,0.015538468328186143,1.479210583698383e-86
2012-09-30,9,c0021_0029,0.015538468328186143,0.015538468328186143,7.147865172467942e-70
2012-09-30,10,c0023_0028,0.012949183750159675,0.012949180227826353,3.5223333225777013e-09
2012-09-30,11,c0030_0014,0.012949180227826353,0.012949180227826353,3.4606646584788406e-43
2012-09-30,12,c0023_0041,0.012949180227826353,0.012949180227826353,6.078699222457571e-68
2012-09-30,13,c0015_0047,0.012949180227826353,0.012949180227826353,8.510221612463148e-44
2012-09-30,14,c0035_0020,0.012949180227826353,0.012949180227826353,9.847539265432859e-65
2012-09-30,15,c0040_0083,0.012949180227826353,0.012949180227826353,1.0777344602476369e-108
2012-09-30,16,c0013_0050,0.012949180227826353,0.012949180227826353,4.25812721875634e-221
2012-09-30,17,c0022_0093,0.011356275788266335,0.007770604027106769,0.0035856717611595667
2012-09-30,18,c0047_0020,0.010359892127466559,0.010359892127466559,1.4002850905913065e-39
2012-09-30,19,c0052_0016,0.010359892127466559,0.010359892127466559,1.6041504123833763e-40
2012-09-30,20,c0004_0053,0.010359892127466559,0.010359892127466559,5.724021990724926e-84
2012-10-01,1,c0025_0043,0.025895620729625302,0.025895620729625302,2.697081987479231e-47
2012-10-01,2,c0042_0075,0.023306332629265514,0.023306332629265514,2.0391230845171245e-173
2012-10-01,3,c0053_0022,0.018127759536992374,0.018127756428545933,3.10844644248969e-09
2012-10-01,4,c0014_0047,0.018127756428545933,0.018127756428545933,6.41573314187172e-83
2012-10-01,5,c0021_0029,0.015538468328186143,0.015538468328186143,9.673583576530685e-71
2012-10-01,6,c0035_0095,0.015538468328186143,0.015538468328186143,2.0018938331141589e-87
2012-10-01,7,c0019_0024,0.015538468328186143,0.015538468328186143,5.228860876085678e-49
2012-10-01,8,c0023_0031,0.013553953206104419,0.007770604027106769,0.00578334917899765
2012-10-01,9,c0023_0028,0.01294918070452233,0.012949180227826353,4.766959778648123e-10
2012-10-01,10,c0040_0083,0.012949180227826353,0.012949180227826353,1.4585549843147184e-109
2012-10-01,11,c0023_0041,0.012949180227826353,0.012949180227826353,8.226624809814728e-69
2012-10-01,12,c0013_0050,0.012949180227826353,0.012949180227826353,5.762748532079191e-222
2012-10-01,13,c0035_0020,0.012949180227826353,0.012949180227826353,1.332719515671021e-65
2012-10-01,14,c0015_0047,0.012949180227826353,0.012949180227826353,1.151733252329043e-44
2012-10-01,15,c0030_0014,0.012949180227826353,0.012949180227826353,4.683500317421694e-44
2012-10-01,16,c0047_0020,0.010359892127466559,0.010359892127466559,1.8950797934718033e-40
2012-10-01,17,c0015_0049,0.010359892127466559,0.010359892127466559,1.448538238458817e-65
2012-10-01,18,c0052_0016,0.010359892127466559,0.010359892127466559,2.1709815041403332e-41
2012-10-01,19,c0007_0044,0.010359892127466559,0.010359892127466559,8.368618549406594e-59
2012-10-01,20,c0004_0053,0.010359892127466559,0.010359892127466559,7.746621373673577e-85
2012-10-02,1,c0046_0014,0.03522464013328136,2.7397260273972604e-06,0.03522190040725396
2012-10-02,2,c0010_0043,0.034022646191799816,2.7397260273972604e-06,0.034019906465772416
2012-10-02,3,c0025_0043,0.025895620729625302,0.025895620729625302,3.65010354687868e-48
2012-10-02,4,c0042_0075,0.023306332629265514,0.023306332629265514,2.7596530019744037e-174
2012-10-02,5,c0053_0022,0.01812775684922841,0.018127756428545933,4.206824797201833e-10
2012-10-02,6,c0014_0047,0.018127756428545933,0.018127756428545933,8.682750619257322e-84
2012-10-02,7,c0019_0024,0.015538468328186143,0.015538468328186143,7.07649367669898e-50
2012-10-02,8,c0021_0029,0.015538468328186143,0.015538468328186143,1.3091771732428247e-71
2012-10-02,9,c0035_0095,0.015538468328186143,0.015538468328186143,2.709268689141329e-88
2012-10-02,10,c0023_0028,0.012949180292340138,0.012949180227826353,6.451378518208842e-11
2012-10-02,11,c0040_0083,0.012949180227826353,0.012949180227826353,1.973939519184056e-110
2012-10-02,12,c0035_0020,0.012949180227826353,0.012949180227826353,1.8036397312829888e-66
2012-10-02,13,c0015_0047,0.012949180227826353,0.012949180227826353,1.5587014591697612e-45
2012-10-02,14,c0023_0041,0.012949180227826353,0.012949180227826353,1.113352598717621e-69
2012-10-02,15,c0030_0014,0.012949180227826353,0.012949180227826353,6.338428419970304e-45
2012-10-02,16,c0013_0050,0.012949180227826353,0.012949180227826353,7.799032048103112e-223
2012-10-02,17,c0052_0016,0.010359892127466559,0.010359892127466559,2.938103967642794e-42
2012-10-02,18,c0015_0049,0.010359892127466559,0.010359892127466559,1.9603833278088796e-66
2012-10-02,19,c0025_0019,0.010359892127466559,0.010359892127466559,3.081610182596556e-54
2012-10-02,20,c0061_0017,0.010359892127466559,0.010359892127466559,5.919844700456545e-68
2012-10-03,1,c0044_0080,0.03905709531228671,0.0025941165691427963,0.036462978743143915
2012-10-03,2,c0025_0043,0.025916508157181387,0.025916508157181387,4.871290653005724e-49
2012-10-03,3,c0042_0075,0.023325131314065987,0.023325131314065987,3.682928909113468e-175
2012-10-03,4,c0053_0022,0.01814237768397789,0.01814237762783519,5.614269855704753e-11
2012-10-03,5,c0014_0047,0.01814237762783519,0.01814237762783519,1.1587671799101885e-84
2012-10-03,6,c0057_0014,0.016008096812616758,0.0025941165691427963,0.01341398024347396
2012-10-03,7,c0019_0024,0.015551000784719791,0.015551000784719791,9.444021809418438e-51
2012-10-03,8,c0035_0095,0.015551000784719791,0.015551000784719791,3.615687903753016e-89
2012-10-03,9,c0021_0029,0.015551000784719791,0.015551000784719791,1.7471785239078306e-72
2012-10-03,10,c0023_0031,0.013064078959766636,0.012959623941604395,0.00010445501816224093
2012-10-03,11,c0023_0028,0.012959623950214163,0.012959623941604395,8.609766674051322e-12
2012-10-03,12,c0015_0047,0.012959623941604395,0.012959623941604395,2.0801842335056385e-46
2012-10-03,13,c0040_0083,0.012959623941604395,0.012959623941604395,2.6343453016894663e-111
2012-10-03,14,c0030_0014,0.012959623941604395,0.012959623941604395,8.45902772904909e-46
2012-10-03,15,c0035_0020,0.012959623941604395,0.012959623941604395,2.4070696218746484e-67
2012-10-03,16,c0023_0041,0.012959623941604395,0.012959623941604395,1.4858384256716658e-70
2012-10-03,17,c0013_0050,0.012959623941604395,0.012959623941604395,1.0408294293706927e-223
2012-10-03,18,c0022_0093,0.01037701168559818,0.010368247098488994,8.764587109185373e-06
2012-10-03,19,c0025_0019,0.010368247098488994,0.010368247098488994,4.112600830605643e-55
2012-10-03,20,c0004_0053,0.010368247098488994,0.010368247098488994,1.39914338774772e-86
2012-10-04,1,c0027_0032,0.04391208452614489,0.0025941165691427963,0.04131796795700209
2012-10-04,2,c0018_0043,0.03873305334563549,0.005185493412258195,0.0335475599333773
2012-10-04,3,c0025_0043,0.025916508157181387,0.025916508157181387,6.592575002523935e-50
2012-10-04,4,c0042_0075,0.023325131314065987,0.023325131314065987,4.9843022705518006e-176
2012-10-04,5,c0053_0022,0.01814237763543328,0.01814237762783519,7.598088010885793e-12
2012-10-04,6,c0014_0047,0.01814237762783519,0.01814237762783519,1.5682208449843625e-85
2012-10-04,7,c0035_0095,0.015551000784719791,0.015551000784719791,4.893301465496088e-90
2012-10-04,8,c0019_0024,0.015551000784719791,0.015551000784719791,1.2781093664703917e-51
2012-10-04,9,c0021_0029,0.015551000784719791,0.015551000784719791,2.364549003979931e-73
2012-10-04,10,c0023_0031,0.012973760391072868,0.012959623941604395,1.41364494684724e-05
2012-10-04,11,c0023_0028,0.0129596239427696,0.012959623941604395,1.1652052114338845e-12
2012-10-04,12,c0030_0014,0.012959623941604395,0.012959623941604395,1.144804913617219e-46
2012-10-04,13,c0035_0020,0.012959623941604395,0.012959623941604395,3.2576144904665173e-68
2012-10-04,14,c0040_0083,0.012959623941604395,0.012959623941604395,3.5651986754718375e-112
2012-10-04,15,c0023_0041,0.012959623941604395,0.012959623941604395,2.010863641821176e-71
2012-10-04,16,c0013_0050,0.012959623941604395,0.012959623941604395,1.4086094562488465e-224
2012-10-04,17,c0015_0047,0.012959623941604395,0.012959623941604395,2.815223224258216e-47
2012-10-04,18,c0022_0093,0.010369433256367867,0.010368247098488994,1.1861578788735667e-06
2012-10-04,19,c0017_0047,0.010368247098488994,0.010368247098488994,3.4812414448776696e-55
2012-10-04,20,c0015_0049,0.010368247098488994,0.010368247098488994,3.540714381467126e-68
2012-10-05,1,c0025_0043,0.025916508157181387,0.025916508157181387,8.922080052251895e-51
2012-10-05,2,c0042_0075,0.023325131314065987,0.023325131314065987,6.745519595220198e-177
2012-10-05,3,c0053_0022,0.01814237762886348,0.01814237762783519,1.02828939300994e-12
2012-10-05,4,c0014_0047,0.01814237762783519,0.01814237762783519,2.1223561223351882e-86
2012-10-05,5,c0035_0095,0.015551000784719791,0.015551000784719791,6.62236339795045e-91
2012-10-05,6,c0019_0024,0.015551000784719791,0.015551000784719791,1.7297329311863807e-52
2012-10-05,7,c0021_0029,0.015551000784719791,0.015551000784719791,3.2000690918047436e-74
2012-10-05,8,c0023_0031,0.012961537101997172,0.012959623941604395,1.913160392775775e-06
2012-10-05,9,c0023_0028,0.012959623941762088,0.012959623941604395,1.5769337731818196e-13
2012-10-05,10,c0013_0050,0.012959623941604395,0.012959623941604395,1.9063455973120866e-225
2012-10-05,11,c0040_0083,0.012959623941604395,0.012959623941604395,4.8249717253977755e-113
2012-10-05,12,c0015_0047,0.012959623941604395,0.012959623941604395,3.8099903242927574e-48
2012-10-05,13,c0035_0020,0.012959623941604395,0.012959623941604395,4.408701797429799e-69
2012-10-05,14,c0030_0014,0.012959623941604395,0.012959623941604395,1.5493249723505228e-47
2012-10-05,15,c0023_0041,0.012959623941604395,0.012959623941604395,2.7214080051607534e-72
2012-10-05,16,c0022_0093,0.010368407627501495,0.010368247098488994,1.605290125006939e-07
2012-10-05,17,c0061_0017,0.010368247098488994,0.010368247098488994,1.4470090405938814e-70
2012-10-05,18,c0004_0053,0.010368247098488994,0.010368247098488994,2.5626205043547426e-88
2012-10-05,19,c0025_0019,0.010368247098488994,0.010368247098488994,7.53249117068812e-57
2012-10-05,20,c0018_0044,0.010368247098488994,0.010368247098488994,2.6477837497126888e-171
2012-10-06,1,c0048_0021,0.0807028277416614,0.007776870255373594,0.07292595748628782
2012-10-06,2,c0057_0028,0.04750278325959675,0.0025941165691427963,0.04490866669045395
2012-10-06,3,c0015_0052,0.04491140641648135,2.7397260273972604e-06,0.04490866669045395
2012-10-06,4,c0006_0044,0.03131235935850731,0.005185493412258195,0.02612686594624912
2012-10-06,5,c0053_0030,0.028400136124303865,2.7397260273972604e-06,0.02839739639827647
2012-10-06,6,c0043_0024,0.026129605672276516,2.7397260273972604e-06,0.02612686594624912
2012-10-06,7,c0025_0043,0.025916508157181387,0.025916508157181387,1.2074722309312424e-51
2012-10-06,8,c0042_0075,0.023325131314065987,0.023325131314065987,9.129068049972463e-178
2012-10-06,9,c0053_0022,0.018142377627974354,0.01814237762783519,1.3916383625220476e-13
2012-10-06,10,c0014_0047,0.01814237762783519,0.01814237762783519,2.8722966694519176e-87
2012-10-06,11,c0034_0040,0.01722663129759518,2.7397260273972604e-06,0.017223891571567784
2012-10-06,12,c0021_0029,0.015551000784719791,0.015551000784719791,4.3308225691612494e-75
2012-10-06,13,c0035_0095,0.015551000784719791,0.015551000784719791,8.962394261574011e-92
2012-10-06,14,c0019_0024,0.015551000784719791,0.015551000784719791,2.3409389616580514e-53
2012-10-06,15,c0023_0031,0.012959882859708028,0.012959623941604395,2.589181036333787e-07
2012-10-06,16,c0023_0028,0.012959623941625737,0.012959623941604395,2.1341477883894192e-14
2012-10-06,17,c0030_0014,0.012959623941604395,0.012959623941604395,2.096783339586151e-48
2012-10-06,18,c0035_0020,0.012959623941604395,0.012959623941604395,5.966529064609254e-70
2012-10-06,19,c0013_0050,0.012959623941604395,0.012959623941604395,2.579958213591008e-226
2012-10-06,20,c0040_0083,0.012959623941604395,0.012959623941604395,6.52988915065356e-114
2012-10-07,1,c0038_0099,0.033550299659404696,2.7397260273972604e-06,0.0335475599333773
2012-10-07,2,c0051_0022,0.032423976646833996,0.005185493412258195,0.027238483234575804
2012-10-07,3,c0011_0048,0.030867984867173653,2.7397260273972604e-06,0.030865245141146257
2012-10-07,4,c0025_0043,0.025916508157181387,0.025916508157181387,1.634135963734243e-52
2012-10-07,5,c0042_0075,0.023325131314065987,0.023325131314065987,1.2354850102293355e-178
2012-10-07,6,c0053_0022,0.018142377627854023,0.01814237762783519,1.883377719548573e-14
2012-10-07,7,c0014_0047,0.01814237762783519,0.01814237762783519,3.8872308329985457e-88
2012-10-07,8,c0048_0021,0.01764632536708153,0.007776870255373594,0.009869455111707936
2012-10-07,9,c0019_0024,0.015551000784719791,0.015551000784719791,3.168116374156145e-54
2012-10-07,10,c0035_0095,0.015551000784719791,0.015551000784719791,1.2129281658683112e-92
2012-10-07,11,c0021_0029,0.015551000784719791,0.015551000784719791,5.861130990449524e-76
2012-10-07,12,c0023_0031,0.012959658982359285,0.012959623941604395,3.5040754890309955e-08
2012-10-07,13,c0023_0028,0.012959623941607283,0.012959623941604395,2.8882549541047267e-15
2012-10-07,14,c0023_0041,0.012959623941604395,0.012959623941604395,4.984432629143481e-74
2012-10-07,15,c0040_0083,0.012959623941604395,0.012959623941604395,8.837243977073837e-115
2012-10-07,16,c0035_0020,0.012959623941604395,0.012959623941604395,8.074819008983754e-71
2012-10-07,17,c0030_0014,0.012959623941604395,0.012959623941604395,2.8376876714870244e-49
2012-10-07,18,c0013_0050,0.012959623941604395,0.012959623941604395,3.4915937557496454e-227
2012-10-07,19,c0015_0047,0.012959623941604395,0.012959623941604395,6.978240694931738e-50
2012-10-07,20,c0043_0004,0.011437157358346875,0.0025941165691427963,0.008843040789204079
2012-10-08,1,c0033_0099,0.05009416010271214,0.005185493412258195,0.04490866669045395
2012-10-08,2,c0035_0019,0.04909483821237569,0.007776870255373594,0.04131796795700209
2012-10-08,3,c0030_0014,0.039086489887853515,0.012959623941604395,0.02612686594624912
2012-10-08,4,c0025_0043,0.025916508157181387,0.025916508157181387,2.2115625349910883e-53
2012-10-08,5,c0042_0075,0.023325131314065987,0.023325131314065987,1.672047137939765e-179
2012-10-08,6,c0053_0022,0.01814237762783774,0.01814237762783519,2.548874571166318e-15
2012-10-08,7,c0014_0047,0.01814237762783519,0.01814237762783519,5.260794857899521e-89
2012-10-08,8,c0019_0024,0.015551000784719791,0.015551000784719791,4.287579268229722e-55
2012-10-08,9,c0035_0095,0.015551000784719791,0.015551000784719791,1.6415197687345306e-93
2012-10-08,10,c0021_0029,0.015551000784719791,0.015551000784719791,7.932178226793749e-77
2012-10-08,11,c0003_0046,0.014582449172857007,2.7397260273972604e-06,0.01457970944682961
2012-10-08,12,c0035_0091,0.014028534201462273,0.005185493412258195,0.008843040789204077
2012-10-08,13,c0023_0031,0.012959628683854883,0.012959623941604395,4.7422504879048195e-09
2012-10-08,14,c0023_0028,0.012959623941604785,0.012959623941604395,3.9088280227331307e-16
2012-10-08,15,c0035_0020,0.012959623941604395,0.012959623941604395,1.0928079176652004e-71
2012-10-08,16,c0013_0050,0.012959623941604395,0.012959623941604395,4.725358298815666e-228
2012-10-08,17,c0040_0083,0.012959623941604395,0.012959623941604395,1.1959909166683376e-115
2012-10-08,18,c0023_0041,0.012959623941604395,0.012959623941604395,6.745696016389472e-75
2012-10-08,19,c0015_0047,0.012959623941604395,0.012959623941604395,9.444021809418438e-51
2012-10-08,20,c0022_0093,0.010368247496400633,0.010368247098488994,3.979116391541961e-10
2012-10-09,1,c0025_0043,0.025916508157181387,0.025916508157181387,2.9930244206850014e-54
2012-10-09,2,c0042_0075,0.023325131314065987,0.023325131314065987,2.262869729980457e-180
2012-10-09,3,c0053_0022,0.018142377627835535,0.01814237762783519,3.449526620233934e-16
2012-10-09,4,c0014_0047,0.01814237762783519,0.01814237762783519,7.119711621435474e-90
2012-10-09,5,c0030_0014,0.01649551074452503,0.012959623941604395,0.0035358868029206356
2012-10-09,6,c0019_0024,0.015551000784719791,0.015551000784719791,5.802607546652982e-56
2012-10-09,7,c0021_0029,0.015551000784719791,0.015551000784719791,1.0735035870064244e-77
2012-10-09,8,c0035_0095,0.015551000784719791,0.015551000784719791,2.2215554284018666e-94
2012-10-09,9,c0035_0019,0.01336864915159576,0.007776870255373594,0.005591778896222166
2012-10-09,10,c0023_0031,0.012959624583398208,0.012959623941604395,6.417938129595634e-10
2012-10-09,11,c0023_0028,0.012959623941604447,0.012959623941604395,5.29002347579797e-17
2012-10-09,12,c0023_0041,0.012959623941604395,0.012959623941604395,9.129306810061592e-76
2012-10-09,13,c0015_0047,0.012959623941604395,0.012959623941604395,1.278109366470392e-51
2012-10-09,14,c0040_0083,0.012959623941604395,0.012959623941604395,1.618597694557255e-116
2012-10-09,15,c0013_0050,0.012959623941604395,0.012959623941604395,6.395077037646966e-229
2012-10-09,16,c0035_0020,0.012959623941604395,0.012959623941604395,1.4789546906043284e-72
2012-10-09,17,c0033_0099,0.011263220538589414,0.005185493412258195,0.00607772712633122
2012-10-09,18,c0022_0093,0.010368247152340478,0.010368247098488994,5.385148438807796e-11
2012-10-09,19,c0047_0009,0.010368247098488994,0.010368247098488994,1.3233206825333353e-58
2012-10-09,20,c0007_0044,0.010368247098488994,0.010368247098488994,9.286881081869477e-66
2012-10-10,1,c0031_0104,0.031109675430653516,0.0051878215423621695,0.025921853888291345
2012-10-10,2,c0042_0075,0.023335607899533872,0.023335607899533872,3.038430665526247e-181
2012-10-10,3,c0025_0043,0.02074306699136649,0.02074306699136649,4.018833723387507e-55
2012-10-10,4,c0014_0047,0.0181505260831991,0.0181505260831991,9.559874275422818e-91
2012-10-10,5,c0030_0014,0.01603276049017619,0.015557985175031716,0.00047477531514447435
2012-10-10,6,c0053_0022,0.015557985175031763,0.015557985175031716,4.631794453566911e-17
2012-10-10,7,c0019_0024,0.015557985175031716,0.015557985175031716,7.791354701588019e-57
2012-10-10,8,c0035_0095,0.015557985175031716,0.015557985175031716,2.9829565747387628e-95
2012-10-10,9,c0021_0029,0.015557985175031716,0.015557985175031716,1.4414290734893137e-78
2012-10-10,10,c0048_0021,0.012989716236831721,0.01296544426686433,2.427196996739099e-05
2012-10-10,11,c0023_0031,0.012965444353040126,0.01296544426686433,8.617579599945404e-11
2012-10-10,12,c0023_0028,0.012965444266864337,0.01296544426686433,7.103090972168853e-18
2012-10-10,13,c0015_0047,0.01296544426686433,0.01296544426686433,1.71616007829735e-52
2012-10-10,14,c0035_0020,0.01296544426686433,0.01296544426686433,1.985841794302001e-73
2012-10-10,15,c0040_0083,0.01296544426686433,0.01296544426686433,2.1733451135675074e-117
2012-10-10,16,c0023_0041,0.01296544426686433,0.01296544426686433,1.2258224766181439e-76
2012-10-10,17,c0035_0019,0.011123730162733545,0.010372903358696943,0.0007508268040366018
2012-10-10,18,c0022_0093,0.010372903365927761,0.010372903358696943,7.230818432939906e-12
2012-10-10,19,c0013_0050,0.010372903358696943,0.010372903358696943,8.586883249243474e-230
2012-10-10,20,c0004_0053,0.010372903358696943,0.010372903358696943,1.1542987333481483e-92
2012-10-11,1,c0028_0014,0.02817730768830887,2.7397260273972604e-06,0.028174567962281474
2012-10-11,2,c0042_0075,0.023335607899533872,0.023335607899533872,4.112068747138042e-182
2012-10-11,3,c0025_0043,0.02074306699136649,0.02074306699136649,5.43890000235499e-56
2012-10-11,4,c0014_0047,0.0181505260831991,0.0181505260831991,1.2937882927707546e-91
2012-10-11,5,c0030_0013,0.015904004177505118,0.0025952806341947837,0.013308723543310334
2012-10-11,6,c0030_0014,0.015622239026780546,0.015557985175031716,6.425385174882949e-05
2012-10-11,7,c0053_0022,0.015557985175031723,0.015557985175031716,6.268452142672497e-18
2012-10-11,8,c0021_0029,0.015557985175031716,0.015557985175031716,1.9507621192616445e-79
2012-10-11,9,c0035_0095,0.015557985175031716,0.015557985175031716,4.036992729247865e-96
2012-10-11,10,c0019_0024,0.015557985175031716,0.015557985175031716,1.0544451953363284e-57
2012-10-11,11,c0048_0021,0.012968729120794577,0.01296544426686433,3.284853930247416e-06
2012-10-11,12,c0023_0031,0.012965444278526956,0.01296544426686433,1.1662625759726667e-11
2012-10-11,13,c0023_0028,0.012965444266864332,0.01296544426686433,9.612988285738985e-19
2012-10-11,14,c0035_0020,0.01296544426686433,0.01296544426686433,2.6875446169496443e-74
2012-10-11,15,c0015_0047,0.01296544426686433,0.01296544426686433,2.322570102757393e-53
2012-10-11,16,c0023_0041,0.01296544426686433,0.01296544426686433,1.6589703207092251e-77
2012-10-11,17,c0040_0083,0.01296544426686433,0.01296544426686433,2.941302765155668e-118
2012-10-11,18,c0035_0019,0.010474516716882877,0.010372903358696943,0.00010161335818593419
2012-10-11,19,c0022_0093,0.010372903359675528,0.010372903358696943,9.78584860654442e-13
2012-10-11,20,c0052_0016,0.010372903358696943,0.010372903358696943,4.377972698937995e-50
2012-10-12,1,c0017_0047,0.053110815240303706,0.010372903358696943,0.04273791188160676
2012-10-12,2,c0016_0031,0.02817730768830887,2.7397260273972604e-06,0.028174567962281474
2012-10-12,3,c0035_0024,0.02817730768830887,2.7397260273972604e-06,0.028174567962281474
2012-10-12,4,c0055_0008,0.02745924959256736,0.0025952806341947837,0.024863968958372576
2012-10-12,5,c0004_0037,0.023851996612787252,2.7397260273972604e-06,0.023849256886759856
2012-10-12,6,c0042_0075,0.023335607899533872,0.023335607899533872,5.5650798858235e-183
2012-10-12,7,c0043_0091,0.021049635057537305,2.7397260273972604e-06,0.02104689533150991
2012-10-12,8,c0025_0043,0.02074306699136649,0.02074306699136649,7.360750723143262e-57
2012-10-12,9,c0014_0047,0.0181505260831991,0.0181505260831991,1.7509520505034368e-92
2012-10-12,10,c0030_0014,0.015566680988257187,0.015557985175031716,8.695813225471163e-06
2012-10-12,11,c0021_0029,0.015557985175031716,0.015557985175031716,2.6400694393752958e-80
2012-10-12,12,c0019_0024,0.015557985175031716,0.015557985175031716,1.4270363916832741e-58
2012-10-12,13,c0035_0095,0.015557985175031716,0.015557985175031716,5.463475544369061e-97
2012-10-12,14,c0053_0022,0.015557985175031716,0.015557985175031716,8.483427461837342e-19
2012-10-12,15,c0048_0021,0.012965888823501371,0.01296544426686433,4.4455663704093454e-07
2012-10-12,16,c0023_0031,0.012965444268442695,0.01296544426686433,1.5783647604752239e-12
2012-10-12,17,c0040_0083,0.01296544426686433,0.01296544426686433,3.980620428069745e-119
2012-10-12,18,c0023_0041,0.01296544426686433,0.01296544426686433,2.2451721823431725e-78
2012-10-12,19,c0015_0047,0.01296544426686433,0.01296544426686433,3.1432568269356045e-54
2012-10-12,20,c0035_0020,0.01296544426686433,0.01296544426686433,3.63719611945914e-75
2012-10-13,1,c0005_0040,0.03617960109379296,2.7397260273972604e-06,0.03617686136776556
2012-10-13,2,c0042_0075,0.023335607899533872,0.023335607899533872,7.531516625822997e-184
2012-10-13,3,c0025_0043,0.02074306699136649,0.02074306699136649,9.961692839506951e-58
2012-10-13,4,c0014_0047,0.0181505260831991,0.0181505260831991,2.3696559168861046e-93
2012-10-13,5,c0017_0047,0.01615685076813559,0.010372903358696943,0.005783947409438647
2012-10-13,6,c0030_0014,0.015559162025377559,0.015557985175031716,1.1768503458418225e-06
2012-10-13,7,c0035_0095,0.015557985175031716,0.015557985175031716,7.394010102534936e-98
2012-10-13,8,c0019_0024,0.015557985175031716,0.015557985175031716,1.9312837425740969e-59
2012-10-13,9,c0053_0022,0.015557985175031716,0.015557985175031716,1.1481070583650149e-19
2012-10-13,10,c0021_0029,0.015557985175031716,0.015557985175031716,3.5729454534218095e-81
2012-10-13,11,c0048_0021,0.01296550443106272,0.01296544426686433,6.01641983886509e-08
2012-10-13,12,c0023_0031,0.01296544426707794,0.01296544426686433,2.1360844190960275e-13
2012-10-13,13,c0023_0041,0.01296544426686433,0.01296544426686433,3.0385101321237713e-79
2012-10-13,14,c0023_0028,0.01296544426686433,0.01296544426686433,1.760680220832271e-20
2012-10-13,15,c0015_0047,0.01296544426686433,0.01296544426686433,4.253935529587466e-55
2012-10-13,16,c0040_0083,0.01296544426686433,0.01296544426686433,5.387183930902654e-120
2012-10-13,17,c0035_0020,0.01296544426686433,0.01296544426686433,4.922409670141112e-76
2012-10-13,18,c0035_0019,0.010374764472271748,0.010372903358696943,1.8611135748051725e-06
2012-10-13,19,c0022_0093,0.010372903358714866,0.010372903358696943,1.792340692972902e-14
2012-10-13,20,c0004_0053,0.010372903358696943,0.010372903358696943,2.861220497809944e-95
2012-10-14,1,c0042_0075,0.023335607899533872,0.023335607899533872,1.0192799357570125e-184
2012-10-14,2,c0025_0043,0.02074306699136649,0.02074306699136649,1.3481685219508097e-58
2012-10-14,3,c0014_0047,0.0181505260831991,0.0181505260831991,3.206980546850961e-94
2012-10-14,4,c0030_0014,0.015558144444406598,0.015557985175031716,1.5926937488160862e-07
2012-10-14,5,c0035_0095,0.015557985175031716,0.015557985175031716,1.0006704514809413e-98
2012-10-14,6,c0021_0029,0.015557985175031716,0.015557985175031716,4.83545584927808e-82
2012-10-14,7,c0053_0022,0.015557985175031716,0.015557985175031716,1.5537939392978353e-20
2012-10-14,8,c0019_0024,0.015557985175031716,0.015557985175031716,2.6137083231153077e-60
2012-10-14,9,c0048_0021,0.01296545240920316,0.01296544426686433,8.142338829631826e-09
2012-10-14,10,c0023_0031,0.01296544426689324,0.01296544426686433,2.890875898756762e-14
2012-10-14,11,c0023_0041,0.01296544426686433,0.01296544426686433,4.112176293482879e-80
2012-10-14,12,c0040_0083,0.01296544426686433,0.01296544426686433,7.290760631364392e-121
2012-10-14,13,c0035_0020,0.01296544426686433,0.01296544426686433,6.661757069151888e-77
2012-10-14,14,c0015_0047,0.01296544426686433,0.01296544426686433,5.7570756976700965e-56
2012-10-14,15,c0023_0028,0.01296544426686433,0.01296544426686433,2.3828215637543716e-21
2012-10-14,16,c0017_0047,0.011155675519578995,0.010372903358696943,0.0007827721608820515
2012-10-14,17,c0035_0019,0.010373155233029724,0.010372903358696943,2.518743327817628e-07
2012-10-14,18,c0022_0093,0.010372903358699368,0.010372903358696943,2.425669353399943e-15
2012-10-14,19,c0015_0028,0.010372903358696943,0.010372903358696943,1.1392008010121626e-45
2012-10-14,20,c0047_0020,0.010372903358696943,0.010372903358696943,9.472781828674023e-52
2012-10-15,1,c0035_0090,0.02592459361431874,2.7397260273972604e-06,0.025921853888291345
2012-10-15,2,c0046_0021,0.02592459361431874,2.7397260273972604e-06,0.025921853888291345
2012-10-15,3,c0042_0075,0.023335607899533872,0.023335607899533872,1.3794453880307167e-185
2012-10-15,4,c0025_0043,0.02074306699136649,0.02074306699136649,1.8245476876889833e-59
2012-10-15,5,c0014_0047,0.0181505260831991,0.0181505260831991,4.340176206423818e-95
2012-10-15,6,c0030_0014,0.015558006729797676,0.015557985175031716,2.1554765960520746e-08
2012-10-15,7,c0019_0024,0.015557985175031716,0.015557985175031716,3.537269562067022e-61
2012-10-15,8,c0035_0095,0.015557985175031716,0.015557985175031716,1.3542601897768228e-99
2012-10-15,9,c0021_0029,0.015557985175031716,0.015557985175031716,6.544077869401845e-83
2012-10-15,10,c0053_0022,0.015557985175031716,0.015557985175031716,2.102831428662047e-21
2012-10-15,11,c0048_0021,0.012965445368810063,0.01296544426686433,1.1019457317166927e-09
2012-10-15,12,c0023_0031,0.012965444266868242,0.01296544426686433,3.912375085601436e-15
2012-10-15,13,c0023_0041,0.01296544426686433,0.01296544426686433,5.565225433973897e-81
2012-10-15,14,c0023_0028,0.01296544426686433,0.01296544426686433,3.224798312330062e-22
2012-10-15,15,c0015_0047,0.01296544426686433,0.01296544426686433,7.791354701588019e-57
2012-10-15,16,c0035_0020,0.01296544426686433,0.01296544426686433,9.015707798071775e-78
2012-10-15,17,c0040_0083,0.01296544426686433,0.01296544426686433,9.866971550560451e-122
2012-10-15,18,c0017_0047,0.01047884005079965,0.010372903358696943,0.00010593669210270781
2012-10-15,19,c0035_0019,0.01037293744618111,0.010372903358696943,3.4087484167052706e-08
2012-10-15,20,c0022_0093,0.01037290335869727,0.010372903358696943,3.282786489807524e-16
2012-10-16,1,c0042_0075,0.023335607899533872,0.023335607899533872,1.866876322985762e-186
2012-10-16,2,c0025_0043,0.02074306699136649,0.02074306699136649,2.4692567809209532e-60
2012-10-16,3,c0014_0047,0.0181505260831991,0.0181505260831991,5.873789761931747e-96
2012-10-16,4,c0030_0014,0.015557988092152072,0.015557985175031716,2.9171203563659734e-09
2012-10-16,5,c0019_0024,0.015557985175031716,0.015557985175031716,4.787173780665893e-62
2012-10-16,6,c0021_0029,0.015557985175031716,0.015557985175031716,8.856446319779477e-84
2012-10-16,7,c0053_0022,0.015557985175031716,0.015557985175031716,2.84587286996829e-22
2012-10-16,8,c0035_0095,0.015557985175031716,0.015557985175031716,1.8327918635951514e-100
2012-10-16,9,c0048_0021,0.012965444415996468,0.01296544426686433,1.49132137713255e-10
2012-10-16,10,c0023_0031,0.01296544426686486,0.01296544426686433,5.294823903377372e-16
2012-10-16,11,c0015_0047,0.01296544426686433,0.01296544426686433,1.0544451953363287e-57
2012-10-16,12,c0035_0020,0.01296544426686433,0.01296544426686433,1.2201433684305815e-78
2012-10-16,13,c0023_0041,0.01296544426686433,0.01296544426686433,7.531713603824581e-82
2012-10-16,14,c0040_0083,0.01296544426686433,0.01296544426686433,1.3353493894826982e-122
2012-10-16,15,c0023_0028,0.01296544426686433,0.01296544426686433,4.3642899298013966e-23
2012-10-16,16,c0017_0047,0.010387240330927812,0.010372903358696943,1.4336972230869794e-05
2012-10-16,17,c0035_0019,0.010372907971936268,0.010372903358696943,4.613239324571629e-09
2012-10-16,18,c0022_0093,0.010372903358696988,0.010372903358696943,4.4427683940342694e-17
2012-10-16,19,c0039_0088,0.010372903358696943,0.010372903358696943,8.815300047843873e-137
2012-10-16,20,c0015_0049,0.010372903358696943,0.010372903358696943,1.3261787681436842e-78
2012-10-17,1,c0044_0006,0.04286896221992331,0.005200189070120955,0.03766877314980236
2012-10-17,2,c0048_0009,0.04245585808458241,0.007798913742167733,0.034656944342414675
2012-10-17,3,c0045_0026,0.028819413057796527,0.007798913742167733,0.021020499315628792
2012-10-17,4,c0042_0075,0.023391261774448408,0.023391261774448408,2.4203934398287454e-187
2012-10-17,5,c0014_0047,0.018193812430354853,0.018193812430354853,7.615331573746286e-97
2012-10-17,6,c0030_0014,0.015595088136510895,0.015595087758308071,3.7820282397962305e-10
2012-10-17,7,c0021_0029,0.015595087758308071,0.015595087758308071,1.1482327087584563e-84
2012-10-17,8,c0025_0043,0.015595087758308071,0.015595087758308071,3.201375924161474e-61
2012-10-17,9,c0035_0095,0.015595087758308071,0.015595087758308071,2.3762031520772767e-101
2012-10-17,10,c0019_0024,0.015595087758308071,0.015595087758308071,6.206540771545407e-63
2012-10-17,11,c0053_0022,0.015595087758308071,0.015595087758308071,3.689656320693713e-23
2012-10-17,12,c0017_0047,0.012998221865715903,0.012996363086261294,1.858779454608186e-06
2012-10-17,13,c0048_0021,0.012996363105596181,0.012996363086261294,1.9334888087899993e-11
2012-10-17,14,c0023_0031,0.012996363086261363,0.012996363086261294,6.864705970605807e-17
2012-10-17,15,c0015_0047,0.012996363086261294,0.012996363086261294,1.3670815800851817e-58
2012-10-17,16,c0023_0028,0.012996363086261294,0.012996363086261294,5.658274512104632e-24
2012-10-17,17,c0040_0083,0.012996363086261294,0.012996363086261294,1.7312721053819335e-123
2012-10-17,18,c0035_0020,0.012996363086261294,0.012996363086261294,1.5819082218990945e-79
2012-10-17,19,c0023_0041,0.012996363086261294,0.012996363086261294,9.764819432821616e-83
2012-10-17,20,c0035_0019,0.010397639012318096,0.010397638414214512,5.981035840497035e-10
2012-10-18,1,c0042_0075,0.023391261774448408,0.023391261774448408,3.275646317232625e-188
2012-10-18,2,c0014_0047,0.018193812430354853,0.018193812430354853,1.0306230554736733e-97
2012-10-18,3,c0015_0031,0.01779620824478283,2.7397260273972604e-06,0.017793468518755434
2012-10-18,4,c0030_0014,0.015595087809492258,0.015595087758308071,5.118418630416907e-11
2012-10-18,5,c0019_0024,0.015595087758308071,0.015595087758308071,8.399639532366822e-64
2012-10-18,6,c0053_0022,0.015595087758308071,0.015595087758308071,4.993406832068419e-24
2012-10-18,7,c0021_0029,0.015595087758308071,0.015595087758308071,1.553963988613687e-85
2012-10-18,8,c0025_0043,0.015595087758308071,0.015595087758308071,4.332591174432659e-62
2012-10-18,9,c0035_0095,0.015595087758308071,0.015595087758308071,3.215841266141101e-102
2012-10-18,10,c0017_0047,0.012996614644705258,0.012996363086261294,2.5155844396379535e-07
2012-10-18,11,c0048_0021,0.012996363088877987,0.012996363086261294,2.616692555724154e-12
2012-10-18,12,c0023_0031,0.012996363086261302,0.012996363086261294,9.290369268680033e-18
2012-10-18,13,c0023_0041,0.012996363086261294,0.012996363086261294,1.3215246036952933e-83
2012-10-18,14,c0015_0047,0.012996363086261294,0.012996363086261294,1.850143728483841e-59
2012-10-18,15,c0023_0028,0.012996363086261294,0.012996363086261294,7.657641837261869e-25
2012-10-18,16,c0040_0083,0.012996363086261294,0.012996363086261294,2.3430220074151072e-124
2012-10-18,17,c0035_0020,0.012996363086261294,0.012996363086261294,2.1408799726504035e-80
2012-10-18,18,c0048_0009,0.012489221120863946,0.007798913742167733,0.004690307378696214
2012-10-18,19,c0045_0026,0.010643728970823378,0.007798913742167733,0.002844815228655646
2012-10-18,20,c0035_0019,0.01039763849515903,0.010397638414214512,8.094451795219981e-11
2012-10-19,1,c0044_0006,0.040547061058929065,0.005200189070120955,0.03534687198880811
2012-10-19,2,c0047_0005,0.029339209752432583,2.7397260273972604e-06,0.029336470026405187
2012-10-19,3,c0003_0058,0.026993595118762048,2.7397260273972604e-06,0.02699085539273465
2012-10-19,4,c0042_0075,0.023391261774448408,0.023391261774448408,4.433105221256447e-189
2012-10-19,5,c0014_0047,0.018193812430354853,0.018193812430354853,1.394796631227128e-98
2012-10-19,6,c0030_0014,0.015595087765235098,0.015595087758308071,6.9270263507102724e-12
2012-10-19,7,c0053_0022,0.015595087758308071,0.015595087758308071,6.757841279336165e-25
2012-10-19,8,c0025_0043,0.015595087758308071,0.015595087758308071,5.863524537402924e-63
2012-10-19,9,c0035_0095,0.015595087758308071,0.015595087758308071,4.352167885971932e-103
2012-10-19,10,c0019_0024,0.015595087758308071,0.015595087758308071,1.1367675951983131e-64
2012-10-19,11,c0021_0029,0.015595087758308071,0.015595087758308071,2.103061565385297e-86
2012-10-19,12,c0017_0047,0.012996397130994559,0.012996363086261294,3.404473326440181e-08
2012-10-19,13,c0048_0021,0.012996363086615425,0.012996363086261294,3.541308281720644e-13
2012-10-19,14,c0023_0031,0.012996363086261295,0.012996363086261294,1.2573147563495345e-18
2012-10-19,15,c0040_0083,0.012996363086261294,0.012996363086261294,3.1709354700314035e-125
2012-10-19,16,c0023_0041,0.012996363086261294,0.012996363086261294,1.7884890654525488e-84
2012-10-19,17,c0015_0047,0.012996363086261294,0.012996363086261294,2.503897255228033e-60
2012-10-19,18,c0035_0020,0.012996363086261294,0.012996363086261294,2.89736597474234e-81
2012-10-19,19,c0023_0028,0.012996363086261294,0.012996363086261294,1.03634912697037e-25
2012-10-19,20,c0035_0019,0.010397638425169161,0.010397638414214512,1.0954649263512043e-11
2012-10-20,1,c0043_0094,0.029339209752432583,2.7397260273972604e-06,0.029336470026405187
2012-10-20,2,c0042_0075,0.023391261774448408,0.023391261774448408,5.999555507364479e-190
2012-10-20,3,c0014_0047,0.018193812430354853,0.018193812430354853,1.887651971445966e-99
2012-10-20,4,c0030_0014,0.015595087759245542,0.015595087758308071,9.374710731608542e-13
2012-10-20,5,c0025_0043,0.015595087758308071,0.015595087758308071,7.935417540342531e-64
2012-10-20,6,c0019_0024,0.015595087758308071,0.015595087758308071,1.5384476447036677e-65
2012-10-20,7,c0035_0095,0.015595087758308071,0.015595087758308071,5.890018735413013e-104
2012-10-20,8,c0053_0022,0.015595087758308071,0.015595087758308071,9.14574363607033e-26
2012-10-20,9,c0021_0029,0.015595087758308071,0.015595087758308071,2.846184326154533e-87
2012-10-20,10,c0017_0047,0.012996367693714912,0.012996363086261294,4.607453619052748e-09
2012-10-20,11,c0048_0021,0.01299636308630922,0.012996363086261294,4.792639593348255e-14
2012-10-20,12,c0023_0041,0.012996363086261294,0.012996363086261294,2.4204567423860545e-85
2012-10-20,13,c0035_0020,0.012996363086261294,0.012996363086261294,3.9211584483187907e-82
2012-10-20,14,c0040_0083,0.012996363086261294,0.012996363086261294,4.2913944996172166e-126
2012-10-20,15,c0015_0047,0.012996363086261294,0.012996363086261294,3.388656442316629e-61
2012-10-20,16,c0023_0031,0.012996363086261294,0.012996363086261294,1.701590486681369e-19
2012-10-20,17,c0023_0028,0.012996363086261294,0.012996363086261294,1.4025460263055133e-26
2012-10-20,18,c0035_0019,0.010397638415697063,0.010397638414214512,1.4825505608351531e-12
2012-10-20,19,c0039_0088,0.010397638414214512,0.010397638414214512,2.832961203692731e-140
2012-10-20,20,c0013_0050,0.010397638414214512,0.010397638414214512,1.695529316288407e-238
2012-10-21,1,c0036_0077,0.03767151287582976,2.7397260273972604e-06,0.03766877314980236
2012-10-21,2,c0042_0075,0.023391261774448408,0.023391261774448408,8.119515438829512e-191
2012-10-21,3,c0014_0047,0.018193812430354853,0.018193812430354853,2.5546591420779015e-100
2012-10-21,4,c0030_0014,0.015595087758434944,0.015595087758308071,1.2687291321235547e-13
2012-10-21,5,c0021_0029,0.015595087758308071,0.015595087758308071,3.851891619237314e-88
2012-10-21,6,c0025_0043,0.015595087758308071,0.015595087758308071,1.073941980423041e-64
2012-10-21,7,c0019_0024,0.015595087758308071,0.015595087758308071,2.082062477406706e-66
2012-10-21,8,c0035_0095,0.015595087758308071,0.015595087758308071,7.971273538260754e-105
2012-10-21,9,c0053_0022,0.015595087758308071,0.015595087758308071,1.2377418053970264e-26
2012-10-21,10,c0017_0047,0.012996363709812334,0.012996363086261294,6.235510405340599e-10
2012-10-21,11,c0048_0021,0.01299636308626778,0.012996363086261294,6.486132368167904e-15
2012-10-21,12,c0035_0020,0.012996363086261294,0.012996363086261294,5.306710892188603e-83
2012-10-21,13,c0023_0028,0.012996363086261294,0.012996363086261294,1.898139637224423e-27
2012-10-21,14,c0023_0041,0.012996363086261294,0.012996363086261294,3.2757319879278555e-86
2012-10-21,15,c0023_0031,0.012996363086261294,0.012996363086261294,2.302852304677487e-20
2012-10-21,16,c0040_0083,0.012996363086261294,0.012996363086261294,5.807770900857378e-127
2012-10-21,17,c0015_0047,0.012996363086261294,0.012996363086261294,4.586047794124933e-62
2012-10-21,18,c0035_0019,0.010397638414415154,0.010397638414214512,2.0064140006322448e-13
2012-10-21,19,c0007_0044,0.010397638414214512,0.010397638414214512,3.332271996208292e-76
2012-10-21,20,c0047_0020,0.010397638414214512,0.010397638414214512,7.545954316216235e-58
2012-10-22,1,c0058_0016,0.034659684068442075,2.7397260273972604e-06,0.034656944342414675
2012-10-22,2,c0042_0075,0.023391261774448408,0.023391261774448408,1.0988569216580419e-191
2012-10-22,3,c0060_0018,0.01934253271409118,2.7397260273972604e-06,0.019339792988063785
2012-10-22,4,c0014_0047,0.018193812430354853,0.018193812430354853,3.457355185661147e-101
2012-10-22,5,c0030_0014,0.015595087758325242,0.015595087758308071,1.717038164464831e-14
2012-10-22,6,c0019_0024,0.015595087758308071,0.015595087758308071,2.817765150961601e-67
2012-10-22,7,c0053_0022,0.015595087758308071,0.015595087758308071,1.675101378072029e-27
2012-10-22,8,c0035_0095,0.015595087758308071,0.015595087758308071,1.078794562057035e-105
2012-10-22,9,c0025_0043,0.015595087758308071,0.015595087758308071,1.4534224210024101e-65
2012-10-22,10,c0021_0029,0.015595087758308071,0.015595087758308071,5.212968432862166e-89
2012-10-22,11,c0017_0047,0.01299636317064975,0.012996363086261294,8.438845668316156e-11
2012-10-22,12,c0048_0021,0.012996363086262171,0.012996363086261294,8.778025611561649e-16
2012-10-22,13,c0015_0047,0.012996363086261294,0.012996363086261294,6.206540771545406e-63
2012-10-22,14,c0035_0020,0.012996363086261294,0.012996363086261294,7.181852216491622e-84
2012-10-22,15,c0023_0041,0.012996363086261294,0.012996363086261294,4.433221163934487e-87
2012-10-22,16,c0023_0028,0.012996363086261294,0.012996363086261294,2.568852654264086e-28
2012-10-22,17,c0023_0031,0.012996363086261294,0.012996363086261294,3.116571689056141e-21
2012-10-22,18,c0040_0083,0.012996363086261294,0.012996363086261294,7.859963198408905e-128
2012-10-22,19,c0035_0019,0.010397638414241666,0.010397638414214512,2.7153860706547002e-14
2012-10-22,20,c0015_0028,0.010397638414214512,0.010397638414214512,1.2281402207931057e-52
2012-10-23,1,c0004_0032,0.03767151287582976,2.7397260273972604e-06,0.03766877314980236
2012-10-23,2,c0015_0027,0.029956797075252544,2.7397260273972604e-06,0.029954057349225148
2012-10-23,3,c0042_0075,0.023391261774448408,0.023391261774448408,1.487141127291034e-192
2012-10-23,4,c0014_0047,0.018193812430354853,0.018193812430354853,4.679021433010229e-102
2012-10-23,5,c0030_0014,0.015595087758310396,0.015595087758308071,2.3237584631592148e-15
2012-10-23,6,c0025_0043,0.015595087758308071,0.015595087758308071,1.966993350088045e-66
2012-10-23,7,c0035_0095,0.015595087758308071,0.015595087758308071,1.4599896761010637e-106
2012-10-23,8,c0021_0029,0.015595087758308071,0.015595087758308071,7.054985593649222e-90
2012-10-23,9,c0053_0022,0.015595087758308071,0.015595087758308071,2.2670031945141825e-28
2012-10-23,10,c0019_0024,0.015595087758308071,0.015595087758308071,3.813430447996449e-68
2012-10-23,11,c0017_0047,0.01299636309768203,0.012996363086261294,1.1420735687116288e-11
2012-10-23,12,c0048_0021,0.012996363086261412,0.012996363086261294,1.1879765823989358e-16
2012-10-23,13,c0035_0020,0.012996363086261294,0.012996363086261294,9.719580038823882e-85
2012-10-23,14,c0023_0041,0.012996363086261294,0.012996363086261294,5.999712418716195e-88
2012-10-23,15,c0023_0031,0.012996363086261294,0.012996363086261294,4.2178211226562116e-22
2012-10-23,16,c0023_0028,0.012996363086261294,0.012996363086261294,3.4765640155795436e-29
2012-10-23,17,c0040_0083,0.012996363086261294,0.012996363086261294,1.0637303456860215e-128
2012-10-23,18,c0015_0047,0.012996363086261294,0.012996363086261294,8.399639532366821e-64
2012-10-23,19,c0035_0019,0.010397638414218187,0.010397638414214512,3.674875429688066e-15
2012-10-23,20,c0022_0093,0.010397638414214512,0.010397638414214512,3.5390794325519255e-23
2012-10-24,1,c0042_0075,0.02339269952633151,0.02339269952633151,2.010346412499279e-193
2012-10-24,2,c0014_0047,0.018194930681819488,0.018194930681819488,6.325192531655743e-103
2012-10-24,3,c0030_0014,0.015596046259563791,0.015596046259563477,3.141302062190042e-16
2012-10-24,4,c0021_0029,0.015596046259563477,0.015596046259563477,9.537067275022107e-91
2012-10-24,5,c0019_0024,0.015596046259563477,0.015596046259563477,5.155069737335614e-69
2012-10-24,6,c0035_0095,0.015596046259563477,0.015596046259563477,1.9736425506450007e-107
2012-10-24,7,c0025_0043,0.015596046259563477,0.015596046259563477,2.6590200164544125e-67
2012-10-24,8,c0053_0022,0.015596046259563477,0.015596046259563477,3.0645791818815693e-29
2012-10-24,9,c0017_0047,0.012997161838851341,0.012997161837307463,1.5438773493219086e-12
2012-10-24,10,c0048_0021,0.012997161837307479,0.012997161837307463,1.6059299394868225e-17
2012-10-24,11,c0023_0028,0.012997161837307463,0.012997161837307463,4.6996871166327466e-30
2012-10-24,12,c0023_0041,0.012997161837307463,0.012997161837307463,8.110528392799288e-89
2012-10-24,13,c0035_0020,0.012997161837307463,0.012997161837307463,1.313911807256828e-85
2012-10-24,14,c0023_0031,0.012997161837307463,0.012997161837307463,5.701732947122106e-23
2012-10-24,15,c0015_0047,0.012997161837307463,0.012997161837307463,1.1354796723926614e-64
2012-10-24,16,c0040_0083,0.012997161837307463,0.012997161837307463,1.4379714507740952e-129
2012-10-24,17,c0035_0019,0.010398277415051945,0.010398277415051449,4.967768358281279e-16
2012-10-24,18,c0022_0093,0.010398277415051449,0.010398277415051449,4.784196677917834e-24
2012-10-24,19,c0015_0049,0.010398277415051449,0.010398277415051449,1.4280960640212166e-85
2012-10-24,20,c0047_0009,0.010398277415051449,0.010398277415051449,1.1756456642070712e-71
2012-10-25,1,c0019_0024,0.04880095907022813,0.015596046259563477,0.03320491281066465
2012-10-25,2,c0040_0012,0.04542548857841893,0.007799392992795436,0.03762609558562349
2012-10-25,3,c0048_0027,0.03315161871798908,0.00260162414828341,0.03054999456970567
2012-10-25,4,c0042_0075,0.02339269952633151,0.02339269952633151,2.7207080113929817e-194
2012-10-25,5,c0014_0047,0.018194930681819488,0.018194930681819488,8.560217227977373e-104
2012-10-25,6,c0058_0013,0.015687629924467015,2.7397260273972604e-06,0.01568489019843962
2012-10-25,7,c0030_0014,0.01559604625956352,0.015596046259563477,4.251290043182449e-17
2012-10-25,8,c0021_0029,0.015596046259563477,0.015596046259563477,1.2907017009117468e-91
2012-10-25,9,c0025_0043,0.015596046259563477,0.015596046259563477,3.5985922705868052e-68
2012-10-25,10,c0035_0095,0.015596046259563477,0.015596046259563477,2.6710347359937193e-108
2012-10-25,11,c0053_0022,0.015596046259563477,0.015596046259563477,4.14745691580969e-30
2012-10-25,12,c0017_0047,0.012997161837516404,0.012997161837307463,2.0894107835307136e-13
2012-10-25,13,c0048_0021,0.012997161837307465,0.012997161837307463,2.173389832186054e-18
2012-10-25,14,c0023_0028,0.012997161837307463,0.012997161837307463,6.360334870529525e-31
2012-10-25,15,c0023_0031,0.012997161837307463,0.012997161837307463,7.716456433382966e-24
2012-10-25,16,c0023_0041,0.012997161837307463,0.012997161837307463,1.0976406572380812e-89
2012-10-25,17,c0015_0047,0.012997161837307463,0.012997161837307463,1.5367046307267704e-65
2012-10-25,18,c0040_0083,0.012997161837307463,0.012997161837307463,1.9460827357667506e-130
2012-10-25,19,c0035_0020,0.012997161837307463,0.012997161837307463,1.7781862658303253e-86
2012-10-25,20,c0035_0019,0.010398277415051517,0.010398277415051449,6.723143378218794e-17
2012-10-26,1,c0035_0043,0.027722410173849455,2.7397260273972604e-06,0.02771967044782206
2012-10-26,2,c0042_0075,0.02339269952633151,0.02339269952633151,3.6820778932599046e-195
2012-10-26,3,c0019_0024,0.020089842539641807,0.015596046259563477,0.004493796280078331
2012-10-26,4,c0014_0047,0.018194930681819488,0.018194930681819488,1.1584994231152498e-104
2012-10-26,5,c0030_0014,0.015596046259563482,0.015596046259563477,5.753495421150882e-18
2012-10-26,6,c0035_0095,0.015596046259563477,0.015596046259563477,3.614852425305411e-109
2012-10-26,7,c0025_0043,0.015596046259563477,0.015596046259563477,4.870165041929506e-69
2012-10-26,8,c0053_0022,0.015596046259563477,0.015596046259563477,5.612972564127527e-31
2012-10-26,9,c0021_0029,0.015596046259563477,0.015596046259563477,1.7467748026686905e-92
2012-10-26,10,c0017_0047,0.01299716183733574,0.012997161837307463,2.8277100018676202e-14
2012-10-26,11,c0040_0083,0.012997161837307463,0.012997161837307463,2.6337365824687524e-131
2012-10-26,12,c0048_0021,0.012997161837307463,0.012997161837307463,2.941363285224737e-19
2012-10-26,13,c0023_0031,0.012997161837307463,0.012997161837307463,1.044308816994866e-24
2012-10-26,14,c0023_0041,0.012997161837307463,0.012997161837307463,1.4854950923933744e-90
2012-10-26,15,c0035_0020,0.012997161837307463,0.012997161837307463,2.406513419336018e-87
2012-10-26,16,c0015_0047,0.012997161837307463,0.012997161837307463,2.0797035645042184e-66
2012-10-26,17,c0023_0028,0.012997161837307463,0.012997161837307463,8.607777211828177e-32
2012-10-26,18,c0040_0012,0.012891531295963654,0.007799392992795436,0.005092138303168218
2012-10-26,19,c0046_0010,0.011258079919843945,0.005200508570539423,0.006057571349304521
2012-10-26,20,c0035_0019,0.010398277415051458,0.010398277415051449,9.098785133315976e-18
2012-10-27,1,c0042_0075,0.02339269952633151,0.02339269952633151,4.983150545835993e-196
2012-10-27,2,c0014_0047,0.018194930681819488,0.018194930681819488,1.5678584755675472e-105
2012-10-27,3,c0019_0024,0.016204215451935514,0.015596046259563477,0.0006081691923720374
2012-10-27,4,c0053_0022,0.015596046259563477,0.015596046259563477,7.596332317655352e-32
2012-10-27,5,c0030_0014,0.015596046259563477,0.015596046259563477,7.786509324220089e-19
2012-10-27,6,c0035_0095,0.015596046259563477,0.015596046259563477,4.8921707683726414e-110
2012-10-27,7,c0021_0029,0.015596046259563477,0.015596046259563477,2.364002626697455e-93
2012-10-27,8,c0025_0043,0.015596046259563477,0.015596046259563477,6.591051653585794e-70
2012-10-27,9,c0017_0047,0.01299716183731129,0.012997161837307463,3.8268893401375705e-15
2012-10-27,10,c0023_0041,0.012997161837307463,0.012997161837307463,2.010398990756555e-91
2012-10-27,11,c0023_0028,0.012997161837307463,0.012997161837307463,1.1649359670004269e-32
2012-10-27,12,c0015_0047,0.012997161837307463,0.012997161837307463,2.8145727095037143e-67
2012-10-27,13,c0048_0021,0.012997161837307463,0.012997161837307463,3.980702333076634e-20
2012-10-27,14,c0035_0020,0.012997161837307463,0.012997161837307463,3.2568617521854936e-88
2012-10-27,15,c0023_0031,0.012997161837307463,0.012997161837307463,1.4133182953449213e-25
2012-10-27,16,c0040_0083,0.012997161837307463,0.012997161837307463,3.56437486359037e-132
2012-10-27,17,c0035_0019,0.01039827741505145,0.010398277415051449,1.2313866631263987e-18
2012-10-27,18,c0047_0009,0.010398277415051449,0.010398277415051449,2.9141342491416457e-74
2012-10-27,19,c0015_0028,0.010398277415051449,0.010398277415051449,5.569430824873865e-57
2012-10-27,20,c0047_0020,0.010398277415051449,0.010398277415051449,4.631141679943357e-63
2012-10-28,1,c0005_0044,0.04282660415616291,0.005200508570539423,0.03762609558562349
2012-10-28,2,c0033_0052,0.03609329392393814,2.7397260273972604e-06,0.03609055419791074
2012-10-28,3,c0054_0014,0.027117274588811174,0.007799392992795436,0.01931788159601574
2012-10-28,4,c0040_0008,0.024925067546849995,0.005200508570539423,0.01972455897631057
2012-10-28,5,c0042_0075,0.02339269952633151,0.02339269952633151,6.743960905313953e-197
2012-10-28,6,c0014_0047,0.018194930681819488,0.018194930681819488,2.1218657086585785e-106
2012-10-28,7,c0019_0024,0.015678353009468928,0.015596046259563477,8.230674990545171e-05
2012-10-28,8,c0030_0014,0.015596046259563477,0.015596046259563477,1.0537894448178517e-19
2012-10-28,9,c0053_0022,0.015596046259563477,0.015596046259563477,1.0280517857693218e-32
2012-10-28,10,c0021_0029,0.015596046259563477,0.015596046259563477,3.1993296505619644e-94
2012-10-28,11,c0025_0043,0.015596046259563477,0.015596046259563477,8.920018423651778e-71
2012-10-28,12,c0035_0095,0.015596046259563477,0.015596046259563477,6.620833165795885e-111
2012-10-28,13,c0017_0047,0.012997161837307982,0.012997161837307463,5.17913152762692e-16
2012-10-28,14,c0023_0028,0.012997161837307463,0.012997161837307463,1.5765693904652004e-33
2012-10-28,15,c0023_0031,0.012997161837307463,0.012997161837307463,1.912718318039916e-26
2012-10-28,16,c0015_0047,0.012997161837307463,0.012997161837307463,3.809109948307256e-68
2012-10-28,17,c0023_0041,0.012997161837307463,0.012997161837307463,2.720779168326387e-92
2012-10-28,18,c0035_0020,0.012997161837307463,0.012997161837307463,4.4076830769451445e-89
2012-10-28,19,c0040_0083,0.012997161837307463,0.012997161837307463,4.823856817254654e-133
2012-10-28,20,c0048_0021,0.012997161837307463,0.012997161837307463,5.387294777275713e-21
2012-10-29,1,c0042_0075,0.02339269952633151,0.02339269952633151,9.126958592573068e-198
2012-10-29,2,c0014_0047,0.018194930681819488,0.018194930681819488,2.8716329667136464e-107
2012-10-29,3,c0019_0024,0.015607185266874216,0.015596046259563477,1.1139007310739351e-05
2012-10-29,4,c0030_0014,0.015596046259563477,0.015596046259563477,1.426148929861768e-20
2012-10-29,5,c0025_0043,0.015596046259563477,0.015596046259563477,1.2071932198407171e-71
2012-10-29,6,c0053_0022,0.015596046259563477,0.015596046259563477,1.3913167960899667e-33
2012-10-29,7,c0021_0029,0.015596046259563477,0.015596046259563477,4.329821844260966e-95
2012-10-29,8,c0035_0095,0.015596046259563477,0.015596046259563477,8.960323317553454e-112
2012-10-29,9,c0017_0047,0.012997161837307532,0.012997161837307463,7.009192322110598e-17
2012-10-29,10,c0023_0028,0.012997161837307463,0.012997161837307463,2.1336546500078176e-34
2012-10-29,11,c0023_0031,0.012997161837307463,0.012997161837307463,2.5885827532378947e-27
2012-10-29,12,c0048_0021,0.012997161837307463,0.012997161837307463,7.29091064561733e-22
2012-10-29,13,c0023_0041,0.012997161837307463,0.012997161837307463,3.682174193697271e-93
2012-10-29,14,c0040_0083,0.012997161837307463,0.012997161837307463,6.528380286560237e-134
2012-10-29,15,c0015_0047,0.012997161837307463,0.012997161837307463,5.155069737335616e-69
2012-10-29,16,c0035_0020,0.012997161837307463,0.012997161837307463,5.965150376355957e-90
2012-10-29,17,c0054_0014,0.010413783970123575,0.007799392992795436,0.002614390977328138
2012-10-29,18,c0047_0020,0.010398277415051449,0.010398277415051449,8.48223186524083e-65
2012-10-29,19,c0047_0009,0.010398277415051449,0.010398277415051449,5.3374230580570905e-76
2012-10-29,20,c0052_0016,0.010398277415051449,0.010398277415051449,9.717146769599102e-66
2012-10-30,1,c0029_0092,0.03320765253669205,2.7397260273972604e-06,0.03320491281066465
2012-10-30,2,c0042_0075,0.02339269952633151,0.02339269952633151,1.2351995262147124e-198
2012-10-30,3,c0014_0047,0.018194930681819488,0.018194930681819488,3.886332609017858e-108
2012-10-30,4,c0019_0024,0.01559755376027285,0.015596046259563477,1.5075007093736096e-06
2012-10-30,5,c0025_0043,0.015596046259563477,0.015596046259563477,1.633758363284619e-72
2012-10-30,6,c0021_0029,0.015596046259563477,0.015596046259563477,5.8597766565713055e-96
2012-10-30,7,c0053_0022,0.015596046259563477,0.015596046259563477,1.8829425267069215e-34
2012-10-30,8,c0035_0095,0.015596046259563477,0.015596046259563477,1.2126478940727216e-112
2012-10-30,9,c0030_0014,0.015596046259563477,0.015596046259563477,1.9300826936043447e-21
2012-10-30,10,c0017_0047,0.012997161837307472,0.012997161837307463,9.485910281727287e-18
2012-10-30,11,c0035_0020,0.012997161837307463,0.012997161837307463,8.072953157331203e-91
2012-10-30,12,c0023_0028,0.012997161837307463,0.012997161837307463,2.8875875638792373e-35
2012-10-30,13,c0048_0021,0.012997161837307463,0.012997161837307463,9.867174572774562e-23
2012-10-30,14,c0040_0083,0.012997161837307463,0.012997161837307463,8.835201951579485e-135
2012-10-30,15,c0023_0041,0.012997161837307463,0.012997161837307463,4.983280874305662e-94
2012-10-30,16,c0015_0047,0.012997161837307463,0.012997161837307463,6.976628230068063e-70
2012-10-30,17,c0023_0031,0.012997161837307463,0.012997161837307463,3.5032658009086117e-28
2012-10-30,18,c0035_0019,0.010398277415051449,0.010398277415051449,3.0523023715424846e-21
2012-10-30,19,c0052_0016,0.010398277415051449,0.010398277415051449,1.3150728103154307e-66
2012-10-30,20,c0015_0049,0.010398277415051449,0.010398277415051449,8.774525478298556e-91
2012-10-31,1,c0011_0048,0.03143050223251892,0.005208219178082191,0.026222283054436732
2012-10-31,2,c0042_0075,0.023427397260273968,0.023427397260273968,1.6259018548050465e-199
2012-10-31,3,c0019_0024,0.018222116241601596,0.018221917808219176,1.9843338241893193e-07
2012-10-31,4,c0030_0014,0.01561917808219178,0.01561917808219178,2.540581472756272e-22
2012-10-31,5,c0014_0047,0.01561917808219178,0.01561917808219178,5.115607044276897e-109
2012-10-31,6,c0035_0095,0.01561917808219178,0.01561917808219178,1.5962169822396775e-113
2012-10-31,7,c0021_0029,0.01561917808219178,0.01561917808219178,7.713265373295219e-97
2012-10-31,8,c0053_0022,0.01561917808219178,0.01561917808219178,2.4785305383382165e-35
2012-10-31,9,c0017_0047,0.013016438356164386,0.013016438356164384,1.2486370658543812e-18
2012-10-31,10,c0023_0041,0.013016438356164384,0.013016438356164384,6.559527788500525e-95
2012-10-31,11,c0040_0083,0.013016438356164384,0.013016438356164384,1.1629838690654731e-135
2012-10-31,12,c0048_0021,0.013016438356164384,0.013016438356164384,1.2988231535939416e-23
2012-10-31,13,c0015_0047,0.013016438356164384,0.013016438356164384,9.18338498259845e-71
2012-10-31,14,c0023_0028,0.013016438356164384,0.013016438356164384,3.800951891886596e-36
2012-10-31,15,c0023_0031,0.013016438356164384,0.013016438356164384,4.611373500949902e-29
2012-10-31,16,c0054_0014,0.01046027212004722,0.010413698630136985,4.65734899102356e-05
2012-10-31,17,c0040_0012,0.01041392348461731,0.010413698630136985,2.2485448032483068e-07
2012-10-31,18,c0061_0017,0.010413698630136985,0.010413698630136985,3.4877886718887557e-93
2012-10-31,19,c0015_0028,0.010413698630136985,0.010413698630136985,1.817193324800863e-60
2012-10-31,20,c0013_0050,0.010413698630136985,0.010413698630136985,4.594947503770428e-248
2012-11-01,1,c0042_0075,0.023427397260273968,0.023427397260273968,2.2004188803497492e-200
2012-11-01,2,c0019_0024,0.01822194466325719,0.018221917808219176,2.6855038013265234e-08
2012-11-01,3,c0035_0095,0.01561917808219178,0.01561917808219178,2.1602447739849795e-114
2012-11-01,4,c0030_0014,0.01561917808219178,0.01561917808219178,3.4383031320116077e-23
2012-11-01,5,c0053_0022,0.01561917808219178,0.01561917808219178,3.354326324165967e-36
2012-11-01,6,c0014_0047,0.01561917808219178,0.01561917808219178,6.923221282644249e-110
2012-11-01,7,c0021_0029,0.01561917808219178,0.01561917808219178,1.0438769539740657e-97
2012-11-01,8,c0048_0021,0.013016438356164384,0.013016438356164384,1.757765993659066e-24
2012-11-01,9,c0023_0031,0.013016438356164384,0.013016438356164384,6.240815388608652e-30
2012-11-01,10,c0017_0047,0.013016438356164384,0.013016438356164384,1.689846509671357e-19
2012-11-01,11,c0023_0041,0.013016438356164384,0.013016438356164384,8.877355511551502e-96
2012-11-01,12,c0023_0028,0.013016438356164384,0.013016438356164384,5.144029008572114e-37
2012-11-01,13,c0015_0047,0.013016438356164384,0.013016438356164384,1.242836007690817e-71
2012-11-01,14,c0040_0083,0.013016438356164384,0.013016438356164384,1.573927513195875e-136
2012-11-01,15,c0054_0014,0.010420001666585304,0.010413698630136985,6.303036448319259e-06
2012-11-01,16,c0040_0012,0.010413729060881767,0.010413698630136985,3.043074478178233e-08
2012-11-01,17,c0035_0019,0.010413698630136985,0.010413698630136985,5.437456560124124e-23
2012-11-01,18,c0015_0049,0.010413698630136985,0.010413698630136985,1.5631184370452752e-92
2012-11-01,19,c0035_0020,0.010413698630136985,0.010413698630136985,1.4381383874076093e-92
2012-11-01,20,c0052_0016,0.010413698630136985,0.010413698630136985,2.342707375965809e-68
2012-11-02,1,c0036_0093,0.030980706861496607,2.7397260273972604e-06,0.03097796713546921
2012-11-02,2,c0042_0075,0.023427397260273968,0.023427397260273968,2.9779431241132345e-201
2012-11-02,3,c0019_0024,0.018221921442653354,0.018221917808219176,3.6344341758552517e-09
2012-11-02,4,c0035_0095,0.01561917808219178,0.01561917808219178,2.923573383476696e-115
2012-11-02,5,c0014_0047,0.01561917808219178,0.01561917808219178,9.369561131964045e-111
2012-11-02,6,c0053_0022,0.01561917808219178,0.01561917808219178,4.53958703149027e-37
2012-11-02,7,c0030_0014,0.01561917808219178,0.01561917808219178,4.653237282241234e-24
2012-11-02,8,c0021_0029,0.01561917808219178,0.01561917808219178,1.4127338323025267e-98
2012-11-02,9,c0023_0041,0.013016438356164384,0.013016438356164384,1.2014194225479273e-96
2012-11-02,10,c0048_0021,0.013016438356164384,0.013016438356164384,2.3788775861553565e-25
2012-11-02,11,c0023_0031,0.013016438356164384,0.013016438356164384,8.44602518244763e-31
2012-11-02,12,c0017_0047,0.013016438356164384,0.013016438356164384,2.2869585601277448e-20
2012-11-02,13,c0023_0028,0.013016438356164384,0.013016438356164384,6.961686228524589e-38
2012-11-02,14,c0015_0047,0.013016438356164384,0.013016438356164384,1.6819956311749767e-72
2012-11-02,15,c0040_0083,0.013016438356164384,0.013016438356164384,2.1300792579226115e-137
2012-11-02,16,c0054_0014,0.01041455165335997,0.010413698630136985,8.5302322298398e-07
2012-11-02,17,c0040_0012,0.010413702748490449,0.010413698630136985,4.118353464143585e-09
2012-11-02,18,c0061_0017,0.010413698630136985,0.010413698630136985,6.388107783453224e-95
2012-11-02,19,c0015_0049,0.010413698630136985,0.010413698630136985,2.1154507640989364e-93
2012-11-02,20,c0035_0019,0.010413698630136985,0.010413698630136985,7.358797236511761e-24
2012-11-03,1,c0014_0030,0.050745003996981265,0.007810958904109587,0.04293404509287168
2012-11-03,2,c0035_0024,0.04238197661131481,0.0026054794520547946,0.039776497159260016
2012-11-03,3,c0030_0012,0.031106585091613976,0.0026054794520547946,0.028501105639559182
2012-11-03,4,c0042_0075,0.023427397260273968,0.023427397260273968,4.0302077616438798e-202
2012-11-03,5,c0019_0024,0.018221918300086355,0.018221917808219176,4.918671785941955e-10
2012-11-03,6,c0035_0095,0.01561917808219178,0.01561917808219178,3.956626319158407e-116
2012-11-03,7,c0030_0014,0.01561917808219178,0.01561917808219178,6.297471855592833e-25
2012-11-03,8,c0053_0022,0.01561917808219178,0.01561917808219178,6.143662966839895e-38
2012-11-03,9,c0014_0047,0.01561917808219178,0.01561917808219178,1.2680322095971119e-111
2012-11-03,10,c0021_0029,0.01561917808219178,0.01561917808219178,1.911927333326078e-99
2012-11-03,11,c0017_0047,0.013016438356164384,0.013016438356164384,3.0950618448528424e-21
2012-11-03,12,c0015_0047,0.013016438356164384,0.013016438356164384,2.2763335514781063e-73
2012-11-03,13,c0023_0028,0.013016438356164384,0.013016438356164384,9.421617775418011e-39
2012-11-03,14,c0023_0031,0.013016438356164384,0.013016438356164384,1.1430452102901137e-31
2012-11-03,15,c0040_0083,0.013016438356164384,0.013016438356164384,2.882748796873905e-138
2012-11-03,16,c0023_0041,0.013016438356164384,0.013016438356164384,1.6259443783649145e-97
2012-11-03,17,c0048_0021,0.013016438356164384,0.013016438356164384,3.219460719075647e-26
2012-11-03,18,c0054_0014,0.010413814074276474,0.010413698630136985,1.1544413948994518e-07
2012-11-03,19,c0040_0012,0.010413699187495518,0.010413698630136985,5.573585325383571e-10
2012-11-03,20,c0015_0049,0.010413698630136985,0.010413698630136985,2.8629512833243833e-94
2012-11-04,1,c0007_0034,0.024796723517840135,0.005208219178082191,0.019588504339757944
2012-11-04,2,c0042_0075,0.023427397260273968,0.023427397260273968,5.454293089244693e-203
2012-11-04,3,c0019_0024,0.01822191787478616,0.018221917808219176,6.656698392983902e-11
2012-11-04,4,c0030_0014,0.01561917808219178,0.01561917808219178,8.522701372512531e-26
2012-11-04,5,c0035_0095,0.01561917808219178,0.01561917808219178,5.354711435647393e-117
2012-11-04,6,c0014_0047,0.01561917808219178,0.01561917808219178,1.7160949823897296e-112
2012-11-04,7,c0021_0029,0.01561917808219178,0.01561917808219178,2.587512271835064e-100
2012-11-04,8,c0053_0022,0.01561917808219178,0.01561917808219178,8.314543677275658e-39
2012-11-04,9,c0014_0030,0.013621450057246878,0.007810958904109587,0.00581049115313729
2012-11-04,10,c0015_0047,0.013016438356164384,0.013016438356164384,3.0806824593029398e-74
2012-11-04,11,c0048_0021,0.013016438356164384,0.013016438356164384,4.357066282852515e-27
2012-11-04,12,c0023_0028,0.013016438356164384,0.013016438356164384,1.2750773101833014e-39
2012-11-04,13,c0023_0031,0.013016438356164384,0.013016438356164384,1.5469434728686604e-32
2012-11-04,14,c0040_0083,0.013016438356164384,0.013016438356164384,3.901376249249343e-139
2012-11-04,15,c0023_0041,0.013016438356164384,0.013016438356164384,2.2004764297299386e-98
2012-11-04,16,c0017_0047,0.013016438356164384,0.013016438356164384,4.188710714079925e-22
2012-11-04,17,c0054_0014,0.010413714253802301,0.010413698630136985,1.5623665315878757e-08
2012-11-04,18,c0040_0012,0.01041369870556726,0.010413698630136985,7.543027486542139e-11
2012-11-04,19,c0039_0088,0.010413698630136985,0.010413698630136985,2.575490917024177e-153
2012-11-04,20,c0047_0020,0.010413698630136985,0.010413698630136985,5.069002798106406e-70
2012-11-05,1,c0042_0075,0.023427397260273968,0.023427397260273968,7.381583000884299e-204
2012-11-05,2,c0019_0024,0.01822191781722804,0.018221917808219176,9.008861624351808e-12
2012-11-05,3,c0043_0082,0.017289534132128685,2.7397260273972604e-06,0.01728679440610129
2012-11-05,4,c0021_0029,0.01561917808219178,0.01561917808219178,3.501817061870096e-101
2012-11-05,5,c0030_0014,0.01561917808219178,0.01561917808219178,1.1534222041900509e-26
2012-11-05,6,c0035_0095,0.01561917808219178,0.01561917808219178,7.246813887936689e-118
2012-11-05,7,c0053_0022,0.01561917808219178,0.01561917808219178,1.1252511235472885e-39
2012-11-05,8,c0014_0047,0.01561917808219178,0.01561917808219178,2.3224820050264394e-113
2012-11-05,9,c0023_0031,0.013016438356164384,0.013016438356164384,2.0935603305170942e-33
2012-11-05,10,c0015_0047,0.013016438356164384,0.013016438356164384,4.169250331918279e-75
2012-11-05,11,c0023_0028,0.013016438356164384,0.013016438356164384,1.7256294892223535e-40
2012-11-05,12,c0017_0047,0.013016438356164384,0.013016438356164384,5.668803508862409e-23
2012-11-05,13,c0023_0041,0.013016438356164384,0.013016438356164384,2.978021008729915e-99
2012-11-05,14,c0040_0083,0.013016438356164384,0.013016438356164384,5.279938597047536e-140
2012-11-05,15,c0048_0021,0.013016438356164384,0.013016438356164384,5.896647994705404e-28
2012-11-05,16,c0054_0014,0.010413700744570155,0.010413698630136985,2.1144331707184936e-09
2012-11-05,17,c0040_0012,0.010413698640345363,0.010413698630136985,1.0208377613527351e-11
2012-11-05,18,c0052_0016,0.010413698630136985,0.010413698630136985,7.858907727480881e-72
2012-11-05,19,c0047_0020,0.010413698630136985,0.010413698630136985,6.860149294089128e-71
2012-11-05,20,c0015_0049,0.010413698630136985,0.010413698630136985,5.24367818614075e-96
2012-11-06,1,c0007_0035,0.039779236885287415,2.7397260273972604e-06,0.039776497159260016
2012-11-06,2,c0045_0085,0.02971647920504283,2.7397260273972604e-06,0.029713739479015434
2012-11-06,3,c0042_0075,0.023427397260273968,0.023427397260273968,9.989886261592422e-205
2012-11-06,4,c0019_0024,0.018221917809438392,0.018221917808219176,1.2192168395711029e-12
2012-11-06,5,c0021_0029,0.01561917808219178,0.01561917808219178,4.739194039109923e-102
2012-11-06,6,c0030_0014,0.01561917808219178,0.01561917808219178,1.560987206954587e-27
2012-11-06,7,c0053_0022,0.01561917808219178,0.01561917808219178,1.5228617951758894e-40
2012-11-06,8,c0035_0095,0.01561917808219178,0.01561917808219178,9.807496100869303e-119
2012-11-06,9,c0014_0047,0.01561917808219178,0.01561917808219178,3.143137599621894e-114
2012-11-06,10,c0006_0052,0.014635695272733435,2.7397260273972604e-06,0.014632955546706038
2012-11-06,11,c0048_0021,0.013016438356164384,0.013016438356164384,7.980245265100604e-29
2012-11-06,12,c0040_0083,0.013016438356164384,0.013016438356164384,7.145619855033519e-141
2012-11-06,13,c0023_0031,0.013016438356164384,0.013016438356164384,2.8333258030346748e-34
2012-11-06,14,c0017_0047,0.013016438356164384,0.013016438356164384,7.67189128484598e-24
2012-11-06,15,c0023_0041,0.013016438356164384,0.013016438356164384,4.0303131670104625e-100
2012-11-06,16,c0015_0047,0.013016438356164384,0.013016438356164384,5.642466745545019e-76
2012-11-06,17,c0023_0028,0.013016438356164384,0.013016438356164384,2.335385556853586e-41
2012-11-06,18,c0054_0014,0.010413698916294397,0.010413698630136985,2.861574120440764e-10
2012-11-06,19,c0040_0012,0.010413698631518538,0.010413698630136985,1.3815536757130204e-12
2012-11-06,20,c0052_0016,0.010413698630136985,0.010413698630136985,1.0635875032290293e-72
2012-11-07,1,c0046_0016,0.0475874560633696,0.007810958904109587,0.039776497159260016
2012-11-07,2,c0049_0050,0.033583446587524005,0.0026054794520547946,0.03097796713546921
2012-11-07,3,c0042_0075,0.023427397260273968,0.023427397260273968,1.3519840867141555e-205
2012-11-07,4,c0019_0024,0.01822191780838418,0.018221917808219176,1.6500305631020263e-13
2012-11-07,5,c0021_0029,0.01561917808219178,0.01561917808219178,6.413801675962076e-103
2012-11-07,6,c0014_0047,0.01561917808219178,0.01561917808219178,4.253774172964879e-115
2012-11-07,7,c0035_0095,0.01561917808219178,0.01561917808219178,1.3273002626531218e-119
2012-11-07,8,c0053_0022,0.01561917808219178,0.01561917808219178,2.060969323803454e-41
2012-11-07,9,c0017_0047,0.013016438356164384,0.013016438356164384,1.038277579995131e-24
2012-11-07,10,c0030_0014,0.013016438356164384,0.013016438356164384,2.1125664578192793e-28
2012-11-07,11,c0023_0041,0.013016438356164384,0.013016438356164384,5.4544357398960997e-101
2012-11-07,12,c0015_0047,0.013016438356164384,0.013016438356164384,7.636248351615031e-77
2012-11-07,13,c0040_0083,0.013016438356164384,0.013016438356164384,9.670544869821241e-142
2012-11-07,14,c0023_0028,0.013016438356164384,0.013016438356164384,3.160600658034744e-42
2012-11-07,15,c0023_0031,0.013016438356164384,0.013016438356164384,3.8344895005530075e-35
2012-11-07,16,c0048_0021,0.013016438356164384,0.013016438356164384,1.0800087532500269e-29
2012-11-07,17,c0014_0030,0.010428101397730325,0.010413698630136985,1.4402767593339673e-05
2012-11-07,18,c0054_0014,0.01041369866886418,0.010413698630136985,3.872719440924119e-11
2012-11-07,19,c0040_0012,0.010413698630323959,0.010413698630136985,1.8697295800920453e-13
2012-11-07,20,c0022_0093,0.010413698630136985,0.010413698630136985,3.2174344361947155e-36
2012-11-08,1,c0018_0044,0.0413916657656062,0.010413698630136985,0.03097796713546921
2012-11-08,2,c0030_0021,0.03770811499076672,0.0026054794520547946,0.03510263553871192
2012-11-08,3,c0024_0047,0.031106585091613976,0.0026054794520547946,0.028501105639559182
2012-11-08,4,c0042_0075,0.023427397260273968,0.023427397260273968,1.8297114930685342e-206
2012-11-08,5,c0019_0024,0.018221917808241506,0.018221917808219176,2.233073536064803e-14
2012-11-08,6,c0053_0022,0.01561917808219178,0.01561917808219178,2.7892186717891057e-42
2012-11-08,7,c0021_0029,0.01561917808219178,0.01561917808219178,8.680136664397888e-104
2012-11-08,8,c0035_0095,0.01561917808219178,0.01561917808219178,1.796305569861906e-120
2012-11-08,9,c0014_0047,0.01561917808219178,0.01561917808219178,5.756857325227897e-116
2012-11-08,10,c0046_0016,0.013194122413318361,0.007810958904109587,0.005383163509208775
2012-11-08,11,c0015_0047,0.013016438356164384,0.013016438356164384,1.033453833530937e-77
2012-11-08,12,c0040_0083,0.013016438356164384,0.013016438356164384,1.30876592900963e-142
2012-11-08,13,c0030_0014,0.013016438356164384,0.013016438356164384,2.8590477992513976e-29
2012-11-08,14,c0023_0041,0.013016438356164384,0.013016438356164384,7.381776057547417e-102
2012-11-08,15,c0023_0028,0.013016438356164384,0.013016438356164384,4.277407852529566e-43
2012-11-08,16,c0048_0021,0.013016438356164384,0.013016438356164384,1.4616329051911333e-30
2012-11-08,17,c0017_0047,0.013016438356164384,0.013016438356164384,1.4051559036686585e-25
2012-11-08,18,c0023_0031,0.013016438356164384,0.013016438356164384,5.189417226251588e-36
2012-11-08,19,c0014_0030,0.010415647832768622,0.010413698630136985,1.949202631635731e-06
2012-11-08,20,c0054_0014,0.010413698635378141,0.010413698630136985,5.24115582433402e-12
2012-11-09,1,c0044_0024,0.044984716337342204,0.005208219178082191,0.039776497159260016
2012-11-09,2,c0006_0044,0.03631206454366877,0.007810958904109587,0.028501105639559182
2012-11-09,3,c0045_0011,0.031106585091613976,0.0026054794520547946,0.028501105639559182
2012-11-09,4,c0042_0075,0.023427397260273968,0.023427397260273968,2.476245231557156e-207
2012-11-09,5,c0019_0024,0.018221917808222198,0.018221917808219176,3.0221363949151435e-15
2012-11-09,6,c0014_0047,0.01561917808219178,0.01561917808219178,7.791059166624863e-117
2012-11-09,7,c0021_0029,0.01561917808219178,0.01561917808219178,1.174728754008795e-104
2012-11-09,8,c0035_0095,0.01561917808219178,0.01561917808219178,2.4310352307676607e-121
2012-11-09,9,c0053_0022,0.01561917808219178,0.01561917808219178,3.7747969895542745e-43
2012-11-09,10,c0018_0044,0.01460611058651019,0.010413698630136985,0.0041924119563732055
2012-11-09,11,c0048_0021,0.013016438356164384,0.013016438356164384,1.978105032119951e-31
2012-11-09,12,c0030_0014,0.013016438356164384,0.013016438356164384,3.869300436987021e-30
2012-11-09,13,c0017_0047,0.013016438356164384,0.013016438356164384,1.901671722145964e-26
2012-11-09,14,c0015_0047,0.013016438356164384,0.013016438356164384,1.3986276727287256e-78
2012-11-09,15,c0023_0028,0.013016438356164384,0.013016438356164384,5.788842032406002e-44
2012-11-09,16,c0023_0031,0.013016438356164384,0.013016438356164384,7.0231125014771585e-37
2012-11-09,17,c0040_0083,0.013016438356164384,0.013016438356164384,1.7712220769294684e-143
2012-11-09,18,c0023_0041,0.013016438356164384,0.013016438356164384,9.990147535374262e-103
2012-11-09,19,c0023_0024,0.010487710541476675,2.7397260273972604e-06,0.010484970815449277
2012-11-09,20,c0014_0030,0.010413962426027223,0.010413698630136985,2.6379589023797246e-07
2012-11-10,1,c0042_0075,0.023427397260273968,0.023427397260273968,3.3512334977609936e-208
2012-11-10,2,c0019_0024,0.018221917808219586,0.018221917808219176,4.090016849855165e-16
2012-11-10,3,c0014_0047,0.01561917808219178,0.01561917808219178,1.0544051990283834e-117
2012-11-10,4,c0035_0095,0.01561917808219178,0.01561917808219178,3.290048415141255e-122
2012-11-10,5,c0021_0029,0.01561917808219178,0.01561917808219178,1.5898224864997338e-105
2012-11-10,6,c0053_0022,0.01561917808219178,0.01561917808219178,5.108632197420407e-44
2012-11-10,7,c0048_0021,0.013016438356164384,0.013016438356164384,2.6770740479372244e-32
2012-11-10,8,c0017_0047,0.013016438356164384,0.013016438356164384,2.5736328113968107e-27
2012-11-10,9,c0023_0041,0.013016438356164384,0.013016438356164384,1.352019446275424e-103
2012-11-10,10,c0030_0014,0.013016438356164384,0.013016438356164384,5.2365287056718784e-31
2012-11-10,11,c0023_0031,0.013016438356164384,0.013016438356164384,9.504749195900068e-38
2012-11-10,12,c0023_0028,0.013016438356164384,0.013016438356164384,7.83434576067675e-45
2012-11-10,13,c0040_0083,0.013016438356164384,0.013016438356164384,2.3970884145619103e-144
2012-11-10,14,c0015_0047,0.013016438356164384,0.013016438356164384,1.8928367223130656e-79
2012-11-10,15,c0006_0044,0.011668164108395948,0.007810958904109587,0.0038572052042863615
2012-11-10,16,c0018_0044,0.010981079889697314,0.010413698630136985,0.0005673812595603293
2012-11-10,17,c0044_0024,0.010591382687290967,0.005208219178082191,0.005383163509208775
2012-11-10,18,c0014_0030,0.010413734331028508,0.010413698630136985,3.57008915220104e-08
2012-11-10,19,c0054_0014,0.01041369863023298,0.010413698630136985,9.599511743808784e-14
2012-11-10,20,c0040_0012,0.010413698630137448,0.010413698630136985,4.634596266430636e-16
2012-11-11,1,c0021_0025,0.03559631326928835,2.7397260273972604e-06,0.03559357354326095
2012-11-11,2,c0025_0043,0.026318317270315902,0.010413698630136985,0.01590461864017892
2012-11-11,3,c0042_0075,0.023427397260273968,0.023427397260273968,4.535401346115083e-209
2012-11-11,4,c0019_0024,0.018221917808219232,0.018221917808219176,5.5352358881766725e-17
2012-11-11,5,c0021_0029,0.01561917808219178,0.01561917808219178,2.1515907650637733e-106
2012-11-11,6,c0035_0095,0.01561917808219178,0.01561917808219178,4.452596341253105e-123
2012-11-11,7,c0053_0022,0.01561917808219178,0.01561917808219178,6.913781853895699e-45
2012-11-11,8,c0014_0047,0.01561917808219178,0.01561917808219178,1.4269822625666325e-118
2012-11-11,9,c0023_0031,0.013016438356164384,0.013016438356164384,1.2863279245201028e-38
2012-11-11,10,c0017_0047,0.013016438356164384,0.013016438356164384,3.4830332547742722e-28
2012-11-11,11,c0023_0028,0.013016438356164384,0.013016438356164384,1.0602634024947438e-45
2012-11-11,12,c0040_0083,0.013016438356164384,0.013016438356164384,3.244106395279389e-145
2012-11-11,13,c0030_0014,0.013016438356164384,0.013016438356164384,7.086870955587565e-32
2012-11-11,14,c0023_0041,0.013016438356164384,0.013016438356164384,1.8297593470309277e-104
2012-11-11,15,c0015_0047,0.013016438356164384,0.013016438356164384,2.5616759393490036e-80
2012-11-11,16,c0048_0021,0.013016438356164384,0.013016438356164384,3.623025745229695e-33
2012-11-11,17,c0010_0028,0.012389269177450804,2.7397260273972604e-06,0.012386529451423406
2012-11-11,18,c0018_0044,0.010490485333602728,0.010413698630136985,7.678670346574324e-05
2012-11-11,19,c0014_0030,0.010413703461727252,0.010413698630136985,4.8315902659308624e-09
2012-11-11,20,c0054_0014,0.010413698630149976,0.010413698630136985,1.2991526407815515e-14
2012-11-12,1,c0042_0075,0.023427397260273968,0.023427397260273968,6.137998257681992e-210
2012-11-12,2,c0019_0024,0.018221917808219183,0.018221917808219176,7.491127167078534e-18
2012-11-12,3,c0035_0095,0.01561917808219178,0.01561917808219178,6.025933869817944e-124
2012-11-12,4,c0021_0029,0.01561917808219178,0.01561917808219178,2.91186145599186e-107
2012-11-12,5,c0053_0022,0.01561917808219178,0.01561917808219178,9.356786254331277e-46
2012-11-12,6,c0014_0047,0.01561917808219178,0.01561917808219178,1.9312104867807762e-119
2012-11-12,7,c0023_0028,0.013016438356164384,0.013016438356164384,1.4349104788204084e-46
2012-11-12,8,c0015_0047,0.013016438356164384,0.013016438356164384,3.4668513881221332e-81
2012-11-12,9,c0048_0021,0.013016438356164384,0.013016438356164384,4.903232154042006e-34
2012-11-12,10,c0030_0014,0.013016438356164384,0.013016438356164384,9.591036880357673e-33
2012-11-12,11,c0023_0031,0.013016438356164384,0.013016438356164384,1.740855540000923e-39
2012-11-12,12,c0017_0047,0.013016438356164384,0.013016438356164384,4.713772920574172e-29
2012-11-12,13,c0040_0083,0.013016438356164384,0.013016438356164384,4.390420578548428e-146
2012-11-12,14,c0023_0041,0.013016438356164384,0.013016438356164384,2.476309994852701e-105
2012-11-12,15,c0025_0043,0.012566154698575908,0.010413698630136985,0.0021524560684389243
2012-11-12,16,c0018_0044,0.010424090580399328,0.010413698630136985,1.0391950262342153e-05
2012-11-12,17,c0014_0030,0.010413699284021622,0.010413698630136985,6.538846371230141e-10
2012-11-12,18,c0054_0014,0.010413698630138744,0.010413698630136985,1.7582119060776462e-15
2012-11-12,19,c0040_0012,0.010413698630136994,0.010413698630136985,8.488559161101918e-18
2012-11-12,20,c0015_0028,0.010413698630136985,0.010413698630136985,6.860149294089128e-71
2012-11-13,1,c0021_0029,0.053772374798085575,0.01561917808219178,0.038153196715893796
2012-11-13,2,c0030_0014,0.03315669557339973,0.013016438356164384,0.020140257217235343
2012-11-13,3,c0042_0075,0.023427397260273968,0.023427397260273968,8.30687732709228e-211
2012-11-13,4,c0019_0024,0.018221917808219176,0.018221917808219176,1.0138138169180575e-18
2012-11-13,5,c0034_0093,0.016936735374710826,0.0026054794520547946,0.01433125592265603
2012-11-13,6,c0035_0095,0.01561917808219178,0.01561917808219178,8.155214670369091e-125
2012-11-13,7,c0053_0022,0.01561917808219178,0.01561917808219178,1.2663033179143679e-46
2012-11-13,8,c0014_0047,0.01561917808219178,0.01561917808219178,2.6136091821799304e-120
2012-11-13,9,c0023_0041,0.013016438356164384,0.013016438356164384,3.351321145350452e-106
2012-11-13,10,c0023_0031,0.013016438356164384,0.013016438356164384,2.3559917758005126e-40
2012-11-13,11,c0040_0083,0.013016438356164384,0.013016438356164384,5.941788125257046e-147
2012-11-13,12,c0048_0021,0.013016438356164384,0.013016438356164384,6.635803123421415e-35
2012-11-13,13,c0015_0047,0.013016438356164384,0.013016438356164384,4.6918731455075284e-82
2012-11-13,14,c0017_0047,0.013016438356164384,0.013016438356164384,6.379397933189806e-30
2012-11-13,15,c0023_0028,0.013016438356164384,0.013016438356164384,1.9419401607034353e-47
2012-11-13,16,c0025_0043,0.010705001881813532,0.010413698630136985,0.00029130325167654763
2012-11-13,17,c0018_0044,0.01041510502766912,0.010413698630136985,1.4063975321348669e-06
2012-11-13,18,c0014_0030,0.010413698718630647,0.010413698630136985,8.849366256911281e-11
2012-11-13,19,c0054_0014,0.010413698630137223,0.010413698630136985,2.3794810629900295e-16
2012-11-13,20,c0040_0012,0.010413698630136987,0.010413698630136985,1.1488015583384717e-18
2012-11-14,1,c0035_0096,0.04365257028711242,0.007810958904109587,0.03584161138300283
2012-11-14,2,c0057_0011,0.03770811499076672,0.0026054794520547946,0.03510263553871192
2012-11-14,3,c0021_0029,0.032088054621239974,0.020824657534246574,0.0112633970869934
2012-11-14,4,c0051_0020,0.03143050223251892,0.005208219178082191,0.026222283054436732
2012-11-14,5,c0042_0075,0.023427397260273968,0.023427397260273968,1.1242135958738286e-211
2012-11-14,6,c0030_0014,0.018344865497144557,0.01561917808219178,0.002725687414952778
2012-11-14,7,c0019_0024,0.018221917808219176,0.018221917808219176,1.3720478006179717e-19
2012-11-14,8,c0035_0095,0.01561917808219178,0.01561917808219178,1.1036882872697794e-125
2012-11-14,9,c0014_0047,0.01561917808219178,0.01561917808219178,3.5371353894013237e-121
2012-11-14,10,c0053_0022,0.01561917808219178,0.01561917808219178,1.7137551819340323e-47
2012-11-14,11,c0007_0030,0.01532376878383139,0.007810958904109587,0.007512809879721802
2012-11-14,12,c0025_0043,0.013055861964237777,0.013016438356164384,3.9423608073391835e-05
2012-11-14,13,c0018_0044,0.01301662869137274,0.013016438356164384,1.903352083547451e-07
2012-11-14,14,c0017_0047,0.013016438356164384,0.013016438356164384,8.633576261673096e-31
2012-11-14,15,c0023_0028,0.013016438356164384,0.013016438356164384,2.6281302167735247e-48
2012-11-14,16,c0048_0021,0.013016438356164384,0.013016438356164384,8.980582952106362e-36
2012-11-14,17,c0023_0031,0.013016438356164384,0.013016438356164384,3.188488142810922e-41
2012-11-14,18,c0023_0041,0.013016438356164384,0.013016438356164384,4.535519964228526e-107
2012-11-14,19,c0015_0047,0.013016438356164384,0.013016438356164384,6.349759810575179e-83
2012-11-14,20,c0040_0083,0.013016438356164384,0.013016438356164384,8.041335788636039e-148
2012-11-15,1,c0012_0034,0.07630913315781498,2.7397260273972604e-06,0.07630639343178759
2012-11-15,2,c0046_0081,0.030980706861496607,2.7397260273972604e-06,0.03097796713546921
2012-11-15,3,c0042_0075,0.023427397260273968,0.023427397260273968,1.5214576541603544e-212
2012-11-15,4,c0021_0029,0.022348992569221265,0.020824657534246574,0.00152433503497469
2012-11-15,5,c0019_0024,0.018221917808219176,0.018221917808219176,1.8568647771080468e-20
2012-11-15,6,c0030_0014,0.015988059760508884,0.01561917808219178,0.0003688816783171049
2012-11-15,7,c0035_0095,0.01561917808219178,0.01561917808219178,1.4936796696258755e-126
2012-11-15,8,c0014_0047,0.01561917808219178,0.01561917808219178,4.786992197708744e-122
2012-11-15,9,c0053_0022,0.01561917808219178,0.01561917808219178,2.3193154294525496e-48
2012-11-15,10,c0025_0043,0.013021773761329207,0.013016438356164384,5.335405164821695e-06
2012-11-15,11,c0018_0044,0.013016464115233717,0.013016438356164384,2.5759069332589113e-08
2012-11-15,12,c0015_0047,0.013016438356164384,0.013016438356164384,8.593465424486519e-84
2012-11-15,13,c0017_0047,0.013016438356164384,0.013016438356164384,1.168427488718424e-31
2012-11-15,14,c0023_0041,0.013016438356164384,0.013016438356164384,6.1381587898417886e-108
2012-11-15,15,c0023_0028,0.013016438356164384,0.013016438356164384,3.556787472697452e-49
2012-11-15,16,c0040_0083,0.013016438356164384,0.013016438356164384,1.0882764565557682e-148
2012-11-15,17,c0048_0021,0.013016438356164384,0.013016438356164384,1.2153897374532097e-36
2012-11-15,18,c0023_0031,0.013016438356164384,0.013016438356164384,4.315149459038972e-42
2012-11-15,19,c0035_0096,0.012661593532284878,0.007810958904109587,0.00485063462817529
2012-11-15,20,c0006_0044,0.01041387374698234,0.010413698630136985,1.7511684535409195e-07
2012-11-16,1,c0052_0015,0.024802162842544318,0.0026054794520547946,0.022196683390489524
2012-11-16,2,c0042_0075,0.023427397260273968,0.023427397260273968,2.0590690255830384e-213
2012-11-16,3,c0021_0029,0.021030953847952366,0.020824657534246574,0.0002062963137057916
2012-11-16,4,c0019_0024,0.018221917808219176,0.018221917808219176,2.5129932054200722e-21
2012-11-16,5,c0030_0014,0.015669100788607622,0.01561917808219178,4.992270641584244e-05
2012-11-16,6,c0035_0095,0.01561917808219178,0.01561917808219178,2.021475611535879e-127
2012-11-16,7,c0053_0022,0.01561917808219178,0.01561917808219178,3.1388521056000685e-49
2012-11-16,8,c0014_0047,0.01561917808219178,0.01561917808219178,6.47848944928368e-123
2012-11-16,9,c0003_0028,0.013090450267504071,0.0026054794520547946,0.010484970815449276
2012-11-16,10,c0025_0043,0.013017160424733547,0.013016438356164384,7.220685691632303e-07
2012-11-16,11,c0018_0044,0.013016441842275328,0.013016438356164384,3.4861109440374914e-09
2012-11-16,12,c0015_0047,0.013016438356164384,0.013016438356164384,1.1629990772069212e-84
2012-11-16,13,c0023_0041,0.013016438356164384,0.013016438356164384,8.307094583745425e-109
2012-11-16,14,c0048_0021,0.013016438356164384,0.013016438356164384,1.6448511436110247e-37
2012-11-16,15,c0040_0083,0.013016438356164384,0.013016438356164384,1.472822024877121e-149
2012-11-16,16,c0023_0031,0.013016438356164384,0.013016438356164384,5.839919742473554e-43
2012-11-16,17,c0017_0047,0.013016438356164384,0.013016438356164384,1.58129465127152e-32
2012-11-16,18,c0023_0028,0.013016438356164384,0.013016438356164384,4.813588400299456e-50
2012-11-16,19,c0006_0044,0.01041372232962485,0.010413698630136985,2.369948786549814e-08
2012-11-16,20,c0014_0030,0.010413698630356339,0.010413698630136985,2.1935385871436706e-13
2012-11-17,1,c0006_0044,0.0413916689729831,0.010413698630136985,0.030977970342846117
2012-11-17,2,c0035_0093,0.036275557377531825,0.0026054794520547946,0.03367007792547703
2012-11-17,3,c0035_0094,0.03510537526473932,2.7397260273972604e-06,0.03510263553871192
2012-11-17,4,c0042_0002,0.024128404789091062,2.7397260273972604e-06,0.024125665063063666
2012-11-17,5,c0042_0075,0.023427397260273968,0.023427397260273968,2.786646897810166e-214
2012-11-17,6,c0021_0029,0.020852576704292615,0.020824657534246574,2.7919170046042407e-05
2012-11-17,7,c0019_0024,0.018221917808219176,0.018221917808219176,3.4009664722720865e-22
2012-11-17,8,c0030_0014,0.015625934385804507,0.01561917808219178,6.7563036127262985e-06
2012-11-17,9,c0035_0095,0.01561917808219178,0.01561917808219178,2.7357697444311303e-128
2012-11-17,10,c0053_0022,0.01561917808219178,0.01561917808219178,4.247974387492233e-50
2012-11-17,11,c0014_0047,0.01561917808219178,0.01561917808219178,8.767682045642136e-124
2012-11-17,12,c0025_0043,0.013016536077518709,0.013016438356164384,9.77213543239614e-08
2012-11-17,13,c0018_0044,0.013016438827958197,0.013016438356164384,4.717938120055692e-10
2012-11-17,14,c0023_0031,0.013016438356164384,0.013016438356164384,7.903471924267447e-44
2012-11-17,15,c0023_0028,0.013016438356164384,0.013016438356164384,6.514483495390001e-51
2012-11-17,16,c0040_0083,0.013016438356164384,0.013016438356164384,1.9932478589386656e-150
2012-11-17,17,c0015_0047,0.013016438356164384,0.013016438356164384,1.5739480951771783e-85
2012-11-17,18,c0048_0021,0.013016438356164384,0.013016438356164384,2.226063954026643e-38
2012-11-17,19,c0017_0047,0.013016438356164384,0.013016438356164384,2.140049595103718e-33
2012-11-17,20,c0023_0041,0.013016438356164384,0.013016438356164384,1.124242998364518e-109
2012-11-18,1,c0033_0102,0.036598883770923726,2.7397260273972604e-06,0.03659614404489633
2012-11-18,2,c0025_0043,0.028921070221490472,0.013016438356164384,0.015904631865326087
2012-11-18,3,c0042_0075,0.023427397260273968,0.023427397260273968,3.7713164719556694e-215
2012-11-18,4,c0021_0029,0.020828435983032485,0.020824657534246574,3.7784487859123023e-06
2012-11-18,5,c0002_0028,0.020627773460791348,0.0026054794520547946,0.018022294008736554
2012-11-18,6,c0019_0024,0.018221917808219176,0.018221917808219176,4.6027076080316637e-23
2012-11-18,7,c0030_0014,0.015620092448454841,0.01561917808219178,9.143662630608633e-07
2012-11-18,8,c0035_0095,0.01561917808219178,0.01561917808219178,3.702461732327426e-129
2012-11-18,9,c0014_0047,0.01561917808219178,0.01561917808219178,1.1865767329755423e-124
2012-11-18,10,c0053_0022,0.01561917808219178,0.01561917808219178,5.749008169131378e-51
2012-11-18,11,c0006_0044,0.014606111020581453,0.010413698630136985,0.004192412390444468
2012-11-18,12,c0018_0044,0.013016438420014733,0.013016438356164384,6.385034917705493e-11
2012-11-18,13,c0023_0041,0.013016438356164384,0.013016438356164384,1.5214974461044074e-110
2012-11-18,14,c0040_0083,0.013016438356164384,0.013016438356164384,2.6975676355023615e-151
2012-11-18,15,c0023_0031,0.013016438356164384,0.013016438356164384,1.0696186114233515e-44
2012-11-18,16,c0048_0021,0.013016438356164384,0.013016438356164384,3.012649957210098e-39
2012-11-18,17,c0023_0028,0.013016438356164384,0.013016438356164384,8.816394689888446e-52
2012-11-18,18,c0015_0047,0.013016438356164384,0.013016438356164384,2.1301071126053047e-86
2012-11-18,19,c0017_0047,0.013016438356164384,0.013016438356164384,2.8962421809376004e-34
2012-11-18,20,c0014_0030,0.010413698630141003,0.010413698630136985,4.017606065062765e-15
2012-11-19,1,c0041_0026,0.05765278528695565,0.005208219178082191,0.052444566108873464
2012-11-19,2,c0042_0075,0.023427397260273968,0.023427397260273968,5.1039218290702335e-216
2012-11-19,3,c0021_0029,0.02082516889168321,0.020824657534246574,5.113574366364768e-07
2012-11-19,4,c0019_0024,0.018221917808219176,0.018221917808219176,6.229087377882774e-24
2012-11-19,5,c0030_0014,0.015619301828208974,0.01561917808219178,1.2374601719334502e-07
2012-11-19,6,c0053_0022,0.01561917808219178,0.01561917808219178,7.780436488989953e-52
2012-11-19,7,c0014_0047,0.01561917808219178,0.01561917808219178,1.6058569823921957e-125
2012-11-19,8,c0035_0095,0.01561917808219178,0.01561917808219178,5.010737072172518e-130
2012-11-19,9,c0025_0043,0.015168896214432346,0.013016438356164384,0.0021524578582679615
2012-11-19,10,c0018_0044,0.01301643836480559,0.013016438356164384,8.641205090633347e-12
2012-11-19,11,c0015_0047,0.013016438356164384,0.013016438356164384,2.882786494087621e-87
2012-11-19,12,c0017_0047,0.013016438356164384,0.013016438356164384,3.9196375587901497e-35
2012-11-19,13,c0023_0028,0.013016438356164384,0.013016438356164384,1.1931692724818209e-52
2012-11-19,14,c0023_0031,0.013016438356164384,0.013016438356164384,1.447571377321316e-45
2012-11-19,15,c0023_0041,0.013016438356164384,0.013016438356164384,2.0591228781232284e-111
2012-11-19,16,c0040_0083,0.013016438356164384,0.013016438356164384,3.650760800006318e-152
2012-11-19,17,c0048_0021,0.013016438356164384,0.013016438356164384,4.0771783525179765e-40
2012-11-19,18,c0006_0044,0.010981079948442472,0.010413698630136985,0.0005673813183054865
2012-11-19,19,c0014_0030,0.010413698630137528,0.010413698630136985,5.437238547484023e-16
2012-11-19,20,c0007_0044,0.010413698630136985,0.010413698630136985,2.0946638885015433e-101
2012-11-20,1,c0002_0036,0.039779236885287415,2.7397260273972604e-06,0.039776497159260016
2012-11-20,2,c0042_0075,0.023427397260273968,0.023427397260273968,6.907407063547505e-217
2012-11-20,3,c0021_0029,0.020824726738950097,0.020824657534246574,6.92047035223458e-08
2012-11-20,4,c0019_0024,0.018221917808219176,0.018221917808219176,8.430153045913742e-25
2012-11-20,5,c0030_0014,0.015619194829394067,0.01561917808219178,1.6747202286264094e-08
2012-11-20,6,c0035_0095,0.01561917808219178,0.01561917808219178,6.781295208866632e-131
2012-11-20,7,c0014_0047,0.01561917808219178,0.01561917808219178,2.173291095495399e-126
2012-11-20,8,c0053_0022,0.01561917808219178,0.01561917808219178,1.0529675759419315e-52
2012-11-20,9,c0025_0043,0.013307741850067951,0.013016438356164384,0.00029130349390356727
2012-11-20,10,c0018_0044,0.013016438357333845,0.013016438356164384,1.1694599384465233e-12
2012-11-20,11,c0023_0041,0.013016438356164384,0.013016438356164384,2.786719779297962e-112
2012-11-20,12,c0048_0021,0.013016438356164384,0.013016438356164384,5.517860871442063e-41
2012-11-20,13,c0040_0083,0.013016438356164384,0.013016438356164384,4.940767468979777e-153
2012-11-20,14,c0015_0047,0.013016438356164384,0.013016438356164384,3.901427266880299e-88
2012-11-20,15,c0023_0031,0.013016438356164384,0.013016438356164384,1.9590748235499383e-46
2012-11-20,16,c0023_0028,0.013016438356164384,0.013016438356164384,1.6147790144055028e-53
2012-11-20,17,c0017_0047,0.013016438356164384,0.013016438356164384,5.3046525920373e-36
2012-11-20,18,c0041_0026,0.012305819386647841,0.005208219178082191,0.00709760020856565
2012-11-20,19,c0006_0044,0.010490485341553021,0.010413698630136985,7.678671141603572e-05
2012-11-20,20,c0014_0030,0.010413698630137058,0.010413698630136985,7.358502188487788e-17
2012-11-21,1,c0053_0022,0.051891995733696204,0.018221917808219176,0.03367007792547703
2012-11-21,2,c0033_0048,0.043895018399184194,0.005208219178082191,0.038686799221102006
2012-11-21,3,c0044_0010,0.04031085471679412,0.005208219178082191,0.03510263553871192
2012-11-21,4,c0044_0016,0.039972040476426766,0.0026054794520547946,0.03736656102437197
2012-11-21,5,c0018_0042,0.02673114451511846,0.0026054794520547946,0.024125665063063666
2012-11-21,6,c0042_0075,0.023427397260273968,0.023427397260273968,9.34815891375781e-218
2012-11-21,7,c0021_0029,0.01822192717405733,0.018221917808219176,9.365838152502476e-09
2012-11-21,8,c0019_0024,0.018221917808219176,0.018221917808219176,1.1408971501967295e-25
2012-11-21,9,c0025_0043,0.015658601723047033,0.01561917808219178,3.9423640855254164e-05
2012-11-21,10,c0030_0014,0.015619180348679144,0.01561917808219178,2.2664873648323973e-09
2012-11-21,11,c0035_0095,0.01561917808219178,0.01561917808219178,9.177485078030503e-132
2012-11-21,12,c0014_0047,0.01561917808219178,0.01561917808219178,2.9412296596447828e-127
2012-11-21,13,c0006_0044,0.013026830307502681,0.013016438356164384,1.0391951338297226e-05
2012-11-21,14,c0018_0044,0.013016438356322654,0.013016438356164384,1.582691920035322e-13
2012-11-21,15,c0048_0021,0.013016438356164384,0.013016438356164384,7.46761263896834e-42
2012-11-21,16,c0017_0047,0.013016438356164384,0.013016438356164384,7.179066610151999e-37
2012-11-21,17,c0023_0041,0.013016438356164384,0.013016438356164384,3.771415106323499e-113
2012-11-21,18,c0040_0083,0.013016438356164384,0.013016438356164384,6.686601648206204e-154
2012-11-21,19,c0023_0031,0.013016438356164384,0.013016438356164384,2.65131946126848e-47
2012-11-21,20,c0015_0047,0.013016438356164384,0.013016438356164384,5.280007641902892e-89
2012-11-22,1,c0020_0044,0.04825406985215473,2.7397260273972604e-06,0.04825133012612733
2012-11-22,2,c0020_0033,0.028503845365586578,2.7397260273972604e-06,0.028501105639559182
2012-11-22,3,c0042_0075,0.023427397260273968,0.023427397260273968,1.265135734334279e-218
2012-11-22,4,c0053_0022,0.02277866734086243,0.018221917808219176,0.004556749532643255
2012-11-22,5,c0035_0052,0.018510098092233713,0.0026054794520547946,0.01590461864017892
2012-11-22,6,c0021_0029,0.018221919075747536,0.018221917808219176,1.267528359117196e-09
2012-11-22,7,c0019_0024,0.018221917808219176,0.018221917808219176,1.5440363896571864e-26
2012-11-22,8,c0038_0094,0.01802503373476395,2.7397260273972604e-06,0.018022294008736554
2012-11-22,9,c0025_0043,0.015624513491793144,0.01561917808219178,5.335409601364318e-06
2012-11-22,10,c0030_0014,0.01561917838892749,0.01561917808219178,3.067357094717965e-10
2012-11-22,11,c0014_0047,0.01561917808219178,0.01561917808219178,3.9805214905195264e-128
2012-11-22,12,c0035_0095,0.01561917808219178,0.01561917808219178,1.2420375424350449e-132
2012-11-22,13,c0006_0044,0.013017844753842133,0.013016438356164384,1.4063976777495519e-06
2012-11-22,14,c0018_0044,0.013016438356185803,0.013016438356164384,2.141940592742787e-14
2012-11-22,15,c0017_0047,0.013016438356164384,0.013016438356164384,9.715810130594303e-38
2012-11-22,16,c0048_0021,0.013016438356164384,0.013016438356164384,1.0106314715960894e-42
2012-11-22,17,c0023_0041,0.013016438356164384,0.013016438356164384,5.104055316171306e-114
2012-11-22,18,c0040_0083,0.013016438356164384,0.013016438356164384,9.049331279503881e-155
2012-11-22,19,c0023_0031,0.013016438356164384,0.013016438356164384,3.5881707024151316e-48
2012-11-22,20,c0015_0047,0.013016438356164384,0.013016438356164384,7.145713297084073e-90
2012-11-23,1,c0042_0075,0.023427397260273968,0.023427397260273968,1.712175029388896e-219
2012-11-23,2,c0047_0014,0.021394566295287208,0.0026054794520547946,0.018789086843232414
2012-11-23,3,c0053_0022,0.018838606796857754,0.018221917808219176,0.0006166889886385774
2012-11-23,4,c0021_0029,0.018221917979760485,0.018221917808219176,1.7154130949156462e-10
2012-11-23,5,c0019_0024,0.018221917808219176,0.018221917808219176,2.089626021218922e-27
2012-11-23,6,c0025_0043,0.015619900151361363,0.01561917808219178,7.220691695839827e-07
2012-11-23,7,c0030_0014,0.015619178123703944,0.01561917808219178,4.151216412014892e-11
2012-11-23,8,c0035_0095,0.01561917808219178,0.01561917808219178,1.6809150259595315e-133
2012-11-23,9,c0014_0047,0.01561917808219178,0.01561917808219178,5.3870500334888375e-129
2012-11-23,10,c0006_0044,0.013016628691392446,0.013016438356164384,1.9033522806154994e-07
2012-11-23,11,c0018_0044,0.013016438356167283,0.013016438356164384,2.8988013679484314e-15
2012-11-23,12,c0023_0041,0.013016438356164384,0.013016438356164384,6.907587718693823e-115
2012-11-23,13,c0040_0083,0.013016438356164384,0.013016438356164384,1.2246938118135966e-155
2012-11-23,14,c0048_0021,0.013016438356164384,0.013016438356164384,1.3677409645629148e-43
2012-11-23,15,c0017_0047,0.013016438356164384,0.013016438356164384,1.3148919158971306e-38
2012-11-23,16,c0023_0031,0.013016438356164384,0.013016438356164384,4.856060983126673e-49
2012-11-23,17,c0023_0028,0.013016438356164384,0.013016438356164384,4.002636996792799e-56
2012-11-23,18,c0015_0047,0.013016438356164384,0.013016438356164384,9.670671329885026e-91
2012-11-23,19,c0035_0019,0.010413698630136985,0.010413698630136985,4.230956854974628e-42
2012-11-23,20,c0054_0014,0.010413698630136985,0.010413698630136985,4.904476012505831e-25
2012-11-24,1,c0002_0028,0.04031096544959559,0.005208219178082191,0.0351027462715134
2012-11-24,2,c0023_0031,0.025663727318055468,0.013016438356164384,0.012647288961891084
2012-11-24,3,c0042_0075,0.023427397260273968,0.023427397260273968,2.317176925530019e-220
2012-11-24,4,c0053_0022,0.018305377587165477,0.018221917808219176,8.345977894630209e-05
2012-11-24,5,c0021_0029,0.01822191783143477,0.018221917808219176,2.321559170682033e-11
2012-11-24,6,c0019_0024,0.018221917808219176,0.018221917808219176,2.8280012944025884e-28
2012-11-24,7,c0025_0043,0.015619275803627363,0.01561917808219178,9.772143558207401e-08
2012-11-24,8,c0030_0014,0.01561917808780984,0.01561917808219178,5.618060488965105e-12
2012-11-24,9,c0035_0095,0.01561917808219178,0.01561917808219178,2.274871111349114e-134
2012-11-24,10,c0014_0047,0.01561917808219178,0.01561917808219178,7.290579420920158e-130
2012-11-24,11,c0006_0044,0.013016464115236385,0.013016438356164384,2.5759071999615135e-08
2012-11-24,12,c0018_0044,0.013016438356164776,0.013016438356164384,3.9231010417798134e-16
2012-11-24,13,c0017_0047,0.013016438356164384,0.013016438356164384,1.779512698634705e-39
2012-11-24,14,c0048_0021,0.013016438356164384,0.013016438356164384,1.851036108334399e-44
2012-11-24,15,c0040_0083,0.013016438356164384,0.013016438356164384,1.657442838999199e-156
2012-11-24,16,c0015_0047,0.013016438356164384,0.013016438356164384,1.30878304351818e-91
2012-11-24,17,c0023_0028,0.013016438356164384,0.013016438356164384,5.416980116542982e-57
2012-11-24,18,c0023_0041,0.013016438356164384,0.013016438356164384,9.34840340391176e-116
2012-11-24,19,c0052_0016,0.010413698630136985,0.010413698630136985,2.4670154957014893e-88
2012-11-24,20,c0054_0014,0.010413698630136985,0.010413698630136985,6.637486502796492e-26
2012-11-25,1,c0007_0030,0.034033241960642,0.007810958904109587,0.026222283056532413
2012-11-25,2,c0021_0055,0.03367281765150443,2.7397260273972604e-06,0.03367007792547703
2012-11-25,3,c0040_0073,0.030980706861496607,2.7397260273972604e-06,0.03097796713546921
2012-11-25,4,c0042_0075,0.023427397260273968,0.023427397260273968,3.1359579552594856e-221
2012-11-25,5,c0053_0022,0.01823321286104174,0.018221917808219176,1.1295052822562879e-05
2012-11-25,6,c0021_0029,0.018221917811361066,0.018221917808219176,3.1418886791480867e-12
2012-11-25,7,c0019_0024,0.018221917808219176,0.018221917808219176,3.827283561714817e-29
2012-11-25,8,c0025_0043,0.015619191307349943,0.01561917808219178,1.3225158162788389e-08
2012-11-25,9,c0030_0014,0.015619178082952103,0.01561917808219178,7.603218075145153e-13
2012-11-25,10,c0035_0095,0.01561917808219178,0.01561917808219178,3.078703261812202e-135
2012-11-25,11,c0014_0047,0.01561917808219178,0.01561917808219178,9.866726308892495e-131
2012-11-25,12,c0023_0031,0.0147280627899972,0.013016438356164384,0.001711624433832815
2012-11-25,13,c0006_0044,0.013016441842275689,0.013016438356164384,3.4861113049802142e-09
2012-11-25,14,c0018_0044,0.013016438356164438,0.013016438356164384,5.3093399065512144e-17
2012-11-25,15,c0023_0041,0.013016438356164384,0.013016438356164384,1.2651688224785123e-116
2012-11-25,16,c0023_0028,0.013016438356164384,0.013016438356164384,7.331085383594437e-58
2012-11-25,17,c0040_0083,0.013016438356164384,0.013016438356164384,2.2431049606445205e-157
2012-11-25,18,c0048_0021,0.013016438356164384,0.013016438356164384,2.505104960026332e-45
2012-11-25,19,c0015_0047,0.013016438356164384,0.013016438356164384,1.7712452388980892e-92
2012-11-25,20,c0017_0047,0.013016438356164384,0.013016438356164384,2.408308550928768e-40
2012-11-26,1,c0005_0030,0.03923060430363379,2.7397260273972604e-06,0.03922786457760639
2012-11-26,2,c0042_0075,0.023427397260273968,0.023427397260273968,4.244057580931513e-222
2012-11-26,3,c0016_0047,0.02219942311651692,2.7397260273972604e-06,0.022196683390489524
2012-11-26,4,c0053_0022,0.01822344642739209,0.018221917808219176,1.5286191729140487e-06
2012-11-26,5,c0021_0029,0.018221917808644385,0.018221917808219176,4.252083942904132e-13
2012-11-26,6,c0019_0024,0.018221917808219176,0.018221917808219176,5.179665048515065e-30
2012-11-26,7,c0025_0043,0.015619179872022305,0.01561917808219178,1.789830525809967e-09
2012-11-26,8,c0030_0014,0.015619178082294679,0.01561917808219178,1.0289836717095024e-13
2012-11-26,9,c0014_0047,0.01561917808219178,0.01561917808219178,1.335316199632104e-131
2012-11-26,10,c0035_0095,0.01561917808219178,0.01561917808219178,4.166571779388377e-136
2012-11-26,11,c0023_0031,0.013248081533711856,0.013016438356164384,0.0002316431775474709
2012-11-26,12,c0006_0044,0.013016438827958245,0.013016438356164384,4.717938608538547e-10
2012-11-26,13,c0018_0044,0.013016438356164391,0.013016438356164384,7.185410200525593e-18
2012-11-26,14,c0048_0021,0.013016438356164384,0.013016438356164384,3.3902908930260697e-46
2012-11-26,15,c0040_0083,0.013016438356164384,0.013016438356164384,3.035712451782772e-158
2012-11-26,16,c0023_0041,0.013016438356164384,0.013016438356164384,1.712219809322612e-117
2012-11-26,17,c0017_0047,0.013016438356164384,0.013016438356164384,3.2592911986110115e-41
2012-11-26,18,c0023_0028,0.013016438356164384,0.013016438356164384,9.921545168205444e-59
2012-11-26,19,c0015_0047,0.013016438356164384,0.013016438356164384,2.397119760877746e-93
2012-11-26,20,c0007_0030,0.011359759008676031,0.007810958904109587,0.003548800104566444
2012-11-27,1,c0042_0075,0.023427397260273968,0.023427397260273968,5.743707347878597e-223
2012-11-27,2,c0053_0022,0.018222124684327903,0.018221917808219176,2.0687610872723943e-07
2012-11-27,3,c0021_0029,0.01822191780827672,0.018221917808219176,5.754569847587836e-14
2012-11-27,4,c0019_0024,0.018221917808219176,0.018221917808219176,7.009914364115696e-31
2012-11-27,5,c0025_0043,0.015619178324419001,0.01561917808219178,2.422272211560274e-10
2012-11-27,6,c0030_0014,0.015619178082205707,0.01561917808219178,1.3925779665665518e-14
2012-11-27,7,c0014_0047,0.01561917808219178,0.01561917808219178,1.8071539608764804e-132
2012-11-27,8,c0035_0095,0.01561917808219178,0.01561917808219178,5.638841718892034e-137
2012-11-27,9,c0023_0031,0.0130477878512076,0.013016438356164384,3.1349495043215934e-05
2012-11-27,10,c0006_0044,0.01301643842001474,0.013016438356164384,6.385035578795148e-11
2012-11-27,11,c0018_0044,0.013016438356164386,0.013016438356164384,9.724395246593771e-19
2012-11-27,12,c0048_0021,0.013016438356164384,0.013016438356164384,4.588259782621918e-47
2012-11-27,13,c0015_0047,0.013016438356164384,0.013016438356164384,3.244148817904711e-94
2012-11-27,14,c0040_0083,0.013016438356164384,0.013016438356164384,4.108390044869334e-159
2012-11-27,15,c0023_0041,0.013016438356164384,0.013016438356164384,2.3172375285801473e-118
2012-11-27,16,c0017_0047,0.013016438356164384,0.013016438356164384,4.4109709751462014e-42
2012-11-27,17,c0023_0028,0.013016438356164384,0.013016438356164384,1.34273512548393e-59
2012-11-27,18,c0015_0049,0.010413698630136985,0.010413698630136985,4.080175339630979e-115
2012-11-27,19,c0007_0044,0.010413698630136985,0.010413698630136985,2.3572336667064405e-108
2012-11-27,20,c0022_0093,0.010413698630136985,0.010413698630136985,1.3668801278129518e-53
2012-11-28,1,c0042_0075,0.023427397260273968,0.023427397260273968,7.773262607534074e-224
2012-11-28,2,c0053_0022,0.018221945805855944,0.018221917808219176,2.799763676948923e-08
2012-11-28,3,c0019_0024,0.018221917808219176,0.018221917808219176,9.486887459319905e-32
2012-11-28,4,c0025_0043,0.01561917811497367,0.01561917808219178,3.278188958276858e-11
2012-11-28,5,c0030_0014,0.015619178082193664,0.01561917808219178,1.884649335343505e-15
2012-11-28,6,c0035_0095,0.01561917808219178,0.01561917808219178,7.631342411526812e-138
2012-11-28,7,c0014_0047,0.01561917808219178,0.01561917808219178,2.445716931473849e-133
2012-11-28,8,c0036_0024,0.0149920089034782,0.0026054794520547946,0.012386529451423406
2012-11-28,9,c0023_0031,0.013020681048955382,0.013016438356164384,4.242692790998416e-06
2012-11-28,10,c0006_0044,0.01301643836480559,0.013016438356164384,8.641205985320916e-12
2012-11-28,11,c0021_0029,0.013016438356172172,0.013016438356164384,7.787963402281717e-15
2012-11-28,12,c0040_0083,0.013016438356164384,0.013016438356164384,5.560101303688711e-160
2012-11-28,13,c0023_0041,0.013016438356164384,0.013016438356164384,3.136039972569025e-119
2012-11-28,14,c0015_0047,0.013016438356164384,0.013016438356164384,4.3904779913285617e-95
2012-11-28,15,c0048_0021,0.013016438356164384,0.013016438356164384,6.209534372442959e-48
2012-11-28,16,c0017_0047,0.013016438356164384,0.013016438356164384,5.969600062698885e-43
2012-11-28,17,c0018_0044,0.013016438356164384,0.013016438356164384,1.3160537850025332e-19
2012-11-28,18,c0007_0030,0.010478697171340525,0.010413698630136985,6.499854120354107e-05
2012-11-28,19,c0007_0044,0.010413698630136985,0.010413698630136985,3.19016885938595e-109
2012-11-28,20,c0040_0012,0.010413698630136985,0.010413698630136985,1.0750051848947425e-31
2012-11-29,1,c0040_0008,0.023715577544288505,0.007810958904109587,0.01590461864017892
2012-11-29,2,c0042_0075,0.023427397260273968,0.023427397260273968,1.0519966966631948e-224
2012-11-29,3,c0053_0022,0.018221921597287277,0.018221917808219176,3.789068102154627e-09
2012-11-29,4,c0019_0024,0.018221917808219176,0.018221917808219176,1.2839106013409288e-32
2012-11-29,5,c0025_0043,0.015619178086628327,0.01561917808219178,4.43654631171535e-12
2012-11-29,6,c0030_0014,0.015619178082192035,0.01561917808219178,2.5505955160040706e-16
2012-11-29,7,c0035_0095,0.01561917808219178,0.01561917808219178,1.0327898867395562e-138
2012-11-29,8,c0014_0047,0.01561917808219178,0.01561917808219178,3.309917936375926e-134
2012-11-29,9,c0023_0031,0.01301701254219494,0.013016438356164384,5.741860305557057e-07
2012-11-29,10,c0006_0044,0.013016438357333845,0.013016438356164384,1.1694600595293191e-12
2012-11-29,11,c0021_0029,0.013016438356165439,0.013016438356164384,1.05398623288417e-15
2012-11-29,12,c0048_0021,0.013016438356164384,0.013016438356164384,8.403690930620499e-49
2012-11-29,13,c0015_0047,0.013016438356164384,0.013016438356164384,5.941865825005655e-96
2012-11-29,14,c0023_0041,0.013016438356164384,0.013016438356164384,4.2441685792896816e-120
2012-11-29,15,c0040_0083,0.013016438356164384,0.013016438356164384,7.524778847589712e-161
2012-11-29,16,c0018_0044,0.013016438356164384,0.013016438356164384,1.7810851174793405e-20
2012-11-29,17,c0017_0047,0.013016438356164384,0.013016438356164384,8.078975152946545e-44
2012-11-29,18,c0007_0030,0.010422495226120734,0.010413698630136985,8.796595983747873e-06
2012-11-29,19,c0015_0049,0.010413698630136985,0.010413698630136985,7.473101812339933e-117
2012-11-29,20,c0035_0019,0.010413698630136985,0.010413698630136985,2.5995897374733783e-47
2012-11-30,1,c0042_0075,0.023427397260273968,0.023427397260273968,1.423722709068944e-225
2012-11-30,2,c0053_0022,0.01822191832101378,0.018221917808219176,5.127946048079111e-10
2012-11-30,3,c0019_0024,0.018221917808219176,0.018221917808219176,1.737584048829643e-33
2012-11-30,4,c0025_0043,0.015619178082792201,0.01561917808219178,6.004212516883462e-13
2012-11-30,5,c0030_0014,0.015619178082191815,0.01561917808219178,3.451855665804452e-17
2012-11-30,6,c0014_0047,0.01561917808219178,0.01561917808219178,4.479486814093806e-135
2012-11-30,7,c0035_0095,0.01561917808219178,0.01561917808219178,1.3977291184580699e-139
2012-11-30,8,c0023_0031,0.01301651606379346,0.013016438356164384,7.770762907576278e-08
2012-11-30,9,c0006_0044,0.013016438356322654,0.013016438356164384,1.5826920839030637e-13
2012-11-30,10,c0021_0029,0.013016438356164527,0.013016438356164384,1.426415253548696e-16
2012-11-30,11,c0015_0047,0.013016438356164384,0.013016438356164384,8.041440943810896e-97
2012-11-30,12,c0018_0044,0.013016438356164384,0.013016438356164384,2.4104365884258216e-21
2012-11-30,13,c0048_0021,0.013016438356164384,0.013016438356164384,1.1373158923284784e-49
2012-11-30,14,c0017_0047,0.013016438356164384,0.013016438356164384,1.0933703905855771e-44
2012-11-30,15,c0023_0041,0.013016438356164384,0.013016438356164384,5.743857567821013e-121
2012-11-30,16,c0040_0083,0.013016438356164384,0.013016438356164384,1.0183680766314259e-161
2012-11-30,17,c0007_0030,0.010414889119945963,0.010413698630136985,1.190489808978568e-06
2012-11-30,18,c0052_0016,0.010413698630136985,0.010413698630136985,1.515786708454121e-93
2012-11-30,19,c0035_0019,0.010413698630136985,0.010413698630136985,3.5181621341995135e-48
2012-11-30,20,c0022_0093,0.010413698630136985,0.010413698630136985,3.388157092058344e-56
2012-12-01,1,c0032_0093,0.027340699771446365,2.7397260273972604e-06,0.02733796004541897
2012-12-01,2,c0035_0087,0.026225022780464128,2.7397260273972604e-06,0.026222283054436732
2012-12-01,3,c0042_0075,0.023427397260273968,0.023427397260273968,1.9267991608224304e-226
2012-12-01,4,c0053_0022,0.018221917877618378,0.018221917808219176,6.939920308388551e-11
2012-12-01,5,c0019_0024,0.018221917808219176,0.018221917808219176,2.3515642939578002e-34
2012-12-01,6,c0025_0043,0.015619178082273038,0.01561917808219178,8.125818015852384e-14
2012-12-01,7,c0030_0014,0.015619178082191786,0.01561917808219178,4.671578642235518e-18
2012-12-01,8,c0035_0095,0.01561917808219178,0.01561917808219178,1.8916206613458388e-140
2012-12-01,9,c0014_0047,0.01561917808219178,0.01561917808219178,6.062326167400571e-136
2012-12-01,10,c0023_0031,0.013016448872748375,0.013016438356164384,1.0516583990613997e-08
2012-12-01,11,c0006_0044,0.013016438356185803,0.013016438356164384,2.141940814513659e-14
2012-12-01,12,c0021_0029,0.013016438356164403,0.013016438356164384,1.930443123520375e-17
2012-12-01,13,c0040_0083,0.013016438356164384,0.013016438356164384,1.378211320900385e-162
2012-12-01,14,c0048_0021,0.013016438356164384,0.013016438356164384,1.5391896841777554e-50
2012-12-01,15,c0015_0047,0.013016438356164384,0.013016438356164384,1.0882906877611418e-97
2012-12-01,16,c0018_0044,0.013016438356164384,0.013016438356164384,3.2621711841850296e-22
2012-12-01,17,c0017_0047,0.013016438356164384,0.013016438356164384,1.47971591492425e-45
2012-12-01,18,c0023_0041,0.013016438356164384,0.013016438356164384,7.77346590811818e-122
2012-12-01,19,c0007_0030,0.010413859745412474,0.010413698630136985,1.6111527548841547e-07
2012-12-01,20,c0054_0014,0.010413698630136985,0.010413698630136985,5.519260649737591e-32
2012-12-02,1,c0008_0052,0.036598883770923726,2.7397260273972604e-06,0.03659614404489633
2012-12-02,2,c0042_0075,0.023427397260273968,0.023427397260273968,2.607639101699713e-227
2012-12-02,3,c0053_0022,0.018221917817611337,0.018221917808219176,9.392160805752852e-12
2012-12-02,4,c0019_0024,0.018221917808219176,0.018221917808219176,3.18249619771884e-35
2012-12-02,5,c0025_0043,0.015619178082202777,0.01561917808219178,1.0997098827045527e-14
2012-12-02,6,c0014_0047,0.01561917808219178,0.01561917808219178,8.204466289378849e-137
2012-12-02,7,c0030_0014,0.01561917808219178,0.01561917808219178,6.322294187090544e-19
2012-12-02,8,c0035_0095,0.01561917808219178,0.01561917808219178,2.5600301797946766e-141
2012-12-02,9,c0023_0031,0.013016439779429257,0.013016438356164384,1.423264873051372e-09
2012-12-02,10,c0006_0044,0.013016438356167283,0.013016438356164384,2.898801668082669e-15
2012-12-02,11,c0021_0029,0.013016438356164388,0.013016438356164384,2.612570668938012e-18
2012-12-02,12,c0015_0047,0.013016438356164384,0.013016438356164384,1.4728412847192217e-98
2012-12-02,13,c0018_0044,0.013016438356164384,0.013016438356164384,4.4148686117799724e-23
2012-12-02,14,c0048_0021,0.013016438356164384,0.013016438356164384,2.0830667186306893e-51
2012-12-02,15,c0023_0041,0.013016438356164384,0.013016438356164384,1.0520242104053267e-122
2012-12-02,16,c0017_0047,0.013016438356164384,0.013016438356164384,2.002577724559968e-46
2012-12-02,17,c0040_0083,0.013016438356164384,0.013016438356164384,1.865206194739597e-163
2012-12-02,18,c0007_0030,0.010413720434718427,0.010413698630136985,2.1804581441969587e-08
2012-12-02,19,c0007_0044,0.010413698630136985,0.010413698630136985,1.0701824290223698e-112
2012-12-02,20,c0039_0088,0.010413698630136985,0.010413698630136985,1.2313146197712545e-177
2012-12-03,1,c0009_0028,0.030980706861496607,2.7397260273972604e-06,0.03097796713546921
2012-12-03,2,c0042_0075,0.023427397260273968,0.023427397260273968,3.5290557640739695e-228
2012-12-03,3,c0053_0022,0.018221917809490267,0.018221917808219176,1.2710907428503743e-12
2012-12-03,4,c0019_0024,0.018221917808219176,0.018221917808219176,4.3070402431772216e-36
2012-12-03,5,c0025_0043,0.015619178082193269,0.01561917808219178,1.4882954845392277e-15
2012-12-03,6,c0030_0014,0.01561917808219178,0.01561917808219178,8.556294745150889e-20
2012-12-03,7,c0014_0047,0.01561917808219178,0.01561917808219178,1.1103537690783273e-137
2012-12-03,8,c0035_0095,0.01561917808219178,0.01561917808219178,3.464624094767891e-142
2012-12-03,9,c0023_0031,0.013016438548782339,0.013016438356164384,1.9261795471512902e-10
2012-12-03,10,c0006_0044,0.013016438356164776,0.013016438356164384,3.9231014479673326e-16
2012-12-03,11,c0015_0047,0.013016438356164384,0.013016438356164384,1.9932739243005235e-99
2012-12-03,12,c0017_0047,0.013016438356164384,0.013016438356164384,2.710194235566546e-47
2012-12-03,13,c0021_0029,0.013016438356164384,0.013016438356164384,3.5357299145639255e-19
2012-12-03,14,c0018_0044,0.013016438356164384,0.013016438356164384,5.974874940276736e-24
2012-12-03,15,c0023_0041,0.013016438356164384,0.013016438356164384,1.4237599448697872e-123
2012-12-03,16,c0048_0021,0.013016438356164384,0.013016438356164384,2.819124243666457e-52
2012-12-03,17,c0040_0083,0.013016438356164384,0.013016438356164384,2.5242820865976796e-164
2012-12-03,18,c0007_0030,0.01041370158106619,0.010413698630136985,2.950929205304743e-09
2012-12-03,19,c0015_0049,0.010413698630136985,0.010413698630136985,2.506946372550579e-120
2012-12-03,20,c0054_0014,0.010413698630136985,0.010413698630136985,1.0108878499339408e-33
2012-12-04,1,c0031_0096,0.03229872349218809,2.7397260273972604e-06,0.03229598376616069
2012-12-04,2,c0042_0075,0.023427397260273968,0.023427397260273968,4.776057613887513e-229
2012-12-04,3,c0053_0022,0.0182219178083912,0.018221917808219176,1.7202342570309185e-13
2012-12-04,4,c0019_0024,0.018221917808219176,0.018221917808219176,5.828945112218786e-37
2012-12-04,5,c0025_0043,0.015619178082191982,0.01561917808219178,2.014188909398881e-16
2012-12-04,6,c0014_0047,0.01561917808219178,0.01561917808219178,1.5027004183105588e-138
2012-12-04,7,c0035_0095,0.01561917808219178,0.01561917808219178,4.688858831738054e-143
2012-12-04,8,c0030_0014,0.01561917808219178,0.01561917808219178,1.1579685727909362e-20
2012-12-04,9,c0023_0031,0.01301643838223239,0.013016438356164384,2.606800545782902e-11
2012-12-04,10,c0006_0044,0.013016438356164438,0.013016438356164384,5.309340456266245e-17
2012-12-04,11,c0040_0083,0.013016438356164384,0.013016438356164384,3.4162443115880463e-165
2012-12-04,12,c0017_0047,0.013016438356164384,0.013016438356164384,3.667849044966335e-48
2012-12-04,13,c0023_0041,0.013016438356164384,0.013016438356164384,1.9268495539989675e-124
2012-12-04,14,c0048_0021,0.013016438356164384,0.013016438356164384,3.8152697799580153e-53
2012-12-04,15,c0018_0044,0.013016438356164384,0.013016438356164384,8.086113923456915e-25
2012-12-04,16,c0021_0029,0.013016438356164384,0.013016438356164384,4.785090094356732e-20
2012-12-04,17,c0015_0047,0.013016438356164384,0.013016438356164384,2.6976029111336586e-100
2012-12-04,18,c0007_0030,0.010413699029501825,0.010413698630136985,3.9936483981110985e-10
2012-12-04,19,c0023_0028,0.010413698630136985,0.010413698630136985,1.116522818989037e-65
2012-12-04,20,c0015_0028,0.010413698630136985,0.010413698630136985,5.337972885122816e-90
2012-12-05,1,c0042_0075,0.023427397260273968,0.023427397260273968,6.463691099298469e-230
2012-12-05,2,c0053_0022,0.018221917808242456,0.018221917808219176,2.3280839040860332e-14
2012-12-05,3,c0019_0024,0.018221917808219176,0.018221917808219176,7.888619377327983e-38
2012-12-05,4,c0025_0043,0.015619178082191808,0.01561917808219178,2.7259082654554146e-17
2012-12-05,5,c0014_0047,0.01561917808219178,0.01561917808219178,2.033683867318358e-139
2012-12-05,6,c0030_0014,0.01561917808219178,0.01561917808219178,1.5671400477775808e-21
2012-12-05,7,c0040_0007,0.014854858014387757,0.005208219178082191,0.009646638836305566
2012-12-05,8,c0023_0031,0.013016438359692305,0.013016438356164384,3.5279209020488487e-12
2012-12-05,9,c0006_0044,0.013016438356164391,0.013016438356164384,7.185410944483961e-18
2012-12-05,10,c0015_0047,0.013016438356164384,0.013016438356164384,3.6508085403818446e-101
2012-12-05,11,c0048_0021,0.013016438356164384,0.013016438356164384,5.1634061629470713e-54
2012-12-05,12,c0040_0083,0.013016438356164384,0.013016438356164384,4.6233839151423516e-166
2012-12-05,13,c0018_0044,0.013016438356164384,0.013016438356164384,1.0943365181145587e-25
2012-12-05,14,c0021_0029,0.013016438356164384,0.013016438356164384,6.4759152323247686e-21
2012-12-05,15,c0035_0095,0.013016438356164384,0.013016438356164384,6.345680380497624e-144
2012-12-05,16,c0017_0047,0.013016438356164384,0.013016438356164384,4.963893893696582e-49
2012-12-05,17,c0023_0041,0.013016438356164384,0.013016438356164384,2.60770730144791e-125
2012-12-05,18,c0040_0008,0.01041379635149131,0.010413698630136985,9.772135432396143e-08
2012-12-05,19,c0007_0030,0.010413698684185138,0.010413698630136985,5.404815371058098e-11
2012-12-05,20,c0015_0049,0.010413698630136985,0.010413698630136985,4.591632447305845e-122
2012-12-06,1,c0035_0095,0.049612582401060715,0.013016438356164384,0.03659614404489633
2012-12-06,2,c0042_0075,0.023427397260273968,0.023427397260273968,8.747654656775309e-231
2012-12-06,3,c0053_0022,0.018221917808222327,0.018221917808219176,3.150718945580824e-15
2012-12-06,4,c0019_0024,0.018221917808219176,0.018221917808219176,1.0676085377765142e-38
2012-12-06,5,c0025_0043,0.015619178082191784,0.01561917808219178,3.689115671824322e-18
2012-12-06,6,c0030_0014,0.01561917808219178,0.01561917808219178,2.1208934223741764e-22
2012-12-06,7,c0014_0047,0.01561917808219178,0.01561917808219178,2.752291821972599e-140
2012-12-06,8,c0023_0031,0.013016438356641836,0.013016438356164384,4.77452174515147e-13
2012-12-06,9,c0006_0044,0.013016438356164386,0.013016438356164384,9.724396253431936e-19
2012-12-06,10,c0018_0044,0.013016438356164384,0.013016438356164384,1.4810234263520234e-26
2012-12-06,11,c0023_0041,0.013016438356164384,0.013016438356164384,3.529148062396358e-126
2012-12-06,12,c0017_0047,0.013016438356164384,0.013016438356164384,6.717899860599191e-50
2012-12-06,13,c0040_0083,0.013016438356164384,0.013016438356164384,6.257069716673895e-167
2012-12-06,14,c0021_0029,0.013016438356164384,0.013016438356164384,8.76419822182967e-22
2012-12-06,15,c0048_0021,0.013016438356164384,0.013016438356164384,6.987910355281134e-55
2012-12-06,16,c0015_0047,0.013016438356164384,0.013016438356164384,4.940832078552215e-102
2012-12-06,17,c0040_0008,0.01041371185528415,0.010413698630136985,1.3225147165698706e-08
2012-12-06,18,c0007_0030,0.010413698637451608,0.010413698630136985,7.314622190837457e-12
2012-12-06,19,c0052_0016,0.010413698630136985,0.010413698630136985,9.313315419094513e-99
2012-12-06,20,c0023_0028,0.010413698630136985,0.010413698630136985,2.0449828763634715e-67
2012-12-07,1,c0030_0014,0.04999807384657097,0.01561917808219178,0.03437889576437919
2012-12-07,2,c0042_0075,0.023427397260273968,0.023427397260273968,1.1838663206307604e-231
2012-12-07,3,c0053_0022,0.018221917808219603,0.018221917808219176,4.2640344089914244e-16
2012-12-07,4,c0019_0024,0.018221917808219176,0.018221917808219176,1.4448510384581045e-39
2012-12-07,5,c0035_0095,0.017969187875848305,0.013016438356164384,0.004952749519683921
2012-12-07,6,c0014_0047,0.01561917808219178,0.01561917808219178,3.724821932764745e-141
2012-12-07,7,c0025_0043,0.01561917808219178,0.01561917808219178,4.992675143389713e-19
2012-12-07,8,c0023_0031,0.013016438356229001,0.013016438356164384,6.461612526994405e-14
2012-12-07,9,c0040_0083,0.013016438356164384,0.013016438356164384,8.468023023372934e-168
2012-12-07,10,c0048_0021,0.013016438356164384,0.013016438356164384,9.45710827164031e-56
2012-12-07,11,c0015_0047,0.013016438356164384,0.013016438356164384,6.686689087754058e-103
2012-12-07,12,c0006_0044,0.013016438356164384,0.013016438356164384,1.3160539212632665e-19
2012-12-07,13,c0021_0029,0.013016438356164384,0.013016438356164384,1.1861052486931357e-22
2012-12-07,14,c0017_0047,0.013016438356164384,0.013016438356164384,9.091688803893925e-51
2012-12-07,15,c0023_0041,0.013016438356164384,0.013016438356164384,4.77618252608354e-127
2012-12-07,16,c0018_0044,0.013016438356164384,0.013016438356164384,2.004347248854097e-27
2012-12-07,17,c0040_0008,0.010413700419966022,0.010413698630136985,1.7898290375157197e-09
2012-12-07,18,c0007_0030,0.010413698631126912,0.010413698630136985,9.899264659657995e-13
2012-12-07,19,c0015_0049,0.010413698630136985,0.010413698630136985,8.409868181464863e-124
2012-12-07,20,c0039_0088,0.010413698630136985,0.010413698630136985,5.59015972531357e-182
2012-12-08,1,c0040_0012,0.03775165867555596,0.010413698630136985,0.027337960045418972
2012-12-08,2,c0036_0021,0.032546179223501163,0.005208219178082191,0.027337960045418972
2012-12-08,3,c0016_0025,0.03229872349218809,2.7397260273972604e-06,0.03229598376616069
2012-12-08,4,c0036_0019,0.024128404789091066,2.7397260273972604e-06,0.02412566506306367
2012-12-08,5,c0042_0075,0.023427397260273968,0.023427397260273968,1.6021888381685053e-232
2012-12-08,6,c0033_0013,0.021394566295287215,0.0026054794520547946,0.01878908684323242
2012-12-08,7,c0030_0014,0.020271855677826023,0.01561917808219178,0.004652677595634244
2012-12-08,8,c0053_0022,0.018221917808219235,0.018221917808219176,5.77074304471517e-17
2012-12-08,9,c0019_0024,0.018221917808219176,0.018221917808219176,1.9553932452444155e-40
2012-12-08,10,c0014_0047,0.01561917808219178,0.01561917808219178,5.040998312766639e-142
2012-12-08,11,c0025_0043,0.01561917808219178,0.01561917808219178,6.756851046390428e-20
2012-12-08,12,c0035_0095,0.013686720115210806,0.013016438356164384,0.000670281759046421
2012-12-08,13,c0023_0031,0.01301643835617313,0.013016438356164384,8.744841615060325e-15
2012-12-08,14,c0017_0047,0.013016438356164384,0.013016438356164384,1.2304262793741252e-51
2012-12-08,15,c0015_0047,0.013016438356164384,0.013016438356164384,9.04944961606363e-104
2012-12-08,16,c0021_0029,0.013016438356164384,0.013016438356164384,1.6052188978031846e-23
2012-12-08,17,c0040_0083,0.013016438356164384,0.013016438356164384,1.1460222943223337e-168
2012-12-08,18,c0048_0021,0.013016438356164384,0.013016438356164384,1.2798804265417546e-56
2012-12-08,19,c0023_0041,0.013016438356164384,0.013016438356164384,6.463860149572763e-128
2012-12-08,20,c0018_0044,0.013016438356164384,0.013016438356164384,2.7125890262819466e-28
2012-12-09,1,c0021_0031,0.042051578462457884,2.7397260273972604e-06,0.042048838736430484
2012-12-09,2,c0011_0026,0.040758676167948586,0.0026054794520547946,0.03815319671589379
2012-12-09,3,c0006_0031,0.03367281765150443,2.7397260273972604e-06,0.03367007792547703
2012-12-09,4,c0034_0093,0.027404902568571716,0.005208219178082191,0.022196683390489524
2012-12-09,5,c0052_0013,0.024128404789091062,2.7397260273972604e-06,0.024125665063063666
2012-12-09,6,c0042_0075,0.023427397260273968,0.023427397260273968,2.1683268021207403e-233
2012-12-09,7,c0053_0022,0.018221917808219183,0.018221917808219176,7.8098514444224e-18
2012-12-09,8,c0019_0024,0.018221917808219176,0.018221917808219176,2.6463369868411227e-41
2012-12-09,9,c0030_0014,0.016248849522405583,0.01561917808219178,0.0006296714402138026
2012-12-09,10,c0052_0023,0.01606844847232086,0.0026054794520547946,0.013462969020266065
2012-12-09,11,c0025_0043,0.01561917808219178,0.01561917808219178,9.144403501508515e-21
2012-12-09,12,c0014_0047,0.01561917808219178,0.01561917808219178,6.8222493445355985e-143
2012-12-09,13,c0040_0012,0.014113489195994963,0.010413698630136985,0.003699790565857978
2012-12-09,14,c0035_0095,0.013107151127873267,0.013016438356164384,9.071277170888237e-05
2012-12-09,15,c0023_0031,0.013016438356165567,0.013016438356164384,1.1834856168335068e-15
2012-12-09,16,c0021_0029,0.013016438356164384,0.013016438356164384,2.1724275419095727e-24
2012-12-09,17,c0018_0044,0.013016438356164384,0.013016438356164384,3.6710900417639464e-29
2012-12-09,18,c0017_0047,0.013016438356164384,0.013016438356164384,1.6652008902086878e-52
2012-12-09,19,c0048_0021,0.013016438356164384,0.013016438356164384,1.73212980035025e-57
2012-12-09,20,c0040_0083,0.013016438356164384,0.013016438356164384,1.5509725179758573e-169
2012-12-10,1,c0053_0028,0.028503845365586578,2.7397260273972604e-06,0.028501105639559182
2012-12-10,2,c0042_0075,0.023427397260273968,0.023427397260273968,2.934511219145491e-234
2012-12-10,3,c0036_0015,0.023027414028770156,0.0026054794520547946,0.020421934576715362
2012-12-10,4,c0026_0017,0.021273927924375654,0.007810958904109587,0.013462969020266067
2012-12-10,5,c0053_0022,0.018221917808219176,0.018221917808219176,1.0569484572667744e-18
2012-12-10,6,c0019_0024,0.018221917808219176,0.018221917808219176,3.581427656536676e-42
2012-12-10,7,c0030_0014,0.015704394844899123,0.01561917808219178,8.521676270734081e-05
2012-12-10,8,c0025_0043,0.01561917808219178,0.01561917808219178,1.2375604379065276e-21
2012-12-10,9,c0014_0047,0.01561917808219178,0.01561917808219178,9.232910473535206e-144
2012-12-10,10,c0035_0095,0.013028714994816785,0.013016438356164384,1.2276638652399783e-05
2012-12-10,11,c0023_0031,0.013016438356164544,0.013016438356164384,1.6016736116061997e-16
2012-12-10,12,c0048_0021,0.013016438356164384,0.013016438356164384,2.3441827713297848e-58
2012-12-10,13,c0017_0047,0.013016438356164384,0.013016438356164384,2.253604341222524e-53
2012-12-10,14,c0021_0029,0.013016438356164384,0.013016438356164384,2.940060966953504e-25
2012-12-10,15,c0018_0044,0.013016438356164384,0.013016438356164384,4.968280105892321e-30
2012-12-10,16,c0040_0083,0.013016438356164384,0.013016438356164384,2.0990130501246498e-170
2012-12-10,17,c0006_0044,0.013016438356164384,0.013016438356164384,3.262171521941619e-22
2012-12-10,18,c0015_0047,0.013016438356164384,0.013016438356164384,1.6574645130961563e-105
2012-12-10,19,c0023_0041,0.013016438356164384,0.013016438356164384,1.1838972832685405e-129
2012-12-10,20,c0040_0012,0.010914410834283522,0.010413698630136985,0.000500712204146537
2012-12-11,1,c0042_0075,0.023427397260273968,0.023427397260273968,3.971429070040727e-235
2012-12-11,2,c0019_0024,0.018221917808219176,0.018221917808219176,4.846935262888291e-43
2012-12-11,3,c0053_0022,0.018221917808219176,0.018221917808219176,1.4304241883069975e-19
2012-12-11,4,c0030_0014,0.015630710916909287,0.01561917808219178,1.1532834717505184e-05
2012-12-11,5,c0014_0047,0.01561917808219178,0.01561917808219178,1.2495385540341749e-144
2012-12-11,6,c0025_0043,0.01561917808219178,0.01561917808219178,1.6748559238650636e-22
2012-12-11,7,c0035_0095,0.0130180998185336,0.013016438356164384,1.661462369216072e-06
2012-12-11,8,c0023_0031,0.013016438356164405,0.013016438356164384,2.1676295187933344e-17
2012-12-11,9,c0021_0029,0.013016438356164384,0.013016438356164384,3.9789398369556187e-26
2012-12-11,10,c0015_0047,0.013016438356164384,0.013016438356164384,2.243134293345027e-106
2012-12-11,11,c0018_0044,0.013016438356164384,0.013016438356164384,6.723835953297653e-31
2012-12-11,12,c0023_0041,0.013016438356164384,0.013016438356164384,1.6022307415420422e-130
2012-12-11,13,c0040_0083,0.013016438356164384,0.013016438356164384,2.840705256559658e-171
2012-12-11,14,c0048_0021,0.013016438356164384,0.013016438356164384,3.172506393163041e-59
2012-12-11,15,c0006_0044,0.013016438356164384,0.013016438356164384,4.414869068883809e-23
2012-12-11,16,c0017_0047,0.013016438356164384,0.013016438356164384,3.0499218182261024e-54
2012-12-11,17,c0040_0012,0.010481462658105185,0.010413698630136985,6.776402796820022e-05
2012-12-11,18,c0040_0008,0.010413698630737406,0.010413698630136985,6.004207524212469e-13
2012-12-11,19,c0007_0030,0.010413698630137316,0.010413698630136985,3.320833337031337e-16
2012-12-11,20,c0052_0016,0.010413698630136985,0.010413698630136985,4.228238658827581e-103
2012-12-12,1,c0005_0046,0.04238197661131481,0.0026054794520547946,0.039776497159260016
2012-12-12,2,c0042_0075,0.023427397260273968,0.023427397260273968,5.3747447804807885e-236
2012-12-12,3,c0030_0014,0.01822347860767219,0.018221917808219176,1.5607994530146043e-06
2012-12-12,4,c0019_0024,0.018221917808219176,0.018221917808219176,6.559613566325123e-44
2012-12-12,5,c0053_0022,0.018221917808219176,0.018221917808219176,1.935868626730293e-20
2012-12-12,6,c0035_0095,0.015619402936672105,0.01561917808219178,2.2485448032483068e-07
2012-12-12,7,c0025_0043,0.01561917808219178,0.01561917808219178,2.26667100836797e-23
2012-12-12,8,c0014_0047,0.01561917808219178,0.01561917808219178,1.6910665412528246e-145
2012-12-12,9,c0040_0012,0.013025609220082715,0.013016438356164384,9.170863918330114e-06
2012-12-12,10,c0023_0031,0.013016438356164388,0.013016438356164384,2.9335675487793932e-18
2012-12-12,11,c0018_0044,0.013016438356164384,0.013016438356164384,9.099722431760637e-32
2012-12-12,12,c0048_0021,0.013016438356164384,0.013016438356164384,4.2935205128868466e-60
2012-12-12,13,c0021_0029,0.013016438356164384,0.013016438356164384,5.384909498158298e-27
2012-12-12,14,c0015_0047,0.013016438356164384,0.013016438356164384,3.035752149276082e-107
2012-12-12,15,c0023_0041,0.013016438356164384,0.013016438356164384,2.1683835121700021e-131
2012-12-12,16,c0026_0017,0.010660281509082393,0.010413698630136985,0.0002465828789454086
2012-12-12,17,c0040_0008,0.010413698630218243,0.010413698630136985,8.125811259006956e-14
2012-12-12,18,c0007_0030,0.01041369863013703,0.010413698630136985,4.494259202487216e-17
2012-12-12,19,c0015_0049,0.010413698630136985,0.010413698630136985,3.818074247502609e-128
2012-12-12,20,c0023_0028,0.010413698630136985,0.010413698630136985,1.2564809051297098e-72
2012-12-13,1,c0052_0009,0.04238197661131481,0.0026054794520547946,0.039776497159260016
2012-12-13,2,c0030_0104,0.027723042673828666,2.7397260273972604e-06,0.02772030294780127
2012-12-13,3,c0042_0075,0.023427397260273968,0.023427397260273968,7.273926071908732e-237
2012-12-13,4,c0013_0028,0.02179011156134339,0.0026054794520547946,0.019184632109288596
2012-12-13,5,c0030_0014,0.018222129039455224,0.018221917808219176,2.1123123604928168e-07
2012-12-13,6,c0019_0024,0.018221917808219176,0.018221917808219176,8.877471599213377e-45
2012-12-13,7,c0053_0022,0.018221917808219176,0.018221917808219176,2.619913289074167e-21
2012-12-13,8,c0035_0095,0.015619208512936562,0.01561917808219178,3.043074478178232e-08
2012-12-13,9,c0014_0047,0.01561917808219178,0.01561917808219178,2.2886096933240996e-146
2012-12-13,10,c0025_0043,0.01561917808219178,0.01561917808219178,3.0676056292169765e-24
2012-12-13,11,c0040_0012,0.013017679497630295,0.013016438356164384,1.2411414659116377e-06
2012-12-13,12,c0021_0029,0.013016438356164384,0.013016438356164384,7.2876825213677905e-28
2012-12-13,13,c0015_0047,0.013016438356164384,0.013016438356164384,4.1084437695843426e-108
2012-12-13,14,c0023_0041,0.013016438356164384,0.013016438356164384,2.934587967851282e-132
2012-12-13,15,c0018_0044,0.013016438356164384,0.013016438356164384,1.2315135126768843e-32
2012-12-13,16,c0048_0021,0.013016438356164384,0.013016438356164384,5.810648146937479e-61
2012-12-13,17,c0023_0031,0.013016438356164384,0.013016438356164384,3.9701519510779483e-19
2012-12-13,18,c0026_0017,0.010447069993900361,0.010413698630136985,3.337136376337625e-05
2012-12-13,19,c0040_0008,0.010413698630147981,0.010413698630136985,1.0997089682649627e-14
2012-12-13,20,c0007_0030,0.010413698630136992,0.010413698630136985,6.082318421073605e-18
2012-12-14,1,c0042_0075,0.023427397260273968,0.023427397260273968,9.844188451839499e-238
2012-12-14,2,c0030_0014,0.018221946395258336,0.018221917808219176,2.8587039159149327e-08
2012-12-14,3,c0053_0022,0.018221917808219176,0.018221917808219176,3.54566707032218e-22
2012-12-14,4,c0019_0024,0.018221917808219176,0.018221917808219176,1.2014351333045275e-45
2012-12-14,5,c0035_0095,0.015619182200545244,0.01561917808219178,4.118353464143584e-09
2012-12-14,6,c0014_0047,0.01561917808219178,0.01561917808219178,3.0972964106407436e-147
2012-12-14,7,c0025_0043,0.01561917808219178,0.01561917808219178,4.15155276688307e-25
2012-12-14,8,c0040_0012,0.01301660632639621,0.013016438356164384,1.6797023182585615e-07
2012-12-14,9,c0048_0021,0.013016438356164384,0.013016438356164384,7.863857127540825e-62
2012-12-14,10,c0023_0031,0.013016438356164384,0.013016438356164384,5.3730163879152465e-20
2012-12-14,11,c0015_0047,0.013016438356164384,0.013016438356164384,5.560174012183937e-109
2012-12-14,12,c0021_0029,0.013016438356164384,0.013016438356164384,9.862805781678218e-29
2012-12-14,13,c0023_0041,0.013016438356164384,0.013016438356164384,3.971532938119089e-133
2012-12-14,14,c0018_0044,0.013016438356164384,0.013016438356164384,1.6666723004784194e-33
2012-12-14,15,c0026_0017,0.010418214953103893,0.010413698630136985,4.516322966908558e-06
2012-12-14,16,c0040_0008,0.010413698630138473,0.010413698630136985,1.4882942469798186e-15
2012-12-14,17,c0052_0016,0.010413698630136985,0.010413698630136985,1.048075577903371e-105
2012-12-14,18,c0006_0044,0.010413698630136985,0.010413698630136985,1.0943366314192717e-25
2012-12-14,19,c0014_0030,0.010413698630136985,0.010413698630136985,1.0487073021803364e-37
2012-12-14,20,c0015_0049,0.010413698630136985,0.010413698630136985,6.993046916763329e-130
2012-12-15,1,c0031_0102,0.03462120871077301,2.7397260273972604e-06,0.03461846898474561
2012-12-15,2,c0042_0075,0.023427397260273968,0.023427397260273968,1.3322660323642902e-238
2012-12-15,3,c0030_0014,0.018221921677054217,0.018221917808219176,3.868835041499613e-09
2012-12-15,4,c0019_0024,0.018221917808219176,0.018221917808219176,1.6259656405618576e-46
2012-12-15,5,c0053_0022,0.018221917808219176,0.018221917808219176,4.79853857224783e-23
2012-12-15,6,c0035_0095,0.015619178639550313,0.01561917808219178,5.573585325383571e-10
2012-12-15,7,c0025_0043,0.01561917808219178,0.01561917808219178,5.618515695778636e-26
2012-12-15,8,c0014_0047,0.01561917808219178,0.01561917808219178,4.1917348700180896e-148
2012-12-15,9,c0040_0012,0.013016461088463284,0.013016438356164384,2.273229889947174e-08
2012-12-15,10,c0018_0044,0.013016438356164384,0.013016438356164384,2.255595678478638e-34
2012-12-15,11,c0023_0041,0.013016438356164384,0.013016438356164384,5.374885350638836e-134
2012-12-15,12,c0023_0031,0.013016438356164384,0.013016438356164384,7.271586946934716e-21
2012-12-15,13,c0021_0029,0.013016438356164384,0.013016438356164384,1.3347856139711232e-29
2012-12-15,14,c0015_0047,0.013016438356164384,0.013016438356164384,7.524877247837666e-110
2012-12-15,15,c0048_0021,0.013016438356164384,0.013016438356164384,1.0642573316879932e-62
2012-12-15,16,c0026_0017,0.0104143098479849,0.010413698630136985,6.112178479145887e-07
2012-12-15,17,c0040_0008,0.010413698630137186,0.010413698630136985,2.0141872345443493e-16
2012-12-15,18,c0023_0028,0.010413698630136985,0.010413698630136985,3.114504778529985e-75
2012-12-15,19,c0014_0030,0.010413698630136985,0.010413698630136985,1.4192709977287983e-38
2012-12-15,20,c0006_0044,0.010413698630136985,0.010413698630136985,1.4810235796932778e-26
2012-12-16,1,c0042_0075,0.023427397260273968,0.023427397260273968,1.8030260083653945e-239
2012-12-16,2,c0030_0014,0.018221918331809063,0.018221917808219176,5.235898861370824e-10
2012-12-16,3,c0019_0024,0.018221917808219176,0.018221917808219176,2.200505204984394e-47
2012-12-16,4,c0053_0022,0.018221917808219176,0.018221917808219176,6.494115767969712e-24
2012-12-16,5,c0050_0029,0.015882755312344055,0.0026054794520547946,0.013277275860289262
2012-12-16,6,c0035_0095,0.015619178157622055,0.01561917808219178,7.543027486542137e-11
2012-12-16,7,c0014_0047,0.01561917808219178,0.01561917808219178,5.67289625886684e-149
2012-12-16,8,c0025_0043,0.01561917808219178,0.01561917808219178,7.603834130575556e-27
2012-12-16,9,c0040_0012,0.013016441432646495,0.013016438356164384,3.0764821101793474e-09
2012-12-16,10,c0018_0044,0.013016438356164384,0.013016438356164384,3.0526168001418605e-35
2012-12-16,11,c0015_0047,0.013016438356164384,0.013016438356164384,1.0183813936568532e-110
2012-12-16,12,c0023_0041,0.013016438356164384,0.013016438356164384,7.274116312930272e-135
2012-12-16,13,c0023_0031,0.013016438356164384,0.013016438356164384,9.841022790430657e-22
2012-12-16,14,c0021_0029,0.013016438356164384,0.013016438356164384,1.806435891269379e-30
2012-12-16,15,c0048_0021,0.013016438356164384,0.013016438356164384,1.4403156742063623e-63
2012-12-16,16,c0026_0017,0.010413781349477551,0.010413698630136985,8.271934056679373e-08
2012-12-16,17,c0040_0008,0.010413698630137013,0.010413698630136985,2.7259059987862917e-17
2012-12-16,18,c0007_0030,0.010413698630136985,0.010413698630136985,1.5076560025414094e-20
2012-12-16,19,c0035_0019,0.010413698630136985,0.010413698630136985,4.455458769605712e-62
2012-12-16,20,c0040_0083,0.010413698630136985,0.010413698630136985,1.2896781912373e-175
2012-12-17,1,c0033_0093,0.039201623496951124,0.0026054794520547946,0.03659614404489633
2012-12-17,2,c0042_0075,0.023427397260273968,0.023427397260273968,2.4401303552510994e-240
2012-12-17,3,c0023_0026,0.02219942311651692,2.7397260273972604e-06,0.022196683390489524
2012-12-17,4,c0030_0014,0.018221917879079362,0.018221917808219176,7.086018554018785e-11
2012-12-17,5,c0053_0022,0.018221917808219176,0.018221917808219176,8.788829968295335e-25
2012-12-17,6,c0019_0024,0.018221917808219176,0.018221917808219176,2.978059951802035e-48
2012-12-17,7,c0035_0095,0.015619178092400158,0.01561917808219178,1.0208377613527351e-11
2012-12-17,8,c0025_0043,0.01561917808219178,0.01561917808219178,1.0290670457456657e-27
2012-12-17,9,c0014_0047,0.01561917808219178,0.01561917808219178,7.677430219656645e-150
2012-12-17,10,c0047_0020,0.014723077672119628,0.007810958904109587,0.006912118768010041
2012-12-17,11,c0040_0012,0.013016438772520962,0.013016438356164384,4.1635657775349384e-10
2012-12-17,12,c0021_0029,0.013016438356164384,0.013016438356164384,2.4447451299372432e-31
2012-12-17,13,c0018_0044,0.013016438356164384,0.013016438356164384,4.1312675926004106e-36
2012-12-17,14,c0023_0031,0.013016438356164384,0.013016438356164384,1.3318376066808937e-22
2012-12-17,15,c0023_0041,0.013016438356164384,0.013016438356164384,9.844445915064833e-136
2012-12-17,16,c0015_0047,0.013016438356164384,0.013016438356164384,1.3782293435344659e-111
2012-12-17,17,c0048_0021,0.013016438356164384,0.013016438356164384,1.9492552971885082e-64
2012-12-17,18,c0026_0017,0.010413709824982369,0.010413698630136985,1.1194845384752857e-08
2012-12-17,19,c0040_0008,0.010413698630136988,0.010413698630136985,3.689112604221245e-18
2012-12-17,20,c0023_0028,0.010413698630136985,0.010413698630136985,5.704414484079223e-77
2012-12-18,1,c0003_0045,0.044984716337342204,0.005208219178082191,0.039776497159260016
2012-12-18,2,c0038_0078,0.039779236885287415,2.7397260273972604e-06,0.039776497159260016
2012-12-18,3,c0042_0075,0.023427397260273968,0.023427397260273968,3.302357327621638e-241
2012-12-18,4,c0030_0014,0.01822191781780906,0.018221917808219176,9.589883280280248e-12
2012-12-18,5,c0053_0022,0.018221917808219176,0.018221917808219176,1.1894387930776787e-25
2012-12-18,6,c0019_0024,0.018221917808219176,0.018221917808219176,4.030365870727415e-49
2012-12-18,7,c0035_0095,0.015619178083573333,0.01561917808219178,1.3815536757130204e-12
2012-12-18,8,c0014_0047,0.01561917808219178,0.01561917808219178,1.0390271933065617e-150
2012-12-18,9,c0025_0043,0.01561917808219178,0.01561917808219178,1.3926908010545395e-28
2012-12-18,10,c0040_0012,0.01301643841251212,0.013016438356164384,5.6347735377695833e-11
2012-12-18,11,c0048_0021,0.013016438356164384,0.013016438356164384,2.6380301774547432e-65
2012-12-18,12,c0023_0041,0.013016438356164384,0.013016438356164384,1.332300876222814e-136
2012-12-18,13,c0023_0031,0.013016438356164384,0.013016438356164384,1.802446197253311e-23
2012-12-18,14,c0015_0047,0.013016438356164384,0.013016438356164384,1.865230585722477e-112
2012-12-18,15,c0018_0044,0.013016438356164384,0.013016438356164384,5.591062697708155e-37
2012-12-18,16,c0021_0029,0.013016438356164384,0.013016438356164384,3.308602746013862e-32
2012-12-18,17,c0026_0017,0.010413700145194556,0.010413698630136985,1.515057570935614e-09
2012-12-18,18,c0035_0019,0.010413698630136985,0.010413698630136985,8.160457390774214e-64
2012-12-18,19,c0040_0008,0.010413698630136985,0.010413698630136985,4.9926709918404e-19
2012-12-18,20,c0052_0016,0.010413698630136985,0.010413698630136985,3.515901876039087e-109
2012-12-19,1,c0002_0028,0.036635981684573715,0.010413698630136985,0.026222283054436732
2012-12-19,2,c0042_0075,0.023427397260273968,0.023427397260273968,4.469254642821777e-242
2012-12-19,3,c0030_0014,0.018221917809517027,0.018221917808219176,1.297849569942781e-12
2012-12-19,4,c0053_0022,0.018221917808219176,0.018221917808219176,1.6097303595378234e-26
2012-12-19,5,c0019_0024,0.018221917808219176,0.018221917808219176,5.454507066620717e-50
2012-12-19,6,c0059_0020,0.016748143868598825,0.007810958904109587,0.008937184964489238
2012-12-19,7,c0035_0095,0.015619178082378754,0.01561917808219178,1.8697295800920453e-13
2012-12-19,8,c0014_0047,0.01561917808219178,0.01561917808219178,1.406170394966862e-151
2012-12-19,9,c0025_0043,0.01561917808219178,0.01561917808219178,1.8848020402174104e-29
2012-12-19,10,c0003_0045,0.013194122413318361,0.007810958904109587,0.005383163509208773
2012-12-19,11,c0040_0012,0.013016438363790222,0.013016438356164384,7.625836727082182e-12
2012-12-19,12,c0023_0031,0.013016438356164384,0.013016438356164384,2.4393456662403217e-24
2012-12-19,13,c0048_0021,0.013016438356164384,0.013016438356164384,3.570185612525693e-66
2012-12-19,14,c0021_0029,0.013016438356164384,0.013016438356164384,4.477706897492224e-33
2012-12-19,15,c0018_0044,0.013016438356164384,0.013016438356164384,7.566680537879928e-38
2012-12-19,16,c0023_0041,0.013016438356164384,0.013016438356164384,1.8030731644000176e-137
2012-12-19,17,c0015_0047,0.013016438356164384,0.013016438356164384,2.524315096203443e-113
2012-12-19,18,c0047_0020,0.010540298501447899,0.010413698630136985,0.00012659987131091412
2012-12-19,19,c0026_0017,0.01041369883517773,0.010413698630136985,2.0504074548234557e-10
2012-12-19,20,c0015_0049,0.010413698630136985,0.010413698630136985,3.174838388468164e-134
2012-12-20,1,c0023_0065,0.027340699771446365,2.7397260273972604e-06,0.02733796004541897
2012-12-20,2,c0036_0030,0.026225022780464128,2.7397260273972604e-06,0.026222283054436732
2012-12-20,3,c0042_0075,0.023427397260273968,0.023427397260273968,6.048478429428314e-243
2012-12-20,4,c0030_0014,0.01822191780839482,0.018221917808219176,1.7564483914672224e-13
2012-12-20,5,c0053_0022,0.018221917808219176,0.018221917808219176,2.178533141426257e-27
2012-12-20,6,c0019_0024,0.018221917808219176,0.018221917808219176,7.381872587772198e-51
2012-12-20,7,c0035_0095,0.015619178082217085,0.01561917808219178,2.5304038229762986e-14
2012-12-20,8,c0025_0043,0.01561917808219178,0.01561917808219178,2.5508021795776868e-30
2012-12-20,9,c0014_0047,0.01561917808219178,0.01561917808219178,1.9030446868177979e-152
2012-12-20,10,c0002_0028,0.01396249873441981,0.010413698630136985,0.003548800104282824
2012-12-20,11,c0040_0012,0.013016438357196429,0.013016438356164384,1.0320447733758303e-12
2012-12-20,12,c0015_0047,0.013016438356164384,0.013016438356164384,3.416288985231502e-114
2012-12-20,13,c0023_0031,0.013016438356164384,0.013016438356164384,3.301295366526376e-25
2012-12-20,14,c0023_0041,0.013016438356164384,0.013016438356164384,2.440194174004119e-138
2012-12-20,15,c0021_0029,0.013016438356164384,0.013016438356164384,6.059917312226443e-34
2012-12-20,16,c0048_0021,0.013016438356164384,0.013016438356164384,4.8317208107844415e-67
2012-12-20,17,c0018_0044,0.013016438356164384,0.013016438356164384,1.0240388537549448e-38
2012-12-20,18,c0047_0020,0.010430832059578567,0.010413698630136985,1.713342944158128e-05
2012-12-20,19,c0026_0017,0.010413698657886232,0.010413698630136985,2.774924736489944e-11
2012-12-20,20,c0035_0019,0.010413698630136985,0.010413698630136985,1.4946399073632234e-65
2012-12-21,1,c0042_0075,0.023427397260273968,0.023427397260273968,8.185725413972232e-244
2012-12-21,2,c0030_0014,0.01822191780824295,0.018221917808219176,2.3770944054970936e-14
2012-12-21,3,c0019_0024,0.018221917808219176,0.018221917808219176,9.990278174827379e-52
2012-12-21,4,c0053_0022,0.018221917808219176,0.018221917808219176,2.9483239973527005e-28
2012-12-21,5,c0035_0095,0.015619178082195205,0.01561917808219178,3.4245291808550493e-15
2012-12-21,6,c0025_0043,0.01561917808219178,0.01561917808219178,3.452135354537153e-31
2012-12-21,7,c0014_0047,0.01561917808219178,0.01561917808219178,2.5754909170241764e-153
2012-12-21,8,c0040_0012,0.013016438356304056,0.013016438356164384,1.3967207171768375e-13
2012-12-21,9,c0023_0041,0.013016438356164384,0.013016438356164384,3.302443696911796e-139
2012-12-21,10,c0015_0047,0.013016438356164384,0.013016438356164384,4.623444374344255e-115
2012-12-21,11,c0018_0044,0.013016438356164384,0.013016438356164384,1.3858858831822169e-39
2012-12-21,12,c0048_0021,0.013016438356164384,0.013016438356164384,6.5390230444774835e-68
2012-12-21,13,c0021_0029,0.013016438356164384,0.013016438356164384,8.201206258406185e-35
2012-12-21,14,c0023_0031,0.013016438356164384,0.013016438356164384,4.4678174347656427e-26
2012-12-21,15,c0002_0028,0.010893976497400221,0.010413698630136985,0.00048027786726323674
2012-12-21,16,c0047_0020,0.010416017387663276,0.010413698630136985,2.3187575262909215e-06
2012-12-21,17,c0026_0017,0.010413698633892438,0.010413698630136985,3.7554522517314944e-12
2012-12-21,18,c0023_0028,0.010413698630136985,0.010413698630136985,1.9136178734743665e-80
2012-12-21,19,c0022_0093,0.010413698630136985,0.010413698630136985,1.948028463571329e-74
2012-12-21,20,c0017_0047,0.010413698630136985,0.010413698630136985,6.28635740379103e-63
2012-12-22,1,c0041_0026,0.055512494072376836,0.005208219178082191,0.05030427489429464
2012-12-22,2,c0040_0006,0.039779236885287415,2.7397260273972604e-06,0.039776497159260016
2012-12-22,3,c0046_0008,0.030980706861496607,2.7397260273972604e-06,0.03097796713546921
2012-12-22,4,c0042_0075,0.023427397260273968,0.023427397260273968,1.1078174673970709e-244
2012-12-22,5,c0030_0014,0.018221917808222392,0.018221917808219176,3.2170474464811666e-15
2012-12-22,6,c0019_0024,0.018221917808219176,0.018221917808219176,1.3520371264028133e-52
2012-12-22,7,c0053_0022,0.018221917808219176,0.018221917808219176,3.990122632550299e-29
2012-12-22,8,c0035_0095,0.015619178082192244,0.01561917808219178,4.634596266430635e-16
2012-12-22,9,c0025_0043,0.01561917808219178,0.01561917808219178,4.671957159774099e-32
2012-12-22,10,c0014_0047,0.01561917808219178,0.01561917808219178,3.4855479272879025e-154
2012-12-22,11,c0040_0012,0.013016438356183288,0.013016438356164384,1.890255938615721e-14
2012-12-22,12,c0015_0047,0.013016438356164384,0.013016438356164384,6.257151539306033e-116
2012-12-22,13,c0048_0021,0.013016438356164384,0.013016438356164384,8.849605358150978e-69
2012-12-22,14,c0021_0029,0.013016438356164384,0.013016438356164384,1.1099125718632821e-35
2012-12-22,15,c0018_0044,0.013016438356164384,0.013016438356164384,1.8755925853408848e-40
2012-12-22,16,c0023_0041,0.013016438356164384,0.013016438356164384,4.469371530945244e-140
2012-12-22,17,c0023_0031,0.013016438356164384,0.013016438356164384,6.046533379834846e-27
2012-12-22,18,c0002_0028,0.010478697171335332,0.010413698630136985,6.499854119834642e-05
2012-12-22,19,c0047_0020,0.010414012439843563,0.010413698630136985,3.1380970657760936e-07
2012-12-22,20,c0026_0017,0.01041369863064523,0.010413698630136985,5.082451941696568e-13
2012-12-23,1,c0004_0033,0.03370932481764137,0.005208219178082191,0.028501105639559182
2012-12-23,2,c0042_0075,0.023427397260273968,0.023427397260273968,1.4992679072464953e-245
2012-12-23,3,c0006_0024,0.020424674302742758,2.7397260273972604e-06,0.020421934576715362
2012-12-23,4,c0030_0014,0.01822191780821961,0.018221917808219176,4.353800273551504e-16
2012-12-23,5,c0053_0022,0.018221917808219176,0.018221917808219176,5.400043766250136e-30
2012-12-23,6,c0019_0024,0.018221917808219176,0.018221917808219176,1.8297832744814068e-53
2012-12-23,7,c0035_0095,0.015619178082191843,0.01561917808219178,6.272243984047378e-17
2012-12-23,8,c0025_0043,0.01561917808219178,0.01561917808219178,6.322806454873484e-33
2012-12-23,9,c0014_0047,0.01561917808219178,0.01561917808219178,4.717176159742967e-155
2012-12-23,10,c0040_0012,0.013016438356166943,0.013016438356164384,2.5581832284224777e-15
2012-12-23,11,c0015_0047,0.013016438356164384,0.013016438356164384,8.468133758263892e-117
2012-12-23,12,c0023_0031,0.013016438356164384,0.013016438356164384,8.18309307559582e-28
2012-12-23,13,c0023_0041,0.013016438356164384,0.013016438356164384,6.048636620301279e-141
2012-12-23,14,c0021_0029,0.013016438356164384,0.013016438356164384,1.5021033228099454e-36
2012-12-23,15,c0048_0021,0.013016438356164384,0.013016438356164384,1.197663847677608e-69
2012-12-23,16,c0018_0044,0.013016438356164384,0.013016438356164384,2.5383385377359935e-41
2012-12-23,17,c0041_0026,0.012016162468913981,0.005208219178082191,0.0068079432908317895
2012-12-23,18,c0002_0028,0.01042249522612003,0.010413698630136985,8.796595983044854e-06
2012-12-23,19,c0047_0020,0.010413741099662506,0.010413698630136985,4.246952552207909e-08
2012-12-23,20,c0026_0017,0.010413698630205769,0.010413698630136985,6.878350730659771e-14
2012-12-24,1,c0042_0075,0.023427397260273968,0.023427397260273968,2.0290384687476802e-246
2012-12-24,2,c0030_0014,0.018221917808219235,0.018221917808219176,5.892227931767345e-17
2012-12-24,3,c0053_0022,0.018221917808219176,0.018221917808219176,7.308164525955668e-31
2012-12-24,4,c0019_0024,0.018221917808219176,0.018221917808219176,2.4763423771355777e-54
2012-12-24,5,c0035_0095,0.015619178082191789,0.01561917808219178,8.488559161101918e-18
2012-12-24,6,c0025_0043,0.01561917808219178,0.01561917808219178,8.556988024205857e-34
2012-12-24,7,c0014_0047,0.01561917808219178,0.01561917808219178,6.384003716558113e-156
2012-12-24,8,c0040_0012,0.013016438356164731,0.013016438356164384,3.4621245178970827e-16
2012-12-24,9,c0048_0021,0.013016438356164384,0.013016438356164384,1.6208617604770043e-70
2012-12-24,10,c0018_0044,0.013016438356164384,0.013016438356164384,3.4352676495491e-42
2012-12-24,11,c0023_0041,0.013016438356164384,0.013016438356164384,8.185939502038213e-142
2012-12-24,12,c0023_0031,0.013016438356164384,0.013016438356164384,1.1074612191373243e-28
2012-12-24,13,c0021_0029,0.013016438356164384,0.013016438356164384,2.03287578643141e-37
2012-12-24,14,c0015_0047,0.013016438356164384,0.013016438356164384,1.146037280660165e-117
2012-12-24,15,c0002_0028,0.010414889119945868,0.010413698630136985,1.1904898088834246e-06
2012-12-24,16,c0047_0020,0.01041370437776225,0.010413698630136985,5.7476252654551245e-09
2012-12-24,17,c0026_0017,0.010413698630146294,0.010413698630136985,9.308835443346018e-15
2012-12-24,18,c0023_0028,0.010413698630136985,0.010413698630136985,4.743384469182234e-83
2012-12-24,19,c0014_0030,0.010413698630136985,0.010413698630136985,2.1615468547667672e-46
2012-12-24,20,c0006_0044,0.010413698630136985,0.010413698630136985,2.255595912017056e-34
2012-12-25,1,c0046_0021,0.031106585091613976,0.0026054794520547946,0.028501105639559182
2012-12-25,2,c0002_0036,0.024802162842544318,0.0026054794520547946,0.022196683390489524
2012-12-25,3,c0042_0075,0.023427397260273968,0.023427397260273968,2.7460049586595015e-247
2012-12-25,4,c0048_0021,0.019032226227860556,0.013016438356164384,0.006015787871696172
2012-12-25,5,c0030_0014,0.018221917808219183,0.018221917808219176,7.974263360404143e-18
2012-12-25,6,c0053_0022,0.018221917808219176,0.018221917808219176,9.890525160599755e-32
2012-12-25,7,c0019_0024,0.018221917808219176,0.018221917808219176,3.351364970004701e-55
2012-12-25,8,c0035_0095,0.015619178082191782,0.01561917808219178,1.1488015583384715e-18
2012-12-25,9,c0014_0047,0.01561917808219178,0.01561917808219178,8.639809511639801e-157
2012-12-25,10,c0025_0043,0.01561917808219178,0.01561917808219178,1.1580623979082024e-34
2012-12-25,11,c0041_0009,0.014635695272733435,2.7397260273972604e-06,0.014632955546706038
2012-12-25,12,c0040_0012,0.013016438356164431,0.013016438356164384,4.6854760223002275e-17
2012-12-25,13,c0018_0044,0.013016438356164384,0.013016438356164384,4.649129203453001e-43
2012-12-25,14,c0023_0041,0.013016438356164384,0.013016438356164384,1.1078464410661176e-142
2012-12-25,15,c0021_0029,0.013016438356164384,0.013016438356164384,2.7511982034154666e-38
2012-12-25,16,c0023_0031,0.013016438356164384,0.013016438356164384,1.4987857776551417e-29
2012-12-25,17,c0015_0047,0.013016438356164384,0.013016438356164384,1.5509927997786084e-118
2012-12-25,18,c0018_0025,0.012650028687918482,2.7397260273972604e-06,0.012647288961891084
2012-12-25,19,c0002_0028,0.01041385974541246,0.010413698630136985,1.6111527547553916e-07
2012-12-25,20,c0047_0020,0.010413699407993478,0.010413698630136985,7.778564932382806e-10
2012-12-26,1,c0047_0016,0.036275557377531825,0.0026054794520547946,0.03367007792547703
2012-12-26,2,c0018_0036,0.02673114451511846,0.0026054794520547946,0.024125665063063666
2012-12-26,3,c0004_0031,0.02673114451511846,0.0026054794520547946,0.024125665063063666
2012-12-26,4,c0042_0075,0.023427397260273968,0.023427397260273968,3.716313588493266e-248
2012-12-26,5,c0053_0022,0.018221917808219176,0.018221917808219176,1.3385370239686122e-32
2012-12-26,6,c0019_0024,0.018221917808219176,0.018221917808219176,4.535579274448484e-56
2012-12-26,7,c0030_0014,0.018221917808219176,0.018221917808219176,1.079199190483641e-18
2012-12-26,8,c0048_0021,0.01643332643769916,0.01561917808219178,0.0008141483555073808
2012-12-26,9,c0035_0095,0.01561917808219178,0.01561917808219178,1.554733842803996e-19
2012-12-26,10,c0014_0047,0.01561917808219178,0.01561917808219178,1.1692710673681531e-157
2012-12-26,11,c0025_0043,0.01561917808219178,0.01561917808219178,1.567267026265775e-35
2012-12-26,12,c0040_0012,0.013016438356164391,0.013016438356164384,6.3411022457635675e-18
2012-12-26,13,c0018_0044,0.013016438356164384,0.013016438356164384,6.291912175529192e-44
2012-12-26,14,c0023_0031,0.013016438356164384,0.013016438356164384,2.02838597729964e-30
2012-12-26,15,c0021_0029,0.013016438356164384,0.013016438356164384,3.72334188099292e-39
2012-12-26,16,c0015_0047,0.013016438356164384,0.013016438356164384,2.0990404985598488e-119
2012-12-26,17,c0023_0041,0.013016438356164384,0.013016438356164384,1.4993071188435633e-143
2012-12-26,18,c0041_0026,0.010430573834387755,0.010413698630136985,1.6875204250770445e-05
2012-12-26,19,c0002_0028,0.010413720434718426,0.010413698630136985,2.1804581440226966e-08
2012-12-26,20,c0047_0020,0.010413698735408414,0.010413698630136985,1.0527142882984104e-10
2012-12-27,1,c0031_0095,0.030980706861496607,2.7397260273972604e-06,0.03097796713546921
2012-12-27,2,c0040_0092,0.025154877173174717,2.7397260273972604e-06,0.02515213744714732
2012-12-27,3,c0042_0075,0.023427397260273968,0.023427397260273968,5.029483520948087e-249
2012-12-27,4,c0019_0024,0.018221917808219176,0.018221917808219176,6.138239057495958e-57
2012-12-27,5,c0030_0014,0.018221917808219176,0.018221917808219176,1.460537281128267e-19
2012-12-27,6,c0053_0022,0.018221917808219176,0.018221917808219176,1.8115128726148475e-33
2012-12-27,7,c0048_0021,0.015729361080480994,0.01561917808219178,0.00011018299828921384
2012-12-27,8,c0014_0047,0.01561917808219178,0.01561917808219178,1.5824363108264546e-158
2012-12-27,9,c0025_0043,0.01561917808219178,0.01561917808219178,2.1210652690708235e-36
2012-12-27,10,c0035_0095,0.01561917808219178,0.01561917808219178,2.104103449734261e-20
2012-12-27,11,c0023_0041,0.013016438356164384,0.013016438356164384,2.0290915358736338e-144
2012-12-27,12,c0018_0044,0.013016438356164384,0.013016438356164384,8.515177163751352e-45
2012-12-27,13,c0021_0029,0.013016438356164384,0.013016438356164384,5.038995280509192e-40
2012-12-27,14,c0015_0047,0.013016438356164384,0.013016438356164384,2.8407424039771796e-120
2012-12-27,15,c0040_0012,0.013016438356164384,0.013016438356164384,8.581748684627333e-19
2012-12-27,16,c0023_0031,0.013016438356164384,0.013016438356164384,2.7451219075102026e-31
2012-12-27,17,c0041_0026,0.010415982440683938,0.010413698630136985,2.283810546953709e-06
2012-12-27,18,c0002_0028,0.01041370158106619,0.010413698630136985,2.9509292050689053e-09
2012-12-27,19,c0047_0020,0.010413698644383924,0.010413698630136985,1.4246938637409454e-11
2012-12-27,20,c0026_0017,0.010413698630137008,0.010413698630136985,2.3074296117422974e-17
2012-12-28,1,c0042_0075,0.023427397260273968,0.023427397260273968,6.806665768413854e-250
2012-12-28,2,c0030_0014,0.018221917808219176,0.018221917808219176,1.9766222661912623e-20
2012-12-28,3,c0019_0024,0.018221917808219176,0.018221917808219176,8.30720321420254e-58
2012-12-28,4,c0053_0022,0.018221917808219176,0.018221917808219176,2.451616077021003e-34
2012-12-28,5,c0048_0021,0.01563408972947311,0.01561917808219178,1.4911647281329967e-05
2012-12-28,6,c0014_0047,0.01561917808219178,0.01561917808219178,2.1415946632959874e-159
2012-12-28,7,c0035_0095,0.01561917808219178,0.01561917808219178,2.8475943632892008e-21
2012-12-28,8,c0025_0043,0.01561917808219178,0.01561917808219178,2.8705496895304206e-37
2012-12-28,9,c0023_0041,0.013016438356164384,0.013016438356164384,2.7460767772047168e-145
2012-12-28,10,c0021_0029,0.013016438356164384,0.013016438356164384,6.819538535156662e-41
2012-12-28,11,c0015_0047,0.013016438356164384,0.013016438356164384,3.8445267784450765e-121
2012-12-28,12,c0018_0044,0.013016438356164384,0.013016438356164384,1.152403913266226e-45
2012-12-28,13,c0040_0012,0.013016438356164384,0.013016438356164384,1.1614133888994686e-19
2012-12-28,14,c0023_0031,0.013016438356164384,0.013016438356164384,3.715118508719238e-32
2012-12-28,15,c0041_0026,0.010414007710284216,0.010413698630136985,3.090801472307436e-07
2012-12-28,16,c0002_0028,0.010413699029501825,0.010413698630136985,3.9936483977919267e-10
2012-12-28,17,c0047_0020,0.010413698632065099,0.010413698630136985,1.9281134757484498e-12
2012-12-28,18,c0026_0017,0.010413698630136988,0.010413698630136985,3.1227664005369113e-18
2012-12-28,19,c0052_0016,0.010413698630136985,0.010413698630136985,7.24681388793669e-118
2012-12-28,20,c0022_0093,0.010413698630136985,0.010413698630136985,1.6198416130907592e-80
2012-12-29,1,c0021_0022,0.04180436322297852,0.005208219178082191,0.03659614404489633
2012-12-29,2,c0042_0075,0.023427397260273968,0.023427397260273968,9.21182039665245e-251
2012-12-29,3,c0030_0014,0.018221917808219176,0.018221917808219176,2.6750673424678975e-21
2012-12-29,4,c0053_0022,0.018221917808219176,0.018221917808219176,3.3179015617107073e-35
2012-12-29,5,c0019_0024,0.018221917808219176,0.018221917808219176,1.1242576998981999e-58
2012-12-29,6,c0048_0021,0.015621196154200124,0.01561917808219178,2.018072008343257e-06
2012-12-29,7,c0035_0095,0.01561917808219178,0.01561917808219178,3.8537998969872584e-22
2012-12-29,8,c0025_0043,0.01561917808219178,0.01561917808219178,3.8848665527737007e-38
2012-12-29,9,c0014_0047,0.01561917808219178,0.01561917808219178,2.8983332033518064e-160
2012-12-29,10,c0023_0031,0.013016438356164384,0.013016438356164384,5.027866156351003e-33
2012-12-29,11,c0023_0041,0.013016438356164384,0.013016438356164384,3.716410784324849e-146
2012-12-29,12,c0021_0029,0.013016438356164384,0.013016438356164384,9.229241791984218e-42
2012-12-29,13,c0015_0047,0.013016438356164384,0.013016438356164384,5.203001204716066e-122
2012-12-29,14,c0040_0012,0.013016438356164384,0.013016438356164384,1.571802099415038e-20
2012-12-29,15,c0018_0044,0.013016438356164384,0.013016438356164384,1.5596091000486555e-46
2012-12-29,16,c0041_0026,0.010413740459586254,0.010413698630136985,4.182944926828664e-08
2012-12-29,17,c0002_0028,0.010413698684185138,0.010413698630136985,5.404815370626148e-11
2012-12-29,18,c0047_0020,0.010413698630397927,0.010413698630136985,2.609417833527462e-13
2012-12-29,19,c0040_0083,0.010413698630136985,0.010413698630136985,6.589080696583043e-187
2012-12-29,20,c0039_0088,0.010413698630136985,0.010413698630136985,4.349777207172507e-201
2012-12-30,1,c0049_0092,0.039779236885287415,2.7397260273972604e-06,0.039776497159260016
2012-12-30,2,c0041_0026,0.038914809930696535,0.010413698630136985,0.02850111130055955
2012-12-30,3,c0042_0075,0.023427397260273968,0.023427397260273968,1.2466843225057654e-251
2012-12-30,4,c0019_0024,0.018221917808219176,0.018221917808219176,1.5215173424666561e-59
2012-12-30,5,c0053_0022,0.018221917808219176,0.018221917808219176,4.490291476053181e-36
2012-12-30,6,c0030_0014,0.018221917808219176,0.018221917808219176,3.6203099646990573e-22
2012-12-30,7,c0048_0021,0.01561945119853862,0.01561917808219178,2.7311634684101455e-07
2012-12-30,8,c0025_0043,0.01561917808219178,0.01561917808219178,5.257595152560719e-39
2012-12-30,9,c0035_0095,0.01561917808219178,0.01561917808219178,5.2155510059599946e-23
2012-12-30,10,c0014_0047,0.01561917808219178,0.01561917808219178,3.9224674498969574e-161
2012-12-30,11,c0015_0047,0.013016438356164384,0.013016438356164384,7.041496417206859e-123
2012-12-30,12,c0021_0029,0.013016438356164384,0.013016438356164384,1.249042051977367e-42
2012-12-30,13,c0018_0044,0.013016438356164384,0.013016438356164384,2.1107013929348344e-47
2012-12-30,14,c0023_0041,0.013016438356164384,0.013016438356164384,5.029615061202054e-147
2012-12-30,15,c0023_0031,0.013016438356164384,0.013016438356164384,6.804476903455423e-34
2012-12-30,16,c0040_0012,0.013016438356164384,0.013016438356164384,2.1272028231623667e-21
2012-12-30,17,c0002_0028,0.010413698637451608,0.010413698630136985,7.314622190252878e-12
2012-12-30,18,c0047_0020,0.010413698630172299,0.010413698630136985,3.531463015831074e-14
2012-12-30,19,c0023_0028,0.010413698630136985,0.010413698630136985,2.9144361452134675e-88
2012-12-30,20,c0040_0083,0.010413698630136985,0.010413698630136985,8.917351023409633e-188
2012-12-31,1,c0013_0046,0.039201623496951124,0.0026054794520547946,0.03659614404489633
2012-12-31,2,c0035_0009,0.03358344658752401,0.0026054794520547946,0.030977967135469218
2012-12-31,3,c0042_0075,0.023427397260273968,0.023427397260273968,1.6872037589296238e-252
2012-12-31,4,c0019_0024,0.018221917808219176,0.018221917808219176,2.0591498049214316e-60
2012-12-31,5,c0053_0022,0.018221917808219176,0.018221917808219176,6.07694868726605e-37
2012-12-31,6,c0030_0014,0.018221917808219176,0.018221917808219176,4.899556744768782e-23
2012-12-31,7,c0048_0021,0.015619215044469937,0.01561917808219178,3.696227815627765e-08
2012-12-31,8,c0025_0043,0.01561917808219178,0.01561917808219178,7.11538129115247e-40
2012-12-31,9,c0035_0095,0.01561917808219178,0.01561917808219178,7.058480726265961e-24
2012-12-31,10,c0014_0047,0.01561917808219178,0.01561917808219178,5.308482433181986e-162
2012-12-31,11,c0041_0026,0.014270904600556434,0.010413698630136985,0.003857205970419449
2012-12-31,12,c0015_0047,0.013016438356164384,0.013016438356164384,9.529629120322838e-124
2012-12-31,13,c0021_0029,0.013016438356164384,0.013016438356164384,1.690394598787969e-43
2012-12-31,14,c0018_0044,0.013016438356164384,0.013016438356164384,2.8565237084074884e-48
2012-12-31,15,c0023_0041,0.013016438356164384,0.013016438356164384,6.806843788789133e-148
2012-12-31,16,c0023_0031,0.013016438356164384,0.013016438356164384,9.208858090061291e-35
2012-12-31,17,c0040_0012,0.013016438356164384,0.013016438356164384,2.8788559657440104e-22
2012-12-31,18,c0002_0028,0.010413698631126912,0.010413698630136985,9.899264658866854e-13
2012-12-31,19,c0047_0020,0.010413698630141764,0.010413698630136985,4.779315474871209e-15
2012-12-31,20,c0023_0028,0.010413698630136985,0.010413698630136985,3.9442604118748635e-89
2013-01-01,1,c0034_0093,0.04440710294900591,0.007810958904109587,0.03659614404489633
2013-01-01,2,c0007_0057,0.038155936441921195,2.7397260273972604e-06,0.038153196715893796
2013-01-01,3,c0042_0075,0.023427397260273968,0.023427397260273968,2.2833819859261826e-253
2013-01-01,4,c0019_0024,0.018221917808219176,0.018221917808219176,2.7867562207565774e-61
2013-01-01,5,c0053_0022,0.018221917808219176,0.018221917808219176,8.224255718055128e-38
2013-01-01,6,c0030_0014,0.018221917808219176,0.018221917808219176,6.630828997871393e-24
2013-01-01,7,c0048_0021,0.015619183084492163,0.01561917808219178,5.002300383350298e-09
2013-01-01,8,c0035_0095,0.01561917808219178,0.01561917808219178,9.552614883093757e-25
2013-01-01,9,c0014_0047,0.01561917808219178,0.01561917808219178,7.184249736512669e-163
2013-01-01,10,c0025_0043,0.01561917808219178,0.01561917808219178,9.629621423746143e-41
2013-01-01,11,c0018_0044,0.013016438356164384,0.013016438356164384,3.865884451494267e-49
2013-01-01,12,c0021_0029,0.013016438356164384,0.013016438356164384,2.2877003180861013e-44
2013-01-01,13,c0023_0031,0.013016438356164384,0.013016438356164384,1.2462834179042168e-35
2013-01-01,14,c0023_0041,0.013016438356164384,0.013016438356164384,9.21206132103155e-149
2013-01-01,15,c0015_0047,0.013016438356164384,0.013016438356164384,1.2896950561387638e-124
2013-01-01,16,c0040_0012,0.013016438356164384,0.013016438356164384,3.8961078752137776e-23
2013-01-01,17,c0041_0026,0.010935714692645655,0.010413698630136985,0.0005220160625086697
2013-01-01,18,c0002_0028,0.010413698630270958,0.010413698630136985,1.3397197864419358e-13
2013-01-01,19,c0047_0020,0.010413698630137632,0.010413698630136985,6.468100134688211e-16
2013-01-01,20,c0022_0093,0.010413698630136985,0.010413698630136985,5.433963243132702e-84
2013-01-02,1,c0044_0021,0.03370932481764137,0.005208219178082191,0.028501105639559182
2013-01-02,2,c0042_0075,0.023427397260273968,0.023427397260273968,3.0902214780269893e-254
2013-01-02,3,c0019_0024,0.018221917808219176,0.018221917808219176,3.771464424474891e-62
2013-01-02,4,c0053_0022,0.018221917808219176,0.018221917808219176,1.1130319770133218e-38
2013-01-02,5,c0030_0014,0.018221917808219176,0.018221917808219176,8.973851205204694e-25
2013-01-02,6,c0048_0021,0.015619178759179519,0.01561917808219178,6.769877392153291e-10
2013-01-02,7,c0025_0043,0.01561917808219178,0.01561917808219178,1.3032275428440377e-41
2013-01-02,8,c0035_0095,0.01561917808219178,0.01561917808219178,1.2928058408537748e-25
2013-01-02,9,c0014_0047,0.01561917808219178,0.01561917808219178,9.722824729335019e-164
2013-01-02,10,c0034_0093,0.015366448149820907,0.010413698630136985,0.004952749519683921
2013-01-02,11,c0041_0026,0.013087085547838056,0.013016438356164384,7.06471916736721e-05
2013-01-02,12,c0021_0029,0.013016438356164384,0.013016438356164384,3.096065705086712e-45
2013-01-02,13,c0023_0041,0.013016438356164384,0.013016438356164384,1.2467169280748492e-149
2013-01-02,14,c0015_0047,0.013016438356164384,0.013016438356164384,1.7454124571139854e-125
2013-01-02,15,c0023_0031,0.013016438356164384,0.013016438356164384,1.6866611935516082e-36
2013-01-02,16,c0040_0012,0.013016438356164384,0.013016438356164384,5.272808628124537e-24
2013-01-02,17,c0018_0044,0.013016438356164384,0.013016438356164384,5.231905672029932e-50
2013-01-02,18,c0002_0028,0.010413698630155116,0.010413698630136985,1.8131135675581364e-14
2013-01-02,19,c0040_0083,0.010413698630136985,0.010413698630136985,2.2103903259374604e-190
2013-01-02,20,c0017_0047,0.010413698630136985,0.010413698630136985,2.3731844992736187e-73
2013-01-03,1,c0042_0075,0.023427397260273968,0.023427397260273968,4.1821599899264644e-255
2013-01-03,2,c0024_0038,0.020424674302742755,2.7397260273972604e-06,0.02042193457671536
2013-01-03,3,c0019_0024,0.018221917808219176,0.018221917808219176,5.104122061031179e-63
2013-01-03,4,c0053_0022,0.018221917808219176,0.018221917808219176,1.506324978605049e-39
2013-01-03,5,c0030_0014,0.018221917808219176,0.018221917808219176,1.2144786945795954e-25
2013-01-03,6,c0048_0021,0.015619178173812108,0.01561917808219178,9.162032743442066e-11
2013-01-03,7,c0025_0043,0.01561917808219178,0.01561917808219178,1.7637266863255264e-42
2013-01-03,8,c0035_0095,0.01561917808219178,0.01561917808219178,1.7496224464189283e-26
2013-01-03,9,c0014_0047,0.01561917808219178,0.01561917808219178,1.315841238604497e-164
2013-01-03,10,c0041_0026,0.013025999413859412,0.013016438356164384,9.561057695027679e-06
2013-01-03,11,c0023_0041,0.013016438356164384,0.013016438356164384,1.687247885768894e-150
2013-01-03,12,c0021_0029,0.013016438356164384,0.013016438356164384,4.190069291170732e-46
2013-01-03,13,c0023_0031,0.013016438356164384,0.013016438356164384,2.2826477035351014e-37
2013-01-03,14,c0015_0047,0.013016438356164384,0.013016438356164384,2.3621588924823333e-126
2013-01-03,15,c0040_0012,0.013016438356164384,0.013016438356164384,7.135970491396893e-25
2013-01-03,16,c0018_0044,0.013016438356164384,0.013016438356164384,7.080614359914113e-51
2013-01-03,17,c0034_0093,0.011083980389183406,0.010413698630136985,0.0006702817590464209
2013-01-03,18,c0002_0028,0.01041369863013944,0.010413698630136985,2.453782382056257e-15
2013-01-03,19,c0022_0093,0.010413698630136985,0.010413698630136985,9.952650849587333e-86
2013-01-03,20,c0039_0088,0.010413698630136985,0.010413698630136985,1.974795796880893e-205
2013-01-04,1,c0020_0023,0.031106585091613976,0.0026054794520547946,0.028501105639559182
2013-01-04,2,c0036_0024,0.028827762506491526,0.0026054794520547946,0.026222283054436732
2013-01-04,3,c0042_0075,0.023427397260273968,0.023427397260273968,5.659938067775274e-256
2013-01-04,4,c0011_0049,0.022199423116516927,2.7397260273972604e-06,0.02219668339048953
2013-01-04,5,c0053_0022,0.018221917808219176,0.018221917808219176,2.038589176258989e-40
2013-01-04,6,c0019_0024,0.018221917808219176,0.018221917808219176,6.90767804803898e-64
2013-01-04,7,c0030_0014,0.018221917808219176,0.018221917808219176,1.6436181811576122e-26
2013-01-04,8,c0048_0021,0.015619178094591244,0.01561917808219178,1.2399462963568516e-11
2013-01-04,9,c0014_0047,0.01561917808219178,0.01561917808219178,1.780797467209549e-165
2013-01-04,10,c0025_0043,0.01561917808219178,0.01561917808219178,2.386944506458375e-43
2013-01-04,11,c0035_0095,0.01561917808219178,0.01561917808219178,2.367856493432409e-27
2013-01-04,12,c0041_0026,0.013017732304615583,0.013016438356164384,1.2939484511981666e-06
2013-01-04,13,c0018_0044,0.013016438356164384,0.013016438356164384,9.582569498882036e-52
2013-01-04,14,c0021_0029,0.013016438356164384,0.013016438356164384,5.67064214301624e-47
2013-01-04,15,c0040_0012,0.013016438356164384,0.013016438356164384,9.657485876213091e-26
2013-01-04,16,c0015_0047,0.013016438356164384,0.013016438356164384,3.1968344276398e-127
2013-01-04,17,c0023_0041,0.013016438356164384,0.013016438356164384,2.283441705109092e-151
2013-01-04,18,c0023_0031,0.013016438356164384,0.013016438356164384,3.0892277348732644e-38
2013-01-04,19,c0034_0093,0.010504411401845867,0.010413698630136985,9.071277170888237e-05
2013-01-04,20,c0002_0028,0.010413698630137316,0.010413698630136985,3.3208333367659374e-16
2013-01-05,1,c0012_0034,0.03143050223251892,0.005208219178082191,0.026222283054436732
2013-01-05,2,c0028_0016,0.029333884241145858,0.005208219178082191,0.024125665063063666
2013-01-05,3,c0033_0093,0.02399730602131461,0.005208219178082191,0.018789086843232418
2013-01-05,4,c0042_0075,0.023427397260273968,0.023427397260273968,7.659893215040531e-257
2013-01-05,5,c0030_0014,0.018221917808219176,0.018221917808219176,2.2243953207981162e-27
2013-01-05,6,c0053_0022,0.018221917808219176,0.018221917808219176,2.7589304357210327e-41
2013-01-05,7,c0019_0024,0.018221917808219176,0.018221917808219176,9.348525651386873e-65
2013-01-05,8,c0048_0021,0.015619178083869865,0.01561917808219178,1.6780848321564343e-12
2013-01-05,9,c0014_0047,0.01561917808219178,0.01561917808219178,2.4100472961184677e-166
2013-01-05,10,c0025_0043,0.01561917808219178,0.01561917808219178,3.2303781085162093e-44
2013-01-05,11,c0035_0095,0.01561917808219178,0.01561917808219178,3.2045452920232757e-28
2013-01-05,12,c0015_0048,0.014001636690478513,0.0026054794520547946,0.011396157238423719
2013-01-05,13,c0041_0026,0.013016613473044522,0.013016438356164384,1.7511688013648018e-07
2013-01-05,14,c0015_0047,0.013016438356164384,0.013016438356164384,4.3264449272518696e-128
2013-01-05,15,c0040_0012,0.013016438356164384,0.013016438356164384,1.3069985864108857e-26
2013-01-05,16,c0023_0031,0.013016438356164384,0.013016438356164384,4.1808151048147284e-39
2013-01-05,17,c0021_0029,0.013016438356164384,0.013016438356164384,7.67437960558575e-48
2013-01-05,18,c0018_0044,0.013016438356164384,0.013016438356164384,1.2968597572657261e-52
2013-01-05,19,c0023_0041,0.013016438356164384,0.013016438356164384,3.0903022991523284e-152
2013-01-05,20,c0034_0093,0.010425975268789385,0.010413698630136985,1.2276638652399783e-05
2013-01-06,1,c0045_0022,0.04031085471679412,0.005208219178082191,0.03510263553871192
2013-01-06,2,c0007_0034,0.03553126185191085,0.007810958904109587,0.027720302947801263
2013-01-06,3,c0051_0017,0.027340699771446365,2.7397260273972604e-06,0.02733796004541897
2013-01-06,4,c0042_0075,0.023427397260273968,0.023427397260273968,1.036653817819718e-257
2013-01-06,5,c0030_0014,0.018221917808219176,0.018221917808219176,3.01039170770409e-28
2013-01-06,6,c0019_0024,0.018221917808219176,0.018221917808219176,1.2651853668751815e-65
2013-01-06,7,c0053_0022,0.018221917808219176,0.018221917808219176,3.733806319484172e-42
2013-01-06,8,c0048_0021,0.015619178082418885,0.01561917808219178,2.271040860549547e-13
2013-01-06,9,c0014_0047,0.01561917808219178,0.01561917808219178,3.261644334338253e-167
2013-01-06,10,c0025_0043,0.01561917808219178,0.01561917808219178,4.371841362773943e-45
2013-01-06,11,c0035_0095,0.01561917808219178,0.01561917808219178,4.336880447405236e-29
2013-01-06,12,c0041_0026,0.013016462055656958,0.013016438356164384,2.36994925727825e-08
2013-01-06,13,c0021_0029,0.013016438356164384,0.013016438356164384,1.0386143375872316e-48
2013-01-06,14,c0023_0031,0.013016438356164384,0.013016438356164384,5.658117963700097e-40
2013-01-06,15,c0023_0041,0.013016438356164384,0.013016438356164384,4.1822693694253567e-153
2013-01-06,16,c0018_0044,0.013016438356164384,0.013016438356164384,1.7551088256772176e-53
2013-01-06,17,c0015_0047,0.013016438356164384,0.013016438356164384,5.855206496372378e-129
2013-01-06,18,c0040_0012,0.013016438356164384,0.013016438356164384,1.768830238817696e-27
2013-01-06,19,c0034_0093,0.0104153600925062,0.010413698630136985,1.6614623692160716e-06
2013-01-06,20,c0002_0028,0.010413698630136992,0.010413698630136985,6.082318420587509e-18
2013-01-07,1,c0030_0014,0.04390355458555864,0.018221917808219176,0.025681636777339464
2013-01-07,2,c0044_0073,0.036598883770923726,2.7397260273972604e-06,0.03659614404489633
2013-01-07,3,c0007_0027,0.027404902568571716,0.005208219178082191,0.022196683390489524
2013-01-07,4,c0042_0075,0.023427397260273968,0.023427397260273968,1.4029583805294742e-258
2013-01-07,5,c0023_0019,0.02139456629528721,0.0026054794520547946,0.018789086843232418
2013-01-07,6,c0011_0028,0.01867118819834826,0.005208219178082191,0.013462969020266067
2013-01-07,7,c0053_0022,0.018221917808219176,0.018221917808219176,5.053157357980448e-43
2013-01-07,8,c0019_0024,0.018221917808219176,0.018221917808219176,1.7122421997287045e-66
2013-01-07,9,c0048_0021,0.015619178082222516,0.01561917808219178,3.073519581043936e-14
2013-01-07,10,c0014_0047,0.01561917808219178,0.01561917808219178,4.414155598047606e-168
2013-01-07,11,c0035_0095,0.01561917808219178,0.01561917808219178,5.8693294371291524e-30
2013-01-07,12,c0025_0043,0.01561917808219178,0.01561917808219178,5.9166438909655035e-46
2013-01-07,13,c0041_0026,0.013016441563541925,0.013016438356164384,3.2073775399015183e-09
2013-01-07,14,c0015_0047,0.013016438356164384,0.013016438356164384,7.924160295954105e-130
2013-01-07,15,c0021_0029,0.013016438356164384,0.013016438356164384,1.4056116555097485e-49
2013-01-07,16,c0018_0044,0.013016438356164384,0.013016438356164384,2.3752815003410495e-54
2013-01-07,17,c0040_0012,0.013016438356164384,0.013016438356164384,2.3938514136787815e-28
2013-01-07,18,c0023_0041,0.013016438356164384,0.013016438356164384,5.6600860968299006e-154
2013-01-07,19,c0023_0031,0.013016438356164384,0.013016438356164384,7.657429972035188e-41
2013-01-07,20,c0007_0034,0.011562493954954981,0.007810958904109587,0.003751535050845394
2013-01-08,1,c0032_0096,0.027723042673828666,2.7397260273972604e-06,0.02772030294780127
2013-01-08,2,c0002_0039,0.026225022780464128,2.7397260273972604e-06,0.026222283054436732
2013-01-08,3,c0042_0075,0.023427397260273968,0.023427397260273968,1.898697697981358e-259
2013-01-08,4,c0030_0014,0.02169754939546022,0.018221917808219176,0.003475631587241045
2013-01-08,5,c0019_0024,0.018221917808219176,0.018221917808219176,2.3172678306996495e-67
2013-01-08,6,c0053_0022,0.018221917808219176,0.018221917808219176,6.838704822814575e-44
2013-01-08,7,c0048_0021,0.01561917808219594,0.01561917808219178,4.159556430338562e-15
2013-01-08,8,c0035_0095,0.01561917808219178,0.01561917808219178,7.943273617828627e-31
2013-01-08,9,c0025_0043,0.01561917808219178,0.01561917808219178,8.007306767939906e-47
2013-01-08,10,c0014_0047,0.01561917808219178,0.01561917808219178,5.973909981122522e-169
2013-01-08,11,c0041_0026,0.013016438790235733,0.013016438356164384,4.3407134780932195e-10
2013-01-08,12,c0040_0012,0.013016438356164384,0.013016438356164384,3.2397255909658353e-29
2013-01-08,13,c0021_0029,0.013016438356164384,0.013016438356164384,1.9022885151909587e-50
2013-01-08,14,c0023_0031,0.013016438356164384,0.013016438356164384,1.0363204541299095e-41
2013-01-08,15,c0023_0041,0.013016438356164384,0.013016438356164384,7.660093550580882e-155
2013-01-08,16,c0015_0047,0.013016438356164384,0.013016438356164384,1.0724184780652696e-130
2013-01-08,17,c0018_0044,0.013016438356164384,0.013016438356164384,3.2145939461534234e-55
2013-01-08,18,c0034_0093,0.010413729060881767,0.010413698630136985,3.0430744781782314e-08
2013-01-08,19,c0014_0030,0.010413698630136985,0.010413698630136985,2.022694049638973e-59
2013-01-08,20,c0023_0028,0.010413698630136985,0.010413698630136985,4.438680345885942e-96
2013-01-09,1,c0040_0008,0.051169635072058184,0.013016438356164384,0.038153196715893796
2013-01-09,2,c0012_0034,0.041400462361589244,0.010413698630136985,0.030986763731452257
2013-01-09,3,c0046_0013,0.02558641776056403,0.0026054794520547946,0.022980938308509235
2013-01-09,4,c0042_0075,0.023427397260273968,0.023427397260273968,2.5696079073701168e-260
2013-01-09,5,c0030_0014,0.02129503311953196,0.020824657534246574,0.00047037558528538476
2013-01-09,6,c0019_0024,0.018221917808219176,0.018221917808219176,3.1360809820282808e-68
2013-01-09,7,c0048_0021,0.015619178082192344,0.01561917808219178,5.629347476385429e-16
2013-01-09,8,c0014_0047,0.01561917808219178,0.01561917808219178,8.084807993252444e-170
2013-01-09,9,c0035_0095,0.01561917808219178,0.01561917808219178,1.0750051848947425e-31
2013-01-09,10,c0053_0022,0.01561917808219178,0.01561917808219178,9.255180541671993e-45
2013-01-09,11,c0041_0026,0.013016438414909553,0.013016438356164384,5.874516880067275e-11
2013-01-09,12,c0015_0047,0.013016438356164384,0.013016438356164384,1.4513605847714036e-131
2013-01-09,13,c0023_0041,0.013016438356164384,0.013016438356164384,1.0366809302868142e-155
2013-01-09,14,c0023_0031,0.013016438356164384,0.013016438356164384,1.4025072218356638e-42
2013-01-09,15,c0018_0044,0.013016438356164384,0.013016438356164384,4.3504798219337405e-56
2013-01-09,16,c0021_0029,0.013016438356164384,0.013016438356164384,2.5744675500112384e-51
2013-01-09,17,c0025_0043,0.013016438356164384,0.013016438356164384,1.0836711294015927e-47
2013-01-09,18,c0040_0012,0.013016438356164384,0.013016438356164384,4.3844918046226686e-30
2013-01-09,19,c0034_0093,0.010413702748490449,0.010413698630136985,4.118353464143577e-09
2013-01-09,20,c0035_0019,0.010413698630136985,0.010413698630136985,6.349759810575179e-83
