model,model_label,frame_index,forecast_date,q,rri
our_vol5,Our vol5 STNPP-GAT-MoGE-HCL-ZINB,0,2020-01-01,0.01,1.151545614475999
our_vol5,Our vol5 STNPP-GAT-MoGE-HCL-ZINB,1,2020-01-15,0.01,0.6980136561142147
our_vol5,Our vol5 STNPP-GAT-MoGE-HCL-ZINB,2,2020-01-29,0.01,0.8659893565553943
our_vol5,Our vol5 STNPP-GAT-MoGE-HCL-ZINB,3,2020-02-12,0.01,0.8991071428571428
our_vol5,Our vol5 STNPP-GAT-MoGE-HCL-ZINB,4,2020-02-26,0.01,2.319526627218935
our_vol5,Our vol5 STNPP-GAT-MoGE-HCL-ZINB,5,2020-03-11,0.01,0.5655160267699895
our_vol5,Our vol5 STNPP-GAT-MoGE-HCL-ZINB,6,2020-03-25,0.01,1.008724832214765
our_vol5,Our vol5 STNPP-GAT-MoGE-HCL-ZINB,7,2020-04-08,0.01,1.0535353535353535
our_vol5,Our vol5 STNPP-GAT-MoGE-HCL-ZINB,8,2020-04-22,0.01,0.8048780487804879
our_vol5,Our vol5 STNPP-GAT-MoGE-HCL-ZINB,9,2020-05-06,0.01,1.0254930254930257
our_vol5,Our vol5 STNPP-GAT-MoGE-HCL-ZINB,10,2020-05-20,0.01,0.9379652605459058
our_vol5,Our vol5 STNPP-GAT-MoGE-HCL-ZINB,11,2020-06-03,0.01,1.313222079589217
our_vol5,Our vol5 STNPP-GAT-MoGE-HCL-ZINB,12,2020-06-17,0.01,0.8148601131325486
our_vol5,Our vol5 STNPP-GAT-MoGE-HCL-ZINB,13,2020-07-01,0.01,1.1353241861716437
our_vol5,Our vol5 STNPP-GAT-MoGE-HCL-ZINB,14,2020-07-15,0.01,0.934472049689441
our_vol5,Our vol5 STNPP-GAT-MoGE-HCL-ZINB,15,2020-07-29,0.01,0.9293718166383701
our_vol5,Our vol5 STNPP-GAT-MoGE-HCL-ZINB,16,2020-08-12,0.01,0.8792940434919634
our_vol5,Our vol5 STNPP-GAT-MoGE-HCL-ZINB,17,2020-08-26,0.01,0.7375782112624217
our_vol5,Our vol5 STNPP-GAT-MoGE-HCL-ZINB,18,2020-09-09,0.01,1.0823084200567643
our_vol5,Our vol5 STNPP-GAT-MoGE-HCL-ZINB,19,2020-09-23,0.01,1.1176470588235294
our_vol5,Our vol5 STNPP-GAT-MoGE-HCL-ZINB,20,2020-10-07,0.01,0.9917898193760263
our_vol5,Our vol5 STNPP-GAT-MoGE-HCL-ZINB,21,2020-10-21,0.01,0.6489510489510489
our_vol5,Our vol5 STNPP-GAT-MoGE-HCL-ZINB,22,2020-11-04,0.01,1.174922600619195
our_vol5,Our vol5 STNPP-GAT-MoGE-HCL-ZINB,23,2020-11-18,0.01,1.3840200318688822
our_vol5,Our vol5 STNPP-GAT-MoGE-HCL-ZINB,24,2020-12-02,0.01,0.6392235609103079
our_vol5,Our vol5 STNPP-GAT-MoGE-HCL-ZINB,25,2020-12-16,0.01,1.3
our_vol5,Our vol5 STNPP-GAT-MoGE-HCL-ZINB,26,2020-12-30,0.01,0.5786492374727668
our_vol5,Our vol5 STNPP-GAT-MoGE-HCL-ZINB,27,2021-01-13,0.01,1.6551724137931036
our_vol5,Our vol5 STNPP-GAT-MoGE-HCL-ZINB,28,2021-01-27,0.01,0.806451612903226
our_vol5,Our vol5 STNPP-GAT-MoGE-HCL-ZINB,29,2021-02-10,0.01,0.5153246753246753
our_vol5,Our vol5 STNPP-GAT-MoGE-HCL-ZINB,30,2021-02-24,0.01,1.465311004784689
our_vol5,Our vol5 STNPP-GAT-MoGE-HCL-ZINB,31,2021-03-10,0.01,0.7881773399014779
our_vol5,Our vol5 STNPP-GAT-MoGE-HCL-ZINB,32,2021-03-24,0.01,1.171267605633803
our_vol5,Our vol5 STNPP-GAT-MoGE-HCL-ZINB,33,2021-04-07,0.01,0.5593141797961075
our_vol5,Our vol5 STNPP-GAT-MoGE-HCL-ZINB,34,2021-04-21,0.01,0.8089668615984407
our_vol5,Our vol5 STNPP-GAT-MoGE-HCL-ZINB,35,2021-05-05,0.01,1.804383116883117
our_vol5,Our vol5 STNPP-GAT-MoGE-HCL-ZINB,36,2021-05-19,0.01,0.8653895274584928
our_vol5,Our vol5 STNPP-GAT-MoGE-HCL-ZINB,37,2021-06-02,0.01,1.3873456790123457
our_vol5,Our vol5 STNPP-GAT-MoGE-HCL-ZINB,38,2021-06-16,0.01,0.6985074626865672
our_vol5,Our vol5 STNPP-GAT-MoGE-HCL-ZINB,39,2021-06-30,0.01,1.0138713745271124
our_vol5,Our vol5 STNPP-GAT-MoGE-HCL-ZINB,40,2021-07-14,0.01,1.2327844311377245
our_vol5,Our vol5 STNPP-GAT-MoGE-HCL-ZINB,41,2021-07-28,0.01,1.0787577639751553
our_vol5,Our vol5 STNPP-GAT-MoGE-HCL-ZINB,42,2021-08-11,0.01,0.6927710843373495
our_vol5,Our vol5 STNPP-GAT-MoGE-HCL-ZINB,43,2021-08-25,0.01,1.3279999999999998
our_vol5,Our vol5 STNPP-GAT-MoGE-HCL-ZINB,44,2021-09-08,0.01,0.7583052479537795
our_vol5,Our vol5 STNPP-GAT-MoGE-HCL-ZINB,45,2021-09-22,0.01,1.1544615384615386
our_vol5,Our vol5 STNPP-GAT-MoGE-HCL-ZINB,46,2021-10-06,0.01,1.0714285714285714
our_vol5,Our vol5 STNPP-GAT-MoGE-HCL-ZINB,47,2021-10-20,0.01,1.219430485762144
our_vol5,Our vol5 STNPP-GAT-MoGE-HCL-ZINB,48,2021-11-03,0.01,0.665455074149462
our_vol5,Our vol5 STNPP-GAT-MoGE-HCL-ZINB,49,2021-11-17,0.01,1.1204761904761906
our_vol5,Our vol5 STNPP-GAT-MoGE-HCL-ZINB,50,2021-12-01,0.01,1.057435090479937
our_vol5,Our vol5 STNPP-GAT-MoGE-HCL-ZINB,51,2021-12-15,0.01,0.6804878048780488
our_vol5,Our vol5 STNPP-GAT-MoGE-HCL-ZINB,52,2021-12-29,0.01,1.6781559672554933
our_vol5,Our vol5 STNPP-GAT-MoGE-HCL-ZINB,53,2022-01-12,0.01,0.5861111111111111
our_vol5,Our vol5 STNPP-GAT-MoGE-HCL-ZINB,54,2022-01-26,0.01,0.9735576923076924
our_vol5,Our vol5 STNPP-GAT-MoGE-HCL-ZINB,55,2022-02-09,0.01,1.2011121408711771
our_vol5,Our vol5 STNPP-GAT-MoGE-HCL-ZINB,56,2022-02-23,0.01,0.5949820788530465
our_vol5,Our vol5 STNPP-GAT-MoGE-HCL-ZINB,57,2022-03-09,0.01,1.4160322436184505
our_vol5,Our vol5 STNPP-GAT-MoGE-HCL-ZINB,58,2022-03-23,0.01,0.8325358851674641
our_vol5,Our vol5 STNPP-GAT-MoGE-HCL-ZINB,59,2022-04-06,0.01,0.9557926829268293
our_vol5,Our vol5 STNPP-GAT-MoGE-HCL-ZINB,60,2022-04-20,0.01,1.1055033185840708
our_vol5,Our vol5 STNPP-GAT-MoGE-HCL-ZINB,61,2022-05-04,0.01,1.1701183431952662
our_vol5,Our vol5 STNPP-GAT-MoGE-HCL-ZINB,62,2022-05-18,0.01,0.8132701421800947
our_vol5,Our vol5 STNPP-GAT-MoGE-HCL-ZINB,63,2022-06-01,0.01,1.3612903225806452
our_vol5,Our vol5 STNPP-GAT-MoGE-HCL-ZINB,64,2022-06-15,0.01,0.655993752440453
our_vol5,Our vol5 STNPP-GAT-MoGE-HCL-ZINB,65,2022-06-29,0.01,1.5325318246110327
our_vol5,Our vol5 STNPP-GAT-MoGE-HCL-ZINB,66,2022-07-13,0.01,1.1123348017621144
our_vol5,Our vol5 STNPP-GAT-MoGE-HCL-ZINB,67,2022-07-27,0.01,0.8456005138086063
our_vol5,Our vol5 STNPP-GAT-MoGE-HCL-ZINB,68,2022-08-10,0.01,1.0984126984126985
our_vol5,Our vol5 STNPP-GAT-MoGE-HCL-ZINB,69,2022-08-24,0.01,1.031941031941032
our_vol5,Our vol5 STNPP-GAT-MoGE-HCL-ZINB,70,2022-09-07,0.01,0.6868421052631579
our_vol5,Our vol5 STNPP-GAT-MoGE-HCL-ZINB,71,2022-09-21,0.01,1.1224489795918369
our_vol5,Our vol5 STNPP-GAT-MoGE-HCL-ZINB,72,2022-10-05,0.01,1.0558922558922559
our_vol5,Our vol5 STNPP-GAT-MoGE-HCL-ZINB,73,2022-10-19,0.01,1.233644859813084
our_vol5,Our vol5 STNPP-GAT-MoGE-HCL-ZINB,74,2022-11-02,0.01,0.7835240274599542
our_vol5,Our vol5 STNPP-GAT-MoGE-HCL-ZINB,75,2022-11-16,0.01,1.1557788944723617
our_vol5,Our vol5 STNPP-GAT-MoGE-HCL-ZINB,76,2022-11-30,0.01,1.2037323037323038
our_vol5,Our vol5 STNPP-GAT-MoGE-HCL-ZINB,77,2022-12-14,0.01,0.8653846153846153
our_vol5,Our vol5 STNPP-GAT-MoGE-HCL-ZINB,78,2022-12-28,0.01,0.6643313414382856
our_vol5,Our vol5 STNPP-GAT-MoGE-HCL-ZINB,79,2023-01-11,0.01,1.4652777777777777
our_vol5,Our vol5 STNPP-GAT-MoGE-HCL-ZINB,80,2023-01-25,0.01,1.0831721470019342
our_vol5,Our vol5 STNPP-GAT-MoGE-HCL-ZINB,81,2023-02-08,0.01,0.8393927796912872
our_vol5,Our vol5 STNPP-GAT-MoGE-HCL-ZINB,82,2023-02-22,0.01,0.8230958230958231
our_vol5,Our vol5 STNPP-GAT-MoGE-HCL-ZINB,83,2023-03-08,0.01,1.2732793522267207
our_vol5,Our vol5 STNPP-GAT-MoGE-HCL-ZINB,84,2023-03-22,0.01,1.132586705202312
our_vol5,Our vol5 STNPP-GAT-MoGE-HCL-ZINB,85,2023-04-05,0.01,0.7665809033733562
our_vol5,Our vol5 STNPP-GAT-MoGE-HCL-ZINB,86,2023-04-19,0.01,1.227460711331679
our_vol5,Our vol5 STNPP-GAT-MoGE-HCL-ZINB,87,2023-05-03,0.01,0.8986175115207373
our_vol5,Our vol5 STNPP-GAT-MoGE-HCL-ZINB,88,2023-05-17,0.01,1.1500668449197862
our_vol5,Our vol5 STNPP-GAT-MoGE-HCL-ZINB,89,2023-05-31,0.01,0.8352601156069364
our_vol5,Our vol5 STNPP-GAT-MoGE-HCL-ZINB,90,2023-06-14,0.01,0.6490096038415366
our_vol5,Our vol5 STNPP-GAT-MoGE-HCL-ZINB,91,2023-06-28,0.01,1.0237416904083572
our_vol5,Our vol5 STNPP-GAT-MoGE-HCL-ZINB,92,2023-07-12,0.01,0.7820855614973261
our_vol5,Our vol5 STNPP-GAT-MoGE-HCL-ZINB,93,2023-07-26,0.01,1.15
our_vol5,Our vol5 STNPP-GAT-MoGE-HCL-ZINB,94,2023-08-09,0.01,1.0957642725598526
our_vol5,Our vol5 STNPP-GAT-MoGE-HCL-ZINB,95,2023-08-23,0.01,0.790693257359924
our_vol5,Our vol5 STNPP-GAT-MoGE-HCL-ZINB,96,2023-09-06,0.01,1.8854242204496012
our_vol5,Our vol5 STNPP-GAT-MoGE-HCL-ZINB,97,2023-09-20,0.01,0.7456654456654456
our_vol5,Our vol5 STNPP-GAT-MoGE-HCL-ZINB,98,2023-10-04,0.01,1.0416666666666667
our_vol5,Our vol5 STNPP-GAT-MoGE-HCL-ZINB,99,2023-10-18,0.01,1.1958241062954762
our_vol5,Our vol5 STNPP-GAT-MoGE-HCL-ZINB,100,2023-11-01,0.01,0.9883419689119171
our_vol5,Our vol5 STNPP-GAT-MoGE-HCL-ZINB,101,2023-11-15,0.01,1.0138372837924408
our_vol5,Our vol5 STNPP-GAT-MoGE-HCL-ZINB,102,2023-11-29,0.01,0.9189560439560439
our_vol5,Our vol5 STNPP-GAT-MoGE-HCL-ZINB,103,2023-12-13,0.01,0.8212069937958263
our_vol5,Our vol5 STNPP-GAT-MoGE-HCL-ZINB,104,2023-12-27,0.01,1.1996379196840028
our_vol5,Our vol5 STNPP-GAT-MoGE-HCL-ZINB,105,2024-01-10,0.01,0.7031810571633581
our_vol5,Our vol5 STNPP-GAT-MoGE-HCL-ZINB,106,2024-01-24,0.01,1.1616822429906544
our_vol5,Our vol5 STNPP-GAT-MoGE-HCL-ZINB,107,2024-02-07,0.01,0.9368961352657005
our_vol5,Our vol5 STNPP-GAT-MoGE-HCL-ZINB,108,2024-02-21,0.01,1.144041450777202
our_vol5,Our vol5 STNPP-GAT-MoGE-HCL-ZINB,109,2024-03-06,0.01,0.8004608294930876
our_vol5,Our vol5 STNPP-GAT-MoGE-HCL-ZINB,110,2024-03-20,0.01,0.744
our_vol5,Our vol5 STNPP-GAT-MoGE-HCL-ZINB,111,2024-04-03,0.01,1.2609649122807018
our_vol5,Our vol5 STNPP-GAT-MoGE-HCL-ZINB,112,2024-04-17,0.01,1.0699441340782123
our_vol5,Our vol5 STNPP-GAT-MoGE-HCL-ZINB,113,2024-05-01,0.01,1.0003287310979618
our_vol5,Our vol5 STNPP-GAT-MoGE-HCL-ZINB,114,2024-05-15,0.01,1.1160572337042927
our_vol5,Our vol5 STNPP-GAT-MoGE-HCL-ZINB,115,2024-05-29,0.01,1.0045248868778283
our_vol5,Our vol5 STNPP-GAT-MoGE-HCL-ZINB,116,2024-06-12,0.01,1.0818869603916332
our_vol5,Our vol5 STNPP-GAT-MoGE-HCL-ZINB,117,2024-06-26,0.01,0.7260390161153519
our_vol5,Our vol5 STNPP-GAT-MoGE-HCL-ZINB,118,2024-07-10,0.01,1.4343065693430657
our_vol5,Our vol5 STNPP-GAT-MoGE-HCL-ZINB,119,2024-07-24,0.01,1.0080267558528428
our_vol5,Our vol5 STNPP-GAT-MoGE-HCL-ZINB,120,2024-08-07,0.01,1.1590551181102362
our_vol5,Our vol5 STNPP-GAT-MoGE-HCL-ZINB,121,2024-08-21,0.01,0.6133522727272727
our_vol5,Our vol5 STNPP-GAT-MoGE-HCL-ZINB,122,2024-09-04,0.01,0.8661417322834646
our_vol5,Our vol5 STNPP-GAT-MoGE-HCL-ZINB,123,2024-09-18,0.01,1.3183391003460208
our_vol5,Our vol5 STNPP-GAT-MoGE-HCL-ZINB,124,2024-10-02,0.01,0.85
our_vol5,Our vol5 STNPP-GAT-MoGE-HCL-ZINB,125,2024-10-16,0.01,1.30030959752322
our_vol5,Our vol5 STNPP-GAT-MoGE-HCL-ZINB,126,2024-10-30,0.01,1.5849056603773584
our_vol5,Our vol5 STNPP-GAT-MoGE-HCL-ZINB,127,2024-11-13,0.01,0.5560655737704918
our_vol5,Our vol5 STNPP-GAT-MoGE-HCL-ZINB,0,2020-01-01,0.02,1.1006373202904993
our_vol5,Our vol5 STNPP-GAT-MoGE-HCL-ZINB,1,2020-01-15,0.02,0.7959250739401905
our_vol5,Our vol5 STNPP-GAT-MoGE-HCL-ZINB,2,2020-01-29,0.02,1.0983279644117196
our_vol5,Our vol5 STNPP-GAT-MoGE-HCL-ZINB,3,2020-02-12,0.02,0.5408163265306122
our_vol5,Our vol5 STNPP-GAT-MoGE-HCL-ZINB,4,2020-02-26,0.02,1.9017236943658349
our_vol5,Our vol5 STNPP-GAT-MoGE-HCL-ZINB,5,2020-03-11,0.02,0.771029369831765
our_vol5,Our vol5 STNPP-GAT-MoGE-HCL-ZINB,6,2020-03-25,0.02,1.0460850111856823
our_vol5,Our vol5 STNPP-GAT-MoGE-HCL-ZINB,7,2020-04-08,0.02,1.4776859504132231
our_vol5,Our vol5 STNPP-GAT-MoGE-HCL-ZINB,8,2020-04-22,0.02,1.1178861788617886
our_vol5,Our vol5 STNPP-GAT-MoGE-HCL-ZINB,9,2020-05-06,0.02,0.764424288233812
our_vol5,Our vol5 STNPP-GAT-MoGE-HCL-ZINB,10,2020-05-20,0.02,1.2532258064516129
our_vol5,Our vol5 STNPP-GAT-MoGE-HCL-ZINB,11,2020-06-03,0.02,1.0921409214092141
our_vol5,Our vol5 STNPP-GAT-MoGE-HCL-ZINB,12,2020-06-17,0.02,0.8096366508688784
our_vol5,Our vol5 STNPP-GAT-MoGE-HCL-ZINB,13,2020-07-01,0.02,1.0038655961938745
our_vol5,Our vol5 STNPP-GAT-MoGE-HCL-ZINB,14,2020-07-15,0.02,0.8932453416149069
our_vol5,Our vol5 STNPP-GAT-MoGE-HCL-ZINB,15,2020-07-29,0.02,1.0758064516129033
our_vol5,Our vol5 STNPP-GAT-MoGE-HCL-ZINB,16,2020-08-12,0.02,1.0151571856287425
our_vol5,Our vol5 STNPP-GAT-MoGE-HCL-ZINB,17,2020-08-26,0.02,0.6761133603238867
our_vol5,Our vol5 STNPP-GAT-MoGE-HCL-ZINB,18,2020-09-09,0.02,1.0562913907284768
our_vol5,Our vol5 STNPP-GAT-MoGE-HCL-ZINB,19,2020-09-23,0.02,0.9333333333333333
our_vol5,Our vol5 STNPP-GAT-MoGE-HCL-ZINB,20,2020-10-07,0.02,1.2707307060755337
our_vol5,Our vol5 STNPP-GAT-MoGE-HCL-ZINB,21,2020-10-21,0.02,0.7532467532467533
our_vol5,Our vol5 STNPP-GAT-MoGE-HCL-ZINB,22,2020-11-04,0.02,0.9882032667876588
our_vol5,Our vol5 STNPP-GAT-MoGE-HCL-ZINB,23,2020-11-18,0.02,1.6475785340314135
our_vol5,Our vol5 STNPP-GAT-MoGE-HCL-ZINB,24,2020-12-02,0.02,0.8798724309000708
our_vol5,Our vol5 STNPP-GAT-MoGE-HCL-ZINB,25,2020-12-16,0.02,1.0277777777777777
our_vol5,Our vol5 STNPP-GAT-MoGE-HCL-ZINB,26,2020-12-30,0.02,0.7811764705882352
our_vol5,Our vol5 STNPP-GAT-MoGE-HCL-ZINB,27,2021-01-13,0.02,1.8367816091954023
our_vol5,Our vol5 STNPP-GAT-MoGE-HCL-ZINB,28,2021-01-27,0.02,0.7287283777466107
our_vol5,Our vol5 STNPP-GAT-MoGE-HCL-ZINB,29,2021-02-10,0.02,0.8266666666666667
our_vol5,Our vol5 STNPP-GAT-MoGE-HCL-ZINB,30,2021-02-24,0.02,1.021938131313131
our_vol5,Our vol5 STNPP-GAT-MoGE-HCL-ZINB,31,2021-03-10,0.02,1.1428571428571428
our_vol5,Our vol5 STNPP-GAT-MoGE-HCL-ZINB,32,2021-03-24,0.02,1.1154929577464787
our_vol5,Our vol5 STNPP-GAT-MoGE-HCL-ZINB,33,2021-04-07,0.02,0.7302380252718189
our_vol5,Our vol5 STNPP-GAT-MoGE-HCL-ZINB,34,2021-04-21,0.02,0.7011046133853152
our_vol5,Our vol5 STNPP-GAT-MoGE-HCL-ZINB,35,2021-05-05,0.02,1.6228771228771228
our_vol5,Our vol5 STNPP-GAT-MoGE-HCL-ZINB,36,2021-05-19,0.02,0.7897435897435897
our_vol5,Our vol5 STNPP-GAT-MoGE-HCL-ZINB,37,2021-06-02,0.02,1.1111111111111112
our_vol5,Our vol5 STNPP-GAT-MoGE-HCL-ZINB,38,2021-06-16,0.02,0.8931020572811618
our_vol5,Our vol5 STNPP-GAT-MoGE-HCL-ZINB,39,2021-06-30,0.02,1.098360655737705
our_vol5,Our vol5 STNPP-GAT-MoGE-HCL-ZINB,40,2021-07-14,0.02,0.9862275449101796
our_vol5,Our vol5 STNPP-GAT-MoGE-HCL-ZINB,41,2021-07-28,0.02,1.210144927536232
our_vol5,Our vol5 STNPP-GAT-MoGE-HCL-ZINB,42,2021-08-11,0.02,0.7851405622489961
our_vol5,Our vol5 STNPP-GAT-MoGE-HCL-ZINB,43,2021-08-25,0.02,1.2072727272727273
our_vol5,Our vol5 STNPP-GAT-MoGE-HCL-ZINB,44,2021-09-08,0.02,0.8913764510779435
our_vol5,Our vol5 STNPP-GAT-MoGE-HCL-ZINB,45,2021-09-22,0.02,1.0518053375196232
our_vol5,Our vol5 STNPP-GAT-MoGE-HCL-ZINB,46,2021-10-06,0.02,1.0227272727272727
our_vol5,Our vol5 STNPP-GAT-MoGE-HCL-ZINB,47,2021-10-20,0.02,1.154103852596315
our_vol5,Our vol5 STNPP-GAT-MoGE-HCL-ZINB,48,2021-11-03,0.02,0.8347657049314507
our_vol5,Our vol5 STNPP-GAT-MoGE-HCL-ZINB,49,2021-11-17,0.02,1.1492063492063493
our_vol5,Our vol5 STNPP-GAT-MoGE-HCL-ZINB,50,2021-12-01,0.02,1.0438921205711262
our_vol5,Our vol5 STNPP-GAT-MoGE-HCL-ZINB,51,2021-12-15,0.02,0.8866962305986698
our_vol5,Our vol5 STNPP-GAT-MoGE-HCL-ZINB,52,2021-12-29,0.02,1.2586169754416199
our_vol5,Our vol5 STNPP-GAT-MoGE-HCL-ZINB,53,2022-01-12,0.02,0.6512345679012346
our_vol5,Our vol5 STNPP-GAT-MoGE-HCL-ZINB,54,2022-01-26,0.02,0.9375
our_vol5,Our vol5 STNPP-GAT-MoGE-HCL-ZINB,55,2022-02-09,0.02,1.2130473111960036
our_vol5,Our vol5 STNPP-GAT-MoGE-HCL-ZINB,56,2022-02-23,0.02,0.7471867966991749
our_vol5,Our vol5 STNPP-GAT-MoGE-HCL-ZINB,57,2022-03-09,0.02,1.239640683859751
our_vol5,Our vol5 STNPP-GAT-MoGE-HCL-ZINB,58,2022-03-23,0.02,1.0135219471603911
our_vol5,Our vol5 STNPP-GAT-MoGE-HCL-ZINB,59,2022-04-06,0.02,0.957093081134893
our_vol5,Our vol5 STNPP-GAT-MoGE-HCL-ZINB,60,2022-04-20,0.02,1.0671525247267049
our_vol5,Our vol5 STNPP-GAT-MoGE-HCL-ZINB,61,2022-05-04,0.02,0.9796658259773015
our_vol5,Our vol5 STNPP-GAT-MoGE-HCL-ZINB,62,2022-05-18,0.02,0.8187002972126276
our_vol5,Our vol5 STNPP-GAT-MoGE-HCL-ZINB,63,2022-06-01,0.02,1.2057142857142857
our_vol5,Our vol5 STNPP-GAT-MoGE-HCL-ZINB,64,2022-06-15,0.02,0.7221221549042083
our_vol5,Our vol5 STNPP-GAT-MoGE-HCL-ZINB,65,2022-06-29,0.02,1.1566889247064243
our_vol5,Our vol5 STNPP-GAT-MoGE-HCL-ZINB,66,2022-07-13,0.02,1.2977239353891334
our_vol5,Our vol5 STNPP-GAT-MoGE-HCL-ZINB,67,2022-07-27,0.02,1.013925380977404
our_vol5,Our vol5 STNPP-GAT-MoGE-HCL-ZINB,68,2022-08-10,0.02,1.0274268437533742
our_vol5,Our vol5 STNPP-GAT-MoGE-HCL-ZINB,69,2022-08-24,0.02,1.0586776859504132
our_vol5,Our vol5 STNPP-GAT-MoGE-HCL-ZINB,70,2022-09-07,0.02,0.7229508196721312
our_vol5,Our vol5 STNPP-GAT-MoGE-HCL-ZINB,71,2022-09-21,0.02,1.012404961984794
our_vol5,Our vol5 STNPP-GAT-MoGE-HCL-ZINB,72,2022-10-05,0.02,1.0530840318074361
our_vol5,Our vol5 STNPP-GAT-MoGE-HCL-ZINB,73,2022-10-19,0.02,1.073271028037383
our_vol5,Our vol5 STNPP-GAT-MoGE-HCL-ZINB,74,2022-11-02,0.02,0.9135177865612648
our_vol5,Our vol5 STNPP-GAT-MoGE-HCL-ZINB,75,2022-11-16,0.02,1.0341179582121132
our_vol5,Our vol5 STNPP-GAT-MoGE-HCL-ZINB,76,2022-11-30,0.02,1.1298534798534798
our_vol5,Our vol5 STNPP-GAT-MoGE-HCL-ZINB,77,2022-12-14,0.02,0.9149639423076923
our_vol5,Our vol5 STNPP-GAT-MoGE-HCL-ZINB,78,2022-12-28,0.02,0.7886255924170616
our_vol5,Our vol5 STNPP-GAT-MoGE-HCL-ZINB,79,2023-01-11,0.02,1.1636029411764706
our_vol5,Our vol5 STNPP-GAT-MoGE-HCL-ZINB,80,2023-01-25,0.02,0.9456264775413711
our_vol5,Our vol5 STNPP-GAT-MoGE-HCL-ZINB,81,2023-02-08,0.02,0.9353233830845772
our_vol5,Our vol5 STNPP-GAT-MoGE-HCL-ZINB,82,2023-02-22,0.02,0.7095421952564809
our_vol5,Our vol5 STNPP-GAT-MoGE-HCL-ZINB,83,2023-03-08,0.02,1.4300986842105263
our_vol5,Our vol5 STNPP-GAT-MoGE-HCL-ZINB,84,2023-03-22,0.02,1.1226718047527295
our_vol5,Our vol5 STNPP-GAT-MoGE-HCL-ZINB,85,2023-04-05,0.02,0.8869975389663658
our_vol5,Our vol5 STNPP-GAT-MoGE-HCL-ZINB,86,2023-04-19,0.02,1.0714990138067062
our_vol5,Our vol5 STNPP-GAT-MoGE-HCL-ZINB,87,2023-05-03,0.02,0.946236559139785
our_vol5,Our vol5 STNPP-GAT-MoGE-HCL-ZINB,88,2023-05-17,0.02,1.3498854087089383
our_vol5,Our vol5 STNPP-GAT-MoGE-HCL-ZINB,89,2023-05-31,0.02,0.8148510449088483
our_vol5,Our vol5 STNPP-GAT-MoGE-HCL-ZINB,90,2023-06-14,0.02,0.7385464389837567
our_vol5,Our vol5 STNPP-GAT-MoGE-HCL-ZINB,91,2023-06-28,0.02,1.1241565452091766
our_vol5,Our vol5 STNPP-GAT-MoGE-HCL-ZINB,92,2023-07-12,0.02,0.850909090909091
our_vol5,Our vol5 STNPP-GAT-MoGE-HCL-ZINB,93,2023-07-26,0.02,1.5666666666666669
our_vol5,Our vol5 STNPP-GAT-MoGE-HCL-ZINB,94,2023-08-09,0.02,0.9392265193370166
our_vol5,Our vol5 STNPP-GAT-MoGE-HCL-ZINB,95,2023-08-23,0.02,0.7465997770345596
our_vol5,Our vol5 STNPP-GAT-MoGE-HCL-ZINB,96,2023-09-06,0.02,1.6150146940956451
our_vol5,Our vol5 STNPP-GAT-MoGE-HCL-ZINB,97,2023-09-20,0.02,0.8019201228878647
our_vol5,Our vol5 STNPP-GAT-MoGE-HCL-ZINB,98,2023-10-04,0.02,0.9615384615384616
our_vol5,Our vol5 STNPP-GAT-MoGE-HCL-ZINB,99,2023-10-18,0.02,1.2413469557964971
our_vol5,Our vol5 STNPP-GAT-MoGE-HCL-ZINB,100,2023-11-01,0.02,0.9932106485617295
our_vol5,Our vol5 STNPP-GAT-MoGE-HCL-ZINB,101,2023-11-15,0.02,1.0351710190802776
our_vol5,Our vol5 STNPP-GAT-MoGE-HCL-ZINB,102,2023-11-29,0.02,0.9968792172739541
our_vol5,Our vol5 STNPP-GAT-MoGE-HCL-ZINB,103,2023-12-13,0.02,1.0167324685091181
our_vol5,Our vol5 STNPP-GAT-MoGE-HCL-ZINB,104,2023-12-27,0.02,0.9861378513669619
our_vol5,Our vol5 STNPP-GAT-MoGE-HCL-ZINB,105,2024-01-10,0.02,0.7854399732843547
our_vol5,Our vol5 STNPP-GAT-MoGE-HCL-ZINB,106,2024-01-24,0.02,1.077196261682243
our_vol5,Our vol5 STNPP-GAT-MoGE-HCL-ZINB,107,2024-02-07,0.02,0.8890821256038647
our_vol5,Our vol5 STNPP-GAT-MoGE-HCL-ZINB,108,2024-02-21,0.02,1.2768319763138416
our_vol5,Our vol5 STNPP-GAT-MoGE-HCL-ZINB,109,2024-03-06,0.02,0.6460742544126598
our_vol5,Our vol5 STNPP-GAT-MoGE-HCL-ZINB,110,2024-03-20,0.02,1.0982857142857143
our_vol5,Our vol5 STNPP-GAT-MoGE-HCL-ZINB,111,2024-04-03,0.02,1.2218045112781954
our_vol5,Our vol5 STNPP-GAT-MoGE-HCL-ZINB,112,2024-04-17,0.02,0.978607439705682
our_vol5,Our vol5 STNPP-GAT-MoGE-HCL-ZINB,113,2024-05-01,0.02,1.0083527583527583
our_vol5,Our vol5 STNPP-GAT-MoGE-HCL-ZINB,114,2024-05-15,0.02,0.9034749034749034
our_vol5,Our vol5 STNPP-GAT-MoGE-HCL-ZINB,115,2024-05-29,0.02,1.326048951048951
our_vol5,Our vol5 STNPP-GAT-MoGE-HCL-ZINB,116,2024-06-12,0.02,0.9495818986719134
our_vol5,Our vol5 STNPP-GAT-MoGE-HCL-ZINB,117,2024-06-26,0.02,0.8482090428655314
our_vol5,Our vol5 STNPP-GAT-MoGE-HCL-ZINB,118,2024-07-10,0.02,1.3607523862998314
our_vol5,Our vol5 STNPP-GAT-MoGE-HCL-ZINB,119,2024-07-24,0.02,1.0258454106280195
our_vol5,Our vol5 STNPP-GAT-MoGE-HCL-ZINB,120,2024-08-07,0.02,1.225104214914312
our_vol5,Our vol5 STNPP-GAT-MoGE-HCL-ZINB,121,2024-08-21,0.02,0.7347107438016529
our_vol5,Our vol5 STNPP-GAT-MoGE-HCL-ZINB,122,2024-09-04,0.02,0.8661417322834646
our_vol5,Our vol5 STNPP-GAT-MoGE-HCL-ZINB,123,2024-09-18,0.02,1.5563725490196079
our_vol5,Our vol5 STNPP-GAT-MoGE-HCL-ZINB,124,2024-10-02,0.02,0.7083333333333334
our_vol5,Our vol5 STNPP-GAT-MoGE-HCL-ZINB,125,2024-10-16,0.02,1.0707236842105263
our_vol5,Our vol5 STNPP-GAT-MoGE-HCL-ZINB,126,2024-10-30,0.02,1.2058319039451113
our_vol5,Our vol5 STNPP-GAT-MoGE-HCL-ZINB,127,2024-11-13,0.02,0.6173425366695428
our_vol5,Our vol5 STNPP-GAT-MoGE-HCL-ZINB,0,2020-01-01,0.03,1.0996814910935473
our_vol5,Our vol5 STNPP-GAT-MoGE-HCL-ZINB,1,2020-01-15,0.03,0.8872607381628353
our_vol5,Our vol5 STNPP-GAT-MoGE-HCL-ZINB,2,2020-01-29,0.03,1.1257861635220126
our_vol5,Our vol5 STNPP-GAT-MoGE-HCL-ZINB,3,2020-02-12,0.03,0.6953352769679301
our_vol5,Our vol5 STNPP-GAT-MoGE-HCL-ZINB,4,2020-02-26,0.03,1.5337278106508876
our_vol5,Our vol5 STNPP-GAT-MoGE-HCL-ZINB,5,2020-03-11,0.03,0.7496118873364381
our_vol5,Our vol5 STNPP-GAT-MoGE-HCL-ZINB,6,2020-03-25,0.03,0.9567850712064166
our_vol5,Our vol5 STNPP-GAT-MoGE-HCL-ZINB,7,2020-04-08,0.03,1.2203112203112203
our_vol5,Our vol5 STNPP-GAT-MoGE-HCL-ZINB,8,2020-04-22,0.03,1.0258249641319943
our_vol5,Our vol5 STNPP-GAT-MoGE-HCL-ZINB,9,2020-05-06,0.03,0.7676027676027676
our_vol5,Our vol5 STNPP-GAT-MoGE-HCL-ZINB,10,2020-05-20,0.03,1.099810246679317
our_vol5,Our vol5 STNPP-GAT-MoGE-HCL-ZINB,11,2020-06-03,0.03,1.008130081300813
our_vol5,Our vol5 STNPP-GAT-MoGE-HCL-ZINB,12,2020-06-17,0.03,0.8760003107761635
our_vol5,Our vol5 STNPP-GAT-MoGE-HCL-ZINB,13,2020-07-01,0.03,1.0728813559322035
our_vol5,Our vol5 STNPP-GAT-MoGE-HCL-ZINB,14,2020-07-15,0.03,0.7036024844720498
our_vol5,Our vol5 STNPP-GAT-MoGE-HCL-ZINB,15,2020-07-29,0.03,1.182974910394265
our_vol5,Our vol5 STNPP-GAT-MoGE-HCL-ZINB,16,2020-08-12,0.03,1.1318825763107931
our_vol5,Our vol5 STNPP-GAT-MoGE-HCL-ZINB,17,2020-08-26,0.03,0.7149992864278579
our_vol5,Our vol5 STNPP-GAT-MoGE-HCL-ZINB,18,2020-09-09,0.03,1.1245860927152316
our_vol5,Our vol5 STNPP-GAT-MoGE-HCL-ZINB,19,2020-09-23,0.03,0.9024390243902439
our_vol5,Our vol5 STNPP-GAT-MoGE-HCL-ZINB,20,2020-10-07,0.03,1.125815470643057
our_vol5,Our vol5 STNPP-GAT-MoGE-HCL-ZINB,21,2020-10-21,0.03,0.7803636363636364
our_vol5,Our vol5 STNPP-GAT-MoGE-HCL-ZINB,22,2020-11-04,0.03,0.910783055198973
our_vol5,Our vol5 STNPP-GAT-MoGE-HCL-ZINB,23,2020-11-18,0.03,1.370564281559046
our_vol5,Our vol5 STNPP-GAT-MoGE-HCL-ZINB,24,2020-12-02,0.03,0.8775781090463548
our_vol5,Our vol5 STNPP-GAT-MoGE-HCL-ZINB,25,2020-12-16,0.03,0.9361702127659575
our_vol5,Our vol5 STNPP-GAT-MoGE-HCL-ZINB,26,2020-12-30,0.03,0.8340686274509803
our_vol5,Our vol5 STNPP-GAT-MoGE-HCL-ZINB,27,2021-01-13,0.03,1.6120689655172415
our_vol5,Our vol5 STNPP-GAT-MoGE-HCL-ZINB,28,2021-01-27,0.03,0.7656490015360984
our_vol5,Our vol5 STNPP-GAT-MoGE-HCL-ZINB,29,2021-02-10,0.03,0.9053968253968253
our_vol5,Our vol5 STNPP-GAT-MoGE-HCL-ZINB,30,2021-02-24,0.03,0.9096953578336556
our_vol5,Our vol5 STNPP-GAT-MoGE-HCL-ZINB,31,2021-03-10,0.03,1.06312292358804
our_vol5,Our vol5 STNPP-GAT-MoGE-HCL-ZINB,32,2021-03-24,0.03,1.035211267605634
our_vol5,Our vol5 STNPP-GAT-MoGE-HCL-ZINB,33,2021-04-07,0.03,0.8554216867469879
our_vol5,Our vol5 STNPP-GAT-MoGE-HCL-ZINB,34,2021-04-21,0.03,0.8674878686076894
our_vol5,Our vol5 STNPP-GAT-MoGE-HCL-ZINB,35,2021-05-05,0.03,1.3951048951048952
our_vol5,Our vol5 STNPP-GAT-MoGE-HCL-ZINB,36,2021-05-19,0.03,0.8134996331621422
our_vol5,Our vol5 STNPP-GAT-MoGE-HCL-ZINB,37,2021-06-02,0.03,1.0885885885885886
our_vol5,Our vol5 STNPP-GAT-MoGE-HCL-ZINB,38,2021-06-16,0.03,1.093816631130064
our_vol5,Our vol5 STNPP-GAT-MoGE-HCL-ZINB,39,2021-06-30,0.03,1.0787470725995316
our_vol5,Our vol5 STNPP-GAT-MoGE-HCL-ZINB,40,2021-07-14,0.03,0.9097277143825556
our_vol5,Our vol5 STNPP-GAT-MoGE-HCL-ZINB,41,2021-07-28,0.03,1.296583850931677
our_vol5,Our vol5 STNPP-GAT-MoGE-HCL-ZINB,42,2021-08-11,0.03,0.8393188137164042
our_vol5,Our vol5 STNPP-GAT-MoGE-HCL-ZINB,43,2021-08-25,0.03,1.1382857142857143
our_vol5,Our vol5 STNPP-GAT-MoGE-HCL-ZINB,44,2021-09-08,0.03,1.027363184079602
our_vol5,Our vol5 STNPP-GAT-MoGE-HCL-ZINB,45,2021-09-22,0.03,0.9682983682983684
our_vol5,Our vol5 STNPP-GAT-MoGE-HCL-ZINB,46,2021-10-06,0.03,0.9642857142857143
our_vol5,Our vol5 STNPP-GAT-MoGE-HCL-ZINB,47,2021-10-20,0.03,1.1216459656774438
our_vol5,Our vol5 STNPP-GAT-MoGE-HCL-ZINB,48,2021-11-03,0.03,0.8167324388318863
our_vol5,Our vol5 STNPP-GAT-MoGE-HCL-ZINB,49,2021-11-17,0.03,0.9842739564961788
our_vol5,Our vol5 STNPP-GAT-MoGE-HCL-ZINB,50,2021-12-01,0.03,1.0074441687344913
our_vol5,Our vol5 STNPP-GAT-MoGE-HCL-ZINB,51,2021-12-15,0.03,0.8743237250554324
our_vol5,Our vol5 STNPP-GAT-MoGE-HCL-ZINB,52,2021-12-29,0.03,1.2594347902404774
our_vol5,Our vol5 STNPP-GAT-MoGE-HCL-ZINB,53,2022-01-12,0.03,0.6837962962962963
our_vol5,Our vol5 STNPP-GAT-MoGE-HCL-ZINB,54,2022-01-26,0.03,1.078125
our_vol5,Our vol5 STNPP-GAT-MoGE-HCL-ZINB,55,2022-02-09,0.03,1.2982542414556182
our_vol5,Our vol5 STNPP-GAT-MoGE-HCL-ZINB,56,2022-02-23,0.03,0.7409210793264355
our_vol5,Our vol5 STNPP-GAT-MoGE-HCL-ZINB,57,2022-03-09,0.03,1.257188681406805
our_vol5,Our vol5 STNPP-GAT-MoGE-HCL-ZINB,58,2022-03-23,0.03,0.9377990430622011
our_vol5,Our vol5 STNPP-GAT-MoGE-HCL-ZINB,59,2022-04-06,0.03,0.9331128565522944
our_vol5,Our vol5 STNPP-GAT-MoGE-HCL-ZINB,60,2022-04-20,0.03,1.0706513854635136
our_vol5,Our vol5 STNPP-GAT-MoGE-HCL-ZINB,61,2022-05-04,0.03,0.9902629016553067
our_vol5,Our vol5 STNPP-GAT-MoGE-HCL-ZINB,62,2022-05-18,0.03,0.8372394987989352
our_vol5,Our vol5 STNPP-GAT-MoGE-HCL-ZINB,63,2022-06-01,0.03,1.2280423280423283
our_vol5,Our vol5 STNPP-GAT-MoGE-HCL-ZINB,64,2022-06-15,0.03,0.785466203580016
our_vol5,Our vol5 STNPP-GAT-MoGE-HCL-ZINB,65,2022-06-29,0.03,1.0797383309759547
our_vol5,Our vol5 STNPP-GAT-MoGE-HCL-ZINB,66,2022-07-13,0.03,1.1540473568281937
our_vol5,Our vol5 STNPP-GAT-MoGE-HCL-ZINB,67,2022-07-27,0.03,0.9879632777966677
our_vol5,Our vol5 STNPP-GAT-MoGE-HCL-ZINB,68,2022-08-10,0.03,0.9444024523389604
our_vol5,Our vol5 STNPP-GAT-MoGE-HCL-ZINB,69,2022-08-24,0.03,1.0123966942148759
our_vol5,Our vol5 STNPP-GAT-MoGE-HCL-ZINB,70,2022-09-07,0.03,0.712987012987013
our_vol5,Our vol5 STNPP-GAT-MoGE-HCL-ZINB,71,2022-09-21,0.03,0.9595128373930217
our_vol5,Our vol5 STNPP-GAT-MoGE-HCL-ZINB,72,2022-10-05,0.03,1.0606060606060608
our_vol5,Our vol5 STNPP-GAT-MoGE-HCL-ZINB,73,2022-10-19,0.03,1.0314079975486439
our_vol5,Our vol5 STNPP-GAT-MoGE-HCL-ZINB,74,2022-11-02,0.03,0.9708884688090736
our_vol5,Our vol5 STNPP-GAT-MoGE-HCL-ZINB,75,2022-11-16,0.03,0.9092127303182579
our_vol5,Our vol5 STNPP-GAT-MoGE-HCL-ZINB,76,2022-11-30,0.03,1.1157450076804918
our_vol5,Our vol5 STNPP-GAT-MoGE-HCL-ZINB,77,2022-12-14,0.03,0.875
our_vol5,Our vol5 STNPP-GAT-MoGE-HCL-ZINB,78,2022-12-28,0.03,1.0292723724560915
our_vol5,Our vol5 STNPP-GAT-MoGE-HCL-ZINB,79,2023-01-11,0.03,1.0943408613445378
our_vol5,Our vol5 STNPP-GAT-MoGE-HCL-ZINB,80,2023-01-25,0.03,0.8859792689579924
our_vol5,Our vol5 STNPP-GAT-MoGE-HCL-ZINB,81,2023-02-08,0.03,0.8885572139303483
our_vol5,Our vol5 STNPP-GAT-MoGE-HCL-ZINB,82,2023-02-22,0.03,0.8286761337608795
our_vol5,Our vol5 STNPP-GAT-MoGE-HCL-ZINB,83,2023-03-08,0.03,1.3546910755148742
our_vol5,Our vol5 STNPP-GAT-MoGE-HCL-ZINB,84,2023-03-22,0.03,0.9034122692522841
our_vol5,Our vol5 STNPP-GAT-MoGE-HCL-ZINB,85,2023-04-05,0.03,0.9848731294729993
our_vol5,Our vol5 STNPP-GAT-MoGE-HCL-ZINB,86,2023-04-19,0.03,1.1499013806706115
our_vol5,Our vol5 STNPP-GAT-MoGE-HCL-ZINB,87,2023-05-03,0.03,0.9209361163820368
our_vol5,Our vol5 STNPP-GAT-MoGE-HCL-ZINB,88,2023-05-17,0.03,1.230671621499139
our_vol5,Our vol5 STNPP-GAT-MoGE-HCL-ZINB,89,2023-05-31,0.03,0.8472113732229338
our_vol5,Our vol5 STNPP-GAT-MoGE-HCL-ZINB,90,2023-06-14,0.03,0.6975806451612903
our_vol5,Our vol5 STNPP-GAT-MoGE-HCL-ZINB,91,2023-06-28,0.03,1.0018434724317076
our_vol5,Our vol5 STNPP-GAT-MoGE-HCL-ZINB,92,2023-07-12,0.03,0.9385026737967914
our_vol5,Our vol5 STNPP-GAT-MoGE-HCL-ZINB,93,2023-07-26,0.03,1.3250000000000002
our_vol5,Our vol5 STNPP-GAT-MoGE-HCL-ZINB,94,2023-08-09,0.03,1.0398579321231256
our_vol5,Our vol5 STNPP-GAT-MoGE-HCL-ZINB,95,2023-08-23,0.03,0.7608238755779739
our_vol5,Our vol5 STNPP-GAT-MoGE-HCL-ZINB,96,2023-09-06,0.03,1.3433647570703409
our_vol5,Our vol5 STNPP-GAT-MoGE-HCL-ZINB,97,2023-09-20,0.03,0.8146616541353383
our_vol5,Our vol5 STNPP-GAT-MoGE-HCL-ZINB,98,2023-10-04,0.03,1.0582010582010581
our_vol5,Our vol5 STNPP-GAT-MoGE-HCL-ZINB,99,2023-10-18,0.03,1.1210850996520088
our_vol5,Our vol5 STNPP-GAT-MoGE-HCL-ZINB,100,2023-11-01,0.03,0.9660485410417234
our_vol5,Our vol5 STNPP-GAT-MoGE-HCL-ZINB,101,2023-11-15,0.03,1.0303224428784965
our_vol5,Our vol5 STNPP-GAT-MoGE-HCL-ZINB,102,2023-11-29,0.03,0.902834008097166
our_vol5,Our vol5 STNPP-GAT-MoGE-HCL-ZINB,103,2023-12-13,0.03,1.1053299492385786
our_vol5,Our vol5 STNPP-GAT-MoGE-HCL-ZINB,104,2023-12-27,0.03,1.0370100421120831
our_vol5,Our vol5 STNPP-GAT-MoGE-HCL-ZINB,105,2024-01-10,0.03,0.8541163850898363
our_vol5,Our vol5 STNPP-GAT-MoGE-HCL-ZINB,106,2024-01-24,0.03,1.15827555019596
our_vol5,Our vol5 STNPP-GAT-MoGE-HCL-ZINB,107,2024-02-07,0.03,0.8615136876006441
our_vol5,Our vol5 STNPP-GAT-MoGE-HCL-ZINB,108,2024-02-21,0.03,1.004441154700222
our_vol5,Our vol5 STNPP-GAT-MoGE-HCL-ZINB,109,2024-03-06,0.03,0.7144368059227921
our_vol5,Our vol5 STNPP-GAT-MoGE-HCL-ZINB,110,2024-03-20,0.03,0.9704347826086958
our_vol5,Our vol5 STNPP-GAT-MoGE-HCL-ZINB,111,2024-04-03,0.03,1.1452241715399611
our_vol5,Our vol5 STNPP-GAT-MoGE-HCL-ZINB,112,2024-04-17,0.03,1.0799125576876365
our_vol5,Our vol5 STNPP-GAT-MoGE-HCL-ZINB,113,2024-05-01,0.03,0.9594379255396204
our_vol5,Our vol5 STNPP-GAT-MoGE-HCL-ZINB,114,2024-05-15,0.03,0.8546384222059898
our_vol5,Our vol5 STNPP-GAT-MoGE-HCL-ZINB,115,2024-05-29,0.03,1.1055308328035602
our_vol5,Our vol5 STNPP-GAT-MoGE-HCL-ZINB,116,2024-06-12,0.03,0.995227679459137
our_vol5,Our vol5 STNPP-GAT-MoGE-HCL-ZINB,117,2024-06-26,0.03,0.7714164546225615
our_vol5,Our vol5 STNPP-GAT-MoGE-HCL-ZINB,118,2024-07-10,0.03,1.4206465067778935
our_vol5,Our vol5 STNPP-GAT-MoGE-HCL-ZINB,119,2024-07-24,0.03,0.9968056787932565
our_vol5,Our vol5 STNPP-GAT-MoGE-HCL-ZINB,120,2024-08-07,0.03,1.2537855844942458
our_vol5,Our vol5 STNPP-GAT-MoGE-HCL-ZINB,121,2024-08-21,0.03,0.7993006993006992
our_vol5,Our vol5 STNPP-GAT-MoGE-HCL-ZINB,122,2024-09-04,0.03,0.8166479190101237
our_vol5,Our vol5 STNPP-GAT-MoGE-HCL-ZINB,123,2024-09-18,0.03,1.4229691876750699
our_vol5,Our vol5 STNPP-GAT-MoGE-HCL-ZINB,124,2024-10-02,0.03,0.8095238095238094
our_vol5,Our vol5 STNPP-GAT-MoGE-HCL-ZINB,125,2024-10-16,0.03,1.0761772853185596
our_vol5,Our vol5 STNPP-GAT-MoGE-HCL-ZINB,126,2024-10-30,0.03,1.1320754716981132
our_vol5,Our vol5 STNPP-GAT-MoGE-HCL-ZINB,127,2024-11-13,0.03,0.7351828499369483
our_vol5,Our vol5 STNPP-GAT-MoGE-HCL-ZINB,0,2020-01-01,0.04,1.1955859169732002
our_vol5,Our vol5 STNPP-GAT-MoGE-HCL-ZINB,1,2020-01-15,0.04,0.9250598563447725
our_vol5,Our vol5 STNPP-GAT-MoGE-HCL-ZINB,2,2020-01-29,0.04,1.0378341194968554
our_vol5,Our vol5 STNPP-GAT-MoGE-HCL-ZINB,3,2020-02-12,0.04,0.6671545667447307
our_vol5,Our vol5 STNPP-GAT-MoGE-HCL-ZINB,4,2020-02-26,0.04,1.3781603012372245
our_vol5,Our vol5 STNPP-GAT-MoGE-HCL-ZINB,5,2020-03-11,0.04,0.8324319103728028
our_vol5,Our vol5 STNPP-GAT-MoGE-HCL-ZINB,6,2020-03-25,0.04,1.1446522918749107
our_vol5,Our vol5 STNPP-GAT-MoGE-HCL-ZINB,7,2020-04-08,0.04,1.0688930117501545
our_vol5,Our vol5 STNPP-GAT-MoGE-HCL-ZINB,8,2020-04-22,0.04,0.9087332808811959
our_vol5,Our vol5 STNPP-GAT-MoGE-HCL-ZINB,9,2020-05-06,0.04,0.8212396069538928
our_vol5,Our vol5 STNPP-GAT-MoGE-HCL-ZINB,10,2020-05-20,0.04,1.2193548387096773
our_vol5,Our vol5 STNPP-GAT-MoGE-HCL-ZINB,11,2020-06-03,0.04,1.0556833870225495
our_vol5,Our vol5 STNPP-GAT-MoGE-HCL-ZINB,12,2020-06-17,0.04,0.759812856969255
our_vol5,Our vol5 STNPP-GAT-MoGE-HCL-ZINB,13,2020-07-01,0.04,1.1098772647574517
our_vol5,Our vol5 STNPP-GAT-MoGE-HCL-ZINB,14,2020-07-15,0.04,0.7581923324052261
our_vol5,Our vol5 STNPP-GAT-MoGE-HCL-ZINB,15,2020-07-29,0.04,1.3107526881720428
our_vol5,Our vol5 STNPP-GAT-MoGE-HCL-ZINB,16,2020-08-12,0.04,0.9995393827729157
our_vol5,Our vol5 STNPP-GAT-MoGE-HCL-ZINB,17,2020-08-26,0.04,0.7856325492689129
our_vol5,Our vol5 STNPP-GAT-MoGE-HCL-ZINB,18,2020-09-09,0.04,1.1214708957825024
our_vol5,Our vol5 STNPP-GAT-MoGE-HCL-ZINB,19,2020-09-23,0.04,0.9787234042553191
our_vol5,Our vol5 STNPP-GAT-MoGE-HCL-ZINB,20,2020-10-07,0.04,0.9188640973630833
our_vol5,Our vol5 STNPP-GAT-MoGE-HCL-ZINB,21,2020-10-21,0.04,0.9203305785123966
our_vol5,Our vol5 STNPP-GAT-MoGE-HCL-ZINB,22,2020-11-04,0.04,0.88480635551142
our_vol5,Our vol5 STNPP-GAT-MoGE-HCL-ZINB,23,2020-11-18,0.04,1.3263525305410122
our_vol5,Our vol5 STNPP-GAT-MoGE-HCL-ZINB,24,2020-12-02,0.04,0.7471444218432169
our_vol5,Our vol5 STNPP-GAT-MoGE-HCL-ZINB,25,2020-12-16,0.04,0.9811320754716981
our_vol5,Our vol5 STNPP-GAT-MoGE-HCL-ZINB,26,2020-12-30,0.04,0.8021008403361344
our_vol5,Our vol5 STNPP-GAT-MoGE-HCL-ZINB,27,2021-01-13,0.04,1.489942528735632
our_vol5,Our vol5 STNPP-GAT-MoGE-HCL-ZINB,28,2021-01-27,0.04,0.7923497267759564
our_vol5,Our vol5 STNPP-GAT-MoGE-HCL-ZINB,29,2021-02-10,0.04,0.9156923076923077
our_vol5,Our vol5 STNPP-GAT-MoGE-HCL-ZINB,30,2021-02-24,0.04,0.9232954545454545
our_vol5,Our vol5 STNPP-GAT-MoGE-HCL-ZINB,31,2021-03-10,0.04,1.2142857142857142
our_vol5,Our vol5 STNPP-GAT-MoGE-HCL-ZINB,32,2021-03-24,0.04,1.001083423618635
our_vol5,Our vol5 STNPP-GAT-MoGE-HCL-ZINB,33,2021-04-07,0.04,0.9623493975903614
our_vol5,Our vol5 STNPP-GAT-MoGE-HCL-ZINB,34,2021-04-21,0.04,0.8988520684427118
our_vol5,Our vol5 STNPP-GAT-MoGE-HCL-ZINB,35,2021-05-05,0.04,1.2757667864050846
our_vol5,Our vol5 STNPP-GAT-MoGE-HCL-ZINB,36,2021-05-19,0.04,0.9075862068965517
our_vol5,Our vol5 STNPP-GAT-MoGE-HCL-ZINB,37,2021-06-02,0.04,0.9728931830381106
our_vol5,Our vol5 STNPP-GAT-MoGE-HCL-ZINB,38,2021-06-16,0.04,1.1082089552238807
our_vol5,Our vol5 STNPP-GAT-MoGE-HCL-ZINB,39,2021-06-30,0.04,0.9836065573770493
our_vol5,Our vol5 STNPP-GAT-MoGE-HCL-ZINB,40,2021-07-14,0.04,1.114071856287425
our_vol5,Our vol5 STNPP-GAT-MoGE-HCL-ZINB,41,2021-07-28,0.04,1.1445705718569286
our_vol5,Our vol5 STNPP-GAT-MoGE-HCL-ZINB,42,2021-08-11,0.04,0.7978041197046251
our_vol5,Our vol5 STNPP-GAT-MoGE-HCL-ZINB,43,2021-08-25,0.04,1.0364021164021164
our_vol5,Our vol5 STNPP-GAT-MoGE-HCL-ZINB,44,2021-09-08,0.04,0.9562841530054645
our_vol5,Our vol5 STNPP-GAT-MoGE-HCL-ZINB,45,2021-09-22,0.04,1.0307692307692307
our_vol5,Our vol5 STNPP-GAT-MoGE-HCL-ZINB,46,2021-10-06,0.04,1.0093167701863353
our_vol5,Our vol5 STNPP-GAT-MoGE-HCL-ZINB,47,2021-10-20,0.04,0.9798994974874372
our_vol5,Our vol5 STNPP-GAT-MoGE-HCL-ZINB,48,2021-11-03,0.04,0.8969177086362314
our_vol5,Our vol5 STNPP-GAT-MoGE-HCL-ZINB,49,2021-11-17,0.04,0.8814935064935066
our_vol5,Our vol5 STNPP-GAT-MoGE-HCL-ZINB,50,2021-12-01,0.04,1.0870217554388597
our_vol5,Our vol5 STNPP-GAT-MoGE-HCL-ZINB,51,2021-12-15,0.04,0.8569105691056911
our_vol5,Our vol5 STNPP-GAT-MoGE-HCL-ZINB,52,2021-12-29,0.04,1.1165735304520052
our_vol5,Our vol5 STNPP-GAT-MoGE-HCL-ZINB,53,2022-01-12,0.04,0.7764069264069263
our_vol5,Our vol5 STNPP-GAT-MoGE-HCL-ZINB,54,2022-01-26,0.04,0.888157894736842
our_vol5,Our vol5 STNPP-GAT-MoGE-HCL-ZINB,55,2022-02-09,0.04,1.3093884973857695
our_vol5,Our vol5 STNPP-GAT-MoGE-HCL-ZINB,56,2022-02-23,0.04,0.697244623655914
our_vol5,Our vol5 STNPP-GAT-MoGE-HCL-ZINB,57,2022-03-09,0.04,1.1805608184918532
our_vol5,Our vol5 STNPP-GAT-MoGE-HCL-ZINB,58,2022-03-23,0.04,0.8868317037653421
our_vol5,Our vol5 STNPP-GAT-MoGE-HCL-ZINB,59,2022-04-06,0.04,0.9895265423242467
our_vol5,Our vol5 STNPP-GAT-MoGE-HCL-ZINB,60,2022-04-20,0.04,1.1101571787082287
our_vol5,Our vol5 STNPP-GAT-MoGE-HCL-ZINB,61,2022-05-04,0.04,1.0020299145299145
our_vol5,Our vol5 STNPP-GAT-MoGE-HCL-ZINB,62,2022-05-18,0.04,0.8884208062723071
our_vol5,Our vol5 STNPP-GAT-MoGE-HCL-ZINB,63,2022-06-01,0.04,1.2699074074074075
our_vol5,Our vol5 STNPP-GAT-MoGE-HCL-ZINB,64,2022-06-15,0.04,0.7938222270223566
our_vol5,Our vol5 STNPP-GAT-MoGE-HCL-ZINB,65,2022-06-29,0.04,1.0176495910460612
our_vol5,Our vol5 STNPP-GAT-MoGE-HCL-ZINB,66,2022-07-13,0.04,1.1824271317361654
our_vol5,Our vol5 STNPP-GAT-MoGE-HCL-ZINB,67,2022-07-27,0.04,0.9104636074082811
our_vol5,Our vol5 STNPP-GAT-MoGE-HCL-ZINB,68,2022-08-10,0.04,1.0956389289722623
our_vol5,Our vol5 STNPP-GAT-MoGE-HCL-ZINB,69,2022-08-24,0.04,0.9664772727272727
our_vol5,Our vol5 STNPP-GAT-MoGE-HCL-ZINB,70,2022-09-07,0.04,0.7714285714285714
our_vol5,Our vol5 STNPP-GAT-MoGE-HCL-ZINB,71,2022-09-21,0.04,1.1376172090457806
our_vol5,Our vol5 STNPP-GAT-MoGE-HCL-ZINB,72,2022-10-05,0.04,0.98989898989899
our_vol5,Our vol5 STNPP-GAT-MoGE-HCL-ZINB,73,2022-10-19,0.04,1.0727346607070296
our_vol5,Our vol5 STNPP-GAT-MoGE-HCL-ZINB,74,2022-11-02,0.04,1.0139353400222963
our_vol5,Our vol5 STNPP-GAT-MoGE-HCL-ZINB,75,2022-11-16,0.04,1.0443785191015318
our_vol5,Our vol5 STNPP-GAT-MoGE-HCL-ZINB,76,2022-11-30,0.04,1.0904109589041096
our_vol5,Our vol5 STNPP-GAT-MoGE-HCL-ZINB,77,2022-12-14,0.04,0.9722222222222221
our_vol5,Our vol5 STNPP-GAT-MoGE-HCL-ZINB,78,2022-12-28,0.04,1.0966824644549764
our_vol5,Our vol5 STNPP-GAT-MoGE-HCL-ZINB,79,2023-01-11,0.04,0.9748235049833887
our_vol5,Our vol5 STNPP-GAT-MoGE-HCL-ZINB,80,2023-01-25,0.04,0.9586696013695281
our_vol5,Our vol5 STNPP-GAT-MoGE-HCL-ZINB,81,2023-02-08,0.04,0.8963515754560532
our_vol5,Our vol5 STNPP-GAT-MoGE-HCL-ZINB,82,2023-02-22,0.04,0.9193347193347193
our_vol5,Our vol5 STNPP-GAT-MoGE-HCL-ZINB,83,2023-03-08,0.04,1.2469990766389658
our_vol5,Our vol5 STNPP-GAT-MoGE-HCL-ZINB,84,2023-03-22,0.04,0.9498515856897359
our_vol5,Our vol5 STNPP-GAT-MoGE-HCL-ZINB,85,2023-04-05,0.04,1.0103324348607368
our_vol5,Our vol5 STNPP-GAT-MoGE-HCL-ZINB,86,2023-04-19,0.04,1.0549932523616734
our_vol5,Our vol5 STNPP-GAT-MoGE-HCL-ZINB,87,2023-05-03,0.04,1.0266963292547273
our_vol5,Our vol5 STNPP-GAT-MoGE-HCL-ZINB,88,2023-05-17,0.04,1.1207351058220985
our_vol5,Our vol5 STNPP-GAT-MoGE-HCL-ZINB,89,2023-05-31,0.04,0.889368551986537
our_vol5,Our vol5 STNPP-GAT-MoGE-HCL-ZINB,90,2023-06-14,0.04,0.8425324675324675
our_vol5,Our vol5 STNPP-GAT-MoGE-HCL-ZINB,91,2023-06-28,0.04,0.9020381328073634
our_vol5,Our vol5 STNPP-GAT-MoGE-HCL-ZINB,92,2023-07-12,0.04,0.9517210213150561
our_vol5,Our vol5 STNPP-GAT-MoGE-HCL-ZINB,93,2023-07-26,0.04,1.2929824561403511
our_vol5,Our vol5 STNPP-GAT-MoGE-HCL-ZINB,94,2023-08-09,0.04,0.9392265193370166
our_vol5,Our vol5 STNPP-GAT-MoGE-HCL-ZINB,95,2023-08-23,0.04,0.8578865578865579
our_vol5,Our vol5 STNPP-GAT-MoGE-HCL-ZINB,96,2023-09-06,0.04,1.484771573604061
our_vol5,Our vol5 STNPP-GAT-MoGE-HCL-ZINB,97,2023-09-20,0.04,0.8326912787586944
our_vol5,Our vol5 STNPP-GAT-MoGE-HCL-ZINB,98,2023-10-04,0.04,1.0533910533910533
our_vol5,Our vol5 STNPP-GAT-MoGE-HCL-ZINB,99,2023-10-18,0.04,1.011467889908257
our_vol5,Our vol5 STNPP-GAT-MoGE-HCL-ZINB,100,2023-11-01,0.04,0.9780108681915834
our_vol5,Our vol5 STNPP-GAT-MoGE-HCL-ZINB,101,2023-11-15,0.04,1.0217364225211758
our_vol5,Our vol5 STNPP-GAT-MoGE-HCL-ZINB,102,2023-11-29,0.04,0.9973166368515205
our_vol5,Our vol5 STNPP-GAT-MoGE-HCL-ZINB,103,2023-12-13,0.04,0.9898477157360407
our_vol5,Our vol5 STNPP-GAT-MoGE-HCL-ZINB,104,2023-12-27,0.04,0.9528889477869069
our_vol5,Our vol5 STNPP-GAT-MoGE-HCL-ZINB,105,2024-01-10,0.04,0.935724266418258
our_vol5,Our vol5 STNPP-GAT-MoGE-HCL-ZINB,106,2024-01-24,0.04,0.9815283122594832
our_vol5,Our vol5 STNPP-GAT-MoGE-HCL-ZINB,107,2024-02-07,0.04,0.9455638034641216
our_vol5,Our vol5 STNPP-GAT-MoGE-HCL-ZINB,108,2024-02-21,0.04,0.9596400327242978
our_vol5,Our vol5 STNPP-GAT-MoGE-HCL-ZINB,109,2024-03-06,0.04,0.7782258064516129
our_vol5,Our vol5 STNPP-GAT-MoGE-HCL-ZINB,110,2024-03-20,0.04,1.037090909090909
our_vol5,Our vol5 STNPP-GAT-MoGE-HCL-ZINB,111,2024-04-03,0.04,1.0416666666666667
our_vol5,Our vol5 STNPP-GAT-MoGE-HCL-ZINB,112,2024-04-17,0.04,1.185288640595903
our_vol5,Our vol5 STNPP-GAT-MoGE-HCL-ZINB,113,2024-05-01,0.04,0.9179487179487179
our_vol5,Our vol5 STNPP-GAT-MoGE-HCL-ZINB,114,2024-05-15,0.04,0.8863636363636365
our_vol5,Our vol5 STNPP-GAT-MoGE-HCL-ZINB,115,2024-05-29,0.04,1.1958041958041958
our_vol5,Our vol5 STNPP-GAT-MoGE-HCL-ZINB,116,2024-06-12,0.04,0.8686915887850468
our_vol5,Our vol5 STNPP-GAT-MoGE-HCL-ZINB,117,2024-06-26,0.04,0.7963740458015267
our_vol5,Our vol5 STNPP-GAT-MoGE-HCL-ZINB,118,2024-07-10,0.04,1.2008148022407061
our_vol5,Our vol5 STNPP-GAT-MoGE-HCL-ZINB,119,2024-07-24,0.04,0.9360248447204969
our_vol5,Our vol5 STNPP-GAT-MoGE-HCL-ZINB,120,2024-08-07,0.04,1.1936292054402289
our_vol5,Our vol5 STNPP-GAT-MoGE-HCL-ZINB,121,2024-08-21,0.04,0.8507177033492822
our_vol5,Our vol5 STNPP-GAT-MoGE-HCL-ZINB,122,2024-09-04,0.04,0.8661417322834646
our_vol5,Our vol5 STNPP-GAT-MoGE-HCL-ZINB,123,2024-09-18,0.04,1.2754662840746054
our_vol5,Our vol5 STNPP-GAT-MoGE-HCL-ZINB,124,2024-10-02,0.04,0.8460648148148149
our_vol5,Our vol5 STNPP-GAT-MoGE-HCL-ZINB,125,2024-10-16,0.04,0.9824561403508771
our_vol5,Our vol5 STNPP-GAT-MoGE-HCL-ZINB,126,2024-10-30,0.04,1.2099056603773586
our_vol5,Our vol5 STNPP-GAT-MoGE-HCL-ZINB,127,2024-11-13,0.04,0.7177476835352815
our_vol5,Our vol5 STNPP-GAT-MoGE-HCL-ZINB,0,2020-01-01,0.05,1.0516727973375373
our_vol5,Our vol5 STNPP-GAT-MoGE-HCL-ZINB,1,2020-01-15,0.05,0.9788712218879815
our_vol5,Our vol5 STNPP-GAT-MoGE-HCL-ZINB,2,2020-01-29,0.05,0.921097770154374
our_vol5,Our vol5 STNPP-GAT-MoGE-HCL-ZINB,3,2020-02-12,0.05,0.7837611607142857
our_vol5,Our vol5 STNPP-GAT-MoGE-HCL-ZINB,4,2020-02-26,0.05,1.2941833203081388
our_vol5,Our vol5 STNPP-GAT-MoGE-HCL-ZINB,5,2020-03-11,0.05,0.7658197119274963
our_vol5,Our vol5 STNPP-GAT-MoGE-HCL-ZINB,6,2020-03-25,0.05,1.1608341323106424
our_vol5,Our vol5 STNPP-GAT-MoGE-HCL-ZINB,7,2020-04-08,0.05,1.132892561983471
our_vol5,Our vol5 STNPP-GAT-MoGE-HCL-ZINB,8,2020-04-22,0.05,0.9908536585365855
our_vol5,Our vol5 STNPP-GAT-MoGE-HCL-ZINB,9,2020-05-06,0.05,0.8677248677248678
our_vol5,Our vol5 STNPP-GAT-MoGE-HCL-ZINB,10,2020-05-20,0.05,1.2193548387096773
our_vol5,Our vol5 STNPP-GAT-MoGE-HCL-ZINB,11,2020-06-03,0.05,1.076477883422902
our_vol5,Our vol5 STNPP-GAT-MoGE-HCL-ZINB,12,2020-06-17,0.05,0.7772511848341233
our_vol5,Our vol5 STNPP-GAT-MoGE-HCL-ZINB,13,2020-07-01,0.05,1.1187309865275967
our_vol5,Our vol5 STNPP-GAT-MoGE-HCL-ZINB,14,2020-07-15,0.05,0.8932453416149069
our_vol5,Our vol5 STNPP-GAT-MoGE-HCL-ZINB,15,2020-07-29,0.05,1.099810246679317
our_vol5,Our vol5 STNPP-GAT-MoGE-HCL-ZINB,16,2020-08-12,0.05,0.9444269356024794
our_vol5,Our vol5 STNPP-GAT-MoGE-HCL-ZINB,17,2020-08-26,0.05,0.8758741258741259
our_vol5,Our vol5 STNPP-GAT-MoGE-HCL-ZINB,18,2020-09-09,0.05,1.076158940397351
our_vol5,Our vol5 STNPP-GAT-MoGE-HCL-ZINB,19,2020-09-23,0.05,1.0980392156862746
our_vol5,Our vol5 STNPP-GAT-MoGE-HCL-ZINB,20,2020-10-07,0.05,0.911942333917787
our_vol5,Our vol5 STNPP-GAT-MoGE-HCL-ZINB,21,2020-10-21,0.05,1.0035190615835778
our_vol5,Our vol5 STNPP-GAT-MoGE-HCL-ZINB,22,2020-11-04,0.05,0.9118421052631579
our_vol5,Our vol5 STNPP-GAT-MoGE-HCL-ZINB,23,2020-11-18,0.05,1.2600349040139616
our_vol5,Our vol5 STNPP-GAT-MoGE-HCL-ZINB,24,2020-12-02,0.05,0.8178980984177674
our_vol5,Our vol5 STNPP-GAT-MoGE-HCL-ZINB,25,2020-12-16,0.05,1.1403508771929824
our_vol5,Our vol5 STNPP-GAT-MoGE-HCL-ZINB,26,2020-12-30,0.05,0.8472318339100345
our_vol5,Our vol5 STNPP-GAT-MoGE-HCL-ZINB,27,2021-01-13,0.05,1.2282430213464697
our_vol5,Our vol5 STNPP-GAT-MoGE-HCL-ZINB,28,2021-01-27,0.05,0.8622515477354187
our_vol5,Our vol5 STNPP-GAT-MoGE-HCL-ZINB,29,2021-02-10,0.05,0.8950375939849623
our_vol5,Our vol5 STNPP-GAT-MoGE-HCL-ZINB,30,2021-02-24,0.05,0.8737947658402203
our_vol5,Our vol5 STNPP-GAT-MoGE-HCL-ZINB,31,2021-03-10,0.05,1.1041162227602905
our_vol5,Our vol5 STNPP-GAT-MoGE-HCL-ZINB,32,2021-03-24,0.05,1.028411850412822
our_vol5,Our vol5 STNPP-GAT-MoGE-HCL-ZINB,33,2021-04-07,0.05,1.0771976796073182
our_vol5,Our vol5 STNPP-GAT-MoGE-HCL-ZINB,34,2021-04-21,0.05,0.8422772617819059
our_vol5,Our vol5 STNPP-GAT-MoGE-HCL-ZINB,35,2021-05-05,0.05,1.0727492846136915
our_vol5,Our vol5 STNPP-GAT-MoGE-HCL-ZINB,36,2021-05-19,0.05,0.9053702656868287
our_vol5,Our vol5 STNPP-GAT-MoGE-HCL-ZINB,37,2021-06-02,0.05,0.9438832772166105
our_vol5,Our vol5 STNPP-GAT-MoGE-HCL-ZINB,38,2021-06-16,0.05,1.1044776119402986
our_vol5,Our vol5 STNPP-GAT-MoGE-HCL-ZINB,39,2021-06-30,0.05,0.9393874029335635
our_vol5,Our vol5 STNPP-GAT-MoGE-HCL-ZINB,40,2021-07-14,0.05,1.2327844311377245
our_vol5,Our vol5 STNPP-GAT-MoGE-HCL-ZINB,41,2021-07-28,0.05,1.0669032830523513
our_vol5,Our vol5 STNPP-GAT-MoGE-HCL-ZINB,42,2021-08-11,0.05,0.8196164941455965
our_vol5,Our vol5 STNPP-GAT-MoGE-HCL-ZINB,43,2021-08-25,0.05,0.9638709677419355
our_vol5,Our vol5 STNPP-GAT-MoGE-HCL-ZINB,44,2021-09-08,0.05,1.077943615257048
our_vol5,Our vol5 STNPP-GAT-MoGE-HCL-ZINB,45,2021-09-22,0.05,0.9679174484052532
our_vol5,Our vol5 STNPP-GAT-MoGE-HCL-ZINB,46,2021-10-06,0.05,0.9776785714285714
our_vol5,Our vol5 STNPP-GAT-MoGE-HCL-ZINB,47,2021-10-20,0.05,1.0876001629770475
our_vol5,Our vol5 STNPP-GAT-MoGE-HCL-ZINB,48,2021-11-03,0.05,0.8745605223505775
our_vol5,Our vol5 STNPP-GAT-MoGE-HCL-ZINB,49,2021-11-17,0.05,0.8638459888459888
our_vol5,Our vol5 STNPP-GAT-MoGE-HCL-ZINB,50,2021-12-01,0.05,1.1123938879456705
our_vol5,Our vol5 STNPP-GAT-MoGE-HCL-ZINB,51,2021-12-15,0.05,0.9426670890085525
our_vol5,Our vol5 STNPP-GAT-MoGE-HCL-ZINB,52,2021-12-29,0.05,1.0472702652797439
our_vol5,Our vol5 STNPP-GAT-MoGE-HCL-ZINB,53,2022-01-12,0.05,0.8373015873015873
our_vol5,Our vol5 STNPP-GAT-MoGE-HCL-ZINB,54,2022-01-26,0.05,0.9375
our_vol5,Our vol5 STNPP-GAT-MoGE-HCL-ZINB,55,2022-02-09,0.05,1.2429419169214169
our_vol5,Our vol5 STNPP-GAT-MoGE-HCL-ZINB,56,2022-02-23,0.05,0.7457652084253941
our_vol5,Our vol5 STNPP-GAT-MoGE-HCL-ZINB,57,2022-03-09,0.05,1.2216748768472907
our_vol5,Our vol5 STNPP-GAT-MoGE-HCL-ZINB,58,2022-03-23,0.05,0.899344320396952
our_vol5,Our vol5 STNPP-GAT-MoGE-HCL-ZINB,59,2022-04-06,0.05,0.9697798929208804
our_vol5,Our vol5 STNPP-GAT-MoGE-HCL-ZINB,60,2022-04-20,0.05,1.1005899705014748
our_vol5,Our vol5 STNPP-GAT-MoGE-HCL-ZINB,61,2022-05-04,0.05,1.0522267206477733
our_vol5,Our vol5 STNPP-GAT-MoGE-HCL-ZINB,62,2022-05-18,0.05,0.8809115659977816
our_vol5,Our vol5 STNPP-GAT-MoGE-HCL-ZINB,63,2022-06-01,0.05,1.2253193960511033
our_vol5,Our vol5 STNPP-GAT-MoGE-HCL-ZINB,64,2022-06-15,0.05,0.8465213496566139
our_vol5,Our vol5 STNPP-GAT-MoGE-HCL-ZINB,65,2022-06-29,0.05,0.9872876176506541
our_vol5,Our vol5 STNPP-GAT-MoGE-HCL-ZINB,66,2022-07-13,0.05,1.091147472204741
our_vol5,Our vol5 STNPP-GAT-MoGE-HCL-ZINB,67,2022-07-27,0.05,0.862262592898431
our_vol5,Our vol5 STNPP-GAT-MoGE-HCL-ZINB,68,2022-08-10,0.05,1.1114890400604687
our_vol5,Our vol5 STNPP-GAT-MoGE-HCL-ZINB,69,2022-08-24,0.05,0.9335664335664335
our_vol5,Our vol5 STNPP-GAT-MoGE-HCL-ZINB,70,2022-09-07,0.05,0.82
our_vol5,Our vol5 STNPP-GAT-MoGE-HCL-ZINB,71,2022-09-21,0.05,1.0954020162281781
our_vol5,Our vol5 STNPP-GAT-MoGE-HCL-ZINB,72,2022-10-05,0.05,0.98989898989899
our_vol5,Our vol5 STNPP-GAT-MoGE-HCL-ZINB,73,2022-10-19,0.05,1.054063646042825
our_vol5,Our vol5 STNPP-GAT-MoGE-HCL-ZINB,74,2022-11-02,0.05,1.015992003998001
our_vol5,Our vol5 STNPP-GAT-MoGE-HCL-ZINB,75,2022-11-16,0.05,1.0219518645860883
our_vol5,Our vol5 STNPP-GAT-MoGE-HCL-ZINB,76,2022-11-30,0.05,1.0631823461091756
our_vol5,Our vol5 STNPP-GAT-MoGE-HCL-ZINB,77,2022-12-14,0.05,0.9336228287841191
our_vol5,Our vol5 STNPP-GAT-MoGE-HCL-ZINB,78,2022-12-28,0.05,1.1444135752029199
our_vol5,Our vol5 STNPP-GAT-MoGE-HCL-ZINB,79,2023-01-11,0.05,0.8962378640776698
our_vol5,Our vol5 STNPP-GAT-MoGE-HCL-ZINB,80,2023-01-25,0.05,0.9184397163120568
our_vol5,Our vol5 STNPP-GAT-MoGE-HCL-ZINB,81,2023-02-08,0.05,0.9110292692382246
our_vol5,Our vol5 STNPP-GAT-MoGE-HCL-ZINB,82,2023-02-22,0.05,0.9808558558558559
our_vol5,Our vol5 STNPP-GAT-MoGE-HCL-ZINB,83,2023-03-08,0.05,1.2133603238866397
our_vol5,Our vol5 STNPP-GAT-MoGE-HCL-ZINB,84,2023-03-22,0.05,0.9659447036701719
our_vol5,Our vol5 STNPP-GAT-MoGE-HCL-ZINB,85,2023-04-05,0.05,0.9837167226673558
our_vol5,Our vol5 STNPP-GAT-MoGE-HCL-ZINB,86,2023-04-19,0.05,0.9408284023668639
our_vol5,Our vol5 STNPP-GAT-MoGE-HCL-ZINB,87,2023-05-03,0.05,1.0145681581685744
our_vol5,Our vol5 STNPP-GAT-MoGE-HCL-ZINB,88,2023-05-17,0.05,1.1140106951871658
our_vol5,Our vol5 STNPP-GAT-MoGE-HCL-ZINB,89,2023-05-31,0.05,0.952243325075695
our_vol5,Our vol5 STNPP-GAT-MoGE-HCL-ZINB,90,2023-06-14,0.05,0.9189264746994686
our_vol5,Our vol5 STNPP-GAT-MoGE-HCL-ZINB,91,2023-06-28,0.05,0.8376068376068375
our_vol5,Our vol5 STNPP-GAT-MoGE-HCL-ZINB,92,2023-07-12,0.05,0.9308725707577931
our_vol5,Our vol5 STNPP-GAT-MoGE-HCL-ZINB,93,2023-07-26,0.05,1.2861538461538462
our_vol5,Our vol5 STNPP-GAT-MoGE-HCL-ZINB,94,2023-08-09,0.05,0.9392265193370166
our_vol5,Our vol5 STNPP-GAT-MoGE-HCL-ZINB,95,2023-08-23,0.05,0.8278586278586278
our_vol5,Our vol5 STNPP-GAT-MoGE-HCL-ZINB,96,2023-09-06,0.05,1.4411018214392355
our_vol5,Our vol5 STNPP-GAT-MoGE-HCL-ZINB,97,2023-09-20,0.05,0.8067619047619047
our_vol5,Our vol5 STNPP-GAT-MoGE-HCL-ZINB,98,2023-10-04,0.05,1.048689138576779
our_vol5,Our vol5 STNPP-GAT-MoGE-HCL-ZINB,99,2023-10-18,0.05,0.9598623853211009
our_vol5,Our vol5 STNPP-GAT-MoGE-HCL-ZINB,100,2023-11-01,0.05,0.9252563113217948
our_vol5,Our vol5 STNPP-GAT-MoGE-HCL-ZINB,101,2023-11-15,0.05,0.9788063207345717
our_vol5,Our vol5 STNPP-GAT-MoGE-HCL-ZINB,102,2023-11-29,0.05,0.9649038461538462
our_vol5,Our vol5 STNPP-GAT-MoGE-HCL-ZINB,103,2023-12-13,0.05,1.0072933076608903
our_vol5,Our vol5 STNPP-GAT-MoGE-HCL-ZINB,104,2023-12-27,0.05,1.0169267707082832
our_vol5,Our vol5 STNPP-GAT-MoGE-HCL-ZINB,105,2024-01-10,0.05,0.9378472936818274
our_vol5,Our vol5 STNPP-GAT-MoGE-HCL-ZINB,106,2024-01-24,0.05,0.9449090014756517
our_vol5,Our vol5 STNPP-GAT-MoGE-HCL-ZINB,107,2024-02-07,0.05,1.0338164251207729
our_vol5,Our vol5 STNPP-GAT-MoGE-HCL-ZINB,108,2024-02-21,0.05,0.9279268789660592
our_vol5,Our vol5 STNPP-GAT-MoGE-HCL-ZINB,109,2024-03-06,0.05,0.7618075404927181
our_vol5,Our vol5 STNPP-GAT-MoGE-HCL-ZINB,110,2024-03-20,0.05,1.1
our_vol5,Our vol5 STNPP-GAT-MoGE-HCL-ZINB,111,2024-04-03,0.05,1.0491916064671483
our_vol5,Our vol5 STNPP-GAT-MoGE-HCL-ZINB,112,2024-04-17,0.05,1.2018381690394666
our_vol5,Our vol5 STNPP-GAT-MoGE-HCL-ZINB,113,2024-05-01,0.05,1.0403418803418805
our_vol5,Our vol5 STNPP-GAT-MoGE-HCL-ZINB,114,2024-05-15,0.05,0.7955124936257013
our_vol5,Our vol5 STNPP-GAT-MoGE-HCL-ZINB,115,2024-05-29,0.05,1.2116663823980898
our_vol5,Our vol5 STNPP-GAT-MoGE-HCL-ZINB,116,2024-06-12,0.05,0.9814544392523364
our_vol5,Our vol5 STNPP-GAT-MoGE-HCL-ZINB,117,2024-06-26,0.05,0.7167783143791867
our_vol5,Our vol5 STNPP-GAT-MoGE-HCL-ZINB,118,2024-07-10,0.05,1.2821831453218313
our_vol5,Our vol5 STNPP-GAT-MoGE-HCL-ZINB,119,2024-07-24,0.05,0.9374198146828225
our_vol5,Our vol5 STNPP-GAT-MoGE-HCL-ZINB,120,2024-08-07,0.05,1.1590551181102362
our_vol5,Our vol5 STNPP-GAT-MoGE-HCL-ZINB,121,2024-08-21,0.05,0.8063492063492063
our_vol5,Our vol5 STNPP-GAT-MoGE-HCL-ZINB,122,2024-09-04,0.05,0.8845702797788574
our_vol5,Our vol5 STNPP-GAT-MoGE-HCL-ZINB,123,2024-09-18,0.05,1.2261755766136242
our_vol5,Our vol5 STNPP-GAT-MoGE-HCL-ZINB,124,2024-10-02,0.05,0.807070707070707
our_vol5,Our vol5 STNPP-GAT-MoGE-HCL-ZINB,125,2024-10-16,0.05,0.9876819708846584
our_vol5,Our vol5 STNPP-GAT-MoGE-HCL-ZINB,126,2024-10-30,0.05,1.2035040431266846
our_vol5,Our vol5 STNPP-GAT-MoGE-HCL-ZINB,127,2024-11-13,0.05,0.9231557377049181
our_vol5,Our vol5 STNPP-GAT-MoGE-HCL-ZINB,0,2020-01-01,0.06,1.0568125516102396
our_vol5,Our vol5 STNPP-GAT-MoGE-HCL-ZINB,1,2020-01-15,0.06,1.0022760190357953
our_vol5,Our vol5 STNPP-GAT-MoGE-HCL-ZINB,2,2020-01-29,0.06,0.9271180170181279
our_vol5,Our vol5 STNPP-GAT-MoGE-HCL-ZINB,3,2020-02-12,0.06,0.8038160469667318
our_vol5,Our vol5 STNPP-GAT-MoGE-HCL-ZINB,4,2020-02-26,0.06,1.375147928994083
our_vol5,Our vol5 STNPP-GAT-MoGE-HCL-ZINB,5,2020-03-11,0.06,0.7528114502701913
our_vol5,Our vol5 STNPP-GAT-MoGE-HCL-ZINB,6,2020-03-25,0.06,1.1024315106172295
our_vol5,Our vol5 STNPP-GAT-MoGE-HCL-ZINB,7,2020-04-08,0.06,1.0866974833076526
our_vol5,Our vol5 STNPP-GAT-MoGE-HCL-ZINB,8,2020-04-22,0.06,1.0060975609756098
our_vol5,Our vol5 STNPP-GAT-MoGE-HCL-ZINB,9,2020-05-06,0.06,0.9166107757657054
our_vol5,Our vol5 STNPP-GAT-MoGE-HCL-ZINB,10,2020-05-20,0.06,1.0356164383561643
our_vol5,Our vol5 STNPP-GAT-MoGE-HCL-ZINB,11,2020-06-03,0.06,1.1521486643437864
our_vol5,Our vol5 STNPP-GAT-MoGE-HCL-ZINB,12,2020-06-17,0.06,0.741731641441166
our_vol5,Our vol5 STNPP-GAT-MoGE-HCL-ZINB,13,2020-07-01,0.06,1.158976773383553
our_vol5,Our vol5 STNPP-GAT-MoGE-HCL-ZINB,14,2020-07-15,0.06,0.8361473186947774
our_vol5,Our vol5 STNPP-GAT-MoGE-HCL-ZINB,15,2020-07-29,0.06,1.1954960438222761
our_vol5,Our vol5 STNPP-GAT-MoGE-HCL-ZINB,16,2020-08-12,0.06,0.9880239520958084
our_vol5,Our vol5 STNPP-GAT-MoGE-HCL-ZINB,17,2020-08-26,0.06,0.8623991393222163
our_vol5,Our vol5 STNPP-GAT-MoGE-HCL-ZINB,18,2020-09-09,0.06,1.0823084200567643
our_vol5,Our vol5 STNPP-GAT-MoGE-HCL-ZINB,19,2020-09-23,0.06,1.0
our_vol5,Our vol5 STNPP-GAT-MoGE-HCL-ZINB,20,2020-10-07,0.06,0.9762931034482759
our_vol5,Our vol5 STNPP-GAT-MoGE-HCL-ZINB,21,2020-10-21,0.06,0.8543153049482163
our_vol5,Our vol5 STNPP-GAT-MoGE-HCL-ZINB,22,2020-11-04,0.06,0.936266447368421
our_vol5,Our vol5 STNPP-GAT-MoGE-HCL-ZINB,23,2020-11-18,0.06,1.1743746364165213
our_vol5,Our vol5 STNPP-GAT-MoGE-HCL-ZINB,24,2020-12-02,0.06,0.8273994855827805
our_vol5,Our vol5 STNPP-GAT-MoGE-HCL-ZINB,25,2020-12-16,0.06,1.109375
our_vol5,Our vol5 STNPP-GAT-MoGE-HCL-ZINB,26,2020-12-30,0.06,0.8623376623376622
our_vol5,Our vol5 STNPP-GAT-MoGE-HCL-ZINB,27,2021-01-13,0.06,1.1724137931034484
our_vol5,Our vol5 STNPP-GAT-MoGE-HCL-ZINB,28,2021-01-27,0.06,0.9020737327188941
our_vol5,Our vol5 STNPP-GAT-MoGE-HCL-ZINB,29,2021-02-10,0.06,0.8307389162561576
our_vol5,Our vol5 STNPP-GAT-MoGE-HCL-ZINB,30,2021-02-24,0.06,0.9794776119402984
our_vol5,Our vol5 STNPP-GAT-MoGE-HCL-ZINB,31,2021-03-10,0.06,1.1780219780219778
our_vol5,Our vol5 STNPP-GAT-MoGE-HCL-ZINB,32,2021-03-24,0.06,1.0320308950477057
our_vol5,Our vol5 STNPP-GAT-MoGE-HCL-ZINB,33,2021-04-07,0.06,1.0407630522088354
our_vol5,Our vol5 STNPP-GAT-MoGE-HCL-ZINB,34,2021-04-21,0.06,0.8068656489709123
our_vol5,Our vol5 STNPP-GAT-MoGE-HCL-ZINB,35,2021-05-05,0.06,1.059917355371901
our_vol5,Our vol5 STNPP-GAT-MoGE-HCL-ZINB,36,2021-05-19,0.06,0.9333333333333333
our_vol5,Our vol5 STNPP-GAT-MoGE-HCL-ZINB,37,2021-06-02,0.06,0.95679012345679
our_vol5,Our vol5 STNPP-GAT-MoGE-HCL-ZINB,38,2021-06-16,0.06,1.123073158796183
our_vol5,Our vol5 STNPP-GAT-MoGE-HCL-ZINB,39,2021-06-30,0.06,1.0034405990690143
our_vol5,Our vol5 STNPP-GAT-MoGE-HCL-ZINB,40,2021-07-14,0.06,1.2501475921396643
our_vol5,Our vol5 STNPP-GAT-MoGE-HCL-ZINB,41,2021-07-28,0.06,1.1755693581780537
our_vol5,Our vol5 STNPP-GAT-MoGE-HCL-ZINB,42,2021-08-11,0.06,0.7806347340581841
our_vol5,Our vol5 STNPP-GAT-MoGE-HCL-ZINB,43,2021-08-25,0.06,0.9625210084033613
our_vol5,Our vol5 STNPP-GAT-MoGE-HCL-ZINB,44,2021-09-08,0.06,1.1036367458482237
our_vol5,Our vol5 STNPP-GAT-MoGE-HCL-ZINB,45,2021-09-22,0.06,1.0307692307692307
our_vol5,Our vol5 STNPP-GAT-MoGE-HCL-ZINB,46,2021-10-06,0.06,0.9285714285714286
our_vol5,Our vol5 STNPP-GAT-MoGE-HCL-ZINB,47,2021-10-20,0.06,1.1229565549265317
our_vol5,Our vol5 STNPP-GAT-MoGE-HCL-ZINB,48,2021-11-03,0.06,0.8818485267034991
our_vol5,Our vol5 STNPP-GAT-MoGE-HCL-ZINB,49,2021-11-17,0.06,0.9067956349206349
our_vol5,Our vol5 STNPP-GAT-MoGE-HCL-ZINB,50,2021-12-01,0.06,1.1651612903225805
our_vol5,Our vol5 STNPP-GAT-MoGE-HCL-ZINB,51,2021-12-15,0.06,0.8752941176470589
our_vol5,Our vol5 STNPP-GAT-MoGE-HCL-ZINB,52,2021-12-29,0.06,1.1003254725061384
our_vol5,Our vol5 STNPP-GAT-MoGE-HCL-ZINB,53,2022-01-12,0.06,0.8192951015531661
our_vol5,Our vol5 STNPP-GAT-MoGE-HCL-ZINB,54,2022-01-26,0.06,0.9375
our_vol5,Our vol5 STNPP-GAT-MoGE-HCL-ZINB,55,2022-02-09,0.06,1.1870640456563095
our_vol5,Our vol5 STNPP-GAT-MoGE-HCL-ZINB,56,2022-02-23,0.06,0.7474462365591399
our_vol5,Our vol5 STNPP-GAT-MoGE-HCL-ZINB,57,2022-03-09,0.06,1.2772055530676223
our_vol5,Our vol5 STNPP-GAT-MoGE-HCL-ZINB,58,2022-03-23,0.06,0.9712918660287082
our_vol5,Our vol5 STNPP-GAT-MoGE-HCL-ZINB,59,2022-04-06,0.06,0.9847560975609756
our_vol5,Our vol5 STNPP-GAT-MoGE-HCL-ZINB,60,2022-04-20,0.06,1.0928670433948182
our_vol5,Our vol5 STNPP-GAT-MoGE-HCL-ZINB,61,2022-05-04,0.06,1.0757806549885758
our_vol5,Our vol5 STNPP-GAT-MoGE-HCL-ZINB,62,2022-05-18,0.06,0.9061228397721289
our_vol5,Our vol5 STNPP-GAT-MoGE-HCL-ZINB,63,2022-06-01,0.06,1.1236047107014848
our_vol5,Our vol5 STNPP-GAT-MoGE-HCL-ZINB,64,2022-06-15,0.06,0.9080654258319233
our_vol5,Our vol5 STNPP-GAT-MoGE-HCL-ZINB,65,2022-06-29,0.06,0.9752475247524752
our_vol5,Our vol5 STNPP-GAT-MoGE-HCL-ZINB,66,2022-07-13,0.06,1.0584743797820542
our_vol5,Our vol5 STNPP-GAT-MoGE-HCL-ZINB,67,2022-07-27,0.06,0.8592766893447235
our_vol5,Our vol5 STNPP-GAT-MoGE-HCL-ZINB,68,2022-08-10,0.06,1.1594356261022927
our_vol5,Our vol5 STNPP-GAT-MoGE-HCL-ZINB,69,2022-08-24,0.06,0.9645933014354067
our_vol5,Our vol5 STNPP-GAT-MoGE-HCL-ZINB,70,2022-09-07,0.06,0.88125
our_vol5,Our vol5 STNPP-GAT-MoGE-HCL-ZINB,71,2022-09-21,0.06,1.097779771249159
our_vol5,Our vol5 STNPP-GAT-MoGE-HCL-ZINB,72,2022-10-05,0.06,0.933008243353071
our_vol5,Our vol5 STNPP-GAT-MoGE-HCL-ZINB,73,2022-10-19,0.06,1.0353805073431241
our_vol5,Our vol5 STNPP-GAT-MoGE-HCL-ZINB,74,2022-11-02,0.06,1.0577574370709382
our_vol5,Our vol5 STNPP-GAT-MoGE-HCL-ZINB,75,2022-11-16,0.06,0.9505471281641854
our_vol5,Our vol5 STNPP-GAT-MoGE-HCL-ZINB,76,2022-11-30,0.06,1.0434456928838953
our_vol5,Our vol5 STNPP-GAT-MoGE-HCL-ZINB,77,2022-12-14,0.06,0.921396564600448
our_vol5,Our vol5 STNPP-GAT-MoGE-HCL-ZINB,78,2022-12-28,0.06,1.1621850835619856
our_vol5,Our vol5 STNPP-GAT-MoGE-HCL-ZINB,79,2023-01-11,0.06,0.9086204171934259
our_vol5,Our vol5 STNPP-GAT-MoGE-HCL-ZINB,80,2023-01-25,0.06,0.9666800481734243
our_vol5,Our vol5 STNPP-GAT-MoGE-HCL-ZINB,81,2023-02-08,0.06,0.9575929874437337
our_vol5,Our vol5 STNPP-GAT-MoGE-HCL-ZINB,82,2023-02-22,0.06,0.9183397683397683
our_vol5,Our vol5 STNPP-GAT-MoGE-HCL-ZINB,83,2023-03-08,0.06,1.2306286549707603
our_vol5,Our vol5 STNPP-GAT-MoGE-HCL-ZINB,84,2023-03-22,0.06,1.0118854322270572
our_vol5,Our vol5 STNPP-GAT-MoGE-HCL-ZINB,85,2023-04-05,0.06,0.9772303750291171
our_vol5,Our vol5 STNPP-GAT-MoGE-HCL-ZINB,86,2023-04-19,0.06,0.905982905982906
our_vol5,Our vol5 STNPP-GAT-MoGE-HCL-ZINB,87,2023-05-03,0.06,0.9990512333965844
our_vol5,Our vol5 STNPP-GAT-MoGE-HCL-ZINB,88,2023-05-17,0.06,1.0941176470588236
our_vol5,Our vol5 STNPP-GAT-MoGE-HCL-ZINB,89,2023-05-31,0.06,0.958092485549133
our_vol5,Our vol5 STNPP-GAT-MoGE-HCL-ZINB,90,2023-06-14,0.06,0.8716198979591836
our_vol5,Our vol5 STNPP-GAT-MoGE-HCL-ZINB,91,2023-06-28,0.06,0.9385233240654927
our_vol5,Our vol5 STNPP-GAT-MoGE-HCL-ZINB,92,2023-07-12,0.06,0.9451587211286836
our_vol5,Our vol5 STNPP-GAT-MoGE-HCL-ZINB,93,2023-07-26,0.06,1.2222222222222223
our_vol5,Our vol5 STNPP-GAT-MoGE-HCL-ZINB,94,2023-08-09,0.06,0.9856080758474866
our_vol5,Our vol5 STNPP-GAT-MoGE-HCL-ZINB,95,2023-08-23,0.06,0.8275563793636083
our_vol5,Our vol5 STNPP-GAT-MoGE-HCL-ZINB,96,2023-09-06,0.06,1.3755026699189135
our_vol5,Our vol5 STNPP-GAT-MoGE-HCL-ZINB,97,2023-09-20,0.06,0.9026954177897574
our_vol5,Our vol5 STNPP-GAT-MoGE-HCL-ZINB,98,2023-10-04,0.06,1.0657596371882085
our_vol5,Our vol5 STNPP-GAT-MoGE-HCL-ZINB,99,2023-10-18,0.06,0.9601953240603728
our_vol5,Our vol5 STNPP-GAT-MoGE-HCL-ZINB,100,2023-11-01,0.06,0.9466567974339996
our_vol5,Our vol5 STNPP-GAT-MoGE-HCL-ZINB,101,2023-11-15,0.06,1.0481813652217238
our_vol5,Our vol5 STNPP-GAT-MoGE-HCL-ZINB,102,2023-11-29,0.06,0.9618979151689432
our_vol5,Our vol5 STNPP-GAT-MoGE-HCL-ZINB,103,2023-12-13,0.06,1.011844331641286
our_vol5,Our vol5 STNPP-GAT-MoGE-HCL-ZINB,104,2023-12-27,0.06,0.9726793943383806
our_vol5,Our vol5 STNPP-GAT-MoGE-HCL-ZINB,105,2024-01-10,0.06,0.9502918471097721
our_vol5,Our vol5 STNPP-GAT-MoGE-HCL-ZINB,106,2024-01-24,0.06,0.9312659303313509
our_vol5,Our vol5 STNPP-GAT-MoGE-HCL-ZINB,107,2024-02-07,0.06,1.0338164251207729
our_vol5,Our vol5 STNPP-GAT-MoGE-HCL-ZINB,108,2024-02-21,0.06,0.9730249452486512
our_vol5,Our vol5 STNPP-GAT-MoGE-HCL-ZINB,109,2024-03-06,0.06,0.7411674347158218
our_vol5,Our vol5 STNPP-GAT-MoGE-HCL-ZINB,110,2024-03-20,0.06,1.0549253731343284
our_vol5,Our vol5 STNPP-GAT-MoGE-HCL-ZINB,111,2024-04-03,0.06,1.0284331518451302
our_vol5,Our vol5 STNPP-GAT-MoGE-HCL-ZINB,112,2024-04-17,0.06,1.146368715083799
our_vol5,Our vol5 STNPP-GAT-MoGE-HCL-ZINB,113,2024-05-01,0.06,1.043941679235797
our_vol5,Our vol5 STNPP-GAT-MoGE-HCL-ZINB,114,2024-05-15,0.06,0.7682088868529546
our_vol5,Our vol5 STNPP-GAT-MoGE-HCL-ZINB,115,2024-05-29,0.06,1.1384615384615384
our_vol5,Our vol5 STNPP-GAT-MoGE-HCL-ZINB,116,2024-06-12,0.06,1.0352770830591023
our_vol5,Our vol5 STNPP-GAT-MoGE-HCL-ZINB,117,2024-06-26,0.06,0.6855234460196292
our_vol5,Our vol5 STNPP-GAT-MoGE-HCL-ZINB,118,2024-07-10,0.06,1.3147810218978102
our_vol5,Our vol5 STNPP-GAT-MoGE-HCL-ZINB,119,2024-07-24,0.06,0.9896989966555185
our_vol5,Our vol5 STNPP-GAT-MoGE-HCL-ZINB,120,2024-08-07,0.06,1.1067366579177602
our_vol5,Our vol5 STNPP-GAT-MoGE-HCL-ZINB,121,2024-08-21,0.06,0.9477611940298508
our_vol5,Our vol5 STNPP-GAT-MoGE-HCL-ZINB,122,2024-09-04,0.06,0.7874015748031495
our_vol5,Our vol5 STNPP-GAT-MoGE-HCL-ZINB,123,2024-09-18,0.06,1.1718569780853518
our_vol5,Our vol5 STNPP-GAT-MoGE-HCL-ZINB,124,2024-10-02,0.06,0.8163841807909604
our_vol5,Our vol5 STNPP-GAT-MoGE-HCL-ZINB,125,2024-10-16,0.06,1.1052631578947367
our_vol5,Our vol5 STNPP-GAT-MoGE-HCL-ZINB,126,2024-10-30,0.06,1.1193685021178283
our_vol5,Our vol5 STNPP-GAT-MoGE-HCL-ZINB,127,2024-11-13,0.06,0.935687263556116
our_vol5,Our vol5 STNPP-GAT-MoGE-HCL-ZINB,0,2020-01-01,0.07,1.1296014602981441
our_vol5,Our vol5 STNPP-GAT-MoGE-HCL-ZINB,1,2020-01-15,0.07,0.9556211160630217
our_vol5,Our vol5 STNPP-GAT-MoGE-HCL-ZINB,2,2020-01-29,0.07,0.9256464011180991
our_vol5,Our vol5 STNPP-GAT-MoGE-HCL-ZINB,3,2020-02-12,0.07,0.8966165413533834
our_vol5,Our vol5 STNPP-GAT-MoGE-HCL-ZINB,4,2020-02-26,0.07,1.3353351585268922
our_vol5,Our vol5 STNPP-GAT-MoGE-HCL-ZINB,5,2020-03-11,0.07,0.7444421501823938
our_vol5,Our vol5 STNPP-GAT-MoGE-HCL-ZINB,6,2020-03-25,0.07,1.0548756415317804
our_vol5,Our vol5 STNPP-GAT-MoGE-HCL-ZINB,7,2020-04-08,0.07,1.0398530762167126
our_vol5,Our vol5 STNPP-GAT-MoGE-HCL-ZINB,8,2020-04-22,0.07,1.0322299651567945
our_vol5,Our vol5 STNPP-GAT-MoGE-HCL-ZINB,9,2020-05-06,0.07,0.856878306878307
our_vol5,Our vol5 STNPP-GAT-MoGE-HCL-ZINB,10,2020-05-20,0.07,1.0609970674486804
our_vol5,Our vol5 STNPP-GAT-MoGE-HCL-ZINB,11,2020-06-03,0.07,1.1285038223516566
our_vol5,Our vol5 STNPP-GAT-MoGE-HCL-ZINB,12,2020-06-17,0.07,0.7336299448689427
our_vol5,Our vol5 STNPP-GAT-MoGE-HCL-ZINB,13,2020-07-01,0.07,1.1764049955396967
our_vol5,Our vol5 STNPP-GAT-MoGE-HCL-ZINB,14,2020-07-15,0.07,0.8100686498855836
our_vol5,Our vol5 STNPP-GAT-MoGE-HCL-ZINB,15,2020-07-29,0.07,1.1819799777530589
our_vol5,Our vol5 STNPP-GAT-MoGE-HCL-ZINB,16,2020-08-12,0.07,0.9550464288813676
our_vol5,Our vol5 STNPP-GAT-MoGE-HCL-ZINB,17,2020-08-26,0.07,0.8970305057261578
our_vol5,Our vol5 STNPP-GAT-MoGE-HCL-ZINB,18,2020-09-09,0.07,1.1473509933774833
our_vol5,Our vol5 STNPP-GAT-MoGE-HCL-ZINB,19,2020-09-23,0.07,1.078125
our_vol5,Our vol5 STNPP-GAT-MoGE-HCL-ZINB,20,2020-10-07,0.07,1.0187406296851576
our_vol5,Our vol5 STNPP-GAT-MoGE-HCL-ZINB,21,2020-10-21,0.07,0.8188235294117647
our_vol5,Our vol5 STNPP-GAT-MoGE-HCL-ZINB,22,2020-11-04,0.07,1.0758051846032992
our_vol5,Our vol5 STNPP-GAT-MoGE-HCL-ZINB,23,2020-11-18,0.07,1.1146155301835614
our_vol5,Our vol5 STNPP-GAT-MoGE-HCL-ZINB,24,2020-12-02,0.07,0.8218588640275387
our_vol5,Our vol5 STNPP-GAT-MoGE-HCL-ZINB,25,2020-12-16,0.07,1.1
our_vol5,Our vol5 STNPP-GAT-MoGE-HCL-ZINB,26,2020-12-30,0.07,0.8679738562091502
our_vol5,Our vol5 STNPP-GAT-MoGE-HCL-ZINB,27,2021-01-13,0.07,1.1724137931034484
our_vol5,Our vol5 STNPP-GAT-MoGE-HCL-ZINB,28,2021-01-27,0.07,0.9397554868169097
our_vol5,Our vol5 STNPP-GAT-MoGE-HCL-ZINB,29,2021-02-10,0.07,0.8254103343465045
our_vol5,Our vol5 STNPP-GAT-MoGE-HCL-ZINB,30,2021-02-24,0.07,0.9681519138755981
our_vol5,Our vol5 STNPP-GAT-MoGE-HCL-ZINB,31,2021-03-10,0.07,1.0802348336594911
our_vol5,Our vol5 STNPP-GAT-MoGE-HCL-ZINB,32,2021-03-24,0.07,1.0690140845070424
our_vol5,Our vol5 STNPP-GAT-MoGE-HCL-ZINB,33,2021-04-07,0.07,0.963855421686747
our_vol5,Our vol5 STNPP-GAT-MoGE-HCL-ZINB,34,2021-04-21,0.07,0.8389285972131976
our_vol5,Our vol5 STNPP-GAT-MoGE-HCL-ZINB,35,2021-05-05,0.07,1.0942970073404856
our_vol5,Our vol5 STNPP-GAT-MoGE-HCL-ZINB,36,2021-05-19,0.07,0.9558620689655172
our_vol5,Our vol5 STNPP-GAT-MoGE-HCL-ZINB,37,2021-06-02,0.07,1.041793159279498
our_vol5,Our vol5 STNPP-GAT-MoGE-HCL-ZINB,38,2021-06-16,0.07,1.0863075924724206
our_vol5,Our vol5 STNPP-GAT-MoGE-HCL-ZINB,39,2021-06-30,0.07,0.990912330719886
our_vol5,Our vol5 STNPP-GAT-MoGE-HCL-ZINB,40,2021-07-14,0.07,1.2190868263473054
our_vol5,Our vol5 STNPP-GAT-MoGE-HCL-ZINB,41,2021-07-28,0.07,1.06031746031746
our_vol5,Our vol5 STNPP-GAT-MoGE-HCL-ZINB,42,2021-08-11,0.07,0.7508744656043529
our_vol5,Our vol5 STNPP-GAT-MoGE-HCL-ZINB,43,2021-08-25,0.07,1.0895752895752897
our_vol5,Our vol5 STNPP-GAT-MoGE-HCL-ZINB,44,2021-09-08,0.07,1.059461727507043
our_vol5,Our vol5 STNPP-GAT-MoGE-HCL-ZINB,45,2021-09-22,0.07,0.9899466869763899
our_vol5,Our vol5 STNPP-GAT-MoGE-HCL-ZINB,46,2021-10-06,0.07,0.9821428571428571
our_vol5,Our vol5 STNPP-GAT-MoGE-HCL-ZINB,47,2021-10-20,0.07,1.1323283082077054
our_vol5,Our vol5 STNPP-GAT-MoGE-HCL-ZINB,48,2021-11-03,0.07,0.848145224940805
our_vol5,Our vol5 STNPP-GAT-MoGE-HCL-ZINB,49,2021-11-17,0.07,0.9467893217893217
our_vol5,Our vol5 STNPP-GAT-MoGE-HCL-ZINB,50,2021-12-01,0.07,1.0887096774193548
our_vol5,Our vol5 STNPP-GAT-MoGE-HCL-ZINB,51,2021-12-15,0.07,0.8665387777473281
our_vol5,Our vol5 STNPP-GAT-MoGE-HCL-ZINB,52,2021-12-29,0.07,1.1410228149454427
our_vol5,Our vol5 STNPP-GAT-MoGE-HCL-ZINB,53,2022-01-12,0.07,0.8072851153039832
our_vol5,Our vol5 STNPP-GAT-MoGE-HCL-ZINB,54,2022-01-26,0.07,0.9745065789473685
our_vol5,Our vol5 STNPP-GAT-MoGE-HCL-ZINB,55,2022-02-09,0.07,1.1015490533562822
our_vol5,Our vol5 STNPP-GAT-MoGE-HCL-ZINB,56,2022-02-23,0.07,0.7368092023005752
our_vol5,Our vol5 STNPP-GAT-MoGE-HCL-ZINB,57,2022-03-09,0.07,1.23440065681445
our_vol5,Our vol5 STNPP-GAT-MoGE-HCL-ZINB,58,2022-03-23,0.07,0.896577107103423
our_vol5,Our vol5 STNPP-GAT-MoGE-HCL-ZINB,59,2022-04-06,0.07,0.9669600201156651
our_vol5,Our vol5 STNPP-GAT-MoGE-HCL-ZINB,60,2022-04-20,0.07,1.154465004022526
our_vol5,Our vol5 STNPP-GAT-MoGE-HCL-ZINB,61,2022-05-04,0.07,1.028331043956044
our_vol5,Our vol5 STNPP-GAT-MoGE-HCL-ZINB,62,2022-05-18,0.07,0.9305044957257387
our_vol5,Our vol5 STNPP-GAT-MoGE-HCL-ZINB,63,2022-06-01,0.07,1.0644507307873645
our_vol5,Our vol5 STNPP-GAT-MoGE-HCL-ZINB,64,2022-06-15,0.07,0.9507477020167375
our_vol5,Our vol5 STNPP-GAT-MoGE-HCL-ZINB,65,2022-06-29,0.07,0.9752475247524752
our_vol5,Our vol5 STNPP-GAT-MoGE-HCL-ZINB,66,2022-07-13,0.07,1.0925110132158589
our_vol5,Our vol5 STNPP-GAT-MoGE-HCL-ZINB,67,2022-07-27,0.07,0.8397687861271677
our_vol5,Our vol5 STNPP-GAT-MoGE-HCL-ZINB,68,2022-08-10,0.07,1.1752563851329283
our_vol5,Our vol5 STNPP-GAT-MoGE-HCL-ZINB,69,2022-08-24,0.07,0.9358288770053476
our_vol5,Our vol5 STNPP-GAT-MoGE-HCL-ZINB,70,2022-09-07,0.07,0.8999999999999999
our_vol5,Our vol5 STNPP-GAT-MoGE-HCL-ZINB,71,2022-09-21,0.07,1.0657596371882088
our_vol5,Our vol5 STNPP-GAT-MoGE-HCL-ZINB,72,2022-10-05,0.07,0.9583064689447669
our_vol5,Our vol5 STNPP-GAT-MoGE-HCL-ZINB,73,2022-10-19,0.07,1.0811718996114668
our_vol5,Our vol5 STNPP-GAT-MoGE-HCL-ZINB,74,2022-11-02,0.07,1.0013250517598342
our_vol5,Our vol5 STNPP-GAT-MoGE-HCL-ZINB,75,2022-11-16,0.07,1.02041740232695
our_vol5,Our vol5 STNPP-GAT-MoGE-HCL-ZINB,76,2022-11-30,0.07,1.0759424603174605
our_vol5,Our vol5 STNPP-GAT-MoGE-HCL-ZINB,77,2022-12-14,0.07,0.9348290598290598
our_vol5,Our vol5 STNPP-GAT-MoGE-HCL-ZINB,78,2022-12-28,0.07,1.1712261273520717
our_vol5,Our vol5 STNPP-GAT-MoGE-HCL-ZINB,79,2023-01-11,0.07,0.9188012295081966
our_vol5,Our vol5 STNPP-GAT-MoGE-HCL-ZINB,80,2023-01-25,0.07,0.9911504424778761
our_vol5,Our vol5 STNPP-GAT-MoGE-HCL-ZINB,81,2023-02-08,0.07,0.9458326345799095
our_vol5,Our vol5 STNPP-GAT-MoGE-HCL-ZINB,82,2023-02-22,0.07,0.8761987794245858
our_vol5,Our vol5 STNPP-GAT-MoGE-HCL-ZINB,83,2023-03-08,0.07,1.3242105263157897
our_vol5,Our vol5 STNPP-GAT-MoGE-HCL-ZINB,84,2023-03-22,0.07,0.9152215799614644
our_vol5,Our vol5 STNPP-GAT-MoGE-HCL-ZINB,85,2023-04-05,0.07,0.9942528735632185
our_vol5,Our vol5 STNPP-GAT-MoGE-HCL-ZINB,86,2023-04-19,0.07,0.8763479511143063
our_vol5,Our vol5 STNPP-GAT-MoGE-HCL-ZINB,87,2023-05-03,0.07,0.961720430107527
our_vol5,Our vol5 STNPP-GAT-MoGE-HCL-ZINB,88,2023-05-17,0.07,1.1402112951610799
our_vol5,Our vol5 STNPP-GAT-MoGE-HCL-ZINB,89,2023-05-31,0.07,0.9570688824662812
our_vol5,Our vol5 STNPP-GAT-MoGE-HCL-ZINB,90,2023-06-14,0.07,0.786712511091393
our_vol5,Our vol5 STNPP-GAT-MoGE-HCL-ZINB,91,2023-06-28,0.07,1.0149824032176973
our_vol5,Our vol5 STNPP-GAT-MoGE-HCL-ZINB,92,2023-07-12,0.07,0.9264705882352942
our_vol5,Our vol5 STNPP-GAT-MoGE-HCL-ZINB,93,2023-07-26,0.07,1.1564102564102565
our_vol5,Our vol5 STNPP-GAT-MoGE-HCL-ZINB,94,2023-08-09,0.07,1.041070358783199
our_vol5,Our vol5 STNPP-GAT-MoGE-HCL-ZINB,95,2023-08-23,0.07,0.8353846153846154
our_vol5,Our vol5 STNPP-GAT-MoGE-HCL-ZINB,96,2023-09-06,0.07,1.3508510002985967
our_vol5,Our vol5 STNPP-GAT-MoGE-HCL-ZINB,97,2023-09-20,0.07,0.9134085213032581
our_vol5,Our vol5 STNPP-GAT-MoGE-HCL-ZINB,98,2023-10-04,0.07,0.9887869520897044
our_vol5,Our vol5 STNPP-GAT-MoGE-HCL-ZINB,99,2023-10-18,0.07,0.9699791080025434
our_vol5,Our vol5 STNPP-GAT-MoGE-HCL-ZINB,100,2023-11-01,0.07,0.9396120867531752
our_vol5,Our vol5 STNPP-GAT-MoGE-HCL-ZINB,101,2023-11-15,0.07,1.045777279521674
our_vol5,Our vol5 STNPP-GAT-MoGE-HCL-ZINB,102,2023-11-29,0.07,1.0526223776223775
our_vol5,Our vol5 STNPP-GAT-MoGE-HCL-ZINB,103,2023-12-13,0.07,1.0050761421319796
our_vol5,Our vol5 STNPP-GAT-MoGE-HCL-ZINB,104,2023-12-27,0.07,0.9950510204081633
our_vol5,Our vol5 STNPP-GAT-MoGE-HCL-ZINB,105,2024-01-10,0.07,0.9702970297029704
our_vol5,Our vol5 STNPP-GAT-MoGE-HCL-ZINB,106,2024-01-24,0.07,0.9307777601774117
our_vol5,Our vol5 STNPP-GAT-MoGE-HCL-ZINB,107,2024-02-07,0.07,1.0438534777918484
our_vol5,Our vol5 STNPP-GAT-MoGE-HCL-ZINB,108,2024-02-21,0.07,0.9900358708648864
our_vol5,Our vol5 STNPP-GAT-MoGE-HCL-ZINB,109,2024-03-06,0.07,0.7998431899641577
our_vol5,Our vol5 STNPP-GAT-MoGE-HCL-ZINB,110,2024-03-20,0.07,0.9574683544303798
our_vol5,Our vol5 STNPP-GAT-MoGE-HCL-ZINB,111,2024-04-03,0.07,1.1842105263157896
our_vol5,Our vol5 STNPP-GAT-MoGE-HCL-ZINB,112,2024-04-17,0.07,1.1165929043024014
our_vol5,Our vol5 STNPP-GAT-MoGE-HCL-ZINB,113,2024-05-01,0.07,1.037528244424796
our_vol5,Our vol5 STNPP-GAT-MoGE-HCL-ZINB,114,2024-05-15,0.07,0.8575355016032983
our_vol5,Our vol5 STNPP-GAT-MoGE-HCL-ZINB,115,2024-05-29,0.07,1.1415055532702594
our_vol5,Our vol5 STNPP-GAT-MoGE-HCL-ZINB,116,2024-06-12,0.07,1.002336448598131
our_vol5,Our vol5 STNPP-GAT-MoGE-HCL-ZINB,117,2024-06-26,0.07,0.6828932549117758
our_vol5,Our vol5 STNPP-GAT-MoGE-HCL-ZINB,118,2024-07-10,0.07,1.262911444704586
our_vol5,Our vol5 STNPP-GAT-MoGE-HCL-ZINB,119,2024-07-24,0.07,1.0336317135549873
our_vol5,Our vol5 STNPP-GAT-MoGE-HCL-ZINB,120,2024-08-07,0.07,1.1318897637795275
our_vol5,Our vol5 STNPP-GAT-MoGE-HCL-ZINB,121,2024-08-21,0.07,0.9431498079385403
our_vol5,Our vol5 STNPP-GAT-MoGE-HCL-ZINB,122,2024-09-04,0.07,0.7809474635342714
our_vol5,Our vol5 STNPP-GAT-MoGE-HCL-ZINB,123,2024-09-18,0.07,1.2253345782757548
our_vol5,Our vol5 STNPP-GAT-MoGE-HCL-ZINB,124,2024-10-02,0.07,0.8987455197132617
our_vol5,Our vol5 STNPP-GAT-MoGE-HCL-ZINB,125,2024-10-16,0.07,1.0855263157894737
our_vol5,Our vol5 STNPP-GAT-MoGE-HCL-ZINB,126,2024-10-30,0.07,1.096153846153846
our_vol5,Our vol5 STNPP-GAT-MoGE-HCL-ZINB,127,2024-11-13,0.07,0.9464285714285714
our_vol5,Our vol5 STNPP-GAT-MoGE-HCL-ZINB,0,2020-01-01,0.08,1.1162491971740527
our_vol5,Our vol5 STNPP-GAT-MoGE-HCL-ZINB,1,2020-01-15,0.08,0.8883810168726369
our_vol5,Our vol5 STNPP-GAT-MoGE-HCL-ZINB,2,2020-01-29,0.08,0.9243296921549156
our_vol5,Our vol5 STNPP-GAT-MoGE-HCL-ZINB,3,2020-02-12,0.08,0.9227678571428571
our_vol5,Our vol5 STNPP-GAT-MoGE-HCL-ZINB,4,2020-02-26,0.08,1.316488085718855
our_vol5,Our vol5 STNPP-GAT-MoGE-HCL-ZINB,5,2020-03-11,0.08,0.8052282531710772
our_vol5,Our vol5 STNPP-GAT-MoGE-HCL-ZINB,6,2020-03-25,0.08,1.0058509722939253
our_vol5,Our vol5 STNPP-GAT-MoGE-HCL-ZINB,7,2020-04-08,0.08,1.0494676494676494
our_vol5,Our vol5 STNPP-GAT-MoGE-HCL-ZINB,8,2020-04-22,0.08,1.0300522648083623
our_vol5,Our vol5 STNPP-GAT-MoGE-HCL-ZINB,9,2020-05-06,0.08,0.8273655715516182
our_vol5,Our vol5 STNPP-GAT-MoGE-HCL-ZINB,10,2020-05-20,0.08,1.0472106261859582
our_vol5,Our vol5 STNPP-GAT-MoGE-HCL-ZINB,11,2020-06-03,0.08,1.081639566395664
our_vol5,Our vol5 STNPP-GAT-MoGE-HCL-ZINB,12,2020-06-17,0.08,0.8096366508688784
our_vol5,Our vol5 STNPP-GAT-MoGE-HCL-ZINB,13,2020-07-01,0.08,1.1490027908243141
our_vol5,Our vol5 STNPP-GAT-MoGE-HCL-ZINB,14,2020-07-15,0.08,0.8714588698682019
our_vol5,Our vol5 STNPP-GAT-MoGE-HCL-ZINB,15,2020-07-29,0.08,1.1456356736242885
our_vol5,Our vol5 STNPP-GAT-MoGE-HCL-ZINB,16,2020-08-12,0.08,0.8567480423767849
our_vol5,Our vol5 STNPP-GAT-MoGE-HCL-ZINB,17,2020-08-26,0.08,0.9031235431235431
our_vol5,Our vol5 STNPP-GAT-MoGE-HCL-ZINB,18,2020-09-09,0.08,1.0386669515060882
our_vol5,Our vol5 STNPP-GAT-MoGE-HCL-ZINB,19,2020-09-23,0.08,1.0140845070422535
our_vol5,Our vol5 STNPP-GAT-MoGE-HCL-ZINB,20,2020-10-07,0.08,1.008543025784405
our_vol5,Our vol5 STNPP-GAT-MoGE-HCL-ZINB,21,2020-10-21,0.08,0.8649642492339121
our_vol5,Our vol5 STNPP-GAT-MoGE-HCL-ZINB,22,2020-11-04,0.08,1.1453089244851258
our_vol5,Our vol5 STNPP-GAT-MoGE-HCL-ZINB,23,2020-11-18,0.08,1.1052937754508436
our_vol5,Our vol5 STNPP-GAT-MoGE-HCL-ZINB,24,2020-12-02,0.08,0.8657998329953477
our_vol5,Our vol5 STNPP-GAT-MoGE-HCL-ZINB,25,2020-12-16,0.08,1.0649350649350648
our_vol5,Our vol5 STNPP-GAT-MoGE-HCL-ZINB,26,2020-12-30,0.08,0.9075432525951557
our_vol5,Our vol5 STNPP-GAT-MoGE-HCL-ZINB,27,2021-01-13,0.08,1.1876399462606357
our_vol5,Our vol5 STNPP-GAT-MoGE-HCL-ZINB,28,2021-01-27,0.08,0.9415584415584417
our_vol5,Our vol5 STNPP-GAT-MoGE-HCL-ZINB,29,2021-02-10,0.08,0.887540500736377
our_vol5,Our vol5 STNPP-GAT-MoGE-HCL-ZINB,30,2021-02-24,0.08,0.9249471458773784
our_vol5,Our vol5 STNPP-GAT-MoGE-HCL-ZINB,31,2021-03-10,0.08,1.0714285714285714
our_vol5,Our vol5 STNPP-GAT-MoGE-HCL-ZINB,32,2021-03-24,0.08,1.1146322378716744
our_vol5,Our vol5 STNPP-GAT-MoGE-HCL-ZINB,33,2021-04-07,0.08,0.9454660748256184
our_vol5,Our vol5 STNPP-GAT-MoGE-HCL-ZINB,34,2021-04-21,0.08,0.8205235310498469
our_vol5,Our vol5 STNPP-GAT-MoGE-HCL-ZINB,35,2021-05-05,0.08,1.0653738153738155
our_vol5,Our vol5 STNPP-GAT-MoGE-HCL-ZINB,36,2021-05-19,0.08,0.9735632183908045
our_vol5,Our vol5 STNPP-GAT-MoGE-HCL-ZINB,37,2021-06-02,0.08,0.9717813051146383
our_vol5,Our vol5 STNPP-GAT-MoGE-HCL-ZINB,38,2021-06-16,0.08,1.0467144795503005
our_vol5,Our vol5 STNPP-GAT-MoGE-HCL-ZINB,39,2021-06-30,0.08,1.0199063231850118
our_vol5,Our vol5 STNPP-GAT-MoGE-HCL-ZINB,40,2021-07-14,0.08,1.155363186670138
our_vol5,Our vol5 STNPP-GAT-MoGE-HCL-ZINB,41,2021-07-28,0.08,1.0372670807453415
our_vol5,Our vol5 STNPP-GAT-MoGE-HCL-ZINB,42,2021-08-11,0.08,0.7899018755434107
our_vol5,Our vol5 STNPP-GAT-MoGE-HCL-ZINB,43,2021-08-25,0.08,1.1406871609403255
our_vol5,Our vol5 STNPP-GAT-MoGE-HCL-ZINB,44,2021-09-08,0.08,1.0524301569077688
our_vol5,Our vol5 STNPP-GAT-MoGE-HCL-ZINB,45,2021-09-22,0.08,0.9639601139601139
our_vol5,Our vol5 STNPP-GAT-MoGE-HCL-ZINB,46,2021-10-06,0.08,0.9663865546218487
our_vol5,Our vol5 STNPP-GAT-MoGE-HCL-ZINB,47,2021-10-20,0.08,1.1076493579006141
our_vol5,Our vol5 STNPP-GAT-MoGE-HCL-ZINB,48,2021-11-03,0.08,0.8540351223362272
our_vol5,Our vol5 STNPP-GAT-MoGE-HCL-ZINB,49,2021-11-17,0.08,0.9181803305514645
our_vol5,Our vol5 STNPP-GAT-MoGE-HCL-ZINB,50,2021-12-01,0.08,1.1043643263757115
our_vol5,Our vol5 STNPP-GAT-MoGE-HCL-ZINB,51,2021-12-15,0.08,0.8600609756097561
our_vol5,Our vol5 STNPP-GAT-MoGE-HCL-ZINB,52,2021-12-29,0.08,1.1147418308805188
our_vol5,Our vol5 STNPP-GAT-MoGE-HCL-ZINB,53,2022-01-12,0.08,0.7950724637681159
our_vol5,Our vol5 STNPP-GAT-MoGE-HCL-ZINB,54,2022-01-26,0.08,0.9953703703703705
our_vol5,Our vol5 STNPP-GAT-MoGE-HCL-ZINB,55,2022-02-09,0.08,1.1696223094625693
our_vol5,Our vol5 STNPP-GAT-MoGE-HCL-ZINB,56,2022-02-23,0.08,0.7469611968209444
our_vol5,Our vol5 STNPP-GAT-MoGE-HCL-ZINB,57,2022-03-09,0.08,1.2256413537201714
our_vol5,Our vol5 STNPP-GAT-MoGE-HCL-ZINB,58,2022-03-23,0.08,0.8672248803827752
our_vol5,Our vol5 STNPP-GAT-MoGE-HCL-ZINB,59,2022-04-06,0.08,0.912706155632985
our_vol5,Our vol5 STNPP-GAT-MoGE-HCL-ZINB,60,2022-04-20,0.08,1.1704253497002568
our_vol5,Our vol5 STNPP-GAT-MoGE-HCL-ZINB,61,2022-05-04,0.08,0.9893683552220137
our_vol5,Our vol5 STNPP-GAT-MoGE-HCL-ZINB,62,2022-05-18,0.08,0.9079570965328012
our_vol5,Our vol5 STNPP-GAT-MoGE-HCL-ZINB,63,2022-06-01,0.08,1.0692878986456968
our_vol5,Our vol5 STNPP-GAT-MoGE-HCL-ZINB,64,2022-06-15,0.08,0.939516475952852
our_vol5,Our vol5 STNPP-GAT-MoGE-HCL-ZINB,65,2022-06-29,0.08,0.948405849759288
our_vol5,Our vol5 STNPP-GAT-MoGE-HCL-ZINB,66,2022-07-13,0.08,1.1017411369834276
our_vol5,Our vol5 STNPP-GAT-MoGE-HCL-ZINB,67,2022-07-27,0.08,0.8914530291664828
our_vol5,Our vol5 STNPP-GAT-MoGE-HCL-ZINB,68,2022-08-10,0.08,1.1753848003848004
our_vol5,Our vol5 STNPP-GAT-MoGE-HCL-ZINB,69,2022-08-24,0.08,0.8700724054706355
our_vol5,Our vol5 STNPP-GAT-MoGE-HCL-ZINB,70,2022-09-07,0.08,0.9168224299065421
our_vol5,Our vol5 STNPP-GAT-MoGE-HCL-ZINB,71,2022-09-21,0.08,0.9921647230320699
our_vol5,Our vol5 STNPP-GAT-MoGE-HCL-ZINB,72,2022-10-05,0.08,1.0098969492908887
our_vol5,Our vol5 STNPP-GAT-MoGE-HCL-ZINB,73,2022-10-19,0.08,1.060163551401869
our_vol5,Our vol5 STNPP-GAT-MoGE-HCL-ZINB,74,2022-11-02,0.08,0.9891108499804152
our_vol5,Our vol5 STNPP-GAT-MoGE-HCL-ZINB,75,2022-11-16,0.08,1.0100924792027364
our_vol5,Our vol5 STNPP-GAT-MoGE-HCL-ZINB,76,2022-11-30,0.08,1.055918367346939
our_vol5,Our vol5 STNPP-GAT-MoGE-HCL-ZINB,77,2022-12-14,0.08,0.922579575596817
our_vol5,Our vol5 STNPP-GAT-MoGE-HCL-ZINB,78,2022-12-28,0.08,1.1943127962085307
our_vol5,Our vol5 STNPP-GAT-MoGE-HCL-ZINB,79,2023-01-11,0.08,0.8904506138392857
our_vol5,Our vol5 STNPP-GAT-MoGE-HCL-ZINB,80,2023-01-25,0.08,0.9631205673758865
our_vol5,Our vol5 STNPP-GAT-MoGE-HCL-ZINB,81,2023-02-08,0.08,1.0248756218905473
our_vol5,Our vol5 STNPP-GAT-MoGE-HCL-ZINB,82,2023-02-22,0.08,0.8841017488076311
our_vol5,Our vol5 STNPP-GAT-MoGE-HCL-ZINB,83,2023-03-08,0.08,1.3021559923906152
our_vol5,Our vol5 STNPP-GAT-MoGE-HCL-ZINB,84,2023-03-22,0.08,0.8586442459274829
our_vol5,Our vol5 STNPP-GAT-MoGE-HCL-ZINB,85,2023-04-05,0.08,1.022289031722994
our_vol5,Our vol5 STNPP-GAT-MoGE-HCL-ZINB,86,2023-04-19,0.08,0.9099219620958753
our_vol5,Our vol5 STNPP-GAT-MoGE-HCL-ZINB,87,2023-05-03,0.08,0.8892343567819666
our_vol5,Our vol5 STNPP-GAT-MoGE-HCL-ZINB,88,2023-05-17,0.08,1.1076810889645112
our_vol5,Our vol5 STNPP-GAT-MoGE-HCL-ZINB,89,2023-05-31,0.08,0.9417959136954157
our_vol5,Our vol5 STNPP-GAT-MoGE-HCL-ZINB,90,2023-06-14,0.08,0.8636712749615975
our_vol5,Our vol5 STNPP-GAT-MoGE-HCL-ZINB,91,2023-06-28,0.08,1.014434947768281
our_vol5,Our vol5 STNPP-GAT-MoGE-HCL-ZINB,92,2023-07-12,0.08,0.9555663587749149
our_vol5,Our vol5 STNPP-GAT-MoGE-HCL-ZINB,93,2023-07-26,0.08,1.0744186046511628
our_vol5,Our vol5 STNPP-GAT-MoGE-HCL-ZINB,94,2023-08-09,0.08,1.0812026210972634
our_vol5,Our vol5 STNPP-GAT-MoGE-HCL-ZINB,95,2023-08-23,0.08,0.8156954156954157
our_vol5,Our vol5 STNPP-GAT-MoGE-HCL-ZINB,96,2023-09-06,0.08,1.352791878172589
our_vol5,Our vol5 STNPP-GAT-MoGE-HCL-ZINB,97,2023-09-20,0.08,0.9459783913565425
our_vol5,Our vol5 STNPP-GAT-MoGE-HCL-ZINB,98,2023-10-04,0.08,0.9876543209876543
our_vol5,Our vol5 STNPP-GAT-MoGE-HCL-ZINB,99,2023-10-18,0.08,0.9825688073394495
our_vol5,Our vol5 STNPP-GAT-MoGE-HCL-ZINB,100,2023-11-01,0.08,0.949187965341577
our_vol5,Our vol5 STNPP-GAT-MoGE-HCL-ZINB,101,2023-11-15,0.08,1.0436560274333948
our_vol5,Our vol5 STNPP-GAT-MoGE-HCL-ZINB,102,2023-11-29,0.08,0.994300558312655
our_vol5,Our vol5 STNPP-GAT-MoGE-HCL-ZINB,103,2023-12-13,0.08,1.0464104423495286
our_vol5,Our vol5 STNPP-GAT-MoGE-HCL-ZINB,104,2023-12-27,0.08,1.0242468415937802
our_vol5,Our vol5 STNPP-GAT-MoGE-HCL-ZINB,105,2024-01-10,0.08,0.9957391019337921
our_vol5,Our vol5 STNPP-GAT-MoGE-HCL-ZINB,106,2024-01-24,0.08,0.9272851607020743
our_vol5,Our vol5 STNPP-GAT-MoGE-HCL-ZINB,107,2024-02-07,0.08,1.0338164251207729
our_vol5,Our vol5 STNPP-GAT-MoGE-HCL-ZINB,108,2024-02-21,0.08,0.9952387620781402
our_vol5,Our vol5 STNPP-GAT-MoGE-HCL-ZINB,109,2024-03-06,0.08,0.8879755996691481
our_vol5,Our vol5 STNPP-GAT-MoGE-HCL-ZINB,110,2024-03-20,0.08,0.9506666666666668
our_vol5,Our vol5 STNPP-GAT-MoGE-HCL-ZINB,111,2024-04-03,0.08,1.1605937921727396
our_vol5,Our vol5 STNPP-GAT-MoGE-HCL-ZINB,112,2024-04-17,0.08,1.0304437888393698
our_vol5,Our vol5 STNPP-GAT-MoGE-HCL-ZINB,113,2024-05-01,0.08,0.9991278562707133
our_vol5,Our vol5 STNPP-GAT-MoGE-HCL-ZINB,114,2024-05-15,0.08,0.8500435919790759
our_vol5,Our vol5 STNPP-GAT-MoGE-HCL-ZINB,115,2024-05-29,0.08,1.0673076923076923
our_vol5,Our vol5 STNPP-GAT-MoGE-HCL-ZINB,116,2024-06-12,0.08,1.0761014686248331
our_vol5,Our vol5 STNPP-GAT-MoGE-HCL-ZINB,117,2024-06-26,0.08,0.7260390161153519
our_vol5,Our vol5 STNPP-GAT-MoGE-HCL-ZINB,118,2024-07-10,0.08,1.28063086548488
our_vol5,Our vol5 STNPP-GAT-MoGE-HCL-ZINB,119,2024-07-24,0.08,1.0423913043478261
our_vol5,Our vol5 STNPP-GAT-MoGE-HCL-ZINB,120,2024-08-07,0.08,1.1430231057183426
our_vol5,Our vol5 STNPP-GAT-MoGE-HCL-ZINB,121,2024-08-21,0.08,0.9146399055489964
our_vol5,Our vol5 STNPP-GAT-MoGE-HCL-ZINB,122,2024-09-04,0.08,0.7836520434945632
our_vol5,Our vol5 STNPP-GAT-MoGE-HCL-ZINB,123,2024-09-18,0.08,1.2144305998261373
our_vol5,Our vol5 STNPP-GAT-MoGE-HCL-ZINB,124,2024-10-02,0.08,0.8706597222222222
our_vol5,Our vol5 STNPP-GAT-MoGE-HCL-ZINB,125,2024-10-16,0.08,1.0865298840321143
our_vol5,Our vol5 STNPP-GAT-MoGE-HCL-ZINB,126,2024-10-30,0.08,1.094014313597918
our_vol5,Our vol5 STNPP-GAT-MoGE-HCL-ZINB,127,2024-11-13,0.08,0.9702185792349727
our_vol5,Our vol5 STNPP-GAT-MoGE-HCL-ZINB,0,2020-01-01,0.09,1.0689700472937467
our_vol5,Our vol5 STNPP-GAT-MoGE-HCL-ZINB,1,2020-01-15,0.09,0.8914140044475782
our_vol5,Our vol5 STNPP-GAT-MoGE-HCL-ZINB,2,2020-01-29,0.09,0.8940066592674805
our_vol5,Our vol5 STNPP-GAT-MoGE-HCL-ZINB,3,2020-02-12,0.09,0.9238945578231292
our_vol5,Our vol5 STNPP-GAT-MoGE-HCL-ZINB,4,2020-02-26,0.09,1.167469382138434
our_vol5,Our vol5 STNPP-GAT-MoGE-HCL-ZINB,5,2020-03-11,0.09,0.8880606134669435
our_vol5,Our vol5 STNPP-GAT-MoGE-HCL-ZINB,6,2020-03-25,0.09,0.9146802437707321
our_vol5,Our vol5 STNPP-GAT-MoGE-HCL-ZINB,7,2020-04-08,0.09,1.1317979797979798
our_vol5,Our vol5 STNPP-GAT-MoGE-HCL-ZINB,8,2020-04-22,0.09,0.9618734923612974
our_vol5,Our vol5 STNPP-GAT-MoGE-HCL-ZINB,9,2020-05-06,0.09,0.8492626364966791
our_vol5,Our vol5 STNPP-GAT-MoGE-HCL-ZINB,10,2020-05-20,0.09,1.037748798901853
our_vol5,Our vol5 STNPP-GAT-MoGE-HCL-ZINB,11,2020-06-03,0.09,1.0801393728222997
our_vol5,Our vol5 STNPP-GAT-MoGE-HCL-ZINB,12,2020-06-17,0.09,0.7843819296491152
our_vol5,Our vol5 STNPP-GAT-MoGE-HCL-ZINB,13,2020-07-01,0.09,1.1643673630271973
our_vol5,Our vol5 STNPP-GAT-MoGE-HCL-ZINB,14,2020-07-15,0.09,0.9161490683229815
our_vol5,Our vol5 STNPP-GAT-MoGE-HCL-ZINB,15,2020-07-29,0.09,1.1079569892473118
our_vol5,Our vol5 STNPP-GAT-MoGE-HCL-ZINB,16,2020-08-12,0.09,0.8941872352855265
our_vol5,Our vol5 STNPP-GAT-MoGE-HCL-ZINB,17,2020-08-26,0.09,0.9282768513537744
our_vol5,Our vol5 STNPP-GAT-MoGE-HCL-ZINB,18,2020-09-09,0.09,1.0019195700163164
our_vol5,Our vol5 STNPP-GAT-MoGE-HCL-ZINB,19,2020-09-23,0.09,1.054054054054054
our_vol5,Our vol5 STNPP-GAT-MoGE-HCL-ZINB,20,2020-10-07,0.09,0.9996362578204568
our_vol5,Our vol5 STNPP-GAT-MoGE-HCL-ZINB,21,2020-10-21,0.09,0.8991387559808612
our_vol5,Our vol5 STNPP-GAT-MoGE-HCL-ZINB,22,2020-11-04,0.09,1.0910931174089067
our_vol5,Our vol5 STNPP-GAT-MoGE-HCL-ZINB,23,2020-11-18,0.09,1.0983856893542758
our_vol5,Our vol5 STNPP-GAT-MoGE-HCL-ZINB,24,2020-12-02,0.09,0.8972587598098817
our_vol5,Our vol5 STNPP-GAT-MoGE-HCL-ZINB,25,2020-12-16,0.09,1.0238095238095237
our_vol5,Our vol5 STNPP-GAT-MoGE-HCL-ZINB,26,2020-12-30,0.09,0.8915601023017902
our_vol5,Our vol5 STNPP-GAT-MoGE-HCL-ZINB,27,2021-01-13,0.09,1.2439024390243905
our_vol5,Our vol5 STNPP-GAT-MoGE-HCL-ZINB,28,2021-01-27,0.09,0.9518004501125281
our_vol5,Our vol5 STNPP-GAT-MoGE-HCL-ZINB,29,2021-02-10,0.09,0.9080721220527045
our_vol5,Our vol5 STNPP-GAT-MoGE-HCL-ZINB,30,2021-02-24,0.09,0.9600313479623824
our_vol5,Our vol5 STNPP-GAT-MoGE-HCL-ZINB,31,2021-03-10,0.09,1.0748299319727892
our_vol5,Our vol5 STNPP-GAT-MoGE-HCL-ZINB,32,2021-03-24,0.09,1.1134272300469483
our_vol5,Our vol5 STNPP-GAT-MoGE-HCL-ZINB,33,2021-04-07,0.09,0.9637029129174928
our_vol5,Our vol5 STNPP-GAT-MoGE-HCL-ZINB,34,2021-04-21,0.09,0.8197530864197531
our_vol5,Our vol5 STNPP-GAT-MoGE-HCL-ZINB,35,2021-05-05,0.09,1.0409902597402598
our_vol5,Our vol5 STNPP-GAT-MoGE-HCL-ZINB,36,2021-05-19,0.09,1.0195862068965516
our_vol5,Our vol5 STNPP-GAT-MoGE-HCL-ZINB,37,2021-06-02,0.09,1.0160160160160159
our_vol5,Our vol5 STNPP-GAT-MoGE-HCL-ZINB,38,2021-06-16,0.09,1.0584427261283942
our_vol5,Our vol5 STNPP-GAT-MoGE-HCL-ZINB,39,2021-06-30,0.09,0.9572868100466236
our_vol5,Our vol5 STNPP-GAT-MoGE-HCL-ZINB,40,2021-07-14,0.09,1.1068771547813465
our_vol5,Our vol5 STNPP-GAT-MoGE-HCL-ZINB,41,2021-07-28,0.09,1.0372670807453415
our_vol5,Our vol5 STNPP-GAT-MoGE-HCL-ZINB,42,2021-08-11,0.09,0.7740384615384617
our_vol5,Our vol5 STNPP-GAT-MoGE-HCL-ZINB,43,2021-08-25,0.09,1.0794088669950739
our_vol5,Our vol5 STNPP-GAT-MoGE-HCL-ZINB,44,2021-09-08,0.09,1.0611007462686568
our_vol5,Our vol5 STNPP-GAT-MoGE-HCL-ZINB,45,2021-09-22,0.09,0.9479395604395604
our_vol5,Our vol5 STNPP-GAT-MoGE-HCL-ZINB,46,2021-10-06,0.09,0.9501347708894878
our_vol5,Our vol5 STNPP-GAT-MoGE-HCL-ZINB,47,2021-10-20,0.09,1.1105527638190955
our_vol5,Our vol5 STNPP-GAT-MoGE-HCL-ZINB,48,2021-11-03,0.09,0.9345303867403314
our_vol5,Our vol5 STNPP-GAT-MoGE-HCL-ZINB,49,2021-11-17,0.09,0.8909111721611722
our_vol5,Our vol5 STNPP-GAT-MoGE-HCL-ZINB,50,2021-12-01,0.09,1.1027756939234807
our_vol5,Our vol5 STNPP-GAT-MoGE-HCL-ZINB,51,2021-12-15,0.09,0.8131615278416936
our_vol5,Our vol5 STNPP-GAT-MoGE-HCL-ZINB,52,2021-12-29,0.09,1.1464454976303318
our_vol5,Our vol5 STNPP-GAT-MoGE-HCL-ZINB,53,2022-01-12,0.09,0.8373015873015873
our_vol5,Our vol5 STNPP-GAT-MoGE-HCL-ZINB,54,2022-01-26,0.09,0.9901685393258426
our_vol5,Our vol5 STNPP-GAT-MoGE-HCL-ZINB,55,2022-02-09,0.09,1.1688015218769816
our_vol5,Our vol5 STNPP-GAT-MoGE-HCL-ZINB,56,2022-02-23,0.09,0.728549484309853
our_vol5,Our vol5 STNPP-GAT-MoGE-HCL-ZINB,57,2022-03-09,0.09,1.203276158822482
our_vol5,Our vol5 STNPP-GAT-MoGE-HCL-ZINB,58,2022-03-23,0.09,0.8651843512524628
our_vol5,Our vol5 STNPP-GAT-MoGE-HCL-ZINB,59,2022-04-06,0.09,0.9011759581881532
our_vol5,Our vol5 STNPP-GAT-MoGE-HCL-ZINB,60,2022-04-20,0.09,1.113642337685096
our_vol5,Our vol5 STNPP-GAT-MoGE-HCL-ZINB,61,2022-05-04,0.09,1.0266505148394913
our_vol5,Our vol5 STNPP-GAT-MoGE-HCL-ZINB,62,2022-05-18,0.09,0.8789889415481833
our_vol5,Our vol5 STNPP-GAT-MoGE-HCL-ZINB,63,2022-06-01,0.09,1.0752715121136174
our_vol5,Our vol5 STNPP-GAT-MoGE-HCL-ZINB,64,2022-06-15,0.09,0.9295431472081218
our_vol5,Our vol5 STNPP-GAT-MoGE-HCL-ZINB,65,2022-06-29,0.09,0.9666927219037693
our_vol5,Our vol5 STNPP-GAT-MoGE-HCL-ZINB,66,2022-07-13,0.09,1.080553807426054
our_vol5,Our vol5 STNPP-GAT-MoGE-HCL-ZINB,67,2022-07-27,0.09,0.9069194151649098
our_vol5,Our vol5 STNPP-GAT-MoGE-HCL-ZINB,68,2022-08-10,0.09,1.17687074829932
our_vol5,Our vol5 STNPP-GAT-MoGE-HCL-ZINB,69,2022-08-24,0.09,0.8983957219251336
our_vol5,Our vol5 STNPP-GAT-MoGE-HCL-ZINB,70,2022-09-07,0.09,0.9080357142857142
our_vol5,Our vol5 STNPP-GAT-MoGE-HCL-ZINB,71,2022-09-21,0.09,1.0643912737508796
our_vol5,Our vol5 STNPP-GAT-MoGE-HCL-ZINB,72,2022-10-05,0.09,0.98989898989899
our_vol5,Our vol5 STNPP-GAT-MoGE-HCL-ZINB,73,2022-10-19,0.09,1.0270942296150218
our_vol5,Our vol5 STNPP-GAT-MoGE-HCL-ZINB,74,2022-11-02,0.09,1.049721293199554
our_vol5,Our vol5 STNPP-GAT-MoGE-HCL-ZINB,75,2022-11-16,0.09,1.0078391959798996
our_vol5,Our vol5 STNPP-GAT-MoGE-HCL-ZINB,76,2022-11-30,0.09,1.0423809523809526
our_vol5,Our vol5 STNPP-GAT-MoGE-HCL-ZINB,77,2022-12-14,0.09,0.9351355611601513
our_vol5,Our vol5 STNPP-GAT-MoGE-HCL-ZINB,78,2022-12-28,0.09,1.2008616975441622
our_vol5,Our vol5 STNPP-GAT-MoGE-HCL-ZINB,79,2023-01-11,0.09,0.9134199134199134
our_vol5,Our vol5 STNPP-GAT-MoGE-HCL-ZINB,80,2023-01-25,0.09,0.9627234042553192
our_vol5,Our vol5 STNPP-GAT-MoGE-HCL-ZINB,81,2023-02-08,0.09,0.9903424056189641
our_vol5,Our vol5 STNPP-GAT-MoGE-HCL-ZINB,82,2023-02-22,0.09,0.9086977886977886
our_vol5,Our vol5 STNPP-GAT-MoGE-HCL-ZINB,83,2023-03-08,0.09,1.354204476709014
our_vol5,Our vol5 STNPP-GAT-MoGE-HCL-ZINB,84,2023-03-22,0.09,0.8952251420799533
our_vol5,Our vol5 STNPP-GAT-MoGE-HCL-ZINB,85,2023-04-05,0.09,1.0075567963034269
our_vol5,Our vol5 STNPP-GAT-MoGE-HCL-ZINB,86,2023-04-19,0.09,0.9546514091968638
our_vol5,Our vol5 STNPP-GAT-MoGE-HCL-ZINB,87,2023-05-03,0.09,0.897224306076519
our_vol5,Our vol5 STNPP-GAT-MoGE-HCL-ZINB,88,2023-05-17,0.09,1.103954868660751
our_vol5,Our vol5 STNPP-GAT-MoGE-HCL-ZINB,89,2023-05-31,0.09,0.9483585996291853
our_vol5,Our vol5 STNPP-GAT-MoGE-HCL-ZINB,90,2023-06-14,0.09,0.910235969387755
our_vol5,Our vol5 STNPP-GAT-MoGE-HCL-ZINB,91,2023-06-28,0.09,1.055733618233618
our_vol5,Our vol5 STNPP-GAT-MoGE-HCL-ZINB,92,2023-07-12,0.09,1.0010695187165775
our_vol5,Our vol5 STNPP-GAT-MoGE-HCL-ZINB,93,2023-07-26,0.09,1.1241758241758242
our_vol5,Our vol5 STNPP-GAT-MoGE-HCL-ZINB,94,2023-08-09,0.09,1.070516247846492
our_vol5,Our vol5 STNPP-GAT-MoGE-HCL-ZINB,95,2023-08-23,0.09,0.8200647249190939
our_vol5,Our vol5 STNPP-GAT-MoGE-HCL-ZINB,96,2023-09-06,0.09,1.3128506545551697
our_vol5,Our vol5 STNPP-GAT-MoGE-HCL-ZINB,97,2023-09-20,0.09,0.9307086614173228
our_vol5,Our vol5 STNPP-GAT-MoGE-HCL-ZINB,98,2023-10-04,0.09,1.0364145658263306
our_vol5,Our vol5 STNPP-GAT-MoGE-HCL-ZINB,99,2023-10-18,0.09,0.9615512927439532
our_vol5,Our vol5 STNPP-GAT-MoGE-HCL-ZINB,100,2023-11-01,0.09,1.044818652849741
our_vol5,Our vol5 STNPP-GAT-MoGE-HCL-ZINB,101,2023-11-15,0.09,1.0385650224215246
our_vol5,Our vol5 STNPP-GAT-MoGE-HCL-ZINB,102,2023-11-29,0.09,1.0305605247465712
our_vol5,Our vol5 STNPP-GAT-MoGE-HCL-ZINB,103,2023-12-13,0.09,0.9544771573604062
our_vol5,Our vol5 STNPP-GAT-MoGE-HCL-ZINB,104,2023-12-27,0.09,1.02354428009736
our_vol5,Our vol5 STNPP-GAT-MoGE-HCL-ZINB,105,2024-01-10,0.09,0.9988938053097344
our_vol5,Our vol5 STNPP-GAT-MoGE-HCL-ZINB,106,2024-01-24,0.09,0.9313415262344543
our_vol5,Our vol5 STNPP-GAT-MoGE-HCL-ZINB,107,2024-02-07,0.09,1.0783774779277029
our_vol5,Our vol5 STNPP-GAT-MoGE-HCL-ZINB,108,2024-02-21,0.09,0.9484434548023809
our_vol5,Our vol5 STNPP-GAT-MoGE-HCL-ZINB,109,2024-03-06,0.09,0.8867057673509287
our_vol5,Our vol5 STNPP-GAT-MoGE-HCL-ZINB,110,2024-03-20,0.09,0.9616326530612245
our_vol5,Our vol5 STNPP-GAT-MoGE-HCL-ZINB,111,2024-04-03,0.09,1.064327485380117
our_vol5,Our vol5 STNPP-GAT-MoGE-HCL-ZINB,112,2024-04-17,0.09,1.112775492663761
our_vol5,Our vol5 STNPP-GAT-MoGE-HCL-ZINB,113,2024-05-01,0.09,0.9845984598459846
our_vol5,Our vol5 STNPP-GAT-MoGE-HCL-ZINB,114,2024-05-15,0.09,0.8918918918918919
our_vol5,Our vol5 STNPP-GAT-MoGE-HCL-ZINB,115,2024-05-29,0.09,1.0656631504089131
our_vol5,Our vol5 STNPP-GAT-MoGE-HCL-ZINB,116,2024-06-12,0.09,1.0394600207684321
our_vol5,Our vol5 STNPP-GAT-MoGE-HCL-ZINB,117,2024-06-26,0.09,0.7529818702290076
our_vol5,Our vol5 STNPP-GAT-MoGE-HCL-ZINB,118,2024-07-10,0.09,1.2859300276868864
our_vol5,Our vol5 STNPP-GAT-MoGE-HCL-ZINB,119,2024-07-24,0.09,1.0232998885172797
our_vol5,Our vol5 STNPP-GAT-MoGE-HCL-ZINB,120,2024-08-07,0.09,1.1284070260448213
our_vol5,Our vol5 STNPP-GAT-MoGE-HCL-ZINB,121,2024-08-21,0.09,0.876341730558598
our_vol5,Our vol5 STNPP-GAT-MoGE-HCL-ZINB,122,2024-09-04,0.09,0.8661417322834646
our_vol5,Our vol5 STNPP-GAT-MoGE-HCL-ZINB,123,2024-09-18,0.09,1.1519274376417232
our_vol5,Our vol5 STNPP-GAT-MoGE-HCL-ZINB,124,2024-10-02,0.09,0.8472222222222222
our_vol5,Our vol5 STNPP-GAT-MoGE-HCL-ZINB,125,2024-10-16,0.09,1.0517826825127334
our_vol5,Our vol5 STNPP-GAT-MoGE-HCL-ZINB,126,2024-10-30,0.09,1.1119283658458585
our_vol5,Our vol5 STNPP-GAT-MoGE-HCL-ZINB,127,2024-11-13,0.09,0.9949762030671604
our_vol5,Our vol5 STNPP-GAT-MoGE-HCL-ZINB,0,2020-01-01,0.1,1.03242020608193
our_vol5,Our vol5 STNPP-GAT-MoGE-HCL-ZINB,1,2020-01-15,0.1,0.9572758712423516
our_vol5,Our vol5 STNPP-GAT-MoGE-HCL-ZINB,2,2020-01-29,0.1,0.932794249775382
our_vol5,Our vol5 STNPP-GAT-MoGE-HCL-ZINB,3,2020-02-12,0.1,0.9048273155416013
our_vol5,Our vol5 STNPP-GAT-MoGE-HCL-ZINB,4,2020-02-26,0.1,1.1453563159248779
our_vol5,Our vol5 STNPP-GAT-MoGE-HCL-ZINB,5,2020-03-11,0.1,0.8929200422684043
our_vol5,Our vol5 STNPP-GAT-MoGE-HCL-ZINB,6,2020-03-25,0.1,0.889334695068573
our_vol5,Our vol5 STNPP-GAT-MoGE-HCL-ZINB,7,2020-04-08,0.1,1.1175
our_vol5,Our vol5 STNPP-GAT-MoGE-HCL-ZINB,8,2020-04-22,0.1,1.0493705743509048
our_vol5,Our vol5 STNPP-GAT-MoGE-HCL-ZINB,9,2020-05-06,0.1,0.9035073364970273
our_vol5,Our vol5 STNPP-GAT-MoGE-HCL-ZINB,10,2020-05-20,0.1,0.9965880893300247
our_vol5,Our vol5 STNPP-GAT-MoGE-HCL-ZINB,11,2020-06-03,0.1,1.1014754591990366
our_vol5,Our vol5 STNPP-GAT-MoGE-HCL-ZINB,12,2020-06-17,0.1,0.8011141598071007
our_vol5,Our vol5 STNPP-GAT-MoGE-HCL-ZINB,13,2020-07-01,0.1,1.1655994978028876
our_vol5,Our vol5 STNPP-GAT-MoGE-HCL-ZINB,14,2020-07-15,0.1,0.9744494635798984
our_vol5,Our vol5 STNPP-GAT-MoGE-HCL-ZINB,15,2020-07-29,0.1,1.0387096774193547
our_vol5,Our vol5 STNPP-GAT-MoGE-HCL-ZINB,16,2020-08-12,0.1,0.9063050369848538
our_vol5,Our vol5 STNPP-GAT-MoGE-HCL-ZINB,17,2020-08-26,0.1,0.9567781615974387
our_vol5,Our vol5 STNPP-GAT-MoGE-HCL-ZINB,18,2020-09-09,0.1,1.0137114075179552
our_vol5,Our vol5 STNPP-GAT-MoGE-HCL-ZINB,19,2020-09-23,0.1,1.0263157894736843
our_vol5,Our vol5 STNPP-GAT-MoGE-HCL-ZINB,20,2020-10-07,0.1,1.0159798149705634
our_vol5,Our vol5 STNPP-GAT-MoGE-HCL-ZINB,21,2020-10-21,0.1,0.8874887488748875
our_vol5,Our vol5 STNPP-GAT-MoGE-HCL-ZINB,22,2020-11-04,0.1,1.0421052631578946
our_vol5,Our vol5 STNPP-GAT-MoGE-HCL-ZINB,23,2020-11-18,0.1,1.041687246863578
our_vol5,Our vol5 STNPP-GAT-MoGE-HCL-ZINB,24,2020-12-02,0.1,0.8780913126188966
our_vol5,Our vol5 STNPP-GAT-MoGE-HCL-ZINB,25,2020-12-16,0.1,1.0333333333333334
our_vol5,Our vol5 STNPP-GAT-MoGE-HCL-ZINB,26,2020-12-30,0.1,0.8520184544405998
our_vol5,Our vol5 STNPP-GAT-MoGE-HCL-ZINB,27,2021-01-13,0.1,1.2128418549346018
our_vol5,Our vol5 STNPP-GAT-MoGE-HCL-ZINB,28,2021-01-27,0.1,0.9337705305447241
our_vol5,Our vol5 STNPP-GAT-MoGE-HCL-ZINB,29,2021-02-10,0.1,0.8970904325032766
our_vol5,Our vol5 STNPP-GAT-MoGE-HCL-ZINB,30,2021-02-24,0.1,0.9618947628458497
our_vol5,Our vol5 STNPP-GAT-MoGE-HCL-ZINB,31,2021-03-10,0.1,0.9726443768996961
our_vol5,Our vol5 STNPP-GAT-MoGE-HCL-ZINB,32,2021-03-24,0.1,1.0712813466162832
our_vol5,Our vol5 STNPP-GAT-MoGE-HCL-ZINB,33,2021-04-07,0.1,0.9715900639595418
our_vol5,Our vol5 STNPP-GAT-MoGE-HCL-ZINB,34,2021-04-21,0.1,0.8674878686076894
our_vol5,Our vol5 STNPP-GAT-MoGE-HCL-ZINB,35,2021-05-05,0.1,1.0200090607067351
our_vol5,Our vol5 STNPP-GAT-MoGE-HCL-ZINB,36,2021-05-19,0.1,0.9469048608226007
our_vol5,Our vol5 STNPP-GAT-MoGE-HCL-ZINB,37,2021-06-02,0.1,1.019690576652602
our_vol5,Our vol5 STNPP-GAT-MoGE-HCL-ZINB,38,2021-06-16,0.1,1.0414221029683046
our_vol5,Our vol5 STNPP-GAT-MoGE-HCL-ZINB,39,2021-06-30,0.1,1.0290946684389308
our_vol5,Our vol5 STNPP-GAT-MoGE-HCL-ZINB,40,2021-07-14,0.1,1.1280380415639308
our_vol5,Our vol5 STNPP-GAT-MoGE-HCL-ZINB,41,2021-07-28,0.1,0.998490741278226
our_vol5,Our vol5 STNPP-GAT-MoGE-HCL-ZINB,42,2021-08-11,0.1,0.7960331893612186
our_vol5,Our vol5 STNPP-GAT-MoGE-HCL-ZINB,43,2021-08-25,0.1,1.0505683563748078
our_vol5,Our vol5 STNPP-GAT-MoGE-HCL-ZINB,44,2021-09-08,0.1,1.0708955223880596
our_vol5,Our vol5 STNPP-GAT-MoGE-HCL-ZINB,45,2021-09-22,0.1,0.9354880413703943
our_vol5,Our vol5 STNPP-GAT-MoGE-HCL-ZINB,46,2021-10-06,0.1,0.963302752293578
our_vol5,Our vol5 STNPP-GAT-MoGE-HCL-ZINB,47,2021-10-20,0.1,1.0921598282675513
our_vol5,Our vol5 STNPP-GAT-MoGE-HCL-ZINB,48,2021-11-03,0.1,0.9587182320441988
our_vol5,Our vol5 STNPP-GAT-MoGE-HCL-ZINB,49,2021-11-17,0.1,0.8735521235521235
our_vol5,Our vol5 STNPP-GAT-MoGE-HCL-ZINB,50,2021-12-01,0.1,1.0680480339062868
our_vol5,Our vol5 STNPP-GAT-MoGE-HCL-ZINB,51,2021-12-15,0.1,0.827023526872437
our_vol5,Our vol5 STNPP-GAT-MoGE-HCL-ZINB,52,2021-12-29,0.1,1.0975074600667016
our_vol5,Our vol5 STNPP-GAT-MoGE-HCL-ZINB,53,2022-01-12,0.1,0.9024250440917108
our_vol5,Our vol5 STNPP-GAT-MoGE-HCL-ZINB,54,2022-01-26,0.1,0.9471649484536082
our_vol5,Our vol5 STNPP-GAT-MoGE-HCL-ZINB,55,2022-02-09,0.1,1.1222712632709053
our_vol5,Our vol5 STNPP-GAT-MoGE-HCL-ZINB,56,2022-02-23,0.1,0.7496774193548387
our_vol5,Our vol5 STNPP-GAT-MoGE-HCL-ZINB,57,2022-03-09,0.1,1.1599413059427734
our_vol5,Our vol5 STNPP-GAT-MoGE-HCL-ZINB,58,2022-03-23,0.1,0.9091291866028709
our_vol5,Our vol5 STNPP-GAT-MoGE-HCL-ZINB,59,2022-04-06,0.1,0.9081369133019062
our_vol5,Our vol5 STNPP-GAT-MoGE-HCL-ZINB,60,2022-04-20,0.1,1.1230509903076273
our_vol5,Our vol5 STNPP-GAT-MoGE-HCL-ZINB,61,2022-05-04,0.1,1.0531065088757396
our_vol5,Our vol5 STNPP-GAT-MoGE-HCL-ZINB,62,2022-05-18,0.1,0.923685487181401
our_vol5,Our vol5 STNPP-GAT-MoGE-HCL-ZINB,63,2022-06-01,0.1,1.1335775335775335
our_vol5,Our vol5 STNPP-GAT-MoGE-HCL-ZINB,64,2022-06-15,0.1,0.9511909410386569
our_vol5,Our vol5 STNPP-GAT-MoGE-HCL-ZINB,65,2022-06-29,0.1,0.9669827152206747
our_vol5,Our vol5 STNPP-GAT-MoGE-HCL-ZINB,66,2022-07-13,0.1,1.0910553533805782
our_vol5,Our vol5 STNPP-GAT-MoGE-HCL-ZINB,67,2022-07-27,0.1,0.8870797036554587
our_vol5,Our vol5 STNPP-GAT-MoGE-HCL-ZINB,68,2022-08-10,0.1,1.1229476899579993
our_vol5,Our vol5 STNPP-GAT-MoGE-HCL-ZINB,69,2022-08-24,0.1,0.9079822616407981
our_vol5,Our vol5 STNPP-GAT-MoGE-HCL-ZINB,70,2022-09-07,0.1,0.9230769230769229
our_vol5,Our vol5 STNPP-GAT-MoGE-HCL-ZINB,71,2022-09-21,0.1,1.1035842908592008
our_vol5,Our vol5 STNPP-GAT-MoGE-HCL-ZINB,72,2022-10-05,0.1,0.937799043062201
our_vol5,Our vol5 STNPP-GAT-MoGE-HCL-ZINB,73,2022-10-19,0.1,1.0226266601082146
our_vol5,Our vol5 STNPP-GAT-MoGE-HCL-ZINB,74,2022-11-02,0.1,1.0429873772791023
our_vol5,Our vol5 STNPP-GAT-MoGE-HCL-ZINB,75,2022-11-16,0.1,0.964534904739525
our_vol5,Our vol5 STNPP-GAT-MoGE-HCL-ZINB,76,2022-11-30,0.1,1.0556808688387636
our_vol5,Our vol5 STNPP-GAT-MoGE-HCL-ZINB,77,2022-12-14,0.1,0.9386268028846153
our_vol5,Our vol5 STNPP-GAT-MoGE-HCL-ZINB,78,2022-12-28,0.1,1.1727406438960615
our_vol5,Our vol5 STNPP-GAT-MoGE-HCL-ZINB,79,2023-01-11,0.1,0.9281118697478992
our_vol5,Our vol5 STNPP-GAT-MoGE-HCL-ZINB,80,2023-01-25,0.1,0.9336297237218165
our_vol5,Our vol5 STNPP-GAT-MoGE-HCL-ZINB,81,2023-02-08,0.1,1.0342518178339075
our_vol5,Our vol5 STNPP-GAT-MoGE-HCL-ZINB,82,2023-02-22,0.1,0.9100485100485101
our_vol5,Our vol5 STNPP-GAT-MoGE-HCL-ZINB,83,2023-03-08,0.1,1.2848616386326641
our_vol5,Our vol5 STNPP-GAT-MoGE-HCL-ZINB,84,2023-03-22,0.1,0.8803559959629323
our_vol5,Our vol5 STNPP-GAT-MoGE-HCL-ZINB,85,2023-04-05,0.1,0.9714734950584006
our_vol5,Our vol5 STNPP-GAT-MoGE-HCL-ZINB,86,2023-04-19,0.1,0.9630526953361599
our_vol5,Our vol5 STNPP-GAT-MoGE-HCL-ZINB,87,2023-05-03,0.1,0.8934081346423564
our_vol5,Our vol5 STNPP-GAT-MoGE-HCL-ZINB,88,2023-05-17,0.1,1.0042163718634307
our_vol5,Our vol5 STNPP-GAT-MoGE-HCL-ZINB,89,2023-05-31,0.1,0.9908477842003853
our_vol5,Our vol5 STNPP-GAT-MoGE-HCL-ZINB,90,2023-06-14,0.1,0.8999599839935973
our_vol5,Our vol5 STNPP-GAT-MoGE-HCL-ZINB,91,2023-06-28,0.1,1.1052956207595381
our_vol5,Our vol5 STNPP-GAT-MoGE-HCL-ZINB,92,2023-07-12,0.1,0.9664797182731185
our_vol5,Our vol5 STNPP-GAT-MoGE-HCL-ZINB,93,2023-07-26,0.1,1.088888888888889
our_vol5,Our vol5 STNPP-GAT-MoGE-HCL-ZINB,94,2023-08-09,0.1,1.0530721580445337
our_vol5,Our vol5 STNPP-GAT-MoGE-HCL-ZINB,95,2023-08-23,0.1,0.8680436847103514
our_vol5,Our vol5 STNPP-GAT-MoGE-HCL-ZINB,96,2023-09-06,0.1,1.2698046454391634
our_vol5,Our vol5 STNPP-GAT-MoGE-HCL-ZINB,97,2023-09-20,0.1,0.9236630036630037
our_vol5,Our vol5 STNPP-GAT-MoGE-HCL-ZINB,98,2023-10-04,0.1,1.0304659498207884
our_vol5,Our vol5 STNPP-GAT-MoGE-HCL-ZINB,99,2023-10-18,0.1,0.9336626676076216
our_vol5,Our vol5 STNPP-GAT-MoGE-HCL-ZINB,100,2023-11-01,0.1,1.014815414507772
our_vol5,Our vol5 STNPP-GAT-MoGE-HCL-ZINB,101,2023-11-15,0.1,0.9783583544550593
our_vol5,Our vol5 STNPP-GAT-MoGE-HCL-ZINB,102,2023-11-29,0.1,1.0479323308270676
our_vol5,Our vol5 STNPP-GAT-MoGE-HCL-ZINB,103,2023-12-13,0.1,0.9367581390023282
our_vol5,Our vol5 STNPP-GAT-MoGE-HCL-ZINB,104,2023-12-27,0.1,1.0138420585625554
our_vol5,Our vol5 STNPP-GAT-MoGE-HCL-ZINB,105,2024-01-10,0.1,1.0422294674739947
our_vol5,Our vol5 STNPP-GAT-MoGE-HCL-ZINB,106,2024-01-24,0.1,0.9299762867903473
our_vol5,Our vol5 STNPP-GAT-MoGE-HCL-ZINB,107,2024-02-07,0.1,1.0256115328579096
our_vol5,Our vol5 STNPP-GAT-MoGE-HCL-ZINB,108,2024-02-21,0.1,0.9796417934804782
our_vol5,Our vol5 STNPP-GAT-MoGE-HCL-ZINB,109,2024-03-06,0.1,0.9274431439718336
our_vol5,Our vol5 STNPP-GAT-MoGE-HCL-ZINB,110,2024-03-20,0.1,0.9657692307692308
our_vol5,Our vol5 STNPP-GAT-MoGE-HCL-ZINB,111,2024-04-03,0.1,1.0635964912280702
our_vol5,Our vol5 STNPP-GAT-MoGE-HCL-ZINB,112,2024-04-17,0.1,1.1382384405087365
our_vol5,Our vol5 STNPP-GAT-MoGE-HCL-ZINB,113,2024-05-01,0.1,0.9288766788766788
our_vol5,Our vol5 STNPP-GAT-MoGE-HCL-ZINB,114,2024-05-15,0.1,0.9567567567567568
our_vol5,Our vol5 STNPP-GAT-MoGE-HCL-ZINB,115,2024-05-29,0.1,1.0561733348618594
our_vol5,Our vol5 STNPP-GAT-MoGE-HCL-ZINB,116,2024-06-12,0.1,1.0949217430469542
our_vol5,Our vol5 STNPP-GAT-MoGE-HCL-ZINB,117,2024-06-26,0.1,0.7436481713569556
our_vol5,Our vol5 STNPP-GAT-MoGE-HCL-ZINB,118,2024-07-10,0.1,1.1952554744525548
our_vol5,Our vol5 STNPP-GAT-MoGE-HCL-ZINB,119,2024-07-24,0.1,1.0190675746464117
our_vol5,Our vol5 STNPP-GAT-MoGE-HCL-ZINB,120,2024-08-07,0.1,1.1154855643044619
our_vol5,Our vol5 STNPP-GAT-MoGE-HCL-ZINB,121,2024-08-21,0.1,0.8964705882352941
our_vol5,Our vol5 STNPP-GAT-MoGE-HCL-ZINB,122,2024-09-04,0.1,0.8919967093665532
our_vol5,Our vol5 STNPP-GAT-MoGE-HCL-ZINB,123,2024-09-18,0.1,1.1319073083778965
our_vol5,Our vol5 STNPP-GAT-MoGE-HCL-ZINB,124,2024-10-02,0.1,0.8380281690140845
our_vol5,Our vol5 STNPP-GAT-MoGE-HCL-ZINB,125,2024-10-16,0.1,1.0526315789473684
our_vol5,Our vol5 STNPP-GAT-MoGE-HCL-ZINB,126,2024-10-30,0.1,1.0925426774483378
our_vol5,Our vol5 STNPP-GAT-MoGE-HCL-ZINB,127,2024-11-13,0.1,0.9596280890628824
